{
   "type": "FeatureCollection",
   "features": [
  {
    "type": "Feature",
    "geometry": {
       "type": "Point",
       "coordinates":  [ 121.444407,25.092867 ]
    },
    "properties": {
    "#":1,
    "建築物名稱":"華彥新北市五股成功段新建工程",
    "建築物概要":"地下3層，地上14層鋼筋混凝土構造辦公廳及住宿類建築",
    "認可版本":"2015年版EEWH-RS",
    "認可等級":"銀級",
    "rank":3,
    "有效期間":"2031年3月16日",
    "valid":"1",
    "認可類別":"標示",
    "設計人":"謝佑祥建築師事務所",
    "行政區":"新北市",
    "ditrict":"五股區",
    "地號":"新北市五股區成功段764地號辦公廳及住宿類建築",
    "建築物使用類別":"住宿類建築"
    }
  },
  {
    "type": "Feature",
    "geometry": {
       "type": "Point",
       "coordinates":  [ 121.428881,25.198783 ]
    },
    "properties": {
    "#":2,
    "建築物名稱":"淡水區崁頂市民活動中心暨公共化幼兒園新建工程",
    "建築物概要":"地上3層鋼筋混凝土構造空調型(文教及照護分區)建築",
    "認可版本":"2019年版EEWH-BC(M)",
    "認可等級":"合格級",
    "rank":1,
    "有效期間":"2031年2月25日",
    "valid":"1",
    "認可類別":"標示",
    "設計人":"吳坤霖建築師事務所",
    "行政區":"新北市",
    "ditrict":"淡水區",
    "地號":"新北市淡水區淡海段47地號空調型(文教及照護分區)建築",
    "建築物使用類別":"辦公廳類建築"
    }
  },
  {
    "type": "Feature",
    "geometry": {
       "type": "Point",
       "coordinates":  [ 121.378817,25.091171 ]
    },
    "properties": {
    "#":3,
    "建築物名稱":"聿瑞林口麗林547集合住宅新建工程",
    "建築物概要":"地下2層，地上12層鋼筋混凝土構造住宿類建築",
    "認可版本":"2015年版EEWH-RS",
    "認可等級":"合格級",
    "rank":1,
    "有效期間":"2031年2月11日",
    "valid":"1",
    "認可類別":"標示",
    "設計人":"廖錦盈建築師事務所",
    "行政區":"新北市",
    "ditrict":"林口區",
    "地號":"新北市林口區麗林段547地號等5筆住宿類建築",
    "建築物使用類別":"住宿類建築"
    }
  },
  {
    "type": "Feature",
    "geometry": {
       "type": "Point",
       "coordinates":  [ 121.525116,24.977146 ]
    },
    "properties": {
    "#":4,
    "建築物名稱":"新北市新店區中央段781、796-2地號新建工程",
    "建築物概要":"地下1層，地上7層鋼筋混凝土構造住宿類建築",
    "認可版本":"2019年版EEWH-RS",
    "認可等級":"銀級",
    "rank":3,
    "有效期間":"2031年2月11日",
    "valid":"1",
    "認可類別":"標示",
    "設計人":"周英哲建築師事務所",
    "行政區":"新北市",
    "ditrict":"新店區",
    "地號":"新北市新店區中央段781地號等2筆住宿類建築",
    "建築物使用類別":"住宿類建築"
    }
  },
  {
    "type": "Feature",
    "geometry": {
       "type": "Point",
       "coordinates":  [ 121.529051,24.980228 ]
    },
    "properties": {
    "#":5,
    "建築物名稱":"江陵建設股份有限公司新店區斯馨段(二期)住宅新建工程",
    "建築物概要":"地下5層，地上24層鋼骨構造辦公廳及住宿類建築",
    "認可版本":"2015年版EEWH-RS",
    "認可等級":"黃金級",
    "rank":4,
    "有效期間":"2031年2月8日",
    "valid":"1",
    "認可類別":"標示",
    "設計人":"大哲聯合建築師事務所",
    "行政區":"新北市",
    "ditrict":"新店區",
    "地號":"新北市新店區斯馨段25地號辦公廳及住宿類建築",
    "建築物使用類別":"住宿類建築"
    }
  },
  {
    "type": "Feature",
    "geometry": {
       "type": "Point",
       "coordinates":  [ 121.494951,24.99355 ]
    },
    "properties": {
    "#":6,
    "建築物名稱":"國泰人壽中和大樓",
    "建築物概要":"地下1層，地上6層鋼筋混凝土造空調型(辦公分區)建築",
    "認可版本":"2022年版EEWH-EB",
    "認可等級":"鑽石級",
    "rank":5,
    "有效期間":"2031年2月4日",
    "valid":"1",
    "認可類別":"標示",
    "設計人":"林序予建築師事務所",
    "行政區":"新北市",
    "ditrict":"中和區",
    "地號":"新北市中和區錦和段0101地號空調型(辦公分區)建築",
    "建築物使用類別":"辦公廳類建築"
    }
  },
  {
    "type": "Feature",
    "geometry": {
       "type": "Point",
       "coordinates":  [ 121.412936,25.185838 ]
    },
    "properties": {
    "#":7,
    "建築物名稱":"忠莊營區射擊訓練靶場興建統包工程",
    "建築物概要":"地下1層，地上1層鋼筋混凝土、鋼骨鋼筋混凝土及鋼骨造大型空間類建築",
    "認可版本":"2023年版EEWH-BC",
    "認可等級":"合格級",
    "rank":1,
    "有效期間":"2031年2月3日",
    "valid":"1",
    "認可類別":"標示",
    "設計人":"張文滋建築師事務所",
    "行政區":"新北市",
    "ditrict":"淡水區",
    "地號":"淡水區望高樓段785、785-1、786、787、788、789、790及791地號等8筆土地大型空間類建築",
    "建築物使用類別":"大型空間類建築"
    }
  },
  {
    "type": "Feature",
    "geometry": {
       "type": "Point",
       "coordinates":  [ 121.374376,25.07302 ]
    },
    "properties": {
    "#":8,
    "建築物名稱":"國家檔案館新建工程",
    "建築物概要":"地下2層，地上10層鋼筋混凝土構造辦公廳及大型空間類建築",
    "認可版本":"2015年版EEWH-BC",
    "認可等級":"鑽石級",
    "rank":5,
    "有效期間":"2031年2月2日",
    "valid":"1",
    "認可類別":"標示",
    "設計人":"九典聯合建築師事務所",
    "行政區":"新北市",
    "ditrict":"林口區",
    "地號":"新北市林口區國宅段0020-0000地號辦公廳及大型空間類建築",
    "建築物使用類別":"辦公廳類建築"
    }
  },
  {
    "type": "Feature",
    "geometry": {
       "type": "Point",
       "coordinates":  [ 121.393718,25.077079 ]
    },
    "properties": {
    "#":9,
    "建築物名稱":"林口區行政段228地號等1筆土地中正路郵局新建工程",
    "建築物概要":"地下1層，地上5層鋼筋混凝土構造辦公廳類建築",
    "認可版本":"2015年版EEWH-BC",
    "認可等級":"合格級",
    "rank":1,
    "有效期間":"2031年1月29日",
    "valid":"1",
    "認可類別":"標示",
    "設計人":"周弘誠建築師事務所",
    "行政區":"新北市",
    "ditrict":"林口區",
    "地號":"新北市林口區行政段228地號辦公廳類建築",
    "建築物使用類別":"辦公廳類建築"
    }
  },
  {
    "type": "Feature",
    "geometry": {
       "type": "Point",
       "coordinates":  [ 121.452871,25.059322 ]
    },
    "properties": {
    "#":10,
    "建築物名稱":"新北市新莊區副都心段一小段21地號綜合大樓新建工程",
    "建築物概要":"地下5層，地上23層鋼筋混凝土構造辦公廳、旅館餐飲及住宿類建築",
    "認可版本":"2015年版EEWH-RS",
    "認可等級":"黃金級",
    "rank":4,
    "有效期間":"2031年1月29日",
    "valid":"1",
    "認可類別":"標示",
    "設計人":"陳廷杰建築師事務所",
    "行政區":"新北市",
    "ditrict":"新莊區",
    "地號":"新北市新莊區副都心段一小段21地號辦公廳、旅館餐飲及住宿類建築",
    "建築物使用類別":"住宿類建築"
    }
  },
  {
    "type": "Feature",
    "geometry": {
       "type": "Point",
       "coordinates":  [ 121.471174,25.013784 ]
    },
    "properties": {
    "#":11,
    "建築物名稱":"馥御建設股份有限公司板橋區中山段247地號等4筆住商大樓新建工程",
    "建築物概要":"地下5層，地上46層鋼骨構造辦公廳、百貨商場、旅館餐飲及住宿類建築",
    "認可版本":"2009年版",
    "認可等級":"黃金級",
    "rank":4,
    "有效期間":"2031年1月28日",
    "valid":"1",
    "認可類別":"標示",
    "設計人":"三門聯合建築師事務所",
    "行政區":"新北市",
    "ditrict":"板橋區",
    "地號":"新北市板橋區中山段247地號等4筆辦公廳、百貨商場、旅館餐飲及住宿類建築",
    "建築物使用類別":"住宿類建築"
    }
  },
  {
    "type": "Feature",
    "geometry": {
       "type": "Point",
       "coordinates":  [ 121.410387,25.158323 ]
    },
    "properties": {
    "#":12,
    "建築物名稱":"永雄建設新北市八里區中山段集合住宅新建工程",
    "建築物概要":"地下3層，地上13層鋼筋混凝土構造住宿類建築",
    "認可版本":"2015年版EEWH-RS",
    "認可等級":"黃金級",
    "rank":4,
    "有效期間":"2031年1月26日",
    "valid":"1",
    "認可類別":"標示",
    "設計人":"台北國際聯合建築師事務所",
    "行政區":"新北市",
    "ditrict":"八里區",
    "地號":"新北市八里區中山段549地號等2筆住宿類建築",
    "建築物使用類別":"住宿類建築"
    }
  },
  {
    "type": "Feature",
    "geometry": {
       "type": "Point",
       "coordinates":  [ 121.372228,25.079816 ]
    },
    "properties": {
    "#":13,
    "建築物名稱":"遇見",
    "建築物概要":"地下4層，地上15層鋼筋混凝土構造住宿類建築",
    "認可版本":"2015年版EEWH-RS",
    "認可等級":"合格級",
    "rank":1,
    "有效期間":"2031年1月21日",
    "valid":"1",
    "認可類別":"標示",
    "設計人":"廖錦盈建築師事務所",
    "行政區":"新北市",
    "ditrict":"林口區",
    "地號":"新北市林口區力行段598地號住宿類建築",
    "建築物使用類別":"住宿類建築"
    }
  },
  {
    "type": "Feature",
    "geometry": {
       "type": "Point",
       "coordinates":  [ 121.415557,25.047947 ]
    },
    "properties": {
    "#":14,
    "建築物名稱":"南亞科技5A廠研發大樓新建專案",
    "建築物概要":"地下1層，地上6層鋼筋混凝土構造空調型(辦公分區)及其他類建築",
    "認可版本":"2019年版EEWH-BC(M)",
    "認可等級":"銀級",
    "rank":3,
    "有效期間":"2031年1月21日",
    "valid":"1",
    "認可類別":"標示",
    "設計人":"宗邁建築師事務所",
    "行政區":"新北市",
    "ditrict":"泰山區",
    "地號":"新北市泰山區南林段0208地號空調型(辦公分區)及其他類建築",
    "建築物使用類別":"辦公廳類建築"
    }
  },
  {
    "type": "Feature",
    "geometry": {
       "type": "Point",
       "coordinates":  [ 121.475347,25.049818 ]
    },
    "properties": {
    "#":15,
    "建築物名稱":"新北市三重區興穀國民小學操場興建地下停車場統包工程",
    "建築物概要":"地下2層，地上4層鋼筋混凝土構造學校及其他類建築",
    "認可版本":"2015年版EEWH-BC",
    "認可等級":"合格級",
    "rank":1,
    "有效期間":"2031年1月21日",
    "valid":"1",
    "認可類別":"標示",
    "設計人":"李宜忠建築師事務所 郭恆成建築師事務所",
    "行政區":"新北市",
    "ditrict":"三重區",
    "地號":"新北市三重區五谷王段305地號等3筆學校及其他類建築",
    "建築物使用類別":"學校類建築"
    }
  },
  {
    "type": "Feature",
    "geometry": {
       "type": "Point",
       "coordinates":  [ 121.414197,25.023731 ]
    },
    "properties": {
    "#":17,
    "建築物名稱":"方圓開發建設新莊區雙鳳段店鋪集合住宅新建工程",
    "建築物概要":"地下4層，地上14層鋼筋混凝土構造辦公廳及住宿類建築",
    "認可版本":"2015年版EEWH-RS",
    "認可等級":"銀級",
    "rank":3,
    "有效期間":"2031年1月6日",
    "valid":"1",
    "認可類別":"標示",
    "設計人":"蔡仁捷建築師事務所",
    "行政區":"新北市",
    "ditrict":"新莊區",
    "地號":"新北市新莊區雙鳳段194地號等8筆辦公廳及住宿類建築",
    "建築物使用類別":"住宿類建築"
    }
  },
  {
    "type": "Feature",
    "geometry": {
       "type": "Point",
       "coordinates":  [ 121.44974,24.978821 ]
    },
    "properties": {
    "#":18,
    "建築物名稱":"新北市土城區明德段65地號集合住宅新建工程",
    "建築物概要":"地下4層，地上15層鋼筋混凝土構造辦公廳及住宿類建築",
    "認可版本":"2015年版EEWH-RS",
    "認可等級":"鑽石級",
    "rank":5,
    "有效期間":"2031年1月6日",
    "valid":"1",
    "認可類別":"標示",
    "設計人":"彭繼賢建築師事務所",
    "行政區":"新北市",
    "ditrict":"土城區",
    "地號":"新北市土城區明德段65地號辦公廳及住宿類建築",
    "建築物使用類別":"住宿類建築"
    }
  },
  {
    "type": "Feature",
    "geometry": {
       "type": "Point",
       "coordinates":  [ 121.477359,25.048704 ]
    },
    "properties": {
    "#":19,
    "建築物名稱":"勝旺建設新北市三重區五谷王段357地號等1筆土地集合住宅新建工程",
    "建築物概要":"地下4層，地上15層鋼筋混凝土構造住宿類建築",
    "認可版本":"2012年版EEWH-RS",
    "認可等級":"銀級",
    "rank":3,
    "有效期間":"2031年1月6日",
    "valid":"1",
    "認可類別":"標示",
    "設計人":"蔡智勸建築師事務所",
    "行政區":"新北市",
    "ditrict":"三重區",
    "地號":"新北市三重區五谷王段357地號住宿類建築",
    "建築物使用類別":"住宿類建築"
    }
  },
  {
    "type": "Feature",
    "geometry": {
       "type": "Point",
       "coordinates":  [ 121.454108,25.249014 ]
    },
    "properties": {
    "#":20,
    "建築物名稱":"國家中山科學研究院新北P040新建工程",
    "建築物概要":"地上3層鋼筋混凝土造空調型(辦公、餐飲分區)、住宿及其他類建築",
    "認可版本":"2023年版EEWH-BC",
    "認可等級":"合格級",
    "rank":1,
    "有效期間":"2031年1月5日",
    "valid":"1",
    "認可類別":"標示",
    "設計人":"王騰建築師事務所",
    "行政區":"新北市",
    "ditrict":"三芝區",
    "地號":"新北市三芝區芝蘭段1441~1444、1446~1449、1451、1455、1456、1459~1464、1467~1469、1471、1472、1475~1484、1488、1489、1491~1",
    "建築物使用類別":"辦公廳類建築"
    }
  },
  {
    "type": "Feature",
    "geometry": {
       "type": "Point",
       "coordinates":  [ 121.417513,25.028835 ]
    },
    "properties": {
    "#":21,
    "建築物名稱":"新莊合鳳129住宅大樓新建工程",
    "建築物概要":"地下6層，地上24層鋼筋混凝土構造，鋼骨鋼筋混凝土構造住宿類建築",
    "認可版本":"2012年版EEWH-RS",
    "認可等級":"銀級",
    "rank":3,
    "有效期間":"2030年12月29日",
    "valid":"1",
    "認可類別":"標示",
    "設計人":"台北國際聯合建築師事務所",
    "行政區":"新北市",
    "ditrict":"新莊區",
    "地號":"新北市新莊區合鳳段0129-0000地號等3筆住宿類建築",
    "建築物使用類別":"住宿類建築"
    }
  },
  {
    "type": "Feature",
    "geometry": {
       "type": "Point",
       "coordinates":  [ 121.461726,25.058285 ]
    },
    "properties": {
    "#":22,
    "建築物名稱":"新莊區中原段65等1筆地號集合住宅新建工程",
    "建築物概要":"地下4層，地上14層鋼筋混凝土構造住宿類建築",
    "認可版本":"2015年版EEWH-RS",
    "認可等級":"合格級",
    "rank":1,
    "有效期間":"2030年12月15日",
    "valid":"1",
    "認可類別":"標示",
    "設計人":"蔡智勸建築師事務所",
    "行政區":"新北市",
    "ditrict":"新莊區",
    "地號":"新北市新莊區中原段65地號住宿類建築",
    "建築物使用類別":"住宿類建築"
    }
  },
  {
    "type": "Feature",
    "geometry": {
       "type": "Point",
       "coordinates":  [ 121.377295,24.94804 ]
    },
    "properties": {
    "#":23,
    "建築物名稱":"光世代建設開發股份有限公司新北樹林北大特區商業建築新建工程",
    "建築物概要":"地下1層，地上2層鋼筋混凝土構造空調型(商場分區)建築",
    "認可版本":"2023年版EEWH-BC",
    "認可等級":"銀級",
    "rank":3,
    "有效期間":"2030年12月11日",
    "valid":"1",
    "認可類別":"標示",
    "設計人":"王德生建築師事務所",
    "行政區":"新北市",
    "ditrict":"樹林區",
    "地號":"新北市樹林區大學段二小段3地號空調型(商場分區)建築",
    "建築物使用類別":"百貨商場類建築"
    }
  },
  {
    "type": "Feature",
    "geometry": {
       "type": "Point",
       "coordinates":  [ 121.473264,25.04981 ]
    },
    "properties": {
    "#":24,
    "建築物名稱":"春源鋼鐵三重廠房新建工程",
    "建築物概要":"地下3層，地上15層鋼骨鋼筋混凝土構造大型空間類建築",
    "認可版本":"2012年版EEWH-GF",
    "認可等級":"黃金級",
    "rank":4,
    "有效期間":"2030年12月4日",
    "valid":"1",
    "認可類別":"標示",
    "設計人":"侯秋雄建築師事務所",
    "行政區":"新北市",
    "ditrict":"三重區",
    "地號":"新北市三重區興德段724地號等4筆大型空間類建築",
    "建築物使用類別":"大型空間類建築"
    }
  },
  {
    "type": "Feature",
    "geometry": {
       "type": "Point",
       "coordinates":  [ 121.486926,25.049481 ]
    },
    "properties": {
    "#":25,
    "建築物名稱":"新北市三重區三重段406、407地號等2筆集合住宅新建工程",
    "建築物概要":"地下3層，地上15層鋼筋混凝土構造住宿類建築",
    "認可版本":"2015年版EEWH-RS",
    "認可等級":"合格級",
    "rank":1,
    "有效期間":"2030年12月3日",
    "valid":"1",
    "認可類別":"標示",
    "設計人":"向登群建築師事務所",
    "行政區":"新北市",
    "ditrict":"三重區",
    "地號":"新北市三重區三重段406地號等2筆住宿類建築",
    "建築物使用類別":"住宿類建築"
    }
  },
  {
    "type": "Feature",
    "geometry": {
       "type": "Point",
       "coordinates":  [ 121.799533,25.076135 ]
    },
    "properties": {
    "#":26,
    "建築物名稱":"新北市瑞芳動物之家建築物新建暨景觀改善工程",
    "建築物概要":"地上2層鋼筋混凝土構造空調型(照護分區)建築",
    "認可版本":"2019年版EEWH-BC(M)",
    "認可等級":"合格級",
    "rank":1,
    "有效期間":"2030年12月3日",
    "valid":"1",
    "認可類別":"標示",
    "設計人":"陳威翰建築師事務所",
    "行政區":"新北市",
    "ditrict":"瑞芳區",
    "地號":"新北市瑞芳區三爪子段中坑小段81-1地號空調型(照護分區)建築",
    "建築物使用類別":"辦公廳類建築"
    }
  },
  {
    "type": "Feature",
    "geometry": {
       "type": "Point",
       "coordinates":  [ 121.444024,25.055251 ]
    },
    "properties": {
    "#":27,
    "建築物名稱":"中悅建設股份有限公司新北市新莊區新莊副都心段一小段421等4筆地號大樓新建工程",
    "建築物概要":"地下5層，地上29層鋼骨鋼筋混凝土構造，鋼骨構造辦公廳及旅館餐飲類建築",
    "認可版本":"2015年版EEWH-BC",
    "認可等級":"銀級",
    "rank":3,
    "有效期間":"2030年11月19日",
    "valid":"1",
    "認可類別":"標示",
    "設計人":"蕭家福聯合建築師事務所",
    "行政區":"新北市",
    "ditrict":"新莊區",
    "地號":"新北市新莊區副都心段一小段421地號辦公廳及旅館餐飲類建築",
    "建築物使用類別":"辦公廳類建築"
    }
  },
  {
    "type": "Feature",
    "geometry": {
       "type": "Point",
       "coordinates":  [ 121.447411,24.97895 ]
    },
    "properties": {
    "#":28,
    "建築物名稱":"土城明德段109地號集合住宅新建工程(皇翔芊樾)",
    "建築物概要":"地下4層，地上13層鋼筋混凝土構造住宿類建築",
    "認可版本":"2015年版EEWH-RS",
    "認可等級":"鑽石級",
    "rank":5,
    "有效期間":"2030年11月12日",
    "valid":"1",
    "認可類別":"標示",
    "設計人":"呂建勳建築師事務所",
    "行政區":"新北市",
    "ditrict":"土城區",
    "地號":"新北市土城區明德段109地號住宿類建築",
    "建築物使用類別":"住宿類建築"
    }
  },
  {
    "type": "Feature",
    "geometry": {
       "type": "Point",
       "coordinates":  [ 121.476138,25.066069 ]
    },
    "properties": {
    "#":29,
    "建築物名稱":"新北市三重區三重段90地號共一筆土地集合住宅新建工程",
    "建築物概要":"地下4層，地上24層鋼筋混凝土構造住宿類建築",
    "認可版本":"2023年版EEWH-RS",
    "認可等級":"合格級",
    "rank":1,
    "有效期間":"2030年11月12日",
    "valid":"1",
    "認可類別":"標示",
    "設計人":"蕭家福聯合建築師事務所",
    "行政區":"新北市",
    "ditrict":"三重區",
    "地號":"新北市三重區三重段90地號住宿類建築",
    "建築物使用類別":"住宿類建築"
    }
  },
  {
    "type": "Feature",
    "geometry": {
       "type": "Point",
       "coordinates":  [ 121.477322,25.052467 ]
    },
    "properties": {
    "#":30,
    "建築物名稱":"潤泰左岸生活",
    "建築物概要":"地下3層，地上18層鋼筋混凝土構造住宿類建築",
    "認可版本":"2012年版EEWH-RS",
    "認可等級":"黃金級",
    "rank":4,
    "有效期間":"2030年11月12日",
    "valid":"1",
    "認可類別":"標示",
    "設計人":"鑄力聯合建築師事務所",
    "行政區":"新北市",
    "ditrict":"三重區",
    "地號":"新北市三重區五谷王段200地號住宿類建築",
    "建築物使用類別":"住宿類建築"
    }
  },
  {
    "type": "Feature",
    "geometry": {
       "type": "Point",
       "coordinates":  [ 121.48017,25.062941 ]
    },
    "properties": {
    "#":31,
    "建築物名稱":"久年置地新北市三重區三重段集合住宅新建工程",
    "建築物概要":"地下3層，地上14層鋼筋混凝土構造住宿類建築",
    "認可版本":"2015年版EEWH-RS",
    "認可等級":"合格級",
    "rank":1,
    "有效期間":"2030年11月12日",
    "valid":"1",
    "認可類別":"標示",
    "設計人":"蕭力仁建築師事務所 呂信義建築師事務所",
    "行政區":"新北市",
    "ditrict":"三重區",
    "地號":"新北市三重區三重段168地號住宿類建築",
    "建築物使用類別":"住宿類建築"
    }
  },
  {
    "type": "Feature",
    "geometry": {
       "type": "Point",
       "coordinates":  [ 121.512649,24.960955 ]
    },
    "properties": {
    "#":32,
    "建築物名稱":"名毅建設新店安德段集合住宅新建工程(小基地)",
    "建築物概要":"地下4層，地上12層鋼筋混凝土構造住宿類建築",
    "認可版本":"2012年版EEWH-RS",
    "認可等級":"銀級",
    "rank":3,
    "有效期間":"2030年11月9日",
    "valid":"1",
    "認可類別":"標示",
    "設計人":"黃宏輝建築師事務所",
    "行政區":"新北市",
    "ditrict":"新店區",
    "地號":"新北市新店區安德段844地號等2筆住宿類建築",
    "建築物使用類別":"住宿類建築"
    }
  },
  {
    "type": "Feature",
    "geometry": {
       "type": "Point",
       "coordinates":  [ 121.641774,25.069959 ]
    },
    "properties": {
    "#":33,
    "建築物名稱":"新北市汐止區厚德段85地號等1筆土地店舖集合住宅新建工程",
    "建築物概要":"地下4層，地上15層鋼筋混凝土構造住宿類建築",
    "認可版本":"2015年版EEWH-RS",
    "認可等級":"銀級",
    "rank":3,
    "有效期間":"2030年11月9日",
    "valid":"1",
    "認可類別":"標示",
    "設計人":"賴良政建築師事務所",
    "行政區":"新北市",
    "ditrict":"汐止區",
    "地號":"新北市汐止區厚德段85地號住宿類建築",
    "建築物使用類別":"住宿類建築"
    }
  },
  {
    "type": "Feature",
    "geometry": {
       "type": "Point",
       "coordinates":  [ 121.477706,25.081035 ]
    },
    "properties": {
    "#":34,
    "建築物名稱":"崇利建設蘆洲區樹德段503等地號集合住宅新建工程",
    "建築物概要":"地下3層，地上12層鋼筋混凝土構造住宿類建築",
    "認可版本":"2015年版EEWH-RS",
    "認可等級":"銀級",
    "rank":3,
    "有效期間":"2030年11月9日",
    "valid":"1",
    "認可類別":"標示",
    "設計人":"李浩原建築師事務所",
    "行政區":"新北市",
    "ditrict":"蘆洲區",
    "地號":"新北市蘆洲區樹德段503地號住宿類建築",
    "建築物使用類別":"住宿類建築"
    }
  },
  {
    "type": "Feature",
    "geometry": {
       "type": "Point",
       "coordinates":  [ 121.529804,24.978459 ]
    },
    "properties": {
    "#":35,
    "建築物名稱":"新北市新店區斯馨段文心念念新建工程",
    "建築物概要":"地下3層，地上14層鋼筋混凝土構造辦公廳、住宿及其他類建築",
    "認可版本":"2015年版EEWH-RS",
    "認可等級":"黃金級",
    "rank":4,
    "有效期間":"2030年10月29日",
    "valid":"1",
    "認可類別":"標示",
    "設計人":"郭旭原聯合建築師事務所",
    "行政區":"新北市",
    "ditrict":"新店區",
    "地號":"新北市新店區斯馨段85地號辦公廳、住宿及其他類建築",
    "建築物使用類別":"住宿類建築"
    }
  },
  {
    "type": "Feature",
    "geometry": {
       "type": "Point",
       "coordinates":  [ 121.476794,25.049757 ]
    },
    "properties": {
    "#":36,
    "建築物名稱":"新北市三重五谷王段社會住宅新建統包工程",
    "建築物概要":"地下3層，地上11層鋼筋混凝土構造空調型(照護、商場分區)及住宿類建築",
    "認可版本":"2019年版EEWH-RS",
    "認可等級":"銀級",
    "rank":3,
    "有效期間":"2030年10月16日",
    "valid":"1",
    "認可類別":"標示",
    "設計人":"奚茂恩建築師事務所",
    "行政區":"新北市",
    "ditrict":"三重區",
    "地號":"新北市三重區五谷王段297地號空調型(照護、商場分區)及住宿類建築",
    "建築物使用類別":"住宿類建築"
    }
  },
  {
    "type": "Feature",
    "geometry": {
       "type": "Point",
       "coordinates":  [ 121.369426,25.069001 ]
    },
    "properties": {
    "#":37,
    "建築物名稱":"璞永建設林口國宅段住宅大樓新建工程",
    "建築物概要":"地下2層，地上11層鋼筋混凝土構造住宿及學校類建築",
    "認可版本":"2015年版EEWH-RS",
    "認可等級":"銀級",
    "rank":3,
    "有效期間":"2030年10月16日",
    "valid":"1",
    "認可類別":"標示",
    "設計人":"吳明杰建築師事務所",
    "行政區":"新北市",
    "ditrict":"林口區",
    "地號":"新北市林口區國宅段31-1地號住宿及學校類建築",
    "建築物使用類別":"住宿類建築"
    }
  },
  {
    "type": "Feature",
    "geometry": {
       "type": "Point",
       "coordinates":  [ 121.464322,25.088769 ]
    },
    "properties": {
    "#":38,
    "建築物名稱":"富元生活科技蘆洲區正義段集合住宅新建工程",
    "建築物概要":"地下2層，地上13層鋼筋混凝土構造住宿類建築",
    "認可版本":"2015年版EEWH-RS",
    "認可等級":"合格級",
    "rank":1,
    "有效期間":"2030年10月16日",
    "valid":"1",
    "認可類別":"標示",
    "設計人":"李文勝聯合建築師事務所",
    "行政區":"新北市",
    "ditrict":"蘆洲區",
    "地號":"新北市蘆洲區正義段148地號住宿類建築",
    "建築物使用類別":"住宿類建築"
    }
  },
  {
    "type": "Feature",
    "geometry": {
       "type": "Point",
       "coordinates":  [ 121.357991,24.940892 ]
    },
    "properties": {
    "#":39,
    "建築物名稱":"新北市三峽區清潔隊既設資源回收貯存場新建工程",
    "建築物概要":"地上3層鋼骨構造空調型(辦公分區)建築",
    "認可版本":"2019年版EEWH-BC(M)",
    "認可等級":"合格級",
    "rank":1,
    "有效期間":"2030年10月13日",
    "valid":"1",
    "認可類別":"標示",
    "設計人":"張榮麟建築師事務所",
    "行政區":"新北市",
    "ditrict":"三峽區",
    "地號":"新北市三峽區龍福段0625-0000地號等17筆空調型(辦公分區)建築",
    "建築物使用類別":"辦公廳類建築"
    }
  },
  {
    "type": "Feature",
    "geometry": {
       "type": "Point",
       "coordinates":  [ 121.455513,25.161038 ]
    },
    "properties": {
    "#":40,
    "建築物名稱":"淡水海鷗段1008、1009地號新建工程",
    "建築物概要":"地下2層，地上8層鋼筋混凝土構造住宿類建築",
    "認可版本":"2015年版EEWH-RS",
    "認可等級":"銀級",
    "rank":3,
    "有效期間":"2030年10月8日",
    "valid":"1",
    "認可類別":"標示",
    "設計人":"長弘建築師事務所",
    "行政區":"新北市",
    "ditrict":"淡水區",
    "地號":"新北市淡水區海鷗段1008地號等2筆住宿類建築",
    "建築物使用類別":"住宿類建築"
    }
  },
  {
    "type": "Feature",
    "geometry": {
       "type": "Point",
       "coordinates":  [ 121.633945,25.05856 ]
    },
    "properties": {
    "#":41,
    "建築物名稱":"新北市汐止區工建段348地號工廠新建工程",
    "建築物概要":"地下4層，地上17層鋼筋混凝土構造辦公廳及大型空間類建築",
    "認可版本":"2015年版EEWH-GF",
    "認可等級":"黃金級",
    "rank":4,
    "有效期間":"2030年10月2日",
    "valid":"1",
    "認可類別":"標示",
    "設計人":"三門聯合建築師事務所 千豐建築師事務所",
    "行政區":"新北市",
    "ditrict":"汐止區",
    "地號":"新北市汐止區工建段348地號辦公廳及大型空間類建築",
    "建築物使用類別":"大型空間類建築"
    }
  },
  {
    "type": "Feature",
    "geometry": {
       "type": "Point",
       "coordinates":  [ 121.422154,25.036471 ]
    },
    "properties": {
    "#":42,
    "建築物名稱":"新北市泰山中山段國軍職務宿舍新建統包工程",
    "建築物概要":"地下1層，地上8層鋼筋混凝土構造住宿類建築",
    "認可版本":"2019年版EEWH-RS(M)",
    "認可等級":"銀級",
    "rank":3,
    "有效期間":"2030年9月21日",
    "valid":"1",
    "認可類別":"標示",
    "設計人":"宋哲賓建築師事務所",
    "行政區":"新北市",
    "ditrict":"泰山區",
    "地號":"新北市泰山區中山段578-10地號等10筆住宿類建築",
    "建築物使用類別":"住宿類建築"
    }
  },
  {
    "type": "Feature",
    "geometry": {
       "type": "Point",
       "coordinates":  [ 121.465565,25.010601 ]
    },
    "properties": {
    "#":43,
    "建築物名稱":"新北市板橋區中山段二十四層店鋪.集合住宅新建工程",
    "建築物概要":"地下5層，地上24層鋼骨鋼筋混凝土構造辦公廳及住宿類建築",
    "認可版本":"2009年版",
    "認可等級":"銀級",
    "rank":3,
    "有效期間":"2030年9月18日",
    "valid":"1",
    "認可類別":"標示",
    "設計人":"吳孟音建築師事務所",
    "行政區":"新北市",
    "ditrict":"板橋區",
    "地號":"新北市板橋區中山段1779地號辦公廳及住宿類建築",
    "建築物使用類別":"住宿類建築"
    }
  },
  {
    "type": "Feature",
    "geometry": {
       "type": "Point",
       "coordinates":  [ 121.463886,25.059177 ]
    },
    "properties": {
    "#":44,
    "建築物名稱":"唯謙建設新北市新莊區興化段廠房新建工程",
    "建築物概要":"地下3層，地上9層鋼筋混凝土構造，鋼骨構造大型空間類建築",
    "認可版本":"2015年版EEWH-GF",
    "認可等級":"銀級",
    "rank":3,
    "有效期間":"2030年9月15日",
    "valid":"1",
    "認可類別":"標示",
    "設計人":"陳章安聯合建築師事務所",
    "行政區":"新北市",
    "ditrict":"新莊區",
    "地號":"新北市新莊區興化段538地號等3筆大型空間類建築",
    "建築物使用類別":"大型空間類建築"
    }
  },
  {
    "type": "Feature",
    "geometry": {
       "type": "Point",
       "coordinates":  [ 121.385185,25.168431 ]
    },
    "properties": {
    "#":45,
    "建築物名稱":"富民運輸台北港北碼頭區廠辦新建工程",
    "建築物概要":"地上3層鋼骨構造，鋼筋混凝土構造空調型(辦公分區)及其他類建築",
    "認可版本":"2019年版EEWH-BC(M)",
    "認可等級":"合格級",
    "rank":1,
    "有效期間":"2030年9月8日",
    "valid":"1",
    "認可類別":"標示",
    "設計人":"蔡宜勳建築師事務所",
    "行政區":"新北市",
    "ditrict":"八里區",
    "地號":"新北市八里區小八里坌段中小段352地號空調型(辦公分區)及其他類建築",
    "建築物使用類別":"其他類建築"
    }
  },
  {
    "type": "Feature",
    "geometry": {
       "type": "Point",
       "coordinates":  [ 121.433201,25.070121 ]
    },
    "properties": {
    "#":46,
    "建築物名稱":"遠東資源開發五股物流中心新建工程",
    "建築物概要":"地上 5 層鋼骨構造空調型(辦公分區)、住宿及其他類建築",
    "認可版本":"2019年版EEWH-BC",
    "認可等級":"銀級",
    "rank":3,
    "有效期間":"2030年9月2日",
    "valid":"1",
    "認可類別":"標示",
    "設計人":"張哲夫建築師事務所",
    "行政區":"新北市",
    "ditrict":"五股區",
    "地號":"新北市五股區登林段232-1地號等16筆空調型(辦公分區)、住宿及其他類建築",
    "建築物使用類別":"其他類建築"
    }
  },
  {
    "type": "Feature",
    "geometry": {
       "type": "Point",
       "coordinates":  [ 121.485489,24.984975 ]
    },
    "properties": {
    "#":47,
    "建築物名稱":"中和灰磘段集合住宅新建工程",
    "建築物概要":"地下2層，地上7層鋼筋混凝土構造住宿類建築",
    "認可版本":"2009年版",
    "認可等級":"銀級",
    "rank":3,
    "有效期間":"2030年8月27日",
    "valid":"1",
    "認可類別":"標示",
    "設計人":"郭秋利建築師事務所",
    "行政區":"新北市",
    "ditrict":"中和區",
    "地號":"新北市中和區灰磘段179-00地號住宿類建築",
    "建築物使用類別":"住宿類建築"
    }
  },
  {
    "type": "Feature",
    "geometry": {
       "type": "Point",
       "coordinates":  [ 121.483708,25.057232 ]
    },
    "properties": {
    "#":48,
    "建築物名稱":"錸德建設有限公司三重區成功段398地號等1筆案新建工程",
    "建築物概要":"地下4層，地上14層鋼筋混凝土構造住宿類建築",
    "認可版本":"2015年版EEWH-RS",
    "認可等級":"銀級",
    "rank":3,
    "有效期間":"2030年8月21日",
    "valid":"1",
    "認可類別":"標示",
    "設計人":"杜金木建築師事務所",
    "行政區":"新北市",
    "ditrict":"三重區",
    "地號":"新北市三重區成功段398地號住宿類建築",
    "建築物使用類別":"住宿類建築"
    }
  },
  {
    "type": "Feature",
    "geometry": {
       "type": "Point",
       "coordinates":  [ 121.480002,24.994412 ]
    },
    "properties": {
    "#":49,
    "建築物名稱":"冠德建設股份有限公司新北市中和區國道段集合住宅新建工程",
    "建築物概要":"地下5層，地上24層鋼筋混凝土構造住宿類建築",
    "認可版本":"2019年版EEWH-RS",
    "認可等級":"銀級",
    "rank":3,
    "有效期間":"2030年8月18日",
    "valid":"1",
    "認可類別":"標示",
    "設計人":"周夢龍建築師事務所、簡志聰建築師事務所、柯智明建築師事務所",
    "行政區":"新北市",
    "ditrict":"中和區",
    "地號":"新北市中和區國道段50地號住宿類建築",
    "建築物使用類別":"住宿類建築"
    }
  },
  {
    "type": "Feature",
    "geometry": {
       "type": "Point",
       "coordinates":  [ 121.474452,25.01711 ]
    },
    "properties": {
    "#":50,
    "建築物名稱":"興翔開發永豐景住宅大樓",
    "建築物概要":"地下2層，地上13層鋼筋混凝土構造住宿類建築",
    "認可版本":"2015年版EEWH-RS",
    "認可等級":"銀級",
    "rank":3,
    "有效期間":"2030年8月18日",
    "valid":"1",
    "認可類別":"標示",
    "設計人":"吳伯昌建築師事務所",
    "行政區":"新北市",
    "ditrict":"板橋區",
    "地號":"新北市板橋區光仁段2196地號住宿類建築",
    "建築物使用類別":"住宿類建築"
    }
  },
  {
    "type": "Feature",
    "geometry": {
       "type": "Point",
       "coordinates":  [ 121.524942,24.990661 ]
    },
    "properties": {
    "#":51,
    "建築物名稱":"冠德建設股份有限公司新北市中和區大智段749地號土地開發辦公大樓",
    "建築物概要":"地下5層，地上20層鋼筋混凝土構造辦公廳類建築",
    "認可版本":"2009年版",
    "認可等級":"銀級",
    "rank":3,
    "有效期間":"2030年8月12日",
    "valid":"1",
    "認可類別":"標示",
    "設計人":"李祖原聯合建築師事務所",
    "行政區":"新北市",
    "ditrict":"中和區",
    "地號":"新北市中和區大智段749地號辦公廳類建築",
    "建築物使用類別":"辦公廳類建築"
    }
  },
  {
    "type": "Feature",
    "geometry": {
       "type": "Point",
       "coordinates":  [ 121.363452,25.073621 ]
    },
    "properties": {
    "#":52,
    "建築物名稱":"家泰開發、家悅建設、大業開發新北市林口區建林段152地號等1筆一般零售業及集合住宅新建工程",
    "建築物概要":"地下2層，地上13層鋼筋混凝土構造住宿類建築",
    "認可版本":"2015年版EEWH-RS",
    "認可等級":"合格級",
    "rank":1,
    "有效期間":"2030年8月3日",
    "valid":"1",
    "認可類別":"標示",
    "設計人":"曾聰憲建築師事務所",
    "行政區":"新北市",
    "ditrict":"林口區",
    "地號":"新北市林口區建林段152地號住宿類建築",
    "建築物使用類別":"住宿類建築"
    }
  },
  {
    "type": "Feature",
    "geometry": {
       "type": "Point",
       "coordinates":  [ 121.460396,25.056879 ]
    },
    "properties": {
    "#":53,
    "建築物名稱":"景程建設新莊區中原段106地號店鋪及集合住宅新建工程",
    "建築物概要":"地下4層，地上15層鋼筋混凝土構造住宿類建築",
    "認可版本":"2015年版EEWH-RS",
    "認可等級":"合格級",
    "rank":1,
    "有效期間":"2030年8月3日",
    "valid":"1",
    "認可類別":"標示",
    "設計人":"黃永興建築師事務所",
    "行政區":"新北市",
    "ditrict":"新莊區",
    "地號":"新北市新莊區中原段106地號住宿類建築",
    "建築物使用類別":"住宿類建築"
    }
  },
  {
    "type": "Feature",
    "geometry": {
       "type": "Point",
       "coordinates":  [ 121.491935,25.069326 ]
    },
    "properties": {
    "#":54,
    "建築物名稱":"三重區大智段328等45筆地號 店鋪、集合住宅新建工程",
    "建築物概要":"地下5層，地上20層鋼筋混凝土構造辦公廳及住宿類建築",
    "認可版本":"2015年版EEWH-RS",
    "認可等級":"銀級",
    "rank":3,
    "有效期間":"2030年7月21日",
    "valid":"1",
    "認可類別":"標示",
    "設計人":"王國輝建築師事務所",
    "行政區":"新北市",
    "ditrict":"三重區",
    "地號":"新北市三重區大智段328地號等45筆辦公廳及住宿類建築",
    "建築物使用類別":"住宿類建築"
    }
  },
  {
    "type": "Feature",
    "geometry": {
       "type": "Point",
       "coordinates":  [ 121.490579,24.992845 ]
    },
    "properties": {
    "#":55,
    "建築物名稱":"新北市中和區錦和運動公園停車場新建統包工程",
    "建築物概要":"地下2層，地上2層鋼筋混凝土構造，鋼構造大型空間及其他類建築",
    "認可版本":"2019年版EEWH-BC(M)",
    "認可等級":"銀級",
    "rank":3,
    "有效期間":"2030年7月20日",
    "valid":"1",
    "認可類別":"標示",
    "設計人":"戴嘉惠建築師事務所",
    "行政區":"新北市",
    "ditrict":"中和區",
    "地號":"新北市中和區錦和段535地號等8筆大型空間及其他類建築",
    "建築物使用類別":"其他類建築"
    }
  },
  {
    "type": "Feature",
    "geometry": {
       "type": "Point",
       "coordinates":  [ 121.348319,24.942431 ]
    },
    "properties": {
    "#":56,
    "建築物名稱":"鶯歌區域性資源循環中心新建工程(第二期)",
    "建築物概要":"地上2層鋼筋混凝土構造空調型(辦公分區)及其他類建築",
    "認可版本":"2019年版EEWH-BC(M)",
    "認可等級":"合格級",
    "rank":1,
    "有效期間":"2030年7月20日",
    "valid":"1",
    "認可類別":"標示",
    "設計人":"吳坤霖建築師事務所",
    "行政區":"新北市",
    "ditrict":"鶯歌區",
    "地號":"新北市鶯歌區南靖段1102-0000地號等10筆空調型(辦公分區)及其他類建築",
    "建築物使用類別":"辦公廳類建築"
    }
  },
  {
    "type": "Feature",
    "geometry": {
       "type": "Point",
       "coordinates":  [ 121.474881,25.057912 ]
    },
    "properties": {
    "#":57,
    "建築物名稱":"鼎極國際開發 三重區五谷王一段21地號等1筆土地",
    "建築物概要":"地下4層，地上18層鋼筋混凝土構造住宿類建築",
    "認可版本":"2012年版EEWH-RS",
    "認可等級":"銀級",
    "rank":3,
    "有效期間":"2030年7月16日",
    "valid":"1",
    "認可類別":"標示",
    "設計人":"三門聯合建築師事務所",
    "行政區":"新北市",
    "ditrict":"三重區",
    "地號":"新北市三重區五谷王一段21地號住宿類建築",
    "建築物使用類別":"住宿類建築"
    }
  },
  {
    "type": "Feature",
    "geometry": {
       "type": "Point",
       "coordinates":  [ 121.381702,25.076352 ]
    },
    "properties": {
    "#":58,
    "建築物名稱":"新北市林口區東湖國民小學校舍暨市民多元服務設施統包工程",
    "建築物概要":"地下1層，地上7層鋼筋混凝土構造住宿、學校、大型空間及其他類建築",
    "認可版本":"2015年版EEWH-BC",
    "認可等級":"黃金級",
    "rank":4,
    "有效期間":"2030年7月16日",
    "valid":"1",
    "認可類別":"標示",
    "設計人":"石昭永建築師事務所",
    "行政區":"新北市",
    "ditrict":"林口區",
    "地號":"新北市林口區新林段1104地號住宿、學校、大型空間及其他類建築",
    "建築物使用類別":"學校類建築"
    }
  },
  {
    "type": "Feature",
    "geometry": {
       "type": "Point",
       "coordinates":  [ 121.430117,25.068762 ]
    },
    "properties": {
    "#":59,
    "建築物名稱":"泰管園區第五辦公室新建工程",
    "建築物概要":"地上3層鋼筋混凝土構造辦公廳類建築",
    "認可版本":"2015年版EEWH-BC",
    "認可等級":"合格級",
    "rank":1,
    "有效期間":"2030年7月10日",
    "valid":"1",
    "認可類別":"標示",
    "設計人":"大築建築師事務所",
    "行政區":"新北市",
    "ditrict":"泰山區",
    "地號":"泰山區橫窠段1162地號等34筆辦公廳類建築",
    "建築物使用類別":"辦公廳類建築"
    }
  },
  {
    "type": "Feature",
    "geometry": {
       "type": "Point",
       "coordinates":  [ 121.364482,25.068361 ]
    },
    "properties": {
    "#":60,
    "建築物名稱":"三井林口國際媒體園區(A基地)新建工程",
    "建築物概要":"地下1層，地上4層鋼筋混凝土構造空調型(商場、餐飲、娛樂分區)及其他類建築",
    "認可版本":"2019年版EEWH-BC(M)",
    "認可等級":"銀級",
    "rank":3,
    "有效期間":"2030年7月10日",
    "valid":"1",
    "認可類別":"標示",
    "設計人":"三大聯合建築師事務所",
    "行政區":"新北市",
    "ditrict":"林口區",
    "地號":"新北市林口區建林段0386地號等3筆空調型(商場、餐飲、娛樂分區)及其他類建築",
    "建築物使用類別":"百貨商場類建築"
    }
  },
  {
    "type": "Feature",
    "geometry": {
       "type": "Point",
       "coordinates":  [ 121.544346,24.974883 ]
    },
    "properties": {
    "#":61,
    "建築物名稱":"聯上開發新北市新店區寶強段1171地號等1筆土地集合住宅新建工程案",
    "建築物概要":"地下4層，地上15層鋼筋混凝土構造住宿類建築",
    "認可版本":"2015年版EEWH-RS",
    "認可等級":"銀級",
    "rank":3,
    "有效期間":"2030年7月10日",
    "valid":"1",
    "認可類別":"標示",
    "設計人":"李文勝聯合建築師事務所",
    "行政區":"新北市",
    "ditrict":"新店區",
    "地號":"新北市新店區寶強段1171地號住宿類建築",
    "建築物使用類別":"住宿類建築"
    }
  },
  {
    "type": "Feature",
    "geometry": {
       "type": "Point",
       "coordinates":  [ 121.476425,25.019956 ]
    },
    "properties": {
    "#":62,
    "建築物名稱":"安信建經板橋區光仁段店舖集合住宅新建工程",
    "建築物概要":"地下4層，地上15層鋼筋混凝土構造住宿類建築",
    "認可版本":"2015年版EEWH-RS",
    "認可等級":"銀級",
    "rank":3,
    "有效期間":"2030年7月6日",
    "valid":"1",
    "認可類別":"標示",
    "設計人":"蔡仁捷建築師事務所",
    "行政區":"新北市",
    "ditrict":"板橋區",
    "地號":"新北市板橋區光仁段840地號住宿類建築",
    "建築物使用類別":"住宿類建築"
    }
  },
  {
    "type": "Feature",
    "geometry": {
       "type": "Point",
       "coordinates":  [ 121.483699,25.054068 ]
    },
    "properties": {
    "#":63,
    "建築物名稱":"元泰鼎開發股份有限公司新北市三重區三重段251等四筆地號醫院新建工程",
    "建築物概要":"地下4層，地上10層鋼筋混凝土構造醫院類建築",
    "認可版本":"2015年版EEWH-BC",
    "認可等級":"銀級",
    "rank":3,
    "有效期間":"2030年7月6日",
    "valid":"1",
    "認可類別":"標示",
    "設計人":"三門聯合建築師事務所",
    "行政區":"新北市",
    "ditrict":"三重區",
    "地號":"新北市三重區三重段251地號等4筆醫院類建築",
    "建築物使用類別":"醫院類建築"
    }
  },
  {
    "type": "Feature",
    "geometry": {
       "type": "Point",
       "coordinates":  [ 121.462427,25.151799 ]
    },
    "properties": {
    "#":64,
    "建築物名稱":"新北市淡水區水仙段192地號等2筆集合住宅新建工程",
    "建築物概要":"地下3層，地上12層鋼筋混凝土構造住宿類建築",
    "認可版本":"2019年版EEWH-RS",
    "認可等級":"黃金級",
    "rank":4,
    "有效期間":"2030年7月1日",
    "valid":"1",
    "認可類別":"標示",
    "設計人":"周劍平建築師事務所",
    "行政區":"新北市",
    "ditrict":"淡水區",
    "地號":"新北市淡水區水仙段192地號等2筆住宿類建築",
    "建築物使用類別":"住宿類建築"
    }
  },
  {
    "type": "Feature",
    "geometry": {
       "type": "Point",
       "coordinates":  [ 121.461684,25.004306 ]
    },
    "properties": {
    "#":65,
    "建築物名稱":"新北市板橋區忠孝國民中學老舊校舍整建統包工程",
    "建築物概要":"地下2層，地上4層鋼筋混凝土構造學校及其他類建築",
    "認可版本":"2015年版EEWH-BC",
    "認可等級":"銅級",
    "rank":2,
    "有效期間":"2030年6月26日",
    "valid":"1",
    "認可類別":"標示",
    "設計人":"恩典聯合建築師事務所",
    "行政區":"新北市",
    "ditrict":"板橋區",
    "地號":"新北市板橋區忠孝段302地號等13筆學校及其他類建築",
    "建築物使用類別":"學校類建築"
    }
  },
  {
    "type": "Feature",
    "geometry": {
       "type": "Point",
       "coordinates":  [ 121.860988,25.038641 ]
    },
    "properties": {
    "#":66,
    "建築物名稱":"雙溪分隊新建工程",
    "建築物概要":"地上4層鋼筋混凝土構造空調型(辦公分區)建築",
    "認可版本":"2019年版EEWH-BC(M)",
    "認可等級":"合格級",
    "rank":1,
    "有效期間":"2030年6月17日",
    "valid":"1",
    "認可類別":"標示",
    "設計人":"鄒永亷建築師事務所",
    "行政區":"新北市",
    "ditrict":"雙溪區",
    "地號":"新北市雙溪區雙平段489地號等3筆空調型(辦公分區)建築",
    "建築物使用類別":"辦公廳類建築"
    }
  },
  {
    "type": "Feature",
    "geometry": {
       "type": "Point",
       "coordinates":  [ 121.447002,25.055289 ]
    },
    "properties": {
    "#":67,
    "建築物名稱":"新莊區副都心段一小段380地號辦公大樓新建工程",
    "建築物概要":"地下5層，地上20層鋼筋混凝土構造，鋼骨構造辦公廳類建築",
    "認可版本":"2015年版EEWH-BC",
    "認可等級":"黃金級",
    "rank":4,
    "有效期間":"2030年6月15日",
    "valid":"1",
    "認可類別":"標示",
    "設計人":"李文勝建築師事務所",
    "行政區":"新北市",
    "ditrict":"新莊區",
    "地號":"新北市新莊區副都心段一小段380地號辦公廳類建築",
    "建築物使用類別":"辦公廳類建築"
    }
  },
  {
    "type": "Feature",
    "geometry": {
       "type": "Point",
       "coordinates":  [ 121.443934,24.982379 ]
    },
    "properties": {
    "#":68,
    "建築物名稱":"新北市政府警察局土城分局廣福派出所及交通分隊暨體育處健身中心共構工程",
    "建築物概要":"地下1層，地上5層鋼筋混凝土構造辦公廳類建築",
    "認可版本":"2015年版EEWH-BC",
    "認可等級":"合格級",
    "rank":1,
    "有效期間":"2030年6月12日",
    "valid":"1",
    "認可類別":"標示",
    "設計人":"劉錦鐘建築師事務所",
    "行政區":"新北市",
    "ditrict":"土城區",
    "地號":"新北市土城區員和段265-2地號等2筆辦公廳類建築",
    "建築物使用類別":"辦公廳類建築"
    }
  },
  {
    "type": "Feature",
    "geometry": {
       "type": "Point",
       "coordinates":  [ 121.431825,25.036335 ]
    },
    "properties": {
    "#":69,
    "建築物名稱":"輔仁大學理工實驗大樓新建工程",
    "建築物概要":"地下1層，地上7層鋼筋混凝土構造學校類建築",
    "認可版本":"2015年版EEWH-BC",
    "認可等級":"銀級",
    "rank":3,
    "有效期間":"2030年6月8日",
    "valid":"1",
    "認可類別":"標示",
    "設計人":"徐維志建築師事務所",
    "行政區":"新北市",
    "ditrict":"新莊區",
    "地號":"新北市新莊區安泰段851地號等10筆學校類建築",
    "建築物使用類別":"學校類建築"
    }
  },
  {
    "type": "Feature",
    "geometry": {
       "type": "Point",
       "coordinates":  [ 121.429422,25.066366 ]
    },
    "properties": {
    "#":70,
    "建築物名稱":"國防部軍備局工程營產中心堅實營區新建工程統包工程",
    "建築物概要":"地上5層鋼骨鋼筋混凝土構造、鋼筋混凝土構造、鋼骨構造空調型(辦公、餐飲分區)、住宿、大型空間及其他類建築",
    "認可版本":"2019年版EEWH-RS",
    "認可等級":"銅級",
    "rank":2,
    "有效期間":"2030年6月3日",
    "valid":"1",
    "認可類別":"標示",
    "設計人":"黃孟偉建築師事務所",
    "行政區":"新北市",
    "ditrict":"泰山區",
    "地號":"新北市泰山區橫窠段1463、1464、1465、1466地號空調型(辦公、餐飲分區)、住宿、大型空間及其他類建築",
    "建築物使用類別":"住宿類建築"
    }
  },
  {
    "type": "Feature",
    "geometry": {
       "type": "Point",
       "coordinates":  [ 121.457106,25.010688 ]
    },
    "properties": {
    "#":71,
    "建築物名稱":"黃石開發黃石市場新建工程案",
    "建築物概要":"地下3層，地上9層鋼筋混凝土構造空調型(文教、商場、餐飲、旅館分區)及大型空間類建築",
    "認可版本":"2019年版EEWH-BC",
    "認可等級":"合格級",
    "rank":1,
    "有效期間":"2030年6月3日",
    "valid":"1",
    "認可類別":"標示",
    "設計人":"張維哲建築師事務所",
    "行政區":"新北市",
    "ditrict":"板橋區",
    "地號":"新北市板橋區府中段1017地號等3筆空調型(文教、商場、餐飲、旅館分區)及大型空間類建築",
    "建築物使用類別":"大型空間類建築"
    }
  },
  {
    "type": "Feature",
    "geometry": {
       "type": "Point",
       "coordinates":  [ 121.456311,25.06272 ]
    },
    "properties": {
    "#":72,
    "建築物名稱":"德昇建設新莊區新知段55地號廠辦新建工程",
    "建築物概要":"地下3層，地上17層鋼筋混凝土構造辦公廳及大型空間類建築",
    "認可版本":"2015年版EEWH-BC",
    "認可等級":"銀級",
    "rank":3,
    "有效期間":"2030年6月3日",
    "valid":"1",
    "認可類別":"標示",
    "設計人":"大矩聯合建築師事務所",
    "行政區":"新北市",
    "ditrict":"新莊區",
    "地號":"新北市新莊區新知段55地號辦公廳及大型空間類建築",
    "建築物使用類別":"大型空間類建築"
    }
  },
  {
    "type": "Feature",
    "geometry": {
       "type": "Point",
       "coordinates":  [ 121.382421,24.95046 ]
    },
    "properties": {
    "#":73,
    "建築物名稱":"新北市立桃子腳國民中小學新建第三期校舍暨共構幼兒園工程",
    "建築物概要":"地下1層，地上6層鋼筋混凝土構造空調型(文教分區)及學校類建築",
    "認可版本":"2019年版EEWH-BC",
    "認可等級":"銀級",
    "rank":3,
    "有效期間":"2030年6月3日",
    "valid":"1",
    "認可類別":"標示",
    "設計人":"邱永章建築師事務所",
    "行政區":"新北市",
    "ditrict":"樹林區",
    "地號":"新北市樹林區大學段二小段16地號等2筆空調型(文教分區)及學校類建築",
    "建築物使用類別":"學校類建築"
    }
  },
  {
    "type": "Feature",
    "geometry": {
       "type": "Point",
       "coordinates":  [ 121.454115,25.059984 ]
    },
    "properties": {
    "#":74,
    "建築物名稱":"宏匯凱悅嘉軒酒店",
    "建築物概要":"地下4層，地上21層鋼骨構造空調型(旅館分區)建築",
    "認可版本":"2022年版EEWH-EB",
    "認可等級":"鑽石級",
    "rank":5,
    "有效期間":"2030年5月27日",
    "valid":"1",
    "認可類別":"標示",
    "設計人":"三門聯合建築師事務所",
    "行政區":"新北市",
    "ditrict":"新莊區",
    "地號":"新北市新莊區副都心段一小段15地號空調型(旅館分區)建築",
    "建築物使用類別":"旅館餐飲類建築"
    }
  },
  {
    "type": "Feature",
    "geometry": {
       "type": "Point",
       "coordinates":  [ 121.432718,25.001915 ]
    },
    "properties": {
    "#":75,
    "建築物名稱":"台信建設新莊區新樹段306地號等1筆土地集合住宅新建工程",
    "建築物概要":"地下4層，地上13層鋼筋混凝土構造住宿類建築",
    "認可版本":"2015年版EEWH-RS",
    "認可等級":"銀級",
    "rank":3,
    "有效期間":"2030年5月27日",
    "valid":"1",
    "認可類別":"標示",
    "設計人":"陳朝雄建築師事務所",
    "行政區":"新北市",
    "ditrict":"新莊區",
    "地號":"新北市新莊區新樹段0306-0000地號住宿類建築",
    "建築物使用類別":"住宿類建築"
    }
  },
  {
    "type": "Feature",
    "geometry": {
       "type": "Point",
       "coordinates":  [ 121.497906,25.004704 ]
    },
    "properties": {
    "#":76,
    "建築物名稱":"法務部調查局中和調查園區新建辦公大樓統包工程",
    "建築物概要":"地下2層，地上11層鋼筋混凝土構造辦公廳類建築",
    "認可版本":"2015年版EEWH-BC",
    "認可等級":"黃金級",
    "rank":4,
    "有效期間":"2030年5月18日",
    "valid":"1",
    "認可類別":"標示",
    "設計人":"王正源建築師事務所",
    "行政區":"新北市",
    "ditrict":"中和區",
    "地號":"新北市中和區福祥段397地號等3筆辦公廳類建築",
    "建築物使用類別":"辦公廳類建築"
    }
  },
  {
    "type": "Feature",
    "geometry": {
       "type": "Point",
       "coordinates":  [ 121.454532,25.026996 ]
    },
    "properties": {
    "#":77,
    "建築物名稱":"嘉潤青翠",
    "建築物概要":"地下5層，地上13層鋼筋混凝土構造住宿類建築",
    "認可版本":"2015年版EEWH-RS",
    "認可等級":"黃金級",
    "rank":4,
    "有效期間":"2030年5月15日",
    "valid":"1",
    "認可類別":"標示",
    "設計人":"蕭家福聯合建築師事務所",
    "行政區":"新北市",
    "ditrict":"板橋區",
    "地號":"新北市板橋區新都段94地號住宿類建築",
    "建築物使用類別":"住宿類建築"
    }
  },
  {
    "type": "Feature",
    "geometry": {
       "type": "Point",
       "coordinates":  [ 121.455044,25.042214 ]
    },
    "properties": {
    "#":78,
    "建築物名稱":"築悅開發建設思源段集合住宅新建工程",
    "建築物概要":"地下2層，地上12層鋼筋混凝土構造住宿類建築",
    "認可版本":"2015年版EEWH-RS",
    "認可等級":"銀級",
    "rank":3,
    "有效期間":"2030年5月5日",
    "valid":"1",
    "認可類別":"標示",
    "設計人":"黃明智建築師事務所",
    "行政區":"新北市",
    "ditrict":"新莊區",
    "地號":"新北市新莊區思源段1196地號住宿類建築",
    "建築物使用類別":"住宿類建築"
    }
  },
  {
    "type": "Feature",
    "geometry": {
       "type": "Point",
       "coordinates":  [ 121.424117,24.997107 ]
    },
    "properties": {
    "#":79,
    "建築物名稱":"僑馥建築經理股份有限公司樹林區文林段超市集合住宅新建工程",
    "建築物概要":"地下5層，地上15層鋼筋混凝土構造百貨商場、住宿及大型空間類建築",
    "認可版本":"2015年版EEWH-RS",
    "認可等級":"銀級",
    "rank":3,
    "有效期間":"2030年5月5日",
    "valid":"1",
    "認可類別":"標示",
    "設計人":"巫錫琪建築師事務所",
    "行政區":"新北市",
    "ditrict":"樹林區",
    "地號":"新北市樹林區文林段1757地號百貨商場、住宿及大型空間類建築",
    "建築物使用類別":"住宿類建築"
    }
  },
  {
    "type": "Feature",
    "geometry": {
       "type": "Point",
       "coordinates":  [ 121.461209,25.151292 ]
    },
    "properties": {
    "#":80,
    "建築物名稱":"大隱建設淡水區水仙段221地號等1筆集合住宅新建工程",
    "建築物概要":"地下5層，地上11層鋼筋混凝土構造住宿類建築",
    "認可版本":"2012年版EEWH-RS",
    "認可等級":"銀級",
    "rank":3,
    "有效期間":"2030年5月5日",
    "valid":"1",
    "認可類別":"標示",
    "設計人":"李兆嘉建築師事務所",
    "行政區":"新北市",
    "ditrict":"淡水區",
    "地號":"新北市淡水區水仙段221地號住宿類建築",
    "建築物使用類別":"住宿類建築"
    }
  },
  {
    "type": "Feature",
    "geometry": {
       "type": "Point",
       "coordinates":  [ 121.530232,24.978833 ]
    },
    "properties": {
    "#":81,
    "建築物名稱":"央北鑫建築新建工程",
    "建築物概要":"地下3層，地上15層鋼筋混凝土構造辦公廳及住宿類建築",
    "認可版本":"2015年版EEWH-RS",
    "認可等級":"鑽石級",
    "rank":5,
    "有效期間":"2030年5月5日",
    "valid":"1",
    "認可類別":"標示",
    "設計人":"張維哲建築師事務所",
    "行政區":"新北市",
    "ditrict":"新店區",
    "地號":"新北市新店區斯馨段75地號辦公廳及住宿類建築",
    "建築物使用類別":"住宿類建築"
    }
  },
  {
    "type": "Feature",
    "geometry": {
       "type": "Point",
       "coordinates":  [ 121.447827,25.091684 ]
    },
    "properties": {
    "#":82,
    "建築物名稱":"蘆洲分局成州派出所、衛生局公共托老中心暨社會局身心障礙者社區式日間照顧中心共構新建工程",
    "建築物概要":"地下1層，地上5層鋼筋混凝土構造辦公廳及住宿類建築",
    "認可版本":"2015年版EEWH-RS",
    "認可等級":"合格級",
    "rank":1,
    "有效期間":"2030年4月29日",
    "valid":"1",
    "認可類別":"標示",
    "設計人":"許澄榮建築師事務所",
    "行政區":"新北市",
    "ditrict":"五股區",
    "地號":"新北市五股區芳洲段127-1地號辦公廳及住宿類建築",
    "建築物使用類別":"住宿類建築"
    }
  },
  {
    "type": "Feature",
    "geometry": {
       "type": "Point",
       "coordinates":  [ 121.511163,25.011144 ]
    },
    "properties": {
    "#":83,
    "建築物名稱":"新北市永和區信義段集合住宅新建工程",
    "建築物概要":"地下2層，地上13層鋼筋混凝土構造住宿類建築",
    "認可版本":"2015年版EEWH-RS",
    "認可等級":"合格級",
    "rank":1,
    "有效期間":"2030年4月16日",
    "valid":"1",
    "認可類別":"標示",
    "設計人":"劉佳鑫建築師事務所",
    "行政區":"新北市",
    "ditrict":"永和區",
    "地號":"新北市永和區信義段1102地號住宿類建築",
    "建築物使用類別":"住宿類建築"
    }
  },
  {
    "type": "Feature",
    "geometry": {
       "type": "Point",
       "coordinates":  [ 121.421037,24.963169 ]
    },
    "properties": {
    "#":84,
    "建築物名稱":"頂埔分隊興建工程",
    "建築物概要":"地上4層鋼筋混凝土構造空調型(辦公分區)建築",
    "認可版本":"2019年版EEWH-BC(M)",
    "認可等級":"合格級",
    "rank":1,
    "有效期間":"2030年3月19日",
    "valid":"1",
    "認可類別":"標示",
    "設計人":"楊志宏建築師事務所",
    "行政區":"新北市",
    "ditrict":"土城區",
    "地號":"新北市土城區沛陂段462地號空調型(辦公分區)建築",
    "建築物使用類別":"辦公廳類建築"
    }
  },
  {
    "type": "Feature",
    "geometry": {
       "type": "Point",
       "coordinates":  [ 121.429314,25.195818 ]
    },
    "properties": {
    "#":85,
    "建築物名稱":"新北市淡水區淡海國民小學校舍暨市民多元服務設施統包工程",
    "建築物概要":"地下1層，地上6層鋼筋混凝土構造，鋼構造住宿、學校、大型空間及其他類建築",
    "認可版本":"2015年版EEWH-BC",
    "認可等級":"合格級",
    "rank":1,
    "有效期間":"2030年3月16日",
    "valid":"1",
    "認可類別":"標示",
    "設計人":"李宜蓉建築師事務所",
    "行政區":"新北市",
    "ditrict":"淡水區",
    "地號":"新北市淡水區淡海段60地號住宿、學校、大型空間及其他類建築",
    "建築物使用類別":"學校類建築"
    }
  },
  {
    "type": "Feature",
    "geometry": {
       "type": "Point",
       "coordinates":  [ 121.456027,24.988992 ]
    },
    "properties": {
    "#":86,
    "建築物名稱":"鋐固建設土城區學成段776、850地號等2筆土地集合住宅新建工程",
    "建築物概要":"地下3層，地上19層鋼筋混凝土構造住宿類建築",
    "認可版本":"2015年版EEWH-RS",
    "認可等級":"銀級",
    "rank":3,
    "有效期間":"2030年3月13日",
    "valid":"1",
    "認可類別":"標示",
    "設計人":"劉錦鐘建築師事務所",
    "行政區":"新北市",
    "ditrict":"土城區",
    "地號":"新北市土城區學成段850地號等2筆住宿類建築",
    "建築物使用類別":"住宿類建築"
    }
  },
  {
    "type": "Feature",
    "geometry": {
       "type": "Point",
       "coordinates":  [ 121.356584,24.952257 ]
    },
    "properties": {
    "#":87,
    "建築物名稱":"新北市立美術館興建工程",
    "建築物概要":"地下3層，地上8層鋼骨構造大型空間類建築",
    "認可版本":"2015年版EEWH-BC",
    "認可等級":"黃金級",
    "rank":4,
    "有效期間":"2030年3月6日",
    "valid":"1",
    "認可類別":"標示",
    "設計人":"劉秉鑫建築師事務所",
    "行政區":"新北市",
    "ditrict":"鶯歌區",
    "地號":"新北市鶯歌區中正段25-9地號大型空間類建築",
    "建築物使用類別":"大型空間類建築"
    }
  },
  {
    "type": "Feature",
    "geometry": {
       "type": "Point",
       "coordinates":  [ 121.486313,24.946168 ]
    },
    "properties": {
    "#":88,
    "建築物名稱":"安坑輕軌運輸系統計畫土建統包工程案-駐車維修廠及變電站",
    "建築物概要":"地下2層，地上2層鋼筋混凝土及鋼骨構造大型空間類建築",
    "認可版本":"2015年版EEWH-BC",
    "認可等級":"合格級",
    "rank":1,
    "有效期間":"2030年3月2日",
    "valid":"1",
    "認可類別":"標示",
    "設計人":"梁太隆建築師事務所",
    "行政區":"新北市",
    "ditrict":"新店區",
    "地號":"新北市新店區雙城段1530、1544、1546-1、1548-1、1567、1568、1569、1570、1571、1583、1583-1、1584、1585、1586、1587、1588、1589、",
    "建築物使用類別":"大型空間類建築"
    }
  },
  {
    "type": "Feature",
    "geometry": {
       "type": "Point",
       "coordinates":  [ 121.374121,24.939132 ]
    },
    "properties": {
    "#":89,
    "建築物名稱":"新北市三峽區北大國民小學校舍新建工程",
    "建築物概要":"地下1層，地上4層鋼筋混凝土構造學校及大型空間類建築",
    "認可版本":"2012年版EEWH-BC",
    "認可等級":"銀級",
    "rank":3,
    "有效期間":"2030年2月25日",
    "valid":"1",
    "認可類別":"標示",
    "設計人":"呂欽文建築師事務所",
    "行政區":"新北市",
    "ditrict":"三峽區",
    "地號":"新北市三峽區國光段205-1地號等33筆學校及大型空間類建築",
    "建築物使用類別":"學校類建築"
    }
  },
  {
    "type": "Feature",
    "geometry": {
       "type": "Point",
       "coordinates":  [ 121.454434,24.980461 ]
    },
    "properties": {
    "#":90,
    "建築物名稱":"土城區明德段222地號新建工程",
    "建築物概要":"地下4層，地上13層鋼筋混凝土構造住宿類建築",
    "認可版本":"2015年版EEWH-RS",
    "認可等級":"鑽石級",
    "rank":5,
    "有效期間":"2030年2月24日",
    "valid":"1",
    "認可類別":"標示",
    "設計人":"陳鴻明建築師事務所",
    "行政區":"新北市",
    "ditrict":"土城區",
    "地號":"新北市土城區明德段222地號住宿類建築",
    "建築物使用類別":"住宿類建築"
    }
  },
  {
    "type": "Feature",
    "geometry": {
       "type": "Point",
       "coordinates":  [ 121.671646,25.064651 ]
    },
    "properties": {
    "#":91,
    "建築物名稱":"新北市汐止區水源段1070地號等4筆土地集合住宅新建工程",
    "建築物概要":"地下4層，地上11層鋼筋混凝土構造住宿類建築",
    "認可版本":"2015年版EEWH-RS",
    "認可等級":"合格級",
    "rank":1,
    "有效期間":"2030年2月24日",
    "valid":"1",
    "認可類別":"標示",
    "設計人":"李兆嘉建築師事務所",
    "行政區":"新北市",
    "ditrict":"汐止區",
    "地號":"新北市汐止區水源段1070地號住宿類建築",
    "建築物使用類別":"住宿類建築"
    }
  },
  {
    "type": "Feature",
    "geometry": {
       "type": "Point",
       "coordinates":  [ 121.465718,25.03369 ]
    },
    "properties": {
    "#":92,
    "建築物名稱":"愛山林建設及立信建設新北市板橋區江翠段159地號1筆土地店鋪/一般事務所集合住宅新建工程",
    "建築物概要":"地下4層，地上21層鋼筋混凝土構造辦公廳及住宿類建築",
    "認可版本":"2015年版EEWH-RS",
    "認可等級":"合格級",
    "rank":1,
    "有效期間":"2030年2月24日",
    "valid":"1",
    "認可類別":"標示",
    "設計人":"何慶三建築師事務所",
    "行政區":"新北市",
    "ditrict":"板橋區",
    "地號":"新北市板橋區江翠段159地號辦公廳及住宿類建築",
    "建築物使用類別":"住宿類建築"
    }
  },
  {
    "type": "Feature",
    "geometry": {
       "type": "Point",
       "coordinates":  [ 121.52535,24.981867 ]
    },
    "properties": {
    "#":93,
    "建築物名稱":"新北市新店區斯馨段12地號等一筆土地住宅新建工程",
    "建築物概要":"地下3層，地上14層鋼筋混凝土構造辦公廳及住宿類建築",
    "認可版本":"2015年版EEWH-RS",
    "認可等級":"黃金級",
    "rank":4,
    "有效期間":"2030年2月20日",
    "valid":"1",
    "認可類別":"標示",
    "設計人":"李兆嘉建築師事務所",
    "行政區":"新北市",
    "ditrict":"新店區",
    "地號":"新北市新店區斯馨段12地號辦公廳及住宿類建築",
    "建築物使用類別":"住宿類建築"
    }
  },
  {
    "type": "Feature",
    "geometry": {
       "type": "Point",
       "coordinates":  [ 121.486313,24.946168 ]
    },
    "properties": {
    "#":94,
    "建築物名稱":"安坑輕軌運輸系統計畫土建統包工程-行政大樓",
    "建築物概要":"地下1層，地上3層鋼筋混凝土構造辦公廳類建築",
    "認可版本":"2015年版EEWH-BC",
    "認可等級":"銀級",
    "rank":3,
    "有效期間":"2030年2月20日",
    "valid":"1",
    "認可類別":"標示",
    "設計人":"十匯聯合建築師事務所",
    "行政區":"新北市",
    "ditrict":"新店區",
    "地號":"新北市新店區雙城段1530,1544,1546-1,1548-1,1567,1568,1569,1570,1571,1583,1583-1,1584,1585,1586,1587,1588,1589,",
    "建築物使用類別":"辦公廳類建築"
    }
  },
  {
    "type": "Feature",
    "geometry": {
       "type": "Point",
       "coordinates":  [ 121.430369,24.963039 ]
    },
    "properties": {
    "#":95,
    "建築物名稱":"新北市土城國民中學附設幼兒園園舍新建工程",
    "建築物概要":"地上2層鋼筋混凝土構造學校類建築",
    "認可版本":"2019年版EEWH-BC(M)",
    "認可等級":"銅級",
    "rank":2,
    "有效期間":"2030年2月18日",
    "valid":"1",
    "認可類別":"標示",
    "設計人":"蔡世鏗建築師事務所",
    "行政區":"新北市",
    "ditrict":"土城區",
    "地號":"新北市土城區永寧段251-4地號等8筆學校類建築",
    "建築物使用類別":"學校類建築"
    }
  },
  {
    "type": "Feature",
    "geometry": {
       "type": "Point",
       "coordinates":  [ 121.486515,25.009866 ]
    },
    "properties": {
    "#":97,
    "建築物名稱":"華固中原置地",
    "建築物概要":"地下3層，地上11層鋼筋混凝土構造空調型(辦公分區)及其他類建築",
    "認可版本":"2019年版EEWH-GF",
    "認可等級":"銀級",
    "rank":3,
    "有效期間":"2030年1月22日",
    "valid":"1",
    "認可類別":"標示",
    "設計人":"宏景聯合建築師事務所",
    "行政區":"新北市",
    "ditrict":"中和區",
    "地號":"新北市中和區中原段506地號空調型(辦公分區)及其他類建築",
    "建築物使用類別":"辦公廳類建築"
    }
  },
  {
    "type": "Feature",
    "geometry": {
       "type": "Point",
       "coordinates":  [ 121.531714,24.978015 ]
    },
    "properties": {
    "#":98,
    "建築物名稱":"將捷旅闊",
    "建築物概要":"地下3層，地上13層鋼筋混凝土構造住宿類建築",
    "認可版本":"2015年版EEWH-RS",
    "認可等級":"黃金級",
    "rank":4,
    "有效期間":"2030年1月22日",
    "valid":"1",
    "認可類別":"標示",
    "設計人":"林長勲聯合建築師事務所",
    "行政區":"新北市",
    "ditrict":"新店區",
    "地號":"新北市新店區斯馨段112地號住宿類建築",
    "建築物使用類別":"住宿類建築"
    }
  },
  {
    "type": "Feature",
    "geometry": {
       "type": "Point",
       "coordinates":  [ 121.449673,24.984179 ]
    },
    "properties": {
    "#":99,
    "建築物名稱":"新北市立新北高工地下停車場暨校園設施統包工程",
    "建築物概要":"地下3層，地上1層鋼筋混凝土構造，鋼骨構造大型空間及其他類建築",
    "認可版本":"2019年版EEWH-BC",
    "認可等級":"合格級",
    "rank":1,
    "有效期間":"2030年1月20日",
    "valid":"1",
    "認可類別":"標示",
    "設計人":"公羽山松建築師事務所",
    "行政區":"新北市",
    "ditrict":"土城區",
    "地號":"新北市土城區樂利段969地號大型空間及其他類建築",
    "建築物使用類別":"其他類建築"
    }
  },
  {
    "type": "Feature",
    "geometry": {
       "type": "Point",
       "coordinates":  [ 121.465897,24.993117 ]
    },
    "properties": {
    "#":100,
    "建築物名稱":"五權公園停車場新建工程",
    "建築物概要":"地下3層，地上1層鋼筋混凝土構造其他類建築",
    "認可版本":"2015年版EEWH-BC",
    "認可等級":"銀級",
    "rank":3,
    "有效期間":"2030年1月16日",
    "valid":"1",
    "認可類別":"標示",
    "設計人":"蔡孟哲建築師事務所",
    "行政區":"新北市",
    "ditrict":"板橋區",
    "地號":"新北市板橋區信義段22地號等9筆其他類建築",
    "建築物使用類別":"其他類建築"
    }
  },
  {
    "type": "Feature",
    "geometry": {
       "type": "Point",
       "coordinates":  [ 121.459151,25.058007 ]
    },
    "properties": {
    "#":101,
    "建築物名稱":"宏匯思源廣場",
    "建築物概要":"地下3層，地上39層鋼骨構造，鋼筋混凝土構造空調型(辦公、商場、餐飲分區)及其他類建築",
    "認可版本":"2022年版EEWH-EB",
    "認可等級":"鑽石級",
    "rank":5,
    "有效期間":"2030年1月8日",
    "valid":"1",
    "認可類別":"標示",
    "設計人":"三門聯合建築師事務所",
    "行政區":"新北市",
    "ditrict":"新莊區",
    "地號":"新北市新莊區副都心段一小段35地號空調型(辦公、商場、餐飲分區)及其他類建築",
    "建築物使用類別":"百貨商場類建築"
    }
  },
  {
    "type": "Feature",
    "geometry": {
       "type": "Point",
       "coordinates":  [ 121.389837,24.932494 ]
    },
    "properties": {
    "#":102,
    "建築物名稱":"三峽營區新建統包工程",
    "建築物概要":"地上3層鋼筋混凝土造住宿及其他類建築",
    "認可版本":"2023年版EEWH-RS",
    "認可等級":"合格級",
    "rank":1,
    "有效期間":"2030年1月8日",
    "valid":"1",
    "認可類別":"標示",
    "設計人":"元鼎建築師事務所",
    "行政區":"新北市",
    "ditrict":"三峽區",
    "地號":"新北市三峽區溪南段971、972、973、974、975、976地號等6筆住宿及其他類建築",
    "建築物使用類別":"住宿類建築"
    }
  },
  {
    "type": "Feature",
    "geometry": {
       "type": "Point",
       "coordinates":  [ 121.460609,25.151754 ]
    },
    "properties": {
    "#":103,
    "建築物名稱":"大隱建設淡水區水仙段268地號等1筆集合住宅新建工程",
    "建築物概要":"地下3層，地上10層鋼筋混凝土構造住宿類建築",
    "認可版本":"2015年版EEWH-RS",
    "認可等級":"銀級",
    "rank":3,
    "有效期間":"2030年1月2日",
    "valid":"1",
    "認可類別":"標示",
    "設計人":"賴良政建築師事務所",
    "行政區":"新北市",
    "ditrict":"淡水區",
    "地號":"新北市淡水區水仙段268地號住宿類建築",
    "建築物使用類別":"住宿類建築"
    }
  },
  {
    "type": "Feature",
    "geometry": {
       "type": "Point",
       "coordinates":  [ 121.44951,25.059571 ]
    },
    "properties": {
    "#":104,
    "建築物名稱":"宏匯廣場",
    "建築物概要":"地下7層，地上14層鋼筋混凝土構造，鋼骨鋼筋混凝土構造，鋼骨構造空調型(辦公、商場、餐飲分區)及大型空間類建築",
    "認可版本":"2022年版EEWH-EB",
    "認可等級":"鑽石級",
    "rank":5,
    "有效期間":"2030年1月2日",
    "valid":"1",
    "認可類別":"標示",
    "設計人":"李祖原聯合建築師事務所",
    "行政區":"新北市",
    "ditrict":"新莊區",
    "地號":"新北市新莊區副都心段一小段280地號等2筆空調型(辦公、商場、餐飲分區)及大型空間類建築",
    "建築物使用類別":"大型空間類建築"
    }
  },
  {
    "type": "Feature",
    "geometry": {
       "type": "Point",
       "coordinates":  [ 121.474384,25.034933 ]
    },
    "properties": {
    "#":105,
    "建築物名稱":"立信建設股份有限公司板橋區江翠段商辦住宅新建工程",
    "建築物概要":"地下6層，地上19層鋼骨鋼筋混凝土構造，鋼骨構造辦公廳、百貨商場及住宿類建築",
    "認可版本":"2015年版EEWH-RS",
    "認可等級":"銀級",
    "rank":3,
    "有效期間":"2029年12月25日",
    "valid":"1",
    "認可類別":"標示",
    "設計人":"呂建勳建築師事務所",
    "行政區":"新北市",
    "ditrict":"板橋區",
    "地號":"新北市板橋區江翠段31地號辦公廳、百貨商場及住宿類建築",
    "建築物使用類別":"住宿類建築"
    }
  },
  {
    "type": "Feature",
    "geometry": {
       "type": "Point",
       "coordinates":  [ 121.460444,25.049845 ]
    },
    "properties": {
    "#":106,
    "建築物名稱":"新莊區捷運幸福站停車場新建統包工程",
    "建築物概要":"地下1層，地上4層鋼筋混凝土構造其他類建築",
    "認可版本":"2019年版EEWH-BC(M)",
    "認可等級":"銅級",
    "rank":2,
    "有效期間":"2029年12月24日",
    "valid":"1",
    "認可類別":"標示",
    "設計人":"吳坤曜建築師事務所",
    "行政區":"新北市",
    "ditrict":"新莊區",
    "地號":"新北市新莊區中原段306地號其他類建築",
    "建築物使用類別":"其他類建築"
    }
  },
  {
    "type": "Feature",
    "geometry": {
       "type": "Point",
       "coordinates":  [ 121.514815,24.964569 ]
    },
    "properties": {
    "#":107,
    "建築物名稱":"新店民安段青年社會住宅新建統包工程",
    "建築物概要":"地下3層，地上14層鋼筋混凝土構造住宿類建築",
    "認可版本":"2023年版EEWH-RS",
    "認可等級":"銀級",
    "rank":3,
    "有效期間":"2029年12月24日",
    "valid":"1",
    "認可類別":"標示",
    "設計人":"黃孟偉建築師事務所",
    "行政區":"新北市",
    "ditrict":"新店區",
    "地號":"新北市新店區民安段624地號住宿類建築",
    "建築物使用類別":"住宿類建築"
    }
  },
  {
    "type": "Feature",
    "geometry": {
       "type": "Point",
       "coordinates":  [ 121.374051,25.085761 ]
    },
    "properties": {
    "#":108,
    "建築物名稱":"聿馥居逸",
    "建築物概要":"地下2層，地上10層鋼筋混凝土構造辦公廳及住宿類建築",
    "認可版本":"2015年版EEWH-RS",
    "認可等級":"合格級",
    "rank":1,
    "有效期間":"2029年12月23日",
    "valid":"1",
    "認可類別":"標示",
    "設計人":"廖錦盈建築師事務所",
    "行政區":"新北市",
    "ditrict":"林口區",
    "地號":"新北市林口區力行段409地號辦公廳及住宿類建築",
    "建築物使用類別":"住宿類建築"
    }
  },
  {
    "type": "Feature",
    "geometry": {
       "type": "Point",
       "coordinates":  [ 121.401497,25.152303 ]
    },
    "properties": {
    "#":109,
    "建築物名稱":"新北市八里區臺北港段72地號集合住宅新建工程",
    "建築物概要":"地下3層，地上15層鋼筋混凝土構造辦公廳及住宿類建築",
    "認可版本":"2012年版EEWH-RS",
    "認可等級":"黃金級",
    "rank":4,
    "有效期間":"2029年12月15日",
    "valid":"1",
    "認可類別":"標示",
    "設計人":"黃潘宗建築師事務所",
    "行政區":"新北市",
    "ditrict":"八里區",
    "地號":"新北市八里區臺北港段72地號辦公廳及住宿類建築",
    "建築物使用類別":"住宿類建築"
    }
  },
  {
    "type": "Feature",
    "geometry": {
       "type": "Point",
       "coordinates":  [ 121.416287,24.984933 ]
    },
    "properties": {
    "#":110,
    "建築物名稱":"樹林東昇段208地號等1筆集合住宅新建工程",
    "建築物概要":"地下5層，地上22層鋼筋混凝土構造住宿類建築",
    "認可版本":"2012年版EEWH-RS",
    "認可等級":"銀級",
    "rank":3,
    "有效期間":"2029年12月10日",
    "valid":"1",
    "認可類別":"標示",
    "設計人":"李兆嘉建築師事務所",
    "行政區":"新北市",
    "ditrict":"樹林區",
    "地號":"新北市樹林區東昇段208地號等1筆住宿類建築",
    "建築物使用類別":"住宿類建築"
    }
  },
  {
    "type": "Feature",
    "geometry": {
       "type": "Point",
       "coordinates":  [ 121.435767,24.963991 ]
    },
    "properties": {
    "#":111,
    "建築物名稱":"皇翔建設土城區永和段207地號集合住宅新建工程",
    "建築物概要":"地下5層，地上20層鋼筋混凝土構造住宿類建築",
    "認可版本":"2015年版EEWH-RS",
    "認可等級":"黃金級",
    "rank":4,
    "有效期間":"2029年12月8日",
    "valid":"1",
    "認可類別":"標示",
    "設計人":"三門聯合建築師事務所",
    "行政區":"新北市",
    "ditrict":"土城區",
    "地號":"新北市土城區永和段207地號住宿類建築",
    "建築物使用類別":"住宿類建築"
    }
  },
  {
    "type": "Feature",
    "geometry": {
       "type": "Point",
       "coordinates":  [ 121.531324,24.978082 ]
    },
    "properties": {
    "#":112,
    "建築物名稱":"國泰建設新北市新店區斯馨段106地號集合住宅新建工程",
    "建築物概要":"地下3層，地上14層鋼筋混凝土構造住宿類建築",
    "認可版本":"2015年版EEWH-RS",
    "認可等級":"黃金級",
    "rank":4,
    "有效期間":"2029年12月5日",
    "valid":"1",
    "認可類別":"標示",
    "設計人":"蕭力仁建築師事務所",
    "行政區":"新北市",
    "ditrict":"新店區",
    "地號":"新北市新店區斯馨段106地號住宿類建築",
    "建築物使用類別":"住宿類建築"
    }
  },
  {
    "type": "Feature",
    "geometry": {
       "type": "Point",
       "coordinates":  [ 121.526697,24.980737 ]
    },
    "properties": {
    "#":113,
    "建築物名稱":"國美建設新店區斯馨段30地號集合住宅新建工程",
    "建築物概要":"地下3層，地上15層鋼筋混凝土構造辦公廳、住宿及其他類建築",
    "認可版本":"2015年版EEWH-RS",
    "認可等級":"黃金級",
    "rank":4,
    "有效期間":"2029年11月27日",
    "valid":"1",
    "認可類別":"標示",
    "設計人":"呂建勳建築師事務所",
    "行政區":"新北市",
    "ditrict":"新店區",
    "地號":"新北市新店區斯馨段30地號辦公廳、住宿及其他類建築",
    "建築物使用類別":"住宿類建築"
    }
  },
  {
    "type": "Feature",
    "geometry": {
       "type": "Point",
       "coordinates":  [ 121.483089,25.005346 ]
    },
    "properties": {
    "#":114,
    "建築物名稱":"華南商業銀行積穗分行",
    "建築物概要":"地上1層(部分空間)至地上2層(部分空間)鋼筋混凝土造空調型(辦公分區)建築",
    "認可版本":"2019年版EEWH-RN",
    "認可等級":"銅級",
    "rank":2,
    "有效期間":"2029年11月27日",
    "valid":"1",
    "認可類別":"標示",
    "設計人":"泰晟冷凍空調事務所",
    "行政區":"新北市",
    "ditrict":"中和區",
    "地號":"中和區板南段0575-0000、0577-0000、0578-0000地號空調型(辦公分區)建築",
    "建築物使用類別":"辦公廳類建築"
    }
  },
  {
    "type": "Feature",
    "geometry": {
       "type": "Point",
       "coordinates":  [ 121.526979,24.980505 ]
    },
    "properties": {
    "#":115,
    "建築物名稱":"長虹建設新店區斯馨段33地號新建工程",
    "建築物概要":"地下4層，地上15層鋼筋混凝土構造住宿類建築",
    "認可版本":"2015年版EEWH-RS",
    "認可等級":"黃金級",
    "rank":4,
    "有效期間":"2029年11月26日",
    "valid":"1",
    "認可類別":"標示",
    "設計人":"周文斌建築師事務所",
    "行政區":"新北市",
    "ditrict":"新店區",
    "地號":"新北市新店區斯馨段33地號住宿類建築",
    "建築物使用類別":"住宿類建築"
    }
  },
  {
    "type": "Feature",
    "geometry": {
       "type": "Point",
       "coordinates":  [ 121.450827,25.130895 ]
    },
    "properties": {
    "#":116,
    "建築物名稱":"八里龍形市場新建工程",
    "建築物概要":"地上4層鋼筋混凝土構造空調型(辦公、文教及商場分區)建築",
    "認可版本":"2019年版EEWH-BC(M)",
    "認可等級":"合格級",
    "rank":1,
    "有效期間":"2029年11月25日",
    "valid":"1",
    "認可類別":"標示",
    "設計人":"曹書生建築師事務所",
    "行政區":"新北市",
    "ditrict":"八里區",
    "地號":"新北市八里區龍米段2022地號等9筆空調型(辦公、文教及商場分區)建築",
    "建築物使用類別":"百貨商場類建築"
    }
  },
  {
    "type": "Feature",
    "geometry": {
       "type": "Point",
       "coordinates":  [ 121.665445,25.071485 ]
    },
    "properties": {
    "#":118,
    "建築物名稱":"國揚實業汐止區建成段集合住宅新建工程",
    "建築物概要":"地下4層，地上22層鋼筋混凝土構造住宿及其他類建築",
    "認可版本":"2015年版EEWH-RS",
    "認可等級":"黃金級",
    "rank":4,
    "有效期間":"2029年11月13日",
    "valid":"1",
    "認可類別":"標示",
    "設計人":"金以容建築師事務所",
    "行政區":"新北市",
    "ditrict":"汐止區",
    "地號":"新北市汐止區建成段866地號住宿及其他類建築",
    "建築物使用類別":"住宿類建築"
    }
  },
  {
    "type": "Feature",
    "geometry": {
       "type": "Point",
       "coordinates":  [ 121.524191,25.001786 ]
    },
    "properties": {
    "#":119,
    "建築物名稱":"新北市永和區林森段集合住宅新建工程",
    "建築物概要":"地下5層，地上15層鋼筋混凝土構造住宿類建築",
    "認可版本":"2015年版EEWH-RS",
    "認可等級":"銀級",
    "rank":3,
    "有效期間":"2029年11月12日",
    "valid":"1",
    "認可類別":"標示",
    "設計人":"李岳軍建築師事務所",
    "行政區":"新北市",
    "ditrict":"永和區",
    "地號":"新北市永和區林森段702地號住宿類建築",
    "建築物使用類別":"住宿類建築"
    }
  },
  {
    "type": "Feature",
    "geometry": {
       "type": "Point",
       "coordinates":  [ 121.429384,25.176085 ]
    },
    "properties": {
    "#":120,
    "建築物名稱":"滬尾藝文休閒園區",
    "建築物概要":"地下3層，地上6層鋼骨鋼筋混凝土構造空調型(商場、餐飲、旅館分區)及大型空間類建築",
    "認可版本":"2022年版EEWH-EB",
    "認可等級":"鑽石級",
    "rank":5,
    "有效期間":"2029年11月8日",
    "valid":"1",
    "認可類別":"標示",
    "設計人":"九典聯合建築師事務所",
    "行政區":"新北市",
    "ditrict":"淡水區",
    "地號":"新北市淡水區天生段1613地號等10筆空調型(商場、餐飲、旅館分區)及大型空間類建築",
    "建築物使用類別":"大型空間類建築"
    }
  },
  {
    "type": "Feature",
    "geometry": {
       "type": "Point",
       "coordinates":  [ 121.461607,25.146834 ]
    },
    "properties": {
    "#":121,
    "建築物名稱":"瓏山林建設水仙段集合住宅新建工程",
    "建築物概要":"地下5層，地上18層鋼筋混凝土構造住宿類建築",
    "認可版本":"2012年版EEWH-RS",
    "認可等級":"銀級",
    "rank":3,
    "有效期間":"2029年11月7日",
    "valid":"1",
    "認可類別":"標示",
    "設計人":"台北國際聯合建築師事務所",
    "行政區":"新北市",
    "ditrict":"淡水區",
    "地號":"新北市淡水區水仙段540-0000地號等8筆住宿類建築",
    "建築物使用類別":"住宿類建築"
    }
  },
  {
    "type": "Feature",
    "geometry": {
       "type": "Point",
       "coordinates":  [ 121.454697,24.98069 ]
    },
    "properties": {
    "#":122,
    "建築物名稱":"土城明德段219、220、221地號集合住宅新建工程",
    "建築物概要":"地下4層，地上15層鋼筋混凝土構造辦公廳及住宿類建築",
    "認可版本":"2015年版EEWH-RS",
    "認可等級":"鑽石級",
    "rank":5,
    "有效期間":"2029年10月29日",
    "valid":"1",
    "認可類別":"標示",
    "設計人":"許國勝建築師事務所",
    "行政區":"新北市",
    "ditrict":"土城區",
    "地號":"新北市土城區明德段219地號辦公廳及住宿類建築",
    "建築物使用類別":"住宿類建築"
    }
  },
  {
    "type": "Feature",
    "geometry": {
       "type": "Point",
       "coordinates":  [ 121.461701,25.151401 ]
    },
    "properties": {
    "#":123,
    "建築物名稱":"大隱建設淡水區水仙段222地號等1筆集合住宅新建工程",
    "建築物概要":"地下3層，地上7層鋼筋混凝土構造住宿類建築",
    "認可版本":"2012年版EEWH-RS",
    "認可等級":"銀級",
    "rank":3,
    "有效期間":"2029年10月29日",
    "valid":"1",
    "認可類別":"標示",
    "設計人":"謝政吉建築師事務所",
    "行政區":"新北市",
    "ditrict":"淡水區",
    "地號":"新北市淡水區水仙段222地號住宿類建築",
    "建築物使用類別":"住宿類建築"
    }
  },
  {
    "type": "Feature",
    "geometry": {
       "type": "Point",
       "coordinates":  [ 121.369347,25.074234 ]
    },
    "properties": {
    "#":124,
    "建築物名稱":"林口區力行段892地號新建工程",
    "建築物概要":"地下4層，地上30層鋼筋混凝土構造住宿類建築",
    "認可版本":"2012年版EEWH-RS",
    "認可等級":"合格級",
    "rank":1,
    "有效期間":"2029年10月24日",
    "valid":"1",
    "認可類別":"標示",
    "設計人":"劉演交建築師事務所",
    "行政區":"新北市",
    "ditrict":"林口區",
    "地號":"新北市林口區力行段892地號住宿類建築",
    "建築物使用類別":"住宿類建築"
    }
  },
  {
    "type": "Feature",
    "geometry": {
       "type": "Point",
       "coordinates":  [ 121.494655,25.000089 ]
    },
    "properties": {
    "#":126,
    "建築物名稱":"中和安邦段青年社會住宅新建統包工程",
    "建築物概要":"地下3層，地上24層鋼筋混凝土構造辦公廳、住宿及學校類建築",
    "認可版本":"2015年版EEWH-RS",
    "認可等級":"黃金級",
    "rank":4,
    "有效期間":"2029年10月20日",
    "valid":"1",
    "認可類別":"標示",
    "設計人":"王正源建築師事務所",
    "行政區":"新北市",
    "ditrict":"中和區",
    "地號":"新北市中和區安邦段58地號等5筆辦公廳、住宿及學校類建築",
    "建築物使用類別":"住宿類建築"
    }
  },
  {
    "type": "Feature",
    "geometry": {
       "type": "Point",
       "coordinates":  [ 121.429384,25.176085 ]
    },
    "properties": {
    "#":127,
    "建築物名稱":"新北市滬尾藝文休閒園區興建營運移轉工程",
    "建築物概要":"地下3層，地上6層鋼骨鋼筋混凝土構造百貨商場、旅館餐飲及大型空間類建築",
    "認可版本":"2012年版EEWH-BC",
    "認可等級":"鑽石級",
    "rank":5,
    "有效期間":"2029年10月15日",
    "valid":"1",
    "認可類別":"標示",
    "設計人":"九典聯合建築師事務所",
    "行政區":"新北市",
    "ditrict":"淡水區",
    "地號":"新北市淡水區天生段1613地號等10筆百貨商場、旅館餐飲及大型空間類建築",
    "建築物使用類別":"大型空間類建築"
    }
  },
  {
    "type": "Feature",
    "geometry": {
       "type": "Point",
       "coordinates":  [ 121.474511,25.029325 ]
    },
    "properties": {
    "#":128,
    "建築物名稱":"板橋區江子翠段第二崁小段156地號土地集合住宅、店鋪新建工程",
    "建築物概要":"地下4層，地上14層鋼筋混凝土構造辦公廳及住宿類建築",
    "認可版本":"2015年版EEWH-RS",
    "認可等級":"銀級",
    "rank":3,
    "有效期間":"2029年10月13日",
    "valid":"1",
    "認可類別":"標示",
    "設計人":"陳燦榮建築師事務所",
    "行政區":"新北市",
    "ditrict":"板橋區",
    "地號":"新北市板橋區江子翠段第二崁小段156地號辦公廳及住宿類建築",
    "建築物使用類別":"住宿類建築"
    }
  },
  {
    "type": "Feature",
    "geometry": {
       "type": "Point",
       "coordinates":  [ 121.53114,24.977324 ]
    },
    "properties": {
    "#":129,
    "建築物名稱":"新店區斯馨段108地號等1筆土地集合住宅新建工程",
    "建築物概要":"地下3層，地上20層鋼筋混凝土構造辦公廳及住宿類建築",
    "認可版本":"2015年版EEWH-RS",
    "認可等級":"黃金級",
    "rank":4,
    "有效期間":"2029年10月10日",
    "valid":"1",
    "認可類別":"標示",
    "設計人":"鑄力聯合建築師事務所",
    "行政區":"新北市",
    "ditrict":"新店區",
    "地號":"新北市新店區斯馨段108地號辦公廳及住宿類建築",
    "建築物使用類別":"住宿類建築"
    }
  },
  {
    "type": "Feature",
    "geometry": {
       "type": "Point",
       "coordinates":  [ 121.668922,25.070529 ]
    },
    "properties": {
    "#":130,
    "建築物名稱":"111-113年度汐止度量衡專業實驗室新建(含拆除)工程",
    "建築物概要":"地下1層，地上2層鋼筋混凝土構造空調型(辦公分區)建築",
    "認可版本":"2019年版EEWH-BC",
    "認可等級":"合格級",
    "rank":1,
    "有效期間":"2029年10月3日",
    "valid":"1",
    "認可類別":"標示",
    "設計人":"許智凱建築師事務所",
    "行政區":"新北市",
    "ditrict":"汐止區",
    "地號":"新北市汐止區崇德段726地號等2筆空調型(辦公分區)建築",
    "建築物使用類別":"辦公廳類建築"
    }
  },
  {
    "type": "Feature",
    "geometry": {
       "type": "Point",
       "coordinates":  [ 121.428891,25.070421 ]
    },
    "properties": {
    "#":131,
    "建築物名稱":"祥德開發五股區登林段集合住宅新建工程",
    "建築物概要":"地下5層，地上24層鋼筋混凝土構造住宿及其他類建築",
    "認可版本":"2015年版EEWH-RS",
    "認可等級":"銀級",
    "rank":3,
    "有效期間":"2029年10月3日",
    "valid":"1",
    "認可類別":"標示",
    "設計人":"陳金水聯合建築師事務所",
    "行政區":"新北市",
    "ditrict":"五股區",
    "地號":"新北市五股區登林段726地號住宿及其他類建築",
    "建築物使用類別":"住宿類建築"
    }
  },
  {
    "type": "Feature",
    "geometry": {
       "type": "Point",
       "coordinates":  [ 121.441458,24.969429 ]
    },
    "properties": {
    "#":133,
    "建築物名稱":"新北市土城區忠義段378地號新建工程",
    "建築物概要":"地下2層，地上8層鋼筋混凝土構造大型空間類建築",
    "認可版本":"2015年版EEWH-GF",
    "認可等級":"銀級",
    "rank":3,
    "有效期間":"2029年9月26日",
    "valid":"1",
    "認可類別":"標示",
    "設計人":"陳燦榮建築師事務所",
    "行政區":"新北市",
    "ditrict":"土城區",
    "地號":"新北市土城區忠義段378地號大型空間類建築",
    "建築物使用類別":"大型空間類建築"
    }
  },
  {
    "type": "Feature",
    "geometry": {
       "type": "Point",
       "coordinates":  [ 121.524638,24.980943 ]
    },
    "properties": {
    "#":134,
    "建築物名稱":"茂德建設新店區斯馨段13地號土地店鋪/集合住宅新建工程",
    "建築物概要":"地下5層，地上15層鋼筋混凝土構造住宿類建築",
    "認可版本":"2015年版EEWH-RS",
    "認可等級":"銀級",
    "rank":3,
    "有效期間":"2029年9月4日",
    "valid":"1",
    "認可類別":"標示",
    "設計人":"陳朝雄建築師事務所",
    "行政區":"新北市",
    "ditrict":"新店區",
    "地號":"新北市新店區斯馨段13地號住宿類建築",
    "建築物使用類別":"住宿類建築"
    }
  },
  {
    "type": "Feature",
    "geometry": {
       "type": "Point",
       "coordinates":  [ 121.508624,24.991885 ]
    },
    "properties": {
    "#":135,
    "建築物名稱":"漢親建設新北市中和區大華段集合住宅新建工程",
    "建築物概要":"地下5層，地上27層鋼筋混凝土構造住宿類建築",
    "認可版本":"2012年版EEWH-RS",
    "認可等級":"銀級",
    "rank":3,
    "有效期間":"2029年8月29日",
    "valid":"1",
    "認可類別":"標示",
    "設計人":"黃翔龍建築師事務所",
    "行政區":"新北市",
    "ditrict":"中和區",
    "地號":"新北市中和區大華段681地號住宿類建築",
    "建築物使用類別":"住宿類建築"
    }
  },
  {
    "type": "Feature",
    "geometry": {
       "type": "Point",
       "coordinates":  [ 121.455441,25.056489 ]
    },
    "properties": {
    "#":136,
    "建築物名稱":"昌平城堡多功能樂活館新建工程",
    "建築物概要":"地上3層鋼筋混凝土構造學校及大型空間類建築",
    "認可版本":"2015年版EEWH-BC",
    "認可等級":"合格級",
    "rank":1,
    "有效期間":"2029年8月29日",
    "valid":"1",
    "認可類別":"標示",
    "設計人":"吳瑞宏建築師事務所",
    "行政區":"新北市",
    "ditrict":"新莊區",
    "地號":"新北市新莊區副都心段八小段1地號等2筆學校及大型空間類建築",
    "建築物使用類別":"大型空間類建築"
    }
  },
  {
    "type": "Feature",
    "geometry": {
       "type": "Point",
       "coordinates":  [ 121.423063,24.9626 ]
    },
    "properties": {
    "#":137,
    "建築物名稱":"國泰人壽土城沛陂段新建工程",
    "建築物概要":"地下1層，地上10層鋼筋混凝土構造學校及大型空間類建築",
    "認可版本":"2015年版EEWH-GF",
    "認可等級":"銀級",
    "rank":3,
    "有效期間":"2029年8月28日",
    "valid":"1",
    "認可類別":"標示",
    "設計人":"陳傳宗建築師事務所",
    "行政區":"新北市",
    "ditrict":"土城區",
    "地號":"新北市土城區沛陂段390地號等8筆學校及大型空間類建築",
    "建築物使用類別":"大型空間類建築"
    }
  },
  {
    "type": "Feature",
    "geometry": {
       "type": "Point",
       "coordinates":  [ 121.451642,24.980573 ]
    },
    "properties": {
    "#":138,
    "建築物名稱":"家泰明心",
    "建築物概要":"地下5層，地上15層鋼筋混凝土構造辦公廳及住宿類建築",
    "認可版本":"2015年版EEWH-BC",
    "認可等級":"黃金級",
    "rank":4,
    "有效期間":"2029年8月25日",
    "valid":"1",
    "認可類別":"標示",
    "設計人":"彭繼賢建築師事務所",
    "行政區":"新北市",
    "ditrict":"土城區",
    "地號":"新北市土城區明德段21地號辦公廳及住宿類建築",
    "建築物使用類別":"辦公廳類建築"
    }
  },
  {
    "type": "Feature",
    "geometry": {
       "type": "Point",
       "coordinates":  [ 121.366565,25.142633 ]
    },
    "properties": {
    "#":139,
    "建築物名稱":"臺北港南碼頭區公共建築新建工程",
    "建築物概要":"地下1 層，地上4層鋼筋混凝土構造辦公廳及其他類建築",
    "認可版本":"2015年版EEWH-BC",
    "認可等級":"銀級",
    "rank":3,
    "有效期間":"2029年8月18日",
    "valid":"1",
    "認可類別":"標示",
    "設計人":"林智灝建築師事務所",
    "行政區":"新北市",
    "ditrict":"八里區",
    "地號":"新北市八里區下罟子段下罟子小段555地號辦公廳及其他類建築",
    "建築物使用類別":"其他類建築"
    }
  },
  {
    "type": "Feature",
    "geometry": {
       "type": "Point",
       "coordinates":  [ 121.446048,24.950741 ]
    },
    "properties": {
    "#":141,
    "建築物名稱":"承天禪寺南天母段845等11筆地號寮房新建工程",
    "建築物概要":"地下2層，地上3層鋼筋混凝土構造住宿及其他類建築",
    "認可版本":"2015年版EEWH-RS",
    "認可等級":"銀級",
    "rank":3,
    "有效期間":"2029年8月1日",
    "valid":"1",
    "認可類別":"標示",
    "設計人":"吳非士建築師事務所",
    "行政區":"新北市",
    "ditrict":"土城區",
    "地號":"新北市土城區南天母段845地號等11筆住宿及其他類建築",
    "建築物使用類別":"住宿類建築"
    }
  },
  {
    "type": "Feature",
    "geometry": {
       "type": "Point",
       "coordinates":  [ 121.447982,25.001997 ]
    },
    "properties": {
    "#":142,
    "建築物名稱":"新北市板橋區中山國民小學整體規劃老舊校舍改建暨地下停車場工程",
    "建築物概要":"地下2層，地上5層鋼筋混凝土構造，鋼骨構造，鋼骨鋼筋混凝土構造學校及其他類建築",
    "認可版本":"2015年版EEWH-BC",
    "認可等級":"合格級",
    "rank":1,
    "有效期間":"2029年7月21日",
    "valid":"1",
    "認可類別":"標示",
    "設計人":"楊天柱建築師事務所",
    "行政區":"新北市",
    "ditrict":"板橋區",
    "地號":"新北市板橋區力行段197-1地號等3筆學校及其他類建築",
    "建築物使用類別":"學校類建築"
    }
  },
  {
    "type": "Feature",
    "geometry": {
       "type": "Point",
       "coordinates":  [ 121.65979,25.054188 ]
    },
    "properties": {
    "#":143,
    "建築物名稱":"甲山林建設汐止區康誥坑段住宅大樓新建工程",
    "建築物概要":"地下3層，地上6層鋼筋混凝土構造住宿類建築",
    "認可版本":"2009年版",
    "認可等級":"銀級",
    "rank":3,
    "有效期間":"2029年7月17日",
    "valid":"1",
    "認可類別":"標示",
    "設計人":"郭秋利建築師事務所 原大聯合建築師事務所",
    "行政區":"新北市",
    "ditrict":"汐止區",
    "地號":"新北市汐止區秀山段1083地號等20筆住宿類建築",
    "建築物使用類別":"住宿類建築"
    }
  },
  {
    "type": "Feature",
    "geometry": {
       "type": "Point",
       "coordinates":  [ 121.525584,24.97657 ]
    },
    "properties": {
    "#":144,
    "建築物名稱":"新店區中央段888地號新建工程",
    "建築物概要":"地下3層，地上11層鋼筋混凝土構造住宿類建築",
    "認可版本":"2015年版EEWH-RS",
    "認可等級":"銀級",
    "rank":3,
    "有效期間":"2029年7月15日",
    "valid":"1",
    "認可類別":"標示",
    "設計人":"林連璋建築師事務所",
    "行政區":"新北市",
    "ditrict":"新店區",
    "地號":"新北市新店區中央段888地號住宿類建築",
    "建築物使用類別":"住宿類建築"
    }
  },
  {
    "type": "Feature",
    "geometry": {
       "type": "Point",
       "coordinates":  [ 121.453875,25.058455 ]
    },
    "properties": {
    "#":145,
    "建築物名稱":"新莊區副都心段一小段47地號辦公大樓新建工程",
    "建築物概要":"地下5層，地上20層鋼骨構造，鋼骨鋼筋混凝土構造辦公廳及百貨商場類建築",
    "認可版本":"2015年版EEWH-BC",
    "認可等級":"黃金級",
    "rank":4,
    "有效期間":"2029年7月11日",
    "valid":"1",
    "認可類別":"標示",
    "設計人":"蕭家福聯合建築師事務所",
    "行政區":"新北市",
    "ditrict":"新莊區",
    "地號":"新北市新莊區副都心段一小段47地號辦公廳及百貨商場類建築",
    "建築物使用類別":"辦公廳類建築"
    }
  },
  {
    "type": "Feature",
    "geometry": {
       "type": "Point",
       "coordinates":  [ 121.442018,25.182976 ]
    },
    "properties": {
    "#":146,
    "建築物名稱":"益翔建設新北市淡水區新興段167地號集合住宅大樓新建工程",
    "建築物概要":"地下4層，地上9層鋼筋混凝土構造住宿類建築",
    "認可版本":"2015年版EEWH-RS",
    "認可等級":"銀級",
    "rank":3,
    "有效期間":"2029年7月9日",
    "valid":"1",
    "認可類別":"標示",
    "設計人":"閤康聯合建築師事務所",
    "行政區":"新北市",
    "ditrict":"淡水區",
    "地號":"新北市淡水區新興段167地號住宿類建築",
    "建築物使用類別":"住宿類建築"
    }
  },
  {
    "type": "Feature",
    "geometry": {
       "type": "Point",
       "coordinates":  [ 121.375621,25.081144 ]
    },
    "properties": {
    "#":147,
    "建築物名稱":"林口力行段貳拾肆層一般零售或服務業及集合住宅新建工程",
    "建築物概要":"地下4層，地上24層鋼筋混凝土構造住宿類建築",
    "認可版本":"2015年版EEWH-RS",
    "認可等級":"合格級",
    "rank":1,
    "有效期間":"2029年7月7日",
    "valid":"1",
    "認可類別":"標示",
    "設計人":"相承建築師事務所",
    "行政區":"新北市",
    "ditrict":"林口區",
    "地號":"新北市林口區力行段211地號住宿類建築",
    "建築物使用類別":"住宿類建築"
    }
  },
  {
    "type": "Feature",
    "geometry": {
       "type": "Point",
       "coordinates":  [ 121.39243,25.142707 ]
    },
    "properties": {
    "#":148,
    "建築物名稱":"新北市八里區訊塘段11等1筆地號集合住宅新建工程",
    "建築物概要":"地下3層，地上14層鋼筋混凝土構造住宿類建築",
    "認可版本":"2012年版EEWH-RS",
    "認可等級":"銀級",
    "rank":3,
    "有效期間":"2029年7月7日",
    "valid":"1",
    "認可類別":"標示",
    "設計人":"施振華建築師事務所",
    "行政區":"新北市",
    "ditrict":"八里區",
    "地號":"新北市八里區訊塘段11地號住宿類建築",
    "建築物使用類別":"住宿類建築"
    }
  },
  {
    "type": "Feature",
    "geometry": {
       "type": "Point",
       "coordinates":  [ 121.503421,25.005275 ]
    },
    "properties": {
    "#":149,
    "建築物名稱":"新北市中和區佳和公園新建幼兒園與公托中心暨共構地下停車場統包工程",
    "建築物概要":"地下2層，地上4層鋼筋混凝土構造學校及大型空間類建築",
    "認可版本":"2015年版EEWH-BC",
    "認可等級":"合格級",
    "rank":1,
    "有效期間":"2029年7月2日",
    "valid":"1",
    "認可類別":"標示",
    "設計人":"楊志宏建築師事務所",
    "行政區":"新北市",
    "ditrict":"中和區",
    "地號":"新北市中和區莊敬段25地號等10筆學校及大型空間類建築",
    "建築物使用類別":"學校類建築"
    }
  },
  {
    "type": "Feature",
    "geometry": {
       "type": "Point",
       "coordinates":  [ 121.439068,24.973837 ]
    },
    "properties": {
    "#":150,
    "建築物名稱":"臺灣商務印書館重建案",
    "建築物概要":"地下2層，地上8層鋼筋混凝土構造大型空間類建築",
    "認可版本":"2015年版EEWH-GF",
    "認可等級":"黃金級",
    "rank":4,
    "有效期間":"2029年6月25日",
    "valid":"1",
    "認可類別":"標示",
    "設計人":"逸華建築師事務所",
    "行政區":"新北市",
    "ditrict":"土城區",
    "地號":"新北市土城區大安段232地號等2筆大型空間類建築",
    "建築物使用類別":"大型空間類建築"
    }
  },
  {
    "type": "Feature",
    "geometry": {
       "type": "Point",
       "coordinates":  [ 121.438897,24.966144 ]
    },
    "properties": {
    "#":151,
    "建築物名稱":"土城大安段青年社會住宅新建統包工程",
    "建築物概要":"地下3層，地上10層鋼筋混凝土構造住宿及學校類建築",
    "認可版本":"2015年版EEWH-RS",
    "認可等級":"銀級",
    "rank":3,
    "有效期間":"2029年6月25日",
    "valid":"1",
    "認可類別":"標示",
    "設計人":"黃孟偉建築師事務所",
    "行政區":"新北市",
    "ditrict":"土城區",
    "地號":"新北市土城區大安段731-5地號住宿及學校類建築",
    "建築物使用類別":"住宿類建築"
    }
  },
  {
    "type": "Feature",
    "geometry": {
       "type": "Point",
       "coordinates":  [ 121.435795,24.964637 ]
    },
    "properties": {
    "#":152,
    "建築物名稱":"土城永和段青年社會住宅新建統包工程",
    "建築物概要":"地下3層，地上12層鋼筋混凝土構造住宿類建築",
    "認可版本":"2015年版EEWH-RS",
    "認可等級":"銀級",
    "rank":3,
    "有效期間":"2029年6月25日",
    "valid":"1",
    "認可類別":"標示",
    "設計人":"黃孟偉建築師事務所",
    "行政區":"新北市",
    "ditrict":"土城區",
    "地號":"新北市土城區永和段207-5地號等3筆住宿類建築",
    "建築物使用類別":"住宿類建築"
    }
  },
  {
    "type": "Feature",
    "geometry": {
       "type": "Point",
       "coordinates":  [ 121.453187,25.175563 ]
    },
    "properties": {
    "#":153,
    "建築物名稱":"財團法人淡江大學學校教室、附屬設施(會議廳)暨戶外停車空間新建工程",
    "建築物概要":"地下2層，地上4層鋼筋混凝土構造學校及大型空間類建築",
    "認可版本":"2015年版EEWH-BC",
    "認可等級":"銀級",
    "rank":3,
    "有效期間":"2029年6月18日",
    "valid":"1",
    "認可類別":"標示",
    "設計人":"徐維志建築師事務所 高世銘建築師事務所",
    "行政區":"新北市",
    "ditrict":"淡水區",
    "地號":"新北市淡水區中興段129地號等34筆學校及大型空間類建築",
    "建築物使用類別":"學校類建築"
    }
  },
  {
    "type": "Feature",
    "geometry": {
       "type": "Point",
       "coordinates":  [ 121.464236,25.006117 ]
    },
    "properties": {
    "#":154,
    "建築物名稱":"榮泰開發板橋民族段店鋪、集合住宅新建工程",
    "建築物概要":"地下6層，地上29層鋼骨鋼筋混凝土構造住宿類建築",
    "認可版本":"2015年版EEWH-RS",
    "認可等級":"黃金級",
    "rank":4,
    "有效期間":"2029年6月17日",
    "valid":"1",
    "認可類別":"標示",
    "設計人":"陳聰亨建築師事務所",
    "行政區":"新北市",
    "ditrict":"板橋區",
    "地號":"新北市板橋區民族段1372地號住宿類建築",
    "建築物使用類別":"住宿類建築"
    }
  },
  {
    "type": "Feature",
    "geometry": {
       "type": "Point",
       "coordinates":  [ 121.49145,24.994363 ]
    },
    "properties": {
    "#":155,
    "建築物名稱":"將捷美華新建工程",
    "建築物概要":"地下2層，地上13層鋼筋混凝土構造住宿類建築",
    "認可版本":"2012年版EEWH-RS",
    "認可等級":"銀級",
    "rank":3,
    "有效期間":"2029年6月10日",
    "valid":"1",
    "認可類別":"標示",
    "設計人":"林長勲聯合建築師事務所",
    "行政區":"新北市",
    "ditrict":"中和區",
    "地號":"新北市中和區台貿段0154-0地號等1筆住宿類建築",
    "建築物使用類別":"住宿類建築"
    }
  },
  {
    "type": "Feature",
    "geometry": {
       "type": "Point",
       "coordinates":  [ 121.492291,25.062574 ]
    },
    "properties": {
    "#":156,
    "建築物名稱":"築禾建設三重區大仁段集合住宅大樓新建工程",
    "建築物概要":"地下5層，地上27層鋼骨鋼筋混凝土構造辦公廳及住宿類建築",
    "認可版本":"2009年版",
    "認可等級":"黃金級",
    "rank":4,
    "有效期間":"2029年6月6日",
    "valid":"1",
    "認可類別":"標示",
    "設計人":"吳成榮建築師事務所",
    "行政區":"新北市",
    "ditrict":"三重區",
    "地號":"新北市三重區大仁段705地號辦公廳及住宿類建築",
    "建築物使用類別":"住宿類建築"
    }
  },
  {
    "type": "Feature",
    "geometry": {
       "type": "Point",
       "coordinates":  [ 121.6234,25.06755 ]
    },
    "properties": {
    "#":157,
    "建築物名稱":"百富地產開發股份有限公司新北市汐止區北山段1323等1筆地號工廠新建工程",
    "建築物概要":"地下4層，地上6層鋼筋混凝土構造大型空間類建築",
    "認可版本":"2015年版EEWH-GF",
    "認可等級":"黃金級",
    "rank":4,
    "有效期間":"2029年6月4日",
    "valid":"1",
    "認可類別":"標示",
    "設計人":"蕭家福聯合建築師事務所",
    "行政區":"新北市",
    "ditrict":"汐止區",
    "地號":"新北市汐止區北山段1323地號大型空間類建築",
    "建築物使用類別":"大型空間類建築"
    }
  },
  {
    "type": "Feature",
    "geometry": {
       "type": "Point",
       "coordinates":  [ 121.672149,25.078323 ]
    },
    "properties": {
    "#":161,
    "建築物名稱":"嘉里大榮物流股份有限公司汐止站新建工程",
    "建築物概要":"地上4層鋼骨構造，鋼筋混凝土構造空調型(辦公分區)及其他類建築",
    "認可版本":"2019年版EEWH-BC",
    "認可等級":"銀級",
    "rank":3,
    "有效期間":"2029年5月26日",
    "valid":"1",
    "認可類別":"標示",
    "設計人":"金光裕建築師事務所",
    "行政區":"新北市",
    "ditrict":"汐止區",
    "地號":"新北市汐止區長安段390-02地號等13筆空調型(辦公分區)及其他類建築",
    "建築物使用類別":"辦公廳類建築"
    }
  },
  {
    "type": "Feature",
    "geometry": {
       "type": "Point",
       "coordinates":  [ 121.445943,24.981692 ]
    },
    "properties": {
    "#":163,
    "建築物名稱":"尚志資產開發新北市土城區員和段123-10地號等1筆土地集合住宅新建工程",
    "建築物概要":"地下4層，地上19層鋼筋混凝土構造辦公廳、住宿及其他類建築",
    "認可版本":"2012年版EEWH-RS",
    "認可等級":"黃金級",
    "rank":4,
    "有效期間":"2029年5月5日",
    "valid":"1",
    "認可類別":"標示",
    "設計人":"徐維志建築師事務所",
    "行政區":"新北市",
    "ditrict":"土城區",
    "地號":"新北市土城區員和段123-10地號辦公廳、住宿及其他類建築",
    "建築物使用類別":"住宿類建築"
    }
  },
  {
    "type": "Feature",
    "geometry": {
       "type": "Point",
       "coordinates":  [ 121.542192,24.978254 ]
    },
    "properties": {
    "#":164,
    "建築物名稱":"台灣中油股份有限公司大豐加油站改建工程",
    "建築物概要":"地上2層鋼構造其他類建築",
    "認可版本":"2015年版EEWH-BC",
    "認可等級":"合格級",
    "rank":1,
    "有效期間":"2029年4月29日",
    "valid":"1",
    "認可類別":"標示",
    "設計人":"禾邦建築師事務所",
    "行政區":"新北市",
    "ditrict":"新店區",
    "地號":"新北市新店區明德段0061-0000地號等1筆其他類建築",
    "建築物使用類別":"其他類建築"
    }
  },
  {
    "type": "Feature",
    "geometry": {
       "type": "Point",
       "coordinates":  [ 121.526966,24.978875 ]
    },
    "properties": {
    "#":165,
    "建築物名稱":"鑫怡建設/捷洋開發新店區斯馨段46地號集合住宅新建工程",
    "建築物概要":"地下4層，地上22層鋼筋混凝土構造住宿類建築",
    "認可版本":"2015年版EEWH-RS",
    "認可等級":"鑽石級",
    "rank":5,
    "有效期間":"2029年4月25日",
    "valid":"1",
    "認可類別":"標示",
    "設計人":"三門聯合建築師事務所",
    "行政區":"新北市",
    "ditrict":"新店區",
    "地號":"新北市新店區斯馨段46地號住宿類建築",
    "建築物使用類別":"住宿類建築"
    }
  },
  {
    "type": "Feature",
    "geometry": {
       "type": "Point",
       "coordinates":  [ 121.491621,24.998415 ]
    },
    "properties": {
    "#":168,
    "建築物名稱":"德恩建設中和健康段339地號作業廠房新建工程",
    "建築物概要":"地下3層，地上17層鋼筋混凝土構造辦公廳及大型空間類建築",
    "認可版本":"2015年版EEWH-GF",
    "認可等級":"銀級",
    "rank":3,
    "有效期間":"2029年3月28日",
    "valid":"1",
    "認可類別":"標示",
    "設計人":"呂佳隆建築師事務所",
    "行政區":"新北市",
    "ditrict":"中和區",
    "地號":"新北市中和區健康段339地號辦公廳及大型空間類建築",
    "建築物使用類別":"大型空間類建築"
    }
  },
  {
    "type": "Feature",
    "geometry": {
       "type": "Point",
       "coordinates":  [ 121.409899,25.044095 ]
    },
    "properties": {
    "#":169,
    "建築物名稱":"南亞科技5A廠主廠房資材棟新建專案",
    "建築物概要":"地上4層鋼骨構造，鋼筋混凝土構造空調型(辦公分區)及其他類建築",
    "認可版本":"2023年版EEWH-BC",
    "認可等級":"銀級",
    "rank":3,
    "有效期間":"2029年3月27日",
    "valid":"1",
    "認可類別":"標示",
    "設計人":"宗邁建築師事務所",
    "行政區":"新北市",
    "ditrict":"泰山區",
    "地號":"新北市泰山區自強段578地號等10筆空調型(辦公分區)及其他類建築",
    "建築物使用類別":"辦公廳類建築"
    }
  },
  {
    "type": "Feature",
    "geometry": {
       "type": "Point",
       "coordinates":  [ 121.390803,25.074268 ]
    },
    "properties": {
    "#":170,
    "建築物名稱":"林口康橋國際學校校舍新建工程",
    "建築物概要":"地下1層，地上8層鋼筋混凝土構造，鋼骨構造住宿、學校及其他類建築",
    "認可版本":"2015年版EEWH-BC",
    "認可等級":"銀級",
    "rank":3,
    "有效期間":"2029年3月26日",
    "valid":"1",
    "認可類別":"標示",
    "設計人":"邑相聯合建築師事務所",
    "行政區":"新北市",
    "ditrict":"林口區",
    "地號":"新北市林口區新林段324地號等1筆住宿、學校及其他類建築",
    "建築物使用類別":"學校類建築"
    }
  },
  {
    "type": "Feature",
    "geometry": {
       "type": "Point",
       "coordinates":  [ 121.507757,24.988038 ]
    },
    "properties": {
    "#":171,
    "建築物名稱":"新北市中和區南勢段507地號集合住宅新建工程",
    "建築物概要":"地下3層，地上14層鋼筋混凝土構造住宿類建築",
    "認可版本":"2012年版EEWH-RS",
    "認可等級":"銀級",
    "rank":3,
    "有效期間":"2029年3月25日",
    "valid":"1",
    "認可類別":"標示",
    "設計人":"吳成榮建築師事務所",
    "行政區":"新北市",
    "ditrict":"中和區",
    "地號":"新北市中和區南勢段507地號住宿類建築",
    "建築物使用類別":"住宿類建築"
    }
  },
  {
    "type": "Feature",
    "geometry": {
       "type": "Point",
       "coordinates":  [ 121.529209,24.979076 ]
    },
    "properties": {
    "#":173,
    "建築物名稱":"宏普建設新店區斯馨段70地號集合住宅新建工程",
    "建築物概要":"地下4層，地上23層鋼筋混凝土構造辦公廳、住宿及其他類建築",
    "認可版本":"2015年版EEWH-RS",
    "認可等級":"黃金級",
    "rank":4,
    "有效期間":"2029年3月13日",
    "valid":"1",
    "認可類別":"標示",
    "設計人":"元宏聯合建築師事務所",
    "行政區":"新北市",
    "ditrict":"新店區",
    "地號":"新北市新店區斯馨段70地號辦公廳、住宿及其他類建築",
    "建築物使用類別":"住宿類建築"
    }
  },
  {
    "type": "Feature",
    "geometry": {
       "type": "Point",
       "coordinates":  [ 121.466003,25.009759 ]
    },
    "properties": {
    "#":174,
    "建築物名稱":"立肯總部大樓新建工程",
    "建築物概要":"地下4層，地上9層鋼筋混凝土構造辦公廳及住宿類建築",
    "認可版本":"2015年版EEWH-BC",
    "認可等級":"銀級",
    "rank":3,
    "有效期間":"2029年3月7日",
    "valid":"1",
    "認可類別":"標示",
    "設計人":"吳文淵建築師事務所",
    "行政區":"新北市",
    "ditrict":"板橋區",
    "地號":"新北市板橋區中山段1620地號辦公廳及住宿類建築",
    "建築物使用類別":"辦公廳類建築"
    }
  },
  {
    "type": "Feature",
    "geometry": {
       "type": "Point",
       "coordinates":  [ 121.45122,25.0567 ]
    },
    "properties": {
    "#":175,
    "建築物名稱":"永陞建設新北市新莊區副都心段七小段1地號集合住宅新建工程",
    "建築物概要":"地下4層，地上21層鋼筋混凝土構造，鋼骨鋼筋混凝土構造辦公廳及住宿類建築",
    "認可版本":"2015年版EEWH-RS",
    "認可等級":"黃金級",
    "rank":4,
    "有效期間":"2029年3月7日",
    "valid":"1",
    "認可類別":"標示",
    "設計人":"呂建勳建築師事務所",
    "行政區":"新北市",
    "ditrict":"新莊區",
    "地號":"新北市新莊區副都心段七小段1地號辦公廳及住宿類建築",
    "建築物使用類別":"住宿類建築"
    }
  },
  {
    "type": "Feature",
    "geometry": {
       "type": "Point",
       "coordinates":  [ 121.445665,25.004452 ]
    },
    "properties": {
    "#":176,
    "建築物名稱":"馥華原美集合住宅新建工程",
    "建築物概要":"地下4層，地上22層鋼筋混凝土構造住宿及其他類建築",
    "認可版本":"2009年版",
    "認可等級":"黃金級",
    "rank":4,
    "有效期間":"2029年3月5日",
    "valid":"1",
    "認可類別":"標示",
    "設計人":"何明昌建築師事務所",
    "行政區":"新北市",
    "ditrict":"板橋區",
    "地號":"新北市板橋區大觀段163地號等2筆住宿及其他類建築",
    "建築物使用類別":"住宿類建築"
    }
  },
  {
    "type": "Feature",
    "geometry": {
       "type": "Point",
       "coordinates":  [ 121.527037,24.978137 ]
    },
    "properties": {
    "#":178,
    "建築物名稱":"新店斯馨段51地號集合住宅新建工程",
    "建築物概要":"地下3層，地上19層鋼筋混凝土構造辦公廳及住宿類建築",
    "認可版本":"2015年版EEWH-RS",
    "認可等級":"黃金級",
    "rank":4,
    "有效期間":"2029年3月4日",
    "valid":"1",
    "認可類別":"標示",
    "設計人":"郭旭原聯合建築師事務所",
    "行政區":"新北市",
    "ditrict":"新店區",
    "地號":"新北市新店區斯馨段51地號辦公廳及住宿類建築",
    "建築物使用類別":"住宿類建築"
    }
  },
  {
    "type": "Feature",
    "geometry": {
       "type": "Point",
       "coordinates":  [ 121.489921,25.066071 ]
    },
    "properties": {
    "#":180,
    "建築物名稱":"長虹天馥大廈",
    "建築物概要":"地下4層，地上21層鋼筋混凝土構造住宿類建築",
    "認可版本":"2009年版",
    "認可等級":"銀級",
    "rank":3,
    "有效期間":"2029年2月10日",
    "valid":"1",
    "認可類別":"標示",
    "設計人":"黃翔龍建築師事務所",
    "行政區":"新北市",
    "ditrict":"三重區",
    "地號":"新北市三重區明志段328地號等5筆住宿類建築",
    "建築物使用類別":"住宿類建築"
    }
  },
  {
    "type": "Feature",
    "geometry": {
       "type": "Point",
       "coordinates":  [ 121.497779,25.078433 ]
    },
    "properties": {
    "#":181,
    "建築物名稱":"欣聯詠心",
    "建築物概要":"地下4 層，地上12層鋼筋混凝土構造辦公廳及住宿類建築",
    "認可版本":"2015年版EEWH-RS",
    "認可等級":"合格級",
    "rank":1,
    "有效期間":"2029年1月25日",
    "valid":"1",
    "認可類別":"標示",
    "設計人":"簡俊卿建築師事務所",
    "行政區":"新北市",
    "ditrict":"三重區",
    "地號":"新北市三重區仁信段0095-0000地號辦公廳及住宿類建築",
    "建築物使用類別":"住宿類建築"
    }
  },
  {
    "type": "Feature",
    "geometry": {
       "type": "Point",
       "coordinates":  [ 121.453921,25.000681 ]
    },
    "properties": {
    "#":182,
    "建築物名稱":"遠揚板橋T-PARK集合住宅B區開發案新建工程",
    "建築物概要":"地下3層，地上27層鋼筋混凝土構造住宿及其他類建築",
    "認可版本":"2012年版EEWH-RS",
    "認可等級":"銀級",
    "rank":3,
    "有效期間":"2029年1月8日",
    "valid":"1",
    "認可類別":"標示",
    "設計人":"大矩聯合建築師事務所",
    "行政區":"新北市",
    "ditrict":"板橋區",
    "地號":"新北市板橋區亞東段0982-0000地號住宿及其他類建築",
    "建築物使用類別":"住宿類建築"
    }
  },
  {
    "type": "Feature",
    "geometry": {
       "type": "Point",
       "coordinates":  [ 121.462732,24.9889 ]
    },
    "properties": {
    "#":183,
    "建築物名稱":"理城建設土城安和段集合住宅新建工程",
    "建築物概要":"地下3層，地上15層鋼筋混凝土構造住宿及學校類建築",
    "認可版本":"2012年版EEWH-RS",
    "認可等級":"銀級",
    "rank":3,
    "有效期間":"2029年1月8日",
    "valid":"1",
    "認可類別":"標示",
    "設計人":"台北國際聯合建築師事務所",
    "行政區":"新北市",
    "ditrict":"土城區",
    "地號":"新北市土城區安和段0824-0000地號等1筆住宿及學校類建築",
    "建築物使用類別":"住宿類建築"
    }
  },
  {
    "type": "Feature",
    "geometry": {
       "type": "Point",
       "coordinates":  [ 121.46233,25.155301 ]
    },
    "properties": {
    "#":184,
    "建築物名稱":"新北市淡水區海天段571、578、579地號等三筆土地",
    "建築物概要":"地下2層，地上9層鋼筋混凝土構造住宿類建築",
    "認可版本":"2009年版",
    "認可等級":"黃金級",
    "rank":4,
    "有效期間":"2029年1月4日",
    "valid":"1",
    "認可類別":"標示",
    "設計人":"葉嘉建築師事務所",
    "行政區":"新北市",
    "ditrict":"淡水區",
    "地號":"新北市淡水區海天段571地號等3筆住宿類建築",
    "建築物使用類別":"住宿類建築"
    }
  },
  {
    "type": "Feature",
    "geometry": {
       "type": "Point",
       "coordinates":  [ 121.361146,25.072151 ]
    },
    "properties": {
    "#":185,
    "建築物名稱":"春木日和新建工程",
    "建築物概要":"地下2層，地上12層鋼筋混凝土構造住宿類建築",
    "認可版本":"2015年版EEWH-RS",
    "認可等級":"合格級",
    "rank":1,
    "有效期間":"2028年12月25日",
    "valid":"1",
    "認可類別":"標示",
    "設計人":"廖錦盈建築師事務所",
    "行政區":"新北市",
    "ditrict":"林口區",
    "地號":"新北市林口區建林段210地號住宿類建築",
    "建築物使用類別":"住宿類建築"
    }
  },
  {
    "type": "Feature",
    "geometry": {
       "type": "Point",
       "coordinates":  [ 121.527485,24.978027 ]
    },
    "properties": {
    "#":186,
    "建築物名稱":"新店斯馨段53地號等1筆土地集合住宅大樓新建工程",
    "建築物概要":"地下2層，地上10層鋼筋混凝土構造住宿類建築",
    "認可版本":"2015年版EEWH-RS",
    "認可等級":"黃金級",
    "rank":4,
    "有效期間":"2028年12月25日",
    "valid":"1",
    "認可類別":"標示",
    "設計人":"黃元瑋建築師事務所",
    "行政區":"新北市",
    "ditrict":"新店區",
    "地號":"新北市新店區斯馨段53地號住宿類建築",
    "建築物使用類別":"住宿類建築"
    }
  },
  {
    "type": "Feature",
    "geometry": {
       "type": "Point",
       "coordinates":  [ 121.465257,25.011377 ]
    },
    "properties": {
    "#":187,
    "建築物名稱":"新板特區曼哈頓金融大廈新建工程",
    "建築物概要":"地下6層，地上22層鋼骨構造辦公廳類建築",
    "認可版本":"2009年版",
    "認可等級":"合格級",
    "rank":1,
    "有效期間":"2028年12月25日",
    "valid":"1",
    "認可類別":"標示",
    "設計人":"曹書生建築師事務所",
    "行政區":"新北市",
    "ditrict":"板橋區",
    "地號":"新北市板橋區新板段三小段24地號等1筆辦公廳類建築",
    "建築物使用類別":"辦公廳類建築"
    }
  },
  {
    "type": "Feature",
    "geometry": {
       "type": "Point",
       "coordinates":  [ 121.461967,25.049151 ]
    },
    "properties": {
    "#":188,
    "建築物名稱":"新北市新莊區中原段316地號等5筆土地集合住宅新建工程",
    "建築物概要":"地下3層，地上13層鋼筋混凝土構造住宿類建築",
    "認可版本":"2019年版EEWH-RS",
    "認可等級":"合格級",
    "rank":1,
    "有效期間":"2028年12月19日",
    "valid":"1",
    "認可類別":"標示",
    "設計人":"楊瑞禎聯合建築師事務所",
    "行政區":"新北市",
    "ditrict":"新莊區",
    "地號":"新北市新莊區中原段316地號等5筆住宿類建築",
    "建築物使用類別":"住宿類建築"
    }
  },
  {
    "type": "Feature",
    "geometry": {
       "type": "Point",
       "coordinates":  [ 121.563209,24.903888 ]
    },
    "properties": {
    "#":189,
    "建築物名稱":"臺北翡翠水庫管理局備勤區房舍興建工程",
    "建築物概要":"地上3層鋼筋混凝土構造辦公廳及住宿類建築",
    "認可版本":"2015年版EEWH-RS",
    "認可等級":"合格級",
    "rank":1,
    "有效期間":"2028年12月18日",
    "valid":"1",
    "認可類別":"標示",
    "設計人":"趙世榮建築師事務所",
    "行政區":"新北市",
    "ditrict":"新店區",
    "地號":"新北市新店區直潭段屈尺小段521-29地號等2筆辦公廳及住宿類建築",
    "建築物使用類別":"住宿類建築"
    }
  },
  {
    "type": "Feature",
    "geometry": {
       "type": "Point",
       "coordinates":  [ 121.513211,25.014174 ]
    },
    "properties": {
    "#":190,
    "建築物名稱":"綺華建設永和區仁愛段集合住宅新建工程",
    "建築物概要":"地下4層，地上15層鋼筋混凝土構造住宿類建築",
    "認可版本":"2015年版EEWH-RS",
    "認可等級":"銀級",
    "rank":3,
    "有效期間":"2028年12月17日",
    "valid":"1",
    "認可類別":"標示",
    "設計人":"陳金水建築師事務所",
    "行政區":"新北市",
    "ditrict":"永和區",
    "地號":"新北市永和區仁愛段469地號住宿類建築",
    "建築物使用類別":"住宿類建築"
    }
  },
  {
    "type": "Feature",
    "geometry": {
       "type": "Point",
       "coordinates":  [ 121.3811,25.090519 ]
    },
    "properties": {
    "#":192,
    "建築物名稱":"展悅CEO豪辦總部",
    "建築物概要":"地下4層，地上12層鋼筋混凝土構造空調型(辦公分區)建築",
    "認可版本":"2022年版EEWH-EB",
    "認可等級":"鑽石級",
    "rank":5,
    "有效期間":"2028年12月3日",
    "valid":"1",
    "認可類別":"標示",
    "設計人":"劉演交建築師事務所",
    "行政區":"新北市",
    "ditrict":"林口區",
    "地號":"新北市林口區麗林段618地號等1筆(部分使用)空調型(辦公分區)建築",
    "建築物使用類別":"辦公廳類建築"
    }
  },
  {
    "type": "Feature",
    "geometry": {
       "type": "Point",
       "coordinates":  [ 121.537184,24.982622 ]
    },
    "properties": {
    "#":194,
    "建築物名稱":"財團法人台灣建築中心總部",
    "建築物概要":"地上3層鋼骨構造空調型(辦公分區)建築",
    "認可版本":"2022年版EEWH-EB",
    "認可等級":"鑽石級",
    "rank":5,
    "有效期間":"2028年11月22日",
    "valid":"1",
    "認可類別":"標示",
    "設計人":"張玉樹建築師事務所",
    "行政區":"新北市",
    "ditrict":"新店區",
    "地號":"新北市新店區大豐段5地號等1筆空調型(辦公分區)建築",
    "建築物使用類別":"辦公廳類建築"
    }
  },
  {
    "type": "Feature",
    "geometry": {
       "type": "Point",
       "coordinates":  [ 121.428504,24.995425 ]
    },
    "properties": {
    "#":195,
    "建築物名稱":"南山人壽新北市樹林區樹新段99-2、101-2、103-2、104地號商業大樓新建工程",
    "建築物概要":"地下1層，地上14層鋼筋混凝土構造百貨商場、旅館餐飲、大型空間及其他類建築",
    "認可版本":"2012年版EEWH-BC",
    "認可等級":"銀級",
    "rank":3,
    "有效期間":"2028年11月20日",
    "valid":"1",
    "認可類別":"標示",
    "設計人":"羅興華建築師事務所",
    "行政區":"新北市",
    "ditrict":"樹林區",
    "地號":"新北市樹林區樹新段99-2地號等4筆百貨商場、旅館餐飲、大型空間及其他類建築",
    "建築物使用類別":"百貨商場類建築"
    }
  },
  {
    "type": "Feature",
    "geometry": {
       "type": "Point",
       "coordinates":  [ 121.407358,25.044161 ]
    },
    "properties": {
    "#":196,
    "建築物名稱":"停一立體停車場新建工程",
    "建築物概要":"地上8層鋼骨構造大型空間類建築",
    "認可版本":"2015年版EEWH-BC",
    "認可等級":"銀級",
    "rank":3,
    "有效期間":"2028年11月15日",
    "valid":"1",
    "認可類別":"標示",
    "設計人":"瀚品聯合建築師事務所",
    "行政區":"新北市",
    "ditrict":"泰山區",
    "地號":"新北市泰山區自強段779地號大型空間類建築",
    "建築物使用類別":"大型空間類建築"
    }
  },
  {
    "type": "Feature",
    "geometry": {
       "type": "Point",
       "coordinates":  [ 121.641127,25.220476 ]
    },
    "properties": {
    "#":197,
    "建築物名稱":"新北市金山區衛生所新建工程",
    "建築物概要":"地下1層，地上5層鋼筋混凝土構造辦公廳及住宿類建築",
    "認可版本":"2015年版EEWH-BC",
    "認可等級":"合格級",
    "rank":1,
    "有效期間":"2028年11月8日",
    "valid":"1",
    "認可類別":"標示",
    "設計人":"連宏基建築師事務所",
    "行政區":"新北市",
    "ditrict":"金山區",
    "地號":"新北市金山區中興段764地號等4筆辦公廳及住宿類建築",
    "建築物使用類別":"辦公廳類建築"
    }
  },
  {
    "type": "Feature",
    "geometry": {
       "type": "Point",
       "coordinates":  [ 121.496898,25.068548 ]
    },
    "properties": {
    "#":198,
    "建築物名稱":"三重區正義北段255地號等2筆土地危老重建案",
    "建築物概要":"地下2層，地上9層鋼筋混凝土構造住宿類建築",
    "認可版本":"2015年版EEWH-RS",
    "認可等級":"銀級",
    "rank":3,
    "有效期間":"2028年10月22日",
    "valid":"1",
    "認可類別":"標示",
    "設計人":"陳肇勳建築師事務所",
    "行政區":"新北市",
    "ditrict":"三重區",
    "地號":"新北市三重區正義北段255地號等2筆住宿類建築",
    "建築物使用類別":"住宿類建築"
    }
  },
  {
    "type": "Feature",
    "geometry": {
       "type": "Point",
       "coordinates":  [ 121.461231,25.151915 ]
    },
    "properties": {
    "#":199,
    "建築物名稱":"大隱建設淡水區水仙段220地號等1筆集合住宅新建工程",
    "建築物概要":"地下3層，地上6層鋼筋混凝土構造住宿類建築",
    "認可版本":"2015年版EEWH-RS",
    "認可等級":"銀級",
    "rank":3,
    "有效期間":"2028年10月22日",
    "valid":"1",
    "認可類別":"標示",
    "設計人":"謝政吉建築師事務所",
    "行政區":"新北市",
    "ditrict":"淡水區",
    "地號":"新北市淡水區水仙段220地號住宿類建築",
    "建築物使用類別":"住宿類建築"
    }
  },
  {
    "type": "Feature",
    "geometry": {
       "type": "Point",
       "coordinates":  [ 121.423052,25.158819 ]
    },
    "properties": {
    "#":200,
    "建築物名稱":"台灣中油股份有限公司八里加油站增建工程",
    "建築物概要":"地上2層鋼筋混凝土構造其他類建築",
    "認可版本":"2015年版EEWH-BC",
    "認可等級":"合格級",
    "rank":1,
    "有效期間":"2028年10月21日",
    "valid":"1",
    "認可類別":"標示",
    "設計人":"禾邦建築師事務所",
    "行政區":"新北市",
    "ditrict":"八里區",
    "地號":"新北市八里區大堀段2地號等1筆其他類建築",
    "建築物使用類別":"其他類建築"
    }
  },
  {
    "type": "Feature",
    "geometry": {
       "type": "Point",
       "coordinates":  [ 121.536972,24.978924 ]
    },
    "properties": {
    "#":201,
    "建築物名稱":"中實開發新店區大豐段新建工程",
    "建築物概要":"地下3層，地上13層鋼筋混凝土構造住宿類建築",
    "認可版本":"2015年版EEWH-RS",
    "認可等級":"銀級",
    "rank":3,
    "有效期間":"2028年9月21日",
    "valid":"1",
    "認可類別":"標示",
    "設計人":"林隆成建築師事務所",
    "行政區":"新北市",
    "ditrict":"新店區",
    "地號":"新北市新店區大豐段421地號等3筆住宿類建築",
    "建築物使用類別":"住宿類建築"
    }
  },
  {
    "type": "Feature",
    "geometry": {
       "type": "Point",
       "coordinates":  [ 121.469802,25.022835 ]
    },
    "properties": {
    "#":202,
    "建築物名稱":"板橋區文化段1242地號集合住宅新建工程",
    "建築物概要":"地下4層，地上25層鋼骨鋼筋混凝土構造住宿類建築",
    "認可版本":"2015年版EEWH-RS",
    "認可等級":"銀級",
    "rank":3,
    "有效期間":"2028年9月17日",
    "valid":"1",
    "認可類別":"標示",
    "設計人":"陳肇勳建築師事務所",
    "行政區":"新北市",
    "ditrict":"板橋區",
    "地號":"新北市板橋區文化段1242-0000地號住宿類建築",
    "建築物使用類別":"住宿類建築"
    }
  },
  {
    "type": "Feature",
    "geometry": {
       "type": "Point",
       "coordinates":  [ 121.447755,24.999454 ]
    },
    "properties": {
    "#":203,
    "建築物名稱":"新北市板橋浮洲合宜住宅店鋪、集合住宅新建工程",
    "建築物概要":"地下3層，地上24層鋼筋混凝土構造住宿、辦公廳及其他類建築",
    "認可版本":"2009年版",
    "認可等級":"鑽石級",
    "rank":5,
    "有效期間":"2028年9月16日",
    "valid":"1",
    "認可類別":"標示",
    "設計人":"吳昌成聯合建築師事務所",
    "行政區":"新北市",
    "ditrict":"板橋區",
    "地號":"新北市板橋區力行段408-40地號等1筆、新北市板橋區力行段408-13地號等1筆、新北市板橋區力行段408-4地號等1筆住宿、辦公廳及其他類建築",
    "建築物使用類別":"住宿類建築"
    }
  },
  {
    "type": "Feature",
    "geometry": {
       "type": "Point",
       "coordinates":  [ 121.334271,24.967488 ]
    },
    "properties": {
    "#":204,
    "建築物名稱":"新北市政府警察局三峽分局鳳鳴派出所辦公廳舍與社會局身心障礙照顧設施共構新建工程",
    "建築物概要":"地下1層，地上4層鋼筋混凝土構造辦公廳及住宿類建築",
    "認可版本":"2015年版EEWH-BC",
    "認可等級":"合格級",
    "rank":1,
    "有效期間":"2028年9月13日",
    "valid":"1",
    "認可類別":"標示",
    "設計人":"劉錦鐘建築師事務所",
    "行政區":"新北市",
    "ditrict":"鶯歌區",
    "地號":"新北市鶯歌區鳳祥段43地號辦公廳及住宿類建築",
    "建築物使用類別":"辦公廳類建築"
    }
  },
  {
    "type": "Feature",
    "geometry": {
       "type": "Point",
       "coordinates":  [ 121.525159,24.959275 ]
    },
    "properties": {
    "#":205,
    "建築物名稱":"新北市新店區臺北氣象站(板橋站區)及氣象儀器檢校中心合署辦公廳舍新建工程",
    "建築物概要":"地下1層，地上2層鋼筋混凝土構造辦公廳類建築",
    "認可版本":"2015年版EEWH-BC",
    "認可等級":"銅級",
    "rank":2,
    "有效期間":"2028年8月23日",
    "valid":"1",
    "認可類別":"標示",
    "設計人":"程俊強建築師事務所",
    "行政區":"新北市",
    "ditrict":"新店區",
    "地號":"新北市新店區安康段1176地號等6筆辦公廳類建築",
    "建築物使用類別":"辦公廳類建築"
    }
  },
  {
    "type": "Feature",
    "geometry": {
       "type": "Point",
       "coordinates":  [ 121.47383,25.048501 ]
    },
    "properties": {
    "#":206,
    "建築物名稱":"中國人造纖維三重區中興段32地號1筆土地廠辦大樓新建工程",
    "建築物概要":"地下4層，地上11層鋼骨鋼筋混凝土構造大型空間類建築",
    "認可版本":"2015年版EEWH-GF",
    "認可等級":"銀級",
    "rank":3,
    "有效期間":"2028年8月17日",
    "valid":"1",
    "認可類別":"標示",
    "設計人":"綠野國際建築師事務所",
    "行政區":"新北市",
    "ditrict":"三重區",
    "地號":"新北市三重區中興段32地號大型空間類建築",
    "建築物使用類別":"大型空間類建築"
    }
  },
  {
    "type": "Feature",
    "geometry": {
       "type": "Point",
       "coordinates":  [ 121.503004,25.008531 ]
    },
    "properties": {
    "#":207,
    "建築物名稱":"新北市永和區保生段集合住宅新建工程",
    "建築物概要":"地下4層，地上18層鋼骨鋼筋混凝土構造辦公廳及住宿類建築",
    "認可版本":"2015年版EEWH-RS",
    "認可等級":"合格級",
    "rank":1,
    "有效期間":"2028年8月7日",
    "valid":"1",
    "認可類別":"標示",
    "設計人":"徐名頤建築師事務所",
    "行政區":"新北市",
    "ditrict":"永和區",
    "地號":"新北市永和區保生段0375-0000地號辦公廳及住宿類建築",
    "建築物使用類別":"住宿類建築"
    }
  },
  {
    "type": "Feature",
    "geometry": {
       "type": "Point",
       "coordinates":  [ 121.481754,25.058557 ]
    },
    "properties": {
    "#":208,
    "建築物名稱":"首泰建設股份有限公司三陽路集合住宅新建工程",
    "建築物概要":"地下4層，地上13層鋼筋混凝土構造辦公廳及住宿類建築",
    "認可版本":"2015年版EEWH-RS",
    "認可等級":"黃金級",
    "rank":4,
    "有效期間":"2028年8月3日",
    "valid":"1",
    "認可類別":"標示",
    "設計人":"李文勝建築師事務所",
    "行政區":"新北市",
    "ditrict":"三重區",
    "地號":"新北市三重區三重段188地號辦公廳及住宿類建築",
    "建築物使用類別":"住宿類建築"
    }
  },
  {
    "type": "Feature",
    "geometry": {
       "type": "Point",
       "coordinates":  [ 121.500719,25.072355 ]
    },
    "properties": {
    "#":209,
    "建築物名稱":"光榮國民小學老舊校舍整建統包工程",
    "建築物概要":"地下2層，地上3層鋼筋混凝土構造學校、大型空間及其他類建築",
    "認可版本":"2015年版EEWH-BC",
    "認可等級":"銀級",
    "rank":3,
    "有效期間":"2028年7月27日",
    "valid":"1",
    "認可類別":"標示",
    "設計人":"戴嘉惠建築師事務所",
    "行政區":"新北市",
    "ditrict":"三重區",
    "地號":"新北市三重區三和段320地號等10筆學校、大型空間及其他類建築",
    "建築物使用類別":"學校類建築"
    }
  },
  {
    "type": "Feature",
    "geometry": {
       "type": "Point",
       "coordinates":  [ 121.494388,24.990633 ]
    },
    "properties": {
    "#":210,
    "建築物名稱":"衛生福利部雙和醫院B基地教學研究大樓、生醫科技大樓興建工程",
    "建築物概要":"地下3層，地上17層鋼筋混凝土構造，鋼骨鋼筋混凝土構造醫院類建築",
    "認可版本":"2015年版EEWH-BC",
    "認可等級":"銀級",
    "rank":3,
    "有效期間":"2028年7月24日",
    "valid":"1",
    "認可類別":"標示",
    "設計人":"宗邁建築師事務所",
    "行政區":"新北市",
    "ditrict":"中和區",
    "地號":"新北市中和區盛昌段126地號等10筆醫院類建築",
    "建築物使用類別":"醫院類建築"
    }
  },
  {
    "type": "Feature",
    "geometry": {
       "type": "Point",
       "coordinates":  [ 121.547318,24.979158 ]
    },
    "properties": {
    "#":211,
    "建築物名稱":"新店區綠湖公園地下停車場新建統包工程",
    "建築物概要":"地下3層，地上1層鋼筋混凝土構造其他類建築",
    "認可版本":"2015年版EEWH-BC",
    "認可等級":"銀級",
    "rank":3,
    "有效期間":"2028年7月24日",
    "valid":"1",
    "認可類別":"標示",
    "設計人":"張志成建築師事務所",
    "行政區":"新北市",
    "ditrict":"新店區",
    "地號":"新北市新店區寶橋段687地號其他類建築",
    "建築物使用類別":"其他類建築"
    }
  },
  {
    "type": "Feature",
    "geometry": {
       "type": "Point",
       "coordinates":  [ 121.450552,25.041845 ]
    },
    "properties": {
    "#":212,
    "建築物名稱":"新北市新莊區新莊運動公園地下停車場新建統包工程",
    "建築物概要":"地下3層，地上1層鋼筋混凝土構造，鋼構造其他類建築",
    "認可版本":"2015年版EEWH-BC",
    "認可等級":"銀級",
    "rank":3,
    "有效期間":"2028年7月23日",
    "valid":"1",
    "認可類別":"標示",
    "設計人":"戴嘉惠建築師事務所",
    "行政區":"新北市",
    "ditrict":"新莊區",
    "地號":"新北市新莊區復興段87地號等4筆其他類建築",
    "建築物使用類別":"其他類建築"
    }
  },
  {
    "type": "Feature",
    "geometry": {
       "type": "Point",
       "coordinates":  [ 121.37925,25.079225 ]
    },
    "properties": {
    "#":213,
    "建築物名稱":"民視林口數位媒體總部新建工程",
    "建築物概要":"地下2層，地上14層鋼筋混凝土構造辦公廳及大型空間類建築",
    "認可版本":"2009年版",
    "認可等級":"銀級",
    "rank":3,
    "有效期間":"2028年7月18日",
    "valid":"1",
    "認可類別":"標示",
    "設計人":"陳燦榮建築師事務所",
    "行政區":"新北市",
    "ditrict":"林口區",
    "地號":"新北市林口區力行段1300地號等10筆辦公廳及大型空間類建築",
    "建築物使用類別":"辦公廳類建築"
    }
  },
  {
    "type": "Feature",
    "geometry": {
       "type": "Point",
       "coordinates":  [ 121.465521,24.989989 ]
    },
    "properties": {
    "#":214,
    "建築物名稱":"協和建設土城區安和段拾伍層集合住宅新建工程",
    "建築物概要":"地下4層，地上15層鋼筋混凝土構造住宿及其他類建築",
    "認可版本":"2009年版",
    "認可等級":"銀級",
    "rank":3,
    "有效期間":"2028年7月11日",
    "valid":"1",
    "認可類別":"標示",
    "設計人":"上圓聯合建築師事務所",
    "行政區":"新北市",
    "ditrict":"土城區",
    "地號":"新北市土城區安和段760地號等10筆住宿及其他類建築",
    "建築物使用類別":"住宿類建築"
    }
  },
  {
    "type": "Feature",
    "geometry": {
       "type": "Point",
       "coordinates":  [ 121.486511,25.049673 ]
    },
    "properties": {
    "#":215,
    "建築物名稱":"新北市三重區三重段集合住宅新建工程",
    "建築物概要":"地下3層，地上19層鋼筋混凝土構造住宿類建築",
    "認可版本":"2015年版EEWH-RS",
    "認可等級":"黃金級",
    "rank":4,
    "有效期間":"2028年6月20日",
    "valid":"1",
    "認可類別":"標示",
    "設計人":"蕭家福聯合建築師事務所",
    "行政區":"新北市",
    "ditrict":"三重區",
    "地號":"新北市三重區三重段390地號等6筆住宿類建築",
    "建築物使用類別":"住宿類建築"
    }
  },
  {
    "type": "Feature",
    "geometry": {
       "type": "Point",
       "coordinates":  [ 121.43198,25.040975 ]
    },
    "properties": {
    "#":216,
    "建築物名稱":"天主教輔仁大學附設醫院新建工程",
    "建築物概要":"地下4層，地上15層鋼骨鋼筋混凝土構造醫院類建築",
    "認可版本":"2009年版",
    "認可等級":"黃金級",
    "rank":4,
    "有效期間":"2028年6月6日",
    "valid":"1",
    "認可類別":"標示",
    "設計人":"施優生建築師事務所",
    "行政區":"新北市",
    "ditrict":"泰山區",
    "地號":"新北市泰山區貴和段1地號等12筆醫院類建築",
    "建築物使用類別":"醫院類建築"
    }
  },
  {
    "type": "Feature",
    "geometry": {
       "type": "Point",
       "coordinates":  [ 121.439416,25.181785 ]
    },
    "properties": {
    "#":218,
    "建築物名稱":"中華建築經理股份有限公司淡水新興段拾伍層集合住宅新建工程",
    "建築物概要":"地下3層，地上15層鋼筋混凝土構造住宿類建築",
    "認可版本":"2015年版EEWH-RS",
    "認可等級":"銀級",
    "rank":3,
    "有效期間":"2028年5月22日",
    "valid":"1",
    "認可類別":"標示",
    "設計人":"曹昌勝建築師事務所",
    "行政區":"新北市",
    "ditrict":"淡水區",
    "地號":"新北市淡水區新興段546地號住宿類建築",
    "建築物使用類別":"住宿類建築"
    }
  },
  {
    "type": "Feature",
    "geometry": {
       "type": "Point",
       "coordinates":  [ 121.496549,25.072011 ]
    },
    "properties": {
    "#":219,
    "建築物名稱":"三重區龍門段611等3筆地號集合住宅新建工程",
    "建築物概要":"地下2層，地上11層鋼筋混凝土構造辦公廳及住宿類建築",
    "認可版本":"2012年版EEWH-RS",
    "認可等級":"銀級",
    "rank":3,
    "有效期間":"2028年5月22日",
    "valid":"1",
    "認可類別":"標示",
    "設計人":"吳非士建築師事務所",
    "行政區":"新北市",
    "ditrict":"三重區",
    "地號":"新北市三重區龍門段611地號等3筆辦公廳及住宿類建築",
    "建築物使用類別":"住宿類建築"
    }
  },
  {
    "type": "Feature",
    "geometry": {
       "type": "Point",
       "coordinates":  [ 121.518088,24.983822 ]
    },
    "properties": {
    "#":220,
    "建築物名稱":"水利署多功能場所新建工程",
    "建築物概要":"地下1層，地上6層鋼筋混凝土構造辦公廳類建築",
    "認可版本":"2015年版EEWH-BC",
    "認可等級":"合格級",
    "rank":1,
    "有效期間":"2028年5月18日",
    "valid":"1",
    "認可類別":"標示",
    "設計人":"十匯聯合建築師事務所",
    "行政區":"新北市",
    "ditrict":"新店區",
    "地號":"新北市新店區新和段605-6地號等6筆辦公廳類建築",
    "建築物使用類別":"辦公廳類建築"
    }
  },
  {
    "type": "Feature",
    "geometry": {
       "type": "Point",
       "coordinates":  [ 121.530087,24.976331 ]
    },
    "properties": {
    "#":221,
    "建築物名稱":"大陸建設新店區斯馨段121地號集合住宅大樓新建工程",
    "建築物概要":"地下3層，地上19層鋼筋混凝土構造住宿類建築",
    "認可版本":"2015年版EEWH-RS",
    "認可等級":"黃金級",
    "rank":4,
    "有效期間":"2028年5月11日",
    "valid":"1",
    "認可類別":"標示",
    "設計人":"三大聯合建築師事務所",
    "行政區":"新北市",
    "ditrict":"新店區",
    "地號":"新北市新店區斯馨段121地號住宿類建築",
    "建築物使用類別":"住宿類建築"
    }
  },
  {
    "type": "Feature",
    "geometry": {
       "type": "Point",
       "coordinates":  [ 121.458255,24.999936 ]
    },
    "properties": {
    "#":222,
    "建築物名稱":"遠東通訊數位園區TPKE大樓案新建工程",
    "建築物概要":"地下3層，地上13層鋼骨構造，鋼骨鋼筋混凝土構造空調型(辦公分區)建築",
    "認可版本":"2019年版EEWH-BC(M)",
    "認可等級":"黃金級",
    "rank":4,
    "有效期間":"2028年5月9日",
    "valid":"1",
    "認可類別":"標示",
    "設計人":"劉培森建築師事務所",
    "行政區":"新北市",
    "ditrict":"板橋區",
    "地號":"新北市板橋區仁愛段1159-0003地號等14筆空調型(辦公分區)建築",
    "建築物使用類別":"辦公廳類建築"
    }
  },
  {
    "type": "Feature",
    "geometry": {
       "type": "Point",
       "coordinates":  [ 121.416653,24.960452 ]
    },
    "properties": {
    "#":223,
    "建築物名稱":"華南金資產管理土城區沛陂段802等三筆地號廠房新建工程",
    "建築物概要":"地下3層，地上15層鋼筋混凝土構造大型空間及其他類建築",
    "認可版本":"2012年版EEWH-GF",
    "認可等級":"黃金級",
    "rank":4,
    "有效期間":"2028年5月8日",
    "valid":"1",
    "認可類別":"標示",
    "設計人":"沈國皓建築師事務所",
    "行政區":"新北市",
    "ditrict":"土城區",
    "地號":"新北市土城區沛陂段802地號大型空間及其他類建築",
    "建築物使用類別":"大型空間類建築"
    }
  },
  {
    "type": "Feature",
    "geometry": {
       "type": "Point",
       "coordinates":  [ 121.500719,25.072355 ]
    },
    "properties": {
    "#":225,
    "建築物名稱":"新北市立光榮國民中學校長宿舍改建工程",
    "建築物概要":"地下1層，地上5層鋼筋混凝土構造住宿及學校類建築",
    "認可版本":"2015年版EEWH-BC",
    "認可等級":"合格級",
    "rank":1,
    "有效期間":"2028年4月23日",
    "valid":"1",
    "認可類別":"標示",
    "設計人":"大一聯合建築師事務所",
    "行政區":"新北市",
    "ditrict":"三重區",
    "地號":"新北市三重區三和段320地號等13筆住宿及學校類建築",
    "建築物使用類別":"學校類建築"
    }
  },
  {
    "type": "Feature",
    "geometry": {
       "type": "Point",
       "coordinates":  [ 121.526305,24.978605 ]
    },
    "properties": {
    "#":226,
    "建築物名稱":"央北斯馨段50地號住宅新建工程",
    "建築物概要":"地下3層，地上15層鋼筋混凝土構造住宿及其他類建築",
    "認可版本":"2015年版EEWH-RS",
    "認可等級":"黃金級",
    "rank":4,
    "有效期間":"2028年4月20日",
    "valid":"1",
    "認可類別":"標示",
    "設計人":"呂建勳建築師事務所",
    "行政區":"新北市",
    "ditrict":"新店區",
    "地號":"新北市新店區斯馨段50地號住宿及其他類建築",
    "建築物使用類別":"住宿類建築"
    }
  },
  {
    "type": "Feature",
    "geometry": {
       "type": "Point",
       "coordinates":  [ 121.475321,25.050388 ]
    },
    "properties": {
    "#":227,
    "建築物名稱":"新北市三重區公41公園暨社福大樓新建工程",
    "建築物概要":"地上2層鋼筋混凝土構造醫院、學校及大型空間類建築",
    "認可版本":"2015年版EEWH-BC",
    "認可等級":"合格級",
    "rank":1,
    "有效期間":"2028年4月19日",
    "valid":"1",
    "認可類別":"標示",
    "設計人":"李宜忠建築師事務所",
    "行政區":"新北市",
    "ditrict":"三重區",
    "地號":"新北市三重區五谷王段305-1地號等2筆醫院、學校及大型空間類建築",
    "建築物使用類別":"大型空間類建築"
    }
  },
  {
    "type": "Feature",
    "geometry": {
       "type": "Point",
       "coordinates":  [ 121.511308,25.015287 ]
    },
    "properties": {
    "#":228,
    "建築物名稱":"頂溪國民小學2期老舊校舍整建暨共構地下停車場工程",
    "建築物概要":"地下3層，地上5層鋼筋混凝土構造學校類建築",
    "認可版本":"2012年版EEWH-BC",
    "認可等級":"合格級",
    "rank":1,
    "有效期間":"2028年4月15日",
    "valid":"1",
    "認可類別":"標示",
    "設計人":"楊炳國建築師事務所",
    "行政區":"新北市",
    "ditrict":"永和區",
    "地號":"新北市永和區頂溪段713-00地號等16筆學校類建築",
    "建築物使用類別":"學校類建築"
    }
  },
  {
    "type": "Feature",
    "geometry": {
       "type": "Point",
       "coordinates":  [ 121.434209,25.024666 ]
    },
    "properties": {
    "#":229,
    "建築物名稱":"華固國家置地",
    "建築物概要":"地下2層，地上12層鋼筋混凝土構造辦公廳、學校、大型空間及其他類建築",
    "認可版本":"2015年版EEWH-GF",
    "認可等級":"銀級",
    "rank":3,
    "有效期間":"2028年4月9日",
    "valid":"1",
    "認可類別":"標示",
    "設計人":"沈國皓建築師事務所",
    "行政區":"新北市",
    "ditrict":"新莊區",
    "地號":"新北市新莊區建國段267地號辦公廳、學校、大型空間及其他類建築",
    "建築物使用類別":"大型空間類建築"
    }
  },
  {
    "type": "Feature",
    "geometry": {
       "type": "Point",
       "coordinates":  [ 121.472092,25.024213 ]
    },
    "properties": {
    "#":230,
    "建築物名稱":"連元營造新北市板橋區江子翠段集合住宅新建工程",
    "建築物概要":"地下4層，地上17層鋼筋混凝土構造住宿類建築",
    "認可版本":"2012年版EEWH-RS",
    "認可等級":"銀級",
    "rank":3,
    "有效期間":"2028年4月5日",
    "valid":"1",
    "認可類別":"標示",
    "設計人":"周夢龍建築師事務所 簡志聰建築師事務所 柯智明建築師事務所",
    "行政區":"新北市",
    "ditrict":"板橋區",
    "地號":"新北市板橋區江子翠段第一崁小段91-24地號住宿類建築",
    "建築物使用類別":"住宿類建築"
    }
  },
  {
    "type": "Feature",
    "geometry": {
       "type": "Point",
       "coordinates":  [ 121.481901,25.057535 ]
    },
    "properties": {
    "#":232,
    "建築物名稱":"冠德建設三重區三重段集合住宅新建工程",
    "建築物概要":"地下4層，地上18層鋼骨鋼筋混凝土構造住宿類建築",
    "認可版本":"2015年版EEWH-RS",
    "認可等級":"銀級",
    "rank":3,
    "有效期間":"2028年3月23日",
    "valid":"1",
    "認可類別":"標示",
    "設計人":"周夢龍建築師事務所 簡志聰建築師事務所 柯智明建築師事務所",
    "行政區":"新北市",
    "ditrict":"三重區",
    "地號":"新北市三重區三重段214地號住宿類建築",
    "建築物使用類別":"住宿類建築"
    }
  },
  {
    "type": "Feature",
    "geometry": {
       "type": "Point",
       "coordinates":  [ 121.455022,24.981214 ]
    },
    "properties": {
    "#":233,
    "建築物名稱":"新北市土城區明德段208地號等3筆集合住宅新建工程",
    "建築物概要":"地下5層，地上14層鋼筋混凝土構造辦公廳及住宿類建築",
    "認可版本":"2015年版EEWH-RS",
    "認可等級":"鑽石級",
    "rank":5,
    "有效期間":"2028年3月22日",
    "valid":"1",
    "認可類別":"標示",
    "設計人":"邱垂睿建築師事務所",
    "行政區":"新北市",
    "ditrict":"土城區",
    "地號":"新北市土城區明德段208地號等3筆辦公廳及住宿類建築",
    "建築物使用類別":"住宿類建築"
    }
  },
  {
    "type": "Feature",
    "geometry": {
       "type": "Point",
       "coordinates":  [ 121.470994,24.987781 ]
    },
    "properties": {
    "#":234,
    "建築物名稱":"板橋P/S改建專案計畫工程(土建統包)",
    "建築物概要":"地下1層，地上6層鋼筋混凝土構造大型空間及其他類建築",
    "認可版本":"2015年版EEWH-BC",
    "認可等級":"銀級",
    "rank":3,
    "有效期間":"2028年3月22日",
    "valid":"1",
    "認可類別":"標示",
    "設計人":"張仲怡建築師事務所",
    "行政區":"新北市",
    "ditrict":"土城區",
    "地號":"新北市土城區金城段4地號大型空間及其他類建築",
    "建築物使用類別":"大型空間類建築"
    }
  },
  {
    "type": "Feature",
    "geometry": {
       "type": "Point",
       "coordinates":  [ 121.472853,25.023674 ]
    },
    "properties": {
    "#":235,
    "建築物名稱":"霖勵建設拾捌層辦公大樓新建工程",
    "建築物概要":"地下5層，地上18層鋼骨鋼筋混凝土構造辦公廳及學校類建築",
    "認可版本":"2009年版",
    "認可等級":"黃金級",
    "rank":4,
    "有效期間":"2028年3月21日",
    "valid":"1",
    "認可類別":"標示",
    "設計人":"崔懋森建築師事務所",
    "行政區":"新北市",
    "ditrict":"板橋區",
    "地號":"新北市板橋區江子翠段第一崁小段77地號辦公廳及學校類建築",
    "建築物使用類別":"辦公廳類建築"
    }
  },
  {
    "type": "Feature",
    "geometry": {
       "type": "Point",
       "coordinates":  [ 121.476458,25.046672 ]
    },
    "properties": {
    "#":236,
    "建築物名稱":"嘉里大榮物流股份有限公司重新站新建工程",
    "建築物概要":"地下1層，地上4層鋼骨鋼筋混凝土構造大型空間類建築",
    "認可版本":"2015年版EEWH-BC",
    "認可等級":"銀級",
    "rank":3,
    "有效期間":"2028年3月19日",
    "valid":"1",
    "認可類別":"標示",
    "設計人":"金光裕建築師事務所",
    "行政區":"新北市",
    "ditrict":"三重區",
    "地號":"新北市三重區中興段1080-0000地號等8筆大型空間類建築",
    "建築物使用類別":"大型空間類建築"
    }
  },
  {
    "type": "Feature",
    "geometry": {
       "type": "Point",
       "coordinates":  [ 121.41387,25.047572 ]
    },
    "properties": {
    "#":237,
    "建築物名稱":"南亞科技3A廠",
    "建築物概要":"地下1層，地上8層鋼骨鋼筋混凝土構造、鋼筋混凝土構造空調型(辦公分區)及其他類建築",
    "認可版本":"2019年版EEWH-RN",
    "認可等級":"銀級",
    "rank":3,
    "有效期間":"2028年3月14日",
    "valid":"1",
    "認可類別":"標示",
    "設計人":"冠呈能源環控有限公司",
    "行政區":"新北市",
    "ditrict":"泰山區",
    "地號":"新北市泰山區南林段224-0地號等5筆空調型(辦公分區)及其他類建築",
    "建築物使用類別":"其他類建築"
    }
  },
  {
    "type": "Feature",
    "geometry": {
       "type": "Point",
       "coordinates":  [ 121.448851,25.036255 ]
    },
    "properties": {
    "#":238,
    "建築物名稱":"泰坤建設新莊區全安段433地號等7筆土地新建工程",
    "建築物概要":"地下5層，地上25層鋼骨鋼筋混凝土構造辦公廳及住宿類建築",
    "認可版本":"2015年版EEWH-RS",
    "認可等級":"黃金級",
    "rank":4,
    "有效期間":"2028年3月8日",
    "valid":"1",
    "認可類別":"標示",
    "設計人":"莊志寬建築師事務所",
    "行政區":"新北市",
    "ditrict":"新莊區",
    "地號":"新北市新莊區全安段433地號等7筆辦公廳及住宿類建築",
    "建築物使用類別":"住宿類建築"
    }
  },
  {
    "type": "Feature",
    "geometry": {
       "type": "Point",
       "coordinates":  [ 121.4466,25.20296 ]
    },
    "properties": {
    "#":239,
    "建築物名稱":"康舒科技股份有限公司淡水廠新建工程",
    "建築物概要":"地下2層，地上9層鋼構造大型空間類建築",
    "認可版本":"2015年版EEWH-GF",
    "認可等級":"黃金級",
    "rank":4,
    "有效期間":"2028年2月17日",
    "valid":"1",
    "認可類別":"標示",
    "設計人":"李承洋建築師事務所",
    "行政區":"新北市",
    "ditrict":"淡水區",
    "地號":"新北市淡水區下圭柔山段265-1地號等7筆土地大型空間類建築",
    "建築物使用類別":"大型空間類建築"
    }
  },
  {
    "type": "Feature",
    "geometry": {
       "type": "Point",
       "coordinates":  [ 121.454084,25.060809 ]
    },
    "properties": {
    "#":240,
    "建築物名稱":"新莊區新知段90地號辦公大樓新建工程",
    "建築物概要":"地下4層，地上18層鋼筋混凝土構造辦公廳類建築",
    "認可版本":"2015年版EEWH-BC",
    "認可等級":"黃金級",
    "rank":4,
    "有效期間":"2028年2月9日",
    "valid":"1",
    "認可類別":"標示",
    "設計人":"李文勝建築師事務所",
    "行政區":"新北市",
    "ditrict":"新莊區",
    "地號":"新北市新莊區新知段90地號辦公廳類建築",
    "建築物使用類別":"辦公廳類建築"
    }
  },
  {
    "type": "Feature",
    "geometry": {
       "type": "Point",
       "coordinates":  [ 121.334853,24.9672 ]
    },
    "properties": {
    "#":241,
    "建築物名稱":"第五救災救護大隊鳳鳴分隊新建工程",
    "建築物概要":"地上4層鋼筋混凝土構造辦公廳類建築",
    "認可版本":"2015年版EEWH-BC",
    "認可等級":"合格級",
    "rank":1,
    "有效期間":"2028年1月31日",
    "valid":"1",
    "認可類別":"標示",
    "設計人":"楊志宏建築師事務所",
    "行政區":"新北市",
    "ditrict":"鶯歌區",
    "地號":"新北市鶯歌區工藝段290-1地號辦公廳類建築",
    "建築物使用類別":"辦公廳類建築"
    }
  },
  {
    "type": "Feature",
    "geometry": {
       "type": "Point",
       "coordinates":  [ 121.468552,25.029233 ]
    },
    "properties": {
    "#":242,
    "建築物名稱":"新北市板橋區江翠國民中學幼兒園老舊校舍整建統包工程",
    "建築物概要":"地上4層鋼筋混凝土構造學校類建築",
    "認可版本":"2015年版EEWH-BC",
    "認可等級":"銅級",
    "rank":2,
    "有效期間":"2028年1月18日",
    "valid":"1",
    "認可類別":"標示",
    "設計人":"恩典聯合建築師事務所",
    "行政區":"新北市",
    "ditrict":"板橋區",
    "地號":"新北市板橋區江子翠段溪頭小段150-4地號等38筆學校類建築",
    "建築物使用類別":"學校類建築"
    }
  },
  {
    "type": "Feature",
    "geometry": {
       "type": "Point",
       "coordinates":  [ 121.391151,25.078019 ]
    },
    "properties": {
    "#":243,
    "建築物名稱":"新北市林口市場新建工程",
    "建築物概要":"地下2層，地上3層鋼筋混凝土構造百貨商場、學校、大型空間及其他類建築",
    "認可版本":"2015年版EEWH-BC",
    "認可等級":"黃金級",
    "rank":4,
    "有效期間":"2028年1月18日",
    "valid":"1",
    "認可類別":"標示",
    "設計人":"盧俊廷建築師事務所",
    "行政區":"新北市",
    "ditrict":"林口區",
    "地號":"新北市林口區佳林段1203地號等9筆百貨商場、學校、大型空間及其他類建築",
    "建築物使用類別":"百貨商場類建築"
    }
  },
  {
    "type": "Feature",
    "geometry": {
       "type": "Point",
       "coordinates":  [ 121.497431,25.001667 ]
    },
    "properties": {
    "#":245,
    "建築物名稱":"玖原建設新北市中和區中和段集合住宅新建工程",
    "建築物概要":"地下4層，地上15層鋼筋混凝土構造住宿類建築",
    "認可版本":"2009年版",
    "認可等級":"黃金級",
    "rank":4,
    "有效期間":"2027年12月19日",
    "valid":"1",
    "認可類別":"標示",
    "設計人":"賦築建築師事務所",
    "行政區":"新北市",
    "ditrict":"中和區",
    "地號":"新北市中和區中和段65-000地號住宿類建築",
    "建築物使用類別":"住宿類建築"
    }
  },
  {
    "type": "Feature",
    "geometry": {
       "type": "Point",
       "coordinates":  [ 121.48966,25.009006 ]
    },
    "properties": {
    "#":246,
    "建築物名稱":"遠雄豐河",
    "建築物概要":"地下2層，地上26層鋼筋混凝土構造住宿類建築",
    "認可版本":"2015年版EEWH-RS",
    "認可等級":"銀級",
    "rank":3,
    "有效期間":"2027年12月15日",
    "valid":"1",
    "認可類別":"標示",
    "設計人":"李祖原聯合建築師事務所",
    "行政區":"新北市",
    "ditrict":"中和區",
    "地號":"新北市中和區華中段14地號住宿類建築",
    "建築物使用類別":"住宿類建築"
    }
  },
  {
    "type": "Feature",
    "geometry": {
       "type": "Point",
       "coordinates":  [ 121.445801,24.977555 ]
    },
    "properties": {
    "#":247,
    "建築物名稱":"新北市土城區明德段163等1筆地號新建工程",
    "建築物概要":"地下4層，地上15層鋼筋混凝土構造辦公廳及住宿類建築",
    "認可版本":"2015年版EEWH-RS",
    "認可等級":"黃金級",
    "rank":4,
    "有效期間":"2027年12月12日",
    "valid":"1",
    "認可類別":"標示",
    "設計人":"楊振植建築師事務所",
    "行政區":"新北市",
    "ditrict":"土城區",
    "地號":"新北市土城區明德段163地號辦公廳及住宿類建築",
    "建築物使用類別":"住宿類建築"
    }
  },
  {
    "type": "Feature",
    "geometry": {
       "type": "Point",
       "coordinates":  [ 121.447159,24.977249 ]
    },
    "properties": {
    "#":248,
    "建築物名稱":"新北市土城區明德段174地號新建工程",
    "建築物概要":"地下4層，地上15層鋼筋混凝土構造辦公廳及住宿類建築",
    "認可版本":"2015年版EEWH-RS",
    "認可等級":"黃金級",
    "rank":4,
    "有效期間":"2027年12月12日",
    "valid":"1",
    "認可類別":"標示",
    "設計人":"高仲廷建築師事務所",
    "行政區":"新北市",
    "ditrict":"土城區",
    "地號":"新北市土城區明德段174地號辦公廳及住宿類建築",
    "建築物使用類別":"住宿類建築"
    }
  },
  {
    "type": "Feature",
    "geometry": {
       "type": "Point",
       "coordinates":  [ 121.460955,25.146938 ]
    },
    "properties": {
    "#":249,
    "建築物名稱":"淡水水仙段514地號集合住宅新建工程",
    "建築物概要":"地下3層，地上26層鋼筋混凝土構造住宿及其他類建築",
    "認可版本":"2009年版",
    "認可等級":"銀級",
    "rank":3,
    "有效期間":"2027年12月11日",
    "valid":"1",
    "認可類別":"標示",
    "設計人":"李兆嘉建築師事務所",
    "行政區":"新北市",
    "ditrict":"淡水區",
    "地號":"新北市淡水區水仙段514地號住宿及其他類建築",
    "建築物使用類別":"住宿類建築"
    }
  },
  {
    "type": "Feature",
    "geometry": {
       "type": "Point",
       "coordinates":  [ 121.516,25.016179 ]
    },
    "properties": {
    "#":250,
    "建築物名稱":"新北市中正橋派出所及青年社會住宅新建工程",
    "建築物概要":"地下3層，地上13層鋼筋混凝土構造辦公廳及住宿類建築",
    "認可版本":"2015年版EEWH-RS",
    "認可等級":"黃金級",
    "rank":4,
    "有效期間":"2027年12月11日",
    "valid":"1",
    "認可類別":"標示",
    "設計人":"柳輝洲建築師事務所",
    "行政區":"新北市",
    "ditrict":"永和區",
    "地號":"新北市永和區文化段694-3地號等7筆辦公廳及住宿類建築",
    "建築物使用類別":"住宿類建築"
    }
  },
  {
    "type": "Feature",
    "geometry": {
       "type": "Point",
       "coordinates":  [ 121.448668,25.094957 ]
    },
    "properties": {
    "#":251,
    "建築物名稱":"新北市五股國民運動中心興建統包工程",
    "建築物概要":"地下1層，地上3層鋼筋混凝土構造大型空間類建築",
    "認可版本":"2015年版EEWH-BC",
    "認可等級":"銀級",
    "rank":3,
    "有效期間":"2027年12月6日",
    "valid":"1",
    "認可類別":"標示",
    "設計人":"黃孟偉建築師事務所",
    "行政區":"新北市",
    "ditrict":"五股區",
    "地號":"新北市五股區芳洲段1地號大型空間類建築",
    "建築物使用類別":"大型空間類建築"
    }
  },
  {
    "type": "Feature",
    "geometry": {
       "type": "Point",
       "coordinates":  [ 121.484937,25.053277 ]
    },
    "properties": {
    "#":252,
    "建築物名稱":"新北市三重區三重段297地號大樓新建工程",
    "建築物概要":"地下5層，地上15層鋼筋混凝土構造辦公廳及住宿類建築",
    "認可版本":"2015年版EEWH-RS",
    "認可等級":"黃金級",
    "rank":4,
    "有效期間":"2027年12月5日",
    "valid":"1",
    "認可類別":"標示",
    "設計人":"陳朝雄建築師事務所",
    "行政區":"新北市",
    "ditrict":"三重區",
    "地號":"新北市三重區三重段297地號辦公廳及住宿類建築",
    "建築物使用類別":"住宿類建築"
    }
  },
  {
    "type": "Feature",
    "geometry": {
       "type": "Point",
       "coordinates":  [ 121.431925,25.204217 ]
    },
    "properties": {
    "#":253,
    "建築物名稱":"淡海輕軌運輸系統計畫第一期統包工程-機廠及行控中心新建工程",
    "建築物概要":"地下1層，地上4層鋼骨、鋼筋混凝土造辦公廳、大型空間及其他類建築",
    "認可版本":"2015年版EEWH-BC",
    "認可等級":"銀級",
    "rank":3,
    "有效期間":"2027年11月24日",
    "valid":"1",
    "認可類別":"標示",
    "設計人":"陳信樟建築師事務所",
    "行政區":"新北市",
    "ditrict":"淡水區",
    "地號":"新北市淡水區林子段105-24地號等55筆土地辦公廳、大型空間及其他類建築",
    "建築物使用類別":"其他類建築"
    }
  },
  {
    "type": "Feature",
    "geometry": {
       "type": "Point",
       "coordinates":  [ 121.475347,25.049818 ]
    },
    "properties": {
    "#":254,
    "建築物名稱":"新北市三重區興穀國民小學老舊校舍整建統包工程",
    "建築物概要":"地下1層，地上4層鋼筋混凝土構造學校類建築",
    "認可版本":"2015年版EEWH-BC",
    "認可等級":"合格級",
    "rank":1,
    "有效期間":"2027年11月22日",
    "valid":"1",
    "認可類別":"標示",
    "設計人":"李宜忠建築師事務所",
    "行政區":"新北市",
    "ditrict":"三重區",
    "地號":"新北市三重區五谷王段305地號等3筆學校類建築",
    "建築物使用類別":"學校類建築"
    }
  },
  {
    "type": "Feature",
    "geometry": {
       "type": "Point",
       "coordinates":  [ 121.45178,25.132674 ]
    },
    "properties": {
    "#":255,
    "建築物名稱":"築禾八里住宅新建工程",
    "建築物概要":"地下4層，地上18層鋼筋混凝土構造住宿類建築",
    "認可版本":"2012年版EEWH-RS",
    "認可等級":"銀級",
    "rank":3,
    "有效期間":"2027年11月14日",
    "valid":"1",
    "認可類別":"標示",
    "設計人":"吳成榮建築師事務所",
    "行政區":"新北市",
    "ditrict":"八里區",
    "地號":"新北市八里區龍米段1815地號住宿類建築",
    "建築物使用類別":"住宿類建築"
    }
  },
  {
    "type": "Feature",
    "geometry": {
       "type": "Point",
       "coordinates":  [ 121.463417,25.026299 ]
    },
    "properties": {
    "#":256,
    "建築物名稱":"新北市板橋區新埔國民小學老舊校舍整建二期新建工程",
    "建築物概要":"地下3層，地上5層鋼筋混凝土構造學校及大型空間類建築",
    "認可版本":"2015年版EEWH-BC",
    "認可等級":"銀級",
    "rank":3,
    "有效期間":"2027年11月13日",
    "valid":"1",
    "認可類別":"標示",
    "設計人":"十彥建築師事務所",
    "行政區":"新北市",
    "ditrict":"板橋區",
    "地號":"新北市板橋區江子翠段新埔小段30地號等5筆學校及大型空間類建築",
    "建築物使用類別":"學校類建築"
    }
  },
  {
    "type": "Feature",
    "geometry": {
       "type": "Point",
       "coordinates":  [ 121.453595,24.997533 ]
    },
    "properties": {
    "#":257,
    "建築物名稱":"亞東紀念醫院第二院區新建工程",
    "建築物概要":"地下5層，地上16層鋼骨鋼筋凝土構造醫院及其他類建築",
    "認可版本":"2015年版EEWH-BC",
    "認可等級":"銅級",
    "rank":2,
    "有效期間":"2027年11月8日",
    "valid":"1",
    "認可類別":"標示",
    "設計人":"許常吉建築師事務所、張哲雄建築師事務所",
    "行政區":"新北市",
    "ditrict":"板橋區",
    "地號":"新北市板橋區亞東段1006地號等25筆",
    "建築物使用類別":"醫院類建築"
    }
  },
  {
    "type": "Feature",
    "geometry": {
       "type": "Point",
       "coordinates":  [ 121.503472,24.994515 ]
    },
    "properties": {
    "#":258,
    "建築物名稱":"福喜建設中和區南山段集合住宅新建工程",
    "建築物概要":"地下4層，地上15層鋼筋混凝土構造住宿類建築",
    "認可版本":"2012年版EEWH-RS",
    "認可等級":"銀級",
    "rank":3,
    "有效期間":"2027年11月1日",
    "valid":"1",
    "認可類別":"標示",
    "設計人":"陳金水建築師事務所",
    "行政區":"新北市",
    "ditrict":"中和區",
    "地號":"新北市中和區南山段773-0000地號住宿類建築",
    "建築物使用類別":"住宿類建築"
    }
  },
  {
    "type": "Feature",
    "geometry": {
       "type": "Point",
       "coordinates":  [ 121.455418,25.001055 ]
    },
    "properties": {
    "#":259,
    "建築物名稱":"台北遠東通訊園區TPKC資料中心及TPKD研發辦公大樓新建工程",
    "建築物概要":"地下3層，地上16層鋼骨構造辦公廳、旅館餐飲及大型空間類建築",
    "認可版本":"2012年版EEWH-BC",
    "認可等級":"鑽石級",
    "rank":5,
    "有效期間":"2027年10月13日",
    "valid":"1",
    "認可類別":"標示",
    "設計人":"宋苾璇建築師事務所",
    "行政區":"新北市",
    "ditrict":"板橋區",
    "地號":"新北市板橋區亞東段976-1地號等10筆辦公廳、旅館餐飲及大型空間類建築",
    "建築物使用類別":"辦公廳類建築"
    }
  },
  {
    "type": "Feature",
    "geometry": {
       "type": "Point",
       "coordinates":  [ 121.448324,24.98244 ]
    },
    "properties": {
    "#":260,
    "建築物名稱":"新北市土城區員和段青年社會住宅新建統包工程",
    "建築物概要":"地下3層，地上14層鋼筋混凝土構造辦公廳、住宿及學校類建築",
    "認可版本":"2015年版EEWH-RS",
    "認可等級":"黃金級",
    "rank":4,
    "有效期間":"2027年10月12日",
    "valid":"1",
    "認可類別":"標示",
    "設計人":"陳章安建築師事務所",
    "行政區":"新北市",
    "ditrict":"土城區",
    "地號":"新北市土城區員和段64-1地號等3筆辦公廳、住宿及學校類建築",
    "建築物使用類別":"住宿類建築"
    }
  },
  {
    "type": "Feature",
    "geometry": {
       "type": "Point",
       "coordinates":  [ 121.516729,24.964708 ]
    },
    "properties": {
    "#":262,
    "建築物名稱":"將捷家和",
    "建築物概要":"地下4層，地上18層鋼筋混凝土構造住宿類建築",
    "認可版本":"2009年版",
    "認可等級":"銀級",
    "rank":3,
    "有效期間":"2027年9月28日",
    "valid":"1",
    "認可類別":"標示",
    "設計人":"林長勳建築師事務所",
    "行政區":"新北市",
    "ditrict":"新店區",
    "地號":"新北市新店區民安段353-0地號等1筆",
    "建築物使用類別":"住宿類建築"
    }
  },
  {
    "type": "Feature",
    "geometry": {
       "type": "Point",
       "coordinates":  [ 121.662408,25.068235 ]
    },
    "properties": {
    "#":263,
    "建築物名稱":"百神建設股份有限公司十四層店鋪集合住宅新建工程",
    "建築物概要":"地下3層，地上14層鋼筋混凝土構造住宿及其他類建築",
    "認可版本":"2009年版",
    "認可等級":"銀級",
    "rank":3,
    "有效期間":"2027年9月27日",
    "valid":"1",
    "認可類別":"標示",
    "設計人":"楊榮生建築師事務所",
    "行政區":"新北市",
    "ditrict":"汐止區",
    "地號":"新北市汐止區新峰段815地號等1筆",
    "建築物使用類別":"住宿類建築"
    }
  },
  {
    "type": "Feature",
    "geometry": {
       "type": "Point",
       "coordinates":  [ 121.51223,24.991506 ]
    },
    "properties": {
    "#":264,
    "建築物名稱":"中和景平段340地號等85筆新建工程",
    "建築物概要":"地下6層，地上36層鋼骨構造辦公廳及住宿類建築",
    "認可版本":"2009年版",
    "認可等級":"黃金級",
    "rank":4,
    "有效期間":"2027年9月27日",
    "valid":"1",
    "認可類別":"標示",
    "設計人":"九騰建築師事務所",
    "行政區":"新北市",
    "ditrict":"中和區",
    "地號":"新北市中和區景平段340地號辦公廳及住宿類建築",
    "建築物使用類別":"住宿類建築"
    }
  },
  {
    "type": "Feature",
    "geometry": {
       "type": "Point",
       "coordinates":  [ 121.378276,24.936081 ]
    },
    "properties": {
    "#":265,
    "建築物名稱":"佳鋐建設三峽民生段433等4筆地號新建工程",
    "建築物概要":"地下3層，地上12層鋼筋混凝土構造住宿類建築",
    "認可版本":"2015年版EEWH-RS",
    "認可等級":"合格級",
    "rank":1,
    "有效期間":"2027年9月20日",
    "valid":"1",
    "認可類別":"標示",
    "設計人":"蔡智勸建築師事務所",
    "行政區":"新北市",
    "ditrict":"三峽區",
    "地號":"新北市三峽區民生段433地號住宿類建築",
    "建築物使用類別":"住宿類建築"
    }
  },
  {
    "type": "Feature",
    "geometry": {
       "type": "Point",
       "coordinates":  [ 121.497703,25.000692 ]
    },
    "properties": {
    "#":266,
    "建築物名稱":"三豐建設中和區中和段新建工程",
    "建築物概要":"地下3層，地上15層鋼筋混凝土構造住宿類建築",
    "認可版本":"2012年版EEWH-RS",
    "認可等級":"銀級",
    "rank":3,
    "有效期間":"2027年9月19日",
    "valid":"1",
    "認可類別":"標示",
    "設計人":"黃秀莊建築師事務所",
    "行政區":"新北市",
    "ditrict":"中和區",
    "地號":"新北市中和區中和段460-00地號等4筆",
    "建築物使用類別":"住宿類建築"
    }
  },
  {
    "type": "Feature",
    "geometry": {
       "type": "Point",
       "coordinates":  [ 121.44505,25.057053 ]
    },
    "properties": {
    "#":267,
    "建築物名稱":"新莊區副都心段一小段403地號新建工程",
    "建築物概要":"地下4層，地上19層鋼筋混凝土、鋼骨鋼筋混凝土及鋼骨構造辦公廳、旅館餐飲及大型空間類建築",
    "認可版本":"2015年版EEWH-BC",
    "認可等級":"銀級",
    "rank":3,
    "有效期間":"2027年8月31日",
    "valid":"1",
    "認可類別":"標示",
    "設計人":"許文光建築師事務所",
    "行政區":"新北市",
    "ditrict":"新莊區",
    "地號":"新北市新莊區副都心段一小段403地號辦公廳、旅館餐飲及大型空間類建築",
    "建築物使用類別":"旅館餐飲類建築"
    }
  },
  {
    "type": "Feature",
    "geometry": {
       "type": "Point",
       "coordinates":  [ 121.517969,24.996482 ]
    },
    "properties": {
    "#":268,
    "建築物名稱":"敦南一品花園大樓",
    "建築物概要":"地下4層，地上22層鋼筋混凝土構造住宿類建築",
    "認可版本":"2009年版",
    "認可等級":"銀級",
    "rank":3,
    "有效期間":"2027年8月17日",
    "valid":"1",
    "認可類別":"標示",
    "設計人":"黃翔龍建築師事務所",
    "行政區":"新北市",
    "ditrict":"永和區",
    "地號":"新北市永和區民權段796-0地號等1筆",
    "建築物使用類別":"住宿類建築"
    }
  },
  {
    "type": "Feature",
    "geometry": {
       "type": "Point",
       "coordinates":  [ 121.461966,25.147196 ]
    },
    "properties": {
    "#":269,
    "建築物名稱":"淡水水仙段集合住宅新建工程",
    "建築物概要":"地下3層，地上25層鋼骨鋼筋混凝土構造住宿類建築",
    "認可版本":"2012年版EEWH-RS",
    "認可等級":"銀級",
    "rank":3,
    "有效期間":"2027年8月16日",
    "valid":"1",
    "認可類別":"標示",
    "設計人":"李兆嘉建築師事務所",
    "行政區":"新北市",
    "ditrict":"淡水區",
    "地號":"新北市淡水區水仙段554地號等1筆",
    "建築物使用類別":"住宿類建築"
    }
  },
  {
    "type": "Feature",
    "geometry": {
       "type": "Point",
       "coordinates":  [ 121.457459,25.01222 ]
    },
    "properties": {
    "#":270,
    "建築物名稱":"新北市板橋區板橋國民小學老舊校舍整建第二期工程",
    "建築物概要":"地下1層，地上5層鋼筋混凝土構造學校類建築",
    "認可版本":"2009年版",
    "認可等級":"銀級",
    "rank":3,
    "有效期間":"2027年8月8日",
    "valid":"1",
    "認可類別":"標示",
    "設計人":"謝偉杰建築師事務所",
    "行政區":"新北市",
    "ditrict":"板橋區",
    "地號":"新北市板橋區府中段783-5地號等11筆",
    "建築物使用類別":"學校類建築"
    }
  },
  {
    "type": "Feature",
    "geometry": {
       "type": "Point",
       "coordinates":  [ 121.461188,25.157609 ]
    },
    "properties": {
    "#":271,
    "建築物名稱":"紅樹林莊園(豐悅城)社區",
    "建築物概要":"地下6層，地上23層鋼骨鋼筋混凝土構造住宿類建築",
    "認可版本":"2009年版",
    "認可等級":"銀級",
    "rank":3,
    "有效期間":"2027年8月8日",
    "valid":"1",
    "認可類別":"標示",
    "設計人":"郭秋利建築師事務所",
    "行政區":"新北市",
    "ditrict":"淡水區",
    "地號":"新北市淡水區海天段274地號等1筆",
    "建築物使用類別":"住宿類建築"
    }
  },
  {
    "type": "Feature",
    "geometry": {
       "type": "Point",
       "coordinates":  [ 121.711773,24.938978 ]
    },
    "properties": {
    "#":272,
    "建築物名稱":"坪林分隊及市民活動中心新建工程",
    "建築物概要":"地下2層，地上4層鋼筋混凝土構造辦公廳、住宿、大型空間及其他類建築",
    "認可版本":"2015年版EEWH-BC",
    "認可等級":"合格級",
    "rank":1,
    "有效期間":"2027年8月1日",
    "valid":"1",
    "認可類別":"標示",
    "設計人":"許黃勝兆建築師事務所",
    "行政區":"新北市",
    "ditrict":"坪林區",
    "地號":"新北市坪林區保坪段1393地號等6筆辦公廳、住宿、大型空間及其他類建築",
    "建築物使用類別":"大型空間類建築"
    }
  },
  {
    "type": "Feature",
    "geometry": {
       "type": "Point",
       "coordinates":  [ 121.37099,24.94718 ]
    },
    "properties": {
    "#":273,
    "建築物名稱":"國立臺北大學心湖會館新建工程",
    "建築物概要":"地上2層鋼筋混凝土構造旅館餐飲類建築",
    "認可版本":"2015年版EEWH-BC",
    "認可等級":"合格級",
    "rank":1,
    "有效期間":"2027年7月26日",
    "valid":"1",
    "認可類別":"標示",
    "設計人":"合寬建築師事務所",
    "行政區":"新北市",
    "ditrict":"三峽區",
    "地號":"新北市三峽區大學段一小段0191-0000地號等106筆旅館餐飲類建築",
    "建築物使用類別":"旅館餐飲類建築"
    }
  },
  {
    "type": "Feature",
    "geometry": {
       "type": "Point",
       "coordinates":  [ 121.546719,24.978059 ]
    },
    "properties": {
    "#":274,
    "建築物名稱":"新店裕隆城開發案商業區新建工程",
    "建築物概要":"地下3層，地上8層鋼骨構造百貨商場、旅館餐飲及大型空間類建築",
    "認可版本":"2012年版EEWH-BC",
    "認可等級":"銀級",
    "rank":3,
    "有效期間":"2027年7月13日",
    "valid":"1",
    "認可類別":"標示",
    "設計人":"王承熹建築師事務所",
    "行政區":"新北市",
    "ditrict":"新店區",
    "地號":"新北市新店區寶橋段0689-0000地號等4筆百貨商場、旅館餐飲及大型空間類建築",
    "建築物使用類別":"百貨商場類建築"
    }
  },
  {
    "type": "Feature",
    "geometry": {
       "type": "Point",
       "coordinates":  [ 121.666938,25.075044 ]
    },
    "properties": {
    "#":275,
    "建築物名稱":"新北市汐止區集合住宅新建工程",
    "建築物概要":"地下5層，地上23層鋼筋混凝土構造住宿類建築",
    "認可版本":"2009年版",
    "認可等級":"銀級",
    "rank":3,
    "有效期間":"2027年7月12日",
    "valid":"1",
    "認可類別":"標示",
    "設計人":"黃翔龍建築師事務所",
    "行政區":"新北市",
    "ditrict":"汐止區",
    "地號":"新北市汐止區保安段1地號等20筆住宿類建築",
    "建築物使用類別":"住宿類建築"
    }
  },
  {
    "type": "Feature",
    "geometry": {
       "type": "Point",
       "coordinates":  [ 121.473699,25.032359 ]
    },
    "properties": {
    "#":276,
    "建築物名稱":"新北市板橋區江翠國民小學老舊校舍整建第三期工程",
    "建築物概要":"地下2層，地上1層鋼筋混凝土構造其他類建築",
    "認可版本":"2012年版EEWH-BC",
    "認可等級":"合格級",
    "rank":1,
    "有效期間":"2027年7月11日",
    "valid":"1",
    "認可類別":"標示",
    "設計人":"蔡忠孝建築師事務所",
    "行政區":"新北市",
    "ditrict":"板橋區",
    "地號":"新北市板橋區江子翠段第三崁小段241地號等12筆",
    "建築物使用類別":"其他類建築"
    }
  },
  {
    "type": "Feature",
    "geometry": {
       "type": "Point",
       "coordinates":  [ 121.414619,25.046956 ]
    },
    "properties": {
    "#":277,
    "建築物名稱":"南亞科技SB2廠房新建工程",
    "建築物概要":"地上7層鋼筋混凝土構造大型空間類建築",
    "認可版本":"2015年版EEWH-GF",
    "認可等級":"黃金級",
    "rank":4,
    "有效期間":"2027年7月4日",
    "valid":"1",
    "認可類別":"標示",
    "設計人":"陳嘉興建築師事務所",
    "行政區":"新北市",
    "ditrict":"泰山區",
    "地號":"新北市泰山區南林段266地號大型空間類建築",
    "建築物使用類別":"大型空間類建築"
    }
  },
  {
    "type": "Feature",
    "geometry": {
       "type": "Point",
       "coordinates":  [ 121.442931,25.054739 ]
    },
    "properties": {
    "#":279,
    "建築物名稱":"太子建設佳能企業新莊副都心段商辦集合住宅新建工程",
    "建築物概要":"地下6層，地上22層鋼筋混凝土構造住宿、辦公廳及大型空間類建築",
    "認可版本":"2009年版",
    "認可等級":"銀級",
    "rank":3,
    "有效期間":"2027年6月29日",
    "valid":"1",
    "認可類別":"標示",
    "設計人":"杜希聖建築師事務所",
    "行政區":"新北市",
    "ditrict":"新莊區",
    "地號":"新北市新莊區副都心段一小段431地號等2筆",
    "建築物使用類別":"住宿類建築"
    }
  },
  {
    "type": "Feature",
    "geometry": {
       "type": "Point",
       "coordinates":  [ 121.485498,25.011585 ]
    },
    "properties": {
    "#":280,
    "建築物名稱":"遠雄人壽左岸遠雄錸儷社區案新建工程",
    "建築物概要":"地下2層，地上23層鋼筋混凝土構造辦公廳及住宿類建築",
    "認可版本":"2009年版",
    "認可等級":"銀級",
    "rank":3,
    "有效期間":"2027年6月27日",
    "valid":"1",
    "認可類別":"標示",
    "設計人":"李祖原聯合建築師事務所",
    "行政區":"新北市",
    "ditrict":"中和區",
    "地號":"新北市中和區華中段67地號等1筆",
    "建築物使用類別":"住宿類建築"
    }
  },
  {
    "type": "Feature",
    "geometry": {
       "type": "Point",
       "coordinates":  [ 121.445449,24.977164 ]
    },
    "properties": {
    "#":281,
    "建築物名稱":"土城案明德段169.170.172地號等三筆地號新建工程",
    "建築物概要":"地下4層，地上15層鋼筋混凝土構造辦公廳及住宿類建築",
    "認可版本":"2015年版EEWH-RS",
    "認可等級":"黃金級",
    "rank":4,
    "有效期間":"2027年6月12日",
    "valid":"1",
    "認可類別":"標示",
    "設計人":"楊振植建築師事務所",
    "行政區":"新北市",
    "ditrict":"土城區",
    "地號":"新北市土城區明德段169地號等3筆辦公廳及住宿類建築",
    "建築物使用類別":"住宿類建築"
    }
  },
  {
    "type": "Feature",
    "geometry": {
       "type": "Point",
       "coordinates":  [ 121.532577,24.978343 ]
    },
    "properties": {
    "#":283,
    "建築物名稱":"全陽建設新店區斯馨段集合住宅新建工程",
    "建築物概要":"地下4層，地上25層鋼筋混凝土構造住宿及其他類建築",
    "認可版本":"2015年版EEWH-RS",
    "認可等級":"鑽石級",
    "rank":5,
    "有效期間":"2027年5月25日",
    "valid":"1",
    "認可類別":"標示",
    "設計人":"江培珩建築師事務所",
    "行政區":"新北市",
    "ditrict":"新店區",
    "地號":"新北市新店區斯馨段133地號住宿及其他類建築",
    "建築物使用類別":"住宿類建築"
    }
  },
  {
    "type": "Feature",
    "geometry": {
       "type": "Point",
       "coordinates":  [ 121.446795,25.143323 ]
    },
    "properties": {
    "#":284,
    "建築物名稱":"丰河建設左岸長堤集合住宅新建工程",
    "建築物概要":"地下2層，地上22層鋼筋混凝土構造住宿類建築",
    "認可版本":"2009年版",
    "認可等級":"銀級",
    "rank":3,
    "有效期間":"2027年5月9日",
    "valid":"1",
    "認可類別":"標示",
    "設計人":"陳燦榮建築師事務所",
    "行政區":"新北市",
    "ditrict":"八里區",
    "地號":"新北市八里區龍米段703地號住宿類建築",
    "建築物使用類別":"住宿類建築"
    }
  },
  {
    "type": "Feature",
    "geometry": {
       "type": "Point",
       "coordinates":  [ 121.531283,25.232638 ]
    },
    "properties": {
    "#":285,
    "建築物名稱":"新北市三芝區芝柏段1158地號服務中心新建工程",
    "建築物概要":"地下1層，地上3層鋼筋混凝土構造大型空間類建築",
    "認可版本":"2015年版EEWH-BC",
    "認可等級":"銀級",
    "rank":3,
    "有效期間":"2027年4月28日",
    "valid":"1",
    "認可類別":"標示",
    "設計人":"崔懋森建築師事務所",
    "行政區":"新北市",
    "ditrict":"三芝區",
    "地號":"新北市三芝區芝柏段1158地號大型空間類建築",
    "建築物使用類別":"大型空間類建築"
    }
  },
  {
    "type": "Feature",
    "geometry": {
       "type": "Point",
       "coordinates":  [ 121.450593,24.980448 ]
    },
    "properties": {
    "#":286,
    "建築物名稱":"馥華集團土城區明德段35.36地號集合住宅新建工程",
    "建築物概要":"地下3層，地上18層鋼筋混凝土構造辦公廳及住宿類建築",
    "認可版本":"2015年版EEWH-RS",
    "認可等級":"鑽石級",
    "rank":5,
    "有效期間":"2027年4月28日",
    "valid":"1",
    "認可類別":"標示",
    "設計人":"許國勝建築師事務所",
    "行政區":"新北市",
    "ditrict":"土城區",
    "地號":"新北市土城區明德段35地號等2筆辦公廳及住宿類建築",
    "建築物使用類別":"住宿類建築"
    }
  },
  {
    "type": "Feature",
    "geometry": {
       "type": "Point",
       "coordinates":  [ 121.639657,25.221924 ]
    },
    "properties": {
    "#":287,
    "建築物名稱":"新北市金山區中山溫泉公園第二期新建工程",
    "建築物概要":"地上1層鋼筋混凝土構造，木構造其他類建築",
    "認可版本":"2015年版EEWH-BC",
    "認可等級":"合格級",
    "rank":1,
    "有效期間":"2027年4月17日",
    "valid":"1",
    "認可類別":"標示",
    "設計人":"京寰建築師事務所",
    "行政區":"新北市",
    "ditrict":"金山區",
    "地號":"新北市金山區中興段368地號等7筆其他類建築",
    "建築物使用類別":"其他類建築"
    }
  },
  {
    "type": "Feature",
    "geometry": {
       "type": "Point",
       "coordinates":  [ 121.906161,25.020951 ]
    },
    "properties": {
    "#":289,
    "建築物名稱":"新北市貢寮區行政大樓興建工程",
    "建築物概要":"地上4層鋼筋混凝土構造辦公廳、大型空間及其他類建築",
    "認可版本":"2015年版EEWH-BC",
    "認可等級":"合格級",
    "rank":1,
    "有效期間":"2027年4月10日",
    "valid":"1",
    "認可類別":"標示",
    "設計人":"大一聯合建築師事務所",
    "行政區":"新北市",
    "ditrict":"貢寮區",
    "地號":"新北市貢寮區朝陽段616地號等3筆辦公廳、大型空間及其他類建築",
    "建築物使用類別":"辦公廳類建築"
    }
  },
  {
    "type": "Feature",
    "geometry": {
       "type": "Point",
       "coordinates":  [ 121.525584,24.979026 ]
    },
    "properties": {
    "#":290,
    "建築物名稱":"國泰建設新店區斯馨段49地號集合住宅新建案",
    "建築物概要":"地下3層，地上18層鋼筋混凝土構造住宿類建築",
    "認可版本":"2015年版EEWH-RS",
    "認可等級":"黃金級",
    "rank":4,
    "有效期間":"2027年4月6日",
    "valid":"1",
    "認可類別":"標示",
    "設計人":"金以容建築師事務所",
    "行政區":"新北市",
    "ditrict":"新店區",
    "地號":"新北市新店區斯馨段49地號住宿類建築",
    "建築物使用類別":"住宿類建築"
    }
  },
  {
    "type": "Feature",
    "geometry": {
       "type": "Point",
       "coordinates":  [ 121.648474,25.212742 ]
    },
    "properties": {
    "#":291,
    "建築物名稱":"大鵬停車場第一期新建工程",
    "建築物概要":"地上1層鋼筋混凝土構造辦公廳及其他類建築",
    "認可版本":"2015年版EEWH-BC",
    "認可等級":"合格級",
    "rank":1,
    "有效期間":"2027年3月31日",
    "valid":"1",
    "認可類別":"標示",
    "設計人":"南風建築師事務所",
    "行政區":"新北市",
    "ditrict":"萬里區",
    "地號":"新北市萬里區大鵬段175地號等10筆辦公廳及其他類建築",
    "建築物使用類別":"其他類建築"
    }
  },
  {
    "type": "Feature",
    "geometry": {
       "type": "Point",
       "coordinates":  [ 121.446111,25.05233 ]
    },
    "properties": {
    "#":294,
    "建築物名稱":"瓏山林地產新莊榮富段住宅新建工程",
    "建築物概要":"地下4層，地上18層鋼筋混凝土構造住宿類建築",
    "認可版本":"2015年版EEWH-RS",
    "認可等級":"合格級",
    "rank":1,
    "有效期間":"2027年3月29日",
    "valid":"1",
    "認可類別":"標示",
    "設計人":"瓏山林聯合建築師事務所 台北國際聯合建築師事務所",
    "行政區":"新北市",
    "ditrict":"新莊區",
    "地號":"新北市新莊區榮富段709地號住宿類建築",
    "建築物使用類別":"住宿類建築"
    }
  },
  {
    "type": "Feature",
    "geometry": {
       "type": "Point",
       "coordinates":  [ 121.459151,25.058007 ]
    },
    "properties": {
    "#":295,
    "建築物名稱":"宏匯思源廣場",
    "建築物概要":"地下3層，地上39層鋼骨及鋼筋混凝土構造辦公廳、百貨商場、旅館餐飲及其他類建築",
    "認可版本":"2012年版EEWH-BC",
    "認可等級":"鑽石級",
    "rank":5,
    "有效期間":"2027年3月27日",
    "valid":"1",
    "認可類別":"標示",
    "設計人":"三門聯合建築師事務所",
    "行政區":"新北市",
    "ditrict":"新莊區",
    "地號":"新北市新莊區副都心段一小段35地號辦公廳、百貨商場、旅館餐飲及其他類建築",
    "建築物使用類別":"百貨商場類建築"
    }
  },
  {
    "type": "Feature",
    "geometry": {
       "type": "Point",
       "coordinates":  [ 121.458601,25.084866 ]
    },
    "properties": {
    "#":297,
    "建築物名稱":"新北市蘆洲區永康公園地下停車場新建工程",
    "建築物概要":"地下3層，地上1層鋼筋混凝土構造其他類建築",
    "認可版本":"2015年版EEWH-BC",
    "認可等級":"合格級",
    "rank":1,
    "有效期間":"2027年3月15日",
    "valid":"1",
    "認可類別":"標示",
    "設計人":"張弘鼎建築師事務所",
    "行政區":"新北市",
    "ditrict":"蘆洲區",
    "地號":"新北市蘆洲區光華段582地號其他類建築",
    "建築物使用類別":"其他類建築"
    }
  },
  {
    "type": "Feature",
    "geometry": {
       "type": "Point",
       "coordinates":  [ 121.808367,25.107545 ]
    },
    "properties": {
    "#":298,
    "建築物名稱":"新北市立圖書館瑞芳分館新館新建工程",
    "建築物概要":"地上4層鋼筋混凝土構造大型空間類建築",
    "認可版本":"2015年版EEWH-BC",
    "認可等級":"銀級",
    "rank":3,
    "有效期間":"2027年3月15日",
    "valid":"1",
    "認可類別":"標示",
    "設計人":"陳明揮建築師事務所",
    "行政區":"新北市",
    "ditrict":"瑞芳區",
    "地號":"新北市瑞芳區明燈段119地號等4筆大型空間類建築",
    "建築物使用類別":"大型空間類建築"
    }
  },
  {
    "type": "Feature",
    "geometry": {
       "type": "Point",
       "coordinates":  [ 121.413134,25.025419 ]
    },
    "properties": {
    "#":299,
    "建築物名稱":"誠美學學院集合住宅新建工程",
    "建築物概要":"地下6層，地上24層鋼筋混凝土構造住宿類建築",
    "認可版本":"2015年版EEWH-RS",
    "認可等級":"黃金級",
    "rank":4,
    "有效期間":"2027年3月15日",
    "valid":"1",
    "認可類別":"標示",
    "設計人":"朱弘楠建築師事務所",
    "行政區":"新北市",
    "ditrict":"新莊區",
    "地號":"新北市新莊區雙鳳段91地號住宿類建築",
    "建築物使用類別":"住宿類建築"
    }
  },
  {
    "type": "Feature",
    "geometry": {
       "type": "Point",
       "coordinates":  [ 121.641461,25.22016 ]
    },
    "properties": {
    "#":300,
    "建築物名稱":"新北市金山區金山立體停車場新建統包工程",
    "建築物概要":"地下1層，地上4層鋼筋混凝土及鋼構造大型空間類建築",
    "認可版本":"2015年版EEWH-BC",
    "認可等級":"銀級",
    "rank":3,
    "有效期間":"2027年3月9日",
    "valid":"1",
    "認可類別":"標示",
    "設計人":"戴嘉惠建築師事務所",
    "行政區":"新北市",
    "ditrict":"金山區",
    "地號":"新北市金山區金山三段2地號大型空間類建築",
    "建築物使用類別":"大型空間類建築"
    }
  },
  {
    "type": "Feature",
    "geometry": {
       "type": "Point",
       "coordinates":  [ 121.530745,24.975863 ]
    },
    "properties": {
    "#":301,
    "建築物名稱":"國美建設新店斯馨段集合住宅新建工程",
    "建築物概要":"地下3層，地上15層鋼筋混凝土構造住宿及其他類建築",
    "認可版本":"2015年版EEWH-RS",
    "認可等級":"黃金級",
    "rank":4,
    "有效期間":"2027年3月9日",
    "valid":"1",
    "認可類別":"標示",
    "設計人":"呂建勳建築師事務所",
    "行政區":"新北市",
    "ditrict":"新店區",
    "地號":"新北市新店區斯馨段123地號住宿及其他類建築",
    "建築物使用類別":"住宿類建築"
    }
  },
  {
    "type": "Feature",
    "geometry": {
       "type": "Point",
       "coordinates":  [ 121.629594,25.071034 ]
    },
    "properties": {
    "#":303,
    "建築物名稱":"潤泰創新新北市汐止區金龍段142等一筆地號集合住宅新建工程",
    "建築物概要":"地下3層，地上22層鋼筋混凝土構造住宿類建築",
    "認可版本":"2012年版EEWH-RS",
    "認可等級":"銀級",
    "rank":3,
    "有效期間":"2027年3月8日",
    "valid":"1",
    "認可類別":"標示",
    "設計人":"張倫端建築師事務所",
    "行政區":"新北市",
    "ditrict":"汐止區",
    "地號":"新北市汐止區金龍段142地號等1筆",
    "建築物使用類別":"住宿類建築"
    }
  },
  {
    "type": "Feature",
    "geometry": {
       "type": "Point",
       "coordinates":  [ 121.447216,25.056166 ]
    },
    "properties": {
    "#":304,
    "建築物名稱":"國家電影中心新建工程",
    "建築物概要":"地下1層，地上4層鋼筋混凝土及鋼骨構造大型空間類建築",
    "認可版本":"2015年版EEWH-BC",
    "認可等級":"黃金級",
    "rank":4,
    "有效期間":"2027年3月8日",
    "valid":"1",
    "認可類別":"標示",
    "設計人":"印記聯合建築師事務所",
    "行政區":"新北市",
    "ditrict":"新莊區",
    "地號":"新北市新莊區副都心段一小段383地號大型空間類建築",
    "建築物使用類別":"大型空間類建築"
    }
  },
  {
    "type": "Feature",
    "geometry": {
       "type": "Point",
       "coordinates":  [ 121.38073,25.090739 ]
    },
    "properties": {
    "#":305,
    "建築物名稱":"同發建設林口麗林段新建工程",
    "建築物概要":"地下2層，地上5層鋼筋混凝土構造辦公廳類建築",
    "認可版本":"2015年版EEWH-BC",
    "認可等級":"合格級",
    "rank":1,
    "有效期間":"2027年3月3日",
    "valid":"1",
    "認可類別":"標示",
    "設計人":"潘冀聯合建築師事務所",
    "行政區":"新北市",
    "ditrict":"林口區",
    "地號":"新北市林口區麗林段611地號辦公廳類建築",
    "建築物使用類別":"辦公廳類建築"
    }
  },
  {
    "type": "Feature",
    "geometry": {
       "type": "Point",
       "coordinates":  [ 121.485962,25.064649 ]
    },
    "properties": {
    "#":306,
    "建築物名稱":"臺億建築經理三重三民段貳拾貳層金融機構,集合住宅新建工程",
    "建築物概要":"地下4層，地上22層鋼筋混凝土造住宿及其他類建築",
    "認可版本":"2009年版",
    "認可等級":"銀級",
    "rank":3,
    "有效期間":"2027年2月21日",
    "valid":"1",
    "認可類別":"標示",
    "設計人":"陳聰亨建築師事務所",
    "行政區":"新北市",
    "ditrict":"三重區",
    "地號":"新北市三重區三民段70地號住宿及其他類建築",
    "建築物使用類別":"住宿類建築"
    }
  },
  {
    "type": "Feature",
    "geometry": {
       "type": "Point",
       "coordinates":  [ 121.634819,25.06573 ]
    },
    "properties": {
    "#":307,
    "建築物名稱":"英德建設股份有限公司汐止區福德段拾伍層店舖及集合住宅新建工程",
    "建築物概要":"地下4層，地上15層鋼筋混凝土構造住宿類建築",
    "認可版本":"2015年版EEWH-RS",
    "認可等級":"合格級",
    "rank":1,
    "有效期間":"2027年2月16日",
    "valid":"1",
    "認可類別":"標示",
    "設計人":"新森峰建築師事務所",
    "行政區":"新北市",
    "ditrict":"汐止區",
    "地號":"新北市汐止區福德段692地號住宿類建築",
    "建築物使用類別":"住宿類建築"
    }
  },
  {
    "type": "Feature",
    "geometry": {
       "type": "Point",
       "coordinates":  [ 121.467877,25.085955 ]
    },
    "properties": {
    "#":308,
    "建築物名稱":"鄉林淳詠",
    "建築物概要":"地下3層，地上15層鋼筋混凝土構造住宿類建築",
    "認可版本":"2012年版EEWH-RS",
    "認可等級":"銀級",
    "rank":3,
    "有效期間":"2027年2月16日",
    "valid":"1",
    "認可類別":"標示",
    "設計人":"陳聰亨建築師事務所",
    "行政區":"新北市",
    "ditrict":"蘆洲區",
    "地號":"新北市蘆洲區中原段342地號等1筆",
    "建築物使用類別":"住宿類建築"
    }
  },
  {
    "type": "Feature",
    "geometry": {
       "type": "Point",
       "coordinates":  [ 121.50433,24.995542 ]
    },
    "properties": {
    "#":309,
    "建築物名稱":"新北市中和區南山段553等1筆地號集合住宅新建工程",
    "建築物概要":"地下4層，地上21層鋼筋混凝土構造住宿類建築",
    "認可版本":"2015年版EEWH-RS",
    "認可等級":"合格級",
    "rank":1,
    "有效期間":"2027年2月15日",
    "valid":"1",
    "認可類別":"標示",
    "設計人":"蔡智勸建築師事務所",
    "行政區":"新北市",
    "ditrict":"中和區",
    "地號":"新北市中和區南山段553地號住宿類建築",
    "建築物使用類別":"住宿類建築"
    }
  },
  {
    "type": "Feature",
    "geometry": {
       "type": "Point",
       "coordinates":  [ 121.357733,24.940539 ]
    },
    "properties": {
    "#":311,
    "建築物名稱":"第五救災救護大隊、中隊暨車輛保養中心辦公廳舍新建工程",
    "建築物概要":"地下1層，地上6層鋼筋混凝土構造辦公廳類建築",
    "認可版本":"2015年版EEWH-BC",
    "認可等級":"銅級",
    "rank":2,
    "有效期間":"2027年2月10日",
    "valid":"1",
    "認可類別":"標示",
    "設計人":"楊志宏建築師事務所",
    "行政區":"新北市",
    "ditrict":"三峽區",
    "地號":"新北市三峽區龍福段662地號等8筆辦公廳類建築",
    "建築物使用類別":"辦公廳類建築"
    }
  },
  {
    "type": "Feature",
    "geometry": {
       "type": "Point",
       "coordinates":  [ 121.633375,25.061378 ]
    },
    "properties": {
    "#":312,
    "建築物名稱":"國揚實業新北市汐止區工建段廠房大樓新建工程",
    "建築物概要":"地下3層，地上13層鋼筋混凝土構造大型空間類建築",
    "認可版本":"2015年版EEWH-GF",
    "認可等級":"銀級",
    "rank":3,
    "有效期間":"2027年1月25日",
    "valid":"1",
    "認可類別":"標示",
    "設計人":"李兆嘉建築師事務所",
    "行政區":"新北市",
    "ditrict":"汐止區",
    "地號":"新北市汐止區工建段162地號大型空間類建築",
    "建築物使用類別":"大型空間類建築"
    }
  },
  {
    "type": "Feature",
    "geometry": {
       "type": "Point",
       "coordinates":  [ 121.663389,25.062566 ]
    },
    "properties": {
    "#":313,
    "建築物名稱":"新北市汐止區水源段及新峰段集合住宅新建工程",
    "建築物概要":"地下4層，地上11層鋼筋混凝土構造住宿類建築",
    "認可版本":"2015年版EEWH-RS",
    "認可等級":"銀級",
    "rank":3,
    "有效期間":"2027年1月16日",
    "valid":"1",
    "認可類別":"標示",
    "設計人":"邱垂睿建築師事務所",
    "行政區":"新北市",
    "ditrict":"汐止區",
    "地號":"新北市汐止區水源段700地號等2筆住宿類建築",
    "建築物使用類別":"住宿類建築"
    }
  },
  {
    "type": "Feature",
    "geometry": {
       "type": "Point",
       "coordinates":  [ 121.476331,25.055351 ]
    },
    "properties": {
    "#":314,
    "建築物名稱":"合眾建築三重區五谷王段46地號等11筆土地集合住宅新建工程",
    "建築物概要":"地下5層，地上23層鋼筋混凝土構造住宿類建築",
    "認可版本":"2015年版EEWH-RS",
    "認可等級":"黃金級",
    "rank":4,
    "有效期間":"2027年1月12日",
    "valid":"1",
    "認可類別":"標示",
    "設計人":"林弘壹建築師事務所",
    "行政區":"新北市",
    "ditrict":"三重區",
    "地號":"新北市三重區五谷王段46地號等11筆住宿類建築",
    "建築物使用類別":"住宿類建築"
    }
  },
  {
    "type": "Feature",
    "geometry": {
       "type": "Point",
       "coordinates":  [ 121.551402,24.977623 ]
    },
    "properties": {
    "#":315,
    "建築物名稱":"新北市新店區寶高智慧產業園區統包工程",
    "建築物概要":"地下2層，地上9層鋼骨構造學校及大型空間類建築",
    "認可版本":"2015年版EEWH-GF",
    "認可等級":"黃金級",
    "rank":4,
    "有效期間":"2027年1月11日",
    "valid":"1",
    "認可類別":"標示",
    "設計人":"華興聯合建築師事務所",
    "行政區":"新北市",
    "ditrict":"新店區",
    "地號":"新北市新店區寶橋段518地號等5筆學校及大型空間類建築",
    "建築物使用類別":"大型空間類建築"
    }
  },
  {
    "type": "Feature",
    "geometry": {
       "type": "Point",
       "coordinates":  [ 121.468467,25.069766 ]
    },
    "properties": {
    "#":316,
    "建築物名稱":"新北市五股區更寮國民小學老舊校舍整建工程",
    "建築物概要":"地上4層鋼筋混凝土構造學校、大型空間及其他類建築",
    "認可版本":"2015年版EEWH-BC",
    "認可等級":"銅級",
    "rank":2,
    "有效期間":"2027年1月6日",
    "valid":"1",
    "認可類別":"標示",
    "設計人":"恩典聯合建築師事務所",
    "行政區":"新北市",
    "ditrict":"五股區",
    "地號":"新北市五股區更寮段褒子寮小段100-4地號等6筆學校、大型空間及其他類建築",
    "建築物使用類別":"學校類建築"
    }
  },
  {
    "type": "Feature",
    "geometry": {
       "type": "Point",
       "coordinates":  [ 121.450873,25.057756 ]
    },
    "properties": {
    "#":317,
    "建築物名稱":"新北市新莊區副都心段一小段317地號(H135)住商大樓",
    "建築物概要":"地下5層，地上18層鋼筋混凝土構造辦公廳及住宿類建築",
    "認可版本":"2015年版EEWH-BC",
    "認可等級":"銀級",
    "rank":3,
    "有效期間":"2027年1月4日",
    "valid":"1",
    "認可類別":"標示",
    "設計人":"原大聯合建築師事務所",
    "行政區":"新北市",
    "ditrict":"新莊區",
    "地號":"新北市新莊區副都心段一小段317地號辦公廳及住宿類建築",
    "建築物使用類別":"辦公廳類建築"
    }
  },
  {
    "type": "Feature",
    "geometry": {
       "type": "Point",
       "coordinates":  [ 121.472539,24.999885 ]
    },
    "properties": {
    "#":318,
    "建築物名稱":"新北市政府消防局國光分隊暨警察局國光派出所共構新建工程",
    "建築物概要":"地下1層，地上4層鋼筋混凝土構造辦公廳類建築",
    "認可版本":"2015年版EEWH-BC",
    "認可等級":"銅級",
    "rank":2,
    "有效期間":"2026年12月21日",
    "valid":"1",
    "認可類別":"標示",
    "設計人":"楊志宏建築師事務所",
    "行政區":"新北市",
    "ditrict":"中和區",
    "地號":"新北市中和區自強段40地號等7筆辦公廳類建築",
    "建築物使用類別":"辦公廳類建築"
    }
  },
  {
    "type": "Feature",
    "geometry": {
       "type": "Point",
       "coordinates":  [ 121.503231,25.005796 ]
    },
    "properties": {
    "#":319,
    "建築物名稱":"新北市政府消防局第七大隊中和中隊暨分隊新建工程",
    "建築物概要":"地下2層，地上5層鋼筋混凝土構造辦公廳類建築",
    "認可版本":"2015年版EEWH-BC",
    "認可等級":"銀級",
    "rank":3,
    "有效期間":"2026年12月21日",
    "valid":"1",
    "認可類別":"標示",
    "設計人":"楊志宏建築師事務所",
    "行政區":"新北市",
    "ditrict":"中和區",
    "地號":"新北市中和區莊敬段0007-0000地號等15筆辦公廳類建築",
    "建築物使用類別":"辦公廳類建築"
    }
  },
  {
    "type": "Feature",
    "geometry": {
       "type": "Point",
       "coordinates":  [ 121.454115,25.059984 ]
    },
    "properties": {
    "#":320,
    "建築物名稱":"新北市新莊區副都心段一小段15地號旅館新建工程",
    "建築物概要":"地下4層，地上21層鋼骨構造旅館餐飲類建築",
    "認可版本":"2012年版EEWH-BC",
    "認可等級":"鑽石級",
    "rank":5,
    "有效期間":"2026年12月20日",
    "valid":"1",
    "認可類別":"標示",
    "設計人":"三門聯合建築師事務所",
    "行政區":"新北市",
    "ditrict":"新莊區",
    "地號":"新北市新莊區副都心段一小段15地號旅館餐飲類建築",
    "建築物使用類別":"旅館餐飲類建築"
    }
  },
  {
    "type": "Feature",
    "geometry": {
       "type": "Point",
       "coordinates":  [ 121.770472,25.103845 ]
    },
    "properties": {
    "#":321,
    "建築物名稱":"永聯瑞芳工商綜合區A2區物流倉儲廠房新建工程",
    "建築物概要":"地上3層鋼骨構造大型空間類建築",
    "認可版本":"2015年版EEWH-BC",
    "認可等級":"銀級",
    "rank":3,
    "有效期間":"2026年12月6日",
    "valid":"1",
    "認可類別":"標示",
    "設計人":"張哲夫建築師事務所",
    "行政區":"新北市",
    "ditrict":"瑞芳區",
    "地號":"新北市瑞芳區四腳亭段楓子瀨小段153-42地號等7筆大型空間類建築",
    "建築物使用類別":"大型空間類建築"
    }
  },
  {
    "type": "Feature",
    "geometry": {
       "type": "Point",
       "coordinates":  [ 121.488423,25.087749 ]
    },
    "properties": {
    "#":322,
    "建築物名稱":"新北市立碧華國民中學校舍遷校新建工程",
    "建築物概要":"地下1層，地上4層鋼筋混凝土構造學校、大型空間及其他類建築",
    "認可版本":"2015年版EEWH-BC",
    "認可等級":"銀級",
    "rank":3,
    "有效期間":"2026年12月5日",
    "valid":"1",
    "認可類別":"標示",
    "設計人":"邱永章建築師事務所",
    "行政區":"新北市",
    "ditrict":"三重區",
    "地號":"新北市三重區富貴段439-0000地號學校、大型空間及其他類建築",
    "建築物使用類別":"學校類建築"
    }
  },
  {
    "type": "Feature",
    "geometry": {
       "type": "Point",
       "coordinates":  [ 121.516316,25.012702 ]
    },
    "properties": {
    "#":323,
    "建築物名稱":"日景建設永和區中信段集合住宅新建工程",
    "建築物概要":"地下2層，地上12層鋼筋混凝土構造住宿類建築",
    "認可版本":"2015年版EEWH-RS",
    "認可等級":"黃金級",
    "rank":4,
    "有效期間":"2026年11月25日",
    "valid":"1",
    "認可類別":"標示",
    "設計人":"朱文熙建築師事務所",
    "行政區":"新北市",
    "ditrict":"永和區",
    "地號":"新北市永和區中信段571地號等16筆住宿類建築",
    "建築物使用類別":"住宿類建築"
    }
  },
  {
    "type": "Feature",
    "geometry": {
       "type": "Point",
       "coordinates":  [ 121.450058,25.005633 ]
    },
    "properties": {
    "#":324,
    "建築物名稱":"國立臺灣藝術大學多功能活動中心新建工程",
    "建築物概要":"地下1層，地上6層鋼筋混凝土構造大型空間類建築",
    "認可版本":"2012年版EEWH-BC",
    "認可等級":"銀級",
    "rank":3,
    "有效期間":"2026年11月16日",
    "valid":"1",
    "認可類別":"標示",
    "設計人":"閻辰昌建築師事務所",
    "行政區":"新北市",
    "ditrict":"板橋區",
    "地號":"新北市板橋區大觀段116-1地號等14筆大型空間類建築",
    "建築物使用類別":"大型空間類建築"
    }
  },
  {
    "type": "Feature",
    "geometry": {
       "type": "Point",
       "coordinates":  [ 121.472127,25.029243 ]
    },
    "properties": {
    "#":325,
    "建築物名稱":"三輝建設板橋區江子翠段三十二層店舖及集合住宅新建工程",
    "建築物概要":"地下8層，地上32層鋼骨構造，鋼骨鋼筋混凝土構造辦公廳及住宿類建築",
    "認可版本":"2009年版",
    "認可等級":"銀級",
    "rank":3,
    "有效期間":"2026年11月10日",
    "valid":"1",
    "認可類別":"標示",
    "設計人":"黃翔龍建築師事務所",
    "行政區":"新北市",
    "ditrict":"板橋區",
    "地號":"新北市板橋區江子翠段第三崁小段353-19地號等14筆辦公廳及住宿類建築",
    "建築物使用類別":"住宿類建築"
    }
  },
  {
    "type": "Feature",
    "geometry": {
       "type": "Point",
       "coordinates":  [ 121.464974,25.015344 ]
    },
    "properties": {
    "#":326,
    "建築物名稱":"臺北市政府捷運工程局板橋區新板段一小段6、7地號等2筆土地臺北都會區捷運系統環狀線第一階段工程(DF113標)",
    "建築物概要":"地下7層，地上5層鋼筋混凝土及鋼骨構造大型空間類建築",
    "認可版本":"2009年版",
    "認可等級":"銀級",
    "rank":3,
    "有效期間":"2026年11月7日",
    "valid":"1",
    "認可類別":"標示",
    "設計人":"陳信樟建築師事務所",
    "行政區":"新北市",
    "ditrict":"板橋區",
    "地號":"新北市板橋區新板段一小段6、7地號等2筆大型空間類建築",
    "建築物使用類別":"大型空間類建築"
    }
  },
  {
    "type": "Feature",
    "geometry": {
       "type": "Point",
       "coordinates":  [ 121.450027,25.057547 ]
    },
    "properties": {
    "#":328,
    "建築物名稱":"鄉林建設新莊中港路住宅新建工程",
    "建築物概要":"地下4層，地上15層鋼筋混凝土構造辦公廳及住宿類建築",
    "認可版本":"2012年版EEWH-RS",
    "認可等級":"銀級",
    "rank":3,
    "有效期間":"2026年11月1日",
    "valid":"1",
    "認可類別":"標示",
    "設計人":"吳成榮建築師事務所",
    "行政區":"新北市",
    "ditrict":"新莊區",
    "地號":"新北市新莊區副都心段三小段1地號辦公廳及住宿類建築",
    "建築物使用類別":"住宿類建築"
    }
  },
  {
    "type": "Feature",
    "geometry": {
       "type": "Point",
       "coordinates":  [ 121.686844,25.196308 ]
    },
    "properties": {
    "#":329,
    "建築物名稱":"龜吼公廁新建工程",
    "建築物概要":"地上1層鋼筋混凝土構造大型空間類建築",
    "認可版本":"2012年版EEWH-BC",
    "認可等級":"合格級",
    "rank":1,
    "有效期間":"2026年10月30日",
    "valid":"1",
    "認可類別":"標示",
    "設計人":"李萬秋建築師事務所",
    "行政區":"新北市",
    "ditrict":"萬里區",
    "地號":"新北市萬里區翡翠段297地號等1筆",
    "建築物使用類別":"大型空間類建築"
    }
  },
  {
    "type": "Feature",
    "geometry": {
       "type": "Point",
       "coordinates":  [ 121.468552,25.029233 ]
    },
    "properties": {
    "#":330,
    "建築物名稱":"新北市板橋區江翠國民中學老舊校舍整建統包工程",
    "建築物概要":"地上4層鋼筋混凝土構造學校類建築",
    "認可版本":"2015年版EEWH-BC",
    "認可等級":"銅級",
    "rank":2,
    "有效期間":"2026年10月27日",
    "valid":"1",
    "認可類別":"標示",
    "設計人":"恩典聯合建築師事務所",
    "行政區":"新北市",
    "ditrict":"板橋區",
    "地號":"新北市板橋區江子翠段溪頭小段150-4地號等38筆學校類建築",
    "建築物使用類別":"學校類建築"
    }
  },
  {
    "type": "Feature",
    "geometry": {
       "type": "Point",
       "coordinates":  [ 121.402166,25.153238 ]
    },
    "properties": {
    "#":331,
    "建築物名稱":"八里區臺北港段集合住宅大樓新建工程",
    "建築物概要":"地下4層，地上15層鋼筋混凝土構造辦公廳及住宿類建築",
    "認可版本":"2012年版EEWH-RS",
    "認可等級":"黃金級",
    "rank":4,
    "有效期間":"2026年10月17日",
    "valid":"1",
    "認可類別":"標示",
    "設計人":"宏達建築師事務所",
    "行政區":"新北市",
    "ditrict":"八里區",
    "地號":"新北市八里區臺北港段97地號辦公廳及住宿類建築",
    "建築物使用類別":"住宿類建築"
    }
  },
  {
    "type": "Feature",
    "geometry": {
       "type": "Point",
       "coordinates":  [ 121.427559,25.022227 ]
    },
    "properties": {
    "#":333,
    "建築物名稱":"新北市新莊區民安國民小學老舊校舍整建工程",
    "建築物概要":"地下2層，地上4層鋼筋混凝土構造學校、大型空間及其他類建築",
    "認可版本":"2015年版EEWH-BC",
    "認可等級":"銀級",
    "rank":3,
    "有效期間":"2026年10月6日",
    "valid":"1",
    "認可類別":"標示",
    "設計人":"黃振東建築師事務所",
    "行政區":"新北市",
    "ditrict":"新莊區",
    "地號":"新北市新莊區民安段834地號等7筆學校、大型空間及其他類建築",
    "建築物使用類別":"學校類建築"
    }
  },
  {
    "type": "Feature",
    "geometry": {
       "type": "Point",
       "coordinates":  [ 121.37099,24.94718 ]
    },
    "properties": {
    "#":334,
    "建築物名稱":"國立臺北大學三峽校區「第二期學生宿舍新建工程」",
    "建築物概要":"地下1層，地上10層鋼筋混凝土構造住宿及其他類建築",
    "認可版本":"2015年版EEWH-RS",
    "認可等級":"銀級",
    "rank":3,
    "有效期間":"2026年9月30日",
    "valid":"1",
    "認可類別":"標示",
    "設計人":"蔡孟哲建築師事務所",
    "行政區":"新北市",
    "ditrict":"三峽區",
    "地號":"新北市三峽區大學段一小段191地號等88筆住宿及其他類建築",
    "建築物使用類別":"住宿類建築"
    }
  },
  {
    "type": "Feature",
    "geometry": {
       "type": "Point",
       "coordinates":  [ 121.507561,24.980029 ]
    },
    "properties": {
    "#":335,
    "建築物名稱":"新北市中和區華新段1024地號集合住宅新建工程",
    "建築物概要":"地下4層，地上18層鋼筋混凝土構造住宿類建築",
    "認可版本":"2015年版EEWH-RS",
    "認可等級":"合格級",
    "rank":1,
    "有效期間":"2026年9月27日",
    "valid":"1",
    "認可類別":"標示",
    "設計人":"蕭力仁建築師事務所",
    "行政區":"新北市",
    "ditrict":"中和區",
    "地號":"新北市中和區華新段1024地號住宿類建築",
    "建築物使用類別":"住宿類建築"
    }
  },
  {
    "type": "Feature",
    "geometry": {
       "type": "Point",
       "coordinates":  [ 121.461168,25.085522 ]
    },
    "properties": {
    "#":336,
    "建築物名稱":"新北市政府警察局蘆洲分局辦公廳舍暨三民派出所新建統包工程",
    "建築物概要":"地下2層，地上7層鋼筋混凝土構造辦公廳類建築",
    "認可版本":"2015年版EEWH-BC",
    "認可等級":"銅級",
    "rank":2,
    "有效期間":"2026年9月16日",
    "valid":"1",
    "認可類別":"標示",
    "設計人":"王正源建築師事務所",
    "行政區":"新北市",
    "ditrict":"蘆洲區",
    "地號":"新北市蘆洲區正義段507地號辦公廳類建築",
    "建築物使用類別":"辦公廳類建築"
    }
  },
  {
    "type": "Feature",
    "geometry": {
       "type": "Point",
       "coordinates":  [ 121.482977,25.055953 ]
    },
    "properties": {
    "#":337,
    "建築物名稱":"新光水漾傑仕堡",
    "建築物概要":"地下4層，地上17層鋼筋混凝土構造旅館餐飲類建築",
    "認可版本":"2015年版EEWH-BC",
    "認可等級":"黃金級",
    "rank":4,
    "有效期間":"2026年9月16日",
    "valid":"1",
    "認可類別":"標示",
    "設計人":"金以容建築師事務所",
    "行政區":"新北市",
    "ditrict":"三重區",
    "地號":"新北市三重區三重段236地號旅館餐飲類建築",
    "建築物使用類別":"旅館餐飲類建築"
    }
  },
  {
    "type": "Feature",
    "geometry": {
       "type": "Point",
       "coordinates":  [ 121.369829,25.142089 ]
    },
    "properties": {
    "#":338,
    "建築物名稱":"世紀離岸南碼頭第一期新建工程",
    "建築物概要":"地上4層鋼骨構造辦公廳、大型空間及其他類建築",
    "認可版本":"2015年版EEWH-GF",
    "認可等級":"銀級",
    "rank":3,
    "有效期間":"2026年9月14日",
    "valid":"1",
    "認可類別":"標示",
    "設計人":"蔡宜勳建築師事務所",
    "行政區":"新北市",
    "ditrict":"八里區",
    "地號":"新北市八里區下罟子段下罟子小段557地號等2筆辦公廳、大型空間及其他類建築",
    "建築物使用類別":"大型空間類建築"
    }
  },
  {
    "type": "Feature",
    "geometry": {
       "type": "Point",
       "coordinates":  [ 121.457314,24.9798 ]
    },
    "properties": {
    "#":339,
    "建築物名稱":"慶隆開發土城區明德段266地號集合住宅新建工程",
    "建築物概要":"地下5層，地上14層鋼筋混凝土造構造住宿及其他類建築",
    "認可版本":"2015年版EEWH-RS",
    "認可等級":"黃金級",
    "rank":4,
    "有效期間":"2026年9月13日",
    "valid":"1",
    "認可類別":"標示",
    "設計人":"吳非士建築師事務所",
    "行政區":"新北市",
    "ditrict":"土城區",
    "地號":"新北市土城區明德段266地號住宿及其他類建築",
    "建築物使用類別":"住宿類建築"
    }
  },
  {
    "type": "Feature",
    "geometry": {
       "type": "Point",
       "coordinates":  [ 121.66345,25.067114 ]
    },
    "properties": {
    "#":340,
    "建築物名稱":"新北市汐止區新峰段集合住宅新建工程",
    "建築物概要":"地下1層，地上9層鋼筋混凝土構造住宿類建築",
    "認可版本":"2015年版EEWH-RS",
    "認可等級":"黃金級",
    "rank":4,
    "有效期間":"2026年9月2日",
    "valid":"1",
    "認可類別":"標示",
    "設計人":"洪新發建築師事務所",
    "行政區":"新北市",
    "ditrict":"汐止區",
    "地號":"新北市汐止區新峰段386地號住宿類建築",
    "建築物使用類別":"住宿類建築"
    }
  },
  {
    "type": "Feature",
    "geometry": {
       "type": "Point",
       "coordinates":  [ 121.469069,25.006997 ]
    },
    "properties": {
    "#":341,
    "建築物名稱":"板橋區民族段126地號集合住宅新建工程",
    "建築物概要":"地下5層，地上26層鋼骨鋼筋混凝土構造住宿類建築",
    "認可版本":"2015年版EEWH-RS",
    "認可等級":"銀級",
    "rank":3,
    "有效期間":"2026年8月26日",
    "valid":"1",
    "認可類別":"標示",
    "設計人":"趙峙孝建築師事務所 李兆嘉建築師事務所",
    "行政區":"新北市",
    "ditrict":"板橋區",
    "地號":"新北市板橋區民族段126地號住宿類建築",
    "建築物使用類別":"住宿類建築"
    }
  },
  {
    "type": "Feature",
    "geometry": {
       "type": "Point",
       "coordinates":  [ 121.503932,25.06491 ]
    },
    "properties": {
    "#":342,
    "建築物名稱":"觀瀾",
    "建築物概要":"地下6層，地上27層鋼骨鋼筋混凝土、鋼骨及鋼筋混凝土構造辦公廳及住宿類建築",
    "認可版本":"2012年版EEWH-RS",
    "認可等級":"銀級",
    "rank":3,
    "有效期間":"2026年8月26日",
    "valid":"1",
    "認可類別":"標示",
    "設計人":"劉致錚建築師事務所",
    "行政區":"新北市",
    "ditrict":"三重區",
    "地號":"新北市三重區福德北段426地號等3筆辦公廳及住宿類建築",
    "建築物使用類別":"住宿類建築"
    }
  },
  {
    "type": "Feature",
    "geometry": {
       "type": "Point",
       "coordinates":  [ 121.412606,24.957045 ]
    },
    "properties": {
    "#":344,
    "建築物名稱":"兆鼎建設土城頂福段集合住宅新建工程",
    "建築物概要":"地下2層，地上12層鋼筋混凝土構造住宿類建築",
    "認可版本":"2015年版EEWH-RS",
    "認可等級":"銀級",
    "rank":3,
    "有效期間":"2026年8月10日",
    "valid":"1",
    "認可類別":"標示",
    "設計人":"李俊賢建築師事務所",
    "行政區":"新北市",
    "ditrict":"土城區",
    "地號":"新北市土城區頂福段749地號住宿類建築",
    "建築物使用類別":"住宿類建築"
    }
  },
  {
    "type": "Feature",
    "geometry": {
       "type": "Point",
       "coordinates":  [ 121.465589,25.028935 ]
    },
    "properties": {
    "#":345,
    "建築物名稱":"霖園開發建設股份有限公司新北市板橋區江子翠段溪頭小段238-3等8筆地號集合住宅新建工程",
    "建築物概要":"地下5層，地上20層鋼筋混凝土構造住宿類建築",
    "認可版本":"2012年版EEWH-RS",
    "認可等級":"銀級",
    "rank":3,
    "有效期間":"2026年8月10日",
    "valid":"1",
    "認可類別":"標示",
    "設計人":"陳永富建築師事務所",
    "行政區":"新北市",
    "ditrict":"板橋區",
    "地號":"新北市板橋區江子翠段溪頭小段238-3地號等8筆住宿類建築",
    "建築物使用類別":"住宿類建築"
    }
  },
  {
    "type": "Feature",
    "geometry": {
       "type": "Point",
       "coordinates":  [ 121.475149,25.066393 ]
    },
    "properties": {
    "#":346,
    "建築物名稱":"新北市三重區公37興建活動中心、地下停車場、興闢周邊道路統包工程",
    "建築物概要":"地下2層，地上2層鋼筋混凝土構造大型空間及其他類建築",
    "認可版本":"2015年版EEWH-BC",
    "認可等級":"銀級",
    "rank":3,
    "有效期間":"2026年8月1日",
    "valid":"1",
    "認可類別":"標示",
    "設計人":"黃孟偉建築師事務所",
    "行政區":"新北市",
    "ditrict":"三重區",
    "地號":"新北市三重區三重段89地號等3筆大型空間及其他類建築",
    "建築物使用類別":"大型空間類建築"
    }
  },
  {
    "type": "Feature",
    "geometry": {
       "type": "Point",
       "coordinates":  [ 121.360611,25.067476 ]
    },
    "properties": {
    "#":347,
    "建築物名稱":"森大開發林口建林段集合住宅案新建工程",
    "建築物概要":"地下3層，地上41層鋼骨構造辦公廳及住宿類建築",
    "認可版本":"2012年版EEWH-RS",
    "認可等級":"銀級",
    "rank":3,
    "有效期間":"2026年7月22日",
    "valid":"1",
    "認可類別":"標示",
    "設計人":"三大聯合建築師事務所",
    "行政區":"新北市",
    "ditrict":"林口區",
    "地號":"新北市林口區建林段485地號等2筆辦公廳及住宿類建築",
    "建築物使用類別":"住宿類建築"
    }
  },
  {
    "type": "Feature",
    "geometry": {
       "type": "Point",
       "coordinates":  [ 121.770779,25.105077 ]
    },
    "properties": {
    "#":348,
    "建築物名稱":"永聯瑞芳工商綜合區A1區物流倉儲廠房新建工程",
    "建築物概要":"地上4層鋼骨及鋼筋混凝土構造大型空間及其他類建築",
    "認可版本":"2015年版EEWH-BC",
    "認可等級":"銀級",
    "rank":3,
    "有效期間":"2026年7月15日",
    "valid":"1",
    "認可類別":"標示",
    "設計人":"張哲夫建築師事務所",
    "行政區":"新北市",
    "ditrict":"瑞芳區",
    "地號":"新北市瑞芳區四腳亭段楓子瀨小段35-6地號等5筆大型空間及其他類建築",
    "建築物使用類別":"大型空間類建築"
    }
  },
  {
    "type": "Feature",
    "geometry": {
       "type": "Point",
       "coordinates":  [ 121.524942,24.990661 ]
    },
    "properties": {
    "#":349,
    "建築物名稱":"臺北都會區捷運系統環狀線第1階段工程DF111、112及113設計標(DF112標Y8車站)秀朗橋站",
    "建築物概要":"地下5層，地上5層鋼筋混凝土及鋼骨構造大型空間類建築",
    "認可版本":"2015年版EEWH-BC",
    "認可等級":"合格級",
    "rank":1,
    "有效期間":"2026年7月6日",
    "valid":"1",
    "認可類別":"標示",
    "設計人":"林信忠建築師事務所",
    "行政區":"新北市",
    "ditrict":"中和區",
    "地號":"新北市中和區大智段749、749-1地號等2筆土地大型空間類建築",
    "建築物使用類別":"大型空間類建築"
    }
  },
  {
    "type": "Feature",
    "geometry": {
       "type": "Point",
       "coordinates":  [ 121.516291,24.991816 ]
    },
    "properties": {
    "#":350,
    "建築物名稱":"臺北都會區捷運系統環狀線第1階段工程DF111、112及113設計標(DF112標Y9車站)景平站",
    "建築物概要":"地下3層，地上5層鋼筋混凝土及鋼骨構造大型空間類建築",
    "認可版本":"2015年版EEWH-BC",
    "認可等級":"合格級",
    "rank":1,
    "有效期間":"2026年7月6日",
    "valid":"1",
    "認可類別":"標示",
    "設計人":"林信忠建築師事務所",
    "行政區":"新北市",
    "ditrict":"中和區",
    "地號":"新北市中和區景新段9、10-1地號，秀峰段289地號等3筆土地大型空間類建築",
    "建築物使用類別":"大型空間類建築"
    }
  },
  {
    "type": "Feature",
    "geometry": {
       "type": "Point",
       "coordinates":  [ 121.545414,24.925943 ]
    },
    "properties": {
    "#":352,
    "建築物名稱":"衛生福利部北區老人之家養護中心新建工程",
    "建築物概要":"地下1層，地上3層鋼筋混凝土構造醫院類建築",
    "認可版本":"2015年版EEWH-BC",
    "認可等級":"銅級",
    "rank":2,
    "有效期間":"2026年7月1日",
    "valid":"1",
    "認可類別":"標示",
    "設計人":"盧俊廷建築師事務所",
    "行政區":"新北市",
    "ditrict":"新店區",
    "地號":"新北市新店區櫻花段397地號等4筆醫院類建築",
    "建築物使用類別":"醫院類建築"
    }
  },
  {
    "type": "Feature",
    "geometry": {
       "type": "Point",
       "coordinates":  [ 121.360027,24.954772 ]
    },
    "properties": {
    "#":354,
    "建築物名稱":"新北市三鶯水資源回收中心新建工程",
    "建築物概要":"地上2層鋼筋混凝土構造辦公廳類建築",
    "認可版本":"2012年版EEWH-BC",
    "認可等級":"銀級",
    "rank":3,
    "有效期間":"2026年6月9日",
    "valid":"1",
    "認可類別":"標示",
    "設計人":"華興聯合建築師事務所",
    "行政區":"新北市",
    "ditrict":"鶯歌區",
    "地號":"新北市鶯歌區中正段25-17地號等1筆辦公廳類建築",
    "建築物使用類別":"辦公廳類建築"
    }
  },
  {
    "type": "Feature",
    "geometry": {
       "type": "Point",
       "coordinates":  [ 121.480715,25.027637 ]
    },
    "properties": {
    "#":355,
    "建築物名稱":"新北市板橋區音樂公園地下停車場新建統包工程",
    "建築物概要":"地下3層，地上2層鋼筋混凝土構造大型空間類建築",
    "認可版本":"2015年版EEWH-BC",
    "認可等級":"銀級",
    "rank":3,
    "有效期間":"2026年6月8日",
    "valid":"1",
    "認可類別":"標示",
    "設計人":"戴嘉惠建築師事務所",
    "行政區":"新北市",
    "ditrict":"板橋區",
    "地號":"新北市板橋區江子翠段第一崁小段15地號大型空間類建築",
    "建築物使用類別":"大型空間類建築"
    }
  },
  {
    "type": "Feature",
    "geometry": {
       "type": "Point",
       "coordinates":  [ 121.46681,25.026258 ]
    },
    "properties": {
    "#":356,
    "建築物名稱":"臺北都會區大眾捷運系統環狀線計畫第一階段-新埔民生站新建工程",
    "建築物概要":"地下2層，地上6層鋼骨造大型空間類建築",
    "認可版本":"2015年版EEWH-BC",
    "認可等級":"合格級",
    "rank":1,
    "有效期間":"2026年5月18日",
    "valid":"1",
    "認可類別":"標示",
    "設計人":"陳信樟建築師事務所",
    "行政區":"新北市",
    "ditrict":"板橋區",
    "地號":"新北市板橋區江子翠段新埔小段7-11、7-71、9-4、7-121，江子翠段第二崁小段257-130，257-131、257-132、257-133、257-141、258-49等地號共10筆土地大型",
    "建築物使用類別":"大型空間類建築"
    }
  },
  {
    "type": "Feature",
    "geometry": {
       "type": "Point",
       "coordinates":  [ 121.461815,25.133825 ]
    },
    "properties": {
    "#":357,
    "建築物名稱":"淡水竹圍段675地號集合住宅新建工程",
    "建築物概要":"地下4層，地上11層鋼筋混凝土構造住宿類建築",
    "認可版本":"2012年版EEWH-RS",
    "認可等級":"黃金級",
    "rank":4,
    "有效期間":"2026年5月18日",
    "valid":"1",
    "認可類別":"標示",
    "設計人":"郭秋利建築師事務所",
    "行政區":"新北市",
    "ditrict":"淡水區",
    "地號":"新北市淡水區竹圍段675地號住宿類建築",
    "建築物使用類別":"住宿類建築"
    }
  },
  {
    "type": "Feature",
    "geometry": {
       "type": "Point",
       "coordinates":  [ 121.361811,24.93789 ]
    },
    "properties": {
    "#":358,
    "建築物名稱":"行天宮醫療志業醫療財團法人恩主公醫院新建門診大樓新建工程",
    "建築物概要":"地下3層，地上6層鋼筋混凝土構造醫院類建築",
    "認可版本":"2015年版EEWH-BC",
    "認可等級":"合格級",
    "rank":1,
    "有效期間":"2026年5月10日",
    "valid":"1",
    "認可類別":"標示",
    "設計人":"境向聯合建築師事務所",
    "行政區":"新北市",
    "ditrict":"三峽區",
    "地號":"新北市三峽區大仁段896地號等4筆醫院類建築",
    "建築物使用類別":"醫院類建築"
    }
  },
  {
    "type": "Feature",
    "geometry": {
       "type": "Point",
       "coordinates":  [ 121.489595,25.084601 ]
    },
    "properties": {
    "#":359,
    "建築物名稱":"新北市三重區碧華國民小學老舊校舍整建工程",
    "建築物概要":"地上5層鋼筋混凝土構造學校類建築",
    "認可版本":"2015年版EEWH-BC",
    "認可等級":"銅級",
    "rank":2,
    "有效期間":"2026年4月22日",
    "valid":"0",
    "認可類別":"標示",
    "設計人":"李麗如建築師事務所",
    "行政區":"新北市",
    "ditrict":"三重區",
    "地號":"新北市三重區碧華段135地號等2筆學校類建築",
    "建築物使用類別":"學校類建築"
    }
  },
  {
    "type": "Feature",
    "geometry": {
       "type": "Point",
       "coordinates":  [ 121.532252,25.230218 ]
    },
    "properties": {
    "#":360,
    "建築物名稱":"新北市三芝區芝柏段1262地號公用設備新建工程",
    "建築物概要":"地上1層鋼筋混凝土構造大型空間類建築",
    "認可版本":"2015年版EEWH-BC",
    "認可等級":"銀級",
    "rank":3,
    "有效期間":"2026年4月21日",
    "valid":"0",
    "認可類別":"標示",
    "設計人":"戴育澤建築師事務所",
    "行政區":"新北市",
    "ditrict":"三芝區",
    "地號":"新北市三芝區芝柏段1262地號大型空間類建築",
    "建築物使用類別":"大型空間類建築"
    }
  },
  {
    "type": "Feature",
    "geometry": {
       "type": "Point",
       "coordinates":  [ 121.470969,25.000469 ]
    },
    "properties": {
    "#":361,
    "建築物名稱":"僑馥建經新北市中和區莒光段集合住宅新建工程",
    "建築物概要":"地下4層，地上15層鋼筋混凝土構造住宿類建築",
    "認可版本":"2012年版EEWH-RS",
    "認可等級":"銀級",
    "rank":3,
    "有效期間":"2026年4月8日",
    "valid":"0",
    "認可類別":"標示",
    "設計人":"黃翔龍建築師事務所",
    "行政區":"新北市",
    "ditrict":"中和區",
    "地號":"新北市中和區莒光段629地號住宿類建築",
    "建築物使用類別":"住宿類建築"
    }
  },
  {
    "type": "Feature",
    "geometry": {
       "type": "Point",
       "coordinates":  [ 121.484067,25.061194 ]
    },
    "properties": {
    "#":362,
    "建築物名稱":"新北市三重區興華段1269地號集合住宅新建工程",
    "建築物概要":"地下2層，地上12層鋼筋混凝土構造住宿類建築",
    "認可版本":"2012年版EEWH-RS",
    "認可等級":"黃金級",
    "rank":4,
    "有效期間":"2026年4月8日",
    "valid":"0",
    "認可類別":"標示",
    "設計人":"周劍平建築師事務所",
    "行政區":"新北市",
    "ditrict":"三重區",
    "地號":"新北市三重區興華段1269地號住宿類建築",
    "建築物使用類別":"住宿類建築"
    }
  },
  {
    "type": "Feature",
    "geometry": {
       "type": "Point",
       "coordinates":  [ 121.410831,25.15509 ]
    },
    "properties": {
    "#":363,
    "建築物名稱":"新北市八里區中庄段135地號集合住宅新建工程",
    "建築物概要":"地下3層，地上19層鋼筋混凝土構造住宿類建築",
    "認可版本":"2012年版EEWH-RS",
    "認可等級":"銀級",
    "rank":3,
    "有效期間":"2026年4月6日",
    "valid":"0",
    "認可類別":"標示",
    "設計人":"黃潘宗建築師事務所",
    "行政區":"新北市",
    "ditrict":"八里區",
    "地號":"新北市八里區中庄段135地號住宿類建築",
    "建築物使用類別":"住宿類建築"
    }
  },
  {
    "type": "Feature",
    "geometry": {
       "type": "Point",
       "coordinates":  [ 121.448586,25.057175 ]
    },
    "properties": {
    "#":364,
    "建築物名稱":"名軒開發新莊區副都心段一小段294地號新建工程",
    "建築物概要":"地下5層，地上14層鋼筋混凝土構造辦公廳及住宿類建築",
    "認可版本":"2009年版",
    "認可等級":"銀級",
    "rank":3,
    "有效期間":"2026年3月31日",
    "valid":"0",
    "認可類別":"標示",
    "設計人":"周文斌建築師事務所",
    "行政區":"新北市",
    "ditrict":"新莊區",
    "地號":"新北市新莊區副都心段一小段294地號辦公廳及住宿類建築",
    "建築物使用類別":"住宿類建築"
    }
  },
  {
    "type": "Feature",
    "geometry": {
       "type": "Point",
       "coordinates":  [ 121.502159,25.06354 ]
    },
    "properties": {
    "#":365,
    "建築物名稱":"新北市三重區福德南段400等20筆地號住宅新建工程",
    "建築物概要":"地下4層，地上15層鋼筋混凝土構造住宿類建築",
    "認可版本":"2012年版EEWH-RS",
    "認可等級":"銀級",
    "rank":3,
    "有效期間":"2026年3月23日",
    "valid":"0",
    "認可類別":"標示",
    "設計人":"秦國璋建築師事務所",
    "行政區":"新北市",
    "ditrict":"三重區",
    "地號":"新北市三重區福德南段400地號等20筆住宿類建築",
    "建築物使用類別":"住宿類建築"
    }
  },
  {
    "type": "Feature",
    "geometry": {
       "type": "Point",
       "coordinates":  [ 121.440659,25.177333 ]
    },
    "properties": {
    "#":366,
    "建築物名稱":"新北市淡水區大義段537地號共一筆集合住宅新建工程",
    "建築物概要":"地下3層，地上15層鋼筋混凝土構造住宿類建築",
    "認可版本":"2012年版EEWH-RS",
    "認可等級":"黃金級",
    "rank":4,
    "有效期間":"2026年3月23日",
    "valid":"0",
    "認可類別":"標示",
    "設計人":"鄭復綱建築師事務所",
    "行政區":"新北市",
    "ditrict":"淡水區",
    "地號":"新北市淡水區大義段537地號住宿類建築",
    "建築物使用類別":"住宿類建築"
    }
  },
  {
    "type": "Feature",
    "geometry": {
       "type": "Point",
       "coordinates":  [ 121.488492,25.005604 ]
    },
    "properties": {
    "#":368,
    "建築物名稱":"德恩建設中和板南段工廠新建工程",
    "建築物概要":"地下3層，地上17層鋼筋混凝土構造辦公廳、百貨商場、旅館餐飲及大型空間類建築",
    "認可版本":"2012年版EEWH-GF",
    "認可等級":"銀級",
    "rank":3,
    "有效期間":"2026年3月16日",
    "valid":"0",
    "認可類別":"標示",
    "設計人":"郭旭原建築師事務所",
    "行政區":"新北市",
    "ditrict":"中和區",
    "地號":"新北市中和區板南段18地號辦公廳、百貨商場、旅館餐飲及大型空間類建築",
    "建築物使用類別":"大型空間類建築"
    }
  },
  {
    "type": "Feature",
    "geometry": {
       "type": "Point",
       "coordinates":  [ 121.494022,25.053162 ]
    },
    "properties": {
    "#":369,
    "建築物名稱":"鴻鈞開發建設-集美樹",
    "建築物概要":"地下2層，地上10層鋼筋混凝土構造住宿類建築",
    "認可版本":"2012年版EEWH-RS",
    "認可等級":"黃金級",
    "rank":4,
    "有效期間":"2026年3月9日",
    "valid":"0",
    "認可類別":"標示",
    "設計人":"張志誠建築師事務所",
    "行政區":"新北市",
    "ditrict":"三重區",
    "地號":"新北市三重區集美段0618地號住宿類建築",
    "建築物使用類別":"住宿類建築"
    }
  },
  {
    "type": "Feature",
    "geometry": {
       "type": "Point",
       "coordinates":  [ 121.490432,25.004724 ]
    },
    "properties": {
    "#":370,
    "建築物名稱":"臺北都會區捷運系統環狀線第1階段工程DF111、112及113設計標(DF112標Y12車站)橋和站",
    "建築物概要":"地下3層，地上6層鋼筋混凝土及鋼骨構造大型空間類建築",
    "認可版本":"2015年版EEWH-BC",
    "認可等級":"合格級",
    "rank":1,
    "有效期間":"2026年3月1日",
    "valid":"0",
    "認可類別":"標示",
    "設計人":"林信忠建築師事務所",
    "行政區":"新北市",
    "ditrict":"中和區",
    "地號":"新北市中和區橋和段132、133地號等2筆土地大型空間類建築",
    "建築物使用類別":"大型空間類建築"
    }
  },
  {
    "type": "Feature",
    "geometry": {
       "type": "Point",
       "coordinates":  [ 121.484294,25.008394 ]
    },
    "properties": {
    "#":371,
    "建築物名稱":"臺北都會區捷運系統環狀線第1階段工程DF111、112及113設計標(DF112標Y13車站)中原站",
    "建築物概要":"地下3層，地上5層鋼筋混凝土及鋼骨構造大型空間類建築",
    "認可版本":"2015年版EEWH-BC",
    "認可等級":"合格級",
    "rank":1,
    "有效期間":"2026年2月25日",
    "valid":"0",
    "認可類別":"標示",
    "設計人":"林信忠建築師事務所",
    "行政區":"新北市",
    "ditrict":"中和區",
    "地號":"新北市中和區中原段475-1、476、477-1、479-1、480-1地號等5筆土地大型空間類建築",
    "建築物使用類別":"大型空間類建築"
    }
  },
  {
    "type": "Feature",
    "geometry": {
       "type": "Point",
       "coordinates":  [ 121.472351,25.01439 ]
    },
    "properties": {
    "#":372,
    "建築物名稱":"臺北都會區捷運系統環狀線第1階段工程DF111、112及113設計標(DF112標Y14車站)板新站",
    "建築物概要":"地下6層，地上4層鋼筋混凝土及鋼骨構造大型空間類建築",
    "認可版本":"2015年版EEWH-BC",
    "認可等級":"合格級",
    "rank":1,
    "有效期間":"2026年2月25日",
    "valid":"0",
    "認可類別":"標示",
    "設計人":"林信忠建築師事務所",
    "行政區":"新北市",
    "ditrict":"板橋區",
    "地號":"新北市板橋區中山段50、50-1、50-44、50-45、50-51、238、238-1地號等7筆土地大型空間類建築",
    "建築物使用類別":"大型空間類建築"
    }
  },
  {
    "type": "Feature",
    "geometry": {
       "type": "Point",
       "coordinates":  [ 121.496556,25.002257 ]
    },
    "properties": {
    "#":373,
    "建築物名稱":"臺北都會區捷運系統環狀線第1階段工程DF111、112及113設計標(DF112標Y11車站)中和站",
    "建築物概要":"地下4層，地上6層鋼筋混凝土及鋼骨構造大型空間類建築",
    "認可版本":"2015年版EEWH-BC",
    "認可等級":"合格級",
    "rank":1,
    "有效期間":"2026年2月25日",
    "valid":"0",
    "認可類別":"標示",
    "設計人":"林信忠建築師事務所",
    "行政區":"新北市",
    "ditrict":"中和區",
    "地號":"新北市中和區安邦段1、2、3、4、5、6、7、8、9、10、11、12地號等12筆土地大型空間類建築",
    "建築物使用類別":"大型空間類建築"
    }
  },
  {
    "type": "Feature",
    "geometry": {
       "type": "Point",
       "coordinates":  [ 121.509055,24.990664 ]
    },
    "properties": {
    "#":374,
    "建築物名稱":"中和區大華段住宅新建工程",
    "建築物概要":"地下3層，地上11層鋼筋混凝土構造住宿類建築",
    "認可版本":"2015年版EEWH-RS",
    "認可等級":"黃金級",
    "rank":4,
    "有效期間":"2026年2月23日",
    "valid":"0",
    "認可類別":"標示",
    "設計人":"陳世岳建築師事務所",
    "行政區":"新北市",
    "ditrict":"中和區",
    "地號":"新北市中和區大華段649地號住宿類建築",
    "建築物使用類別":"住宿類建築"
    }
  },
  {
    "type": "Feature",
    "geometry": {
       "type": "Point",
       "coordinates":  [ 121.416111,25.052941 ]
    },
    "properties": {
    "#":375,
    "建築物名稱":"私立長永紀念福園新建工程",
    "建築物概要":"地上1層鋼骨構造大型空間及其他類建築",
    "認可版本":"2015年版EEWH-BC",
    "認可等級":"銀級",
    "rank":3,
    "有效期間":"2026年2月3日",
    "valid":"0",
    "認可類別":"標示",
    "設計人":"劉培森建築師事務所",
    "行政區":"新北市",
    "ditrict":"泰山區",
    "地號":"新北市泰山區南林段0001-0007地號大型空間及其他類建築",
    "建築物使用類別":"大型空間類建築"
    }
  },
  {
    "type": "Feature",
    "geometry": {
       "type": "Point",
       "coordinates":  [ 121.469407,25.017727 ]
    },
    "properties": {
    "#":376,
    "建築物名稱":"新北市板橋區文化段1964、1964-1地號旅館大樓(C基地)新建工程",
    "建築物概要":"地下4層，地上17層鋼筋混凝土構造旅館餐飲類建築",
    "認可版本":"2015年版EEWH-BC",
    "認可等級":"銀級",
    "rank":3,
    "有效期間":"2026年2月3日",
    "valid":"0",
    "認可類別":"標示",
    "設計人":"原大聯合建築師事務所",
    "行政區":"新北市",
    "ditrict":"板橋區",
    "地號":"板橋區文化段1964地號 板橋區文化段1964-01地號旅館餐飲類建築",
    "建築物使用類別":"旅館餐飲類建築"
    }
  },
  {
    "type": "Feature",
    "geometry": {
       "type": "Point",
       "coordinates":  [ 121.50175,25.064559 ]
    },
    "properties": {
    "#":377,
    "建築物名稱":"天鵝湖建設三重區福德北段1115等二筆地號集合住宅新建工程",
    "建築物概要":"地下2層，地上15層鋼筋混凝土構造住宿及其他類建築",
    "認可版本":"2012年版EEWH-RS",
    "認可等級":"銀級",
    "rank":3,
    "有效期間":"2026年1月31日",
    "valid":"0",
    "認可類別":"標示",
    "設計人":"郭秋利建築師事務所",
    "行政區":"新北市",
    "ditrict":"三重區",
    "地號":"新北市三重區福德北段1115地號等2筆住宿及其他類建築",
    "建築物使用類別":"住宿類建築"
    }
  },
  {
    "type": "Feature",
    "geometry": {
       "type": "Point",
       "coordinates":  [ 121.457491,24.998322 ]
    },
    "properties": {
    "#":378,
    "建築物名稱":"台北遠東通訊園區Tpark研發大樓",
    "建築物概要":"地下2層，地上11層鋼筋混凝土構造辦公廳類及旅館餐飲類建築",
    "認可版本":"2015年版EEWH-RN",
    "認可等級":"合格級",
    "rank":1,
    "有效期間":"2026年1月31日",
    "valid":"0",
    "認可類別":"標示",
    "設計人":"林政賢建築師事務所",
    "行政區":"新北市",
    "ditrict":"板橋區",
    "地號":"新北市板橋區仁愛段1171地號等5筆",
    "建築物使用類別":"辦公廳類建築"
    }
  },
  {
    "type": "Feature",
    "geometry": {
       "type": "Point",
       "coordinates":  [ 121.490386,25.008589 ]
    },
    "properties": {
    "#":379,
    "建築物名稱":"遠雄悅河",
    "建築物概要":"地下2層，地上20層鋼筋混凝土構造住宿類建築",
    "認可版本":"2015年版EEWH-RS",
    "認可等級":"銀級",
    "rank":3,
    "有效期間":"2026年1月27日",
    "valid":"0",
    "認可類別":"標示",
    "設計人":"李祖原聯合建築師事務所",
    "行政區":"新北市",
    "ditrict":"中和區",
    "地號":"新北市中和區華中段11地號住宿類建築",
    "建築物使用類別":"住宿類建築"
    }
  },
  {
    "type": "Feature",
    "geometry": {
       "type": "Point",
       "coordinates":  [ 121.444715,25.035449 ]
    },
    "properties": {
    "#":380,
    "建築物名稱":"三福開發股份有限公司新莊全安段集合住宅新建工程",
    "建築物概要":"地下4層，地上24層鋼筋混凝土構造辦公廳及住宿類建築",
    "認可版本":"2012年版EEWH-RS",
    "認可等級":"鑽石級",
    "rank":5,
    "有效期間":"2026年1月26日",
    "valid":"0",
    "認可類別":"標示",
    "設計人":"三門聯合建築師事務所",
    "行政區":"新北市",
    "ditrict":"新莊區",
    "地號":"新北市新莊區全安段1099地號辦公廳及住宿類建築",
    "建築物使用類別":"住宿類建築"
    }
  },
  {
    "type": "Feature",
    "geometry": {
       "type": "Point",
       "coordinates":  [ 121.37099,24.94718 ]
    },
    "properties": {
    "#":381,
    "建築物名稱":"國立臺北大學三峽校區電機資訊大樓新建工程",
    "建築物概要":"地下1層，地上8層鋼筋混凝土構造學校類建築",
    "認可版本":"2015年版EEWH-BC",
    "認可等級":"銀級",
    "rank":3,
    "有效期間":"2026年1月24日",
    "valid":"0",
    "認可類別":"標示",
    "設計人":"潘冀聯合建築師事務所",
    "行政區":"新北市",
    "ditrict":"三峽區",
    "地號":"新北市三峽區大學段一小段191地號等88筆學校類建築",
    "建築物使用類別":"學校類建築"
    }
  },
  {
    "type": "Feature",
    "geometry": {
       "type": "Point",
       "coordinates":  [ 121.487905,25.002408 ]
    },
    "properties": {
    "#":382,
    "建築物名稱":"光寶科技股份有限公司中和廠辦大樓新建工程",
    "建築物概要":"地下3層，地上7層鋼筋混凝土構造大型空間類建築",
    "認可版本":"2012年版EEWH-GF",
    "認可等級":"銀級",
    "rank":3,
    "有效期間":"2026年1月20日",
    "valid":"0",
    "認可類別":"標示",
    "設計人":"彭定吉建築師事務所",
    "行政區":"新北市",
    "ditrict":"中和區",
    "地號":"新北市中和區健康段827地號等5筆",
    "建築物使用類別":"大型空間類建築"
    }
  },
  {
    "type": "Feature",
    "geometry": {
       "type": "Point",
       "coordinates":  [ 121.413891,25.048693 ]
    },
    "properties": {
    "#":383,
    "建築物名稱":"南亞科技三A廠北棟新建工程",
    "建築物概要":"地下1層，地上10層鋼筋混凝土及鋼構造大型空間類建築",
    "認可版本":"2012年版EEWH-GF",
    "認可等級":"銀級",
    "rank":3,
    "有效期間":"2026年1月18日",
    "valid":"0",
    "認可類別":"標示",
    "設計人":"大川建築師事務所",
    "行政區":"新北市",
    "ditrict":"泰山區",
    "地號":"新北市泰山區南林段92-3地號等11筆大型空間類建築",
    "建築物使用類別":"大型空間類建築"
    }
  },
  {
    "type": "Feature",
    "geometry": {
       "type": "Point",
       "coordinates":  [ 121.445523,24.977892 ]
    },
    "properties": {
    "#":384,
    "建築物名稱":"昌興土城集合住宅新建工程",
    "建築物概要":"地下4層，地上13層鋼筋混凝土構造辦公廳及住宿類建築",
    "認可版本":"2015年版EEWH-RS",
    "認可等級":"黃金級",
    "rank":4,
    "有效期間":"2026年1月18日",
    "valid":"0",
    "認可類別":"標示",
    "設計人":"華興聯合建築師事務所",
    "行政區":"新北市",
    "ditrict":"土城區",
    "地號":"新北市土城區明德段152地號辦公廳及住宿類建築",
    "建築物使用類別":"住宿類建築"
    }
  },
  {
    "type": "Feature",
    "geometry": {
       "type": "Point",
       "coordinates":  [ 121.526231,24.981646 ]
    },
    "properties": {
    "#":385,
    "建築物名稱":"新店區中央新村北側社會住宅新建統包工程案",
    "建築物概要":"社區位於新北市新店區，北臨央北三路、東臨中山路、南臨央北二路、西臨央北二路，面積約15005.41㎡，人口約2,634人。",
    "認可版本":"2015年版EEWH-EC",
    "認可等級":"銅級",
    "rank":2,
    "有效期間":"2026年1月13日",
    "valid":"0",
    "認可類別":"標示",
    "設計人":"九典聯合建築師事務所",
    "行政區":"新北市",
    "ditrict":"新店區",
    "地號":"新北市新店區斯馨段22地號",
    "建築物使用類別":"_"
    }
  },
  {
    "type": "Feature",
    "geometry": {
       "type": "Point",
       "coordinates":  [ 121.44951,25.059571 ]
    },
    "properties": {
    "#":386,
    "建築物名稱":"新北新莊停二280、439地號開發案",
    "建築物概要":"地下7層，地上14層鋼筋混凝土、鋼骨鋼筋混凝土及鋼骨構造辦公廳、百貨商場、旅館餐飲及大型空間類建築",
    "認可版本":"2012年版EEWH-BC",
    "認可等級":"黃金級",
    "rank":4,
    "有效期間":"2026年1月3日",
    "valid":"0",
    "認可類別":"標示",
    "設計人":"李祖原聯合建築師事務所",
    "行政區":"新北市",
    "ditrict":"新莊區",
    "地號":"新北市新莊區副都心段一小段280地號等2筆辦公廳、百貨商場、旅館餐飲及大型空間類建築",
    "建築物使用類別":"百貨商場類建築"
    }
  },
  {
    "type": "Feature",
    "geometry": {
       "type": "Point",
       "coordinates":  [ 121.628548,25.067839 ]
    },
    "properties": {
    "#":387,
    "建築物名稱":"新北市汐止區北山段99地號等2筆集合住宅新建工程",
    "建築物概要":"地下4層，地上15層鋼筋混凝土構造住宿類建築",
    "認可版本":"2015年版EEWH-RS",
    "認可等級":"銀級",
    "rank":3,
    "有效期間":"2025年12月23日",
    "valid":"0",
    "認可類別":"標示",
    "設計人":"呂佳隆建築師事務所",
    "行政區":"新北市",
    "ditrict":"汐止區",
    "地號":"新北市汐止區北山段99地號等2筆住宿類建築",
    "建築物使用類別":"住宿類建築"
    }
  },
  {
    "type": "Feature",
    "geometry": {
       "type": "Point",
       "coordinates":  [ 121.496793,25.057423 ]
    },
    "properties": {
    "#":388,
    "建築物名稱":"圓富建設三重區大同南段1381、1382地號集合住宅新建工程",
    "建築物概要":"地下4層，地上27層鋼骨構造住宿類建築",
    "認可版本":"2009年版",
    "認可等級":"銀級",
    "rank":3,
    "有效期間":"2025年12月16日",
    "valid":"0",
    "認可類別":"標示",
    "設計人":"邑相聯合建築師事務所",
    "行政區":"新北市",
    "ditrict":"三重區",
    "地號":"新北市三重區大同南段1381地號等2筆住宿類建築",
    "建築物使用類別":"住宿類建築"
    }
  },
  {
    "type": "Feature",
    "geometry": {
       "type": "Point",
       "coordinates":  [ 121.454823,25.057068 ]
    },
    "properties": {
    "#":389,
    "建築物名稱":"新北市政府警察局新莊分局昌平派出所新建工程",
    "建築物概要":"地下1層，地上3層鋼筋混凝土構造辦公廳類建築",
    "認可版本":"2015年版EEWH-BC",
    "認可等級":"合格級",
    "rank":1,
    "有效期間":"2025年12月13日",
    "valid":"0",
    "認可類別":"標示",
    "設計人":"梁貞誠建築師事務所",
    "行政區":"新北市",
    "ditrict":"新莊區",
    "地號":"新北市新莊區副都心段八小段1-1地號辦公廳類建築",
    "建築物使用類別":"辦公廳類建築"
    }
  },
  {
    "type": "Feature",
    "geometry": {
       "type": "Point",
       "coordinates":  [ 121.499756,25.000357 ]
    },
    "properties": {
    "#":390,
    "建築物名稱":"合作金庫商業銀行中和分行大樓",
    "建築物概要":"地下1層，地上4層鋼筋混凝土造辦公廳類建築",
    "認可版本":"2015年版EEWH-RN",
    "認可等級":"合格級",
    "rank":1,
    "有效期間":"2025年12月8日",
    "valid":"0",
    "認可類別":"標示",
    "設計人":"冠呈能源環控有限公司",
    "行政區":"新北市",
    "ditrict":"中和區",
    "地號":"中和區中和段538地號等1筆辦公廳類建築",
    "建築物使用類別":"辦公廳類建築"
    }
  },
  {
    "type": "Feature",
    "geometry": {
       "type": "Point",
       "coordinates":  [ 121.459515,25.061208 ]
    },
    "properties": {
    "#":392,
    "建築物名稱":"臺北都會區大眾捷運系統環狀線計畫第一階段-新北產業園區站",
    "建築物概要":"地下3層，地上6層鋼骨構造大型空間類建築",
    "認可版本":"2012年版EEWH-BC",
    "認可等級":"合格級",
    "rank":1,
    "有效期間":"2025年11月25日",
    "valid":"0",
    "認可類別":"標示",
    "設計人":"陳信樟建築師事務所",
    "行政區":"新北市",
    "ditrict":"新莊區",
    "地號":"新北市新莊區興化段787-2、787-3、788-1、788-2、802、802-1、803-1、803-2、804-1等9筆地號大型空間類建築",
    "建築物使用類別":"大型空間類建築"
    }
  },
  {
    "type": "Feature",
    "geometry": {
       "type": "Point",
       "coordinates":  [ 121.460706,25.039913 ]
    },
    "properties": {
    "#":393,
    "建築物名稱":"臺北都會區大眾捷運系統環狀線計畫第一階段-頭前庄站新建工程",
    "建築物概要":"地下2層，地上5層鋼筋混凝土構造大型空間類建築",
    "認可版本":"2012年版EEWH-BC",
    "認可等級":"合格級",
    "rank":1,
    "有效期間":"2025年11月25日",
    "valid":"0",
    "認可類別":"標示",
    "設計人":"陳信樟建築師事務所",
    "行政區":"新北市",
    "ditrict":"新莊區",
    "地號":"新北市新莊區鴻福段213-1、214、215、216、217、218、219、220、221、222、223等地號共計11筆土地大型空間類建築",
    "建築物使用類別":"大型空間類建築"
    }
  },
  {
    "type": "Feature",
    "geometry": {
       "type": "Point",
       "coordinates":  [ 121.460444,25.049845 ]
    },
    "properties": {
    "#":394,
    "建築物名稱":"臺北都會區大眾捷運系統環狀線計畫第一階段-幸福站新建工程",
    "建築物概要":"地下1層，地上5層鋼骨及鋼筋混凝土構造大型空間類建築",
    "認可版本":"2012年版EEWH-BC",
    "認可等級":"合格級",
    "rank":1,
    "有效期間":"2025年11月25日",
    "valid":"0",
    "認可類別":"標示",
    "設計人":"陳信樟建築師事務所",
    "行政區":"新北市",
    "ditrict":"新莊區",
    "地號":"新北市新莊區中原段306地號1筆土地大型空間類建築",
    "建築物使用類別":"大型空間類建築"
    }
  },
  {
    "type": "Feature",
    "geometry": {
       "type": "Point",
       "coordinates":  [ 121.486433,25.012652 ]
    },
    "properties": {
    "#":395,
    "建築物名稱":"遠雄建設左岸和光社區案新建工程",
    "建築物概要":"地下2層，地上23層鋼筋混凝土構造住宿及其他類建築",
    "認可版本":"2009年版",
    "認可等級":"銀級",
    "rank":3,
    "有效期間":"2025年11月25日",
    "valid":"0",
    "認可類別":"標示",
    "設計人":"李祖原聯合建築師事務所",
    "行政區":"新北市",
    "ditrict":"中和區",
    "地號":"新北市中和區華中段55地號住宿及其他類建築",
    "建築物使用類別":"住宿類建築"
    }
  },
  {
    "type": "Feature",
    "geometry": {
       "type": "Point",
       "coordinates":  [ 121.465101,25.134668 ]
    },
    "properties": {
    "#":396,
    "建築物名稱":"迎曦莊園住宅大樓新建工程",
    "建築物概要":"地下4層，地上20層鋼筋混凝土構造住宿類建築",
    "認可版本":"2012年版EEWH-RS",
    "認可等級":"銀級",
    "rank":3,
    "有效期間":"2025年11月24日",
    "valid":"0",
    "認可類別":"標示",
    "設計人":"陳明烈建築師事務所",
    "行政區":"新北市",
    "ditrict":"淡水區",
    "地號":"新北市淡水區關渡段65地號等3筆住宿類建築",
    "建築物使用類別":"住宿類建築"
    }
  },
  {
    "type": "Feature",
    "geometry": {
       "type": "Point",
       "coordinates":  [ 121.47147,25.048088 ]
    },
    "properties": {
    "#":398,
    "建築物名稱":"寶石建設三重區中興段301地號住宅新建工程",
    "建築物概要":"地下4層，地上31層鋼骨鋼筋混凝土構造住宿類建築",
    "認可版本":"2009年版",
    "認可等級":"銀級",
    "rank":3,
    "有效期間":"2025年11月9日",
    "valid":"0",
    "認可類別":"標示",
    "設計人":"三門聯合建築師事務所 宏達建築師事務所",
    "行政區":"新北市",
    "ditrict":"三重區",
    "地號":"新北市三重區中興段301地號等1筆",
    "建築物使用類別":"住宿類建築"
    }
  },
  {
    "type": "Feature",
    "geometry": {
       "type": "Point",
       "coordinates":  [ 121.475693,25.054262 ]
    },
    "properties": {
    "#":399,
    "建築物名稱":"𡻈盛建設三重五谷王段124地號13層大樓新建工程",
    "建築物概要":"地下4層，地上13層鋼筋混凝土構造辦公廳及住宿類建築",
    "認可版本":"2012年版EEWH-RS",
    "認可等級":"銀級",
    "rank":3,
    "有效期間":"2025年11月3日",
    "valid":"0",
    "認可類別":"標示",
    "設計人":"劉東文建築師事務所",
    "行政區":"新北市",
    "ditrict":"三重區",
    "地號":"新北市三重區五谷王段124地號辦公廳及住宿類建築",
    "建築物使用類別":"住宿類建築"
    }
  },
  {
    "type": "Feature",
    "geometry": {
       "type": "Point",
       "coordinates":  [ 121.4973,25.062258 ]
    },
    "properties": {
    "#":400,
    "建築物名稱":"新北市三重區德新段集合住宅新建工程",
    "建築物概要":"地下2層，地上15層鋼筋混凝土構造辦公廳及住宿類建築",
    "認可版本":"2015年版EEWH-RS",
    "認可等級":"銀級",
    "rank":3,
    "有效期間":"2025年10月27日",
    "valid":"0",
    "認可類別":"標示",
    "設計人":"陳金水建築師事務所",
    "行政區":"新北市",
    "ditrict":"三重區",
    "地號":"新北市三重區德新段618-0000地號等5筆辦公廳及住宿類建築",
    "建築物使用類別":"住宿類建築"
    }
  },
  {
    "type": "Feature",
    "geometry": {
       "type": "Point",
       "coordinates":  [ 121.446261,25.048078 ]
    },
    "properties": {
    "#":401,
    "建築物名稱":"綺曜新莊中誠段791地號新建工程",
    "建築物概要":"地下2層，地上15層鋼筋混凝土構造住宿類建築",
    "認可版本":"2012年版EEWH-RS",
    "認可等級":"銀級",
    "rank":3,
    "有效期間":"2025年10月25日",
    "valid":"0",
    "認可類別":"標示",
    "設計人":"王兆舜建築師事務所",
    "行政區":"新北市",
    "ditrict":"新莊區",
    "地號":"新北市新莊區中誠段791地號住宿類建築",
    "建築物使用類別":"住宿類建築"
    }
  },
  {
    "type": "Feature",
    "geometry": {
       "type": "Point",
       "coordinates":  [ 121.522606,24.995789 ]
    },
    "properties": {
    "#":403,
    "建築物名稱":"勝瀚建設中和區景福段104地號等六筆店鋪集合住宅新建工程",
    "建築物概要":"地下4層，地上15層鋼筋混凝土構造住宿類建築",
    "認可版本":"2012年版EEWH-RS",
    "認可等級":"銀級",
    "rank":3,
    "有效期間":"2025年9月24日",
    "valid":"0",
    "認可類別":"標示",
    "設計人":"吳非士建築師事務所",
    "行政區":"新北市",
    "ditrict":"中和區",
    "地號":"新北市中和區景福段104地號住宿類建築",
    "建築物使用類別":"住宿類建築"
    }
  },
  {
    "type": "Feature",
    "geometry": {
       "type": "Point",
       "coordinates":  [ 121.470696,25.028522 ]
    },
    "properties": {
    "#":404,
    "建築物名稱":"臺億建築經理股份有限公司板橋江子翠集合住宅新建工程",
    "建築物概要":"地下5層，地上19層鋼骨鋼筋混凝土構造住宿類建築",
    "認可版本":"2012年版EEWH-RS",
    "認可等級":"銀級",
    "rank":3,
    "有效期間":"2025年9月23日",
    "valid":"0",
    "認可類別":"標示",
    "設計人":"蕭家福聯合建築師事務所",
    "行政區":"新北市",
    "ditrict":"板橋區",
    "地號":"新北市板橋區江子翠段第二崁小段217-25地號等9筆住宿類建築",
    "建築物使用類別":"住宿類建築"
    }
  },
  {
    "type": "Feature",
    "geometry": {
       "type": "Point",
       "coordinates":  [ 121.526231,24.981646 ]
    },
    "properties": {
    "#":405,
    "建築物名稱":"新店區中央新村北側社會住宅新建統包工程案",
    "建築物概要":"地下2層，地上21層鋼筋混凝土構造辦公廳、住宿、學校及大型空間類建築",
    "認可版本":"2015年版EEWH-RS",
    "認可等級":"黃金級",
    "rank":4,
    "有效期間":"2025年9月21日",
    "valid":"0",
    "認可類別":"標示",
    "設計人":"九典聯合建築師事務所",
    "行政區":"新北市",
    "ditrict":"新店區",
    "地號":"新北市新店區斯馨段22地號辦公廳、住宿、學校及大型空間類建築",
    "建築物使用類別":"住宿類建築"
    }
  },
  {
    "type": "Feature",
    "geometry": {
       "type": "Point",
       "coordinates":  [ 121.450144,24.976117 ]
    },
    "properties": {
    "#":406,
    "建築物名稱":"土城醫院興建營運暨移轉(BOT)新建工程",
    "建築物概要":"地下5層，地上14層鋼筋混凝土構造醫院、住宿及其他類建築",
    "認可版本":"2015年版EEWH-BC",
    "認可等級":"黃金級",
    "rank":4,
    "有效期間":"2025年9月16日",
    "valid":"0",
    "認可類別":"標示",
    "設計人":"潘冀聯合建築師事務所",
    "行政區":"新北市",
    "ditrict":"土城區",
    "地號":"新北市土城區柑林段590地號等9筆醫院、住宿及其他類建築",
    "建築物使用類別":"醫院類建築"
    }
  },
  {
    "type": "Feature",
    "geometry": {
       "type": "Point",
       "coordinates":  [ 121.365796,24.926962 ]
    },
    "properties": {
    "#":407,
    "建築物名稱":"櫻花建設  三峽區中園段45等2筆地號新建工程",
    "建築物概要":"地下3層，地上15層鋼筋混凝土構造住宿類建築",
    "認可版本":"2015年版EEWH-RS",
    "認可等級":"合格級",
    "rank":1,
    "有效期間":"2025年8月3日",
    "valid":"0",
    "認可類別":"標示",
    "設計人":"蔡智勸建築師事務所",
    "行政區":"新北市",
    "ditrict":"三峽區",
    "地號":"新北市三峽區中園段45地號等2筆住宿類建築",
    "建築物使用類別":"住宿類建築"
    }
  },
  {
    "type": "Feature",
    "geometry": {
       "type": "Point",
       "coordinates":  [ 121.380081,25.086259 ]
    },
    "properties": {
    "#":408,
    "建築物名稱":"新北市林口國民運動中心興建統包工程",
    "建築物概要":"地下2層，地上4層鋼骨鋼筋混凝土及鋼筋混凝土構造辦公廳及大型空間類建築",
    "認可版本":"2015年版EEWH-BC",
    "認可等級":"銀級",
    "rank":3,
    "有效期間":"2025年8月3日",
    "valid":"0",
    "認可類別":"標示",
    "設計人":"黃孟偉建築師事務所",
    "行政區":"新北市",
    "ditrict":"林口區",
    "地號":"新北市林口區麗林段410地號辦公廳及大型空間類建築",
    "建築物使用類別":"大型空間類建築"
    }
  },
  {
    "type": "Feature",
    "geometry": {
       "type": "Point",
       "coordinates":  [ 121.477803,25.086843 ]
    },
    "properties": {
    "#":409,
    "建築物名稱":"新北市蘆洲區鷺江段集合住宅新建工程",
    "建築物概要":"地下3層，地上12層鋼筋混凝土構造住宿類建築",
    "認可版本":"2012年版EEWH-RS",
    "認可等級":"銀級",
    "rank":3,
    "有效期間":"2025年7月30日",
    "valid":"0",
    "認可類別":"標示",
    "設計人":"陳朱平建築師事務所",
    "行政區":"新北市",
    "ditrict":"蘆洲區",
    "地號":"新北市蘆洲區鷺江段222地號住宿類建築",
    "建築物使用類別":"住宿類建築"
    }
  },
  {
    "type": "Feature",
    "geometry": {
       "type": "Point",
       "coordinates":  [ 121.473311,25.08518 ]
    },
    "properties": {
    "#":410,
    "建築物名稱":"蘆洲站複合店新建工程",
    "建築物概要":"地上2層鋼筋混凝土構造其他類建築",
    "認可版本":"2012年版EEWH-BC",
    "認可等級":"合格級",
    "rank":1,
    "有效期間":"2025年7月26日",
    "valid":"0",
    "認可類別":"標示",
    "設計人":"鄞埼錩建築師事務所",
    "行政區":"新北市",
    "ditrict":"蘆洲區",
    "地號":"新北市蘆洲區保和段259地號等1筆",
    "建築物使用類別":"其他類建築"
    }
  },
  {
    "type": "Feature",
    "geometry": {
       "type": "Point",
       "coordinates":  [ 121.492249,25.073746 ]
    },
    "properties": {
    "#":411,
    "建築物名稱":"新北市三重區仁興段2262等地號1筆土地住宅新建工程",
    "建築物概要":"地下2層，地上11層鋼筋混凝土構造住宿類建築",
    "認可版本":"2012年版EEWH-RS",
    "認可等級":"銀級",
    "rank":3,
    "有效期間":"2025年6月23日",
    "valid":"0",
    "認可類別":"標示",
    "設計人":"何熊崇建築師事務所",
    "行政區":"新北市",
    "ditrict":"三重區",
    "地號":"新北市三重區仁興段2262地號住宿類建築",
    "建築物使用類別":"住宿類建築"
    }
  },
  {
    "type": "Feature",
    "geometry": {
       "type": "Point",
       "coordinates":  [ 121.665358,25.063263 ]
    },
    "properties": {
    "#":412,
    "建築物名稱":"新北市汐止區水源段集合住宅新建工程",
    "建築物概要":"地下4層，地上21層鋼筋混凝土構造住宿類建築",
    "認可版本":"2012年版EEWH-RS",
    "認可等級":"銀級",
    "rank":3,
    "有效期間":"2025年5月26日",
    "valid":"0",
    "認可類別":"標示",
    "設計人":"昌瑜建築師事務所",
    "行政區":"新北市",
    "ditrict":"汐止區",
    "地號":"新北市汐止區水源段651地號等2筆住宿類建築",
    "建築物使用類別":"住宿類建築"
    }
  },
  {
    "type": "Feature",
    "geometry": {
       "type": "Point",
       "coordinates":  [ 121.455418,25.001055 ]
    },
    "properties": {
    "#":413,
    "建築物名稱":"台北遠東通訊園區TPKC資料中心及TPKD研發辦公大樓新建工程",
    "建築物概要":"地下3層，地上16層鋼骨構造辦公廳、旅館餐飲及大型空間類建築",
    "認可版本":"2012年版EEWH-BC",
    "認可等級":"鑽石級",
    "rank":5,
    "有效期間":"2025年5月24日",
    "valid":"0",
    "認可類別":"標示",
    "設計人":"黃漢雄建築師事務所",
    "行政區":"新北市",
    "ditrict":"板橋區",
    "地號":"新北市板橋區亞東段976-1地號等10筆辦公廳、旅館餐飲及大型空間類建築",
    "建築物使用類別":"辦公廳類建築"
    }
  },
  {
    "type": "Feature",
    "geometry": {
       "type": "Point",
       "coordinates":  [ 121.406265,25.154228 ]
    },
    "properties": {
    "#":414,
    "建築物名稱":"新北市八里區行政大樓新建工程",
    "建築物概要":"地上3層鋼筋混凝土及鋼骨構造辦公廳及大型空間類建築",
    "認可版本":"2015年版EEWH-BC",
    "認可等級":"黃金級",
    "rank":4,
    "有效期間":"2025年5月10日",
    "valid":"0",
    "認可類別":"標示",
    "設計人":"綠野國際建築師事務所",
    "行政區":"新北市",
    "ditrict":"八里區",
    "地號":"新北市八里區臺北港段121地號辦公廳及大型空間類建築",
    "建築物使用類別":"辦公廳類建築"
    }
  },
  {
    "type": "Feature",
    "geometry": {
       "type": "Point",
       "coordinates":  [ 121.474819,25.055512 ]
    },
    "properties": {
    "#":415,
    "建築物名稱":"新北市三重區五谷王段36地號集合住宅新建工程",
    "建築物概要":"地下3層，地上35層鋼骨構造住宿類建築",
    "認可版本":"2012年版EEWH-RS",
    "認可等級":"鑽石級",
    "rank":5,
    "有效期間":"2025年5月7日",
    "valid":"0",
    "認可類別":"標示",
    "設計人":"三門聯合建築師事務所",
    "行政區":"新北市",
    "ditrict":"三重區",
    "地號":"新北市三重區五谷王段36地號住宿類建築",
    "建築物使用類別":"住宿類建築"
    }
  },
  {
    "type": "Feature",
    "geometry": {
       "type": "Point",
       "coordinates":  [ 121.376633,24.937534 ]
    },
    "properties": {
    "#":416,
    "建築物名稱":"新北市政府城鄉局三峽區國光段青年社會住宅新建統包工程",
    "建築物概要":"地下2層，地上12層鋼筋混凝土構造住宿類建築",
    "認可版本":"2015年版EEWH-RS",
    "認可等級":"銀級",
    "rank":3,
    "有效期間":"2025年4月7日",
    "valid":"0",
    "認可類別":"標示",
    "設計人":"三門聯合建築師事務所",
    "行政區":"新北市",
    "ditrict":"三峽區",
    "地號":"新北市三峽區國光段19地號等25筆住宿類建築",
    "建築物使用類別":"住宿類建築"
    }
  },
  {
    "type": "Feature",
    "geometry": {
       "type": "Point",
       "coordinates":  [ 121.428865,24.996072 ]
    },
    "properties": {
    "#":418,
    "建築物名稱":"新北市樹林藝文綜合行政大樓興建統包工程",
    "建築物概要":"地下3層，地上7層鋼筋混凝土及鋼骨構造辦公廳、醫院及大型空間類建築",
    "認可版本":"2015年版EEWH-BC",
    "認可等級":"銀級",
    "rank":3,
    "有效期間":"2025年3月19日",
    "valid":"0",
    "認可類別":"標示",
    "設計人":"許伯元建築師事務所",
    "行政區":"新北市",
    "ditrict":"樹林區",
    "地號":"新北市樹林區樹新段99地號等4筆辦公廳、醫院及大型空間類建築",
    "建築物使用類別":"大型空間類建築"
    }
  },
  {
    "type": "Feature",
    "geometry": {
       "type": "Point",
       "coordinates":  [ 121.771198,25.101415 ]
    },
    "properties": {
    "#":421,
    "建築物名稱":"永聯瑞芳工商綜合區B10區園區服務管理中心新建工程",
    "建築物概要":"地上3層鋼骨構造辦公廳及學校類建築",
    "認可版本":"2015年版EEWH-BC",
    "認可等級":"銀級",
    "rank":3,
    "有效期間":"2025年3月9日",
    "valid":"0",
    "認可類別":"標示",
    "設計人":"張哲夫建築師事務所",
    "行政區":"新北市",
    "ditrict":"瑞芳區",
    "地號":"新北市瑞芳區四腳亭段楓子瀨小段161地號等6筆辦公廳及學校類建築",
    "建築物使用類別":"辦公廳類建築"
    }
  },
  {
    "type": "Feature",
    "geometry": {
       "type": "Point",
       "coordinates":  [ 121.502284,25.009498 ]
    },
    "properties": {
    "#":425,
    "建築物名稱":"宏臨建設永和區保生段集合住宅新建工程",
    "建築物概要":"地下4層，地上19層鋼筋混凝土構造住宿類建築",
    "認可版本":"2012年版EEWH-RS",
    "認可等級":"銀級",
    "rank":3,
    "有效期間":"2025年2月19日",
    "valid":"0",
    "認可類別":"標示",
    "設計人":"陳廷杰建築師事務所",
    "行政區":"新北市",
    "ditrict":"永和區",
    "地號":"新北市永和區保生段502地號住宿類建築",
    "建築物使用類別":"住宿類建築"
    }
  },
  {
    "type": "Feature",
    "geometry": {
       "type": "Point",
       "coordinates":  [ 121.481211,25.069567 ]
    },
    "properties": {
    "#":426,
    "建築物名稱":"新北市三重區三重商工地下停車場新建統包工程",
    "建築物概要":"地下2層，地上1層鋼筋混凝土構造大型空間類建築",
    "認可版本":"2015年版EEWH-BC",
    "認可等級":"銅級",
    "rank":2,
    "有效期間":"2025年2月17日",
    "valid":"0",
    "認可類別":"標示",
    "設計人":"戴嘉惠建築師事務所",
    "行政區":"新北市",
    "ditrict":"三重區",
    "地號":"新北市三重區永德段1011地號大型空間類建築",
    "建築物使用類別":"大型空間類建築"
    }
  },
  {
    "type": "Feature",
    "geometry": {
       "type": "Point",
       "coordinates":  [ 121.445532,24.982705 ]
    },
    "properties": {
    "#":427,
    "建築物名稱":"尚志資產開發新北市土城區員和段79地號等1筆土地集合住宅新建工程",
    "建築物概要":"地下3層，地上27層鋼骨構造住宿類建築",
    "認可版本":"2012年版EEWH-RS",
    "認可等級":"黃金級",
    "rank":4,
    "有效期間":"2025年2月13日",
    "valid":"0",
    "認可類別":"標示",
    "設計人":"徐維志建築師事務所",
    "行政區":"新北市",
    "ditrict":"土城區",
    "地號":"新北市土城區員和段79地號等1筆住宿類建築",
    "建築物使用類別":"住宿類建築"
    }
  },
  {
    "type": "Feature",
    "geometry": {
       "type": "Point",
       "coordinates":  [ 121.507478,24.988507 ]
    },
    "properties": {
    "#":428,
    "建築物名稱":"中和市南勢段集合住宅新建工程",
    "建築物概要":"地下4層，地上14層鋼筋混凝土構造住宿類建築",
    "認可版本":"2015年版EEWH-RS",
    "認可等級":"銀級",
    "rank":3,
    "有效期間":"2025年1月16日",
    "valid":"0",
    "認可類別":"標示",
    "設計人":"陳文成建築師事務所",
    "行政區":"新北市",
    "ditrict":"中和區",
    "地號":"新北市中和區南勢段20地號住宿類建築",
    "建築物使用類別":"住宿類建築"
    }
  },
  {
    "type": "Feature",
    "geometry": {
       "type": "Point",
       "coordinates":  [ 121.476729,25.025538 ]
    },
    "properties": {
    "#":429,
    "建築物名稱":"板橋區江子翠段集合住宅新建工程",
    "建築物概要":"地下4層，地上14層鋼筋混凝土構造住宿類建築",
    "認可版本":"2012年版EEWH-RS",
    "認可等級":"銀級",
    "rank":3,
    "有效期間":"2025年1月9日",
    "valid":"0",
    "認可類別":"標示",
    "設計人":"張玉樹建築師事務所",
    "行政區":"新北市",
    "ditrict":"板橋區",
    "地號":"新北市板橋區江子翠段第一崁小段44-48地號住宿類建築",
    "建築物使用類別":"住宿類建築"
    }
  },
  {
    "type": "Feature",
    "geometry": {
       "type": "Point",
       "coordinates":  [ 121.470967,25.03304 ]
    },
    "properties": {
    "#":430,
    "建築物名稱":"葉錦耀等二十五人江子翠段第三崁小段291地號等一筆集合住宅新建工程",
    "建築物概要":"地下4層，地上19層鋼骨鋼筋混凝土構造住宿類建築",
    "認可版本":"2012年版EEWH-RS",
    "認可等級":"黃金級",
    "rank":4,
    "有效期間":"2025年1月8日",
    "valid":"0",
    "認可類別":"標示",
    "設計人":"陳朝雄建築師事務所",
    "行政區":"新北市",
    "ditrict":"板橋區",
    "地號":"新北市板橋區江子翠段第三崁小段291地號住宿類建築",
    "建築物使用類別":"住宿類建築"
    }
  },
  {
    "type": "Feature",
    "geometry": {
       "type": "Point",
       "coordinates":  [ 121.454466,25.040802 ]
    },
    "properties": {
    "#":431,
    "建築物名稱":"新莊區復興段302地號等3筆住宅案新建工程",
    "建築物概要":"地下4層，地上19層鋼骨鋼筋混凝土構造住宿類建築",
    "認可版本":"2012年版EEWH-RS",
    "認可等級":"銀級",
    "rank":3,
    "有效期間":"2024年12月16日",
    "valid":"0",
    "認可類別":"標示",
    "設計人":"陳宏田建築師事務所",
    "行政區":"新北市",
    "ditrict":"新莊區",
    "地號":"新北市新莊區復興段302地號等3筆住宿類建築",
    "建築物使用類別":"住宿類建築"
    }
  },
  {
    "type": "Feature",
    "geometry": {
       "type": "Point",
       "coordinates":  [ 121.491993,24.999456 ]
    },
    "properties": {
    "#":432,
    "建築物名稱":"新大皇建設股份有限公司新北市中和區健康段314地號集合住宅案",
    "建築物概要":"地下4層，地上29層鋼骨構造，木構造住宿及其他類建築",
    "認可版本":"2012年版EEWH-RS",
    "認可等級":"銀級",
    "rank":3,
    "有效期間":"2024年12月4日",
    "valid":"0",
    "認可類別":"標示",
    "設計人":"三群聯合建築師事務所",
    "行政區":"新北市",
    "ditrict":"中和區",
    "地號":"新北市中和區健康段0314-0000地號住宿及其他類建築",
    "建築物使用類別":"住宿類建築"
    }
  },
  {
    "type": "Feature",
    "geometry": {
       "type": "Point",
       "coordinates":  [ 121.487119,25.077223 ]
    },
    "properties": {
    "#":433,
    "建築物名稱":"隆發製材股份有限公司三重區幸福段旅館新建工程",
    "建築物概要":"地下3層，地上11層鋼筋混凝土構造旅館餐飲類建築",
    "認可版本":"2012年版EEWH-BC",
    "認可等級":"銀級",
    "rank":3,
    "有效期間":"2024年12月2日",
    "valid":"0",
    "認可類別":"標示",
    "設計人":"十方聯合建築師事務所",
    "行政區":"新北市",
    "ditrict":"三重區",
    "地號":"新北市三重區幸福段1620地號等3筆旅館餐飲類建築",
    "建築物使用類別":"旅館餐飲類建築"
    }
  },
  {
    "type": "Feature",
    "geometry": {
       "type": "Point",
       "coordinates":  [ 121.503933,24.999413 ]
    },
    "properties": {
    "#":434,
    "建築物名稱":"新北市中和區景華段277等34筆地號住宅新建工程",
    "建築物概要":"地下4層，地上23層鋼筋混凝土構造辦公廳及住宿類建築",
    "認可版本":"2015年版EEWH-RS",
    "認可等級":"銀級",
    "rank":3,
    "有效期間":"2024年11月21日",
    "valid":"0",
    "認可類別":"標示",
    "設計人":"游素秋建築師事務所",
    "行政區":"新北市",
    "ditrict":"中和區",
    "地號":"新北市中和區景華段277地號辦公廳及住宿類建築",
    "建築物使用類別":"住宿類建築"
    }
  },
  {
    "type": "Feature",
    "geometry": {
       "type": "Point",
       "coordinates":  [ 121.540367,24.967912 ]
    },
    "properties": {
    "#":435,
    "建築物名稱":"恆合建設新店中華段集合住宅新建工程",
    "建築物概要":"地下4層，地上14層鋼筋混凝土構造住宿類建築",
    "認可版本":"2012年版EEWH-RS",
    "認可等級":"銀級",
    "rank":3,
    "有效期間":"2024年11月18日",
    "valid":"0",
    "認可類別":"標示",
    "設計人":"李岳軍建築師事務所",
    "行政區":"新北市",
    "ditrict":"新店區",
    "地號":"新北市新店區中華段128地號住宿類建築",
    "建築物使用類別":"住宿類建築"
    }
  },
  {
    "type": "Feature",
    "geometry": {
       "type": "Point",
       "coordinates":  [ 121.648812,25.062148 ]
    },
    "properties": {
    "#":436,
    "建築物名稱":"遠雄U TOWN",
    "建築物概要":"地下7層，地上37層鋼骨構造辦公廳、百貨商場、旅館餐飲及大型空間類建築",
    "認可版本":"2009年版",
    "認可等級":"合格級",
    "rank":1,
    "有效期間":"2024年11月5日",
    "valid":"0",
    "認可類別":"標示",
    "設計人":"沈國皓建築師事務所",
    "行政區":"新北市",
    "ditrict":"汐止區",
    "地號":"新北市汐止區昊天段872地號等2筆辦公廳、百貨商場、旅館餐飲及大型空間類建築",
    "建築物使用類別":"旅館餐飲類建築"
    }
  },
  {
    "type": "Feature",
    "geometry": {
       "type": "Point",
       "coordinates":  [ 121.485793,25.0732 ]
    },
    "properties": {
    "#":437,
    "建築物名稱":"晶寶建設三重區永德段集合住宅",
    "建築物概要":"地下3層，地上13層鋼筋混凝土構造辦公廳及住宿類建築",
    "認可版本":"2012年版EEWH-RS",
    "認可等級":"鑽石級",
    "rank":5,
    "有效期間":"2024年10月3日",
    "valid":"0",
    "認可類別":"標示",
    "設計人":"趙國瀛建築師事務所",
    "行政區":"新北市",
    "ditrict":"三重區",
    "地號":"新北市三重區永德段7地號等3筆辦公廳及住宿類建築",
    "建築物使用類別":"住宿類建築"
    }
  },
  {
    "type": "Feature",
    "geometry": {
       "type": "Point",
       "coordinates":  [ 121.615468,25.001343 ]
    },
    "properties": {
    "#":438,
    "建築物名稱":"新店分局深坑分駐所及新店戶政事務所深坑區所共構新建工程",
    "建築物概要":"地下1層，地上6層鋼筋混凝土構造辦公廳及大型空間類建築",
    "認可版本":"2015年版EEWH-BC",
    "認可等級":"合格級",
    "rank":1,
    "有效期間":"2024年9月17日",
    "valid":"0",
    "認可類別":"標示",
    "設計人":"盧俊廷建築師事務所",
    "行政區":"新北市",
    "ditrict":"深坑區",
    "地號":"新北市深坑區埔新段976-3地號等3筆辦公廳及大型空間類建築",
    "建築物使用類別":"大型空間類建築"
    }
  },
  {
    "type": "Feature",
    "geometry": {
       "type": "Point",
       "coordinates":  [ 121.497217,25.070849 ]
    },
    "properties": {
    "#":439,
    "建築物名稱":"新北市政府警察局三重分局長泰派出所新建工程",
    "建築物概要":"地下1層，地上6層鋼筋混凝土構造辦公廳類建築",
    "認可版本":"2015年版EEWH-BC",
    "認可等級":"合格級",
    "rank":1,
    "有效期間":"2024年9月17日",
    "valid":"0",
    "認可類別":"標示",
    "設計人":"吳坤曜建築師事務所",
    "行政區":"新北市",
    "ditrict":"三重區",
    "地號":"新北市三重區三和段569-6地號等2筆辦公廳類建築",
    "建築物使用類別":"辦公廳類建築"
    }
  },
  {
    "type": "Feature",
    "geometry": {
       "type": "Point",
       "coordinates":  [ 121.457001,25.009874 ]
    },
    "properties": {
    "#":441,
    "建築物名稱":"安泰商銀板橋區府中段1111地號等1筆土地集合住宅新建工程",
    "建築物概要":"地下3層，地上15層鋼筋混凝土構造住宿類建築",
    "認可版本":"2015年版EEWH-RS",
    "認可等級":"銀級",
    "rank":3,
    "有效期間":"2024年9月10日",
    "valid":"0",
    "認可類別":"標示",
    "設計人":"李兆嘉建築師事務所",
    "行政區":"新北市",
    "ditrict":"板橋區",
    "地號":"新北市板橋區府中段1111地號等1筆住宿類建築",
    "建築物使用類別":"住宿類建築"
    }
  },
  {
    "type": "Feature",
    "geometry": {
       "type": "Point",
       "coordinates":  [ 121.504306,25.008995 ]
    },
    "properties": {
    "#":442,
    "建築物名稱":"新北市永和區保生段集合住宅新建工程",
    "建築物概要":"地下5層，地上34層鋼骨構造住宿類及大型空間類建築",
    "認可版本":"2012年版EEWH-RS",
    "認可等級":"銀級",
    "rank":3,
    "有效期間":"2024年8月28日",
    "valid":"0",
    "認可類別":"標示",
    "設計人":"黃翔龍建築師事務所",
    "行政區":"新北市",
    "ditrict":"永和區",
    "地號":"新北市永和區保生段347地號等8筆住宿類及大型空間類建築",
    "建築物使用類別":"住宿類建築"
    }
  },
  {
    "type": "Feature",
    "geometry": {
       "type": "Point",
       "coordinates":  [ 121.471138,25.091042 ]
    },
    "properties": {
    "#":443,
    "建築物名稱":"新北市蘆洲區仁愛停車場多功能大樓新建工程",
    "建築物概要":"地下2層，地上7層鋼筋混凝土構造大型空間及其他類建築",
    "認可版本":"2015年版EEWH-BC",
    "認可等級":"黃金級",
    "rank":4,
    "有效期間":"2024年8月21日",
    "valid":"0",
    "認可類別":"標示",
    "設計人":"境向聯合建築師事務所",
    "行政區":"新北市",
    "ditrict":"蘆洲區",
    "地號":"新北市蘆洲區民生段0002-0000地號等4筆大型空間及其他類建築",
    "建築物使用類別":"大型空間類建築"
    }
  },
  {
    "type": "Feature",
    "geometry": {
       "type": "Point",
       "coordinates":  [ 121.462578,25.02611 ]
    },
    "properties": {
    "#":444,
    "建築物名稱":"新北市板橋區新埔國民小學老舊校舍整建工程",
    "建築物概要":"地下1層，地上5層鋼筋混凝土構造學校類建築",
    "認可版本":"2012年版EEWH-BC",
    "認可等級":"合格級",
    "rank":1,
    "有效期間":"2024年8月21日",
    "valid":"0",
    "認可類別":"標示",
    "設計人":"林彥穎建築師事務所",
    "行政區":"新北市",
    "ditrict":"板橋區",
    "地號":"新北市板橋區幸福段1408-0000地號等5筆學校類建築",
    "建築物使用類別":"學校類建築"
    }
  },
  {
    "type": "Feature",
    "geometry": {
       "type": "Point",
       "coordinates":  [ 121.460024,25.155508 ]
    },
    "properties": {
    "#":445,
    "建築物名稱":"安信建經淡水區海天段集合住宅新建工程",
    "建築物概要":"地下4層，地上28層鋼骨構造辦公廳及住宿類建築",
    "認可版本":"2012年版EEWH-RS",
    "認可等級":"黃金級",
    "rank":4,
    "有效期間":"2024年8月19日",
    "valid":"0",
    "認可類別":"標示",
    "設計人":"黃永沃建築師事務所",
    "行政區":"新北市",
    "ditrict":"淡水區",
    "地號":"新北市淡水區海天段443-4地號等2筆辦公廳及住宿類建築",
    "建築物使用類別":"住宿類建築"
    }
  },
  {
    "type": "Feature",
    "geometry": {
       "type": "Point",
       "coordinates":  [ 121.398867,25.159677 ]
    },
    "properties": {
    "#":446,
    "建築物名稱":"臺北港東1之1第二倉庫興建工程",
    "建築物概要":"地上4層鋼骨構造大型空間類建築",
    "認可版本":"2015年版EEWH-BC",
    "認可等級":"合格級",
    "rank":1,
    "有效期間":"2024年8月1日",
    "valid":"0",
    "認可類別":"標示",
    "設計人":"薛晉屏建築師事務所",
    "行政區":"新北市",
    "ditrict":"八里區",
    "地號":"新北市八里區小八里坌段中小段291地號大型空間類建築",
    "建築物使用類別":"大型空間類建築"
    }
  },
  {
    "type": "Feature",
    "geometry": {
       "type": "Point",
       "coordinates":  [ 121.462821,25.011712 ]
    },
    "properties": {
    "#":447,
    "建築物名稱":"新板特專二國際觀光旅館興建營運新建工程",
    "建築物概要":"地下5層，地上31層鋼骨及鋼筋混凝土構造旅館餐飲類建築",
    "認可版本":"2012年版EEWH-BC",
    "認可等級":"銀級",
    "rank":3,
    "有效期間":"2024年7月23日",
    "valid":"0",
    "認可類別":"標示",
    "設計人":"李祖原聯合建築師事務所",
    "行政區":"新北市",
    "ditrict":"板橋區",
    "地號":"新北市板橋區新板段三小段10地號等4筆旅館餐飲類建築",
    "建築物使用類別":"旅館餐飲類建築"
    }
  },
  {
    "type": "Feature",
    "geometry": {
       "type": "Point",
       "coordinates":  [ 121.377897,25.072732 ]
    },
    "properties": {
    "#":448,
    "建築物名稱":"林口國宅暨2017世界大學運動會選手村新建統包工程(第二標)",
    "建築物概要":"地下2層，地上21層鋼筋混凝土構造住宿類建築",
    "認可版本":"2012年版EEWH-RS",
    "認可等級":"黃金級",
    "rank":4,
    "有效期間":"2024年7月22日",
    "valid":"0",
    "認可類別":"標示",
    "設計人":"九典聯合建築師事務所",
    "行政區":"新北市",
    "ditrict":"林口區",
    "地號":"新北市林口區國宅段37-5地號等1筆住宿類建築",
    "建築物使用類別":"住宿類建築"
    }
  },
  {
    "type": "Feature",
    "geometry": {
       "type": "Point",
       "coordinates":  [ 121.446317,25.047837 ]
    },
    "properties": {
    "#":449,
    "建築物名稱":"綺曜新莊中誠段840地號新建工程",
    "建築物概要":"地下2層，地上14層鋼筋混凝土構造住宿類建築",
    "認可版本":"2012年版EEWH-RS",
    "認可等級":"銀級",
    "rank":3,
    "有效期間":"2024年7月15日",
    "valid":"0",
    "認可類別":"標示",
    "設計人":"王兆舜建築師事務所",
    "行政區":"新北市",
    "ditrict":"新莊區",
    "地號":"新北市新莊區中誠段840地號等1筆住宿類建築",
    "建築物使用類別":"住宿類建築"
    }
  },
  {
    "type": "Feature",
    "geometry": {
       "type": "Point",
       "coordinates":  [ 121.482985,25.059277 ]
    },
    "properties": {
    "#":450,
    "建築物名稱":"三重區興華段961等1筆地號集合住宅新建工程",
    "建築物概要":"地下3層，地上13層鋼筋混凝土構造住宿類建築",
    "認可版本":"2012年版EEWH-RS",
    "認可等級":"銀級",
    "rank":3,
    "有效期間":"2024年7月2日",
    "valid":"0",
    "認可類別":"標示",
    "設計人":"吳非士建築師事務所",
    "行政區":"新北市",
    "ditrict":"三重區",
    "地號":"新北市三重區興華段961-0地號等1筆住宿類建築",
    "建築物使用類別":"住宿類建築"
    }
  },
  {
    "type": "Feature",
    "geometry": {
       "type": "Point",
       "coordinates":  [ 121.482893,25.057368 ]
    },
    "properties": {
    "#":451,
    "建築物名稱":"鉅聖建設三重區三重段203地號集合住宅新建工程",
    "建築物概要":"地下4層，地上19層鋼筋混凝土構造住宿類建築",
    "認可版本":"2012年版EEWH-RS",
    "認可等級":"銀級",
    "rank":3,
    "有效期間":"2024年6月23日",
    "valid":"0",
    "認可類別":"標示",
    "設計人":"吳非士建築師事務所",
    "行政區":"新北市",
    "ditrict":"三重區",
    "地號":"新北市三重區三重段203地號住宿類建築",
    "建築物使用類別":"住宿類建築"
    }
  },
  {
    "type": "Feature",
    "geometry": {
       "type": "Point",
       "coordinates":  [ 121.459264,25.010116 ]
    },
    "properties": {
    "#":452,
    "建築物名稱":"新北市板橋府中青年社會住宅新建工程",
    "建築物概要":"地下1層，地上9層鋼筋混凝土構造住宿類建築",
    "認可版本":"2012年版EEWH-RS",
    "認可等級":"銀級",
    "rank":3,
    "有效期間":"2024年6月19日",
    "valid":"0",
    "認可類別":"標示",
    "設計人":"陳聖中建築師事務所",
    "行政區":"新北市",
    "ditrict":"板橋區",
    "地號":"新北市板橋區府中段544地號等2筆住宿類建築",
    "建築物使用類別":"住宿類建築"
    }
  },
  {
    "type": "Feature",
    "geometry": {
       "type": "Point",
       "coordinates":  [ 121.664884,25.064667 ]
    },
    "properties": {
    "#":453,
    "建築物名稱":"新北市汐止區水源段集合住宅大樓新建工程",
    "建築物概要":"地下6層，地上25層鋼筋混凝土構造住宿類建築",
    "認可版本":"2012年版EEWH-RS",
    "認可等級":"銀級",
    "rank":3,
    "有效期間":"2024年6月3日",
    "valid":"0",
    "認可類別":"標示",
    "設計人":"黃翔龍建築師事務所",
    "行政區":"新北市",
    "ditrict":"汐止區",
    "地號":"新北市汐止區水源段631地號等3筆住宿類建築",
    "建築物使用類別":"住宿類建築"
    }
  },
  {
    "type": "Feature",
    "geometry": {
       "type": "Point",
       "coordinates":  [ 121.432421,24.999094 ]
    },
    "properties": {
    "#":454,
    "建築物名稱":"中德建設大豐住A區店鋪、集合住宅拾伍層新建工程",
    "建築物概要":"地下3層，地上15層鋼筋混凝土構造住宿類建築",
    "認可版本":"2012年版EEWH-RS",
    "認可等級":"銀級",
    "rank":3,
    "有效期間":"2024年5月16日",
    "valid":"0",
    "認可類別":"標示",
    "設計人":"森峰聯合建築師事務所",
    "行政區":"新北市",
    "ditrict":"板橋區",
    "地號":"新北市板橋區大豐段8地號等1筆住宿類建築",
    "建築物使用類別":"住宿類建築"
    }
  },
  {
    "type": "Feature",
    "geometry": {
       "type": "Point",
       "coordinates":  [ 121.477208,25.027022 ]
    },
    "properties": {
    "#":455,
    "建築物名稱":"福匯板橋江子翠段集合住宅新建工程",
    "建築物概要":"地下2層，地上10層鋼筋混凝土構造百貨商場及住宿類建築",
    "認可版本":"2012年版EEWH-RS",
    "認可等級":"銀級",
    "rank":3,
    "有效期間":"2024年5月8日",
    "valid":"0",
    "認可類別":"標示",
    "設計人":"張文正建築師事務所",
    "行政區":"新北市",
    "ditrict":"板橋區",
    "地號":"新北市板橋區江子翠段第一崁小段36-4地號等1筆百貨商場及住宿類建築",
    "建築物使用類別":"住宿類建築"
    }
  },
  {
    "type": "Feature",
    "geometry": {
       "type": "Point",
       "coordinates":  [ 121.497867,24.999762 ]
    },
    "properties": {
    "#":456,
    "建築物名稱":"漢寶開發集團-漢寶雙捷贊",
    "建築物概要":"地下4層，地上15層鋼筋混凝土構造住宿類及其他類建築",
    "認可版本":"2015年版EEWH-RS",
    "認可等級":"銀級",
    "rank":3,
    "有效期間":"2024年5月1日",
    "valid":"0",
    "認可類別":"標示",
    "設計人":"巫錫琪建築師事務所",
    "行政區":"新北市",
    "ditrict":"中和區",
    "地號":"新北市中和區連城段21地號等1筆住宿類及其他類建築",
    "建築物使用類別":"住宿類建築"
    }
  },
  {
    "type": "Feature",
    "geometry": {
       "type": "Point",
       "coordinates":  [ 121.444679,24.996746 ]
    },
    "properties": {
    "#":457,
    "建築物名稱":"新北市板橋浮洲合宜住宅店鋪、集合住宅新建工程",
    "建築物概要":"社區位於新北市板橋區，北臨既有社區、東臨湳仔溝、南臨浮洲橋、西臨大觀路二段，面積約110309.50m2，人口約19,340人住宅社區",
    "認可版本":"2012年版EEWH-EC",
    "認可等級":"鑽石級",
    "rank":5,
    "有效期間":"2024年4月29日",
    "valid":"0",
    "認可類別":"標示",
    "設計人":"吳昌成聯合建築師事務所",
    "行政區":"新北市",
    "ditrict":"板橋區",
    "地號":"新北市板橋區力行段408-4地號等1筆、新北市板橋區力行段408-13地號等1筆、新北市板橋區力行段408-40地號等1筆住宅社區",
    "建築物使用類別":"其他類建築"
    }
  },
  {
    "type": "Feature",
    "geometry": {
       "type": "Point",
       "coordinates":  [ 121.462022,25.152539 ]
    },
    "properties": {
    "#":458,
    "建築物名稱":"淡水水仙段貳拾陸層集合住宅新建工程",
    "建築物概要":"地下3層，地上26層鋼骨鋼筋混凝土構造住宿及其他類建築",
    "認可版本":"2009年版",
    "認可等級":"黃金級",
    "rank":4,
    "有效期間":"2024年4月29日",
    "valid":"0",
    "認可類別":"標示",
    "設計人":"上圓聯合建築師事務所",
    "行政區":"新北市",
    "ditrict":"淡水區",
    "地號":"新北市淡水區水仙段207地號等3筆住宿及其他類建築",
    "建築物使用類別":"住宿類建築"
    }
  },
  {
    "type": "Feature",
    "geometry": {
       "type": "Point",
       "coordinates":  [ 121.446815,25.048085 ]
    },
    "properties": {
    "#":459,
    "建築物名稱":"綺曜新莊中誠段807地號新建工程",
    "建築物概要":"地下2層，地上11層鋼筋混凝土構造住宿類建築",
    "認可版本":"2012年版EEWH-RS",
    "認可等級":"銀級",
    "rank":3,
    "有效期間":"2024年4月10日",
    "valid":"0",
    "認可類別":"標示",
    "設計人":"王兆舜建築師事務所",
    "行政區":"新北市",
    "ditrict":"新莊區",
    "地號":"新北市新莊區中誠段807地號等1筆住宿類建築",
    "建築物使用類別":"住宿類建築"
    }
  },
  {
    "type": "Feature",
    "geometry": {
       "type": "Point",
       "coordinates":  [ 121.653415,25.058859 ]
    },
    "properties": {
    "#":460,
    "建築物名稱":"恆岳建設汐止昊天段集合住宅新建工程",
    "建築物概要":"地下3層，地上13層鋼筋混凝土構造住宿類建築",
    "認可版本":"2012年版EEWH-RS",
    "認可等級":"銀級",
    "rank":3,
    "有效期間":"2024年3月26日",
    "valid":"0",
    "認可類別":"標示",
    "設計人":"蕭力仁建築師事務所",
    "行政區":"新北市",
    "ditrict":"汐止區",
    "地號":"新北市汐止區昊天段1183地號等1筆住宿類建築",
    "建築物使用類別":"住宿類建築"
    }
  },
  {
    "type": "Feature",
    "geometry": {
       "type": "Point",
       "coordinates":  [ 121.369637,24.936871 ]
    },
    "properties": {
    "#":461,
    "建築物名稱":"三鶯國民運動中心興建統包工程",
    "建築物概要":"地下1層，地上5層鋼骨鋼筋混凝土構造大型空間類建築",
    "認可版本":"2015年版EEWH-BC",
    "認可等級":"銀級",
    "rank":3,
    "有效期間":"2024年3月19日",
    "valid":"0",
    "認可類別":"標示",
    "設計人":"黃孟偉建築師事務所",
    "行政區":"新北市",
    "ditrict":"三峽區",
    "地號":"新北市三峽區文化段69-1地號等11筆大型空間類建築",
    "建築物使用類別":"大型空間類建築"
    }
  },
  {
    "type": "Feature",
    "geometry": {
       "type": "Point",
       "coordinates":  [ 121.379169,25.074546 ]
    },
    "properties": {
    "#":463,
    "建築物名稱":"林口國宅暨2017世界大學運動會選手村新建統包工程第3標",
    "建築物概要":"社區位於新北市林口區，北臨文化一路一段近林口社區運動公園、東臨文化一路一段190巷、南臨仁愛路二段近林口高中、西臨文化一路一段與仁愛路二段路口，面積約22,792㎡，人口約2,752人。辦公廳及住宿類建築",
    "認可版本":"2012年版EEWH-EC",
    "認可等級":"銅級",
    "rank":2,
    "有效期間":"2024年3月4日",
    "valid":"0",
    "認可類別":"標示",
    "設計人":"吳昌成聯合建築師事務所",
    "行政區":"新北市",
    "ditrict":"林口區",
    "地號":"新北市林口區國宅段102地號等1筆辦公廳及住宿類建築",
    "建築物使用類別":"其他類建築"
    }
  },
  {
    "type": "Feature",
    "geometry": {
       "type": "Point",
       "coordinates":  [ 121.377324,25.083083 ]
    },
    "properties": {
    "#":464,
    "建築物名稱":"林口中心商業區力行段集合住宅新建工程",
    "建築物概要":"地下4層，地上36層鋼骨鋼筋混凝土構造辦公廳及住宿類建築",
    "認可版本":"2009年版",
    "認可等級":"銀級",
    "rank":3,
    "有效期間":"2024年3月4日",
    "valid":"0",
    "認可類別":"標示",
    "設計人":"周文斌建築師事務所",
    "行政區":"新北市",
    "ditrict":"林口區",
    "地號":"新北市林口區力行段97地號等1筆辦公廳及住宿類建築",
    "建築物使用類別":"住宿類建築"
    }
  },
  {
    "type": "Feature",
    "geometry": {
       "type": "Point",
       "coordinates":  [ 121.455559,25.159537 ]
    },
    "properties": {
    "#":465,
    "建築物名稱":"第九大隊、淡水中隊暨竹圍分隊新建工程",
    "建築物概要":"地下2層，地上6層鋼筋混凝土構造辦公廳類建築",
    "認可版本":"2015年版EEWH-BC",
    "認可等級":"銅級",
    "rank":2,
    "有效期間":"2024年2月26日",
    "valid":"0",
    "認可類別":"標示",
    "設計人":"楊志宏建築師事務所",
    "行政區":"新北市",
    "ditrict":"淡水區",
    "地號":"新北市淡水區海鷗段1154地號等1筆辦公廳類建築",
    "建築物使用類別":"辦公廳類建築"
    }
  },
  {
    "type": "Feature",
    "geometry": {
       "type": "Point",
       "coordinates":  [ 121.486209,25.080464 ]
    },
    "properties": {
    "#":466,
    "建築物名稱":"三重幸福段住宅新建工程",
    "建築物概要":"地下3層，地上12層鋼筋混凝土構造住宿類建築",
    "認可版本":"2015年版EEWH-RS",
    "認可等級":"銀級",
    "rank":3,
    "有效期間":"2024年2月19日",
    "valid":"0",
    "認可類別":"標示",
    "設計人":"邱垂睿建築師事務所",
    "行政區":"新北市",
    "ditrict":"三重區",
    "地號":"新北市三重區幸福段383地號等1筆住宿類建築",
    "建築物使用類別":"住宿類建築"
    }
  },
  {
    "type": "Feature",
    "geometry": {
       "type": "Point",
       "coordinates":  [ 121.379169,25.074546 ]
    },
    "properties": {
    "#":468,
    "建築物名稱":"林口國宅暨2017世界大學運動會選手村新建統包工程第3標",
    "建築物概要":"地下2層，地上20層鋼筋混凝土構造住宿類建築",
    "認可版本":"2012年版EEWH-RS",
    "認可等級":"銀級",
    "rank":3,
    "有效期間":"2024年1月16日",
    "valid":"0",
    "認可類別":"標示",
    "設計人":"吳昌成聯合建築師事務所",
    "行政區":"新北市",
    "ditrict":"林口區",
    "地號":"新北市林口區國宅段102地號等1筆住宿類建築",
    "建築物使用類別":"住宿類建築"
    }
  },
  {
    "type": "Feature",
    "geometry": {
       "type": "Point",
       "coordinates":  [ 121.656405,25.068363 ]
    },
    "properties": {
    "#":469,
    "建築物名稱":"三齊建設，新富聚建設汐止區中正段1188地號等七筆集合住宅新建工程",
    "建築物概要":"地下3層，地上11層鋼筋混凝土構造住宿類建築",
    "認可版本":"2012年版EEWH-RS",
    "認可等級":"銀級",
    "rank":3,
    "有效期間":"2023年12月24日",
    "valid":"0",
    "認可類別":"標示",
    "設計人":"三門聯合建築師事務所",
    "行政區":"新北市",
    "ditrict":"汐止區",
    "地號":"新北市汐止區中正段1188地號等7筆住宿類建築",
    "建築物使用類別":"住宿類建築"
    }
  },
  {
    "type": "Feature",
    "geometry": {
       "type": "Point",
       "coordinates":  [ 121.376007,25.076535 ]
    },
    "properties": {
    "#":470,
    "建築物名稱":"林口國宅暨2017世界大學運動會選手村新建統包工程(A區)",
    "建築物概要":"地下2層，地上20層鋼筋混凝土構造百貨商場及住宿類建築",
    "認可版本":"2012年版EEWH-RS",
    "認可等級":"黃金級",
    "rank":4,
    "有效期間":"2023年12月21日",
    "valid":"0",
    "認可類別":"標示",
    "設計人":"翁祖模建築師事務所",
    "行政區":"新北市",
    "ditrict":"林口區",
    "地號":"新北市林口區國宅段95-4地號等1筆百貨商場及住宿類建築",
    "建築物使用類別":"住宿類建築"
    }
  },
  {
    "type": "Feature",
    "geometry": {
       "type": "Point",
       "coordinates":  [ 121.377826,25.075326 ]
    },
    "properties": {
    "#":471,
    "建築物名稱":"林口國宅暨2017世界大學運動會選手村新建統包工程(B區)",
    "建築物概要":"地下2層，地上18層鋼筋混凝土構造百貨商場及住宿類建築",
    "認可版本":"2012年版EEWH-RS",
    "認可等級":"黃金級",
    "rank":4,
    "有效期間":"2023年12月21日",
    "valid":"0",
    "認可類別":"標示",
    "設計人":"翁祖模建築師事務所",
    "行政區":"新北市",
    "ditrict":"林口區",
    "地號":"新北市林口區國宅段98地號等1筆百貨商場及住宿類建築",
    "建築物使用類別":"住宿類建築"
    }
  },
  {
    "type": "Feature",
    "geometry": {
       "type": "Point",
       "coordinates":  [ 121.468612,25.032023 ]
    },
    "properties": {
    "#":472,
    "建築物名稱":"德鄰建設新北市板橋區江子翠段溪頭小段集合住宅新建工程",
    "建築物概要":"地下4層，地上13層鋼筋混凝土構造辦公廳及住宿類建築",
    "認可版本":"2012年版EEWH-RS",
    "認可等級":"黃金級",
    "rank":4,
    "有效期間":"2023年12月17日",
    "valid":"0",
    "認可類別":"標示",
    "設計人":"劉文岱建築師事務所",
    "行政區":"新北市",
    "ditrict":"板橋區",
    "地號":"新北市板橋區江子翠段溪頭小段115-11地號等13筆辦公廳及住宿類建築",
    "建築物使用類別":"住宿類建築"
    }
  },
  {
    "type": "Feature",
    "geometry": {
       "type": "Point",
       "coordinates":  [ 121.50541,24.932319 ]
    },
    "properties": {
    "#":473,
    "建築物名稱":"大台北華城莫札特社區南區(第7區)",
    "建築物概要":"地下1層，地上3層鋼筋混凝土構造住宿類建築",
    "認可版本":"2009年版",
    "認可等級":"合格級",
    "rank":1,
    "有效期間":"2023年12月12日",
    "valid":"0",
    "認可類別":"標示",
    "設計人":"元宏聯合建築師事務所",
    "行政區":"新北市",
    "ditrict":"新店區",
    "地號":"新北市新店區華城二段60-99地號等3筆住宿類建築",
    "建築物使用類別":"住宿類建築"
    }
  },
  {
    "type": "Feature",
    "geometry": {
       "type": "Point",
       "coordinates":  [ 121.505239,24.932676 ]
    },
    "properties": {
    "#":474,
    "建築物名稱":"大台北華城莫札特社區南區(第8區)",
    "建築物概要":"地下1層，地上3層鋼筋混凝土構造住宿類建築",
    "認可版本":"2009年版",
    "認可等級":"合格級",
    "rank":1,
    "有效期間":"2023年12月11日",
    "valid":"0",
    "認可類別":"標示",
    "設計人":"元宏聯合建築師事務所",
    "行政區":"新北市",
    "ditrict":"新店區",
    "地號":"新北市新店區華城二段60-96、60-97、60-91、60-92、60-162、60-90、60-93、60-94、60-95地號等9筆住宿類建築",
    "建築物使用類別":"住宿類建築"
    }
  },
  {
    "type": "Feature",
    "geometry": {
       "type": "Point",
       "coordinates":  [ 121.505094,24.93314 ]
    },
    "properties": {
    "#":475,
    "建築物名稱":"大台北華城莫札特社區南區(第9區)",
    "建築物概要":"地下1層，地上3層鋼筋混凝土構造住宿類建築",
    "認可版本":"2009年版",
    "認可等級":"合格級",
    "rank":1,
    "有效期間":"2023年12月11日",
    "valid":"0",
    "認可類別":"標示",
    "設計人":"元宏聯合建築師事務所",
    "行政區":"新北市",
    "ditrict":"新店區",
    "地號":"新北市新店區華城二段60-83、60-84、60-86、60-87、60-88、60-89、60-161、60-180、60-181、60-24、60-126地號等11筆住宿類建築",
    "建築物使用類別":"住宿類建築"
    }
  },
  {
    "type": "Feature",
    "geometry": {
       "type": "Point",
       "coordinates":  [ 121.504317,24.932881 ]
    },
    "properties": {
    "#":476,
    "建築物名稱":"大台北華城莫札特社區南區(第10區)",
    "建築物概要":"地下2層，地上3層鋼筋混凝土構造住宿類建築",
    "認可版本":"2009年版",
    "認可等級":"合格級",
    "rank":1,
    "有效期間":"2023年12月11日",
    "valid":"0",
    "認可類別":"標示",
    "設計人":"元宏聯合建築師事務所",
    "行政區":"新北市",
    "ditrict":"新店區",
    "地號":"新北市新店區華城二段60-32、60-169、60-170、60-185、60-172、60-186、60-171地號等7筆住宿類建築",
    "建築物使用類別":"住宿類建築"
    }
  },
  {
    "type": "Feature",
    "geometry": {
       "type": "Point",
       "coordinates":  [ 121.504656,24.932589 ]
    },
    "properties": {
    "#":477,
    "建築物名稱":"大台北華城莫札特社區南區(第11區)",
    "建築物概要":"地下1層，地上3層鋼筋混凝土構造住宿類建築",
    "認可版本":"2009年版",
    "認可等級":"合格級",
    "rank":1,
    "有效期間":"2023年12月11日",
    "valid":"0",
    "認可類別":"標示",
    "設計人":"元宏聯合建築師事務所",
    "行政區":"新北市",
    "ditrict":"新店區",
    "地號":"新北市新店區華城二段60-29、60-109地號等2筆住宿類建築",
    "建築物使用類別":"住宿類建築"
    }
  },
  {
    "type": "Feature",
    "geometry": {
       "type": "Point",
       "coordinates":  [ 121.505083,24.932002 ]
    },
    "properties": {
    "#":478,
    "建築物名稱":"大台北華城莫札特社區南區(第5區)",
    "建築物概要":"地下1層，地上3層鋼筋混凝土構造住宿類建築",
    "認可版本":"2009年版",
    "認可等級":"合格級",
    "rank":1,
    "有效期間":"2023年12月11日",
    "valid":"0",
    "認可類別":"標示",
    "設計人":"元宏聯合建築師事務所",
    "行政區":"新北市",
    "ditrict":"新店區",
    "地號":"新北市新店區華城二段60-105地號等1筆住宿類建築",
    "建築物使用類別":"住宿類建築"
    }
  },
  {
    "type": "Feature",
    "geometry": {
       "type": "Point",
       "coordinates":  [ 121.542763,24.97038 ]
    },
    "properties": {
    "#":479,
    "建築物名稱":"大陸建設新店區行政段集合住宅新建工程",
    "建築物概要":"地下5層，地上27層鋼骨構造辦公廳及住宿類建築",
    "認可版本":"2012年版EEWH-RS",
    "認可等級":"銀級",
    "rank":3,
    "有效期間":"2023年12月4日",
    "valid":"0",
    "認可類別":"標示",
    "設計人":"徐維志建築師事務所",
    "行政區":"新北市",
    "ditrict":"新店區",
    "地號":"新北市新店區行政段870地號等1筆辦公廳及住宿類建築",
    "建築物使用類別":"住宿類建築"
    }
  },
  {
    "type": "Feature",
    "geometry": {
       "type": "Point",
       "coordinates":  [ 121.463135,25.027409 ]
    },
    "properties": {
    "#":480,
    "建築物名稱":"國際建經板橋區幸福段集合住宅新建工程",
    "建築物概要":"地下6層，地上22層鋼筋混凝土構造辦公廳及住宿類建築",
    "認可版本":"2015年版EEWH-RS",
    "認可等級":"黃金級",
    "rank":4,
    "有效期間":"2023年11月29日",
    "valid":"0",
    "認可類別":"標示",
    "設計人":"呂建勳建築師事務所",
    "行政區":"新北市",
    "ditrict":"板橋區",
    "地號":"新北市板橋區幸福段1405地號等1筆辦公廳及住宿類建築",
    "建築物使用類別":"住宿類建築"
    }
  },
  {
    "type": "Feature",
    "geometry": {
       "type": "Point",
       "coordinates":  [ 121.38782,25.151453 ]
    },
    "properties": {
    "#":481,
    "建築物名稱":"臺北港海巡基地辦公廳舍新建工程",
    "建築物概要":"地上4層鋼筋混凝土構造辦公廳、大型空間及其他類建築",
    "認可版本":"2012年版EEWH-BC",
    "認可等級":"銅級",
    "rank":2,
    "有效期間":"2023年11月21日",
    "valid":"0",
    "認可類別":"標示",
    "設計人":"陳聖中建築師事務所",
    "行政區":"新北市",
    "ditrict":"八里區",
    "地號":"新北市八里區小八里坌段中小段344地號等1筆辦公廳、大型空間及其他類建築",
    "建築物使用類別":"辦公廳類建築"
    }
  },
  {
    "type": "Feature",
    "geometry": {
       "type": "Point",
       "coordinates":  [ 121.357747,24.951402 ]
    },
    "properties": {
    "#":483,
    "建築物名稱":"新北市鶯歌運動公園新建工程",
    "建築物概要":"地上2層鋼筋混凝土構造大型空間類建築",
    "認可版本":"2015年版EEWH-BC",
    "認可等級":"黃金級",
    "rank":4,
    "有效期間":"2023年11月11日",
    "valid":"0",
    "認可類別":"標示",
    "設計人":"萬邦建築師事務所",
    "行政區":"新北市",
    "ditrict":"鶯歌區",
    "地號":"新北市鶯歌區中正段25-12地號等1筆(部份使用)大型空間類建築",
    "建築物使用類別":"大型空間類建築"
    }
  },
  {
    "type": "Feature",
    "geometry": {
       "type": "Point",
       "coordinates":  [ 121.503984,24.931871 ]
    },
    "properties": {
    "#":484,
    "建築物名稱":"大台北華城莫札特社區南區(第2區)",
    "建築物概要":"地下1層，地上3層鋼筋混凝土構造住宿類建築",
    "認可版本":"2009年版",
    "認可等級":"合格級",
    "rank":1,
    "有效期間":"2023年11月11日",
    "valid":"0",
    "認可類別":"標示",
    "設計人":"元宏聯合建築師事務所",
    "行政區":"新北市",
    "ditrict":"新店區",
    "地號":"新北市新店區華城二段60-173、60-174、60-175、60-187、60-188、60-190、60-191、60-176及60-189地號等9筆住宿類建築",
    "建築物使用類別":"住宿類建築"
    }
  },
  {
    "type": "Feature",
    "geometry": {
       "type": "Point",
       "coordinates":  [ 121.504696,24.93379 ]
    },
    "properties": {
    "#":485,
    "建築物名稱":"大台北華城莫札特社區南區(第12區)",
    "建築物概要":"地下1層，地上3層鋼筋混凝土構造住宿類建築",
    "認可版本":"2009年版",
    "認可等級":"合格級",
    "rank":1,
    "有效期間":"2023年11月11日",
    "valid":"0",
    "認可類別":"標示",
    "設計人":"元宏聯合建築師事務所",
    "行政區":"新北市",
    "ditrict":"新店區",
    "地號":"新北市新店區華城二段60-57、60-58、60-59、60-163、60-56、60-184地號等6筆住宿類建築",
    "建築物使用類別":"住宿類建築"
    }
  },
  {
    "type": "Feature",
    "geometry": {
       "type": "Point",
       "coordinates":  [ 121.505496,24.93435 ]
    },
    "properties": {
    "#":486,
    "建築物名稱":"大台北華城莫札特社區南區(第13區)",
    "建築物概要":"地下1層，地上3層鋼筋混凝土構造住宿類建築",
    "認可版本":"2009年版",
    "認可等級":"合格級",
    "rank":1,
    "有效期間":"2023年11月11日",
    "valid":"0",
    "認可類別":"標示",
    "設計人":"元宏聯合建築師事務所",
    "行政區":"新北市",
    "ditrict":"新店區",
    "地號":"新北市新店區華城二段60-46、60-47、60-50、60-51、60-54、60-18、60-44、60-164、60-166、60-45、60-48、60-165、60-49、60-53、60-",
    "建築物使用類別":"住宿類建築"
    }
  },
  {
    "type": "Feature",
    "geometry": {
       "type": "Point",
       "coordinates":  [ 121.506235,24.933593 ]
    },
    "properties": {
    "#":487,
    "建築物名稱":"大台北華城莫札特社區南區(第19區)",
    "建築物概要":"地下2層，地上3層鋼筋混凝土構造住宿類建築",
    "認可版本":"2009年版",
    "認可等級":"合格級",
    "rank":1,
    "有效期間":"2023年11月11日",
    "valid":"0",
    "認可類別":"標示",
    "設計人":"元宏聯合建築師事務所",
    "行政區":"新北市",
    "ditrict":"新店區",
    "地號":"新北市新店區華城二段61-18、61-19、62-13、61-20、61-21、61-36、61-40、62-11、62-12、61-43、61-22、61-23、61-24、62-2、61-3及61",
    "建築物使用類別":"住宿類建築"
    }
  },
  {
    "type": "Feature",
    "geometry": {
       "type": "Point",
       "coordinates":  [ 121.50673,24.933348 ]
    },
    "properties": {
    "#":488,
    "建築物名稱":"大台北華城莫札特社區南區(第20區)",
    "建築物概要":"地下1層，地上3層鋼筋混凝土構造住宿類建築",
    "認可版本":"2009年版",
    "認可等級":"合格級",
    "rank":1,
    "有效期間":"2023年11月11日",
    "valid":"0",
    "認可類別":"標示",
    "設計人":"元宏聯合建築師事務所",
    "行政區":"新北市",
    "ditrict":"新店區",
    "地號":"新北市新店區華城二段61-32、61-33、61-37、61-10、61-31、61-38、61-41及61-42地號等8筆住宿類建築",
    "建築物使用類別":"住宿類建築"
    }
  },
  {
    "type": "Feature",
    "geometry": {
       "type": "Point",
       "coordinates":  [ 121.504597,24.931985 ]
    },
    "properties": {
    "#":489,
    "建築物名稱":"大台北華城莫札特社區南區(第4區)",
    "建築物概要":"地下1層，地上3層鋼筋混凝土構造住宿類建築",
    "認可版本":"2009年版",
    "認可等級":"合格級",
    "rank":1,
    "有效期間":"2023年11月8日",
    "valid":"0",
    "認可類別":"標示",
    "設計人":"元宏聯合建築師事務所",
    "行政區":"新北市",
    "ditrict":"新店區",
    "地號":"新北市新店區華城二段60-108地號等1筆住宿類建築",
    "建築物使用類別":"住宿類建築"
    }
  },
  {
    "type": "Feature",
    "geometry": {
       "type": "Point",
       "coordinates":  [ 121.504562,24.931659 ]
    },
    "properties": {
    "#":490,
    "建築物名稱":"大台北華城莫札特社區南區(第1區)",
    "建築物概要":"地下1層，地上3層鋼筋混凝土構造住宿類建築",
    "認可版本":"2009年版",
    "認可等級":"合格級",
    "rank":1,
    "有效期間":"2023年11月8日",
    "valid":"0",
    "認可類別":"標示",
    "設計人":"元宏聯合建築師事務所",
    "行政區":"新北市",
    "ditrict":"新店區",
    "地號":"新北市新店區華城二段60-177、60-178、60-179地號等3筆住宿類建築",
    "建築物使用類別":"住宿類建築"
    }
  },
  {
    "type": "Feature",
    "geometry": {
       "type": "Point",
       "coordinates":  [ 121.6553,25.062448 ]
    },
    "properties": {
    "#":491,
    "建築物名稱":"翃泰建設新北市汐止區智興段764等一筆地號集合住宅新建工程",
    "建築物概要":"地下3層，地上13層鋼筋混凝土構造住宿類建築",
    "認可版本":"2012年版EEWH-RS",
    "認可等級":"銀級",
    "rank":3,
    "有效期間":"2023年11月5日",
    "valid":"0",
    "認可類別":"標示",
    "設計人":"林煜傑建築師事務所",
    "行政區":"新北市",
    "ditrict":"汐止區",
    "地號":"新北市汐止區智興段764地號等1筆住宿類建築",
    "建築物使用類別":"住宿類建築"
    }
  },
  {
    "type": "Feature",
    "geometry": {
       "type": "Point",
       "coordinates":  [ 121.360107,25.066453 ]
    },
    "properties": {
    "#":492,
    "建築物名稱":"亞昕晴空樹集合住宅暨亞昕大飯店新建工程",
    "建築物概要":"地下4層，地上33層鋼骨鋼筋混凝土及鋼骨構造旅館餐飲及住宿類建築",
    "認可版本":"2009年版",
    "認可等級":"銀級",
    "rank":3,
    "有效期間":"2023年10月30日",
    "valid":"0",
    "認可類別":"標示",
    "設計人":"戴育澤建築師事務所",
    "行政區":"新北市",
    "ditrict":"林口區",
    "地號":"新北市林口區建林段489地號等1筆旅館餐飲及住宿類建築",
    "建築物使用類別":"旅館餐飲類建築"
    }
  },
  {
    "type": "Feature",
    "geometry": {
       "type": "Point",
       "coordinates":  [ 121.491576,25.070475 ]
    },
    "properties": {
    "#":493,
    "建築物名稱":"昱樹建設三重忠孝段集合住宅新建工程",
    "建築物概要":"地下2層，地上12層鋼筋混凝土構造住宿類建築",
    "認可版本":"2012年版EEWH-RS",
    "認可等級":"銀級",
    "rank":3,
    "有效期間":"2023年10月24日",
    "valid":"0",
    "認可類別":"標示",
    "設計人":"千豐建築師事務所",
    "行政區":"新北市",
    "ditrict":"三重區",
    "地號":"新北市三重區忠孝段1036地號等1筆住宿類建築",
    "建築物使用類別":"住宿類建築"
    }
  },
  {
    "type": "Feature",
    "geometry": {
       "type": "Point",
       "coordinates":  [ 121.512653,24.987383 ]
    },
    "properties": {
    "#":494,
    "建築物名稱":"冠輝建設中和區(興南段)忠孝街集合住宅新建工程",
    "建築物概要":"地下2層，地上14層鋼筋混凝土構造住宿類建築",
    "認可版本":"2012年版EEWH-RS",
    "認可等級":"銀級",
    "rank":3,
    "有效期間":"2023年10月2日",
    "valid":"0",
    "認可類別":"標示",
    "設計人":"莫國箴建築師事務所",
    "行政區":"新北市",
    "ditrict":"中和區",
    "地號":"新北市中和區興南段634地號等1筆住宿類建築",
    "建築物使用類別":"住宿類建築"
    }
  },
  {
    "type": "Feature",
    "geometry": {
       "type": "Point",
       "coordinates":  [ 121.481773,25.003012 ]
    },
    "properties": {
    "#":495,
    "建築物名稱":"嘉泉建設中和區民樂段698地號集合住宅新建工程",
    "建築物概要":"地下6層，地上18層鋼筋混凝土構造住宿類建築",
    "認可版本":"2009年版",
    "認可等級":"銀級",
    "rank":3,
    "有效期間":"2023年9月20日",
    "valid":"0",
    "認可類別":"標示",
    "設計人":"陳逸軒建築師事務所",
    "行政區":"新北市",
    "ditrict":"中和區",
    "地號":"新北市中和區民樂段684地號等1筆住宿類建築",
    "建築物使用類別":"住宿類建築"
    }
  },
  {
    "type": "Feature",
    "geometry": {
       "type": "Point",
       "coordinates":  [ 121.513288,24.989796 ]
    },
    "properties": {
    "#":496,
    "建築物名稱":"中和區景新街立體停車場新建工程",
    "建築物概要":"地下1層，地上8層鋼筋混凝土構造其他類建築",
    "認可版本":"2012年版EEWH-BC",
    "認可等級":"銅級",
    "rank":2,
    "有效期間":"2023年9月16日",
    "valid":"0",
    "認可類別":"標示",
    "設計人":"王正源建築師事務所",
    "行政區":"新北市",
    "ditrict":"中和區",
    "地號":"新北市中和區景平段811地號等3筆其他類建築",
    "建築物使用類別":"其他類建築"
    }
  },
  {
    "type": "Feature",
    "geometry": {
       "type": "Point",
       "coordinates":  [ 121.493509,25.007523 ]
    },
    "properties": {
    "#":497,
    "建築物名稱":"遠雄左岸日安住宅大樓新建工程",
    "建築物概要":"地下3層，地上13層鋼筋混凝土構造住宿類建築",
    "認可版本":"2012年版EEWH-RS",
    "認可等級":"銀級",
    "rank":3,
    "有效期間":"2023年9月12日",
    "valid":"0",
    "認可類別":"標示",
    "設計人":"李祖原聯合建築師事務所",
    "行政區":"新北市",
    "ditrict":"中和區",
    "地號":"新北市中和區華中段0002地號等1筆住宿類建築",
    "建築物使用類別":"住宿類建築"
    }
  },
  {
    "type": "Feature",
    "geometry": {
       "type": "Point",
       "coordinates":  [ 121.513574,24.987119 ]
    },
    "properties": {
    "#":498,
    "建築物名稱":"中和興南段集合住宅新建工程",
    "建築物概要":"地下4層，地上14層鋼筋混凝土構造住宿類建築",
    "認可版本":"2012年版EEWH-RS",
    "認可等級":"銀級",
    "rank":3,
    "有效期間":"2023年9月5日",
    "valid":"0",
    "認可類別":"標示",
    "設計人":"廖慶樺建築師事務所",
    "行政區":"新北市",
    "ditrict":"中和區",
    "地號":"新北市中和區興南段647地號等2筆住宿類建築",
    "建築物使用類別":"住宿類建築"
    }
  },
  {
    "type": "Feature",
    "geometry": {
       "type": "Point",
       "coordinates":  [ 121.377126,25.07723 ]
    },
    "properties": {
    "#":499,
    "建築物名稱":"新北市立林口國民中學羽球館暨體適能中心興建統包工程",
    "建築物概要":"地上4層鋼筋混凝土及鋼骨構造學校及大型空間類建築",
    "認可版本":"2015年版EEWH-BC",
    "認可等級":"黃金級",
    "rank":4,
    "有效期間":"2023年8月29日",
    "valid":"0",
    "認可類別":"標示",
    "設計人":"黃孟偉建築師事務所",
    "行政區":"新北市",
    "ditrict":"林口區",
    "地號":"新北市林口區國宅段96地號等7筆學校及大型空間類建築",
    "建築物使用類別":"學校類建築"
    }
  },
  {
    "type": "Feature",
    "geometry": {
       "type": "Point",
       "coordinates":  [ 121.634056,25.066811 ]
    },
    "properties": {
    "#":500,
    "建築物名稱":"板信商業銀行汐止福德段拾伍層店鋪及集合住宅新建工程",
    "建築物概要":"地下5層，地上15層鋼筋混凝土構造住宿類建築",
    "認可版本":"2012年版EEWH-RS",
    "認可等級":"銀級",
    "rank":3,
    "有效期間":"2023年8月23日",
    "valid":"0",
    "認可類別":"標示",
    "設計人":"森峰聯合建築師事務所",
    "行政區":"新北市",
    "ditrict":"汐止區",
    "地號":"新北市汐止區福德段172地號等1筆住宿類建築",
    "建築物使用類別":"住宿類建築"
    }
  },
  {
    "type": "Feature",
    "geometry": {
       "type": "Point",
       "coordinates":  [ 121.659805,25.067273 ]
    },
    "properties": {
    "#":501,
    "建築物名稱":"宏璟建設汐止大同路集合住宅新建工程",
    "建築物概要":"地下3層，地上11層鋼筋混凝土構造住宿類建築",
    "認可版本":"2012年版EEWH-RS",
    "認可等級":"銀級",
    "rank":3,
    "有效期間":"2023年8月23日",
    "valid":"0",
    "認可類別":"標示",
    "設計人":"元宏聯合建築師事務所",
    "行政區":"新北市",
    "ditrict":"汐止區",
    "地號":"新北市汐止區中正段856地號等10筆住宿類建築",
    "建築物使用類別":"住宿類建築"
    }
  },
  {
    "type": "Feature",
    "geometry": {
       "type": "Point",
       "coordinates":  [ 121.50249,25.061084 ]
    },
    "properties": {
    "#":502,
    "建築物名稱":"三重福德南段847地號等4筆土地集合住宅新建工程",
    "建築物概要":"地下4層，地上22層鋼骨構造住宿類建築",
    "認可版本":"2009年版",
    "認可等級":"銀級",
    "rank":3,
    "有效期間":"2023年8月2日",
    "valid":"0",
    "認可類別":"標示",
    "設計人":"賴良政建築師事務所",
    "行政區":"新北市",
    "ditrict":"三重區",
    "地號":"新北市三重區福德南段847地號等4筆住宿類建築",
    "建築物使用類別":"住宿類建築"
    }
  },
  {
    "type": "Feature",
    "geometry": {
       "type": "Point",
       "coordinates":  [ 121.463653,25.149808 ]
    },
    "properties": {
    "#":503,
    "建築物名稱":"鄉林建設淡水區水仙段新建住宅",
    "建築物概要":"地下4層，地上21層鋼骨鋼筋混凝土構造住宿類建築",
    "認可版本":"2009年版",
    "認可等級":"銀級",
    "rank":3,
    "有效期間":"2023年7月31日",
    "valid":"0",
    "認可類別":"標示",
    "設計人":"周文斌建築師事務所",
    "行政區":"新北市",
    "ditrict":"淡水區",
    "地號":"新北市淡水區水仙段0142-0000地號等1筆住宿類建築",
    "建築物使用類別":"住宿類建築"
    }
  },
  {
    "type": "Feature",
    "geometry": {
       "type": "Point",
       "coordinates":  [ 121.451889,25.060008 ]
    },
    "properties": {
    "#":505,
    "建築物名稱":"遠雄九五新建工程",
    "建築物概要":"地下5層，地上42層鋼骨構造辦公廳、百貨商場及住宿類建築",
    "認可版本":"2009年版",
    "認可等級":"銀級",
    "rank":3,
    "有效期間":"2023年7月23日",
    "valid":"0",
    "認可類別":"標示",
    "設計人":"李祖原聯合建築師事務所",
    "行政區":"新北市",
    "ditrict":"新莊區",
    "地號":"新北市新莊區副都心段一小段433地號等1筆辦公廳、百貨商場及住宿類建築",
    "建築物使用類別":"住宿類建築"
    }
  },
  {
    "type": "Feature",
    "geometry": {
       "type": "Point",
       "coordinates":  [ 121.43165,24.99978 ]
    },
    "properties": {
    "#":506,
    "建築物名稱":"中德建設大豐造紙廠舊址商業A區店鋪,一般事務所,集合住宅拾伍層及公益設施拾捌層新建工程",
    "建築物概要":"地下5層，地上18層鋼筋混凝土構造辦公廳及住宿類建築",
    "認可版本":"2012年版EEWH-BC",
    "認可等級":"銀級",
    "rank":3,
    "有效期間":"2023年7月18日",
    "valid":"0",
    "認可類別":"標示",
    "設計人":"森峰聯合建築師事務所",
    "行政區":"新北市",
    "ditrict":"新莊區",
    "地號":"新北市新莊區新豐段10地號等2筆、新北市新莊區新豐段10-1地號等1筆辦公廳及住宿類建築",
    "建築物使用類別":"辦公廳類建築"
    }
  },
  {
    "type": "Feature",
    "geometry": {
       "type": "Point",
       "coordinates":  [ 121.41721,25.157136 ]
    },
    "properties": {
    "#":507,
    "建築物名稱":"八里區大堀段157-1地號店鋪集合住宅新建工程",
    "建築物概要":"地下3層，地上15層鋼筋混凝土構造辦公廳及住宿類建築",
    "認可版本":"2012年版EEWH-RS",
    "認可等級":"銀級",
    "rank":3,
    "有效期間":"2023年7月11日",
    "valid":"0",
    "認可類別":"標示",
    "設計人":"廖錦盈建築師事務所",
    "行政區":"新北市",
    "ditrict":"八里區",
    "地號":"新北市八里區大堀段157-1地號等1筆辦公廳及住宿類建築",
    "建築物使用類別":"住宿類建築"
    }
  },
  {
    "type": "Feature",
    "geometry": {
       "type": "Point",
       "coordinates":  [ 121.417272,25.02772 ]
    },
    "properties": {
    "#":508,
    "建築物名稱":"新莊合鳳段306地號集合住宅新建工程",
    "建築物概要":"地下2層，地上11層鋼筋混凝土構造住宿類建築",
    "認可版本":"2012年版EEWH-RS",
    "認可等級":"銀級",
    "rank":3,
    "有效期間":"2023年6月28日",
    "valid":"0",
    "認可類別":"標示",
    "設計人":"瓏山林聯合建築師事務所",
    "行政區":"新北市",
    "ditrict":"新莊區",
    "地號":"新北市新莊區合鳳段306-0地號等1筆住宿類建築",
    "建築物使用類別":"住宿類建築"
    }
  },
  {
    "type": "Feature",
    "geometry": {
       "type": "Point",
       "coordinates":  [ 121.47004,25.083014 ]
    },
    "properties": {
    "#":509,
    "建築物名稱":"築禾建設新北市蘆洲區九芎段48等3筆地號店鋪集合住宅大樓新建工程",
    "建築物概要":"地下6層，地上26層鋼骨構造，鋼筋混凝土構造辦公廳及住宿類建築",
    "認可版本":"2009年版",
    "認可等級":"銀級",
    "rank":3,
    "有效期間":"2023年6月26日",
    "valid":"0",
    "認可類別":"標示",
    "設計人":"閤康聯合建築師事務所",
    "行政區":"新北市",
    "ditrict":"蘆洲區",
    "地號":"新北市蘆洲區九芎段48地號等3筆辦公廳及住宿類建築",
    "建築物使用類別":"住宿類建築"
    }
  },
  {
    "type": "Feature",
    "geometry": {
       "type": "Point",
       "coordinates":  [ 121.499783,25.002843 ]
    },
    "properties": {
    "#":510,
    "建築物名稱":"旭泰開發中和莊敬段店鋪及集合住宅新建工程",
    "建築物概要":"地下3層，地上13層鋼筋混凝土構造住宿類建築",
    "認可版本":"2009年版",
    "認可等級":"銀級",
    "rank":3,
    "有效期間":"2023年6月19日",
    "valid":"0",
    "認可類別":"標示",
    "設計人":"陳柏壽建築師事務所",
    "行政區":"新北市",
    "ditrict":"中和區",
    "地號":"新北市中和區莊敬段0660-0000地號等1筆住宿類建築",
    "建築物使用類別":"住宿類建築"
    }
  },
  {
    "type": "Feature",
    "geometry": {
       "type": "Point",
       "coordinates":  [ 121.505602,24.933485 ]
    },
    "properties": {
    "#":511,
    "建築物名稱":"大台北華城莫札特社區南區(第16區)",
    "建築物概要":"地下1層，地上3層鋼筋混凝土構造住宿類建築",
    "認可版本":"2009年版",
    "認可等級":"合格級",
    "rank":1,
    "有效期間":"2023年6月14日",
    "valid":"0",
    "認可類別":"標示",
    "設計人":"元宏聯合建築師事務所",
    "行政區":"新北市",
    "ditrict":"新店區",
    "地號":"新北市新店區華城二段60-76地號等2筆住宿類建築",
    "建築物使用類別":"住宿類建築"
    }
  },
  {
    "type": "Feature",
    "geometry": {
       "type": "Point",
       "coordinates":  [ 121.505972,24.934189 ]
    },
    "properties": {
    "#":512,
    "建築物名稱":"大台北華城莫札特社區南區(第17區)",
    "建築物概要":"地下1層，地上3層鋼筋混凝土構造住宿類建築",
    "認可版本":"2009年版",
    "認可等級":"合格級",
    "rank":1,
    "有效期間":"2023年6月14日",
    "valid":"0",
    "認可類別":"標示",
    "設計人":"元宏聯合建築師事務所",
    "行政區":"新北市",
    "ditrict":"新店區",
    "地號":"新北市新店區華城二段60-71地號等4筆住宿類建築",
    "建築物使用類別":"住宿類建築"
    }
  },
  {
    "type": "Feature",
    "geometry": {
       "type": "Point",
       "coordinates":  [ 121.505676,24.933213 ]
    },
    "properties": {
    "#":513,
    "建築物名稱":"大台北華城莫札特社區南區(第18區)",
    "建築物概要":"地下1層，地上3層鋼筋混凝土構造住宿類建築",
    "認可版本":"2009年版",
    "認可等級":"合格級",
    "rank":1,
    "有效期間":"2023年6月14日",
    "valid":"0",
    "認可類別":"標示",
    "設計人":"元宏聯合建築師事務所",
    "行政區":"新北市",
    "ditrict":"新店區",
    "地號":"新北市新店區華城二段60-63、60-64、60-68地號等19筆住宿類建築",
    "建築物使用類別":"住宿類建築"
    }
  },
  {
    "type": "Feature",
    "geometry": {
       "type": "Point",
       "coordinates":  [ 121.505479,24.933098 ]
    },
    "properties": {
    "#":514,
    "建築物名稱":"大台北華城莫札特社區南區(第15區)",
    "建築物概要":"地下1層，地上2層鋼筋混凝土構造住宿類建築",
    "認可版本":"2009年版",
    "認可等級":"合格級",
    "rank":1,
    "有效期間":"2023年6月13日",
    "valid":"0",
    "認可類別":"標示",
    "設計人":"元宏聯合建築師事務所",
    "行政區":"新北市",
    "ditrict":"新店區",
    "地號":"新北市新店區華城二段60-79地號等2筆住宿類建築",
    "建築物使用類別":"住宿類建築"
    }
  },
  {
    "type": "Feature",
    "geometry": {
       "type": "Point",
       "coordinates":  [ 121.527909,24.974734 ]
    },
    "properties": {
    "#":516,
    "建築物名稱":"景裕建設新店區中央段二期集合住宅新建工程",
    "建築物概要":"地下3層，地上13層鋼筋混凝土構造辦公廳及住宿類建築",
    "認可版本":"2012年版EEWH-RS",
    "認可等級":"銀級",
    "rank":3,
    "有效期間":"2023年6月4日",
    "valid":"0",
    "認可類別":"標示",
    "設計人":"呂建勳建築師事務所",
    "行政區":"新北市",
    "ditrict":"新店區",
    "地號":"新北市新店區中央段1011地號等5筆辦公廳及住宿類建築",
    "建築物使用類別":"住宿類建築"
    }
  },
  {
    "type": "Feature",
    "geometry": {
       "type": "Point",
       "coordinates":  [ 121.462231,25.140181 ]
    },
    "properties": {
    "#":517,
    "建築物名稱":"協和建設淡水馬偕段224地號集合住宅大樓新建工程",
    "建築物概要":"地下2層，地上7層鋼筋混凝土構造住宿類建築",
    "認可版本":"2012年版EEWH-RS",
    "認可等級":"銀級",
    "rank":3,
    "有效期間":"2023年5月17日",
    "valid":"0",
    "認可類別":"標示",
    "設計人":"閤康聯合建築師事務所",
    "行政區":"新北市",
    "ditrict":"淡水區",
    "地號":"新北市淡水區馬偕段224地號等1筆住宿類建築",
    "建築物使用類別":"住宿類建築"
    }
  },
  {
    "type": "Feature",
    "geometry": {
       "type": "Point",
       "coordinates":  [ 121.432784,25.000194 ]
    },
    "properties": {
    "#":518,
    "建築物名稱":"中德建設大豐造紙廠舊址商業C區店鋪,一般事務所,集合住宅拾伍層新建工程",
    "建築物概要":"地下5層，地上15層鋼筋混凝土構造辦公廳及住宿類建築",
    "認可版本":"2012年版EEWH-BC",
    "認可等級":"銀級",
    "rank":3,
    "有效期間":"2023年5月16日",
    "valid":"0",
    "認可類別":"標示",
    "設計人":"秦境建築師事務所",
    "行政區":"新北市",
    "ditrict":"新莊區",
    "地號":"新北市新莊區新豐段1地號等1筆辦公廳及住宿類建築",
    "建築物使用類別":"辦公廳類建築"
    }
  },
  {
    "type": "Feature",
    "geometry": {
       "type": "Point",
       "coordinates":  [ 121.461614,25.138075 ]
    },
    "properties": {
    "#":519,
    "建築物名稱":"新北市政府交通局竹圍立體停車場新建工程",
    "建築物概要":"地下1層，地上9層鋼筋混凝土構造大型空間類建築",
    "認可版本":"2012年版EEWH-BC",
    "認可等級":"合格級",
    "rank":1,
    "有效期間":"2023年5月16日",
    "valid":"0",
    "認可類別":"標示",
    "設計人":"張弘鼎建築師事務所",
    "行政區":"新北市",
    "ditrict":"淡水區",
    "地號":"新北市淡水區飛歌段736地號等7筆大型空間類建築",
    "建築物使用類別":"大型空間類建築"
    }
  },
  {
    "type": "Feature",
    "geometry": {
       "type": "Point",
       "coordinates":  [ 121.516546,24.991813 ]
    },
    "properties": {
    "#":520,
    "建築物名稱":"雅璞建設中和區景平路住宅新建工程",
    "建築物概要":"地下3層，地上15層鋼筋混凝土構造住宿類建築",
    "認可版本":"2012年版EEWH-RS",
    "認可等級":"銀級",
    "rank":3,
    "有效期間":"2023年5月13日",
    "valid":"0",
    "認可類別":"標示",
    "設計人":"李祖廉建築師事務所",
    "行政區":"新北市",
    "ditrict":"中和區",
    "地號":"新北市中和區秀峰段281地號等1筆住宿類建築",
    "建築物使用類別":"住宿類建築"
    }
  },
  {
    "type": "Feature",
    "geometry": {
       "type": "Point",
       "coordinates":  [ 121.521202,25.003833 ]
    },
    "properties": {
    "#":521,
    "建築物名稱":"新北市秀朗派出所及青年社會住宅新建工程",
    "建築物概要":"地下2層，地上9層鋼筋混凝土構造辦公廳及住宿類建築",
    "認可版本":"2012年版EEWH-RS",
    "認可等級":"黃金級",
    "rank":4,
    "有效期間":"2023年4月25日",
    "valid":"0",
    "認可類別":"標示",
    "設計人":"柳輝洲建築師事務所",
    "行政區":"新北市",
    "ditrict":"永和區",
    "地號":"新北市永和區永利段126 地號等1筆辦公廳及住宿類建築",
    "建築物使用類別":"住宿類建築"
    }
  },
  {
    "type": "Feature",
    "geometry": {
       "type": "Point",
       "coordinates":  [ 121.510052,25.010303 ]
    },
    "properties": {
    "#":522,
    "建築物名稱":"新北市永和區永平段393地號集合住宅新建工程",
    "建築物概要":"地下1層，地上11層鋼筋混凝土構造住宿類建築",
    "認可版本":"2012年版EEWH-RS",
    "認可等級":"銀級",
    "rank":3,
    "有效期間":"2023年4月19日",
    "valid":"0",
    "認可類別":"標示",
    "設計人":"歐金定建築師事務所",
    "行政區":"新北市",
    "ditrict":"永和區",
    "地號":"新北市永和區永平段393地號等1筆住宿類建築",
    "建築物使用類別":"住宿類建築"
    }
  },
  {
    "type": "Feature",
    "geometry": {
       "type": "Point",
       "coordinates":  [ 121.419967,25.182443 ]
    },
    "properties": {
    "#":523,
    "建築物名稱":"森原建設淡水區沙崙段588地號等2筆土地新建工程",
    "建築物概要":"地下4層，地上29層鋼筋混凝土構造住宿、辦公廳及旅館餐飲建築",
    "認可版本":"2009年版",
    "認可等級":"銀級",
    "rank":3,
    "有效期間":"2023年4月16日",
    "valid":"0",
    "認可類別":"標示",
    "設計人":"李兆嘉建築師事務所",
    "行政區":"新北市",
    "ditrict":"淡水區",
    "地號":"新北市淡水區沙崙段588地號等2筆住宿、辦公廳及旅館餐飲建築",
    "建築物使用類別":"住宿類建築"
    }
  },
  {
    "type": "Feature",
    "geometry": {
       "type": "Point",
       "coordinates":  [ 121.461319,25.152483 ]
    },
    "properties": {
    "#":524,
    "建築物名稱":"新北市淡水區水仙段206地號等1筆集合住宅新建工程",
    "建築物概要":"地下3層，地上29層鋼骨鋼筋混凝土構造住宿類建築",
    "認可版本":"2009年版",
    "認可等級":"銀級",
    "rank":3,
    "有效期間":"2023年3月30日",
    "valid":"0",
    "認可類別":"標示",
    "設計人":"許義明建築師事務所",
    "行政區":"新北市",
    "ditrict":"淡水區",
    "地號":"新北市淡水區水仙段206地號等1筆住宿類建築",
    "建築物使用類別":"住宿類建築"
    }
  },
  {
    "type": "Feature",
    "geometry": {
       "type": "Point",
       "coordinates":  [ 121.488257,25.053551 ]
    },
    "properties": {
    "#":525,
    "建築物名稱":"東煒三重重新段壹小段53地號住宅案新建工程",
    "建築物概要":"地下4層，地上26層鋼骨鋼筋混凝土構造住宿類建築",
    "認可版本":"2009年版",
    "認可等級":"銀級",
    "rank":3,
    "有效期間":"2023年3月20日",
    "valid":"0",
    "認可類別":"標示",
    "設計人":"邱垂睿建築師事務所",
    "行政區":"新北市",
    "ditrict":"三重區",
    "地號":"新北市三重區重新段壹小段53地號等1筆住宿類建築",
    "建築物使用類別":"住宿類建築"
    }
  },
  {
    "type": "Feature",
    "geometry": {
       "type": "Point",
       "coordinates":  [ 121.500612,24.994422 ]
    },
    "properties": {
    "#":526,
    "建築物名稱":"福璽建設新北市中和區大同段集合住宅新建工程",
    "建築物概要":"地下4層，地上15層鋼筋混凝土構造住宿類建築",
    "認可版本":"2009年版",
    "認可等級":"銀級",
    "rank":3,
    "有效期間":"2023年3月20日",
    "valid":"0",
    "認可類別":"標示",
    "設計人":"黃翔龍建築師事務所",
    "行政區":"新北市",
    "ditrict":"中和區",
    "地號":"新北市中和區大同段399地號等1筆住宿類建築",
    "建築物使用類別":"住宿類建築"
    }
  },
  {
    "type": "Feature",
    "geometry": {
       "type": "Point",
       "coordinates":  [ 121.365635,24.924517 ]
    },
    "properties": {
    "#":527,
    "建築物名稱":"衛生福利部食品藥物管理署管制藥品製藥工廠廠房新建暨整建工程",
    "建築物概要":"地下2層，地上7層鋼筋混凝土構造大型空間類建築",
    "認可版本":"2012年版EEWH-GF",
    "認可等級":"銅級",
    "rank":2,
    "有效期間":"2023年3月18日",
    "valid":"0",
    "認可類別":"標示",
    "設計人":"啟達聯合建築師事務所",
    "行政區":"新北市",
    "ditrict":"三峽區",
    "地號":"新北市三峽區中園段534-1地號等2筆大型空間類建築",
    "建築物使用類別":"大型空間類建築"
    }
  },
  {
    "type": "Feature",
    "geometry": {
       "type": "Point",
       "coordinates":  [ 121.448072,25.05769 ]
    },
    "properties": {
    "#":528,
    "建築物名稱":"宏普建設副都心新建工程",
    "建築物概要":"地下4層，地上24層鋼骨鋼筋混凝土構造、鋼筋混凝土構造辦公廳及旅館餐飲類建築",
    "認可版本":"2009年版",
    "認可等級":"銀級",
    "rank":3,
    "有效期間":"2023年3月14日",
    "valid":"0",
    "認可類別":"標示",
    "設計人":"陳克聚建築師事務所",
    "行政區":"新北市",
    "ditrict":"新莊區",
    "地號":"新北市新莊區副都心段一小段289地號等1筆辦公廳及旅館餐飲類建築",
    "建築物使用類別":"辦公廳類建築"
    }
  },
  {
    "type": "Feature",
    "geometry": {
       "type": "Point",
       "coordinates":  [ 121.37496,25.080328 ]
    },
    "properties": {
    "#":529,
    "建築物名稱":"旺洲極品",
    "建築物概要":"地下4層，地上29層鋼筋混凝土構造辦公廳及住宿類建築",
    "認可版本":"2009年版",
    "認可等級":"鑽石級",
    "rank":5,
    "有效期間":"2023年3月14日",
    "valid":"0",
    "認可類別":"標示",
    "設計人":"黃宏輝建築師事務所",
    "行政區":"新北市",
    "ditrict":"林口區",
    "地號":"新北市林口區力行段200地號等1筆辦公廳及住宿類建築",
    "建築物使用類別":"住宿類建築"
    }
  },
  {
    "type": "Feature",
    "geometry": {
       "type": "Point",
       "coordinates":  [ 121.496817,25.061597 ]
    },
    "properties": {
    "#":530,
    "建築物名稱":"冠德建設三重區大同南段集合住宅新建工程",
    "建築物概要":"地下4層，地上20層鋼骨鋼筋混凝土構造住宿類建築",
    "認可版本":"2009年版",
    "認可等級":"銀級",
    "rank":3,
    "有效期間":"2023年3月4日",
    "valid":"0",
    "認可類別":"標示",
    "設計人":"周夢龍建築師事務所、簡志聰建築師事務所、柯智明建築師事務所",
    "行政區":"新北市",
    "ditrict":"三重區",
    "地號":"新北市三重區大同南段45地號等2筆住宿類建築",
    "建築物使用類別":"住宿類建築"
    }
  },
  {
    "type": "Feature",
    "geometry": {
       "type": "Point",
       "coordinates":  [ 121.450965,24.988152 ]
    },
    "properties": {
    "#":531,
    "建築物名稱":"新北市土城區學成公園(公兒三用地)附建地下停車場新建統包工程",
    "建築物概要":"地下3層，地上1層鋼筋混凝土構造其他類建築",
    "認可版本":"2015年版EEWH-BC",
    "認可等級":"銀級",
    "rank":3,
    "有效期間":"2023年3月1日",
    "valid":"0",
    "認可類別":"標示",
    "設計人":"陳章安建築師事務所",
    "行政區":"新北市",
    "ditrict":"土城區",
    "地號":"新北市土城區學成段413地號等9筆其他類建築",
    "建築物使用類別":"其他類建築"
    }
  },
  {
    "type": "Feature",
    "geometry": {
       "type": "Point",
       "coordinates":  [ 121.471278,25.006298 ]
    },
    "properties": {
    "#":532,
    "建築物名稱":"恆美建設中和區德光段拾伍層集合住宅新建工程",
    "建築物概要":"地下4層，地上15層鋼筋混凝土構造住宿類建築",
    "認可版本":"2015年版EEWH-RS",
    "認可等級":"銀級",
    "rank":3,
    "有效期間":"2023年3月1日",
    "valid":"0",
    "認可類別":"標示",
    "設計人":"呂建勳建築師事務所",
    "行政區":"新北市",
    "ditrict":"中和區",
    "地號":"新北市中和區德光段16地號等2筆住宿類建築",
    "建築物使用類別":"住宿類建築"
    }
  },
  {
    "type": "Feature",
    "geometry": {
       "type": "Point",
       "coordinates":  [ 121.533918,24.938812 ]
    },
    "properties": {
    "#":534,
    "建築物名稱":"新店直潭市民活動中心及兒童遊戲場新建工程(第一次變更)",
    "建築物概要":"地下1層，地上2層鋼筋混凝土構造大型空間類建築",
    "認可版本":"2009年版",
    "認可等級":"合格級",
    "rank":1,
    "有效期間":"2023年1月24日",
    "valid":"0",
    "認可類別":"標示",
    "設計人":"廖慧明建築師事務所",
    "行政區":"新北市",
    "ditrict":"新店區",
    "地號":"新北市新店區直潭段直潭小段392地號等1筆大型空間類建築",
    "建築物使用類別":"大型空間類建築"
    }
  },
  {
    "type": "Feature",
    "geometry": {
       "type": "Point",
       "coordinates":  [ 121.463176,25.145014 ]
    },
    "properties": {
    "#":536,
    "建築物名稱":"新北市立竹圍高級中學新建綜合大樓工程",
    "建築物概要":"地下1層，地上6層鋼筋混凝土構造學校類建築",
    "認可版本":"2012年版EEWH-BC",
    "認可等級":"合格級",
    "rank":1,
    "有效期間":"2023年1月15日",
    "valid":"0",
    "認可類別":"標示",
    "設計人":"蔡忠孝建築師事務所",
    "行政區":"新北市",
    "ditrict":"淡水區",
    "地號":"新北市淡水區馬偕段14地號等5筆學校類建築",
    "建築物使用類別":"學校類建築"
    }
  },
  {
    "type": "Feature",
    "geometry": {
       "type": "Point",
       "coordinates":  [ 121.450674,25.058248 ]
    },
    "properties": {
    "#":537,
    "建築物名稱":"遠雄首品大樓新建工程",
    "建築物概要":"地下5層，地上15層鋼筋混凝土構造辦公廳類建築",
    "認可版本":"2012年版EEWH-BC",
    "認可等級":"銀級",
    "rank":3,
    "有效期間":"2023年1月9日",
    "valid":"0",
    "認可類別":"標示",
    "設計人":"原大聯合建築師事務所",
    "行政區":"新北市",
    "ditrict":"新莊區",
    "地號":"新北市新莊區副都心段一小段307地號等1筆辦公廳類建築",
    "建築物使用類別":"辦公廳類建築"
    }
  },
  {
    "type": "Feature",
    "geometry": {
       "type": "Point",
       "coordinates":  [ 121.495762,24.997843 ]
    },
    "properties": {
    "#":538,
    "建築物名稱":"新北市政府警察局中和分局錦和派出所與財政部北區國稅局中和稽徵所新建工程共構案",
    "建築物概要":"地下2層，地上7層鋼筋混凝土構造辦公廳類建築",
    "認可版本":"2012年版EEWH-BC",
    "認可等級":"合格級",
    "rank":1,
    "有效期間":"2023年1月7日",
    "valid":"0",
    "認可類別":"標示",
    "設計人":"梁貞誠建築師事務所",
    "行政區":"新北市",
    "ditrict":"中和區",
    "地號":"新北市中和區安邦段231-000地號等5筆辦公廳類建築",
    "建築物使用類別":"辦公廳類建築"
    }
  },
  {
    "type": "Feature",
    "geometry": {
       "type": "Point",
       "coordinates":  [ 121.459111,25.00214 ]
    },
    "properties": {
    "#":539,
    "建築物名稱":"永雄建設板橋忠孝段集合住宅新建工程",
    "建築物概要":"地下3層，地上20層鋼骨構造、鋼筋混凝土構造住宿類建築",
    "認可版本":"2012年版EEWH-RS",
    "認可等級":"黃金級",
    "rank":4,
    "有效期間":"2022年12月20日",
    "valid":"0",
    "認可類別":"標示",
    "設計人":"施振華建築師事務所",
    "行政區":"新北市",
    "ditrict":"板橋區",
    "地號":"新北市板橋區忠孝段1287-0000地號等1筆",
    "建築物使用類別":"住宿類建築"
    }
  },
  {
    "type": "Feature",
    "geometry": {
       "type": "Point",
       "coordinates":  [ 121.673539,25.075207 ]
    },
    "properties": {
    "#":540,
    "建築物名稱":"汐止郵局新建工程",
    "建築物概要":"地下3層，地上4層鋼筋混凝土構造辦公廳類建築",
    "認可版本":"2007年更新版",
    "認可等級":"黃金級",
    "rank":4,
    "有效期間":"2022年12月20日",
    "valid":"0",
    "認可類別":"標示",
    "設計人":"中華郵政股份有限公司資產營運處",
    "行政區":"新北市",
    "ditrict":"汐止區",
    "地號":"新北市汐止區保安段1168地號等4筆",
    "建築物使用類別":"辦公廳類建築"
    }
  },
  {
    "type": "Feature",
    "geometry": {
       "type": "Point",
       "coordinates":  [ 121.460162,24.988517 ]
    },
    "properties": {
    "#":541,
    "建築物名稱":"新北市政府消防局清水分隊新建工程",
    "建築物概要":"地下2層，地上6層鋼筋混凝土構造辦公廳類建築",
    "認可版本":"2012年版EEWH-BC",
    "認可等級":"合格級",
    "rank":1,
    "有效期間":"2022年12月11日",
    "valid":"0",
    "認可類別":"標示",
    "設計人":"吳旗清建築師事務所",
    "行政區":"新北市",
    "ditrict":"土城區",
    "地號":"新北市土城區安和段945-1地號等1筆",
    "建築物使用類別":"辦公廳類建築"
    }
  },
  {
    "type": "Feature",
    "geometry": {
       "type": "Point",
       "coordinates":  [ 121.47846,25.009914 ]
    },
    "properties": {
    "#":542,
    "建築物名稱":"中和民富段集合住宅案",
    "建築物概要":"地下5層，地上27層鋼骨鋼筋混凝土構造住宿類建築",
    "認可版本":"2012年版EEWH-RS",
    "認可等級":"銀級",
    "rank":3,
    "有效期間":"2022年12月10日",
    "valid":"0",
    "認可類別":"標示",
    "設計人":"劉學昇建築師事務所",
    "行政區":"新北市",
    "ditrict":"中和區",
    "地號":"新北市中和區民富段199地號等1筆",
    "建築物使用類別":"住宿類建築"
    }
  },
  {
    "type": "Feature",
    "geometry": {
       "type": "Point",
       "coordinates":  [ 121.423706,25.040404 ]
    },
    "properties": {
    "#":543,
    "建築物名稱":"都美建設新北市泰山區中山段A區住宅新建工程",
    "建築物概要":"地下2層，地上11層鋼筋混凝土構造住宿類建築",
    "認可版本":"2012年版EEWH-RS",
    "認可等級":"銀級",
    "rank":3,
    "有效期間":"2022年11月23日",
    "valid":"0",
    "認可類別":"標示",
    "設計人":"三門聯合建築師事務所",
    "行政區":"新北市",
    "ditrict":"泰山區",
    "地號":"新北市泰山區中山段39地號等7筆",
    "建築物使用類別":"住宿類建築"
    }
  },
  {
    "type": "Feature",
    "geometry": {
       "type": "Point",
       "coordinates":  [ 121.423297,25.040374 ]
    },
    "properties": {
    "#":544,
    "建築物名稱":"都美建設泰山區中山段(B案)集合住宅新建工程",
    "建築物概要":"地下2層，地上9層鋼筋混凝土構造住宿類建築",
    "認可版本":"2012年版EEWH-RS",
    "認可等級":"銀級",
    "rank":3,
    "有效期間":"2022年11月23日",
    "valid":"0",
    "認可類別":"標示",
    "設計人":"三門聯合建築師事務所",
    "行政區":"新北市",
    "ditrict":"泰山區",
    "地號":"新北市泰山區中山段53地號等1筆",
    "建築物使用類別":"住宿類建築"
    }
  },
  {
    "type": "Feature",
    "geometry": {
       "type": "Point",
       "coordinates":  [ 121.542401,24.96902 ]
    },
    "properties": {
    "#":545,
    "建築物名稱":"新店分隊新建工程",
    "建築物概要":"地下2層，地上8層鋼筋混凝土構造辦公廳類建築",
    "認可版本":"2009年版",
    "認可等級":"黃金級",
    "rank":4,
    "有效期間":"2022年11月23日",
    "valid":"0",
    "認可類別":"標示",
    "設計人":"劉漢卿建築師事務所",
    "行政區":"新北市",
    "ditrict":"新店區",
    "地號":"新北市新店區行政段887地號等3筆",
    "建築物使用類別":"辦公廳類建築"
    }
  },
  {
    "type": "Feature",
    "geometry": {
       "type": "Point",
       "coordinates":  [ 121.486044,25.017541 ]
    },
    "properties": {
    "#":546,
    "建築物名稱":"水量調度幹管及光復抽水加壓站(第一階段)工程光復抽水加壓站機房建物及機電設備",
    "建築物概要":"地上4層鋼筋混凝土構造大型空間類建築",
    "認可版本":"2012年版EEWH-BC",
    "認可等級":"合格級",
    "rank":1,
    "有效期間":"2022年11月22日",
    "valid":"0",
    "認可類別":"標示",
    "設計人":"施光文建築師事務所",
    "行政區":"新北市",
    "ditrict":"板橋區",
    "地號":"新北市板橋區埔墘段291-8地號等3筆",
    "建築物使用類別":"大型空間類建築"
    }
  },
  {
    "type": "Feature",
    "geometry": {
       "type": "Point",
       "coordinates":  [ 121.501147,25.001602 ]
    },
    "properties": {
    "#":548,
    "建築物名稱":"中和區廟美段集合住宅新建工程案",
    "建築物概要":"地下2層，地上14層鋼筋混凝土構造住宿類建築",
    "認可版本":"2012年版EEWH-RS",
    "認可等級":"銀級",
    "rank":3,
    "有效期間":"2022年11月12日",
    "valid":"0",
    "認可類別":"標示",
    "設計人":"王志祥建築師事務所",
    "行政區":"新北市",
    "ditrict":"中和區",
    "地號":"新北市中和區廟美段812地號等1筆",
    "建築物使用類別":"住宿類建築"
    }
  },
  {
    "type": "Feature",
    "geometry": {
       "type": "Point",
       "coordinates":  [ 121.48086,25.075223 ]
    },
    "properties": {
    "#":549,
    "建築物名稱":"新北市三重區永安段1954等1筆地號住宅新建工程",
    "建築物概要":"地下3層，地上12層鋼筋混凝土構造住宿類建築",
    "認可版本":"2009年版",
    "認可等級":"銀級",
    "rank":3,
    "有效期間":"2022年11月8日",
    "valid":"0",
    "認可類別":"標示",
    "設計人":"陳聖中建築師事務所",
    "行政區":"新北市",
    "ditrict":"三重區",
    "地號":"新北市三重區永安段1954地號等1筆",
    "建築物使用類別":"住宿類建築"
    }
  },
  {
    "type": "Feature",
    "geometry": {
       "type": "Point",
       "coordinates":  [ 121.413891,25.048693 ]
    },
    "properties": {
    "#":550,
    "建築物名稱":"南亞科技三A廠北棟新建工程",
    "建築物概要":"地下1層，地上10層鋼筋混凝土構造，鋼構造大型空間類建築",
    "認可版本":"2012年版EEWH-GF",
    "認可等級":"銀級",
    "rank":3,
    "有效期間":"2022年11月5日",
    "valid":"0",
    "認可類別":"標示",
    "設計人":"宗邁建築師事務所",
    "行政區":"新北市",
    "ditrict":"泰山區",
    "地號":"新北市泰山區南林段92-3地號等11筆",
    "建築物使用類別":"大型空間類建築"
    }
  },
  {
    "type": "Feature",
    "geometry": {
       "type": "Point",
       "coordinates":  [ 121.498554,25.05781 ]
    },
    "properties": {
    "#":551,
    "建築物名稱":"臺億建經三重區大同南段1401地號等1筆土地青年住宅新建工程",
    "建築物概要":"地下3層，地上12層鋼筋混凝土構造住宿類建築",
    "認可版本":"2012年版EEWH-RS",
    "認可等級":"黃金級",
    "rank":4,
    "有效期間":"2022年10月19日",
    "valid":"0",
    "認可類別":"標示",
    "設計人":"陳廷杰建築師事務所",
    "行政區":"新北市",
    "ditrict":"三重區",
    "地號":"新北市三重區大同南段1401地號等1筆(部分使用)",
    "建築物使用類別":"住宿類建築"
    }
  },
  {
    "type": "Feature",
    "geometry": {
       "type": "Point",
       "coordinates":  [ 121.660266,25.068129 ]
    },
    "properties": {
    "#":552,
    "建築物名稱":"新北市政府警察局汐止分局暨汐止派出所與交通分隊新建工程",
    "建築物概要":"地下2層，地上8層鋼筋混凝土構造辦公廳及住宿類建築",
    "認可版本":"2012年版EEWH-BC",
    "認可等級":"合格級",
    "rank":1,
    "有效期間":"2022年10月17日",
    "valid":"0",
    "認可類別":"標示",
    "設計人":"蕭力仁建築師事務所",
    "行政區":"新北市",
    "ditrict":"汐止區",
    "地號":"新北市汐止區中正段895地號等10筆",
    "建築物使用類別":"辦公廳類建築"
    }
  },
  {
    "type": "Feature",
    "geometry": {
       "type": "Point",
       "coordinates":  [ 121.482659,25.077707 ]
    },
    "properties": {
    "#":553,
    "建築物名稱":"三重區力行地下停車場新建統包工程",
    "建築物概要":"地下3層，地上1層鋼筋混凝土構造其他類建築",
    "認可版本":"2015年版EEWH-BC",
    "認可等級":"黃金級",
    "rank":4,
    "有效期間":"2022年10月11日",
    "valid":"0",
    "認可類別":"標示",
    "設計人":"高世銘建築師事務所",
    "行政區":"新北市",
    "ditrict":"三重區",
    "地號":"新北市三重區永安段808地號等2筆",
    "建築物使用類別":"其他類建築"
    }
  },
  {
    "type": "Feature",
    "geometry": {
       "type": "Point",
       "coordinates":  [ 121.377917,24.943983 ]
    },
    "properties": {
    "#":554,
    "建築物名稱":"臺北大學社區特定區計畫綜合行政大樓新建工程",
    "建築物概要":"地下1層，地上4層鋼筋混凝土構造辦公廳及大型空間類建築",
    "認可版本":"2012年版EEWH-BC",
    "認可等級":"鑽石級",
    "rank":5,
    "有效期間":"2022年10月5日",
    "valid":"0",
    "認可類別":"標示",
    "設計人":"盧俊廷建築師事務所",
    "行政區":"新北市",
    "ditrict":"三峽區",
    "地號":"新北市三峽區大學段一小段147地號等1筆",
    "建築物使用類別":"辦公廳類建築"
    }
  },
  {
    "type": "Feature",
    "geometry": {
       "type": "Point",
       "coordinates":  [ 121.383987,25.164646 ]
    },
    "properties": {
    "#":555,
    "建築物名稱":"台北港北五碼頭倉庫新建工程",
    "建築物概要":"地上3層輕鋼架構造辦公廳及大型空間類建築",
    "認可版本":"2015年版EEWH-BC",
    "認可等級":"銀級",
    "rank":3,
    "有效期間":"2022年9月27日",
    "valid":"0",
    "認可類別":"標示",
    "設計人":"周劍平建築師事務所",
    "行政區":"新北市",
    "ditrict":"八里區",
    "地號":"新北市八里區小八里坌段中小段324地號等1筆(部份使用)",
    "建築物使用類別":"大型空間類建築"
    }
  },
  {
    "type": "Feature",
    "geometry": {
       "type": "Point",
       "coordinates":  [ 121.518502,24.990693 ]
    },
    "properties": {
    "#":556,
    "建築物名稱":"新北市青年住宅店舖、集合住宅新建工程(中和秀峰段)",
    "建築物概要":"地下3層，地上15層鋼筋混凝土構造住宿、學校及大型空間類建築",
    "認可版本":"2012年版EEWH-RS",
    "認可等級":"黃金級",
    "rank":4,
    "有效期間":"2022年9月26日",
    "valid":"0",
    "認可類別":"標示",
    "設計人":"吳昌成聯合建築師事務所",
    "行政區":"新北市",
    "ditrict":"中和區",
    "地號":"新北市中和區秀峰段180地號等1筆(部分使用)",
    "建築物使用類別":"住宿類建築"
    }
  },
  {
    "type": "Feature",
    "geometry": {
       "type": "Point",
       "coordinates":  [ 121.47794,24.999294 ]
    },
    "properties": {
    "#":557,
    "建築物名稱":"新北市中和區民利段400、401、423、424、425、426、427、428、455、456、402等11筆地號新建工程",
    "建築物概要":"地下4層，地上21層鋼筋混凝土構造住宿類建築",
    "認可版本":"2012年版EEWH-RS",
    "認可等級":"黃金級",
    "rank":4,
    "有效期間":"2022年9月21日",
    "valid":"0",
    "認可類別":"標示",
    "設計人":"宏達建築師事務所",
    "行政區":"新北市",
    "ditrict":"中和區",
    "地號":"新北市中和區民利段400地號等11筆",
    "建築物使用類別":"住宿類建築"
    }
  },
  {
    "type": "Feature",
    "geometry": {
       "type": "Point",
       "coordinates":  [ 121.482131,24.99904 ]
    },
    "properties": {
    "#":558,
    "建築物名稱":"新北市中和區積穗國民小學老舊校舍改建暨共構地下停車場第1期興建工程",
    "建築物概要":"地下2層，地上5層鋼筋混凝土構造學校類建築",
    "認可版本":"2012年版EEWH-BC",
    "認可等級":"銅級",
    "rank":2,
    "有效期間":"2022年9月18日",
    "valid":"0",
    "認可類別":"標示",
    "設計人":"楊天柱建築師事務所",
    "行政區":"新北市",
    "ditrict":"中和區",
    "地號":"新北市中和區信和段601-1地號等7筆",
    "建築物使用類別":"學校類建築"
    }
  },
  {
    "type": "Feature",
    "geometry": {
       "type": "Point",
       "coordinates":  [ 121.542408,24.969345 ]
    },
    "properties": {
    "#":559,
    "建築物名稱":"鑫洋建設新店市行政段集合住宅新建工程",
    "建築物概要":"地下6層，地上26層鋼骨鋼筋混凝土構造住宿類建築",
    "認可版本":"2009年版",
    "認可等級":"銀級",
    "rank":3,
    "有效期間":"2022年8月21日",
    "valid":"0",
    "認可類別":"標示",
    "設計人":"謝賜賢建築師事務所",
    "行政區":"新北市",
    "ditrict":"新店區",
    "地號":"新北市新店區行政段885-0000地號等1筆",
    "建築物使用類別":"住宿類建築"
    }
  },
  {
    "type": "Feature",
    "geometry": {
       "type": "Point",
       "coordinates":  [ 121.501394,25.064828 ]
    },
    "properties": {
    "#":560,
    "建築物名稱":"晶鑽建設三重區中央北路集合住宅新建工程",
    "建築物概要":"地下4層，地上15層鋼筋混凝土構造住宿類建築",
    "認可版本":"2009年版",
    "認可等級":"銀級",
    "rank":3,
    "有效期間":"2022年8月13日",
    "valid":"0",
    "認可類別":"標示",
    "設計人":"許偉鈞建築師事務所",
    "行政區":"新北市",
    "ditrict":"三重區",
    "地號":"新北市三重區福德北段1052地號等2筆",
    "建築物使用類別":"住宿類建築"
    }
  },
  {
    "type": "Feature",
    "geometry": {
       "type": "Point",
       "coordinates":  [ 121.463656,25.01132 ]
    },
    "properties": {
    "#":561,
    "建築物名稱":"新光板橋區新板段三小段18-1地號土地辦公大樓新建工程",
    "建築物概要":"地下5層，地上17層鋼骨構造辦公廳及旅館餐飲類建築",
    "認可版本":"2012年版EEWH-BC",
    "認可等級":"鑽石級",
    "rank":5,
    "有效期間":"2022年8月13日",
    "valid":"0",
    "認可類別":"標示",
    "設計人":"李祖原聯合建築師事務所",
    "行政區":"新北市",
    "ditrict":"板橋區",
    "地號":"新北市板橋區新板段三小段18-1地號等1筆",
    "建築物使用類別":"辦公廳類建築"
    }
  },
  {
    "type": "Feature",
    "geometry": {
       "type": "Point",
       "coordinates":  [ 121.461441,25.092832 ]
    },
    "properties": {
    "#":562,
    "建築物名稱":"蘆洲分隊新建工程",
    "建築物概要":"地下2層，地上9層鋼筋混凝土構造辦公廳及大型空間類建築",
    "認可版本":"2009年版",
    "認可等級":"銅級",
    "rank":2,
    "有效期間":"2022年8月6日",
    "valid":"0",
    "認可類別":"標示",
    "設計人":"楊志宏建築師事務所",
    "行政區":"新北市",
    "ditrict":"蘆洲區",
    "地號":"新北市蘆洲區正義段0035地號等2筆",
    "建築物使用類別":"辦公廳類建築"
    }
  },
  {
    "type": "Feature",
    "geometry": {
       "type": "Point",
       "coordinates":  [ 121.423318,24.975903 ]
    },
    "properties": {
    "#":563,
    "建築物名稱":"樹林中隊暨分隊新建工程",
    "建築物概要":"地下1層，地上5層鋼筋混凝土構造辦公廳類建築",
    "認可版本":"2012年版EEWH-BC",
    "認可等級":"銅級",
    "rank":2,
    "有效期間":"2022年8月3日",
    "valid":"0",
    "認可類別":"標示",
    "設計人":"楊志宏建築師事務所",
    "行政區":"新北市",
    "ditrict":"樹林區",
    "地號":"新北市樹林區慈恩段573-18地號等3筆",
    "建築物使用類別":"辦公廳類建築"
    }
  },
  {
    "type": "Feature",
    "geometry": {
       "type": "Point",
       "coordinates":  [ 121.463078,25.152417 ]
    },
    "properties": {
    "#":564,
    "建築物名稱":"合眾建經水仙段集合住宅新建工程",
    "建築物概要":"地下4層，地上14層鋼筋混凝土構造住宿及其他類建築",
    "認可版本":"2012年版EEWH-RS",
    "認可等級":"銀級",
    "rank":3,
    "有效期間":"2022年7月27日",
    "valid":"0",
    "認可類別":"標示",
    "設計人":"郭旭原建築師事務所",
    "行政區":"新北市",
    "ditrict":"淡水區",
    "地號":"新北市淡水區水仙段29地號等1筆",
    "建築物使用類別":"住宿類建築"
    }
  },
  {
    "type": "Feature",
    "geometry": {
       "type": "Point",
       "coordinates":  [ 121.505367,24.931982 ]
    },
    "properties": {
    "#":565,
    "建築物名稱":"大台北華城莫札特社區南區(第6區)",
    "建築物概要":"地下1層，地上3層鋼骨鋼筋混凝土構造大型空間類建築",
    "認可版本":"2009年版",
    "認可等級":"銅級",
    "rank":2,
    "有效期間":"2022年7月27日",
    "valid":"0",
    "認可類別":"標示",
    "設計人":"元宏聯合建築師事務所",
    "行政區":"新北市",
    "ditrict":"新店區",
    "地號":"新北市新店區華城二段60-101地號等4筆",
    "建築物使用類別":"大型空間類建築"
    }
  },
  {
    "type": "Feature",
    "geometry": {
       "type": "Point",
       "coordinates":  [ 121.450133,25.032154 ]
    },
    "properties": {
    "#":566,
    "建築物名稱":"雄裕建設-新莊區榮和段集合住宅新建工程",
    "建築物概要":"地下3層，地上14層鋼筋混凝土構造住宿類建築",
    "認可版本":"2009年版",
    "認可等級":"銀級",
    "rank":3,
    "有效期間":"2022年7月26日",
    "valid":"0",
    "認可類別":"標示",
    "設計人":"呂建勳建築師事務所",
    "行政區":"新北市",
    "ditrict":"新莊區",
    "地號":"新北市新莊區榮和段618地號等3筆",
    "建築物使用類別":"住宿類建築"
    }
  },
  {
    "type": "Feature",
    "geometry": {
       "type": "Point",
       "coordinates":  [ 121.446715,25.054689 ]
    },
    "properties": {
    "#":568,
    "建築物名稱":"新北市政府消防局中港分隊廳舍遷建工程",
    "建築物概要":"地下1層，地上4層鋼筋混凝土構造辦公廳類建築",
    "認可版本":"2007年更新版",
    "認可等級":"合格級",
    "rank":1,
    "有效期間":"2022年7月20日",
    "valid":"0",
    "認可類別":"標示",
    "設計人":"蔡忠孝建築師事務所",
    "行政區":"新北市",
    "ditrict":"新莊區",
    "地號":"新北市新莊區副都心段一小段369地號等1筆",
    "建築物使用類別":"辦公廳類建築"
    }
  },
  {
    "type": "Feature",
    "geometry": {
       "type": "Point",
       "coordinates":  [ 121.377484,24.939168 ]
    },
    "properties": {
    "#":569,
    "建築物名稱":"三峽北大安置住宅新建統包工程",
    "建築物概要":"地下2層，地上14層鋼筋混凝土構造辦公廳及住宿類建築",
    "認可版本":"2012年版EEWH-RS",
    "認可等級":"銀級",
    "rank":3,
    "有效期間":"2022年7月11日",
    "valid":"0",
    "認可類別":"標示",
    "設計人":"大宇建築師事務所",
    "行政區":"新北市",
    "ditrict":"三峽區",
    "地號":"新北市三峽區大學段一小段187-1地號等1筆",
    "建築物使用類別":"住宿類建築"
    }
  },
  {
    "type": "Feature",
    "geometry": {
       "type": "Point",
       "coordinates":  [ 121.433228,24.999585 ]
    },
    "properties": {
    "#":570,
    "建築物名稱":"中德建設大豐住B區店鋪、集合住宅拾參層新建工程",
    "建築物概要":"地下3層，地上13層鋼筋混凝土構造住宿類建築",
    "認可版本":"2012年版EEWH-RS",
    "認可等級":"銀級",
    "rank":3,
    "有效期間":"2022年6月29日",
    "valid":"0",
    "認可類別":"標示",
    "設計人":"秦境建築師事務所",
    "行政區":"新北市",
    "ditrict":"板橋區",
    "地號":"新北市板橋區大豐段1地號等1筆",
    "建築物使用類別":"住宿類建築"
    }
  },
  {
    "type": "Feature",
    "geometry": {
       "type": "Point",
       "coordinates":  [ 121.487161,25.012861 ]
    },
    "properties": {
    "#":571,
    "建築物名稱":"遠雄建設左岸牡丹園住宅大樓新建工程",
    "建築物概要":"地下2層，地上23層鋼筋混凝土構造住宿類建築",
    "認可版本":"2012年版EEWH-RS",
    "認可等級":"銀級",
    "rank":3,
    "有效期間":"2022年6月25日",
    "valid":"0",
    "認可類別":"標示",
    "設計人":"李祖原聯合建築師事務所",
    "行政區":"新北市",
    "ditrict":"中和區",
    "地號":"新北市中和區華中段52地號等1筆",
    "建築物使用類別":"住宿類建築"
    }
  },
  {
    "type": "Feature",
    "geometry": {
       "type": "Point",
       "coordinates":  [ 121.471835,25.011455 ]
    },
    "properties": {
    "#":572,
    "建築物名稱":"新北市立海山高級中學新建校舍第一期工程",
    "建築物概要":"地下1層，地上6層鋼筋混凝土構造學校類建築",
    "認可版本":"2009年版",
    "認可等級":"銅級",
    "rank":2,
    "有效期間":"2022年6月22日",
    "valid":"0",
    "認可類別":"標示",
    "設計人":"謝偉杰建築師事務所",
    "行政區":"新北市",
    "ditrict":"板橋區",
    "地號":"新北市板橋區中山段483-2地號等17筆",
    "建築物使用類別":"學校類建築"
    }
  },
  {
    "type": "Feature",
    "geometry": {
       "type": "Point",
       "coordinates":  [ 121.496678,25.055309 ]
    },
    "properties": {
    "#":573,
    "建築物名稱":"日翔租賃興業三重大安段青年住宅新建工程",
    "建築物概要":"地下3層，地上14層鋼筋混凝土構造住宿類建築",
    "認可版本":"2012年版EEWH-RS",
    "認可等級":"黃金級",
    "rank":4,
    "有效期間":"2022年6月15日",
    "valid":"0",
    "認可類別":"標示",
    "設計人":"吳毓廷建築師事務所",
    "行政區":"新北市",
    "ditrict":"三重區",
    "地號":"新北市三重區大安段892-0地號等10筆",
    "建築物使用類別":"住宿類建築"
    }
  },
  {
    "type": "Feature",
    "geometry": {
       "type": "Point",
       "coordinates":  [ 121.477752,25.026759 ]
    },
    "properties": {
    "#":574,
    "建築物名稱":"福匯建設板橋區江子翠段第一崁小段集合住宅新建工程",
    "建築物概要":"地下3層，地上12層鋼筋混凝土構造辦公廳及住宿類建築",
    "認可版本":"2012年版EEWH-RS",
    "認可等級":"銀級",
    "rank":3,
    "有效期間":"2022年5月24日",
    "valid":"0",
    "認可類別":"標示",
    "設計人":"張玉樹建築師事務所",
    "行政區":"新北市",
    "ditrict":"板橋區",
    "地號":"新北市板橋區江子翠段第一崁小段36-1地號等1筆",
    "建築物使用類別":"住宿類建築"
    }
  },
  {
    "type": "Feature",
    "geometry": {
       "type": "Point",
       "coordinates":  [ 121.443355,25.033615 ]
    },
    "properties": {
    "#":575,
    "建築物名稱":"永陞建設新莊忠孝段集合住宅新建工程",
    "建築物概要":"地下5層，地上15層鋼筋混凝土構造住宿類建築",
    "認可版本":"2009年版",
    "認可等級":"銀級",
    "rank":3,
    "有效期間":"2022年5月23日",
    "valid":"0",
    "認可類別":"標示",
    "設計人":"呂建勳建築師事務所",
    "行政區":"新北市",
    "ditrict":"新莊區",
    "地號":"新北市新莊區忠孝段904地號等1筆",
    "建築物使用類別":"住宿類建築"
    }
  },
  {
    "type": "Feature",
    "geometry": {
       "type": "Point",
       "coordinates":  [ 121.524633,25.003231 ]
    },
    "properties": {
    "#":576,
    "建築物名稱":"新北市永和區國民運動中心新建工程",
    "建築物概要":"地下3層，地上7層鋼筋混凝土、鋼骨及鋼骨鋼筋混凝土構造大型空間類建築",
    "認可版本":"2012年版EEWH-BC",
    "認可等級":"黃金級",
    "rank":4,
    "有效期間":"2022年5月16日",
    "valid":"0",
    "認可類別":"標示",
    "設計人":"華興聯合建築師事務所",
    "行政區":"新北市",
    "ditrict":"永和區",
    "地號":"新北市永和區林森段456-8地號等1筆",
    "建築物使用類別":"大型空間類建築"
    }
  },
  {
    "type": "Feature",
    "geometry": {
       "type": "Point",
       "coordinates":  [ 121.421124,25.007516 ]
    },
    "properties": {
    "#":577,
    "建築物名稱":"新北市政府消防局樹潭分隊新建工程",
    "建築物概要":"地下1層，地上8層鋼筋混凝土構造辦公廳及住宿類建築",
    "認可版本":"2009年版",
    "認可等級":"合格級",
    "rank":1,
    "有效期間":"2022年5月14日",
    "valid":"0",
    "認可類別":"標示",
    "設計人":"吳旗清建築師事務所",
    "行政區":"新北市",
    "ditrict":"樹林區",
    "地號":"新北市樹林區圳民段712地號等2筆",
    "建築物使用類別":"辦公廳類建築"
    }
  },
  {
    "type": "Feature",
    "geometry": {
       "type": "Point",
       "coordinates":  [ 121.498033,25.057705 ]
    },
    "properties": {
    "#":578,
    "建築物名稱":"日翔三重區大同南段1392地號等四筆青年住宅新建工程",
    "建築物概要":"地下3層，地上11層鋼筋混凝土構造住宿類建築",
    "認可版本":"2012年版EEWH-RS",
    "認可等級":"黃金級",
    "rank":4,
    "有效期間":"2022年5月3日",
    "valid":"0",
    "認可類別":"標示",
    "設計人":"陳廷杰建築師事務所",
    "行政區":"新北市",
    "ditrict":"三重區",
    "地號":"新北市三重區大同南段1392地號等4筆",
    "建築物使用類別":"住宿類建築"
    }
  },
  {
    "type": "Feature",
    "geometry": {
       "type": "Point",
       "coordinates":  [ 121.412762,24.984121 ]
    },
    "properties": {
    "#":579,
    "建築物名稱":"新北市樹林區東昇段集合住宅新建工程",
    "建築物概要":"地下3層，地上12層鋼筋混凝土構造住宿類建築",
    "認可版本":"2012年版EEWH-RS",
    "認可等級":"銀級",
    "rank":3,
    "有效期間":"2022年5月2日",
    "valid":"0",
    "認可類別":"標示",
    "設計人":"昌瑜建築師事務所",
    "行政區":"新北市",
    "ditrict":"樹林區",
    "地號":"新北市樹林區東昇段584地號等1筆",
    "建築物使用類別":"住宿類建築"
    }
  },
  {
    "type": "Feature",
    "geometry": {
       "type": "Point",
       "coordinates":  [ 121.533718,24.991024 ]
    },
    "properties": {
    "#":581,
    "建築物名稱":"新北市新店區莊敬段198-0地號等1筆土地集合住宅新建工程",
    "建築物概要":"地下4層，地上14層鋼筋混凝土構造住宿類建築",
    "認可版本":"2012年版EEWH-RS",
    "認可等級":"銀級",
    "rank":3,
    "有效期間":"2022年4月13日",
    "valid":"0",
    "認可類別":"標示",
    "設計人":"瓏山林聯合建築師事務所、台北國際聯合建築師事務所",
    "行政區":"新北市",
    "ditrict":"新店區",
    "地號":"新北市新店區莊敬段198-0地號等1筆",
    "建築物使用類別":"住宿類建築"
    }
  },
  {
    "type": "Feature",
    "geometry": {
       "type": "Point",
       "coordinates":  [ 121.47364,25.010878 ]
    },
    "properties": {
    "#":582,
    "建築物名稱":"新北市板橋區海山段1800-0000等1筆地號住宅新建工程",
    "建築物概要":"地下3層，地上15層鋼筋混凝土構造住宿類建築",
    "認可版本":"2012年版EEWH-RS",
    "認可等級":"銀級",
    "rank":3,
    "有效期間":"2022年4月10日",
    "valid":"0",
    "認可類別":"標示",
    "設計人":"游素秋建築師事務所",
    "行政區":"新北市",
    "ditrict":"板橋區",
    "地號":"新北市板橋區海山段1800-0000地號等1筆",
    "建築物使用類別":"住宿類建築"
    }
  },
  {
    "type": "Feature",
    "geometry": {
       "type": "Point",
       "coordinates":  [ 121.472706,25.081902 ]
    },
    "properties": {
    "#":583,
    "建築物名稱":"新北市政府警察局蘆洲分局第二辦公室蘆洲派出所及交通分隊新建工程",
    "建築物概要":"地下2層，地上7層鋼筋混凝土構造辦公廳及住宿類建築",
    "認可版本":"2009年版",
    "認可等級":"合格級",
    "rank":1,
    "有效期間":"2022年4月10日",
    "valid":"0",
    "認可類別":"標示",
    "設計人":"蕭力仁建築師事務所",
    "行政區":"新北市",
    "ditrict":"蘆洲區",
    "地號":"新北市蘆洲區成功段0596-0000地號等5筆",
    "建築物使用類別":"辦公廳類建築"
    }
  },
  {
    "type": "Feature",
    "geometry": {
       "type": "Point",
       "coordinates":  [ 121.48048,25.022596 ]
    },
    "properties": {
    "#":584,
    "建築物名稱":"新北市板橋區港子嘴段工業廠庫新建工程",
    "建築物概要":"地下3層，地上18層鋼筋混凝土構造大型空間類建築",
    "認可版本":"2009年版",
    "認可等級":"銀級",
    "rank":3,
    "有效期間":"2022年3月30日",
    "valid":"0",
    "認可類別":"標示",
    "設計人":"李兆嘉建築師事務所",
    "行政區":"新北市",
    "ditrict":"板橋區",
    "地號":"新北市板橋區港子嘴段190-5地號等1筆",
    "建築物使用類別":"大型空間類建築"
    }
  },
  {
    "type": "Feature",
    "geometry": {
       "type": "Point",
       "coordinates":  [ 121.463,25.054201 ]
    },
    "properties": {
    "#":585,
    "建築物名稱":"特麗建設新莊中原段186地號",
    "建築物概要":"地下4層，地上12層鋼筋混凝土構造住宿類建築",
    "認可版本":"2009年版",
    "認可等級":"銅級",
    "rank":2,
    "有效期間":"2022年3月30日",
    "valid":"0",
    "認可類別":"標示",
    "設計人":"邱垂睿建築師事務所",
    "行政區":"新北市",
    "ditrict":"新莊區",
    "地號":"新北市新莊區中原段186地號等1筆",
    "建築物使用類別":"住宿類建築"
    }
  },
  {
    "type": "Feature",
    "geometry": {
       "type": "Point",
       "coordinates":  [ 121.462693,25.054187 ]
    },
    "properties": {
    "#":586,
    "建築物名稱":"特麗建設新莊中原段191地號",
    "建築物概要":"地下3層，地上11層鋼筋混凝土構造住宿類建築",
    "認可版本":"2009年版",
    "認可等級":"銅級",
    "rank":2,
    "有效期間":"2022年3月30日",
    "valid":"0",
    "認可類別":"標示",
    "設計人":"邱垂睿建築師事務所",
    "行政區":"新北市",
    "ditrict":"新莊區",
    "地號":"新北市新莊區中原段191地號等1筆",
    "建築物使用類別":"住宿類建築"
    }
  },
  {
    "type": "Feature",
    "geometry": {
       "type": "Point",
       "coordinates":  [ 121.656744,25.065335 ]
    },
    "properties": {
    "#":587,
    "建築物名稱":"汐止國民運動中心新建工程",
    "建築物概要":"地上8層鋼筋混凝土、鋼骨鋼筋混凝土及鋼骨構造大型空間類建築",
    "認可版本":"2012年版EEWH-BC",
    "認可等級":"銀級",
    "rank":3,
    "有效期間":"2022年3月29日",
    "valid":"0",
    "認可類別":"標示",
    "設計人":"陳章安建築師事務所",
    "行政區":"新北市",
    "ditrict":"汐止區",
    "地號":"新北市汐止區智興段375地號等18筆",
    "建築物使用類別":"大型空間類建築"
    }
  },
  {
    "type": "Feature",
    "geometry": {
       "type": "Point",
       "coordinates":  [ 121.459882,25.009857 ]
    },
    "properties": {
    "#":588,
    "建築物名稱":"築苑建設板橋區府中段集合住宅新建工程",
    "建築物概要":"地下3層，地上13層鋼筋混凝土構造住宿類建築",
    "認可版本":"2009年版",
    "認可等級":"黃金級",
    "rank":4,
    "有效期間":"2022年3月28日",
    "valid":"0",
    "認可類別":"標示",
    "設計人":"李文勝建築師事務所",
    "行政區":"新北市",
    "ditrict":"板橋區",
    "地號":"新北市板橋區府中段553地號等1筆",
    "建築物使用類別":"住宿類建築"
    }
  },
  {
    "type": "Feature",
    "geometry": {
       "type": "Point",
       "coordinates":  [ 121.41379,25.027554 ]
    },
    "properties": {
    "#":589,
    "建築物名稱":"君泰建設新莊區丹鳳段北基地住宅大樓新建工程",
    "建築物概要":"地下5層，地上21層鋼筋混凝土構造住宿類建築",
    "認可版本":"2009年版",
    "認可等級":"銀級",
    "rank":3,
    "有效期間":"2022年3月26日",
    "valid":"0",
    "認可類別":"標示",
    "設計人":"三門聯合建築師事務所",
    "行政區":"新北市",
    "ditrict":"新莊區",
    "地號":"新北市新莊 區丹鳳段446地號等1筆",
    "建築物使用類別":"住宿類建築"
    }
  },
  {
    "type": "Feature",
    "geometry": {
       "type": "Point",
       "coordinates":  [ 121.773835,25.09607 ]
    },
    "properties": {
    "#":590,
    "建築物名稱":"永聯瑞芳工商綜合區B7區物流倉儲廠房新建工程",
    "建築物概要":"地上4層鋼骨構造大型空間類建築",
    "認可版本":"2012年版EEWH-BC",
    "認可等級":"銀級",
    "rank":3,
    "有效期間":"2022年3月21日",
    "valid":"0",
    "認可類別":"標示",
    "設計人":"張哲夫建築師事務所",
    "行政區":"新北市",
    "ditrict":"瑞芳區",
    "地號":"新北市瑞芳區四腳亭段楓子瀨小段128地號等1筆",
    "建築物使用類別":"大型空間類建築"
    }
  },
  {
    "type": "Feature",
    "geometry": {
       "type": "Point",
       "coordinates":  [ 121.444693,25.00625 ]
    },
    "properties": {
    "#":591,
    "建築物名稱":"馥華原鄉集合住宅新建工程",
    "建築物概要":"地下3層，地上22層鋼筋混凝土構造住宿類建築",
    "認可版本":"2009年版",
    "認可等級":"黃金級",
    "rank":4,
    "有效期間":"2022年3月16日",
    "valid":"0",
    "認可類別":"標示",
    "設計人":"三門聯合建築師事務所",
    "行政區":"新北市",
    "ditrict":"板橋區",
    "地號":"新北市板橋區大觀段836地號等1筆",
    "建築物使用類別":"住宿類建築"
    }
  },
  {
    "type": "Feature",
    "geometry": {
       "type": "Point",
       "coordinates":  [ 121.515187,25.004415 ]
    },
    "properties": {
    "#":593,
    "建築物名稱":"冠輝建設永和區永安段集合住宅新建工程",
    "建築物概要":"地下2層，地上7層鋼筋混凝土構造住宿類建築",
    "認可版本":"2012年版EEWH-RS",
    "認可等級":"銀級",
    "rank":3,
    "有效期間":"2022年3月6日",
    "valid":"0",
    "認可類別":"標示",
    "設計人":"王志祥建築師事務所",
    "行政區":"新北市",
    "ditrict":"永和區",
    "地號":"新北市永和區永安段756地號等2筆",
    "建築物使用類別":"住宿類建築"
    }
  },
  {
    "type": "Feature",
    "geometry": {
       "type": "Point",
       "coordinates":  [ 121.660266,25.068129 ]
    },
    "properties": {
    "#":594,
    "建築物名稱":"新北市政府警察局汐止分局暨汐止派出所與交通分隊新建工程",
    "建築物概要":"地下2層，地上8層鋼筋混凝土構造辦公廳及住宿類建築",
    "認可版本":"2012年版EEWH-BC",
    "認可等級":"合格級",
    "rank":1,
    "有效期間":"2022年2月15日",
    "valid":"0",
    "認可類別":"標示",
    "設計人":"蕭力仁建築師事務所",
    "行政區":"新北市",
    "ditrict":"汐止區",
    "地號":"新北市汐止區中正段895地號等10筆",
    "建築物使用類別":"辦公廳類建築"
    }
  },
  {
    "type": "Feature",
    "geometry": {
       "type": "Point",
       "coordinates":  [ 121.358201,25.075463 ]
    },
    "properties": {
    "#":595,
    "建築物名稱":"新北市林口區南勢國民小學校舍新建第二期工程",
    "建築物概要":"地下1層，地上4層鋼筋混凝土構造學校類建築",
    "認可版本":"2009年版",
    "認可等級":"銀級",
    "rank":3,
    "有效期間":"2022年2月14日",
    "valid":"0",
    "認可類別":"標示",
    "設計人":"謝偉杰建築師事務所",
    "行政區":"新北市",
    "ditrict":"林口區",
    "地號":"新北市林口區建林段943-0000地號等3筆",
    "建築物使用類別":"學校類建築"
    }
  },
  {
    "type": "Feature",
    "geometry": {
       "type": "Point",
       "coordinates":  [ 121.452437,25.127565 ]
    },
    "properties": {
    "#":597,
    "建築物名稱":"白天鵝建設八里大八里坌段集合住宅新建工程",
    "建築物概要":"地下3層，地上20層鋼筋混凝土構造住宿類建築",
    "認可版本":"2009年版",
    "認可等級":"黃金級",
    "rank":4,
    "有效期間":"2022年2月7日",
    "valid":"0",
    "認可類別":"標示",
    "設計人":"陳廷杰建築師事務所",
    "行政區":"新北市",
    "ditrict":"八里區",
    "地號":"新北市八里區龍米段2418地號等1筆",
    "建築物使用類別":"住宿類建築"
    }
  },
  {
    "type": "Feature",
    "geometry": {
       "type": "Point",
       "coordinates":  [ 121.444593,25.001158 ]
    },
    "properties": {
    "#":601,
    "建築物名稱":"國軍退除役官兵輔導委員會板橋榮譽國民之家家區總體營造工程",
    "建築物概要":"地下1層，地上5層鋼筋混凝土構造醫院類及住宿類建築",
    "認可版本":"2009年版",
    "認可等級":"黃金級",
    "rank":4,
    "有效期間":"2022年1月10日",
    "valid":"0",
    "認可類別":"標示",
    "設計人":"林和慶建築師事務所",
    "行政區":"新北市",
    "ditrict":"板橋區",
    "地號":"新北市板橋區龍安段112-2地號等7筆",
    "建築物使用類別":"住宿類建築"
    }
  },
  {
    "type": "Feature",
    "geometry": {
       "type": "Point",
       "coordinates":  [ 121.485608,25.062604 ]
    },
    "properties": {
    "#":602,
    "建築物名稱":"恆合建設三重田安段集合住宅新建工程",
    "建築物概要":"地下4層，地上15層鋼筋混凝土構造辦公廳及住宿類建築",
    "認可版本":"2012年版EEWH-RS",
    "認可等級":"銀級",
    "rank":3,
    "有效期間":"2022年1月5日",
    "valid":"0",
    "認可類別":"標示",
    "設計人":"李岳軍建築師事務所",
    "行政區":"新北市",
    "ditrict":"三重區",
    "地號":"新北市三重區田安段582-00地號等1筆",
    "建築物使用類別":"住宿類建築"
    }
  },
  {
    "type": "Feature",
    "geometry": {
       "type": "Point",
       "coordinates":  [ 121.423872,25.003959 ]
    },
    "properties": {
    "#":604,
    "建築物名稱":"樹林國民運動中心新建工程",
    "建築物概要":"地下1層，地上5層鋼筋混凝土、鋼骨鋼筋混凝土及鋼骨構造大型空間類建築",
    "認可版本":"2012年版EEWH-BC",
    "認可等級":"銀級",
    "rank":3,
    "有效期間":"2022年1月3日",
    "valid":"0",
    "認可類別":"標示",
    "設計人":"陳章安建築師事務所",
    "行政區":"新北市",
    "ditrict":"樹林區",
    "地號":"新北市樹林區圳民段779-001地號等5筆",
    "建築物使用類別":"大型空間類建築"
    }
  },
  {
    "type": "Feature",
    "geometry": {
       "type": "Point",
       "coordinates":  [ 121.456157,25.064297 ]
    },
    "properties": {
    "#":605,
    "建築物名稱":"五股工業區加油站改建工程",
    "建築物概要":"地上2層輕鋼架構造、鋼筋混凝土構造、鋼骨鋼筋混凝土構造其他類建築",
    "認可版本":"2015年版EEWH-BC",
    "認可等級":"黃金級",
    "rank":4,
    "有效期間":"2022年1月2日",
    "valid":"0",
    "認可類別":"標示",
    "設計人":"禾邦建築師事務所",
    "行政區":"新北市",
    "ditrict":"新莊區",
    "地號":"新北市新莊區新工段一小段21地號等2筆",
    "建築物使用類別":"其他類建築"
    }
  },
  {
    "type": "Feature",
    "geometry": {
       "type": "Point",
       "coordinates":  [ 121.505596,24.93158 ]
    },
    "properties": {
    "#":606,
    "建築物名稱":"大台北華城莫札特社區南區(第3區)",
    "建築物概要":"地下1層，地上3層鋼筋混凝土構造住宿類建築",
    "認可版本":"2009年版",
    "認可等級":"合格級",
    "rank":1,
    "有效期間":"2021年12月28日",
    "valid":"0",
    "認可類別":"標示",
    "設計人":"元宏聯合建築師事務所",
    "行政區":"新北市",
    "ditrict":"新店區",
    "地號":"新北市新店區華城二段60-115地號等15筆",
    "建築物使用類別":"住宿類建築"
    }
  },
  {
    "type": "Feature",
    "geometry": {
       "type": "Point",
       "coordinates":  [ 121.444672,25.05754 ]
    },
    "properties": {
    "#":607,
    "建築物名稱":"遠雄國匯住商大樓新建工程",
    "建築物概要":"地下4層，地上28層鋼筋混凝土構造住宿類建築",
    "認可版本":"2009年版",
    "認可等級":"黃金級",
    "rank":4,
    "有效期間":"2021年12月28日",
    "valid":"0",
    "認可類別":"標示",
    "設計人":"李祖原聯合建築師事務所",
    "行政區":"新北市",
    "ditrict":"新莊區",
    "地號":"新北市新莊區副都心段一小段407地號等1筆",
    "建築物使用類別":"住宿類建築"
    }
  },
  {
    "type": "Feature",
    "geometry": {
       "type": "Point",
       "coordinates":  [ 121.414238,25.026921 ]
    },
    "properties": {
    "#":608,
    "建築物名稱":"君泰建設新莊區丹鳳段南基地住宅大樓新建工程",
    "建築物概要":"地下4層，地上21層鋼筋混凝土構造住宿類建築",
    "認可版本":"2009年版",
    "認可等級":"銀級",
    "rank":3,
    "有效期間":"2021年12月28日",
    "valid":"0",
    "認可類別":"標示",
    "設計人":"三門聯合建築師事務所",
    "行政區":"新北市",
    "ditrict":"新莊區",
    "地號":"新北市新莊區丹鳳段514地號等1筆",
    "建築物使用類別":"住宿類建築"
    }
  },
  {
    "type": "Feature",
    "geometry": {
       "type": "Point",
       "coordinates":  [ 121.630526,25.066326 ]
    },
    "properties": {
    "#":610,
    "建築物名稱":"合眾建經汐止北山段店鋪及集合住宅拾五層新建工程",
    "建築物概要":"地下5層，地上15層鋼筋混凝土構造住宿類建築",
    "認可版本":"2012年版EEWH-RS",
    "認可等級":"銀級",
    "rank":3,
    "有效期間":"2021年12月12日",
    "valid":"0",
    "認可類別":"標示",
    "設計人":"秦境建築師事務所",
    "行政區":"新北市",
    "ditrict":"汐止區",
    "地號":"新北市汐止區北山段443地號等1筆",
    "建築物使用類別":"住宿類建築"
    }
  },
  {
    "type": "Feature",
    "geometry": {
       "type": "Point",
       "coordinates":  [ 121.463115,25.025885 ]
    },
    "properties": {
    "#":611,
    "建築物名稱":"新北市板橋區四維公園附建地下停車場新建統包工程",
    "建築物概要":"地下3層，地上1層鋼筋混凝土構造其他類建築",
    "認可版本":"2012年版EEWH-BC",
    "認可等級":"銅級",
    "rank":2,
    "有效期間":"2021年12月6日",
    "valid":"0",
    "認可類別":"標示",
    "設計人":"馮則維建築師事務所",
    "行政區":"新北市",
    "ditrict":"板橋區",
    "地號":"新北市板橋區幸福段1436地號等26筆",
    "建築物使用類別":"其他類建築"
    }
  },
  {
    "type": "Feature",
    "geometry": {
       "type": "Point",
       "coordinates":  [ 121.456987,25.015573 ]
    },
    "properties": {
    "#":612,
    "建築物名稱":"墩璞建設板橋光華段高層集合住宅新建工程",
    "建築物概要":"地下4層，地上21層鋼筋混凝土構造住宿類建築",
    "認可版本":"2009年版",
    "認可等級":"黃金級",
    "rank":4,
    "有效期間":"2021年12月1日",
    "valid":"0",
    "認可類別":"標示",
    "設計人":"顏明南建築師事務所",
    "行政區":"新北市",
    "ditrict":"板橋區",
    "地號":"新北市板橋區光華段279地號等1筆",
    "建築物使用類別":"住宿類建築"
    }
  },
  {
    "type": "Feature",
    "geometry": {
       "type": "Point",
       "coordinates":  [ 121.458116,24.994779 ]
    },
    "properties": {
    "#":613,
    "建築物名稱":"中華電信板橋資料中心新建工程",
    "建築物概要":"地下3層，地上11層鋼筋混凝土構造辦公廳、大型空間及其他類建築",
    "認可版本":"2009年版",
    "認可等級":"鑽石級",
    "rank":5,
    "有效期間":"2021年12月1日",
    "valid":"0",
    "認可類別":"標示",
    "設計人":"李祖原聯合建築師事務所",
    "行政區":"新北市",
    "ditrict":"板橋區",
    "地號":"新北市板橋區信義段329地號等1筆",
    "建築物使用類別":"其他類建築"
    }
  },
  {
    "type": "Feature",
    "geometry": {
       "type": "Point",
       "coordinates":  [ 121.475967,25.079667 ]
    },
    "properties": {
    "#":614,
    "建築物名稱":"蘆洲區公公園多目標闢建工程",
    "建築物概要":"地下2層，地上3層鋼筋混凝土及鋼構造大型空間類建築",
    "認可版本":"2012年版EEWH-BC",
    "認可等級":"合格級",
    "rank":1,
    "有效期間":"2021年11月24日",
    "valid":"0",
    "認可類別":"標示",
    "設計人":"蕭力仁建築師事務所",
    "行政區":"新北市",
    "ditrict":"蘆洲區",
    "地號":"新北市蘆洲區民義段269地號等8筆",
    "建築物使用類別":"大型空間類建築"
    }
  },
  {
    "type": "Feature",
    "geometry": {
       "type": "Point",
       "coordinates":  [ 121.632292,25.055024 ]
    },
    "properties": {
    "#":615,
    "建築物名稱":"富信大飯店2館",
    "建築物概要":"地下2層，地上12層鋼筋混凝土構造旅館餐飲類建築",
    "認可版本":"2012年版EEWH-BC",
    "認可等級":"銀級",
    "rank":3,
    "有效期間":"2021年11月15日",
    "valid":"0",
    "認可類別":"標示",
    "設計人":"照華建築師事務所、黃俊吉建築師事務所",
    "行政區":"新北市",
    "ditrict":"汐止區",
    "地號":"新北市汐止區工建段750地號等3筆",
    "建築物使用類別":"旅館餐飲類建築"
    }
  },
  {
    "type": "Feature",
    "geometry": {
       "type": "Point",
       "coordinates":  [ 121.46839,25.028013 ]
    },
    "properties": {
    "#":618,
    "建築物名稱":"新北市立江翠國民中學興建室內溫水游泳池共構地下停車場工程",
    "建築物概要":"地下4層，地上2層鋼筋混凝土及鋼骨構造大型空間類建築",
    "認可版本":"2009年版",
    "認可等級":"合格級",
    "rank":1,
    "有效期間":"2021年9月28日",
    "valid":"0",
    "認可類別":"標示",
    "設計人":"蕭力仁建築師事務所",
    "行政區":"新北市",
    "ditrict":"板橋區",
    "地號":"新北市板橋區江子翠段第二崁小段237-2地號等38筆",
    "建築物使用類別":"大型空間類建築"
    }
  },
  {
    "type": "Feature",
    "geometry": {
       "type": "Point",
       "coordinates":  [ 121.363495,25.069739 ]
    },
    "properties": {
    "#":619,
    "建築物名稱":"新北市林口特定區機1-1行政園區新建工程",
    "建築物概要":"地下1層，地上6層鋼筋混凝土構造辦公廳類、住宿類、學校類及大型空間類建築",
    "認可版本":"2012年版EEWH-BC",
    "認可等級":"銅級",
    "rank":2,
    "有效期間":"2021年9月8日",
    "valid":"0",
    "認可類別":"標示",
    "設計人":"陳信樟建築師事務所",
    "行政區":"新北市",
    "ditrict":"林口區",
    "地號":"新北市林口區建林段385-1地號等1筆",
    "建築物使用類別":"辦公廳類建築"
    }
  },
  {
    "type": "Feature",
    "geometry": {
       "type": "Point",
       "coordinates":  [ 121.539623,24.956524 ]
    },
    "properties": {
    "#":620,
    "建築物名稱":"新北市立文山國民中學第二期校舍工程",
    "建築物概要":"地下1層，地上7層鋼筋混凝土構造學校類建築",
    "認可版本":"2009年版",
    "認可等級":"合格級",
    "rank":1,
    "有效期間":"2021年9月6日",
    "valid":"0",
    "認可類別":"標示",
    "設計人":"林芳立建築師事務所",
    "行政區":"新北市",
    "ditrict":"新店區",
    "地號":"新北市新店區文山段644地號等22筆",
    "建築物使用類別":"學校類建築"
    }
  },
  {
    "type": "Feature",
    "geometry": {
       "type": "Point",
       "coordinates":  [ 121.468285,25.050226 ]
    },
    "properties": {
    "#":621,
    "建築物名稱":"新北市三重區興德段852地號大樓新建工程",
    "建築物概要":"地下3層，地上14層鋼骨構造大型空間類建築",
    "認可版本":"2012年版EEWH-GF",
    "認可等級":"黃金級",
    "rank":4,
    "有效期間":"2021年8月17日",
    "valid":"0",
    "認可類別":"標示",
    "設計人":"潘冀聯合建築師事務所",
    "行政區":"新北市",
    "ditrict":"三重區",
    "地號":"新北市三重區興德段852地號等1筆(部份使用)",
    "建築物使用類別":"大型空間類建築"
    }
  },
  {
    "type": "Feature",
    "geometry": {
       "type": "Point",
       "coordinates":  [ 121.366216,25.0712 ]
    },
    "properties": {
    "#":622,
    "建築物名稱":"新北市林口中商36三井暢貨園區新建工程",
    "建築物概要":"地下1層，地上5層鋼筋混凝土及鋼骨構造百貨商場、旅館餐飲、大型空間及其他類建築",
    "認可版本":"2012年版EEWH-BC",
    "認可等級":"銀級",
    "rank":3,
    "有效期間":"2021年8月9日",
    "valid":"0",
    "認可類別":"標示",
    "設計人":"大矩聯合建築師事務所",
    "行政區":"新北市",
    "ditrict":"林口區",
    "地號":"新北市林口區建林段381地號等4筆",
    "建築物使用類別":"百貨商場類建築"
    }
  },
  {
    "type": "Feature",
    "geometry": {
       "type": "Point",
       "coordinates":  [ 121.461802,25.151918 ]
    },
    "properties": {
    "#":623,
    "建築物名稱":"淡水水仙段204地號集合住宅新建工程",
    "建築物概要":"地下2層，地上7層鋼筋混凝土構造住宿類建築",
    "認可版本":"2009年版",
    "認可等級":"銀級",
    "rank":3,
    "有效期間":"2021年7月28日",
    "valid":"0",
    "認可類別":"標示",
    "設計人":"周劍平建築師事務所",
    "行政區":"新北市",
    "ditrict":"淡水區",
    "地號":"新北市淡水區水仙段204地號等1筆",
    "建築物使用類別":"住宿類建築"
    }
  },
  {
    "type": "Feature",
    "geometry": {
       "type": "Point",
       "coordinates":  [ 121.485716,25.012348 ]
    },
    "properties": {
    "#":625,
    "建築物名稱":"遠雄建設左岸紫金園社區案新建工程",
    "建築物概要":"地下1層，地上23層鋼筋混凝土構造住宿類建築",
    "認可版本":"2009年版",
    "認可等級":"銅級",
    "rank":2,
    "有效期間":"2021年7月13日",
    "valid":"0",
    "認可類別":"標示",
    "設計人":"李祖原聯合建築師事務所",
    "行政區":"新北市",
    "ditrict":"中和區",
    "地號":"新北市中和區華中段60地號等1筆",
    "建築物使用類別":"住宿類建築"
    }
  },
  {
    "type": "Feature",
    "geometry": {
       "type": "Point",
       "coordinates":  [ 121.448473,25.059682 ]
    },
    "properties": {
    "#":626,
    "建築物名稱":"遠雄新宿住辦大樓",
    "建築物概要":"地下4層，地上27層鋼筋混凝土構造辦公廳及住宿類建築",
    "認可版本":"2009年版",
    "認可等級":"銀級",
    "rank":3,
    "有效期間":"2021年7月11日",
    "valid":"0",
    "認可類別":"標示",
    "設計人":"李祖原聯合建築師事務所",
    "行政區":"新北市",
    "ditrict":"新莊區",
    "地號":"新北市新莊區副都心段一小段281-2地號等1筆",
    "建築物使用類別":"住宿類建築"
    }
  },
  {
    "type": "Feature",
    "geometry": {
       "type": "Point",
       "coordinates":  [ 121.773732,25.097534 ]
    },
    "properties": {
    "#":627,
    "建築物名稱":"永聯瑞芳工商綜合區B6區物流倉儲廠房新建工程",
    "建築物概要":"地上4層鋼筋混凝土構造、鋼骨構造大型空間類建築",
    "認可版本":"2012年版EEWH-BC",
    "認可等級":"銀級",
    "rank":3,
    "有效期間":"2021年6月29日",
    "valid":"0",
    "認可類別":"標示",
    "設計人":"張哲夫建築師事務所",
    "行政區":"新北市",
    "ditrict":"瑞芳區",
    "地號":"新北市瑞芳區四腳亭段楓子瀨小段0144-0027地號等1筆",
    "建築物使用類別":"大型空間類建築"
    }
  },
  {
    "type": "Feature",
    "geometry": {
       "type": "Point",
       "coordinates":  [ 121.508116,25.002691 ]
    },
    "properties": {
    "#":628,
    "建築物名稱":"中和南工段182地號等1筆土地集合住宅新建工程",
    "建築物概要":"地下4層，地上26層鋼筋混凝土構造住宿類建築",
    "認可版本":"2012年版EEWH-RS",
    "認可等級":"銀級",
    "rank":3,
    "有效期間":"2021年6月23日",
    "valid":"0",
    "認可類別":"標示",
    "設計人":"葉育廷建築師事務所",
    "行政區":"新北市",
    "ditrict":"中和區",
    "地號":"新北市中和區南工段182地號等1筆",
    "建築物使用類別":"住宿類建築"
    }
  },
  {
    "type": "Feature",
    "geometry": {
       "type": "Point",
       "coordinates":  [ 121.534146,24.97427 ]
    },
    "properties": {
    "#":629,
    "建築物名稱":"新店高中運動場附建地下停車場新建工程",
    "建築物概要":"地下2層，地上1層鋼筋混凝土構造大型空間類建築",
    "認可版本":"2012年版EEWH-BC",
    "認可等級":"銀級",
    "rank":3,
    "有效期間":"2021年6月22日",
    "valid":"0",
    "認可類別":"標示",
    "設計人":"蕭力仁建築師事務所",
    "行政區":"新北市",
    "ditrict":"新店區",
    "地號":"新北市新店區福園段585地號等10筆",
    "建築物使用類別":"大型空間類建築"
    }
  },
  {
    "type": "Feature",
    "geometry": {
       "type": "Point",
       "coordinates":  [ 121.639827,25.060174 ]
    },
    "properties": {
    "#":630,
    "建築物名稱":"汐止加油站新建工程",
    "建築物概要":"地上2層鋼筋混凝土構造其他類建築",
    "認可版本":"2015年版EEWH-BC",
    "認可等級":"合格級",
    "rank":1,
    "有效期間":"2021年6月6日",
    "valid":"0",
    "認可類別":"標示",
    "設計人":"鄞埼錩建築師事務所",
    "行政區":"新北市",
    "ditrict":"汐止區",
    "地號":"新北市汐止區大同段464-1地號等6筆",
    "建築物使用類別":"其他類建築"
    }
  },
  {
    "type": "Feature",
    "geometry": {
       "type": "Point",
       "coordinates":  [ 121.509777,24.987217 ]
    },
    "properties": {
    "#":632,
    "建築物名稱":"新北市中和區興南國民小學老舊校舍整建工程",
    "建築物概要":"地下1層，地上5層鋼筋混凝土構造學校類建築",
    "認可版本":"2012年版EEWH-BC",
    "認可等級":"合格級",
    "rank":1,
    "有效期間":"2021年6月1日",
    "valid":"0",
    "認可類別":"標示",
    "設計人":"蔡忠孝建築師事務所",
    "行政區":"新北市",
    "ditrict":"中和區",
    "地號":"新北市中和區正南段187地號等9筆",
    "建築物使用類別":"學校類建築"
    }
  },
  {
    "type": "Feature",
    "geometry": {
       "type": "Point",
       "coordinates":  [ 121.41847,25.194448 ]
    },
    "properties": {
    "#":633,
    "建築物名稱":"台北縣淡水地區污水下水道系統委外建設營運計畫",
    "建築物概要":"地上3層鋼筋混凝土構造辦公廳類建築",
    "認可版本":"2005年更新版",
    "認可等級":"銀級",
    "rank":3,
    "有效期間":"2021年5月26日",
    "valid":"0",
    "認可類別":"標示",
    "設計人":"黃孟偉建築師事務所",
    "行政區":"新北市",
    "ditrict":"淡水區",
    "地號":"新北市淡水區淡海段253地號等1筆",
    "建築物使用類別":"辦公廳類建築"
    }
  },
  {
    "type": "Feature",
    "geometry": {
       "type": "Point",
       "coordinates":  [ 121.490963,25.060599 ]
    },
    "properties": {
    "#":634,
    "建築物名稱":"新北市立聯合醫院三重院區急重症大樓新建工程",
    "建築物概要":"地下3層，地上10層鋼筋混凝土構造醫院類建築",
    "認可版本":"2012年版EEWH-BC",
    "認可等級":"銅級",
    "rank":2,
    "有效期間":"2021年5月18日",
    "valid":"0",
    "認可類別":"標示",
    "設計人":"境向聯合建築師事務所",
    "行政區":"新北市",
    "ditrict":"三重區",
    "地號":"新北市三重區過田段202-00地號等26筆",
    "建築物使用類別":"醫院類建築"
    }
  },
  {
    "type": "Feature",
    "geometry": {
       "type": "Point",
       "coordinates":  [ 121.455399,25.001618 ]
    },
    "properties": {
    "#":636,
    "建築物名稱":"新北市立圖書館新建工程",
    "建築物概要":"地下3層，地上10層鋼筋混凝土構造大型空間類建築",
    "認可版本":"2009年版",
    "認可等級":"鑽石級",
    "rank":5,
    "有效期間":"2021年4月27日",
    "valid":"0",
    "認可類別":"標示",
    "設計人":"楊瑞禎聯合建築師事務所",
    "行政區":"新北市",
    "ditrict":"板橋區",
    "地號":"新北市板橋區亞東段0975地號等4筆",
    "建築物使用類別":"大型空間類建築"
    }
  },
  {
    "type": "Feature",
    "geometry": {
       "type": "Point",
       "coordinates":  [ 121.438218,25.183844 ]
    },
    "properties": {
    "#":637,
    "建築物名稱":"淡水區新興段134地號等3筆集合住宅新建工程",
    "建築物概要":"地下3層，地上15層鋼筋混凝土構造住宿類建築",
    "認可版本":"2009年版",
    "認可等級":"銀級",
    "rank":3,
    "有效期間":"2021年4月21日",
    "valid":"0",
    "認可類別":"標示",
    "設計人":"李兆嘉建築師事務所",
    "行政區":"新北市",
    "ditrict":"淡水區",
    "地號":"新北市淡水區新興段134地號等3筆",
    "建築物使用類別":"住宿類建築"
    }
  },
  {
    "type": "Feature",
    "geometry": {
       "type": "Point",
       "coordinates":  [ 121.515341,24.974833 ]
    },
    "properties": {
    "#":638,
    "建築物名稱":"新店區安和段303地號旅館新建工程",
    "建築物概要":"地下2層，地上7層鋼筋混凝土構造旅館餐飲類建築",
    "認可版本":"2009年版",
    "認可等級":"銀級",
    "rank":3,
    "有效期間":"2021年4月14日",
    "valid":"0",
    "認可類別":"標示",
    "設計人":"李承洋建築師事務所",
    "行政區":"新北市",
    "ditrict":"新店區",
    "地號":"新北市新店區安和段303-0地號等1筆",
    "建築物使用類別":"旅館餐飲類建築"
    }
  },
  {
    "type": "Feature",
    "geometry": {
       "type": "Point",
       "coordinates":  [ 121.459301,24.995007 ]
    },
    "properties": {
    "#":639,
    "建築物名稱":"臺灣證券交易所資訊中心",
    "建築物概要":"地下3層，地上7層鋼筋混凝土構造辦公廳及大型空間類建築",
    "認可版本":"2009年版",
    "認可等級":"銀級",
    "rank":3,
    "有效期間":"2021年4月6日",
    "valid":"0",
    "認可類別":"標示",
    "設計人":"賴朝俊建築師事務所",
    "行政區":"新北市",
    "ditrict":"板橋區",
    "地號":"新北市板橋區信義段330地號等1筆",
    "建築物使用類別":"辦公廳類建築"
    }
  },
  {
    "type": "Feature",
    "geometry": {
       "type": "Point",
       "coordinates":  [ 121.509274,24.981536 ]
    },
    "properties": {
    "#":640,
    "建築物名稱":"審計部審計人員訓練大樓新建工程",
    "建築物概要":"地下2層，地上9層鋼筋混凝土構造辦公廳類建築",
    "認可版本":"2009年版",
    "認可等級":"銅級",
    "rank":2,
    "有效期間":"2021年3月30日",
    "valid":"0",
    "認可類別":"標示",
    "設計人":"廖晏瑋建築師事務所",
    "行政區":"新北市",
    "ditrict":"中和區",
    "地號":"新北市中和區華新段642地號等5筆",
    "建築物使用類別":"辦公廳類建築"
    }
  },
  {
    "type": "Feature",
    "geometry": {
       "type": "Point",
       "coordinates":  [ 121.460305,25.14513 ]
    },
    "properties": {
    "#":641,
    "建築物名稱":"合鼎建設淡水區水仙段集合住宅新建工程",
    "建築物概要":"地下3層，地上28層鋼骨構造住宿及大型空間類建築",
    "認可版本":"2012年版EEWH-RS",
    "認可等級":"銀級",
    "rank":3,
    "有效期間":"2021年3月22日",
    "valid":"0",
    "認可類別":"標示",
    "設計人":"原大聯合建築師事務所",
    "行政區":"新北市",
    "ditrict":"淡水區",
    "地號":"新北市淡水區水仙段762地號等1筆",
    "建築物使用類別":"住宿類建築"
    }
  },
  {
    "type": "Feature",
    "geometry": {
       "type": "Point",
       "coordinates":  [ 121.375686,24.948403 ]
    },
    "properties": {
    "#":642,
    "建築物名稱":"新北市立北大高級中學校舍新建工程",
    "建築物概要":"地下1層，地上5層鋼筋混凝土構造學校類建築",
    "認可版本":"2009年版",
    "認可等級":"合格級",
    "rank":1,
    "有效期間":"2021年3月17日",
    "valid":"0",
    "認可類別":"標示",
    "設計人":"台北國際聯合建築師事務所",
    "行政區":"新北市",
    "ditrict":"三峽區",
    "地號":"新北市三峽區大學段一小段0003-0000地號等1筆(部份使用)",
    "建築物使用類別":"學校類建築"
    }
  },
  {
    "type": "Feature",
    "geometry": {
       "type": "Point",
       "coordinates":  [ 121.773582,25.099006 ]
    },
    "properties": {
    "#":643,
    "建築物名稱":"永聯瑞芳工商綜合區B5區物流倉儲廠房新建工程",
    "建築物概要":"地上4層鋼筋混凝土構造，鋼骨構造大型空間類建築",
    "認可版本":"2015年版EEWH-BC",
    "認可等級":"銀級",
    "rank":3,
    "有效期間":"2021年3月8日",
    "valid":"0",
    "認可類別":"標示",
    "設計人":"張哲夫建築師事務所",
    "行政區":"新北市",
    "ditrict":"瑞芳區",
    "地號":"新北市瑞芳區四腳亭段楓子瀨小段126地號等1筆",
    "建築物使用類別":"大型空間類建築"
    }
  },
  {
    "type": "Feature",
    "geometry": {
       "type": "Point",
       "coordinates":  [ 121.648812,25.062148 ]
    },
    "properties": {
    "#":644,
    "建築物名稱":"遠雄 U TOWN",
    "建築物概要":"地下7層，地上37層鋼骨構造辦公廳類、百貨商場類、旅館餐飲類及大型空間類建築",
    "認可版本":"2009年版",
    "認可等級":"銅級",
    "rank":2,
    "有效期間":"2021年3月8日",
    "valid":"0",
    "認可類別":"標示",
    "設計人":"沈國皓建築師事務所",
    "行政區":"新北市",
    "ditrict":"汐止區",
    "地號":"新北市汐止區昊天段872地號等2筆",
    "建築物使用類別":"辦公廳類建築"
    }
  },
  {
    "type": "Feature",
    "geometry": {
       "type": "Point",
       "coordinates":  [ 121.487695,25.0512 ]
    },
    "properties": {
    "#":645,
    "建築物名稱":"翔譽建設三重區成功段集合住宅新建工程",
    "建築物概要":"地下5層，地上24層鋼筋混凝土構造住宿類建築",
    "認可版本":"2009年版",
    "認可等級":"銀級",
    "rank":3,
    "有效期間":"2021年2月23日",
    "valid":"0",
    "認可類別":"標示",
    "設計人":"陳廷杰建築師事務所",
    "行政區":"新北市",
    "ditrict":"三重區",
    "地號":"新北市三重區成功段1237地號等3筆",
    "建築物使用類別":"住宿類建築"
    }
  },
  {
    "type": "Feature",
    "geometry": {
       "type": "Point",
       "coordinates":  [ 121.486789,25.011154 ]
    },
    "properties": {
    "#":646,
    "建築物名稱":"遠雄建設錦繡園住宅大樓新建工程",
    "建築物概要":"地下2層，地上14層鋼筋混凝土構造住宿類建築",
    "認可版本":"2012年版EEWH-RS",
    "認可等級":"銀級",
    "rank":3,
    "有效期間":"2021年2月21日",
    "valid":"0",
    "認可類別":"標示",
    "設計人":"李祖原聯合建築師事務所",
    "行政區":"新北市",
    "ditrict":"中和區",
    "地號":"新北市中和區華中段0048地號等1筆",
    "建築物使用類別":"住宿類建築"
    }
  },
  {
    "type": "Feature",
    "geometry": {
       "type": "Point",
       "coordinates":  [ 121.443725,25.187063 ]
    },
    "properties": {
    "#":647,
    "建築物名稱":"新北市淡水區綜合行政大樓新建工程",
    "建築物概要":"地下3層，地上10層鋼骨鋼筋混凝土構造辦公廳類建築",
    "認可版本":"2009年版",
    "認可等級":"合格級",
    "rank":1,
    "有效期間":"2021年2月16日",
    "valid":"0",
    "認可類別":"標示",
    "設計人":"郭自強建築師事務所",
    "行政區":"新北市",
    "ditrict":"淡水區",
    "地號":"新北市淡水區公司田段0087地號等1筆",
    "建築物使用類別":"辦公廳類建築"
    }
  },
  {
    "type": "Feature",
    "geometry": {
       "type": "Point",
       "coordinates":  [ 121.398867,25.159677 ]
    },
    "properties": {
    "#":648,
    "建築物名稱":"臺北港東1之1多功能多用途倉庫興建工程",
    "建築物概要":"地上2層鋼構造大型空間類建築",
    "認可版本":"2012年版EEWH-BC",
    "認可等級":"合格級",
    "rank":1,
    "有效期間":"2021年1月28日",
    "valid":"0",
    "認可類別":"標示",
    "設計人":"薛晉屏建築師事務所",
    "行政區":"新北市",
    "ditrict":"八里區",
    "地號":"新北市八里區小八里坌段中小段291地號等1筆(部分使用)",
    "建築物使用類別":"大型空間類建築"
    }
  },
  {
    "type": "Feature",
    "geometry": {
       "type": "Point",
       "coordinates":  [ 121.773538,25.101701 ]
    },
    "properties": {
    "#":649,
    "建築物名稱":"永聯瑞芳工商綜合區B3區物流倉儲廠房新建工程",
    "建築物概要":"地上4層鋼筋混凝土構造，鋼骨構造大型空間類建築",
    "認可版本":"2012年版EEWH-BC",
    "認可等級":"銀級",
    "rank":3,
    "有效期間":"2021年1月26日",
    "valid":"0",
    "認可類別":"標示",
    "設計人":"張哲夫建築師事務所",
    "行政區":"新北市",
    "ditrict":"瑞芳區",
    "地號":"新北市瑞芳區四腳亭段楓子瀨小段125地號等3筆",
    "建築物使用類別":"大型空間類建築"
    }
  },
  {
    "type": "Feature",
    "geometry": {
       "type": "Point",
       "coordinates":  [ 121.476752,25.090166 ]
    },
    "properties": {
    "#":650,
    "建築物名稱":"蘆洲區民族段352等2筆地號集合住宅案",
    "建築物概要":"地下2層，地上9層鋼筋混凝土構造住宿類建築",
    "認可版本":"2009年版",
    "認可等級":"銀級",
    "rank":3,
    "有效期間":"2021年1月25日",
    "valid":"0",
    "認可類別":"標示",
    "設計人":"蔡智勸建築師事務所",
    "行政區":"新北市",
    "ditrict":"蘆洲區",
    "地號":"新北市蘆洲區民族段352地號等2筆",
    "建築物使用類別":"住宿類建築"
    }
  },
  {
    "type": "Feature",
    "geometry": {
       "type": "Point",
       "coordinates":  [ 121.434668,25.055682 ]
    },
    "properties": {
    "#":651,
    "建築物名稱":"新北市新五泰國民運動中心興建統包工程",
    "建築物概要":"地下2層，地上5層鋼骨構造大型空間類建築",
    "認可版本":"2012年版EEWH-BC",
    "認可等級":"鑽石級",
    "rank":5,
    "有效期間":"2021年1月21日",
    "valid":"0",
    "認可類別":"標示",
    "設計人":"萬邦建築師事務所",
    "行政區":"新北市",
    "ditrict":"泰山區",
    "地號":"新北市泰山區同興段101地號等1筆",
    "建築物使用類別":"大型空間類建築"
    }
  },
  {
    "type": "Feature",
    "geometry": {
       "type": "Point",
       "coordinates":  [ 121.652774,25.062383 ]
    },
    "properties": {
    "#":652,
    "建築物名稱":"德林建設新北市汐止區智興段集合住宅新建工程",
    "建築物概要":"地下3層，地上10層鋼筋混凝土構造住宿類建築",
    "認可版本":"2009年版",
    "認可等級":"銀級",
    "rank":3,
    "有效期間":"2021年1月5日",
    "valid":"0",
    "認可類別":"標示",
    "設計人":"黃翔龍建築師事務所",
    "行政區":"新北市",
    "ditrict":"汐止區",
    "地號":"新北市汐止區智興段1398地號等1筆",
    "建築物使用類別":"住宿類建築"
    }
  },
  {
    "type": "Feature",
    "geometry": {
       "type": "Point",
       "coordinates":  [ 121.43368,25.063801 ]
    },
    "properties": {
    "#":653,
    "建築物名稱":"泰山一次配電變電所新建工程",
    "建築物概要":"地下1層，地上4層鋼筋混凝土構造其他類建築",
    "認可版本":"2003年更新版",
    "認可等級":"免評估",
    "rank":0,
    "有效期間":"2020年12月29日",
    "valid":"0",
    "認可類別":"標示",
    "設計人":"黃裕欽建築師事務所",
    "行政區":"新北市",
    "ditrict":"泰山區",
    "地號":"新北市泰山區泰山段一小段452地號等1筆(部份使用)",
    "建築物使用類別":"其他類建築"
    }
  },
  {
    "type": "Feature",
    "geometry": {
       "type": "Point",
       "coordinates":  [ 121.368618,24.935304 ]
    },
    "properties": {
    "#":654,
    "建築物名稱":"新北市三峽區三峽國民小學「老舊校舍第二期整建工程」",
    "建築物概要":"地下2層，地上4層鋼筋混凝土構造學校類建築",
    "認可版本":"2009年版",
    "認可等級":"合格級",
    "rank":1,
    "有效期間":"2020年12月23日",
    "valid":"0",
    "認可類別":"標示",
    "設計人":"陳志庸建築師事務所",
    "行政區":"新北市",
    "ditrict":"三峽區",
    "地號":"新北市三峽區文化段654地號等11筆",
    "建築物使用類別":"學校類建築"
    }
  },
  {
    "type": "Feature",
    "geometry": {
       "type": "Point",
       "coordinates":  [ 121.771586,25.10034 ]
    },
    "properties": {
    "#":655,
    "建築物名稱":"永聯瑞芳工商綜合區B9區物流倉儲廠房新建工程",
    "建築物概要":"地上3層鋼筋混凝土構造大型空間類建築",
    "認可版本":"2012年版EEWH-BC",
    "認可等級":"銀級",
    "rank":3,
    "有效期間":"2020年12月21日",
    "valid":"0",
    "認可類別":"標示",
    "設計人":"張哲夫建築師事務所",
    "行政區":"新北市",
    "ditrict":"瑞芳區",
    "地號":"新北市瑞芳區四腳亭段楓子瀨小段0144-0028地號等4筆",
    "建築物使用類別":"大型空間類建築"
    }
  },
  {
    "type": "Feature",
    "geometry": {
       "type": "Point",
       "coordinates":  [ 121.45604,25.037273 ]
    },
    "properties": {
    "#":656,
    "建築物名稱":"新北市新莊區新莊國民小學老舊校舍(中、西棟教室)整建工程",
    "建築物概要":"地下1層，地上5層鋼筋混凝土構造學校類建築",
    "認可版本":"2009年版",
    "認可等級":"合格級",
    "rank":1,
    "有效期間":"2020年12月8日",
    "valid":"0",
    "認可類別":"標示",
    "設計人":"林芳立建築師事務所",
    "行政區":"新北市",
    "ditrict":"新莊區",
    "地號":"新北市新莊區恒安段610地號等8筆",
    "建築物使用類別":"學校類建築"
    }
  },
  {
    "type": "Feature",
    "geometry": {
       "type": "Point",
       "coordinates":  [ 121.484356,25.019922 ]
    },
    "properties": {
    "#":657,
    "建築物名稱":"新北市板橋區港子嘴段二十一層集合住宅新建工程",
    "建築物概要":"地下4層，地上21層鋼筋混凝土構造住宿類建築",
    "認可版本":"2009年版",
    "認可等級":"銀級",
    "rank":3,
    "有效期間":"2020年11月17日",
    "valid":"0",
    "認可類別":"標示",
    "設計人":"游素秋建築師事務所",
    "行政區":"新北市",
    "ditrict":"板橋區",
    "地號":"新北市板橋區港子嘴段246地號等1筆",
    "建築物使用類別":"住宿類建築"
    }
  },
  {
    "type": "Feature",
    "geometry": {
       "type": "Point",
       "coordinates":  [ 121.444134,25.05725 ]
    },
    "properties": {
    "#":658,
    "建築物名稱":"遠雄國都住商大樓",
    "建築物概要":"地下4層，地上28層鋼筋混凝土構造住宿類建築",
    "認可版本":"2009年版",
    "認可等級":"黃金級",
    "rank":4,
    "有效期間":"2020年11月12日",
    "valid":"0",
    "認可類別":"標示",
    "設計人":"李祖原聯合建築師事務所",
    "行政區":"新北市",
    "ditrict":"新莊區",
    "地號":"新北市新莊區副都心段一小段407-1地號等1筆",
    "建築物使用類別":"住宿類建築"
    }
  },
  {
    "type": "Feature",
    "geometry": {
       "type": "Point",
       "coordinates":  [ 121.461714,25.012005 ]
    },
    "properties": {
    "#":660,
    "建築物名稱":"新民電力用戶服務及巡修中心暨附設地下配電變電設施聯合辦公大樓新建工程",
    "建築物概要":"地下4層，地上17層鋼骨鋼筋混凝土構造其他類建築",
    "認可版本":"2007年更新版",
    "認可等級":"銅級",
    "rank":2,
    "有效期間":"2020年10月21日",
    "valid":"0",
    "認可類別":"標示",
    "設計人":"羅興華建築師事務所",
    "行政區":"新北市",
    "ditrict":"板橋區",
    "地號":"新北市板橋區新板段一小段29地號等2筆",
    "建築物使用類別":"其他類建築"
    }
  },
  {
    "type": "Feature",
    "geometry": {
       "type": "Point",
       "coordinates":  [ 121.455303,25.025976 ]
    },
    "properties": {
    "#":661,
    "建築物名稱":"新北市板橋國民運動中心興建統包工程",
    "建築物概要":"地下3層，地上5層鋼骨鋼筋混凝土構造大型空間類建築",
    "認可版本":"2009年版",
    "認可等級":"鑽石級",
    "rank":5,
    "有效期間":"2020年9月20日",
    "valid":"0",
    "認可類別":"標示",
    "設計人":"萬邦建築師事務所",
    "行政區":"新北市",
    "ditrict":"板橋區",
    "地號":"新北市板橋區幸福段903-1地號等41筆",
    "建築物使用類別":"大型空間類建築"
    }
  },
  {
    "type": "Feature",
    "geometry": {
       "type": "Point",
       "coordinates":  [ 121.448178,25.167141 ]
    },
    "properties": {
    "#":662,
    "建築物名稱":"順誠建設淡水海鷗段214地號等1筆(山水悅)",
    "建築物概要":"地下3層，地上9層鋼筋混凝土構造住宿類建築",
    "認可版本":"2009年版",
    "認可等級":"銀級",
    "rank":3,
    "有效期間":"2020年8月27日",
    "valid":"0",
    "認可類別":"標示",
    "設計人":"呂建勳建築師事務所",
    "行政區":"新北市",
    "ditrict":"淡水區",
    "地號":"新北市淡水區海鷗段214地號等1筆",
    "建築物使用類別":"住宿類建築"
    }
  },
  {
    "type": "Feature",
    "geometry": {
       "type": "Point",
       "coordinates":  [ 121.491222,25.008219 ]
    },
    "properties": {
    "#":663,
    "建築物名稱":"遠雄建設新北市中和區華中段6地號住宅大樓新建工程",
    "建築物概要":"地下1層，地上26層鋼骨鋼筋混凝土構造住宿類建築",
    "認可版本":"2009年版",
    "認可等級":"黃金級",
    "rank":4,
    "有效期間":"2020年8月20日",
    "valid":"0",
    "認可類別":"標示",
    "設計人":"李祖原聯合建築師事務所",
    "行政區":"新北市",
    "ditrict":"中和區",
    "地號":"新北市中和區華中段6地號等1筆",
    "建築物使用類別":"住宿類建築"
    }
  },
  {
    "type": "Feature",
    "geometry": {
       "type": "Point",
       "coordinates":  [ 121.470711,25.009962 ]
    },
    "properties": {
    "#":664,
    "建築物名稱":"新北市板橋區海山國民小學老舊校舍整建第二期工程",
    "建築物概要":"地下1層，地上5層鋼筋混凝土構造學校類建築",
    "認可版本":"2009年版",
    "認可等級":"合格級",
    "rank":1,
    "有效期間":"2020年8月17日",
    "valid":"0",
    "認可類別":"標示",
    "設計人":"陳志庸建築師事務所",
    "行政區":"新北市",
    "ditrict":"板橋區",
    "地號":"新北市板橋區中山段577地號等7筆",
    "建築物使用類別":"學校類建築"
    }
  },
  {
    "type": "Feature",
    "geometry": {
       "type": "Point",
       "coordinates":  [ 121.456832,25.046401 ]
    },
    "properties": {
    "#":665,
    "建築物名稱":"新北市新莊區思賢國民小學老舊校舍整建工程",
    "建築物概要":"地下1層，地上5層鋼筋混凝土及鋼骨構造學校類建築",
    "認可版本":"2009年版",
    "認可等級":"合格級",
    "rank":1,
    "有效期間":"2020年8月16日",
    "valid":"0",
    "認可類別":"標示",
    "設計人":"林芳立建築師事務所",
    "行政區":"新北市",
    "ditrict":"新莊區",
    "地號":"新北市新莊區思賢段1002地號等3筆",
    "建築物使用類別":"學校類建築"
    }
  },
  {
    "type": "Feature",
    "geometry": {
       "type": "Point",
       "coordinates":  [ 121.469704,25.094309 ]
    },
    "properties": {
    "#":666,
    "建築物名稱":"信住建設蘆洲區民權段904地號住宅大樓新建工程",
    "建築物概要":"地下3層，地上25層鋼骨鋼筋混凝土構造住宿類建築",
    "認可版本":"2009年版",
    "認可等級":"銀級",
    "rank":3,
    "有效期間":"2020年8月16日",
    "valid":"0",
    "認可類別":"標示",
    "設計人":"三門聯合建築師事務所",
    "行政區":"新北市",
    "ditrict":"蘆洲區",
    "地號":"新北市蘆洲區民權段904地號等1筆",
    "建築物使用類別":"住宿類建築"
    }
  },
  {
    "type": "Feature",
    "geometry": {
       "type": "Point",
       "coordinates":  [ 121.457909,24.98559 ]
    },
    "properties": {
    "#":667,
    "建築物名稱":"新北市土城國民運動中心新建工程",
    "建築物概要":"地下1層，地上4層鋼筋混凝土及鋼構造大型空間類建築",
    "認可版本":"2012年版EEWH-BC",
    "認可等級":"黃金級",
    "rank":4,
    "有效期間":"2020年7月12日",
    "valid":"0",
    "認可類別":"標示",
    "設計人":"曾永信建築師事務所",
    "行政區":"新北市",
    "ditrict":"土城區",
    "地號":"新北市土城區板院段363地號等8筆",
    "建築物使用類別":"大型空間類建築"
    }
  },
  {
    "type": "Feature",
    "geometry": {
       "type": "Point",
       "coordinates":  [ 121.616057,25.001765 ]
    },
    "properties": {
    "#":668,
    "建築物名稱":"深坑區兒童遊戲場、幼兒園暨地下停車場工程",
    "建築物概要":"地下2層，地上1層鋼筋混凝土構造學校類建築",
    "認可版本":"2012年版EEWH-BC",
    "認可等級":"銅級",
    "rank":2,
    "有效期間":"2020年7月6日",
    "valid":"0",
    "認可類別":"標示",
    "設計人":"蕭力仁建築師事務所",
    "行政區":"新北市",
    "ditrict":"深坑區",
    "地號":"新北市深坑區埔新段863-0000地號等12筆",
    "建築物使用類別":"學校類建築"
    }
  },
  {
    "type": "Feature",
    "geometry": {
       "type": "Point",
       "coordinates":  [ 121.486667,24.992713 ]
    },
    "properties": {
    "#":669,
    "建築物名稱":"新北市中和國民運動中心新建工程",
    "建築物概要":"地下2層，地上4層鋼筋混凝土及鋼構造大型空間類建築",
    "認可版本":"2012年版EEWH-BC",
    "認可等級":"黃金級",
    "rank":4,
    "有效期間":"2018年6月24日",
    "valid":"0",
    "認可類別":"標示",
    "設計人":"曾永信建築師事務所",
    "行政區":"新北市",
    "ditrict":"中和區",
    "地號":"新北市中和區錦和段0586-0000地號等3筆",
    "建築物使用類別":"大型空間類建築"
    }
  },
  {
    "type": "Feature",
    "geometry": {
       "type": "Point",
       "coordinates":  [ 121.436336,25.197045 ]
    },
    "properties": {
    "#":670,
    "建築物名稱":"淡水新市路郵局新建工程",
    "建築物概要":"地下2層，地上5層鋼筋混凝土構造辦公廳類建築",
    "認可版本":"2009年版",
    "認可等級":"銅級",
    "rank":2,
    "有效期間":"2018年6月17日",
    "valid":"0",
    "認可類別":"標示",
    "設計人":"喻台生建築師事務所",
    "行政區":"新北市",
    "ditrict":"淡水區",
    "地號":"新北市淡水區新市段0143-0000地號等1筆",
    "建築物使用類別":"辦公廳類建築"
    }
  },
  {
    "type": "Feature",
    "geometry": {
       "type": "Point",
       "coordinates":  [ 121.37891,25.085167 ]
    },
    "properties": {
    "#":671,
    "建築物名稱":"新北市林口區麗林段集合住宅新建工程",
    "建築物概要":"地下4層，地上29層鋼筋混凝土及鋼骨鋼筋混凝土構造住宿類建築",
    "認可版本":"2009年版",
    "認可等級":"銀級",
    "rank":3,
    "有效期間":"2018年6月10日",
    "valid":"0",
    "認可類別":"標示",
    "設計人":"蕭家福聯合建築師事務所",
    "行政區":"新北市",
    "ditrict":"林口區",
    "地號":"新北市林口區麗林段407地號等1筆",
    "建築物使用類別":"住宿類建築"
    }
  },
  {
    "type": "Feature",
    "geometry": {
       "type": "Point",
       "coordinates":  [ 121.393364,25.15167 ]
    },
    "properties": {
    "#":672,
    "建築物名稱":"西濱一次配電變電所新建工程",
    "建築物概要":"地下1層，地上4層鋼筋混凝土構造其他類建築",
    "認可版本":"2009年版",
    "認可等級":"合格級",
    "rank":1,
    "有效期間":"2018年6月1日",
    "valid":"0",
    "認可類別":"標示",
    "設計人":"陳明宏建築師事務所",
    "行政區":"新北市",
    "ditrict":"八里區",
    "地號":"新北市八里區小八里坌段中小段294-3地號等2筆",
    "建築物使用類別":"其他類建築"
    }
  },
  {
    "type": "Feature",
    "geometry": {
       "type": "Point",
       "coordinates":  [ 121.487939,25.054605 ]
    },
    "properties": {
    "#":673,
    "建築物名稱":"新北市三重區國民運動中心新建工程",
    "建築物概要":"地下2層，地上7層鋼筋混凝土及鋼骨構造大型空間類建築",
    "認可版本":"2009年版",
    "認可等級":"黃金級",
    "rank":4,
    "有效期間":"2018年4月30日",
    "valid":"0",
    "認可類別":"標示",
    "設計人":"陳章安建築師事務所",
    "行政區":"新北市",
    "ditrict":"三重區",
    "地號":"新北市三重區重新段壹小段61地號等1筆",
    "建築物使用類別":"大型空間類建築"
    }
  },
  {
    "type": "Feature",
    "geometry": {
       "type": "Point",
       "coordinates":  [ 121.762101,25.102327 ]
    },
    "properties": {
    "#":674,
    "建築物名稱":"瑞亭分隊新建工程",
    "建築物概要":"地上4層鋼筋混凝土構造辦公廳類建築",
    "認可版本":"2012年版EEWH-BC",
    "認可等級":"合格級",
    "rank":1,
    "有效期間":"2018年4月16日",
    "valid":"0",
    "認可類別":"標示",
    "設計人":"楊志宏建築師事務所",
    "行政區":"新北市",
    "ditrict":"瑞芳區",
    "地號":"新北市瑞芳區吉安段1419-01地號等1筆",
    "建築物使用類別":"辦公廳類建築"
    }
  },
  {
    "type": "Feature",
    "geometry": {
       "type": "Point",
       "coordinates":  [ 121.462021,25.155165 ]
    },
    "properties": {
    "#":675,
    "建築物名稱":"淡水海天段集合住宅新建工程",
    "建築物概要":"地下2層，地上10層鋼筋混凝土構造住宿類建築",
    "認可版本":"2009年版",
    "認可等級":"黃金級",
    "rank":4,
    "有效期間":"2018年4月15日",
    "valid":"0",
    "認可類別":"標示",
    "設計人":"長弘建築師事務所",
    "行政區":"新北市",
    "ditrict":"淡水區",
    "地號":"新北市淡水區海天段567地號等2筆",
    "建築物使用類別":"住宿類建築"
    }
  },
  {
    "type": "Feature",
    "geometry": {
       "type": "Point",
       "coordinates":  [ 121.464236,25.084831 ]
    },
    "properties": {
    "#":676,
    "建築物名稱":"陸江聚",
    "建築物概要":"地下2層，地上11層鋼筋混凝土構造住宿類建築",
    "認可版本":"2009年版",
    "認可等級":"黃金級",
    "rank":4,
    "有效期間":"2018年4月12日",
    "valid":"0",
    "認可類別":"標示",
    "設計人":"金以容建築師事務所",
    "行政區":"新北市",
    "ditrict":"蘆洲區",
    "地號":"新北市蘆洲區正義段709地號等4筆",
    "建築物使用類別":"住宿類建築"
    }
  },
  {
    "type": "Feature",
    "geometry": {
       "type": "Point",
       "coordinates":  [ 121.493594,24.992744 ]
    },
    "properties": {
    "#":677,
    "建築物名稱":"衛生福利部雙和醫院(委託臺北醫學大學興建經營)第二醫療大樓新建工程",
    "建築物概要":"地下5層，地上17層鋼筋混凝土構造醫院類建築",
    "認可版本":"2009年版",
    "認可等級":"黃金級",
    "rank":4,
    "有效期間":"2018年3月29日",
    "valid":"0",
    "認可類別":"標示",
    "設計人":"宗邁建築師事務所",
    "行政區":"新北市",
    "ditrict":"中和區",
    "地號":"新北市中和區錦和段38地號等45筆",
    "建築物使用類別":"醫院類建築"
    }
  },
  {
    "type": "Feature",
    "geometry": {
       "type": "Point",
       "coordinates":  [ 121.379808,25.084647 ]
    },
    "properties": {
    "#":678,
    "建築物名稱":"新北市林口區麗林段407-3地號等一筆商業及住宅新建工程",
    "建築物概要":"地下4層，地上29層鋼骨鋼筋混凝土構造，鋼筋混凝土構造住宿類建築",
    "認可版本":"2009年版",
    "認可等級":"銀級",
    "rank":3,
    "有效期間":"2018年3月29日",
    "valid":"0",
    "認可類別":"標示",
    "設計人":"朱騰惠建築師事務所",
    "行政區":"新北市",
    "ditrict":"林口區",
    "地號":"新北市林口區麗林段407-3地號等1筆",
    "建築物使用類別":"住宿類建築"
    }
  },
  {
    "type": "Feature",
    "geometry": {
       "type": "Point",
       "coordinates":  [ 121.465257,25.011377 ]
    },
    "properties": {
    "#":679,
    "建築物名稱":"新板特區曼哈頓金融大廈新建工程",
    "建築物概要":"地下6層，地上22層鋼骨構造辦公廳類建築",
    "認可版本":"2009年版",
    "認可等級":"合格級",
    "rank":1,
    "有效期間":"2018年3月17日",
    "valid":"0",
    "認可類別":"標示",
    "設計人":"曹書生建築師事務所",
    "行政區":"新北市",
    "ditrict":"板橋區",
    "地號":"新北市板橋區新板段三小段24地號等1筆",
    "建築物使用類別":"辦公廳類建築"
    }
  },
  {
    "type": "Feature",
    "geometry": {
       "type": "Point",
       "coordinates":  [ 121.44334,25.034463 ]
    },
    "properties": {
    "#":680,
    "建築物名稱":"詠譽建設新莊區忠孝段集合住宅新建工程",
    "建築物概要":"地下4層，地上18層鋼筋混凝土構造住宿類建築",
    "認可版本":"2009年版",
    "認可等級":"銀級",
    "rank":3,
    "有效期間":"2018年2月12日",
    "valid":"0",
    "認可類別":"標示",
    "設計人":"呂建勳建築師事務所",
    "行政區":"新北市",
    "ditrict":"新莊區",
    "地號":"新北市新莊區忠孝段452地號等1筆(部份使用)",
    "建築物使用類別":"住宿類建築"
    }
  },
  {
    "type": "Feature",
    "geometry": {
       "type": "Point",
       "coordinates":  [ 121.441797,25.186735 ]
    },
    "properties": {
    "#":681,
    "建築物名稱":"新北市淡水區國民運動中心新建工程",
    "建築物概要":"地下2層，地上5層鋼骨構造大型空間類建築",
    "認可版本":"2009年版",
    "認可等級":"黃金級",
    "rank":4,
    "有效期間":"2018年1月19日",
    "valid":"0",
    "認可類別":"標示",
    "設計人":"陳章安建築師事務所",
    "行政區":"新北市",
    "ditrict":"淡水區",
    "地號":"新北市淡水區公司田段79地號等1筆",
    "建築物使用類別":"大型空間類建築"
    }
  },
  {
    "type": "Feature",
    "geometry": {
       "type": "Point",
       "coordinates":  [ 121.461538,25.09097 ]
    },
    "properties": {
    "#":682,
    "建築物名稱":"蘆洲國民運動中心新建工程",
    "建築物概要":"地下1層，地上5層鋼骨鋼筋混凝土構造大型空間類建築",
    "認可版本":"2009年版",
    "認可等級":"黃金級",
    "rank":4,
    "有效期間":"2018年1月13日",
    "valid":"0",
    "認可類別":"標示",
    "設計人":"戴嘉惠建築師事務所",
    "行政區":"新北市",
    "ditrict":"蘆洲區",
    "地號":"新北市蘆洲區正義段187地號等1筆(部分使用)",
    "建築物使用類別":"大型空間類建築"
    }
  },
  {
    "type": "Feature",
    "geometry": {
       "type": "Point",
       "coordinates":  [ 121.543129,24.969719 ]
    },
    "properties": {
    "#":685,
    "建築物名稱":"三圓建設新店行政段集合住宅新建工程-二期",
    "建築物概要":"地下6層，地上21層鋼骨鋼筋混凝土構造住宿類建築",
    "認可版本":"2009年版",
    "認可等級":"合格級",
    "rank":1,
    "有效期間":"2017年12月11日",
    "valid":"0",
    "認可類別":"標示",
    "設計人":"鄧培華建築師事務所",
    "行政區":"新北市",
    "ditrict":"新店區",
    "地號":"新北市新店區行政段0857地號等1筆",
    "建築物使用類別":"住宿類建築"
    }
  },
  {
    "type": "Feature",
    "geometry": {
       "type": "Point",
       "coordinates":  [ 121.680324,25.071801 ]
    },
    "properties": {
    "#":686,
    "建築物名稱":"新北市汐止區保長國民小學勤學樓、勵志樓重建工程",
    "建築物概要":"地下1層，地上4層鋼筋混凝土構造，鋼骨構造學校類建築",
    "認可版本":"2009年版",
    "認可等級":"銅級",
    "rank":2,
    "有效期間":"2017年12月2日",
    "valid":"0",
    "認可類別":"標示",
    "設計人":"蔡忠孝建築師事務所",
    "行政區":"新北市",
    "ditrict":"汐止區",
    "地號":"新北市汐止區長安段1210地號等4筆",
    "建築物使用類別":"學校類建築"
    }
  },
  {
    "type": "Feature",
    "geometry": {
       "type": "Point",
       "coordinates":  [ 121.37099,24.94718 ]
    },
    "properties": {
    "#":687,
    "建築物名稱":"國立臺北大學圖資大樓新建工程",
    "建築物概要":"地下1層，地上7層鋼筋混凝土構造大型空間類建築",
    "認可版本":"2007年更新版",
    "認可等級":"銅級",
    "rank":2,
    "有效期間":"2017年11月9日",
    "valid":"0",
    "認可類別":"標示",
    "設計人":"廖國誠建築師事務所",
    "行政區":"新北市",
    "ditrict":"三峽區",
    "地號":"新北市三峽區大學段一小段191地號等87筆",
    "建築物使用類別":"大型空間類建築"
    }
  },
  {
    "type": "Feature",
    "geometry": {
       "type": "Point",
       "coordinates":  [ 121.454907,25.059295 ]
    },
    "properties": {
    "#":688,
    "建築物名稱":"遠雄建設新莊副都心段一小段27地號住商大樓新建工程",
    "建築物概要":"地下4層，地上24層鋼筋混凝土構造住宿類建築",
    "認可版本":"2009年版",
    "認可等級":"銀級",
    "rank":3,
    "有效期間":"2017年10月20日",
    "valid":"0",
    "認可類別":"標示",
    "設計人":"李祖原聯合建築師事務所",
    "行政區":"新北市",
    "ditrict":"新莊區",
    "地號":"新北市新莊區副都心段一小段27地號等1筆",
    "建築物使用類別":"住宿類建築"
    }
  },
  {
    "type": "Feature",
    "geometry": {
       "type": "Point",
       "coordinates":  [ 121.455859,25.059965 ]
    },
    "properties": {
    "#":689,
    "建築物名稱":"新北市新莊區副都心段一小段10地號住商大樓新建工程",
    "建築物概要":"地下5層，地上25層鋼筋混凝土構造住宿類建築",
    "認可版本":"2009年版",
    "認可等級":"黃金級",
    "rank":4,
    "有效期間":"2017年10月20日",
    "valid":"0",
    "認可類別":"標示",
    "設計人":"李祖原聯合建築師事務所",
    "行政區":"新北市",
    "ditrict":"新莊區",
    "地號":"新北市新莊區副都心段一小段0010地號等1筆",
    "建築物使用類別":"住宿類建築"
    }
  },
  {
    "type": "Feature",
    "geometry": {
       "type": "Point",
       "coordinates":  [ 121.444866,25.186314 ]
    },
    "properties": {
    "#":690,
    "建築物名稱":"新北市淡水區新市國民小學校舍新建建築工程",
    "建築物概要":"地下1層、地上4層鋼筋混凝土構造學校類建築",
    "認可版本":"2009年版",
    "認可等級":"鑽石級",
    "rank":5,
    "有效期間":"2017年10月16日",
    "valid":"0",
    "認可類別":"標示",
    "設計人":"石昭永建築師事務所",
    "行政區":"新北市",
    "ditrict":"淡水區",
    "地號":"新北市淡水區公司田段62地號等1筆",
    "建築物使用類別":"學校類建築"
    }
  },
  {
    "type": "Feature",
    "geometry": {
       "type": "Point",
       "coordinates":  [ 121.37962,25.083469 ]
    },
    "properties": {
    "#":691,
    "建築物名稱":"益騏林口麗林段店舖、集合住宅新建工程",
    "建築物概要":"地下3層，地上19層鋼筋混凝土構造住宿類建築",
    "認可版本":"2009年版",
    "認可等級":"合格級",
    "rank":1,
    "有效期間":"2017年10月8日",
    "valid":"0",
    "認可類別":"標示",
    "設計人":"閤康聯合建築師事務所",
    "行政區":"新北市",
    "ditrict":"林口區",
    "地號":"新北市林口區麗林段407-4地號等2筆",
    "建築物使用類別":"住宿類建築"
    }
  },
  {
    "type": "Feature",
    "geometry": {
       "type": "Point",
       "coordinates":  [ 121.484703,25.012687 ]
    },
    "properties": {
    "#":692,
    "建築物名稱":"遠雄建設左岸彩虹園社區案新建工程",
    "建築物概要":"地下1層，地上26層鋼筋混凝土構造住宿類建築",
    "認可版本":"2009年版",
    "認可等級":"銀級",
    "rank":3,
    "有效期間":"2017年9月25日",
    "valid":"0",
    "認可類別":"標示",
    "設計人":"李祖原聯合建築師事務所",
    "行政區":"新北市",
    "ditrict":"中和區",
    "地號":"新北市中和區華中段64地號等1筆",
    "建築物使用類別":"住宿類建築"
    }
  },
  {
    "type": "Feature",
    "geometry": {
       "type": "Point",
       "coordinates":  [ 121.488502,25.009434 ]
    },
    "properties": {
    "#":693,
    "建築物名稱":"遠雄建設左岸玫瑰園社區案新建工程",
    "建築物概要":"地下1層，地上24層鋼筋混凝土構造住宿類建築",
    "認可版本":"2009年版",
    "認可等級":"銀級",
    "rank":3,
    "有效期間":"2017年7月27日",
    "valid":"0",
    "認可類別":"標示",
    "設計人":"李祖原聯合建築師事務所",
    "行政區":"新北市",
    "ditrict":"中和區",
    "地號":"新北市中和區華中段0019-0000地號等1筆",
    "建築物使用類別":"住宿類建築"
    }
  },
  {
    "type": "Feature",
    "geometry": {
       "type": "Point",
       "coordinates":  [ 121.456179,25.160469 ]
    },
    "properties": {
    "#":694,
    "建築物名稱":"中國建築經理股份有限公司淡水區海鷗段1021地號1筆土地新建工程",
    "建築物概要":"地下6層，地上41層鋼骨構造住宿類建築",
    "認可版本":"2012年版EEWH-RS",
    "認可等級":"合格級",
    "rank":1,
    "有效期間":"2017年6月26日",
    "valid":"0",
    "認可類別":"標示",
    "設計人":"李祖原聯合建築師事務所 郭秋利建築師事務所",
    "行政區":"新北市",
    "ditrict":"淡水區",
    "地號":"新北市淡水區海鷗段1021地號等1筆",
    "建築物使用類別":"住宿類建築"
    }
  },
  {
    "type": "Feature",
    "geometry": {
       "type": "Point",
       "coordinates":  [ 121.467,25.013452 ]
    },
    "properties": {
    "#":695,
    "建築物名稱":"遠東百貨板橋購物中心第二期辦公大樓",
    "建築物概要":"地下4層，地上50層鋼骨構造百貨商場類建築",
    "認可版本":"2007年更新版",
    "認可等級":"銀級",
    "rank":3,
    "有效期間":"2017年6月26日",
    "valid":"0",
    "認可類別":"標示",
    "設計人":"大元聯合建築師事務所",
    "行政區":"新北市",
    "ditrict":"板橋區",
    "地號":"新北市板橋區新板段二小段8地號等1筆",
    "建築物使用類別":"百貨商場類建築"
    }
  },
  {
    "type": "Feature",
    "geometry": {
       "type": "Point",
       "coordinates":  [ 121.363708,24.936721 ]
    },
    "properties": {
    "#":696,
    "建築物名稱":"新北市政府稅捐稽徵處三鶯分處辦公廳舍新建工程",
    "建築物概要":"地下1層，地上4層鋼筋混凝土構造辦公廳類建築",
    "認可版本":"2009年版",
    "認可等級":"合格級",
    "rank":1,
    "有效期間":"2017年6月26日",
    "valid":"0",
    "認可類別":"標示",
    "設計人":"蕭力仁建築師事務所",
    "行政區":"新北市",
    "ditrict":"三峽區",
    "地號":"新北市三峽區仁愛段360-1地號等3筆",
    "建築物使用類別":"辦公廳類建築"
    }
  },
  {
    "type": "Feature",
    "geometry": {
       "type": "Point",
       "coordinates":  [ 121.460409,25.054659 ]
    },
    "properties": {
    "#":697,
    "建築物名稱":"冠德鼎峰大樓新建工程",
    "建築物概要":"地下4層，地上25層鋼筋混凝土構造住宿類建築",
    "認可版本":"2009年版",
    "認可等級":"銀級",
    "rank":3,
    "有效期間":"2017年6月9日",
    "valid":"0",
    "認可類別":"標示",
    "設計人":"簡志聰建築師事務所 周夢龍建築師事務所",
    "行政區":"新北市",
    "ditrict":"新莊區",
    "地號":"新北市新莊區中原段175地號等1筆",
    "建築物使用類別":"住宿類建築"
    }
  },
  {
    "type": "Feature",
    "geometry": {
       "type": "Point",
       "coordinates":  [ 121.458908,25.061803 ]
    },
    "properties": {
    "#":699,
    "建築物名稱":"台灣桃園國際機場聯外捷運系統建設計畫A3(新北產業園區)車站",
    "建築物概要":"地上3層鋼筋混凝土及鋼骨構造大型空間類建築",
    "認可版本":"2007年更新版",
    "認可等級":"銅級",
    "rank":2,
    "有效期間":"2017年6月3日",
    "valid":"0",
    "認可類別":"標示",
    "設計人":"林信忠建築師事務所",
    "行政區":"新北市",
    "ditrict":"新莊區",
    "地號":"新莊區興化段731等地號",
    "建築物使用類別":"大型空間類建築"
    }
  },
  {
    "type": "Feature",
    "geometry": {
       "type": "Point",
       "coordinates":  [ 121.446086,25.059333 ]
    },
    "properties": {
    "#":700,
    "建築物名稱":"台灣桃園國際機場聯外捷運系統建設計畫A4(新莊副都心站)車站",
    "建築物概要":"地上5層鋼筋混凝土構造及鋼骨構造大型空間類建築",
    "認可版本":"2007年更新版",
    "認可等級":"銅級",
    "rank":2,
    "有效期間":"2017年6月3日",
    "valid":"0",
    "認可類別":"標示",
    "設計人":"林信忠建築師事務所",
    "行政區":"新北市",
    "ditrict":"新莊區",
    "地號":"新莊區興化段903及泰山區泰山段155等地號共30筆",
    "建築物使用類別":"大型空間類建築"
    }
  },
  {
    "type": "Feature",
    "geometry": {
       "type": "Point",
       "coordinates":  [ 121.417559,25.021992 ]
    },
    "properties": {
    "#":701,
    "建築物名稱":"福營第二分隊暨裕民行政大樓廳舍新建工程",
    "建築物概要":"地下1層，地上7層鋼筋混凝土構造辦公廳類建築",
    "認可版本":"2007年更新版",
    "認可等級":"合格級",
    "rank":1,
    "有效期間":"2017年6月2日",
    "valid":"0",
    "認可類別":"標示",
    "設計人":"吳旗清建築師事務所",
    "行政區":"新北市",
    "ditrict":"新莊區",
    "地號":"新北市新莊區龍鳳段522-3地號等11筆",
    "建築物使用類別":"辦公廳類建築"
    }
  },
  {
    "type": "Feature",
    "geometry": {
       "type": "Point",
       "coordinates":  [ 121.481211,25.069567 ]
    },
    "properties": {
    "#":702,
    "建築物名稱":"新北市立三重高級商工職業學校模具實習工廠整建工程",
    "建築物概要":"地上4層鋼筋混凝土構造學校類建築",
    "認可版本":"2009年版",
    "認可等級":"合格級",
    "rank":1,
    "有效期間":"2017年6月2日",
    "valid":"0",
    "認可類別":"標示",
    "設計人":"黃振東建築師事務所",
    "行政區":"新北市",
    "ditrict":"三重區",
    "地號":"新北市三重區永德段1011地號等1筆",
    "建築物使用類別":"學校類建築"
    }
  },
  {
    "type": "Feature",
    "geometry": {
       "type": "Point",
       "coordinates":  [ 121.544167,24.978589 ]
    },
    "properties": {
    "#":703,
    "建築物名稱":"合寶開發新店寶強路溫泉案",
    "建築物概要":"地下4層，地上29層鋼骨鋼筋混凝土構造住宿類建築",
    "認可版本":"2007年更新版",
    "認可等級":"銀級",
    "rank":3,
    "有效期間":"2017年5月22日",
    "valid":"0",
    "認可類別":"標示",
    "設計人":"張維哲建築師事務所",
    "行政區":"新北市",
    "ditrict":"新店區",
    "地號":"新北市新店區寶強段589地號等1筆",
    "建築物使用類別":"住宿類建築"
    }
  },
  {
    "type": "Feature",
    "geometry": {
       "type": "Point",
       "coordinates":  [ 121.471281,25.093418 ]
    },
    "properties": {
    "#":704,
    "建築物名稱":"蘆洲民權段拾貳層集合住宅新建工程",
    "建築物概要":"地下2層，地上12層鋼筋混凝土構造住宿類建築",
    "認可版本":"2009年版",
    "認可等級":"銀級",
    "rank":3,
    "有效期間":"2017年5月15日",
    "valid":"0",
    "認可類別":"標示",
    "設計人":"張從仁建築師事務所",
    "行政區":"新北市",
    "ditrict":"蘆洲區",
    "地號":"新北市蘆洲區民權段695地號等2筆",
    "建築物使用類別":"住宿類建築"
    }
  },
  {
    "type": "Feature",
    "geometry": {
       "type": "Point",
       "coordinates":  [ 121.48519,25.012901 ]
    },
    "properties": {
    "#":705,
    "建築物名稱":"遠雄人壽左岸采梅園社區案新建工程",
    "建築物概要":"地下1層，地上23層鋼筋混凝土構造住宿類建築",
    "認可版本":"2009年版",
    "認可等級":"黃金級",
    "rank":4,
    "有效期間":"2017年5月8日",
    "valid":"0",
    "認可類別":"標示",
    "設計人":"李祖原聯合建築師事務所",
    "行政區":"新北市",
    "ditrict":"中和區",
    "地號":"新北市中和區華中段61-00地號等1筆",
    "建築物使用類別":"住宿類建築"
    }
  },
  {
    "type": "Feature",
    "geometry": {
       "type": "Point",
       "coordinates":  [ 121.469404,25.023419 ]
    },
    "properties": {
    "#":706,
    "建築物名稱":"山圓建設板橋市文化路集合住宅新建工程",
    "建築物概要":"地下7層，地上46層鋼骨構造住宿類建築",
    "認可版本":"2005年更新版",
    "認可等級":"合格級",
    "rank":1,
    "有效期間":"2017年5月6日",
    "valid":"0",
    "認可類別":"標示",
    "設計人":"鄧培華建築師事務所",
    "行政區":"新北市",
    "ditrict":"板橋區",
    "地號":"新北市板橋區文化段1198地號等1筆",
    "建築物使用類別":"住宿類建築"
    }
  },
  {
    "type": "Feature",
    "geometry": {
       "type": "Point",
       "coordinates":  [ 121.382421,24.95046 ]
    },
    "properties": {
    "#":711,
    "建築物名稱":"新北市立桃子腳國民中小學第二期校舍新建工程案",
    "建築物概要":"地下1層，地上3層鋼筋混凝土構造學校類建築",
    "認可版本":"2009年版",
    "認可等級":"合格級",
    "rank":1,
    "有效期間":"2017年4月13日",
    "valid":"0",
    "認可類別":"標示",
    "設計人":"景象建築師事務所",
    "行政區":"新北市",
    "ditrict":"樹林區",
    "地號":"新北市樹林區大學段二小段16地號等2筆",
    "建築物使用類別":"學校類建築"
    }
  },
  {
    "type": "Feature",
    "geometry": {
       "type": "Point",
       "coordinates":  [ 121.807487,25.107666 ]
    },
    "properties": {
    "#":712,
    "建築物名稱":"新北市政府警察局瑞芳分局、民政局瑞芳戶政事務所暨消防局瑞芳分隊廳舍共構改建工程",
    "建築物概要":"地下1層，地上7層鋼筋混凝土構造辦公廳類建築",
    "認可版本":"2007年更新版",
    "認可等級":"銅級",
    "rank":2,
    "有效期間":"2017年3月16日",
    "valid":"0",
    "認可類別":"標示",
    "設計人":"吳旗清建築師事務所",
    "行政區":"新北市",
    "ditrict":"瑞芳區",
    "地號":"新北市瑞芳區明燈段466地號等4筆",
    "建築物使用類別":"辦公廳類建築"
    }
  },
  {
    "type": "Feature",
    "geometry": {
       "type": "Point",
       "coordinates":  [ 121.476112,25.007467 ]
    },
    "properties": {
    "#":715,
    "建築物名稱":"昇陽建設中和民富段集合住宅新建工程",
    "建築物概要":"地下4層，地上23層鋼筋混凝土構造住宿類建築",
    "認可版本":"2009年版",
    "認可等級":"銅級",
    "rank":2,
    "有效期間":"2016年11月21日",
    "valid":"0",
    "認可類別":"標示",
    "設計人":"陳聰亨建築師事務所",
    "行政區":"新北市",
    "ditrict":"中和區",
    "地號":"新北市中和區民富段693地號等2筆",
    "建築物使用類別":"住宿類建築"
    }
  },
  {
    "type": "Feature",
    "geometry": {
       "type": "Point",
       "coordinates":  [ 121.444196,25.055866 ]
    },
    "properties": {
    "#":716,
    "建築物名稱":"新莊副都心中央合署辦公大樓新建工程",
    "建築物概要":"地下4層，地上18層鋼骨鋼筋混凝土構造辦公廳類建築",
    "認可版本":"2007年更新版",
    "認可等級":"鑽石級",
    "rank":5,
    "有效期間":"2016年11月12日",
    "valid":"0",
    "認可類別":"標示",
    "設計人":"吳明修建築師事務所",
    "行政區":"新北市",
    "ditrict":"新莊區",
    "地號":"新北市新莊區副都心段一小段410地號等7筆",
    "建築物使用類別":"辦公廳類建築"
    }
  },
  {
    "type": "Feature",
    "geometry": {
       "type": "Point",
       "coordinates":  [ 121.456537,25.059958 ]
    },
    "properties": {
    "#":718,
    "建築物名稱":"遠雄人壽海德公園社區案新建工程",
    "建築物概要":"地下4層，地上25層鋼骨鋼筋混凝土構造住宿類建築",
    "認可版本":"2009年版",
    "認可等級":"銀級",
    "rank":3,
    "有效期間":"2016年11月6日",
    "valid":"0",
    "認可類別":"標示",
    "設計人":"李祖原聯合建築師事務所",
    "行政區":"新北市",
    "ditrict":"新莊區",
    "地號":"新北市新莊區副都心段一小段9地號等1筆",
    "建築物使用類別":"住宿類建築"
    }
  },
  {
    "type": "Feature",
    "geometry": {
       "type": "Point",
       "coordinates":  [ 121.456984,25.059267 ]
    },
    "properties": {
    "#":719,
    "建築物名稱":"遠雄建設中央公園社區案新建工程",
    "建築物概要":"地下4層，地上26層鋼骨鋼筋混凝土構造住宿類建築",
    "認可版本":"2009年版",
    "認可等級":"銀級",
    "rank":3,
    "有效期間":"2016年11月5日",
    "valid":"0",
    "認可類別":"標示",
    "設計人":"李祖原聯合建築師事務所",
    "行政區":"新北市",
    "ditrict":"新莊區",
    "地號":"新北市新莊區副都心段一小段32地號等1筆",
    "建築物使用類別":"住宿類建築"
    }
  },
  {
    "type": "Feature",
    "geometry": {
       "type": "Point",
       "coordinates":  [ 121.514417,24.93326 ]
    },
    "properties": {
    "#":721,
    "建築物名稱":"華固新店華城禾豐住宅新建工程(D區)",
    "建築物概要":"地下1層，地上4層鋼筋混凝土構造住宿類建築",
    "認可版本":"2009年版",
    "認可等級":"銀級",
    "rank":3,
    "有效期間":"2016年10月27日",
    "valid":"0",
    "認可類別":"標示",
    "設計人":"元宏聯合建築師事務所",
    "行政區":"新北市",
    "ditrict":"新店區",
    "地號":"新北市新店區禾豐二段162-1、163-3、163-4、163-5地號等4筆",
    "建築物使用類別":"住宿類建築"
    }
  },
  {
    "type": "Feature",
    "geometry": {
       "type": "Point",
       "coordinates":  [ 121.514252,24.93339 ]
    },
    "properties": {
    "#":722,
    "建築物名稱":"華固新店華城禾豐住宅新建工程(E區)",
    "建築物概要":"地下1層，地上3層鋼筋混凝土構造辦公廳類建築",
    "認可版本":"2009年版",
    "認可等級":"銀級",
    "rank":3,
    "有效期間":"2016年10月27日",
    "valid":"0",
    "認可類別":"標示",
    "設計人":"元宏聯合建築師事務所",
    "行政區":"新北市",
    "ditrict":"新店區",
    "地號":"新北市新店區禾豐二段162地號等1筆",
    "建築物使用類別":"辦公廳類建築"
    }
  },
  {
    "type": "Feature",
    "geometry": {
       "type": "Point",
       "coordinates":  [ 121.399548,25.067847 ]
    },
    "properties": {
    "#":724,
    "建築物名稱":"國立臺灣師範大學林口校區資訊與教學大樓新建工程",
    "建築物概要":"地下1層，地上8層鋼筋混凝土構造，鋼骨構造學校類建築",
    "認可版本":"2007年更新版",
    "認可等級":"合格級",
    "rank":1,
    "有效期間":"2016年10月17日",
    "valid":"0",
    "認可類別":"標示",
    "設計人":"潘冀聯合建築師事務所",
    "行政區":"新北市",
    "ditrict":"林口區",
    "地號":"新北市林口區菁埔段新寮小段0039-0008地號等4筆",
    "建築物使用類別":"學校類建築"
    }
  },
  {
    "type": "Feature",
    "geometry": {
       "type": "Point",
       "coordinates":  [ 121.335858,24.941855 ]
    },
    "properties": {
    "#":725,
    "建築物名稱":"聖俯建設鶯歌二橋段集合住宅新建工程",
    "建築物概要":"地下2層，地上11層鋼筋混凝土構造住宿類建築",
    "認可版本":"2007年更新版",
    "認可等級":"合格級",
    "rank":1,
    "有效期間":"2016年10月2日",
    "valid":"0",
    "認可類別":"標示",
    "設計人":"王金村建築師事務所",
    "行政區":"新北市",
    "ditrict":"鶯歌區",
    "地號":"新北市鶯歌區二橋段556地號等1筆",
    "建築物使用類別":"住宿類建築"
    }
  },
  {
    "type": "Feature",
    "geometry": {
       "type": "Point",
       "coordinates":  [ 121.519971,25.004243 ]
    },
    "properties": {
    "#":726,
    "建築物名稱":"永利分隊新建工程",
    "建築物概要":"地下2層，地上7層鋼筋混凝土構造辦公廳類建築",
    "認可版本":"2007年更新版",
    "認可等級":"銅級",
    "rank":2,
    "有效期間":"2016年10月1日",
    "valid":"0",
    "認可類別":"標示",
    "設計人":"余建宏建築師事務所",
    "行政區":"新北市",
    "ditrict":"永和區",
    "地號":"新北市永和區永利段814-1地號等3筆",
    "建築物使用類別":"辦公廳類建築"
    }
  },
  {
    "type": "Feature",
    "geometry": {
       "type": "Point",
       "coordinates":  [ 121.459999,25.01174 ]
    },
    "properties": {
    "#":727,
    "建築物名稱":"財政部北區國稅局板橋分局辦公廳舍新建工程",
    "建築物概要":"地下3層，地上10層鋼筋混凝土構造辦公廳類建築",
    "認可版本":"2007年更新版",
    "認可等級":"合格級",
    "rank":1,
    "有效期間":"2016年8月26日",
    "valid":"0",
    "認可類別":"標示",
    "設計人":"朱信忠建築師事務所",
    "行政區":"新北市",
    "ditrict":"板橋區",
    "地號":"新北市板橋區府中段750-1地號等8筆",
    "建築物使用類別":"辦公廳類建築"
    }
  },
  {
    "type": "Feature",
    "geometry": {
       "type": "Point",
       "coordinates":  [ 121.469341,25.076615 ]
    },
    "properties": {
    "#":728,
    "建築物名稱":"成功消防分隊暨里民活動中心新建工程",
    "建築物概要":"地下1層，地上7層鋼筋混凝土構造辦公廳類建築",
    "認可版本":"2007年更新版",
    "認可等級":"銅級",
    "rank":2,
    "有效期間":"2016年8月26日",
    "valid":"0",
    "認可類別":"標示",
    "設計人":"楊志宏建築師事務所",
    "行政區":"新北市",
    "ditrict":"蘆洲區",
    "地號":"新北市蘆洲區中山段0843地號等2筆",
    "建築物使用類別":"辦公廳類建築"
    }
  },
  {
    "type": "Feature",
    "geometry": {
       "type": "Point",
       "coordinates":  [ 121.450058,25.005633 ]
    },
    "properties": {
    "#":729,
    "建築物名稱":"國立臺灣藝術大學「影音藝術大樓新建工程」",
    "建築物概要":"地下1層，地上10層鋼筋混凝土構造學校類建築",
    "認可版本":"2005年更新版",
    "認可等級":"合格級",
    "rank":1,
    "有效期間":"2016年8月18日",
    "valid":"0",
    "認可類別":"標示",
    "設計人":"明德建築師事務所",
    "行政區":"新北市",
    "ditrict":"板橋區",
    "地號":"新北市板橋區大觀段116-1地號等13筆",
    "建築物使用類別":"學校類建築"
    }
  },
  {
    "type": "Feature",
    "geometry": {
       "type": "Point",
       "coordinates":  [ 121.453774,25.001265 ]
    },
    "properties": {
    "#":730,
    "建築物名稱":"局本部暨搜救隊新建工程",
    "建築物概要":"地下2層，地上10層鋼筋混凝土構造，鋼骨鋼筋混凝土構造辦公廳類建築",
    "認可版本":"2009年版",
    "認可等級":"黃金級",
    "rank":4,
    "有效期間":"2016年8月5日",
    "valid":"0",
    "認可類別":"標示",
    "設計人":"劉漢卿建築師事務所",
    "行政區":"新北市",
    "ditrict":"板橋區",
    "地號":"新北市板橋區亞東段596地號等5筆",
    "建築物使用類別":"辦公廳類建築"
    }
  },
  {
    "type": "Feature",
    "geometry": {
       "type": "Point",
       "coordinates":  [ 121.448274,25.039676 ]
    },
    "properties": {
    "#":731,
    "建築物名稱":"新莊國民運動中心",
    "建築物概要":"地下3層，地上3層鋼骨鋼筋混凝土構造大型空間類建築",
    "認可版本":"2007年更新版",
    "認可等級":"銀級",
    "rank":3,
    "有效期間":"2016年7月25日",
    "valid":"0",
    "認可類別":"標示",
    "設計人":"竹間聯合建築師事務所",
    "行政區":"新北市",
    "ditrict":"新莊區",
    "地號":"新北市新莊區復興段118地號等1筆",
    "建築物使用類別":"大型空間類建築"
    }
  },
  {
    "type": "Feature",
    "geometry": {
       "type": "Point",
       "coordinates":  [ 121.433581,25.020225 ]
    },
    "properties": {
    "#":732,
    "建築物名稱":"新北市新莊區勞工中心新建工程",
    "建築物概要":"地下2層，地上7層鋼筋混凝土構造大型空間類建築",
    "認可版本":"2007年更新版",
    "認可等級":"銅級",
    "rank":2,
    "有效期間":"2016年7月14日",
    "valid":"0",
    "認可類別":"標示",
    "設計人":"蕭力仁建築師事務所",
    "行政區":"新北市",
    "ditrict":"新莊區",
    "地號":"新北市新莊區光榮段334地號等1筆",
    "建築物使用類別":"大型空間類建築"
    }
  },
  {
    "type": "Feature",
    "geometry": {
       "type": "Point",
       "coordinates":  [ 121.455146,25.059474 ]
    },
    "properties": {
    "#":733,
    "建築物名稱":"興富發建設新莊副都心段一小段12、28地號商業大樓新建工程",
    "建築物概要":"地下4層，地上28層鋼骨構造辦公廳類建築",
    "認可版本":"2009年版",
    "認可等級":"黃金級",
    "rank":4,
    "有效期間":"2016年6月26日",
    "valid":"0",
    "認可類別":"標示",
    "設計人":"梁正芳建築師事務所",
    "行政區":"新北市",
    "ditrict":"新莊區",
    "地號":"新北市新莊區副都心段一小段0012-0000地號等1筆",
    "建築物使用類別":"辦公廳類建築"
    }
  },
  {
    "type": "Feature",
    "geometry": {
       "type": "Point",
       "coordinates":  [ 121.376706,24.944641 ]
    },
    "properties": {
    "#":734,
    "建築物名稱":"皇翔建設三峽大學段二十八層住商大樓新建工程",
    "建築物概要":"地下5層，地上28層，鋼筋混凝土構造住宿類建築",
    "認可版本":"2007年更新版",
    "認可等級":"銀級",
    "rank":3,
    "有效期間":"2016年6月24日",
    "valid":"0",
    "認可類別":"標示",
    "設計人":"三大聯合建築師事務所",
    "行政區":"新北市",
    "ditrict":"三峽區",
    "地號":"新北市三峽區大學段一小段52地號等1筆",
    "建築物使用類別":"住宿類建築"
    }
  },
  {
    "type": "Feature",
    "geometry": {
       "type": "Point",
       "coordinates":  [ 121.483645,25.0016 ]
    },
    "properties": {
    "#":735,
    "建築物名稱":"中和市民樂停車場新建工程委託規劃設計監造",
    "建築物概要":"地下1層，地上6層鋼筋混凝土構造其他類建築",
    "認可版本":"2007年更新版",
    "認可等級":"合格級",
    "rank":1,
    "有效期間":"2016年6月5日",
    "valid":"0",
    "認可類別":"標示",
    "設計人":"王正源建築師事務所",
    "行政區":"新北市",
    "ditrict":"中和區",
    "地號":"新北市中和區民樂段790地號等7筆",
    "建築物使用類別":"其他類建築"
    }
  },
  {
    "type": "Feature",
    "geometry": {
       "type": "Point",
       "coordinates":  [ 121.533353,24.970893 ]
    },
    "properties": {
    "#":736,
    "建築物名稱":"捷運新店線新店機廠聯合開發新建工程",
    "建築物概要":"地下3層，地上29層鋼骨構造，鋼筋混凝土構造住宿類建築",
    "認可版本":"2009年版",
    "認可等級":"銀級",
    "rank":3,
    "有效期間":"2016年5月21日",
    "valid":"0",
    "認可類別":"標示",
    "設計人":"李祖原聯合建築師事務所",
    "行政區":"新北市",
    "ditrict":"新店區",
    "地號":"新北市新店區中正段165地號等3筆",
    "建築物使用類別":"住宿類建築"
    }
  },
  {
    "type": "Feature",
    "geometry": {
       "type": "Point",
       "coordinates":  [ 121.424708,24.962895 ]
    },
    "properties": {
    "#":737,
    "建築物名稱":"頂科一次配電變電所",
    "建築物概要":"地下1層，地上6層鋼筋混凝土構造其他類建築",
    "認可版本":"2007年更新版",
    "認可等級":"合格級",
    "rank":1,
    "有效期間":"2016年5月16日",
    "valid":"0",
    "認可類別":"標示",
    "設計人":"張仲怡建築師事務所",
    "行政區":"新北市",
    "ditrict":"土城區",
    "地號":"新北市土城區沛陂段384地號等1筆",
    "建築物使用類別":"其他類建築"
    }
  },
  {
    "type": "Feature",
    "geometry": {
       "type": "Point",
       "coordinates":  [ 121.372131,25.082678 ]
    },
    "properties": {
    "#":739,
    "建築物名稱":"新北市林口區頭湖國民小學校舍新建建築工程",
    "建築物概要":"地下1層、地上3層鋼筋混凝土構造學校類建築",
    "認可版本":"2007年更新版",
    "認可等級":"鑽石級",
    "rank":5,
    "有效期間":"2016年5月12日",
    "valid":"0",
    "認可類別":"標示",
    "設計人":"石昭永建築師事務所",
    "行政區":"新北市",
    "ditrict":"林口區",
    "地號":"新北市林口區力行段493地號等1筆",
    "建築物使用類別":"學校類建築"
    }
  },
  {
    "type": "Feature",
    "geometry": {
       "type": "Point",
       "coordinates":  [ 121.539623,24.956524 ]
    },
    "properties": {
    "#":741,
    "建築物名稱":"臺北縣立文山國民中學第一期校舍工程",
    "建築物概要":"地上6層鋼筋混凝土構造學校類建築",
    "認可版本":"2007年更新版",
    "認可等級":"銅級",
    "rank":2,
    "有效期間":"2016年5月5日",
    "valid":"0",
    "認可類別":"標示",
    "設計人":"林芳立建築師事務所",
    "行政區":"新北市",
    "ditrict":"新店區",
    "地號":"新北市新店區文山段644地號等22筆",
    "建築物使用類別":"學校類建築"
    }
  },
  {
    "type": "Feature",
    "geometry": {
       "type": "Point",
       "coordinates":  [ 121.773342,25.100304 ]
    },
    "properties": {
    "#":742,
    "建築物名稱":"瑞芳工商綜合區物流專區新建工程(B4區)",
    "建築物概要":"地上2層鋼骨構造大型空間類建築",
    "認可版本":"2009年版",
    "認可等級":"銀級",
    "rank":3,
    "有效期間":"2016年4月18日",
    "valid":"0",
    "認可類別":"標示",
    "設計人":"李肇基建築師事務所",
    "行政區":"新北市",
    "ditrict":"瑞芳區",
    "地號":"新北市瑞芳區四腳亭段楓子瀨小段144-40地號等2筆",
    "建築物使用類別":"大型空間類建築"
    }
  },
  {
    "type": "Feature",
    "geometry": {
       "type": "Point",
       "coordinates":  [ 121.439426,25.188598 ]
    },
    "properties": {
    "#":743,
    "建築物名稱":"寶贊開發淡水公司田段集合住宅新建工程",
    "建築物概要":"地下3層，地上14層鋼筋混凝土構造住宿類建築",
    "認可版本":"2007年更新版",
    "認可等級":"合格級",
    "rank":1,
    "有效期間":"2016年4月11日",
    "valid":"0",
    "認可類別":"標示",
    "設計人":"許義明建築師事務所",
    "行政區":"新北市",
    "ditrict":"淡水區",
    "地號":"新北市淡水區公司田段121地號等1筆",
    "建築物使用類別":"住宿類建築"
    }
  },
  {
    "type": "Feature",
    "geometry": {
       "type": "Point",
       "coordinates":  [ 121.525319,24.983116 ]
    },
    "properties": {
    "#":794,
    "建築物名稱":"溪園營區電訊及生活大樓新建工程",
    "建築物概要":"地下1層，地上6層鋼筋混凝土構造辦公廳類建築",
    "認可版本":"2007年更新版",
    "認可等級":"合格級",
    "rank":1,
    "有效期間":"已失效",
    "valid":"0",
    "認可類別":"標示",
    "設計人":"林同華建築師事務所",
    "行政區":"新北市",
    "ditrict":"新店區",
    "地號":"新店區中央段294、295、458等14筆地號",
    "建築物使用類別":"辦公廳類建築"
    }
  },
  {
    "type": "Feature",
    "geometry": {
       "type": "Point",
       "coordinates":  [ 121.473489,25.084937 ]
    },
    "properties": {
    "#":796,
    "建築物名稱":"三重蘆洲郵局改建工程",
    "建築物概要":"地下2層，地上6層鋼筋混凝土構造辦公廳類建築",
    "認可版本":"2005年更新版",
    "認可等級":"免評估",
    "rank":0,
    "有效期間":"已失效",
    "valid":"0",
    "認可類別":"標示",
    "設計人":"中華郵政股份有限公司資產營運處",
    "行政區":"新北市",
    "ditrict":"蘆洲區",
    "地號":"新北市蘆洲區保和段269地號等1筆",
    "建築物使用類別":"辦公廳類建築"
    }
  },
  {
    "type": "Feature",
    "geometry": {
       "type": "Point",
       "coordinates":  [ 121.689834,25.178185 ]
    },
    "properties": {
    "#":798,
    "建築物名稱":"新北市萬里區衛生所",
    "建築物概要":"地下1層，地上3層鋼筋混凝土構造辦公廳類建築",
    "認可版本":"2007年更新版",
    "認可等級":"合格級",
    "rank":1,
    "有效期間":"已失效",
    "valid":"0",
    "認可類別":"標示",
    "設計人":"三能建築師事務所",
    "行政區":"新北市",
    "ditrict":"萬里區",
    "地號":"新北市萬里區萬里段1147-0000地號等17筆",
    "建築物使用類別":"辦公廳類建築"
    }
  },
  {
    "type": "Feature",
    "geometry": {
       "type": "Point",
       "coordinates":  [ 121.45604,25.037273 ]
    },
    "properties": {
    "#":799,
    "建築物名稱":"新北市新莊區新莊國民小學九十五年度老舊危險校舍(前棟教室)整建計畫工程",
    "建築物概要":"地下1層，地上5層鋼筋混凝土構造學校類建築",
    "認可版本":"2007年更新版",
    "認可等級":"銅級",
    "rank":2,
    "有效期間":"已失效",
    "valid":"0",
    "認可類別":"標示",
    "設計人":"廖益謙建築師事務所",
    "行政區":"新北市",
    "ditrict":"新莊區",
    "地號":"新北市新莊區恒安段610地號等8筆",
    "建築物使用類別":"學校類建築"
    }
  },
  {
    "type": "Feature",
    "geometry": {
       "type": "Point",
       "coordinates":  [ 121.450669,25.225827 ]
    },
    "properties": {
    "#":800,
    "建築物名稱":"聖約翰科技大學教學及行政大樓",
    "建築物概要":"地下1層，地上5層鋼筋混凝土構造學校類建築",
    "認可版本":"2009年版",
    "認可等級":"合格級",
    "rank":1,
    "有效期間":"已失效",
    "valid":"0",
    "認可類別":"標示",
    "設計人":"賈孝遠建築師事務所",
    "行政區":"新北市",
    "ditrict":"淡水區",
    "地號":"新北市淡水區灰磘子段後洲子小段4-3地號等16筆",
    "建築物使用類別":"學校類建築"
    }
  },
  {
    "type": "Feature",
    "geometry": {
       "type": "Point",
       "coordinates":  [ 121.488217,25.071741 ]
    },
    "properties": {
    "#":802,
    "建築物名稱":"新北市三重區厚德國民小學95年度老舊校舍整建暨興建地下室停車場工程",
    "建築物概要":"地下1層，地上5層鋼筋混凝土構造學校類建築",
    "認可版本":"2007年更新版",
    "認可等級":"銅級",
    "rank":2,
    "有效期間":"已失效",
    "valid":"0",
    "認可類別":"標示",
    "設計人":"蔡忠孝建築師事務所",
    "行政區":"新北市",
    "ditrict":"三重區",
    "地號":"新北市三重區忠孝段1413地號等7筆",
    "建築物使用類別":"學校類建築"
    }
  },
  {
    "type": "Feature",
    "geometry": {
       "type": "Point",
       "coordinates":  [ 121.417638,25.185478 ]
    },
    "properties": {
    "#":803,
    "建築物名稱":"忠莊專責教召基地營舍新建工程",
    "建築物概要":"地上4層，鋼筋混凝土構造其他類建築",
    "認可版本":"2005年更新版",
    "認可等級":"合格級",
    "rank":1,
    "有效期間":"已失效",
    "valid":"0",
    "認可類別":"標示",
    "設計人":"王正源建築師事務所",
    "行政區":"新北市",
    "ditrict":"淡水區",
    "地號":"新北市淡水區望高樓段628等31筆",
    "建築物使用類別":"其他類建築"
    }
  },
  {
    "type": "Feature",
    "geometry": {
       "type": "Point",
       "coordinates":  [ 121.446328,25.00541 ]
    },
    "properties": {
    "#":804,
    "建築物名稱":"國立華僑實驗高級中學多功能排球館新建工程",
    "建築物概要":"地上2層鋼筋混凝土構造大型空間類建築",
    "認可版本":"2007年更新版",
    "認可等級":"合格級",
    "rank":1,
    "有效期間":"已失效",
    "valid":"0",
    "認可類別":"標示",
    "設計人":"謝偉杰建築師事務所",
    "行政區":"新北市",
    "ditrict":"板橋區",
    "地號":"新北市板橋區大觀段210-0地號等3筆",
    "建築物使用類別":"大型空間類建築"
    }
  },
  {
    "type": "Feature",
    "geometry": {
       "type": "Point",
       "coordinates":  [ 121.526205,24.990431 ]
    },
    "properties": {
    "#":806,
    "建築物名稱":"新北市政府警察局中和第一分局秀山派出所",
    "建築物概要":"地下2層，地上7層鋼筋混凝土構造辦公廳類建築",
    "認可版本":"2005年更新版",
    "認可等級":"合格級",
    "rank":1,
    "有效期間":"已失效",
    "valid":"0",
    "認可類別":"標示",
    "設計人":"吳旗清建築師事務所",
    "行政區":"新北市",
    "ditrict":"中和區",
    "地號":"新北市中和區大智段664-1地號等5筆",
    "建築物使用類別":"辦公廳類建築"
    }
  },
  {
    "type": "Feature",
    "geometry": {
       "type": "Point",
       "coordinates":  [ 121.466288,25.014474 ]
    },
    "properties": {
    "#":807,
    "建築物名稱":"麗寶建設住商大樓新建工程案",
    "建築物概要":"地下8層，地上30層鋼骨鋼筋混凝土構造住宿類建築",
    "認可版本":"2005年更新版",
    "認可等級":"銅級",
    "rank":2,
    "有效期間":"已失效",
    "valid":"0",
    "認可類別":"標示",
    "設計人":"胡瀛光建築師事務所",
    "行政區":"新北市",
    "ditrict":"板橋區",
    "地號":"新北市板橋區新板段二小段5地號等1筆",
    "建築物使用類別":"住宿類建築"
    }
  },
  {
    "type": "Feature",
    "geometry": {
       "type": "Point",
       "coordinates":  [ 121.459554,25.132963 ]
    },
    "properties": {
    "#":808,
    "建築物名稱":"元興建設淡水竹圍段二十九層集合住宅新建工程",
    "建築物概要":"地下5層，地上29層鋼筋混凝土構造住宿類建築",
    "認可版本":"2007年更新版",
    "認可等級":"銀級",
    "rank":3,
    "有效期間":"已失效",
    "valid":"0",
    "認可類別":"標示",
    "設計人":"簡俊卿建築師事務所",
    "行政區":"新北市",
    "ditrict":"淡水區",
    "地號":"新北市淡水區竹圍段894地號等2筆",
    "建築物使用類別":"住宿類建築"
    }
  },
  {
    "type": "Feature",
    "geometry": {
       "type": "Point",
       "coordinates":  [ 121.473017,24.986454 ]
    },
    "properties": {
    "#":810,
    "建築物名稱":"板橋E/S改建工程（土建統包）",
    "建築物概要":"地下1層，地上3層鋼筋混凝土構造其他類建築",
    "認可版本":"2007年更新版",
    "認可等級":"合格級",
    "rank":1,
    "有效期間":"已失效",
    "valid":"0",
    "認可類別":"標示",
    "設計人":"張仲怡建築師事務所",
    "行政區":"新北市",
    "ditrict":"土城區",
    "地號":"新北市土城區延吉段267地號等3筆",
    "建築物使用類別":"其他類建築"
    }
  },
  {
    "type": "Feature",
    "geometry": {
       "type": "Point",
       "coordinates":  [ 121.450708,25.059075 ]
    },
    "properties": {
    "#":812,
    "建築物名稱":"臺北縣中港大排汙染改善暨河廊環境營造工程-願景館新建工程",
    "建築物概要":"地上2層鋼筋混凝土構造，鋼骨構造大型空間類建築",
    "認可版本":"2007年更新版",
    "認可等級":"合格級",
    "rank":1,
    "有效期間":"已失效",
    "valid":"0",
    "認可類別":"標示",
    "設計人":"黃孟偉建築師事務所",
    "行政區":"新北市",
    "ditrict":"新莊區",
    "地號":"新北市新莊區副都心段一小段0279-0000地號等2筆",
    "建築物使用類別":"大型空間類建築"
    }
  },
  {
    "type": "Feature",
    "geometry": {
       "type": "Point",
       "coordinates":  [ 121.413878,25.182286 ]
    },
    "properties": {
    "#":813,
    "建築物名稱":"淡水漁人碼頭休閒專用區藝術大街計畫案",
    "建築物概要":"地下1層，地上4層鋼筋混凝土構造百貨商場類建築",
    "認可版本":"2007年更新版",
    "認可等級":"合格級",
    "rank":1,
    "有效期間":"已失效",
    "valid":"0",
    "認可類別":"標示",
    "設計人":"林冠名建築師事務所",
    "行政區":"新北市",
    "ditrict":"淡水區",
    "地號":"新北市淡水區望高樓段875-2地號等2筆",
    "建築物使用類別":"百貨商場類建築"
    }
  },
  {
    "type": "Feature",
    "geometry": {
       "type": "Point",
       "coordinates":  [ 121.68918,25.178271 ]
    },
    "properties": {
    "#":814,
    "建築物名稱":"新北市萬里區公所",
    "建築物概要":"地下2層，地上8層鋼筋混凝土構造辦公廳類建築",
    "認可版本":"2007年更新版",
    "認可等級":"銅級",
    "rank":2,
    "有效期間":"已失效",
    "valid":"0",
    "認可類別":"標示",
    "設計人":"陳文成建築師事務所",
    "行政區":"新北市",
    "ditrict":"萬里區",
    "地號":"新北市萬里區萬里段1119地號等3筆",
    "建築物使用類別":"辦公廳類建築"
    }
  },
  {
    "type": "Feature",
    "geometry": {
       "type": "Point",
       "coordinates":  [ 121.41847,25.194448 ]
    },
    "properties": {
    "#":815,
    "建築物名稱":"台北縣淡水地區污水下水道系統委外建設營運計畫-污水處理廠第一期工程",
    "建築物概要":"地上3層鋼筋混凝土構造辦公廳類建築",
    "認可版本":"2005年更新版",
    "認可等級":"黃金級",
    "rank":4,
    "有效期間":"已失效",
    "valid":"0",
    "認可類別":"標示",
    "設計人":"黃孟偉建築師事務所",
    "行政區":"新北市",
    "ditrict":"淡水區",
    "地號":"新北市淡水區淡海段253地號等1筆",
    "建築物使用類別":"辦公廳類建築"
    }
  },
  {
    "type": "Feature",
    "geometry": {
       "type": "Point",
       "coordinates":  [ 121.46778,25.012361 ]
    },
    "properties": {
    "#":816,
    "建築物名稱":"厚生/大陸工程板橋住宅新建工程",
    "建築物概要":"地下6層，地上37層鋼骨鋼筋混凝土構造住宿類建築",
    "認可版本":"2005年更新版",
    "認可等級":"合格級",
    "rank":1,
    "有效期間":"已失效",
    "valid":"0",
    "認可類別":"標示",
    "設計人":"徐維志建築師事務所",
    "行政區":"新北市",
    "ditrict":"板橋區",
    "地號":"新北市板橋區新板段三小段34地號等1筆",
    "建築物使用類別":"住宿類建築"
    }
  },
  {
    "type": "Feature",
    "geometry": {
       "type": "Point",
       "coordinates":  [ 121.502377,24.990593 ]
    },
    "properties": {
    "#":817,
    "建築物名稱":"中和地政事務所與稅捐稽徵處中和分處聯合辦公大樓暨地下公共停車場",
    "建築物概要":"地下3層，地上7層鋼筋混凝土構造，預鑄辦公廳類建築",
    "認可版本":"2007年更新版",
    "認可等級":"銅級",
    "rank":2,
    "有效期間":"已失效",
    "valid":"0",
    "認可類別":"標示",
    "設計人":"宗邁建築師事務所",
    "行政區":"新北市",
    "ditrict":"中和區",
    "地號":"新北市中和區復興段861地號等6筆",
    "建築物使用類別":"辦公廳類建築"
    }
  },
  {
    "type": "Feature",
    "geometry": {
       "type": "Point",
       "coordinates":  [ 121.463346,24.999303 ]
    },
    "properties": {
    "#":818,
    "建築物名稱":"板橋分隊暨板橋義消中、分隊新建工程",
    "建築物概要":"地下1層，地上7層鋼筋混凝土構造辦公廳類建築",
    "認可版本":"2007年更新版",
    "認可等級":"銅級",
    "rank":2,
    "有效期間":"已失效",
    "valid":"0",
    "認可類別":"標示",
    "設計人":"劉漢卿建築師事務所",
    "行政區":"新北市",
    "ditrict":"板橋區",
    "地號":"新北市板橋區重慶段1037地號等8筆",
    "建築物使用類別":"辦公廳類建築"
    }
  },
  {
    "type": "Feature",
    "geometry": {
       "type": "Point",
       "coordinates":  [ 121.415474,25.182147 ]
    },
    "properties": {
    "#":819,
    "建築物名稱":"淡水漁人碼頭休閒專用區觀光旅館計畫案",
    "建築物概要":"地下1層，地上9層鋼筋混凝土構造旅館餐飲類建築",
    "認可版本":"2007年更新版",
    "認可等級":"合格級",
    "rank":1,
    "有效期間":"已失效",
    "valid":"0",
    "認可類別":"標示",
    "設計人":"林冠名建築師事務所",
    "行政區":"新北市",
    "ditrict":"淡水區",
    "地號":"新北市淡水區望高樓段875-1地號等1筆",
    "建築物使用類別":"旅館餐飲類建築"
    }
  },
  {
    "type": "Feature",
    "geometry": {
       "type": "Point",
       "coordinates":  [ 121.463361,24.981087 ]
    },
    "properties": {
    "#":820,
    "建築物名稱":"國防部後備司令部庫房新建工程(仁愛營區)",
    "建築物概要":"地上3層鋼筋混凝土構造其他類建築",
    "認可版本":"2007年更新版",
    "認可等級":"合格級",
    "rank":1,
    "有效期間":"已失效",
    "valid":"0",
    "認可類別":"標示",
    "設計人":"王正源建築師事務所",
    "行政區":"新北市",
    "ditrict":"土城區",
    "地號":"新北市土城區清水段302、926地號等2筆",
    "建築物使用類別":"其他類建築"
    }
  },
  {
    "type": "Feature",
    "geometry": {
       "type": "Point",
       "coordinates":  [ 121.456696,25.047881 ]
    },
    "properties": {
    "#":823,
    "建築物名稱":"新莊區思賢立體停車場興建工程",
    "建築物概要":"地上23層鋼筋混凝土構造、鋼架構造其他類建築",
    "認可版本":"2007年更新版",
    "認可等級":"合格級",
    "rank":1,
    "有效期間":"已失效",
    "valid":"0",
    "認可類別":"標示",
    "設計人":"馮月忠建築師事務所",
    "行政區":"新北市",
    "ditrict":"新莊區",
    "地號":"新北市新莊區思賢段528地號等3筆",
    "建築物使用類別":"其他類建築"
    }
  },
  {
    "type": "Feature",
    "geometry": {
       "type": "Point",
       "coordinates":  [ 121.481211,25.069567 ]
    },
    "properties": {
    "#":824,
    "建築物名稱":"國立三重高級商工職業學校工科教學大樓新建工程",
    "建築物概要":"地上4層，鋼筋混凝土構造學校類建築",
    "認可版本":"2007年更新版",
    "認可等級":"黃金級",
    "rank":4,
    "有效期間":"已失效",
    "valid":"0",
    "認可類別":"標示",
    "設計人":"九典聯合建築師事務所",
    "行政區":"新北市",
    "ditrict":"三重區",
    "地號":"新北市三重區永德段1011-000地號等1筆",
    "建築物使用類別":"學校類建築"
    }
  },
  {
    "type": "Feature",
    "geometry": {
       "type": "Point",
       "coordinates":  [ 121.469928,25.008376 ]
    },
    "properties": {
    "#":827,
    "建築物名稱":"光點新建工程住宅案",
    "建築物概要":"地下3層，地上15層鋼筋混凝土構造住宿類建築",
    "認可版本":"2007年更新版",
    "認可等級":"黃金級",
    "rank":4,
    "有效期間":"已失效",
    "valid":"0",
    "認可類別":"標示",
    "設計人":"邱垂睿建築師事務所",
    "行政區":"新北市",
    "ditrict":"板橋區",
    "地號":"新北市板橋區中山段1059地號等3筆",
    "建築物使用類別":"住宿類建築"
    }
  },
  {
    "type": "Feature",
    "geometry": {
       "type": "Point",
       "coordinates":  [ 121.502232,25.064159 ]
    },
    "properties": {
    "#":828,
    "建築物名稱":"新北市政府警察局三重分局三重派出所暨交通分隊辦公廳舍新建工程",
    "建築物概要":"地下2層，地上7層鋼筋混凝土構造辦公廳類建築",
    "認可版本":"2005年更新版",
    "認可等級":"合格級",
    "rank":1,
    "有效期間":"已失效",
    "valid":"0",
    "認可類別":"標示",
    "設計人":"吳旗清建築師事務所",
    "行政區":"新北市",
    "ditrict":"三重區",
    "地號":"新北市三重區福德北段1262地號等5筆",
    "建築物使用類別":"辦公廳類建築"
    }
  },
  {
    "type": "Feature",
    "geometry": {
       "type": "Point",
       "coordinates":  [ 121.542869,24.969154 ]
    },
    "properties": {
    "#":829,
    "建築物名稱":"三圓建設新店集合住宅",
    "建築物概要":"地下6層，地上26層鋼骨鋼新混凝土構造住宿類建築",
    "認可版本":"2007年更新版",
    "認可等級":"合格級",
    "rank":1,
    "有效期間":"已失效",
    "valid":"0",
    "認可類別":"標示",
    "設計人":"鄧培華建築師事務所",
    "行政區":"新北市",
    "ditrict":"新店區",
    "地號":"新北市新店區行政段862地號等1筆",
    "建築物使用類別":"住宿類建築"
    }
  },
  {
    "type": "Feature",
    "geometry": {
       "type": "Point",
       "coordinates":  [ 121.462693,25.048268 ]
    },
    "properties": {
    "#":830,
    "建築物名稱":"頭前一次配電變電所",
    "建築物概要":"地下1層，地上4層鋼筋混凝土構造其他類建築",
    "認可版本":"2007年更新版",
    "認可等級":"合格級",
    "rank":1,
    "有效期間":"已失效",
    "valid":"0",
    "認可類別":"標示",
    "設計人":"張仲怡建築師事務所",
    "行政區":"新北市",
    "ditrict":"新莊區",
    "地號":"新北市新莊區化成段88地號等11筆",
    "建築物使用類別":"其他類建築"
    }
  },
  {
    "type": "Feature",
    "geometry": {
       "type": "Point",
       "coordinates":  [ 121.470711,25.009962 ]
    },
    "properties": {
    "#":831,
    "建築物名稱":"新北市板橋區海山國民小學老舊校舍整建工程",
    "建築物概要":"地下1層，地上5層鋼筋混凝土構造學校類建築",
    "認可版本":"2007年更新版",
    "認可等級":"銅級",
    "rank":2,
    "有效期間":"已失效",
    "valid":"0",
    "認可類別":"標示",
    "設計人":"陳志庸建築師事務所",
    "行政區":"新北市",
    "ditrict":"板橋區",
    "地號":"新北市板橋區中山段577地號等7筆",
    "建築物使用類別":"學校類建築"
    }
  },
  {
    "type": "Feature",
    "geometry": {
       "type": "Point",
       "coordinates":  [ 121.427677,25.029428 ]
    },
    "properties": {
    "#":832,
    "建築物名稱":"新莊市社會福利大樓再造興建工程",
    "建築物概要":"地下1層，地上5層鋼筋混凝土構造學校類建築",
    "認可版本":"2007年更新版",
    "認可等級":"銅級",
    "rank":2,
    "有效期間":"已失效",
    "valid":"0",
    "認可類別":"標示",
    "設計人":"林芳立建築師事務所",
    "行政區":"新北市",
    "ditrict":"新莊區",
    "地號":"新北市新莊區後港段244地號等2筆",
    "建築物使用類別":"學校類建築"
    }
  },
  {
    "type": "Feature",
    "geometry": {
       "type": "Point",
       "coordinates":  [ 121.546051,24.979038 ]
    },
    "properties": {
    "#":833,
    "建築物名稱":"宏達國際電子股份有限公司研發大樓新建工程",
    "建築物概要":"地下5層，地上17層鋼骨構造辦公廳類建築",
    "認可版本":"2009年版",
    "認可等級":"黃金級",
    "rank":4,
    "有效期間":"已失效",
    "valid":"0",
    "認可類別":"標示",
    "設計人":"大元聯合建築師事務所",
    "行政區":"新北市",
    "ditrict":"新店區",
    "地號":"新北市新店區寶橋段689-1地號等5筆",
    "建築物使用類別":"辦公廳類建築"
    }
  },
  {
    "type": "Feature",
    "geometry": {
       "type": "Point",
       "coordinates":  [ 121.461997,25.012353 ]
    },
    "properties": {
    "#":834,
    "建築物名稱":"鵬程建設板橋新板特區商業大樓新建工程",
    "建築物概要":"地下6層，地上16層鋼骨構造百貨商場類建築",
    "認可版本":"2007年更新版",
    "認可等級":"合格級",
    "rank":1,
    "有效期間":"已失效",
    "valid":"0",
    "認可類別":"標示",
    "設計人":"宏景聯合建築師事務所",
    "行政區":"新北市",
    "ditrict":"板橋區",
    "地號":"新北市板橋區新板段一小段25地號等2筆",
    "建築物使用類別":"百貨商場類建築"
    }
  },
  {
    "type": "Feature",
    "geometry": {
       "type": "Point",
       "coordinates":  [ 121.803166,25.111637 ]
    },
    "properties": {
    "#":835,
    "建築物名稱":"國立瑞芳高級工業職業學校實踐樓整建工程",
    "建築物概要":"地上5層鋼筋混凝土構造學校類建築",
    "認可版本":"2007年更新版",
    "認可等級":"銀級",
    "rank":3,
    "有效期間":"已失效",
    "valid":"0",
    "認可類別":"標示",
    "設計人":"萬邦建築師事務所",
    "行政區":"新北市",
    "ditrict":"瑞芳區",
    "地號":"新北市瑞芳區瑞芳段494地號等40筆",
    "建築物使用類別":"學校類建築"
    }
  },
  {
    "type": "Feature",
    "geometry": {
       "type": "Point",
       "coordinates":  [ 121.547364,25.021486 ]
    },
    "properties": {
    "#":1,
    "建築物名稱":"惟瓦地建設台北市學府段集合住宅新建工程",
    "建築物概要":"地下3層，地上15層鋼筋混凝土造住宿類建築",
    "認可版本":"2012年版EEWH-RS",
    "認可等級":"鑽石級",
    "rank":5,
    "有效期間":"2031年3月16日",
    "valid":"1",
    "認可類別":"標示",
    "設計人":"卓培煙建築師事務所",
    "行政區":"臺北市",
    "ditrict":"大安區",
    "地號":"大安區學府段一小段509-1號共9筆住宿類建築",
    "建築物使用類別":"住宿類建築"
    }
  },
  {
    "type": "Feature",
    "geometry": {
       "type": "Point",
       "coordinates":  [ 121.514225,25.064204 ]
    },
    "properties": {
    "#":2,
    "建築物名稱":"年豐建設大同區重慶北路三段集合住宅新建工程",
    "建築物概要":"地下4層，地上15層鋼筋混凝土造住宿類建築",
    "認可版本":"2019年版EEWH-RS",
    "認可等級":"銀級",
    "rank":3,
    "有效期間":"2031年3月16日",
    "valid":"1",
    "認可類別":"標示",
    "設計人":"謝國鐘建築師事務所",
    "行政區":"臺北市",
    "ditrict":"大同區",
    "地號":"大同區大同段二小段898-0號共2筆住宿類建築",
    "建築物使用類別":"住宿類建築"
    }
  },
  {
    "type": "Feature",
    "geometry": {
       "type": "Point",
       "coordinates":  [ 121.526174,25.116142 ]
    },
    "properties": {
    "#":3,
    "建築物名稱":"士林區天母一小段230地號新建工程",
    "建築物概要":"地下3層，地上14層鋼筋混凝土造住宿類建築",
    "認可版本":"2019年版EEWH-RS",
    "認可等級":"銀級",
    "rank":3,
    "有效期間":"2031年3月16日",
    "valid":"1",
    "認可類別":"標示",
    "設計人":"境向聯合建築師事務所",
    "行政區":"臺北市",
    "ditrict":"士林區",
    "地號":"士林區天母段一小段0230-0000號共1筆住宿類建築",
    "建築物使用類別":"住宿類建築"
    }
  },
  {
    "type": "Feature",
    "geometry": {
       "type": "Point",
       "coordinates":  [ 121.572841,24.990265 ]
    },
    "properties": {
    "#":4,
    "建築物名稱":"岳泰建設政大段新建工程",
    "建築物概要":"地下3層，地上9層鋼筋混凝土造住宿類建築",
    "認可版本":"2015年版EEWH-RS",
    "認可等級":"銅級",
    "rank":2,
    "有效期間":"2031年3月9日",
    "valid":"1",
    "認可類別":"標示",
    "設計人":"謝仕煌建築師事務所",
    "行政區":"臺北市",
    "ditrict":"文山區",
    "地號":"文山區政大段四小段0837-0000號共1筆住宿類建築",
    "建築物使用類別":"住宿類建築"
    }
  },
  {
    "type": "Feature",
    "geometry": {
       "type": "Point",
       "coordinates":  [ 121.569832,24.994902 ]
    },
    "properties": {
    "#":5,
    "建築物名稱":"潤隆建設萬芳段集合住宅新建工程",
    "建築物概要":"地下7層，地上26層鋼骨造，鋼筋混凝土造住宿類建築",
    "認可版本":"2023年版EEWH-RS",
    "認可等級":"鑽石級",
    "rank":5,
    "有效期間":"2031年3月9日",
    "valid":"1",
    "認可類別":"標示",
    "設計人":"黃秀莊建築師事務所",
    "行政區":"臺北市",
    "ditrict":"文山區",
    "地號":"文山區萬芳段二小段0100-0000號共2筆住宿類建築",
    "建築物使用類別":"住宿類建築"
    }
  },
  {
    "type": "Feature",
    "geometry": {
       "type": "Point",
       "coordinates":  [ 121.525629,25.09422 ]
    },
    "properties": {
    "#":6,
    "建築物名稱":"騰竣建設士林區光華段住宅新建工程",
    "建築物概要":"地下2層，地上11層鋼骨造辦公廳及住宿類建築",
    "認可版本":"2015年版EEWH-RS",
    "認可等級":"黃金級",
    "rank":4,
    "有效期間":"2031年3月1日",
    "valid":"1",
    "認可類別":"標示",
    "設計人":"林尚毅建築師事務所",
    "行政區":"臺北市",
    "ditrict":"士林區",
    "地號":"士林區光華段一小段0538-0000號共1筆辦公廳及住宿類建築",
    "建築物使用類別":"住宿類建築"
    }
  },
  {
    "type": "Feature",
    "geometry": {
       "type": "Point",
       "coordinates":  [ 121.620437,25.056186 ]
    },
    "properties": {
    "#":7,
    "建築物名稱":"達欣東匯/達欣開發南港經貿段集合住宅新建工程",
    "建築物概要":"地下2層，地上10層鋼筋混凝土造住宿類建築",
    "認可版本":"2019年版EEWH-RS",
    "認可等級":"銀級",
    "rank":3,
    "有效期間":"2031年3月1日",
    "valid":"1",
    "認可類別":"標示",
    "設計人":"林秀芬建築師事務所",
    "行政區":"臺北市",
    "ditrict":"南港區",
    "地號":"南港區經貿段0008-0000號共1筆住宿類建築",
    "建築物使用類別":"住宿類建築"
    }
  },
  {
    "type": "Feature",
    "geometry": {
       "type": "Point",
       "coordinates":  [ 121.558892,25.050336 ]
    },
    "properties": {
    "#":8,
    "建築物名稱":"南京&光北策略性產業大樓",
    "建築物概要":"地下3層，地上11層鋼筋混凝土造辦公廳類建築",
    "認可版本":"2015年版EEWH-BC",
    "認可等級":"合格級",
    "rank":1,
    "有效期間":"2031年2月25日",
    "valid":"1",
    "認可類別":"標示",
    "設計人":"黃大生建築師事務所",
    "行政區":"臺北市",
    "ditrict":"松山區",
    "地號":"松山區西松段二小段0709-0000號共1筆辦公廳類建築",
    "建築物使用類別":"辦公廳類建築"
    }
  },
  {
    "type": "Feature",
    "geometry": {
       "type": "Point",
       "coordinates":  [ 121.538077,25.053069 ]
    },
    "properties": {
    "#":10,
    "建築物名稱":"臺北市中山區長春段二小段775地號集合住宅新建工程",
    "建築物概要":"地下4層，地上14層鋼骨鋼筋混凝土造住宿類建築",
    "認可版本":"2009年版",
    "認可等級":"黃金級",
    "rank":4,
    "有效期間":"2031年2月11日",
    "valid":"1",
    "認可類別":"標示",
    "設計人":"陳廷杰建築師事務所",
    "行政區":"臺北市",
    "ditrict":"中山區",
    "地號":"中山區長春段二小段0775-0000號共1筆住宿類建築",
    "建築物使用類別":"住宿類建築"
    }
  },
  {
    "type": "Feature",
    "geometry": {
       "type": "Point",
       "coordinates":  [ 121.537816,25.021807 ]
    },
    "properties": {
    "#":11,
    "建築物名稱":"國立臺灣大學人文館新建工程",
    "建築物概要":"地下2層，地上6層鋼骨造，鋼筋混凝土造學校類建築",
    "認可版本":"2015年版EEWH-BC",
    "認可等級":"銀級",
    "rank":3,
    "有效期間":"2031年2月9日",
    "valid":"1",
    "認可類別":"標示",
    "設計人":"竹間聯合建築師事務所",
    "行政區":"臺北市",
    "ditrict":"大安區",
    "地號":"大安區學府段四小段0217-0000號共25筆學校類建築",
    "建築物使用類別":"學校類建築"
    }
  },
  {
    "type": "Feature",
    "geometry": {
       "type": "Point",
       "coordinates":  [ 121.549302,24.997308 ]
    },
    "properties": {
    "#":14,
    "建築物名稱":"展曜建設興安段集合住宅新建工程",
    "建築物概要":"地下4層，地上12層鋼筋混凝土造住宿類建築",
    "認可版本":"2015年版EEWH-RS",
    "認可等級":"黃金級",
    "rank":4,
    "有效期間":"2031年2月8日",
    "valid":"1",
    "認可類別":"標示",
    "設計人":"吳興宇建築師事務所",
    "行政區":"臺北市",
    "ditrict":"文山區",
    "地號":"文山區興安段三小段0106-0000號共1筆住宿類建築",
    "建築物使用類別":"住宿類建築"
    }
  },
  {
    "type": "Feature",
    "geometry": {
       "type": "Point",
       "coordinates":  [ 121.583651,25.062598 ]
    },
    "properties": {
    "#":15,
    "建築物名稱":"內湖區舊宗段16-3地號廠辦新建工程",
    "建築物概要":"地下4層，地上8層鋼骨造辦公廳及大型空間類建築",
    "認可版本":"2015年版EEWH-BC",
    "認可等級":"銀級",
    "rank":3,
    "有效期間":"2031年2月8日",
    "valid":"1",
    "認可類別":"標示",
    "設計人":"朱騰惠建築師事務所",
    "行政區":"臺北市",
    "ditrict":"內湖區",
    "地號":"內湖區舊宗段0016-0003號共1筆辦公廳及大型空間類建築",
    "建築物使用類別":"辦公廳類建築"
    }
  },
  {
    "type": "Feature",
    "geometry": {
       "type": "Point",
       "coordinates":  [ 121.513928,25.058011 ]
    },
    "properties": {
    "#":16,
    "建築物名稱":"新碩建設大同區雙連段三小段集合住宅新建工程",
    "建築物概要":"地下4層，地上15層鋼筋混凝土造辦公廳及住宿類建築",
    "認可版本":"2015年版EEWH-RS",
    "認可等級":"銀級",
    "rank":3,
    "有效期間":"2031年2月1日",
    "valid":"1",
    "認可類別":"標示",
    "設計人":"周夢龍建築師事務所 簡志聰建築師事務所 柯智明建築師事務所",
    "行政區":"臺北市",
    "ditrict":"大同區",
    "地號":"大同區雙連段三小段0847-0000號共1筆辦公廳及住宿類建築",
    "建築物使用類別":"住宿類建築"
    }
  },
  {
    "type": "Feature",
    "geometry": {
       "type": "Point",
       "coordinates":  [ 121.527633,25.047819 ]
    },
    "properties": {
    "#":17,
    "建築物名稱":"台北市中山區正義段一小段336等一筆地號危老重建新建工程",
    "建築物概要":"地下3層，地上9層鋼筋混凝土造住宿類建築",
    "認可版本":"2015年版EEWH-RS",
    "認可等級":"銀級",
    "rank":3,
    "有效期間":"2031年1月29日",
    "valid":"1",
    "認可類別":"標示",
    "設計人":"廖益謙建築師事務所",
    "行政區":"臺北市",
    "ditrict":"中山區",
    "地號":"中山區正義段一小段0336-0000號共1筆住宿類建築",
    "建築物使用類別":"住宿類建築"
    }
  },
  {
    "type": "Feature",
    "geometry": {
       "type": "Point",
       "coordinates":  [ 121.599223,25.055567 ]
    },
    "properties": {
    "#":19,
    "建築物名稱":"合眾建經集合住宅新建工程(南港區南港段三小段73等乙筆地號土地)",
    "建築物概要":"地下4層，地上26層鋼骨造住宿類建築",
    "認可版本":"2015年版EEWH-RS",
    "認可等級":"銀級",
    "rank":3,
    "有效期間":"2031年1月28日",
    "valid":"1",
    "認可類別":"標示",
    "設計人":"梁正芳建築師事務所",
    "行政區":"臺北市",
    "ditrict":"南港區",
    "地號":"南港區南港段三小段0073-0000號共1筆住宿類建築",
    "建築物使用類別":"住宿類建築"
    }
  },
  {
    "type": "Feature",
    "geometry": {
       "type": "Point",
       "coordinates":  [ 121.497135,25.030124 ]
    },
    "properties": {
    "#":20,
    "建築物名稱":"台北市萬華區莒光段三小段476地號土地集合住宅新建工程",
    "建築物概要":"地下3層，地上14層鋼筋混凝土造住宿類建築",
    "認可版本":"2023年版EEWH-RS(M)",
    "認可等級":"銀級",
    "rank":3,
    "有效期間":"2031年1月28日",
    "valid":"1",
    "認可類別":"標示",
    "設計人":"彭繼賢建築師事務所",
    "行政區":"臺北市",
    "ditrict":"萬華區",
    "地號":"萬華區莒光段三小段0476-0000號共1筆住宿類建築",
    "建築物使用類別":"住宿類建築"
    }
  },
  {
    "type": "Feature",
    "geometry": {
       "type": "Point",
       "coordinates":  [ 121.621881,25.056658 ]
    },
    "properties": {
    "#":21,
    "建築物名稱":"經濟部台北世界貿易中心南港展覽館",
    "建築物概要":"地下2層，地上7層鋼骨及鋼骨鋼筋混凝土構造其他類建築",
    "認可版本":"2003年更新版",
    "認可等級":"免評估",
    "rank":0,
    "有效期間":"2031年1月27日",
    "valid":"1",
    "認可類別":"標示",
    "設計人":"謝維詮建築師事務所",
    "行政區":"臺北市",
    "ditrict":"南港區",
    "地號":"臺北市南港區經貿段3小段12-1,12-2,12-3等3筆地號土地其他類建築",
    "建築物使用類別":"其他類建築"
    }
  },
  {
    "type": "Feature",
    "geometry": {
       "type": "Point",
       "coordinates":  [ 121.516782,25.104797 ]
    },
    "properties": {
    "#":22,
    "建築物名稱":"璞真建設-臺北市北投區軟橋段71地號案",
    "建築物概要":"地下3層，地上11層鋼筋混凝土造住宿類建築",
    "認可版本":"2019年版EEWH-RS",
    "認可等級":"銀級",
    "rank":3,
    "有效期間":"2031年1月21日",
    "valid":"1",
    "認可類別":"標示",
    "設計人":"林秀芬建築師事務所",
    "行政區":"臺北市",
    "ditrict":"北投區",
    "地號":"北投區軟橋段0071-0000號共1筆住宿類建築",
    "建築物使用類別":"住宿類建築"
    }
  },
  {
    "type": "Feature",
    "geometry": {
       "type": "Point",
       "coordinates":  [ 121.528112,25.096393 ]
    },
    "properties": {
    "#":23,
    "建築物名稱":"僑駿 ONARI 新建工程",
    "建築物概要":"地下4層，地上14層鋼筋混凝土造辦公廳及住宿類建築",
    "認可版本":"2015年版EEWH-RS",
    "認可等級":"銀級",
    "rank":3,
    "有效期間":"2031年1月21日",
    "valid":"1",
    "認可類別":"標示",
    "設計人":"林煒郁建築師事務所",
    "行政區":"臺北市",
    "ditrict":"士林區",
    "地號":"士林區福林段三小段0599-0000號共2筆辦公廳及住宿類建築",
    "建築物使用類別":"住宿類建築"
    }
  },
  {
    "type": "Feature",
    "geometry": {
       "type": "Point",
       "coordinates":  [ 121.530734,25.041633 ]
    },
    "properties": {
    "#":25,
    "建築物名稱":"佳元開發建設臨沂段集合住宅新建工程",
    "建築物概要":"地下3層，地上10層鋼筋混凝土造住宿類建築",
    "認可版本":"2015年版EEWH-RS",
    "認可等級":"銀級",
    "rank":3,
    "有效期間":"2031年1月21日",
    "valid":"1",
    "認可類別":"標示",
    "設計人":"陳克聚建築師事務所",
    "行政區":"臺北市",
    "ditrict":"中正區",
    "地號":"中正區臨沂段一小段0314-0000號共1筆住宿類建築",
    "建築物使用類別":"住宿類建築"
    }
  },
  {
    "type": "Feature",
    "geometry": {
       "type": "Point",
       "coordinates":  [ 121.532341,25.050886 ]
    },
    "properties": {
    "#":26,
    "建築物名稱":"元大人壽保險股份有限公司中山區長安段三小段426地號等4筆土地辦公大樓新建工程",
    "建築物概要":"地下4層，地上21層鋼骨造空調型(辦公分區)建築",
    "認可版本":"2019年版EEWH-BC(M)",
    "認可等級":"黃金級",
    "rank":4,
    "有效期間":"2031年1月15日",
    "valid":"1",
    "認可類別":"標示",
    "設計人":"呂建勳建築師事務所",
    "行政區":"臺北市",
    "ditrict":"中山區",
    "地號":"中山區長安段三小段0426-0000號共4筆空調型(辦公分區)建築",
    "建築物使用類別":"辦公廳類建築"
    }
  },
  {
    "type": "Feature",
    "geometry": {
       "type": "Point",
       "coordinates":  [ 121.462344,25.15677 ]
    },
    "properties": {
    "#":27,
    "建築物名稱":"岳泰建設股份有限公司新北市淡水區海天段359、359-6等二筆土地集合住宅新建工程",
    "建築物概要":"地下4層，地上23層鋼骨構造住宿類建築",
    "認可版本":"2009年版",
    "認可等級":"銀級",
    "rank":3,
    "有效期間":"2031年1月14日",
    "valid":"1",
    "認可類別":"標示",
    "設計人":"三門聯合建築師事務所",
    "行政區":"臺北市",
    "ditrict":"淡水區",
    "地號":"新北市淡水區海天段359、359-06地號等2筆住宿類建築",
    "建築物使用類別":"住宿類建築"
    }
  },
  {
    "type": "Feature",
    "geometry": {
       "type": "Point",
       "coordinates":  [ 121.490423,25.029326 ]
    },
    "properties": {
    "#":28,
    "建築物名稱":"臺北市市場所屬公有環南市場改建工程主體工程",
    "建築物概要":"地下2層，地上6層鋼筋混凝土造、鋼骨鋼筋混凝土造、鋼骨造辦公廳、百貨商場、大型空間及其他類建築",
    "認可版本":"2015年版EEWH-BC",
    "認可等級":"銀級",
    "rank":3,
    "有效期間":"2031年1月8日",
    "valid":"1",
    "認可類別":"標示",
    "設計人":"啟達聯合建築師事務所",
    "行政區":"臺北市",
    "ditrict":"萬華區",
    "地號":"萬華區華江段二小段0732-0000號共10筆辦公廳、百貨商場、大型空間及其他類建築",
    "建築物使用類別":"百貨商場類建築"
    }
  },
  {
    "type": "Feature",
    "geometry": {
       "type": "Point",
       "coordinates":  [ 121.502247,25.12977 ]
    },
    "properties": {
    "#":29,
    "建築物名稱":"台北市北投區溫泉段四小段集合住宅新建工程",
    "建築物概要":"地下2層，地上10層鋼筋混凝土造住宿類建築",
    "認可版本":"2015年版EEWH-RS",
    "認可等級":"銀級",
    "rank":3,
    "有效期間":"2031年1月6日",
    "valid":"1",
    "認可類別":"標示",
    "設計人":"郭恆成建築師事務所",
    "行政區":"臺北市",
    "ditrict":"北投區",
    "地號":"北投區溫泉段四小段0500-0000號共1筆住宿類建築",
    "建築物使用類別":"住宿類建築"
    }
  },
  {
    "type": "Feature",
    "geometry": {
       "type": "Point",
       "coordinates":  [ 121.520664,25.095842 ]
    },
    "properties": {
    "#":30,
    "建築物名稱":"台北市士林區陽明段四小段190-1、200-1等兩筆土地新建工程",
    "建築物概要":"地下3層，地上9層鋼筋混凝土造辦公廳類建築",
    "認可版本":"2015年版EEWH-BC",
    "認可等級":"銀級",
    "rank":3,
    "有效期間":"2031年1月5日",
    "valid":"1",
    "認可類別":"標示",
    "設計人":"許常吉建築師事務所",
    "行政區":"臺北市",
    "ditrict":"士林區",
    "地號":"士林區陽明段四小段0190-0001號共1筆辦公廳類建築",
    "建築物使用類別":"辦公廳類建築"
    }
  },
  {
    "type": "Feature",
    "geometry": {
       "type": "Point",
       "coordinates":  [ 121.577068,25.048411 ]
    },
    "properties": {
    "#":31,
    "建築物名稱":"信義區虎林段五小段集合住宅新建工程",
    "建築物概要":"地下6層，地上22層鋼骨造辦公廳及住宿類建築",
    "認可版本":"2015年版EEWH-RS",
    "認可等級":"銀級",
    "rank":3,
    "有效期間":"2030年12月30日",
    "valid":"1",
    "認可類別":"標示",
    "設計人":"李天鐸建築師事務所",
    "行政區":"臺北市",
    "ditrict":"信義區",
    "地號":"信義區虎林段三小段0114-0001號共2筆辦公廳及住宿類建築",
    "建築物使用類別":"住宿類建築"
    }
  },
  {
    "type": "Feature",
    "geometry": {
       "type": "Point",
       "coordinates":  [ 121.527529,25.021695 ]
    },
    "properties": {
    "#":34,
    "建築物名稱":"龍泉段三小段集合住宅新建工程",
    "建築物概要":"地下2層，地上15層鋼筋混凝土造住宿類建築",
    "認可版本":"2015年版EEWH-RS",
    "認可等級":"合格級",
    "rank":1,
    "有效期間":"2030年12月17日",
    "valid":"1",
    "認可類別":"標示",
    "設計人":"常得群建築師事務所",
    "行政區":"臺北市",
    "ditrict":"大安區",
    "地號":"大安區龍泉段三小段0971-0000號共1筆住宿類建築",
    "建築物使用類別":"住宿類建築"
    }
  },
  {
    "type": "Feature",
    "geometry": {
       "type": "Point",
       "coordinates":  [ 121.559789,24.987945 ]
    },
    "properties": {
    "#":36,
    "建築物名稱":"臺北市興隆公宅住宅二期A基地新建工程",
    "建築物概要":"地下3層，地上20層鋼筋混凝土造辦公廳、住宿及大型空間類建築",
    "認可版本":"2015年版EEWH-RS",
    "認可等級":"銀級",
    "rank":3,
    "有效期間":"2030年12月15日",
    "valid":"1",
    "認可類別":"標示",
    "設計人":"謝佑祥建築師事務所",
    "行政區":"臺北市",
    "ditrict":"文山區",
    "地號":"文山區華興段一小段0256-0000號共1筆辦公廳、住宿及大型空間類建築",
    "建築物使用類別":"住宿類建築"
    }
  },
  {
    "type": "Feature",
    "geometry": {
       "type": "Point",
       "coordinates":  [ 121.530318,25.029613 ]
    },
    "properties": {
    "#":37,
    "建築物名稱":"真實建築大安區金華段住宅新建工程",
    "建築物概要":"地下3層，地上10層鋼筋混凝土造住宿類建築",
    "認可版本":"2015年版EEWH-RS",
    "認可等級":"銀級",
    "rank":3,
    "有效期間":"2030年12月7日",
    "valid":"1",
    "認可類別":"標示",
    "設計人":"李文勝聯合建築師事務所",
    "行政區":"臺北市",
    "ditrict":"大安區",
    "地號":"大安區金華段二小段0506-0000號共2筆住宿類建築",
    "建築物使用類別":"住宿類建築"
    }
  },
  {
    "type": "Feature",
    "geometry": {
       "type": "Point",
       "coordinates":  [ 121.526932,25.057351 ]
    },
    "properties": {
    "#":39,
    "建築物名稱":"台北市中山區吉林段四小段481地號等1筆土地集合住宅新建工程",
    "建築物概要":"地下3層，地上10層鋼筋混凝土造住宿類建築",
    "認可版本":"2015年版EEWH-RS",
    "認可等級":"銀級",
    "rank":3,
    "有效期間":"2030年11月25日",
    "valid":"1",
    "認可類別":"標示",
    "設計人":"鄭復綱建築師事務所",
    "行政區":"臺北市",
    "ditrict":"中山區",
    "地號":"中山區吉林段四小段0481-0000號共1筆住宿類建築",
    "建築物使用類別":"住宿類建築"
    }
  },
  {
    "type": "Feature",
    "geometry": {
       "type": "Point",
       "coordinates":  [ 121.516163,25.115212 ]
    },
    "properties": {
    "#":40,
    "建築物名稱":"立樺建設北投區振興段四小段166-2地號等34筆新建工程",
    "建築物概要":"地下5層，地上33層鋼骨鋼筋混凝土造辦公廳、旅館餐飲及住宿類建築",
    "認可版本":"2015年版EEWH-RS",
    "認可等級":"黃金級",
    "rank":4,
    "有效期間":"2030年11月20日",
    "valid":"1",
    "認可類別":"標示",
    "設計人":"許玄明建築師事務所",
    "行政區":"臺北市",
    "ditrict":"北投區",
    "地號":"北投區振興段四小段0166-0002號共34筆辦公廳、旅館餐飲及住宿類建築",
    "建築物使用類別":"住宿類建築"
    }
  },
  {
    "type": "Feature",
    "geometry": {
       "type": "Point",
       "coordinates":  [ 121.58476,25.064287 ]
    },
    "properties": {
    "#":41,
    "建築物名稱":"台北市內湖區舊宗段4-3、4-19地號辦公大樓新建工程",
    "建築物概要":"地下3層，地上9層鋼筋混凝土造辦公廳及大型空間類建築",
    "認可版本":"2015年版EEWH-BC",
    "認可等級":"銀級",
    "rank":3,
    "有效期間":"2030年11月16日",
    "valid":"1",
    "認可類別":"標示",
    "設計人":"郭旭原聯合建築師事務所",
    "行政區":"臺北市",
    "ditrict":"內湖區",
    "地號":"內湖區舊宗段0004-0003號共2筆辦公廳及大型空間類建築",
    "建築物使用類別":"辦公廳類建築"
    }
  },
  {
    "type": "Feature",
    "geometry": {
       "type": "Point",
       "coordinates":  [ 121.547299,25.030422 ]
    },
    "properties": {
    "#":42,
    "建築物名稱":"臺北市立大安國中綜合教學大樓新建工程",
    "建築物概要":"地下2層，地上6層鋼筋混凝土造學校類建築",
    "認可版本":"2015年版EEWH-BC",
    "認可等級":"黃金級",
    "rank":4,
    "有效期間":"2030年11月11日",
    "valid":"1",
    "認可類別":"標示",
    "設計人":"高世銘建築師事務所",
    "行政區":"臺北市",
    "ditrict":"大安區",
    "地號":"大安區大安段二小段0035-0000號共4筆學校類建築",
    "建築物使用類別":"學校類建築"
    }
  },
  {
    "type": "Feature",
    "geometry": {
       "type": "Point",
       "coordinates":  [ 121.523227,25.121843 ]
    },
    "properties": {
    "#":44,
    "建築物名稱":"北投區行義段四小段402地號壹拾壹層集合住宅新建工程",
    "建築物概要":"地下2層，地上11層鋼筋混凝土造住宿類建築",
    "認可版本":"2015年版EEWH-RS",
    "認可等級":"銀級",
    "rank":3,
    "有效期間":"2030年11月4日",
    "valid":"1",
    "認可類別":"標示",
    "設計人":"胡永復建築師事務所",
    "行政區":"臺北市",
    "ditrict":"北投區",
    "地號":"北投區行義段四小段0402-0000號共1筆住宿類建築",
    "建築物使用類別":"住宿類建築"
    }
  },
  {
    "type": "Feature",
    "geometry": {
       "type": "Point",
       "coordinates":  [ 121.49296,25.142565 ]
    },
    "properties": {
    "#":45,
    "建築物名稱":"國防大學復興崗校區多功能營區新建工程",
    "建築物概要":"地上5層鋼筋混凝土構造住宿類建築",
    "認可版本":"2015年版EEWH-RS",
    "認可等級":"合格級",
    "rank":1,
    "有效期間":"2030年11月4日",
    "valid":"1",
    "認可類別":"標示",
    "設計人":"馮則維建築師事務所",
    "行政區":"臺北市",
    "ditrict":"北投區",
    "地號":"北投區秀山段二小段907地號土地住宿類建築",
    "建築物使用類別":"住宿類建築"
    }
  },
  {
    "type": "Feature",
    "geometry": {
       "type": "Point",
       "coordinates":  [ 121.52047,25.115229 ]
    },
    "properties": {
    "#":46,
    "建築物名稱":"台北市北投區振興段集合住宅新建工程",
    "建築物概要":"地下2層，地上14層鋼筋混凝土造住宿類建築",
    "認可版本":"2015年版EEWH-RS",
    "認可等級":"銀級",
    "rank":3,
    "有效期間":"2030年10月29日",
    "valid":"1",
    "認可類別":"標示",
    "設計人":"大序建築師事務所",
    "行政區":"臺北市",
    "ditrict":"北投區",
    "地號":"北投區振興段一小段0216-0000號共1筆住宿類建築",
    "建築物使用類別":"住宿類建築"
    }
  },
  {
    "type": "Feature",
    "geometry": {
       "type": "Point",
       "coordinates":  [ 121.562681,24.998911 ]
    },
    "properties": {
    "#":47,
    "建築物名稱":"臺灣警察專科學校學生宿舍大樓新建工程",
    "建築物概要":"地下1層，地上11層鋼筋混凝土造住宿類建築",
    "認可版本":"2015年版EEWH-RS",
    "認可等級":"銅級",
    "rank":2,
    "有效期間":"2030年10月27日",
    "valid":"1",
    "認可類別":"標示",
    "設計人":"呂欽文建築師事務所",
    "行政區":"臺北市",
    "ditrict":"文山區",
    "地號":"文山區萬芳段二小段0525-0000號共32筆住宿類建築",
    "建築物使用類別":"住宿類建築"
    }
  },
  {
    "type": "Feature",
    "geometry": {
       "type": "Point",
       "coordinates":  [ 121.521435,25.02119 ]
    },
    "properties": {
    "#":49,
    "建築物名稱":"臺北市中正區河堤段集合住宅新建工程",
    "建築物概要":"地下3層，地上9層鋼筋混凝土造住宿類建築",
    "認可版本":"2015年版EEWH-RS",
    "認可等級":"銀級",
    "rank":3,
    "有效期間":"2030年10月22日",
    "valid":"1",
    "認可類別":"標示",
    "設計人":"工合建築師事務所",
    "行政區":"臺北市",
    "ditrict":"中正區",
    "地號":"中正區河堤段三小段0687-0000號共2筆住宿類建築",
    "建築物使用類別":"住宿類建築"
    }
  },
  {
    "type": "Feature",
    "geometry": {
       "type": "Point",
       "coordinates":  [ 121.490284,25.033596 ]
    },
    "properties": {
    "#":51,
    "建築物名稱":"臺北市萬華區華江段二小段209-1、 209-12等2筆地號社會住宅新建統包工程",
    "建築物概要":"地下2層，地上14層鋼筋混凝土造空調型(商場分區)及住宿類建築",
    "認可版本":"2019年版EEWH-RS",
    "認可等級":"銀級",
    "rank":3,
    "有效期間":"2030年10月16日",
    "valid":"1",
    "認可類別":"標示",
    "設計人":"鑄力聯合建築師事務所",
    "行政區":"臺北市",
    "ditrict":"萬華區",
    "地號":"萬華區華江段二小段0209-0001號共2筆空調型(商場分區)及住宿類建築",
    "建築物使用類別":"住宿類建築"
    }
  },
  {
    "type": "Feature",
    "geometry": {
       "type": "Point",
       "coordinates":  [ 121.490808,25.033227 ]
    },
    "properties": {
    "#":52,
    "建築物名稱":"臺北市萬華區華江段二小段208-7、209-11、209-13等3筆地號社會住宅新建統包工程",
    "建築物概要":"地下2層，地上13層鋼筋混凝土造空調型(辦公、照護分區)及住宿類建築",
    "認可版本":"2019年版EEWH-RS",
    "認可等級":"銀級",
    "rank":3,
    "有效期間":"2030年10月16日",
    "valid":"1",
    "認可類別":"標示",
    "設計人":"鑄力聯合建築師事務所",
    "行政區":"臺北市",
    "ditrict":"萬華區",
    "地號":"萬華區華江段二小段0208-0007號共3筆空調型(辦公、照護分區)及住宿類建築",
    "建築物使用類別":"住宿類建築"
    }
  },
  {
    "type": "Feature",
    "geometry": {
       "type": "Point",
       "coordinates":  [ 121.53137,25.019968 ]
    },
    "properties": {
    "#":53,
    "建築物名稱":"眾達建設大安得逸集合住宅新建工程",
    "建築物概要":"地下1層，地上7層鋼筋混凝土造住宿類建築",
    "認可版本":"2023年版EEWH-RS",
    "認可等級":"黃金級",
    "rank":4,
    "有效期間":"2030年10月16日",
    "valid":"1",
    "認可類別":"標示",
    "設計人":"謝樹林建築師事務所",
    "行政區":"臺北市",
    "ditrict":"大安區",
    "地號":"大安區龍泉段一小段0896-0001號共1筆住宿類建築",
    "建築物使用類別":"住宿類建築"
    }
  },
  {
    "type": "Feature",
    "geometry": {
       "type": "Point",
       "coordinates":  [ 121.556746,25.054323 ]
    },
    "properties": {
    "#":55,
    "建築物名稱":"三軍總醫院松山分院航空醫學大樓新建統包工程",
    "建築物概要":"地下1層，地上10層鋼筋混凝土造醫院及其他類建築",
    "認可版本":"2015年版EEWH-BC",
    "認可等級":"銀級",
    "rank":3,
    "有效期間":"2030年10月2日",
    "valid":"1",
    "認可類別":"標示",
    "設計人":"蔡達寬建築師事務所",
    "行政區":"臺北市",
    "ditrict":"松山區",
    "地號":"松山區西松段一小段0046-0001號共1筆醫院及其他類建築",
    "建築物使用類別":"醫院類建築"
    }
  },
  {
    "type": "Feature",
    "geometry": {
       "type": "Point",
       "coordinates":  [ 121.5921,25.060684 ]
    },
    "properties": {
    "#":56,
    "建築物名稱":"內湖郭秀麗餐飲業及策略性產業大樓新建工程",
    "建築物概要":"地下4層，地上10層鋼筋混凝土造辦公廳類建築",
    "認可版本":"2015年版EEWH-BC",
    "認可等級":"銀級",
    "rank":3,
    "有效期間":"2030年10月2日",
    "valid":"1",
    "認可類別":"標示",
    "設計人":"三大聯合建築師事務所",
    "行政區":"臺北市",
    "ditrict":"內湖區",
    "地號":"內湖區安康段0015-0008號共1筆辦公廳類建築",
    "建築物使用類別":"辦公廳類建築"
    }
  },
  {
    "type": "Feature",
    "geometry": {
       "type": "Point",
       "coordinates":  [ 121.497376,25.129868 ]
    },
    "properties": {
    "#":58,
    "建築物名稱":"沛碩建設北投區大業段三小段793等1筆地號住宅大樓新建工程",
    "建築物概要":"地下4層，地上15層鋼筋混凝土造辦公廳及住宿類建築",
    "認可版本":"2015年版EEWH-RS",
    "認可等級":"銀級",
    "rank":3,
    "有效期間":"2030年9月30日",
    "valid":"1",
    "認可類別":"標示",
    "設計人":"周文斌建築師事務所 吳嘉雄建築師事務所",
    "行政區":"臺北市",
    "ditrict":"北投區",
    "地號":"北投區大業段三小段0793-0000號共1筆辦公廳及住宿類建築",
    "建築物使用類別":"住宿類建築"
    }
  },
  {
    "type": "Feature",
    "geometry": {
       "type": "Point",
       "coordinates":  [ 121.55624,25.050433 ]
    },
    "properties": {
    "#":59,
    "建築物名稱":"陞遠建設台北市美仁段集合住宅新建工程",
    "建築物概要":"地下2層，地上10層鋼筋混凝土造住宿類建築",
    "認可版本":"2015年版EEWH-RS",
    "認可等級":"銀級",
    "rank":3,
    "有效期間":"2030年9月21日",
    "valid":"1",
    "認可類別":"標示",
    "設計人":"和築建築師事務所",
    "行政區":"臺北市",
    "ditrict":"松山區",
    "地號":"松山區美仁段二小段0362-0000號共1筆住宿類建築",
    "建築物使用類別":"住宿類建築"
    }
  },
  {
    "type": "Feature",
    "geometry": {
       "type": "Point",
       "coordinates":  [ 121.577074,25.060872 ]
    },
    "properties": {
    "#":60,
    "建築物名稱":"內湖區舊宗段83-1等一筆地號土地新建工程",
    "建築物概要":"地下4層，地上8層鋼筋混凝土造空調型(辦公及商場分區)建築",
    "認可版本":"2019年版EEWH-BC(M)",
    "認可等級":"銀級",
    "rank":3,
    "有效期間":"2030年9月18日",
    "valid":"1",
    "認可類別":"標示",
    "設計人":"簡俊卿建築師事務所",
    "行政區":"臺北市",
    "ditrict":"內湖區",
    "地號":"內湖區舊宗段0083-0001共1筆空調型(辦公及商場分區)建築",
    "建築物使用類別":"辦公廳類建築"
    }
  },
  {
    "type": "Feature",
    "geometry": {
       "type": "Point",
       "coordinates":  [ 121.55645,24.977455 ]
    },
    "properties": {
    "#":61,
    "建築物名稱":"臺北市文山區景美女中調車場基地公共住宅統包工程",
    "建築物概要":"地下3層，地上14層鋼筋混凝土造住宿及學校類建築",
    "認可版本":"2015年版EEWH-RS",
    "認可等級":"銀級",
    "rank":3,
    "有效期間":"2030年9月11日",
    "valid":"1",
    "認可類別":"標示",
    "設計人":"陳浩怡建築師事務所",
    "行政區":"臺北市",
    "ditrict":"文山區",
    "地號":"文山區實踐段三小段0789-0000號共1筆住宿及學校類建築",
    "建築物使用類別":"住宿類建築"
    }
  },
  {
    "type": "Feature",
    "geometry": {
       "type": "Point",
       "coordinates":  [ 121.559814,25.027453 ]
    },
    "properties": {
    "#":63,
    "建築物名稱":"臺北市信義區六張犁B街廓基地公共住宅統包工程",
    "建築物概要":"地下3層，地上22層鋼筋混凝土造住宿及學校類建築",
    "認可版本":"2015年版EEWH-RS",
    "認可等級":"銀級",
    "rank":3,
    "有效期間":"2030年9月7日",
    "valid":"1",
    "認可類別":"標示",
    "設計人":"大林聯合建築師事務所",
    "行政區":"臺北市",
    "ditrict":"信義區",
    "地號":"信義區三興段二小段0428-0000號共13筆住宿及學校類建築",
    "建築物使用類別":"住宿類建築"
    }
  },
  {
    "type": "Feature",
    "geometry": {
       "type": "Point",
       "coordinates":  [ 121.571562,24.987225 ]
    },
    "properties": {
    "#":64,
    "建築物名稱":"欣暘建設木柵段案新建工程",
    "建築物概要":"地下3層，地上11層鋼筋混凝土造住宿類建築",
    "認可版本":"2015年版EEWH-RS",
    "認可等級":"黃金級",
    "rank":4,
    "有效期間":"2030年9月1日",
    "valid":"1",
    "認可類別":"標示",
    "設計人":"鄧毅仁建築師事務所",
    "行政區":"臺北市",
    "ditrict":"文山區",
    "地號":"文山區木柵段二小段0720-0000號共1筆住宿類建築",
    "建築物使用類別":"住宿類建築"
    }
  },
  {
    "type": "Feature",
    "geometry": {
       "type": "Point",
       "coordinates":  [ 121.527815,25.047762 ]
    },
    "properties": {
    "#":66,
    "建築物名稱":"廣陞建設長安東路住宅規劃案",
    "建築物概要":"地下3層，地上8層鋼筋混凝土造住宿類建築",
    "認可版本":"2015年版EEWH-RS",
    "認可等級":"銀級",
    "rank":3,
    "有效期間":"2030年8月28日",
    "valid":"1",
    "認可類別":"標示",
    "設計人":"邱垂睿建築師事務所",
    "行政區":"臺北市",
    "ditrict":"中山區",
    "地號":"中山區正義段一小段0341-0000號共1筆住宿類建築",
    "建築物使用類別":"住宿類建築"
    }
  },
  {
    "type": "Feature",
    "geometry": {
       "type": "Point",
       "coordinates":  [ 121.524643,25.095938 ]
    },
    "properties": {
    "#":67,
    "建築物名稱":"德悅建設士林區陽明段二小段519等1筆地號住宅新建工程",
    "建築物概要":"地下5層，地上13層鋼筋混凝土造住宿類建築",
    "認可版本":"2015年版EEWH-RS",
    "認可等級":"銀級",
    "rank":3,
    "有效期間":"2030年8月28日",
    "valid":"1",
    "認可類別":"標示",
    "設計人":"周夢龍建築師事務所 柯智明建築師事務所",
    "行政區":"臺北市",
    "ditrict":"士林區",
    "地號":"士林區陽明段二小段0519-0000號共1筆住宿類建築",
    "建築物使用類別":"住宿類建築"
    }
  },
  {
    "type": "Feature",
    "geometry": {
       "type": "Point",
       "coordinates":  [ 121.569019,25.021064 ]
    },
    "properties": {
    "#":68,
    "建築物名稱":"達欣開發信義文華新建工程",
    "建築物概要":"地下4層，地上13層鋼筋混凝土造住宿類建築",
    "認可版本":"2015年版EEWH-RS",
    "認可等級":"銀級",
    "rank":3,
    "有效期間":"2030年8月28日",
    "valid":"1",
    "認可類別":"標示",
    "設計人":"李祖原聯合建築師事務所",
    "行政區":"臺北市",
    "ditrict":"信義區",
    "地號":"信義區吳興段二小段0716-0011號共2筆住宿類建築",
    "建築物使用類別":"住宿類建築"
    }
  },
  {
    "type": "Feature",
    "geometry": {
       "type": "Point",
       "coordinates":  [ 121.624566,25.019281 ]
    },
    "properties": {
    "#":69,
    "建築物名稱":"臺北市政府環境保護局山豬窟環保展示中心",
    "建築物概要":"地上3層鋼筋混凝土造大型空間類建築",
    "認可版本":"2022年版EEWH-EB",
    "認可等級":"鑽石級",
    "rank":5,
    "有效期間":"2030年8月25日",
    "valid":"1",
    "認可類別":"標示",
    "設計人":"(EB不用發公文)陳柏凱建築師事務所",
    "行政區":"臺北市",
    "ditrict":"南港區",
    "地號":"南港區大豐段三小段848-0地號等446筆大型空間類建築",
    "建築物使用類別":"大型空間類建築"
    }
  },
  {
    "type": "Feature",
    "geometry": {
       "type": "Point",
       "coordinates":  [ 121.530012,25.12283 ]
    },
    "properties": {
    "#":70,
    "建築物名稱":"昇宏昌建設臺北市士林區天母段四小段469地號集合住宅新建工程",
    "建築物概要":"地下3層，地上12層鋼筋混凝土造住宿類建築",
    "認可版本":"2015年版EEWH-RS",
    "認可等級":"銀級",
    "rank":3,
    "有效期間":"2030年8月18日",
    "valid":"1",
    "認可類別":"標示",
    "設計人":"葉日明建築師事務所",
    "行政區":"臺北市",
    "ditrict":"士林區",
    "地號":"士林區天母段四小段0469-0000號共1筆住宿類建築",
    "建築物使用類別":"住宿類建築"
    }
  },
  {
    "type": "Feature",
    "geometry": {
       "type": "Point",
       "coordinates":  [ 121.571335,24.987809 ]
    },
    "properties": {
    "#":71,
    "建築物名稱":"臺北市文山區木柵段一小段194、194-1等2筆集合住宅新建工程",
    "建築物概要":"地下2層，地上12層鋼筋混凝土造住宿類建築",
    "認可版本":"2015年版EEWH-RS",
    "認可等級":"銅級",
    "rank":2,
    "有效期間":"2030年8月18日",
    "valid":"1",
    "認可類別":"標示",
    "設計人":"蔡家欣建築師事務所",
    "行政區":"臺北市",
    "ditrict":"文山區",
    "地號":"文山區木柵段一小段0194-0000號共2筆住宿類建築",
    "建築物使用類別":"住宿類建築"
    }
  },
  {
    "type": "Feature",
    "geometry": {
       "type": "Point",
       "coordinates":  [ 121.52562,25.124034 ]
    },
    "properties": {
    "#":72,
    "建築物名稱":"昇陽建設北投區行義段三小段400等1筆土地集合住宅新建工程",
    "建築物概要":"地下3層，地上14層鋼筋混凝土造住宿類建築",
    "認可版本":"2015年版EEWH-RS",
    "認可等級":"銀級",
    "rank":3,
    "有效期間":"2030年8月6日",
    "valid":"1",
    "認可類別":"標示",
    "設計人":"高仲廷建築師事務所",
    "行政區":"臺北市",
    "ditrict":"北投區",
    "地號":"北投區行義段三小段0400-0000號共1筆住宿類建築",
    "建築物使用類別":"住宿類建築"
    }
  },
  {
    "type": "Feature",
    "geometry": {
       "type": "Point",
       "coordinates":  [ 121.513433,25.067803 ]
    },
    "properties": {
    "#":74,
    "建築物名稱":"三豐建設大同區橋北段一小段新建工程",
    "建築物概要":"地下2層，地上12層鋼筋混凝土造大型空間類建築",
    "認可版本":"2015年版EEWH-BC",
    "認可等級":"銀級",
    "rank":3,
    "有效期間":"2030年7月31日",
    "valid":"1",
    "認可類別":"標示",
    "設計人":"黃秀莊建築師事務所",
    "行政區":"臺北市",
    "ditrict":"大同區",
    "地號":"大同區橋北段一小段0098-0000號共1筆大型空間類建築",
    "建築物使用類別":"大型空間類建築"
    }
  },
  {
    "type": "Feature",
    "geometry": {
       "type": "Point",
       "coordinates":  [ 121.555028,25.03402 ]
    },
    "properties": {
    "#":75,
    "建築物名稱":"首鋼開發信義路四段住宅案",
    "建築物概要":"地下3層，地上9層鋼筋混凝土造住宿類建築",
    "認可版本":"2015年版EEWH-RS",
    "認可等級":"銀級",
    "rank":3,
    "有效期間":"2030年7月28日",
    "valid":"1",
    "認可類別":"標示",
    "設計人":"邱垂睿建築師事務所",
    "行政區":"臺北市",
    "ditrict":"大安區",
    "地號":"大安區仁愛段三小段0405-0000號共1筆住宿類建築",
    "建築物使用類別":"住宿類建築"
    }
  },
  {
    "type": "Feature",
    "geometry": {
       "type": "Point",
       "coordinates":  [ 121.590657,25.082473 ]
    },
    "properties": {
    "#":76,
    "建築物名稱":"友座建設台北市內湖區碧湖段二小段216等壹筆地號壹拾伍層集合住宅新建工程",
    "建築物概要":"地下4層，地上15層鋼筋混凝土造住宿類建築",
    "認可版本":"2015年版EEWH-RS",
    "認可等級":"銅級",
    "rank":2,
    "有效期間":"2030年7月28日",
    "valid":"1",
    "認可類別":"標示",
    "設計人":"胡永復建築師事務所",
    "行政區":"臺北市",
    "ditrict":"內湖區",
    "地號":"內湖區碧湖段二小段0216-0000號共1筆住宿類建築",
    "建築物使用類別":"住宿類建築"
    }
  },
  {
    "type": "Feature",
    "geometry": {
       "type": "Point",
       "coordinates":  [ 121.520858,25.08697 ]
    },
    "properties": {
    "#":77,
    "建築物名稱":"川騰建設百齡段更新住宅案新建工程",
    "建築物概要":"地下4層，地上22層鋼骨鋼筋混凝土造住宿類建築",
    "認可版本":"2023年版EEWH-RS",
    "認可等級":"銀級",
    "rank":3,
    "有效期間":"2030年7月28日",
    "valid":"1",
    "認可類別":"標示",
    "設計人":"邱垂睿建築師事務所",
    "行政區":"臺北市",
    "ditrict":"士林區",
    "地號":"士林區百齡段二小段0597-0000號共1筆住宿類建築",
    "建築物使用類別":"住宿類建築"
    }
  },
  {
    "type": "Feature",
    "geometry": {
       "type": "Point",
       "coordinates":  [ 121.499754,25.040641 ]
    },
    "properties": {
    "#":78,
    "建築物名稱":"慶嶸建設萬華區直興段新建工程",
    "建築物概要":"地下3層，地上12層鋼筋混凝土造住宿類建築",
    "認可版本":"2015年版EEWH-RS",
    "認可等級":"銀級",
    "rank":3,
    "有效期間":"2030年7月21日",
    "valid":"1",
    "認可類別":"標示",
    "設計人":"張玉樹建築師事務所",
    "行政區":"臺北市",
    "ditrict":"萬華區",
    "地號":"萬華區直興段二小段0194-0000號共1筆住宿類建築",
    "建築物使用類別":"住宿類建築"
    }
  },
  {
    "type": "Feature",
    "geometry": {
       "type": "Point",
       "coordinates":  [ 121.523551,25.048519 ]
    },
    "properties": {
    "#":79,
    "建築物名稱":"臺北市中山區正義段三小段543地號新建工程",
    "建築物概要":"地下4層，地上11層鋼筋混凝土造辦公廳及住宿類建築",
    "認可版本":"2015年版EEWH-RS",
    "認可等級":"銀級",
    "rank":3,
    "有效期間":"2030年7月21日",
    "valid":"1",
    "認可類別":"標示",
    "設計人":"呂建勳建築師事務所",
    "行政區":"臺北市",
    "ditrict":"中山區",
    "地號":"中山區正義段三小段0543-0000號共1筆辦公廳及住宿類建築",
    "建築物使用類別":"住宿類建築"
    }
  },
  {
    "type": "Feature",
    "geometry": {
       "type": "Point",
       "coordinates":  [ 121.53342,25.019797 ]
    },
    "properties": {
    "#":80,
    "建築物名稱":"台北市大安區龍泉段一小段557等二筆地號十二層集合住宅新建工程",
    "建築物概要":"地下3層，地上12層鋼筋混凝土造辦公廳及住宿類建築",
    "認可版本":"2015年版EEWH-RS",
    "認可等級":"銀級",
    "rank":3,
    "有效期間":"2030年7月21日",
    "valid":"1",
    "認可類別":"標示",
    "設計人":"吳非士建築師事務所",
    "行政區":"臺北市",
    "ditrict":"大安區",
    "地號":"大安區龍泉段一小段0557-0000號共2筆辦公廳及住宿類建築",
    "建築物使用類別":"住宿類建築"
    }
  },
  {
    "type": "Feature",
    "geometry": {
       "type": "Point",
       "coordinates":  [ 121.558375,25.027722 ]
    },
    "properties": {
    "#":81,
    "建築物名稱":"臺北市信義區六張犁A街廓基地公共住宅統包工程",
    "建築物概要":"地下3層，地上21層鋼筋混凝土造住宿及學校類建築",
    "認可版本":"2015年版EEWH-RS",
    "認可等級":"銀級",
    "rank":3,
    "有效期間":"2030年7月21日",
    "valid":"1",
    "認可類別":"標示",
    "設計人":"大林聯合建築師事務所",
    "行政區":"臺北市",
    "ditrict":"信義區",
    "地號":"信義區三興段二小段0428-0001號共2筆住宿及學校類建築",
    "建築物使用類別":"住宿類建築"
    }
  },
  {
    "type": "Feature",
    "geometry": {
       "type": "Point",
       "coordinates":  [ 121.553665,24.988965 ]
    },
    "properties": {
    "#":82,
    "建築物名稱":"宏廷建設股份有限公司文山區華興段二小段集合住宅新建工程",
    "建築物概要":"地下3層，地上15層鋼筋混凝土造住宿類建築",
    "認可版本":"2015年版EEWH-RS",
    "認可等級":"黃金級",
    "rank":4,
    "有效期間":"2030年7月16日",
    "valid":"1",
    "認可類別":"標示",
    "設計人":"張玉樹建築師事務所",
    "行政區":"臺北市",
    "ditrict":"文山區",
    "地號":"文山區華興段二小段0147-0000號共1筆住宿類建築",
    "建築物使用類別":"住宿類建築"
    }
  },
  {
    "type": "Feature",
    "geometry": {
       "type": "Point",
       "coordinates":  [ 121.582083,25.038823 ]
    },
    "properties": {
    "#":83,
    "建築物名稱":"廣慈博愛園區整體開發計畫公共住宅第C標統包工程",
    "建築物概要":"地下4層，地上28層鋼骨造醫院、住宿及學校類建築",
    "認可版本":"2015年版EEWH-RS",
    "認可等級":"黃金級",
    "rank":4,
    "有效期間":"2030年7月16日",
    "valid":"1",
    "認可類別":"標示",
    "設計人":"境向聯合建築師事務所",
    "行政區":"臺北市",
    "ditrict":"信義區",
    "地號":"信義區福德段二小段0319-0000號共1筆醫院、住宿及學校類建築",
    "建築物使用類別":"住宿類建築"
    }
  },
  {
    "type": "Feature",
    "geometry": {
       "type": "Point",
       "coordinates":  [ 121.534414,25.034728 ]
    },
    "properties": {
    "#":85,
    "建築物名稱":"友座安森",
    "建築物概要":"地下3層，地上10層鋼筋混凝土造住宿類建築",
    "認可版本":"2015年版EEWH-RS",
    "認可等級":"銀級",
    "rank":3,
    "有效期間":"2030年7月13日",
    "valid":"1",
    "認可類別":"標示",
    "設計人":"周錦鴻建築師事務所",
    "行政區":"臺北市",
    "ditrict":"大安區",
    "地號":"大安區懷生段四小段0547-0000號共1筆住宿類建築",
    "建築物使用類別":"住宿類建築"
    }
  },
  {
    "type": "Feature",
    "geometry": {
       "type": "Point",
       "coordinates":  [ 121.515758,25.064531 ]
    },
    "properties": {
    "#":86,
    "建築物名稱":"臺億建築經理股份有限公司大同區大同段二小段拾貳層集合住宅新建工程",
    "建築物概要":"地下2層，地上12層鋼筋混凝土造住宿類建築",
    "認可版本":"2015年版EEWH-RS",
    "認可等級":"合格級",
    "rank":1,
    "有效期間":"2030年7月13日",
    "valid":"1",
    "認可類別":"標示",
    "設計人":"九騰建築師事務所",
    "行政區":"臺北市",
    "ditrict":"大同區",
    "地號":"大同區大同段二小段0522-0000號共1筆住宿類建築",
    "建築物使用類別":"住宿類建築"
    }
  },
  {
    "type": "Feature",
    "geometry": {
       "type": "Point",
       "coordinates":  [ 121.524007,25.033892 ]
    },
    "properties": {
    "#":88,
    "建築物名稱":"蓉誠建設台北市大安區金華段集合住宅新建工程",
    "建築物概要":"地下3層，地上11層鋼骨鋼筋混凝土造住宿類建築",
    "認可版本":"2015年版EEWH-RS",
    "認可等級":"黃金級",
    "rank":4,
    "有效期間":"2030年6月26日",
    "valid":"1",
    "認可類別":"標示",
    "設計人":"歐建利建築師事務所",
    "行政區":"臺北市",
    "ditrict":"大安區",
    "地號":"大安區金華段三小段0543-0000號共1筆住宿類建築",
    "建築物使用類別":"住宿類建築"
    }
  },
  {
    "type": "Feature",
    "geometry": {
       "type": "Point",
       "coordinates":  [ 121.528949,25.037992 ]
    },
    "properties": {
    "#":89,
    "建築物名稱":"首鋼開發臨沂段四小段集合住宅案",
    "建築物概要":"地下4層，地上14層鋼筋混凝土造住宿類建築",
    "認可版本":"2015年版EEWH-RS",
    "認可等級":"銀級",
    "rank":3,
    "有效期間":"2030年6月25日",
    "valid":"1",
    "認可類別":"標示",
    "設計人":"邱垂睿建築師事務所",
    "行政區":"臺北市",
    "ditrict":"中正區",
    "地號":"中正區臨沂段四小段0292-0000號共1筆住宿類建築",
    "建築物使用類別":"住宿類建築"
    }
  },
  {
    "type": "Feature",
    "geometry": {
       "type": "Point",
       "coordinates":  [ 121.510864,25.0429 ]
    },
    "properties": {
    "#":90,
    "建築物名稱":"台北市中正區城中段二小段497等1筆地號新建工程",
    "建築物概要":"地下3層，地上15層鋼筋混凝土造辦公廳、旅館餐飲及住宿類建築",
    "認可版本":"2015年版EEWH-RS",
    "認可等級":"合格級",
    "rank":1,
    "有效期間":"2030年6月25日",
    "valid":"1",
    "認可類別":"標示",
    "設計人":"大硯建築師事務所",
    "行政區":"臺北市",
    "ditrict":"中正區",
    "地號":"中正區城中段二小段0497-0000號共1筆辦公廳、旅館餐飲及住宿類建築",
    "建築物使用類別":"住宿類建築"
    }
  },
  {
    "type": "Feature",
    "geometry": {
       "type": "Point",
       "coordinates":  [ 121.599706,25.055238 ]
    },
    "properties": {
    "#":91,
    "建築物名稱":"濟盟建設南港區(南港段三小段225地號)集合住宅新建工程",
    "建築物概要":"地下3層，地上8層鋼筋混凝土造住宿類建築",
    "認可版本":"2015年版EEWH-RS",
    "認可等級":"合格級",
    "rank":1,
    "有效期間":"2030年6月25日",
    "valid":"1",
    "認可類別":"標示",
    "設計人":"呂建勳建築師事務所",
    "行政區":"臺北市",
    "ditrict":"南港區",
    "地號":"南港區南港段三小段0225-0000號共1筆住宿類建築",
    "建築物使用類別":"住宿類建築"
    }
  },
  {
    "type": "Feature",
    "geometry": {
       "type": "Point",
       "coordinates":  [ 121.604195,25.051602 ]
    },
    "properties": {
    "#":92,
    "建築物名稱":"臺北市南港區南港機廠基地公共住宅統包工程",
    "建築物概要":"地上27層鋼骨鋼筋混凝土造辦公廳、百貨商場、住宿、大型空間及其他類建築",
    "認可版本":"2015年版EEWH-RS",
    "認可等級":"銀級",
    "rank":3,
    "有效期間":"2030年6月23日",
    "valid":"1",
    "認可類別":"標示",
    "設計人":"薛昭信建築師事務所、闕河彬建築師事務所",
    "行政區":"臺北市",
    "ditrict":"南港區",
    "地號":"南港區新光段一小段0004-0001號共83筆辦公廳、百貨商場、住宿、大型空間及其他類建築",
    "建築物使用類別":"住宿類建築"
    }
  },
  {
    "type": "Feature",
    "geometry": {
       "type": "Point",
       "coordinates":  [ 121.552941,25.013907 ]
    },
    "properties": {
    "#":94,
    "建築物名稱":"臺北市殯葬管理處第二殯儀館二期整建工程",
    "建築物概要":"地下4層，地上5層鋼筋混凝土造大型空間類建築",
    "認可版本":"2015年版EEWH-BC",
    "認可等級":"黃金級",
    "rank":4,
    "有效期間":"2030年6月3日",
    "valid":"1",
    "認可類別":"標示",
    "設計人":"楊瑞禎聯合建築師事務所",
    "行政區":"臺北市",
    "ditrict":"大安區",
    "地號":"大安區辛亥段五小段0123-0001號共2筆大型空間類建築",
    "建築物使用類別":"大型空間類建築"
    }
  },
  {
    "type": "Feature",
    "geometry": {
       "type": "Point",
       "coordinates":  [ 121.50288,25.026128 ]
    },
    "properties": {
    "#":95,
    "建築物名稱":"臺北市萬華區新和國民小學校舍整體改建工程(南基地)",
    "建築物概要":"地下3層，地上5層鋼筋混凝土造學校及其他類建築",
    "認可版本":"2015年版EEWH-BC",
    "認可等級":"黃金級",
    "rank":4,
    "有效期間":"2030年6月3日",
    "valid":"1",
    "認可類別":"標示",
    "設計人":"邱永章建築師事務所",
    "行政區":"臺北市",
    "ditrict":"萬華區",
    "地號":"萬華區青年段一小段0151-0004號共1筆學校及其他類建築",
    "建築物使用類別":"學校類建築"
    }
  },
  {
    "type": "Feature",
    "geometry": {
       "type": "Point",
       "coordinates":  [ 121.579195,25.063985 ]
    },
    "properties": {
    "#":97,
    "建築物名稱":"內湖區舊宗段捌層策略性產業大樓新建工程",
    "建築物概要":"地下3層，地上8層鋼筋混凝土造辦公廳類建築",
    "認可版本":"2015年版EEWH-BC",
    "認可等級":"銀級",
    "rank":3,
    "有效期間":"2030年5月19日",
    "valid":"1",
    "認可類別":"標示",
    "設計人":"呂建勳建築師事務所",
    "行政區":"臺北市",
    "ditrict":"內湖區",
    "地號":"內湖區舊宗段0048-0010號共1筆辦公廳類建築",
    "建築物使用類別":"辦公廳類建築"
    }
  },
  {
    "type": "Feature",
    "geometry": {
       "type": "Point",
       "coordinates":  [ 121.506743,25.026826 ]
    },
    "properties": {
    "#":100,
    "建築物名稱":"台北市萬華區青年段拾壹層一般零售業及集合住宅新建工程",
    "建築物概要":"地下3層，地上11層鋼筋混凝土造住宿類建築",
    "認可版本":"2015年版EEWH-RS",
    "認可等級":"銀級",
    "rank":3,
    "有效期間":"2030年5月13日",
    "valid":"1",
    "認可類別":"標示",
    "設計人":"陳聰亨建築師事務所",
    "行政區":"臺北市",
    "ditrict":"萬華區",
    "地號":"萬華區青年段一小段0086-0004號共1筆住宿類建築",
    "建築物使用類別":"住宿類建築"
    }
  },
  {
    "type": "Feature",
    "geometry": {
       "type": "Point",
       "coordinates":  [ 121.525331,25.059138 ]
    },
    "properties": {
    "#":102,
    "建築物名稱":"忠泰建設中山區中山段三小段181等1筆地號集合住宅新建工程",
    "建築物概要":"地下3層，地上15層鋼筋混凝土造住宿類建築",
    "認可版本":"2015年版EEWH-RS",
    "認可等級":"銀級",
    "rank":3,
    "有效期間":"2030年5月6日",
    "valid":"1",
    "認可類別":"標示",
    "設計人":"陳浩怡建築師事務所",
    "行政區":"臺北市",
    "ditrict":"中山區",
    "地號":"中山區中山段三小段0181-0000號共1筆住宿類建築",
    "建築物使用類別":"住宿類建築"
    }
  },
  {
    "type": "Feature",
    "geometry": {
       "type": "Point",
       "coordinates":  [ 121.554044,25.081324 ]
    },
    "properties": {
    "#":104,
    "建築物名稱":"中山區金泰段商辦大樓新建案",
    "建築物概要":"地下4層，地上10層鋼骨造辦公廳類建築",
    "認可版本":"2015年版EEWH-BC",
    "認可等級":"黃金級",
    "rank":4,
    "有效期間":"2030年4月29日",
    "valid":"1",
    "認可類別":"標示",
    "設計人":"陳維翔建築師事務所 朱騰惠建築師事務所",
    "行政區":"臺北市",
    "ditrict":"中山區",
    "地號":"中山區金泰段0096-0011號共1筆辦公廳類建築",
    "建築物使用類別":"辦公廳類建築"
    }
  },
  {
    "type": "Feature",
    "geometry": {
       "type": "Point",
       "coordinates":  [ 121.53394,25.112449 ]
    },
    "properties": {
    "#":105,
    "建築物名稱":"家居建設士東路集合住宅新建工程",
    "建築物概要":"地下3層，地上19層鋼筋混凝土造住宿及其他類建築",
    "認可版本":"2015年版EEWH-RS",
    "認可等級":"銀級",
    "rank":3,
    "有效期間":"2030年4月28日",
    "valid":"1",
    "認可類別":"標示",
    "設計人":"李文勝聯合建築師事務所",
    "行政區":"臺北市",
    "ditrict":"士林區",
    "地號":"士林區三玉段一小段0219-0000號共1筆住宿及其他類建築",
    "建築物使用類別":"住宿類建築"
    }
  },
  {
    "type": "Feature",
    "geometry": {
       "type": "Point",
       "coordinates":  [ 121.581317,25.061865 ]
    },
    "properties": {
    "#":108,
    "建築物名稱":"民瑋投資內湖區舊宗段辦公大樓新建工程",
    "建築物概要":"地下4層，地上8層鋼筋混凝土造辦公廳類建築",
    "認可版本":"2015年版EEWH-BC",
    "認可等級":"銀級",
    "rank":3,
    "有效期間":"2030年4月20日",
    "valid":"1",
    "認可類別":"標示",
    "設計人":"三大聯合建築師事務所",
    "行政區":"臺北市",
    "ditrict":"內湖區",
    "地號":"內湖區舊宗段0042-0008號共1筆辦公廳類建築",
    "建築物使用類別":"辦公廳類建築"
    }
  },
  {
    "type": "Feature",
    "geometry": {
       "type": "Point",
       "coordinates":  [ 121.578144,25.062178 ]
    },
    "properties": {
    "#":110,
    "建築物名稱":"臺北市內湖區舊宗社會住宅新建工程",
    "建築物概要":"地下3層，地上9層鋼筋混凝土造住宿及學校類建築",
    "認可版本":"2015年版EEWH-RS",
    "認可等級":"銀級",
    "rank":3,
    "有效期間":"2030年4月16日",
    "valid":"1",
    "認可類別":"標示",
    "設計人":"郭恆成建築師事務所",
    "行政區":"臺北市",
    "ditrict":"內湖區",
    "地號":"內湖區舊宗段0057-0000號共2筆住宿及學校類建築",
    "建築物使用類別":"住宿類建築"
    }
  },
  {
    "type": "Feature",
    "geometry": {
       "type": "Point",
       "coordinates":  [ 121.560196,25.08368 ]
    },
    "properties": {
    "#":112,
    "建築物名稱":"品陽建設金泰段辦公大樓新建工程",
    "建築物概要":"地下3層，地上11層鋼筋混凝土造辦公廳類建築",
    "認可版本":"2015年版EEWH-BC",
    "認可等級":"銀級",
    "rank":3,
    "有效期間":"2030年4月10日",
    "valid":"1",
    "認可類別":"標示",
    "設計人":"李文勝聯合建築師事務所",
    "行政區":"臺北市",
    "ditrict":"中山區",
    "地號":"中山區金泰段0007-0003號共1筆辦公廳類建築",
    "建築物使用類別":"辦公廳類建築"
    }
  },
  {
    "type": "Feature",
    "geometry": {
       "type": "Point",
       "coordinates":  [ 121.518477,25.057816 ]
    },
    "properties": {
    "#":113,
    "建築物名稱":"台北市大同區雙連段一小段629地號新建案",
    "建築物概要":"地下3層，地上15層鋼筋混凝土造辦公廳及住宿類建築",
    "認可版本":"2015年版EEWH-RS",
    "認可等級":"銀級",
    "rank":3,
    "有效期間":"2030年4月10日",
    "valid":"1",
    "認可類別":"標示",
    "設計人":"謝仕煌建築師事務所",
    "行政區":"臺北市",
    "ditrict":"大同區",
    "地號":"大同區雙連段一小段0629-0000號共1筆辦公廳及住宿類建築",
    "建築物使用類別":"住宿類建築"
    }
  },
  {
    "type": "Feature",
    "geometry": {
       "type": "Point",
       "coordinates":  [ 121.524601,25.065941 ]
    },
    "properties": {
    "#":114,
    "建築物名稱":"合矩建設開發中山區新建工程",
    "建築物概要":"地下3層，地上15層鋼筋混凝土造辦公廳及住宿類建築",
    "認可版本":"2015年版EEWH-RS",
    "認可等級":"銀級",
    "rank":3,
    "有效期間":"2030年4月8日",
    "valid":"1",
    "認可類別":"標示",
    "設計人":"呂建勳建築師事務所",
    "行政區":"臺北市",
    "ditrict":"中山區",
    "地號":"中山區中山段一小段0175-0000號共1筆辦公廳及住宿類建築",
    "建築物使用類別":"住宿類建築"
    }
  },
  {
    "type": "Feature",
    "geometry": {
       "type": "Point",
       "coordinates":  [ 121.501177,25.139368 ]
    },
    "properties": {
    "#":115,
    "建築物名稱":"北投區開明段二小段233、234、235地號等三筆地號集合住宅大樓新建工程",
    "建築物概要":"地下2層，地上14層鋼筋混凝土造住宿類建築",
    "認可版本":"2015年版EEWH-RS",
    "認可等級":"合格級",
    "rank":1,
    "有效期間":"2030年4月1日",
    "valid":"1",
    "認可類別":"標示",
    "設計人":"邑相聯合建築師事務所",
    "行政區":"臺北市",
    "ditrict":"北投區",
    "地號":"北投區開明段二小段0233-0000號共3筆住宿類建築",
    "建築物使用類別":"住宿類建築"
    }
  },
  {
    "type": "Feature",
    "geometry": {
       "type": "Point",
       "coordinates":  [ 121.522277,25.059503 ]
    },
    "properties": {
    "#":116,
    "建築物名稱":"嘉新總部大樓",
    "建築物概要":"地下1層，地上14層鋼筋混凝土造，鋼骨鋼筋混凝土造空調型(辦公、餐飲分區)及其他類建築",
    "認可版本":"2022年版EEWH-EB",
    "認可等級":"鑽石級",
    "rank":5,
    "有效期間":"2030年4月1日",
    "valid":"1",
    "認可類別":"標示",
    "設計人":"沈祖海建築師事務所",
    "行政區":"臺北市",
    "ditrict":"中山區",
    "地號":"中山區中山段四小段0024-0000地號空調型(辦公、餐飲分區)及其他類建築",
    "建築物使用類別":"辦公廳類建築"
    }
  },
  {
    "type": "Feature",
    "geometry": {
       "type": "Point",
       "coordinates":  [ 121.52042,25.079337 ]
    },
    "properties": {
    "#":118,
    "建築物名稱":"璞詠川",
    "建築物概要":"地下2層，地上10層鋼筋混凝土造住宿類建築",
    "認可版本":"2015年版EEWH-RS",
    "認可等級":"合格級",
    "rank":1,
    "有效期間":"2030年3月26日",
    "valid":"1",
    "認可類別":"標示",
    "設計人":"十方聯合建築師事務所",
    "行政區":"臺北市",
    "ditrict":"士林區",
    "地號":"士林區百齡段六小段0318-0000號共1筆住宿類建築",
    "建築物使用類別":"住宿類建築"
    }
  },
  {
    "type": "Feature",
    "geometry": {
       "type": "Point",
       "coordinates":  [ 121.538625,25.079756 ]
    },
    "properties": {
    "#":119,
    "建築物名稱":"「大直營區綜合大樓新建工程」統包工程",
    "建築物概要":"地下1層，地上4層鋼筋混凝土造住宿類建築",
    "認可版本":"2019年版EEWH-RS",
    "認可等級":"銅級",
    "rank":2,
    "有效期間":"2030年3月24日",
    "valid":"1",
    "認可類別":"標示",
    "設計人":"萬有為建築師事務所",
    "行政區":"臺北市",
    "ditrict":"中山區",
    "地號":"臺北市中山區北安段四小段201-2、203、206、241、242、243地號等6筆土地住宿類建築",
    "建築物使用類別":"住宿類建築"
    }
  },
  {
    "type": "Feature",
    "geometry": {
       "type": "Point",
       "coordinates":  [ 121.512937,25.11371 ]
    },
    "properties": {
    "#":120,
    "建築物名稱":"士林開發陽明致遠集合住宅新建工程",
    "建築物概要":"地下3層，地上14層鋼筋混凝土造辦公廳及住宿類建築",
    "認可版本":"2015年版EEWH-RS",
    "認可等級":"銀級",
    "rank":3,
    "有效期間":"2030年3月24日",
    "valid":"1",
    "認可類別":"標示",
    "設計人":"郭旭原聯合建築師事務所",
    "行政區":"臺北市",
    "ditrict":"北投區",
    "地號":"北投區文林段四小段0176-0000號共2筆辦公廳及住宿類建築",
    "建築物使用類別":"住宿類建築"
    }
  },
  {
    "type": "Feature",
    "geometry": {
       "type": "Point",
       "coordinates":  [ 121.533686,25.096229 ]
    },
    "properties": {
    "#":121,
    "建築物名稱":"國立陽明交通大學士林校區育成大樓興建工程",
    "建築物概要":"地下2層，地上6層鋼筋混凝土造學校類建築",
    "認可版本":"2015年版EEWH-BC",
    "認可等級":"合格級",
    "rank":1,
    "有效期間":"2030年3月24日",
    "valid":"1",
    "認可類別":"標示",
    "設計人":"大林聯合建築師事務所",
    "行政區":"臺北市",
    "ditrict":"士林區",
    "地號":"士林區福林段二小段0593-0000號共1筆學校類建築",
    "建築物使用類別":"學校類建築"
    }
  },
  {
    "type": "Feature",
    "geometry": {
       "type": "Point",
       "coordinates":  [ 121.523873,25.066449 ]
    },
    "properties": {
    "#":123,
    "建築物名稱":"中山段一小段246地號等1筆土地新建工程案",
    "建築物概要":"地下4層，地上13層鋼筋混凝土造住宿類建築",
    "認可版本":"2015年版EEWH-RS",
    "認可等級":"銀級",
    "rank":3,
    "有效期間":"2030年3月23日",
    "valid":"1",
    "認可類別":"標示",
    "設計人":"蔣澤益建築師事務所 廖國誠建築師事務所",
    "行政區":"臺北市",
    "ditrict":"中山區",
    "地號":"中山區中山段一小段0246-0000號共1筆住宿類建築",
    "建築物使用類別":"住宿類建築"
    }
  },
  {
    "type": "Feature",
    "geometry": {
       "type": "Point",
       "coordinates":  [ 121.593903,25.056873 ]
    },
    "properties": {
    "#":124,
    "建築物名稱":"向陽段集合住宅新建工程",
    "建築物概要":"地下3層，地上10層鋼筋混凝土造辦公廳及住宿類建築",
    "認可版本":"2015年版EEWH-RS",
    "認可等級":"銀級",
    "rank":3,
    "有效期間":"2030年3月23日",
    "valid":"1",
    "認可類別":"標示",
    "設計人":"林谷諭建築師事務所",
    "行政區":"臺北市",
    "ditrict":"南港區",
    "地號":"南港區向陽段0019-0004號 共1筆辦公廳及住宿類建築",
    "建築物使用類別":"住宿類建築"
    }
  },
  {
    "type": "Feature",
    "geometry": {
       "type": "Point",
       "coordinates":  [ 121.552534,25.08118 ]
    },
    "properties": {
    "#":125,
    "建築物名稱":"良茂大直新建商辦大樓新建工程",
    "建築物概要":"地下4層，地上15層鋼骨造辦公廳、醫院及學校類建築",
    "認可版本":"2015年版EEWH-BC",
    "認可等級":"銀級",
    "rank":3,
    "有效期間":"2030年3月12日",
    "valid":"1",
    "認可類別":"標示",
    "設計人":"薛昭信建築師事務所",
    "行政區":"臺北市",
    "ditrict":"中山區",
    "地號":"中山區金泰段0091-0010號共1筆辦公廳、醫院及學校類建築",
    "建築物使用類別":"辦公廳類建築"
    }
  },
  {
    "type": "Feature",
    "geometry": {
       "type": "Point",
       "coordinates":  [ 121.491936,25.138028 ]
    },
    "properties": {
    "#":126,
    "建築物名稱":"臺北市北投區豐年段二小段382等7筆地號集合住宅新建工程",
    "建築物概要":"地下3層，地上11層鋼筋混凝土造住宿類建築",
    "認可版本":"2015年版EEWH-RS",
    "認可等級":"銀級",
    "rank":3,
    "有效期間":"2030年3月10日",
    "valid":"1",
    "認可類別":"標示",
    "設計人":"黃翔龍建築師事務所",
    "行政區":"臺北市",
    "ditrict":"北投區",
    "地號":"北投區豐年段二小段0382-0000號共7筆住宿類建築",
    "建築物使用類別":"住宿類建築"
    }
  },
  {
    "type": "Feature",
    "geometry": {
       "type": "Point",
       "coordinates":  [ 121.549202,24.984827 ]
    },
    "properties": {
    "#":127,
    "建築物名稱":"臺北市文山區華興公共住宅統包工程",
    "建築物概要":"地下2層，地上9層鋼筋混凝土造醫院、住宿、學校及大型空間類建築",
    "認可版本":"2015年版EEWH-RS",
    "認可等級":"銀級",
    "rank":3,
    "有效期間":"2030年2月25日",
    "valid":"1",
    "認可類別":"標示",
    "設計人":"蕭力仁建築師事務所",
    "行政區":"臺北市",
    "ditrict":"文山區",
    "地號":"文山區華興段四小段0059-0000號共28筆醫院、住宿、學校及大型空間類建築",
    "建築物使用類別":"住宿類建築"
    }
  },
  {
    "type": "Feature",
    "geometry": {
       "type": "Point",
       "coordinates":  [ 121.566996,25.052544 ]
    },
    "properties": {
    "#":128,
    "建築物名稱":"松山區寶清段四小段集合住宅新建工程",
    "建築物概要":"地下3層，地上11層鋼筋混凝土造辦公廳及住宿類建築",
    "認可版本":"2015年版EEWH-RS",
    "認可等級":"銀級",
    "rank":3,
    "有效期間":"2030年2月25日",
    "valid":"1",
    "認可類別":"標示",
    "設計人":"大序建築師事務所",
    "行政區":"臺北市",
    "ditrict":"松山區",
    "地號":"松山區寶清段四小段0067-0000號共5筆辦公廳及住宿類建築",
    "建築物使用類別":"住宿類建築"
    }
  },
  {
    "type": "Feature",
    "geometry": {
       "type": "Point",
       "coordinates":  [ 121.522181,25.096398 ]
    },
    "properties": {
    "#":129,
    "建築物名稱":"華榮市場公辦都更新建工程",
    "建築物概要":"地下3層，地上11層鋼筋混凝土造空調型(文教、照護、商場分區)及住宿類建築",
    "認可版本":"2023年版EEWH-RS",
    "認可等級":"銀級",
    "rank":3,
    "有效期間":"2030年2月25日",
    "valid":"1",
    "認可類別":"標示",
    "設計人":"唐吉生建築師事務所",
    "行政區":"臺北市",
    "ditrict":"士林區",
    "地號":"士林區陽明段三小段0627-0000號共3筆空調型(文教、照護、商場分區)及住宿類建築",
    "建築物使用類別":"住宿類建築"
    }
  },
  {
    "type": "Feature",
    "geometry": {
       "type": "Point",
       "coordinates":  [ 121.570138,25.033787 ]
    },
    "properties": {
    "#":130,
    "建築物名稱":"臺北市信義區松勇路(信義段)集合住宅新建工程",
    "建築物概要":"地下4層，地上16層鋼骨鋼筋混凝土造住宿類建築",
    "認可版本":"2015年版EEWH-RS",
    "認可等級":"銀級",
    "rank":3,
    "有效期間":"2030年2月24日",
    "valid":"1",
    "認可類別":"標示",
    "設計人":"蕭家福聯合建築師事務所",
    "行政區":"臺北市",
    "ditrict":"信義區",
    "地號":"信義區信義段三小段0049-0000號共1筆住宿類建築",
    "建築物使用類別":"住宿類建築"
    }
  },
  {
    "type": "Feature",
    "geometry": {
       "type": "Point",
       "coordinates":  [ 121.512366,25.050455 ]
    },
    "properties": {
    "#":131,
    "建築物名稱":"大同區玉泉段都市更新集合住宅新建工程案",
    "建築物概要":"地下6層，地上29層鋼骨鋼筋混凝土造辦公廳、住宿及其他類建築",
    "認可版本":"2015年版EEWH-RS",
    "認可等級":"銀級",
    "rank":3,
    "有效期間":"2030年2月20日",
    "valid":"1",
    "認可類別":"標示",
    "設計人":"元宏聯合建築師事務所",
    "行政區":"臺北市",
    "ditrict":"大同區",
    "地號":"大同區玉泉段一小段0874-0000號共1筆辦公廳、住宿及其他類建築",
    "建築物使用類別":"住宿類建築"
    }
  },
  {
    "type": "Feature",
    "geometry": {
       "type": "Point",
       "coordinates":  [ 121.521568,25.0286 ]
    },
    "properties": {
    "#":132,
    "建築物名稱":"華南商業銀行台北南門分行",
    "建築物概要":"地上1層至地上2層加強磚造空調型(辦公分區)建築",
    "認可版本":"2019年版EEWH-RN",
    "認可等級":"鑽石級",
    "rank":5,
    "有效期間":"2030年2月19日",
    "valid":"1",
    "認可類別":"標示",
    "設計人":"泰晟冷凍空調事務所",
    "行政區":"臺北市",
    "ditrict":"中正區",
    "地號":"中正區南海段一小段307、307-1、307-2、308、308-1、309、309-1地號等7筆土地空調型(辦公分區)建築",
    "建築物使用類別":"辦公廳類建築"
    }
  },
  {
    "type": "Feature",
    "geometry": {
       "type": "Point",
       "coordinates":  [ 121.59121,25.051884 ]
    },
    "properties": {
    "#":134,
    "建築物名稱":"潤泰創新開發股份有限公司商業辦公大樓",
    "建築物概要":"地下5層，地上27層鋼骨鋼筋混凝土造辦公廳類建築",
    "認可版本":"2015年版EEWH-BC",
    "認可等級":"黃金級",
    "rank":4,
    "有效期間":"2030年2月18日",
    "valid":"1",
    "認可類別":"標示",
    "設計人":"鑄力聯合建築師事務所",
    "行政區":"臺北市",
    "ditrict":"南港區",
    "地號":"南港區玉成段二小段0729-0000號共1筆辦公廳類建築",
    "建築物使用類別":"辦公廳類建築"
    }
  },
  {
    "type": "Feature",
    "geometry": {
       "type": "Point",
       "coordinates":  [ 121.580663,25.048778 ]
    },
    "properties": {
    "#":135,
    "建築物名稱":"璞永建設玉成段三小段集合住宅新建工程",
    "建築物概要":"地下3層，地上14層鋼筋混凝土造辦公廳及住宿類建築",
    "認可版本":"2015年版EEWH-RS",
    "認可等級":"黃金級",
    "rank":4,
    "有效期間":"2030年2月13日",
    "valid":"1",
    "認可類別":"標示",
    "設計人":"昌瑜建築師事務所",
    "行政區":"臺北市",
    "ditrict":"南港區",
    "地號":"南港區玉成段三小段0600-0001號共2筆辦公廳及住宿類建築",
    "建築物使用類別":"住宿類建築"
    }
  },
  {
    "type": "Feature",
    "geometry": {
       "type": "Point",
       "coordinates":  [ 121.593661,25.083537 ]
    },
    "properties": {
    "#":136,
    "建築物名稱":"興富發建設臺北市內湖區康寧段三小段267-1地號住商大樓新建工程",
    "建築物概要":"地下6層，地上29層鋼骨構造百貨商場及住宿類建築",
    "認可版本":"2009年版",
    "認可等級":"黃金級",
    "rank":4,
    "有效期間":"2030年2月13日",
    "valid":"1",
    "認可類別":"標示",
    "設計人":"梁正芳建築師事務所、禾拓建築師事務所",
    "行政區":"臺北市",
    "ditrict":"內湖區",
    "地號":"內湖區康寧段三小段267-1地號百貨商場及住宿類建築",
    "建築物使用類別":"住宿類建築"
    }
  },
  {
    "type": "Feature",
    "geometry": {
       "type": "Point",
       "coordinates":  [ 121.54938,25.072484 ]
    },
    "properties": {
    "#":137,
    "建築物名稱":"濱江搜救隊暨搜救犬豢養基地新建工程",
    "建築物概要":"地上4層鋼筋混凝土造辦公廳類建築",
    "認可版本":"2015年版EEWH-BC",
    "認可等級":"合格級",
    "rank":1,
    "有效期間":"2030年2月12日",
    "valid":"1",
    "認可類別":"標示",
    "設計人":"許澄榮建築師事務所",
    "行政區":"臺北市",
    "ditrict":"中山區",
    "地號":"中山區大佳段二小段964-0地號辦公廳類建築",
    "建築物使用類別":"辦公廳類建築"
    }
  },
  {
    "type": "Feature",
    "geometry": {
       "type": "Point",
       "coordinates":  [ 121.509425,25.113118 ]
    },
    "properties": {
    "#":139,
    "建築物名稱":"億揚北投立農段都市更新住宅案新建工程",
    "建築物概要":"地下4層，地上19層鋼骨鋼筋混凝土造辦公廳及住宿類建築",
    "認可版本":"2015年版EEWH-RS",
    "認可等級":"銀級",
    "rank":3,
    "有效期間":"2030年2月9日",
    "valid":"1",
    "認可類別":"標示",
    "設計人":"邱垂睿建築師事務所",
    "行政區":"臺北市",
    "ditrict":"北投區",
    "地號":"北投區立農段一小段0613-0000號共4筆辦公廳及住宿類建築",
    "建築物使用類別":"住宿類建築"
    }
  },
  {
    "type": "Feature",
    "geometry": {
       "type": "Point",
       "coordinates":  [ 121.5538,25.050629 ]
    },
    "properties": {
    "#":141,
    "建築物名稱":"北市松山區美仁段二小段621地號等6筆土地危老新建工程案",
    "建築物概要":"地下2層，地上10層鋼筋混凝土造辦公廳及住宿類建築",
    "認可版本":"2015年版EEWH-RS",
    "認可等級":"銀級",
    "rank":3,
    "有效期間":"2030年1月23日",
    "valid":"1",
    "認可類別":"標示",
    "設計人":"葉錠坤建築師事務所",
    "行政區":"臺北市",
    "ditrict":"松山區",
    "地號":"松山區美仁段二小段0621-0000號共6筆辦公廳及住宿類建築",
    "建築物使用類別":"住宿類建築"
    }
  },
  {
    "type": "Feature",
    "geometry": {
       "type": "Point",
       "coordinates":  [ 121.612345,25.069307 ]
    },
    "properties": {
    "#":142,
    "建築物名稱":"內湖321K01停車場新建工程",
    "建築物概要":"地下2層，地上9層鋼筋混凝土造辦公廳、百貨商場、住宿、學校、大型空間及其他類建築",
    "認可版本":"2015年版EEWH-BC",
    "認可等級":"黃金級",
    "rank":4,
    "有效期間":"2030年1月22日",
    "valid":"1",
    "認可類別":"標示",
    "設計人":"楊天柱建築師事務所",
    "行政區":"臺北市",
    "ditrict":"內湖區",
    "地號":"內湖區東湖段二小段0031-0001號共2筆辦公廳、百貨商場、住宿、學校、大型空間及其他類建築",
    "建築物使用類別":"其他類建築"
    }
  },
  {
    "type": "Feature",
    "geometry": {
       "type": "Point",
       "coordinates":  [ 121.609898,25.052221 ]
    },
    "properties": {
    "#":143,
    "建築物名稱":"台北南港生技產業大樓(BOT)新建工程",
    "建築物概要":"地下3層，地上17層鋼骨造辦公廳、旅館餐飲及大型空間類建築",
    "認可版本":"2015年版EEWH-BC",
    "認可等級":"銀級",
    "rank":3,
    "有效期間":"2030年1月20日",
    "valid":"1",
    "認可類別":"標示",
    "設計人":"宗邁建築師事務所",
    "行政區":"臺北市",
    "ditrict":"南港區",
    "地號":"南港區中南段一小段0482-0000號共20筆辦公廳、旅館餐飲及大型空間類建築",
    "建築物使用類別":"大型空間類建築"
    }
  },
  {
    "type": "Feature",
    "geometry": {
       "type": "Point",
       "coordinates":  [ 121.507619,25.044265 ]
    },
    "properties": {
    "#":145,
    "建築物名稱":"臺北市萬華區漢中街45號重建工程",
    "建築物概要":"地上4層鋼骨造辦公廳及大型空間類建築",
    "認可版本":"2015年版EEWH-BC",
    "認可等級":"銅級",
    "rank":2,
    "有效期間":"2030年1月16日",
    "valid":"1",
    "認可類別":"標示",
    "設計人":"吳旗清建築師事務所",
    "行政區":"臺北市",
    "ditrict":"萬華區",
    "地號":"萬華區福星段三小段0049-0000號共1筆辦公廳及大型空間類建築",
    "建築物使用類別":"辦公廳類建築"
    }
  },
  {
    "type": "Feature",
    "geometry": {
       "type": "Point",
       "coordinates":  [ 121.530194,25.11332 ]
    },
    "properties": {
    "#":147,
    "建築物名稱":"士林開發股份有限公司士林區三玉段二小段631地號等1筆集合住宅新建工程",
    "建築物概要":"地下2層，地上14層鋼骨鋼筋混凝土造住宿類建築",
    "認可版本":"2015年版EEWH-RS",
    "認可等級":"銀級",
    "rank":3,
    "有效期間":"2030年1月13日",
    "valid":"1",
    "認可類別":"標示",
    "設計人":"三門聯合建築師事務所",
    "行政區":"臺北市",
    "ditrict":"士林區",
    "地號":"士林區三玉段二小段0631-0000號共1筆住宿類建築",
    "建築物使用類別":"住宿類建築"
    }
  },
  {
    "type": "Feature",
    "geometry": {
       "type": "Point",
       "coordinates":  [ 121.539814,25.026278 ]
    },
    "properties": {
    "#":151,
    "建築物名稱":"吉美建設大安區瑞安段集合住宅案",
    "建築物概要":"地下4層，地上21層鋼骨鋼筋混凝土造住宿類建築",
    "認可版本":"2015年版EEWH-RS",
    "認可等級":"銀級",
    "rank":3,
    "有效期間":"2030年1月2日",
    "valid":"1",
    "認可類別":"標示",
    "設計人":"三賦聯合建築師事務所",
    "行政區":"臺北市",
    "ditrict":"大安區",
    "地號":"大安區瑞安段三小段0406-0000號共1筆住宿類建築",
    "建築物使用類別":"住宿類建築"
    }
  },
  {
    "type": "Feature",
    "geometry": {
       "type": "Point",
       "coordinates":  [ 121.554825,25.049978 ]
    },
    "properties": {
    "#":152,
    "建築物名稱":"永陞建設美仁段二小段集合住宅新建工程",
    "建築物概要":"地下5層，地上14層鋼骨造住宿類建築",
    "認可版本":"2012年版EEWH-RS",
    "認可等級":"銀級",
    "rank":3,
    "有效期間":"2030年1月2日",
    "valid":"1",
    "認可類別":"標示",
    "設計人":"邱垂睿建築師事務所",
    "行政區":"臺北市",
    "ditrict":"松山區",
    "地號":"松山區美仁段二小段0536-0000號共1筆住宿類建築",
    "建築物使用類別":"住宿類建築"
    }
  },
  {
    "type": "Feature",
    "geometry": {
       "type": "Point",
       "coordinates":  [ 121.503121,25.020471 ]
    },
    "properties": {
    "#":153,
    "建築物名稱":"臺北市萬華區青年公共住宅二期統包工程",
    "建築物概要":"地下3層，地上19層鋼筋混凝土造醫院、住宿、學校及大型空間類建築",
    "認可版本":"2015年版EEWH-RS",
    "認可等級":"銀級",
    "rank":3,
    "有效期間":"2030年1月2日",
    "valid":"1",
    "認可類別":"標示",
    "設計人":"大宇建築師事務所",
    "行政區":"臺北市",
    "ditrict":"萬華區",
    "地號":"萬華區青年段二小段0018-0011號共2筆醫院、住宿、學校及大型空間類建築",
    "建築物使用類別":"住宿類建築"
    }
  },
  {
    "type": "Feature",
    "geometry": {
       "type": "Point",
       "coordinates":  [ 121.600705,25.058132 ]
    },
    "properties": {
    "#":154,
    "建築物名稱":"優買國際股份有限公司南港區南港段三小段53-8地號新建工程",
    "建築物概要":"地下3層，地上11層鋼筋混凝土造辦公廳及大型空間類建築",
    "認可版本":"2015年版EEWH-BC",
    "認可等級":"銀級",
    "rank":3,
    "有效期間":"2030年1月1日",
    "valid":"1",
    "認可類別":"標示",
    "設計人":"陳彥儒建築師事務所",
    "行政區":"臺北市",
    "ditrict":"南港區",
    "地號":"南港區南港段三小段0053-0008號共1筆辦公廳及大型空間類建築",
    "建築物使用類別":"辦公廳類建築"
    }
  },
  {
    "type": "Feature",
    "geometry": {
       "type": "Point",
       "coordinates":  [ 121.489141,25.14092 ]
    },
    "properties": {
    "#":155,
    "建築物名稱":"臺北市北投區稻香市場拆除重建工程",
    "建築物概要":"地下3層，地上9層鋼筋混凝土造百貨商場、住宿、學校及大型空間類建築",
    "認可版本":"2015年版EEWH-BC",
    "認可等級":"銀級",
    "rank":3,
    "有效期間":"2029年12月26日",
    "valid":"1",
    "認可類別":"標示",
    "設計人":"陳信樟建築師事務所",
    "行政區":"臺北市",
    "ditrict":"北投區",
    "地號":"北投區桃源段一小段0219-0000號共1筆百貨商場、住宿、學校及大型空間類建築",
    "建築物使用類別":"百貨商場類建築"
    }
  },
  {
    "type": "Feature",
    "geometry": {
       "type": "Point",
       "coordinates":  [ 121.593174,25.061757 ]
    },
    "properties": {
    "#":156,
    "建築物名稱":"興富發建設工商業大樓新建工程",
    "建築物概要":"地下4層，地上9層鋼筋混凝土造辦公廳及旅館餐飲類建築",
    "認可版本":"2015年版EEWH-BC",
    "認可等級":"銀級",
    "rank":3,
    "有效期間":"2029年12月26日",
    "valid":"1",
    "認可類別":"標示",
    "設計人":"梁正芳建築師事務所",
    "行政區":"臺北市",
    "ditrict":"內湖區",
    "地號":"內湖區安康段0015-0007號共1筆辦公廳及旅館餐飲類建築",
    "建築物使用類別":"辦公廳類建築"
    }
  },
  {
    "type": "Feature",
    "geometry": {
       "type": "Point",
       "coordinates":  [ 121.531733,25.026594 ]
    },
    "properties": {
    "#":157,
    "建築物名稱":"台北市久年置地金華段集合住宅新建工程",
    "建築物概要":"地下4層，地上15層鋼筋混凝土造住宿類建築",
    "認可版本":"2015年版EEWH-RS",
    "認可等級":"銀級",
    "rank":3,
    "有效期間":"2029年12月19日",
    "valid":"1",
    "認可類別":"標示",
    "設計人":"陳睿成建築師事務所",
    "行政區":"臺北市",
    "ditrict":"大安區",
    "地號":"大安區金華段二小段0463-0000號共1筆住宿類建築",
    "建築物使用類別":"住宿類建築"
    }
  },
  {
    "type": "Feature",
    "geometry": {
       "type": "Point",
       "coordinates":  [ 121.582083,25.038823 ]
    },
    "properties": {
    "#":159,
    "建築物名稱":"廣慈博愛園區整體開發計畫社福大樓第B標統包工程",
    "建築物概要":"地下4層，地上8層鋼筋混凝土造辦公廳、醫院、住宿及學校類建築",
    "認可版本":"2015年版EEWH-BC",
    "認可等級":"黃金級",
    "rank":4,
    "有效期間":"2029年12月19日",
    "valid":"1",
    "認可類別":"標示",
    "設計人":"蕭力仁建築師事務所",
    "行政區":"臺北市",
    "ditrict":"信義區",
    "地號":"信義區福德段二小段0319-0000號共1筆辦公廳、醫院、住宿及學校類建築",
    "建築物使用類別":"辦公廳類建築"
    }
  },
  {
    "type": "Feature",
    "geometry": {
       "type": "Point",
       "coordinates":  [ 121.543483,25.042825 ]
    },
    "properties": {
    "#":160,
    "建築物名稱":"統創建設懷生段集合住宅新建工程",
    "建築物概要":"地下3層，地上15層鋼筋混凝土造住宿類建築",
    "認可版本":"2015年版EEWH-RS",
    "認可等級":"銅級",
    "rank":2,
    "有效期間":"2029年12月18日",
    "valid":"1",
    "認可類別":"標示",
    "設計人":"黃宏輝建築師事務所",
    "行政區":"臺北市",
    "ditrict":"大安區",
    "地號":"大安區懷生段一小段0134-0000號共2筆住宿類建築",
    "建築物使用類別":"住宿類建築"
    }
  },
  {
    "type": "Feature",
    "geometry": {
       "type": "Point",
       "coordinates":  [ 121.533958,25.041284 ]
    },
    "properties": {
    "#":161,
    "建築物名稱":"名積建設懷生段新建工程",
    "建築物概要":"地下3層，地上12層鋼筋混凝土造住宿類建築",
    "認可版本":"2015年版EEWH-RS",
    "認可等級":"銀級",
    "rank":3,
    "有效期間":"2029年12月17日",
    "valid":"1",
    "認可類別":"標示",
    "設計人":"郭旭原聯合建築師事務所",
    "行政區":"臺北市",
    "ditrict":"大安區",
    "地號":"大安區懷生段三小段0442-0000號共1筆住宿類建築",
    "建築物使用類別":"住宿類建築"
    }
  },
  {
    "type": "Feature",
    "geometry": {
       "type": "Point",
       "coordinates":  [ 121.580617,25.079767 ]
    },
    "properties": {
    "#":162,
    "建築物名稱":"臺北市內湖國民小學新孝悌樓新建工程",
    "建築物概要":"地下1層，地上5層鋼筋混凝土造，鋼骨鋼筋混凝土造學校類建築",
    "認可版本":"2015年版EEWH-BC",
    "認可等級":"鑽石級",
    "rank":5,
    "有效期間":"2029年12月17日",
    "valid":"1",
    "認可類別":"標示",
    "設計人":"楊天柱建築師事務所",
    "行政區":"臺北市",
    "ditrict":"內湖區",
    "地號":"內湖區碧湖段三小段0484-0000號共1筆學校類建築",
    "建築物使用類別":"學校類建築"
    }
  },
  {
    "type": "Feature",
    "geometry": {
       "type": "Point",
       "coordinates":  [ 121.496956,25.140336 ]
    },
    "properties": {
    "#":163,
    "建築物名稱":"國防部政治作戰教育訓練中心正氣樓多功能營舍新建統包工程",
    "建築物概要":"地上2層鋼筋混凝土造空調型(辦公分區)及住宿類建築",
    "認可版本":"2019年版EEWH-RS",
    "認可等級":"合格級",
    "rank":1,
    "有效期間":"2029年12月16日",
    "valid":"1",
    "認可類別":"標示",
    "設計人":"禾曜聯合建築師事務所",
    "行政區":"臺北市",
    "ditrict":"北投區",
    "地號":"臺北市北投區秀山段二小段642、686、687、688、689及690地號等6筆土地空調型(辦公分區)及住宿類建築",
    "建築物使用類別":"住宿類建築"
    }
  },
  {
    "type": "Feature",
    "geometry": {
       "type": "Point",
       "coordinates":  [ 121.553811,25.051073 ]
    },
    "properties": {
    "#":164,
    "建築物名稱":"台北市松山區美仁段二小段住宅新建工程",
    "建築物概要":"地下2層，地上7層鋼筋混凝土造住宿類建築",
    "認可版本":"2015年版EEWH-RS",
    "認可等級":"銀級",
    "rank":3,
    "有效期間":"2029年12月16日",
    "valid":"1",
    "認可類別":"標示",
    "設計人":"曾安丞建築師事務所",
    "行政區":"臺北市",
    "ditrict":"松山區",
    "地號":"松山區美仁段二小段0616-0000號共1筆住宿類建築",
    "建築物使用類別":"住宿類建築"
    }
  },
  {
    "type": "Feature",
    "geometry": {
       "type": "Point",
       "coordinates":  [ 121.543363,25.038928 ]
    },
    "properties": {
    "#":167,
    "建築物名稱":"元大商業銀行總行大樓新建工程",
    "建築物概要":"地下4層，地上20層鋼骨造辦公廳類建築",
    "認可版本":"2015年版EEWH-BC",
    "認可等級":"銀級",
    "rank":3,
    "有效期間":"2029年12月11日",
    "valid":"1",
    "認可類別":"標示",
    "設計人":"呂建勳建築師事務所",
    "行政區":"臺北市",
    "ditrict":"大安區",
    "地號":"大安區懷生段二小段0114-0001號共18筆辦公廳類建築",
    "建築物使用類別":"辦公廳類建築"
    }
  },
  {
    "type": "Feature",
    "geometry": {
       "type": "Point",
       "coordinates":  [ 121.532435,25.051301 ]
    },
    "properties": {
    "#":168,
    "建築物名稱":"元大人壽保險股份有限公司中山區長安段三小段414地號等七筆土地辦公大樓新建工程",
    "建築物概要":"地下4層，地上12層鋼筋混凝土造辦公廳類建築",
    "認可版本":"2015年版EEWH-BC",
    "認可等級":"合格級",
    "rank":1,
    "有效期間":"2029年12月11日",
    "valid":"1",
    "認可類別":"標示",
    "設計人":"呂建勳建築師事務所",
    "行政區":"臺北市",
    "ditrict":"中山區",
    "地號":"中山區長安段三小段0414-0000號共7筆辦公廳類建築",
    "建築物使用類別":"辦公廳類建築"
    }
  },
  {
    "type": "Feature",
    "geometry": {
       "type": "Point",
       "coordinates":  [ 121.575622,25.077872 ]
    },
    "properties": {
    "#":171,
    "建築物名稱":"宏匯瑞光廣場",
    "建築物概要":"地下3層，地上17層鋼筋混凝土造空調型(辦公分區)建築",
    "認可版本":"2022年版EEWH-EB",
    "認可等級":"鑽石級",
    "rank":5,
    "有效期間":"2029年12月1日",
    "valid":"1",
    "認可類別":"標示",
    "設計人":"李祖原聯合建築師事務所",
    "行政區":"臺北市",
    "ditrict":"內湖區",
    "地號":"內湖區西湖段四小段0002-0000號共5筆空調型(辦公分區)建築",
    "建築物使用類別":"辦公廳類建築"
    }
  },
  {
    "type": "Feature",
    "geometry": {
       "type": "Point",
       "coordinates":  [ 121.530767,25.028049 ]
    },
    "properties": {
    "#":172,
    "建築物名稱":"臺北市大安區金華段二小段244等1筆土地教堂暨集合住宅新建工程",
    "建築物概要":"地下3層，地上10層鋼筋混凝土造住宿及大型空間類建築",
    "認可版本":"2015年版EEWH-RS",
    "認可等級":"銀級",
    "rank":3,
    "有效期間":"2029年11月28日",
    "valid":"1",
    "認可類別":"標示",
    "設計人":"鑄力聯合建築師事務所",
    "行政區":"臺北市",
    "ditrict":"大安區",
    "地號":"大安區金華段二小段0244-0000號共1筆住宿及大型空間類建築",
    "建築物使用類別":"住宿類建築"
    }
  },
  {
    "type": "Feature",
    "geometry": {
       "type": "Point",
       "coordinates":  [ 121.503307,25.134659 ]
    },
    "properties": {
    "#":173,
    "建築物名稱":"臺北市立北投國民中學活動中心新建工程",
    "建築物概要":"地下1層，地上4層鋼筋混凝土造，鋼骨造大型空間類建築",
    "認可版本":"2015年版EEWH-BC",
    "認可等級":"銀級",
    "rank":3,
    "有效期間":"2029年11月27日",
    "valid":"1",
    "認可類別":"標示",
    "設計人":"黃孟偉建築師事務所",
    "行政區":"臺北市",
    "ditrict":"北投區",
    "地號":"北投區溫泉段一小段0262-0001號共6筆大型空間類建築",
    "建築物使用類別":"大型空間類建築"
    }
  },
  {
    "type": "Feature",
    "geometry": {
       "type": "Point",
       "coordinates":  [ 121.560832,25.043694 ]
    },
    "properties": {
    "#":174,
    "建築物名稱":"臺北文化體育園區大型室內體育館開發計畫案",
    "建築物概要":"地下5層，地上20層鋼骨造，鋼筋混凝土造，鋼骨鋼筋混凝土造辦公廳、百貨商場、旅館餐飲及大型空間類建築",
    "認可版本":"2009年版",
    "認可等級":"銀級",
    "rank":3,
    "有效期間":"2029年11月27日",
    "valid":"1",
    "認可類別":"標示",
    "設計人":"何慶祥建築師事務所",
    "行政區":"臺北市",
    "ditrict":"信義區",
    "地號":"信義區逸仙段二小段0350-0000號共5筆辦公廳、百貨商場、旅館餐飲及大型空間類建築",
    "建築物使用類別":"大型空間類建築"
    }
  },
  {
    "type": "Feature",
    "geometry": {
       "type": "Point",
       "coordinates":  [ 121.558435,25.017325 ]
    },
    "properties": {
    "#":175,
    "建築物名稱":"達永建設臥龍街都市更新案",
    "建築物概要":"地下3層，地上14層鋼筋混凝土造辦公廳、住宿、大型空間及其他類建築",
    "認可版本":"2009年版",
    "認可等級":"黃金級",
    "rank":4,
    "有效期間":"2029年11月27日",
    "valid":"1",
    "認可類別":"標示",
    "設計人":"黃秀莊建築師事務所",
    "行政區":"臺北市",
    "ditrict":"大安區",
    "地號":"大安區辛亥段一小段0176-0000號共1筆辦公廳、住宿、大型空間及其他類建築",
    "建築物使用類別":"住宿類建築"
    }
  },
  {
    "type": "Feature",
    "geometry": {
       "type": "Point",
       "coordinates":  [ 121.516237,25.049508 ]
    },
    "properties": {
    "#":176,
    "建築物名稱":"皇翔建設台汽A16基地商辦大樓新建工程",
    "建築物概要":"地下5層，地上23層鋼骨鋼筋混凝土造辦公廳及百貨商場類建築",
    "認可版本":"2015年版EEWH-BC",
    "認可等級":"黃金級",
    "rank":4,
    "有效期間":"2029年11月26日",
    "valid":"1",
    "認可類別":"標示",
    "設計人":"三大聯合建築師事務所",
    "行政區":"臺北市",
    "ditrict":"大同區",
    "地號":"大同區市府段三小段0247-0000號共1筆辦公廳及百貨商場類建築",
    "建築物使用類別":"辦公廳類建築"
    }
  },
  {
    "type": "Feature",
    "geometry": {
       "type": "Point",
       "coordinates":  [ 121.536173,24.999904 ]
    },
    "properties": {
    "#":177,
    "建築物名稱":"內政部建築研究所材料實驗中心",
    "建築物概要":"地下1層，地上7層鋼筋混凝土造、鋼骨造空調型(辦公分區)及其他類建築",
    "認可版本":"2022年版EEWH-EB",
    "認可等級":"鑽石級",
    "rank":5,
    "有效期間":"2029年11月25日",
    "valid":"1",
    "認可類別":"標示",
    "設計人":"境向聯合建築師事務所",
    "行政區":"臺北市",
    "ditrict":"文山區",
    "地號":"文山區萬隆段二小段586-0地號等11筆空調型(辦公分區)及其他類建築",
    "建築物使用類別":"辦公廳類建築"
    }
  },
  {
    "type": "Feature",
    "geometry": {
       "type": "Point",
       "coordinates":  [ 121.523573,25.062494 ]
    },
    "properties": {
    "#":178,
    "建築物名稱":"上海商業儲蓄銀行總行大樓新建工程",
    "建築物概要":"地下4層，地上16層鋼筋混凝土造，鋼骨造辦公廳類建築",
    "認可版本":"2015年版EEWH-BC",
    "認可等級":"銀級",
    "rank":3,
    "有效期間":"2029年11月20日",
    "valid":"1",
    "認可類別":"標示",
    "設計人":"潘冀聯合建築師事務所",
    "行政區":"臺北市",
    "ditrict":"中山區",
    "地號":"中山區中山段一小段0823-0001號共6筆辦公廳類建築",
    "建築物使用類別":"辦公廳類建築"
    }
  },
  {
    "type": "Feature",
    "geometry": {
       "type": "Point",
       "coordinates":  [ 121.516543,25.063256 ]
    },
    "properties": {
    "#":182,
    "建築物名稱":"華誼建設台北市大同區大同段二小段212地號集合住宅新建工程",
    "建築物概要":"地下5層，地上15層鋼筋混凝土造住宿類建築",
    "認可版本":"2015年版EEWH-RS",
    "認可等級":"銀級",
    "rank":3,
    "有效期間":"2029年11月7日",
    "valid":"1",
    "認可類別":"標示",
    "設計人":"葉日明建築師事務所",
    "行政區":"臺北市",
    "ditrict":"大同區",
    "地號":"大同區大同段二小段0212-0000號共2筆住宿類建築",
    "建築物使用類別":"住宿類建築"
    }
  },
  {
    "type": "Feature",
    "geometry": {
       "type": "Point",
       "coordinates":  [ 121.496775,25.134721 ]
    },
    "properties": {
    "#":183,
    "建築物名稱":"國泰建設北投區大業段二小段765等2筆地號店鋪、集合住宅新建工程",
    "建築物概要":"地下5層，地上24層鋼筋混凝土造辦公廳及住宿類建築",
    "認可版本":"2015年版EEWH-RS",
    "認可等級":"銀級",
    "rank":3,
    "有效期間":"2029年11月7日",
    "valid":"1",
    "認可類別":"標示",
    "設計人":"王克誠建築師事務所",
    "行政區":"臺北市",
    "ditrict":"北投區",
    "地號":"北投區大業段二小段0765-0000號共2筆辦公廳及住宿類建築",
    "建築物使用類別":"住宿類建築"
    }
  },
  {
    "type": "Feature",
    "geometry": {
       "type": "Point",
       "coordinates":  [ 121.517881,25.023726 ]
    },
    "properties": {
    "#":184,
    "建築物名稱":"台北市中正區河堤段五小段411、411-1地號新建案",
    "建築物概要":"地下3層，地上9層鋼筋混凝土造住宿類建築",
    "認可版本":"2015年版EEWH-RS",
    "認可等級":"銀級",
    "rank":3,
    "有效期間":"2029年11月7日",
    "valid":"1",
    "認可類別":"標示",
    "設計人":"謝仕煌建築師事務所",
    "行政區":"臺北市",
    "ditrict":"中正區",
    "地號":"中正區河堤段五小段0411-0000號共2筆住宿類建築",
    "建築物使用類別":"住宿類建築"
    }
  },
  {
    "type": "Feature",
    "geometry": {
       "type": "Point",
       "coordinates":  [ 121.504447,25.045973 ]
    },
    "properties": {
    "#":185,
    "建築物名稱":"岳泰建設萬華區福星段集合住宅新建工程",
    "建築物概要":"地下5層，地上23層鋼骨造住宿類建築",
    "認可版本":"2015年版EEWH-RS",
    "認可等級":"合格級",
    "rank":1,
    "有效期間":"2029年11月6日",
    "valid":"1",
    "認可類別":"標示",
    "設計人":"三門聯合建築師事務所",
    "行政區":"臺北市",
    "ditrict":"萬華區",
    "地號":"萬華區福星段二小段0618-0000號共1筆住宿類建築",
    "建築物使用類別":"住宿類建築"
    }
  },
  {
    "type": "Feature",
    "geometry": {
       "type": "Point",
       "coordinates":  [ 121.513722,25.104514 ]
    },
    "properties": {
    "#":186,
    "建築物名稱":"永陞建設北投區軟橋段48地號辦公大樓新建工程",
    "建築物概要":"地下4層，地上14層鋼骨造辦公廳類建築",
    "認可版本":"2015年版EEWH-BC",
    "認可等級":"銀級",
    "rank":3,
    "有效期間":"2029年11月6日",
    "valid":"1",
    "認可類別":"標示",
    "設計人":"呂建勳建築師事務所",
    "行政區":"臺北市",
    "ditrict":"北投區",
    "地號":"北投區軟橋段0048-0000號共1筆辦公廳類建築",
    "建築物使用類別":"辦公廳類建築"
    }
  },
  {
    "type": "Feature",
    "geometry": {
       "type": "Point",
       "coordinates":  [ 121.582083,25.038823 ]
    },
    "properties": {
    "#":187,
    "建築物名稱":"廣慈博愛園區整體開發計畫行政大樓第A標統包工程",
    "建築物概要":"地下4層，地上13層鋼筋混凝土造辦公廳及大型空間類建築",
    "認可版本":"2015年版EEWH-BC",
    "認可等級":"黃金級",
    "rank":4,
    "有效期間":"2029年11月4日",
    "valid":"1",
    "認可類別":"標示",
    "設計人":"蕭力仁建築師事務所",
    "行政區":"臺北市",
    "ditrict":"信義區",
    "地號":"信義區福德段二小段0319-0000號共1筆辦公廳及大型空間類建築",
    "建築物使用類別":"大型空間類建築"
    }
  },
  {
    "type": "Feature",
    "geometry": {
       "type": "Point",
       "coordinates":  [ 121.544525,25.04911 ]
    },
    "properties": {
    "#":188,
    "建築物名稱":"豐華開發敦化段集合住宅新建工程",
    "建築物概要":"地下3層，地上11層鋼筋混凝土造住宿類建築",
    "認可版本":"2015年版EEWH-RS",
    "認可等級":"銀級",
    "rank":3,
    "有效期間":"2029年10月24日",
    "valid":"1",
    "認可類別":"標示",
    "設計人":"林志崧建築師事務所",
    "行政區":"臺北市",
    "ditrict":"松山區",
    "地號":"松山區敦化段二小段0503-0000號共2筆住宿類建築",
    "建築物使用類別":"住宿類建築"
    }
  },
  {
    "type": "Feature",
    "geometry": {
       "type": "Point",
       "coordinates":  [ 121.527347,25.035895 ]
    },
    "properties": {
    "#":189,
    "建築物名稱":"達欣開發東門馥寓新建工程案",
    "建築物概要":"地下2層，地上7層鋼筋混凝土造辦公廳及住宿類建築",
    "認可版本":"2015年版EEWH-RS",
    "認可等級":"銀級",
    "rank":3,
    "有效期間":"2029年10月23日",
    "valid":"1",
    "認可類別":"標示",
    "設計人":"林秀芬建築師事務所",
    "行政區":"臺北市",
    "ditrict":"中正區",
    "地號":"中正區中正段二小段0279-0000號共1筆辦公廳及住宿類建築",
    "建築物使用類別":"住宿類建築"
    }
  },
  {
    "type": "Feature",
    "geometry": {
       "type": "Point",
       "coordinates":  [ 121.585816,25.057812 ]
    },
    "properties": {
    "#":191,
    "建築物名稱":"皇鼎建設開發股份有限公司內湖區潭美段拾貳層[辦公大樓新建工程]",
    "建築物概要":"地下4層，地上12層鋼筋混凝土造辦公廳類建築",
    "認可版本":"2015年版EEWH-BC",
    "認可等級":"銀級",
    "rank":3,
    "有效期間":"2029年10月16日",
    "valid":"1",
    "認可類別":"標示",
    "設計人":"照華建築師事務所",
    "行政區":"臺北市",
    "ditrict":"內湖區",
    "地號":"內湖區潭美段三小段0554-0000號共8筆辦公廳類建築",
    "建築物使用類別":"辦公廳類建築"
    }
  },
  {
    "type": "Feature",
    "geometry": {
       "type": "Point",
       "coordinates":  [ 121.562681,24.998911 ]
    },
    "properties": {
    "#":192,
    "建築物名稱":"臺灣警察專科學校學生宿舍大樓新建工程",
    "建築物概要":"地下1層，地上11層鋼筋混凝土造住宿類建築",
    "認可版本":"2015年版EEWH-RS",
    "認可等級":"銅級",
    "rank":2,
    "有效期間":"2029年10月15日",
    "valid":"1",
    "認可類別":"標示",
    "設計人":"呂欽文建築師事務所",
    "行政區":"臺北市",
    "ditrict":"文山區",
    "地號":"文山區萬芳段二小段0525-0000號共32筆住宿類建築",
    "建築物使用類別":"住宿類建築"
    }
  },
  {
    "type": "Feature",
    "geometry": {
       "type": "Point",
       "coordinates":  [ 121.5461,25.048778 ]
    },
    "properties": {
    "#":193,
    "建築物名稱":"合作金庫商業銀行總行大樓",
    "建築物概要":"地下5層，地上20層鋼骨造空調型(辦公及文教分區)建築",
    "認可版本":"2022年版EEWH-EB",
    "認可等級":"鑽石級",
    "rank":5,
    "有效期間":"2029年10月15日",
    "valid":"1",
    "認可類別":"標示",
    "設計人":"三門聯合建築師事務所",
    "行政區":"臺北市",
    "ditrict":"松山區",
    "地號":"松山區敦化段二小段173-3地號等14筆空調型(辦公及文教分區)建築",
    "建築物使用類別":"辦公廳類建築"
    }
  },
  {
    "type": "Feature",
    "geometry": {
       "type": "Point",
       "coordinates":  [ 121.588508,25.06829 ]
    },
    "properties": {
    "#":194,
    "建築物名稱":"臺北市內湖區新湖國民小學活動中心新建工程",
    "建築物概要":"地下1層，地上5層鋼骨鋼筋混凝土造大型空間類建築",
    "認可版本":"2015年版EEWH-BC",
    "認可等級":"銀級",
    "rank":3,
    "有效期間":"2029年10月14日",
    "valid":"1",
    "認可類別":"標示",
    "設計人":"吳坤霖建築師事務所",
    "行政區":"臺北市",
    "ditrict":"內湖區",
    "地號":"內湖區文德段四小段0012-0000號共1筆大型空間類建築",
    "建築物使用類別":"大型空間類建築"
    }
  },
  {
    "type": "Feature",
    "geometry": {
       "type": "Point",
       "coordinates":  [ 121.544382,25.040565 ]
    },
    "properties": {
    "#":195,
    "建築物名稱":"大安超高壓變電所暨多目標使用樓層新建工程",
    "建築物概要":"地下7層，地上16層鋼骨造，鋼筋混凝土造旅館餐飲及其他類建築",
    "認可版本":"2007年更新版",
    "認可等級":"合格級",
    "rank":1,
    "有效期間":"2029年10月14日",
    "valid":"1",
    "認可類別":"標示",
    "設計人":"華興聯合建築師事務所",
    "行政區":"臺北市",
    "ditrict":"大安區",
    "地號":"大安區復興段二小段0149-0004號共8筆旅館餐飲及其他類建築",
    "建築物使用類別":"其他類建築"
    }
  },
  {
    "type": "Feature",
    "geometry": {
       "type": "Point",
       "coordinates":  [ 121.5432,25.011915 ]
    },
    "properties": {
    "#":197,
    "建築物名稱":"臺北市大安區公館國民小學風雨操場新建工程",
    "建築物概要":"地上1層鋼骨造學校類建築",
    "認可版本":"2019年版EEWH-BC",
    "認可等級":"合格級",
    "rank":1,
    "有效期間":"2029年9月26日",
    "valid":"1",
    "認可類別":"標示",
    "設計人":"程景玄建築師事務所",
    "行政區":"臺北市",
    "ditrict":"大安區",
    "地號":"大安區辛亥段五小段0223-0000號共1筆學校類建築",
    "建築物使用類別":"學校類建築"
    }
  },
  {
    "type": "Feature",
    "geometry": {
       "type": "Point",
       "coordinates":  [ 121.511729,25.025774 ]
    },
    "properties": {
    "#":198,
    "建築物名稱":"睿泰建設中正區永昌段三小段292地號等1筆土地住宅大樓新建工程",
    "建築物概要":"地下3層，地上11層鋼筋混凝土造住宿類建築",
    "認可版本":"2015年版EEWH-RS",
    "認可等級":"銀級",
    "rank":3,
    "有效期間":"2029年9月25日",
    "valid":"1",
    "認可類別":"標示",
    "設計人":"吳非士建築師事務所",
    "行政區":"臺北市",
    "ditrict":"中正區",
    "地號":"中正區永昌段三小段0292-0000號共1筆住宿類建築",
    "建築物使用類別":"住宿類建築"
    }
  },
  {
    "type": "Feature",
    "geometry": {
       "type": "Point",
       "coordinates":  [ 121.545782,25.060965 ]
    },
    "properties": {
    "#":199,
    "建築物名稱":"中山國中綜合大樓新建工程",
    "建築物概要":"地下2層，地上4層鋼筋混凝土造，鋼骨造大型空間及其他類建築",
    "認可版本":"2015年版EEWH-BC",
    "認可等級":"銀級",
    "rank":3,
    "有效期間":"2029年9月22日",
    "valid":"1",
    "認可類別":"標示",
    "設計人":"邱永章建築師事務所",
    "行政區":"臺北市",
    "ditrict":"松山區",
    "地號":"松山區敦化段五小段0026-0000號共1筆大型空間及其他類建築",
    "建築物使用類別":"學校類建築"
    }
  },
  {
    "type": "Feature",
    "geometry": {
       "type": "Point",
       "coordinates":  [ 121.527465,25.070786 ]
    },
    "properties": {
    "#":200,
    "建築物名稱":"臺北市立美術館典藏庫房新建暨南進門改善統包工程",
    "建築物概要":"地下2層，地上2層鋼筋混凝土造，鋼骨造其他類建築",
    "認可版本":"2019年版EEWH-BC(M)",
    "認可等級":"銅級",
    "rank":2,
    "有效期間":"2029年9月18日",
    "valid":"1",
    "認可類別":"標示",
    "設計人":"張樞建築師事務所",
    "行政區":"臺北市",
    "ditrict":"中山區",
    "地號":"中山區德惠段一小段0110-0000號共52筆其他類建築",
    "建築物使用類別":"其他類建築"
    }
  },
  {
    "type": "Feature",
    "geometry": {
       "type": "Point",
       "coordinates":  [ 121.504475,25.100741 ]
    },
    "properties": {
    "#":201,
    "建築物名稱":"北投士林科技園區區段徵收專案住宅(R23)",
    "建築物概要":"地下2層，地上10層鋼筋混凝土構造住宿及其他類建築",
    "認可版本":"2009年版",
    "認可等級":"銅級",
    "rank":2,
    "有效期間":"2029年9月11日",
    "valid":"1",
    "認可類別":"標示",
    "設計人":"大宇建築師事務所",
    "行政區":"臺北市",
    "ditrict":"北投區",
    "地號":"北投區新洲美段13-0地號住宿及其他類建築",
    "建築物使用類別":"住宿類建築"
    }
  },
  {
    "type": "Feature",
    "geometry": {
       "type": "Point",
       "coordinates":  [ 121.504497,25.100136 ]
    },
    "properties": {
    "#":202,
    "建築物名稱":"北投士林科技園區區段徵收專案住宅(R24)",
    "建築物概要":"地下2層，地上13層鋼筋混凝土構造住宿及其他類建築",
    "認可版本":"2009年版",
    "認可等級":"銅級",
    "rank":2,
    "有效期間":"2029年9月11日",
    "valid":"1",
    "認可類別":"標示",
    "設計人":"大宇建築師事務所",
    "行政區":"臺北市",
    "ditrict":"北投區",
    "地號":"北投區新洲美段42-0地號住宿及其他類建築",
    "建築物使用類別":"住宿類建築"
    }
  },
  {
    "type": "Feature",
    "geometry": {
       "type": "Point",
       "coordinates":  [ 121.505567,25.100775 ]
    },
    "properties": {
    "#":203,
    "建築物名稱":"北投士林科技園區區段徵收專案住宅(R28)",
    "建築物概要":"地下2層，地上13層鋼筋混凝土構造住宿及其他類建築",
    "認可版本":"2009年版",
    "認可等級":"合格級",
    "rank":1,
    "有效期間":"2029年9月11日",
    "valid":"1",
    "認可類別":"標示",
    "設計人":"大宇建築師事務所",
    "行政區":"臺北市",
    "ditrict":"北投區",
    "地號":"北投區新洲美段16-0地號住宿及其他類建築",
    "建築物使用類別":"住宿類建築"
    }
  },
  {
    "type": "Feature",
    "geometry": {
       "type": "Point",
       "coordinates":  [ 121.506255,25.100797 ]
    },
    "properties": {
    "#":204,
    "建築物名稱":"北投士林科技園區區段徵收專案住宅(R29)",
    "建築物概要":"地下2層，地上13層鋼筋混凝土構造住宿及其他類建築",
    "認可版本":"2009年版",
    "認可等級":"銅級",
    "rank":2,
    "有效期間":"2029年9月11日",
    "valid":"1",
    "認可類別":"標示",
    "設計人":"大宇建築師事務所",
    "行政區":"臺北市",
    "ditrict":"北投區",
    "地號":"北投區新洲美段17-0地號住宿及其他類建築",
    "建築物使用類別":"住宿類建築"
    }
  },
  {
    "type": "Feature",
    "geometry": {
       "type": "Point",
       "coordinates":  [ 121.51038,25.062221 ]
    },
    "properties": {
    "#":205,
    "建築物名稱":"祿鼎建設延平段集合住宅新建工程",
    "建築物概要":"地下2層，地上9層鋼筋混凝土造住宿類建築",
    "認可版本":"2015年版EEWH-RS",
    "認可等級":"銀級",
    "rank":3,
    "有效期間":"2029年9月10日",
    "valid":"1",
    "認可類別":"標示",
    "設計人":"三大聯合建築師事務所",
    "行政區":"臺北市",
    "ditrict":"大同區",
    "地號":"大同區延平段二小段0050-0000號共2筆住宿類建築",
    "建築物使用類別":"住宿類建築"
    }
  },
  {
    "type": "Feature",
    "geometry": {
       "type": "Point",
       "coordinates":  [ 121.549535,24.999738 ]
    },
    "properties": {
    "#":206,
    "建築物名稱":"萬隆東營區社會福利設施用地新建工程",
    "建築物概要":"地下2層，地上6層鋼筋混凝土造辦公廳、醫院、住宿、學校及大型空間類建築",
    "認可版本":"2015年版EEWH-BC",
    "認可等級":"銅級",
    "rank":2,
    "有效期間":"2029年9月9日",
    "valid":"1",
    "認可類別":"標示",
    "設計人":"王騰建築師事務所",
    "行政區":"臺北市",
    "ditrict":"文山區",
    "地號":"文山區興安段二小段0583-0002號共11筆辦公廳、醫院、住宿、學校及大型空間類建築",
    "建築物使用類別":"大型空間類建築"
    }
  },
  {
    "type": "Feature",
    "geometry": {
       "type": "Point",
       "coordinates":  [ 121.523188,25.113335 ]
    },
    "properties": {
    "#":207,
    "建築物名稱":"璞真荣華",
    "建築物概要":"地下3層，地上11層鋼筋混凝土造住宿類建築",
    "認可版本":"2015年版EEWH-RS",
    "認可等級":"銀級",
    "rank":3,
    "有效期間":"2029年9月8日",
    "valid":"1",
    "認可類別":"標示",
    "設計人":"曾永信建築師事務所",
    "行政區":"臺北市",
    "ditrict":"北投區",
    "地號":"北投區振興段一小段0361-0000號共1筆住宿類建築",
    "建築物使用類別":"住宿類建築"
    }
  },
  {
    "type": "Feature",
    "geometry": {
       "type": "Point",
       "coordinates":  [ 121.529817,25.022187 ]
    },
    "properties": {
    "#":208,
    "建築物名稱":"新碩建設大安區龍泉段二小段0852-0000號共1筆地號新建工程",
    "建築物概要":"地下3層，地上11層鋼筋混凝土造住宿類建築",
    "認可版本":"2015年版EEWH-RS",
    "認可等級":"銀級",
    "rank":3,
    "有效期間":"2029年9月5日",
    "valid":"1",
    "認可類別":"標示",
    "設計人":"黃士瑋建築師事務所",
    "行政區":"臺北市",
    "ditrict":"大安區",
    "地號":"大安區龍泉段二小段0852-0000號共1筆住宿類建築",
    "建築物使用類別":"住宿類建築"
    }
  },
  {
    "type": "Feature",
    "geometry": {
       "type": "Point",
       "coordinates":  [ 121.60288,25.055707 ]
    },
    "properties": {
    "#":210,
    "建築物名稱":"臺北市南港區東新國民小學校舍改建工程",
    "建築物概要":"地下1層，地上4層鋼筋混凝土造學校及其他類建築",
    "認可版本":"2015年版EEWH-BC",
    "認可等級":"銀級",
    "rank":3,
    "有效期間":"2029年8月28日",
    "valid":"1",
    "認可類別":"標示",
    "設計人":"境向聯合建築師事務所",
    "行政區":"臺北市",
    "ditrict":"南港區",
    "地號":"南港區南港段四小段0246-0000號共2筆學校及其他類建築",
    "建築物使用類別":"學校類建築"
    }
  },
  {
    "type": "Feature",
    "geometry": {
       "type": "Point",
       "coordinates":  [ 121.598188,25.053147 ]
    },
    "properties": {
    "#":211,
    "建築物名稱":"北部流行音樂中心興建工程(北基地)",
    "建築物概要":"地下3層，地上5層鋼筋混凝土及鋼骨構造大型空間類建築",
    "認可版本":"2012年版EEWH-BC",
    "認可等級":"合格級",
    "rank":1,
    "有效期間":"2029年8月26日",
    "valid":"1",
    "認可類別":"標示",
    "設計人":"宗邁建築師事務所",
    "行政區":"臺北市",
    "ditrict":"南港區",
    "地號":"南港區南港段四小段581-0地號等2筆大型空間類建築",
    "建築物使用類別":"大型空間類建築"
    }
  },
  {
    "type": "Feature",
    "geometry": {
       "type": "Point",
       "coordinates":  [ 121.513816,25.10706 ]
    },
    "properties": {
    "#":212,
    "建築物名稱":"華固文臨",
    "建築物概要":"地下3層，地上13層鋼筋混凝土造住宿類建築",
    "認可版本":"2015年版EEWH-RS",
    "認可等級":"銀級",
    "rank":3,
    "有效期間":"2029年8月19日",
    "valid":"1",
    "認可類別":"標示",
    "設計人":"陳肇勳建築師事務所",
    "行政區":"臺北市",
    "ditrict":"北投區",
    "地號":"北投區軟橋段0015-0000號共1筆住宿類建築",
    "建築物使用類別":"住宿類建築"
    }
  },
  {
    "type": "Feature",
    "geometry": {
       "type": "Point",
       "coordinates":  [ 121.503529,25.130377 ]
    },
    "properties": {
    "#":213,
    "建築物名稱":"世豐開發台北市北投區新市街24巷69號集合住宅新建工程",
    "建築物概要":"地下4層，地上16層鋼筋混凝土造住宿類建築",
    "認可版本":"2015年版EEWH-RS",
    "認可等級":"銀級",
    "rank":3,
    "有效期間":"2029年8月19日",
    "valid":"1",
    "認可類別":"標示",
    "設計人":"朱文熙建築師事務所",
    "行政區":"臺北市",
    "ditrict":"北投區",
    "地號":"北投區溫泉段四小段0292-0000號共2筆住宿類建築",
    "建築物使用類別":"住宿類建築"
    }
  },
  {
    "type": "Feature",
    "geometry": {
       "type": "Point",
       "coordinates":  [ 121.547,25.014208 ]
    },
    "properties": {
    "#":214,
    "建築物名稱":"國立臺灣大學生醫工程館新建工程",
    "建築物概要":"地下2層，地上9層鋼筋混凝土構造辦公廳類建築",
    "認可版本":"2007年更新版",
    "認可等級":"銅級",
    "rank":2,
    "有效期間":"2029年8月14日",
    "valid":"1",
    "認可類別":"標示",
    "設計人":"潘冀聯合建築師事務所",
    "行政區":"臺北市",
    "ditrict":"大安區",
    "地號":"大安區辛亥段五小段94-3地號等25筆辦公廳類建築",
    "建築物使用類別":"辦公廳類建築"
    }
  },
  {
    "type": "Feature",
    "geometry": {
       "type": "Point",
       "coordinates":  [ 121.578831,25.053797 ]
    },
    "properties": {
    "#":215,
    "建築物名稱":"台北市新明路住宅新建工程",
    "建築物概要":"地下3層，地上13層鋼筋混凝土造住宿類建築",
    "認可版本":"2015年版EEWH-RS",
    "認可等級":"黃金級",
    "rank":4,
    "有效期間":"2029年8月7日",
    "valid":"1",
    "認可類別":"標示",
    "設計人":"夏智弘建築師事務所 姚嘉志建築師事務所",
    "行政區":"臺北市",
    "ditrict":"內湖區",
    "地號":"內湖區潭美段四小段0352-0000號共1筆住宿類建築",
    "建築物使用類別":"住宿類建築"
    }
  },
  {
    "type": "Feature",
    "geometry": {
       "type": "Point",
       "coordinates":  [ 121.542968,25.010935 ]
    },
    "properties": {
    "#":216,
    "建築物名稱":"空軍作戰指揮部福興營區營舍整建統包工程",
    "建築物概要":"地下2層，地上9層鋼筋混凝土構造辦公廳、住宿及大型空間類建築",
    "認可版本":"2015年版EEWH-BC",
    "認可等級":"銀級",
    "rank":3,
    "有效期間":"2029年8月4日",
    "valid":"1",
    "認可類別":"標示",
    "設計人":"孫文郁建築師事務所",
    "行政區":"臺北市",
    "ditrict":"大安區",
    "地號":"大安區辛亥段五小段238、239、240、241-2、244、245、254-2、247地號等8筆土地辦公廳、住宿及大型空間類建築",
    "建築物使用類別":"辦公廳類建築"
    }
  },
  {
    "type": "Feature",
    "geometry": {
       "type": "Point",
       "coordinates":  [ 121.532636,25.052749 ]
    },
    "properties": {
    "#":217,
    "建築物名稱":"將捷國際商業大樓",
    "建築物概要":"地下6層，地上17層鋼骨鋼筋混凝土造、鋼骨造辦公廳類建築",
    "認可版本":"2015年版EEWH-RN",
    "認可等級":"銅級",
    "rank":2,
    "有效期間":"2029年8月4日",
    "valid":"1",
    "認可類別":"標示",
    "設計人":"林長勲聯合建築師事務所",
    "行政區":"臺北市",
    "ditrict":"中山區",
    "地號":"中山區吉林段二小段817-0地號辦公廳類建築",
    "建築物使用類別":"辦公廳類建築"
    }
  },
  {
    "type": "Feature",
    "geometry": {
       "type": "Point",
       "coordinates":  [ 121.581557,25.058725 ]
    },
    "properties": {
    "#":218,
    "建築物名稱":"臺北市內湖區潭美國民小學遷校工程",
    "建築物概要":"地下1層，地上3層鋼筋混凝土及鋼骨鋼筋混凝土構造學校及大型空間類建築",
    "認可版本":"2012年版EEWH-BC",
    "認可等級":"黃金級",
    "rank":4,
    "有效期間":"2029年8月1日",
    "valid":"1",
    "認可類別":"標示",
    "設計人":"闕河彬建築師事務所",
    "行政區":"臺北市",
    "ditrict":"內湖區",
    "地號":"內湖區潭美段五小段176-0地號學校及大型空間類建築",
    "建築物使用類別":"學校類建築"
    }
  },
  {
    "type": "Feature",
    "geometry": {
       "type": "Point",
       "coordinates":  [ 121.604378,25.056316 ]
    },
    "properties": {
    "#":219,
    "建築物名稱":"家賀建設南港區南港段十三層集合住宅新建工程",
    "建築物概要":"地下3層，地上13層鋼筋混凝土造住宿類建築",
    "認可版本":"2015年版EEWH-RS",
    "認可等級":"銀級",
    "rank":3,
    "有效期間":"2029年7月29日",
    "valid":"1",
    "認可類別":"標示",
    "設計人":"吳非士建築師事務所",
    "行政區":"臺北市",
    "ditrict":"南港區",
    "地號":"南港區南港段四小段0173-0000號共1筆住宿類建築",
    "建築物使用類別":"住宿類建築"
    }
  },
  {
    "type": "Feature",
    "geometry": {
       "type": "Point",
       "coordinates":  [ 121.613062,25.045274 ]
    },
    "properties": {
    "#":220,
    "建築物名稱":"中央研究院生態時代館新建工程",
    "建築物概要":"地上2層鋼構造及鋼筋混凝土構造辦公廳類建築",
    "認可版本":"2012年版EEWH-BC",
    "認可等級":"銀級",
    "rank":3,
    "有效期間":"2029年7月24日",
    "valid":"1",
    "認可類別":"標示",
    "設計人":"萬有為建築師事務所",
    "行政區":"臺北市",
    "ditrict":"南港區",
    "地號":"南港區中南段二小段324-11地號等73筆辦公廳類建築",
    "建築物使用類別":"辦公廳類建築"
    }
  },
  {
    "type": "Feature",
    "geometry": {
       "type": "Point",
       "coordinates":  [ 121.499499,25.038785 ]
    },
    "properties": {
    "#":221,
    "建築物名稱":"臺北市政府警察局萬華分局與消防局龍山分隊新建工程",
    "建築物概要":"地下3層，地上10層鋼骨構造辦公廳類建築",
    "認可版本":"2012年版EEWH-BC",
    "認可等級":"黃金級",
    "rank":4,
    "有效期間":"2029年7月23日",
    "valid":"1",
    "認可類別":"標示",
    "設計人":"萬邦建築師事務所",
    "行政區":"臺北市",
    "ditrict":"萬華區",
    "地號":"萬華區直興段二小段316-0地號等5筆辦公廳類建築",
    "建築物使用類別":"辦公廳類建築"
    }
  },
  {
    "type": "Feature",
    "geometry": {
       "type": "Point",
       "coordinates":  [ 121.522527,25.085992 ]
    },
    "properties": {
    "#":222,
    "建築物名稱":"振業化工士林區百齡段辦公大樓新建工程",
    "建築物概要":"地下3層，地上20層鋼骨造，鋼骨鋼筋混凝土造辦公廳類建築",
    "認可版本":"2015年版EEWH-BC",
    "認可等級":"合格級",
    "rank":1,
    "有效期間":"2029年7月17日",
    "valid":"1",
    "認可類別":"標示",
    "設計人":"元創建築師事務所",
    "行政區":"臺北市",
    "ditrict":"士林區",
    "地號":"士林區百齡段二小段0387-0000號共1筆辦公廳類建築",
    "建築物使用類別":"辦公廳類建築"
    }
  },
  {
    "type": "Feature",
    "geometry": {
       "type": "Point",
       "coordinates":  [ 121.518832,25.093975 ]
    },
    "properties": {
    "#":223,
    "建築物名稱":"台北市士林區陽明段4小段750等1筆地號集合住宅規劃案",
    "建築物概要":"地下4層，地上19層鋼筋混凝土造辦公廳及住宿類建築",
    "認可版本":"2015年版EEWH-RS",
    "認可等級":"銀級",
    "rank":3,
    "有效期間":"2029年7月11日",
    "valid":"1",
    "認可類別":"標示",
    "設計人":"賦築建築師事務所",
    "行政區":"臺北市",
    "ditrict":"士林區",
    "地號":"士林區陽明段四小段0750-0000號共1筆辦公廳及住宿類建築",
    "建築物使用類別":"住宿類建築"
    }
  },
  {
    "type": "Feature",
    "geometry": {
       "type": "Point",
       "coordinates":  [ 121.604409,25.05512 ]
    },
    "properties": {
    "#":224,
    "建築物名稱":"臺北市南港區東明公共住宅統包工程(丙基地)",
    "建築物概要":"地下1層，地上5層鋼筋混凝土造學校類建築",
    "認可版本":"2015年版EEWH-BC",
    "認可等級":"銀級",
    "rank":3,
    "有效期間":"2029年7月11日",
    "valid":"1",
    "認可類別":"標示",
    "設計人":"陳信樟建築師事務所",
    "行政區":"臺北市",
    "ditrict":"南港區",
    "地號":"南港區南港段四小段120-22地號學校類建築",
    "建築物使用類別":"學校類建築"
    }
  },
  {
    "type": "Feature",
    "geometry": {
       "type": "Point",
       "coordinates":  [ 121.506456,25.046993 ]
    },
    "properties": {
    "#":227,
    "建築物名稱":"臺北市萬華區福星公共住宅統包工程案",
    "建築物概要":"地下4層，地上17層鋼筋混凝土造辦公廳、住宿及學校類建築",
    "認可版本":"2015年版EEWH-RS",
    "認可等級":"銀級",
    "rank":3,
    "有效期間":"2029年7月2日",
    "valid":"1",
    "認可類別":"標示",
    "設計人":"張弘鼎建築師事務所",
    "行政區":"臺北市",
    "ditrict":"萬華區",
    "地號":"萬華區福星段一小段0240-0000號共2筆辦公廳、住宿及學校類建築",
    "建築物使用類別":"住宿類建築"
    }
  },
  {
    "type": "Feature",
    "geometry": {
       "type": "Point",
       "coordinates":  [ 121.54737,25.034057 ]
    },
    "properties": {
    "#":228,
    "建築物名稱":"大安老人服務暨日間照顧中心新建工程",
    "建築物概要":"地下2層，地上6層鋼筋混凝土構造住宿及大型空間類建築",
    "認可版本":"2015年版EEWH-RS",
    "認可等級":"鑽石級",
    "rank":5,
    "有效期間":"2029年6月26日",
    "valid":"1",
    "認可類別":"標示",
    "設計人":"盧俊廷建築師事務所",
    "行政區":"臺北市",
    "ditrict":"大安區",
    "地號":"大安區復興段三小段417-0地號等5筆住宿及大型空間類建築",
    "建築物使用類別":"住宿類建築"
    }
  },
  {
    "type": "Feature",
    "geometry": {
       "type": "Point",
       "coordinates":  [ 121.592259,25.056312 ]
    },
    "properties": {
    "#":229,
    "建築物名稱":"遠雄宜進I-CITY",
    "建築物概要":"地下3層，地上14層鋼筋混凝土造大型空間類建築",
    "認可版本":"2015年版EEWH-GF",
    "認可等級":"銀級",
    "rank":3,
    "有效期間":"2029年6月24日",
    "valid":"1",
    "認可類別":"標示",
    "設計人":"李祖原聯合建築師事務所",
    "行政區":"臺北市",
    "ditrict":"南港區",
    "地號":"南港區玉成段一小段0036-0008號共1筆大型空間類建築",
    "建築物使用類別":"大型空間類建築"
    }
  },
  {
    "type": "Feature",
    "geometry": {
       "type": "Point",
       "coordinates":  [ 121.526488,25.024206 ]
    },
    "properties": {
    "#":232,
    "建築物名稱":"宜真建築大安區龍泉段集合住宅案新建工程",
    "建築物概要":"地下2層，地上7層鋼筋混凝土造住宿類建築",
    "認可版本":"2015年版EEWH-RS",
    "認可等級":"銀級",
    "rank":3,
    "有效期間":"2029年6月13日",
    "valid":"1",
    "認可類別":"標示",
    "設計人":"三賦聯合建築師事務所",
    "行政區":"臺北市",
    "ditrict":"大安區",
    "地號":"大安區龍泉段三小段0671-0000號共2筆住宿類建築",
    "建築物使用類別":"住宿類建築"
    }
  },
  {
    "type": "Feature",
    "geometry": {
       "type": "Point",
       "coordinates":  [ 121.539604,25.018698 ]
    },
    "properties": {
    "#":233,
    "建築物名稱":"國立臺灣大學卓越三期研究大樓(鄭江樓)新建工程",
    "建築物概要":"地下1層，地上7層鋼筋混凝土構造學校類建築",
    "認可版本":"2012年版EEWH-BC",
    "認可等級":"銀級",
    "rank":3,
    "有效期間":"2029年6月12日",
    "valid":"1",
    "認可類別":"標示",
    "設計人":"金光裕建築師事務所",
    "行政區":"臺北市",
    "ditrict":"大安區",
    "地號":"大安區學府段四小段230-0地號等25筆學校類建築",
    "建築物使用類別":"學校類建築"
    }
  },
  {
    "type": "Feature",
    "geometry": {
       "type": "Point",
       "coordinates":  [ 121.518152,25.071154 ]
    },
    "properties": {
    "#":234,
    "建築物名稱":"臺北市都市更新處「大龍峒公車調度站基地興建中繼住宅新建工程」",
    "建築物概要":"地下3層，地上11層鋼筋混凝土構造住宿類建築",
    "認可版本":"2007年更新版",
    "認可等級":"合格級",
    "rank":1,
    "有效期間":"2029年6月11日",
    "valid":"1",
    "認可類別":"標示",
    "設計人":"吳孟音建築師事務所",
    "行政區":"臺北市",
    "ditrict":"大同區",
    "地號":"大同區大龍段三小段323-0地號等2筆住宿類建築",
    "建築物使用類別":"住宿類建築"
    }
  },
  {
    "type": "Feature",
    "geometry": {
       "type": "Point",
       "coordinates":  [ 121.526462,25.117257 ]
    },
    "properties": {
    "#":235,
    "建築物名稱":"新美齊心岳",
    "建築物概要":"地下4層，地上14層鋼筋混凝土造住宿類建築",
    "認可版本":"2015年版EEWH-RS",
    "認可等級":"銀級",
    "rank":3,
    "有效期間":"2029年6月11日",
    "valid":"1",
    "認可類別":"標示",
    "設計人":"許國勝建築師事務所",
    "行政區":"臺北市",
    "ditrict":"士林區",
    "地號":"士林區天母段一小段0199-0000號共1筆住宿類建築",
    "建築物使用類別":"住宿類建築"
    }
  },
  {
    "type": "Feature",
    "geometry": {
       "type": "Point",
       "coordinates":  [ 121.527509,25.109979 ]
    },
    "properties": {
    "#":236,
    "建築物名稱":"寶和稙秀",
    "建築物概要":"地下2層，地上7層鋼筋混凝土造住宿類建築",
    "認可版本":"2015年版EEWH-RS",
    "認可等級":"銅級",
    "rank":2,
    "有效期間":"2029年5月27日",
    "valid":"1",
    "認可類別":"標示",
    "設計人":"楊振植建築師事務所",
    "行政區":"臺北市",
    "ditrict":"士林區",
    "地號":"士林區三玉段四小段0206-0000號共1筆住宿類建築",
    "建築物使用類別":"住宿類建築"
    }
  },
  {
    "type": "Feature",
    "geometry": {
       "type": "Point",
       "coordinates":  [ 121.57152,25.077511 ]
    },
    "properties": {
    "#":238,
    "建築物名稱":"和聚開發西湖段辦公大樓新建工程",
    "建築物概要":"地下4層，地上13層鋼骨造空調型(辦公分區)建築",
    "認可版本":"2023年版EEWH-BC",
    "認可等級":"銀級",
    "rank":3,
    "有效期間":"2029年5月14日",
    "valid":"1",
    "認可類別":"標示",
    "設計人":"呂建勳建築師事務所",
    "行政區":"臺北市",
    "ditrict":"內湖區",
    "地號":"內湖區西湖段四小段0085-0000號共1筆空調型(辦公分區)建築",
    "建築物使用類別":"辦公廳類建築"
    }
  },
  {
    "type": "Feature",
    "geometry": {
       "type": "Point",
       "coordinates":  [ 121.503727,25.137654 ]
    },
    "properties": {
    "#":240,
    "建築物名稱":"臺北市政府觀光醫療暨健康保健中心新建統包工程",
    "建築物概要":"地下3層，地上12層鋼筋混凝土構造醫院及旅館餐飲類建築",
    "認可版本":"2009年版",
    "認可等級":"合格級",
    "rank":1,
    "有效期間":"2029年5月9日",
    "valid":"1",
    "認可類別":"標示",
    "設計人":"圓庭建築師事務所",
    "行政區":"臺北市",
    "ditrict":"北投區",
    "地號":"北投區新民段二小段490-0地號等5筆醫院及旅館餐飲類建築",
    "建築物使用類別":"醫院類建築"
    }
  },
  {
    "type": "Feature",
    "geometry": {
       "type": "Point",
       "coordinates":  [ 121.537155,25.02211 ]
    },
    "properties": {
    "#":241,
    "建築物名稱":"國立臺灣大學綜合教學館",
    "建築物概要":"地下4層，地上7層鋼筋混凝土構造大型空間類建築",
    "認可版本":"2012年版EEWH-BC",
    "認可等級":"銀級",
    "rank":3,
    "有效期間":"2029年5月5日",
    "valid":"1",
    "認可類別":"標示",
    "設計人":"境向聯合建築師事務所",
    "行政區":"臺北市",
    "ditrict":"大安區",
    "地號":"大安區學府段四小段216-0地號等25筆大型空間類建築",
    "建築物使用類別":"大型空間類建築"
    }
  },
  {
    "type": "Feature",
    "geometry": {
       "type": "Point",
       "coordinates":  [ 121.524146,25.057333 ]
    },
    "properties": {
    "#":242,
    "建築物名稱":"首鋼開發中山北路二段住宅案",
    "建築物概要":"地下3層，地上15層鋼筋混凝土造住宿類建築",
    "認可版本":"2015年版EEWH-RS",
    "認可等級":"銀級",
    "rank":3,
    "有效期間":"2029年5月5日",
    "valid":"1",
    "認可類別":"標示",
    "設計人":"邱垂睿建築師事務所",
    "行政區":"臺北市",
    "ditrict":"中山區",
    "地號":"中山區中山段三小段0271-0000號共1筆住宿類建築",
    "建築物使用類別":"住宿類建築"
    }
  },
  {
    "type": "Feature",
    "geometry": {
       "type": "Point",
       "coordinates":  [ 121.556746,25.003706 ]
    },
    "properties": {
    "#":243,
    "建築物名稱":"興昌區民活動中心新建工程",
    "建築物概要":"地上2層鋼筋混凝土造大型空間類建築",
    "認可版本":"2015年版EEWH-BC",
    "認可等級":"合格級",
    "rank":1,
    "有效期間":"2029年4月30日",
    "valid":"1",
    "認可類別":"標示",
    "設計人":"呂玉玲建築師事務所",
    "行政區":"臺北市",
    "ditrict":"文山區",
    "地號":"文山區公訓段二小段0200-0000號共20筆大型空間類建築",
    "建築物使用類別":"大型空間類建築"
    }
  },
  {
    "type": "Feature",
    "geometry": {
       "type": "Point",
       "coordinates":  [ 121.594369,25.061462 ]
    },
    "properties": {
    "#":244,
    "建築物名稱":"中國信託商業銀行行政大樓",
    "建築物概要":"地下4層，地上10層鋼骨造空調型(辦公、商場及餐飲分區)建築",
    "認可版本":"2022年版EEWH-EB",
    "認可等級":"鑽石級",
    "rank":5,
    "有效期間":"2029年4月28日",
    "valid":"1",
    "認可類別":"標示",
    "設計人":"大矩聯合建築師事務所",
    "行政區":"臺北市",
    "ditrict":"內湖區",
    "地號":"內湖區安康段13-1地號等2筆空調型(辦公、商場及餐飲分區)建築",
    "建築物使用類別":"辦公廳類建築"
    }
  },
  {
    "type": "Feature",
    "geometry": {
       "type": "Point",
       "coordinates":  [ 121.466225,25.120475 ]
    },
    "properties": {
    "#":245,
    "建築物名稱":"臺北市立關渡醫院-委託臺北榮民總醫院經營",
    "建築物概要":"地下3層，地上12層鋼筋混凝土造空調型(醫院診療及醫院病房分區)建築",
    "認可版本":"2019年版EEWH-RN",
    "認可等級":"銀級",
    "rank":3,
    "有效期間":"2029年4月25日",
    "valid":"1",
    "認可類別":"標示",
    "設計人":"佳聯冷凍空調技師事務所",
    "行政區":"臺北市",
    "ditrict":"北投區",
    "地號":"北投區關渡段二小段0311-0000地號空調型(醫院診療及醫院病房分區)建築",
    "建築物使用類別":"醫院類建築"
    }
  },
  {
    "type": "Feature",
    "geometry": {
       "type": "Point",
       "coordinates":  [ 121.56728,25.081189 ]
    },
    "properties": {
    "#":247,
    "建築物名稱":"中國開發資產內湖洲子街廠辦大樓新建工程",
    "建築物概要":"地下3層，地上9層鋼骨造辦公廳類建築",
    "認可版本":"2015年版EEWH-BC",
    "認可等級":"銀級",
    "rank":3,
    "有效期間":"2029年4月24日",
    "valid":"1",
    "認可類別":"標示",
    "設計人":"呂建勳建築師事務所",
    "行政區":"臺北市",
    "ditrict":"內湖區",
    "地號":"內湖區西湖段四小段0241-0000號共2筆辦公廳類建築",
    "建築物使用類別":"辦公廳類建築"
    }
  },
  {
    "type": "Feature",
    "geometry": {
       "type": "Point",
       "coordinates":  [ 121.602627,25.072396 ]
    },
    "properties": {
    "#":248,
    "建築物名稱":"戰術戰傷及災難事故救護訓練系統暨設施訓練大樓",
    "建築物概要":"地下1層，地上5層鋼筋混凝土構造學校類建築",
    "認可版本":"2019年版EEWH-BC(M)",
    "認可等級":"合格級",
    "rank":1,
    "有效期間":"2029年4月24日",
    "valid":"1",
    "認可類別":"標示",
    "設計人":"大渡城鄉建築師事務所",
    "行政區":"臺北市",
    "ditrict":"內湖區",
    "地號":"臺北市內湖區石潭段二小段184，188，189，192，193，194，195，196，197，198地號等10筆學校類建築",
    "建築物使用類別":"學校類建築"
    }
  },
  {
    "type": "Feature",
    "geometry": {
       "type": "Point",
       "coordinates":  [ 121.581488,25.060723 ]
    },
    "properties": {
    "#":249,
    "建築物名稱":"臺北市內湖區行善社會住宅",
    "建築物概要":"地下3層，地上10層鋼筋混凝土造，鋼構造住宿及學校類建築",
    "認可版本":"2015年版EEWH-RS",
    "認可等級":"銀級",
    "rank":3,
    "有效期間":"2029年4月18日",
    "valid":"1",
    "認可類別":"標示",
    "設計人":"郭恆成建築師事務所",
    "行政區":"臺北市",
    "ditrict":"內湖區",
    "地號":"內湖區舊宗段0040-0001號共1筆住宿及學校類建築",
    "建築物使用類別":"住宿類建築"
    }
  },
  {
    "type": "Feature",
    "geometry": {
       "type": "Point",
       "coordinates":  [ 121.518038,25.032374 ]
    },
    "properties": {
    "#":250,
    "建築物名稱":"南門市場",
    "建築物概要":"地下5層，地上12層鋼筋混凝土造，鋼骨鋼筋混凝土造，鋼骨造辦公廳及百貨商場類建築",
    "認可版本":"2015年版EEWH-BC",
    "認可等級":"黃金級",
    "rank":4,
    "有效期間":"2029年4月8日",
    "valid":"1",
    "認可類別":"標示",
    "設計人":"九典聯合建築師事務所",
    "行政區":"臺北市",
    "ditrict":"中正區",
    "地號":"中正區南海段四小段0086-0000號共2筆辦公廳及百貨商場類建築",
    "建築物使用類別":"百貨商場類建築"
    }
  },
  {
    "type": "Feature",
    "geometry": {
       "type": "Point",
       "coordinates":  [ 121.550245,24.987386 ]
    },
    "properties": {
    "#":251,
    "建築物名稱":"考選部第三試務大樓興建工程",
    "建築物概要":"地下2層，地上7層鋼骨構造辦公廳及住宿類建築",
    "認可版本":"2005年更新版",
    "認可等級":"免評估",
    "rank":0,
    "有效期間":"2029年4月2日",
    "valid":"1",
    "認可類別":"標示",
    "設計人":"吳孟音建築師事務所",
    "行政區":"臺北市",
    "ditrict":"文山區",
    "地號":"文山區華興段三小段541-0地號等9筆辦公廳及住宿類建築",
    "建築物使用類別":"辦公廳類建築"
    }
  },
  {
    "type": "Feature",
    "geometry": {
       "type": "Point",
       "coordinates":  [ 121.616203,25.056047 ]
    },
    "properties": {
    "#":253,
    "建築物名稱":"國家會展中心(南港展覽館擴建)新建工程",
    "建築物概要":"地下3層，地上9層鋼筋混凝土及局部鋼構造百貨商場類建築",
    "認可版本":"2009年版",
    "認可等級":"黃金級",
    "rank":4,
    "有效期間":"2029年3月28日",
    "valid":"1",
    "認可類別":"標示",
    "設計人":"潘冀聯合建築師事務所",
    "行政區":"臺北市",
    "ditrict":"南港區",
    "地號":"南港區經貿段53-0地號等5筆百貨商場類建築",
    "建築物使用類別":"百貨商場類建築"
    }
  },
  {
    "type": "Feature",
    "geometry": {
       "type": "Point",
       "coordinates":  [ 121.568541,25.056917 ]
    },
    "properties": {
    "#":254,
    "建築物名稱":"將作建設寶清段一小段集合住宅新建工程",
    "建築物概要":"地下4層，地上15層鋼筋混凝土造住宿類建築",
    "認可版本":"2009年版",
    "認可等級":"銀級",
    "rank":3,
    "有效期間":"2029年3月27日",
    "valid":"1",
    "認可類別":"標示",
    "設計人":"鍾美惠建築師事務所",
    "行政區":"臺北市",
    "ditrict":"松山區",
    "地號":"松山區寶清段一小段0051-0013號共1筆住宿類建築",
    "建築物使用類別":"住宿類建築"
    }
  },
  {
    "type": "Feature",
    "geometry": {
       "type": "Point",
       "coordinates":  [ 121.514126,25.104548 ]
    },
    "properties": {
    "#":255,
    "建築物名稱":"正大樂富",
    "建築物概要":"地下4層，地上14層鋼骨造空調型(辦公及餐飲分區)建築",
    "認可版本":"2019年版EEWH-BC(M)",
    "認可等級":"黃金級",
    "rank":4,
    "有效期間":"2029年3月26日",
    "valid":"1",
    "認可類別":"標示",
    "設計人":"簡俊卿建築師事務所",
    "行政區":"臺北市",
    "ditrict":"北投區",
    "地號":"北投區軟橋段0049-0000號共1筆空調型(辦公及餐飲分區)建築",
    "建築物使用類別":"辦公廳類建築"
    }
  },
  {
    "type": "Feature",
    "geometry": {
       "type": "Point",
       "coordinates":  [ 121.574065,25.044094 ]
    },
    "properties": {
    "#":256,
    "建築物名稱":"展宜建築信義區永吉段集合住宅案新建工程",
    "建築物概要":"地下2層，地上7層鋼筋混凝土造住宿類建築",
    "認可版本":"2015年版EEWH-RS",
    "認可等級":"銀級",
    "rank":3,
    "有效期間":"2029年3月26日",
    "valid":"1",
    "認可類別":"標示",
    "設計人":"三賦聯合建築師事務所",
    "行政區":"臺北市",
    "ditrict":"信義區",
    "地號":"信義區永吉段二小段0605-0000號共1筆住宿類建築",
    "建築物使用類別":"住宿類建築"
    }
  },
  {
    "type": "Feature",
    "geometry": {
       "type": "Point",
       "coordinates":  [ 121.522597,25.121219 ]
    },
    "properties": {
    "#":259,
    "建築物名稱":"臺北榮民總醫院門診大樓新建工程",
    "建築物概要":"地下3層，地上9層鋼筋混凝土及鋼骨構造醫院類建築",
    "認可版本":"2009年版",
    "認可等級":"銅級",
    "rank":2,
    "有效期間":"2029年3月5日",
    "valid":"1",
    "認可類別":"標示",
    "設計人":"許常吉建築師事務所",
    "行政區":"臺北市",
    "ditrict":"北投區",
    "地號":"北投區崇仰段三小段177-1地號等39筆醫院類建築",
    "建築物使用類別":"醫院類建築"
    }
  },
  {
    "type": "Feature",
    "geometry": {
       "type": "Point",
       "coordinates":  [ 121.536513,25.041515 ]
    },
    "properties": {
    "#":260,
    "建築物名稱":"合仲建設忠孝東路開發案新建工程",
    "建築物概要":"地下2層，地上15層鋼筋混凝土造辦公廳類建築",
    "認可版本":"2015年版EEWH-BC",
    "認可等級":"銅級",
    "rank":2,
    "有效期間":"2029年2月28日",
    "valid":"1",
    "認可類別":"標示",
    "設計人":"王緯球建築師事務所",
    "行政區":"臺北市",
    "ditrict":"大安區",
    "地號":"大安區懷生段三小段0214-0000號共2筆辦公廳類建築",
    "建築物使用類別":"辦公廳類建築"
    }
  },
  {
    "type": "Feature",
    "geometry": {
       "type": "Point",
       "coordinates":  [ 121.516013,25.051321 ]
    },
    "properties": {
    "#":263,
    "建築物名稱":"三豐建設大同區市府段2小段367地號等1筆新建工程",
    "建築物概要":"地下3層，地上14層鋼筋混凝土造住宿類建築",
    "認可版本":"2015年版EEWH-RS",
    "認可等級":"銅級",
    "rank":2,
    "有效期間":"2029年2月19日",
    "valid":"1",
    "認可類別":"標示",
    "設計人":"黃秀莊建築師事務所",
    "行政區":"臺北市",
    "ditrict":"大同區",
    "地號":"大同區市府段二小段0367-0000號共1筆住宿類建築",
    "建築物使用類別":"住宿類建築"
    }
  },
  {
    "type": "Feature",
    "geometry": {
       "type": "Point",
       "coordinates":  [ 121.588007,25.088568 ]
    },
    "properties": {
    "#":264,
    "建築物名稱":"首敦旭日大樓新建工程",
    "建築物概要":"地下3層，地上11層鋼筋混凝土造住宿類建築",
    "認可版本":"2015年版EEWH-RS",
    "認可等級":"銀級",
    "rank":3,
    "有效期間":"2029年2月19日",
    "valid":"1",
    "認可類別":"標示",
    "設計人":"邑相聯合建築師事務所",
    "行政區":"臺北市",
    "ditrict":"內湖區",
    "地號":"內湖區碧湖段一小段0737-0000號共1筆住宿類建築",
    "建築物使用類別":"住宿類建築"
    }
  },
  {
    "type": "Feature",
    "geometry": {
       "type": "Point",
       "coordinates":  [ 121.54804,25.046069 ]
    },
    "properties": {
    "#":265,
    "建築物名稱":"松山區敦化段三小段集合住宅新建工程",
    "建築物概要":"地下3層，地上12層鋼筋混凝土造住宿類建築",
    "認可版本":"2015年版EEWH-RS",
    "認可等級":"銀級",
    "rank":3,
    "有效期間":"2029年2月16日",
    "valid":"1",
    "認可類別":"標示",
    "設計人":"昌瑜建築師事務所",
    "行政區":"臺北市",
    "ditrict":"松山區",
    "地號":"松山區敦化段三小段0193-0000號共1筆住宿類建築",
    "建築物使用類別":"住宿類建築"
    }
  },
  {
    "type": "Feature",
    "geometry": {
       "type": "Point",
       "coordinates":  [ 121.58562,25.063531 ]
    },
    "properties": {
    "#":266,
    "建築物名稱":"長虹建設股份有限公司內湖區潭美段五小段辦公大樓新建工程",
    "建築物概要":"地下5層，地上13層鋼骨造辦公廳類建築",
    "認可版本":"2015年版EEWH-BC",
    "認可等級":"銀級",
    "rank":3,
    "有效期間":"2029年2月4日",
    "valid":"1",
    "認可類別":"標示",
    "設計人":"呂建勳建築師事務所",
    "行政區":"臺北市",
    "ditrict":"內湖區",
    "地號":"內湖區潭美段五小段0018-0000號共1筆辦公廳類建築",
    "建築物使用類別":"辦公廳類建築"
    }
  },
  {
    "type": "Feature",
    "geometry": {
       "type": "Point",
       "coordinates":  [ 121.533392,25.055942 ]
    },
    "properties": {
    "#":267,
    "建築物名稱":"國泰人壽保險松江路辦公大樓新建工程",
    "建築物概要":"地下5層，地上17層鋼骨鋼筋混凝土造辦公廳類建築",
    "認可版本":"2015年版EEWH-BC",
    "認可等級":"銀級",
    "rank":3,
    "有效期間":"2029年2月4日",
    "valid":"1",
    "認可類別":"標示",
    "設計人":"三大聯合建築師事務所",
    "行政區":"臺北市",
    "ditrict":"中山區",
    "地號":"中山區長春段三小段0067-0000號共15筆辦公廳類建築",
    "建築物使用類別":"辦公廳類建築"
    }
  },
  {
    "type": "Feature",
    "geometry": {
       "type": "Point",
       "coordinates":  [ 121.541695,25.058586 ]
    },
    "properties": {
    "#":269,
    "建築物名稱":"連雲建設中山區榮星段三小段集合住宅新建工程",
    "建築物概要":"地下3層，地上9層鋼筋混凝土造住宿類建築",
    "認可版本":"2015年版EEWH-RS",
    "認可等級":"黃金級",
    "rank":4,
    "有效期間":"2029年1月30日",
    "valid":"1",
    "認可類別":"標示",
    "設計人":"李天鐸建築師事務所",
    "行政區":"臺北市",
    "ditrict":"中山區",
    "地號":"中山區榮星段三小段0563-0002號共1筆住宿類建築",
    "建築物使用類別":"住宿類建築"
    }
  },
  {
    "type": "Feature",
    "geometry": {
       "type": "Point",
       "coordinates":  [ 121.556793,25.039963 ]
    },
    "properties": {
    "#":271,
    "建築物名稱":"僑安地下停車場",
    "建築物概要":"地下3層，地上1層鋼筋混凝土造其他類建築",
    "認可版本":"2023年版EEWH-BC",
    "認可等級":"合格級",
    "rank":1,
    "有效期間":"2029年1月23日",
    "valid":"1",
    "認可類別":"標示",
    "設計人":"丁文正建築師事務所",
    "行政區":"臺北市",
    "ditrict":"大安區",
    "地號":"大安區仁愛段一小段13-0地號等34筆其他類建築",
    "建築物使用類別":"其他類建築"
    }
  },
  {
    "type": "Feature",
    "geometry": {
       "type": "Point",
       "coordinates":  [ 121.58031,25.044039 ]
    },
    "properties": {
    "#":272,
    "建築物名稱":"達麗建設信義區永吉段集合住宅新建工程",
    "建築物概要":"地下3層，地上16層鋼筋混凝土構造住宿類建築",
    "認可版本":"2012年版EEWH-RS",
    "認可等級":"銀級",
    "rank":3,
    "有效期間":"2029年1月22日",
    "valid":"1",
    "認可類別":"標示",
    "設計人":"陳廷杰建築師事務所",
    "行政區":"臺北市",
    "ditrict":"信義區",
    "地號":"信義區永吉段一小段122-0地號等住宿類建築",
    "建築物使用類別":"住宿類建築"
    }
  },
  {
    "type": "Feature",
    "geometry": {
       "type": "Point",
       "coordinates":  [ 121.581928,25.065692 ]
    },
    "properties": {
    "#":273,
    "建築物名稱":"安捷科技內湖區新湖三路廠辦大樓新建工程",
    "建築物概要":"地下2層，地上7層鋼筋混凝土造大型空間類建築",
    "認可版本":"2015年版EEWH-BC",
    "認可等級":"合格級",
    "rank":1,
    "有效期間":"2029年1月21日",
    "valid":"1",
    "認可類別":"標示",
    "設計人":"蔡孟哲建築師事務所",
    "行政區":"臺北市",
    "ditrict":"內湖區",
    "地號":"內湖區舊宗段0026-0000號共1筆大型空間類建築",
    "建築物使用類別":"大型空間類建築"
    }
  },
  {
    "type": "Feature",
    "geometry": {
       "type": "Point",
       "coordinates":  [ 121.548672,25.148271 ]
    },
    "properties": {
    "#":274,
    "建築物名稱":"臺北市北投區湖山段二小段229-2地號等2筆住宅新建工程",
    "建築物概要":"地下1層，地上2層鋼筋混凝土造住宿類建築",
    "認可版本":"2015年版EEWH-RS",
    "認可等級":"合格級",
    "rank":1,
    "有效期間":"2029年1月21日",
    "valid":"1",
    "認可類別":"標示",
    "設計人":"蕭家福聯合建築師事務所",
    "行政區":"臺北市",
    "ditrict":"北投區",
    "地號":"臺北市北投區湖山段二小段0229-0002地號等2筆住宿類建築",
    "建築物使用類別":"住宿類建築"
    }
  },
  {
    "type": "Feature",
    "geometry": {
       "type": "Point",
       "coordinates":  [ 121.54572,25.041178 ]
    },
    "properties": {
    "#":275,
    "建築物名稱":"大安路陳公館集合住宅新建工程",
    "建築物概要":"地下3層，地上9層鋼筋混凝土造辦公廳及住宿類建築",
    "認可版本":"2015年版EEWH-RS",
    "認可等級":"銀級",
    "rank":3,
    "有效期間":"2029年1月15日",
    "valid":"1",
    "認可類別":"標示",
    "設計人":"李文勝建築師事務所",
    "行政區":"臺北市",
    "ditrict":"大安區",
    "地號":"大安區復興段二小段0041-0000號共2筆辦公廳及住宿類建築",
    "建築物使用類別":"住宿類建築"
    }
  },
  {
    "type": "Feature",
    "geometry": {
       "type": "Point",
       "coordinates":  [ 121.504399,25.092129 ]
    },
    "properties": {
    "#":277,
    "建築物名稱":"三磐建設士林永平段2-4地號集合住宅新建工程",
    "建築物概要":"地下3層，地上9層鋼筋混凝土造住宿類建築",
    "認可版本":"2015年版EEWH-RS",
    "認可等級":"合格級",
    "rank":1,
    "有效期間":"2029年1月4日",
    "valid":"1",
    "認可類別":"標示",
    "設計人":"林尚毅建築師事務所",
    "行政區":"臺北市",
    "ditrict":"士林區",
    "地號":"士林區永平段三小段0002-0004號共1筆住宿類建築",
    "建築物使用類別":"住宿類建築"
    }
  },
  {
    "type": "Feature",
    "geometry": {
       "type": "Point",
       "coordinates":  [ 121.525466,25.040007 ]
    },
    "properties": {
    "#":278,
    "建築物名稱":"梧邸酒店 台北杭州",
    "建築物概要":"地下2層，地上8層鋼筋混凝土造旅館餐飲類建築",
    "認可版本":"2015年版EEWH-BC",
    "認可等級":"銅級",
    "rank":2,
    "有效期間":"2029年1月4日",
    "valid":"1",
    "認可類別":"標示",
    "設計人":"林祺錦建築師事務所",
    "行政區":"臺北市",
    "ditrict":"中正區",
    "地號":"中正區中正段一小段0224-0000號共1筆旅館餐飲類建築",
    "建築物使用類別":"旅館餐飲類建築"
    }
  },
  {
    "type": "Feature",
    "geometry": {
       "type": "Point",
       "coordinates":  [ 121.572788,24.989712 ]
    },
    "properties": {
    "#":279,
    "建築物名稱":"長虹建設文山區政大段集合住宅新建工程",
    "建築物概要":"地下4層，地上12層鋼骨鋼筋混凝土造住宿類建築",
    "認可版本":"2015年版EEWH-RS",
    "認可等級":"銅級",
    "rank":2,
    "有效期間":"2028年12月25日",
    "valid":"1",
    "認可類別":"標示",
    "設計人":"周文斌建築師事務所",
    "行政區":"臺北市",
    "ditrict":"文山區",
    "地號":"文山區政大段四小段0838-0000號共1筆住宿類建築",
    "建築物使用類別":"住宿類建築"
    }
  },
  {
    "type": "Feature",
    "geometry": {
       "type": "Point",
       "coordinates":  [ 121.619167,25.05811 ]
    },
    "properties": {
    "#":280,
    "建築物名稱":"台灣肥料股份有限公司旅館辦公大樓新建工程",
    "建築物概要":"地下4層，地上28層鋼骨造辦公廳及旅館餐飲類建築",
    "認可版本":"2015年版EEWH-BC",
    "認可等級":"黃金級",
    "rank":4,
    "有效期間":"2028年12月25日",
    "valid":"1",
    "認可類別":"標示",
    "設計人":"三大聯合建築師事務所",
    "行政區":"臺北市",
    "ditrict":"南港區",
    "地號":"南港區經貿段0012-0000號共1筆辦公廳及旅館餐飲類建築",
    "建築物使用類別":"旅館餐飲類建築"
    }
  },
  {
    "type": "Feature",
    "geometry": {
       "type": "Point",
       "coordinates":  [ 121.504126,25.138267 ]
    },
    "properties": {
    "#":281,
    "建築物名稱":"富邦人壽北投區新民段新建工程",
    "建築物概要":"地下3層，地上14層鋼筋混凝土造旅館餐飲類建築",
    "認可版本":"2015年版EEWH-BC",
    "認可等級":"黃金級",
    "rank":4,
    "有效期間":"2028年12月24日",
    "valid":"1",
    "認可類別":"標示",
    "設計人":"大矩聯合建築師事務所",
    "行政區":"臺北市",
    "ditrict":"北投區",
    "地號":"北投區新民段二小段0471-0000號共5筆旅館餐飲類建築",
    "建築物使用類別":"旅館餐飲類建築"
    }
  },
  {
    "type": "Feature",
    "geometry": {
       "type": "Point",
       "coordinates":  [ 121.504343,25.127044 ]
    },
    "properties": {
    "#":282,
    "建築物名稱":"長虹建設三合段新建工程",
    "建築物概要":"地下4層，地上8層鋼筋混凝土構造辦公廳及住宿類建築",
    "認可版本":"2012年版EEWH-RS",
    "認可等級":"銀級",
    "rank":3,
    "有效期間":"2028年12月24日",
    "valid":"1",
    "認可類別":"標示",
    "設計人":"陳克聚建築師事務所",
    "行政區":"臺北市",
    "ditrict":"北投區",
    "地號":"北投區三合段47-0地號辦公廳及住宿類建築",
    "建築物使用類別":"住宿類建築"
    }
  },
  {
    "type": "Feature",
    "geometry": {
       "type": "Point",
       "coordinates":  [ 121.567258,24.989572 ]
    },
    "properties": {
    "#":283,
    "建築物名稱":"豪盛建設 久康青沺",
    "建築物概要":"地下2層，地上12層鋼筋混凝土造住宿類建築",
    "認可版本":"2015年版EEWH-RS",
    "認可等級":"銀級",
    "rank":3,
    "有效期間":"2028年12月19日",
    "valid":"1",
    "認可類別":"標示",
    "設計人":"周夢龍建築師事務所 柯智明建築師事務所",
    "行政區":"臺北市",
    "ditrict":"文山區",
    "地號":"文山區木柵段一小段0659-0000號共1筆住宿類建築",
    "建築物使用類別":"住宿類建築"
    }
  },
  {
    "type": "Feature",
    "geometry": {
       "type": "Point",
       "coordinates":  [ 121.526025,25.036671 ]
    },
    "properties": {
    "#":284,
    "建築物名稱":"杭州南路1段111巷24號新進教師及學人宿舍新建工程(基地2)",
    "建築物概要":"地下1層，地上7層鋼筋混凝土構造住宿類建築",
    "認可版本":"2009年版",
    "認可等級":"合格級",
    "rank":1,
    "有效期間":"2028年12月16日",
    "valid":"1",
    "認可類別":"標示",
    "設計人":"張文正建築師事務所",
    "行政區":"臺北市",
    "ditrict":"中正區",
    "地號":"中正區中正段二小段235-0地號住宿類建築",
    "建築物使用類別":"住宿類建築"
    }
  },
  {
    "type": "Feature",
    "geometry": {
       "type": "Point",
       "coordinates":  [ 121.624566,25.019281 ]
    },
    "properties": {
    "#":285,
    "建築物名稱":"臺北市環保局山豬窟環保展示中心興建工程",
    "建築物概要":"地上3層鋼筋混凝土構造大型空間類建築",
    "認可版本":"2012年版EEWH-BC",
    "認可等級":"合格級",
    "rank":1,
    "有效期間":"2028年12月10日",
    "valid":"1",
    "認可類別":"標示",
    "設計人":"陳柏凱建築師事務所",
    "行政區":"臺北市",
    "ditrict":"南港區",
    "地號":"南港區大豐段三小段848-0地號等446筆大型空間類建築",
    "建築物使用類別":"大型空間類建築"
    }
  },
  {
    "type": "Feature",
    "geometry": {
       "type": "Point",
       "coordinates":  [ 121.571413,25.076726 ]
    },
    "properties": {
    "#":286,
    "建築物名稱":"王道商業銀行 總部大樓",
    "建築物概要":"地下4層，地上12層鋼骨鋼筋混凝土造空調型(辦公分區)建築",
    "認可版本":"2019年版EEWH-RN",
    "認可等級":"銅級",
    "rank":2,
    "有效期間":"2028年12月6日",
    "valid":"1",
    "認可類別":"標示",
    "設計人":"十方聯合建築師事務所",
    "行政區":"臺北市",
    "ditrict":"內湖區",
    "地號":"內湖區西湖段四小段65-0地號等2筆空調型(辦公分區)建築",
    "建築物使用類別":"辦公廳類建築"
    }
  },
  {
    "type": "Feature",
    "geometry": {
       "type": "Point",
       "coordinates":  [ 121.495749,25.03389 ]
    },
    "properties": {
    "#":289,
    "建築物名稱":"臺北市萬華區華江段出租住宅新建統包工程",
    "建築物概要":"地下1層，地上11層鋼筋混凝土造住宿類建築",
    "認可版本":"2015年版EEWH-RS",
    "認可等級":"銅級",
    "rank":2,
    "有效期間":"2028年11月30日",
    "valid":"1",
    "認可類別":"標示",
    "設計人":"林覺偉建築師事務所",
    "行政區":"臺北市",
    "ditrict":"萬華區",
    "地號":"萬華區華江段三小段0553-0000號共9筆住宿類建築",
    "建築物使用類別":"住宿類建築"
    }
  },
  {
    "type": "Feature",
    "geometry": {
       "type": "Point",
       "coordinates":  [ 121.578057,25.074225 ]
    },
    "properties": {
    "#":291,
    "建築物名稱":"瑞光大樓2",
    "建築物概要":"地下3層，地上10層鋼筋混凝土造，鋼骨造空調型(辦公分區)建築",
    "認可版本":"2023年版EEWH-BC",
    "認可等級":"鑽石級",
    "rank":5,
    "有效期間":"2028年11月26日",
    "valid":"1",
    "認可類別":"標示",
    "設計人":"潘冀聯合建築師事務所",
    "行政區":"臺北市",
    "ditrict":"內湖區",
    "地號":"內湖區文德段五小段0069-0000號共4筆空調型(辦公分區)建築",
    "建築物使用類別":"辦公廳類建築"
    }
  },
  {
    "type": "Feature",
    "geometry": {
       "type": "Point",
       "coordinates":  [ 121.574353,25.050636 ]
    },
    "properties": {
    "#":292,
    "建築物名稱":"台北市松山區寶清七小段298地號土地新建工程",
    "建築物概要":"地下3層，地上15層鋼筋混凝土造住宿類建築",
    "認可版本":"2015年版EEWH-RS",
    "認可等級":"銀級",
    "rank":3,
    "有效期間":"2028年11月26日",
    "valid":"1",
    "認可類別":"標示",
    "設計人":"林祺錦建築師事務所",
    "行政區":"臺北市",
    "ditrict":"松山區",
    "地號":"松山區寶清段七小段0298-0000號共1筆住宿類建築",
    "建築物使用類別":"住宿類建築"
    }
  },
  {
    "type": "Feature",
    "geometry": {
       "type": "Point",
       "coordinates":  [ 121.537155,25.02211 ]
    },
    "properties": {
    "#":293,
    "建築物名稱":"國立臺灣大學工學院綜合新館新建工程",
    "建築物概要":"地下1層，地上7層鋼筋混凝土造學校類建築",
    "認可版本":"2015年版EEWH-BC",
    "認可等級":"銅級",
    "rank":2,
    "有效期間":"2028年11月20日",
    "valid":"1",
    "認可類別":"標示",
    "設計人":"境向聯合建築師事務所",
    "行政區":"臺北市",
    "ditrict":"大安區",
    "地號":"大安區學府段四小段0216-0000號共25筆學校類建築",
    "建築物使用類別":"學校類建築"
    }
  },
  {
    "type": "Feature",
    "geometry": {
       "type": "Point",
       "coordinates":  [ 121.586557,25.042564 ]
    },
    "properties": {
    "#":294,
    "建築物名稱":"玉成公園附建地下停車場新建工程",
    "建築物概要":"地下2層，地上2層鋼筋混凝土造其他類建築",
    "認可版本":"2019年版EEWH-BC(M)",
    "認可等級":"合格級",
    "rank":1,
    "有效期間":"2028年11月15日",
    "valid":"1",
    "認可類別":"標示",
    "設計人":"丁文正建築師事務所",
    "行政區":"臺北市",
    "ditrict":"南港區",
    "地號":"南港區新光段三小段34-0地號等24筆其他類建築",
    "建築物使用類別":"其他類建築"
    }
  },
  {
    "type": "Feature",
    "geometry": {
       "type": "Point",
       "coordinates":  [ 121.593405,25.053726 ]
    },
    "properties": {
    "#":295,
    "建築物名稱":"臺北市玉成國小附建地下停車場新建工程",
    "建築物概要":"地下2層，地上2層鋼筋混凝土造其他類建築",
    "認可版本":"2019年版EEWH-BC(M)",
    "認可等級":"合格級",
    "rank":1,
    "有效期間":"2028年11月15日",
    "valid":"1",
    "認可類別":"標示",
    "設計人":"丁文正建築師事務所",
    "行政區":"臺北市",
    "ditrict":"南港區",
    "地號":"南港區玉成段一小段537-0地號等20筆其他類建築",
    "建築物使用類別":"其他類建築"
    }
  },
  {
    "type": "Feature",
    "geometry": {
       "type": "Point",
       "coordinates":  [ 121.540162,25.023501 ]
    },
    "properties": {
    "#":296,
    "建築物名稱":"中租建設大安區學府段三小段34地號等1筆土地集合住宅新建工程",
    "建築物概要":"地下3層，地上11層鋼筋混凝土造住宿類建築",
    "認可版本":"2015年版EEWH-RS",
    "認可等級":"銀級",
    "rank":3,
    "有效期間":"2028年11月13日",
    "valid":"1",
    "認可類別":"標示",
    "設計人":"李文勝建築師事務所",
    "行政區":"臺北市",
    "ditrict":"大安區",
    "地號":"大安區學府段三小段0034-0000號共1筆住宿類建築",
    "建築物使用類別":"住宿類建築"
    }
  },
  {
    "type": "Feature",
    "geometry": {
       "type": "Point",
       "coordinates":  [ 121.528683,25.038747 ]
    },
    "properties": {
    "#":301,
    "建築物名稱":"富邦醴仁台北市中正區都市更新案",
    "建築物概要":"地下5層，地上19層鋼骨造住宿類建築",
    "認可版本":"2012年版EEWH-RS",
    "認可等級":"黃金級",
    "rank":4,
    "有效期間":"2028年11月1日",
    "valid":"1",
    "認可類別":"標示",
    "設計人":"陳偉新建築師事務所",
    "行政區":"臺北市",
    "ditrict":"中正區",
    "地號":"中正區中正段一小段0044-0000號共4筆住宿類建築",
    "建築物使用類別":"住宿類建築"
    }
  },
  {
    "type": "Feature",
    "geometry": {
       "type": "Point",
       "coordinates":  [ 121.508614,25.113603 ]
    },
    "properties": {
    "#":305,
    "建築物名稱":"台北市北投區立農段一小段513地號等3筆集合住宅新建工程",
    "建築物概要":"地下4層，地上20層鋼骨鋼筋混凝土造辦公廳及住宿類建築",
    "認可版本":"2012年版EEWH-RS",
    "認可等級":"鑽石級",
    "rank":5,
    "有效期間":"2028年10月10日",
    "valid":"1",
    "認可類別":"標示",
    "設計人":"李岳軍建築師事務所",
    "行政區":"臺北市",
    "ditrict":"北投區",
    "地號":"北投區立農段一小段0513-0000號共3筆辦公廳及住宿類建築",
    "建築物使用類別":"住宿類建築"
    }
  },
  {
    "type": "Feature",
    "geometry": {
       "type": "Point",
       "coordinates":  [ 121.615098,25.060716 ]
    },
    "properties": {
    "#":306,
    "建築物名稱":"名豐時藝社區",
    "建築物概要":"地下3層，地上18層鋼骨鋼筋混凝土造住宿類建築",
    "認可版本":"2012年版EEWH-RS",
    "認可等級":"銅級",
    "rank":2,
    "有效期間":"2028年10月8日",
    "valid":"1",
    "認可類別":"標示",
    "設計人":"郭旭原建築師事務所",
    "行政區":"臺北市",
    "ditrict":"南港區",
    "地號":"南港區經貿段73-1地號住宿類建築",
    "建築物使用類別":"住宿類建築"
    }
  },
  {
    "type": "Feature",
    "geometry": {
       "type": "Point",
       "coordinates":  [ 121.521991,25.089704 ]
    },
    "properties": {
    "#":308,
    "建築物名稱":"承德公園附建地下停車場",
    "建築物概要":"地下2層，地上1層鋼筋混凝土造其他類建築",
    "認可版本":"2019年版EEWH-BC(M)",
    "認可等級":"合格級",
    "rank":1,
    "有效期間":"2028年10月4日",
    "valid":"1",
    "認可類別":"標示",
    "設計人":"丁文正建築師事務所",
    "行政區":"臺北市",
    "ditrict":"士林區",
    "地號":"士林區光華段二小段1062-0地號其他類建築",
    "建築物使用類別":"其他類建築"
    }
  },
  {
    "type": "Feature",
    "geometry": {
       "type": "Point",
       "coordinates":  [ 121.601768,25.083335 ]
    },
    "properties": {
    "#":309,
    "建築物名稱":"湖山六號公園附建地下停車場",
    "建築物概要":"地下2層，地上1層鋼筋混凝土造其他類建築",
    "認可版本":"2019年版EEWH-BC(M)",
    "認可等級":"合格級",
    "rank":1,
    "有效期間":"2028年10月4日",
    "valid":"1",
    "認可類別":"標示",
    "設計人":"丁文正建築師事務所",
    "行政區":"臺北市",
    "ditrict":"內湖區",
    "地號":"內湖區康寧段一小段237-0地號等2筆其他類建築",
    "建築物使用類別":"其他類建築"
    }
  },
  {
    "type": "Feature",
    "geometry": {
       "type": "Point",
       "coordinates":  [ 121.529269,25.109559 ]
    },
    "properties": {
    "#":310,
    "建築物名稱":"蘭雅公園附建地下停車場新建工程",
    "建築物概要":"地下2層，地上1層鋼筋混凝土造其他類建築",
    "認可版本":"2019年版EEWH-BC(M)",
    "認可等級":"合格級",
    "rank":1,
    "有效期間":"2028年10月4日",
    "valid":"1",
    "認可類別":"標示",
    "設計人":"丁文正建築師事務所",
    "行政區":"臺北市",
    "ditrict":"士林區",
    "地號":"士林區三玉段四小段152-0地號等7筆其他類建築",
    "建築物使用類別":"其他類建築"
    }
  },
  {
    "type": "Feature",
    "geometry": {
       "type": "Point",
       "coordinates":  [ 121.61073,25.057577 ]
    },
    "properties": {
    "#":311,
    "建築物名稱":"南港國小附建地下停車場",
    "建築物概要":"地下2層，地上1層鋼筋混凝土造其他類建築",
    "認可版本":"2019年版EEWH-BC(M)",
    "認可等級":"合格級",
    "rank":1,
    "有效期間":"2028年10月3日",
    "valid":"1",
    "認可類別":"標示",
    "設計人":"丁文正建築師事務所",
    "行政區":"臺北市",
    "ditrict":"南港區",
    "地號":"南港區經貿段63-0地號其他類建築",
    "建築物使用類別":"其他類建築"
    }
  },
  {
    "type": "Feature",
    "geometry": {
       "type": "Point",
       "coordinates":  [ 121.494736,25.024213 ]
    },
    "properties": {
    "#":312,
    "建築物名稱":"臺北市萬華區雙園段三小段888號共1筆集合住宅新建工程",
    "建築物概要":"地下3層，地上14層鋼筋混凝土造住宿類建築",
    "認可版本":"2015年版EEWH-RS",
    "認可等級":"銀級",
    "rank":3,
    "有效期間":"2028年10月1日",
    "valid":"1",
    "認可類別":"標示",
    "設計人":"蕭力仁建築師事務所",
    "行政區":"臺北市",
    "ditrict":"萬華區",
    "地號":"萬華區雙園段三小段0888-0000號共1筆住宿類建築",
    "建築物使用類別":"住宿類建築"
    }
  },
  {
    "type": "Feature",
    "geometry": {
       "type": "Point",
       "coordinates":  [ 121.559813,25.063372 ]
    },
    "properties": {
    "#":313,
    "建築物名稱":"空軍K001統包新建工程",
    "建築物概要":"地上4層鋼筋混凝土造住宿類建築",
    "認可版本":"2019年版EEWH-RS",
    "認可等級":"合格級",
    "rank":1,
    "有效期間":"2028年9月18日",
    "valid":"1",
    "認可類別":"標示",
    "設計人":"黃契介建築師事務所",
    "行政區":"臺北市",
    "ditrict":"松山區",
    "地號":"臺北市松山區濱江段四小段194-5，194-49地號等2筆住宿類建築",
    "建築物使用類別":"住宿類建築"
    }
  },
  {
    "type": "Feature",
    "geometry": {
       "type": "Point",
       "coordinates":  [ 121.534299,25.109409 ]
    },
    "properties": {
    "#":315,
    "建築物名稱":"芝蘭段集合住宅新建工程",
    "建築物概要":"地下4層，地上14層鋼筋混凝土造辦公廳及住宿類建築",
    "認可版本":"2015年版EEWH-RS",
    "認可等級":"銀級",
    "rank":3,
    "有效期間":"2028年9月11日",
    "valid":"1",
    "認可類別":"標示",
    "設計人":"胡永復建築師事務所",
    "行政區":"臺北市",
    "ditrict":"士林區",
    "地號":"士林區芝蘭段四小段0130-0000號共1筆辦公廳及住宿類建築",
    "建築物使用類別":"住宿類建築"
    }
  },
  {
    "type": "Feature",
    "geometry": {
       "type": "Point",
       "coordinates":  [ 121.616118,25.058959 ]
    },
    "properties": {
    "#":319,
    "建築物名稱":"中國信託商業銀行新總行大樓新建工程",
    "建築物概要":"地下5層，地上30層鋼筋混凝土及鋼骨構造辦公廳及百貨商場類建築",
    "認可版本":"2007年更新版",
    "認可等級":"鑽石級",
    "rank":5,
    "有效期間":"2028年9月6日",
    "valid":"1",
    "認可類別":"標示",
    "設計人":"宗邁建築師事務所",
    "行政區":"臺北市",
    "ditrict":"南港區",
    "地號":"南港區經貿段45-0、45-1、43-0、43-1地號等4筆辦公廳及百貨商場類建築",
    "建築物使用類別":"辦公廳類建築"
    }
  },
  {
    "type": "Feature",
    "geometry": {
       "type": "Point",
       "coordinates":  [ 121.571929,25.049778 ]
    },
    "properties": {
    "#":320,
    "建築物名稱":"臺北市八德立體停車場新建工程",
    "建築物概要":"地下1層，地上10層鋼骨構造大型空間及其他類建築",
    "認可版本":"2015年版EEWH-BC",
    "認可等級":"銀級",
    "rank":3,
    "有效期間":"2028年8月30日",
    "valid":"1",
    "認可類別":"標示",
    "設計人":"境向聯合建築師事務所",
    "行政區":"臺北市",
    "ditrict":"松山區",
    "地號":"松山區寶清段二小段231-0地號等7筆大型空間及其他類建築",
    "建築物使用類別":"大型空間類建築"
    }
  },
  {
    "type": "Feature",
    "geometry": {
       "type": "Point",
       "coordinates":  [ 121.579583,24.98525 ]
    },
    "properties": {
    "#":321,
    "建築物名稱":"國立政治大學本校附設實驗國民小學原活動中心拆除重建新建工程",
    "建築物概要":"地上4層鋼骨鋼筋混凝土造學校及大型空間類建築",
    "認可版本":"2015年版EEWH-BC",
    "認可等級":"銅級",
    "rank":2,
    "有效期間":"2028年8月30日",
    "valid":"1",
    "認可類別":"標示",
    "設計人":"程鈞柏建築師事務所",
    "行政區":"臺北市",
    "ditrict":"文山區",
    "地號":"文山區政大段二小段0121-0001號共4筆學校及大型空間類建築",
    "建築物使用類別":"學校類建築"
    }
  },
  {
    "type": "Feature",
    "geometry": {
       "type": "Point",
       "coordinates":  [ 121.523821,25.045643 ]
    },
    "properties": {
    "#":322,
    "建築物名稱":"國立台北科技大學林森校區校舍重建工程",
    "建築物概要":"地下3層，地上11層鋼筋混凝土造辦公廳及旅館餐飲類建築",
    "認可版本":"2015年版EEWH-BC",
    "認可等級":"銀級",
    "rank":3,
    "有效期間":"2028年8月28日",
    "valid":"1",
    "認可類別":"標示",
    "設計人":"許宗熙建築師事務所",
    "行政區":"臺北市",
    "ditrict":"中正區",
    "地號":"中正區成功段一小段0245-0000號共2筆辦公廳及旅館餐飲類建築",
    "建築物使用類別":"辦公廳類建築"
    }
  },
  {
    "type": "Feature",
    "geometry": {
       "type": "Point",
       "coordinates":  [ 121.551289,25.000159 ]
    },
    "properties": {
    "#":323,
    "建築物名稱":"臺北市興隆公園附建地下停車場新建工程",
    "建築物概要":"地下3層，地上1層鋼筋混凝土造、木造其他類建築",
    "認可版本":"2019年版EEWH-BC(M)",
    "認可等級":"合格級",
    "rank":1,
    "有效期間":"2028年8月24日",
    "valid":"1",
    "認可類別":"標示",
    "設計人":"丁文正建築師事務所",
    "行政區":"臺北市",
    "ditrict":"文山區",
    "地號":"文山區興安段二小段147-0地號其他類建築",
    "建築物使用類別":"其他類建築"
    }
  },
  {
    "type": "Feature",
    "geometry": {
       "type": "Point",
       "coordinates":  [ 121.519288,25.05643 ]
    },
    "properties": {
    "#":324,
    "建築物名稱":"承德民生集合住宅D棟大樓新建工程",
    "建築物概要":"地下5層，地上19層鋼骨造住宿類建築",
    "認可版本":"2009年版",
    "認可等級":"銀級",
    "rank":3,
    "有效期間":"2028年8月21日",
    "valid":"1",
    "認可類別":"標示",
    "設計人":"林煜傑建築師事務所",
    "行政區":"臺北市",
    "ditrict":"大同區",
    "地號":"大同區圓環段一小段0220-0000號共1筆住宿類建築",
    "建築物使用類別":"住宿類建築"
    }
  },
  {
    "type": "Feature",
    "geometry": {
       "type": "Point",
       "coordinates":  [ 121.539604,25.018698 ]
    },
    "properties": {
    "#":325,
    "建築物名稱":"國立臺灣大學卓越聯合中心新建工程",
    "建築物概要":"地下2層，地上8層鋼筋混凝土造辦公廳及旅館餐飲類建築",
    "認可版本":"2015年版EEWH-BC",
    "認可等級":"合格級",
    "rank":1,
    "有效期間":"2028年8月14日",
    "valid":"1",
    "認可類別":"標示",
    "設計人":"仲觀聯合建築師事務所",
    "行政區":"臺北市",
    "ditrict":"大安區",
    "地號":"大安區學府段四小段230-0地號等25筆辦公廳及旅館餐飲類建築",
    "建築物使用類別":"辦公廳類建築"
    }
  },
  {
    "type": "Feature",
    "geometry": {
       "type": "Point",
       "coordinates":  [ 121.502602,25.090844 ]
    },
    "properties": {
    "#":326,
    "建築物名稱":"社子國小附建地下停車場新建統包工程",
    "建築物概要":"地下3層，地上1層鋼筋混凝土造、鋼構造其他類建築",
    "認可版本":"2009年版",
    "認可等級":"合格級",
    "rank":1,
    "有效期間":"2028年8月10日",
    "valid":"1",
    "認可類別":"標示",
    "設計人":"丁文正建築師事務所",
    "行政區":"臺北市",
    "ditrict":"士林區",
    "地號":"士林區永平段三小段308-0地號等2筆其他類建築",
    "建築物使用類別":"其他類建築"
    }
  },
  {
    "type": "Feature",
    "geometry": {
       "type": "Point",
       "coordinates":  [ 121.568138,24.987951 ]
    },
    "properties": {
    "#":327,
    "建築物名稱":"兆晉建設.璞石建設文山區新建工程",
    "建築物概要":"地下4層，地上29層鋼骨鋼筋混凝土造住宿類建築",
    "認可版本":"2015年版EEWH-RS",
    "認可等級":"銅級",
    "rank":2,
    "有效期間":"2028年8月7日",
    "valid":"1",
    "認可類別":"標示",
    "設計人":"呂建勳建築師事務所",
    "行政區":"臺北市",
    "ditrict":"文山區",
    "地號":"文山區木柵段三小段0125-0000號共1筆住宿類建築",
    "建築物使用類別":"住宿類建築"
    }
  },
  {
    "type": "Feature",
    "geometry": {
       "type": "Point",
       "coordinates":  [ 121.598568,25.070235 ]
    },
    "properties": {
    "#":329,
    "建築物名稱":"國防醫學院三軍總醫院內湖區石潭段立體停車場新建工程",
    "建築物概要":"地上1層鋼骨造其他類建築",
    "認可版本":"2015年版EEWH-BC",
    "認可等級":"合格級",
    "rank":1,
    "有效期間":"2028年8月7日",
    "valid":"1",
    "認可類別":"標示",
    "設計人":"陳廷杰建築師事務所",
    "行政區":"臺北市",
    "ditrict":"內湖區",
    "地號":"內湖區石潭段一小段141-0地號等140筆其他類建築",
    "建築物使用類別":"其他類建築"
    }
  },
  {
    "type": "Feature",
    "geometry": {
       "type": "Point",
       "coordinates":  [ 121.505844,25.039643 ]
    },
    "properties": {
    "#":331,
    "建築物名稱":"萬華區漢中段255地號共1筆土地集合住宅新建工程",
    "建築物概要":"地下2層，地上14層鋼筋混凝土造住宿類建築",
    "認可版本":"2015年版EEWH-RS",
    "認可等級":"合格級",
    "rank":1,
    "有效期間":"2028年8月3日",
    "valid":"1",
    "認可類別":"標示",
    "設計人":"高仲廷建築師事務所",
    "行政區":"臺北市",
    "ditrict":"萬華區",
    "地號":"萬華區漢中段二小段0255-0000號共1筆住宿類建築",
    "建築物使用類別":"住宿類建築"
    }
  },
  {
    "type": "Feature",
    "geometry": {
       "type": "Point",
       "coordinates":  [ 121.498844,25.022238 ]
    },
    "properties": {
    "#":332,
    "建築物名稱":"樂揚建設萬大段二小段集合住宅新建工程",
    "建築物概要":"地下3層，地上8層鋼筋混凝土造住宿類建築",
    "認可版本":"2015年版EEWH-RS",
    "認可等級":"銅級",
    "rank":2,
    "有效期間":"2028年7月30日",
    "valid":"1",
    "認可類別":"標示",
    "設計人":"昌瑜建築師事務所",
    "行政區":"臺北市",
    "ditrict":"萬華區",
    "地號":"萬華區萬大段二小段0570-0000號共1筆住宿類建築",
    "建築物使用類別":"住宿類建築"
    }
  },
  {
    "type": "Feature",
    "geometry": {
       "type": "Point",
       "coordinates":  [ 121.60134,25.058127 ]
    },
    "properties": {
    "#":333,
    "建築物名稱":"三美實業股份有限公司南港區南港段三小段41地號新建工程",
    "建築物概要":"地下3層，地上11層鋼筋混凝土造辦公廳及大型空間類建築",
    "認可版本":"2015年版EEWH-BC",
    "認可等級":"銀級",
    "rank":3,
    "有效期間":"2028年7月24日",
    "valid":"1",
    "認可類別":"標示",
    "設計人":"陳彥儒建築師事務所",
    "行政區":"臺北市",
    "ditrict":"南港區",
    "地號":"南港區南港段三小段0041-0000號共1筆辦公廳及大型空間類建築",
    "建築物使用類別":"辦公廳類建築"
    }
  },
  {
    "type": "Feature",
    "geometry": {
       "type": "Point",
       "coordinates":  [ 121.613276,25.062533 ]
    },
    "properties": {
    "#":334,
    "建築物名稱":"新美齊心居",
    "建築物概要":"地下3層，地上12層鋼筋混凝土造住宿類建築",
    "認可版本":"2015年版EEWH-RS",
    "認可等級":"銀級",
    "rank":3,
    "有效期間":"2028年7月20日",
    "valid":"1",
    "認可類別":"標示",
    "設計人":"陳克聚建築師事務所",
    "行政區":"臺北市",
    "ditrict":"南港區",
    "地號":"南港區經貿段0076-0002號共1筆住宿類建築",
    "建築物使用類別":"住宿類建築"
    }
  },
  {
    "type": "Feature",
    "geometry": {
       "type": "Point",
       "coordinates":  [ 121.541383,25.000696 ]
    },
    "properties": {
    "#":336,
    "建築物名稱":"台電萬隆聯合辦公室附設地下一次變電設施多目標使用大樓新建工程",
    "建築物概要":"地下6層，地上15層鋼骨造辦公廳、旅館餐飲及大型空間類建築",
    "認可版本":"2007年更新版",
    "認可等級":"銀級",
    "rank":3,
    "有效期間":"2028年7月16日",
    "valid":"1",
    "認可類別":"標示",
    "設計人":"王騰建築師事務所",
    "行政區":"臺北市",
    "ditrict":"文山區",
    "地號":"文山區景美段一小段0273-0000號共3筆辦公廳、旅館餐飲及大型空間類建築",
    "建築物使用類別":"大型空間類建築"
    }
  },
  {
    "type": "Feature",
    "geometry": {
       "type": "Point",
       "coordinates":  [ 121.468645,25.130862 ]
    },
    "properties": {
    "#":337,
    "建築物名稱":"國立臺北藝術大學研究生宿舍新建工程",
    "建築物概要":"地下1層，地上7層鋼筋混凝土構造住宿類建築",
    "認可版本":"2012年版EEWH-RS",
    "認可等級":"合格級",
    "rank":1,
    "有效期間":"2028年6月20日",
    "valid":"1",
    "認可類別":"標示",
    "設計人":"黃裕盛建築師事務所",
    "行政區":"臺北市",
    "ditrict":"北投區",
    "地號":"北投區桃源段三小段134-1地號等52筆住宿類建築",
    "建築物使用類別":"住宿類建築"
    }
  },
  {
    "type": "Feature",
    "geometry": {
       "type": "Point",
       "coordinates":  [ 121.522947,25.118734 ]
    },
    "properties": {
    "#":338,
    "建築物名稱":"力麒建設北投區振興段一小段集合住宅新建工程",
    "建築物概要":"地下3層，地上22層鋼骨造住宿及其他類建築",
    "認可版本":"2012年版EEWH-RS",
    "認可等級":"銀級",
    "rank":3,
    "有效期間":"2028年6月18日",
    "valid":"1",
    "認可類別":"標示",
    "設計人":"李天鐸建築師事務所",
    "行政區":"臺北市",
    "ditrict":"北投區",
    "地號":"北投區振興段一小段0015-0000號共2筆住宿及其他類建築",
    "建築物使用類別":"住宿類建築"
    }
  },
  {
    "type": "Feature",
    "geometry": {
       "type": "Point",
       "coordinates":  [ 121.557058,25.082278 ]
    },
    "properties": {
    "#":340,
    "建築物名稱":"忠泰建設-中山區金泰段16-1地號商場新建工程",
    "建築物概要":"地下3層，地上7層鋼筋混凝土造百貨商場、旅館餐飲及大型空間類建築",
    "認可版本":"2015年版EEWH-BC",
    "認可等級":"合格級",
    "rank":1,
    "有效期間":"2028年5月31日",
    "valid":"1",
    "認可類別":"標示",
    "設計人":"林煜傑建築師事務所",
    "行政區":"臺北市",
    "ditrict":"中山區",
    "地號":"中山區金泰段0016-0001號共1筆百貨商場、旅館餐飲及大型空間類建築",
    "建築物使用類別":"百貨商場類建築"
    }
  },
  {
    "type": "Feature",
    "geometry": {
       "type": "Point",
       "coordinates":  [ 121.559152,25.083518 ]
    },
    "properties": {
    "#":341,
    "建築物名稱":"大直文康社教中心",
    "建築物概要":"地下4層，地上8層鋼骨造，鋼筋混凝土造大型空間類建築",
    "認可版本":"2015年版EEWH-BC",
    "認可等級":"鑽石級",
    "rank":5,
    "有效期間":"2028年5月30日",
    "valid":"1",
    "認可類別":"標示",
    "設計人":"三奕聯合建築師事務所",
    "行政區":"臺北市",
    "ditrict":"中山區",
    "地號":"中山區金泰段0009-0009號共1筆大型空間類建築",
    "建築物使用類別":"大型空間類建築"
    }
  },
  {
    "type": "Feature",
    "geometry": {
       "type": "Point",
       "coordinates":  [ 121.510471,25.136938 ]
    },
    "properties": {
    "#":342,
    "建築物名稱":"臺北市立圖書館北投分館",
    "建築物概要":"地下1層，地上2層鋼骨鋼筋混凝土及木構造大型空間類建築",
    "認可版本":"2005年更新版",
    "認可等級":"鑽石級",
    "rank":5,
    "有效期間":"2028年5月24日",
    "valid":"1",
    "認可類別":"標示",
    "設計人":"曾億沅建築師事務所",
    "行政區":"臺北市",
    "ditrict":"北投區",
    "地號":"北投區溫泉段一小段5-0地號等44筆大型空間類建築",
    "建築物使用類別":"大型空間類建築"
    }
  },
  {
    "type": "Feature",
    "geometry": {
       "type": "Point",
       "coordinates":  [ 121.566385,25.080622 ]
    },
    "properties": {
    "#":344,
    "建築物名稱":"竹城建設股份有限公司台北市內湖區西湖段四小段260等地號辦公大樓增建工程",
    "建築物概要":"地下2層，地上13層鋼筋混凝土造辦公廳類建築",
    "認可版本":"2015年版EEWH-BC",
    "認可等級":"銅級",
    "rank":2,
    "有效期間":"2028年5月21日",
    "valid":"1",
    "認可類別":"標示",
    "設計人":"閤康聯合建築師事務所",
    "行政區":"臺北市",
    "ditrict":"內湖區",
    "地號":"內湖區西湖段四小段0260-0000號共2筆辦公廳類建築",
    "建築物使用類別":"辦公廳類建築"
    }
  },
  {
    "type": "Feature",
    "geometry": {
       "type": "Point",
       "coordinates":  [ 121.582083,25.038823 ]
    },
    "properties": {
    "#":345,
    "建築物名稱":"廣慈博愛園區整體開發計畫公共住宅第D標統包工程",
    "建築物概要":"地下4層，地上27層鋼骨鋼筋混凝土造辦公廳、住宿及學校類建築",
    "認可版本":"2015年版EEWH-RS",
    "認可等級":"黃金級",
    "rank":4,
    "有效期間":"2028年5月18日",
    "valid":"1",
    "認可類別":"標示",
    "設計人":"陳裕益建築師事務所",
    "行政區":"臺北市",
    "ditrict":"信義區",
    "地號":"信義區福德段二小段0319-0000號共1筆辦公廳、住宿及學校類建築",
    "建築物使用類別":"住宿類建築"
    }
  },
  {
    "type": "Feature",
    "geometry": {
       "type": "Point",
       "coordinates":  [ 121.579368,25.05421 ]
    },
    "properties": {
    "#":346,
    "建築物名稱":"內湖區潭美段四小段集合住宅新建工程",
    "建築物概要":"地下2層，地上14層鋼骨鋼筋混凝土造住宿類建築",
    "認可版本":"2015年版EEWH-RS",
    "認可等級":"黃金級",
    "rank":4,
    "有效期間":"2028年5月14日",
    "valid":"1",
    "認可類別":"標示",
    "設計人":"宏宇建築師事務所",
    "行政區":"臺北市",
    "ditrict":"內湖區",
    "地號":"內湖區潭美段四小段0344-0000號共1筆住宿類建築",
    "建築物使用類別":"住宿類建築"
    }
  },
  {
    "type": "Feature",
    "geometry": {
       "type": "Point",
       "coordinates":  [ 121.510228,25.042388 ]
    },
    "properties": {
    "#":347,
    "建築物名稱":"兆豐國際商業銀行衡陽大樓",
    "建築物概要":"地下1層，地上10層鋼骨鋼筋混凝土造空調型(辦公分區)建築",
    "認可版本":"2019年版EEWH-RN",
    "認可等級":"黃金級",
    "rank":4,
    "有效期間":"2028年5月9日",
    "valid":"1",
    "認可類別":"標示",
    "設計人":"傑昇冷凍空調技師事務所",
    "行政區":"臺北市",
    "ditrict":"中正區",
    "地號":"中正區城中段二小段0533-0000地號空調型(辦公分區)建築",
    "建築物使用類別":"辦公廳類建築"
    }
  },
  {
    "type": "Feature",
    "geometry": {
       "type": "Point",
       "coordinates":  [ 121.532197,25.02338 ]
    },
    "properties": {
    "#":348,
    "建築物名稱":"大華建設大安區龍泉段住宅新建工程",
    "建築物概要":"地下3層，地上12層鋼筋混凝土造住宿類建築",
    "認可版本":"2015年版EEWH-RS",
    "認可等級":"銀級",
    "rank":3,
    "有效期間":"2028年5月8日",
    "valid":"1",
    "認可類別":"標示",
    "設計人":"李文勝建築師事務所",
    "行政區":"臺北市",
    "ditrict":"大安區",
    "地號":"大安區龍泉段一小段0312-0000號共1筆住宿類建築",
    "建築物使用類別":"住宿類建築"
    }
  },
  {
    "type": "Feature",
    "geometry": {
       "type": "Point",
       "coordinates":  [ 121.522312,25.062406 ]
    },
    "properties": {
    "#":349,
    "建築物名稱":"忠泰建設中山區中山段二小段202等1筆地號大樓新建工程",
    "建築物概要":"地下5層，地上16層鋼骨造辦公廳類建築",
    "認可版本":"2015年版EEWH-BC",
    "認可等級":"銀級",
    "rank":3,
    "有效期間":"2028年5月2日",
    "valid":"1",
    "認可類別":"標示",
    "設計人":"王克誠建築師事務所",
    "行政區":"臺北市",
    "ditrict":"中山區",
    "地號":"中山區中山段二小段0202-0000號共1筆辦公廳類建築",
    "建築物使用類別":"辦公廳類建築"
    }
  },
  {
    "type": "Feature",
    "geometry": {
       "type": "Point",
       "coordinates":  [ 121.535453,25.061229 ]
    },
    "properties": {
    "#":350,
    "建築物名稱":"東亞建築經理股份有限公司中山區榮星段集合住宅大樓新建工程",
    "建築物概要":"地下3層，地上15層鋼筋混凝土造住宿類建築",
    "認可版本":"2012年版EEWH-RS",
    "認可等級":"銀級",
    "rank":3,
    "有效期間":"2028年4月30日",
    "valid":"1",
    "認可類別":"標示",
    "設計人":"三門聯合建築師事務所",
    "行政區":"臺北市",
    "ditrict":"中山區",
    "地號":"中山區榮星段六小段0660-0000號共1筆住宿類建築",
    "建築物使用類別":"住宿類建築"
    }
  },
  {
    "type": "Feature",
    "geometry": {
       "type": "Point",
       "coordinates":  [ 121.503406,25.12333 ]
    },
    "properties": {
    "#":351,
    "建築物名稱":"臺北市北投區奇岩公共住宅新建工程",
    "建築物概要":"地下3層，地上10層鋼筋混凝土造住宿及學校類建築",
    "認可版本":"2015年版EEWH-RS",
    "認可等級":"銀級",
    "rank":3,
    "有效期間":"2028年4月26日",
    "valid":"1",
    "認可類別":"標示",
    "設計人":"大林聯合建築師事務所",
    "行政區":"臺北市",
    "ditrict":"北投區",
    "地號":"北投區三合段0080-0000號共1筆住宿及學校類建築",
    "建築物使用類別":"住宿類建築"
    }
  },
  {
    "type": "Feature",
    "geometry": {
       "type": "Point",
       "coordinates":  [ 121.572524,25.049064 ]
    },
    "properties": {
    "#":353,
    "建築物名稱":"新北建設信義區虎林段集合住宅新建工程",
    "建築物概要":"地下3層，地上12層鋼筋混凝土造旅館餐飲及住宿類建築",
    "認可版本":"2015年版EEWH-RS",
    "認可等級":"銅級",
    "rank":2,
    "有效期間":"2028年4月16日",
    "valid":"1",
    "認可類別":"標示",
    "設計人":"王承熹建築師事務所",
    "行政區":"臺北市",
    "ditrict":"信義區",
    "地號":"信義區虎林段三小段0328-0000號共1筆旅館餐飲及住宿類建築",
    "建築物使用類別":"住宿類建築"
    }
  },
  {
    "type": "Feature",
    "geometry": {
       "type": "Point",
       "coordinates":  [ 121.531043,25.043149 ]
    },
    "properties": {
    "#":355,
    "建築物名稱":"兆豐證券股份有限公司兆證大樓",
    "建築物概要":"地下4層，地上13層鋼骨造空調型(辦公分區)建築",
    "認可版本":"2019年版EEWH-RN",
    "認可等級":"鑽石級",
    "rank":5,
    "有效期間":"2028年4月16日",
    "valid":"1",
    "認可類別":"標示",
    "設計人":"傑昇冷凍空調技師事務所",
    "行政區":"臺北市",
    "ditrict":"中正區",
    "地號":"中正區臨沂段一小段131-0地號空調型(辦公分區)建築",
    "建築物使用類別":"辦公廳類建築"
    }
  },
  {
    "type": "Feature",
    "geometry": {
       "type": "Point",
       "coordinates":  [ 121.570831,25.039587 ]
    },
    "properties": {
    "#":356,
    "建築物名稱":"富邦人壽大樓",
    "建築物概要":"地下4層，地上54層鋼骨造辦公廳、旅館餐飲及大型空間類建築",
    "認可版本":"2015年版EEWH-BC",
    "認可等級":"黃金級",
    "rank":4,
    "有效期間":"2028年4月11日",
    "valid":"1",
    "認可類別":"標示",
    "設計人":"大元聯合建築師事務所",
    "行政區":"臺北市",
    "ditrict":"信義區",
    "地號":"信義區信義段三小段0006-0000號共1筆辦公廳、旅館餐飲及大型空間類建築",
    "建築物使用類別":"辦公廳類建築"
    }
  },
  {
    "type": "Feature",
    "geometry": {
       "type": "Point",
       "coordinates":  [ 121.570426,25.084249 ]
    },
    "properties": {
    "#":361,
    "建築物名稱":"內湖七號公園附建地下停車場新建工程",
    "建築物概要":"地下2層，地上1層鋼筋混凝土造其他類建築",
    "認可版本":"2009年版",
    "認可等級":"合格級",
    "rank":1,
    "有效期間":"2028年3月21日",
    "valid":"1",
    "認可類別":"標示",
    "設計人":"丁文正建築師事務所",
    "行政區":"臺北市",
    "ditrict":"內湖區",
    "地號":"內湖區碧湖段四小段1088-2地號等13筆其他類建築",
    "建築物使用類別":"其他類建築"
    }
  },
  {
    "type": "Feature",
    "geometry": {
       "type": "Point",
       "coordinates":  [ 121.503851,25.117972 ]
    },
    "properties": {
    "#":362,
    "建築物名稱":"立農公園附建地下停車場",
    "建築物概要":"地下2層，地上1層鋼筋混凝土造其他類建築",
    "認可版本":"2009年版",
    "認可等級":"合格級",
    "rank":1,
    "有效期間":"2028年3月21日",
    "valid":"1",
    "認可類別":"標示",
    "設計人":"丁文正建築師事務所",
    "行政區":"臺北市",
    "ditrict":"北投區",
    "地號":"北投區立農段五小段508-2地號等8筆其他類建築",
    "建築物使用類別":"其他類建築"
    }
  },
  {
    "type": "Feature",
    "geometry": {
       "type": "Point",
       "coordinates":  [ 121.546657,25.017186 ]
    },
    "properties": {
    "#":363,
    "建築物名稱":"國立臺灣大學醫學院附設醫院癌醫中心分院",
    "建築物概要":"地下4層，地上4層鋼筋混凝土造，鋼骨造醫院類建築",
    "認可版本":"2015年版EEWH-BC",
    "認可等級":"銀級",
    "rank":3,
    "有效期間":"2028年3月15日",
    "valid":"1",
    "認可類別":"標示",
    "設計人":"潘冀聯合建築師事務所",
    "行政區":"臺北市",
    "ditrict":"大安區",
    "地號":"大安區辛亥段五小段0003-0000號 共19筆醫院類建築",
    "建築物使用類別":"醫院類建築"
    }
  },
  {
    "type": "Feature",
    "geometry": {
       "type": "Point",
       "coordinates":  [ 121.546113,25.020441 ]
    },
    "properties": {
    "#":364,
    "建築物名稱":"臺北市和平國小暨籃球運動館新建工程",
    "建築物概要":"地下1層，地上6層鋼筋混凝土及鋼骨構造學校類、大型空間及其他類建築",
    "認可版本":"2012年版EEWH-BC",
    "認可等級":"黃金級",
    "rank":4,
    "有效期間":"2028年3月15日",
    "valid":"1",
    "認可類別":"標示",
    "設計人":"宗邁建築師事務所",
    "行政區":"臺北市",
    "ditrict":"大安區",
    "地號":"大安區學府段一小段552-0地號等22筆學校類、大型空間及其他類建築",
    "建築物使用類別":"學校類建築"
    }
  },
  {
    "type": "Feature",
    "geometry": {
       "type": "Point",
       "coordinates":  [ 121.570741,25.018671 ]
    },
    "properties": {
    "#":365,
    "建築物名稱":"臺北市信義區吳興段二小段集合住宅新建工程",
    "建築物概要":"地下4層，地上10層鋼筋混凝土構造住宿類建築",
    "認可版本":"2012年版EEWH-RS",
    "認可等級":"銀級",
    "rank":3,
    "有效期間":"2028年3月14日",
    "valid":"1",
    "認可類別":"標示",
    "設計人":"李天鐸建築師事務所",
    "行政區":"臺北市",
    "ditrict":"信義區",
    "地號":"信義區吳興段二小段790-6地號等4筆住宿類建築",
    "建築物使用類別":"住宿類建築"
    }
  },
  {
    "type": "Feature",
    "geometry": {
       "type": "Point",
       "coordinates":  [ 121.508444,25.045066 ]
    },
    "properties": {
    "#":366,
    "建築物名稱":"國泰一號基金中華大樓都更新建工程",
    "建築物概要":"地下5層，地上28層鋼構造百貨商場及旅館餐飲類建築",
    "認可版本":"2015年版EEWH-BC",
    "認可等級":"黃金級",
    "rank":4,
    "有效期間":"2028年3月13日",
    "valid":"1",
    "認可類別":"標示",
    "設計人":"潘冀聯合建築師事務所",
    "行政區":"臺北市",
    "ditrict":"萬華區",
    "地號":"萬華區福星段二小段0149-0000號共1筆百貨商場及旅館餐飲類建築",
    "建築物使用類別":"旅館餐飲類建築"
    }
  },
  {
    "type": "Feature",
    "geometry": {
       "type": "Point",
       "coordinates":  [ 121.596711,25.065924 ]
    },
    "properties": {
    "#":367,
    "建築物名稱":"臺北市網球中心新建工程",
    "建築物概要":"地下1層，地上7層鋼筋混凝土及鋼骨構造大型空間類建築",
    "認可版本":"2012年版EEWH-BC",
    "認可等級":"鑽石級",
    "rank":5,
    "有效期間":"2028年3月11日",
    "valid":"1",
    "認可類別":"標示",
    "設計人":"竹間聯合建築師事務所",
    "行政區":"臺北市",
    "ditrict":"內湖區",
    "地號":"內湖區石潭段四小段280-0地號等3筆大型空間類建築",
    "建築物使用類別":"大型空間類建築"
    }
  },
  {
    "type": "Feature",
    "geometry": {
       "type": "Point",
       "coordinates":  [ 121.511024,25.043891 ]
    },
    "properties": {
    "#":368,
    "建築物名稱":"兆豐產物保險股份有限公司武昌大樓",
    "建築物概要":"地下4層，地上11層鋼骨鋼筋混凝土造空調型(辦公分區)建築",
    "認可版本":"2019年版EEWH-RN",
    "認可等級":"鑽石級",
    "rank":5,
    "有效期間":"2028年3月7日",
    "valid":"1",
    "認可類別":"標示",
    "設計人":"傑昇冷凍空調技師事務所",
    "行政區":"臺北市",
    "ditrict":"中正區",
    "地號":"中正區城中段二小段448-0地號等4筆空調型(辦公分區)建築",
    "建築物使用類別":"辦公廳類建築"
    }
  },
  {
    "type": "Feature",
    "geometry": {
       "type": "Point",
       "coordinates":  [ 121.517591,25.119064 ]
    },
    "properties": {
    "#":369,
    "建築物名稱":"臺北榮民總醫院手術室新建工程",
    "建築物概要":"地上4層鋼筋混凝土造醫院類建築",
    "認可版本":"2015年版EEWH-BC",
    "認可等級":"銅級",
    "rank":2,
    "有效期間":"2028年2月21日",
    "valid":"1",
    "認可類別":"標示",
    "設計人":"洪清安建築師事務所",
    "行政區":"臺北市",
    "ditrict":"北投區",
    "地號":"北投區振興段二小段0030-0000號共39筆醫院類建築",
    "建築物使用類別":"醫院類建築"
    }
  },
  {
    "type": "Feature",
    "geometry": {
       "type": "Point",
       "coordinates":  [ 121.502909,25.137619 ]
    },
    "properties": {
    "#":370,
    "建築物名稱":"北投105K06停車塔新建工程",
    "建築物概要":"地上2層鋼骨造、鋼筋混凝土造辦公廳及其他類建築",
    "認可版本":"2009年版",
    "認可等級":"合格級",
    "rank":1,
    "有效期間":"2028年2月17日",
    "valid":"1",
    "認可類別":"標示",
    "設計人":"丁文正建築師事務所",
    "行政區":"臺北市",
    "ditrict":"北投區",
    "地號":"北投區開明段二小段7-0地號等6筆辦公廳及其他類建築",
    "建築物使用類別":"其他類建築"
    }
  },
  {
    "type": "Feature",
    "geometry": {
       "type": "Point",
       "coordinates":  [ 121.503663,25.030786 ]
    },
    "properties": {
    "#":371,
    "建築物名稱":"莒光立體停車塔新建統包工程",
    "建築物概要":"地上3層鋼筋混凝土造、鋼骨造辦公廳及其他類建築",
    "認可版本":"2012年版EEWH-BC",
    "認可等級":"合格級",
    "rank":1,
    "有效期間":"2028年2月17日",
    "valid":"1",
    "認可類別":"標示",
    "設計人":"丁文正建築師事務所",
    "行政區":"臺北市",
    "ditrict":"萬華區",
    "地號":"萬華區莒光段一小段318-1地號等4筆辦公廳及其他類建築",
    "建築物使用類別":"其他類建築"
    }
  },
  {
    "type": "Feature",
    "geometry": {
       "type": "Point",
       "coordinates":  [ 121.52384,25.111867 ]
    },
    "properties": {
    "#":372,
    "建築物名稱":"宏利發建設  榮華一鹿新建工程",
    "建築物概要":"地下3層，地上10層鋼筋混凝土造住宿類建築",
    "認可版本":"2015年版EEWH-RS",
    "認可等級":"銀級",
    "rank":3,
    "有效期間":"2028年2月16日",
    "valid":"1",
    "認可類別":"標示",
    "設計人":"李文勝建築師事務所",
    "行政區":"臺北市",
    "ditrict":"北投區",
    "地號":"北投區振興段一小段0515-0000號共1筆住宿類建築",
    "建築物使用類別":"住宿類建築"
    }
  },
  {
    "type": "Feature",
    "geometry": {
       "type": "Point",
       "coordinates":  [ 121.514515,25.123312 ]
    },
    "properties": {
    "#":374,
    "建築物名稱":"國立陽明大學頂尖研發大樓新建工程",
    "建築物概要":"地下2層，地上7層鋼筋混凝土構造學校類建築",
    "認可版本":"2012年版EEWH-BC",
    "認可等級":"銅級",
    "rank":2,
    "有效期間":"2028年2月6日",
    "valid":"1",
    "認可類別":"標示",
    "設計人":"王騰建築師事務所",
    "行政區":"臺北市",
    "ditrict":"北投區",
    "地號":"北投區崇仰段三小段227-0地號等77筆學校類建築",
    "建築物使用類別":"學校類建築"
    }
  },
  {
    "type": "Feature",
    "geometry": {
       "type": "Point",
       "coordinates":  [ 121.532637,25.05165 ]
    },
    "properties": {
    "#":375,
    "建築物名稱":"大陸建設南京松江案新建工程",
    "建築物概要":"地下6層，地上24層鋼骨造旅館餐飲及住宿類建築",
    "認可版本":"2009年版",
    "認可等級":"黃金級",
    "rank":4,
    "有效期間":"2028年2月5日",
    "valid":"1",
    "認可類別":"標示",
    "設計人":"陳傳宗建築師事務所",
    "行政區":"臺北市",
    "ditrict":"中山區",
    "地號":"中山區長安段三小段0396-0000號共2筆旅館餐飲及住宿類建築",
    "建築物使用類別":"住宿類建築"
    }
  },
  {
    "type": "Feature",
    "geometry": {
       "type": "Point",
       "coordinates":  [ 121.584983,25.060604 ]
    },
    "properties": {
    "#":376,
    "建築物名稱":"遠雄建設晴空樹新建工程",
    "建築物概要":"地下4層，地上13層鋼筋混凝土構造住宿類建築",
    "認可版本":"2009年版",
    "認可等級":"黃金級",
    "rank":4,
    "有效期間":"2028年2月2日",
    "valid":"1",
    "認可類別":"標示",
    "設計人":"黃永沃建築師事務所",
    "行政區":"臺北市",
    "ditrict":"內湖區",
    "地號":"台北市內湖區潭美段五小段86等一筆地號",
    "建築物使用類別":"住宿類建築"
    }
  },
  {
    "type": "Feature",
    "geometry": {
       "type": "Point",
       "coordinates":  [ 121.530016,25.122982 ]
    },
    "properties": {
    "#":377,
    "建築物名稱":"威帝建設士林區天母段四小段住宅新建工程",
    "建築物概要":"地下2層，地上8層鋼筋混凝土造住宿類建築",
    "認可版本":"2015年版EEWH-RS",
    "認可等級":"銀級",
    "rank":3,
    "有效期間":"2028年2月1日",
    "valid":"1",
    "認可類別":"標示",
    "設計人":"練福星建築師事務所",
    "行政區":"臺北市",
    "ditrict":"士林區",
    "地號":"士林區天母段四小段0472-0000號共1筆住宿類建築",
    "建築物使用類別":"住宿類建築"
    }
  },
  {
    "type": "Feature",
    "geometry": {
       "type": "Point",
       "coordinates":  [ 121.5537,25.033481 ]
    },
    "properties": {
    "#":378,
    "建築物名稱":"台北捷運信義線安和路站聯合開發大樓新建工程",
    "建築物概要":"地下6層，地上34層鋼骨造辦公廳、住宿及大型空間類建築",
    "認可版本":"2005年更新版",
    "認可等級":"合格級",
    "rank":1,
    "有效期間":"2028年1月30日",
    "valid":"1",
    "認可類別":"標示",
    "設計人":"閻辰昌建築師事務所",
    "行政區":"臺北市",
    "ditrict":"大安區",
    "地號":"大安區仁愛段三小段0650-0000號共2筆辦公廳、住宿及大型空間類建築",
    "建築物使用類別":"住宿類建築"
    }
  },
  {
    "type": "Feature",
    "geometry": {
       "type": "Point",
       "coordinates":  [ 121.540366,25.036564 ]
    },
    "properties": {
    "#":382,
    "建築物名稱":"國立臺灣師範大學附屬高級中學室內溫水游泳池新建工程",
    "建築物概要":"地下1層，地上2層鋼筋混凝土造大型空間類建築",
    "認可版本":"2015年版EEWH-BC",
    "認可等級":"銅級",
    "rank":2,
    "有效期間":"2027年12月22日",
    "valid":"1",
    "認可類別":"標示",
    "設計人":"陳章安建築師事務所",
    "行政區":"臺北市",
    "ditrict":"大安區",
    "地號":"大安區懷生段二小段0521-0002號共11筆大型空間類建築",
    "建築物使用類別":"大型空間類建築"
    }
  },
  {
    "type": "Feature",
    "geometry": {
       "type": "Point",
       "coordinates":  [ 121.54016,25.110418 ]
    },
    "properties": {
    "#":383,
    "建築物名稱":"華和資產德行東路386號住宅舊建築改善工程",
    "建築物概要":"地下1層，地上3層鋼筋混凝土造住宿類建築",
    "認可版本":"2019年版EEWH-RN",
    "認可等級":"合格級",
    "rank":1,
    "有效期間":"2027年12月20日",
    "valid":"1",
    "認可類別":"標示",
    "設計人":"廖彩龍建築師事務所",
    "行政區":"臺北市",
    "ditrict":"士林區",
    "地號":"士林區芝蘭段二小段589、590-0地號住宿類建築",
    "建築物使用類別":"住宿類建築"
    }
  },
  {
    "type": "Feature",
    "geometry": {
       "type": "Point",
       "coordinates":  [ 121.616099,25.061342 ]
    },
    "properties": {
    "#":385,
    "建築物名稱":"臺灣肥料公司南港區經貿段集合住宅新建工程",
    "建築物概要":"地下3層，地上21層鋼骨鋼筋混凝土構造住宿類建築",
    "認可版本":"2009年版",
    "認可等級":"銅級",
    "rank":2,
    "有效期間":"2027年12月14日",
    "valid":"1",
    "認可類別":"標示",
    "設計人":"宏景聯合建築師事務所",
    "行政區":"臺北市",
    "ditrict":"南港區",
    "地號":"南港區經貿段66-1地號住宿類建築",
    "建築物使用類別":"住宿類建築"
    }
  },
  {
    "type": "Feature",
    "geometry": {
       "type": "Point",
       "coordinates":  [ 121.518912,25.102878 ]
    },
    "properties": {
    "#":386,
    "建築物名稱":"臺灣戲劇藝術中心興建工程",
    "建築物概要":"地下2層，地上8層鋼筋混凝土造、鋼骨造大型空間類建築",
    "認可版本":"2009年版",
    "認可等級":"銅級",
    "rank":2,
    "有效期間":"2027年12月13日",
    "valid":"1",
    "認可類別":"標示",
    "設計人":"江榮裕建築師事務所",
    "行政區":"臺北市",
    "ditrict":"士林區",
    "地號":"士林區蘭雅段三小段698-0地號等8筆",
    "建築物使用類別":"大型空間類建築"
    }
  },
  {
    "type": "Feature",
    "geometry": {
       "type": "Point",
       "coordinates":  [ 121.530671,25.027022 ]
    },
    "properties": {
    "#":387,
    "建築物名稱":"寶舖建設青田青集合住宅新建工程",
    "建築物概要":"地下3層，地上13層鋼筋混凝土構造住宿類建築",
    "認可版本":"2009年版",
    "認可等級":"鑽石級",
    "rank":5,
    "有效期間":"2027年12月7日",
    "valid":"1",
    "認可類別":"標示",
    "設計人":"卓培煙建築師事務所",
    "行政區":"臺北市",
    "ditrict":"大安區",
    "地號":"大安區金華段二小段486-0地號等2筆",
    "建築物使用類別":"住宿類建築"
    }
  },
  {
    "type": "Feature",
    "geometry": {
       "type": "Point",
       "coordinates":  [ 121.536352,25.054138 ]
    },
    "properties": {
    "#":388,
    "建築物名稱":"中山區長春段三小段土地新建工程",
    "建築物概要":"地下5層，地上23層鋼骨造辦公廳及住宿類建築",
    "認可版本":"2009年版",
    "認可等級":"黃金級",
    "rank":4,
    "有效期間":"2027年12月4日",
    "valid":"1",
    "認可類別":"標示",
    "設計人":"金以容建築師事務所",
    "行政區":"臺北市",
    "ditrict":"中山區",
    "地號":"中山區長春段三小段0130-0000號共2筆辦公廳及住宿類建築",
    "建築物使用類別":"住宿類建築"
    }
  },
  {
    "type": "Feature",
    "geometry": {
       "type": "Point",
       "coordinates":  [ 121.582083,25.038823 ]
    },
    "properties": {
    "#":389,
    "建築物名稱":"廣慈博愛園區整體開發計畫公共住宅第E標統包工程",
    "建築物概要":"地下4層，地上27層鋼骨鋼筋混凝土造辦公廳、住宿及學校類建築",
    "認可版本":"2015年版EEWH-RS",
    "認可等級":"黃金級",
    "rank":4,
    "有效期間":"2027年11月29日",
    "valid":"1",
    "認可類別":"標示",
    "設計人":"徐維志建築師事務所",
    "行政區":"臺北市",
    "ditrict":"信義區",
    "地號":"信義區福德段二小段0319-0000號共1筆辦公廳、住宿及學校類建築",
    "建築物使用類別":"住宿類建築"
    }
  },
  {
    "type": "Feature",
    "geometry": {
       "type": "Point",
       "coordinates":  [ 121.540254,25.110197 ]
    },
    "properties": {
    "#":392,
    "建築物名稱":"華和資產德行東路382號住宅舊建築改善工程",
    "建築物概要":"地下1層，地上3層鋼筋混凝土造住宿類建築",
    "認可版本":"2019年版EEWH-RN",
    "認可等級":"合格級",
    "rank":1,
    "有效期間":"2027年11月22日",
    "valid":"1",
    "認可類別":"標示",
    "設計人":"廖彩龍建築師事務所",
    "行政區":"臺北市",
    "ditrict":"士林區",
    "地號":"士林區芝蘭段二小段590-1地號、士林區芝蘭段二小段589-2地號住宿類建築",
    "建築物使用類別":"住宿類建築"
    }
  },
  {
    "type": "Feature",
    "geometry": {
       "type": "Point",
       "coordinates":  [ 121.524805,25.025883 ]
    },
    "properties": {
    "#":393,
    "建築物名稱":"羅斯福路二段77巷26號新建工程",
    "建築物概要":"地上5層鋼筋混凝土造辦公廳及住宿類建築",
    "認可版本":"2012年版EEWH-RS",
    "認可等級":"合格級",
    "rank":1,
    "有效期間":"2027年11月17日",
    "valid":"1",
    "認可類別":"標示",
    "設計人":"陳聖中建築師事務所",
    "行政區":"臺北市",
    "ditrict":"大安區",
    "地號":"大安區龍泉段三小段0192-0000號共1筆辦公廳及住宿類建築",
    "建築物使用類別":"住宿類建築"
    }
  },
  {
    "type": "Feature",
    "geometry": {
       "type": "Point",
       "coordinates":  [ 121.573884,25.077918 ]
    },
    "properties": {
    "#":394,
    "建築物名稱":"內湖106號公園地下停車場新建工程",
    "建築物概要":"地下2層，地上1層鋼筋混凝土造其他類建築",
    "認可版本":"2015年版EEWH-BC",
    "認可等級":"黃金級",
    "rank":4,
    "有效期間":"2027年11月1日",
    "valid":"1",
    "認可類別":"標示",
    "設計人":"楊瑞禎聯合建築師事務所",
    "行政區":"臺北市",
    "ditrict":"內湖區",
    "地號":"內湖區西湖段四小段0008-0000號共1筆其他類建築",
    "建築物使用類別":"其他類建築"
    }
  },
  {
    "type": "Feature",
    "geometry": {
       "type": "Point",
       "coordinates":  [ 121.57906,25.061234 ]
    },
    "properties": {
    "#":395,
    "建築物名稱":"裕永股份有限公司哈博汽車內湖區舊宗段新建工程",
    "建築物概要":"地下3層，地上8層鋼骨造辦公廳及旅館餐飲類建築",
    "認可版本":"2015年版EEWH-BC",
    "認可等級":"銀級",
    "rank":3,
    "有效期間":"2027年10月30日",
    "valid":"1",
    "認可類別":"標示",
    "設計人":"三門聯合建築師事務所",
    "行政區":"臺北市",
    "ditrict":"內湖區",
    "地號":"內湖區舊宗段0059-0005號共1筆辦公廳及旅館餐飲類建築",
    "建築物使用類別":"旅館餐飲類建築"
    }
  },
  {
    "type": "Feature",
    "geometry": {
       "type": "Point",
       "coordinates":  [ 121.524198,25.085161 ]
    },
    "properties": {
    "#":398,
    "建築物名稱":"臺北藝術中心興建工程",
    "建築物概要":"地下1層，地上12層鋼骨造大型空間類建築",
    "認可版本":"2009年版",
    "認可等級":"合格級",
    "rank":1,
    "有效期間":"2027年10月25日",
    "valid":"1",
    "認可類別":"標示",
    "設計人":"宋苾璇建築師事務所",
    "行政區":"臺北市",
    "ditrict":"士林區",
    "地號":"士林區光華段四小段0794-0000號共1筆大型空間類建築",
    "建築物使用類別":"大型空間類建築"
    }
  },
  {
    "type": "Feature",
    "geometry": {
       "type": "Point",
       "coordinates":  [ 121.540407,25.110554 ]
    },
    "properties": {
    "#":399,
    "建築物名稱":"華和資產德行東路388號住宅舊建築改善工程",
    "建築物概要":"地下1層，地上3層鋼筋混凝土造住宿類建築",
    "認可版本":"2019年版EEWH-RN",
    "認可等級":"合格級",
    "rank":1,
    "有效期間":"2027年10月25日",
    "valid":"1",
    "認可類別":"標示",
    "設計人":"廖彩龍建築師事務所",
    "行政區":"臺北市",
    "ditrict":"士林區",
    "地號":"士林區芝蘭段二小段579-0地號等2筆，士林區芝蘭段二小段584等1筆地號住宿類建築",
    "建築物使用類別":"住宿類建築"
    }
  },
  {
    "type": "Feature",
    "geometry": {
       "type": "Point",
       "coordinates":  [ 121.51028,25.11968 ]
    },
    "properties": {
    "#":400,
    "建築物名稱":"華固翡儷",
    "建築物概要":"地下4層，地上15層鋼筋混凝土造辦公廳及住宿類建築",
    "認可版本":"2015年版EEWH-RS",
    "認可等級":"黃金級",
    "rank":4,
    "有效期間":"2027年10月23日",
    "valid":"1",
    "認可類別":"標示",
    "設計人":"呂建勳建築師事務所",
    "行政區":"臺北市",
    "ditrict":"北投區",
    "地號":"北投區立農段二小段0254-0000號共1筆辦公廳及住宿類建築",
    "建築物使用類別":"住宿類建築"
    }
  },
  {
    "type": "Feature",
    "geometry": {
       "type": "Point",
       "coordinates":  [ 121.517591,25.119064 ]
    },
    "properties": {
    "#":402,
    "建築物名稱":"臺北榮民總醫院新建醫療大樓統包工程",
    "建築物概要":"地下3層，地上12層鋼骨鋼筋混凝土造醫院類建築",
    "認可版本":"2015年版EEWH-BC",
    "認可等級":"黃金級",
    "rank":4,
    "有效期間":"2027年10月16日",
    "valid":"1",
    "認可類別":"標示",
    "設計人":"洪清安建築師事務所",
    "行政區":"臺北市",
    "ditrict":"北投區",
    "地號":"北投區振興段二小段0030-0000號共39筆醫院類建築",
    "建築物使用類別":"醫院類建築"
    }
  },
  {
    "type": "Feature",
    "geometry": {
       "type": "Point",
       "coordinates":  [ 121.537014,25.006098 ]
    },
    "properties": {
    "#":403,
    "建築物名稱":"臺北市文山區萬福國民小學風雨操場新建工程",
    "建築物概要":"地上1層鋼骨造大型空間類建築",
    "認可版本":"2015年版EEWH-BC",
    "認可等級":"合格級",
    "rank":1,
    "有效期間":"2027年10月6日",
    "valid":"1",
    "認可類別":"標示",
    "設計人":"黃孟偉建築師事務所",
    "行政區":"臺北市",
    "ditrict":"文山區",
    "地號":"文山區萬隆段一小段0376-0000號共5筆大型空間類建築",
    "建築物使用類別":"大型空間類建築"
    }
  },
  {
    "type": "Feature",
    "geometry": {
       "type": "Point",
       "coordinates":  [ 121.52791,25.089963 ]
    },
    "properties": {
    "#":406,
    "建築物名稱":"臺北市政府消防局劍潭分隊重建工程",
    "建築物概要":"地下2層，地上10層鋼筋混凝土造辦公廳及住宿類建築",
    "認可版本":"2015年版EEWH-BC",
    "認可等級":"鑽石級",
    "rank":5,
    "有效期間":"2027年9月22日",
    "valid":"1",
    "認可類別":"標示",
    "設計人":"廖晏瑋建築師事務所",
    "行政區":"臺北市",
    "ditrict":"士林區",
    "地號":"士林區福林段二小段0387-0000號共2筆辦公廳及住宿類建築",
    "建築物使用類別":"辦公廳類建築"
    }
  },
  {
    "type": "Feature",
    "geometry": {
       "type": "Point",
       "coordinates":  [ 121.527685,25.030395 ]
    },
    "properties": {
    "#":407,
    "建築物名稱":"國立政治大學公共行政及企業管理教育中心新建統包工程",
    "建築物概要":"地下3層，地上13層鋼骨造住宿及大型空間類建築",
    "認可版本":"2015年版EEWH-BC",
    "認可等級":"黃金級",
    "rank":4,
    "有效期間":"2027年9月18日",
    "valid":"1",
    "認可類別":"標示",
    "設計人":"潘冀聯合建築師事務所",
    "行政區":"臺北市",
    "ditrict":"大安區",
    "地號":"大安區金華段三小段0108-0000號共2筆住宿及大型空間類建築",
    "建築物使用類別":"大型空間類建築"
    }
  },
  {
    "type": "Feature",
    "geometry": {
       "type": "Point",
       "coordinates":  [ 121.499716,25.142577 ]
    },
    "properties": {
    "#":408,
    "建築物名稱":"北投區開明段三小段192等8筆地號集合住宅新建工程",
    "建築物概要":"地下2層，地上7層鋼筋混凝土造住宿類建築",
    "認可版本":"2015年版EEWH-RS",
    "認可等級":"銅級",
    "rank":2,
    "有效期間":"2027年9月15日",
    "valid":"1",
    "認可類別":"標示",
    "設計人":"陳肇勳建築師事務所",
    "行政區":"臺北市",
    "ditrict":"北投區",
    "地號":"北投區開明段三小段0192-0000號共1筆 住宿類建築",
    "建築物使用類別":"住宿類建築"
    }
  },
  {
    "type": "Feature",
    "geometry": {
       "type": "Point",
       "coordinates":  [ 121.610998,25.06811 ]
    },
    "properties": {
    "#":409,
    "建築物名稱":"臺北市內湖區南湖國民小學活動中心新建工程",
    "建築物概要":"地下1層，地上4層鋼筋混凝土及鋼骨鋼筋混凝土造大型空間類建築",
    "認可版本":"2015年版EEWH-BC",
    "認可等級":"銅級",
    "rank":2,
    "有效期間":"2027年8月30日",
    "valid":"1",
    "認可類別":"標示",
    "設計人":"孫文郁建築師事務所",
    "行政區":"臺北市",
    "ditrict":"內湖區",
    "地號":"內湖區東湖段三小段0005-0000號共2筆大型空間類建築",
    "建築物使用類別":"大型空間類建築"
    }
  },
  {
    "type": "Feature",
    "geometry": {
       "type": "Point",
       "coordinates":  [ 121.508974,25.038831 ]
    },
    "properties": {
    "#":410,
    "建築物名稱":"臺北市中正區城中段社會福利綜合大樓新建工程",
    "建築物概要":"地下3層，地上7層鋼筋混凝土構造辦公廳類建築",
    "認可版本":"2012年版EEWH-BC",
    "認可等級":"黃金級",
    "rank":4,
    "有效期間":"2027年8月30日",
    "valid":"1",
    "認可類別":"標示",
    "設計人":"楊瑞禎聯合建築師事務所",
    "行政區":"臺北市",
    "ditrict":"中正區",
    "地號":"中正區城中段三小段35-0地號",
    "建築物使用類別":"辦公廳類建築"
    }
  },
  {
    "type": "Feature",
    "geometry": {
       "type": "Point",
       "coordinates":  [ 121.536846,25.079292 ]
    },
    "properties": {
    "#":412,
    "建築物名稱":"經國七海文化園區",
    "建築物概要":"地下1層，地上3層鋼筋混凝土及鋼骨造大型空間類建築",
    "認可版本":"2015年版EEWH-BC",
    "認可等級":"鑽石級",
    "rank":5,
    "有效期間":"2027年8月22日",
    "valid":"1",
    "認可類別":"標示",
    "設計人":"王德生建築師事務所",
    "行政區":"臺北市",
    "ditrict":"中山區",
    "地號":"中山區北安段四小段0205-0013號共23筆大型空間類建築",
    "建築物使用類別":"大型空間類建築"
    }
  },
  {
    "type": "Feature",
    "geometry": {
       "type": "Point",
       "coordinates":  [ 121.535729,25.008159 ]
    },
    "properties": {
    "#":413,
    "建築物名稱":"國立臺灣師範大學公館校區學生宿舍大樓新建工程",
    "建築物概要":"地下2層，地上18層鋼筋混凝土造住宿及大型空間類建築",
    "認可版本":"2015年版EEWH-RS",
    "認可等級":"銀級",
    "rank":3,
    "有效期間":"2027年8月21日",
    "valid":"1",
    "認可類別":"標示",
    "設計人":"恩典聯合建築師事務所",
    "行政區":"臺北市",
    "ditrict":"文山區",
    "地號":"文山區萬隆段一小段0049-0000號共7筆住宿及大型空間類建築",
    "建築物使用類別":"住宿類建築"
    }
  },
  {
    "type": "Feature",
    "geometry": {
       "type": "Point",
       "coordinates":  [ 121.552941,25.013907 ]
    },
    "properties": {
    "#":414,
    "建築物名稱":"臺北市殯葬管理處第二殯儀館整建工程",
    "建築物概要":"地下2層，地上4層鋼筋混凝土構造大型空間類建築",
    "認可版本":"2009年版",
    "認可等級":"黃金級",
    "rank":4,
    "有效期間":"2027年8月16日",
    "valid":"1",
    "認可類別":"標示",
    "設計人":"楊瑞禎聯合建築師事務所",
    "行政區":"臺北市",
    "ditrict":"大安區",
    "地號":"大安區辛亥段五小段123-1地號等2筆",
    "建築物使用類別":"大型空間類建築"
    }
  },
  {
    "type": "Feature",
    "geometry": {
       "type": "Point",
       "coordinates":  [ 121.516164,25.027939 ]
    },
    "properties": {
    "#":415,
    "建築物名稱":"新光人壽重慶南路集合住宅新建工程",
    "建築物概要":"地下3層，地上21層鋼骨鋼筋混凝土造住宿及大型空間類建築",
    "認可版本":"2015年版EEWH-RS",
    "認可等級":"銀級",
    "rank":3,
    "有效期間":"2027年8月10日",
    "valid":"1",
    "認可類別":"標示",
    "設計人":"黃永沃建築師事務所",
    "行政區":"臺北市",
    "ditrict":"中正區",
    "地號":"中正區南海段三小段0848-0000號共2筆住宿及大型空間類建築",
    "建築物使用類別":"住宿類建築"
    }
  },
  {
    "type": "Feature",
    "geometry": {
       "type": "Point",
       "coordinates":  [ 121.525457,25.042397 ]
    },
    "properties": {
    "#":416,
    "建築物名稱":"國立臺北商業大學四維樓重建工程",
    "建築物概要":"地下3層，地上10層鋼骨鋼筋混凝土造學校類建築",
    "認可版本":"2003年更新版",
    "認可等級":"免評估",
    "rank":0,
    "有效期間":"2027年8月10日",
    "valid":"1",
    "認可類別":"標示",
    "設計人":"朱午潮建築師事務所",
    "行政區":"臺北市",
    "ditrict":"中正區",
    "地號":"中正區成功段二小段99-0地號學校類建築",
    "建築物使用類別":"學校類建築"
    }
  },
  {
    "type": "Feature",
    "geometry": {
       "type": "Point",
       "coordinates":  [ 121.512188,25.062659 ]
    },
    "properties": {
    "#":417,
    "建築物名稱":"大同區延平段一小段48地號等5筆新建工程案",
    "建築物概要":"地下4層，地上15層鋼筋混凝土造辦公廳、住宿及其他類建築",
    "認可版本":"2015年版EEWH-RS",
    "認可等級":"銀級",
    "rank":3,
    "有效期間":"2027年8月9日",
    "valid":"1",
    "認可類別":"標示",
    "設計人":"瓏山林聯合建築師事務所",
    "行政區":"臺北市",
    "ditrict":"大同區",
    "地號":"大同區延平段一小段0048-0000號共5筆辦公廳、住宿及其他類建築",
    "建築物使用類別":"住宿類建築"
    }
  },
  {
    "type": "Feature",
    "geometry": {
       "type": "Point",
       "coordinates":  [ 121.529265,25.123278 ]
    },
    "properties": {
    "#":418,
    "建築物名稱":"合作金庫商業銀行員工訓練中心舊建築改善工程",
    "建築物概要":"地下1層，地上4層鋼筋混凝土造空調型(辦公分區)及住宿類建築",
    "認可版本":"2019年版EEWH-RN",
    "認可等級":"銅級",
    "rank":2,
    "有效期間":"2027年8月3日",
    "valid":"1",
    "認可類別":"標示",
    "設計人":"鄭豐年建築師事務所",
    "行政區":"臺北市",
    "ditrict":"士林區",
    "地號":"台北市士林區天母段四小段488，491，493，494，495-1地號空調型(辦公分區)及住宿類建築",
    "建築物使用類別":"辦公廳類建築"
    }
  },
  {
    "type": "Feature",
    "geometry": {
       "type": "Point",
       "coordinates":  [ 121.507163,25.120157 ]
    },
    "properties": {
    "#":419,
    "建築物名稱":"璞慶建設北投區立農段集合住宅新建工程",
    "建築物概要":"地下3層，地上12層鋼筋混凝土造住宿類建築",
    "認可版本":"2015年版EEWH-RS",
    "認可等級":"銅級",
    "rank":2,
    "有效期間":"2027年7月27日",
    "valid":"1",
    "認可類別":"標示",
    "設計人":"九典聯合建築師事務所",
    "行政區":"臺北市",
    "ditrict":"北投區",
    "地號":"北投區立農段五小段0197-0000號共1筆住宿類建築",
    "建築物使用類別":"住宿類建築"
    }
  },
  {
    "type": "Feature",
    "geometry": {
       "type": "Point",
       "coordinates":  [ 121.510191,25.118082 ]
    },
    "properties": {
    "#":420,
    "建築物名稱":"中租御景",
    "建築物概要":"地下3層，地上13層鋼筋混凝土造住宿類建築",
    "認可版本":"2015年版EEWH-RS",
    "認可等級":"銀級",
    "rank":3,
    "有效期間":"2027年7月19日",
    "valid":"1",
    "認可類別":"標示",
    "設計人":"三大聯合建築師事務所",
    "行政區":"臺北市",
    "ditrict":"北投區",
    "地號":"北投區立農段二小段0348-0000號共1筆住宿類建築",
    "建築物使用類別":"住宿類建築"
    }
  },
  {
    "type": "Feature",
    "geometry": {
       "type": "Point",
       "coordinates":  [ 121.473564,25.139524 ]
    },
    "properties": {
    "#":422,
    "建築物名稱":"國立臺北藝術大學北投區桃源段科技藝術館新建工程",
    "建築物概要":"地下1層，地上5層鋼骨造學校及大型空間類建築",
    "認可版本":"2015年版EEWH-BC",
    "認可等級":"銅級",
    "rank":2,
    "有效期間":"2027年6月30日",
    "valid":"1",
    "認可類別":"標示",
    "設計人":"郭旭原聯合建築師事務所",
    "行政區":"臺北市",
    "ditrict":"北投區",
    "地號":"北投區桃源段三小段0001-0000號共62筆學校及大型空間類建築",
    "建築物使用類別":"學校類建築"
    }
  },
  {
    "type": "Feature",
    "geometry": {
       "type": "Point",
       "coordinates":  [ 121.50567,25.089536 ]
    },
    "properties": {
    "#":425,
    "建築物名稱":"臺北市政府警察局士林分局社子派出所新建工程",
    "建築物概要":"地下3層，地上11層鋼筋混凝土及鋼骨造辦公廳、住宿及大型空間類建築",
    "認可版本":"2015年版EEWH-RS",
    "認可等級":"銀級",
    "rank":3,
    "有效期間":"2027年6月26日",
    "valid":"1",
    "認可類別":"標示",
    "設計人":"楊瑞禎聯合建築師事務所",
    "行政區":"臺北市",
    "ditrict":"士林區",
    "地號":"士林區永平段二小段0467-0000號共2筆辦公廳、住宿及大型空間類建築",
    "建築物使用類別":"住宿類建築"
    }
  },
  {
    "type": "Feature",
    "geometry": {
       "type": "Point",
       "coordinates":  [ 121.515413,25.061927 ]
    },
    "properties": {
    "#":426,
    "建築物名稱":"大業欣建設股份有限公司大同區雙連段集合住宅",
    "建築物概要":"地下4層，地上18層鋼筋混凝土造辦公廳及住宿類建築",
    "認可版本":"2015年版EEWH-RS",
    "認可等級":"黃金級",
    "rank":4,
    "有效期間":"2027年6月21日",
    "valid":"1",
    "認可類別":"標示",
    "設計人":"李岳軍建築師事務所",
    "行政區":"臺北市",
    "ditrict":"大同區",
    "地號":"大同區雙連段二小段0233-0000號共1筆辦公廳及住宿類建築",
    "建築物使用類別":"住宿類建築"
    }
  },
  {
    "type": "Feature",
    "geometry": {
       "type": "Point",
       "coordinates":  [ 121.582085,25.059802 ]
    },
    "properties": {
    "#":427,
    "建築物名稱":"華固馥儷",
    "建築物概要":"地下4層，地上15層鋼筋混凝土造辦公廳及住宿類建築",
    "認可版本":"2015年版EEWH-RS",
    "認可等級":"銀級",
    "rank":3,
    "有效期間":"2027年6月12日",
    "valid":"1",
    "認可類別":"標示",
    "設計人":"陳肇勳建築師事務所",
    "行政區":"臺北市",
    "ditrict":"內湖區",
    "地號":"內湖區潭美段五小段0149-0000號共2筆辦公廳及住宿類建築",
    "建築物使用類別":"住宿類建築"
    }
  },
  {
    "type": "Feature",
    "geometry": {
       "type": "Point",
       "coordinates":  [ 121.617004,25.066868 ]
    },
    "properties": {
    "#":429,
    "建築物名稱":"竹城建設台北市內湖區東湖段七小段110地號集合住宅大樓新建工程",
    "建築物概要":"地下3層，地上12層鋼筋混凝土造住宿類建築",
    "認可版本":"2015年版EEWH-RS",
    "認可等級":"銀級",
    "rank":3,
    "有效期間":"2027年5月31日",
    "valid":"1",
    "認可類別":"標示",
    "設計人":"閤康聯合建築師事務所",
    "行政區":"臺北市",
    "ditrict":"內湖區",
    "地號":"內湖區東湖段七小段0110-0000號 共1筆住宿類建築",
    "建築物使用類別":"住宿類建築"
    }
  },
  {
    "type": "Feature",
    "geometry": {
       "type": "Point",
       "coordinates":  [ 121.512616,25.10381 ]
    },
    "properties": {
    "#":430,
    "建築物名稱":"華固創富中心",
    "建築物概要":"地下4層，地上14層鋼骨造辦公廳類建築",
    "認可版本":"2015年版EEWH-BC",
    "認可等級":"銀級",
    "rank":3,
    "有效期間":"2027年5月22日",
    "valid":"1",
    "認可類別":"標示",
    "設計人":"陳傳宗建築師事務所",
    "行政區":"臺北市",
    "ditrict":"北投區",
    "地號":"北投區軟橋段0053-0000號 共1筆辦公廳類建築",
    "建築物使用類別":"辦公廳類建築"
    }
  },
  {
    "type": "Feature",
    "geometry": {
       "type": "Point",
       "coordinates":  [ 121.519387,25.076168 ]
    },
    "properties": {
    "#":431,
    "建築物名稱":"臺北市立明倫高級中學多功能大樓新建工程",
    "建築物概要":"地下1層，地上5層鋼筋混凝土構造學校、大型空間及其他類建築",
    "認可版本":"2012年版EEWH-BC",
    "認可等級":"銅級",
    "rank":2,
    "有效期間":"2027年5月19日",
    "valid":"1",
    "認可類別":"標示",
    "設計人":"劉木賢建築師事務所",
    "行政區":"臺北市",
    "ditrict":"大同區",
    "地號":"大同區大龍段一小段0054-0000號共4筆學校、大型空間及其他類建築",
    "建築物使用類別":"學校類建築"
    }
  },
  {
    "type": "Feature",
    "geometry": {
       "type": "Point",
       "coordinates":  [ 121.519845,25.025854 ]
    },
    "properties": {
    "#":433,
    "建築物名稱":"台北市中正區河堤段四小段359地號等1筆地號新建工程",
    "建築物概要":"地下3層，地上14層鋼筋混凝土造住宿類建築",
    "認可版本":"2012年版EEWH-RS",
    "認可等級":"銀級",
    "rank":3,
    "有效期間":"2027年5月4日",
    "valid":"1",
    "認可類別":"標示",
    "設計人":"秦國璋建築師事務所",
    "行政區":"臺北市",
    "ditrict":"中正區",
    "地號":"中正區河堤段四小段0359-0000號共1筆住宿類建築",
    "建築物使用類別":"住宿類建築"
    }
  },
  {
    "type": "Feature",
    "geometry": {
       "type": "Point",
       "coordinates":  [ 121.599853,25.061161 ]
    },
    "properties": {
    "#":434,
    "建築物名稱":"台北市內湖潭美段科技辦公大樓新建工程",
    "建築物概要":"地下4層，地上30層鋼骨及鋼骨鋼筋混凝土造辦公廳類建築",
    "認可版本":"2012年版EEWH-BC",
    "認可等級":"黃金級",
    "rank":4,
    "有效期間":"2027年5月2日",
    "valid":"1",
    "認可類別":"標示",
    "設計人":"三門聯合建築師事務所",
    "行政區":"臺北市",
    "ditrict":"內湖區",
    "地號":"內湖區潭美段一小段0405-0000號共5筆辦公廳類建築",
    "建築物使用類別":"辦公廳類建築"
    }
  },
  {
    "type": "Feature",
    "geometry": {
       "type": "Point",
       "coordinates":  [ 121.592747,25.085889 ]
    },
    "properties": {
    "#":435,
    "建築物名稱":"壕華建設股份有限公司內湖區康寧段二小段集合住宅新建工程",
    "建築物概要":"地下3層，地上12層鋼筋混凝土造住宿類建築",
    "認可版本":"2015年版EEWH-RS",
    "認可等級":"銀級",
    "rank":3,
    "有效期間":"2027年4月26日",
    "valid":"1",
    "認可類別":"標示",
    "設計人":"張玉樹建築師事務所",
    "行政區":"臺北市",
    "ditrict":"內湖區",
    "地號":"內湖區康寧段二小段0242-0000號共8筆住宿類建築",
    "建築物使用類別":"住宿類建築"
    }
  },
  {
    "type": "Feature",
    "geometry": {
       "type": "Point",
       "coordinates":  [ 121.468305,25.127492 ]
    },
    "properties": {
    "#":436,
    "建築物名稱":"昇陽建設台北市北投區豐年段集合住宅新建工程",
    "建築物概要":"地下3層，地上18層鋼筋混凝土造住宿類建築",
    "認可版本":"2012年版EEWH-RS",
    "認可等級":"黃金級",
    "rank":4,
    "有效期間":"2027年4月25日",
    "valid":"1",
    "認可類別":"標示",
    "設計人":"周夢龍建築師事務所、簡志聰建築師事務所、柯智明建築師事務所",
    "行政區":"臺北市",
    "ditrict":"北投區",
    "地號":"北投區豐年段四小段0056-0000號共1筆住宿類建築",
    "建築物使用類別":"住宿類建築"
    }
  },
  {
    "type": "Feature",
    "geometry": {
       "type": "Point",
       "coordinates":  [ 121.518372,25.100579 ]
    },
    "properties": {
    "#":437,
    "建築物名稱":"法官學院及臺北高等行政法院辦公廳舍新建工程",
    "建築物概要":"地下2層，地上12層鋼骨鋼筋混凝土及鋼骨構造辦公廳、大型空間及住宿類建築",
    "認可版本":"2005年更新版",
    "認可等級":"合格級",
    "rank":1,
    "有效期間":"2027年4月11日",
    "valid":"1",
    "認可類別":"標示",
    "設計人":"羅興華建築師事務所",
    "行政區":"臺北市",
    "ditrict":"士林區",
    "地號":"士林區蘭雅段三小段713-12地號等4筆",
    "建築物使用類別":"辦公廳類建築"
    }
  },
  {
    "type": "Feature",
    "geometry": {
       "type": "Point",
       "coordinates":  [ 121.521442,25.024597 ]
    },
    "properties": {
    "#":438,
    "建築物名稱":"台北市中正區河堤段四小段276地號等集合住宅新建工程",
    "建築物概要":"地下4層，地上18層鋼筋混凝土及鋼骨鋼筋混凝土造住宿類建築",
    "認可版本":"2015年版EEWH-RS",
    "認可等級":"銀級",
    "rank":3,
    "有效期間":"2027年4月5日",
    "valid":"1",
    "認可類別":"標示",
    "設計人":"台北國際聯合建築師事務所",
    "行政區":"臺北市",
    "ditrict":"中正區",
    "地號":"中正區河堤段四小段0276-0000號共1筆住宿類建築",
    "建築物使用類別":"住宿類建築"
    }
  },
  {
    "type": "Feature",
    "geometry": {
       "type": "Point",
       "coordinates":  [ 121.517591,25.119064 ]
    },
    "properties": {
    "#":439,
    "建築物名稱":"臺北榮民總醫院重粒子癌症治療中心新建工程",
    "建築物概要":"地下1層，地上4層鋼筋混凝土及鋼骨造醫院類建築",
    "認可版本":"2015年版EEWH-BC",
    "認可等級":"銅級",
    "rank":2,
    "有效期間":"2027年3月27日",
    "valid":"1",
    "認可類別":"標示",
    "設計人":"張倫端建築師事務所",
    "行政區":"臺北市",
    "ditrict":"北投區",
    "地號":"北投區振興段二小段0030-0000號共39筆醫院類建築",
    "建築物使用類別":"醫院類建築"
    }
  },
  {
    "type": "Feature",
    "geometry": {
       "type": "Point",
       "coordinates":  [ 121.510241,25.100015 ]
    },
    "properties": {
    "#":440,
    "建築物名稱":"中鼎集團第二總部大樓新建工程",
    "建築物概要":"地下2層，地上12層鋼骨造辦公廳類建築",
    "認可版本":"2015年版EEWH-BC",
    "認可等級":"鑽石級",
    "rank":5,
    "有效期間":"2027年3月21日",
    "valid":"1",
    "認可類別":"標示",
    "設計人":"大矩聯合建築師事務所",
    "行政區":"臺北市",
    "ditrict":"北投區",
    "地號":"北投區新洲美段0033-0000號共1筆辦公廳類建築",
    "建築物使用類別":"辦公廳類建築"
    }
  },
  {
    "type": "Feature",
    "geometry": {
       "type": "Point",
       "coordinates":  [ 121.523813,25.09225 ]
    },
    "properties": {
    "#":442,
    "建築物名稱":"臺北市立士林國民中學風雨操場新建工程",
    "建築物概要":"地上1層鋼骨造大型空間類建築",
    "認可版本":"2015年版EEWH-BC",
    "認可等級":"銅級",
    "rank":2,
    "有效期間":"2027年3月13日",
    "valid":"1",
    "認可類別":"標示",
    "設計人":"典石聯合建築師事務所",
    "行政區":"臺北市",
    "ditrict":"士林區",
    "地號":"士林區光華段二小段0055-0001號共16筆大型空間類建築",
    "建築物使用類別":"大型空間類建築"
    }
  },
  {
    "type": "Feature",
    "geometry": {
       "type": "Point",
       "coordinates":  [ 121.531634,25.044831 ]
    },
    "properties": {
    "#":443,
    "建築物名稱":"台北資訊園區暨停車場興建及營運案",
    "建築物概要":"地下6層，地上12層鋼骨構造百貨商場類建築",
    "認可版本":"2009年版",
    "認可等級":"銅級",
    "rank":2,
    "有效期間":"2027年2月17日",
    "valid":"1",
    "認可類別":"標示",
    "設計人":"三大聯合建築師事務所",
    "行政區":"臺北市",
    "ditrict":"中正區",
    "地號":"中正區成功段一小段14-1地號等15號",
    "建築物使用類別":"百貨商場類建築"
    }
  },
  {
    "type": "Feature",
    "geometry": {
       "type": "Point",
       "coordinates":  [ 121.567569,25.032147 ]
    },
    "properties": {
    "#":447,
    "建築物名稱":"寶豐隆地產信義段五小段13-2地號集合住宅新建工程",
    "建築物概要":"地下3層，地上27層鋼骨造旅館餐飲、住宿及大型空間類建築",
    "認可版本":"2009年版",
    "認可等級":"銀級",
    "rank":3,
    "有效期間":"2026年12月26日",
    "valid":"1",
    "認可類別":"標示",
    "設計人":"陳傳宗建築師事務所",
    "行政區":"臺北市",
    "ditrict":"信義區",
    "地號":"信義區信義段五小段0013-0002號共1筆旅館餐飲、住宿及大型空間類建築",
    "建築物使用類別":"住宿類建築"
    }
  },
  {
    "type": "Feature",
    "geometry": {
       "type": "Point",
       "coordinates":  [ 121.619056,25.042852 ]
    },
    "properties": {
    "#":449,
    "建築物名稱":"臺北市南港區中南段公共住宅新建工程",
    "建築物概要":"地下3層，地上15層鋼筋混凝土造辦公廳、住宿及大型空間類建築",
    "認可版本":"2015年版EEWH-RS",
    "認可等級":"銀級",
    "rank":3,
    "有效期間":"2026年12月20日",
    "valid":"1",
    "認可類別":"標示",
    "設計人":"闕河彬建築師事務所",
    "行政區":"臺北市",
    "ditrict":"南港區",
    "地號":"南港區中南段四小段829-0號共1筆辦公廳、住宿及大型空間類建築",
    "建築物使用類別":"住宿類建築"
    }
  },
  {
    "type": "Feature",
    "geometry": {
       "type": "Point",
       "coordinates":  [ 121.528907,25.112427 ]
    },
    "properties": {
    "#":450,
    "建築物名稱":"螽慶股份有限公司臺北市士林區三玉段三小段328地號都市更新案",
    "建築物概要":"地下3層，地上15層鋼骨鋼筋混凝土造辦公廳及住宿類建築",
    "認可版本":"2012年版EEWH-RS",
    "認可等級":"銀級",
    "rank":3,
    "有效期間":"2026年12月20日",
    "valid":"1",
    "認可類別":"標示",
    "設計人":"劉文岱建築師事務所",
    "行政區":"臺北市",
    "ditrict":"士林區",
    "地號":"士林區三玉段三小段0328-0000號共1筆辦公廳及住宿類建築",
    "建築物使用類別":"住宿類建築"
    }
  },
  {
    "type": "Feature",
    "geometry": {
       "type": "Point",
       "coordinates":  [ 121.523943,25.052538 ]
    },
    "properties": {
    "#":451,
    "建築物名稱":"元大方圓住商大樓新建工程",
    "建築物概要":"地下6層，地上23層鋼骨造辦公廳及住宿類建築",
    "認可版本":"2015年版EEWH-RS",
    "認可等級":"黃金級",
    "rank":4,
    "有效期間":"2026年12月7日",
    "valid":"1",
    "認可類別":"標示",
    "設計人":"薛昭信建築師事務所",
    "行政區":"臺北市",
    "ditrict":"中山區",
    "地號":"中山區中山段三小段0840-0000號共1筆辦公廳及住宿類建築",
    "建築物使用類別":"住宿類建築"
    }
  },
  {
    "type": "Feature",
    "geometry": {
       "type": "Point",
       "coordinates":  [ 121.586807,25.062322 ]
    },
    "properties": {
    "#":452,
    "建築物名稱":"華固智富中心",
    "建築物概要":"地下4層，地上12層鋼骨造辦公廳類建築",
    "認可版本":"2015年版EEWH-BC",
    "認可等級":"銀級",
    "rank":3,
    "有效期間":"2026年12月5日",
    "valid":"1",
    "認可類別":"標示",
    "設計人":"宏景聯合建築師事務所",
    "行政區":"臺北市",
    "ditrict":"內湖區",
    "地號":"內湖區潭美段五小段0052-0000號共1筆辦公廳類建築",
    "建築物使用類別":"辦公廳類建築"
    }
  },
  {
    "type": "Feature",
    "geometry": {
       "type": "Point",
       "coordinates":  [ 121.578827,25.063783 ]
    },
    "properties": {
    "#":454,
    "建築物名稱":"翰林內湖藝術館大樓新建工程",
    "建築物概要":"地下4層，地上7層鋼骨造大型空間類建築",
    "認可版本":"2015年版EEWH-BC",
    "認可等級":"銅級",
    "rank":2,
    "有效期間":"2026年12月2日",
    "valid":"1",
    "認可類別":"標示",
    "設計人":"白肇亮建築師事務所",
    "行政區":"臺北市",
    "ditrict":"內湖區",
    "地號":"內湖區舊宗段0048-0008號共2筆大型空間類建築",
    "建築物使用類別":"大型空間類建築"
    }
  },
  {
    "type": "Feature",
    "geometry": {
       "type": "Point",
       "coordinates":  [ 121.503949,25.126387 ]
    },
    "properties": {
    "#":455,
    "建築物名稱":"北投奇岩長青樂活大樓新建工程",
    "建築物概要":"地下2層，地上7層鋼筋混凝土造醫院、住宿及學校類建築",
    "認可版本":"2015年版EEWH-BC",
    "認可等級":"銅級",
    "rank":2,
    "有效期間":"2026年11月24日",
    "valid":"1",
    "認可類別":"標示",
    "設計人":"蕭力仁建築師事務所",
    "行政區":"臺北市",
    "ditrict":"北投區",
    "地號":"北投區三合段0059-0000號共1筆醫院、住宿及學校類建築",
    "建築物使用類別":"醫院類建築"
    }
  },
  {
    "type": "Feature",
    "geometry": {
       "type": "Point",
       "coordinates":  [ 121.513977,25.061122 ]
    },
    "properties": {
    "#":456,
    "建築物名稱":"臺北市政府警察局刑事警察大隊辦公大樓新建工程",
    "建築物概要":"地下5層，地上17層鋼筋混凝土構造辦公廳類建築",
    "認可版本":"2015年版EEWH-BC",
    "認可等級":"黃金級",
    "rank":4,
    "有效期間":"2026年11月21日",
    "valid":"1",
    "認可類別":"標示",
    "設計人":"臺北市政府工務局新建工程處",
    "行政區":"臺北市",
    "ditrict":"大同區",
    "地號":"大同區雙連段二小段0454-0001號共4筆辦公廳類建築",
    "建築物使用類別":"辦公廳類建築"
    }
  },
  {
    "type": "Feature",
    "geometry": {
       "type": "Point",
       "coordinates":  [ 121.546807,25.151334 ]
    },
    "properties": {
    "#":457,
    "建築物名稱":"臺北市政府消防局陽明山分隊重建工程",
    "建築物概要":"地下2層，地上2層鋼筋混凝土構造辦公廳及住宿類建築",
    "認可版本":"2012年版EEWH-BC",
    "認可等級":"銀級",
    "rank":3,
    "有效期間":"2026年11月18日",
    "valid":"1",
    "認可類別":"標示",
    "設計人":"蕭力仁建築師事務所",
    "行政區":"臺北市",
    "ditrict":"北投區",
    "地號":"臺北市北投區湖山段二小段106-0000地號等1筆辦公廳及住宿類建築",
    "建築物使用類別":"辦公廳類建築"
    }
  },
  {
    "type": "Feature",
    "geometry": {
       "type": "Point",
       "coordinates":  [ 121.51348,25.052071 ]
    },
    "properties": {
    "#":458,
    "建築物名稱":"台北市大同區玉泉段一小段520地號等21筆土地新建工程",
    "建築物概要":"地下4層，地上21層鋼筋混凝土構造辦公廳及住宿類建築",
    "認可版本":"2012年版EEWH-RS",
    "認可等級":"黃金級",
    "rank":4,
    "有效期間":"2026年11月15日",
    "valid":"1",
    "認可類別":"標示",
    "設計人":"鍾美惠建築師事務所",
    "行政區":"臺北市",
    "ditrict":"大同區",
    "地號":"大同區玉泉段一小段0520-0000號共1筆辦公廳及住宿類建築",
    "建築物使用類別":"住宿類建築"
    }
  },
  {
    "type": "Feature",
    "geometry": {
       "type": "Point",
       "coordinates":  [ 121.526941,25.048418 ]
    },
    "properties": {
    "#":459,
    "建築物名稱":"長安東路新建工程",
    "建築物概要":"地下3層，地上10層鋼筋混凝土造住宿類建築",
    "認可版本":"2015年版EEWH-RS",
    "認可等級":"銀級",
    "rank":3,
    "有效期間":"2026年11月11日",
    "valid":"1",
    "認可類別":"標示",
    "設計人":"久太聯合建築師事務所",
    "行政區":"臺北市",
    "ditrict":"中山區",
    "地號":"中山區正義段一小段0293-0000號共1筆住宿類建築",
    "建築物使用類別":"住宿類建築"
    }
  },
  {
    "type": "Feature",
    "geometry": {
       "type": "Point",
       "coordinates":  [ 121.580615,25.081771 ]
    },
    "properties": {
    "#":460,
    "建築物名稱":"台北市內湖區碧湖段三小段312-3地號集合住宅新建工程",
    "建築物概要":"地下2層，地上7層鋼筋混凝土造住宿類建築",
    "認可版本":"2015年版EEWH-RS",
    "認可等級":"合格級",
    "rank":1,
    "有效期間":"2026年11月9日",
    "valid":"1",
    "認可類別":"標示",
    "設計人":"陳聰亨建築師事務所",
    "行政區":"臺北市",
    "ditrict":"內湖區",
    "地號":"內湖區碧湖段三小段0312-0003號共1筆住宿類建築",
    "建築物使用類別":"住宿類建築"
    }
  },
  {
    "type": "Feature",
    "geometry": {
       "type": "Point",
       "coordinates":  [ 121.54181,25.013348 ]
    },
    "properties": {
    "#":462,
    "建築物名稱":"國立臺灣科技大學第一學生宿舍拆除重建工程",
    "建築物概要":"地下2層，地上14層鋼筋混凝土造學校及住宿類建築",
    "認可版本":"2015年版EEWH-RS",
    "認可等級":"鑽石級",
    "rank":5,
    "有效期間":"2026年10月6日",
    "valid":"1",
    "認可類別":"標示",
    "設計人":"九典聯合建築師事務所",
    "行政區":"臺北市",
    "ditrict":"大安區",
    "地號":"大安區辛亥段五小段0219-0000號共1筆學校及住宿類建築",
    "建築物使用類別":"住宿類建築"
    }
  },
  {
    "type": "Feature",
    "geometry": {
       "type": "Point",
       "coordinates":  [ 121.614682,25.061 ]
    },
    "properties": {
    "#":464,
    "建築物名稱":"臺北市警察局南港分局南港派出所新建工程",
    "建築物概要":"地下3層，地上14層鋼骨造辦公廳類建築",
    "認可版本":"2015年版EEWH-BC",
    "認可等級":"黃金級",
    "rank":4,
    "有效期間":"2026年9月26日",
    "valid":"1",
    "認可類別":"標示",
    "設計人":"廖晏瑋建築師事務所",
    "行政區":"臺北市",
    "ditrict":"南港區",
    "地號":"南港區經貿段0031-0000號共1筆辦公廳類建築",
    "建築物使用類別":"辦公廳類建築"
    }
  },
  {
    "type": "Feature",
    "geometry": {
       "type": "Point",
       "coordinates":  [ 121.58662,25.041351 ]
    },
    "properties": {
    "#":465,
    "建築物名稱":"臺北市信義區福德一小段625地號等1筆土地新建工程",
    "建築物概要":"地下4層，地上20層鋼骨鋼筋混凝土造住宿類建築",
    "認可版本":"2012年版EEWH-RS",
    "認可等級":"銀級",
    "rank":3,
    "有效期間":"2026年9月16日",
    "valid":"1",
    "認可類別":"標示",
    "設計人":"郭秋利建築師事務所",
    "行政區":"臺北市",
    "ditrict":"信義區",
    "地號":"信義區福德段一小段0625-0000號共3筆住宿類建築",
    "建築物使用類別":"住宿類建築"
    }
  },
  {
    "type": "Feature",
    "geometry": {
       "type": "Point",
       "coordinates":  [ 121.542678,25.053191 ]
    },
    "properties": {
    "#":466,
    "建築物名稱":"富邦人壽長春段一小段新建工程",
    "建築物概要":"地下6層，地上20層鋼骨及鋼筋混凝土造辦公廳、百貨商場、旅館餐飲及大型空間類建築",
    "認可版本":"2015年版EEWH-BC",
    "認可等級":"黃金級",
    "rank":4,
    "有效期間":"2026年9月9日",
    "valid":"1",
    "認可類別":"標示",
    "設計人":"大矩聯合建築師事務所",
    "行政區":"臺北市",
    "ditrict":"中山區",
    "地號":"中山區長春段一小段0782-0000號共6筆辦公廳、百貨商場、旅館餐飲及大型空間類建築",
    "建築物使用類別":"辦公廳類建築"
    }
  },
  {
    "type": "Feature",
    "geometry": {
       "type": "Point",
       "coordinates":  [ 121.584113,25.076392 ]
    },
    "properties": {
    "#":467,
    "建築物名稱":"內湖區文德段二小段153地號集合住宅",
    "建築物概要":"地下3層，地上25層鋼骨造住宿類建築",
    "認可版本":"2015年版EEWH-RS",
    "認可等級":"黃金級",
    "rank":4,
    "有效期間":"2026年9月2日",
    "valid":"1",
    "認可類別":"標示",
    "設計人":"陳肇勳建築師事務所",
    "行政區":"臺北市",
    "ditrict":"內湖區",
    "地號":"內湖區文德段二小段0153-0000號 共1筆住宿類建築",
    "建築物使用類別":"住宿類建築"
    }
  },
  {
    "type": "Feature",
    "geometry": {
       "type": "Point",
       "coordinates":  [ 121.512364,25.066601 ]
    },
    "properties": {
    "#":469,
    "建築物名稱":"臺北市大同區延平國民小學校舍整體改建工程",
    "建築物概要":"地下2層，地上4層鋼筋混凝土及鋼骨鋼筋混凝土造學校及大型空間類建築",
    "認可版本":"2015年版EEWH-BC",
    "認可等級":"銅級",
    "rank":2,
    "有效期間":"2026年8月4日",
    "valid":"1",
    "認可類別":"標示",
    "設計人":"楊天柱建築師事務所",
    "行政區":"臺北市",
    "ditrict":"大同區",
    "地號":"大同區橋北段二小段0061-0000號共1筆學校及大型空間類建築",
    "建築物使用類別":"學校類建築"
    }
  },
  {
    "type": "Feature",
    "geometry": {
       "type": "Point",
       "coordinates":  [ 121.513381,25.065296 ]
    },
    "properties": {
    "#":470,
    "建築物名稱":"忠泰建設大同區橋北段二小段358等11筆地號十四層集合住宅新建工程",
    "建築物概要":"地下4層，地上14層鋼筋混凝土造辦公廳及住宿類建築",
    "認可版本":"2015年版EEWH-RS",
    "認可等級":"銀級",
    "rank":3,
    "有效期間":"2026年8月2日",
    "valid":"1",
    "認可類別":"標示",
    "設計人":"陳浩怡建築師事務所",
    "行政區":"臺北市",
    "ditrict":"大同區",
    "地號":"大同區橋北段二小段0358-0000號共1筆辦公廳及住宿類建築",
    "建築物使用類別":"住宿類建築"
    }
  },
  {
    "type": "Feature",
    "geometry": {
       "type": "Point",
       "coordinates":  [ 121.540069,25.051627 ]
    },
    "properties": {
    "#":471,
    "建築物名稱":"南京御邸新建工程",
    "建築物概要":"地下4層，地上20層鋼骨造住宿類建築",
    "認可版本":"2015年版EEWH-RS",
    "認可等級":"合格級",
    "rank":1,
    "有效期間":"2026年8月2日",
    "valid":"1",
    "認可類別":"標示",
    "設計人":"張維哲建築師事務所",
    "行政區":"臺北市",
    "ditrict":"中山區",
    "地號":"中山區長安段一小段0607-0000地號共1筆住宿類建築",
    "建築物使用類別":"住宿類建築"
    }
  },
  {
    "type": "Feature",
    "geometry": {
       "type": "Point",
       "coordinates":  [ 121.582705,25.059247 ]
    },
    "properties": {
    "#":472,
    "建築物名稱":"遠雄建設常御(H138)住宅大樓",
    "建築物概要":"地下3層，地上11層鋼筋混凝土造住宿類建築",
    "認可版本":"2015年版EEWH-RS",
    "認可等級":"合格級",
    "rank":1,
    "有效期間":"2026年7月4日",
    "valid":"1",
    "認可類別":"標示",
    "設計人":"黃永沃建築師事務所",
    "行政區":"臺北市",
    "ditrict":"內湖區",
    "地號":"內湖區潭美段五小段0156-0000號共1筆住宿類建築",
    "建築物使用類別":"住宿類建築"
    }
  },
  {
    "type": "Feature",
    "geometry": {
       "type": "Point",
       "coordinates":  [ 121.579134,25.073235 ]
    },
    "properties": {
    "#":474,
    "建築物名稱":"臺北市內湖區瑞光公共住宅統包工程",
    "建築物概要":"地下4層，地上14層鋼筋混凝土造百貨商場、住宿及學校類建築",
    "認可版本":"2015年版EEWH-RS",
    "認可等級":"銀級",
    "rank":3,
    "有效期間":"2026年6月10日",
    "valid":"1",
    "認可類別":"標示",
    "設計人":"蕭力仁建築師事務所",
    "行政區":"臺北市",
    "ditrict":"內湖區",
    "地號":"內湖區文德段五小段0155-0000號共1筆百貨商場、住宿及學校類建築",
    "建築物使用類別":"住宿類建築"
    }
  },
  {
    "type": "Feature",
    "geometry": {
       "type": "Point",
       "coordinates":  [ 121.575622,25.077872 ]
    },
    "properties": {
    "#":475,
    "建築物名稱":"宏匯瑞光內湖區西湖段產業支援設施大樓新建工程",
    "建築物概要":"地下3層，地上17層鋼筋混凝土造辦公廳、旅館餐飲、醫院、學校及大型空間類建築",
    "認可版本":"2015年版EEWH-BC",
    "認可等級":"鑽石級",
    "rank":5,
    "有效期間":"2026年6月1日",
    "valid":"1",
    "認可類別":"標示",
    "設計人":"李祖原聯合建築師事務所",
    "行政區":"臺北市",
    "ditrict":"內湖區",
    "地號":"內湖區西湖段四小段0002-0000號共5筆辦公廳、旅館餐飲、醫院、學校及大型空間類建築",
    "建築物使用類別":"辦公廳類建築"
    }
  },
  {
    "type": "Feature",
    "geometry": {
       "type": "Point",
       "coordinates":  [ 121.513801,25.036311 ]
    },
    "properties": {
    "#":476,
    "建築物名稱":"臺北市立大學圖書館改建工程",
    "建築物概要":"地下3層，地上6層鋼筋混凝土造大型空間類建築",
    "認可版本":"2015年版EEWH-BC",
    "認可等級":"銀級",
    "rank":3,
    "有效期間":"2026年5月5日",
    "valid":"1",
    "認可類別":"標示",
    "設計人":"王正源建築師事務所",
    "行政區":"臺北市",
    "ditrict":"中正區",
    "地號":"中正區公園段三小段313-0地號大型空間類建築",
    "建築物使用類別":"大型空間類建築"
    }
  },
  {
    "type": "Feature",
    "geometry": {
       "type": "Point",
       "coordinates":  [ 121.577193,25.041347 ]
    },
    "properties": {
    "#":477,
    "建築物名稱":"森業營造臺北市信義區永吉段四小段2筆地號新建工程",
    "建築物概要":"地下6層，地上21層鋼骨造辦公廳、住宿及大型空間類建築",
    "認可版本":"2009年版",
    "認可等級":"銀級",
    "rank":3,
    "有效期間":"2026年4月29日",
    "valid":"0",
    "認可類別":"標示",
    "設計人":"梁正芳建築師事務所",
    "行政區":"臺北市",
    "ditrict":"信義區",
    "地號":"信義區永吉段四小段0044-0000號共2筆辦公廳、住宿及大型空間類建築",
    "建築物使用類別":"住宿類建築"
    }
  },
  {
    "type": "Feature",
    "geometry": {
       "type": "Point",
       "coordinates":  [ 121.511413,25.053033 ]
    },
    "properties": {
    "#":478,
    "建築物名稱":"臺北市大同區玉泉段二十四層住宅新建工程",
    "建築物概要":"地下5層，地上24層鋼骨鋼筋混凝土構造辦公廳及住宿類建築",
    "認可版本":"2009年版",
    "認可等級":"黃金級",
    "rank":4,
    "有效期間":"2026年4月27日",
    "valid":"0",
    "認可類別":"標示",
    "設計人":"楊弘志建築師事務所 鄭凱文建築師事務所",
    "行政區":"臺北市",
    "ditrict":"大同區",
    "地號":"大同區玉泉段二小段0091-0000地號等1筆辦公廳及住宿類建築",
    "建築物使用類別":"住宿類建築"
    }
  },
  {
    "type": "Feature",
    "geometry": {
       "type": "Point",
       "coordinates":  [ 121.502727,25.026949 ]
    },
    "properties": {
    "#":479,
    "建築物名稱":"臺北市萬華區新和國民小學校舍整體改建工程(北基地)",
    "建築物概要":"地下1層，地上3層鋼筋混凝土及鋼骨造學校及大型空間類建築",
    "認可版本":"2015年版EEWH-BC",
    "認可等級":"黃金級",
    "rank":4,
    "有效期間":"2026年4月26日",
    "valid":"0",
    "認可類別":"標示",
    "設計人":"邱永章建築師事務所",
    "行政區":"臺北市",
    "ditrict":"萬華區",
    "地號":"萬華區青年段一小段0151-0006號共5筆學校及大型空間類建築",
    "建築物使用類別":"學校類建築"
    }
  },
  {
    "type": "Feature",
    "geometry": {
       "type": "Point",
       "coordinates":  [ 121.549476,25.053223 ]
    },
    "properties": {
    "#":481,
    "建築物名稱":"中國人壽保險股份有限公司台北學苑地上權新建工程",
    "建築物概要":"地下5層，地上18層鋼骨造辦公廳、旅館餐飲及其他類建築",
    "認可版本":"2015年版EEWH-BC",
    "認可等級":"黃金級",
    "rank":4,
    "有效期間":"2026年4月15日",
    "valid":"0",
    "認可類別":"標示",
    "設計人":"朱午潮建築師事務所",
    "行政區":"臺北市",
    "ditrict":"松山區",
    "地號":"松山區美仁段一小段761-0地號等14筆辦公廳、旅館餐飲及其他類建築",
    "建築物使用類別":"辦公廳類建築"
    }
  },
  {
    "type": "Feature",
    "geometry": {
       "type": "Point",
       "coordinates":  [ 121.531241,25.052367 ]
    },
    "properties": {
    "#":482,
    "建築物名稱":"元大人壽中山區吉林段辦公大樓新建工程",
    "建築物概要":"地下4層，地上14層鋼骨造辦公廳類建築",
    "認可版本":"2015年版EEWH-BC",
    "認可等級":"銀級",
    "rank":3,
    "有效期間":"2026年4月13日",
    "valid":"0",
    "認可類別":"標示",
    "設計人":"呂建勳建築師事務所",
    "行政區":"臺北市",
    "ditrict":"中山區",
    "地號":"中山區吉林段二小段0769-0000號共2筆辦公廳類建築",
    "建築物使用類別":"辦公廳類建築"
    }
  },
  {
    "type": "Feature",
    "geometry": {
       "type": "Point",
       "coordinates":  [ 121.611853,25.047987 ]
    },
    "properties": {
    "#":483,
    "建築物名稱":"國家生技研究園區興建工程",
    "建築物概要":"地下2層，地上8層鋼筋混凝土構造辦公廳、大型空間及其他類建築",
    "認可版本":"2015年版EEWH-BC",
    "認可等級":"黃金級",
    "rank":4,
    "有效期間":"2026年4月11日",
    "valid":"0",
    "認可類別":"標示",
    "設計人":"劉培森建築師事務所",
    "行政區":"臺北市",
    "ditrict":"南港區",
    "地號":"南港區中南段二小段302-1地號等63筆辦公廳、大型空間及其他類建築",
    "建築物使用類別":"辦公廳類建築"
    }
  },
  {
    "type": "Feature",
    "geometry": {
       "type": "Point",
       "coordinates":  [ 121.497216,25.03045 ]
    },
    "properties": {
    "#":485,
    "建築物名稱":"臺北市萬華區莒光段三小段集合住宅新建工程",
    "建築物概要":"地下2層，地上12層鋼筋混凝土造住宿類建築",
    "認可版本":"2015年版EEWH-RS",
    "認可等級":"銀級",
    "rank":3,
    "有效期間":"2026年3月24日",
    "valid":"0",
    "認可類別":"標示",
    "設計人":"章聖雄建築師事務所",
    "行政區":"臺北市",
    "ditrict":"萬華區",
    "地號":"萬華區莒光段三小段0466-0000號共1筆住宿類建築",
    "建築物使用類別":"住宿類建築"
    }
  },
  {
    "type": "Feature",
    "geometry": {
       "type": "Point",
       "coordinates":  [ 121.537155,25.02211 ]
    },
    "properties": {
    "#":486,
    "建築物名稱":"國立臺灣大學宇宙學中心",
    "建築物概要":"地下2層，地上8層鋼筋混凝土及鋼骨構造學校類建築",
    "認可版本":"2015年版EEWH-BC",
    "認可等級":"銅級",
    "rank":2,
    "有效期間":"2026年3月23日",
    "valid":"0",
    "認可類別":"標示",
    "設計人":"宋苾璇建築師事務所",
    "行政區":"臺北市",
    "ditrict":"大安區",
    "地號":"大安區學府段四小段216-0地號等25筆學校類建築",
    "建築物使用類別":"學校類建築"
    }
  },
  {
    "type": "Feature",
    "geometry": {
       "type": "Point",
       "coordinates":  [ 121.550725,25.05962 ]
    },
    "properties": {
    "#":487,
    "建築物名稱":"玉山銀行第二總部大樓A棟",
    "建築物概要":"地下3層，地上17層鋼骨造辦公廳、大型空間及其他類建築",
    "認可版本":"2015年版EEWH-BC",
    "認可等級":"黃金級",
    "rank":4,
    "有效期間":"2026年3月22日",
    "valid":"0",
    "認可類別":"標示",
    "設計人":"上圓聯合建築師事務所",
    "行政區":"臺北市",
    "ditrict":"松山區",
    "地號":"松山區民生段0134-0006號共3筆辦公廳、大型空間及其他類建築",
    "建築物使用類別":"辦公廳類建築"
    }
  },
  {
    "type": "Feature",
    "geometry": {
       "type": "Point",
       "coordinates":  [ 121.625348,25.033943 ]
    },
    "properties": {
    "#":488,
    "建築物名稱":"臺北市政府環境保護局山豬窟游泳池",
    "建築物概要":"地上2層鋼筋混凝土構造其他類建築",
    "認可版本":"2003年更新版",
    "認可等級":"免評估",
    "rank":0,
    "有效期間":"2026年3月16日",
    "valid":"0",
    "認可類別":"標示",
    "設計人":"劉錦鐘建築師事務所",
    "行政區":"臺北市",
    "ditrict":"南港區",
    "地號":"南港區大豐段三小段188-4地號等465筆",
    "建築物使用類別":"其他類建築"
    }
  },
  {
    "type": "Feature",
    "geometry": {
       "type": "Point",
       "coordinates":  [ 121.557288,24.998285 ]
    },
    "properties": {
    "#":489,
    "建築物名稱":"鵲喜",
    "建築物概要":"地下3層，地上10層鋼筋混凝土造住宿類建築",
    "認可版本":"2012年版EEWH-RS",
    "認可等級":"黃金級",
    "rank":4,
    "有效期間":"2026年3月15日",
    "valid":"0",
    "認可類別":"標示",
    "設計人":"金以容建築師事務所",
    "行政區":"臺北市",
    "ditrict":"文山區",
    "地號":"文山區興安段一小段0084-0000號共1筆住宿類建築",
    "建築物使用類別":"住宿類建築"
    }
  },
  {
    "type": "Feature",
    "geometry": {
       "type": "Point",
       "coordinates":  [ 121.548211,25.044497 ]
    },
    "properties": {
    "#":490,
    "建築物名稱":"中興電工大安區復興一小段都市更新集合住宅新建工程",
    "建築物概要":"地下6層，地上23層鋼骨鋼筋混凝土造辦公廳及住宿類建築",
    "認可版本":"2012年版EEWH-RS",
    "認可等級":"黃金級",
    "rank":4,
    "有效期間":"2026年3月11日",
    "valid":"0",
    "認可類別":"標示",
    "設計人":"玫格聯合建築師事務所",
    "行政區":"臺北市",
    "ditrict":"大安區",
    "地號":"大安區復興段一小段0003-0000號共2筆辦公廳及住宿類建築",
    "建築物使用類別":"住宿類建築"
    }
  },
  {
    "type": "Feature",
    "geometry": {
       "type": "Point",
       "coordinates":  [ 121.520126,25.089287 ]
    },
    "properties": {
    "#":491,
    "建築物名稱":"新光人壽台北士林區百齡段拾柒層旅館新建工程",
    "建築物概要":"地下5層，地上17層鋼骨鋼筋混凝土構造旅館餐飲及大型空間類建築",
    "認可版本":"2012年版EEWH-BC",
    "認可等級":"黃金級",
    "rank":4,
    "有效期間":"2026年3月1日",
    "valid":"0",
    "認可類別":"標示",
    "設計人":"許義明建築師事務所",
    "行政區":"臺北市",
    "ditrict":"士林區",
    "地號":"士林區百齡段一小段0024-0000號共10筆旅館餐飲及大型空間類建築",
    "建築物使用類別":"旅館餐飲類建築"
    }
  },
  {
    "type": "Feature",
    "geometry": {
       "type": "Point",
       "coordinates":  [ 121.537155,25.02211 ]
    },
    "properties": {
    "#":492,
    "建築物名稱":"國立臺灣大學教學大樓停車設置新建工程(機車及自行車停車場)",
    "建築物概要":"地下1層，地上3層鋼筋混凝土構造學校及其他類建築",
    "認可版本":"2015年版EEWH-BC",
    "認可等級":"銅級",
    "rank":2,
    "有效期間":"2026年2月25日",
    "valid":"0",
    "認可類別":"標示",
    "設計人":"蘇建榮建築師事務所",
    "行政區":"臺北市",
    "ditrict":"大安區",
    "地號":"大安區學府段四小段0216-0000地號共25筆學校及其他類建築",
    "建築物使用類別":"學校類建築"
    }
  },
  {
    "type": "Feature",
    "geometry": {
       "type": "Point",
       "coordinates":  [ 121.51471,25.030434 ]
    },
    "properties": {
    "#":493,
    "建築物名稱":"四方開發中正區南海段集合住宅新建工程",
    "建築物概要":"地下3層，地上14層鋼骨鋼筋混凝土造住宿類建築",
    "認可版本":"2015年版EEWH-RS",
    "認可等級":"黃金級",
    "rank":4,
    "有效期間":"2026年2月19日",
    "valid":"0",
    "認可類別":"標示",
    "設計人":"三門聯合建築師事務所",
    "行政區":"臺北市",
    "ditrict":"中正區",
    "地號":"中正區南海段五小段0079-0000號共2筆住宿類建築",
    "建築物使用類別":"住宿類建築"
    }
  },
  {
    "type": "Feature",
    "geometry": {
       "type": "Point",
       "coordinates":  [ 121.531126,25.047787 ]
    },
    "properties": {
    "#":494,
    "建築物名稱":"創達長安段集合住宅新建工程",
    "建築物概要":"地下3層，地上12層鋼筋混凝土構造住宿類建築",
    "認可版本":"2012年版EEWH-RS",
    "認可等級":"銀級",
    "rank":3,
    "有效期間":"2026年2月19日",
    "valid":"0",
    "認可類別":"標示",
    "設計人":"呂建勳建築師事務所",
    "行政區":"臺北市",
    "ditrict":"中山區",
    "地號":"中山區長安段四小段503-0地號等2筆住宿類建築",
    "建築物使用類別":"住宿類建築"
    }
  },
  {
    "type": "Feature",
    "geometry": {
       "type": "Point",
       "coordinates":  [ 121.5203,25.073446 ]
    },
    "properties": {
    "#":495,
    "建築物名稱":"臺北市大同區明倫公共住宅統包工程",
    "建築物概要":"地下2層，地上11層鋼筋混凝土造辦公廳、住宿、學校及大型空間類建築",
    "認可版本":"2015年版EEWH-RS",
    "認可等級":"銀級",
    "rank":3,
    "有效期間":"2026年2月8日",
    "valid":"0",
    "認可類別":"標示",
    "設計人":"戴嘉惠建築師事務所",
    "行政區":"臺北市",
    "ditrict":"大同區",
    "地號":"大同區大龍段一小段0259-0005號共8筆辦公廳、住宿、學校及大型空間類建築",
    "建築物使用類別":"住宿類建築"
    }
  },
  {
    "type": "Feature",
    "geometry": {
       "type": "Point",
       "coordinates":  [ 121.524152,25.056881 ]
    },
    "properties": {
    "#":496,
    "建築物名稱":"璞永建設中山區中山段三小段325地號集合住宅新建工程",
    "建築物概要":"地下3層，地上12層鋼筋混凝土造辦公廳及住宿類建築",
    "認可版本":"2012年版EEWH-RS",
    "認可等級":"黃金級",
    "rank":4,
    "有效期間":"2026年2月7日",
    "valid":"0",
    "認可類別":"標示",
    "設計人":"郭旭原建築師事務所",
    "行政區":"臺北市",
    "ditrict":"中山區",
    "地號":"中山區中山段三小段0325-0000號共1筆辦公廳及住宿類建築",
    "建築物使用類別":"住宿類建築"
    }
  },
  {
    "type": "Feature",
    "geometry": {
       "type": "Point",
       "coordinates":  [ 121.517591,25.119064 ]
    },
    "properties": {
    "#":497,
    "建築物名稱":"臺北榮民總醫院新建醫療大樓暨三號門地下停車場統包工程",
    "建築物概要":"地下3層，地上1層鋼筋混凝土造其他類建築",
    "認可版本":"2015年版EEWH-BC",
    "認可等級":"銅級",
    "rank":2,
    "有效期間":"2026年1月28日",
    "valid":"0",
    "認可類別":"標示",
    "設計人":"洪清安建築師事務所",
    "行政區":"臺北市",
    "ditrict":"北投區",
    "地號":"北投區振興段二小段0030-0000號共39筆其他類建築",
    "建築物使用類別":"其他類建築"
    }
  },
  {
    "type": "Feature",
    "geometry": {
       "type": "Point",
       "coordinates":  [ 121.550234,25.058762 ]
    },
    "properties": {
    "#":498,
    "建築物名稱":"玉山銀行第二總部大樓B棟",
    "建築物概要":"地下3層，地上11層鋼骨造辦公廳類建築",
    "認可版本":"2015年版EEWH-BC",
    "認可等級":"黃金級",
    "rank":4,
    "有效期間":"2026年1月27日",
    "valid":"0",
    "認可類別":"標示",
    "設計人":"上圓聯合建築師事務所",
    "行政區":"臺北市",
    "ditrict":"松山區",
    "地號":"松山區民生段0140-0001號 共2筆辦公廳類建築",
    "建築物使用類別":"辦公廳類建築"
    }
  },
  {
    "type": "Feature",
    "geometry": {
       "type": "Point",
       "coordinates":  [ 121.529252,25.027353 ]
    },
    "properties": {
    "#":499,
    "建築物名稱":"國立臺灣師範大學多功能活動中心大樓新建工程",
    "建築物概要":"地下2層，地上8層鋼骨構造學校類建築",
    "認可版本":"2012年版EEWH-BC",
    "認可等級":"銅級",
    "rank":2,
    "有效期間":"2026年1月18日",
    "valid":"0",
    "認可類別":"標示",
    "設計人":"陳聖中建築師事務所",
    "行政區":"臺北市",
    "ditrict":"大安區",
    "地號":"大安區金華段二小段674-0地號等2筆學校類建築",
    "建築物使用類別":"學校類建築"
    }
  },
  {
    "type": "Feature",
    "geometry": {
       "type": "Point",
       "coordinates":  [ 121.557876,24.998436 ]
    },
    "properties": {
    "#":501,
    "建築物名稱":"暐傑建設文山區萬芳興隆集合住宅新建工程",
    "建築物概要":"地下4層，地上14層鋼筋混凝土造住宿類建築",
    "認可版本":"2012年版EEWH-RS",
    "認可等級":"銀級",
    "rank":3,
    "有效期間":"2026年1月13日",
    "valid":"0",
    "認可類別":"標示",
    "設計人":"朱文熙建築師事務所",
    "行政區":"臺北市",
    "ditrict":"文山區",
    "地號":"文山區興安段一小段0025-0000號共1筆住宿類建築",
    "建築物使用類別":"住宿類建築"
    }
  },
  {
    "type": "Feature",
    "geometry": {
       "type": "Point",
       "coordinates":  [ 121.608936,25.053595 ]
    },
    "properties": {
    "#":504,
    "建築物名稱":"潤泰旭展股份有限公司南港車站BOT新建工程",
    "建築物概要":"B1、B2棟地上5至30層、C2棟地上1至12層鋼骨及鋼筋混凝土構造旅館餐飲類建築",
    "認可版本":"2009年版",
    "認可等級":"黃金級",
    "rank":4,
    "有效期間":"2025年12月30日",
    "valid":"0",
    "認可類別":"標示",
    "設計人":"李安憲建築師事務所",
    "行政區":"臺北市",
    "ditrict":"南港區",
    "地號":"南港區南港段二小段585-5地號等86筆",
    "建築物使用類別":"旅館餐飲類建築"
    }
  },
  {
    "type": "Feature",
    "geometry": {
       "type": "Point",
       "coordinates":  [ 121.56795,25.037003 ]
    },
    "properties": {
    "#":505,
    "建築物名稱":"遠百信義A13新建工程",
    "建築物概要":"地下5層，地上14層鋼骨造百貨商場、旅館餐飲及大型空間類建築",
    "認可版本":"2015年版EEWH-BC",
    "認可等級":"合格級",
    "rank":1,
    "有效期間":"2025年12月29日",
    "valid":"0",
    "認可類別":"標示",
    "設計人":"朱午潮建築師事務所",
    "行政區":"臺北市",
    "ditrict":"信義區",
    "地號":"信義區信義段四小段15-0地號等2筆百貨商場、旅館餐飲及大型空間類建築",
    "建築物使用類別":"百貨商場類建築"
    }
  },
  {
    "type": "Feature",
    "geometry": {
       "type": "Point",
       "coordinates":  [ 121.580823,25.062635 ]
    },
    "properties": {
    "#":506,
    "建築物名稱":"內湖舊宗段辦公大樓新建工程",
    "建築物概要":"地下4層，地上8層鋼骨及鋼筋混凝土造辦公廳類建築",
    "認可版本":"2015年版EEWH-BC",
    "認可等級":"銀級",
    "rank":3,
    "有效期間":"2025年12月29日",
    "valid":"0",
    "認可類別":"標示",
    "設計人":"三大聯合建築師事務所",
    "行政區":"臺北市",
    "ditrict":"內湖區",
    "地號":"內湖區舊宗段44-10地號辦公廳類建築",
    "建築物使用類別":"辦公廳類建築"
    }
  },
  {
    "type": "Feature",
    "geometry": {
       "type": "Point",
       "coordinates":  [ 121.621881,25.056658 ]
    },
    "properties": {
    "#":507,
    "建築物名稱":"經濟部台北世界貿易中心南港展覽館",
    "建築物概要":"地下2層，地上7層鋼骨及鋼骨鋼筋混凝土構造其他類建築",
    "認可版本":"2003年更新版",
    "認可等級":"免評估",
    "rank":0,
    "有效期間":"2025年12月28日",
    "valid":"0",
    "認可類別":"標示",
    "設計人":"連宏基建築師事務所",
    "行政區":"臺北市",
    "ditrict":"南港區",
    "地號":"台北市南港區經貿段3小段12-1,12-2,12-3等3筆地號土地",
    "建築物使用類別":"其他類建築"
    }
  },
  {
    "type": "Feature",
    "geometry": {
       "type": "Point",
       "coordinates":  [ 121.553654,25.080587 ]
    },
    "properties": {
    "#":511,
    "建築物名稱":"美福企業股份有限公司台北市大直美福國際觀光旅館暨辦公大樓新建工程",
    "建築物概要":"地下5層，地上25層鋼骨鋼筋混凝土構造旅館餐飲類建築",
    "認可版本":"2009年版",
    "認可等級":"銅級",
    "rank":2,
    "有效期間":"2025年12月8日",
    "valid":"0",
    "認可類別":"標示",
    "設計人":"三門聯合建築師事務所",
    "行政區":"臺北市",
    "ditrict":"中山區",
    "地號":"中山區金泰段98-0地號",
    "建築物使用類別":"旅館餐飲類建築"
    }
  },
  {
    "type": "Feature",
    "geometry": {
       "type": "Point",
       "coordinates":  [ 121.520121,25.042266 ]
    },
    "properties": {
    "#":512,
    "建築物名稱":"中央聯合辦公大樓(南棟)",
    "建築物概要":"地下2層，地上20層鋼骨混凝土造學校類建築",
    "認可版本":"2015年版EEWH-RN",
    "認可等級":"銅級",
    "rank":2,
    "有效期間":"2025年12月8日",
    "valid":"0",
    "認可類別":"標示",
    "設計人":"品富工程顧問有限公司",
    "行政區":"臺北市",
    "ditrict":"中正區",
    "地號":"中正區成功段三小段 0101-0002地號學校類建築",
    "建築物使用類別":"辦公廳類建築"
    }
  },
  {
    "type": "Feature",
    "geometry": {
       "type": "Point",
       "coordinates":  [ 121.566425,24.988987 ]
    },
    "properties": {
    "#":516,
    "建築物名稱":"臺北市文山區木柵段公共住宅新建工程",
    "建築物概要":"地下4層，地上15層鋼筋混凝土造辦公廳及住宿類建築",
    "認可版本":"2015年版EEWH-RS",
    "認可等級":"銀級",
    "rank":3,
    "有效期間":"2025年11月17日",
    "valid":"0",
    "認可類別":"標示",
    "設計人":"張昌明建築師事務所",
    "行政區":"臺北市",
    "ditrict":"文山區",
    "地號":"文山區木柵段一小段0533-0000號共3筆辦公廳及住宿類建築",
    "建築物使用類別":"住宿類建築"
    }
  },
  {
    "type": "Feature",
    "geometry": {
       "type": "Point",
       "coordinates":  [ 121.534928,25.041698 ]
    },
    "properties": {
    "#":517,
    "建築物名稱":"國立臺北科技大學精勤樓新建工程",
    "建築物概要":"地下4層，地上14層鋼筋混凝土構造旅館餐飲及學校類建築",
    "認可版本":"2015年版EEWH-BC",
    "認可等級":"銀級",
    "rank":3,
    "有效期間":"2025年11月15日",
    "valid":"0",
    "認可類別":"標示",
    "設計人":"張樞建築師事務所",
    "行政區":"臺北市",
    "ditrict":"大安區",
    "地號":"大安區懷生段三小段0430-0000號共2筆旅館餐飲及學校類建築",
    "建築物使用類別":"學校類建築"
    }
  },
  {
    "type": "Feature",
    "geometry": {
       "type": "Point",
       "coordinates":  [ 121.584994,25.063924 ]
    },
    "properties": {
    "#":518,
    "建築物名稱":"台北市內湖區舊宗段4-14,4-15,4-16,4-17等四筆地號策略性產業新建工程",
    "建築物概要":"地下3層，地上9層鋼筋混凝土造辦公廳類建築",
    "認可版本":"2015年版EEWH-BC",
    "認可等級":"合格級",
    "rank":1,
    "有效期間":"2025年11月15日",
    "valid":"0",
    "認可類別":"標示",
    "設計人":"朱騰惠建築師事務所",
    "行政區":"臺北市",
    "ditrict":"內湖區",
    "地號":"內湖區舊宗段4-14地號等4筆辦公廳類建築",
    "建築物使用類別":"辦公廳類建築"
    }
  },
  {
    "type": "Feature",
    "geometry": {
       "type": "Point",
       "coordinates":  [ 121.525517,25.028327 ]
    },
    "properties": {
    "#":519,
    "建築物名稱":"大安傳家",
    "建築物概要":"地下5層，地上24層鋼骨造住宿類建築",
    "認可版本":"2009年版",
    "認可等級":"銀級",
    "rank":3,
    "有效期間":"2025年11月10日",
    "valid":"0",
    "認可類別":"標示",
    "設計人":"大哲聯合建築師事務所",
    "行政區":"臺北市",
    "ditrict":"大安區",
    "地號":"大安區金華段四小段515-0地號等4筆住宿類建築",
    "建築物使用類別":"住宿類建築"
    }
  },
  {
    "type": "Feature",
    "geometry": {
       "type": "Point",
       "coordinates":  [ 121.531681,25.109291 ]
    },
    "properties": {
    "#":520,
    "建築物名稱":"士林區三玉段集合住宅新建工程",
    "建築物概要":"地下2層，地上7層鋼筋混凝土造住宿類建築",
    "認可版本":"2015年版EEWH-RS",
    "認可等級":"合格級",
    "rank":1,
    "有效期間":"2025年11月3日",
    "valid":"0",
    "認可類別":"標示",
    "設計人":"曹書生建築師事務所",
    "行政區":"臺北市",
    "ditrict":"士林區",
    "地號":"士林區三玉段一小段0685-0000號共1筆住宿類建築",
    "建築物使用類別":"住宿類建築"
    }
  },
  {
    "type": "Feature",
    "geometry": {
       "type": "Point",
       "coordinates":  [ 121.558244,25.026797 ]
    },
    "properties": {
    "#":521,
    "建築物名稱":"信義414號公園附建地下停車場新建工程",
    "建築物概要":"地下2層，地上1層鋼筋混凝土及鋼骨造其他類建築",
    "認可版本":"2015年版EEWH-BC",
    "認可等級":"銅級",
    "rank":2,
    "有效期間":"2025年10月29日",
    "valid":"0",
    "認可類別":"標示",
    "設計人":"林信忠建築師事務所",
    "行政區":"臺北市",
    "ditrict":"信義區",
    "地號":"信義區三興段三小段232-23地號等19筆其他類建築",
    "建築物使用類別":"其他類建築"
    }
  },
  {
    "type": "Feature",
    "geometry": {
       "type": "Point",
       "coordinates":  [ 121.506456,25.046993 ]
    },
    "properties": {
    "#":522,
    "建築物名稱":"臺北市萬華運動中心",
    "建築物概要":"地下2層，地上7層鋼骨構造大型空間及其他類建築",
    "認可版本":"2005年更新版",
    "認可等級":"銅級",
    "rank":2,
    "有效期間":"2025年10月29日",
    "valid":"0",
    "認可類別":"標示",
    "設計人":"劉秉鑫建築師事務所",
    "行政區":"臺北市",
    "ditrict":"萬華區",
    "地號":"萬華區福星段一小段240-0地號等3筆大型空間及其他類建築",
    "建築物使用類別":"大型空間類建築"
    }
  },
  {
    "type": "Feature",
    "geometry": {
       "type": "Point",
       "coordinates":  [ 121.612143,25.042945 ]
    },
    "properties": {
    "#":523,
    "建築物名稱":"中央研究院環境變遷研究大樓新建工程",
    "建築物概要":"地下3層，地上10層鋼筋混凝土及鋼骨構造辦公廳及大型空間類建築",
    "認可版本":"2009年版",
    "認可等級":"鑽石級",
    "rank":5,
    "有效期間":"2025年10月27日",
    "valid":"0",
    "認可類別":"標示",
    "設計人":"許常吉建築師事務所",
    "行政區":"臺北市",
    "ditrict":"南港區",
    "地號":"南港區中南段二小段374-10地號等127筆辦公廳及大型空間類建築",
    "建築物使用類別":"辦公廳類建築"
    }
  },
  {
    "type": "Feature",
    "geometry": {
       "type": "Point",
       "coordinates":  [ 121.564177,25.063755 ]
    },
    "properties": {
    "#":524,
    "建築物名稱":"臺北市松山區三民國民小學綜合大樓新建工程",
    "建築物概要":"地下1層，地上3層鋼筋混凝土構造學校類建築",
    "認可版本":"2009年版",
    "認可等級":"合格級",
    "rank":1,
    "有效期間":"2025年10月19日",
    "valid":"0",
    "認可類別":"標示",
    "設計人":"謝欽宗建築師事務所",
    "行政區":"臺北市",
    "ditrict":"松山區",
    "地號":"松山區民生段13-0地號",
    "建築物使用類別":"學校類建築"
    }
  },
  {
    "type": "Feature",
    "geometry": {
       "type": "Point",
       "coordinates":  [ 121.614725,25.059789 ]
    },
    "properties": {
    "#":525,
    "建築物名稱":"新光南港軟體園區大樓新建工程",
    "建築物概要":"地下6層，地上20層鋼骨構造辦公廳及旅館餐飲類建築",
    "認可版本":"2012年版EEWH-BC",
    "認可等級":"黃金級",
    "rank":4,
    "有效期間":"2025年10月18日",
    "valid":"0",
    "認可類別":"標示",
    "設計人":"李祖原聯合建築師事務所",
    "行政區":"臺北市",
    "ditrict":"南港區",
    "地號":"南港區經貿段42-0地號辦公廳及旅館餐飲類建築",
    "建築物使用類別":"辦公廳類建築"
    }
  },
  {
    "type": "Feature",
    "geometry": {
       "type": "Point",
       "coordinates":  [ 121.514286,25.074983 ]
    },
    "properties": {
    "#":526,
    "建築物名稱":"臺北市大龍社區及市場重建工程",
    "建築物概要":"地下4層，地上13層鋼筋混凝土造        辦公廳、百貨商場及住宿類建築",
    "認可版本":"2015年版EEWH-RS",
    "認可等級":"黃金級",
    "rank":4,
    "有效期間":"2025年10月6日",
    "valid":"0",
    "認可類別":"標示",
    "設計人":"曾永信建築師事務所",
    "行政區":"臺北市",
    "ditrict":"大同區",
    "地號":"大同區大龍段二小段274-0地號辦公廳、百貨商場及住宿類建築",
    "建築物使用類別":"住宿類建築"
    }
  },
  {
    "type": "Feature",
    "geometry": {
       "type": "Point",
       "coordinates":  [ 121.510555,25.046188 ]
    },
    "properties": {
    "#":527,
    "建築物名稱":"第一商業銀行延平大樓",
    "建築物概要":"地下3層，地上13層鋼筋混凝土及鋼骨造辦公廳類建築",
    "認可版本":"2015年版EEWH-BC",
    "認可等級":"黃金級",
    "rank":4,
    "有效期間":"2025年9月24日",
    "valid":"0",
    "認可類別":"標示",
    "設計人":"張樞建築師事務所",
    "行政區":"臺北市",
    "ditrict":"中正區",
    "地號":"中正區城中段一小段0700-0000號共2筆辦公廳類建築",
    "建築物使用類別":"辦公廳類建築"
    }
  },
  {
    "type": "Feature",
    "geometry": {
       "type": "Point",
       "coordinates":  [ 121.6045,25.054681 ]
    },
    "properties": {
    "#":529,
    "建築物名稱":"臺北市南港區東明公共住宅統包工程(乙基地)",
    "建築物概要":"地下4層，地上21層鋼筋混凝土造辦公廳、醫院、住宿及學校類建築",
    "認可版本":"2015年版EEWH-RS",
    "認可等級":"黃金級",
    "rank":4,
    "有效期間":"2025年9月21日",
    "valid":"0",
    "認可類別":"標示",
    "設計人":"陳信樟建築師事務所",
    "行政區":"臺北市",
    "ditrict":"南港區",
    "地號":"南港區南港段四小段120-12地號辦公廳、醫院、住宿及學校類建築",
    "建築物使用類別":"住宿類建築"
    }
  },
  {
    "type": "Feature",
    "geometry": {
       "type": "Point",
       "coordinates":  [ 121.536173,24.999904 ]
    },
    "properties": {
    "#":530,
    "建築物名稱":"內政部建築研究所材料實驗中心",
    "建築物概要":"地下1層，地上7層鋼筋混凝土造、鋼骨構造辦公廳類建築",
    "認可版本":"2003年更新版",
    "認可等級":"免評估",
    "rank":0,
    "有效期間":"2025年9月10日",
    "valid":"0",
    "認可類別":"標示",
    "設計人":"境向聯合建築師事務所",
    "行政區":"臺北市",
    "ditrict":"文山區",
    "地號":"文山區萬隆段二小段586-0地號等11筆",
    "建築物使用類別":"辦公廳類建築"
    }
  },
  {
    "type": "Feature",
    "geometry": {
       "type": "Point",
       "coordinates":  [ 121.566403,25.054689 ]
    },
    "properties": {
    "#":531,
    "建築物名稱":"松山區健康公營住宅2區新建工程",
    "建築物概要":"地下3層，地上16層鋼筋混凝土構造住宿及學校類建築",
    "認可版本":"2012年版EEWH-RS",
    "認可等級":"鑽石級",
    "rank":5,
    "有效期間":"2025年9月9日",
    "valid":"0",
    "認可類別":"標示",
    "設計人":"九典聯合建築師事務所",
    "行政區":"臺北市",
    "ditrict":"松山區",
    "地號":"松山區寶清段一小段67-8地號等2筆住宿及學校類建築",
    "建築物使用類別":"住宿類建築"
    }
  },
  {
    "type": "Feature",
    "geometry": {
       "type": "Point",
       "coordinates":  [ 121.5077,25.032741 ]
    },
    "properties": {
    "#":532,
    "建築物名稱":"臺北市中正區南海段社會福利綜合大樓新建工程",
    "建築物概要":"地下2層，地上7層鋼筋混凝土構造學校類建築",
    "認可版本":"2015年版EEWH-BC",
    "認可等級":"銀級",
    "rank":3,
    "有效期間":"2025年9月1日",
    "valid":"0",
    "認可類別":"標示",
    "設計人":"王正源建築師事務所",
    "行政區":"臺北市",
    "ditrict":"中正區",
    "地號":"中正區南海段五小段603-0地號學校類建築",
    "建築物使用類別":"學校類建築"
    }
  },
  {
    "type": "Feature",
    "geometry": {
       "type": "Point",
       "coordinates":  [ 121.523538,25.119443 ]
    },
    "properties": {
    "#":534,
    "建築物名稱":"全陽建設崇仰三小段新建案",
    "建築物概要":"地下4層，地上21層鋼骨鋼筋混凝土造辦公廳及住宿類建築",
    "認可版本":"2015年版EEWH-RS",
    "認可等級":"銀級",
    "rank":3,
    "有效期間":"2025年8月27日",
    "valid":"0",
    "認可類別":"標示",
    "設計人":"江培珩建築師事務所",
    "行政區":"臺北市",
    "ditrict":"北投區",
    "地號":"北投區崇仰段三小段0068-0000號共2筆辦公廳及住宿類建築",
    "建築物使用類別":"住宿類建築"
    }
  },
  {
    "type": "Feature",
    "geometry": {
       "type": "Point",
       "coordinates":  [ 121.521525,25.089355 ]
    },
    "properties": {
    "#":535,
    "建築物名稱":"臺北市士林區市民運動中心",
    "建築物概要":"地下2層，地上10層鋼骨鋼筋混凝土構造大型空間類建築",
    "認可版本":"2005年更新版",
    "認可等級":"合格級",
    "rank":1,
    "有效期間":"2025年8月27日",
    "valid":"0",
    "認可類別":"標示",
    "設計人":"綠野國際建築師事務所",
    "行政區":"臺北市",
    "ditrict":"士林區",
    "地號":"士林區光華段二小段1063-1地號",
    "建築物使用類別":"大型空間類建築"
    }
  },
  {
    "type": "Feature",
    "geometry": {
       "type": "Point",
       "coordinates":  [ 121.575292,25.07804 ]
    },
    "properties": {
    "#":536,
    "建築物名稱":"臺北市內湖運動中心暨科技產業服務中心",
    "建築物概要":"地下3層，地上11層鋼筋混凝土構造、鋼骨鋼筋混凝土構造大型空間類建築",
    "認可版本":"2005年更新版",
    "認可等級":"銅級",
    "rank":2,
    "有效期間":"2025年8月26日",
    "valid":"0",
    "認可類別":"標示",
    "設計人":"綠野國際建築師事務所",
    "行政區":"臺北市",
    "ditrict":"內湖區",
    "地號":"內湖區西湖段四小段4-0地號等2筆",
    "建築物使用類別":"大型空間類建築"
    }
  },
  {
    "type": "Feature",
    "geometry": {
       "type": "Point",
       "coordinates":  [ 121.559509,24.997344 ]
    },
    "properties": {
    "#":537,
    "建築物名稱":"臺北市文山區市民運動中心",
    "建築物概要":"地下2層，地上8層鋼筋混凝土、鋼骨鋼筋混凝土及鋼骨構造大型空間類建築",
    "認可版本":"2005年更新版",
    "認可等級":"合格級",
    "rank":1,
    "有效期間":"2025年8月26日",
    "valid":"0",
    "認可類別":"標示",
    "設計人":"劉秉鑫建築師事務所",
    "行政區":"臺北市",
    "ditrict":"文山區",
    "地號":"文山區興安段四小段7-1地號等16筆",
    "建築物使用類別":"大型空間類建築"
    }
  },
  {
    "type": "Feature",
    "geometry": {
       "type": "Point",
       "coordinates":  [ 121.545802,25.046024 ]
    },
    "properties": {
    "#":538,
    "建築物名稱":"台北市松山區敦化段三小段585-0地號等2筆地號新建工程",
    "建築物概要":"地下3層，地上23層鋼骨造住宿、大型空間及其他類建築",
    "認可版本":"2012年版EEWH-RS",
    "認可等級":"黃金級",
    "rank":4,
    "有效期間":"2025年8月20日",
    "valid":"0",
    "認可類別":"標示",
    "設計人":"張倫端建築師事務所",
    "行政區":"臺北市",
    "ditrict":"松山區",
    "地號":"松山區敦化段三小段585-0地號等2筆住宿、大型空間及其他類建築",
    "建築物使用類別":"住宿類建築"
    }
  },
  {
    "type": "Feature",
    "geometry": {
       "type": "Point",
       "coordinates":  [ 121.500891,25.038731 ]
    },
    "properties": {
    "#":539,
    "建築物名稱":"台北市萬華區直興段三小段335等17筆地號集合住宅新建工程",
    "建築物概要":"地下5層，地上24層鋼筋混凝土造住宿類建築",
    "認可版本":"2012年版EEWH-RS",
    "認可等級":"合格級",
    "rank":1,
    "有效期間":"2025年8月17日",
    "valid":"0",
    "認可類別":"標示",
    "設計人":"廖錦盈建築師事務所",
    "行政區":"臺北市",
    "ditrict":"萬華區",
    "地號":"萬華區直興段三小段335-0地號住宿類建築",
    "建築物使用類別":"住宿類建築"
    }
  },
  {
    "type": "Feature",
    "geometry": {
       "type": "Point",
       "coordinates":  [ 121.578721,24.988225 ]
    },
    "properties": {
    "#":540,
    "建築物名稱":"國立政治大學指南山莊校區司徒達賢圖書館新建工程",
    "建築物概要":"地下2層，地上8層鋼筋混凝土造大型空間類建築",
    "認可版本":"2015年版EEWH-BC",
    "認可等級":"銀級",
    "rank":3,
    "有效期間":"2025年8月5日",
    "valid":"0",
    "認可類別":"標示",
    "設計人":"羅興華建築師事務所",
    "行政區":"臺北市",
    "ditrict":"文山區",
    "地號":"文山區政大段三小段92-0地號等40筆大型空間類建築",
    "建築物使用類別":"大型空間類建築"
    }
  },
  {
    "type": "Feature",
    "geometry": {
       "type": "Point",
       "coordinates":  [ 121.526179,25.020712 ]
    },
    "properties": {
    "#":541,
    "建築物名稱":"汀州路加油站改建工程",
    "建築物概要":"地上2層鋼骨鋼筋混凝土構造其他類建築",
    "認可版本":"2012年版EEWH-BC",
    "認可等級":"合格級",
    "rank":1,
    "有效期間":"2025年8月2日",
    "valid":"0",
    "認可類別":"標示",
    "設計人":"鄞埼錩建築師事務所",
    "行政區":"臺北市",
    "ditrict":"中正區",
    "地號":"中正區福和段一小段48-0地號等6筆",
    "建築物使用類別":"其他類建築"
    }
  },
  {
    "type": "Feature",
    "geometry": {
       "type": "Point",
       "coordinates":  [ 121.503482,25.019808 ]
    },
    "properties": {
    "#":542,
    "建築物名稱":"萬華區青年公共住宅新建工程",
    "建築物概要":"地下2層，地上18層鋼骨鋼筋混凝土及鋼筋混凝土構造住宿、學校、大型空間及其他類建築",
    "認可版本":"2012年版EEWH-RS",
    "認可等級":"黃金級",
    "rank":4,
    "有效期間":"2025年7月21日",
    "valid":"0",
    "認可類別":"標示",
    "設計人":"九典聯合建築師事務所",
    "行政區":"臺北市",
    "ditrict":"萬華區",
    "地號":"萬華區青年段二小段18-12地號等10筆住宿、學校、大型空間及其他類建築",
    "建築物使用類別":"住宿類建築"
    }
  },
  {
    "type": "Feature",
    "geometry": {
       "type": "Point",
       "coordinates":  [ 121.554894,25.082255 ]
    },
    "properties": {
    "#":544,
    "建築物名稱":"國票金控大樓",
    "建築物概要":"地下5層，地上17層鋼骨及鋼骨鋼筋混凝土構造辦公廳類建築",
    "認可版本":"2012年版EEWH-BC",
    "認可等級":"銀級",
    "rank":3,
    "有效期間":"2025年6月11日",
    "valid":"0",
    "認可類別":"標示",
    "設計人":"吳成榮建築師事務所",
    "行政區":"臺北市",
    "ditrict":"中山區",
    "地號":"中山區金泰段0105-0001號共1筆辦公廳類建築",
    "建築物使用類別":"辦公廳類建築"
    }
  },
  {
    "type": "Feature",
    "geometry": {
       "type": "Point",
       "coordinates":  [ 121.615805,25.060729 ]
    },
    "properties": {
    "#":545,
    "建築物名稱":"佶泰建設-南港區經貿段70，70-1地號商辦大樓新建工程",
    "建築物概要":"地下5層，地上23層鋼骨造辦公廳類建築",
    "認可版本":"2015年版EEWH-BC",
    "認可等級":"黃金級",
    "rank":4,
    "有效期間":"2025年6月9日",
    "valid":"0",
    "認可類別":"標示",
    "設計人":"王克誠建築師事務所 謝明忠建築師事務所",
    "行政區":"臺北市",
    "ditrict":"南港區",
    "地號":"南港區經貿段0070-0000號 共2筆辦公廳類建築",
    "建築物使用類別":"辦公廳類建築"
    }
  },
  {
    "type": "Feature",
    "geometry": {
       "type": "Point",
       "coordinates":  [ 121.522829,25.063528 ]
    },
    "properties": {
    "#":547,
    "建築物名稱":"忠泰長虹開發中山區中山段一小段新建工程",
    "建築物概要":"地下5層，地上18層鋼骨造辦公廳及住宿類建築",
    "認可版本":"2012年版EEWH-RS",
    "認可等級":"銅級",
    "rank":2,
    "有效期間":"2025年6月1日",
    "valid":"0",
    "認可類別":"標示",
    "設計人":"王克誠建築師事務所",
    "行政區":"臺北市",
    "ditrict":"中山區",
    "地號":"中山區中山段一小段675-0地號辦公廳及住宿類建築",
    "建築物使用類別":"住宿類建築"
    }
  },
  {
    "type": "Feature",
    "geometry": {
       "type": "Point",
       "coordinates":  [ 121.523787,25.043562 ]
    },
    "properties": {
    "#":548,
    "建築物名稱":"富邦人壽林森南路中正區成功段旅館新建工程",
    "建築物概要":"地下3層，地上14層鋼筋混凝土造旅館餐飲類建築",
    "認可版本":"2015年版EEWH-BC",
    "認可等級":"黃金級",
    "rank":4,
    "有效期間":"2025年5月28日",
    "valid":"0",
    "認可類別":"標示",
    "設計人":"大元聯合建築師事務所",
    "行政區":"臺北市",
    "ditrict":"中正區",
    "地號":"中正區成功段二小段96-0地號等9筆旅館餐飲類建築",
    "建築物使用類別":"旅館餐飲類建築"
    }
  },
  {
    "type": "Feature",
    "geometry": {
       "type": "Point",
       "coordinates":  [ 121.585564,24.997126 ]
    },
    "properties": {
    "#":549,
    "建築物名稱":"臺北市立動物園熱帶雨林室內館新建工程",
    "建築物概要":"地下1層，地上3層鋼筋混凝土及鋼骨構造大型空間及其他類建築",
    "認可版本":"2009年版",
    "認可等級":"黃金級",
    "rank":4,
    "有效期間":"2025年5月28日",
    "valid":"0",
    "認可類別":"標示",
    "設計人":"葉世宗建築師事務所",
    "行政區":"臺北市",
    "ditrict":"文山區",
    "地號":"文山區頭廷段四小段104-0地號等113筆大型空間及其他類建築",
    "建築物使用類別":"大型空間類建築"
    }
  },
  {
    "type": "Feature",
    "geometry": {
       "type": "Point",
       "coordinates":  [ 121.513823,25.046737 ]
    },
    "properties": {
    "#":550,
    "建築物名稱":"基泰建設中正區公園段國際複合式商務大樓新建工程",
    "建築物概要":"地下6層，地上37層鋼骨造、鋼筋混凝土造辦公廳、百貨商場、旅館餐飲及其他類建築",
    "認可版本":"2009年版",
    "認可等級":"鑽石級",
    "rank":5,
    "有效期間":"2025年5月19日",
    "valid":"0",
    "認可類別":"標示",
    "設計人":"周夢龍建築師事務所 簡志聰建築師事務所",
    "行政區":"臺北市",
    "ditrict":"中正區",
    "地號":"中正區公園段二小段471-0地號辦公廳、百貨商場、旅館餐飲及其他類建築",
    "建築物使用類別":"辦公廳類建築"
    }
  },
  {
    "type": "Feature",
    "geometry": {
       "type": "Point",
       "coordinates":  [ 121.526345,25.027684 ]
    },
    "properties": {
    "#":551,
    "建築物名稱":"臺灣菸酒股份有限公司大安營業所改建大樓新建工程",
    "建築物概要":"地下2層，地上9層鋼筋混凝土構造辦公廳類建築",
    "認可版本":"2012年版EEWH-BC",
    "認可等級":"合格級",
    "rank":1,
    "有效期間":"2025年4月29日",
    "valid":"0",
    "認可類別":"標示",
    "設計人":"吳旗清建築師事務所",
    "行政區":"臺北市",
    "ditrict":"大安區",
    "地號":"大安區金華段二小段961-0地號辦公廳類建築",
    "建築物使用類別":"辦公廳類建築"
    }
  },
  {
    "type": "Feature",
    "geometry": {
       "type": "Point",
       "coordinates":  [ 121.537816,25.021807 ]
    },
    "properties": {
    "#":552,
    "建築物名稱":"國立臺灣大學生物電子資訊教學研究大樓新建工程",
    "建築物概要":"地下1層，地上9層鋼筋混凝土構造學校類建築",
    "認可版本":"2012年版EEWH-BC",
    "認可等級":"銀級",
    "rank":3,
    "有效期間":"2025年4月28日",
    "valid":"0",
    "認可類別":"標示",
    "設計人":"潘冀聯合建築師事務所",
    "行政區":"臺北市",
    "ditrict":"大安區",
    "地號":"大安區學府段四小段217-0地號等25筆學校類建築",
    "建築物使用類別":"學校類建築"
    }
  },
  {
    "type": "Feature",
    "geometry": {
       "type": "Point",
       "coordinates":  [ 121.603805,25.054428 ]
    },
    "properties": {
    "#":555,
    "建築物名稱":"臺北市南港區東明公共住宅統包工程(甲基地)",
    "建築物概要":"地下3層，地上21層鋼筋混凝土造住宿及大型空間類建築",
    "認可版本":"2015年版EEWH-RS",
    "認可等級":"黃金級",
    "rank":4,
    "有效期間":"2025年4月13日",
    "valid":"0",
    "認可類別":"標示",
    "設計人":"陳信樟建築師事務所",
    "行政區":"臺北市",
    "ditrict":"南港區",
    "地號":"南港區南港段四小段120-13號住宿及大型空間類建築",
    "建築物使用類別":"住宿類建築"
    }
  },
  {
    "type": "Feature",
    "geometry": {
       "type": "Point",
       "coordinates":  [ 121.554238,25.084296 ]
    },
    "properties": {
    "#":556,
    "建築物名稱":"中山區金泰段商業大樓新建工程",
    "建築物概要":"地下3層，地上7層鋼骨造旅館餐飲類建築",
    "認可版本":"2015年版EEWH-BC",
    "認可等級":"銀級",
    "rank":3,
    "有效期間":"2025年4月13日",
    "valid":"0",
    "認可類別":"標示",
    "設計人":"洪明坤建築師事務所",
    "行政區":"臺北市",
    "ditrict":"中山區",
    "地號":"中山區金泰段0079-0009號共1筆旅館餐飲類建築",
    "建築物使用類別":"旅館餐飲類建築"
    }
  },
  {
    "type": "Feature",
    "geometry": {
       "type": "Point",
       "coordinates":  [ 121.573874,25.06538 ]
    },
    "properties": {
    "#":557,
    "建築物名稱":"養護工程隊拌合場辦公室及房舍設備新建工程",
    "建築物概要":"地上2層鋼筋混凝土構造辦公廳類建築",
    "認可版本":"2015年版EEWH-BC",
    "認可等級":"合格級",
    "rank":1,
    "有效期間":"2025年3月30日",
    "valid":"0",
    "認可類別":"標示",
    "設計人":"黃翔龍建築師事務所",
    "行政區":"臺北市",
    "ditrict":"內湖區",
    "地號":"台北市內湖區舊宗段69地號辦公廳類建築",
    "建築物使用類別":"辦公廳類建築"
    }
  },
  {
    "type": "Feature",
    "geometry": {
       "type": "Point",
       "coordinates":  [ 121.51575,25.103574 ]
    },
    "properties": {
    "#":559,
    "建築物名稱":"臺北市中正高級中學室內游泳池新建工程",
    "建築物概要":"地上5層鋼筋混凝土造大型空間類建築",
    "認可版本":"2015年版EEWH-BC",
    "認可等級":"黃金級",
    "rank":4,
    "有效期間":"2025年3月9日",
    "valid":"0",
    "認可類別":"標示",
    "設計人":"陳聖中建築師事務所",
    "行政區":"臺北市",
    "ditrict":"北投區",
    "地號":"北投區文林段二小段258-0地號等2筆大型空間類建築",
    "建築物使用類別":"大型空間類建築"
    }
  },
  {
    "type": "Feature",
    "geometry": {
       "type": "Point",
       "coordinates":  [ 121.502492,25.129102 ]
    },
    "properties": {
    "#":560,
    "建築物名稱":"東煒建設奇岩段住宅案新建工程",
    "建築物概要":"地下4層，地上18層鋼筋混凝土構造住宿類建築",
    "認可版本":"2009年版",
    "認可等級":"銀級",
    "rank":3,
    "有效期間":"2025年3月8日",
    "valid":"0",
    "認可類別":"標示",
    "設計人":"邱垂睿建築師事務所",
    "行政區":"臺北市",
    "ditrict":"北投區",
    "地號":"北投區奇岩段四小段11-0地號住宿類建築",
    "建築物使用類別":"住宿類建築"
    }
  },
  {
    "type": "Feature",
    "geometry": {
       "type": "Point",
       "coordinates":  [ 121.5117,25.063534 ]
    },
    "properties": {
    "#":561,
    "建築物名稱":"臺北捷運新莊線大橋頭站捷二聯合開發案新建工程",
    "建築物概要":"地下4層，地上19層鋼筋混凝土構造辦公廳及住宿類建築",
    "認可版本":"2009年版",
    "認可等級":"銀級",
    "rank":3,
    "有效期間":"2025年3月4日",
    "valid":"0",
    "認可類別":"標示",
    "設計人":"李祖原聯合建築師事務所",
    "行政區":"臺北市",
    "ditrict":"大同區",
    "地號":"大同區橋北段二小段636-0地號等10筆辦公廳及住宿類建築",
    "建築物使用類別":"住宿類建築"
    }
  },
  {
    "type": "Feature",
    "geometry": {
       "type": "Point",
       "coordinates":  [ 121.547033,25.029375 ]
    },
    "properties": {
    "#":562,
    "建築物名稱":"臺北市立建安國民小學藝術教學綜合大樓新建工程",
    "建築物概要":"地下2層，地上5層鋼筋混凝土及鋼骨鋼筋混凝土造學校及大型空間類建築",
    "認可版本":"2015年版EEWH-BC",
    "認可等級":"銅級",
    "rank":2,
    "有效期間":"2025年3月2日",
    "valid":"0",
    "認可類別":"標示",
    "設計人":"境向聯合建築師事務所",
    "行政區":"臺北市",
    "ditrict":"大安區",
    "地號":"大安區大安段二小段61-0地號等4筆學校及大型空間類建築",
    "建築物使用類別":"大型空間類建築"
    }
  },
  {
    "type": "Feature",
    "geometry": {
       "type": "Point",
       "coordinates":  [ 121.535632,25.04051 ]
    },
    "properties": {
    "#":564,
    "建築物名稱":"孕學林產後護理之家",
    "建築物概要":"地下2層，地上7層鋼筋混凝土造醫院類建築",
    "認可版本":"2015年版EEWH-BC",
    "認可等級":"合格級",
    "rank":1,
    "有效期間":"2025年1月15日",
    "valid":"0",
    "認可類別":"標示",
    "設計人":"卓培煙建築師事務所",
    "行政區":"臺北市",
    "ditrict":"大安區",
    "地號":"大安區懷生段三小段402-0地號醫院類建築",
    "建築物使用類別":"醫院類建築"
    }
  },
  {
    "type": "Feature",
    "geometry": {
       "type": "Point",
       "coordinates":  [ 121.521104,25.027309 ]
    },
    "properties": {
    "#":565,
    "建築物名稱":"將作城心新建工程",
    "建築物概要":"地下5層，地上14層鋼骨構造辦公廳及住宿類建築",
    "認可版本":"2012年版EEWH-RS",
    "認可等級":"合格級",
    "rank":1,
    "有效期間":"2025年1月5日",
    "valid":"0",
    "認可類別":"標示",
    "設計人":"鍾美惠建築師事務所",
    "行政區":"臺北市",
    "ditrict":"中正區",
    "地號":"中正區南海段二小段202-24地號等2筆辦公廳及住宿類建築",
    "建築物使用類別":"辦公廳類建築"
    }
  },
  {
    "type": "Feature",
    "geometry": {
       "type": "Point",
       "coordinates":  [ 121.55556,24.989704 ]
    },
    "properties": {
    "#":566,
    "建築物名稱":"臺北市文山區永建國民小學「遷校校舍新建工程暨附設地下停車場」",
    "建築物概要":"地下2層，地上4層鋼筋混凝土及鋼構造學校及大型空間類建築",
    "認可版本":"2012年版EEWH-BC",
    "認可等級":"銀級",
    "rank":3,
    "有效期間":"2024年12月17日",
    "valid":"0",
    "認可類別":"標示",
    "設計人":"戴嘉惠建築師事務所",
    "行政區":"臺北市",
    "ditrict":"文山區",
    "地號":"文山區華興段一小段149-0地號等6筆學校及大型空間類建築",
    "建築物使用類別":"學校類建築"
    }
  },
  {
    "type": "Feature",
    "geometry": {
       "type": "Point",
       "coordinates":  [ 121.591555,25.066938 ]
    },
    "properties": {
    "#":568,
    "建築物名稱":"蓮園建設石潭段十層住宅新建案",
    "建築物概要":"地下3層，地上10層鋼筋混凝土構造住宿類建築",
    "認可版本":"2012年版EEWH-RS",
    "認可等級":"銅級",
    "rank":2,
    "有效期間":"2024年12月15日",
    "valid":"0",
    "認可類別":"標示",
    "設計人":"劉東文建築師事務所",
    "行政區":"臺北市",
    "ditrict":"內湖區",
    "地號":"內湖區石潭段四小段445-0地號住宿類建築",
    "建築物使用類別":"住宿類建築"
    }
  },
  {
    "type": "Feature",
    "geometry": {
       "type": "Point",
       "coordinates":  [ 121.497298,25.033638 ]
    },
    "properties": {
    "#":570,
    "建築物名稱":"國賓大理集合住宅新建工程",
    "建築物概要":"地下5層，地上15層鋼筋混凝土構造住宿類建築",
    "認可版本":"2009年版",
    "認可等級":"銀級",
    "rank":3,
    "有效期間":"2024年11月29日",
    "valid":"0",
    "認可類別":"標示",
    "設計人":"沈元琪建築師事務所",
    "行政區":"臺北市",
    "ditrict":"萬華區",
    "地號":"萬華區華江段三小段274-0地號住宿類建築",
    "建築物使用類別":"住宿類建築"
    }
  },
  {
    "type": "Feature",
    "geometry": {
       "type": "Point",
       "coordinates":  [ 121.527068,25.040104 ]
    },
    "properties": {
    "#":573,
    "建築物名稱":"富邦人壽保險股份有限公司中正區臨沂段二小段354地號等1筆土地新建工程",
    "建築物概要":"地下3層，地上6層鋼筋混凝土造住宿類建築",
    "認可版本":"2015年版EEWH-RS",
    "認可等級":"銅級",
    "rank":2,
    "有效期間":"2024年11月19日",
    "valid":"0",
    "認可類別":"標示",
    "設計人":"郭旭原建築師事務所",
    "行政區":"臺北市",
    "ditrict":"中正區",
    "地號":"中正區臨沂段二小段354-0地號住宿類建築",
    "建築物使用類別":"住宿類建築"
    }
  },
  {
    "type": "Feature",
    "geometry": {
       "type": "Point",
       "coordinates":  [ 121.552744,24.987449 ]
    },
    "properties": {
    "#":575,
    "建築物名稱":"臺北市文山區華興段三小段286地號等1筆土地新建工程",
    "建築物概要":"地下3層，地上14層鋼筋混凝土構造住宿類建築",
    "認可版本":"2012年版EEWH-RS",
    "認可等級":"銀級",
    "rank":3,
    "有效期間":"2024年11月10日",
    "valid":"0",
    "認可類別":"標示",
    "設計人":"林忠雄建築師事務所",
    "行政區":"臺北市",
    "ditrict":"文山區",
    "地號":"文山區華興段三小段286-0地號住宿類建築",
    "建築物使用類別":"住宿類建築"
    }
  },
  {
    "type": "Feature",
    "geometry": {
       "type": "Point",
       "coordinates":  [ 121.579221,25.054623 ]
    },
    "properties": {
    "#":577,
    "建築物名稱":"翔譽國際建設內湖區潭美段四小段住宅新建工程",
    "建築物概要":"地下4層，地上20層鋼筋混凝土構造住宿類建築",
    "認可版本":"2012年版EEWH-RS",
    "認可等級":"黃金級",
    "rank":4,
    "有效期間":"2024年11月3日",
    "valid":"0",
    "認可類別":"標示",
    "設計人":"陳廷杰建築師事務所",
    "行政區":"臺北市",
    "ditrict":"內湖區",
    "地號":"內湖區潭美段四小段481-0地號等4筆住宿類建築",
    "建築物使用類別":"住宿類建築"
    }
  },
  {
    "type": "Feature",
    "geometry": {
       "type": "Point",
       "coordinates":  [ 121.47038,25.127154 ]
    },
    "properties": {
    "#":578,
    "建築物名稱":"華碩關渡案新建工程",
    "建築物概要":"地下4層，地上16層鋼骨造辦公廳類建築",
    "認可版本":"2015年版EEWH-BC",
    "認可等級":"鑽石級",
    "rank":5,
    "有效期間":"2024年10月24日",
    "valid":"0",
    "認可類別":"標示",
    "設計人":"吳成榮建築師事務所",
    "行政區":"臺北市",
    "ditrict":"北投區",
    "地號":"北投區豐年段四小段408-0地號等2筆辦公廳類建築",
    "建築物使用類別":"辦公廳類建築"
    }
  },
  {
    "type": "Feature",
    "geometry": {
       "type": "Point",
       "coordinates":  [ 121.37099,24.94718 ]
    },
    "properties": {
    "#":579,
    "建築物名稱":"國立臺北大學綜合體育館暨活動中心新建工程",
    "建築物概要":"地下1層，地上4層鋼筋混凝土及鋼骨構造大型空間類建築",
    "認可版本":"2015年版EEWH-BC",
    "認可等級":"銀級",
    "rank":3,
    "有效期間":"2024年10月21日",
    "valid":"0",
    "認可類別":"標示",
    "設計人":"楊瑞禎聯合建築師事務所",
    "行政區":"臺北市",
    "ditrict":"三峽區",
    "地號":"新北市三峽區大學段一小段191地號等87筆大型空間類建築",
    "建築物使用類別":"大型空間類建築"
    }
  },
  {
    "type": "Feature",
    "geometry": {
       "type": "Point",
       "coordinates":  [ 121.501467,25.040444 ]
    },
    "properties": {
    "#":580,
    "建築物名稱":"新碩建設長沙街集合住宅新建工程案",
    "建築物概要":"地下6層，地上18層鋼筋混凝土造辦公廳及住宿類建築",
    "認可版本":"2012年版EEWH-RS",
    "認可等級":"合格級",
    "rank":1,
    "有效期間":"2024年10月4日",
    "valid":"0",
    "認可類別":"標示",
    "設計人":"李文勝建築師事務所",
    "行政區":"臺北市",
    "ditrict":"萬華區",
    "地號":"萬華區直興段三小段1-0地號等2筆辦公廳及住宿類建築",
    "建築物使用類別":"住宿類建築"
    }
  },
  {
    "type": "Feature",
    "geometry": {
       "type": "Point",
       "coordinates":  [ 121.542826,25.047567 ]
    },
    "properties": {
    "#":581,
    "建築物名稱":"臺北市中山區長安段二小段63地號等14筆土地都市更新事業計畫及權利變換計畫案",
    "建築物概要":"地下3層，地上13層鋼筋混凝土構造辦公廳及住宿類建築",
    "認可版本":"2009年版",
    "認可等級":"銀級",
    "rank":3,
    "有效期間":"2024年9月26日",
    "valid":"0",
    "認可類別":"標示",
    "設計人":"陳明烈建築師事務所",
    "行政區":"臺北市",
    "ditrict":"中山區",
    "地號":"中山區長安段二小段711-0地號辦公廳及住宿類建築",
    "建築物使用類別":"住宿類建築"
    }
  },
  {
    "type": "Feature",
    "geometry": {
       "type": "Point",
       "coordinates":  [ 121.517605,25.10346 ]
    },
    "properties": {
    "#":582,
    "建築物名稱":"北投士林科技園區區段徵收專案住宅(R16)",
    "建築物概要":"地下2層，地上13層鋼筋混凝土構造住宿及其他類建築",
    "認可版本":"2009年版",
    "認可等級":"合格級",
    "rank":1,
    "有效期間":"2024年9月11日",
    "valid":"0",
    "認可類別":"標示",
    "設計人":"大宇建築師事務所",
    "行政區":"臺北市",
    "ditrict":"北投區",
    "地號":"北投區軟橋段85-0地號住宿及其他類建築",
    "建築物使用類別":"住宿類建築"
    }
  },
  {
    "type": "Feature",
    "geometry": {
       "type": "Point",
       "coordinates":  [ 121.504138,25.124699 ]
    },
    "properties": {
    "#":583,
    "建築物名稱":"宏盛建設北投區三合段74.75地號集合住宅新建工程",
    "建築物概要":"地下3層，地上9層鋼筋混凝土構造住宿類建築",
    "認可版本":"2012年版EEWH-RS",
    "認可等級":"銀級",
    "rank":3,
    "有效期間":"2024年6月25日",
    "valid":"0",
    "認可類別":"標示",
    "設計人":"李文勝建築師事務所",
    "行政區":"臺北市",
    "ditrict":"北投區",
    "地號":"北投區三合段74-0地號住宿類建築",
    "建築物使用類別":"住宿類建築"
    }
  },
  {
    "type": "Feature",
    "geometry": {
       "type": "Point",
       "coordinates":  [ 121.564488,25.082062 ]
    },
    "properties": {
    "#":584,
    "建築物名稱":"長佳機電工程股份有限公司內湖區西湖段四小段324地號科技大樓新建工程",
    "建築物概要":"地下4層，地上10層鋼筋混凝土構造辦公廳類建築",
    "認可版本":"2012年版EEWH-BC",
    "認可等級":"銀級",
    "rank":3,
    "有效期間":"2024年6月4日",
    "valid":"0",
    "認可類別":"標示",
    "設計人":"郭旭原建築師事務所",
    "行政區":"臺北市",
    "ditrict":"內湖區",
    "地號":"內湖區西湖段四小段324-0地號辦公廳類建築",
    "建築物使用類別":"辦公廳類建築"
    }
  },
  {
    "type": "Feature",
    "geometry": {
       "type": "Point",
       "coordinates":  [ 121.584519,25.061872 ]
    },
    "properties": {
    "#":585,
    "建築物名稱":"國泰建設潭美段集合住宅新建工程",
    "建築物概要":"地下4層，地上14層鋼筋混凝土構造住宿類建築",
    "認可版本":"2012年版EEWH-RS",
    "認可等級":"銀級",
    "rank":3,
    "有效期間":"2024年5月23日",
    "valid":"0",
    "認可類別":"標示",
    "設計人":"李文勝建築師事務所",
    "行政區":"臺北市",
    "ditrict":"內湖區",
    "地號":"內湖區潭美段五小段58-0地號住宿類建築",
    "建築物使用類別":"住宿類建築"
    }
  },
  {
    "type": "Feature",
    "geometry": {
       "type": "Point",
       "coordinates":  [ 121.533366,25.110838 ]
    },
    "properties": {
    "#":586,
    "建築物名稱":"臺灣士林地方法院檢察署擴建辦公廳舍新建工程",
    "建築物概要":"地下3層，地上12層鋼筋混凝土構造辦公廳類建築",
    "認可版本":"2009年版",
    "認可等級":"黃金級",
    "rank":4,
    "有效期間":"2024年4月29日",
    "valid":"0",
    "認可類別":"標示",
    "設計人":"徐維志建築師事務所",
    "行政區":"臺北市",
    "ditrict":"士林區",
    "地號":"士林區三玉段一小段487-1地號辦公廳類建築",
    "建築物使用類別":"辦公廳類建築"
    }
  },
  {
    "type": "Feature",
    "geometry": {
       "type": "Point",
       "coordinates":  [ 121.581705,25.0804 ]
    },
    "properties": {
    "#":587,
    "建築物名稱":"璞真建設內湖區碧湖段住宅大樓新建工程",
    "建築物概要":"地下3層，地上26層鋼骨構造住宿及大型空間類建築",
    "認可版本":"2012年版EEWH-RS",
    "認可等級":"銀級",
    "rank":3,
    "有效期間":"2024年4月2日",
    "valid":"0",
    "認可類別":"標示",
    "設計人":"三門聯合建築師事務所",
    "行政區":"臺北市",
    "ditrict":"內湖區",
    "地號":"內湖區碧湖段三小段166-0地號住宿及大型空間類建築",
    "建築物使用類別":"住宿類建築"
    }
  },
  {
    "type": "Feature",
    "geometry": {
       "type": "Point",
       "coordinates":  [ 121.528364,25.018056 ]
    },
    "properties": {
    "#":588,
    "建築物名稱":"同豐永實業有限公司台北市中正區福和段集合住宅新建工程",
    "建築物概要":"地下4層，地上12層鋼筋混凝土構造住宿類建築",
    "認可版本":"2012年版EEWH-RS",
    "認可等級":"黃金級",
    "rank":4,
    "有效期間":"2024年4月1日",
    "valid":"0",
    "認可類別":"標示",
    "設計人":"龍宗彥建築師事務所",
    "行政區":"臺北市",
    "ditrict":"中正區",
    "地號":"中正區福和段一小段370-0地號等2筆住宿類建築",
    "建築物使用類別":"住宿類建築"
    }
  },
  {
    "type": "Feature",
    "geometry": {
       "type": "Point",
       "coordinates":  [ 121.498286,25.025183 ]
    },
    "properties": {
    "#":589,
    "建築物名稱":"台北市萬華區萬大段二小段119地號新建集合住宅案",
    "建築物概要":"地下3層，地上13層鋼筋混凝土構造辦公廳及住宿類建築",
    "認可版本":"2012年版EEWH-RS",
    "認可等級":"銀級",
    "rank":3,
    "有效期間":"2024年3月26日",
    "valid":"0",
    "認可類別":"標示",
    "設計人":"廖錦盈建築師事務所",
    "行政區":"臺北市",
    "ditrict":"萬華區",
    "地號":"萬華區萬大段二小段119-0地號辦公廳及住宿類建築",
    "建築物使用類別":"住宿類建築"
    }
  },
  {
    "type": "Feature",
    "geometry": {
       "type": "Point",
       "coordinates":  [ 121.528745,25.111848 ]
    },
    "properties": {
    "#":590,
    "建築物名稱":"璞全建設士東路都市更新案",
    "建築物概要":"地下3層，地上14層鋼骨構造辦公廳及住宿類建築",
    "認可版本":"2012年版EEWH-RS",
    "認可等級":"黃金級",
    "rank":4,
    "有效期間":"2024年3月26日",
    "valid":"0",
    "認可類別":"標示",
    "設計人":"黃文修建築師事務所",
    "行政區":"臺北市",
    "ditrict":"士林區",
    "地號":"士林區三玉段四小段271-0地號辦公廳及住宿類建築",
    "建築物使用類別":"住宿類建築"
    }
  },
  {
    "type": "Feature",
    "geometry": {
       "type": "Point",
       "coordinates":  [ 121.56936,25.033477 ]
    },
    "properties": {
    "#":591,
    "建築物名稱":"台北市信義區信義段三小段52-2,52-3等兩筆地號新建工程",
    "建築物概要":"地下4層，地上31層鋼骨構造辦公廳及住宿類建築",
    "認可版本":"2012年版EEWH-RS",
    "認可等級":"黃金級",
    "rank":4,
    "有效期間":"2024年2月11日",
    "valid":"0",
    "認可類別":"標示",
    "設計人":"陳傳宗建築師事務所",
    "行政區":"臺北市",
    "ditrict":"信義區",
    "地號":"信義區信義段三小段52-2地號等2筆辦公廳及住宿類建築",
    "建築物使用類別":"住宿類建築"
    }
  },
  {
    "type": "Feature",
    "geometry": {
       "type": "Point",
       "coordinates":  [ 121.53878,25.031842 ]
    },
    "properties": {
    "#":592,
    "建築物名稱":"元利建設大安區瑞安段北基地集合住宅新建工程",
    "建築物概要":"地下4層，地上31層鋼骨構造住宿類建築",
    "認可版本":"2009年版",
    "認可等級":"黃金級",
    "rank":4,
    "有效期間":"2024年2月11日",
    "valid":"0",
    "認可類別":"標示",
    "設計人":"陳傳宗建築師事務所",
    "行政區":"臺北市",
    "ditrict":"大安區",
    "地號":"大安區瑞安段一小段219-1地號等2筆住宿類建築",
    "建築物使用類別":"住宿類建築"
    }
  },
  {
    "type": "Feature",
    "geometry": {
       "type": "Point",
       "coordinates":  [ 121.538771,25.031419 ]
    },
    "properties": {
    "#":593,
    "建築物名稱":"元利建設大安區瑞安段南基地集合住宅新建工程",
    "建築物概要":"地下4層，地上35層鋼骨構造住宿類建築",
    "認可版本":"2009年版",
    "認可等級":"黃金級",
    "rank":4,
    "有效期間":"2024年2月11日",
    "valid":"0",
    "認可類別":"標示",
    "設計人":"陳傳宗建築師事務所",
    "行政區":"臺北市",
    "ditrict":"大安區",
    "地號":"大安區瑞安段一小段220-2地號等2筆住宿類建築",
    "建築物使用類別":"住宿類建築"
    }
  },
  {
    "type": "Feature",
    "geometry": {
       "type": "Point",
       "coordinates":  [ 121.505913,25.127324 ]
    },
    "properties": {
    "#":594,
    "建築物名稱":"北投區三合段42地號等壹筆土地集合住宅新建工程",
    "建築物概要":"地下3層，地上10層鋼筋混凝土構造住宿類建築",
    "認可版本":"2012年版EEWH-RS",
    "認可等級":"銀級",
    "rank":3,
    "有效期間":"2024年1月30日",
    "valid":"0",
    "認可類別":"標示",
    "設計人":"簡俊卿建築師事務所",
    "行政區":"臺北市",
    "ditrict":"北投區",
    "地號":"北投區三合段42-0地號住宿類建築",
    "建築物使用類別":"住宿類建築"
    }
  },
  {
    "type": "Feature",
    "geometry": {
       "type": "Point",
       "coordinates":  [ 121.533724,25.065908 ]
    },
    "properties": {
    "#":595,
    "建築物名稱":"和裕投資松江路辦公大樓新建工程",
    "建築物概要":"地下4層，地上14層鋼骨造、鋼筋混凝土造辦公廳類建築",
    "認可版本":"2012年版EEWH-BC",
    "認可等級":"黃金級",
    "rank":4,
    "有效期間":"2024年1月27日",
    "valid":"0",
    "認可類別":"標示",
    "設計人":"錢宏洋建築師事務所",
    "行政區":"台北市",
    "ditrict":"中山區",
    "地號":"中山區榮星段七小段18-3地號等6筆辦公廳類建築",
    "建築物使用類別":"辦公廳類建築"
    }
  },
  {
    "type": "Feature",
    "geometry": {
       "type": "Point",
       "coordinates":  [ 121.552694,25.021141 ]
    },
    "properties": {
    "#":599,
    "建築物名稱":"源座建設大安辛亥段集合住宅案新建工程",
    "建築物概要":"地下4層，地上14層鋼筋混凝土構造住宿類建築",
    "認可版本":"2009年版",
    "認可等級":"銀級",
    "rank":3,
    "有效期間":"2023年11月19日",
    "valid":"0",
    "認可類別":"標示",
    "設計人":"黃明智建築師事務所",
    "行政區":"臺北市",
    "ditrict":"大安區",
    "地號":"大安區辛亥段三小段518-0地號住宿類建築",
    "建築物使用類別":"住宿類建築"
    }
  },
  {
    "type": "Feature",
    "geometry": {
       "type": "Point",
       "coordinates":  [ 121.567581,24.993064 ]
    },
    "properties": {
    "#":602,
    "建築物名稱":"冠德建設木柵秀明路住宅新建工程",
    "建築物概要":"地下4層，地上5層鋼筋混凝土構造住宿及大型空間類建築",
    "認可版本":"2012年版EEWH-RS",
    "認可等級":"黃金級",
    "rank":4,
    "有效期間":"2023年9月30日",
    "valid":"0",
    "認可類別":"標示",
    "設計人":"李祖原聯合建築師事務所",
    "行政區":"臺北市",
    "ditrict":"文山區",
    "地號":"文山區萬芳段二小段600-0地號等13筆住宿及大型空間類建築",
    "建築物使用類別":"住宿類建築"
    }
  },
  {
    "type": "Feature",
    "geometry": {
       "type": "Point",
       "coordinates":  [ 121.546805,25.031495 ]
    },
    "properties": {
    "#":604,
    "建築物名稱":"台北市大安區大安段一小段722-0地號集合住宅新建工程",
    "建築物概要":"地下4層，地上12層鋼筋混凝土構造住宿類建築",
    "認可版本":"2012年版EEWH-RS",
    "認可等級":"銀級",
    "rank":3,
    "有效期間":"2023年9月4日",
    "valid":"0",
    "認可類別":"標示",
    "設計人":"陳肇勳建築師事務所",
    "行政區":"臺北市",
    "ditrict":"大安區",
    "地號":"大安區大安段一小段722-0地號住宿類建築",
    "建築物使用類別":"住宿類建築"
    }
  },
  {
    "type": "Feature",
    "geometry": {
       "type": "Point",
       "coordinates":  [ 121.505721,25.128662 ]
    },
    "properties": {
    "#":606,
    "建築物名稱":"潤泰創新北投奇岩案新建工程",
    "建築物概要":"地下3層，地上10層鋼筋混凝土構造",
    "認可版本":"2012年版EEWH-RS",
    "認可等級":"銀級",
    "rank":3,
    "有效期間":"2023年8月27日",
    "valid":"0",
    "認可類別":"標示",
    "設計人":"張倫端建築師事務所",
    "行政區":"臺北市",
    "ditrict":"北投區",
    "地號":"北投區三合段31-0地號",
    "建築物使用類別":"住宿類建築"
    }
  },
  {
    "type": "Feature",
    "geometry": {
       "type": "Point",
       "coordinates":  [ 121.567896,25.034388 ]
    },
    "properties": {
    "#":608,
    "建築物名稱":"臺北南山廣場新建工程",
    "建築物概要":"地下5層，地上48層鋼骨構造辦公廳、百貨商場、旅館餐飲及大型空間類建築",
    "認可版本":"2015年版EEWH-BC",
    "認可等級":"鑽石級",
    "rank":5,
    "有效期間":"2023年7月9日",
    "valid":"0",
    "認可類別":"標示",
    "設計人":"瀚亞建築師事務所",
    "行政區":"臺北市",
    "ditrict":"信義區",
    "地號":"信義區信義段四小段28-0、29-0、30-0地號等3筆辦公廳、百貨商場、旅館餐飲及大型空間類建築",
    "建築物使用類別":"辦公廳類建築"
    }
  },
  {
    "type": "Feature",
    "geometry": {
       "type": "Point",
       "coordinates":  [ 121.574296,25.032647 ]
    },
    "properties": {
    "#":609,
    "建築物名稱":"虎林冷卻機房新建工程",
    "建築物概要":"地下1層，地上4層鋼筋混凝土構造大型空間類建築",
    "認可版本":"2012年版EEWH-BC",
    "認可等級":"銅級",
    "rank":2,
    "有效期間":"2023年7月4日",
    "valid":"0",
    "認可類別":"標示",
    "設計人":"謝慧玲建築師事務所",
    "行政區":"臺北市",
    "ditrict":"信義區",
    "地號":"信義區信義段五小段2-0地號大型空間類建築",
    "建築物使用類別":"大型空間類建築"
    }
  },
  {
    "type": "Feature",
    "geometry": {
       "type": "Point",
       "coordinates":  [ 121.594179,25.084148 ]
    },
    "properties": {
    "#":610,
    "建築物名稱":"台北市都會區大眾捷運系統內湖線內湖站交十一基地土地開發投資案新建工程",
    "建築物概要":"地下3層，地上15層鋼筋混凝土構造辦公廳、百貨商場、旅館餐飲及大型空間類建築",
    "認可版本":"2009年版",
    "認可等級":"合格級",
    "rank":1,
    "有效期間":"2023年7月2日",
    "valid":"0",
    "認可類別":"標示",
    "設計人":"陳信樟建築師事務所",
    "行政區":"臺北市",
    "ditrict":"內湖區",
    "地號":"內湖區康寧段三小段199-0地號辦公廳、百貨商場、旅館餐飲及大型空間類建築",
    "建築物使用類別":"百貨商場類建築"
    }
  },
  {
    "type": "Feature",
    "geometry": {
       "type": "Point",
       "coordinates":  [ 121.5461,25.048778 ]
    },
    "properties": {
    "#":611,
    "建築物名稱":"合作金庫商業銀行松山區敦化段總行大樓新建工程",
    "建築物概要":"地下5層，地上20層鋼骨構造辦公廳及大型空間類建築",
    "認可版本":"2009年版",
    "認可等級":"銀級",
    "rank":3,
    "有效期間":"2023年6月20日",
    "valid":"0",
    "認可類別":"標示",
    "設計人":"三門聯合建築師事務所",
    "行政區":"臺北市",
    "ditrict":"松山區",
    "地號":"松山區敦化段二小段173-3地號等14筆辦公廳及大型空間類建築",
    "建築物使用類別":"辦公廳類建築"
    }
  },
  {
    "type": "Feature",
    "geometry": {
       "type": "Point",
       "coordinates":  [ 121.57038,25.034526 ]
    },
    "properties": {
    "#":614,
    "建築物名稱":"文心建設信義段G1集合住宅新建工程",
    "建築物概要":"地下3層，地上22層鋼骨構造住宿類建築",
    "認可版本":"2009年版",
    "認可等級":"銀級",
    "rank":3,
    "有效期間":"2023年4月25日",
    "valid":"0",
    "認可類別":"標示",
    "設計人":"元宏聯合建築師事務所",
    "行政區":"臺北市",
    "ditrict":"信義區",
    "地號":"信義區信義段三小段47-1地號住宿類建築",
    "建築物使用類別":"住宿類建築"
    }
  },
  {
    "type": "Feature",
    "geometry": {
       "type": "Point",
       "coordinates":  [ 121.499493,25.033311 ]
    },
    "properties": {
    "#":616,
    "建築物名稱":"萬華車站BOT新建工程案(交一西站)",
    "建築物概要":"地下1層，地上26層鋼骨構造旅館餐飲類建築",
    "認可版本":"2009年版",
    "認可等級":"黃金級",
    "rank":4,
    "有效期間":"2023年4月8日",
    "valid":"0",
    "認可類別":"標示",
    "設計人":"李祖原聯合建築師事務所",
    "行政區":"臺北市",
    "ditrict":"萬華區",
    "地號":"萬華區萬華段二小段1037-0地號等5筆旅館餐飲類建築",
    "建築物使用類別":"旅館餐飲類建築"
    }
  },
  {
    "type": "Feature",
    "geometry": {
       "type": "Point",
       "coordinates":  [ 121.50478,25.125178 ]
    },
    "properties": {
    "#":617,
    "建築物名稱":"得意山莊微風區",
    "建築物概要":"地下3層，地上9層鋼筋混凝土構造住宿類建築",
    "認可版本":"2012年版EEWH-RS",
    "認可等級":"銀級",
    "rank":3,
    "有效期間":"2023年3月30日",
    "valid":"0",
    "認可類別":"標示",
    "設計人":"李文勝建築師事務所",
    "行政區":"臺北市",
    "ditrict":"北投區",
    "地號":"北投區三合段71-0地號住宿類建築",
    "建築物使用類別":"住宿類建築"
    }
  },
  {
    "type": "Feature",
    "geometry": {
       "type": "Point",
       "coordinates":  [ 121.572929,25.034426 ]
    },
    "properties": {
    "#":618,
    "建築物名稱":"冠德建設信義區集合住宅新建工程(信義段三小段37地號)",
    "建築物概要":"地下3層，地上16層鋼骨構造住宿類建築",
    "認可版本":"2009年版",
    "認可等級":"銀級",
    "rank":3,
    "有效期間":"2023年3月27日",
    "valid":"0",
    "認可類別":"標示",
    "設計人":"周夢龍建築師事務所 簡志聰建築師事務所 柯智明建築師事務所",
    "行政區":"台北市",
    "ditrict":"信義區",
    "地號":"信義區信義段三小段37-0地號住宿類建築",
    "建築物使用類別":"住宿類建築"
    }
  },
  {
    "type": "Feature",
    "geometry": {
       "type": "Point",
       "coordinates":  [ 121.572411,25.034438 ]
    },
    "properties": {
    "#":620,
    "建築物名稱":"冠德建設信義區集合住宅新建工程(信義段三小段39-2地號)",
    "建築物概要":"地下3層，地上16層鋼骨構造住宿類建築",
    "認可版本":"2009年版",
    "認可等級":"銀級",
    "rank":3,
    "有效期間":"2023年3月27日",
    "valid":"0",
    "認可類別":"標示",
    "設計人":"周夢龍建築師事務所、簡志聰建築師事務所、柯智明建築師事務所",
    "行政區":"臺北市",
    "ditrict":"信義區",
    "地號":"信義區信義段三小段39-2號住宿類建築",
    "建築物使用類別":"住宿類建築"
    }
  },
  {
    "type": "Feature",
    "geometry": {
       "type": "Point",
       "coordinates":  [ 121.588584,24.999533 ]
    },
    "properties": {
    "#":621,
    "建築物名稱":"臺北市立動物園河馬場更新工程",
    "建築物概要":"地下1層，地上2層鋼筋混凝土構造大型空間及其他類建築",
    "認可版本":"2009年版",
    "認可等級":"合格級",
    "rank":1,
    "有效期間":"2023年3月20日",
    "valid":"0",
    "認可類別":"標示",
    "設計人":"黃堯均建築師事務所",
    "行政區":"臺北市",
    "ditrict":"文山區",
    "地號":"文山區頭廷段四小段72-0地號等113筆大型空間及其他類建築",
    "建築物使用類別":"大型空間類建築"
    }
  },
  {
    "type": "Feature",
    "geometry": {
       "type": "Point",
       "coordinates":  [ 121.518537,25.055671 ]
    },
    "properties": {
    "#":622,
    "建築物名稱":"臺北市大同區圓環段一小段385地號等24筆土地都市更新事業計畫及權利變換計畫案",
    "建築物概要":"地下4層，地上18層鋼筋混凝土構造住宿類建築",
    "認可版本":"2009年版",
    "認可等級":"銀級",
    "rank":3,
    "有效期間":"2023年3月20日",
    "valid":"0",
    "認可類別":"標示",
    "設計人":"上滕聯合建築師事務所",
    "行政區":"臺北市",
    "ditrict":"大同區",
    "地號":"臺北市大同區圓環段一小段539-0地號等2筆住宿類建築",
    "建築物使用類別":"住宿類建築"
    }
  },
  {
    "type": "Feature",
    "geometry": {
       "type": "Point",
       "coordinates":  [ 121.571475,25.034043 ]
    },
    "properties": {
    "#":623,
    "建築物名稱":"冠德建設信義三小段44-2地號住宅新建工程",
    "建築物概要":"地下3層，地上12層鋼骨構造住宿類建築",
    "認可版本":"2009年版",
    "認可等級":"銀級",
    "rank":3,
    "有效期間":"2023年3月18日",
    "valid":"0",
    "認可類別":"標示",
    "設計人":"周夢龍建築師事務所 簡志聰建築師事務所",
    "行政區":"台北市",
    "ditrict":"信義區",
    "地號":"信義區信義段三小段44-2地號住宿類建築",
    "建築物使用類別":"住宿類建築"
    }
  },
  {
    "type": "Feature",
    "geometry": {
       "type": "Point",
       "coordinates":  [ 121.517706,25.025584 ]
    },
    "properties": {
    "#":624,
    "建築物名稱":"臺北市中正區河堤段集合住宅新建工程",
    "建築物概要":"地下6層，地上19層鋼筋混凝土構造住宿類建築",
    "認可版本":"2009年版",
    "認可等級":"銀級",
    "rank":3,
    "有效期間":"2023年3月5日",
    "valid":"0",
    "認可類別":"標示",
    "設計人":"蕭家福聯合建築師事務所",
    "行政區":"臺北市",
    "ditrict":"中正區",
    "地號":"中正區河堤段四小段527-0 地號等2 筆住宿類建築",
    "建築物使用類別":"住宿類建築"
    }
  },
  {
    "type": "Feature",
    "geometry": {
       "type": "Point",
       "coordinates":  [ 121.547828,25.077612 ]
    },
    "properties": {
    "#":625,
    "建築物名稱":"東大成大直案新建工程",
    "建築物概要":"地下1層，地上9層鋼筋混凝土構造住宿類建築",
    "認可版本":"2012年版EEWH-RS",
    "認可等級":"合格級",
    "rank":1,
    "有效期間":"2023年2月12日",
    "valid":"0",
    "認可類別":"標示",
    "設計人":"陳克聚建築師事務所",
    "行政區":"臺北市",
    "ditrict":"中山區",
    "地號":"中山區北安段三小段666-0地號住宿類建築",
    "建築物使用類別":"住宿類建築"
    }
  },
  {
    "type": "Feature",
    "geometry": {
       "type": "Point",
       "coordinates":  [ 121.504152,25.128341 ]
    },
    "properties": {
    "#":627,
    "建築物名稱":"福美開發北投區三合段集合住宅新建工程",
    "建築物概要":"地下3層，地上8層鋼筋混凝土構造　住宿類建築",
    "認可版本":"2012年版EEWH-RS",
    "認可等級":"銀級",
    "rank":3,
    "有效期間":"2022年12月3日",
    "valid":"0",
    "認可類別":"標示",
    "設計人":"金以容建築師事務所",
    "行政區":"臺北市",
    "ditrict":"北投區",
    "地號":"北投區三合段21-0地號",
    "建築物使用類別":"住宿類建築"
    }
  },
  {
    "type": "Feature",
    "geometry": {
       "type": "Point",
       "coordinates":  [ 121.592369,25.065669 ]
    },
    "properties": {
    "#":629,
    "建築物名稱":"聯勤建設 聯勤三喜",
    "建築物概要":"地下3層，地上11層鋼筋混凝土構造住宿類建築",
    "認可版本":"2009年版",
    "認可等級":"銀級",
    "rank":3,
    "有效期間":"2022年11月22日",
    "valid":"0",
    "認可類別":"標示",
    "設計人":"三門聯合建築師事務所",
    "行政區":"臺北市",
    "ditrict":"內湖區",
    "地號":"內湖區石潭段三小段662-0地號",
    "建築物使用類別":"住宿類建築"
    }
  },
  {
    "type": "Feature",
    "geometry": {
       "type": "Point",
       "coordinates":  [ 121.510565,25.047282 ]
    },
    "properties": {
    "#":630,
    "建築物名稱":"欣富亞洲中正區城中段一小段577地號旅館新建工程",
    "建築物概要":"地下3層，地上26層鋼骨構造旅館餐飲類建築",
    "認可版本":"2015年版EEWH-BC",
    "認可等級":"黃金級",
    "rank":4,
    "有效期間":"2022年11月22日",
    "valid":"0",
    "認可類別":"標示",
    "設計人":"吳非士建築師事務所",
    "行政區":"臺北市",
    "ditrict":"中正區",
    "地號":"中正區城中段一小段577-0地號",
    "建築物使用類別":"旅館餐飲類建築"
    }
  },
  {
    "type": "Feature",
    "geometry": {
       "type": "Point",
       "coordinates":  [ 121.522613,25.051118 ]
    },
    "properties": {
    "#":631,
    "建築物名稱":"中山北路集合住宅新建工程",
    "建築物概要":"地下6層，地上23層鋼骨造辦公廳及住宿類建築",
    "認可版本":"2015年版EEWH-RS",
    "認可等級":"銀級",
    "rank":3,
    "有效期間":"2022年9月21日",
    "valid":"0",
    "認可類別":"標示",
    "設計人":"境向聯合建築師事務所",
    "行政區":"臺北市",
    "ditrict":"中山區",
    "地號":"中山區正義段三小段354-0地號",
    "建築物使用類別":"住宿類建築"
    }
  },
  {
    "type": "Feature",
    "geometry": {
       "type": "Point",
       "coordinates":  [ 121.516649,25.106536 ]
    },
    "properties": {
    "#":632,
    "建築物名稱":"永陞建設北投區文林段三小段住宅新建工程",
    "建築物概要":"地下5層，地上25層鋼骨構造住宿類建築",
    "認可版本":"2009年版",
    "認可等級":"銀級",
    "rank":3,
    "有效期間":"2022年9月14日",
    "valid":"0",
    "認可類別":"標示",
    "設計人":"呂建勳建築師事務所",
    "行政區":"臺北市",
    "ditrict":"北投區",
    "地號":"北投區文林段三小段923-0地號",
    "建築物使用類別":"住宿類建築"
    }
  },
  {
    "type": "Feature",
    "geometry": {
       "type": "Point",
       "coordinates":  [ 121.5385,25.04425 ]
    },
    "properties": {
    "#":633,
    "建築物名稱":"統創企業大樓",
    "建築物概要":"地下5層，地上15層鋼骨構造辦公廳類建築",
    "認可版本":"2012年版EEWH-BC",
    "認可等級":"鑽石級",
    "rank":5,
    "有效期間":"2022年8月17日",
    "valid":"0",
    "認可類別":"標示",
    "設計人":"李天鐸建築師事務所",
    "行政區":"臺北市",
    "ditrict":"大安區",
    "地號":"大安區懷生段一小段931-0地號",
    "建築物使用類別":"辦公廳類建築"
    }
  },
  {
    "type": "Feature",
    "geometry": {
       "type": "Point",
       "coordinates":  [ 121.501832,25.033506 ]
    },
    "properties": {
    "#":634,
    "建築物名稱":"萬華車站BOT新建工程案(交二東站)",
    "建築物概要":"地下1層，地上16層鋼骨造辦公廳及旅館餐飲類建築",
    "認可版本":"2009年版",
    "認可等級":"黃金級",
    "rank":4,
    "有效期間":"2022年7月25日",
    "valid":"0",
    "認可類別":"標示",
    "設計人":"李祖原聯合建築師事務所",
    "行政區":"臺北市",
    "ditrict":"萬華區",
    "地號":"萬華區萬華段二小段1037-5地號等3筆",
    "建築物使用類別":"辦公廳類建築"
    }
  },
  {
    "type": "Feature",
    "geometry": {
       "type": "Point",
       "coordinates":  [ 121.613062,25.045274 ]
    },
    "properties": {
    "#":635,
    "建築物名稱":"中央研究院生態時代館新建工程",
    "建築物概要":"地上2層鋼構造，鋼筋混凝土構造辦公廳類建築",
    "認可版本":"2012年版EEWH-BC",
    "認可等級":"銀級",
    "rank":3,
    "有效期間":"2022年7月24日",
    "valid":"0",
    "認可類別":"標示",
    "設計人":"上滕聯合建築師事務所",
    "行政區":"臺北市",
    "ditrict":"南港區",
    "地號":"南港區中南段二小段324-11地號等73筆",
    "建築物使用類別":"辦公廳類建築"
    }
  },
  {
    "type": "Feature",
    "geometry": {
       "type": "Point",
       "coordinates":  [ 121.537774,25.044254 ]
    },
    "properties": {
    "#":636,
    "建築物名稱":"忠泰長虹建設大安區懷生段辦公及住宅大樓新建工程",
    "建築物概要":"地下4層，地上23層鋼骨構造辦公廳及住宿類建築",
    "認可版本":"2009年版",
    "認可等級":"合格級",
    "rank":1,
    "有效期間":"2022年7月6日",
    "valid":"0",
    "認可類別":"標示",
    "設計人":"王克誠建築師事務所",
    "行政區":"臺北市",
    "ditrict":"大安區",
    "地號":"大安區懷生段一小段949-0、950-0等二筆地號",
    "建築物使用類別":"住宿類建築"
    }
  },
  {
    "type": "Feature",
    "geometry": {
       "type": "Point",
       "coordinates":  [ 121.539075,25.027525 ]
    },
    "properties": {
    "#":637,
    "建築物名稱":"首鋼開發瑞安段住宅案新建工程",
    "建築物概要":"地下3層，地上12層鋼筋混凝土構造住宿類建築",
    "認可版本":"2012年版EEWH-RS",
    "認可等級":"銀級",
    "rank":3,
    "有效期間":"2022年6月13日",
    "valid":"0",
    "認可類別":"標示",
    "設計人":"邱垂睿建築師事務所",
    "行政區":"臺北市",
    "ditrict":"大安區",
    "地號":"大安區瑞安段三小段320-0地號",
    "建築物使用類別":"住宿類建築"
    }
  },
  {
    "type": "Feature",
    "geometry": {
       "type": "Point",
       "coordinates":  [ 121.47163,25.129532 ]
    },
    "properties": {
    "#":638,
    "建築物名稱":"和信治癌中心醫院二期新建工程",
    "建築物概要":"地下4層，地上11層鋼筋混凝土構造醫院類建築",
    "認可版本":"2009年版",
    "認可等級":"銅級",
    "rank":2,
    "有效期間":"2022年6月12日",
    "valid":"0",
    "認可類別":"標示",
    "設計人":"許常吉建築師事務所",
    "行政區":"臺北市",
    "ditrict":"北投區",
    "地號":"北投區豐年段四小段383-0地號等6筆",
    "建築物使用類別":"醫院類建築"
    }
  },
  {
    "type": "Feature",
    "geometry": {
       "type": "Point",
       "coordinates":  [ 121.547919,24.998811 ]
    },
    "properties": {
    "#":639,
    "建築物名稱":"躍翔建設&潤隆建設文山區興安段二小段637-0地號17層集合住宅新建工程",
    "建築物概要":"地下5層，地上17層鋼骨及鋼骨鋼筋混凝土構造辦公廳及住宿類建築",
    "認可版本":"2009年版",
    "認可等級":"銀級",
    "rank":3,
    "有效期間":"2022年6月12日",
    "valid":"0",
    "認可類別":"標示",
    "設計人":"吳非士建築師事務所",
    "行政區":"臺北市",
    "ditrict":"文山區",
    "地號":"文山區興安段二小段637-0地號",
    "建築物使用類別":"住宿類建築"
    }
  },
  {
    "type": "Feature",
    "geometry": {
       "type": "Point",
       "coordinates":  [ 121.539303,24.996586 ]
    },
    "properties": {
    "#":640,
    "建築物名稱":"財政部財政人員訓練所及其周邊國有土地合作開發案(政府辦公大樓)",
    "建築物概要":"地下2層，地上15層鋼筋混凝土、鋼骨鋼筋混凝土及鋼骨構造辦公廳類建築",
    "認可版本":"2012年版EEWH-BC",
    "認可等級":"黃金級",
    "rank":4,
    "有效期間":"2022年6月8日",
    "valid":"0",
    "認可類別":"標示",
    "設計人":"潘冀聯合建築師事務所",
    "行政區":"臺北市",
    "ditrict":"文山區",
    "地號":"文山區萬慶段一小段205-0地號等10筆",
    "建築物使用類別":"辦公廳類建築"
    }
  },
  {
    "type": "Feature",
    "geometry": {
       "type": "Point",
       "coordinates":  [ 121.593204,25.088441 ]
    },
    "properties": {
    "#":641,
    "建築物名稱":"內湖區康寧段二小段67地號集合住宅新建工程",
    "建築物概要":"地下4層，地上19層鋼筋混凝土構造住宿類建築",
    "認可版本":"2009年版",
    "認可等級":"銀級",
    "rank":3,
    "有效期間":"2022年6月1日",
    "valid":"0",
    "認可類別":"標示",
    "設計人":"簡俊卿建築師事務所",
    "行政區":"臺北市",
    "ditrict":"內湖區",
    "地號":"內湖區康寧段二小段67-0地號",
    "建築物使用類別":"住宿類建築"
    }
  },
  {
    "type": "Feature",
    "geometry": {
       "type": "Point",
       "coordinates":  [ 121.559213,24.990046 ]
    },
    "properties": {
    "#":642,
    "建築物名稱":"鴻愷建設華興段一小段10地號等10筆集合住宅新建工程",
    "建築物概要":"地下3層，地上15層鋼筋混凝土構造住宿類建築",
    "認可版本":"2009年版",
    "認可等級":"銀級",
    "rank":3,
    "有效期間":"2022年5月22日",
    "valid":"0",
    "認可類別":"標示",
    "設計人":"吳非士建築師事務所",
    "行政區":"臺北市",
    "ditrict":"文山區",
    "地號":"文山區華興段一小段10-0地號",
    "建築物使用類別":"住宿類建築"
    }
  },
  {
    "type": "Feature",
    "geometry": {
       "type": "Point",
       "coordinates":  [ 121.544963,25.012118 ]
    },
    "properties": {
    "#":643,
    "建築物名稱":"國立臺灣大學全校性實驗動物研究中心新建工程",
    "建築物概要":"地下1層，地上4層鋼筋混凝土構造學校類建築",
    "認可版本":"2007年更新版",
    "認可等級":"合格級",
    "rank":1,
    "有效期間":"2022年5月15日",
    "valid":"0",
    "認可類別":"標示",
    "設計人":"金光裕建築師事務所",
    "行政區":"臺北市",
    "ditrict":"大安區",
    "地號":"大安區辛亥段五小段185-0地號等12筆",
    "建築物使用類別":"學校類建築"
    }
  },
  {
    "type": "Feature",
    "geometry": {
       "type": "Point",
       "coordinates":  [ 121.49865,25.032871 ]
    },
    "properties": {
    "#":645,
    "建築物名稱":"萬華車站BOT新建工程案(交三)",
    "建築物概要":"地下3層，地上1層鋼骨造其他類建築",
    "認可版本":"2009年版",
    "認可等級":"黃金級",
    "rank":4,
    "有效期間":"2022年4月6日",
    "valid":"0",
    "認可類別":"標示",
    "設計人":"李祖原聯合建築師事務所",
    "行政區":"臺北市",
    "ditrict":"萬華區",
    "地號":"萬華區萬華段二小段1038-0地號",
    "建築物使用類別":"其他類建築"
    }
  },
  {
    "type": "Feature",
    "geometry": {
       "type": "Point",
       "coordinates":  [ 121.50532,25.12547 ]
    },
    "properties": {
    "#":647,
    "建築物名稱":"遠雄山晴集合住宅新建工程",
    "建築物概要":"地下4層，地上9層鋼筋混凝土構造住宿類建築",
    "認可版本":"2012年版EEWH-RS",
    "認可等級":"銀級",
    "rank":3,
    "有效期間":"2022年3月26日",
    "valid":"0",
    "認可類別":"標示",
    "設計人":"黃永沃建築師事務所",
    "行政區":"臺北市",
    "ditrict":"北投區",
    "地號":"北投區三合段69-0地號",
    "建築物使用類別":"住宿類建築"
    }
  },
  {
    "type": "Feature",
    "geometry": {
       "type": "Point",
       "coordinates":  [ 121.531272,25.117585 ]
    },
    "properties": {
    "#":648,
    "建築物名稱":"華固建設士林區三玉段三小段2地號等2筆集合住宅新建工程",
    "建築物概要":"地下4層，地上38層鋼骨構造辦公廳及住宿類建築",
    "認可版本":"2009年版",
    "認可等級":"鑽石級",
    "rank":5,
    "有效期間":"2022年3月21日",
    "valid":"0",
    "認可類別":"標示",
    "設計人":"簡俊卿建築師事務所",
    "行政區":"臺北市",
    "ditrict":"士林區",
    "地號":"士林區三玉段三小段2-0地號等2筆",
    "建築物使用類別":"住宿類建築"
    }
  },
  {
    "type": "Feature",
    "geometry": {
       "type": "Point",
       "coordinates":  [ 121.538007,25.045575 ]
    },
    "properties": {
    "#":649,
    "建築物名稱":"中山區長安段二小段集合住宅新建工程",
    "建築物概要":"地下3層，地上14層鋼骨鋼筋混凝土構造住宿類建築",
    "認可版本":"2009年版",
    "認可等級":"銀級",
    "rank":3,
    "有效期間":"2022年3月9日",
    "valid":"0",
    "認可類別":"標示",
    "設計人":"林連璋建築師事務所",
    "行政區":"臺北市",
    "ditrict":"中山區",
    "地號":"中山區長安段二小段684-0地號",
    "建築物使用類別":"住宿類建築"
    }
  },
  {
    "type": "Feature",
    "geometry": {
       "type": "Point",
       "coordinates":  [ 121.522636,25.113167 ]
    },
    "properties": {
    "#":651,
    "建築物名稱":"臺北市立圖書館石牌分館",
    "建築物概要":"地下2層，地上11層鋼骨鋼筋混凝土構造辦公廳類建築",
    "認可版本":"2001年更新版",
    "認可等級":"免評估",
    "rank":0,
    "有效期間":"2022年2月15日",
    "valid":"0",
    "認可類別":"標示",
    "設計人":"曾億沅建築師事務所",
    "行政區":"臺北市",
    "ditrict":"北投區",
    "地號":"北投區振興段一小段359-0地號",
    "建築物使用類別":"辦公廳類建築"
    }
  },
  {
    "type": "Feature",
    "geometry": {
       "type": "Point",
       "coordinates":  [ 121.539303,24.996586 ]
    },
    "properties": {
    "#":652,
    "建築物名稱":"財政部財政人員訓練所及其周邊國有土地合作開發案(學員宿舍)",
    "建築物概要":"地下1層，地上11層鋼筋混凝土構造住宿類建築",
    "認可版本":"2012年版EEWH-RS",
    "認可等級":"銀級",
    "rank":3,
    "有效期間":"2022年2月2日",
    "valid":"0",
    "認可類別":"標示",
    "設計人":"潘冀聯合建築師事務所",
    "行政區":"臺北市",
    "ditrict":"文山區",
    "地號":"文山區萬慶段一小段205-0地號等10筆",
    "建築物使用類別":"住宿類建築"
    }
  },
  {
    "type": "Feature",
    "geometry": {
       "type": "Point",
       "coordinates":  [ 121.606678,25.081264 ]
    },
    "properties": {
    "#":654,
    "建築物名稱":"大湖公園環境改造工程",
    "建築物概要":"地上2層鋼骨及鋼筋混凝土構造大型空間及其他類建築",
    "認可版本":"2009年版",
    "認可等級":"合格級",
    "rank":1,
    "有效期間":"2022年1月19日",
    "valid":"0",
    "認可類別":"標示",
    "設計人":"林松生建築師事務所",
    "行政區":"臺北市",
    "ditrict":"內湖區",
    "地號":"內湖區東湖段六小段489-0地號等15筆",
    "建築物使用類別":"大型空間類建築"
    }
  },
  {
    "type": "Feature",
    "geometry": {
       "type": "Point",
       "coordinates":  [ 121.551014,25.06324 ]
    },
    "properties": {
    "#":656,
    "建築物名稱":"松山機場第三停車場立體化工程",
    "建築物概要":"地上3層鋼筋混凝土構造其他類建築",
    "認可版本":"2005年更新版",
    "認可等級":"合格級",
    "rank":1,
    "有效期間":"2022年1月5日",
    "valid":"0",
    "認可類別":"標示",
    "設計人":"張威廉建築師事務所",
    "行政區":"臺北市",
    "ditrict":"松山區",
    "地號":"松山區濱江段四小段194-11地號等12筆",
    "建築物使用類別":"其他類建築"
    }
  },
  {
    "type": "Feature",
    "geometry": {
       "type": "Point",
       "coordinates":  [ 121.615998,25.048867 ]
    },
    "properties": {
    "#":657,
    "建築物名稱":"南港加壓站配水池新建工程",
    "建築物概要":"地下1層，地上3層鋼筋混凝土構造大型空間類建築",
    "認可版本":"2012年版EEWH-BC",
    "認可等級":"合格級",
    "rank":1,
    "有效期間":"2022年1月3日",
    "valid":"0",
    "認可類別":"標示",
    "設計人":"吳坤霖建築師事務所",
    "行政區":"臺北市",
    "ditrict":"南港區",
    "地號":"南港區中南段二小段3-0地號等6筆",
    "建築物使用類別":"大型空間類建築"
    }
  },
  {
    "type": "Feature",
    "geometry": {
       "type": "Point",
       "coordinates":  [ 121.513968,25.038192 ]
    },
    "properties": {
    "#":658,
    "建築物名稱":"台北市立第一女子高級中學資源大樓學珠樓新建工程",
    "建築物概要":"地下2層，地上6層鋼筋混凝土構造大型空間類建築",
    "認可版本":"2007年更新版",
    "認可等級":"合格級",
    "rank":1,
    "有效期間":"2021年12月28日",
    "valid":"0",
    "認可類別":"標示",
    "設計人":"大宇建築師事務所",
    "行政區":"臺北市",
    "ditrict":"中正區",
    "地號":"中正區公園段三小段310-0地號",
    "建築物使用類別":"大型空間類建築"
    }
  },
  {
    "type": "Feature",
    "geometry": {
       "type": "Point",
       "coordinates":  [ 121.559038,24.99163 ]
    },
    "properties": {
    "#":659,
    "建築物名稱":"欣偉傑建設公訓段案新建工程",
    "建築物概要":"地下4層，地上17層鋼筋混凝土構造住宿類建築",
    "認可版本":"2012年版EEWH-RS",
    "認可等級":"銀級",
    "rank":3,
    "有效期間":"2021年12月28日",
    "valid":"0",
    "認可類別":"標示",
    "設計人":"江培珩建築師事務所",
    "行政區":"臺北市",
    "ditrict":"文山區",
    "地號":"文山區公訓段三小段360-0地號等3筆",
    "建築物使用類別":"住宿類建築"
    }
  },
  {
    "type": "Feature",
    "geometry": {
       "type": "Point",
       "coordinates":  [ 121.594544,25.048818 ]
    },
    "properties": {
    "#":660,
    "建築物名稱":"衛生福利部衛生福利大樓新建工程",
    "建築物概要":"地下2層，地上12層鋼骨及鋼筋混凝土構造辦公廳類建築",
    "認可版本":"2007年更新版",
    "認可等級":"鑽石級",
    "rank":5,
    "有效期間":"2021年12月14日",
    "valid":"0",
    "認可類別":"標示",
    "設計人":"九典聯合建築師事務所",
    "行政區":"臺北市",
    "ditrict":"南港區",
    "地號":"南港區新光段一小段119-1地號等20筆",
    "建築物使用類別":"辦公廳類建築"
    }
  },
  {
    "type": "Feature",
    "geometry": {
       "type": "Point",
       "coordinates":  [ 121.529252,25.027353 ]
    },
    "properties": {
    "#":661,
    "建築物名稱":"國立臺灣師範大學圖書館校區文化生活館新建工程",
    "建築物概要":"地下1層，地上4層鋼筋混凝土構造百貨商場類建築",
    "認可版本":"2009年版",
    "認可等級":"銀級",
    "rank":3,
    "有效期間":"2021年12月6日",
    "valid":"0",
    "認可類別":"標示",
    "設計人":"陳聖中建築師事務所",
    "行政區":"臺北市",
    "ditrict":"大安區",
    "地號":"大安區金華段二小段674-0地號等2筆",
    "建築物使用類別":"百貨商場類建築"
    }
  },
  {
    "type": "Feature",
    "geometry": {
       "type": "Point",
       "coordinates":  [ 121.532619,25.070857 ]
    },
    "properties": {
    "#":662,
    "建築物名稱":"臺北國際花卉博覽會-新生公園區夢想館、未來館與生活館展館",
    "建築物概要":"地下1層，地上2層鋼骨造、鋼筋混凝土構造大型空間類建築",
    "認可版本":"2007年更新版",
    "認可等級":"鑽石級",
    "rank":5,
    "有效期間":"2021年11月27日",
    "valid":"0",
    "認可類別":"標示",
    "設計人":"鄞埼錩建築師事務所",
    "行政區":"臺北市",
    "ditrict":"中山區",
    "地號":"中山區德惠段一小段72-0地號等9筆",
    "建築物使用類別":"大型空間類建築"
    }
  },
  {
    "type": "Feature",
    "geometry": {
       "type": "Point",
       "coordinates":  [ 121.515074,25.119933 ]
    },
    "properties": {
    "#":663,
    "建築物名稱":"國立陽明大學研究生暨國際學生宿舍新建工程",
    "建築物概要":"地下1層，地上7層鋼筋混凝土構造住宿類建築",
    "認可版本":"2009年版",
    "認可等級":"銅級",
    "rank":2,
    "有效期間":"2021年11月24日",
    "valid":"0",
    "認可類別":"標示",
    "設計人":"大林聯合建築師事務所",
    "行政區":"臺北市",
    "ditrict":"北投區",
    "地號":"北投區崇仰段三小段353-2地號等77筆",
    "建築物使用類別":"住宿類建築"
    }
  },
  {
    "type": "Feature",
    "geometry": {
       "type": "Point",
       "coordinates":  [ 121.514006,25.030001 ]
    },
    "properties": {
    "#":664,
    "建築物名稱":"臺北市建國高級中學教學綜合大樓新建工程",
    "建築物概要":"地下3層，地上7層鋼骨鋼筋混凝土構造學校及大型空間類建築",
    "認可版本":"2007年更新版",
    "認可等級":"銅級",
    "rank":2,
    "有效期間":"2021年11月24日",
    "valid":"0",
    "認可類別":"標示",
    "設計人":"王慶樽建築師事務所",
    "行政區":"臺北市",
    "ditrict":"中正區",
    "地號":"中正區南海段五小段383-0地號等2筆",
    "建築物使用類別":"學校類建築"
    }
  },
  {
    "type": "Feature",
    "geometry": {
       "type": "Point",
       "coordinates":  [ 121.534221,25.047753 ]
    },
    "properties": {
    "#":665,
    "建築物名稱":"臺北市政府消防局松江分隊新建工程",
    "建築物概要":"地下3層，地上12層鋼筋混凝土構造辦公廳及住宿類建築",
    "認可版本":"2009年版",
    "認可等級":"合格級",
    "rank":1,
    "有效期間":"2021年11月22日",
    "valid":"0",
    "認可類別":"標示",
    "設計人":"廖晏瑋建築師事務所",
    "行政區":"臺北市",
    "ditrict":"中山區",
    "地號":"中山區長安段四小段138-0地號",
    "建築物使用類別":"辦公廳類建築"
    }
  },
  {
    "type": "Feature",
    "geometry": {
       "type": "Point",
       "coordinates":  [ 121.505725,25.12803 ]
    },
    "properties": {
    "#":666,
    "建築物名稱":"遠雄建設遠雄山綺社區案新建工程",
    "建築物概要":"地下4層，地上9層鋼筋混凝土構造住宿類建築",
    "認可版本":"2009年版",
    "認可等級":"銀級",
    "rank":3,
    "有效期間":"2021年11月21日",
    "valid":"0",
    "認可類別":"標示",
    "設計人":"黃永沃建築師事務所",
    "行政區":"臺北市",
    "ditrict":"北投區",
    "地號":"北投區三合段32-0地號",
    "建築物使用類別":"住宿類建築"
    }
  },
  {
    "type": "Feature",
    "geometry": {
       "type": "Point",
       "coordinates":  [ 121.617836,25.042613 ]
    },
    "properties": {
    "#":668,
    "建築物名稱":"臺北市南港區胡適國民小學誠正樓重建暨活動中心新建工程",
    "建築物概要":"地下1層，地上5層鋼筋混凝土造、鋼骨造學校、大型空間及其他類建築",
    "認可版本":"2007年更新版",
    "認可等級":"銀級",
    "rank":3,
    "有效期間":"2021年11月3日",
    "valid":"0",
    "認可類別":"標示",
    "設計人":"綠野國際建築師事務所",
    "行政區":"臺北市",
    "ditrict":"南港區",
    "地號":"南港區中南段三小段63-0地號等3筆",
    "建築物使用類別":"學校類建築"
    }
  },
  {
    "type": "Feature",
    "geometry": {
       "type": "Point",
       "coordinates":  [ 121.522985,25.063163 ]
    },
    "properties": {
    "#":669,
    "建築物名稱":"中山富御",
    "建築物概要":"地下6層，地上16層鋼骨鋼筋混凝土構造辦公廳及住宿類建築",
    "認可版本":"2012年版EEWH-RS",
    "認可等級":"銀級",
    "rank":3,
    "有效期間":"2021年10月30日",
    "valid":"0",
    "認可類別":"標示",
    "設計人":"張維哲建築師事務所",
    "行政區":"臺北市",
    "ditrict":"中山區",
    "地號":"中山區中山段一小段692-0地號",
    "建築物使用類別":"住宿類建築"
    }
  },
  {
    "type": "Feature",
    "geometry": {
       "type": "Point",
       "coordinates":  [ 121.525142,25.048738 ]
    },
    "properties": {
    "#":670,
    "建築物名稱":"第一商業銀行財經辦公大樓",
    "建築物概要":"地上13層鋼筋混凝土構造辦公廳類建築",
    "認可版本":"2015年版EEWH-RN",
    "認可等級":"鑽石級",
    "rank":5,
    "有效期間":"2021年10月20日",
    "valid":"0",
    "認可類別":"標示",
    "設計人":"冠呈能源環控有限公司",
    "行政區":"臺北市",
    "ditrict":"中山區",
    "地號":"中山區正義段二小段446-0地號等2筆",
    "建築物使用類別":"辦公廳類建築"
    }
  },
  {
    "type": "Feature",
    "geometry": {
       "type": "Point",
       "coordinates":  [ 121.470353,25.12494 ]
    },
    "properties": {
    "#":671,
    "建築物名稱":"華碩電腦企業總部大樓減碳效益評估",
    "建築物概要":"地下4層，地上16層鋼筋混凝土構造、鋼構造辦公廳類及大型空間類建築",
    "認可版本":"2015年版EEWH-RN",
    "認可等級":"鑽石級",
    "rank":5,
    "有效期間":"2021年10月2日",
    "valid":"0",
    "認可類別":"標示",
    "設計人":"潘冀聯合建築師事務所",
    "行政區":"臺北市",
    "ditrict":"北投區",
    "地號":"北投區豐年段四小段454-0地號等10筆",
    "建築物使用類別":"大型空間類建築"
    }
  },
  {
    "type": "Feature",
    "geometry": {
       "type": "Point",
       "coordinates":  [ 121.524749,25.087235 ]
    },
    "properties": {
    "#":672,
    "建築物名稱":"興富發建設士林區光華段590等1筆地號住商大樓新建工程",
    "建築物概要":"地下4層，地上21層鋼筋混凝土構造辦公廳類及住宿類建築",
    "認可版本":"2009年版",
    "認可等級":"銀級",
    "rank":3,
    "有效期間":"2021年9月19日",
    "valid":"0",
    "認可類別":"標示",
    "設計人":"梁正芳建築師事務所",
    "行政區":"臺北市",
    "ditrict":"士林區",
    "地號":"士林區光華段四小段590-0地號",
    "建築物使用類別":"住宿類建築"
    }
  },
  {
    "type": "Feature",
    "geometry": {
       "type": "Point",
       "coordinates":  [ 121.528007,25.056454 ]
    },
    "properties": {
    "#":673,
    "建築物名稱":"新生北路加油站改善工程",
    "建築物概要":"地下1層，地上2層鋼筋混凝土構造辦公廳類建築",
    "認可版本":"2015年版EEWH-BC",
    "認可等級":"合格級",
    "rank":1,
    "有效期間":"2021年9月4日",
    "valid":"0",
    "認可類別":"標示",
    "設計人":"鄞埼錩建築師事務所",
    "行政區":"臺北市",
    "ditrict":"中山區",
    "地號":"中山區吉林段四小段324-0地號等2筆",
    "建築物使用類別":"辦公廳類建築"
    }
  },
  {
    "type": "Feature",
    "geometry": {
       "type": "Point",
       "coordinates":  [ 121.560878,25.080427 ]
    },
    "properties": {
    "#":674,
    "建築物名稱":"臺億建築經理金泰段商業大樓新建工程",
    "建築物概要":"地下4層，地上10層鋼骨構造辦公廳及大型空間類建築",
    "認可版本":"2012年版EEWH-BC",
    "認可等級":"銀級",
    "rank":3,
    "有效期間":"2021年8月17日",
    "valid":"0",
    "認可類別":"標示",
    "設計人":"蕭家福聯合建築師事務所",
    "行政區":"臺北市",
    "ditrict":"中山區",
    "地號":"中山區金泰段32-2地號",
    "建築物使用類別":"辦公廳類建築"
    }
  },
  {
    "type": "Feature",
    "geometry": {
       "type": "Point",
       "coordinates":  [ 121.552192,25.07264 ]
    },
    "properties": {
    "#":675,
    "建築物名稱":"濱江街加油站改善工程",
    "建築物概要":"地上2層鋼筋混凝土構造大型空間類建築",
    "認可版本":"2015年版EEWH-BC",
    "認可等級":"合格級",
    "rank":1,
    "有效期間":"2021年8月15日",
    "valid":"0",
    "認可類別":"標示",
    "設計人":"鄞埼錩建築師事務所",
    "行政區":"臺北市",
    "ditrict":"松山區",
    "地號":"松山區濱江段四小段589-0地號等2筆",
    "建築物使用類別":"大型空間類建築"
    }
  },
  {
    "type": "Feature",
    "geometry": {
       "type": "Point",
       "coordinates":  [ 121.51339,25.03317 ]
    },
    "properties": {
    "#":676,
    "建築物名稱":"國家林木種原庫新建工程",
    "建築物概要":"地下1層，地上3層鋼筋混凝土構造辦公廳類建築",
    "認可版本":"2009年版",
    "認可等級":"銅級",
    "rank":2,
    "有效期間":"2021年8月10日",
    "valid":"0",
    "認可類別":"標示",
    "設計人":"景涵建築師事務所",
    "行政區":"臺北市",
    "ditrict":"中正區",
    "地號":"中正區南海段五小段61-0地號等3筆",
    "建築物使用類別":"辦公廳類建築"
    }
  },
  {
    "type": "Feature",
    "geometry": {
       "type": "Point",
       "coordinates":  [ 121.51606,25.05633 ]
    },
    "properties": {
    "#":677,
    "建築物名稱":"臺北市大同區蓬萊國小校舍整體擴建工程暨停車管理處地下停車場新建工程",
    "建築物概要":"地下2層，地上5層鋼筋混凝土構造及鋼骨鋼筋混凝土構造學校、大型空間及其他類建築",
    "認可版本":"2005年更新版",
    "認可等級":"免評估",
    "rank":0,
    "有效期間":"2021年8月10日",
    "valid":"0",
    "認可類別":"標示",
    "設計人":"鄞埼錩建築師事務所",
    "行政區":"臺北市",
    "ditrict":"大同區",
    "地號":"大同區圓環段三小段558-0地號等5筆",
    "建築物使用類別":"學校類建築"
    }
  },
  {
    "type": "Feature",
    "geometry": {
       "type": "Point",
       "coordinates":  [ 121.529269,25.109559 ]
    },
    "properties": {
    "#":678,
    "建築物名稱":"蘭雅公園附建地下停車場新建工程",
    "建築物概要":"地下2層，地上1層鋼筋混凝土構造其他類建築",
    "認可版本":"2005年更新版",
    "認可等級":"合格級",
    "rank":1,
    "有效期間":"2021年6月6日",
    "valid":"0",
    "認可類別":"標示",
    "設計人":"鄞埼錩建築師事務所",
    "行政區":"臺北市",
    "ditrict":"士林區",
    "地號":"士林區三玉段四小段152-0地號等7筆",
    "建築物使用類別":"其他類建築"
    }
  },
  {
    "type": "Feature",
    "geometry": {
       "type": "Point",
       "coordinates":  [ 121.570426,25.084249 ]
    },
    "properties": {
    "#":679,
    "建築物名稱":"內湖七號公園附建地下停車場新建工程",
    "建築物概要":"地下2層，地上1層鋼筋混凝土構造其他類建築",
    "認可版本":"2005年更新版",
    "認可等級":"合格級",
    "rank":1,
    "有效期間":"2021年5月30日",
    "valid":"0",
    "認可類別":"標示",
    "設計人":"鄞埼錩建築師事務所",
    "行政區":"臺北市",
    "ditrict":"內湖區",
    "地號":"內湖區碧湖段四小段1088-2地號等13筆",
    "建築物使用類別":"其他類建築"
    }
  },
  {
    "type": "Feature",
    "geometry": {
       "type": "Point",
       "coordinates":  [ 121.567505,25.056388 ]
    },
    "properties": {
    "#":680,
    "建築物名稱":"中華工程松山區寶清段一小段51-3地號集合住宅新建工程",
    "建築物概要":"地下4層，地上12層鋼筋混凝土構造住宿類建築",
    "認可版本":"2009年版",
    "認可等級":"銀級",
    "rank":3,
    "有效期間":"2021年5月24日",
    "valid":"0",
    "認可類別":"標示",
    "設計人":"張玉樹建築師事務所",
    "行政區":"臺北市",
    "ditrict":"松山區",
    "地號":"松山區寶清段一小段51-3地號",
    "建築物使用類別":"住宿類建築"
    }
  },
  {
    "type": "Feature",
    "geometry": {
       "type": "Point",
       "coordinates":  [ 121.569384,25.034644 ]
    },
    "properties": {
    "#":691,
    "建築物名稱":"華南銀行總行世貿大樓新建工程",
    "建築物概要":"地下2層，地上27層鋼骨構造辦公廳類建築",
    "認可版本":"2009年版",
    "認可等級":"鑽石級",
    "rank":5,
    "有效期間":"2021年4月14日",
    "valid":"0",
    "認可類別":"標示",
    "設計人":"禾邦建築師事務所",
    "行政區":"臺北市",
    "ditrict":"信義區",
    "地號":"信義區信義段三小段51-0地號等11筆",
    "建築物使用類別":"辦公廳類建築"
    }
  },
  {
    "type": "Feature",
    "geometry": {
       "type": "Point",
       "coordinates":  [ 121.612324,25.04026 ]
    },
    "properties": {
    "#":692,
    "建築物名稱":"中央研究院地球科學研究所",
    "建築物概要":"地下1層，地上6層鋼筋混凝土構造、鋼骨構造、輕鋼架構造辦公廳類建築",
    "認可版本":"2015年版EEWH-RN",
    "認可等級":"鑽石級",
    "rank":5,
    "有效期間":"2021年4月6日",
    "valid":"0",
    "認可類別":"標示",
    "設計人":"冠呈能源環控有限公司",
    "行政區":"臺北市",
    "ditrict":"南港區",
    "地號":"南港區中南段三小段331-0地號等127筆",
    "建築物使用類別":"辦公廳類建築"
    }
  },
  {
    "type": "Feature",
    "geometry": {
       "type": "Point",
       "coordinates":  [ 121.53808,25.049231 ]
    },
    "properties": {
    "#":694,
    "建築物名稱":"臺北市立中山女子高級中學綜合教學大樓新建工程",
    "建築物概要":"地下2層，地上7層鋼筋混凝土構造學校類建築",
    "認可版本":"2003年更新版",
    "認可等級":"免評估",
    "rank":0,
    "有效期間":"2021年3月29日",
    "valid":"0",
    "認可類別":"標示",
    "設計人":"大宇建築師事務所",
    "行政區":"臺北市",
    "ditrict":"中山區",
    "地號":"中山區長安段一小段773-0地號等2筆",
    "建築物使用類別":"學校類建築"
    }
  },
  {
    "type": "Feature",
    "geometry": {
       "type": "Point",
       "coordinates":  [ 121.564081,25.034387 ]
    },
    "properties": {
    "#":695,
    "建築物名稱":"台北金融大樓(辦公大樓)舊建築改善工程",
    "建築物概要":"地下5層，地上101層鋼骨構造金融保險、餐飲、通訊設備等類建築",
    "認可版本":"2012年版EEWH-RN",
    "認可等級":"鑽石級",
    "rank":5,
    "有效期間":"2021年3月28日",
    "valid":"0",
    "認可類別":"標示",
    "設計人":"李祖原聯合建築師事務所",
    "行政區":"臺北市",
    "ditrict":"信義區",
    "地號":"信義區信義段四小段31-0地號等7筆",
    "建築物使用類別":"辦公廳類建築"
    }
  },
  {
    "type": "Feature",
    "geometry": {
       "type": "Point",
       "coordinates":  [ 121.542299,25.081292 ]
    },
    "properties": {
    "#":697,
    "建築物名稱":"國防部博愛分案新建工程",
    "建築物概要":"地下2層，地上8層鋼骨構造辦公廳類及住宿類建築",
    "認可版本":"2001年更新版",
    "認可等級":"免評估",
    "rank":0,
    "有效期間":"2021年3月24日",
    "valid":"0",
    "認可類別":"標示",
    "設計人":"林智灝建築師事務所",
    "行政區":"臺北市",
    "ditrict":"中山區",
    "地號":"中山區北安段四小段75-0地號等81筆",
    "建築物使用類別":"辦公廳類建築"
    }
  },
  {
    "type": "Feature",
    "geometry": {
       "type": "Point",
       "coordinates":  [ 121.593405,25.053726 ]
    },
    "properties": {
    "#":699,
    "建築物名稱":"臺北市玉成國小附建地下停車場新建工程",
    "建築物概要":"地下2層，地上2層鋼筋混凝土構造其他類建築",
    "認可版本":"2015年版EEWH-BC",
    "認可等級":"合格級",
    "rank":1,
    "有效期間":"2021年3月15日",
    "valid":"0",
    "認可類別":"標示",
    "設計人":"鄞埼錩建築師事務所",
    "行政區":"臺北市",
    "ditrict":"南港區",
    "地號":"南港區玉成段一小段537-0地號等20筆",
    "建築物使用類別":"其他類建築"
    }
  },
  {
    "type": "Feature",
    "geometry": {
       "type": "Point",
       "coordinates":  [ 121.586557,25.042564 ]
    },
    "properties": {
    "#":700,
    "建築物名稱":"玉成公園附建地下停車場新建工程",
    "建築物概要":"地下2層，地上2層鋼筋混凝土構造其他類建築",
    "認可版本":"2003年更新版",
    "認可等級":"免評估",
    "rank":0,
    "有效期間":"2021年3月14日",
    "valid":"0",
    "認可類別":"標示",
    "設計人":"鄞埼錩建築師事務所",
    "行政區":"臺北市",
    "ditrict":"南港區",
    "地號":"南港區新光段三小段34-0地號等24筆",
    "建築物使用類別":"其他類建築"
    }
  },
  {
    "type": "Feature",
    "geometry": {
       "type": "Point",
       "coordinates":  [ 121.572985,25.039698 ]
    },
    "properties": {
    "#":701,
    "建築物名稱":"臺北市立松山高級工農職業學校-學生活動中心暨附建地下停車場",
    "建築物概要":"地下3層，地上6層鋼筋混凝土及鋼骨鋼筋混凝土構造學校及大型空間類建築",
    "認可版本":"2007年更新版",
    "認可等級":"合格級",
    "rank":1,
    "有效期間":"2021年3月8日",
    "valid":"0",
    "認可類別":"標示",
    "設計人":"綠野國際建築師事務所",
    "行政區":"臺北市",
    "ditrict":"信義區",
    "地號":"信義區信義段二小段19-0地號等6筆",
    "建築物使用類別":"學校類建築"
    }
  },
  {
    "type": "Feature",
    "geometry": {
       "type": "Point",
       "coordinates":  [ 121.544963,25.012118 ]
    },
    "properties": {
    "#":702,
    "建築物名稱":"國立臺灣大學環境研究大樓新建工程",
    "建築物概要":"地下2層，地上5層鋼筋混凝土構造學校類建築",
    "認可版本":"2005年更新版",
    "認可等級":"免評估",
    "rank":0,
    "有效期間":"2021年1月29日",
    "valid":"0",
    "認可類別":"標示",
    "設計人":"金光裕建築師事務所",
    "行政區":"臺北市",
    "ditrict":"大安區",
    "地號":"大安區辛亥段五小段185-0地號等15筆",
    "建築物使用類別":"學校類建築"
    }
  },
  {
    "type": "Feature",
    "geometry": {
       "type": "Point",
       "coordinates":  [ 121.578794,25.050729 ]
    },
    "properties": {
    "#":703,
    "建築物名稱":"松山國小校舍擴建暨附建地下停車場新建工程",
    "建築物概要":"地下3層，地上4層鋼筋混凝土構造、鋼骨構造學校類建築",
    "認可版本":"2005年更新版",
    "認可等級":"免評估",
    "rank":0,
    "有效期間":"2020年12月28日",
    "valid":"0",
    "認可類別":"標示",
    "設計人":"曹祖明建築師事務所",
    "行政區":"臺北市",
    "ditrict":"松山區",
    "地號":"松山區寶清段六小段225-0地號等2筆",
    "建築物使用類別":"學校類建築"
    }
  },
  {
    "type": "Feature",
    "geometry": {
       "type": "Point",
       "coordinates":  [ 121.617366,25.0436 ]
    },
    "properties": {
    "#":706,
    "建築物名稱":"中央研究院學人寄宿舍(2)新建工程",
    "建築物概要":"地下3層，地上15層鋼筋混凝土構造住宿類建築",
    "認可版本":"2009年版",
    "認可等級":"黃金級",
    "rank":4,
    "有效期間":"2020年11月16日",
    "valid":"0",
    "認可類別":"標示",
    "設計人":"李安憲建築師事務所",
    "行政區":"臺北市",
    "ditrict":"南港區",
    "地號":"南港區中南段三小段84-0地號",
    "建築物使用類別":"住宿類建築"
    }
  },
  {
    "type": "Feature",
    "geometry": {
       "type": "Point",
       "coordinates":  [ 121.523697,25.063212 ]
    },
    "properties": {
    "#":707,
    "建築物名稱":"興益發建設北市中山區中山段一小段第665等1筆地號新建工程",
    "建築物概要":"地下5層，地上16層鋼骨構造住宿類建築",
    "認可版本":"2009年版",
    "認可等級":"銀級",
    "rank":3,
    "有效期間":"2020年11月15日",
    "valid":"0",
    "認可類別":"標示",
    "設計人":"梁正芳建築師事務所",
    "行政區":"臺北市",
    "ditrict":"中山區",
    "地號":"中山區中山段一小段665-0地號",
    "建築物使用類別":"住宿類建築"
    }
  },
  {
    "type": "Feature",
    "geometry": {
       "type": "Point",
       "coordinates":  [ 121.573484,24.990271 ]
    },
    "properties": {
    "#":708,
    "建築物名稱":"國立政治大學南苑改建學人宿舍新建工程",
    "建築物概要":"地下2層，地上9層鋼筋混凝土構造住宿類建築",
    "認可版本":"2009年版",
    "認可等級":"合格級",
    "rank":1,
    "有效期間":"2020年11月12日",
    "valid":"0",
    "認可類別":"標示",
    "設計人":"大宇建築師事務所",
    "行政區":"臺北市",
    "ditrict":"文山區",
    "地號":"文山區政大段四小段226-0地號",
    "建築物使用類別":"住宿類建築"
    }
  },
  {
    "type": "Feature",
    "geometry": {
       "type": "Point",
       "coordinates":  [ 121.55249,25.04861 ]
    },
    "properties": {
    "#":709,
    "建築物名稱":"臺北市體育場(田徑場)整建統包工程",
    "建築物概要":"地下1層，地上5層鋼筋混凝土構造大型空間類建築",
    "認可版本":"2005年更新版",
    "認可等級":"銀級",
    "rank":3,
    "有效期間":"2020年11月12日",
    "valid":"0",
    "認可類別":"標示",
    "設計人":"謝明諭建築師事務所",
    "行政區":"臺北市",
    "ditrict":"松山區",
    "地號":"松山區美仁段二小段876-0地號等9筆",
    "建築物使用類別":"大型空間類建築"
    }
  },
  {
    "type": "Feature",
    "geometry": {
       "type": "Point",
       "coordinates":  [ 121.514515,25.123312 ]
    },
    "properties": {
    "#":710,
    "建築物名稱":"國立陽明大學游泳池拆除重建工程",
    "建築物概要":"地上3層鋼筋混凝土構造大型空間類建築",
    "認可版本":"2009年版",
    "認可等級":"合格級",
    "rank":1,
    "有效期間":"2020年11月9日",
    "valid":"0",
    "認可類別":"標示",
    "設計人":"大林聯合建築師事務所",
    "行政區":"臺北市",
    "ditrict":"北投區",
    "地號":"北投區崇仰段三小段227-0地號等77筆",
    "建築物使用類別":"大型空間類建築"
    }
  },
  {
    "type": "Feature",
    "geometry": {
       "type": "Point",
       "coordinates":  [ 121.585169,24.98682 ]
    },
    "properties": {
    "#":711,
    "建築物名稱":"潤隆建設文山區政大段一小段90、90-1地號集合住宅新建工程",
    "建築物概要":"地下3層，地上5層鋼筋混凝土構造住宿類建築",
    "認可版本":"2009年版",
    "認可等級":"銀級",
    "rank":3,
    "有效期間":"2020年11月8日",
    "valid":"0",
    "認可類別":"標示",
    "設計人":"陳廷杰建築師事務所 梁正芳建築師事務所",
    "行政區":"臺北市",
    "ditrict":"文山區",
    "地號":"文山區政大段一小段90-0地號",
    "建築物使用類別":"住宿類建築"
    }
  },
  {
    "type": "Feature",
    "geometry": {
       "type": "Point",
       "coordinates":  [ 121.516403,25.118737 ]
    },
    "properties": {
    "#":712,
    "建築物名稱":"國立陽明大學教師宿舍興建工程",
    "建築物概要":"地下1層，地上7層鋼筋混凝土構造住宿類建築",
    "認可版本":"2009年版",
    "認可等級":"合格級",
    "rank":1,
    "有效期間":"2020年10月28日",
    "valid":"0",
    "認可類別":"標示",
    "設計人":"亞源建築師事務所",
    "行政區":"臺北市",
    "ditrict":"北投區",
    "地號":"北投區崇仰段三小段277-0地號等75筆",
    "建築物使用類別":"住宿類建築"
    }
  },
  {
    "type": "Feature",
    "geometry": {
       "type": "Point",
       "coordinates":  [ 121.567031,25.040895 ]
    },
    "properties": {
    "#":714,
    "建築物名稱":"國泰置地廣場(A3)新建工程",
    "建築物概要":"地下5層，地上46層鋼骨及鋼骨鋼筋混凝土構造百貨商場類建築",
    "認可版本":"2009年版",
    "認可等級":"黃金級",
    "rank":4,
    "有效期間":"2020年9月30日",
    "valid":"0",
    "認可類別":"標示",
    "設計人":"三大聯合建築師事務所 大元聯合建築師事務所",
    "行政區":"臺北市",
    "ditrict":"信義區",
    "地號":"信義區信義段四小段2-1地號等2筆",
    "建築物使用類別":"百貨商場類建築"
    }
  },
  {
    "type": "Feature",
    "geometry": {
       "type": "Point",
       "coordinates":  [ 121.559399,25.080807 ]
    },
    "properties": {
    "#":715,
    "建築物名稱":"宜華國際股份有限公司大直國際觀光旅館開發案新建工程",
    "建築物概要":"地下4層，地上42層鋼骨構造旅館餐飲類建築",
    "認可版本":"2007年更新版",
    "認可等級":"銀級",
    "rank":3,
    "有效期間":"2020年9月14日",
    "valid":"0",
    "認可類別":"標示",
    "設計人":"三門聯合建築師事務所",
    "行政區":"臺北市",
    "ditrict":"中山區",
    "地號":"中山區金泰段29-0地號",
    "建築物使用類別":"旅館餐飲類建築"
    }
  },
  {
    "type": "Feature",
    "geometry": {
       "type": "Point",
       "coordinates":  [ 121.506456,25.046993 ]
    },
    "properties": {
    "#":716,
    "建築物名稱":"臺北市萬華區市民運動中心",
    "建築物概要":"地下2層，地上7層鋼骨構造大型空間類建築",
    "認可版本":"2005年更新版",
    "認可等級":"銅級",
    "rank":2,
    "有效期間":"2020年8月30日",
    "valid":"0",
    "認可類別":"標示",
    "設計人":"綠野國際建築師事務所",
    "行政區":"臺北市",
    "ditrict":"萬華區",
    "地號":"萬華區福星段一小段240-0地號等3筆",
    "建築物使用類別":"大型空間類建築"
    }
  },
  {
    "type": "Feature",
    "geometry": {
       "type": "Point",
       "coordinates":  [ 121.511504,25.033504 ]
    },
    "properties": {
    "#":717,
    "建築物名稱":"臺北市市定古蹟孫運璿重慶南路寓所附屬建築",
    "建築物概要":"地下1層，地上2層鋼筋混凝土構造大型空間類建築",
    "認可版本":"2012年版EEWH-BC",
    "認可等級":"銅級",
    "rank":2,
    "有效期間":"2020年8月19日",
    "valid":"0",
    "認可類別":"標示",
    "設計人":"胡宗雄建築師事務所",
    "行政區":"臺北市",
    "ditrict":"中正區",
    "地號":"中正區南海段五小段53-0地號",
    "建築物使用類別":"大型空間類建築"
    }
  },
  {
    "type": "Feature",
    "geometry": {
       "type": "Point",
       "coordinates":  [ 121.587563,25.061956 ]
    },
    "properties": {
    "#":718,
    "建築物名稱":"太子建設內湖區潭美段辦公大樓新建工程",
    "建築物概要":"地下4層，地上12層鋼骨構造辦公廳類建築",
    "認可版本":"2009年版",
    "認可等級":"合格級",
    "rank":1,
    "有效期間":"2020年8月19日",
    "valid":"0",
    "認可類別":"標示",
    "設計人":"唐吉生建築師事務所",
    "行政區":"臺北市",
    "ditrict":"內湖區",
    "地號":"內湖區潭美段五小段47-0地號",
    "建築物使用類別":"辦公廳類建築"
    }
  },
  {
    "type": "Feature",
    "geometry": {
       "type": "Point",
       "coordinates":  [ 121.546013,25.042895 ]
    },
    "properties": {
    "#":719,
    "建築物名稱":"富邦人壽大安路旅館新建工程",
    "建築物概要":"地下3層，地上11層鋼筋混凝土構造旅館餐飲類建築",
    "認可版本":"2009年版",
    "認可等級":"合格級",
    "rank":1,
    "有效期間":"2020年7月28日",
    "valid":"0",
    "認可類別":"標示",
    "設計人":"陳順惠建築師事務所",
    "行政區":"臺北市",
    "ditrict":"大安區",
    "地號":"大安區復興段一小段430-0地號",
    "建築物使用類別":"旅館餐飲類建築"
    }
  },
  {
    "type": "Feature",
    "geometry": {
       "type": "Point",
       "coordinates":  [ 121.564295,24.988539 ]
    },
    "properties": {
    "#":720,
    "建築物名稱":"木柵路加油站改建工程",
    "建築物概要":"地上2層鋼筋混凝土造、鋼骨鋼筋混凝土造其他類建築",
    "認可版本":"2012年版EEWH-BC",
    "認可等級":"合格級",
    "rank":1,
    "有效期間":"2020年7月15日",
    "valid":"0",
    "認可類別":"標示",
    "設計人":"鄞埼錩建築師事務所",
    "行政區":"臺北市",
    "ditrict":"文山區",
    "地號":"文山區木柵段三小段326-1地號等3筆",
    "建築物使用類別":"其他類建築"
    }
  },
  {
    "type": "Feature",
    "geometry": {
       "type": "Point",
       "coordinates":  [ 121.579634,25.048632 ]
    },
    "properties": {
    "#":721,
    "建築物名稱":"信義區虎林段五小段15-0地號等2筆土地新建工程",
    "建築物概要":"地下3層，地上16層鋼筋混凝土構造住宿類建築",
    "認可版本":"2009年版",
    "認可等級":"黃金級",
    "rank":4,
    "有效期間":"2020年7月15日",
    "valid":"0",
    "認可類別":"標示",
    "設計人":"陳鴻明建築師事務所",
    "行政區":"臺北市",
    "ditrict":"信義區",
    "地號":"信義區虎林段五小段15-0地號等2筆",
    "建築物使用類別":"住宿類建築"
    }
  },
  {
    "type": "Feature",
    "geometry": {
       "type": "Point",
       "coordinates":  [ 121.541628,25.051518 ]
    },
    "properties": {
    "#":723,
    "建築物名稱":"宏盛國際金融中心",
    "建築物概要":"地下5層，地上20層鋼骨構造辦公廳類建築",
    "認可版本":"2007年更新版",
    "認可等級":"銅級",
    "rank":2,
    "有效期間":"2020年7月7日",
    "valid":"0",
    "認可類別":"標示",
    "設計人":"梁正芳建築師事務所",
    "行政區":"臺北市",
    "ditrict":"中山區",
    "地號":"中山區長安段一小段210-0地號",
    "建築物使用類別":"辦公廳類建築"
    }
  },
  {
    "type": "Feature",
    "geometry": {
       "type": "Point",
       "coordinates":  [ 121.594544,25.048818 ]
    },
    "properties": {
    "#":724,
    "建築物名稱":"衛生福利部新建工程",
    "建築物概要":"地下2層，地上12層鋼骨造、鋼筋混凝土構造辦公廳類建築",
    "認可版本":"2007年更新版",
    "認可等級":"黃金級",
    "rank":4,
    "有效期間":"2018年6月28日",
    "valid":"0",
    "認可類別":"標示",
    "設計人":"九典聯合建築師事務所",
    "行政區":"臺北市",
    "ditrict":"南港區",
    "地號":"南港區新光段一小段119-1地號等20筆",
    "建築物使用類別":"辦公廳類建築"
    }
  },
  {
    "type": "Feature",
    "geometry": {
       "type": "Point",
       "coordinates":  [ 121.518152,25.071154 ]
    },
    "properties": {
    "#":725,
    "建築物名稱":"臺北市都市更新處「大龍峒公車調度站基地興建中繼住宅新建工程」",
    "建築物概要":"地下3層，地上11層鋼筋混凝土構造住宿類建築",
    "認可版本":"2007年更新版",
    "認可等級":"合格級",
    "rank":1,
    "有效期間":"2018年6月21日",
    "valid":"0",
    "認可類別":"標示",
    "設計人":"李建璋建築師事務所",
    "行政區":"臺北市",
    "ditrict":"大同區",
    "地號":"大同區大龍段三小段323-0地號等2筆",
    "建築物使用類別":"住宿類建築"
    }
  },
  {
    "type": "Feature",
    "geometry": {
       "type": "Point",
       "coordinates":  [ 121.520636,25.050372 ]
    },
    "properties": {
    "#":726,
    "建築物名稱":"臺北市身心障礙福利會館第二期新建工程",
    "建築物概要":"地下2層，地上6層鋼筋混凝土構造辦公廳類建築",
    "認可版本":"2009年版",
    "認可等級":"合格級",
    "rank":1,
    "有效期間":"2018年6月17日",
    "valid":"0",
    "認可類別":"標示",
    "設計人":"滕旭平建築師事務所",
    "行政區":"臺北市",
    "ditrict":"中山區",
    "地號":"中山區正義段四小段236-0地號",
    "建築物使用類別":"辦公廳類建築"
    }
  },
  {
    "type": "Feature",
    "geometry": {
       "type": "Point",
       "coordinates":  [ 121.511181,25.035086 ]
    },
    "properties": {
    "#":727,
    "建築物名稱":"臺北市政府警察局交通大隊新建工程",
    "建築物概要":"地下3層，地上10層鋼筋混凝土構造辦公廳類建築",
    "認可版本":"2007年更新版",
    "認可等級":"銀級",
    "rank":3,
    "有效期間":"2018年6月15日",
    "valid":"0",
    "認可類別":"標示",
    "設計人":"啓達聯合建築師事務所",
    "行政區":"臺北市",
    "ditrict":"中正區",
    "地號":"中正區南海段五小段40-0地號",
    "建築物使用類別":"辦公廳類建築"
    }
  },
  {
    "type": "Feature",
    "geometry": {
       "type": "Point",
       "coordinates":  [ 121.558816,25.041563 ]
    },
    "properties": {
    "#":728,
    "建築物名稱":"松山菸廠文化園區興建營運移轉BOT計畫",
    "建築物概要":"地下5層，地上14層鋼筋混凝土構造、鋼骨構造大型空間類建築",
    "認可版本":"2009年版",
    "認可等級":"黃金級",
    "rank":4,
    "有效期間":"2018年6月11日",
    "valid":"0",
    "認可類別":"標示",
    "設計人":"大矩聯合建築師事務所",
    "行政區":"臺北市",
    "ditrict":"信義區",
    "地號":"信義區逸仙段二小段356-1地號筆5筆",
    "建築物使用類別":"大型空間類建築"
    }
  },
  {
    "type": "Feature",
    "geometry": {
       "type": "Point",
       "coordinates":  [ 121.500985,25.043532 ]
    },
    "properties": {
    "#":729,
    "建築物名稱":"全坤建設萬華區直興段集合住宅新建工程",
    "建築物概要":"地下4層，地上23層鋼骨鋼筋混凝土構造住宿類建築",
    "認可版本":"2012年版EEWH-RS",
    "認可等級":"合格級",
    "rank":1,
    "有效期間":"2018年6月4日",
    "valid":"0",
    "認可類別":"標示",
    "設計人":"張昌明建築師事務所",
    "行政區":"臺北市",
    "ditrict":"萬華區",
    "地號":"萬華區直興段一小段140-0地號",
    "建築物使用類別":"住宿類建築"
    }
  },
  {
    "type": "Feature",
    "geometry": {
       "type": "Point",
       "coordinates":  [ 121.570589,24.980312 ]
    },
    "properties": {
    "#":730,
    "建築物名稱":"國立政治大學研究總中心新建工程",
    "建築物概要":"地下1層，地上5層鋼筋混凝土及鋼骨構造學校類建築",
    "認可版本":"2009年版",
    "認可等級":"合格級",
    "rank":1,
    "有效期間":"2018年6月3日",
    "valid":"0",
    "認可類別":"標示",
    "設計人":"潘冀聯合建築師事務所",
    "行政區":"臺北市",
    "ditrict":"文山區",
    "地號":"文山區老泉段一小段175-0地號等277筆",
    "建築物使用類別":"學校類建築"
    }
  },
  {
    "type": "Feature",
    "geometry": {
       "type": "Point",
       "coordinates":  [ 121.617074,25.042584 ]
    },
    "properties": {
    "#":731,
    "建築物名稱":"中央研究院短期學人宿舍新建工程",
    "建築物概要":"地下1層，地上7層鋼筋混凝土構造住宿類建築",
    "認可版本":"2007年更新版",
    "認可等級":"合格級",
    "rank":1,
    "有效期間":"2018年5月28日",
    "valid":"0",
    "認可類別":"標示",
    "設計人":"李安憲建築師事務所",
    "行政區":"臺北市",
    "ditrict":"南港區",
    "地號":"南港區中南段三小段80-0地號等2筆",
    "建築物使用類別":"住宿類建築"
    }
  },
  {
    "type": "Feature",
    "geometry": {
       "type": "Point",
       "coordinates":  [ 121.503663,25.030786 ]
    },
    "properties": {
    "#":733,
    "建築物名稱":"莒光立體停車塔新建統包工程",
    "建築物概要":"地上3層，鋼筋混凝土構造、鋼骨構造大型空間類建築",
    "認可版本":"2009年版",
    "認可等級":"合格級",
    "rank":1,
    "有效期間":"2018年5月20日",
    "valid":"0",
    "認可類別":"標示",
    "設計人":"蔡達寬建築師事務所",
    "行政區":"臺北市",
    "ditrict":"萬華區",
    "地號":"萬華區莒光段一小段318-1地號等4筆",
    "建築物使用類別":"大型空間類建築"
    }
  },
  {
    "type": "Feature",
    "geometry": {
       "type": "Point",
       "coordinates":  [ 121.526466,25.027143 ]
    },
    "properties": {
    "#":734,
    "建築物名稱":"元利建設金山南路集合住宅新建工程",
    "建築物概要":"地下7層，地上38層鋼骨構造住宿類建築",
    "認可版本":"2007年更新版",
    "認可等級":"黃金級",
    "rank":4,
    "有效期間":"2018年5月17日",
    "valid":"0",
    "認可類別":"標示",
    "設計人":"陳傳宗建築師事務所",
    "行政區":"臺北市",
    "ditrict":"大安區",
    "地號":"大安區金華段二小段963-0地號",
    "建築物使用類別":"住宿類建築"
    }
  },
  {
    "type": "Feature",
    "geometry": {
       "type": "Point",
       "coordinates":  [ 121.5152,25.098306 ]
    },
    "properties": {
    "#":736,
    "建築物名稱":"臺北兒童新樂園新建工程",
    "建築物概要":"地下1層，地上4層鋼筋混凝土構造、鋼骨構造大型空間類建築",
    "認可版本":"2009年版",
    "認可等級":"合格級",
    "rank":1,
    "有效期間":"2018年4月20日",
    "valid":"0",
    "認可類別":"標示",
    "設計人":"陳信樟建築師事務所",
    "行政區":"臺北市",
    "ditrict":"士林區",
    "地號":"士林區陽明段四小段703-0地號等3筆",
    "建築物使用類別":"大型空間類建築"
    }
  },
  {
    "type": "Feature",
    "geometry": {
       "type": "Point",
       "coordinates":  [ 121.533844,25.058593 ]
    },
    "properties": {
    "#":737,
    "建築物名稱":"聯邦育樂公司捷運新莊線行天宮站聯合開發案",
    "建築物概要":"地下5層，地上18層鋼骨鋼筋混凝土構造辦公廳類建築",
    "認可版本":"2009年版",
    "認可等級":"銅級",
    "rank":2,
    "有效期間":"2018年4月14日",
    "valid":"0",
    "認可類別":"標示",
    "設計人":"台北國際聯合建築師事務所",
    "行政區":"臺北市",
    "ditrict":"中山區",
    "地號":"中山區榮星段六小段647-0地號等6筆",
    "建築物使用類別":"辦公廳類建築"
    }
  },
  {
    "type": "Feature",
    "geometry": {
       "type": "Point",
       "coordinates":  [ 121.613911,25.044563 ]
    },
    "properties": {
    "#":738,
    "建築物名稱":"中央研究院跨領域科技研究大樓新建工程",
    "建築物概要":"地下2層，地上8層鋼筋混凝土構造辦公廳類建築",
    "認可版本":"2007年更新版",
    "認可等級":"銅級",
    "rank":2,
    "有效期間":"2018年4月14日",
    "valid":"0",
    "認可類別":"標示",
    "設計人":"潘冀聯合建築師事務所",
    "行政區":"臺北市",
    "ditrict":"南港區",
    "地號":"南港區中南段二小段378-2地號等72筆",
    "建築物使用類別":"辦公廳類建築"
    }
  },
  {
    "type": "Feature",
    "geometry": {
       "type": "Point",
       "coordinates":  [ 121.527982,25.052846 ]
    },
    "properties": {
    "#":739,
    "建築物名稱":"興富發建設北市中山區吉林段五小段第220等3筆地號新建工程",
    "建築物概要":"地下5層，地上20層鋼骨構造住宿類建築",
    "認可版本":"2009年版",
    "認可等級":"銀級",
    "rank":3,
    "有效期間":"2018年4月14日",
    "valid":"0",
    "認可類別":"標示",
    "設計人":"梁正芳建築師事務所",
    "行政區":"臺北市",
    "ditrict":"中山區",
    "地號":"中山區吉林段五小段220-0地號等3筆",
    "建築物使用類別":"住宿類建築"
    }
  },
  {
    "type": "Feature",
    "geometry": {
       "type": "Point",
       "coordinates":  [ 121.503727,25.137654 ]
    },
    "properties": {
    "#":740,
    "建築物名稱":"臺北市政府觀光醫療暨健康保健中心新建統包工程",
    "建築物概要":"地下3層，地上12層鋼筋混凝土構造醫院類建築",
    "認可版本":"2009年版",
    "認可等級":"合格級",
    "rank":1,
    "有效期間":"2018年4月14日",
    "valid":"0",
    "認可類別":"標示",
    "設計人":"圓庭建築師事務所",
    "行政區":"臺北市",
    "ditrict":"北投區",
    "地號":"北投區新民段二小段490-0地號等5筆",
    "建築物使用類別":"醫院類建築"
    }
  },
  {
    "type": "Feature",
    "geometry": {
       "type": "Point",
       "coordinates":  [ 121.583311,25.058929 ]
    },
    "properties": {
    "#":741,
    "建築物名稱":"遠雄建設內湖潭美段H75集合住宅新建工程",
    "建築物概要":"地下4層，地上16層鋼筋混凝土構造住宿類建築",
    "認可版本":"2009年版",
    "認可等級":"銀級",
    "rank":3,
    "有效期間":"2018年4月9日",
    "valid":"0",
    "認可類別":"標示",
    "設計人":"黃永沃建築師事務所",
    "行政區":"臺北市",
    "ditrict":"內湖區",
    "地號":"內湖區潭美段五小段170-0地號",
    "建築物使用類別":"住宿類建築"
    }
  },
  {
    "type": "Feature",
    "geometry": {
       "type": "Point",
       "coordinates":  [ 121.49611,25.026842 ]
    },
    "properties": {
    "#":742,
    "建築物名稱":"交通部公路總局辦公大樓",
    "建築物概要":"地下2層，地上12層鋼骨構造辦公廳類建築",
    "認可版本":"2007年更新版",
    "認可等級":"黃金級",
    "rank":4,
    "有效期間":"2018年3月17日",
    "valid":"0",
    "認可類別":"標示",
    "設計人":"綠野國際建築師事務所",
    "行政區":"臺北市",
    "ditrict":"萬華區",
    "地號":"萬華區萬大段一小段290-1地號等2筆",
    "建築物使用類別":"辦公廳類建築"
    }
  },
  {
    "type": "Feature",
    "geometry": {
       "type": "Point",
       "coordinates":  [ 121.503851,25.117972 ]
    },
    "properties": {
    "#":743,
    "建築物名稱":"立農公園附建地下停車場",
    "建築物概要":"地下2層，地上1層鋼筋混凝土構造其他類建築",
    "認可版本":"2005年更新版",
    "認可等級":"合格級",
    "rank":1,
    "有效期間":"2018年3月1日",
    "valid":"0",
    "認可類別":"標示",
    "設計人":"鄞埼錩建築師事務所",
    "行政區":"臺北市",
    "ditrict":"北投區",
    "地號":"北投區立農段五小段508-2地號等8筆",
    "建築物使用類別":"其他類建築"
    }
  },
  {
    "type": "Feature",
    "geometry": {
       "type": "Point",
       "coordinates":  [ 121.61073,25.057577 ]
    },
    "properties": {
    "#":744,
    "建築物名稱":"南港國小附建地下停車場",
    "建築物概要":"地下2層，地上1層鋼筋混凝土構造其他類建築",
    "認可版本":"2005年更新版",
    "認可等級":"銅級",
    "rank":2,
    "有效期間":"2018年3月1日",
    "valid":"0",
    "認可類別":"標示",
    "設計人":"鄞埼錩建築師事務所",
    "行政區":"臺北市",
    "ditrict":"南港區",
    "地號":"南港區經貿段63-0地號",
    "建築物使用類別":"其他類建築"
    }
  },
  {
    "type": "Feature",
    "geometry": {
       "type": "Point",
       "coordinates":  [ 121.510018,25.029541 ]
    },
    "properties": {
    "#":745,
    "建築物名稱":"農委會漁業署及防檢局等機關(構)合署辦公廳舍新建工程",
    "建築物概要":"地下3層，地上12層鋼筋混凝土構造、鋼骨構造辦公廳類建築",
    "認可版本":"2009年版",
    "認可等級":"黃金級",
    "rank":4,
    "有效期間":"2018年3月1日",
    "valid":"0",
    "認可類別":"標示",
    "設計人":"竇國昌建築師事務所",
    "行政區":"臺北市",
    "ditrict":"中正區",
    "地號":"中正區永昌段四小段122-0地號等4筆",
    "建築物使用類別":"辦公廳類建築"
    }
  },
  {
    "type": "Feature",
    "geometry": {
       "type": "Point",
       "coordinates":  [ 121.547,25.014208 ]
    },
    "properties": {
    "#":746,
    "建築物名稱":"國立臺灣大學生醫工程館新建工程",
    "建築物概要":"地下2層，地上9層鋼筋混凝土構造辦公廳類建築",
    "認可版本":"2007年更新版",
    "認可等級":"合格級",
    "rank":1,
    "有效期間":"2018年2月23日",
    "valid":"0",
    "認可類別":"標示",
    "設計人":"潘冀聯合建築師事務所",
    "行政區":"臺北市",
    "ditrict":"大安區",
    "地號":"大安區辛亥段五小段94-3地號等25筆",
    "建築物使用類別":"辦公廳類建築"
    }
  },
  {
    "type": "Feature",
    "geometry": {
       "type": "Point",
       "coordinates":  [ 121.5838,25.059832 ]
    },
    "properties": {
    "#":747,
    "建築物名稱":"遠雄建設三名園新建工程",
    "建築物概要":"地下4層，地上14層鋼筋混凝土構造住宿類建築",
    "認可版本":"2009年版",
    "認可等級":"銀級",
    "rank":3,
    "有效期間":"2018年2月12日",
    "valid":"0",
    "認可類別":"標示",
    "設計人":"黃永沃建築師事務所",
    "行政區":"臺北市",
    "ditrict":"內湖區",
    "地號":"內湖區潭美段五小段126等一筆地號",
    "建築物使用類別":"住宿類建築"
    }
  },
  {
    "type": "Feature",
    "geometry": {
       "type": "Point",
       "coordinates":  [ 121.551955,25.024662 ]
    },
    "properties": {
    "#":748,
    "建築物名稱":"法務部調查局台北市調查處第二辦公室增建工程",
    "建築物概要":"地下2層，地上10層鋼筋混凝土構造辦公廳類建築",
    "認可版本":"2009年版",
    "認可等級":"合格級",
    "rank":1,
    "有效期間":"2018年2月12日",
    "valid":"0",
    "認可類別":"標示",
    "設計人":"林献瑞建築師事務所",
    "行政區":"臺北市",
    "ditrict":"大安區",
    "地號":"大安區通化段六小段455-0地號等2筆",
    "建築物使用類別":"辦公廳類建築"
    }
  },
  {
    "type": "Feature",
    "geometry": {
       "type": "Point",
       "coordinates":  [ 121.529079,25.055058 ]
    },
    "properties": {
    "#":749,
    "建築物名稱":"誠美建築中山區吉林段四小段集合住宅新建工程",
    "建築物概要":"地下4層，地上13層鋼筋混凝土構造住宿類建築",
    "認可版本":"2009年版",
    "認可等級":"黃金級",
    "rank":4,
    "有效期間":"2018年2月8日",
    "valid":"0",
    "認可類別":"標示",
    "設計人":"金以容建築師事務所",
    "行政區":"臺北市",
    "ditrict":"中山區",
    "地號":"中山區吉林段四小段261-0等一筆地號",
    "建築物使用類別":"住宿類建築"
    }
  },
  {
    "type": "Feature",
    "geometry": {
       "type": "Point",
       "coordinates":  [ 121.616118,25.058959 ]
    },
    "properties": {
    "#":750,
    "建築物名稱":"中國信託商業銀行新總行大樓新建工程",
    "建築物概要":"地下5層，地上30層鋼筋混凝土構造、鋼骨構造辦公廳類建築",
    "認可版本":"2007年更新版",
    "認可等級":"鑽石級",
    "rank":5,
    "有效期間":"2018年2月5日",
    "valid":"0",
    "認可類別":"標示",
    "設計人":"林政賢建築師事務所",
    "行政區":"臺北市",
    "ditrict":"南港區",
    "地號":"南港區經貿段45-0、45-1、43-0、43-1地號等4筆",
    "建築物使用類別":"辦公廳類建築"
    }
  },
  {
    "type": "Feature",
    "geometry": {
       "type": "Point",
       "coordinates":  [ 121.521991,25.089704 ]
    },
    "properties": {
    "#":751,
    "建築物名稱":"承德公園附建地下停車場",
    "建築物概要":"地下2層，地上1層鋼筋混凝土構造其他類建築",
    "認可版本":"2005年更新版",
    "認可等級":"免評估",
    "rank":0,
    "有效期間":"2018年1月20日",
    "valid":"0",
    "認可類別":"標示",
    "設計人":"鄞埼錩建築師事務所",
    "行政區":"臺北市",
    "ditrict":"士林區",
    "地號":"士林區光華段二小段1062-0地號",
    "建築物使用類別":"其他類建築"
    }
  },
  {
    "type": "Feature",
    "geometry": {
       "type": "Point",
       "coordinates":  [ 121.510471,25.136938 ]
    },
    "properties": {
    "#":752,
    "建築物名稱":"臺北市立圖書館北投分館",
    "建築物概要":"地下1層，地上2層鋼骨鋼筋混凝土構造及木構造大型空間類建築",
    "認可版本":"2005年更新版",
    "認可等級":"鑽石級",
    "rank":5,
    "有效期間":"2018年1月19日",
    "valid":"0",
    "認可類別":"標示",
    "設計人":"九典聯合建築師事務所",
    "行政區":"臺北市",
    "ditrict":"北投區",
    "地號":"北投區溫泉段一小段5-0地號等44筆地號",
    "建築物使用類別":"大型空間類建築"
    }
  },
  {
    "type": "Feature",
    "geometry": {
       "type": "Point",
       "coordinates":  [ 121.529469,25.022377 ]
    },
    "properties": {
    "#":753,
    "建築物名稱":"國立臺灣師範大學泰順街60巷28號新建工程",
    "建築物概要":"地下1層，地上6層鋼筋混凝土構造住宿類建築",
    "認可版本":"2009年版",
    "認可等級":"合格級",
    "rank":1,
    "有效期間":"2018年1月18日",
    "valid":"0",
    "認可類別":"標示",
    "設計人":"許玄明建築師事務所",
    "行政區":"臺北市",
    "ditrict":"大安區",
    "地號":"大安區龍泉段二小段863-0地號",
    "建築物使用類別":"住宿類建築"
    }
  },
  {
    "type": "Feature",
    "geometry": {
       "type": "Point",
       "coordinates":  [ 121.552567,25.050662 ]
    },
    "properties": {
    "#":754,
    "建築物名稱":"臺北市警察局松山分局、捷運局工程處辦公大樓共構新建工程",
    "建築物概要":"地下3層，地上11層鋼筋混凝土構造辦公廳類建築",
    "認可版本":"2007年更新版",
    "認可等級":"合格級",
    "rank":1,
    "有效期間":"2018年1月11日",
    "valid":"0",
    "認可類別":"標示",
    "設計人":"臺北國際聯合建築師事務所",
    "行政區":"臺北市",
    "ditrict":"松山區",
    "地號":"松山區美仁段二小段884-1地號等8筆",
    "建築物使用類別":"辦公廳類建築"
    }
  },
  {
    "type": "Feature",
    "geometry": {
       "type": "Point",
       "coordinates":  [ 121.507671,25.0853 ]
    },
    "properties": {
    "#":755,
    "建築物名稱":"昱順建設海光段集合住宅新建工程",
    "建築物概要":"地下2層，地上15層鋼筋混凝土構造住宿類建築",
    "認可版本":"2009年版",
    "認可等級":"銀級",
    "rank":3,
    "有效期間":"2017年11月9日",
    "valid":"0",
    "認可類別":"標示",
    "設計人":"陳柏壽建築師事務所",
    "行政區":"臺北市",
    "ditrict":"士林區",
    "地號":"士林區海光段一小段134-0地號",
    "建築物使用類別":"住宿類建築"
    }
  },
  {
    "type": "Feature",
    "geometry": {
       "type": "Point",
       "coordinates":  [ 121.541824,25.078249 ]
    },
    "properties": {
    "#":756,
    "建築物名稱":"臺北市立北安國民中學綜合大樓新建工程",
    "建築物概要":"地下1層，地上2層鋼筋混凝土構造、鋼骨鋼筋混凝土構造、鋼骨構造大型空間類建築",
    "認可版本":"2007年更新版",
    "認可等級":"合格級",
    "rank":1,
    "有效期間":"2017年10月23日",
    "valid":"0",
    "認可類別":"標示",
    "設計人":"蔡孟哲建築師事務所",
    "行政區":"臺北市",
    "ditrict":"中山區",
    "地號":"中山區北安段三小段297-0地號等2筆",
    "建築物使用類別":"大型空間類建築"
    }
  },
  {
    "type": "Feature",
    "geometry": {
       "type": "Point",
       "coordinates":  [ 121.538035,25.04525 ]
    },
    "properties": {
    "#":757,
    "建築物名稱":"臺北市身心障礙者就業推廣大樓興建工程",
    "建築物概要":"地下2層，地上7層鋼筋混凝土構造學校類建築",
    "認可版本":"2009年版",
    "認可等級":"銀級",
    "rank":3,
    "有效期間":"2017年9月18日",
    "valid":"0",
    "認可類別":"標示",
    "設計人":"大林聯合建築師事務所",
    "行政區":"臺北市",
    "ditrict":"中山區",
    "地號":"中山區長安段二小段700-0地號",
    "建築物使用類別":"學校類建築"
    }
  },
  {
    "type": "Feature",
    "geometry": {
       "type": "Point",
       "coordinates":  [ 121.564156,25.039727 ]
    },
    "properties": {
    "#":758,
    "建築物名稱":"遠雄人壽O3金融中心新建工程",
    "建築物概要":"地下4層，地上32層鋼骨構造辦公廳類建築",
    "認可版本":"2007年更新版",
    "認可等級":"鑽石級",
    "rank":5,
    "有效期間":"2017年8月11日",
    "valid":"0",
    "認可類別":"標示",
    "設計人":"李祖原聯合建築師事務所",
    "行政區":"臺北市",
    "ditrict":"信義區",
    "地號":"信義區信義段四小段7-0地號",
    "建築物使用類別":"辦公廳類建築"
    }
  },
  {
    "type": "Feature",
    "geometry": {
       "type": "Point",
       "coordinates":  [ 121.537155,25.02211 ]
    },
    "properties": {
    "#":759,
    "建築物名稱":"國立台灣大學社會科學院新建工程",
    "建築物概要":"地下2層，地上8層鋼筋混凝土構造學校類建築",
    "認可版本":"2007年更新版",
    "認可等級":"合格級",
    "rank":1,
    "有效期間":"2017年7月17日",
    "valid":"0",
    "認可類別":"標示",
    "設計人":"宗邁建築師事務所",
    "行政區":"臺北市",
    "ditrict":"大安區",
    "地號":"大安區學府段四小段216-0地號等25筆",
    "建築物使用類別":"學校類建築"
    }
  },
  {
    "type": "Feature",
    "geometry": {
       "type": "Point",
       "coordinates":  [ 121.552487,25.048539 ]
    },
    "properties": {
    "#":760,
    "建築物名稱":"中崙地下一次配電變電所新建暨地上網球場復建工程",
    "建築物概要":"地下5層，地上4層鋼筋混凝土構造住宿類建築",
    "認可版本":"2005年更新版",
    "認可等級":"銅級",
    "rank":2,
    "有效期間":"2017年7月14日",
    "valid":"0",
    "認可類別":"標示",
    "設計人":"蕭力仁建築師事務所",
    "行政區":"臺北市",
    "ditrict":"松山區",
    "地號":"松山區美仁段二小段873-0地號等9筆",
    "建築物使用類別":"住宿類建築"
    }
  },
  {
    "type": "Feature",
    "geometry": {
       "type": "Point",
       "coordinates":  [ 121.540366,25.036564 ]
    },
    "properties": {
    "#":761,
    "建築物名稱":"學生會與社團表演活動空間等相關復舊工程",
    "建築物概要":"地下1層，地上1層鋼筋混凝土及其他構造學校類建築",
    "認可版本":"2009年版",
    "認可等級":"合格級",
    "rank":1,
    "有效期間":"2017年7月7日",
    "valid":"0",
    "認可類別":"標示",
    "設計人":"潘興華建築師事務所",
    "行政區":"臺北市",
    "ditrict":"大安區",
    "地號":"大安區懷生段二小段521-2地號等11筆",
    "建築物使用類別":"學校類建築"
    }
  },
  {
    "type": "Feature",
    "geometry": {
       "type": "Point",
       "coordinates":  [ 121.513911,25.061484 ]
    },
    "properties": {
    "#":762,
    "建築物名稱":"臺北市政府消防局大同分隊重建工程",
    "建築物概要":"地下3層，地上14層鋼筋混凝土構造辦公廳類建築",
    "認可版本":"2007年更新版",
    "認可等級":"黃金級",
    "rank":4,
    "有效期間":"2017年6月12日",
    "valid":"0",
    "認可類別":"標示",
    "設計人":"廖晏瑋建築師事務所",
    "行政區":"臺北市",
    "ditrict":"大同區",
    "地號":"大同區雙連段二小段454-0地號",
    "建築物使用類別":"辦公廳類建築"
    }
  },
  {
    "type": "Feature",
    "geometry": {
       "type": "Point",
       "coordinates":  [ 121.46984,25.132748 ]
    },
    "properties": {
    "#":763,
    "建築物名稱":"國立臺北藝術大學戲劇舞蹈教學大樓新建工程",
    "建築物概要":"地下1層，地上4層鋼混凝土構造大型空間類建築",
    "認可版本":"2009年版",
    "認可等級":"合格級",
    "rank":1,
    "有效期間":"2017年5月20日",
    "valid":"0",
    "認可類別":"標示",
    "設計人":"宗邁建築師事務所",
    "行政區":"臺北市",
    "ditrict":"北投區",
    "地號":"北投區桃源段三小段38-0地號等52筆",
    "建築物使用類別":"大型空間類建築"
    }
  },
  {
    "type": "Feature",
    "geometry": {
       "type": "Point",
       "coordinates":  [ 121.503427,25.13675 ]
    },
    "properties": {
    "#":764,
    "建築物名稱":"北投二三三號公園附建地下停車場新建工程",
    "建築物概要":"地下2層，地上1層鋼筋混凝土構造其他類建築",
    "認可版本":"2003年更新版",
    "認可等級":"免評估",
    "rank":0,
    "有效期間":"2017年3月26日",
    "valid":"0",
    "認可類別":"標示",
    "設計人":"陳傳宗建築師事務所",
    "行政區":"臺北市",
    "ditrict":"北投區",
    "地號":"北投區大業段一小段6-2地號等9筆",
    "建築物使用類別":"其他類建築"
    }
  },
  {
    "type": "Feature",
    "geometry": {
       "type": "Point",
       "coordinates":  [ 121.511847,25.0436 ]
    },
    "properties": {
    "#":765,
    "建築物名稱":"楊昇建設中正區城中段集合住宅新建工程",
    "建築物概要":"地下7層，地上31層鋼骨鋼筋混凝土構造住宿類建築",
    "認可版本":"2009年版",
    "認可等級":"銅級",
    "rank":2,
    "有效期間":"2017年3月18日",
    "valid":"0",
    "認可類別":"標示",
    "設計人":"周夢龍建築師事務所 簡志聰建築師事務所 柯智明建築師事務所",
    "行政區":"臺北市",
    "ditrict":"中正區",
    "地號":"中正區城中段二小段170-0地號",
    "建築物使用類別":"住宿類建築"
    }
  },
  {
    "type": "Feature",
    "geometry": {
       "type": "Point",
       "coordinates":  [ 121.503291,25.143965 ]
    },
    "properties": {
    "#":766,
    "建築物名稱":"臺北市立復興高級中學藝術大樓新建工程",
    "建築物概要":"地下1層，地上7層鋼筋混凝土構造學校類建築",
    "認可版本":"2005年更新版",
    "認可等級":"合格級",
    "rank":1,
    "有效期間":"2017年3月13日",
    "valid":"0",
    "認可類別":"標示",
    "設計人":"陳德耀建築師事務所",
    "行政區":"臺北市",
    "ditrict":"北投區",
    "地號":"北投區開明段一小段13-7地號等24筆",
    "建築物使用類別":"學校類建築"
    }
  },
  {
    "type": "Feature",
    "geometry": {
       "type": "Point",
       "coordinates":  [ 121.574106,25.057361 ]
    },
    "properties": {
    "#":768,
    "建築物名稱":"宏普建設舊宗段科技大樓新建工程",
    "建築物概要":"地下3層，地上8層鋼筋混凝土構造辦公廳類建築",
    "認可版本":"2009年版",
    "認可等級":"銀級",
    "rank":3,
    "有效期間":"2017年2月19日",
    "valid":"0",
    "認可類別":"標示",
    "設計人":"郭旭原建築師事務所",
    "行政區":"臺北市",
    "ditrict":"內湖區",
    "地號":"內湖區舊宗段91-3地號",
    "建築物使用類別":"辦公廳類建築"
    }
  },
  {
    "type": "Feature",
    "geometry": {
       "type": "Point",
       "coordinates":  [ 121.566281,25.02906 ]
    },
    "properties": {
    "#":769,
    "建築物名稱":"臺北市地政及災害應變中心聯合辦公大樓統包工程",
    "建築物概要":"地下2層，地上7層鋼筋混凝土構造辦公廳類建築",
    "認可版本":"2005年更新版",
    "認可等級":"銅級",
    "rank":2,
    "有效期間":"2017年2月19日",
    "valid":"0",
    "認可類別":"標示",
    "設計人":"許常吉建築師事務所",
    "行政區":"臺北市",
    "ditrict":"信義區",
    "地號":"信義區信義段五小段28-2地號等2筆",
    "建築物使用類別":"辦公廳類建築"
    }
  },
  {
    "type": "Feature",
    "geometry": {
       "type": "Point",
       "coordinates":  [ 121.616778,25.040768 ]
    },
    "properties": {
    "#":770,
    "建築物名稱":"中央研究院考古館後棟工程",
    "建築物概要":"地下1層，地上3層鋼筋混凝土構造辦公廳類建築",
    "認可版本":"2007年更新版",
    "認可等級":"合格級",
    "rank":1,
    "有效期間":"2017年2月9日",
    "valid":"0",
    "認可類別":"標示",
    "設計人":"張文正建築師事務所",
    "行政區":"臺北市",
    "ditrict":"南港區",
    "地號":"南港區中南段三小段134-2地號等49筆",
    "建築物使用類別":"辦公廳類建築"
    }
  },
  {
    "type": "Feature",
    "geometry": {
       "type": "Point",
       "coordinates":  [ 121.597293,25.056965 ]
    },
    "properties": {
    "#":771,
    "建築物名稱":"廣春成建設台北市南港向陽段集合住宅新建工程",
    "建築物概要":"地下4層，地上9層鋼筋混凝土構造住宿類建築",
    "認可版本":"2009年版",
    "認可等級":"合格級",
    "rank":1,
    "有效期間":"2017年1月28日",
    "valid":"0",
    "認可類別":"標示",
    "設計人":"王正偉建築師事務所",
    "行政區":"臺北市",
    "ditrict":"南港區",
    "地號":"南港區向陽段11-8地號",
    "建築物使用類別":"住宿類建築"
    }
  },
  {
    "type": "Feature",
    "geometry": {
       "type": "Point",
       "coordinates":  [ 121.576156,24.989818 ]
    },
    "properties": {
    "#":772,
    "建築物名稱":"臺北市文山區萬興國民小學教室及活動中心暨地下停車場新建工程",
    "建築物概要":"地下2層，地上5層鋼筋混凝土構造、鋼骨鋼筋混凝土構造學校類建築",
    "認可版本":"2007年更新版",
    "認可等級":"合格級",
    "rank":1,
    "有效期間":"2017年1月22日",
    "valid":"0",
    "認可類別":"標示",
    "設計人":"景涵建築師事務所",
    "行政區":"臺北市",
    "ditrict":"文山區",
    "地號":"文山區政大段四小段481-0地號等2筆",
    "建築物使用類別":"學校類建築"
    }
  },
  {
    "type": "Feature",
    "geometry": {
       "type": "Point",
       "coordinates":  [ 121.530065,25.117649 ]
    },
    "properties": {
    "#":773,
    "建築物名稱":"台北美國學校新建工程",
    "建築物概要":"地上5層鋼筋混凝土構造、鋼骨構造學校類建築",
    "認可版本":"2007年更新版",
    "認可等級":"銅級",
    "rank":2,
    "有效期間":"2017年1月16日",
    "valid":"0",
    "認可類別":"標示",
    "設計人":"大元聯合建築師事務所",
    "行政區":"臺北市",
    "ditrict":"士林區",
    "地號":"士林區三玉段三小段22-0地號等65筆",
    "建築物使用類別":"學校類建築"
    }
  },
  {
    "type": "Feature",
    "geometry": {
       "type": "Point",
       "coordinates":  [ 121.583246,25.065234 ]
    },
    "properties": {
    "#":774,
    "建築物名稱":"中興工程研究大樓",
    "建築物概要":"地下3層，地上7層鋼骨構造辦公廳類建築",
    "認可版本":"2009年版",
    "認可等級":"鑽石級",
    "rank":5,
    "有效期間":"2016年12月10日",
    "valid":"0",
    "認可類別":"標示",
    "設計人":"華興聯合建築師事務所",
    "行政區":"臺北市",
    "ditrict":"內湖區",
    "地號":"內湖區舊宗段10-6地號",
    "建築物使用類別":"辦公廳類建築"
    }
  },
  {
    "type": "Feature",
    "geometry": {
       "type": "Point",
       "coordinates":  [ 121.567392,25.038254 ]
    },
    "properties": {
    "#":775,
    "建築物名稱":"富邦人壽信義A10商旅大樓",
    "建築物概要":"地下5層，地上22層鋼骨構造旅館餐飲類建築",
    "認可版本":"2009年版",
    "認可等級":"鑽石級",
    "rank":5,
    "有效期間":"2016年12月2日",
    "valid":"0",
    "認可類別":"標示",
    "設計人":"大元聯合建築師事務所",
    "行政區":"臺北市",
    "ditrict":"信義區",
    "地號":"信義區信義段四小段11-0地號",
    "建築物使用類別":"旅館餐飲類建築"
    }
  },
  {
    "type": "Feature",
    "geometry": {
       "type": "Point",
       "coordinates":  [ 121.529258,25.037113 ]
    },
    "properties": {
    "#":776,
    "建築物名稱":"內政部警政署臨沂街職務及單身宿舍工程",
    "建築物概要":"地下2層，地上8層鋼筋混凝土構造住宿類建築",
    "認可版本":"2005年更新版",
    "認可等級":"合格級",
    "rank":1,
    "有效期間":"2016年10月6日",
    "valid":"0",
    "認可類別":"標示",
    "設計人":"丁文正建築師事務所",
    "行政區":"臺北市",
    "ditrict":"中正區",
    "地號":"中正區臨沂段四小段134-0地號等2筆",
    "建築物使用類別":"住宿類建築"
    }
  },
  {
    "type": "Feature",
    "geometry": {
       "type": "Point",
       "coordinates":  [ 121.600404,25.08752 ]
    },
    "properties": {
    "#":777,
    "建築物名稱":"臺北市內湖區大湖國民小學活動中心暨溫水游泳池新建工程",
    "建築物概要":"地上5層鋼筋混凝土構造、鋼骨鋼筋混凝土構造、鋼骨構造大型空間類建築",
    "認可版本":"2007年更新版",
    "認可等級":"銅級",
    "rank":2,
    "有效期間":"2016年10月3日",
    "valid":"0",
    "認可類別":"標示",
    "設計人":"孫文郁建築師事務所",
    "行政區":"臺北市",
    "ditrict":"內湖區",
    "地號":"內湖區大湖段二小段10-0地號",
    "建築物使用類別":"大型空間類建築"
    }
  },
  {
    "type": "Feature",
    "geometry": {
       "type": "Point",
       "coordinates":  [ 121.516952,25.092684 ]
    },
    "properties": {
    "#":778,
    "建築物名稱":"臺北市立陽明高級中學學生活動中心新建工程",
    "建築物概要":"地下1層，地上4層鋼筋混凝土構造、鋼構造大型空間類建築",
    "認可版本":"2007年更新版",
    "認可等級":"合格級",
    "rank":1,
    "有效期間":"2016年9月11日",
    "valid":"0",
    "認可類別":"標示",
    "設計人":"戴嘉惠建築師事務所",
    "行政區":"臺北市",
    "ditrict":"士林區",
    "地號":"士林區陽明段四小段389-0地號等2筆",
    "建築物使用類別":"大型空間類建築"
    }
  },
  {
    "type": "Feature",
    "geometry": {
       "type": "Point",
       "coordinates":  [ 121.542345,25.035464 ]
    },
    "properties": {
    "#":779,
    "建築物名稱":"財團法人臺灣民主基金會延續房舍整建(第2期興建)工程",
    "建築物概要":"地下3層，地上7層鋼筋混凝土構造辦公廳類建築",
    "認可版本":"2007年更新版",
    "認可等級":"銅級",
    "rank":2,
    "有效期間":"2016年9月8日",
    "valid":"0",
    "認可類別":"標示",
    "設計人":"吳學軒建築師事務所",
    "行政區":"臺北市",
    "ditrict":"大安區",
    "地號":"大安區懷生段二小段357-0地號",
    "建築物使用類別":"辦公廳類建築"
    }
  },
  {
    "type": "Feature",
    "geometry": {
       "type": "Point",
       "coordinates":  [ 121.46652,25.126339 ]
    },
    "properties": {
    "#":780,
    "建築物名稱":"關渡國民小學關山樓、曉月樓改建工程",
    "建築物概要":"地下1層，地上4層鋼筋混凝土構造、鋼構造學校類建築",
    "認可版本":"2007年更新版",
    "認可等級":"合格級",
    "rank":1,
    "有效期間":"2016年9月5日",
    "valid":"0",
    "認可類別":"標示",
    "設計人":"王立甫建築師事務所",
    "行政區":"臺北市",
    "ditrict":"北投區",
    "地號":"北投區豐年段四小段145-0地號",
    "建築物使用類別":"學校類建築"
    }
  },
  {
    "type": "Feature",
    "geometry": {
       "type": "Point",
       "coordinates":  [ 121.510593,25.140026 ]
    },
    "properties": {
    "#":781,
    "建築物名稱":"北投醫院軍陣醫療大樓暨戰情值日室新建工程",
    "建築物概要":"地下1層，地上4層鋼筋混凝土構造醫院類建築",
    "認可版本":"2007年更新版",
    "認可等級":"合格級",
    "rank":1,
    "有效期間":"2016年7月17日",
    "valid":"0",
    "認可類別":"標示",
    "設計人":"蔡達寬建築師事務所",
    "行政區":"臺北市",
    "ditrict":"北投區",
    "地號":"北投區新民段一小段353-0地號等8筆",
    "建築物使用類別":"醫院類建築"
    }
  },
  {
    "type": "Feature",
    "geometry": {
       "type": "Point",
       "coordinates":  [ 121.615319,25.044736 ]
    },
    "properties": {
    "#":782,
    "建築物名稱":"臺北市南港區中南段二小段859地號住宅大樓新建工程",
    "建築物概要":"地下3層，地上13層鋼筋混凝土構造住宿類建築",
    "認可版本":"2007年更新版",
    "認可等級":"黃金級",
    "rank":4,
    "有效期間":"2016年7月2日",
    "valid":"0",
    "認可類別":"標示",
    "設計人":"廖進雄建築師事務所",
    "行政區":"臺北市",
    "ditrict":"南港區",
    "地號":"南港區中南段二小段859-0地號",
    "建築物使用類別":"住宿類建築"
    }
  },
  {
    "type": "Feature",
    "geometry": {
       "type": "Point",
       "coordinates":  [ 121.590406,25.067785 ]
    },
    "properties": {
    "#":783,
    "建築物名稱":"內湖317K01停車塔新建工程",
    "建築物概要":"地上3層鋼筋混凝土構造、鋼構造其他類建築",
    "認可版本":"2005年更新版",
    "認可等級":"合格級",
    "rank":1,
    "有效期間":"2016年4月28日",
    "valid":"0",
    "認可類別":"標示",
    "設計人":"蔡達寬建築師事務所",
    "行政區":"臺北市",
    "ditrict":"內湖區",
    "地號":"內湖區文德段四小段30-0地號",
    "建築物使用類別":"其他類建築"
    }
  },
  {
    "type": "Feature",
    "geometry": {
       "type": "Point",
       "coordinates":  [ 121.582843,25.058681 ]
    },
    "properties": {
    "#":784,
    "建築物名稱":"元大之星集合住宅新建工程",
    "建築物概要":"地下4層，地上18層鋼骨鋼筋混凝土構造住宿類建築",
    "認可版本":"2007年更新版",
    "認可等級":"銀級",
    "rank":3,
    "有效期間":"2016年4月28日",
    "valid":"0",
    "認可類別":"標示",
    "設計人":"原大聯合建築師事所",
    "行政區":"臺北市",
    "ditrict":"內湖區",
    "地號":"內湖區潭美段五小段167-0地號",
    "建築物使用類別":"住宿類建築"
    }
  },
  {
    "type": "Feature",
    "geometry": {
       "type": "Point",
       "coordinates":  [ 121.522754,25.030383 ]
    },
    "properties": {
    "#":785,
    "建築物名稱":"國立臺灣大學及中央研究院杭州南路學人住宅",
    "建築物概要":"地下1層，地上7層鋼筋混凝土構造住宿類建築",
    "認可版本":"2009年版",
    "認可等級":"合格級",
    "rank":1,
    "有效期間":"2016年4月17日",
    "valid":"0",
    "認可類別":"標示",
    "設計人":"羅興華建築師事務所",
    "行政區":"臺北市",
    "ditrict":"大安區",
    "地號":"大安區金華段四小段213-0地號",
    "建築物使用類別":"住宿類建築"
    }
  },
  {
    "type": "Feature",
    "geometry": {
       "type": "Point",
       "coordinates":  [ 121.570337,25.037801 ]
    },
    "properties": {
    "#":787,
    "建築物名稱":"信義富邦國際館大樓",
    "建築物概要":"地下二層、地上十一層鋼筋混凝土構造住宿類建築",
    "認可版本":"",
    "認可等級":"免評估",
    "rank":0,
    "有效期間":"已失效",
    "valid":"0",
    "認可類別":"標示",
    "設計人":"",
    "行政區":"臺北市",
    "ditrict":"信義區",
    "地號":"台北市信義區信義段三小段16-2、16-3地號",
    "建築物使用類別":"住宿類建築"
    }
  },
  {
    "type": "Feature",
    "geometry": {
       "type": "Point",
       "coordinates":  [ 121.524036,25.065097 ]
    },
    "properties": {
    "#":788,
    "建築物名稱":"震大長玉住宅大樓",
    "建築物概要":"十四層鋼骨鋼筋混凝土構造住宿類建築",
    "認可版本":"",
    "認可等級":"免評估",
    "rank":0,
    "有效期間":"已失效",
    "valid":"0",
    "認可類別":"標示",
    "設計人":"",
    "行政區":"臺北市",
    "ditrict":"中山區",
    "地號":"台北市中山區中山段一小段353等5筆地號",
    "建築物使用類別":"住宿類建築"
    }
  },
  {
    "type": "Feature",
    "geometry": {
       "type": "Point",
       "coordinates":  [ 121.526648,25.042577 ]
    },
    "properties": {
    "#":790,
    "建築物名稱":"富邦杭州大樓",
    "建築物概要":"地下四層、地上十三層鋼骨構造辦公類建築",
    "認可版本":"",
    "認可等級":"免評估",
    "rank":0,
    "有效期間":"已失效",
    "valid":"0",
    "認可類別":"標示",
    "設計人":"",
    "行政區":"臺北市",
    "ditrict":"中正區",
    "地號":"台北市中正區臨沂段一小段485-2地號",
    "建築物使用類別":"辦公廳類建築"
    }
  },
  {
    "type": "Feature",
    "geometry": {
       "type": "Point",
       "coordinates":  [ 121.52182,25.118959 ]
    },
    "properties": {
    "#":791,
    "建築物名稱":"天母富邦集合住宅大樓",
    "建築物概要":"地下一層、地上十二層鋼骨鋼筋混凝土構造住宿類建築",
    "認可版本":"",
    "認可等級":"免評估",
    "rank":0,
    "有效期間":"已失效",
    "valid":"0",
    "認可類別":"標示",
    "設計人":"",
    "行政區":"臺北市",
    "ditrict":"北投區",
    "地號":"台北市北投區振興段二小段3地號",
    "建築物使用類別":"住宿類建築"
    }
  },
  {
    "type": "Feature",
    "geometry": {
       "type": "Point",
       "coordinates":  [ 121.524036,25.065097 ]
    },
    "properties": {
    "#":792,
    "建築物名稱":"震大建設「日光PLAZA」集合住宅",
    "建築物概要":"地下三層、地上十四層鋼筋混凝土構造住宅類建築",
    "認可版本":"",
    "認可等級":"免評估",
    "rank":0,
    "有效期間":"已失效",
    "valid":"0",
    "認可類別":"標示",
    "設計人":"",
    "行政區":"臺北市",
    "ditrict":"中山區",
    "地號":"台北市中山區中山段一小段353等5筆地號",
    "建築物使用類別":"住宿類建築"
    }
  },
  {
    "type": "Feature",
    "geometry": {
       "type": "Point",
       "coordinates":  [ 121.535772,25.052443 ]
    },
    "properties": {
    "#":793,
    "建築物名稱":"富邦南京大樓",
    "建築物概要":"地下七層,地上十二層鋼骨構造辦公類建築",
    "認可版本":"",
    "認可等級":"免評估",
    "rank":0,
    "有效期間":"已失效",
    "valid":"0",
    "認可類別":"標示",
    "設計人":"",
    "行政區":"臺北市",
    "ditrict":"中山區",
    "地號":"台北市中山區長春段三小段454-0地號",
    "建築物使用類別":"辦公廳類建築"
    }
  },
  {
    "type": "Feature",
    "geometry": {
       "type": "Point",
       "coordinates":  [ 121.525559,25.107616 ]
    },
    "properties": {
    "#":794,
    "建築物名稱":"震大明玉",
    "建築物概要":"地下一層，地上七層鋼筋混凝土構造住宿類建築",
    "認可版本":"",
    "認可等級":"免評估",
    "rank":0,
    "有效期間":"已失效",
    "valid":"0",
    "認可類別":"標示",
    "設計人":"",
    "行政區":"臺北市",
    "ditrict":"士林區",
    "地號":"台北市士林區三玉段五小段712等一筆地號",
    "建築物使用類別":"住宿類建築"
    }
  },
  {
    "type": "Feature",
    "geometry": {
       "type": "Point",
       "coordinates":  [ 121.524302,25.118153 ]
    },
    "properties": {
    "#":795,
    "建築物名稱":"國家安全局天母西路住宅新建工程",
    "建築物概要":"地下二層、地上十一層鋼筋混凝土構造住宿類建築",
    "認可版本":"",
    "認可等級":"免評估",
    "rank":0,
    "有效期間":"已失效",
    "valid":"0",
    "認可類別":"標示",
    "設計人":"",
    "行政區":"臺北市",
    "ditrict":"士林區",
    "地號":"台北市士林區天母段一小段135地號",
    "建築物使用類別":"住宿類建築"
    }
  },
  {
    "type": "Feature",
    "geometry": {
       "type": "Point",
       "coordinates":  [ 121.526532,25.124689 ]
    },
    "properties": {
    "#":796,
    "建築物名稱":"昇陽麗晶",
    "建築物概要":"地下二層，地上十一層鋼筋混凝土構造住宿類建築",
    "認可版本":"",
    "認可等級":"免評估",
    "rank":0,
    "有效期間":"已失效",
    "valid":"0",
    "認可類別":"標示",
    "設計人":"",
    "行政區":"臺北市",
    "ditrict":"北投區",
    "地號":"臺北市北投區行義段三小段295號",
    "建築物使用類別":"住宿類建築"
    }
  },
  {
    "type": "Feature",
    "geometry": {
       "type": "Point",
       "coordinates":  [ 121.614599,25.042332 ]
    },
    "properties": {
    "#":797,
    "建築物名稱":"中央研究院基因體與蛋白體實驗研究大樓",
    "建築物概要":"地下二層，地上八層鋼骨構造辦公類建築",
    "認可版本":"",
    "認可等級":"免評估",
    "rank":0,
    "有效期間":"已失效",
    "valid":"0",
    "認可類別":"標示",
    "設計人":"",
    "行政區":"臺北市",
    "ditrict":"南港區",
    "地號":"臺北市南港區中南段三小段133共1筆地號",
    "建築物使用類別":"辦公廳類建築"
    }
  },
  {
    "type": "Feature",
    "geometry": {
       "type": "Point",
       "coordinates":  [ 121.55263,25.03745 ]
    },
    "properties": {
    "#":800,
    "建築物名稱":"富邦福安紀念館",
    "建築物概要":"地下2層，地上11層鋼骨構造辦公廳類建築",
    "認可版本":"",
    "認可等級":"免評估",
    "rank":0,
    "有效期間":"已失效",
    "valid":"0",
    "認可類別":"標示",
    "設計人":"",
    "行政區":"臺北市",
    "ditrict":"大安區",
    "地號":"台北市大安區仁愛段四小段2-0號等1筆地號",
    "建築物使用類別":"辦公廳類建築"
    }
  },
  {
    "type": "Feature",
    "geometry": {
       "type": "Point",
       "coordinates":  [ 121.525208,25.037593 ]
    },
    "properties": {
    "#":802,
    "建築物名稱":"震大杭玉",
    "建築物概要":"地下2層，地上13層鋼筋混凝土構造住宿類建築",
    "認可版本":"",
    "認可等級":"免評估",
    "rank":0,
    "有效期間":"已失效",
    "valid":"0",
    "認可類別":"標示",
    "設計人":"",
    "行政區":"臺北市",
    "ditrict":"中正區",
    "地號":"臺北市中正區中正段二小段140地號",
    "建築物使用類別":"住宿類建築"
    }
  },
  {
    "type": "Feature",
    "geometry": {
       "type": "Point",
       "coordinates":  [ 121.539604,25.018698 ]
    },
    "properties": {
    "#":803,
    "建築物名稱":"國立台灣大學─動物疾病與畜產品衛生檢測技術開發中心之行政與研究大樓",
    "建築物概要":"地下1層，地上5層鋼筋混凝土構造辦公廳類建築",
    "認可版本":"",
    "認可等級":"免評估",
    "rank":0,
    "有效期間":"已失效",
    "valid":"0",
    "認可類別":"標示",
    "設計人":"",
    "行政區":"臺北市",
    "ditrict":"大安區",
    "地號":"台北市大安區學府段四小段230地號共1筆",
    "建築物使用類別":"辦公廳類建築"
    }
  },
  {
    "type": "Feature",
    "geometry": {
       "type": "Point",
       "coordinates":  [ 121.52338,25.041489 ]
    },
    "properties": {
    "#":804,
    "建築物名稱":"國立台灣大學公共衛生大樓",
    "建築物概要":"地下2層，地上10層鋼筋混凝土構造學校類建築",
    "認可版本":"",
    "認可等級":"免評估",
    "rank":0,
    "有效期間":"已失效",
    "valid":"0",
    "認可類別":"標示",
    "設計人":"",
    "行政區":"臺北市",
    "ditrict":"中正區",
    "地號":"台北市中正區成功段二小段105地號",
    "建築物使用類別":"學校類建築"
    }
  },
  {
    "type": "Feature",
    "geometry": {
       "type": "Point",
       "coordinates":  [ 121.625348,25.033943 ]
    },
    "properties": {
    "#":806,
    "建築物名稱":"臺北市山豬窟垃圾衛生掩埋場復育計畫溫水游泳池統包工程",
    "建築物概要":"地下0層，地上2層鋼筋混凝土構造辦公及大型空間類建築物",
    "認可版本":"",
    "認可等級":"免評估",
    "rank":0,
    "有效期間":"已失效",
    "valid":"0",
    "認可類別":"標示",
    "設計人":"",
    "行政區":"臺北市",
    "ditrict":"南港區",
    "地號":"臺北市南港區大豐段三小段188-4等465地號 南港區舊莊路1段290巷32號",
    "建築物使用類別":"大型空間類建築"
    }
  },
  {
    "type": "Feature",
    "geometry": {
       "type": "Point",
       "coordinates":  [ 121.539185,25.134178 ]
    },
    "properties": {
    "#":807,
    "建築物名稱":"中國文化大學體育館新建工程",
    "建築物概要":"地下5層，地上10層鋼骨及鋼筋混凝土構造學校類建築",
    "認可版本":"",
    "認可等級":"免評估",
    "rank":0,
    "有效期間":"已失效",
    "valid":"0",
    "認可類別":"標示",
    "設計人":"",
    "行政區":"臺北市",
    "ditrict":"士林區",
    "地號":"台北市士林區天玉段一小段115-1等10筆地號 士林區華岡路55號",
    "建築物使用類別":"學校類建築"
    }
  },
  {
    "type": "Feature",
    "geometry": {
       "type": "Point",
       "coordinates":  [ 121.581906,25.048904 ]
    },
    "properties": {
    "#":811,
    "建築物名稱":"台北市南港區市民運動中心新建工程",
    "建築物概要":"地下4層、地上8層鋼骨鋼筋混凝土構造大型空間類建築",
    "認可版本":"",
    "認可等級":"免評估",
    "rank":0,
    "有效期間":"已失效",
    "valid":"0",
    "認可類別":"標示",
    "設計人":"",
    "行政區":"臺北市",
    "ditrict":"南港區",
    "地號":"台北市南港區玉成段三小段569-2地號",
    "建築物使用類別":"大型空間類建築"
    }
  },
  {
    "type": "Feature",
    "geometry": {
       "type": "Point",
       "coordinates":  [ 121.566281,25.02906 ]
    },
    "properties": {
    "#":812,
    "建築物名稱":"臺北市災害應變中心聯合辦公大樓",
    "建築物概要":"地下2層、地上7層鋼筋混凝土構造辦公類建築",
    "認可版本":"",
    "認可等級":"銅級",
    "rank":2,
    "有效期間":"已失效",
    "valid":"0",
    "認可類別":"標示",
    "設計人":"",
    "行政區":"臺北市",
    "ditrict":"信義區",
    "地號":"臺北市信義區信義段五小段28-2地號等2筆",
    "建築物使用類別":"辦公廳類建築"
    }
  },
  {
    "type": "Feature",
    "geometry": {
       "type": "Point",
       "coordinates":  [ 121.51748,25.045197 ]
    },
    "properties": {
    "#":813,
    "建築物名稱":"臺北市政府警察局中正第一分局辦公大樓新建工程",
    "建築物概要":"地下4層，地上12層鋼骨構造辦公類建築",
    "認可版本":"",
    "認可等級":"免評估",
    "rank":0,
    "有效期間":"已失效",
    "valid":"0",
    "認可類別":"標示",
    "設計人":"",
    "行政區":"臺北市",
    "ditrict":"中正區",
    "地號":"台北市中正區公園段三小段28、29、15-7等三筆",
    "建築物使用類別":"辦公廳類建築"
    }
  },
  {
    "type": "Feature",
    "geometry": {
       "type": "Point",
       "coordinates":  [ 121.582782,25.061175 ]
    },
    "properties": {
    "#":816,
    "建築物名稱":"週美一次配電變電所",
    "建築物概要":"地下1層，地上4層鋼骨鋼筋混凝土構造其他類建築",
    "認可版本":"",
    "認可等級":"免評估",
    "rank":0,
    "有效期間":"已失效",
    "valid":"0",
    "認可類別":"標示",
    "設計人":"",
    "行政區":"臺北市",
    "ditrict":"內湖區",
    "地號":"台北市內湖區舊宗段17地號一筆土地:內湖區行愛路1號",
    "建築物使用類別":"其他類建築"
    }
  },
  {
    "type": "Feature",
    "geometry": {
       "type": "Point",
       "coordinates":  [ 121.618582,25.056538 ]
    },
    "properties": {
    "#":820,
    "建築物名稱":"經濟部南港展覽館新建工程",
    "建築物概要":"地下1層，地上7層鋼骨及鋼筋混凝土構造其他類建築",
    "認可版本":"",
    "認可等級":"免評估",
    "rank":0,
    "有效期間":"已失效",
    "valid":"0",
    "認可類別":"標示",
    "設計人":"",
    "行政區":"臺北市",
    "ditrict":"南港區",
    "地號":"台北市南港區經貿段12-1、12-2、12-3等3筆地號",
    "建築物使用類別":"其他類建築"
    }
  },
  {
    "type": "Feature",
    "geometry": {
       "type": "Point",
       "coordinates":  [ 121.539558,25.063946 ]
    },
    "properties": {
    "#":821,
    "建築物名稱":"榮星公園游泳池改建暨地下停車場新建統包工程",
    "建築物概要":"地下2層，地上2層鋼筋混凝土構造大型空間類建築物",
    "認可版本":"",
    "認可等級":"合格級",
    "rank":1,
    "有效期間":"已失效",
    "valid":"0",
    "認可類別":"標示",
    "設計人":"",
    "行政區":"臺北市",
    "ditrict":"中山區",
    "地號":"臺北市中山區榮星段四小段534、539、542、558、559、562、563、564、573、576、577、578等12筆地號(中山區建國北路三段39號)",
    "建築物使用類別":"大型空間類建築"
    }
  },
  {
    "type": "Feature",
    "geometry": {
       "type": "Point",
       "coordinates":  [ 121.556602,25.080184 ]
    },
    "properties": {
    "#":822,
    "建築物名稱":"臺北市政府消防局西湖分隊新建統包工程",
    "建築物概要":"地下2層，地上8層鋼筋混凝土構造辦公廳及住宿類建築",
    "認可版本":"",
    "認可等級":"合格級",
    "rank":1,
    "有效期間":"已失效",
    "valid":"0",
    "認可類別":"標示",
    "設計人":"",
    "行政區":"臺北市",
    "ditrict":"中山區",
    "地號":"台北市中山區金泰段18、18-1地號等2筆",
    "建築物使用類別":"辦公廳類建築"
    }
  },
  {
    "type": "Feature",
    "geometry": {
       "type": "Point",
       "coordinates":  [ 121.572409,25.083074 ]
    },
    "properties": {
    "#":823,
    "建築物名稱":"臺北市內湖區麗山國民小學活動中心含游泳池新建暨原有舊校舍結構補強統包工程",
    "建築物概要":"地下1層，地上6層鋼筋混凝土構造學校類及大型空間類建築",
    "認可版本":"",
    "認可等級":"銅級",
    "rank":2,
    "有效期間":"已失效",
    "valid":"0",
    "認可類別":"標示",
    "設計人":"",
    "行政區":"臺北市",
    "ditrict":"內湖區",
    "地號":"台北市內湖區碧湖段四小段610、6101、7481、748-5等4筆地號",
    "建築物使用類別":"學校類建築"
    }
  },
  {
    "type": "Feature",
    "geometry": {
       "type": "Point",
       "coordinates":  [ 121.595395,25.074576 ]
    },
    "properties": {
    "#":824,
    "建築物名稱":"國防醫學院學生綜合活動中心新建工程",
    "建築物概要":"地上5層鋼骨及鋼筋混凝土構造學校類及大型空間類建築",
    "認可版本":"",
    "認可等級":"免評估",
    "rank":0,
    "有效期間":"已失效",
    "valid":"0",
    "認可類別":"標示",
    "設計人":"",
    "行政區":"臺北市",
    "ditrict":"內湖區",
    "地號":"台北市內湖區石潭段一小段119地號等139筆地號",
    "建築物使用類別":"學校類建築"
    }
  },
  {
    "type": "Feature",
    "geometry": {
       "type": "Point",
       "coordinates":  [ 121.546657,25.017186 ]
    },
    "properties": {
    "#":831,
    "建築物名稱":"台灣大學長興校區學生宿舍BOT案新建工程",
    "建築物概要":"地下2層，地上11層鋼筋混凝土構造住宿類及百貨商場類建築",
    "認可版本":"",
    "認可等級":"合格級",
    "rank":1,
    "有效期間":"已失效",
    "valid":"0",
    "認可類別":"標示",
    "設計人":"",
    "行政區":"臺北市",
    "ditrict":"大安區",
    "地號":"臺北市大安區辛亥段五小段3等18筆地號",
    "建築物使用類別":"住宿類建築"
    }
  },
  {
    "type": "Feature",
    "geometry": {
       "type": "Point",
       "coordinates":  [ 121.526172,25.038539 ]
    },
    "properties": {
    "#":833,
    "建築物名稱":"震大建設THE HOUSE案集合住宅新建工程",
    "建築物概要":"地下5層，地上14層鋼筋混凝土構造住宿類建築",
    "認可版本":"",
    "認可等級":"合格級",
    "rank":1,
    "有效期間":"已失效",
    "valid":"0",
    "認可類別":"標示",
    "設計人":"",
    "行政區":"臺北市",
    "ditrict":"中正區",
    "地號":"台北市中正區中正段一小段194,195,196,197,198,198-1,199,199-1,200,200-1,201,202地號等12筆",
    "建築物使用類別":"住宿類建築"
    }
  },
  {
    "type": "Feature",
    "geometry": {
       "type": "Point",
       "coordinates":  [ 121.532079,25.045113 ]
    },
    "properties": {
    "#":835,
    "建築物名稱":"臺北資訊產業大樓新建統包工程",
    "建築物概要":"地下1層，地上7層鋼筋混凝土構造百貨商場類建築",
    "認可版本":"",
    "認可等級":"銅級",
    "rank":2,
    "有效期間":"已失效",
    "valid":"0",
    "認可類別":"標示",
    "設計人":"",
    "行政區":"臺北市",
    "ditrict":"中正區",
    "地號":"臺北市中正區成功段一小段8、8-、9、10、11、12、13-1等7筆",
    "建築物使用類別":"百貨商場類建築"
    }
  },
  {
    "type": "Feature",
    "geometry": {
       "type": "Point",
       "coordinates":  [ 121.546657,25.017186 ]
    },
    "properties": {
    "#":836,
    "建築物名稱":"台灣大學長興校區學生宿舍BOT案新建工程",
    "建築物概要":"地下2層，地上11層鋼筋混凝土構造住宿類及百貨商場類建築",
    "認可版本":"",
    "認可等級":"銅級",
    "rank":2,
    "有效期間":"已失效",
    "valid":"0",
    "認可類別":"標示",
    "設計人":"",
    "行政區":"臺北市",
    "ditrict":"大安區",
    "地號":"臺北市大安區辛亥段五小段3等18筆地號",
    "建築物使用類別":"住宿類建築"
    }
  },
  {
    "type": "Feature",
    "geometry": {
       "type": "Point",
       "coordinates":  [ 121.539604,25.018698 ]
    },
    "properties": {
    "#":841,
    "建築物名稱":"國立台灣大學法律學院大樓新建工程",
    "建築物概要":"地下1層，地上8層鋼筋混凝土構造學校類建築",
    "認可版本":"",
    "認可等級":"免評估",
    "rank":0,
    "有效期間":"已失效",
    "valid":"0",
    "認可類別":"標示",
    "設計人":"",
    "行政區":"臺北市",
    "ditrict":"大安區",
    "地號":"台北市大安區學府段四小段230地號等一筆",
    "建築物使用類別":"學校類建築"
    }
  },
  {
    "type": "Feature",
    "geometry": {
       "type": "Point",
       "coordinates":  [ 121.619903,25.059764 ]
    },
    "properties": {
    "#":846,
    "建築物名稱":"內湖機廠儲車區上方多用途使用區停車場及辦公室新建工程",
    "建築物概要":"地上4層鋼筋混凝土構造其他類及辦公廳類建築",
    "認可版本":"",
    "認可等級":"合格級",
    "rank":1,
    "有效期間":"已失效",
    "valid":"0",
    "認可類別":"標示",
    "設計人":"",
    "行政區":"臺北市",
    "ditrict":"南港區",
    "地號":"台北市南港區經貿段21地號等1筆土地",
    "建築物使用類別":"其他類建築"
    }
  },
  {
    "type": "Feature",
    "geometry": {
       "type": "Point",
       "coordinates":  [ 121.54181,25.013348 ]
    },
    "properties": {
    "#":849,
    "建築物名稱":"國立臺灣科技大學教學研究大樓新建統包工程",
    "建築物概要":"地下2層，地上11層鋼骨構造學校類建築",
    "認可版本":"",
    "認可等級":"銅級",
    "rank":2,
    "有效期間":"已失效",
    "valid":"0",
    "認可類別":"標示",
    "設計人":"",
    "行政區":"臺北市",
    "ditrict":"大安區",
    "地號":"台北市大安區辛亥段五小段219-0號",
    "建築物使用類別":"學校類建築"
    }
  },
  {
    "type": "Feature",
    "geometry": {
       "type": "Point",
       "coordinates":  [ 121.523783,25.037122 ]
    },
    "properties": {
    "#":851,
    "建築物名稱":"交通部綜合辦公大樓(含中華電信仁愛綜合大樓)-A棟交通部",
    "建築物概要":"地下6層、地上22層鋼骨構造辦公廳類建築",
    "認可版本":"",
    "認可等級":"免評估",
    "rank":0,
    "有效期間":"已失效",
    "valid":"0",
    "認可類別":"標示",
    "設計人":"",
    "行政區":"臺北市",
    "ditrict":"中正區",
    "地號":"臺北市中正區中正段三小段2,2-1,17地號",
    "建築物使用類別":"辦公廳類建築"
    }
  },
  {
    "type": "Feature",
    "geometry": {
       "type": "Point",
       "coordinates":  [ 121.614599,25.042332 ]
    },
    "properties": {
    "#":853,
    "建築物名稱":"中央研究院農業科技大樓新建工程",
    "建築物概要":"地下2層，地上7層鋼筋混凝土構造辦公廳類建築",
    "認可版本":"",
    "認可等級":"免評估",
    "rank":0,
    "有效期間":"已失效",
    "valid":"0",
    "認可類別":"標示",
    "設計人":"",
    "行政區":"臺北市",
    "ditrict":"南港區",
    "地號":"台北市南港區中南段三小段133地號等47筆土地",
    "建築物使用類別":"辦公廳類建築"
    }
  },
  {
    "type": "Feature",
    "geometry": {
       "type": "Point",
       "coordinates":  [ 121.57914,24.99285 ]
    },
    "properties": {
    "#":854,
    "建築物名稱":"貓覽景觀廁所及貓空纜車服務中心新建工程",
    "建築物概要":"地上2層鋼筋混凝土構造大型空間類建築",
    "認可版本":"",
    "認可等級":"合格級",
    "rank":1,
    "有效期間":"已失效",
    "valid":"0",
    "認可類別":"標示",
    "設計人":"",
    "行政區":"臺北市",
    "ditrict":"文山區",
    "地號":"台北市文山區頭廷段四小段252等7筆地號",
    "建築物使用類別":"大型空間類建築"
    }
  },
  {
    "type": "Feature",
    "geometry": {
       "type": "Point",
       "coordinates":  [ 121.473564,25.139524 ]
    },
    "properties": {
    "#":856,
    "建築物名稱":"國立台北藝術大學學生宿舍新建工程",
    "建築物概要":"地上6層鋼筋混凝土構造住宿類建築",
    "認可版本":"2003年更新版",
    "認可等級":"免評估",
    "rank":0,
    "有效期間":"已失效",
    "valid":"0",
    "認可類別":"標示",
    "設計人":"陳信樟建築師事務所",
    "行政區":"臺北市",
    "ditrict":"北投區",
    "地號":"台北市北投區桃源段三小段1-0等52筆地號",
    "建築物使用類別":"住宿類建築"
    }
  },
  {
    "type": "Feature",
    "geometry": {
       "type": "Point",
       "coordinates":  [ 121.551289,25.000159 ]
    },
    "properties": {
    "#":857,
    "建築物名稱":"臺北市興隆公園附建地下停車場新建工程",
    "建築物概要":"地下3層，地上1層鋼筋混凝土及木構造其他類建築",
    "認可版本":"2005年更新版",
    "認可等級":"免評估",
    "rank":0,
    "有效期間":"已失效",
    "valid":"0",
    "認可類別":"標示",
    "設計人":"陳信樟建築師事務所",
    "行政區":"臺北市",
    "ditrict":"文山區",
    "地號":"台北市文山區興安段二小段147乙筆地號",
    "建築物使用類別":"其他類建築"
    }
  },
  {
    "type": "Feature",
    "geometry": {
       "type": "Point",
       "coordinates":  [ 121.503851,25.117972 ]
    },
    "properties": {
    "#":858,
    "建築物名稱":"立農公園附建地下停車場新建工程",
    "建築物概要":"地下2層，地上1層鋼筋混凝土構造其他類建築",
    "認可版本":"2007年更新版",
    "認可等級":"合格級",
    "rank":1,
    "有效期間":"已失效",
    "valid":"0",
    "認可類別":"標示",
    "設計人":"江詹子鏗建築師事務所",
    "行政區":"臺北市",
    "ditrict":"北投區",
    "地號":"臺北市北投區立農段五小段508-2號等8筆地號",
    "建築物使用類別":"其他類建築"
    }
  },
  {
    "type": "Feature",
    "geometry": {
       "type": "Point",
       "coordinates":  [ 121.57914,24.99285 ]
    },
    "properties": {
    "#":859,
    "建築物名稱":"貓空纜車動物園站鄰近地區整體景觀工程",
    "建築物概要":"地上2層鋼筋混凝土構造大型空間類建築",
    "認可版本":"2007年更新版",
    "認可等級":"合格級",
    "rank":1,
    "有效期間":"已失效",
    "valid":"0",
    "認可類別":"標示",
    "設計人":"余學禹建築師事務所",
    "行政區":"臺北市",
    "ditrict":"文山區",
    "地號":"台北市文山區頭廷段四小段252等7筆地號",
    "建築物使用類別":"大型空間類建築"
    }
  },
  {
    "type": "Feature",
    "geometry": {
       "type": "Point",
       "coordinates":  [ 121.502602,25.090844 ]
    },
    "properties": {
    "#":861,
    "建築物名稱":"社子國小附建地下停車場新建統包工程",
    "建築物概要":"地下3層，地上1層鋼筋混凝土及鋼骨構造其他類建築",
    "認可版本":"2007年更新版",
    "認可等級":"合格級",
    "rank":1,
    "有效期間":"已失效",
    "valid":"0",
    "認可類別":"標示",
    "設計人":"李安憲建築師事務所",
    "行政區":"臺北市",
    "ditrict":"士林區",
    "地號":"台北市士林區永平段三小段308等2筆地號",
    "建築物使用類別":"其他類建築"
    }
  },
  {
    "type": "Feature",
    "geometry": {
       "type": "Point",
       "coordinates":  [ 121.611215,25.059454 ]
    },
    "properties": {
    "#":864,
    "建築物名稱":"南港園區街南港段R14住宅大樓新建工程",
    "建築物概要":"地下4層，地上15層鋼筋混凝土構造住宿類建築",
    "認可版本":"2007年更新版",
    "認可等級":"銀級",
    "rank":3,
    "有效期間":"已失效",
    "valid":"0",
    "認可類別":"標示",
    "設計人":"簡俊卿建築師事務所",
    "行政區":"臺北市",
    "ditrict":"南港區",
    "地號":"南港區南港段一小段619-0地號",
    "建築物使用類別":"住宿類建築"
    }
  },
  {
    "type": "Feature",
    "geometry": {
       "type": "Point",
       "coordinates":  [ 121.552638,25.013546 ]
    },
    "properties": {
    "#":865,
    "建築物名稱":"臺北市第二殯儀館火化場",
    "建築物概要":"地上2層鋼骨構造及鋼筋混凝土構造其他類建築",
    "認可版本":"2007年更新版",
    "認可等級":"銅級",
    "rank":2,
    "有效期間":"已失效",
    "valid":"0",
    "認可類別":"標示",
    "設計人":"許明義建築師事務所",
    "行政區":"臺北市",
    "ditrict":"大安區",
    "地號":"大安區辛亥段五小段124-0地號等5筆",
    "建築物使用類別":"其他類建築"
    }
  },
  {
    "type": "Feature",
    "geometry": {
       "type": "Point",
       "coordinates":  [ 121.559509,24.997344 ]
    },
    "properties": {
    "#":866,
    "建築物名稱":"台北市文山區市民運動中心新建統包工程",
    "建築物概要":"地下2層，地上8層鋼筋混凝土、鋼骨鋼筋混凝土、鋼骨構造大型空間類建築",
    "認可版本":"2005年更新版",
    "認可等級":"合格級",
    "rank":1,
    "有效期間":"已失效",
    "valid":"0",
    "認可類別":"標示",
    "設計人":"啟達聯合建築師事務所",
    "行政區":"臺北市",
    "ditrict":"文山區",
    "地號":"台北市文山區興安段四小段7-1地號等16筆",
    "建築物使用類別":"大型空間類建築"
    }
  },
  {
    "type": "Feature",
    "geometry": {
       "type": "Point",
       "coordinates":  [ 121.516932,25.065339 ]
    },
    "properties": {
    "#":868,
    "建築物名稱":"臺北市大同區大同國小運動中心",
    "建築物概要":"地下3層、地上6層鋼筋混凝土構造、鋼骨鋼筋混凝土構造、鋼骨構造大型空間類建築",
    "認可版本":"2005年更新版",
    "認可等級":"免評估",
    "rank":0,
    "有效期間":"已失效",
    "valid":"0",
    "認可類別":"標示",
    "設計人":"曹祖明建築師事務所",
    "行政區":"臺北市",
    "ditrict":"大同區",
    "地號":"大同區大同段二小段329-0地號等4筆",
    "建築物使用類別":"大型空間類建築"
    }
  },
  {
    "type": "Feature",
    "geometry": {
       "type": "Point",
       "coordinates":  [ 121.550997,25.139064 ]
    },
    "properties": {
    "#":869,
    "建築物名稱":"震大菩方田",
    "建築物概要":"地下3層，地上5層鋼筋混凝土構造住宿類建築",
    "認可版本":"2007年更新版",
    "認可等級":"黃金級",
    "rank":4,
    "有效期間":"已失效",
    "valid":"0",
    "認可類別":"標示",
    "設計人":"黃宏輝建築師事務所",
    "行政區":"臺北市",
    "ditrict":"士林區",
    "地號":"士林區華岡段三小段68-0地號",
    "建築物使用類別":"住宿類建築"
    }
  },
  {
    "type": "Feature",
    "geometry": {
       "type": "Point",
       "coordinates":  [ 121.61073,25.057577 ]
    },
    "properties": {
    "#":870,
    "建築物名稱":"南港國小操場附建地下停車場新建工程",
    "建築物概要":"地下2層，地上1層鋼筋混凝土構造其他類建築",
    "認可版本":"2005年更新版",
    "認可等級":"銅級",
    "rank":2,
    "有效期間":"已失效",
    "valid":"0",
    "認可類別":"標示",
    "設計人":"曹祖明建築師事務所",
    "行政區":"臺北市",
    "ditrict":"南港區",
    "地號":"南港區經貿段63-0地號",
    "建築物使用類別":"其他類建築"
    }
  },
  {
    "type": "Feature",
    "geometry": {
       "type": "Point",
       "coordinates":  [ 121.521991,25.089704 ]
    },
    "properties": {
    "#":871,
    "建築物名稱":"承德公園附建地下停車場新建工程",
    "建築物概要":"地下2層，地上1層鋼筋混凝土構造其他類建築",
    "認可版本":"2005年更新版",
    "認可等級":"免評估",
    "rank":0,
    "有效期間":"已失效",
    "valid":"0",
    "認可類別":"標示",
    "設計人":"王慶瑞建築師事務所",
    "行政區":"臺北市",
    "ditrict":"士林區",
    "地號":"士林區光華段二小段1062-0地號",
    "建築物使用類別":"其他類建築"
    }
  },
  {
    "type": "Feature",
    "geometry": {
       "type": "Point",
       "coordinates":  [ 121.593405,25.053726 ]
    },
    "properties": {
    "#":872,
    "建築物名稱":"台北市玉成國小附建地下停車場新建工程",
    "建築物概要":"地下2層，地上2層鋼筋混凝土構造其他類建築",
    "認可版本":"2003年更新版",
    "認可等級":"免評估",
    "rank":0,
    "有效期間":"已失效",
    "valid":"0",
    "認可類別":"標示",
    "設計人":"陳信樟建築師事務所",
    "行政區":"臺北市",
    "ditrict":"南港區",
    "地號":"南港區玉成段一小段537-0地號等20筆",
    "建築物使用類別":"其他類建築"
    }
  },
  {
    "type": "Feature",
    "geometry": {
       "type": "Point",
       "coordinates":  [ 121.536289,25.034056 ]
    },
    "properties": {
    "#":873,
    "建築物名稱":"信義大安住宅新建工程",
    "建築物概要":"地下5層，地上29層鋼骨構造住宿類建築",
    "認可版本":"2005年更新版",
    "認可等級":"合格級",
    "rank":1,
    "有效期間":"已失效",
    "valid":"0",
    "認可類別":"標示",
    "設計人":"大硯國際建築師事務所",
    "行政區":"臺北市",
    "ditrict":"大安區",
    "地號":"大安區懷生段四小段249-0地號等3筆",
    "建築物使用類別":"住宿類建築"
    }
  },
  {
    "type": "Feature",
    "geometry": {
       "type": "Point",
       "coordinates":  [ 121.529317,25.071551 ]
    },
    "properties": {
    "#":874,
    "建築物名稱":"新生抽水站擴建工程-管理中心新建",
    "建築物概要":"地上4層鋼筋混凝土構造辦公廳類建築",
    "認可版本":"2007年更新版",
    "認可等級":"銅級",
    "rank":2,
    "有效期間":"已失效",
    "valid":"0",
    "認可類別":"標示",
    "設計人":"景象建築師事務所",
    "行政區":"臺北市",
    "ditrict":"中山區",
    "地號":"中山區德惠段一小段87-4地號",
    "建築物使用類別":"辦公廳類建築"
    }
  },
  {
    "type": "Feature",
    "geometry": {
       "type": "Point",
       "coordinates":  [ 121.575358,24.990203 ]
    },
    "properties": {
    "#":875,
    "建築物名稱":"國立政治大學國際學生暨研究生宿舍",
    "建築物概要":"地下2層，地上7層鋼筋混凝土構造住宿類建築",
    "認可版本":"2007年更新版",
    "認可等級":"合格級",
    "rank":1,
    "有效期間":"已失效",
    "valid":"0",
    "認可類別":"標示",
    "設計人":"盧芬芬建築師事務所",
    "行政區":"臺北市",
    "ditrict":"文山區",
    "地號":"文山區政大段四小段136-0地號",
    "建築物使用類別":"住宿類建築"
    }
  },
  {
    "type": "Feature",
    "geometry": {
       "type": "Point",
       "coordinates":  [ 121.568682,25.081724 ]
    },
    "properties": {
    "#":876,
    "建築物名稱":"七星科技大樓新建工程",
    "建築物概要":"地下3層，地上10層鋼骨構造、鋼筋混凝土構造、鋼骨鋼筋混凝土構造辦公廳類建築",
    "認可版本":"2007年更新版",
    "認可等級":"合格級",
    "rank":1,
    "有效期間":"已失效",
    "valid":"0",
    "認可類別":"標示",
    "設計人":"廖晏瑋建築師事務所",
    "行政區":"臺北市",
    "ditrict":"內湖區",
    "地號":"內湖區西湖段四小段158-0地號",
    "建築物使用類別":"辦公廳類建築"
    }
  },
  {
    "type": "Feature",
    "geometry": {
       "type": "Point",
       "coordinates":  [ 121.54181,25.013348 ]
    },
    "properties": {
    "#":877,
    "建築物名稱":"國立臺灣科技大學臺灣建築科技中心新建工程",
    "建築物概要":"地下1層，地上7層鋼骨構造學校類建築",
    "認可版本":"2007年更新版",
    "認可等級":"銅級",
    "rank":2,
    "有效期間":"已失效",
    "valid":"0",
    "認可類別":"標示",
    "設計人":"陳章安建築師事務所",
    "行政區":"臺北市",
    "ditrict":"大安區",
    "地號":"大安區辛亥段五小段219-0地號",
    "建築物使用類別":"學校類建築"
    }
  },
  {
    "type": "Feature",
    "geometry": {
       "type": "Point",
       "coordinates":  [ 121.586758,25.047892 ]
    },
    "properties": {
    "#":878,
    "建築物名稱":"臺北市政府消防局成德分隊新建工程",
    "建築物概要":"地下3層，地上12層鋼骨鋼筋混凝土構造辦公廳類及住宿類建築",
    "認可版本":"2007年更新版",
    "認可等級":"免評估",
    "rank":0,
    "有效期間":"已失效",
    "valid":"0",
    "認可類別":"標示",
    "設計人":"楊瑞平建築師事務所",
    "行政區":"臺北市",
    "ditrict":"南港區",
    "地號":"南港區玉成段四小段857-0地號",
    "建築物使用類別":"辦公廳類建築"
    }
  },
  {
    "type": "Feature",
    "geometry": {
       "type": "Point",
       "coordinates":  [ 121.567314,24.982461 ]
    },
    "properties": {
    "#":879,
    "建築物名稱":"臺北市政府警察局文山第一分局木新派出所辦公廳舍新建工程",
    "建築物概要":"地下3層，地上10層鋼筋混凝土構造辦公廳類建築",
    "認可版本":"2003年更新版",
    "認可等級":"免評估",
    "rank":0,
    "有效期間":"已失效",
    "valid":"0",
    "認可類別":"標示",
    "設計人":"鄭永興建築師事務所",
    "行政區":"臺北市",
    "ditrict":"文山區",
    "地號":"文山區木柵段二小段1022-1地號等2筆",
    "建築物使用類別":"辦公廳類建築"
    }
  },
  {
    "type": "Feature",
    "geometry": {
       "type": "Point",
       "coordinates":  [ 121.512653,25.074699 ]
    },
    "properties": {
    "#":880,
    "建築物名稱":"臺北市立啟聰學校綜合教學大樓新建工程",
    "建築物概要":"地下1層，地上4層鋼筋混凝土構造學校類建築",
    "認可版本":"2007年更新版",
    "認可等級":"合格級",
    "rank":1,
    "有效期間":"已失效",
    "valid":"0",
    "認可類別":"標示",
    "設計人":"曹祖明建築師事務所",
    "行政區":"臺北市",
    "ditrict":"大同區",
    "地號":"大同區文昌段一小段94-0地號",
    "建築物使用類別":"學校類建築"
    }
  },
  {
    "type": "Feature",
    "geometry": {
       "type": "Point",
       "coordinates":  [ 121.515616,25.032773 ]
    },
    "properties": {
    "#":881,
    "建築物名稱":"內政部警政署保安警察第六總隊廳舍遷建新建統包工程",
    "建築物概要":"地下2層，地上8層鋼筋混凝土構造住宿類建築",
    "認可版本":"2005年更新版",
    "認可等級":"合格級",
    "rank":1,
    "有效期間":"已失效",
    "valid":"0",
    "認可類別":"標示",
    "設計人":"啟達聯合建築師事務所",
    "行政區":"臺北市",
    "ditrict":"中正區",
    "地號":"中正區南海段四小段74-0地號",
    "建築物使用類別":"住宿類建築"
    }
  },
  {
    "type": "Feature",
    "geometry": {
       "type": "Point",
       "coordinates":  [ 121.57345,24.998466 ]
    },
    "properties": {
    "#":882,
    "建築物名稱":"台北都會區大眾系統木柵線木柵站交十三基地聯合開發大樓新建工程",
    "建築物概要":"地下3層，地上19層鋼骨鋼筋混凝土構造及鋼筋混凝土構造住宿類建築",
    "認可版本":"2003年更新版",
    "認可等級":"免評估",
    "rank":0,
    "有效期間":"已失效",
    "valid":"0",
    "認可類別":"標示",
    "設計人":"翁祖模建築師事務所",
    "行政區":"臺北市",
    "ditrict":"文山區",
    "地號":"文山區萬芳段四小段135-0地號等2筆",
    "建築物使用類別":"住宿類建築"
    }
  },
  {
    "type": "Feature",
    "geometry": {
       "type": "Point",
       "coordinates":  [ 121.522471,25.030428 ]
    },
    "properties": {
    "#":883,
    "建築物名稱":"國立臺灣大學金華段4小段214地號新進教師及學人宿舍新建工程",
    "建築物概要":"地下1層，地上7層鋼筋混凝土構造住宿類建築",
    "認可版本":"2007年更新版",
    "認可等級":"合格級",
    "rank":1,
    "有效期間":"已失效",
    "valid":"0",
    "認可類別":"標示",
    "設計人":"林信忠建築師事務所",
    "行政區":"臺北市",
    "ditrict":"大安區",
    "地號":"大安區金華段四小段214-0地號",
    "建築物使用類別":"住宿類建築"
    }
  },
  {
    "type": "Feature",
    "geometry": {
       "type": "Point",
       "coordinates":  [ 121.575186,25.063268 ]
    },
    "properties": {
    "#":884,
    "建築物名稱":"臺北花卉批發市場新建工程暨臺灣國際花卉貿易中心(小基地)",
    "建築物概要":"地下1層，地上2層鋼筋混凝土構造其他類建築",
    "認可版本":"2007年更新版",
    "認可等級":"合格級",
    "rank":1,
    "有效期間":"已失效",
    "valid":"0",
    "認可類別":"標示",
    "設計人":"闕河彬建築師事務所",
    "行政區":"臺北市",
    "ditrict":"內湖區",
    "地號":"內湖區舊宗段70-10地號等2筆",
    "建築物使用類別":"其他類建築"
    }
  },
  {
    "type": "Feature",
    "geometry": {
       "type": "Point",
       "coordinates":  [ 121.586557,25.042564 ]
    },
    "properties": {
    "#":885,
    "建築物名稱":"玉成公園附建地下停車場新建工程",
    "建築物概要":"地下2層，地上2層鋼筋混凝土構造其他類建築",
    "認可版本":"2003年更新版",
    "認可等級":"免評估",
    "rank":0,
    "有效期間":"已失效",
    "valid":"0",
    "認可類別":"標示",
    "設計人":"瀚亞建築師事務所",
    "行政區":"臺北市",
    "ditrict":"南港區",
    "地號":"南港區新光段三小段34-0地號等24筆",
    "建築物使用類別":"其他類建築"
    }
  },
  {
    "type": "Feature",
    "geometry": {
       "type": "Point",
       "coordinates":  [ 121.527097,25.023878 ]
    },
    "properties": {
    "#":887,
    "建築物名稱":"國立台灣師範大學雲和街1號大樓新建工程",
    "建築物概要":"地下1層，地上6層鋼筋混凝土構造學校類建築",
    "認可版本":"2007年更新版",
    "認可等級":"銀級",
    "rank":3,
    "有效期間":"已失效",
    "valid":"0",
    "認可類別":"標示",
    "設計人":"李宜蓉建築師事務所",
    "行政區":"臺北市",
    "ditrict":"大安區",
    "地號":"大安區龍泉段三小段483-0地號",
    "建築物使用類別":"學校類建築"
    }
  },
  {
    "type": "Feature",
    "geometry": {
       "type": "Point",
       "coordinates":  [ 121.502743,25.045136 ]
    },
    "properties": {
    "#":888,
    "建築物名稱":"武昌街派出所新建工程",
    "建築物概要":"地下2層，地上7層鋼筋混凝土構造辦公廳類建築",
    "認可版本":"2005年更新版",
    "認可等級":"免評估",
    "rank":0,
    "有效期間":"已失效",
    "valid":"0",
    "認可類別":"標示",
    "設計人":"李兆嘉建築師事務所",
    "行政區":"臺北市",
    "ditrict":"萬華區",
    "地號":"萬華區福星段四小段176-0地號等2筆",
    "建築物使用類別":"辦公廳類建築"
    }
  },
  {
    "type": "Feature",
    "geometry": {
       "type": "Point",
       "coordinates":  [ 121.534165,25.098227 ]
    },
    "properties": {
    "#":889,
    "建築物名稱":"國立臺灣大學福林段一小段395-4地號新進教師及學人宿舍新建工程",
    "建築物概要":"地下1層，地上7層鋼筋混凝土構造住宿類建築",
    "認可版本":"2007年更新版",
    "認可等級":"合格級",
    "rank":1,
    "有效期間":"已失效",
    "valid":"0",
    "認可類別":"標示",
    "設計人":"林信忠建築師事務所",
    "行政區":"臺北市",
    "ditrict":"士林區",
    "地號":"士林區福林段一小段395-4地號",
    "建築物使用類別":"住宿類建築"
    }
  },
  {
    "type": "Feature",
    "geometry": {
       "type": "Point",
       "coordinates":  [ 121.53808,25.049231 ]
    },
    "properties": {
    "#":890,
    "建築物名稱":"台北市立中山女子高級中學綜合教學大樓新建工程",
    "建築物概要":"地下2層，地上7層鋼筋混凝土構造學校類建築",
    "認可版本":"2003年更新版",
    "認可等級":"免評估",
    "rank":0,
    "有效期間":"已失效",
    "valid":"0",
    "認可類別":"標示",
    "設計人":"大宇建築師事務所",
    "行政區":"臺北市",
    "ditrict":"中山區",
    "地號":"中山區長安段一小段773-0地號等2筆",
    "建築物使用類別":"學校類建築"
    }
  },
  {
    "type": "Feature",
    "geometry": {
       "type": "Point",
       "coordinates":  [ 121.54273,24.996648 ]
    },
    "properties": {
    "#":891,
    "建築物名稱":"景美工務段新建工程",
    "建築物概要":"地下1層，地上2層鋼筋混凝土構造辦公廳類建築",
    "認可版本":"2007年更新版",
    "認可等級":"銅級",
    "rank":2,
    "有效期間":"已失效",
    "valid":"0",
    "認可類別":"標示",
    "設計人":"廖信祥建築師事務所",
    "行政區":"臺北市",
    "ditrict":"文山區",
    "地號":"文山區景美段一小段552-0地號等3筆",
    "建築物使用類別":"辦公廳類建築"
    }
  },
  {
    "type": "Feature",
    "geometry": {
       "type": "Point",
       "coordinates":  [ 121.522538,25.139169 ]
    },
    "properties": {
    "#":892,
    "建築物名稱":"陽明山第一公墓興建納骨設施",
    "建築物概要":"地下2層，地上3層鋼筋混凝土構造大型空間類建築",
    "認可版本":"2007年更新版",
    "認可等級":"合格級",
    "rank":1,
    "有效期間":"已失效",
    "valid":"0",
    "認可類別":"標示",
    "設計人":"重耀建築師事務所",
    "行政區":"臺北市",
    "ditrict":"北投區",
    "地號":"北投區崇仰段一小段7-1地號等2筆",
    "建築物使用類別":"大型空間類建築"
    }
  },
  {
    "type": "Feature",
    "geometry": {
       "type": "Point",
       "coordinates":  [ 121.586514,24.985431 ]
    },
    "properties": {
    "#":893,
    "建築物名稱":"昇陽田田",
    "建築物概要":"地下4層，地上11層鋼筋混凝土構造住宿類建築",
    "認可版本":"2007年更新版",
    "認可等級":"合格級",
    "rank":1,
    "有效期間":"已失效",
    "valid":"0",
    "認可類別":"標示",
    "設計人":"張矩墉建築師事務所",
    "行政區":"臺北市",
    "ditrict":"文山區",
    "地號":"文山區政大段一小段60-0地號",
    "建築物使用類別":"住宿類建築"
    }
  },
  {
    "type": "Feature",
    "geometry": {
       "type": "Point",
       "coordinates":  [ 121.594399,25.056888 ]
    },
    "properties": {
    "#":894,
    "建築物名稱":"璞永建設璞園向陽新建工程",
    "建築物概要":"地下2層，地上9層鋼筋混凝土構造住宿類建築",
    "認可版本":"2007年更新版",
    "認可等級":"合格級",
    "rank":1,
    "有效期間":"已失效",
    "valid":"0",
    "認可類別":"標示",
    "設計人":"李文勝建築師事務所",
    "行政區":"臺北市",
    "ditrict":"南港區",
    "地號":"南港區向陽段19-8地號",
    "建築物使用類別":"住宿類建築"
    }
  },
  {
    "type": "Feature",
    "geometry": {
       "type": "Point",
       "coordinates":  [ 121.491388,25.143348 ]
    },
    "properties": {
    "#":895,
    "建築物名稱":"外交部懷遠新村職務輪調宿舍改建工程",
    "建築物概要":"地下1層，地上12層鋼筋混凝土構造住宿類建築",
    "認可版本":"2007年更新版",
    "認可等級":"合格級",
    "rank":1,
    "有效期間":"已失效",
    "valid":"0",
    "認可類別":"標示",
    "設計人":"潘冀聯合建築師事務所",
    "行政區":"臺北市",
    "ditrict":"北投區",
    "地號":"北投區秀山段二小段1039-0地號",
    "建築物使用類別":"住宿類建築"
    }
  },
  {
    "type": "Feature",
    "geometry": {
       "type": "Point",
       "coordinates":  [ 121.531118,25.12121 ]
    },
    "properties": {
    "#":896,
    "建築物名稱":"富邦建設中山北路集合住宅新建工程",
    "建築物概要":"地下4層，地上16層鋼骨構造住宿類建築",
    "認可版本":"2005年更新版",
    "認可等級":"銀級",
    "rank":3,
    "有效期間":"已失效",
    "valid":"0",
    "認可類別":"標示",
    "設計人":"大元聯合建築師事務所",
    "行政區":"臺北市",
    "ditrict":"士林區",
    "地號":"士林區天母段二小段7-0地號",
    "建築物使用類別":"住宿類建築"
    }
  },
  {
    "type": "Feature",
    "geometry": {
       "type": "Point",
       "coordinates":  [ 121.5717,24.979101 ]
    },
    "properties": {
    "#":897,
    "建築物名稱":"國立政治大學第二國際學生宿舍新建統包工程",
    "建築物概要":"地下1層，地上7層鋼筋混凝土構造住宿類建築",
    "認可版本":"2007年更新版",
    "認可等級":"黃金級",
    "rank":4,
    "有效期間":"已失效",
    "valid":"0",
    "認可類別":"標示",
    "設計人":"潘冀聯合建築師事務所",
    "行政區":"臺北市",
    "ditrict":"文山區",
    "地號":"文山區老泉段一小段148-0地號等277筆",
    "建築物使用類別":"住宿類建築"
    }
  },
  {
    "type": "Feature",
    "geometry": {
       "type": "Point",
       "coordinates":  [ 121.621881,25.056658 ]
    },
    "properties": {
    "#":898,
    "建築物名稱":"經濟部台北世界貿易中心南港展覽館",
    "建築物概要":"地下2層，地上7層鋼骨及鋼筋混凝土構造其他類建築",
    "認可版本":"2003年更新版",
    "認可等級":"免評估",
    "rank":0,
    "有效期間":"已失效",
    "valid":"0",
    "認可類別":"標示",
    "設計人":"連宏基建築師事務所",
    "行政區":"臺北市",
    "ditrict":"南港區",
    "地號":"台北市南港區經貿段3小段12-1、12-2、12-3地號等共3筆",
    "建築物使用類別":"其他類建築"
    }
  },
  {
    "type": "Feature",
    "geometry": {
       "type": "Point",
       "coordinates":  [ 121.518152,25.071154 ]
    },
    "properties": {
    "#":899,
    "建築物名稱":"臺北市都市更新處「大龍峒公車調度站基地興建中繼住宅新建工程」",
    "建築物概要":"地下3層，地上11層鋼筋混凝土構造住宿類建築",
    "認可版本":"2007年更新版",
    "認可等級":"合格級",
    "rank":1,
    "有效期間":"已失效",
    "valid":"0",
    "認可類別":"標示",
    "設計人":"明德建築師事務所",
    "行政區":"臺北市",
    "ditrict":"大同區",
    "地號":"大同區大龍段三小段323-0地號等2筆",
    "建築物使用類別":"住宿類建築"
    }
  },
  {
    "type": "Feature",
    "geometry": {
       "type": "Point",
       "coordinates":  [ 121.539604,25.018698 ]
    },
    "properties": {
    "#":900,
    "建築物名稱":"天文數學館新建工程",
    "建築物概要":"地下3層，地上14層鋼骨構造辦公廳類建築",
    "認可版本":"2003年更新版",
    "認可等級":"免評估",
    "rank":0,
    "有效期間":"已失效",
    "valid":"0",
    "認可類別":"標示",
    "設計人":"仲澤還建築師事務所",
    "行政區":"臺北市",
    "ditrict":"大安區",
    "地號":"大安區學府段四小段230-0地號等23筆",
    "建築物使用類別":"辦公廳類建築"
    }
  },
  {
    "type": "Feature",
    "geometry": {
       "type": "Point",
       "coordinates":  [ 121.562614,25.030526 ]
    },
    "properties": {
    "#":901,
    "建築物名稱":"臺北市信義區信義國民小學校舍增建暨附建地下公共停車場工程",
    "建築物概要":"地下1層，地上4層鋼骨鋼筋混凝土造、鋼筋混凝土構造學校類建築",
    "認可版本":"2007年更新版",
    "認可等級":"合格級",
    "rank":1,
    "有效期間":"已失效",
    "valid":"0",
    "認可類別":"標示",
    "設計人":"丁文正建築師事務所",
    "行政區":"臺北市",
    "ditrict":"信義區",
    "地號":"信義區信義段五小段47-48地號等3筆",
    "建築物使用類別":"學校類建築"
    }
  },
  {
    "type": "Feature",
    "geometry": {
       "type": "Point",
       "coordinates":  [ 121.596457,25.073055 ]
    },
    "properties": {
    "#":902,
    "建築物名稱":"國醫中心職務官舍新建工程",
    "建築物概要":"地下1層，地上10層鋼筋混凝土構造及木構造住宿類建築",
    "認可版本":"2005年更新版",
    "認可等級":"合格級",
    "rank":1,
    "有效期間":"已失效",
    "valid":"0",
    "認可類別":"標示",
    "設計人":"陳信樟建築師事務所",
    "行政區":"臺北市",
    "ditrict":"內湖區",
    "地號":"內湖區石潭段一小段127-0地號等140筆",
    "建築物使用類別":"住宿類建築"
    }
  },
  {
    "type": "Feature",
    "geometry": {
       "type": "Point",
       "coordinates":  [ 121.523813,25.09225 ]
    },
    "properties": {
    "#":903,
    "建築物名稱":"臺北市立士林國民中學綜合教學大樓新建工程",
    "建築物概要":"地下2層，地上8層鋼筋混凝土構造學校類建築",
    "認可版本":"2007年更新版",
    "認可等級":"合格級",
    "rank":1,
    "有效期間":"已失效",
    "valid":"0",
    "認可類別":"標示",
    "設計人":"向度聯合建築師事務所",
    "行政區":"臺北市",
    "ditrict":"士林區",
    "地號":"士林區光華段二小段55-1地號等16筆",
    "建築物使用類別":"學校類建築"
    }
  },
  {
    "type": "Feature",
    "geometry": {
       "type": "Point",
       "coordinates":  [ 121.529269,25.109559 ]
    },
    "properties": {
    "#":904,
    "建築物名稱":"蘭雅公園附建地下停車場新建工程",
    "建築物概要":"地下2層，地上1層鋼筋混凝土構造其他類建築",
    "認可版本":"2005年更新版",
    "認可等級":"合格級",
    "rank":1,
    "有效期間":"已失效",
    "valid":"0",
    "認可類別":"標示",
    "設計人":"啟達聯合建築師事務所",
    "行政區":"臺北市",
    "ditrict":"士林區",
    "地號":"士林區三玉段四小段152-0地號等7筆",
    "建築物使用類別":"其他類建築"
    }
  },
  {
    "type": "Feature",
    "geometry": {
       "type": "Point",
       "coordinates":  [ 121.536173,24.999904 ]
    },
    "properties": {
    "#":905,
    "建築物名稱":"內政部建築研究所建築材料實驗群建築新建工程",
    "建築物概要":"地下1層，地上7層鋼筋混凝土造、鋼骨構造辦公廳類建築",
    "認可版本":"2003年更新版",
    "認可等級":"免評估",
    "rank":0,
    "有效期間":"已失效",
    "valid":"0",
    "認可類別":"標示",
    "設計人":"境向聯合建築師事務所",
    "行政區":"臺北市",
    "ditrict":"文山區",
    "地號":"文山區萬隆段二小段586-0地號等11筆",
    "建築物使用類別":"辦公廳類建築"
    }
  },
  {
    "type": "Feature",
    "geometry": {
       "type": "Point",
       "coordinates":  [ 121.585219,25.062237 ]
    },
    "properties": {
    "#":906,
    "建築物名稱":"奧斯卡建設(股)公司台北市內湖區潭美段集合住宅新建工程",
    "建築物概要":"地下4層，地上14層鋼筋混凝土構造住宿類建築",
    "認可版本":"2009年版",
    "認可等級":"合格級",
    "rank":1,
    "有效期間":"已失效",
    "valid":"0",
    "認可類別":"標示",
    "設計人":"吳成榮建築師事務所",
    "行政區":"臺北市",
    "ditrict":"內湖區",
    "地號":"內湖區潭美段五小段62-0地號",
    "建築物使用類別":"住宿類建築"
    }
  },
  {
    "type": "Feature",
    "geometry": {
       "type": "Point",
       "coordinates":  [ 121.517144,25.068894 ]
    },
    "properties": {
    "#":907,
    "建築物名稱":"臺北市大龍綜合福利服務中心新建工程",
    "建築物概要":"地下2層，地上10層鋼筋混凝土構造住宿類建築",
    "認可版本":"2007年更新版",
    "認可等級":"合格級",
    "rank":1,
    "有效期間":"已失效",
    "valid":"0",
    "認可類別":"標示",
    "設計人":"許常吉建築師事務所",
    "行政區":"臺北市",
    "ditrict":"大同區",
    "地號":"大同區大龍段三小段216-0地號等2筆",
    "建築物使用類別":"住宿類建築"
    }
  },
  {
    "type": "Feature",
    "geometry": {
       "type": "Point",
       "coordinates":  [ 121.531465,25.078683 ]
    },
    "properties": {
    "#":909,
    "建築物名稱":"福西營區整建工程",
    "建築物概要":"地下1層，地上5層鋼筋混凝土及鋼骨鋼筋混凝土構造其他類建築",
    "認可版本":"2005年更新版",
    "認可等級":"免評估",
    "rank":0,
    "有效期間":"已失效",
    "valid":"0",
    "認可類別":"標示",
    "設計人":"華峰建築師事務所",
    "行政區":"臺北市",
    "ditrict":"中山區",
    "地號":"台北市中山區北安段四小段205-8、300、304、305-1、306、307-1、326-2、326-4、327、327-2、328、329-1、334-2、335-2、335-3等15筆地號",
    "建築物使用類別":"其他類建築"
    }
  },
  {
    "type": "Feature",
    "geometry": {
       "type": "Point",
       "coordinates":  [ 121.524404,25.088656 ]
    },
    "properties": {
    "#":910,
    "建築物名稱":"臺北市士林市場改建工程(建築主體、裝修及電梯工程)",
    "建築物概要":"地下3層，地上2層鋼筋混凝土造、輕型鋼架構造百貨商場類建築",
    "認可版本":"2005年更新版",
    "認可等級":"合格級",
    "rank":1,
    "有效期間":"已失效",
    "valid":"0",
    "認可類別":"標示",
    "設計人":"王騰建築師事務所",
    "行政區":"臺北市",
    "ditrict":"士林區",
    "地號":"士林區光華段四小段585-0地號",
    "建築物使用類別":"百貨商場類建築"
    }
  },
  {
    "type": "Feature",
    "geometry": {
       "type": "Point",
       "coordinates":  [ 121.570426,25.084249 ]
    },
    "properties": {
    "#":911,
    "建築物名稱":"內湖七號公園附建地下停車場新建工程",
    "建築物概要":"地下2層，地上1層鋼筋混凝土構造其他類建築",
    "認可版本":"2005年更新版",
    "認可等級":"合格級",
    "rank":1,
    "有效期間":"已失效",
    "valid":"0",
    "認可類別":"標示",
    "設計人":"楊炳國建築師事務所",
    "行政區":"臺北市",
    "ditrict":"內湖區",
    "地號":"內湖區碧湖段四小段1088-2地號等13筆",
    "建築物使用類別":"其他類建築"
    }
  },
  {
    "type": "Feature",
    "geometry": {
       "type": "Point",
       "coordinates":  [ 121.537155,25.02211 ]
    },
    "properties": {
    "#":912,
    "建築物名稱":"國立臺灣大學教學大樓一期新建工程",
    "建築物概要":"地下1層，地上5層鋼筋混凝土構造、鋼骨構造學校類建築",
    "認可版本":"2007年更新版",
    "認可等級":"合格級",
    "rank":1,
    "有效期間":"已失效",
    "valid":"0",
    "認可類別":"標示",
    "設計人":"境向聯合建築師事務所",
    "行政區":"臺北市",
    "ditrict":"大安區",
    "地號":"大安區學府段四小段216-0地號等25筆",
    "建築物使用類別":"學校類建築"
    }
  },
  {
    "type": "Feature",
    "geometry": {
       "type": "Point",
       "coordinates":  [ 121.578052,25.033063 ]
    },
    "properties": {
    "#":913,
    "建築物名稱":"臺北市立永春高級中學第一教學綜合大樓新建工程",
    "建築物概要":"地下1層，地上6層鋼筋混凝土構造學校類建築",
    "認可版本":"2003年更新版",
    "認可等級":"免評估",
    "rank":0,
    "有效期間":"已失效",
    "valid":"0",
    "認可類別":"標示",
    "設計人":"柳慧燕建築師事務所",
    "行政區":"臺北市",
    "ditrict":"信義區",
    "地號":"信義區永春段三小段180-0地號等5筆",
    "建築物使用類別":"學校類建築"
    }
  },
  {
    "type": "Feature",
    "geometry": {
       "type": "Point",
       "coordinates":  [ 121.625348,25.033943 ]
    },
    "properties": {
    "#":914,
    "建築物名稱":"臺北市政府環境保護局山豬窟游泳池",
    "建築物概要":"地上2層鋼筋混凝土構造其他類建築",
    "認可版本":"2003年更新版",
    "認可等級":"免評估",
    "rank":0,
    "有效期間":"已失效",
    "valid":"0",
    "認可類別":"標示",
    "設計人":"萬邦建築師事務所",
    "行政區":"臺北市",
    "ditrict":"南港區",
    "地號":"南港區大豐段三小段188-4地號等465筆",
    "建築物使用類別":"其他類建築"
    }
  },
  {
    "type": "Feature",
    "geometry": {
       "type": "Point",
       "coordinates":  [ 121.525862,25.090746 ]
    },
    "properties": {
    "#":915,
    "建築物名稱":"臺北市警察局士林分局新建工程",
    "建築物概要":"地下3層，地上10層鋼筋混凝土構造辦公廳類建築",
    "認可版本":"2007年更新版",
    "認可等級":"合格級",
    "rank":1,
    "有效期間":"已失效",
    "valid":"0",
    "認可類別":"標示",
    "設計人":"啟達聯合建築師事務所",
    "行政區":"臺北市",
    "ditrict":"士林區",
    "地號":"士林區光華段三小段377-0地號等5筆",
    "建築物使用類別":"辦公廳類建築"
    }
  },
  {
    "type": "Feature",
    "geometry": {
       "type": "Point",
       "coordinates":  [ 121.517153,25.07445 ]
    },
    "properties": {
    "#":916,
    "建築物名稱":"台北市大同區大龍國小校舍更新暨地下停車場新建工程",
    "建築物概要":"地下2層，地上5層鋼筋混凝土構造、鋼骨構造及鋼骨鋼筋混凝土構造學校類建築",
    "認可版本":"2007年更新版",
    "認可等級":"銅級",
    "rank":2,
    "有效期間":"已失效",
    "valid":"0",
    "認可類別":"標示",
    "設計人":"謝明修建築師事務所",
    "行政區":"臺北市",
    "ditrict":"大同區",
    "地號":"大同區大龍段一小段627-0地號等5筆",
    "建築物使用類別":"學校類建築"
    }
  },
  {
    "type": "Feature",
    "geometry": {
       "type": "Point",
       "coordinates":  [ 121.606371,25.0546 ]
    },
    "properties": {
    "#":917,
    "建築物名稱":"臺灣土地銀行南港分行",
    "建築物概要":"地下3層，地上12層鋼骨構造辦公廳類建築",
    "認可版本":"2003年更新版",
    "認可等級":"免評估",
    "rank":0,
    "有效期間":"已失效",
    "valid":"0",
    "認可類別":"標示",
    "設計人":"閻辰昌建築師事務所",
    "行政區":"臺北市",
    "ditrict":"南港區",
    "地號":"臺北市南港區南港段一小段1268地號",
    "建築物使用類別":"辦公廳類建築"
    }
  },
  {
    "type": "Feature",
    "geometry": {
       "type": "Point",
       "coordinates":  [ 121.515313,25.059229 ]
    },
    "properties": {
    "#":918,
    "建築物名稱":"臺北市政府警察局大同分局新建工程",
    "建築物概要":"地下3層，地上10層鋼筋混凝土構造辦公廳類建築",
    "認可版本":"2007年更新版",
    "認可等級":"合格級",
    "rank":1,
    "有效期間":"已失效",
    "valid":"0",
    "認可類別":"標示",
    "設計人":"丁文正建築師事務所",
    "行政區":"臺北市",
    "ditrict":"大同區",
    "地號":"大同區雙連段三小段407-0地號",
    "建築物使用類別":"辦公廳類建築"
    }
  },
  {
    "type": "Feature",
    "geometry": {
       "type": "Point",
       "coordinates":  [ 121.536273,25.116301 ]
    },
    "properties": {
    "#":919,
    "建築物名稱":"臺北市立體育學院天母校區第二區新建工程",
    "建築物概要":"地下2層，地上6層鋼骨鋼筋混凝土及鋼骨構造大型空間類建築",
    "認可版本":"2005年更新版",
    "認可等級":"合格級",
    "rank":1,
    "有效期間":"已失效",
    "valid":"0",
    "認可類別":"標示",
    "設計人":"亞洲聯合建築師事務所",
    "行政區":"臺北市",
    "ditrict":"士林區",
    "地號":"士林區三玉段一小段22-3地號等21筆，士林區芝蘭段一小段35-0地號等21筆",
    "建築物使用類別":"大型空間類建築"
    }
  },
  {
    "type": "Feature",
    "geometry": {
       "type": "Point",
       "coordinates":  [ 121.547411,25.079722 ]
    },
    "properties": {
    "#":920,
    "建築物名稱":"財團法人海峽交流基金會新建辦公大樓統包工程",
    "建築物概要":"地下2層，地上9層鋼筋混凝土構造辦公廳類建築",
    "認可版本":"2009年版",
    "認可等級":"銀級",
    "rank":3,
    "有效期間":"已失效",
    "valid":"0",
    "認可類別":"標示",
    "設計人":"閻辰昌建築師事務所",
    "行政區":"臺北市",
    "ditrict":"中山區",
    "地號":"中山區北安段三小段27-1地號等12筆",
    "建築物使用類別":"辦公廳類建築"
    }
  },
  {
    "type": "Feature",
    "geometry": {
       "type": "Point",
       "coordinates":  [ 121.570235,25.033435 ]
    },
    "properties": {
    "#":921,
    "建築物名稱":"B8太子建設信義住宅新建工程",
    "建築物概要":"地下3層，地上22層鋼骨構造住宿類建築",
    "認可版本":"2005年更新版",
    "認可等級":"合格級",
    "rank":1,
    "有效期間":"已失效",
    "valid":"0",
    "認可類別":"標示",
    "設計人":"大元聯合建築師事務所",
    "行政區":"臺北市",
    "ditrict":"信義區",
    "地號":"信義區信義段三小段50-0地號等4筆",
    "建築物使用類別":"住宿類建築"
    }
  },
  {
    "type": "Feature",
    "geometry": {
       "type": "Point",
       "coordinates":  [ 121.54668,25.02448 ]
    },
    "properties": {
    "#":922,
    "建築物名稱":"國立台北教育大學綜合教學大樓及游泳池新建工程",
    "建築物概要":"地下1層，地上8層鋼筋混凝土構造、鋼骨構造大型空間類建築",
    "認可版本":"2005年更新版",
    "認可等級":"銅級",
    "rank":2,
    "有效期間":"已失效",
    "valid":"0",
    "認可類別":"標示",
    "設計人":"綠野國際建築師事務所",
    "行政區":"臺北市",
    "ditrict":"大安區",
    "地號":"大安區學府段一小段391-0地號等8筆",
    "建築物使用類別":"大型空間類建築"
    }
  },
  {
    "type": "Feature",
    "geometry": {
       "type": "Point",
       "coordinates":  [ 121.530064,25.095572 ]
    },
    "properties": {
    "#":923,
    "建築物名稱":"士林21號公園附建地下停車場新建工程",
    "建築物概要":"地下2層，地上1層鋼筋混凝土構造其他類建築",
    "認可版本":"2005年更新版",
    "認可等級":"合格級",
    "rank":1,
    "有效期間":"已失效",
    "valid":"0",
    "認可類別":"標示",
    "設計人":"楊天柱建築師事務所",
    "行政區":"臺北市",
    "ditrict":"士林區",
    "地號":"士林區福林段三小段769-0地號等2筆",
    "建築物使用類別":"其他類建築"
    }
  },
  {
    "type": "Feature",
    "geometry": {
       "type": "Point",
       "coordinates":  [ 121.572985,25.039698 ]
    },
    "properties": {
    "#":924,
    "建築物名稱":"臺北市立松山高級工農職業學校-學生活動中心暨附建地下停車場新建工程",
    "建築物概要":"地下3層，地上6層鋼筋混凝土構造及鋼骨鋼筋混凝土構造學校類建築",
    "認可版本":"2007年更新版",
    "認可等級":"合格級",
    "rank":1,
    "有效期間":"已失效",
    "valid":"0",
    "認可類別":"標示",
    "設計人":"聶子文建築師事務所",
    "行政區":"臺北市",
    "ditrict":"信義區",
    "地號":"信義區信義段二小段19-0地號等6筆",
    "建築物使用類別":"學校類建築"
    }
  },
  {
    "type": "Feature",
    "geometry": {
       "type": "Point",
       "coordinates":  [ 121.524581,25.019746 ]
    },
    "properties": {
    "#":925,
    "建築物名稱":"臺北客家文化主題公園",
    "建築物概要":"地下1層，地上4層鋼筋混凝土構造、木構造大型空間類建築",
    "認可版本":"2009年版",
    "認可等級":"合格級",
    "rank":1,
    "有效期間":"已失效",
    "valid":"0",
    "認可類別":"標示",
    "設計人":"萬邦建築師事務所",
    "行政區":"臺北市",
    "ditrict":"中正區",
    "地號":"中正區福和段二小段26-0地號等2筆",
    "建築物使用類別":"大型空間類建築"
    }
  },
  {
    "type": "Feature",
    "geometry": {
       "type": "Point",
       "coordinates":  [ 121.607365,25.073359 ]
    },
    "properties": {
    "#":926,
    "建築物名稱":"法務部行政執行署及士林行政執行處辦公廳舍新建工程",
    "建築物概要":"地下2層，地上9層鋼筋混凝土構造辦公廳類建築",
    "認可版本":"2007年更新版",
    "認可等級":"合格級",
    "rank":1,
    "有效期間":"已失效",
    "valid":"0",
    "認可類別":"標示",
    "設計人":"啟達聯合建築師事務所",
    "行政區":"臺北市",
    "ditrict":"內湖區",
    "地號":"內湖區東湖段八小段37-0地號等3筆",
    "建築物使用類別":"辦公廳類建築"
    }
  },
  {
    "type": "Feature",
    "geometry": {
       "type": "Point",
       "coordinates":  [ 121.532084,25.025468 ]
    },
    "properties": {
    "#":927,
    "建築物名稱":"國立臺灣大學及中央研究院溫州街學人住宅",
    "建築物概要":"地下1層，地上7層鋼筋混凝土構造住宿類建築",
    "認可版本":"2009年版",
    "認可等級":"合格級",
    "rank":1,
    "有效期間":"已失效",
    "valid":"0",
    "認可類別":"標示",
    "設計人":"羅興華建築師事務所",
    "行政區":"臺北市",
    "ditrict":"大安區",
    "地號":"大安區龍泉段一小段272-0地號",
    "建築物使用類別":"住宿類建築"
    }
  }
]
}