{"type" : "FeatureCollection", "name" : "GreenStore", "features" : [{"type" : "Feature", "geometry" : {"type" : "Point", "coordinates" : [121.400270965602, 24.974709984369]}, "properties" : {"name" : "7-11山佳門市", "address" : "238新北市樹林區中山路3段87號", "city" : "新北市", "district" : "樹林區", "tel" : "02-27478711#3961", "store_type" : "連鎖型綠色商店", "source_dataset" : "ntpe_6ccd0274", "store_code" : "F001219"}}, {"type" : "Feature", "geometry" : {"type" : "Point", "coordinates" : [121.400168035831, 25.077255989927]}, "properties" : {"name" : "7-11工林門市", "address" : "244新北市林口區工六路76號", "city" : "新北市", "district" : "林口區", "tel" : "02-27478711#3961", "store_type" : "連鎖型綠色商店", "source_dataset" : "ntpe_6ccd0274", "store_code" : "F001569"}}, {"type" : "Feature", "geometry" : {"type" : "Point", "coordinates" : [121.454097033224, 25.022510008431]}, "properties" : {"name" : "7-11中一門市", "address" : "220新北市板橋區中正里中正路411號", "city" : "新北市", "district" : "板橋區", "tel" : "02-27478711#3961", "store_type" : "連鎖型綠色商店", "source_dataset" : "ntpe_6ccd0274", "store_code" : "F001044"}}, {"type" : "Feature", "geometry" : {"type" : "Point", "coordinates" : [121.511608372215, 24.997071183751]}, "properties" : {"name" : "7-11中安門市", "address" : "235新北市中和區宜安路62.66號", "city" : "新北市", "district" : "中和區", "tel" : "02-27478711#3961", "store_type" : "連鎖型綠色商店", "source_dataset" : "ntpe_6ccd0274", "store_code" : "F001574"}}, {"type" : "Feature", "geometry" : {"type" : "Point", "coordinates" : [121.543196161065, 24.965215886461]}, "properties" : {"name" : "7-11中行門市", "address" : "231新北市新店區中興路一段193.195號", "city" : "新北市", "district" : "新店區", "tel" : "02-27478711#3961", "store_type" : "連鎖型綠色商店", "source_dataset" : "ntpe_6ccd0274", "store_code" : "F001421"}}, {"type" : "Feature", "geometry" : {"type" : "Point", "coordinates" : [121.443197038697, 24.977745993518]}, "properties" : {"name" : "7-11中林門市", "address" : "236新北市土城區員林街14號", "city" : "新北市", "district" : "土城區", "tel" : "02-27478711#3961", "store_type" : "連鎖型綠色商店", "source_dataset" : "ntpe_6ccd0274", "store_code" : "F001430"}}, {"type" : "Feature", "geometry" : {"type" : "Point", "coordinates" : [121.457778029823, 25.01754800557]}, "properties" : {"name" : " 台象股份有限公司-象印板橋服務中心", "address" : "220新北市板橋區國光路52號1樓", "city" : "新北市", "district" : "板橋區", "tel" : "02-2506-9009#217", "store_type" : "連鎖型綠色商店", "source_dataset" : "ntpe_6ccd0274", "store_code" : "F002166"}}, {"type" : "Feature", "geometry" : {"type" : "Point", "coordinates" : [121.4432848, 25.0303904]}, "properties" : {"name" : "7-11一級棒門市", "address" : "242新北市新莊區中山路3段488.490號", "city" : "新北市", "district" : "新莊區", "tel" : "02-27478711#3961", "store_type" : "連鎖型綠色商店", "source_dataset" : "ntpe_6ccd0274", "store_code" : "F000941"}}, {"type" : "Feature", "geometry" : {"type" : "Point", "coordinates" : [121.499168035341, 25.004242991565]}, "properties" : {"name" : "7-11一新門市", "address" : "235新北市中和區福祥里27鄰永和路56.58號1樓.", "city" : "新北市", "district" : "中和區", "tel" : "02-27478711#3961", "store_type" : "連鎖型綠色商店", "source_dataset" : "ntpe_6ccd0274", "store_code" : "F000520"}}, {"type" : "Feature", "geometry" : {"type" : "Point", "coordinates" : [121.845214991758, 25.109705019328]}, "properties" : {"name" : "7-11九份門市", "address" : "224新北市瑞芳區基山街3號", "city" : "新北市", "district" : "瑞芳區", "tel" : "02-27478711#3961", "store_type" : "連鎖型綠色商店", "source_dataset" : "ntpe_6ccd0274", "store_code" : "F000987"}}, {"type" : "Feature", "geometry" : {"type" : "Point", "coordinates" : [121.46893601933, 25.07841399176]}, "properties" : {"name" : "7-11九芎門市", "address" : "247新北市蘆洲區中山二路272號.", "city" : "新北市", "district" : "蘆洲區", "tel" : "02-27478711#3961", "store_type" : "連鎖型綠色商店", "source_dataset" : "ntpe_6ccd0274", "store_code" : "F001342"}}, {"type" : "Feature", "geometry" : {"type" : "Point", "coordinates" : [121.338299029199, 24.940904008663]}, "properties" : {"name" : "7-11二橋門市", "address" : "239新北市鶯歌區中正三路93號", "city" : "新北市", "district" : "鶯歌區", "tel" : "02-27478711#3961", "store_type" : "連鎖型綠色商店", "source_dataset" : "ntpe_6ccd0274", "store_code" : "F001627"}}, {"type" : "Feature", "geometry" : {"type" : "Point", "coordinates" : [121.403858001066, 25.148651993437]}, "properties" : {"name" : "7-11八仙門市", "address" : "249新北市八里區中華路二段306號", "city" : "新北市", "district" : "八里區", "tel" : "02-27478711#3961", "store_type" : "連鎖型綠色商店", "source_dataset" : "ntpe_6ccd0274", "store_code" : "F001375"}}, {"type" : "Feature", "geometry" : {"type" : "Point", "coordinates" : [121.3994799654, 25.14724500717]}, "properties" : {"name" : "7-11八里門市", "address" : "249新北市八里區中山路二段341號", "city" : "新北市", "district" : "八里區", "tel" : "02-27478711#3961", "store_type" : "連鎖型綠色商店", "source_dataset" : "ntpe_6ccd0274", "store_code" : "F001230"}}, {"type" : "Feature", "geometry" : {"type" : "Point", "coordinates" : [121.432150025588, 25.057661992059]}, "properties" : {"name" : "7-11十八甲門市", "address" : "243新北市泰山區福興一街87號", "city" : "新北市", "district" : "泰山區", "tel" : "02-27478711#3961", "store_type" : "連鎖型綠色商店", "source_dataset" : "ntpe_6ccd0274", "store_code" : "F001034"}}, {"type" : "Feature", "geometry" : {"type" : "Point", "coordinates" : [121.805015638353, 25.106090598307]}, "properties" : {"name" : "7-11三爪坑門市", "address" : "224新北市瑞芳區三爪子坑路15、17號", "city" : "新北市", "district" : "瑞芳區", "tel" : "02-27478711#3961", "store_type" : "連鎖型綠色商店", "source_dataset" : "ntpe_6ccd0274", "store_code" : "F000980"}}, {"type" : "Feature", "geometry" : {"type" : "Point", "coordinates" : [121.49593396182, 25.069229018441]}, "properties" : {"name" : "7-11三安門市", "address" : "241新北市三重區正義北路235號", "city" : "新北市", "district" : "三重區", "tel" : "02-27478711#3961", "store_type" : "連鎖型綠色商店", "source_dataset" : "ntpe_6ccd0274", "store_code" : "F001652"}}, {"type" : "Feature", "geometry" : {"type" : "Point", "coordinates" : [121.426289985621, 25.030204008813]}, "properties" : {"name" : "7-11三洋門市", "address" : "242新北市新莊區中正路612-1號", "city" : "新北市", "district" : "新莊區", "tel" : "02-27478711#3961", "store_type" : "連鎖型綠色商店", "source_dataset" : "ntpe_6ccd0274", "store_code" : "F001485"}}, {"type" : "Feature", "geometry" : {"type" : "Point", "coordinates" : [121.495064674642, 25.0613704813]}, "properties" : {"name" : "7-11三重門市", "address" : "241新北市三重區重新路3段18號", "city" : "新北市", "district" : "三重區", "tel" : "02-27478711#3961", "store_type" : "連鎖型綠色商店", "source_dataset" : "ntpe_6ccd0274", "store_code" : "F001420"}}, {"type" : "Feature", "geometry" : {"type" : "Point", "coordinates" : [121.422934961237, 24.994938995221]}, "properties" : {"name" : "7-11三暉門市", "address" : "238新北市樹林區樹福里復興路1號", "city" : "新北市", "district" : "樹林區", "tel" : "02-27478711#3961", "store_type" : "連鎖型綠色商店", "source_dataset" : "ntpe_6ccd0274", "store_code" : "F001182"}}, {"type" : "Feature", "geometry" : {"type" : "Point", "coordinates" : [121.356883971652, 24.941989004119]}, "properties" : {"name" : "7-11三靖門市", "address" : "239新北市鶯歌區三鶯路52號一樓", "city" : "新北市", "district" : "鶯歌區", "tel" : "02-27478711#3961", "store_type" : "連鎖型綠色商店", "source_dataset" : "ntpe_6ccd0274", "store_code" : "F001534"}}, {"type" : "Feature", "geometry" : {"type" : "Point", "coordinates" : [121.480961368178, 25.075523408631]}, "properties" : {"name" : "7-11下竹圍門市", "address" : "241新北市三重區下竹圍街26號", "city" : "新北市", "district" : "三重區", "tel" : "02-27478711#3961", "store_type" : "連鎖型綠色商店", "source_dataset" : "ntpe_6ccd0274", "store_code" : "F001416"}}, {"type" : "Feature", "geometry" : {"type" : "Point", "coordinates" : [121.460405212615, 24.97741792268]}, "properties" : {"name" : "7-11上北可門市", "address" : "236新北市土城區明德路一段232號", "city" : "新北市", "district" : "土城區", "tel" : "02-27478711#3961", "store_type" : "連鎖型綠色商店", "source_dataset" : "ntpe_6ccd0274", "store_code" : "F001651"}}, {"type" : "Feature", "geometry" : {"type" : "Point", "coordinates" : [121.517603863737, 24.972804693958]}, "properties" : {"name" : "7-11凡賽絲門市", "address" : "231新北市新店區安民街248號", "city" : "新北市", "district" : "新店區", "tel" : "02-27478711#3961", "store_type" : "連鎖型綠色商店", "source_dataset" : "ntpe_6ccd0274", "store_code" : "F001428"}}, {"type" : "Feature", "geometry" : {"type" : "Point", "coordinates" : [121.425402425893, 24.996122813316]}, "properties" : {"name" : "7-11千歲門市", "address" : "238新北市樹林區千歲街26-10號", "city" : "新北市", "district" : "樹林區", "tel" : "02-27478711#3961", "store_type" : "連鎖型綠色商店", "source_dataset" : "ntpe_6ccd0274", "store_code" : "F001036"}}, {"type" : "Feature", "geometry" : {"type" : "Point", "coordinates" : [121.475891993137, 25.015182003852]}, "properties" : {"name" : "7-11千群門市", "address" : "220新北市板橋區東丘里民享街53號", "city" : "新北市", "district" : "板橋區", "tel" : "02-27478711#3961", "store_type" : "連鎖型綠色商店", "source_dataset" : "ntpe_6ccd0274", "store_code" : "F000532"}}, {"type" : "Feature", "geometry" : {"type" : "Point", "coordinates" : [121.438034037798, 25.083963985128]}, "properties" : {"name" : "7-11大五股門市", "address" : "248新北市五股區成泰路2段81號", "city" : "新北市", "district" : "五股區", "tel" : "02-27478711#3961", "store_type" : "連鎖型綠色商店", "source_dataset" : "ntpe_6ccd0274", "store_code" : "F001604"}}, {"type" : "Feature", "geometry" : {"type" : "Point", "coordinates" : [121.516723009533, 25.008381011434]}, "properties" : {"name" : "7-11大正門市", "address" : "234新北市永和區中正路555號", "city" : "新北市", "district" : "永和區", "tel" : "02-27478711#3961", "store_type" : "連鎖型綠色商店", "source_dataset" : "ntpe_6ccd0274", "store_code" : "F001352"}}, {"type" : "Feature", "geometry" : {"type" : "Point", "coordinates" : [121.542048510882, 24.983074788462]}, "properties" : {"name" : "7-11大坪林門市", "address" : "231新北市新店區民權路18號", "city" : "新北市", "district" : "新店區", "tel" : "02-27478711#3961", "store_type" : "連鎖型綠色商店", "source_dataset" : "ntpe_6ccd0274", "store_code" : "F001439"}}, {"type" : "Feature", "geometry" : {"type" : "Point", "coordinates" : [121.400374985021, 24.958126011751]}, "properties" : {"name" : "7-11大東圓門市", "address" : "238新北市樹林區柑園街一段67.67-1.67-2號1樓", "city" : "新北市", "district" : "樹林區", "tel" : "02-27478711#3961", "store_type" : "連鎖型綠色商店", "source_dataset" : "ntpe_6ccd0274", "store_code" : "F001221"}}, {"type" : "Feature", "geometry" : {"type" : "Point", "coordinates" : [121.367097991224, 24.93595600358]}, "properties" : {"name" : "7-11大勇門市", "address" : "237新北市三峽區文化路254號", "city" : "新北市", "district" : "三峽區", "tel" : "02-27478711#3961", "store_type" : "連鎖型綠色商店", "source_dataset" : "ntpe_6ccd0274", "store_code" : "F001137"}}, {"type" : "Feature", "geometry" : {"type" : "Point", "coordinates" : [121.424693987437, 25.010728992061]}, "properties" : {"name" : "7-11大展門市", "address" : "238新北市樹林區俊英街244.246號", "city" : "新北市", "district" : "樹林區", "tel" : "02-27478711#3961", "store_type" : "連鎖型綠色商店", "source_dataset" : "ntpe_6ccd0274", "store_code" : "F001153"}}, {"type" : "Feature", "geometry" : {"type" : "Point", "coordinates" : [121.377500687436, 24.938679996384]}, "properties" : {"name" : "7-11大峽門市", "address" : "237新北市三峽區大學路13鄰147號1樓", "city" : "新北市", "district" : "三峽區", "tel" : "02-27478711#3961", "store_type" : "連鎖型綠色商店", "source_dataset" : "ntpe_6ccd0274", "store_code" : "F001249"}}, {"type" : "Feature", "geometry" : {"type" : "Point", "coordinates" : [121.458990975031, 25.018145006624]}, "properties" : {"name" : "7-11大庭門市", "address" : "220新北市板橋區國光里6鄰國光路65號1樓", "city" : "新北市", "district" : "板橋區", "tel" : "02-27478711#3961", "store_type" : "連鎖型綠色商店", "source_dataset" : "ntpe_6ccd0274", "store_code" : "F001116"}}, {"type" : "Feature", "geometry" : {"type" : "Point", "coordinates" : [121.53920402822, 24.978280004569]}, "properties" : {"name" : "7-11大盛門市", "address" : "231新北市新店區建國路133號", "city" : "新北市", "district" : "新店區", "tel" : "02-27478711#3961", "store_type" : "連鎖型綠色商店", "source_dataset" : "ntpe_6ccd0274", "store_code" : "F001461"}}, {"type" : "Feature", "geometry" : {"type" : "Point", "coordinates" : [121.495244969379, 25.063504010934]}, "properties" : {"name" : "7-11大智門市", "address" : "241新北市三重區大同北路63號", "city" : "新北市", "district" : "三重區", "tel" : "02-27478711#3961", "store_type" : "連鎖型綠色商店", "source_dataset" : "ntpe_6ccd0274", "store_code" : "F001511"}}, {"type" : "Feature", "geometry" : {"type" : "Point", "coordinates" : [121.450130968099, 25.00862899004]}, "properties" : {"name" : "7-11大觀門市", "address" : "220新北市板橋區大觀路1段26號", "city" : "新北市", "district" : "板橋區", "tel" : "02-27478711#3961", "store_type" : "連鎖型綠色商店", "source_dataset" : "ntpe_6ccd0274", "store_code" : "F000989"}}, {"type" : "Feature", "geometry" : {"type" : "Point", "coordinates" : [121.451642979612, 25.045826996232]}, "properties" : {"name" : "7-11中泰門市", "address" : "242新北市新莊區中港一街10.10-1號", "city" : "新北市", "district" : "新莊區", "tel" : "02-27478711#3961", "store_type" : "連鎖型綠色商店", "source_dataset" : "ntpe_6ccd0274", "store_code" : "F001667"}}, {"type" : "Feature", "geometry" : {"type" : "Point", "coordinates" : [121.455179891295, 25.040264220461]}, "properties" : {"name" : "7-11中港門市", "address" : "242新北市新莊區中港路133號", "city" : "新北市", "district" : "新莊區", "tel" : "02-27478711#3961", "store_type" : "連鎖型綠色商店", "source_dataset" : "ntpe_6ccd0274", "store_code" : "F001668"}}, {"type" : "Feature", "geometry" : {"type" : "Point", "coordinates" : [121.367930481847, 24.927993195564]}, "properties" : {"name" : "7-11中園門市", "address" : "237新北市三峽區民權街231號", "city" : "新北市", "district" : "三峽區", "tel" : "02-27478711#3961", "store_type" : "連鎖型綠色商店", "source_dataset" : "ntpe_6ccd0274", "store_code" : "F001643"}}, {"type" : "Feature", "geometry" : {"type" : "Point", "coordinates" : [121.4432848, 25.0303904]}, "properties" : {"name" : "7-11丹鳳門市", "address" : "242新北市新莊區雙鳳里中山路三段664號", "city" : "新北市", "district" : "新莊區", "tel" : "02-27478711#3961", "store_type" : "連鎖型綠色商店", "source_dataset" : "ntpe_6ccd0274", "store_code" : "F001390"}}, {"type" : "Feature", "geometry" : {"type" : "Point", "coordinates" : [121.45934511044, 25.06658968286]}, "properties" : {"name" : "7-11五工門市", "address" : "242新北市新莊區福基里17鄰五工二路91號", "city" : "新北市", "district" : "新莊區", "tel" : "02-27478711#3961", "store_type" : "連鎖型綠色商店", "source_dataset" : "ntpe_6ccd0274", "store_code" : "F000927"}}, {"type" : "Feature", "geometry" : {"type" : "Point", "coordinates" : [121.544695012991, 24.966699986237]}, "properties" : {"name" : "7-11五峰門市", "address" : "231新北市新店區中興路一段252號", "city" : "新北市", "district" : "新店區", "tel" : "02-27478711#3961", "store_type" : "連鎖型綠色商店", "source_dataset" : "ntpe_6ccd0274", "store_code" : "F001023"}}, {"type" : "Feature", "geometry" : {"type" : "Point", "coordinates" : [121.491111014733, 25.084013019262]}, "properties" : {"name" : "7-11五華門市", "address" : "241新北市三重區五華街148號.", "city" : "新北市", "district" : "三重區", "tel" : "02-27478711#3961", "store_type" : "連鎖型綠色商店", "source_dataset" : "ntpe_6ccd0274", "store_code" : "F001070"}}, {"type" : "Feature", "geometry" : {"type" : "Point", "coordinates" : [121.430297960262, 25.053791019625]}, "properties" : {"name" : "7-11仁泰門市", "address" : "243新北市泰山區明志路二段1號", "city" : "新北市", "district" : "泰山區", "tel" : "02-27478711#3961", "store_type" : "連鎖型綠色商店", "source_dataset" : "ntpe_6ccd0274", "store_code" : "F000503"}}, {"type" : "Feature", "geometry" : {"type" : "Point", "coordinates" : [121.397063965628, 25.078527985643]}, "properties" : {"name" : "7-11仁森門市", "address" : "244新北市林口區粉寮路1段64號", "city" : "新北市", "district" : "林口區", "tel" : "02-27478711#3961", "store_type" : "連鎖型綠色商店", "source_dataset" : "ntpe_6ccd0274", "store_code" : "F001289"}}, {"type" : "Feature", "geometry" : {"type" : "Point", "coordinates" : [121.503392058887, 25.00794862303]}, "properties" : {"name" : "7-11仁寶門市", "address" : "234新北市永和區仁愛路302、304號", "city" : "新北市", "district" : "永和區", "tel" : "02-27478711#3961", "store_type" : "連鎖型綠色商店", "source_dataset" : "ntpe_6ccd0274", "store_code" : "F001641"}}, {"type" : "Feature", "geometry" : {"type" : "Point", "coordinates" : [121.508745281728, 25.015243107926]}, "properties" : {"name" : "7-11元坊門市", "address" : "234新北市永和區保安路134.136號", "city" : "新北市", "district" : "永和區", "tel" : "02-27478711#3961", "store_type" : "連鎖型綠色商店", "source_dataset" : "ntpe_6ccd0274", "store_code" : "F001504"}}, {"type" : "Feature", "geometry" : {"type" : "Point", "coordinates" : [121.472613998443, 25.020766991666]}, "properties" : {"name" : "7-11元秀門市", "address" : "220新北市板橋區莊敬路220巷17.19號", "city" : "新北市", "district" : "板橋區", "tel" : "02-27478711#3961", "store_type" : "連鎖型綠色商店", "source_dataset" : "ntpe_6ccd0274", "store_code" : "F001115"}}, {"type" : "Feature", "geometry" : {"type" : "Point", "coordinates" : [121.3546132, 24.9515953]}, "properties" : {"name" : "7-11元町門市", "address" : "239新北市鶯歌區光明路136號", "city" : "新北市", "district" : "鶯歌區", "tel" : "02-27478711#3961", "store_type" : "連鎖型綠色商店", "source_dataset" : "ntpe_6ccd0274", "store_code" : "F001158"}}, {"type" : "Feature", "geometry" : {"type" : "Point", "coordinates" : [121.432272066098, 25.054853090576]}, "properties" : {"name" : "7-11公園賞門市", "address" : "243新北市泰山區仁愛路66號", "city" : "新北市", "district" : "泰山區", "tel" : "02-27478711#3961", "store_type" : "連鎖型綠色商店", "source_dataset" : "ntpe_6ccd0274", "store_code" : "F001054"}}, {"type" : "Feature", "geometry" : {"type" : "Point", "coordinates" : [121.489328016289, 25.082165983078]}, "properties" : {"name" : "7-11分子尾門市", "address" : "241新北市三重區分子尾街45號", "city" : "新北市", "district" : "三重區", "tel" : "02-27478711#3961", "store_type" : "連鎖型綠色商店", "source_dataset" : "ntpe_6ccd0274", "store_code" : "F001413"}}, {"type" : "Feature", "geometry" : {"type" : "Point", "coordinates" : [121.516587977073, 24.966663189682]}, "properties" : {"name" : "7-11及人門市", "address" : "231新北市新店區安民街72號", "city" : "新北市", "district" : "新店區", "tel" : "02-27478711#3961", "store_type" : "連鎖型綠色商店", "source_dataset" : "ntpe_6ccd0274", "store_code" : "F000922"}}, {"type" : "Feature", "geometry" : {"type" : "Point", "coordinates" : [121.483873995712, 25.186743007594]}, "properties" : {"name" : "7-11天元門市", "address" : "251新北市淡水區北新路三段34號", "city" : "新北市", "district" : "淡水區", "tel" : "02-27478711#3961", "store_type" : "連鎖型綠色商店", "source_dataset" : "ntpe_6ccd0274", "store_code" : "F001066"}}, {"type" : "Feature", "geometry" : {"type" : "Point", "coordinates" : [121.497949474257, 25.061726502637]}, "properties" : {"name" : "7-11天台門市", "address" : "241新北市三重區仁德里正義南路13.15號1樓", "city" : "新北市", "district" : "三重區", "tel" : "02-27478711#3961", "store_type" : "連鎖型綠色商店", "source_dataset" : "ntpe_6ccd0274", "store_code" : "F001196"}}, {"type" : "Feature", "geometry" : {"type" : "Point", "coordinates" : [121.515352987459, 24.993203983173]}, "properties" : {"name" : "7-11天城門市", "address" : "235新北市中和區景平路240巷1弄4號", "city" : "新北市", "district" : "中和區", "tel" : "02-27478711#3961", "store_type" : "連鎖型綠色商店", "source_dataset" : "ntpe_6ccd0274", "store_code" : "F001628"}}, {"type" : "Feature", "geometry" : {"type" : "Point", "coordinates" : [121.483318024074, 25.080913014282]}, "properties" : {"name" : "7-11天勝門市", "address" : "241新北市三重區仁愛街687號", "city" : "新北市", "district" : "三重區", "tel" : "02-27478711#3961", "store_type" : "連鎖型綠色商店", "source_dataset" : "ntpe_6ccd0274", "store_code" : "F001385"}}, {"type" : "Feature", "geometry" : {"type" : "Point", "coordinates" : [121.500253994716, 25.073342018329]}, "properties" : {"name" : "7-11天龍門市", "address" : "241新北市三重區龍門路217.219.221號", "city" : "新北市", "district" : "三重區", "tel" : "02-27478711#3961", "store_type" : "連鎖型綠色商店", "source_dataset" : "ntpe_6ccd0274", "store_code" : "F000946"}}, {"type" : "Feature", "geometry" : {"type" : "Point", "coordinates" : [121.537274933205, 24.961673484632]}, "properties" : {"name" : "7-11天闊門市", "address" : "231新北市新店區環河路16號", "city" : "新北市", "district" : "新店區", "tel" : "02-27478711#3961", "store_type" : "連鎖型綠色商店", "source_dataset" : "ntpe_6ccd0274", "store_code" : "F001267"}}, {"type" : "Feature", "geometry" : {"type" : "Point", "coordinates" : [121.420619041389, 24.962916981877]}, "properties" : {"name" : "7-11太子門市", "address" : "236新北市土城區中山路47號", "city" : "新北市", "district" : "土城區", "tel" : "02-27478711#3961", "store_type" : "連鎖型綠色商店", "source_dataset" : "ntpe_6ccd0274", "store_code" : "F001348"}}, {"type" : "Feature", "geometry" : {"type" : "Point", "coordinates" : [121.417885618945, 24.979136383617]}, "properties" : {"name" : "7-11太順門市", "address" : "238新北市樹林區太順街49巷2號", "city" : "新北市", "district" : "樹林區", "tel" : "02-27478711#3961", "store_type" : "連鎖型綠色商店", "source_dataset" : "ntpe_6ccd0274", "store_code" : "F001529"}}, {"type" : "Feature", "geometry" : {"type" : "Point", "coordinates" : [121.464194041427, 25.005357994235]}, "properties" : {"name" : "7-11心心門市", "address" : "220新北市板橋區實踐路105.107號", "city" : "新北市", "district" : "板橋區", "tel" : "02-27478711#3961", "store_type" : "連鎖型綠色商店", "source_dataset" : "ntpe_6ccd0274", "store_code" : "F001615"}}, {"type" : "Feature", "geometry" : {"type" : "Point", "coordinates" : [121.459139837632, 24.981099802526]}, "properties" : {"name" : "7-11文青門市", "address" : "236新北市土城區青雲路243.245號", "city" : "新北市", "district" : "土城區", "tel" : "02-27478711#3961", "store_type" : "連鎖型綠色商店", "source_dataset" : "ntpe_6ccd0274", "store_code" : "F001331"}}, {"type" : "Feature", "geometry" : {"type" : "Point", "coordinates" : [121.474324996338, 25.091460004957]}, "properties" : {"name" : "7-11文豪門市", "address" : "247新北市蘆洲區民族路321號", "city" : "新北市", "district" : "蘆洲區", "tel" : "02-27478711#3961", "store_type" : "連鎖型綠色商店", "source_dataset" : "ntpe_6ccd0274", "store_code" : "F001224"}}, {"type" : "Feature", "geometry" : {"type" : "Point", "coordinates" : [121.499937996967, 25.062276020209]}, "properties" : {"name" : "7-11文興門市", "address" : "241新北市三重區文化南路7號", "city" : "新北市", "district" : "三重區", "tel" : "02-27478711#3961", "store_type" : "連鎖型綠色商店", "source_dataset" : "ntpe_6ccd0274", "store_code" : "F000988"}}, {"type" : "Feature", "geometry" : {"type" : "Point", "coordinates" : [121.424187971942, 25.063695998426]}, "properties" : {"name" : "7-11日勝門市", "address" : "243新北市泰山區山腳村泰林路2段515.517號.", "city" : "新北市", "district" : "泰山區", "tel" : "02-27478711#3961", "store_type" : "連鎖型綠色商店", "source_dataset" : "ntpe_6ccd0274", "store_code" : "F001077"}}, {"type" : "Feature", "geometry" : {"type" : "Point", "coordinates" : [121.488529975288, 25.063210979599]}, "properties" : {"name" : "7-11日揚門市", "address" : "241新北市三重區中正北路18-1號", "city" : "新北市", "district" : "三重區", "tel" : "02-27478711#3961", "store_type" : "連鎖型綠色商店", "source_dataset" : "ntpe_6ccd0274", "store_code" : "F001564"}}, {"type" : "Feature", "geometry" : {"type" : "Point", "coordinates" : [121.510818964574, 25.002052003984]}, "properties" : {"name" : "7-11日福門市", "address" : "235新北市中和區中和路380號", "city" : "新北市", "district" : "中和區", "tel" : "02-27478711#3961", "store_type" : "連鎖型綠色商店", "source_dataset" : "ntpe_6ccd0274", "store_code" : "F001591"}}, {"type" : "Feature", "geometry" : {"type" : "Point", "coordinates" : [121.503902972445, 25.00482000178]}, "properties" : {"name" : "7-11水源門市", "address" : "234新北市中和區中山路2段62號", "city" : "新北市", "district" : "中和區", "tel" : "02-27478711#3961", "store_type" : "連鎖型綠色商店", "source_dataset" : "ntpe_6ccd0274", "store_code" : "F001038"}}, {"type" : "Feature", "geometry" : {"type" : "Point", "coordinates" : [121.433719034043, 25.072482998982]}, "properties" : {"name" : "7-11水碓門市", "address" : "248新北市五股區水碓路14號", "city" : "新北市", "district" : "五股區", "tel" : "02-27478711#3961", "store_type" : "連鎖型綠色商店", "source_dataset" : "ntpe_6ccd0274", "store_code" : "F001080"}}, {"type" : "Feature", "geometry" : {"type" : "Point", "coordinates" : [121.446085023436, 25.177586993751]}, "properties" : {"name" : "7-11水鑫門市", "address" : "251新北市淡水區大忠街83號", "city" : "新北市", "district" : "淡水區", "tel" : "02-27478711#3961", "store_type" : "連鎖型綠色商店", "source_dataset" : "ntpe_6ccd0274", "store_code" : "F001427"}}, {"type" : "Feature", "geometry" : {"type" : "Point", "coordinates" : [121.444734077937, 25.045358229268]}, "properties" : {"name" : "7-11加州門市", "address" : "242新北市新莊區中平路81巷2號", "city" : "新北市", "district" : "新莊區", "tel" : "02-27478711#3961", "store_type" : "連鎖型綠色商店", "source_dataset" : "ntpe_6ccd0274", "store_code" : "F001448"}}, {"type" : "Feature", "geometry" : {"type" : "Point", "coordinates" : [121.639581006784, 25.21937601977]}, "properties" : {"name" : "7-11北海門市", "address" : "208新北市金山鄉中山路105號", "city" : "新北市", "district" : null, "tel" : "02-27478711#3961", "store_type" : "連鎖型綠色商店", "source_dataset" : "ntpe_6ccd0274", "store_code" : "F001542"}}, {"type" : "Feature", "geometry" : {"type" : "Point", "coordinates" : [121.616706596044, 25.00312019257]}, "properties" : {"name" : "7-11北深門市", "address" : "222新北市深坑區北深路二段183號", "city" : "新北市", "district" : "深坑區", "tel" : "02-27478711#3961", "store_type" : "連鎖型綠色商店", "source_dataset" : "ntpe_6ccd0274", "store_code" : "F001318"}}, {"type" : "Feature", "geometry" : {"type" : "Point", "coordinates" : [121.521870839187, 25.007967909336]}, "properties" : {"name" : "7-11北福門市", "address" : "234新北市永和區福和路128號", "city" : "新北市", "district" : "永和區", "tel" : "02-27478711#3961", "store_type" : "連鎖型綠色商店", "source_dataset" : "ntpe_6ccd0274", "store_code" : "F001411"}}, {"type" : "Feature", "geometry" : {"type" : "Point", "coordinates" : [121.372843787477, 24.946081785044]}, "properties" : {"name" : "7-11北學一門市", "address" : "237新北市三峽區大學路151號B1(商學大樓B1)", "city" : "新北市", "district" : "三峽區", "tel" : "02-27478711#3961", "store_type" : "連鎖型綠色商店", "source_dataset" : "ntpe_6ccd0274", "store_code" : "F001151"}}, {"type" : "Feature", "geometry" : {"type" : "Point", "coordinates" : [121.373161040886, 24.945132008263]}, "properties" : {"name" : "7-11北學二門市", "address" : "237新北市三峽區大學路151號1樓", "city" : "新北市", "district" : "三峽區", "tel" : "02-27478711#3961", "store_type" : "連鎖型綠色商店", "source_dataset" : "ntpe_6ccd0274", "store_code" : "F001466"}}, {"type" : "Feature", "geometry" : {"type" : "Point", "coordinates" : [121.447569123212, 25.005889197349]}, "properties" : {"name" : "7-11台藝大門市", "address" : "220新北市板橋區大觀路一段59號", "city" : "新北市", "district" : "板橋區", "tel" : "02-27478711#3961", "store_type" : "連鎖型綠色商店", "source_dataset" : "ntpe_6ccd0274", "store_code" : "F001482"}}, {"type" : "Feature", "geometry" : {"type" : "Point", "coordinates" : [121.491278988072, 25.003478100991]}, "properties" : {"name" : "7-11巨門門市", "address" : "235新北市中和區中山路二段380號之1", "city" : "新北市", "district" : "中和區", "tel" : "02-27478711#3961", "store_type" : "連鎖型綠色商店", "source_dataset" : "ntpe_6ccd0274", "store_code" : "F001261"}}, {"type" : "Feature", "geometry" : {"type" : "Point", "coordinates" : [121.451059012418, 25.177801989567]}, "properties" : {"name" : "7-11巧立門市", "address" : "251新北市淡水區北新路184巷57.59號1樓", "city" : "新北市", "district" : "淡水區", "tel" : "02-27478711#3961", "store_type" : "連鎖型綠色商店", "source_dataset" : "ntpe_6ccd0274", "store_code" : "F001043"}}, {"type" : "Feature", "geometry" : {"type" : "Point", "coordinates" : [121.497456031617, 25.064165007819]}, "properties" : {"name" : "7-11平安門市", "address" : "241新北市三重區正義北路51號.", "city" : "新北市", "district" : "三重區", "tel" : "02-27478711#3961", "store_type" : "連鎖型綠色商店", "source_dataset" : "ntpe_6ccd0274", "store_code" : "F001531"}}, {"type" : "Feature", "geometry" : {"type" : "Point", "coordinates" : [121.617862992742, 25.002031007317]}, "properties" : {"name" : "7-11平埔門市", "address" : "222新北市深坑區文化街82號", "city" : "新北市", "district" : "深坑區", "tel" : "02-27478711#3961", "store_type" : "連鎖型綠色商店", "source_dataset" : "ntpe_6ccd0274", "store_code" : "F001141"}}, {"type" : "Feature", "geometry" : {"type" : "Point", "coordinates" : [121.420748625612, 25.022986519627]}, "properties" : {"name" : "7-11弘安門市", "address" : "242新北市新莊區萬安街82.84號", "city" : "新北市", "district" : "新莊區", "tel" : "02-27478711#3961", "store_type" : "連鎖型綠色商店", "source_dataset" : "ntpe_6ccd0274", "store_code" : "F001078"}}, {"type" : "Feature", "geometry" : {"type" : "Point", "coordinates" : [121.439739000723, 25.083257013505]}, "properties" : {"name" : "7-11弘龍門市", "address" : "248新北市五股區工商路16號", "city" : "新北市", "district" : "五股區", "tel" : "02-27478711#3961", "store_type" : "連鎖型綠色商店", "source_dataset" : "ntpe_6ccd0274", "store_code" : "F001210"}}, {"type" : "Feature", "geometry" : {"type" : "Point", "coordinates" : [121.374585964426, 25.077194005753]}, "properties" : {"name" : "7-11未來門市", "address" : "244新北市林口區文化二路一段553號", "city" : "新北市", "district" : "林口區", "tel" : "02-27478711#3961", "store_type" : "連鎖型綠色商店", "source_dataset" : "ntpe_6ccd0274", "store_code" : "F001244"}}, {"type" : "Feature", "geometry" : {"type" : "Point", "coordinates" : [121.47576098399, 25.070522388011]}, "properties" : {"name" : "7-11正大門市", "address" : "241新北市三重區中正北路235號", "city" : "新北市", "district" : "三重區", "tel" : "02-27478711#3961", "store_type" : "連鎖型綠色商店", "source_dataset" : "ntpe_6ccd0274", "store_code" : "F001464"}}, {"type" : "Feature", "geometry" : {"type" : "Point", "coordinates" : [121.533980007066, 24.982920980539]}, "properties" : {"name" : "7-11正民門市", "address" : "231新北市新店區中正路506號", "city" : "新北市", "district" : "新店區", "tel" : "02-27478711#3961", "store_type" : "連鎖型綠色商店", "source_dataset" : "ntpe_6ccd0274", "store_code" : "F001619"}}, {"type" : "Feature", "geometry" : {"type" : "Point", "coordinates" : [121.482291995307, 25.067913017733]}, "properties" : {"name" : "7-11正孝門市", "address" : "241新北市三重區忠孝路2段160號", "city" : "新北市", "district" : "三重區", "tel" : "02-27478711#3961", "store_type" : "連鎖型綠色商店", "source_dataset" : "ntpe_6ccd0274", "store_code" : "F000936"}}, {"type" : "Feature", "geometry" : {"type" : "Point", "coordinates" : [121.498233034042, 25.060176982107]}, "properties" : {"name" : "7-11正南門市", "address" : "241新北市三重區正義南路67.69號", "city" : "新北市", "district" : "三重區", "tel" : "02-27478711#3961", "store_type" : "連鎖型綠色商店", "source_dataset" : "ntpe_6ccd0274", "store_code" : "F001371"}}, {"type" : "Feature", "geometry" : {"type" : "Point", "coordinates" : [121.455311990089, 25.019937015614]}, "properties" : {"name" : "7-11正華門市", "address" : "220新北市板橋區中正路274.276號", "city" : "新北市", "district" : "板橋區", "tel" : "02-27478711#3961", "store_type" : "連鎖型綠色商店", "source_dataset" : "ntpe_6ccd0274", "store_code" : "F001665"}}, {"type" : "Feature", "geometry" : {"type" : "Point", "coordinates" : [121.493149996499, 25.071467992417]}, "properties" : {"name" : "7-11正陽門市", "address" : "241新北市三重區正義北路386.388號", "city" : "新北市", "district" : "三重區", "tel" : "02-27478711#3961", "store_type" : "連鎖型綠色商店", "source_dataset" : "ntpe_6ccd0274", "store_code" : "F000506"}}, {"type" : "Feature", "geometry" : {"type" : "Point", "coordinates" : [121.475440962927, 25.012864994357]}, "properties" : {"name" : "7-11正隆門市", "address" : "220新北市板橋區民生路一段53號", "city" : "新北市", "district" : "板橋區", "tel" : "02-27478711#3961", "store_type" : "連鎖型綠色商店", "source_dataset" : "ntpe_6ccd0274", "store_code" : "F001176"}}, {"type" : "Feature", "geometry" : {"type" : "Point", "coordinates" : [121.494527981381, 25.070674016639]}, "properties" : {"name" : "7-11正龍門市", "address" : "241新北市三重區正義北路332號", "city" : "新北市", "district" : "三重區", "tel" : "02-27478711#3961", "store_type" : "連鎖型綠色商店", "source_dataset" : "ntpe_6ccd0274", "store_code" : "F001363"}}, {"type" : "Feature", "geometry" : {"type" : "Point", "coordinates" : [121.471998012379, 25.092991001482]}, "properties" : {"name" : "7-11民仁門市", "address" : "247新北市蘆洲區仁愛街41號", "city" : "新北市", "district" : "蘆洲區", "tel" : "02-27478711#3961", "store_type" : "連鎖型綠色商店", "source_dataset" : "ntpe_6ccd0274", "store_code" : "F001557"}}, {"type" : "Feature", "geometry" : {"type" : "Point", "coordinates" : [121.414613994497, 24.960690999851]}, "properties" : {"name" : "7-11民生廠門市", "address" : "236新北市土城區民生街4號B1", "city" : "新北市", "district" : "土城區", "tel" : "02-27478711#3961", "store_type" : "連鎖型綠色商店", "source_dataset" : "ntpe_6ccd0274", "store_code" : "F001119"}}, {"type" : "Feature", "geometry" : {"type" : "Point", "coordinates" : [121.515165987199, 24.996542998122]}, "properties" : {"name" : "7-11民光門市", "address" : "234新北市永和區中正路166號", "city" : "新北市", "district" : "永和區", "tel" : "02-27478711#3961", "store_type" : "連鎖型綠色商店", "source_dataset" : "ntpe_6ccd0274", "store_code" : "F000998"}}, {"type" : "Feature", "geometry" : {"type" : "Point", "coordinates" : [121.473777238966, 25.003048989458]}, "properties" : {"name" : "7-11民自門市", "address" : "235新北市中和區冠穗里民享街38.38之1號", "city" : "新北市", "district" : "中和區", "tel" : "02-27478711#3961", "store_type" : "連鎖型綠色商店", "source_dataset" : "ntpe_6ccd0274", "store_code" : "F001274"}}, {"type" : "Feature", "geometry" : {"type" : "Point", "coordinates" : [121.470694039702, 25.006570981353]}, "properties" : {"name" : "7-11民族門市", "address" : "220新北市板橋區福祿里民族路310號", "city" : "新北市", "district" : "板橋區", "tel" : "02-27478711#3961", "store_type" : "連鎖型綠色商店", "source_dataset" : "ntpe_6ccd0274", "store_code" : "F001653"}}, {"type" : "Feature", "geometry" : {"type" : "Point", "coordinates" : [121.468983041807, 25.002024008428]}, "properties" : {"name" : "7-11民德門市", "address" : "235新北市中和區民德路47.47-1號", "city" : "新北市", "district" : "中和區", "tel" : "02-27478711#3961", "store_type" : "連鎖型綠色商店", "source_dataset" : "ntpe_6ccd0274", "store_code" : "F001184"}}, {"type" : "Feature", "geometry" : {"type" : "Point", "coordinates" : [121.510018995735, 25.009386001625]}, "properties" : {"name" : "7-11永平門市", "address" : "234新北市永和區中山路一段149-153號", "city" : "新北市", "district" : "永和區", "tel" : "02-27478711#3961", "store_type" : "連鎖型綠色商店", "source_dataset" : "ntpe_6ccd0274", "store_code" : "F000511"}}, {"type" : "Feature", "geometry" : {"type" : "Point", "coordinates" : [121.520194458552, 25.010583398403]}, "properties" : {"name" : "7-11永竹門市", "address" : "234新北市永和區竹林路146號", "city" : "新北市", "district" : "永和區", "tel" : "02-27478711#3961", "store_type" : "連鎖型綠色商店", "source_dataset" : "ntpe_6ccd0274", "store_code" : "F001403"}}, {"type" : "Feature", "geometry" : {"type" : "Point", "coordinates" : [121.522320025378, 25.001692001243]}, "properties" : {"name" : "7-11永利門市", "address" : "234新北市永和區永元里永元路93號", "city" : "新北市", "district" : "永和區", "tel" : "02-27478711#3961", "store_type" : "連鎖型綠色商店", "source_dataset" : "ntpe_6ccd0274", "store_code" : "F001231"}}, {"type" : "Feature", "geometry" : {"type" : "Point", "coordinates" : [121.51539699245, 25.014899994719]}, "properties" : {"name" : "7-11永和門市", "address" : "234新北市永和區文化路7號", "city" : "新北市", "district" : "永和區", "tel" : "02-27478711#3961", "store_type" : "連鎖型綠色商店", "source_dataset" : "ntpe_6ccd0274", "store_code" : "F001060"}}, {"type" : "Feature", "geometry" : {"type" : "Point", "coordinates" : [121.502735038056, 24.99558398267]}, "properties" : {"name" : "7-11永振門市", "address" : "235新北市中和區南華路16號", "city" : "新北市", "district" : "中和區", "tel" : "02-27478711#3961", "store_type" : "連鎖型綠色商店", "source_dataset" : "ntpe_6ccd0274", "store_code" : "F001157"}}, {"type" : "Feature", "geometry" : {"type" : "Point", "coordinates" : [121.519462969862, 25.012079987215]}, "properties" : {"name" : "7-11永興門市", "address" : "234新北市永和區竹林路98號", "city" : "新北市", "district" : "永和區", "tel" : "02-27478711#3961", "store_type" : "連鎖型綠色商店", "source_dataset" : "ntpe_6ccd0274", "store_code" : "F001165"}}, {"type" : "Feature", "geometry" : {"type" : "Point", "coordinates" : [121.520007039197, 24.998409019317]}, "properties" : {"name" : "7-11永權門市", "address" : "234新北市永和區民權路52.54號", "city" : "新北市", "district" : "永和區", "tel" : "02-27478711#3961", "store_type" : "連鎖型綠色商店", "source_dataset" : "ntpe_6ccd0274", "store_code" : "F001470"}}, {"type" : "Feature", "geometry" : {"type" : "Point", "coordinates" : [121.619242989281, 25.047962998528]}, "properties" : {"name" : "7-11白雲門市", "address" : "221新北市汐止區民權街二段79號之1", "city" : "新北市", "district" : "汐止區", "tel" : "02-27478711#3961", "store_type" : "連鎖型綠色商店", "source_dataset" : "ntpe_6ccd0274", "store_code" : "F001298"}}, {"type" : "Feature", "geometry" : {"type" : "Point", "coordinates" : [121.442998974325, 25.170679006339]}, "properties" : {"name" : "7-11石門門市", "address" : "251新北市石門區中山路78號", "city" : "新北市", "district" : "石門區", "tel" : "02-27478711#3961", "store_type" : "連鎖型綠色商店", "source_dataset" : "ntpe_6ccd0274", "store_code" : "F000975"}}, {"type" : "Feature", "geometry" : {"type" : "Point", "coordinates" : [121.482620985006, 25.076436994167]}, "properties" : {"name" : "7-11立行門市", "address" : "241新北市三重區力行路2段160號", "city" : "新北市", "district" : "三重區", "tel" : "02-27478711#3961", "store_type" : "連鎖型綠色商店", "source_dataset" : "ntpe_6ccd0274", "store_code" : "F001017"}}, {"type" : "Feature", "geometry" : {"type" : "Point", "coordinates" : [121.484200219384, 25.006345508157]}, "properties" : {"name" : "7-11立言門市", "address" : "235新北市中和區中正路872號", "city" : "新北市", "district" : "中和區", "tel" : "02-27478711#3961", "store_type" : "連鎖型綠色商店", "source_dataset" : "ntpe_6ccd0274", "store_code" : "F001198"}}, {"type" : "Feature", "geometry" : {"type" : "Point", "coordinates" : [121.443004003467, 25.178138020066]}, "properties" : {"name" : "7-11立征門市", "address" : "251新北市淡水區中山北路1段149巷26.28號", "city" : "新北市", "district" : "淡水區", "tel" : "02-27478711#3961", "store_type" : "連鎖型綠色商店", "source_dataset" : "ntpe_6ccd0274", "store_code" : "F001136"}}, {"type" : "Feature", "geometry" : {"type" : "Point", "coordinates" : [121.486061588622, 25.008519103289]}, "properties" : {"name" : "7-11立德門市", "address" : "235新北市中和區立德街103號", "city" : "新北市", "district" : "中和區", "tel" : "02-27478711#3961", "store_type" : "連鎖型綠色商店", "source_dataset" : "ntpe_6ccd0274", "store_code" : "F001321"}}, {"type" : "Feature", "geometry" : {"type" : "Point", "coordinates" : [121.477801725957, 25.017920790714]}, "properties" : {"name" : "7-11光仁門市", "address" : "220新北市板橋區中山路二段273號", "city" : "新北市", "district" : "板橋區", "tel" : "02-27478711#3961", "store_type" : "連鎖型綠色商店", "source_dataset" : "ntpe_6ccd0274", "store_code" : "F001356"}}, {"type" : "Feature", "geometry" : {"type" : "Point", "coordinates" : [121.442110073493, 24.974558313831]}, "properties" : {"name" : "7-11光員門市", "address" : "236新北市土城區光明街15號", "city" : "新北市", "district" : "土城區", "tel" : "02-27478711#3961", "store_type" : "連鎖型綠色商店", "source_dataset" : "ntpe_6ccd0274", "store_code" : "F001498"}}, {"type" : "Feature", "geometry" : {"type" : "Point", "coordinates" : [121.428230312387, 25.01039149473]}, "properties" : {"name" : "7-11光華門市", "address" : "242新北市新莊區民安西路390號", "city" : "新北市", "district" : "新莊區", "tel" : "02-27478711#3961", "store_type" : "連鎖型綠色商店", "source_dataset" : "ntpe_6ccd0274", "store_code" : "F001179"}}, {"type" : "Feature", "geometry" : {"type" : "Point", "coordinates" : [121.483681463396, 24.995518603826]}, "properties" : {"name" : "7-11全茂門市", "address" : "235新北市中和區連城路469巷9.11號", "city" : "新北市", "district" : "中和區", "tel" : "02-27478711#3961", "store_type" : "連鎖型綠色商店", "source_dataset" : "ntpe_6ccd0274", "store_code" : "F001456"}}, {"type" : "Feature", "geometry" : {"type" : "Point", "coordinates" : [121.462570969696, 25.128130998988]}, "properties" : {"name" : "7-11吉發門市", "address" : "251新北市淡水區自強路275號", "city" : "新北市", "district" : "淡水區", "tel" : "02-27478711#3961", "store_type" : "連鎖型綠色商店", "source_dataset" : "ntpe_6ccd0274", "store_code" : "F001572"}}, {"type" : "Feature", "geometry" : {"type" : "Point", "coordinates" : [121.536623994604, 24.983152991619]}, "properties" : {"name" : "7-11同仁門市", "address" : "231新北市新店區民權路96號", "city" : "新北市", "district" : "新店區", "tel" : "02-27478711#3961", "store_type" : "連鎖型綠色商店", "source_dataset" : "ntpe_6ccd0274", "store_code" : "F001626"}}, {"type" : "Feature", "geometry" : {"type" : "Point", "coordinates" : [121.642037994062, 25.065045987752]}, "properties" : {"name" : "7-11名帥門市", "address" : "221新北市汐止區樟樹一路131號1樓", "city" : "新北市", "district" : "汐止區", "tel" : "02-27478711#3961", "store_type" : "連鎖型綠色商店", "source_dataset" : "ntpe_6ccd0274", "store_code" : "F001399"}}, {"type" : "Feature", "geometry" : {"type" : "Point", "coordinates" : [121.479512975309, 25.074694019311]}, "properties" : {"name" : "7-11合康門市", "address" : "241新北市三重區永福街199及201-2號", "city" : "新北市", "district" : "三重區", "tel" : "02-27478711#3961", "store_type" : "連鎖型綠色商店", "source_dataset" : "ntpe_6ccd0274", "store_code" : "F001315"}}, {"type" : "Feature", "geometry" : {"type" : "Point", "coordinates" : [121.404908002077, 25.016306980986]}, "properties" : {"name" : "7-11合喬門市", "address" : "238新北市樹林區三福街68號", "city" : "新北市", "district" : "樹林區", "tel" : "02-27478711#3961", "store_type" : "連鎖型綠色商店", "source_dataset" : "ntpe_6ccd0274", "store_code" : "F001309"}}, {"type" : "Feature", "geometry" : {"type" : "Point", "coordinates" : [121.425152980455, 25.026169002534]}, "properties" : {"name" : "7-11后福門市", "address" : "242新北市新莊區後港一路29號", "city" : "新北市", "district" : "新莊區", "tel" : "02-27478711#3961", "store_type" : "連鎖型綠色商店", "source_dataset" : "ntpe_6ccd0274", "store_code" : "F001565"}}, {"type" : "Feature", "geometry" : {"type" : "Point", "coordinates" : [121.431279984038, 24.991260010279]}, "properties" : {"name" : "7-11存德門市", "address" : "220新北市板橋區篤行路二段104.106號", "city" : "新北市", "district" : "板橋區", "tel" : "02-27478711#3961", "store_type" : "連鎖型綠色商店", "source_dataset" : "ntpe_6ccd0274", "store_code" : "F001204"}}, {"type" : "Feature", "geometry" : {"type" : "Point", "coordinates" : [121.521247225591, 25.003608481495]}, "properties" : {"name" : "7-11宇陽門市", "address" : "234新北市永和區永利路77號", "city" : "新北市", "district" : "永和區", "tel" : "02-27478711#3961", "store_type" : "連鎖型綠色商店", "source_dataset" : "ntpe_6ccd0274", "store_code" : "F001404"}}, {"type" : "Feature", "geometry" : {"type" : "Point", "coordinates" : [121.5315433, 24.9585927]}, "properties" : {"name" : "7-11安民門市", "address" : "231新北市新店區安民路133巷9.11號", "city" : "新北市", "district" : "新店區", "tel" : "02-27478711#3961", "store_type" : "連鎖型綠色商店", "source_dataset" : "ntpe_6ccd0274", "store_code" : "F001245"}}, {"type" : "Feature", "geometry" : {"type" : "Point", "coordinates" : [121.509834929141, 24.96107111916]}, "properties" : {"name" : "7-11安成門市", "address" : "231新北市新店區安成街35.29號", "city" : "新北市", "district" : "新店區", "tel" : "02-27478711#3961", "store_type" : "連鎖型綠色商店", "source_dataset" : "ntpe_6ccd0274", "store_code" : "F000976"}}, {"type" : "Feature", "geometry" : {"type" : "Point", "coordinates" : [121.514430978109, 24.962027997226]}, "properties" : {"name" : "7-11安忠門市", "address" : "231新北市新店區安忠路20號", "city" : "新北市", "district" : "新店區", "tel" : "02-27478711#3961", "store_type" : "連鎖型綠色商店", "source_dataset" : "ntpe_6ccd0274", "store_code" : "F001562"}}, {"type" : "Feature", "geometry" : {"type" : "Point", "coordinates" : [121.364925234283, 25.067413707761]}, "properties" : {"name" : "7-11安林門市", "address" : "244新北市林口區文化二路一段24.26號", "city" : "新北市", "district" : "林口區", "tel" : "02-27478711#3961", "store_type" : "連鎖型綠色商店", "source_dataset" : "ntpe_6ccd0274", "store_code" : "F001567"}}, {"type" : "Feature", "geometry" : {"type" : "Point", "coordinates" : [121.523654508183, 24.963446005696]}, "properties" : {"name" : "7-11安城門市", "address" : "231新北市新店區安康路一段283號", "city" : "新北市", "district" : "新店區", "tel" : "02-27478711#3961", "store_type" : "連鎖型綠色商店", "source_dataset" : "ntpe_6ccd0274", "store_code" : "F001215"}}, {"type" : "Feature", "geometry" : {"type" : "Point", "coordinates" : [121.4524629812, 25.043861984761]}, "properties" : {"name" : "7-11安復門市", "address" : "242新北市新莊區復興路1段213號", "city" : "新北市", "district" : "新莊區", "tel" : "02-27478711#3961", "store_type" : "連鎖型綠色商店", "source_dataset" : "ntpe_6ccd0274", "store_code" : "F000957"}}, {"type" : "Feature", "geometry" : {"type" : "Point", "coordinates" : [121.511728903983, 25.001401191112]}, "properties" : {"name" : "7-11安斌門市", "address" : "235新北市中和區中安街96號", "city" : "新北市", "district" : "中和區", "tel" : "02-27478711#3961", "store_type" : "連鎖型綠色商店", "source_dataset" : "ntpe_6ccd0274", "store_code" : "F001510"}}, {"type" : "Feature", "geometry" : {"type" : "Point", "coordinates" : [121.519197012074, 25.007410009861]}, "properties" : {"name" : "7-11安福門市", "address" : "234新北市永和區福和路213號", "city" : "新北市", "district" : "永和區", "tel" : "02-27478711#3961", "store_type" : "連鎖型綠色商店", "source_dataset" : "ntpe_6ccd0274", "store_code" : "F001142"}}, {"type" : "Feature", "geometry" : {"type" : "Point", "coordinates" : [121.338309338939, 24.973709688044]}, "properties" : {"name" : "7-11尖山門市", "address" : "239新北市鶯歌區國際二路6巷1號", "city" : "新北市", "district" : "鶯歌區", "tel" : "02-27478711#3961", "store_type" : "連鎖型綠色商店", "source_dataset" : "ntpe_6ccd0274", "store_code" : "F001521"}}, {"type" : "Feature", "geometry" : {"type" : "Point", "coordinates" : [121.433242019933, 24.993499990084]}, "properties" : {"name" : "7-11成合門市", "address" : "220新北市板橋區金門街40號", "city" : "新北市", "district" : "板橋區", "tel" : "02-27478711#3961", "store_type" : "連鎖型綠色商店", "source_dataset" : "ntpe_6ccd0274", "store_code" : "F001229"}}, {"type" : "Feature", "geometry" : {"type" : "Point", "coordinates" : [121.449333709943, 25.103984585327]}, "properties" : {"name" : "7-11成洲門市", "address" : "248新北市五股區成泰路三段577巷92、94號", "city" : "新北市", "district" : "五股區", "tel" : "02-27478711#3961", "store_type" : "連鎖型綠色商店", "source_dataset" : "ntpe_6ccd0274", "store_code" : "F001306"}}, {"type" : "Feature", "geometry" : {"type" : "Point", "coordinates" : [121.679385994412, 25.070963988579]}, "properties" : {"name" : "7-11旭昇門市", "address" : "221新北市汐止區大同路三段332號", "city" : "新北市", "district" : "汐止區", "tel" : "02-27478711#3961", "store_type" : "連鎖型綠色商店", "source_dataset" : "ntpe_6ccd0274", "store_code" : "F001475"}}, {"type" : "Feature", "geometry" : {"type" : "Point", "coordinates" : [121.516673747991, 24.996464820314]}, "properties" : {"name" : "7-11有民門市", "address" : "234新北市永和區民有街26、28號", "city" : "新北市", "district" : "永和區", "tel" : "02-27478711#3961", "store_type" : "連鎖型綠色商店", "source_dataset" : "ntpe_6ccd0274", "store_code" : "F001090"}}, {"type" : "Feature", "geometry" : {"type" : "Point", "coordinates" : [121.479222961459, 25.08826800859]}, "properties" : {"name" : "7-11池田門市", "address" : "247新北市蘆洲區民族路165號", "city" : "新北市", "district" : "蘆洲區", "tel" : "02-27478711#3961", "store_type" : "連鎖型綠色商店", "source_dataset" : "ntpe_6ccd0274", "store_code" : "F001222"}}, {"type" : "Feature", "geometry" : {"type" : "Point", "coordinates" : [121.662363019615, 25.069092016234]}, "properties" : {"name" : "7-11汐止站門市", "address" : "221新北市汐止區信義路1號", "city" : "新北市", "district" : "汐止區", "tel" : "02-27478711#3961", "store_type" : "連鎖型綠色商店", "source_dataset" : "ntpe_6ccd0274", "store_code" : "F001462"}}, {"type" : "Feature", "geometry" : {"type" : "Point", "coordinates" : [121.663760031417, 25.068183711296]}, "properties" : {"name" : "7-11汐忠門市", "address" : "221新北市汐止區忠孝東路282號", "city" : "新北市", "district" : "汐止區", "tel" : "02-27478711#3961", "store_type" : "連鎖型綠色商店", "source_dataset" : "ntpe_6ccd0274", "store_code" : "F000579"}}, {"type" : "Feature", "geometry" : {"type" : "Point", "coordinates" : [121.632218594492, 25.064752998326]}, "properties" : {"name" : "7-11汐旺門市", "address" : "221新北市汐止區中興里6鄰中興路105號", "city" : "新北市", "district" : "汐止區", "tel" : "02-27478711#3961", "store_type" : "連鎖型綠色商店", "source_dataset" : "ntpe_6ccd0274", "store_code" : "F000940"}}, {"type" : "Feature", "geometry" : {"type" : "Point", "coordinates" : [121.651761001745, 25.072990020305]}, "properties" : {"name" : "7-11汐政門市", "address" : "221新北市汐止區汐萬路一段222號", "city" : "新北市", "district" : "汐止區", "tel" : "02-27478711#3961", "store_type" : "連鎖型綠色商店", "source_dataset" : "ntpe_6ccd0274", "store_code" : "F000948"}}, {"type" : "Feature", "geometry" : {"type" : "Point", "coordinates" : [121.651097993204, 25.064143005323]}, "properties" : {"name" : "7-11汐科門市", "address" : "221新北市汐止區大同路二段167-1號1樓", "city" : "新北市", "district" : "汐止區", "tel" : "02-27478711#3961", "store_type" : "連鎖型綠色商店", "source_dataset" : "ntpe_6ccd0274", "store_code" : "F001460"}}, {"type" : "Feature", "geometry" : {"type" : "Point", "coordinates" : [121.63390419522, 25.064766283643]}, "properties" : {"name" : "7-11汐福門市", "address" : "221新北市汐止區福德一路243號", "city" : "新北市", "district" : "汐止區", "tel" : "02-27478711#3961", "store_type" : "連鎖型綠色商店", "source_dataset" : "ntpe_6ccd0274", "store_code" : "F000984"}}, {"type" : "Feature", "geometry" : {"type" : "Point", "coordinates" : [121.496295976218, 25.082179980856]}, "properties" : {"name" : "7-11百利門市", "address" : "241新北市三重區仁義街208號", "city" : "新北市", "district" : "三重區", "tel" : "02-27478711#3961", "store_type" : "連鎖型綠色商店", "source_dataset" : "ntpe_6ccd0274", "store_code" : "F001366"}}, {"type" : "Feature", "geometry" : {"type" : "Point", "coordinates" : [121.494450029682, 25.08506499002]}, "properties" : {"name" : "7-11百義門市", "address" : "241新北市三重區仁義街232號", "city" : "新北市", "district" : "三重區", "tel" : "02-27478711#3961", "store_type" : "連鎖型綠色商店", "source_dataset" : "ntpe_6ccd0274", "store_code" : "F001545"}}, {"type" : "Feature", "geometry" : {"type" : "Point", "coordinates" : [121.4648439742, 25.018737900545]}, "properties" : {"name" : "7-11百壽門市", "address" : "220新北市板橋區公館里2鄰文化路一段287號1樓", "city" : "新北市", "district" : "板橋區", "tel" : "02-27478711#3961", "store_type" : "連鎖型綠色商店", "source_dataset" : "ntpe_6ccd0274", "store_code" : "F001419"}}, {"type" : "Feature", "geometry" : {"type" : "Point", "coordinates" : [121.53585998413, 24.971431989675]}, "properties" : {"name" : "7-11百福門市", "address" : "231新北市新店區三民路77號", "city" : "新北市", "district" : "新店區", "tel" : "02-27478711#3961", "store_type" : "連鎖型綠色商店", "source_dataset" : "ntpe_6ccd0274", "store_code" : "F001296"}}, {"type" : "Feature", "geometry" : {"type" : "Point", "coordinates" : [121.520766439624, 25.008885015272]}, "properties" : {"name" : "7-11竹林門市", "address" : "234新北市永和區竹林路211號", "city" : "新北市", "district" : "永和區", "tel" : "02-27478711#3961", "store_type" : "連鎖型綠色商店", "source_dataset" : "ntpe_6ccd0274", "store_code" : "F001502"}}, {"type" : "Feature", "geometry" : {"type" : "Point", "coordinates" : [121.460530982102, 25.13672098291]}, "properties" : {"name" : "7-11竹捷門市", "address" : "251新北市淡水區竹圍里民族路10號", "city" : "新北市", "district" : "淡水區", "tel" : "02-27478711#3961", "store_type" : "連鎖型綠色商店", "source_dataset" : "ntpe_6ccd0274", "store_code" : "F001217"}}, {"type" : "Feature", "geometry" : {"type" : "Point", "coordinates" : [121.460224958817, 25.137495009758]}, "properties" : {"name" : "7-11竹圍門市", "address" : "251新北市淡水區民權路109.111號", "city" : "新北市", "district" : "淡水區", "tel" : "02-27478711#3961", "store_type" : "連鎖型綠色商店", "source_dataset" : "ntpe_6ccd0274", "store_code" : "F001333"}}, {"type" : "Feature", "geometry" : {"type" : "Point", "coordinates" : [121.443451429458, 25.16863771955]}, "properties" : {"name" : "7-11老街門市", "address" : "251新北市淡水區公明街54號", "city" : "新北市", "district" : "淡水區", "tel" : "02-27478711#3961", "store_type" : "連鎖型綠色商店", "source_dataset" : "ntpe_6ccd0274", "store_code" : "F001512"}}, {"type" : "Feature", "geometry" : {"type" : "Point", "coordinates" : [121.670198171246, 25.069048597975]}, "properties" : {"name" : "7-11艾科卡門市", "address" : "221新北市汐止區茄苳路196號", "city" : "新北市", "district" : "汐止區", "tel" : "02-27478711#3961", "store_type" : "連鎖型綠色商店", "source_dataset" : "ntpe_6ccd0274", "store_code" : "F001365"}}, {"type" : "Feature", "geometry" : {"type" : "Point", "coordinates" : [121.42678342826, 25.018126398799]}, "properties" : {"name" : "7-11西盛門市", "address" : "242新北市新莊區民安西路113號之1", "city" : "新北市", "district" : "新莊區", "tel" : "02-27478711#3961", "store_type" : "連鎖型綠色商店", "source_dataset" : "ntpe_6ccd0274", "store_code" : "F000992"}}, {"type" : "Feature", "geometry" : {"type" : "Point", "coordinates" : [121.384797143764, 25.079908065568]}, "properties" : {"name" : "7-11西堤門市", "address" : "243新北市泰山區中山路二段476號", "city" : "新北市", "district" : "泰山區", "tel" : "02-27478711#3961", "store_type" : "連鎖型綠色商店", "source_dataset" : "ntpe_6ccd0274", "store_code" : "F001636"}}, {"type" : "Feature", "geometry" : {"type" : "Point", "coordinates" : [121.40493197432, 25.151036980167]}, "properties" : {"name" : "7-11西雅圖門市", "address" : "249新北市八里區中山路2段276號", "city" : "新北市", "district" : "八里區", "tel" : "02-27478711#3961", "store_type" : "連鎖型綠色商店", "source_dataset" : "ntpe_6ccd0274", "store_code" : "F001337"}}, {"type" : "Feature", "geometry" : {"type" : "Point", "coordinates" : [121.464705002245, 24.993763014206]}, "properties" : {"name" : "7-11佑容門市", "address" : "220新北市板橋區五權里五權街49.51號.", "city" : "新北市", "district" : "板橋區", "tel" : "02-27478711#3961", "store_type" : "連鎖型綠色商店", "source_dataset" : "ntpe_6ccd0274", "store_code" : "F001238"}}, {"type" : "Feature", "geometry" : {"type" : "Point", "coordinates" : [121.635062406601, 25.071528216392]}, "properties" : {"name" : "7-11伯爵門市", "address" : "221新北市汐止區明峰街12號", "city" : "新北市", "district" : "汐止區", "tel" : "02-27478711#3961", "store_type" : "連鎖型綠色商店", "source_dataset" : "ntpe_6ccd0274", "store_code" : "F001379"}}, {"type" : "Feature", "geometry" : {"type" : "Point", "coordinates" : [121.44959150881, 25.097338107926]}, "properties" : {"name" : "7-11利客來門市", "address" : "248新北市五股區成泰路3段419號", "city" : "新北市", "district" : "五股區", "tel" : "02-27478711#3961", "store_type" : "連鎖型綠色商店", "source_dataset" : "ntpe_6ccd0274", "store_code" : "F001150"}}, {"type" : "Feature", "geometry" : {"type" : "Point", "coordinates" : [121.441835314707, 25.180155292703]}, "properties" : {"name" : "7-11利璋門市", "address" : "251新北市淡水區新興街64號", "city" : "新北市", "district" : "淡水區", "tel" : "02-27478711#3961", "store_type" : "連鎖型綠色商店", "source_dataset" : "ntpe_6ccd0274", "store_code" : "F001288"}}, {"type" : "Feature", "geometry" : {"type" : "Point", "coordinates" : [121.511172010336, 24.983690020155]}, "properties" : {"name" : "7-11孝忠門市", "address" : "235新北市中和區忠孝街37巷2號", "city" : "新北市", "district" : "中和區", "tel" : "02-27478711#3961", "store_type" : "連鎖型綠色商店", "source_dataset" : "ntpe_6ccd0274", "store_code" : "F001473"}}, {"type" : "Feature", "geometry" : {"type" : "Point", "coordinates" : [121.447438030246, 25.047073008049]}, "properties" : {"name" : "7-11宏全門市", "address" : "242新北市新莊區中和街61號", "city" : "新北市", "district" : "新莊區", "tel" : "02-27478711#3961", "store_type" : "連鎖型綠色商店", "source_dataset" : "ntpe_6ccd0274", "store_code" : "F001094"}}, {"type" : "Feature", "geometry" : {"type" : "Point", "coordinates" : [121.44346601397, 25.035476016363]}, "properties" : {"name" : "7-11宏福門市", "address" : "242新北市新莊區公園一路38號", "city" : "新北市", "district" : "新莊區", "tel" : "02-27478711#3961", "store_type" : "連鎖型綠色商店", "source_dataset" : "ntpe_6ccd0274", "store_code" : "F001200"}}, {"type" : "Feature", "geometry" : {"type" : "Point", "coordinates" : [121.42728298969, 25.020451999745]}, "properties" : {"name" : "7-11宏懋門市", "address" : "242新北市新莊區民安里18鄰民安西路58號1樓", "city" : "新北市", "district" : "新莊區", "tel" : "02-27478711#3961", "store_type" : "連鎖型綠色商店", "source_dataset" : "ntpe_6ccd0274", "store_code" : "F000536"}}, {"type" : "Feature", "geometry" : {"type" : "Point", "coordinates" : [121.501454031794, 24.99530700268]}, "properties" : {"name" : "7-11宏禧門市", "address" : "235新北市中和區景平路429號1樓", "city" : "新北市", "district" : "中和區", "tel" : "02-27478711#3961", "store_type" : "連鎖型綠色商店", "source_dataset" : "ntpe_6ccd0274", "store_code" : "F001035"}}, {"type" : "Feature", "geometry" : {"type" : "Point", "coordinates" : [121.484599030337, 25.002350986471]}, "properties" : {"name" : "7-11宏鑫門市", "address" : "235新北市中和區中正路837號", "city" : "新北市", "district" : "中和區", "tel" : "02-27478711#3961", "store_type" : "連鎖型綠色商店", "source_dataset" : "ntpe_6ccd0274", "store_code" : "F001276"}}, {"type" : "Feature", "geometry" : {"type" : "Point", "coordinates" : [121.461257022555, 24.983133000779]}, "properties" : {"name" : "7-11廷寮門市", "address" : "236新北市土城區清水路237號", "city" : "新北市", "district" : "土城區", "tel" : "02-27478711#3961", "store_type" : "連鎖型綠色商店", "source_dataset" : "ntpe_6ccd0274", "store_code" : "F000933"}}, {"type" : "Feature", "geometry" : {"type" : "Point", "coordinates" : [121.5220030218, 24.993666999505]}, "properties" : {"name" : "7-11志一門市", "address" : "235新北市中和區自立路16號", "city" : "新北市", "district" : "中和區", "tel" : "02-27478711#3961", "store_type" : "連鎖型綠色商店", "source_dataset" : "ntpe_6ccd0274", "store_code" : "F001552"}}, {"type" : "Feature", "geometry" : {"type" : "Point", "coordinates" : [121.471654186711, 24.990044299043]}, "properties" : {"name" : "7-11志城門市", "address" : "236新北市土城區金城路三段249.251號", "city" : "新北市", "district" : "土城區", "tel" : "02-27478711#3961", "store_type" : "連鎖型綠色商店", "source_dataset" : "ntpe_6ccd0274", "store_code" : "F001541"}}, {"type" : "Feature", "geometry" : {"type" : "Point", "coordinates" : [121.659680978237, 25.064671987232]}, "properties" : {"name" : "7-11秀峰門市", "address" : "221新北市汐止區秀峰路60號", "city" : "新北市", "district" : "汐止區", "tel" : "02-27478711#3961", "store_type" : "連鎖型綠色商店", "source_dataset" : "ntpe_6ccd0274", "store_code" : "F001161"}}, {"type" : "Feature", "geometry" : {"type" : "Point", "coordinates" : [121.524857981841, 24.999408016447]}, "properties" : {"name" : "7-11秀朗門市", "address" : "234新北市永和區得和路377號", "city" : "新北市", "district" : "永和區", "tel" : "02-27478711#3961", "store_type" : "連鎖型綠色商店", "source_dataset" : "ntpe_6ccd0274", "store_code" : "F001609"}}, {"type" : "Feature", "geometry" : {"type" : "Point", "coordinates" : [121.3866428, 25.0821866]}, "properties" : {"name" : "7-11貝比門市", "address" : "244新北市林口區湖南村8鄰頭湖70-9號", "city" : "新北市", "district" : "林口區", "tel" : "02-27478711#3961", "store_type" : "連鎖型綠色商店", "source_dataset" : "ntpe_6ccd0274", "store_code" : "F001277"}}, {"type" : "Feature", "geometry" : {"type" : "Point", "coordinates" : [121.4901462, 25.0678289]}, "properties" : {"name" : "7-11車路頭門市", "address" : "241新北市三重區車頭街135號.", "city" : "新北市", "district" : "三重區", "tel" : "02-27478711#3961", "store_type" : "連鎖型綠色商店", "source_dataset" : "ntpe_6ccd0274", "store_code" : "F001014"}}, {"type" : "Feature", "geometry" : {"type" : "Point", "coordinates" : [121.550692013256, 24.86186601448]}, "properties" : {"name" : "7-11那魯灣門市", "address" : "233新北市烏來區烏來村溫泉街80號", "city" : "新北市", "district" : "烏來區", "tel" : "02-27478711#3961", "store_type" : "連鎖型綠色商店", "source_dataset" : "ntpe_6ccd0274", "store_code" : "F001135"}}, {"type" : "Feature", "geometry" : {"type" : "Point", "coordinates" : [121.453770977191, 24.995137981603]}, "properties" : {"name" : "7-11亞苑門市", "address" : "220新北市板橋區四川路2段51號", "city" : "新北市", "district" : "板橋區", "tel" : "02-27478711#3961", "store_type" : "連鎖型綠色商店", "source_dataset" : "ntpe_6ccd0274", "store_code" : "F000932"}}, {"type" : "Feature", "geometry" : {"type" : "Point", "coordinates" : [121.452311771667, 24.997313420753]}, "properties" : {"name" : "7-11亞醫門市", "address" : "220新北市板橋區南雅南路二段21號(亞東醫院內)", "city" : "新北市", "district" : "板橋區", "tel" : "02-27478711#3961", "store_type" : "連鎖型綠色商店", "source_dataset" : "ntpe_6ccd0274", "store_code" : "F001058"}}, {"type" : "Feature", "geometry" : {"type" : "Point", "coordinates" : [121.418418037434, 24.977908015707]}, "properties" : {"name" : "7-11佳宏門市", "address" : "238新北市樹林區太平路150巷1號", "city" : "新北市", "district" : "樹林區", "tel" : "02-27478711#3961", "store_type" : "連鎖型綠色商店", "source_dataset" : "ntpe_6ccd0274", "store_code" : "F001092"}}, {"type" : "Feature", "geometry" : {"type" : "Point", "coordinates" : [121.382472329485, 24.944349096596]}, "properties" : {"name" : "7-11佳辰門市", "address" : "238新北市樹林區佳園路三段488號", "city" : "新北市", "district" : "樹林區", "tel" : "02-27478711#3961", "store_type" : "連鎖型綠色商店", "source_dataset" : "ntpe_6ccd0274", "store_code" : "F001639"}}, {"type" : "Feature", "geometry" : {"type" : "Point", "coordinates" : [121.387488982355, 25.082496020516]}, "properties" : {"name" : "7-11佳林門市", "address" : "244新北市林口區林口路197號", "city" : "新北市", "district" : "林口區", "tel" : "02-27478711#3961", "store_type" : "連鎖型綠色商店", "source_dataset" : "ntpe_6ccd0274", "store_code" : "F000939"}}, {"type" : "Feature", "geometry" : {"type" : "Point", "coordinates" : [121.46874901907, 25.001126013231]}, "properties" : {"name" : "7-11佳客門市", "address" : "235新北市中和區民德路126.126之1號", "city" : "新北市", "district" : "中和區", "tel" : "02-27478711#3961", "store_type" : "連鎖型綠色商店", "source_dataset" : "ntpe_6ccd0274", "store_code" : "F001145"}}, {"type" : "Feature", "geometry" : {"type" : "Point", "coordinates" : [121.387429973757, 24.951317014616]}, "properties" : {"name" : "7-11佳園門市", "address" : "238新北市樹林區佳園路三段103號", "city" : "新北市", "district" : "樹林區", "tel" : "02-27478711#3961", "store_type" : "連鎖型綠色商店", "source_dataset" : "ntpe_6ccd0274", "store_code" : "F001631"}}, {"type" : "Feature", "geometry" : {"type" : "Point", "coordinates" : [121.43508796647, 25.074147980229]}, "properties" : {"name" : "7-11來峰門市", "address" : "248新北市五股區成泰路一段157號", "city" : "新北市", "district" : "五股區", "tel" : "02-27478711#3961", "store_type" : "連鎖型綠色商店", "source_dataset" : "ntpe_6ccd0274", "store_code" : "F001345"}}, {"type" : "Feature", "geometry" : {"type" : "Point", "coordinates" : [121.5515147, 24.8614938]}, "properties" : {"name" : "7-11來鑫門市", "address" : "233新北市烏來區忠治村堰堤.9.11號", "city" : "新北市", "district" : "烏來區", "tel" : "02-27478711#3961", "store_type" : "連鎖型綠色商店", "source_dataset" : "ntpe_6ccd0274", "store_code" : "F001211"}}, {"type" : "Feature", "geometry" : {"type" : "Point", "coordinates" : [121.44152686067, 25.174417586613]}, "properties" : {"name" : "7-11協元門市", "address" : "251新北市淡水區中山路188號", "city" : "新北市", "district" : "淡水區", "tel" : "02-27478711#3961", "store_type" : "連鎖型綠色商店", "source_dataset" : "ntpe_6ccd0274", "store_code" : "F001467"}}, {"type" : "Feature", "geometry" : {"type" : "Point", "coordinates" : [121.924527996185, 25.055695010841]}, "properties" : {"name" : "7-11和川門市", "address" : "228新北市貢寮區延平街63號", "city" : "新北市", "district" : "貢寮區", "tel" : "02-27478711#3961", "store_type" : "連鎖型綠色商店", "source_dataset" : "ntpe_6ccd0274", "store_code" : "F000571"}}, {"type" : "Feature", "geometry" : {"type" : "Point", "coordinates" : [121.52389800247, 25.004242991565]}, "properties" : {"name" : "7-11孟揚門市", "address" : "234新北市永和區秀和里林森路62號", "city" : "新北市", "district" : "永和區", "tel" : "02-27478711#3961", "store_type" : "連鎖型綠色商店", "source_dataset" : "ntpe_6ccd0274", "store_code" : "F001546"}}, {"type" : "Feature", "geometry" : {"type" : "Point", "coordinates" : [121.433876027089, 25.056818018228]}, "properties" : {"name" : "7-11季欣門市", "address" : "243新北市泰山區全興路109號", "city" : "新北市", "district" : "泰山區", "tel" : "02-27478711#3961", "store_type" : "連鎖型綠色商店", "source_dataset" : "ntpe_6ccd0274", "store_code" : "F001024"}}, {"type" : "Feature", "geometry" : {"type" : "Point", "coordinates" : [121.509451037976, 24.998662110883]}, "properties" : {"name" : "7-11宜安門市", "address" : "235新北市中和區宜安路148號", "city" : "新北市", "district" : "中和區", "tel" : "02-27478711#3961", "store_type" : "連鎖型綠色商店", "source_dataset" : "ntpe_6ccd0274", "store_code" : "F001479"}}, {"type" : "Feature", "geometry" : {"type" : "Point", "coordinates" : [121.558232205714, 24.954177800079]}, "properties" : {"name" : "7-11宜峰門市", "address" : "231新北市新店區北宜路二段353號", "city" : "新北市", "district" : "新店區", "tel" : "02-27478711#3961", "store_type" : "連鎖型綠色商店", "source_dataset" : "ntpe_6ccd0274", "store_code" : "F001589"}}, {"type" : "Feature", "geometry" : {"type" : "Point", "coordinates" : [121.44498095915, 25.048233985458]}, "properties" : {"name" : "7-11宜增門市", "address" : "242新北市新莊區立基里33鄰中平路192號", "city" : "新北市", "district" : "新莊區", "tel" : "02-27478711#3961", "store_type" : "連鎖型綠色商店", "source_dataset" : "ntpe_6ccd0274", "store_code" : "F001104"}}, {"type" : "Feature", "geometry" : {"type" : "Point", "coordinates" : [121.409806973026, 24.930653988817]}, "properties" : {"name" : "7-11岩昇門市", "address" : "237新北市三峽區溪東路300號", "city" : "新北市", "district" : "三峽區", "tel" : "02-27478711#3961", "store_type" : "連鎖型綠色商店", "source_dataset" : "ntpe_6ccd0274", "store_code" : "F001220"}}, {"type" : "Feature", "geometry" : {"type" : "Point", "coordinates" : [121.491415529275, 25.075551488006]}, "properties" : {"name" : "7-11幸亞門市", "address" : "241新北市三重區溪尾街29號", "city" : "新北市", "district" : "三重區", "tel" : "02-27478711#3961", "store_type" : "連鎖型綠色商店", "source_dataset" : "ntpe_6ccd0274", "store_code" : "F001285"}}, {"type" : "Feature", "geometry" : {"type" : "Point", "coordinates" : [121.447195038873, 25.049581711669]}, "properties" : {"name" : "7-11幸和門市", "address" : "242新北市新莊區中和街153號", "city" : "新北市", "district" : "新莊區", "tel" : "02-27478711#3961", "store_type" : "連鎖型綠色商店", "source_dataset" : "ntpe_6ccd0274", "store_code" : "F001100"}}, {"type" : "Feature", "geometry" : {"type" : "Point", "coordinates" : [121.465809988541, 25.010200010152]}, "properties" : {"name" : "7-11幸運門市", "address" : "220新北市板橋區區運路21號", "city" : "新北市", "district" : "板橋區區", "tel" : "02-27478711#3961", "store_type" : "連鎖型綠色商店", "source_dataset" : "ntpe_6ccd0274", "store_code" : "F001452"}}, {"type" : "Feature", "geometry" : {"type" : "Point", "coordinates" : [121.492048027689, 25.067712019695]}, "properties" : {"name" : "7-11幸福門市", "address" : "241新北市三重區自強路1段272號", "city" : "新北市", "district" : "三重區", "tel" : "02-27478711#3961", "store_type" : "連鎖型綠色商店", "source_dataset" : "ntpe_6ccd0274", "store_code" : "F001260"}}, {"type" : "Feature", "geometry" : {"type" : "Point", "coordinates" : [121.45602696643, 25.00946001383]}, "properties" : {"name" : "7-11府中門市", "address" : "220新北市板橋區赤松里府中路127號", "city" : "新北市", "district" : "板橋區", "tel" : "02-27478711#3961", "store_type" : "連鎖型綠色商店", "source_dataset" : "ntpe_6ccd0274", "store_code" : "F001039"}}, {"type" : "Feature", "geometry" : {"type" : "Point", "coordinates" : [121.460866006771, 25.007783004552]}, "properties" : {"name" : "7-11府運門市", "address" : "220新北市板橋區重慶路18.20號1樓", "city" : "新北市", "district" : "板橋區", "tel" : "02-27478711#3961", "store_type" : "連鎖型綠色商店", "source_dataset" : "ntpe_6ccd0274", "store_code" : "F001659"}}, {"type" : "Feature", "geometry" : {"type" : "Point", "coordinates" : [121.46704103866, 24.989696994885]}, "properties" : {"name" : "7-11延和門市", "address" : "236新北市土城區平和里延和路106號", "city" : "新北市", "district" : "土城區", "tel" : "02-27478711#3961", "store_type" : "連鎖型綠色商店", "source_dataset" : "ntpe_6ccd0274", "store_code" : "F000517"}}, {"type" : "Feature", "geometry" : {"type" : "Point", "coordinates" : [121.46758896367, 24.990302000656]}, "properties" : {"name" : "7-11延城門市", "address" : "236新北市土城區延和路103號", "city" : "新北市", "district" : "土城區", "tel" : "02-27478711#3961", "store_type" : "連鎖型綠色商店", "source_dataset" : "ntpe_6ccd0274", "store_code" : "F001580"}}, {"type" : "Feature", "geometry" : {"type" : "Point", "coordinates" : [121.46815080264, 24.991937016599]}, "properties" : {"name" : "7-11延福門市", "address" : "236新北市土城區延平街36號", "city" : "新北市", "district" : "土城區", "tel" : "02-27478711#3961", "store_type" : "連鎖型綠色商店", "source_dataset" : "ntpe_6ccd0274", "store_code" : "F001544"}}, {"type" : "Feature", "geometry" : {"type" : "Point", "coordinates" : [121.517971661649, 25.012103414634]}, "properties" : {"name" : "7-11忠信門市", "address" : "234新北市永和區中興街101號", "city" : "新北市", "district" : "永和區", "tel" : "02-27478711#3961", "store_type" : "連鎖型綠色商店", "source_dataset" : "ntpe_6ccd0274", "store_code" : "F001408"}}, {"type" : "Feature", "geometry" : {"type" : "Point", "coordinates" : [121.37888026488, 25.068321803151]}, "properties" : {"name" : "7-11忠柯門市", "address" : "244新北市林口區忠孝路642號", "city" : "新北市", "district" : "林口區", "tel" : "02-27478711#3961", "store_type" : "連鎖型綠色商店", "source_dataset" : "ntpe_6ccd0274", "store_code" : "F001241"}}, {"type" : "Feature", "geometry" : {"type" : "Point", "coordinates" : [121.443393007593, 24.98541401]}, "properties" : {"name" : "7-11忠華門市", "address" : "236新北市土城區中華路1段193號", "city" : "新北市", "district" : "土城區", "tel" : "02-27478711#3961", "store_type" : "連鎖型綠色商店", "source_dataset" : "ntpe_6ccd0274", "store_code" : "F001192"}}, {"type" : "Feature", "geometry" : {"type" : "Point", "coordinates" : [121.435949039383, 24.966392999034]}, "properties" : {"name" : "7-11承天門市", "address" : "236新北市土城區承天路1號", "city" : "新北市", "district" : "土城區", "tel" : "02-27478711#3961", "store_type" : "連鎖型綠色商店", "source_dataset" : "ntpe_6ccd0274", "store_code" : "F001433"}}, {"type" : "Feature", "geometry" : {"type" : "Point", "coordinates" : [121.454716958783, 25.050986979646]}, "properties" : {"name" : "7-11昌宏門市", "address" : "242新北市新莊區昌隆街31號", "city" : "新北市", "district" : "新莊區", "tel" : "02-27478711#3961", "store_type" : "連鎖型綠色商店", "source_dataset" : "ntpe_6ccd0274", "store_code" : "F001233"}}, {"type" : "Feature", "geometry" : {"type" : "Point", "coordinates" : [121.4738729603, 25.01003999962]}, "properties" : {"name" : "7-11昌林門市", "address" : "220新北市板橋區長安街138巷一弄50號", "city" : "新北市", "district" : "板橋區", "tel" : "02-27478711#3961", "store_type" : "連鎖型綠色商店", "source_dataset" : "ntpe_6ccd0274", "store_code" : "F001079"}}, {"type" : "Feature", "geometry" : {"type" : "Point", "coordinates" : [121.419381788661, 24.987725110253]}, "properties" : {"name" : "7-11昌聖門市", "address" : "238新北市樹林區文化街26號", "city" : "新北市", "district" : "樹林區", "tel" : "02-27478711#3961", "store_type" : "連鎖型綠色商店", "source_dataset" : "ntpe_6ccd0274", "store_code" : "F001188"}}, {"type" : "Feature", "geometry" : {"type" : "Point", "coordinates" : [121.422641007892, 25.040580008664]}, "properties" : {"name" : "7-11明志門市", "address" : "243新北市泰山區工專路72號", "city" : "新北市", "district" : "泰山區", "tel" : "02-27478711#3961", "store_type" : "連鎖型綠色商店", "source_dataset" : "ntpe_6ccd0274", "store_code" : "F001486"}}, {"type" : "Feature", "geometry" : {"type" : "Point", "coordinates" : [121.628028984008, 25.06979701811]}, "properties" : {"name" : "7-11明峰門市", "address" : "221新北市汐止區明峰街190號", "city" : "新北市", "district" : "汐止區", "tel" : "02-27478711#3961", "store_type" : "連鎖型綠色商店", "source_dataset" : "ntpe_6ccd0274", "store_code" : "F000973"}}, {"type" : "Feature", "geometry" : {"type" : "Point", "coordinates" : [121.480797166694, 25.066317606283]}, "properties" : {"name" : "7-11明益門市", "address" : "241新北市三重區忠孝路三段61號", "city" : "新北市", "district" : "三重區", "tel" : "02-27478711#3961", "store_type" : "連鎖型綠色商店", "source_dataset" : "ntpe_6ccd0274", "store_code" : "F000985"}}, {"type" : "Feature", "geometry" : {"type" : "Point", "coordinates" : [121.425057762035, 25.041900996604]}, "properties" : {"name" : "7-11明貴門市", "address" : "243新北市泰山區明志路3段77號", "city" : "新北市", "district" : "泰山區", "tel" : "02-27478711#3961", "store_type" : "連鎖型綠色商店", "source_dataset" : "ntpe_6ccd0274", "store_code" : "F001033"}}, {"type" : "Feature", "geometry" : {"type" : "Point", "coordinates" : [121.462552026595, 25.025201018446]}, "properties" : {"name" : "7-11明陽門市", "address" : "220新北市板橋區新翠里陽明街251號", "city" : "新北市", "district" : "板橋區", "tel" : "02-27478711#3961", "store_type" : "連鎖型綠色商店", "source_dataset" : "ntpe_6ccd0274", "store_code" : "F001201"}}, {"type" : "Feature", "geometry" : {"type" : "Point", "coordinates" : [121.64987599554, 25.08231300166]}, "properties" : {"name" : "7-11明園門市", "address" : "221新北市汐止區汐萬路二段62巷1號1樓", "city" : "新北市", "district" : "汐止區", "tel" : "02-27478711#3961", "store_type" : "連鎖型綠色商店", "source_dataset" : "ntpe_6ccd0274", "store_code" : "F001519"}}, {"type" : "Feature", "geometry" : {"type" : "Point", "coordinates" : [121.516214982381, 25.004319015427]}, "properties" : {"name" : "7-11昇庚門市", "address" : "234新北市永和區永貞路182.184號", "city" : "新北市", "district" : "永和區", "tel" : "02-27478711#3961", "store_type" : "連鎖型綠色商店", "source_dataset" : "ntpe_6ccd0274", "store_code" : "F001107"}}, {"type" : "Feature", "geometry" : {"type" : "Point", "coordinates" : [121.463687020104, 24.997345020528]}, "properties" : {"name" : "7-11昇容門市", "address" : "220新北市板橋區重慶路346巷8號", "city" : "新北市", "district" : "板橋區", "tel" : "02-27478711#3961", "store_type" : "連鎖型綠色商店", "source_dataset" : "ntpe_6ccd0274", "store_code" : "F001218"}}, {"type" : "Feature", "geometry" : {"type" : "Point", "coordinates" : [121.509165969449, 25.000661991071]}, "properties" : {"name" : "7-11昇陽門市", "address" : "234新北市永和區雙和里1鄰中和路417.419號", "city" : "新北市", "district" : "永和區", "tel" : "02-27478711#3961", "store_type" : "連鎖型綠色商店", "source_dataset" : "ntpe_6ccd0274", "store_code" : "F001577"}}, {"type" : "Feature", "geometry" : {"type" : "Point", "coordinates" : [121.412382983329, 25.006251002199]}, "properties" : {"name" : "7-11東明門市", "address" : "238新北市樹林區保安街二段293-1號", "city" : "新北市", "district" : "樹林區", "tel" : "02-27478711#3961", "store_type" : "連鎖型綠色商店", "source_dataset" : "ntpe_6ccd0274", "store_code" : "F001086"}}, {"type" : "Feature", "geometry" : {"type" : "Point", "coordinates" : [121.662344663247, 25.065798598838]}, "properties" : {"name" : "7-11東晴門市", "address" : "221新北市汐止區新台五路2段80號", "city" : "新北市", "district" : "汐止區", "tel" : "02-27478711#3961", "store_type" : "連鎖型綠色商店", "source_dataset" : "ntpe_6ccd0274", "store_code" : "F001323"}}, {"type" : "Feature", "geometry" : {"type" : "Point", "coordinates" : [121.469674967914, 25.082194020544]}, "properties" : {"name" : "7-11和華門市", "address" : "247新北市蘆洲區正和街28號", "city" : "新北市", "district" : "蘆洲區", "tel" : "02-27478711#3961", "store_type" : "連鎖型綠色商店", "source_dataset" : "ntpe_6ccd0274", "store_code" : "F001197"}}, {"type" : "Feature", "geometry" : {"type" : "Point", "coordinates" : [121.491014951704, 24.989846702408]}, "properties" : {"name" : "7-11和錦門市", "address" : "235新北市中和區錦和路406、410號", "city" : "新北市", "district" : "中和區", "tel" : "02-27478711#3961", "store_type" : "連鎖型綠色商店", "source_dataset" : "ntpe_6ccd0274", "store_code" : "F001087"}}, {"type" : "Feature", "geometry" : {"type" : "Point", "coordinates" : [121.493555732419, 24.993744694091]}, "properties" : {"name" : "7-11和醫門市", "address" : "235新北市中和區中正路291號B1", "city" : "新北市", "district" : "中和區", "tel" : "02-27478711#3961", "store_type" : "連鎖型綠色商店", "source_dataset" : "ntpe_6ccd0274", "store_code" : "F001402"}}, {"type" : "Feature", "geometry" : {"type" : "Point", "coordinates" : [121.7132525, 24.9382857]}, "properties" : {"name" : "7-11坪林門市", "address" : "232新北市坪林區水柳腳路159號", "city" : "新北市", "district" : "坪林區", "tel" : "02-27478711#3961", "store_type" : "連鎖型綠色商店", "source_dataset" : "ntpe_6ccd0274", "store_code" : "F001062"}}, {"type" : "Feature", "geometry" : {"type" : "Point", "coordinates" : [121.457362035968, 25.008698015012]}, "properties" : {"name" : "7-11坤耀門市", "address" : "220新北市板橋區南門街39號1F", "city" : "新北市", "district" : "板橋區", "tel" : "02-27478711#3961", "store_type" : "連鎖型綠色商店", "source_dataset" : "ntpe_6ccd0274", "store_code" : "F001401"}}, {"type" : "Feature", "geometry" : {"type" : "Point", "coordinates" : [121.426033667021, 25.021947918004]}, "properties" : {"name" : "7-11林宏門市", "address" : "242新北市新莊區成功街1號", "city" : "新北市", "district" : "新莊區", "tel" : "02-27478711#3961", "store_type" : "連鎖型綠色商店", "source_dataset" : "ntpe_6ccd0274", "store_code" : "F001520"}}, {"type" : "Feature", "geometry" : {"type" : "Point", "coordinates" : [121.499010958476, 24.999658006709]}, "properties" : {"name" : "7-11杰明門市", "address" : "235新北市中和區泰和街48號", "city" : "新北市", "district" : "中和區", "tel" : "02-27478711#3961", "store_type" : "連鎖型綠色商店", "source_dataset" : "ntpe_6ccd0274", "store_code" : "F001586"}}, {"type" : "Feature", "geometry" : {"type" : "Point", "coordinates" : [121.457219962709, 25.025920982019]}, "properties" : {"name" : "7-11杰朋門市", "address" : "220新北市板橋區龍泉街53號", "city" : "新北市", "district" : "板橋區", "tel" : "02-27478711#3961", "store_type" : "連鎖型綠色商店", "source_dataset" : "ntpe_6ccd0274", "store_code" : "F001457"}}, {"type" : "Feature", "geometry" : {"type" : "Point", "coordinates" : [121.455100011758, 25.011611983651]}, "properties" : {"name" : "7-11板林門市", "address" : "220新北市板橋區自強里中正路1巷18號", "city" : "新北市", "district" : "板橋區", "tel" : "02-27478711#3961", "store_type" : "連鎖型綠色商店", "source_dataset" : "ntpe_6ccd0274", "store_code" : "F001263"}}, {"type" : "Feature", "geometry" : {"type" : "Point", "coordinates" : [121.458723005587, 24.991812000513]}, "properties" : {"name" : "7-11板信門市", "address" : "220新北市板橋區信義路148號", "city" : "新北市", "district" : "板橋區", "tel" : "02-27478711#3961", "store_type" : "連鎖型綠色商店", "source_dataset" : "ntpe_6ccd0274", "store_code" : "F000572"}}, {"type" : "Feature", "geometry" : {"type" : "Point", "coordinates" : [121.488116998918, 25.006536992735]}, "properties" : {"name" : "7-11板南門市", "address" : "235新北市中和區板南路486號", "city" : "新北市", "district" : "中和區", "tel" : "02-27478711#3961", "store_type" : "連鎖型綠色商店", "source_dataset" : "ntpe_6ccd0274", "store_code" : "F001195"}}, {"type" : "Feature", "geometry" : {"type" : "Point", "coordinates" : [121.46069996127, 25.013056981849]}, "properties" : {"name" : "7-11板站北門市", "address" : "220新北市板橋區文化路一段54號", "city" : "新北市", "district" : "板橋區", "tel" : "02-27478711#3961", "store_type" : "連鎖型綠色商店", "source_dataset" : "ntpe_6ccd0274", "store_code" : "F001144"}}, {"type" : "Feature", "geometry" : {"type" : "Point", "coordinates" : [121.46069996127, 25.013056981849]}, "properties" : {"name" : "7-11板站東門市", "address" : "220新北市板橋區文化路一段54號", "city" : "新北市", "district" : "板橋區", "tel" : "02-27478711#3961", "store_type" : "連鎖型綠色商店", "source_dataset" : "ntpe_6ccd0274", "store_code" : "F001621"}}, {"type" : "Feature", "geometry" : {"type" : "Point", "coordinates" : [121.46069996127, 25.013056981849]}, "properties" : {"name" : "7-11板站門市", "address" : "220新北市板橋區文化路一段54號", "city" : "新北市", "district" : "板橋區", "tel" : "02-27478711#3961", "store_type" : "連鎖型綠色商店", "source_dataset" : "ntpe_6ccd0274", "store_code" : "F001444"}}, {"type" : "Feature", "geometry" : {"type" : "Point", "coordinates" : [121.494425470705, 24.997172479051]}, "properties" : {"name" : "7-11板勝門市", "address" : "235新北市中和區連城路219巷4號", "city" : "新北市", "district" : "中和區", "tel" : "02-27478711#3961", "store_type" : "連鎖型綠色商店", "source_dataset" : "ntpe_6ccd0274", "store_code" : "F001031"}}, {"type" : "Feature", "geometry" : {"type" : "Point", "coordinates" : [121.475106608809, 25.032704917264]}, "properties" : {"name" : "7-11板聖門市", "address" : "220新北市板橋區文化路二段472號", "city" : "新北市", "district" : "板橋區", "tel" : "02-27478711#3961", "store_type" : "連鎖型綠色商店", "source_dataset" : "ntpe_6ccd0274", "store_code" : "F000526"}}, {"type" : "Feature", "geometry" : {"type" : "Point", "coordinates" : [121.460401984612, 25.001795014833]}, "properties" : {"name" : "7-11板慶門市", "address" : "220新北市板橋區忠孝路40號", "city" : "新北市", "district" : "板橋區", "tel" : "02-27478711#3961", "store_type" : "連鎖型綠色商店", "source_dataset" : "ntpe_6ccd0274", "store_code" : "F000999"}}, {"type" : "Feature", "geometry" : {"type" : "Point", "coordinates" : [121.459076470444, 25.0137675996]}, "properties" : {"name" : "7-11板權門市", "address" : "220新北市板橋區民權路198-200號", "city" : "新北市", "district" : "板橋區", "tel" : "02-27478711#3961", "store_type" : "連鎖型綠色商店", "source_dataset" : "ntpe_6ccd0274", "store_code" : "F001376"}}, {"type" : "Feature", "geometry" : {"type" : "Point", "coordinates" : [121.476788018586, 25.006320991091]}, "properties" : {"name" : "7-11松旺門市", "address" : "235新北市中和區中山路三段108號", "city" : "新北市", "district" : "中和區", "tel" : "02-27478711#3961", "store_type" : "連鎖型綠色商店", "source_dataset" : "ntpe_6ccd0274", "store_code" : "F000971"}}, {"type" : "Feature", "geometry" : {"type" : "Point", "coordinates" : [121.469129976569, 25.030362007688]}, "properties" : {"name" : "7-11松林門市", "address" : "220新北市板橋區江翠里松江街118號", "city" : "新北市", "district" : "板橋區", "tel" : "02-27478711#3961", "store_type" : "連鎖型綠色商店", "source_dataset" : "ntpe_6ccd0274", "store_code" : "F001258"}}, {"type" : "Feature", "geometry" : {"type" : "Point", "coordinates" : [121.454250002957, 25.179856980769]}, "properties" : {"name" : "7-11欣聯門市", "address" : "251新北市淡水區淡金路一段166號", "city" : "新北市", "district" : "淡水區", "tel" : "02-27478711#3961", "store_type" : "連鎖型綠色商店", "source_dataset" : "ntpe_6ccd0274", "store_code" : "F000931"}}, {"type" : "Feature", "geometry" : {"type" : "Point", "coordinates" : [121.433476828114, 25.054966113492]}, "properties" : {"name" : "7-11武仁門市", "address" : "243新北市泰山區仁愛路100巷28、30號", "city" : "新北市", "district" : "泰山區", "tel" : "02-27478711#3961", "store_type" : "連鎖型綠色商店", "source_dataset" : "ntpe_6ccd0274", "store_code" : "F001012"}}, {"type" : "Feature", "geometry" : {"type" : "Point", "coordinates" : [121.468430003835, 25.024806985177]}, "properties" : {"name" : "7-11武江門市", "address" : "220新北市板橋區光武街2巷2號", "city" : "新北市", "district" : "板橋區", "tel" : "02-27478711#3961", "store_type" : "連鎖型綠色商店", "source_dataset" : "ntpe_6ccd0274", "store_code" : "F001172"}}, {"type" : "Feature", "geometry" : {"type" : "Point", "coordinates" : [121.413460225525, 25.0037578051]}, "properties" : {"name" : "7-11武林門市", "address" : "238新北市樹林區光華街2.4號", "city" : "新北市", "district" : "樹林區", "tel" : "02-27478711#3961", "store_type" : "連鎖型綠色商店", "source_dataset" : "ntpe_6ccd0274", "store_code" : "F001543"}}, {"type" : "Feature", "geometry" : {"type" : "Point", "coordinates" : [121.465272037995, 25.133666994578]}, "properties" : {"name" : "7-11武強門市", "address" : "251新北市淡水區自強路152號", "city" : "新北市", "district" : "淡水區", "tel" : "02-27478711#3961", "store_type" : "連鎖型綠色商店", "source_dataset" : "ntpe_6ccd0274", "store_code" : "F000937"}}, {"type" : "Feature", "geometry" : {"type" : "Point", "coordinates" : [121.469444968491, 24.978869000906]}, "properties" : {"name" : "7-11泳豐門市", "address" : "236新北市土城區永豐路264之1號", "city" : "新北市", "district" : "土城區", "tel" : "02-27478711#3961", "store_type" : "連鎖型綠色商店", "source_dataset" : "ntpe_6ccd0274", "store_code" : "F001223"}}, {"type" : "Feature", "geometry" : {"type" : "Point", "coordinates" : [121.634736266748, 25.057477883556]}, "properties" : {"name" : "7-11矽功門市", "address" : "221新北市汐止區大同路1段284號", "city" : "新北市", "district" : "汐止區", "tel" : "02-27478711#3961", "store_type" : "連鎖型綠色商店", "source_dataset" : "ntpe_6ccd0274", "store_code" : "F001013"}}, {"type" : "Feature", "geometry" : {"type" : "Point", "coordinates" : [121.631676033899, 25.065816997115]}, "properties" : {"name" : "7-11社后門市", "address" : "221新北市汐止區中興里中興路190號", "city" : "新北市", "district" : "汐止區", "tel" : "02-27478711#3961", "store_type" : "連鎖型綠色商店", "source_dataset" : "ntpe_6ccd0274", "store_code" : "F001638"}}, {"type" : "Feature", "geometry" : {"type" : "Point", "coordinates" : [121.469599027871, 25.072107992634]}, "properties" : {"name" : "7-11股興門市", "address" : "248新北市五股區中興路一段3號", "city" : "新北市", "district" : "五股區", "tel" : "02-27478711#3961", "store_type" : "連鎖型綠色商店", "source_dataset" : "ntpe_6ccd0274", "store_code" : "F000972"}}, {"type" : "Feature", "geometry" : {"type" : "Point", "coordinates" : [121.3752277, 24.9304674]}, "properties" : {"name" : "7-11芳榮門市", "address" : "237新北市三峽區中正路536.538號", "city" : "新北市", "district" : "三峽區", "tel" : "02-27478711#3961", "store_type" : "連鎖型綠色商店", "source_dataset" : "ntpe_6ccd0274", "store_code" : "F001423"}}, {"type" : "Feature", "geometry" : {"type" : "Point", "coordinates" : [121.456428040497, 25.040733020306]}, "properties" : {"name" : "7-11花旗門市", "address" : "242新北市新莊區中港路132巷26號", "city" : "新北市", "district" : "新莊區", "tel" : "02-27478711#3961", "store_type" : "連鎖型綠色商店", "source_dataset" : "ntpe_6ccd0274", "store_code" : "F000529"}}, {"type" : "Feature", "geometry" : {"type" : "Point", "coordinates" : [121.415892989103, 25.029448003056]}, "properties" : {"name" : "7-11采旺門市", "address" : "242新北市新莊區天祥街74號", "city" : "新北市", "district" : "新莊區", "tel" : "02-27478711#3961", "store_type" : "連鎖型綠色商店", "source_dataset" : "ntpe_6ccd0274", "store_code" : "F001027"}}, {"type" : "Feature", "geometry" : {"type" : "Point", "coordinates" : [121.364518125246, 25.072035782538]}, "properties" : {"name" : "7-11采鋺門市", "address" : "244新北市林口區文化三路一段368號", "city" : "新北市", "district" : "林口區", "tel" : "02-27478711#3961", "store_type" : "連鎖型綠色商店", "source_dataset" : "ntpe_6ccd0274", "store_code" : "F001325"}}, {"type" : "Feature", "geometry" : {"type" : "Point", "coordinates" : [121.635732036846, 25.223491995234]}, "properties" : {"name" : "7-11金中門市", "address" : "208新北市金山鄉中山路305.307號", "city" : "新北市", "district" : null, "tel" : "02-27478711#3961", "store_type" : "連鎖型綠色商店", "source_dataset" : "ntpe_6ccd0274", "store_code" : "F001016"}}, {"type" : "Feature", "geometry" : {"type" : "Point", "coordinates" : [121.449069986795, 25.206395008232]}, "properties" : {"name" : "7-11金旦門市", "address" : "251新北市淡水區淡金路三段254.256號", "city" : "新北市", "district" : "淡水區", "tel" : "02-27478711#3961", "store_type" : "連鎖型綠色商店", "source_dataset" : "ntpe_6ccd0274", "store_code" : "F001126"}}, {"type" : "Feature", "geometry" : {"type" : "Point", "coordinates" : [121.630125968545, 25.235036013292]}, "properties" : {"name" : "7-11金全門市", "address" : "208新北市金山鄉清水路52號", "city" : "新北市", "district" : null, "tel" : "02-27478711#3961", "store_type" : "連鎖型綠色商店", "source_dataset" : "ntpe_6ccd0274", "store_code" : "F000963"}}, {"type" : "Feature", "geometry" : {"type" : "Point", "coordinates" : [121.422827002324, 25.182803010187]}, "properties" : {"name" : "7-11金沙門市", "address" : "251新北市淡水區沙崙路133號.", "city" : "新北市", "district" : "淡水區", "tel" : "02-27478711#3961", "store_type" : "連鎖型綠色商店", "source_dataset" : "ntpe_6ccd0274", "store_code" : "F001149"}}, {"type" : "Feature", "geometry" : {"type" : "Point", "coordinates" : [121.430056980546, 24.986436979373]}, "properties" : {"name" : "7-11金林門市", "address" : "220新北市板橋區金門街303.305號", "city" : "新北市", "district" : "板橋區", "tel" : "02-27478711#3961", "store_type" : "連鎖型綠色商店", "source_dataset" : "ntpe_6ccd0274", "store_code" : "F001291"}}, {"type" : "Feature", "geometry" : {"type" : "Point", "coordinates" : [121.497639008564, 25.259645993477]}, "properties" : {"name" : "7-11金芝門市", "address" : "252新北市三芝區中興街一段2號", "city" : "新北市", "district" : "三芝區", "tel" : "02-27478711#3961", "store_type" : "連鎖型綠色商店", "source_dataset" : "ntpe_6ccd0274", "store_code" : "F000929"}}, {"type" : "Feature", "geometry" : {"type" : "Point", "coordinates" : [121.466290919599, 24.987102053452]}, "properties" : {"name" : "7-11金城門市", "address" : "236新北市土城區金城路3段71號", "city" : "新北市", "district" : "土城區", "tel" : "02-27478711#3961", "store_type" : "連鎖型綠色商店", "source_dataset" : "ntpe_6ccd0274", "store_code" : "F001073"}}, {"type" : "Feature", "geometry" : {"type" : "Point", "coordinates" : [121.446008999574, 25.178387004499]}, "properties" : {"name" : "7-11金星門市", "address" : "251新北市淡水區北新路65號", "city" : "新北市", "district" : "淡水區", "tel" : "02-27478711#3961", "store_type" : "連鎖型綠色商店", "source_dataset" : "ntpe_6ccd0274", "store_code" : "F001329"}}, {"type" : "Feature", "geometry" : {"type" : "Point", "coordinates" : [121.446853979233, 25.197777992672]}, "properties" : {"name" : "7-11金紅門市", "address" : "251新北市淡水區淡金路3段2號", "city" : "新北市", "district" : "淡水區", "tel" : "02-27478711#3961", "store_type" : "連鎖型綠色商店", "source_dataset" : "ntpe_6ccd0274", "store_code" : "F001003"}}, {"type" : "Feature", "geometry" : {"type" : "Point", "coordinates" : [121.465681996879, 24.98588498914]}, "properties" : {"name" : "7-11金峰門市", "address" : "236新北市土城區明峰街9.11號", "city" : "新北市", "district" : "土城區", "tel" : "02-27478711#3961", "store_type" : "連鎖型綠色商店", "source_dataset" : "ntpe_6ccd0274", "store_code" : "F001305"}}, {"type" : "Feature", "geometry" : {"type" : "Point", "coordinates" : [121.459595896983, 25.04238609925]}, "properties" : {"name" : "7-11金座門市", "address" : "242新北市新莊區思源路123號", "city" : "新北市", "district" : "新莊區", "tel" : "02-27478711#3961", "store_type" : "連鎖型綠色商店", "source_dataset" : "ntpe_6ccd0274", "store_code" : "F001392"}}, {"type" : "Feature", "geometry" : {"type" : "Point", "coordinates" : [121.421440970815, 25.18130000922]}, "properties" : {"name" : "7-11金崙門市", "address" : "251新北市淡水區沙崙路26-28號", "city" : "新北市", "district" : "淡水區", "tel" : "02-27478711#3961", "store_type" : "連鎖型綠色商店", "source_dataset" : "ntpe_6ccd0274", "store_code" : "F001666"}}, {"type" : "Feature", "geometry" : {"type" : "Point", "coordinates" : [121.639713021759, 25.216916015007]}, "properties" : {"name" : "7-11金強門市", "address" : "208新北市金山鄉自強路18-2號", "city" : "新北市", "district" : null, "tel" : "02-27478711#3961", "store_type" : "連鎖型綠色商店", "source_dataset" : "ntpe_6ccd0274", "store_code" : "F001563"}}, {"type" : "Feature", "geometry" : {"type" : "Point", "coordinates" : [121.632016506806, 25.221332397881]}, "properties" : {"name" : "7-11金祥門市", "address" : "208新北市金山鄉中正路145號", "city" : "新北市", "district" : null, "tel" : "02-27478711#3961", "store_type" : "連鎖型綠色商店", "source_dataset" : "ntpe_6ccd0274", "store_code" : "F001128"}}, {"type" : "Feature", "geometry" : {"type" : "Point", "coordinates" : [121.432546992522, 24.990049998737]}, "properties" : {"name" : "7-11金園門市", "address" : "220新北市板橋區金門街175號", "city" : "新北市", "district" : "板橋區", "tel" : "02-27478711#3961", "store_type" : "連鎖型綠色商店", "source_dataset" : "ntpe_6ccd0274", "store_code" : "F001635"}}, {"type" : "Feature", "geometry" : {"type" : "Point", "coordinates" : [121.440382982344, 24.97587599092]}, "properties" : {"name" : "7-11金源門市", "address" : "236新北市土城區水源街59號", "city" : "新北市", "district" : "土城區", "tel" : "02-27478711#3961", "store_type" : "連鎖型綠色商店", "source_dataset" : "ntpe_6ccd0274", "store_code" : "F001259"}}, {"type" : "Feature", "geometry" : {"type" : "Point", "coordinates" : [121.454913011498, 24.982818008858]}, "properties" : {"name" : "7-11金裕門市", "address" : "236新北市土城區柑林里8鄰裕民路257之1號", "city" : "新北市", "district" : "土城區", "tel" : "02-27478711#3961", "store_type" : "連鎖型綠色商店", "source_dataset" : "ntpe_6ccd0274", "store_code" : "F000983"}}, {"type" : "Feature", "geometry" : {"type" : "Point", "coordinates" : [121.375625990972, 24.933259000505]}, "properties" : {"name" : "7-11金銘門市", "address" : "237新北市三峽區介壽路一段27號", "city" : "新北市", "district" : "三峽區", "tel" : "02-27478711#3961", "store_type" : "連鎖型綠色商店", "source_dataset" : "ntpe_6ccd0274", "store_code" : "F000964"}}, {"type" : "Feature", "geometry" : {"type" : "Point", "coordinates" : [121.347068008663, 24.953494004418]}, "properties" : {"name" : "7-11金億門市", "address" : "239新北市鶯歌區建國路278號", "city" : "新北市", "district" : "鶯歌區", "tel" : "02-27478711#3961", "store_type" : "連鎖型綠色商店", "source_dataset" : "ntpe_6ccd0274", "store_code" : "F001629"}}, {"type" : "Feature", "geometry" : {"type" : "Point", "coordinates" : [121.438694196492, 25.171091605523]}, "properties" : {"name" : "7-11金寶門市", "address" : "251新北市淡水區中正路169號", "city" : "新北市", "district" : "淡水區", "tel" : "02-27478711#3961", "store_type" : "連鎖型綠色商店", "source_dataset" : "ntpe_6ccd0274", "store_code" : "F001123"}}, {"type" : "Feature", "geometry" : {"type" : "Point", "coordinates" : [121.338092834381, 24.95457941897]}, "properties" : {"name" : "7-11金鶯門市", "address" : "238新北市鶯歌區鶯桃路131-133號", "city" : "新北市", "district" : "鶯歌區", "tel" : "02-27478711#3961", "store_type" : "連鎖型綠色商店", "source_dataset" : "ntpe_6ccd0274", "store_code" : "F001396"}}, {"type" : "Feature", "geometry" : {"type" : "Point", "coordinates" : [121.498847008449, 25.06590400127]}, "properties" : {"name" : "7-11長元門市", "address" : "241新北市三重區長元街2-2號", "city" : "新北市", "district" : "三重區", "tel" : "02-27478711#3961", "store_type" : "連鎖型綠色商店", "source_dataset" : "ntpe_6ccd0274", "store_code" : "F001490"}}, {"type" : "Feature", "geometry" : {"type" : "Point", "coordinates" : [121.469911002307, 25.032774989974]}, "properties" : {"name" : "7-11長江門市", "address" : "220新北市板橋區長江路2段280號之1", "city" : "新北市", "district" : "板橋區", "tel" : "02-27478711#3961", "store_type" : "連鎖型綠色商店", "source_dataset" : "ntpe_6ccd0274", "store_code" : "F001159"}}, {"type" : "Feature", "geometry" : {"type" : "Point", "coordinates" : [121.392240468253, 25.129897422996]}, "properties" : {"name" : "7-11長坑門市", "address" : "249新北市八里區中華路3段168號", "city" : "新北市", "district" : "八里區", "tel" : "02-27478711#3961", "store_type" : "連鎖型綠色商店", "source_dataset" : "ntpe_6ccd0274", "store_code" : "F001156"}}, {"type" : "Feature", "geometry" : {"type" : "Point", "coordinates" : [121.371523971377, 25.069598995647]}, "properties" : {"name" : "7-11長坤門市", "address" : "244新北市林口區文化一路一段52號", "city" : "新北市", "district" : "林口區", "tel" : "02-27478711#3961", "store_type" : "連鎖型綠色商店", "source_dataset" : "ntpe_6ccd0274", "store_code" : "F001592"}}, {"type" : "Feature", "geometry" : {"type" : "Point", "coordinates" : [121.333431238929, 24.96401878305]}, "properties" : {"name" : "7-11長虹門市", "address" : "239新北市鶯歌區鶯桃路412號一樓", "city" : "新北市", "district" : "鶯歌區", "tel" : "02-27478711#3961", "store_type" : "連鎖型綠色商店", "source_dataset" : "ntpe_6ccd0274", "store_code" : "F001121"}}, {"type" : "Feature", "geometry" : {"type" : "Point", "coordinates" : [121.499146996764, 25.069021985433]}, "properties" : {"name" : "7-11長泰門市", "address" : "241新北市三重區介壽路1號", "city" : "新北市", "district" : "三重區", "tel" : "02-27478711#3961", "store_type" : "連鎖型綠色商店", "source_dataset" : "ntpe_6ccd0274", "store_code" : "F000472"}}, {"type" : "Feature", "geometry" : {"type" : "Point", "coordinates" : [121.501357220812, 25.06660870978]}, "properties" : {"name" : "7-11長揚門市", "address" : "241新北市三重區三和路二段6號之2", "city" : "新北市", "district" : "三重區", "tel" : "02-27478711#3961", "store_type" : "連鎖型綠色商店", "source_dataset" : "ntpe_6ccd0274", "store_code" : "F001434"}}, {"type" : "Feature", "geometry" : {"type" : "Point", "coordinates" : [121.496585990068, 25.067187019189]}, "properties" : {"name" : "7-11長壽門市", "address" : "241新北市三重區正義北路159號", "city" : "新北市", "district" : "三重區", "tel" : "02-27478711#3961", "store_type" : "連鎖型綠色商店", "source_dataset" : "ntpe_6ccd0274", "store_code" : "F001170"}}, {"type" : "Feature", "geometry" : {"type" : "Point", "coordinates" : [121.458496023649, 25.083927984854]}, "properties" : {"name" : "7-11長樂門市", "address" : "247新北市蘆洲區長安街269號", "city" : "新北市", "district" : "蘆洲區", "tel" : "02-27478711#3961", "store_type" : "連鎖型綠色商店", "source_dataset" : "ntpe_6ccd0274", "store_code" : "F000491"}}, {"type" : "Feature", "geometry" : {"type" : "Point", "coordinates" : [121.458847476849, 24.973375501564]}, "properties" : {"name" : "7-11青雲門市", "address" : "236新北市土城區青雲路499.501號", "city" : "新北市", "district" : "土城區", "tel" : "02-27478711#3961", "store_type" : "連鎖型綠色商店", "source_dataset" : "ntpe_6ccd0274", "store_code" : "F001435"}}, {"type" : "Feature", "geometry" : {"type" : "Point", "coordinates" : [121.538466001646, 24.957322019598]}, "properties" : {"name" : "7-11青潭門市", "address" : "231新北市新店區北宜路一段41-1號", "city" : "新北市", "district" : "新店區", "tel" : "02-27478711#3961", "store_type" : "連鎖型綠色商店", "source_dataset" : "ntpe_6ccd0274", "store_code" : "F001412"}}, {"type" : "Feature", "geometry" : {"type" : "Point", "coordinates" : [121.482203985323, 25.022061995707]}, "properties" : {"name" : "7-11青蘋果門市", "address" : "220新北市板橋區中山路2段531巷17弄20號", "city" : "新北市", "district" : "板橋區", "tel" : "02-27478711#3961", "store_type" : "連鎖型綠色商店", "source_dataset" : "ntpe_6ccd0274", "store_code" : "F000928"}}, {"type" : "Feature", "geometry" : {"type" : "Point", "coordinates" : [121.44035649553, 24.971780090114]}, "properties" : {"name" : "7-11信利門市", "address" : "236新北市土城區興城路96巷4號", "city" : "新北市", "district" : "土城區", "tel" : "02-27478711#3961", "store_type" : "連鎖型綠色商店", "source_dataset" : "ntpe_6ccd0274", "store_code" : "F001264"}}, {"type" : "Feature", "geometry" : {"type" : "Point", "coordinates" : [121.510331975999, 25.006112994163]}, "properties" : {"name" : "7-11保平門市", "address" : "234新北市永和區保平路135號", "city" : "新北市", "district" : "永和區", "tel" : "02-27478711#3961", "store_type" : "連鎖型綠色商店", "source_dataset" : "ntpe_6ccd0274", "store_code" : "F001587"}}, {"type" : "Feature", "geometry" : {"type" : "Point", "coordinates" : [121.506477976919, 25.007090994626]}, "properties" : {"name" : "7-11保生門市", "address" : "234新北市永和區保安里保生路1號.", "city" : "新北市", "district" : "永和區", "tel" : "02-27478711#3961", "store_type" : "連鎖型綠色商店", "source_dataset" : "ntpe_6ccd0274", "store_code" : "F000508"}}, {"type" : "Feature", "geometry" : {"type" : "Point", "coordinates" : [121.503147008597, 25.010705983737]}, "properties" : {"name" : "7-11保順門市", "address" : "234新北市永和區保順路39號、保順路37巷2號", "city" : "新北市", "district" : "永和區", "tel" : "02-27478711#3961", "store_type" : "連鎖型綠色商店", "source_dataset" : "ntpe_6ccd0274", "store_code" : "F001286"}}, {"type" : "Feature", "geometry" : {"type" : "Point", "coordinates" : [121.514332993661, 25.012289995799]}, "properties" : {"name" : "7-11保騰門市", "address" : "234新北市永和區信義路16號", "city" : "新北市", "district" : "永和區", "tel" : "02-27478711#3961", "store_type" : "連鎖型綠色商店", "source_dataset" : "ntpe_6ccd0274", "store_code" : "F001020"}}, {"type" : "Feature", "geometry" : {"type" : "Point", "coordinates" : [121.514234003385, 25.000258989167]}, "properties" : {"name" : "7-11保鑽門市", "address" : "234新北市永和區潭墘里安樂路138.140號", "city" : "新北市", "district" : "永和區", "tel" : "02-27478711#3961", "store_type" : "連鎖型綠色商店", "source_dataset" : "ntpe_6ccd0274", "store_code" : "F001614"}}, {"type" : "Feature", "geometry" : {"type" : "Point", "coordinates" : [121.426830031642, 25.006701990499]}, "properties" : {"name" : "7-11俊安門市", "address" : "238新北市樹林區俊英街162-162-1號", "city" : "新北市", "district" : "樹林區", "tel" : "02-27478711#3961", "store_type" : "連鎖型綠色商店", "source_dataset" : "ntpe_6ccd0274", "store_code" : "F001029"}}, {"type" : "Feature", "geometry" : {"type" : "Point", "coordinates" : [121.417968013053, 25.015311001341]}, "properties" : {"name" : "7-11俊興門市", "address" : "238新北市樹林區圳安里19鄰俊興街232號", "city" : "新北市", "district" : "樹林區", "tel" : "02-27478711#3961", "store_type" : "連鎖型綠色商店", "source_dataset" : "ntpe_6ccd0274", "store_code" : "F001581"}}, {"type" : "Feature", "geometry" : {"type" : "Point", "coordinates" : [121.414304031718, 25.015355006333]}, "properties" : {"name" : "7-11俊龍門市", "address" : "238新北市樹林區三俊街96號1樓", "city" : "新北市", "district" : "樹林區", "tel" : "02-27478711#3961", "store_type" : "連鎖型綠色商店", "source_dataset" : "ntpe_6ccd0274", "store_code" : "F001097"}}, {"type" : "Feature", "geometry" : {"type" : "Point", "coordinates" : [121.540529961484, 24.965648979398]}, "properties" : {"name" : "7-11冠冠門市", "address" : "231新北市新店區北新路1段231號", "city" : "新北市", "district" : "新店區", "tel" : "02-27478711#3961", "store_type" : "連鎖型綠色商店", "source_dataset" : "ntpe_6ccd0274", "store_code" : "F001301"}}, {"type" : "Feature", "geometry" : {"type" : "Point", "coordinates" : [121.372029986871, 24.930525997156]}, "properties" : {"name" : "7-11冠綸門市", "address" : "237新北市三峽區中華路46.46-1號", "city" : "新北市", "district" : "三峽區", "tel" : "02-27478711#3961", "store_type" : "連鎖型綠色商店", "source_dataset" : "ntpe_6ccd0274", "store_code" : "F001206"}}, {"type" : "Feature", "geometry" : {"type" : "Point", "coordinates" : [121.518837009333, 24.991461008318]}, "properties" : {"name" : "7-11冠德門市", "address" : "235新北市中和區景平路71-5號", "city" : "新北市", "district" : "中和區", "tel" : "02-27478711#3961", "store_type" : "連鎖型綠色商店", "source_dataset" : "ntpe_6ccd0274", "store_code" : "F001547"}}, {"type" : "Feature", "geometry" : {"type" : "Point", "coordinates" : [121.467978973625, 25.085068007505]}, "properties" : {"name" : "7-11前進門市", "address" : "247新北市蘆洲區光華路22巷57號", "city" : "新北市", "district" : "蘆洲區", "tel" : "02-27478711#3961", "store_type" : "連鎖型綠色商店", "source_dataset" : "ntpe_6ccd0274", "store_code" : "F000954"}}, {"type" : "Feature", "geometry" : {"type" : "Point", "coordinates" : [121.4901462, 25.0678289]}, "properties" : {"name" : "7-11前瞻門市", "address" : "241新北市三重區中山路375號", "city" : "新北市", "district" : "三重區", "tel" : "02-27478711#3961", "store_type" : "連鎖型綠色商店", "source_dataset" : "ntpe_6ccd0274", "store_code" : "F001186"}}, {"type" : "Feature", "geometry" : {"type" : "Point", "coordinates" : [121.445650002661, 24.956709009109]}, "properties" : {"name" : "7-11南天母門市", "address" : "236新北市土城區南天母路8.10號", "city" : "新北市", "district" : "土城區", "tel" : "02-27478711#3961", "store_type" : "連鎖型綠色商店", "source_dataset" : "ntpe_6ccd0274", "store_code" : "F001599"}}, {"type" : "Feature", "geometry" : {"type" : "Point", "coordinates" : [121.505120024786, 24.999891987536]}, "properties" : {"name" : "7-11南谷門市", "address" : "235新北市中和區中和路257號", "city" : "新北市", "district" : "中和區", "tel" : "02-27478711#3961", "store_type" : "連鎖型綠色商店", "source_dataset" : "ntpe_6ccd0274", "store_code" : "F000991"}}, {"type" : "Feature", "geometry" : {"type" : "Point", "coordinates" : [121.413868005115, 25.048950009536]}, "properties" : {"name" : "7-11南亞三門市", "address" : "243新北市泰山區南林路98號8樓", "city" : "新北市", "district" : "泰山區", "tel" : "02-27478711#3961", "store_type" : "連鎖型綠色商店", "source_dataset" : "ntpe_6ccd0274", "store_code" : "F001147"}}, {"type" : "Feature", "geometry" : {"type" : "Point", "coordinates" : [121.544554029379, 24.980658998238]}, "properties" : {"name" : "7-11南強門市", "address" : "231新北市新店區中興路3段156號", "city" : "新北市", "district" : "新店區", "tel" : "02-27478711#3961", "store_type" : "連鎖型綠色商店", "source_dataset" : "ntpe_6ccd0274", "store_code" : "F001089"}}, {"type" : "Feature", "geometry" : {"type" : "Point", "coordinates" : [121.455756985329, 25.005464989229]}, "properties" : {"name" : "7-11南雅門市", "address" : "220新北市板橋區新興里南雅南路一段8號1樓.", "city" : "新北市", "district" : "板橋區", "tel" : "02-27478711#3961", "store_type" : "連鎖型綠色商店", "source_dataset" : "ntpe_6ccd0274", "store_code" : "F001603"}}, {"type" : "Feature", "geometry" : {"type" : "Point", "coordinates" : [121.510915021184, 24.990133985407]}, "properties" : {"name" : "7-11南勢角門市", "address" : "235新北市中和區興南路1段55號", "city" : "新北市", "district" : "中和區", "tel" : "02-27478711#3961", "store_type" : "連鎖型綠色商店", "source_dataset" : "ntpe_6ccd0274", "store_code" : "F001480"}}, {"type" : "Feature", "geometry" : {"type" : "Point", "coordinates" : [121.44028198041, 25.030062019373]}, "properties" : {"name" : "7-11品嘉門市", "address" : "242新北市新莊區新樹路69號之6", "city" : "新北市", "district" : "新莊區", "tel" : "02-27478711#3961", "store_type" : "連鎖型綠色商店", "source_dataset" : "ntpe_6ccd0274", "store_code" : "F001187"}}, {"type" : "Feature", "geometry" : {"type" : "Point", "coordinates" : [121.437064000143, 24.964648012521]}, "properties" : {"name" : "7-11城運門市", "address" : "236新北市土城區承天路10號", "city" : "新北市", "district" : "土城區", "tel" : "02-27478711#3961", "store_type" : "連鎖型綠色商店", "source_dataset" : "ntpe_6ccd0274", "store_code" : "F001495"}}, {"type" : "Feature", "geometry" : {"type" : "Point", "coordinates" : [121.427686997423, 25.049462982011]}, "properties" : {"name" : "7-11奕真門市", "address" : "243新北市泰山區明志路二段187號", "city" : "新北市", "district" : "泰山區", "tel" : "02-27478711#3961", "store_type" : "連鎖型綠色商店", "source_dataset" : "ntpe_6ccd0274", "store_code" : "F001045"}}, {"type" : "Feature", "geometry" : {"type" : "Point", "coordinates" : [121.488185237051, 25.000302972826]}, "properties" : {"name" : "7-11建一門市", "address" : "235新北市中和區健康路101號", "city" : "新北市", "district" : "中和區", "tel" : "02-27478711#3961", "store_type" : "連鎖型綠色商店", "source_dataset" : "ntpe_6ccd0274", "store_code" : "F001183"}}, {"type" : "Feature", "geometry" : {"type" : "Point", "coordinates" : [121.450072965329, 25.037592991738]}, "properties" : {"name" : "7-11建中門市", "address" : "242新北市新莊區建興街42號", "city" : "新北市", "district" : "新莊區", "tel" : "02-27478711#3961", "store_type" : "連鎖型綠色商店", "source_dataset" : "ntpe_6ccd0274", "store_code" : "F000938"}}, {"type" : "Feature", "geometry" : {"type" : "Point", "coordinates" : [121.486197962186, 25.001934992616]}, "properties" : {"name" : "7-11建六門市", "address" : "235新北市中和區建六路62號", "city" : "新北市", "district" : "中和區", "tel" : "02-27478711#3961", "store_type" : "連鎖型綠色商店", "source_dataset" : "ntpe_6ccd0274", "store_code" : "F001133"}}, {"type" : "Feature", "geometry" : {"type" : "Point", "coordinates" : [121.427768972436, 24.985761020792]}, "properties" : {"name" : "7-11建宗門市", "address" : "220新北市板橋區溪福里篤行路3段玉平巷76弄8號及10號", "city" : "新北市", "district" : "板橋區", "tel" : "02-27478711#3961", "store_type" : "連鎖型綠色商店", "source_dataset" : "ntpe_6ccd0274", "store_code" : "F001610"}}, {"type" : "Feature", "geometry" : {"type" : "Point", "coordinates" : [121.459577959711, 25.004588996528]}, "properties" : {"name" : "7-11建茗門市", "address" : "220新北市板橋區四川路一段104號", "city" : "新北市", "district" : "板橋區", "tel" : "02-27478711#3961", "store_type" : "連鎖型綠色商店", "source_dataset" : "ntpe_6ccd0274", "store_code" : "F001114"}}, {"type" : "Feature", "geometry" : {"type" : "Point", "coordinates" : [121.539786989586, 24.973069017275]}, "properties" : {"name" : "7-11建國門市", "address" : "231新北市新店區中正路236號", "city" : "新北市", "district" : "新店區", "tel" : "02-27478711#3961", "store_type" : "連鎖型綠色商店", "source_dataset" : "ntpe_6ccd0274", "store_code" : "F000558"}}, {"type" : "Feature", "geometry" : {"type" : "Point", "coordinates" : [121.623966024082, 25.061518002796]}, "properties" : {"name" : "7-11建陽門市", "address" : "221新北市汐止區南陽街105-107號", "city" : "新北市", "district" : "汐止區", "tel" : "02-27478711#3961", "store_type" : "連鎖型綠色商店", "source_dataset" : "ntpe_6ccd0274", "store_code" : "F001143"}}, {"type" : "Feature", "geometry" : {"type" : "Point", "coordinates" : [121.627517017362, 25.060744017857]}, "properties" : {"name" : "7-11建德門市", "address" : "221新北市汐止區福德一路394號", "city" : "新北市", "district" : "汐止區", "tel" : "02-27478711#3961", "store_type" : "連鎖型綠色商店", "source_dataset" : "ntpe_6ccd0274", "store_code" : "F000923"}}, {"type" : "Feature", "geometry" : {"type" : "Point", "coordinates" : [121.427152986371, 25.026422010281]}, "properties" : {"name" : "7-11後港門市", "address" : "242新北市新莊區後港一路78號", "city" : "新北市", "district" : "新莊區", "tel" : "02-27478711#3961", "store_type" : "連鎖型綠色商店", "source_dataset" : "ntpe_6ccd0274", "store_code" : "F000551"}}, {"type" : "Feature", "geometry" : {"type" : "Point", "coordinates" : [121.45794097402, 25.049506987002]}, "properties" : {"name" : "7-11思源門市", "address" : "242新北市新莊區幸福路40.42號", "city" : "新北市", "district" : "新莊區", "tel" : "02-27478711#3961", "store_type" : "連鎖型綠色商店", "source_dataset" : "ntpe_6ccd0274", "store_code" : "F001384"}}, {"type" : "Feature", "geometry" : {"type" : "Point", "coordinates" : [121.487965035014, 24.99887098791]}, "properties" : {"name" : "7-11春吉門市", "address" : "235新北市中和區建一路148號", "city" : "新北市", "district" : "中和區", "tel" : "02-27478711#3961", "store_type" : "連鎖型綠色商店", "source_dataset" : "ntpe_6ccd0274", "store_code" : "F001252"}}, {"type" : "Feature", "geometry" : {"type" : "Point", "coordinates" : [121.520002010055, 25.007917995103]}, "properties" : {"name" : "7-11春福門市", "address" : "234新北市永和區光明里14鄰福和路196號", "city" : "新北市", "district" : "永和區", "tel" : "02-27478711#3961", "store_type" : "連鎖型綠色商店", "source_dataset" : "ntpe_6ccd0274", "store_code" : "F001505"}}, {"type" : "Feature", "geometry" : {"type" : "Point", "coordinates" : [121.384890005637, 24.954673002919]}, "properties" : {"name" : "7-11柏園門市", "address" : "238新北市樹林區柑園街二段119.121號1樓", "city" : "新北市", "district" : "樹林區", "tel" : "02-27478711#3961", "store_type" : "連鎖型綠色商店", "source_dataset" : "ntpe_6ccd0274", "store_code" : "F001292"}}, {"type" : "Feature", "geometry" : {"type" : "Point", "coordinates" : [121.507333014862, 24.999791991431]}, "properties" : {"name" : "7-11界和門市", "address" : "234新北市永和區中和路331.333號", "city" : "新北市", "district" : "永和區", "tel" : "02-27478711#3961", "store_type" : "連鎖型綠色商店", "source_dataset" : "ntpe_6ccd0274", "store_code" : "F001019"}}, {"type" : "Feature", "geometry" : {"type" : "Point", "coordinates" : [121.438916987478, 25.182649998545]}, "properties" : {"name" : "7-11皇后門市", "address" : "251新北市淡水區新春街87號", "city" : "新北市", "district" : "淡水區", "tel" : "02-27478711#3961", "store_type" : "連鎖型綠色商店", "source_dataset" : "ntpe_6ccd0274", "store_code" : "F001281"}}, {"type" : "Feature", "geometry" : {"type" : "Point", "coordinates" : [121.446829001162, 24.988805998577]}, "properties" : {"name" : "7-11皇翔門市", "address" : "236新北市土城區中央路一段92.94號", "city" : "新北市", "district" : "土城區", "tel" : "02-27478711#3961", "store_type" : "連鎖型綠色商店", "source_dataset" : "ntpe_6ccd0274", "store_code" : "F000986"}}, {"type" : "Feature", "geometry" : {"type" : "Point", "coordinates" : [121.450445038011, 24.986080497031]}, "properties" : {"name" : "7-11皇裕門市", "address" : "236新北市土城區裕民路114巷16號1樓", "city" : "新北市", "district" : "土城區", "tel" : "02-27478711#3961", "store_type" : "連鎖型綠色商店", "source_dataset" : "ntpe_6ccd0274", "store_code" : "F001501"}}, {"type" : "Feature", "geometry" : {"type" : "Point", "coordinates" : [121.496638041687, 25.006872017405]}, "properties" : {"name" : "7-11秋閔門市", "address" : "235新北市中和區橋和路288.290號", "city" : "新北市", "district" : "中和區", "tel" : "02-27478711#3961", "store_type" : "連鎖型綠色商店", "source_dataset" : "ntpe_6ccd0274", "store_code" : "F001266"}}, {"type" : "Feature", "geometry" : {"type" : "Point", "coordinates" : [121.45076103576, 24.995827015953]}, "properties" : {"name" : "7-11秋雅門市", "address" : "220新北市板橋區南雅南路二段144巷16號", "city" : "新北市", "district" : "板橋區", "tel" : "02-27478711#3961", "store_type" : "連鎖型綠色商店", "source_dataset" : "ntpe_6ccd0274", "store_code" : "F001483"}}, {"type" : "Feature", "geometry" : {"type" : "Point", "coordinates" : [121.492299987698, 25.056014989994]}, "properties" : {"name" : "7-11美吉門市", "address" : "241新北市三重區光明里8鄰重安街81號1樓", "city" : "新北市", "district" : "三重區", "tel" : "02-27478711#3961", "store_type" : "連鎖型綠色商店", "source_dataset" : "ntpe_6ccd0274", "store_code" : "F001387"}}, {"type" : "Feature", "geometry" : {"type" : "Point", "coordinates" : [121.370960036931, 25.073441008606]}, "properties" : {"name" : "7-11美雅仕門市", "address" : "244新北市林口區文化二路一段260巷2號", "city" : "新北市", "district" : "林口區", "tel" : "02-27478711#3961", "store_type" : "連鎖型綠色商店", "source_dataset" : "ntpe_6ccd0274", "store_code" : "F001171"}}, {"type" : "Feature", "geometry" : {"type" : "Point", "coordinates" : [121.48624096135, 25.079279004167]}, "properties" : {"name" : "7-11美慈門市", "address" : "241新北市三重區慈愛街52號", "city" : "新北市", "district" : "三重區", "tel" : "02-27478711#3961", "store_type" : "連鎖型綠色商店", "source_dataset" : "ntpe_6ccd0274", "store_code" : "F001474"}}, {"type" : "Feature", "geometry" : {"type" : "Point", "coordinates" : [121.453474006361, 25.043722006978]}, "properties" : {"name" : "7-11美新門市", "address" : "242新北市新莊區中港路264號1F", "city" : "新北市", "district" : "新莊區", "tel" : "02-27478711#3961", "store_type" : "連鎖型綠色商店", "source_dataset" : "ntpe_6ccd0274", "store_code" : "F001630"}}, {"type" : "Feature", "geometry" : {"type" : "Point", "coordinates" : [121.481878013109, 25.090263991193]}, "properties" : {"name" : "7-11美禎門市", "address" : "247新北市蘆洲區復興路322號", "city" : "新北市", "district" : "蘆洲區", "tel" : "02-27478711#3961", "store_type" : "連鎖型綠色商店", "source_dataset" : "ntpe_6ccd0274", "store_code" : "F000943"}}, {"type" : "Feature", "geometry" : {"type" : "Point", "coordinates" : [121.465896992695, 25.020572992517]}, "properties" : {"name" : "7-11致理門市", "address" : "220新北市板橋區陽明街23巷29號1樓", "city" : "新北市", "district" : "板橋區", "tel" : "02-27478711#3961", "store_type" : "連鎖型綠色商店", "source_dataset" : "ntpe_6ccd0274", "store_code" : "F001290"}}, {"type" : "Feature", "geometry" : {"type" : "Point", "coordinates" : [121.66594997126, 25.070724014691]}, "properties" : {"name" : "7-11茄苳門市", "address" : "221新北市汐止區茄苳路42號", "city" : "新北市", "district" : "汐止區", "tel" : "02-27478711#3961", "store_type" : "連鎖型綠色商店", "source_dataset" : "ntpe_6ccd0274", "store_code" : "F001065"}}, {"type" : "Feature", "geometry" : {"type" : "Point", "coordinates" : [121.460276507521, 25.043283591533]}, "properties" : {"name" : "7-11茂源門市", "address" : "242新北市新莊區思源路40-1號", "city" : "新北市", "district" : "新莊區", "tel" : "02-27478711#3961", "store_type" : "連鎖型綠色商店", "source_dataset" : "ntpe_6ccd0274", "store_code" : "F000959"}}, {"type" : "Feature", "geometry" : {"type" : "Point", "coordinates" : [121.460211966867, 25.024490987428]}, "properties" : {"name" : "7-11英海門市", "address" : "220新北市板橋區新海路344號", "city" : "新北市", "district" : "板橋區", "tel" : "02-27478711#3961", "store_type" : "連鎖型綠色商店", "source_dataset" : "ntpe_6ccd0274", "store_code" : "F001226"}}, {"type" : "Feature", "geometry" : {"type" : "Point", "coordinates" : [121.416451978225, 24.957530980444]}, "properties" : {"name" : "7-11虹海門市", "address" : "236新北市土城區中央路4段121號", "city" : "新北市", "district" : "土城區", "tel" : "02-27478711#3961", "store_type" : "連鎖型綠色商店", "source_dataset" : "ntpe_6ccd0274", "store_code" : "F001607"}}, {"type" : "Feature", "geometry" : {"type" : "Point", "coordinates" : [121.479601572025, 25.071845303789]}, "properties" : {"name" : "7-11虹諭門市", "address" : "241新北市三重區大勇街82巷17號", "city" : "新北市", "district" : "三重區", "tel" : "02-27478711#3961", "store_type" : "連鎖型綠色商店", "source_dataset" : "ntpe_6ccd0274", "store_code" : "F001295"}}, {"type" : "Feature", "geometry" : {"type" : "Point", "coordinates" : [121.491069524312, 25.05742729877]}, "properties" : {"name" : "7-11重安門市", "address" : "241新北市三重區重安街60號及60-1號", "city" : "新北市", "district" : "三重區", "tel" : "02-27478711#3961", "store_type" : "連鎖型綠色商店", "source_dataset" : "ntpe_6ccd0274", "store_code" : "F001381"}}, {"type" : "Feature", "geometry" : {"type" : "Point", "coordinates" : [121.489252998256, 25.072989014477]}, "properties" : {"name" : "7-11重智門市", "address" : "241新北市三重區大智街240號", "city" : "新北市", "district" : "三重區", "tel" : "02-27478711#3961", "store_type" : "連鎖型綠色商店", "source_dataset" : "ntpe_6ccd0274", "store_code" : "F000547"}}, {"type" : "Feature", "geometry" : {"type" : "Point", "coordinates" : [121.487828996725, 25.057544016772]}, "properties" : {"name" : "7-11重新門市", "address" : "241新北市三重區重新路四段45號", "city" : "新北市", "district" : "三重區", "tel" : "02-27478711#3961", "store_type" : "連鎖型綠色商店", "source_dataset" : "ntpe_6ccd0274", "store_code" : "F000982"}}, {"type" : "Feature", "geometry" : {"type" : "Point", "coordinates" : [121.456791982733, 25.083190000189]}, "properties" : {"name" : "7-11飛龍門市", "address" : "247新北市蘆洲區永安南路二段330號", "city" : "新北市", "district" : "蘆洲區", "tel" : "02-27478711#3961", "store_type" : "連鎖型綠色商店", "source_dataset" : "ntpe_6ccd0274", "store_code" : "F001370"}}, {"type" : "Feature", "geometry" : {"type" : "Point", "coordinates" : [121.452081017872, 25.015600009363]}, "properties" : {"name" : "7-11香雅門市", "address" : "220新北市板橋區南雅西路2段297.299號", "city" : "新北市", "district" : "板橋區", "tel" : "02-27478711#3961", "store_type" : "連鎖型綠色商店", "source_dataset" : "ntpe_6ccd0274", "store_code" : "F001634"}}, {"type" : "Feature", "geometry" : {"type" : "Point", "coordinates" : [121.368798260283, 25.071622009888]}, "properties" : {"name" : "7-11香賓門市", "address" : "244新北市林口區文化二路一段170號", "city" : "新北市", "district" : "林口區", "tel" : "02-27478711#3961", "store_type" : "連鎖型綠色商店", "source_dataset" : "ntpe_6ccd0274", "store_code" : "F001341"}}, {"type" : "Feature", "geometry" : {"type" : "Point", "coordinates" : [121.475707004534, 25.086903979577]}, "properties" : {"name" : "7-11珈英門市", "address" : "247新北市蘆洲區復興路92號", "city" : "新北市", "district" : "蘆洲區", "tel" : "02-27478711#3961", "store_type" : "連鎖型綠色商店", "source_dataset" : "ntpe_6ccd0274", "store_code" : "F001160"}}, {"type" : "Feature", "geometry" : {"type" : "Point", "coordinates" : [121.496298993703, 25.071794006541]}, "properties" : {"name" : "7-11竑嘉門市", "address" : "241新北市三重區仁愛街32號之1", "city" : "新北市", "district" : "三重區", "tel" : "02-27478711#3961", "store_type" : "連鎖型綠色商店", "source_dataset" : "ntpe_6ccd0274", "store_code" : "F001513"}}, {"type" : "Feature", "geometry" : {"type" : "Point", "coordinates" : [121.489092987724, 25.066387008441]}, "properties" : {"name" : "7-11修德門市", "address" : "241新北市三重區重陽路3段7-2號", "city" : "新北市", "district" : "三重區", "tel" : "02-27478711#3961", "store_type" : "連鎖型綠色商店", "source_dataset" : "ntpe_6ccd0274", "store_code" : "F001175"}}, {"type" : "Feature", "geometry" : {"type" : "Point", "coordinates" : [121.387170972949, 25.077597007657]}, "properties" : {"name" : "7-11卿斳門市", "address" : "244新北市林口區竹林路48號", "city" : "新北市", "district" : "林口區", "tel" : "02-27478711#3961", "store_type" : "連鎖型綠色商店", "source_dataset" : "ntpe_6ccd0274", "store_code" : "F000919"}}, {"type" : "Feature", "geometry" : {"type" : "Point", "coordinates" : [121.465919037101, 25.054523011229]}, "properties" : {"name" : "7-11原成門市", "address" : "242新北市新莊區化成路279號", "city" : "新北市", "district" : "新莊區", "tel" : "02-27478711#3961", "store_type" : "連鎖型綠色商店", "source_dataset" : "ntpe_6ccd0274", "store_code" : "F001120"}}, {"type" : "Feature", "geometry" : {"type" : "Point", "coordinates" : [121.480987016801, 24.996652004773]}, "properties" : {"name" : "7-11員山門市", "address" : "235新北市中和區員山路163號", "city" : "新北市", "district" : "中和區", "tel" : "02-27478711#3961", "store_type" : "連鎖型綠色商店", "source_dataset" : "ntpe_6ccd0274", "store_code" : "F001662"}}, {"type" : "Feature", "geometry" : {"type" : "Point", "coordinates" : [121.479553962815, 25.008095984817]}, "properties" : {"name" : "7-11員新門市", "address" : "235新北市中和區員山路504號", "city" : "新北市", "district" : "中和區", "tel" : "02-27478711#3961", "store_type" : "連鎖型綠色商店", "source_dataset" : "ntpe_6ccd0274", "store_code" : "F001326"}}, {"type" : "Feature", "geometry" : {"type" : "Point", "coordinates" : [121.365002012516, 24.907642018473]}, "properties" : {"name" : "7-11埔大門市", "address" : "237新北市三峽區中正路2段397號", "city" : "新北市", "district" : "三峽區", "tel" : "02-27478711#3961", "store_type" : "連鎖型綠色商店", "source_dataset" : "ntpe_6ccd0274", "store_code" : "F001311"}}, {"type" : "Feature", "geometry" : {"type" : "Point", "coordinates" : [121.467636983434, 25.022636265079]}, "properties" : {"name" : "7-11埔西門市", "address" : "220新北市板橋區文化路一段423號", "city" : "新北市", "district" : "板橋區", "tel" : "02-27478711#3961", "store_type" : "連鎖型綠色商店", "source_dataset" : "ntpe_6ccd0274", "store_code" : "F001098"}}, {"type" : "Feature", "geometry" : {"type" : "Point", "coordinates" : [121.620184277007, 25.002374581528]}, "properties" : {"name" : "7-11埔昇門市", "address" : "222新北市深坑區埔新街63號", "city" : "新北市", "district" : "深坑區", "tel" : "02-27478711#3961", "store_type" : "連鎖型綠色商店", "source_dataset" : "ntpe_6ccd0274", "store_code" : "F000925"}}, {"type" : "Feature", "geometry" : {"type" : "Point", "coordinates" : [121.47835507412, 25.021285544069]}, "properties" : {"name" : "7-11埔墘門市", "address" : "220新北市板橋區永豐街87號", "city" : "新北市", "district" : "板橋區", "tel" : "02-27478711#3961", "store_type" : "連鎖型綠色商店", "source_dataset" : "ntpe_6ccd0274", "store_code" : "F001343"}}, {"type" : "Feature", "geometry" : {"type" : "Point", "coordinates" : [121.493778890694, 25.001993582119]}, "properties" : {"name" : "7-11家美門市", "address" : "235新北市中和區中山路二段317號之1", "city" : "新北市", "district" : "中和區", "tel" : "02-27478711#3961", "store_type" : "連鎖型綠色商店", "source_dataset" : "ntpe_6ccd0274", "store_code" : "F001125"}}, {"type" : "Feature", "geometry" : {"type" : "Point", "coordinates" : [121.390307062022, 25.078932412471]}, "properties" : {"name" : "7-11家園門市", "address" : "244新北市林口區中山路164號", "city" : "新北市", "district" : "林口區", "tel" : "02-27478711#3961", "store_type" : "連鎖型綠色商店", "source_dataset" : "ntpe_6ccd0274", "store_code" : "F000533"}}, {"type" : "Feature", "geometry" : {"type" : "Point", "coordinates" : [121.475333004014, 25.016681987334]}, "properties" : {"name" : "7-11家豐門市", "address" : "220新北市板橋區中山路二段141號", "city" : "新北市", "district" : "板橋區", "tel" : "02-27478711#3961", "store_type" : "連鎖型綠色商店", "source_dataset" : "ntpe_6ccd0274", "store_code" : "F001112"}}, {"type" : "Feature", "geometry" : {"type" : "Point", "coordinates" : [121.467724499045, 25.031576880734]}, "properties" : {"name" : "7-11家麒門市", "address" : "220新北市板橋區宏國路27號", "city" : "新北市", "district" : "板橋區", "tel" : "02-27478711#3961", "store_type" : "連鎖型綠色商店", "source_dataset" : "ntpe_6ccd0274", "store_code" : "F001340"}}, {"type" : "Feature", "geometry" : {"type" : "Point", "coordinates" : [121.377584422649, 24.92890510472]}, "properties" : {"name" : "7-11峽北門市", "address" : "237新北市三峽區大同路7號", "city" : "新北市", "district" : "三峽區", "tel" : "02-27478711#3961", "store_type" : "連鎖型綠色商店", "source_dataset" : "ntpe_6ccd0274", "store_code" : "F000979"}}, {"type" : "Feature", "geometry" : {"type" : "Point", "coordinates" : [121.375011010736, 24.929064989523]}, "properties" : {"name" : "7-11峽光門市", "address" : "237新北市三峽區光明路62號1樓", "city" : "新北市", "district" : "三峽區", "tel" : "02-27478711#3961", "store_type" : "連鎖型綠色商店", "source_dataset" : "ntpe_6ccd0274", "store_code" : "F001314"}}, {"type" : "Feature", "geometry" : {"type" : "Point", "coordinates" : [121.362733366602, 24.938424683613]}, "properties" : {"name" : "7-11恩主門市", "address" : "237新北市三峽區鳶山里21鄰復興路447號", "city" : "新北市", "district" : "三峽區", "tel" : "02-27478711#3961", "store_type" : "連鎖型綠色商店", "source_dataset" : "ntpe_6ccd0274", "store_code" : "F001415"}}, {"type" : "Feature", "geometry" : {"type" : "Point", "coordinates" : [121.433362414647, 25.062702837768]}, "properties" : {"name" : "7-11泰山門市", "address" : "243新北市泰山區明志路1段149.151號", "city" : "新北市", "district" : "泰山區", "tel" : "02-27478711#3961", "store_type" : "連鎖型綠色商店", "source_dataset" : "ntpe_6ccd0274", "store_code" : "F001648"}}, {"type" : "Feature", "geometry" : {"type" : "Point", "coordinates" : [121.501421007096, 25.067282991981]}, "properties" : {"name" : "7-11泰和門市", "address" : "241新北市三重區長安街71號1樓", "city" : "新北市", "district" : "三重區", "tel" : "02-27478711#3961", "store_type" : "連鎖型綠色商店", "source_dataset" : "ntpe_6ccd0274", "store_code" : "F000967"}}, {"type" : "Feature", "geometry" : {"type" : "Point", "coordinates" : [121.451553041791, 25.103016009137]}, "properties" : {"name" : "7-11泰股門市", "address" : "248新北市五股區成泰路3段577巷24號", "city" : "新北市", "district" : "五股區", "tel" : "02-27478711#3961", "store_type" : "連鎖型綠色商店", "source_dataset" : "ntpe_6ccd0274", "store_code" : "F001139"}}, {"type" : "Feature", "geometry" : {"type" : "Point", "coordinates" : [121.457374525004, 25.08711319188]}, "properties" : {"name" : "7-11泰星門市", "address" : "247新北市蘆洲區成功里長安街276號", "city" : "新北市", "district" : "蘆洲區", "tel" : "02-27478711#3961", "store_type" : "連鎖型綠色商店", "source_dataset" : "ntpe_6ccd0274", "store_code" : "F001138"}}, {"type" : "Feature", "geometry" : {"type" : "Point", "coordinates" : [121.390004978231, 25.07866498785]}, "properties" : {"name" : "7-11泰陽門市", "address" : "243新北市泰山區中山路二段832號", "city" : "新北市", "district" : "泰山區", "tel" : "02-27478711#3961", "store_type" : "連鎖型綠色商店", "source_dataset" : "ntpe_6ccd0274", "store_code" : "F001069"}}, {"type" : "Feature", "geometry" : {"type" : "Point", "coordinates" : [121.487010000966, 25.008356997281]}, "properties" : {"name" : "7-11泰隆門市", "address" : "235新北市中和區立德街102號", "city" : "新北市", "district" : "中和區", "tel" : "02-27478711#3961", "store_type" : "連鎖型綠色商店", "source_dataset" : "ntpe_6ccd0274", "store_code" : "F001000"}}, {"type" : "Feature", "geometry" : {"type" : "Point", "coordinates" : [121.471326370477, 25.008678694725]}, "properties" : {"name" : "7-11海山門市", "address" : "220新北市板橋區漢生東路310號", "city" : "新北市", "district" : "板橋區", "tel" : "02-27478711#3961", "store_type" : "連鎖型綠色商店", "source_dataset" : "ntpe_6ccd0274", "store_code" : "F001344"}}, {"type" : "Feature", "geometry" : {"type" : "Point", "coordinates" : [121.397579983129, 25.146490855127]}, "properties" : {"name" : "7-11益彰門市", "address" : "249新北市八里區中山路二段409、411號", "city" : "新北市", "district" : "八里區", "tel" : "02-27478711#3961", "store_type" : "連鎖型綠色商店", "source_dataset" : "ntpe_6ccd0274", "store_code" : "F001154"}}, {"type" : "Feature", "geometry" : {"type" : "Point", "coordinates" : [121.488753017731, 25.050392996078]}, "properties" : {"name" : "7-11真旺門市", "address" : "241新北市三重區成功路50巷1號", "city" : "新北市", "district" : "三重區", "tel" : "02-27478711#3961", "store_type" : "連鎖型綠色商店", "source_dataset" : "ntpe_6ccd0274", "store_code" : "F001181"}}, {"type" : "Feature", "geometry" : {"type" : "Point", "coordinates" : [121.59891000092, 25.004289008213]}, "properties" : {"name" : "7-11真誠門市", "address" : "222新北市深坑區北深路三段263號", "city" : "新北市", "district" : "深坑區", "tel" : "02-27478711#3961", "store_type" : "連鎖型綠色商店", "source_dataset" : "ntpe_6ccd0274", "store_code" : "F000968"}}, {"type" : "Feature", "geometry" : {"type" : "Point", "coordinates" : [121.452232981777, 25.039942984022]}, "properties" : {"name" : "7-11真豪門市", "address" : "242新北市新莊區中華路1段73號", "city" : "新北市", "district" : "新莊區", "tel" : "02-27478711#3961", "store_type" : "連鎖型綠色商店", "source_dataset" : "ntpe_6ccd0274", "store_code" : "F001503"}}, {"type" : "Feature", "geometry" : {"type" : "Point", "coordinates" : [121.452387963167, 25.126072990301]}, "properties" : {"name" : "7-11神州門市", "address" : "249新北市八里區龍米路一段113號", "city" : "新北市", "district" : "八里區", "tel" : "02-27478711#3961", "store_type" : "連鎖型綠色商店", "source_dataset" : "ntpe_6ccd0274", "store_code" : "F000981"}}, {"type" : "Feature", "geometry" : {"type" : "Point", "coordinates" : [121.40335558979, 25.086666981264]}, "properties" : {"name" : "7-11粉寮門市", "address" : "244新北市林口區粉寮路二段36號", "city" : "新北市", "district" : "林口區", "tel" : "02-27478711#3961", "store_type" : "連鎖型綠色商店", "source_dataset" : "ntpe_6ccd0274", "store_code" : "F001056"}}, {"type" : "Feature", "geometry" : {"type" : "Point", "coordinates" : [121.47701801801, 25.069190000682]}, "properties" : {"name" : "7-11陡門頭門市", "address" : "241新北市三重區三民街329號", "city" : "新北市", "district" : "三重區", "tel" : "02-27478711#3961", "store_type" : "連鎖型綠色商店", "source_dataset" : "ntpe_6ccd0274", "store_code" : "F001468"}}, {"type" : "Feature", "geometry" : {"type" : "Point", "coordinates" : [121.492680023188, 25.078643991183]}, "properties" : {"name" : "7-11高仁門市", "address" : "241新北市三重區仁愛街274號.", "city" : "新北市", "district" : "三重區", "tel" : "02-27478711#3961", "store_type" : "連鎖型綠色商店", "source_dataset" : "ntpe_6ccd0274", "store_code" : "F001661"}}, {"type" : "Feature", "geometry" : {"type" : "Point", "coordinates" : [121.442143265829, 24.975770588487]}, "properties" : {"name" : "7-11高峰門市", "address" : "236新北市土城區中央路二段187號", "city" : "新北市", "district" : "土城區", "tel" : "02-27478711#3961", "store_type" : "連鎖型綠色商店", "source_dataset" : "ntpe_6ccd0274", "store_code" : "F000576"}}, {"type" : "Feature", "geometry" : {"type" : "Point", "coordinates" : [121.46764093147, 25.020865018024]}, "properties" : {"name" : "7-11偉嘉門市", "address" : "220新北市板橋區文化路一段270巷3弄2號", "city" : "新北市", "district" : "板橋區", "tel" : "02-27478711#3961", "store_type" : "連鎖型綠色商店", "source_dataset" : "ntpe_6ccd0274", "store_code" : "F001360"}}, {"type" : "Feature", "geometry" : {"type" : "Point", "coordinates" : [121.468493035747, 25.089595995419]}, "properties" : {"name" : "7-11健倫門市", "address" : "247新北市蘆洲區保新里4鄰三民路230號", "city" : "新北市", "district" : "蘆洲區", "tel" : "02-27478711#3961", "store_type" : "連鎖型綠色商店", "source_dataset" : "ntpe_6ccd0274", "store_code" : "F000502"}}, {"type" : "Feature", "geometry" : {"type" : "Point", "coordinates" : [121.484911004773, 25.070654989719]}, "properties" : {"name" : "7-11健華門市", "address" : "241新北市三重區忠孝路二段63號", "city" : "新北市", "district" : "三重區", "tel" : "02-27478711#3961", "store_type" : "連鎖型綠色商店", "source_dataset" : "ntpe_6ccd0274", "store_code" : "F001426"}}, {"type" : "Feature", "geometry" : {"type" : "Point", "coordinates" : [121.461903015832, 25.137742988364]}, "properties" : {"name" : "7-11偕成門市", "address" : "251新北市淡水區民生路54號", "city" : "新北市", "district" : "淡水區", "tel" : "02-27478711#3961", "store_type" : "連鎖型綠色商店", "source_dataset" : "ntpe_6ccd0274", "store_code" : "F000562"}}, {"type" : "Feature", "geometry" : {"type" : "Point", "coordinates" : [121.459831009367, 24.99556499766]}, "properties" : {"name" : "7-11國和門市", "address" : "220新北市板橋區和平路29號", "city" : "新北市", "district" : "板橋區", "tel" : "02-27478711#3961", "store_type" : "連鎖型綠色商店", "source_dataset" : "ntpe_6ccd0274", "store_code" : "F001316"}}, {"type" : "Feature", "geometry" : {"type" : "Point", "coordinates" : [121.461074967618, 25.018595994924]}, "properties" : {"name" : "7-11國府門市", "address" : "220新北市板橋區國光路189號", "city" : "新北市", "district" : "板橋區", "tel" : "02-27478711#3961", "store_type" : "連鎖型綠色商店", "source_dataset" : "ntpe_6ccd0274", "store_code" : "F001105"}}, {"type" : "Feature", "geometry" : {"type" : "Point", "coordinates" : [121.432738183733, 25.006676509514]}, "properties" : {"name" : "7-11國瑞門市", "address" : "242新北市新莊區新樹路300號之5", "city" : "新北市", "district" : "新莊區", "tel" : "02-27478711#3961", "store_type" : "連鎖型綠色商店", "source_dataset" : "ntpe_6ccd0274", "store_code" : "F001088"}}, {"type" : "Feature", "geometry" : {"type" : "Point", "coordinates" : [121.461512000049, 24.996127004268]}, "properties" : {"name" : "7-11國慶門市", "address" : "220新北市板橋區國慶路151號", "city" : "新北市", "district" : "板橋區", "tel" : "02-27478711#3961", "store_type" : "連鎖型綠色商店", "source_dataset" : "ntpe_6ccd0274", "store_code" : "F001007"}}, {"type" : "Feature", "geometry" : {"type" : "Point", "coordinates" : [121.349887010339, 24.957140006571]}, "properties" : {"name" : "7-11國鶯門市", "address" : "239新北市鶯歌區中山路142號1F", "city" : "新北市", "district" : "鶯歌區", "tel" : "02-27478711#3961", "store_type" : "連鎖型綠色商店", "source_dataset" : "ntpe_6ccd0274", "store_code" : "F001214"}}, {"type" : "Feature", "geometry" : {"type" : "Point", "coordinates" : [121.632837011308, 25.068369999094]}, "properties" : {"name" : "7-11康湖門市", "address" : "221新北市汐止區康寧街490號", "city" : "新北市", "district" : "汐止區", "tel" : "02-27478711#3961", "store_type" : "連鎖型綠色商店", "source_dataset" : "ntpe_6ccd0274", "store_code" : "F001164"}}, {"type" : "Feature", "geometry" : {"type" : "Point", "coordinates" : [121.492927624608, 24.952769388888]}, "properties" : {"name" : "7-11康曜門市", "address" : "231新北市新店區安康路三段41號", "city" : "新北市", "district" : "新店區", "tel" : "02-27478711#3961", "store_type" : "連鎖型綠色商店", "source_dataset" : "ntpe_6ccd0274", "store_code" : "F001650"}}, {"type" : "Feature", "geometry" : {"type" : "Point", "coordinates" : [121.517837970293, 25.000285014976]}, "properties" : {"name" : "7-11得和門市", "address" : "234新北市永和區中正路342號", "city" : "新北市", "district" : "永和區", "tel" : "02-27478711#3961", "store_type" : "連鎖型綠色商店", "source_dataset" : "ntpe_6ccd0274", "store_code" : "F000428"}}, {"type" : "Feature", "geometry" : {"type" : "Point", "coordinates" : [121.509665027964, 24.992392992132]}, "properties" : {"name" : "7-11得晴門市", "address" : "235新北市中和區景平路239巷1號1樓", "city" : "新北市", "district" : "中和區", "tel" : "02-27478711#3961", "store_type" : "連鎖型綠色商店", "source_dataset" : "ntpe_6ccd0274", "store_code" : "F001355"}}, {"type" : "Feature", "geometry" : {"type" : "Point", "coordinates" : [121.520318007805, 25.00013401499]}, "properties" : {"name" : "7-11得福門市", "address" : "234新北市永和區得和路241號", "city" : "新北市", "district" : "永和區", "tel" : "02-27478711#3961", "store_type" : "連鎖型綠色商店", "source_dataset" : "ntpe_6ccd0274", "store_code" : "F001431"}}, {"type" : "Feature", "geometry" : {"type" : "Point", "coordinates" : [121.375153000176, 24.937248995964]}, "properties" : {"name" : "7-11御成門市", "address" : "237新北市三峽區國光街35號", "city" : "新北市", "district" : "三峽區", "tel" : "02-27478711#3961", "store_type" : "連鎖型綠色商店", "source_dataset" : "ntpe_6ccd0274", "store_code" : "F001364"}}, {"type" : "Feature", "geometry" : {"type" : "Point", "coordinates" : [121.391270980887, 24.96205800444]}, "properties" : {"name" : "7-11御昇門市", "address" : "238新北市樹林區佳園路二段34號1樓", "city" : "新北市", "district" : "樹林區", "tel" : "02-27478711#3961", "store_type" : "連鎖型綠色商店", "source_dataset" : "ntpe_6ccd0274", "store_code" : "F001612"}}, {"type" : "Feature", "geometry" : {"type" : "Point", "coordinates" : [121.510030981856, 24.989034992172]}, "properties" : {"name" : "7-11捷興門市", "address" : "235新北市中和區興南路1段81號", "city" : "新北市", "district" : "中和區", "tel" : "02-27478711#3961", "store_type" : "連鎖型綠色商店", "source_dataset" : "ntpe_6ccd0274", "store_code" : "F001227"}}, {"type" : "Feature", "geometry" : {"type" : "Point", "coordinates" : [121.449222034518, 25.177123013501]}, "properties" : {"name" : "7-11淡大門市", "address" : "251新北市淡水區北新路182巷5弄39號", "city" : "新北市", "district" : "淡水區", "tel" : "02-27478711#3961", "store_type" : "連鎖型綠色商店", "source_dataset" : "ntpe_6ccd0274", "store_code" : "F000539"}}, {"type" : "Feature", "geometry" : {"type" : "Point", "coordinates" : [121.445484040978, 25.168709007636]}, "properties" : {"name" : "7-11淡水門市", "address" : "251新北市淡水區中正東路3號", "city" : "新北市", "district" : "淡水區", "tel" : "02-27478711#3961", "store_type" : "連鎖型綠色商店", "source_dataset" : "ntpe_6ccd0274", "store_code" : "F000995"}}, {"type" : "Feature", "geometry" : {"type" : "Point", "coordinates" : [121.446328014809, 25.175582000602]}, "properties" : {"name" : "7-11淡江門市", "address" : "251新北市淡水區學府路207號", "city" : "新北市", "district" : "淡水區", "tel" : "02-27478711#3961", "store_type" : "連鎖型綠色商店", "source_dataset" : "ntpe_6ccd0274", "store_code" : "F001382"}}, {"type" : "Feature", "geometry" : {"type" : "Point", "coordinates" : [121.452260474419, 25.174451994325]}, "properties" : {"name" : "7-11淡欣門市", "address" : "251新北市淡水區水源街2段104號", "city" : "新北市", "district" : "淡水區", "tel" : "02-27478711#3961", "store_type" : "連鎖型綠色商店", "source_dataset" : "ntpe_6ccd0274", "store_code" : "F001273"}}, {"type" : "Feature", "geometry" : {"type" : "Point", "coordinates" : [121.456403984435, 25.236301010119]}, "properties" : {"name" : "7-11淡芝門市", "address" : "251新北市淡水區淡金路5段100.102號", "city" : "新北市", "district" : "淡水區", "tel" : "02-27478711#3961", "store_type" : "連鎖型綠色商店", "source_dataset" : "ntpe_6ccd0274", "store_code" : "F001397"}}, {"type" : "Feature", "geometry" : {"type" : "Point", "coordinates" : [121.50845166366, 25.008109898776]}, "properties" : {"name" : "7-11添丁門市", "address" : "234新北市永和區中山路一段213號1樓", "city" : "新北市", "district" : "永和區", "tel" : "02-27478711#3961", "store_type" : "連鎖型綠色商店", "source_dataset" : "ntpe_6ccd0274", "store_code" : "F001168"}}, {"type" : "Feature", "geometry" : {"type" : "Point", "coordinates" : [121.4974012, 25.2502025]}, "properties" : {"name" : "7-11淺水灣門市", "address" : "252新北市三芝區北勢子42號", "city" : "新北市", "district" : "三芝區", "tel" : "02-27478711#3961", "store_type" : "連鎖型綠色商店", "source_dataset" : "ntpe_6ccd0274", "store_code" : "F001189"}}, {"type" : "Feature", "geometry" : {"type" : "Point", "coordinates" : [121.457637968221, 24.981451004269]}, "properties" : {"name" : "7-11清和門市", "address" : "236新北市土城區清水路100號", "city" : "新北市", "district" : "土城區", "tel" : "02-27478711#3961", "store_type" : "連鎖型綠色商店", "source_dataset" : "ntpe_6ccd0274", "store_code" : "F001247"}}, {"type" : "Feature", "geometry" : {"type" : "Point", "coordinates" : [121.487228098087, 25.05146101818]}, "properties" : {"name" : "7-11清茂門市", "address" : "241新北市三重區成功路106號之2", "city" : "新北市", "district" : "三重區", "tel" : "02-27478711#3961", "store_type" : "連鎖型綠色商店", "source_dataset" : "ntpe_6ccd0274", "store_code" : "F000577"}}, {"type" : "Feature", "geometry" : {"type" : "Point", "coordinates" : [121.534089977636, 24.95634800054]}, "properties" : {"name" : "7-11涵碧門市", "address" : "231新北市新店區碧潭路39.41號", "city" : "新北市", "district" : "新店區", "tel" : "02-27478711#3961", "store_type" : "連鎖型綠色商店", "source_dataset" : "ntpe_6ccd0274", "store_code" : "F001549"}}, {"type" : "Feature", "geometry" : {"type" : "Point", "coordinates" : [121.534080003171, 24.956325998044]}, "properties" : {"name" : "7-11涵碧門市", "address" : "231新北市新店區碧潭路37號", "city" : "新北市", "district" : "新店區", "tel" : "02-27478711#3961", "store_type" : "連鎖型綠色商店", "source_dataset" : "ntpe_6ccd0274", "store_code" : "F001084"}}, {"type" : "Feature", "geometry" : {"type" : "Point", "coordinates" : [121.603358025478, 25.002743008082]}, "properties" : {"name" : "7-11深坑門市", "address" : "222新北市深坑區北深路三段145號", "city" : "新北市", "district" : "深坑區", "tel" : "02-27478711#3961", "store_type" : "連鎖型綠色商店", "source_dataset" : "ntpe_6ccd0274", "store_code" : "F000498"}}, {"type" : "Feature", "geometry" : {"type" : "Point", "coordinates" : [121.467880989177, 24.985216993366]}, "properties" : {"name" : "7-11祥吉門市", "address" : "236新北市土城區延吉街194號", "city" : "新北市", "district" : "土城區", "tel" : "02-27478711#3961", "store_type" : "連鎖型綠色商店", "source_dataset" : "ntpe_6ccd0274", "store_code" : "F001317"}}, {"type" : "Feature", "geometry" : {"type" : "Point", "coordinates" : [121.425564699539, 24.964222002292]}, "properties" : {"name" : "7-11祥泰門市", "address" : "236新北市土城區中山路38號", "city" : "新北市", "district" : "土城區", "tel" : "02-27478711#3961", "store_type" : "連鎖型綠色商店", "source_dataset" : "ntpe_6ccd0274", "store_code" : "F001152"}}, {"type" : "Feature", "geometry" : {"type" : "Point", "coordinates" : [121.422568001516, 24.990585015617]}, "properties" : {"name" : "7-11統友門市", "address" : "238新北市樹林區中山路一段86號", "city" : "新北市", "district" : "樹林區", "tel" : "02-27478711#3961", "store_type" : "連鎖型綠色商店", "source_dataset" : "ntpe_6ccd0274", "store_code" : "F000951"}}, {"type" : "Feature", "geometry" : {"type" : "Point", "coordinates" : [121.459248970011, 25.091505015777]}, "properties" : {"name" : "7-11統吉門市", "address" : "247新北市蘆洲區永平街32巷12弄1號", "city" : "新北市", "district" : "蘆洲區", "tel" : "02-27478711#3961", "store_type" : "連鎖型綠色商店", "source_dataset" : "ntpe_6ccd0274", "store_code" : "F000527"}}, {"type" : "Feature", "geometry" : {"type" : "Point", "coordinates" : [121.517150989509, 24.974795982696]}, "properties" : {"name" : "7-11統和門市", "address" : "231新北市新店區安和里安民街335.337號", "city" : "新北市", "district" : "新店區", "tel" : "02-27478711#3961", "store_type" : "連鎖型綠色商店", "source_dataset" : "ntpe_6ccd0274", "store_code" : "F001255"}}, {"type" : "Feature", "geometry" : {"type" : "Point", "coordinates" : [121.549275639257, 24.973330490744]}, "properties" : {"name" : "7-11統客門市", "address" : "231新北市新店區寶興路47號", "city" : "新北市", "district" : "新店區", "tel" : "02-27478711#3961", "store_type" : "連鎖型綠色商店", "source_dataset" : "ntpe_6ccd0274", "store_code" : "F001608"}}, {"type" : "Feature", "geometry" : {"type" : "Point", "coordinates" : [121.430860888879, 25.06284649254]}, "properties" : {"name" : "7-11羚陽門市", "address" : "243新北市泰山區泰林路二段302.304號", "city" : "新北市", "district" : "泰山區", "tel" : "02-27478711#3961", "store_type" : "連鎖型綠色商店", "source_dataset" : "ntpe_6ccd0274", "store_code" : "F001251"}}, {"type" : "Feature", "geometry" : {"type" : "Point", "coordinates" : [121.472781971783, 25.001019982156]}, "properties" : {"name" : "7-11莒光門市", "address" : "235新北市中和區莒光路149號", "city" : "新北市", "district" : "中和區", "tel" : "02-27478711#3961", "store_type" : "連鎖型綠色商店", "source_dataset" : "ntpe_6ccd0274", "store_code" : "F000540"}}, {"type" : "Feature", "geometry" : {"type" : "Point", "coordinates" : [121.472447030932, 25.003172999715]}, "properties" : {"name" : "7-11莒城門市", "address" : "235新北市中和區莒光路91.93號1樓", "city" : "新北市", "district" : "中和區", "tel" : "02-27478711#3961", "store_type" : "連鎖型綠色商店", "source_dataset" : "ntpe_6ccd0274", "store_code" : "F001146"}}, {"type" : "Feature", "geometry" : {"type" : "Point", "coordinates" : [121.465901267466, 25.049190695886]}, "properties" : {"name" : "7-11莊成門市", "address" : "242新北市新莊區化成路354號", "city" : "新北市", "district" : "新莊區", "tel" : "02-27478711#3961", "store_type" : "連鎖型綠色商店", "source_dataset" : "ntpe_6ccd0274", "store_code" : "F001488"}}, {"type" : "Feature", "geometry" : {"type" : "Point", "coordinates" : [121.449610619549, 25.032824988027]}, "properties" : {"name" : "7-11莊泰門市", "address" : "242新北市新莊區新泰路21號", "city" : "新北市", "district" : "新莊區", "tel" : "02-27478711#3961", "store_type" : "連鎖型綠色商店", "source_dataset" : "ntpe_6ccd0274", "store_code" : "F001109"}}, {"type" : "Feature", "geometry" : {"type" : "Point", "coordinates" : [121.415227968905, 25.0214409805]}, "properties" : {"name" : "7-11莊龍門市", "address" : "242新北市新莊區龍安路66號", "city" : "新北市", "district" : "新莊區", "tel" : "02-27478711#3961", "store_type" : "連鎖型綠色商店", "source_dataset" : "ntpe_6ccd0274", "store_code" : "F001028"}}, {"type" : "Feature", "geometry" : {"type" : "Point", "coordinates" : [121.533499724014, 24.985012516838]}, "properties" : {"name" : "7-11莊鑫門市", "address" : "231新北市新店區中正路519號", "city" : "新北市", "district" : "新店區", "tel" : "02-27478711#3961", "store_type" : "連鎖型綠色商店", "source_dataset" : "ntpe_6ccd0274", "store_code" : "F001209"}}, {"type" : "Feature", "geometry" : {"type" : "Point", "coordinates" : [121.430065027173, 24.970324991723]}, "properties" : {"name" : "7-11連宇門市", "address" : "236新北市土城區自強街11巷2號", "city" : "新北市", "district" : "土城區", "tel" : "02-27478711#3961", "store_type" : "連鎖型綠色商店", "source_dataset" : "ntpe_6ccd0274", "store_code" : "F001570"}}, {"type" : "Feature", "geometry" : {"type" : "Point", "coordinates" : [121.494972976621, 24.992492401503]}, "properties" : {"name" : "7-11連通門市", "address" : "235新北市中和區圓通路293號", "city" : "新北市", "district" : "中和區", "tel" : "02-27478711#3961", "store_type" : "連鎖型綠色商店", "source_dataset" : "ntpe_6ccd0274", "store_code" : "F001645"}}, {"type" : "Feature", "geometry" : {"type" : "Point", "coordinates" : [121.499370039208, 24.998663996811]}, "properties" : {"name" : "7-11連勝門市", "address" : "235新北市中和區景平路513號", "city" : "新北市", "district" : "中和區", "tel" : "02-27478711#3961", "store_type" : "連鎖型綠色商店", "source_dataset" : "ntpe_6ccd0274", "store_code" : "F001250"}}, {"type" : "Feature", "geometry" : {"type" : "Point", "coordinates" : [121.541119963648, 24.980339019085]}, "properties" : {"name" : "7-11連豐門市", "address" : "231新北市新店區大豐路12號", "city" : "新北市", "district" : "新店區", "tel" : "02-27478711#3961", "store_type" : "連鎖型綠色商店", "source_dataset" : "ntpe_6ccd0274", "store_code" : "F001235"}}, {"type" : "Feature", "geometry" : {"type" : "Point", "coordinates" : [121.414204035613, 24.956473016625]}, "properties" : {"name" : "7-11頂埔門市", "address" : "236新北市土城區頂埔里中央路四段290號", "city" : "新北市", "district" : "土城區", "tel" : "02-27478711#3961", "store_type" : "連鎖型綠色商店", "source_dataset" : "ntpe_6ccd0274", "store_code" : "F001163"}}, {"type" : "Feature", "geometry" : {"type" : "Point", "coordinates" : [121.471902877778, 25.049435698916]}, "properties" : {"name" : "7-11頂崁門市", "address" : "241新北市三重區光復路一段70號1樓", "city" : "新北市", "district" : "三重區", "tel" : "02-27478711#3961", "store_type" : "連鎖型綠色商店", "source_dataset" : "ntpe_6ccd0274", "store_code" : "F001037"}}, {"type" : "Feature", "geometry" : {"type" : "Point", "coordinates" : [121.477641966882, 25.066469989282]}, "properties" : {"name" : "7-11頂華門市", "address" : "241新北市三重區頂崁街189號", "city" : "新北市", "district" : "三重區", "tel" : "02-27478711#3961", "store_type" : "連鎖型綠色商店", "source_dataset" : "ntpe_6ccd0274", "store_code" : "F000683"}}, {"type" : "Feature", "geometry" : {"type" : "Point", "coordinates" : [121.507650437536, 24.984637300942]}, "properties" : {"name" : "7-11頂新門市", "address" : "235新北市中和區華新街28號之1.2.3.", "city" : "新北市", "district" : "中和區", "tel" : "02-27478711#3961", "store_type" : "連鎖型綠色商店", "source_dataset" : "ntpe_6ccd0274", "store_code" : "F001310"}}, {"type" : "Feature", "geometry" : {"type" : "Point", "coordinates" : [121.411365001188, 25.019947995907]}, "properties" : {"name" : "7-11傑元門市", "address" : "242新北市新莊區中正路929巷27號", "city" : "新北市", "district" : "新莊區", "tel" : "02-27478711#3961", "store_type" : "連鎖型綠色商店", "source_dataset" : "ntpe_6ccd0274", "store_code" : "F000952"}}, {"type" : "Feature", "geometry" : {"type" : "Point", "coordinates" : [121.454576981, 25.053538011878]}, "properties" : {"name" : "7-11傑出門市", "address" : "242新北市新莊區昌平街69號", "city" : "新北市", "district" : "新莊區", "tel" : "02-27478711#3961", "store_type" : "連鎖型綠色商店", "source_dataset" : "ntpe_6ccd0274", "store_code" : "F001637"}}, {"type" : "Feature", "geometry" : {"type" : "Point", "coordinates" : [121.419775989568, 24.978707020627]}, "properties" : {"name" : "7-11凱園門市", "address" : "238新北市樹林區名園街45號", "city" : "新北市", "district" : "樹林區", "tel" : "02-27478711#3961", "store_type" : "連鎖型綠色商店", "source_dataset" : "ntpe_6ccd0274", "store_code" : "F001414"}}, {"type" : "Feature", "geometry" : {"type" : "Point", "coordinates" : [121.478185030389, 25.023295015573]}, "properties" : {"name" : "7-11勝多門市", "address" : "220新北市板橋區縣民大道三段270巷2-6號", "city" : "新北市", "district" : "板橋區", "tel" : "02-27478711#3961", "store_type" : "連鎖型綠色商店", "source_dataset" : "ntpe_6ccd0274", "store_code" : "F001443"}}, {"type" : "Feature", "geometry" : {"type" : "Point", "coordinates" : [121.638049409048, 25.068427067251]}, "properties" : {"name" : "7-11勝福門市", "address" : "221新北市汐止區福德一路89、91號", "city" : "新北市", "district" : "汐止區", "tel" : "02-27478711#3961", "store_type" : "連鎖型綠色商店", "source_dataset" : "ntpe_6ccd0274", "store_code" : "F001328"}}, {"type" : "Feature", "geometry" : {"type" : "Point", "coordinates" : [121.331002833942, 24.93714371926]}, "properties" : {"name" : "7-11博鑫門市", "address" : "239新北市鶯歌區中正三路283-1.283-2號1樓", "city" : "新北市", "district" : "鶯歌區", "tel" : "02-27478711#3961", "store_type" : "連鎖型綠色商店", "source_dataset" : "ntpe_6ccd0274", "store_code" : "F001515"}}, {"type" : "Feature", "geometry" : {"type" : "Point", "coordinates" : [121.398727605771, 25.144901217495]}, "properties" : {"name" : "7-11喜城門市", "address" : "249新北市八里區中華路二段562號", "city" : "新北市", "district" : "八里區", "tel" : "02-27478711#3961", "store_type" : "連鎖型綠色商店", "source_dataset" : "ntpe_6ccd0274", "store_code" : "F001174"}}, {"type" : "Feature", "geometry" : {"type" : "Point", "coordinates" : [121.476216037514, 25.052063006466]}, "properties" : {"name" : "7-11富仟門市", "address" : "241新北市三重區五谷王北街139號", "city" : "新北市", "district" : "三重區", "tel" : "02-27478711#3961", "store_type" : "連鎖型綠色商店", "source_dataset" : "ntpe_6ccd0274", "store_code" : "F001225"}}, {"type" : "Feature", "geometry" : {"type" : "Point", "coordinates" : [121.455739718608, 25.045367709848]}, "properties" : {"name" : "7-11富旺門市", "address" : "242新北市新莊區自立街172號", "city" : "新北市", "district" : "新莊區", "tel" : "02-27478711#3961", "store_type" : "連鎖型綠色商店", "source_dataset" : "ntpe_6ccd0274", "store_code" : "F001242"}}, {"type" : "Feature", "geometry" : {"type" : "Point", "coordinates" : [121.515214015504, 25.012055009143]}, "properties" : {"name" : "7-11富朋門市", "address" : "234新北市永和區永和路二段116號", "city" : "新北市", "district" : "永和區", "tel" : "02-27478711#3961", "store_type" : "連鎖型綠色商店", "source_dataset" : "ntpe_6ccd0274", "store_code" : "F001440"}}, {"type" : "Feature", "geometry" : {"type" : "Point", "coordinates" : [121.45003298365, 25.066818005902]}, "properties" : {"name" : "7-11富美門市", "address" : "248新北市五股區五股工業區五權路23號", "city" : "新北市", "district" : "五股區", "tel" : "02-27478711#3961", "store_type" : "連鎖型綠色商店", "source_dataset" : "ntpe_6ccd0274", "store_code" : "F000953"}}, {"type" : "Feature", "geometry" : {"type" : "Point", "coordinates" : [121.453410387716, 25.06845951782]}, "properties" : {"name" : "7-11富得門市", "address" : "248新北市五股區五權路48號1樓", "city" : "新北市", "district" : "五股區", "tel" : "02-27478711#3961", "store_type" : "連鎖型綠色商店", "source_dataset" : "ntpe_6ccd0274", "store_code" : "F001548"}}, {"type" : "Feature", "geometry" : {"type" : "Point", "coordinates" : [121.433759015721, 25.011376996996]}, "properties" : {"name" : "7-11富新門市", "address" : "242新北市新莊區瓊林南路118-5號", "city" : "新北市", "district" : "新莊區", "tel" : "02-27478711#3961", "store_type" : "連鎖型綠色商店", "source_dataset" : "ntpe_6ccd0274", "store_code" : "F001336"}}, {"type" : "Feature", "geometry" : {"type" : "Point", "coordinates" : [121.621205025176, 25.041339995824]}, "properties" : {"name" : "7-11富鄰門市", "address" : "221新北市汐止區宜興街8號", "city" : "新北市", "district" : "汐止區", "tel" : "02-27478711#3961", "store_type" : "連鎖型綠色商店", "source_dataset" : "ntpe_6ccd0274", "store_code" : "F001319"}}, {"type" : "Feature", "geometry" : {"type" : "Point", "coordinates" : [121.502319966211, 24.99013201566]}, "properties" : {"name" : "7-11富興門市", "address" : "235新北市中和區中興里復興路277-1.279號", "city" : "新北市", "district" : "中和區", "tel" : "02-27478711#3961", "store_type" : "連鎖型綠色商店", "source_dataset" : "ntpe_6ccd0274", "store_code" : "F001346"}}, {"type" : "Feature", "geometry" : {"type" : "Point", "coordinates" : [121.418393981372, 25.026311997802]}, "properties" : {"name" : "7-11富營門市", "address" : "242新北市新莊區富國路20號1樓", "city" : "新北市", "district" : "新莊區", "tel" : "02-27478711#3961", "store_type" : "連鎖型綠色商店", "source_dataset" : "ntpe_6ccd0274", "store_code" : "F001593"}}, {"type" : "Feature", "geometry" : {"type" : "Point", "coordinates" : [121.639075997117, 25.07836898094]}, "properties" : {"name" : "7-11尊爵門市", "address" : "221新北市汐止區伯爵街32號", "city" : "新北市", "district" : "汐止區", "tel" : "02-27478711#3961", "store_type" : "連鎖型綠色商店", "source_dataset" : "ntpe_6ccd0274", "store_code" : "F001099"}}, {"type" : "Feature", "geometry" : {"type" : "Point", "coordinates" : [121.423006877966, 24.961869579256]}, "properties" : {"name" : "7-11崴城門市", "address" : "236新北市土城區中央路4段35-3號", "city" : "新北市", "district" : "土城區", "tel" : "02-27478711#3961", "store_type" : "連鎖型綠色商店", "source_dataset" : "ntpe_6ccd0274", "store_code" : "F001057"}}, {"type" : "Feature", "geometry" : {"type" : "Point", "coordinates" : [121.41918196409, 24.989537990181]}, "properties" : {"name" : "7-11復育門市", "address" : "238新北市樹林區樹西里13鄰育英街146號1樓.", "city" : "新北市", "district" : "樹林區", "tel" : "02-27478711#3961", "store_type" : "連鎖型綠色商店", "source_dataset" : "ntpe_6ccd0274", "store_code" : "F001117"}}, {"type" : "Feature", "geometry" : {"type" : "Point", "coordinates" : [121.518164026327, 25.003248981667]}, "properties" : {"name" : "7-11復美門市", "address" : "234新北市永和區秀朗路1段146號", "city" : "新北市", "district" : "永和區", "tel" : "02-27478711#3961", "store_type" : "連鎖型綠色商店", "source_dataset" : "ntpe_6ccd0274", "store_code" : "F001532"}}, {"type" : "Feature", "geometry" : {"type" : "Point", "coordinates" : [121.370580001441, 24.938289986429]}, "properties" : {"name" : "7-11復峽門市", "address" : "237新北市三峽區復興路157.159號", "city" : "新北市", "district" : "三峽區", "tel" : "02-27478711#3961", "store_type" : "連鎖型綠色商店", "source_dataset" : "ntpe_6ccd0274", "store_code" : "F001453"}}, {"type" : "Feature", "geometry" : {"type" : "Point", "coordinates" : [121.471921988517, 25.059702985482]}, "properties" : {"name" : "7-11復貴門市", "address" : "241新北市三重區頂崁里光復路2段140-1號", "city" : "新北市", "district" : "三重區", "tel" : "02-27478711#3961", "store_type" : "連鎖型綠色商店", "source_dataset" : "ntpe_6ccd0274", "store_code" : "F001613"}}, {"type" : "Feature", "geometry" : {"type" : "Point", "coordinates" : [121.511399495188, 24.957364515847]}, "properties" : {"name" : "7-11景大門市", "address" : "231新北市新店區安忠路71巷1號1樓", "city" : "新北市", "district" : "新店區", "tel" : "02-27478711#3961", "store_type" : "連鎖型綠色商店", "source_dataset" : "ntpe_6ccd0274", "store_code" : "F001110"}}, {"type" : "Feature", "geometry" : {"type" : "Point", "coordinates" : [121.51183300722, 24.986372983542]}, "properties" : {"name" : "7-11景仁門市", "address" : "235新北市中和區東南里14鄰忠孝街103號1樓", "city" : "新北市", "district" : "中和區", "tel" : "02-27478711#3961", "store_type" : "連鎖型綠色商店", "source_dataset" : "ntpe_6ccd0274", "store_code" : "F000512"}}, {"type" : "Feature", "geometry" : {"type" : "Point", "coordinates" : [121.503871959403, 24.99085998395]}, "properties" : {"name" : "7-11景安門市", "address" : "235新北市中和區景安路210號", "city" : "新北市", "district" : "中和區", "tel" : "02-27478711#3961", "store_type" : "連鎖型綠色商店", "source_dataset" : "ntpe_6ccd0274", "store_code" : "F000518"}}, {"type" : "Feature", "geometry" : {"type" : "Point", "coordinates" : [121.4928304, 25.003819]}, "properties" : {"name" : "7-11景旺門市", "address" : "235新北市中和區成功南路1號", "city" : "新北市", "district" : "中和區", "tel" : "02-27478711#3961", "store_type" : "連鎖型綠色商店", "source_dataset" : "ntpe_6ccd0274", "store_code" : "F001032"}}, {"type" : "Feature", "geometry" : {"type" : "Point", "coordinates" : [121.517155934832, 24.992265084289]}, "properties" : {"name" : "7-11景勇門市", "address" : "235新北市中和區景平路166號", "city" : "新北市", "district" : "中和區", "tel" : "02-27478711#3961", "store_type" : "連鎖型綠色商店", "source_dataset" : "ntpe_6ccd0274", "store_code" : "F001302"}}, {"type" : "Feature", "geometry" : {"type" : "Point", "coordinates" : [121.484781085274, 25.000144618098]}, "properties" : {"name" : "7-11景順門市", "address" : "235新北市中和區平河里中正路755之1號", "city" : "新北市", "district" : "中和區", "tel" : "02-27478711#3961", "store_type" : "連鎖型綠色商店", "source_dataset" : "ntpe_6ccd0274", "store_code" : "F001347"}}, {"type" : "Feature", "geometry" : {"type" : "Point", "coordinates" : [121.497506993589, 24.995373010168]}, "properties" : {"name" : "7-11景圓門市", "address" : "235新北市中和區圓通路162-1.162-21F", "city" : "新北市", "district" : "中和區", "tel" : "02-27478711#3961", "store_type" : "連鎖型綠色商店", "source_dataset" : "ntpe_6ccd0274", "store_code" : "F001148"}}, {"type" : "Feature", "geometry" : {"type" : "Point", "coordinates" : [121.513052993227, 24.988297007507]}, "properties" : {"name" : "7-11景新門市", "address" : "235新北市中和區景新街436號", "city" : "新北市", "district" : "中和區", "tel" : "02-27478711#3961", "store_type" : "連鎖型綠色商店", "source_dataset" : "ntpe_6ccd0274", "store_code" : "F001180"}}, {"type" : "Feature", "geometry" : {"type" : "Point", "coordinates" : [121.509274179819, 24.951987902146]}, "properties" : {"name" : "7-11景愿門市", "address" : "231新北市新店區安忠路99號1樓", "city" : "新北市", "district" : "新店區", "tel" : "02-27478711#3961", "store_type" : "連鎖型綠色商店", "source_dataset" : "ntpe_6ccd0274", "store_code" : "F001422"}}, {"type" : "Feature", "geometry" : {"type" : "Point", "coordinates" : [121.514251018648, 24.98833568999]}, "properties" : {"name" : "7-11景福門市", "address" : "235新北市中和區景新街467巷22號", "city" : "新北市", "district" : "中和區", "tel" : "02-27478711#3961", "store_type" : "連鎖型綠色商店", "source_dataset" : "ntpe_6ccd0274", "store_code" : "F000935"}}, {"type" : "Feature", "geometry" : {"type" : "Point", "coordinates" : [121.505389000059, 24.995632010976]}, "properties" : {"name" : "7-11景禮門市", "address" : "235新北市中和區景安路100.102號", "city" : "新北市", "district" : "中和區", "tel" : "02-27478711#3961", "store_type" : "連鎖型綠色商店", "source_dataset" : "ntpe_6ccd0274", "store_code" : "F000942"}}, {"type" : "Feature", "geometry" : {"type" : "Point", "coordinates" : [121.48493983852, 24.997753093484]}, "properties" : {"name" : "7-11景鑫門市", "address" : "235新北市中和區中正路683號", "city" : "新北市", "district" : "中和區", "tel" : "02-27478711#3961", "store_type" : "連鎖型綠色商店", "source_dataset" : "ntpe_6ccd0274", "store_code" : "F001155"}}, {"type" : "Feature", "geometry" : {"type" : "Point", "coordinates" : [121.514038034488, 24.995288981588]}, "properties" : {"name" : "7-11智光門市", "address" : "234新北市永和區中正路88號", "city" : "新北市", "district" : "永和區", "tel" : "02-27478711#3961", "store_type" : "連鎖型綠色商店", "source_dataset" : "ntpe_6ccd0274", "store_code" : "F001524"}}, {"type" : "Feature", "geometry" : {"type" : "Point", "coordinates" : [121.467892975299, 25.082836996337]}, "properties" : {"name" : "7-11智華門市", "address" : "247新北市蘆洲區光華路72號", "city" : "新北市", "district" : "蘆洲區", "tel" : "02-27478711#3961", "store_type" : "連鎖型綠色商店", "source_dataset" : "ntpe_6ccd0274", "store_code" : "F001284"}}, {"type" : "Feature", "geometry" : {"type" : "Point", "coordinates" : [121.653597979645, 25.066542995659]}, "properties" : {"name" : "7-11智慧門市", "address" : "221新北市汐止區大同路2段281號", "city" : "新北市", "district" : "汐止區", "tel" : "02-27478711#3961", "store_type" : "連鎖型綠色商店", "source_dataset" : "ntpe_6ccd0274", "store_code" : "F001022"}}, {"type" : "Feature", "geometry" : {"type" : "Point", "coordinates" : [121.458128980109, 25.021968998491]}, "properties" : {"name" : "7-11智樂門市", "address" : "220新北市板橋區新生街89巷2號", "city" : "新北市", "district" : "板橋區", "tel" : "02-27478711#3961", "store_type" : "連鎖型綠色商店", "source_dataset" : "ntpe_6ccd0274", "store_code" : "F000960"}}, {"type" : "Feature", "geometry" : {"type" : "Point", "coordinates" : [121.451706011524, 25.051291997103]}, "properties" : {"name" : "7-11港義門市", "address" : "242新北市新莊區中港路527號", "city" : "新北市", "district" : "新莊區", "tel" : "02-27478711#3961", "store_type" : "連鎖型綠色商店", "source_dataset" : "ntpe_6ccd0274", "store_code" : "F000966"}}, {"type" : "Feature", "geometry" : {"type" : "Point", "coordinates" : [121.459990014071, 25.138990006009]}, "properties" : {"name" : "7-11渡船頭門市", "address" : "251新北市淡水區中正路57.59號", "city" : "新北市", "district" : "淡水區", "tel" : "02-27478711#3961", "store_type" : "連鎖型綠色商店", "source_dataset" : "ntpe_6ccd0274", "store_code" : "F001293"}}, {"type" : "Feature", "geometry" : {"type" : "Point", "coordinates" : [121.631330028936, 25.07097601661]}, "properties" : {"name" : "7-11湖前門市", "address" : "221新北市汐止區湖前街99.101號", "city" : "新北市", "district" : "汐止區", "tel" : "02-27478711#3961", "store_type" : "連鎖型綠色商店", "source_dataset" : "ntpe_6ccd0274", "store_code" : "F000514"}}, {"type" : "Feature", "geometry" : {"type" : "Point", "coordinates" : [121.468505021869, 25.045459994602]}, "properties" : {"name" : "7-11湯旺門市", "address" : "241新北市三重區中興里重新路5段609巷2-1號", "city" : "新北市", "district" : "三重區", "tel" : "02-27478711#3961", "store_type" : "連鎖型綠色商店", "source_dataset" : "ntpe_6ccd0274", "store_code" : "F001278"}}, {"type" : "Feature", "geometry" : {"type" : "Point", "coordinates" : [121.468502591117, 25.045900882709]}, "properties" : {"name" : "7-11湯城門市", "address" : "241新北市三重區重新路5段609巷10號之6", "city" : "新北市", "district" : "三重區", "tel" : "02-27478711#3961", "store_type" : "連鎖型綠色商店", "source_dataset" : "ntpe_6ccd0274", "store_code" : "F001006"}}, {"type" : "Feature", "geometry" : {"type" : "Point", "coordinates" : [121.397341993357, 25.079351004716]}, "properties" : {"name" : "7-11登林門市", "address" : "244新北市林口區粉寮路1段84號", "city" : "新北市", "district" : "林口區", "tel" : "02-27478711#3961", "store_type" : "連鎖型綠色商店", "source_dataset" : "ntpe_6ccd0274", "store_code" : "F001373"}}, {"type" : "Feature", "geometry" : {"type" : "Point", "coordinates" : [121.653483985762, 25.062417003821]}, "properties" : {"name" : "7-11登峰門市", "address" : "221新北市汐止區新台五路1段151號", "city" : "新北市", "district" : "汐止區", "tel" : "02-27478711#3961", "store_type" : "連鎖型綠色商店", "source_dataset" : "ntpe_6ccd0274", "store_code" : "F001040"}}, {"type" : "Feature", "geometry" : {"type" : "Point", "coordinates" : [121.471939674333, 25.05345209737]}, "properties" : {"name" : "7-11登頂門市", "address" : "241新北市三重區光復路2段2號", "city" : "新北市", "district" : "三重區", "tel" : "02-27478711#3961", "store_type" : "連鎖型綠色商店", "source_dataset" : "ntpe_6ccd0274", "store_code" : "F001494"}}, {"type" : "Feature", "geometry" : {"type" : "Point", "coordinates" : [121.429321971456, 25.070405711918]}, "properties" : {"name" : "7-11登福門市", "address" : "248新北市五股區登林路76之3號", "city" : "新北市", "district" : "五股區", "tel" : "02-27478711#3961", "store_type" : "連鎖型綠色商店", "source_dataset" : "ntpe_6ccd0274", "store_code" : "F001400"}}, {"type" : "Feature", "geometry" : {"type" : "Point", "coordinates" : [121.462183977227, 25.080436000172]}, "properties" : {"name" : "7-11華安門市", "address" : "247新北市蘆洲區長安街82號", "city" : "新北市", "district" : "蘆洲區", "tel" : "02-27478711#3961", "store_type" : "連鎖型綠色商店", "source_dataset" : "ntpe_6ccd0274", "store_code" : "F001026"}}, {"type" : "Feature", "geometry" : {"type" : "Point", "coordinates" : [121.471336009666, 25.024381980777]}, "properties" : {"name" : "7-11華翠門市", "address" : "220新北市板橋區莒光路63號", "city" : "新北市", "district" : "板橋區", "tel" : "02-27478711#3961", "store_type" : "連鎖型綠色商店", "source_dataset" : "ntpe_6ccd0274", "store_code" : "F001063"}}, {"type" : "Feature", "geometry" : {"type" : "Point", "coordinates" : [121.421259167335, 25.031385689523]}, "properties" : {"name" : "7-11貴鳳門市", "address" : "243新北市泰山區貴鳳街2號", "city" : "新北市", "district" : "泰山區", "tel" : "02-27478711#3961", "store_type" : "連鎖型綠色商店", "source_dataset" : "ntpe_6ccd0274", "store_code" : "F001294"}}, {"type" : "Feature", "geometry" : {"type" : "Point", "coordinates" : [121.45784055882, 25.004368384836]}, "properties" : {"name" : "7-11貴興門市", "address" : "220新北市板橋區貴興路7號", "city" : "新北市", "district" : "板橋區", "tel" : "02-27478711#3961", "store_type" : "連鎖型綠色商店", "source_dataset" : "ntpe_6ccd0274", "store_code" : "F001004"}}, {"type" : "Feature", "geometry" : {"type" : "Point", "coordinates" : [121.65571499693, 25.066578995933]}, "properties" : {"name" : "7-11進益門市", "address" : "221新北市汐止區大同路二段314號", "city" : "新北市", "district" : "汐止區", "tel" : "02-27478711#3961", "store_type" : "連鎖型綠色商店", "source_dataset" : "ntpe_6ccd0274", "store_code" : "F001254"}}, {"type" : "Feature", "geometry" : {"type" : "Point", "coordinates" : [121.668718010964, 25.081344011743]}, "properties" : {"name" : "7-11鄉長門市", "address" : "221新北市汐止區鄉長路二段16號", "city" : "新北市", "district" : "汐止區", "tel" : "02-27478711#3961", "store_type" : "連鎖型綠色商店", "source_dataset" : "ntpe_6ccd0274", "store_code" : "F001595"}}, {"type" : "Feature", "geometry" : {"type" : "Point", "coordinates" : [121.453397982499, 24.982966997187]}, "properties" : {"name" : "7-11隆城門市", "address" : "236新北市土城區學士路14號", "city" : "新北市", "district" : "土城區", "tel" : "02-27478711#3961", "store_type" : "連鎖型綠色商店", "source_dataset" : "ntpe_6ccd0274", "store_code" : "F001517"}}, {"type" : "Feature", "geometry" : {"type" : "Point", "coordinates" : [121.469784016474, 25.011804013053]}, "properties" : {"name" : "7-11雅盛門市", "address" : "220新北市板橋區長安里漢生東路187號", "city" : "新北市", "district" : "板橋區", "tel" : "02-27478711#3961", "store_type" : "連鎖型綠色商店", "source_dataset" : "ntpe_6ccd0274", "store_code" : "F001484"}}, {"type" : "Feature", "geometry" : {"type" : "Point", "coordinates" : [121.489462797292, 25.052941681376]}, "properties" : {"name" : "7-11集美門市", "address" : "241新北市三重區集美街107號", "city" : "新北市", "district" : "三重區", "tel" : "02-27478711#3961", "store_type" : "連鎖型綠色商店", "source_dataset" : "ntpe_6ccd0274", "store_code" : "F001101"}}, {"type" : "Feature", "geometry" : {"type" : "Point", "coordinates" : [121.481114002634, 25.083690986542]}, "properties" : {"name" : "7-11集賢門市", "address" : "247新北市蘆洲區集賢路271號", "city" : "新北市", "district" : "蘆洲區", "tel" : "02-27478711#3961", "store_type" : "連鎖型綠色商店", "source_dataset" : "ntpe_6ccd0274", "store_code" : "F001193"}}, {"type" : "Feature", "geometry" : {"type" : "Point", "coordinates" : [121.491011018628, 25.053983007117]}, "properties" : {"name" : "7-11集興門市", "address" : "241新北市三重區光明里24鄰集美街202號", "city" : "新北市", "district" : "三重區", "tel" : "02-27478711#3961", "store_type" : "連鎖型綠色商店", "source_dataset" : "ntpe_6ccd0274", "store_code" : "F001445"}}, {"type" : "Feature", "geometry" : {"type" : "Point", "coordinates" : [121.410588920773, 24.977889617429]}, "properties" : {"name" : "7-11順興門市", "address" : "238新北市樹林區東興街41號", "city" : "新北市", "district" : "樹林區", "tel" : "02-27478711#3961", "store_type" : "連鎖型綠色商店", "source_dataset" : "ntpe_6ccd0274", "store_code" : "F001526"}}, {"type" : "Feature", "geometry" : {"type" : "Point", "coordinates" : [121.481926963423, 25.078869003374]}, "properties" : {"name" : "7-11匯和門市", "address" : "241新北市三重區三和路4段390巷2號", "city" : "新北市", "district" : "三重區", "tel" : "02-27478711#3961", "store_type" : "連鎖型綠色商店", "source_dataset" : "ntpe_6ccd0274", "store_code" : "F001477"}}, {"type" : "Feature", "geometry" : {"type" : "Point", "coordinates" : [121.453737030483, 25.009268990256]}, "properties" : {"name" : "7-11園林門市", "address" : "220新北市板橋區光華里林園街1號", "city" : "新北市", "district" : "板橋區", "tel" : "02-27478711#3961", "store_type" : "連鎖型綠色商店", "source_dataset" : "ntpe_6ccd0274", "store_code" : "F001525"}}, {"type" : "Feature", "geometry" : {"type" : "Point", "coordinates" : [121.368056797128, 24.926933513455]}, "properties" : {"name" : "7-11園道門市", "address" : "237新北市三峽區中園街22號", "city" : "新北市", "district" : "三峽區", "tel" : "02-27478711#3961", "store_type" : "連鎖型綠色商店", "source_dataset" : "ntpe_6ccd0274", "store_code" : "F001061"}}, {"type" : "Feature", "geometry" : {"type" : "Point", "coordinates" : [121.491645025784, 24.990729016713]}, "properties" : {"name" : "7-11圓通門市", "address" : "235新北市中和區圓通路280.282號", "city" : "新北市", "district" : "中和區", "tel" : "02-27478711#3961", "store_type" : "連鎖型綠色商店", "source_dataset" : "ntpe_6ccd0274", "store_code" : "F000559"}}, {"type" : "Feature", "geometry" : {"type" : "Point", "coordinates" : [121.469175993218, 25.049391987291]}, "properties" : {"name" : "7-11愛家門市", "address" : "241新北市三重區中興北街42巷11號", "city" : "新北市", "district" : "三重區", "tel" : "02-27478711#3961", "store_type" : "連鎖型綠色商店", "source_dataset" : "ntpe_6ccd0274", "store_code" : "F001270"}}, {"type" : "Feature", "geometry" : {"type" : "Point", "coordinates" : [121.389177013835, 25.076484016644]}, "properties" : {"name" : "7-11愛鄉門市", "address" : "244新北市林口區仁愛路1段635號", "city" : "新北市", "district" : "林口區", "tel" : "02-27478711#3961", "store_type" : "連鎖型綠色商店", "source_dataset" : "ntpe_6ccd0274", "store_code" : "F001555"}}, {"type" : "Feature", "geometry" : {"type" : "Point", "coordinates" : [121.635538331063, 25.061368804919]}, "properties" : {"name" : "7-11新工建門市", "address" : "221新北市汐止區中興路60號", "city" : "新北市", "district" : "汐止區", "tel" : "02-27478711#3961", "store_type" : "連鎖型綠色商店", "source_dataset" : "ntpe_6ccd0274", "store_code" : "F001332"}}, {"type" : "Feature", "geometry" : {"type" : "Point", "coordinates" : [121.541645006063, 24.97180900768]}, "properties" : {"name" : "7-11新中門市", "address" : "231新北市新店區中正路152號", "city" : "新北市", "district" : "新店區", "tel" : "02-27478711#3961", "store_type" : "連鎖型綠色商店", "source_dataset" : "ntpe_6ccd0274", "store_code" : "F001213"}}, {"type" : "Feature", "geometry" : {"type" : "Point", "coordinates" : [121.466496969325, 25.052136012843]}, "properties" : {"name" : "7-11新化成門市", "address" : "242新北市新莊區化成路500號", "city" : "新北市", "district" : "新莊區", "tel" : "02-27478711#3961", "store_type" : "連鎖型綠色商店", "source_dataset" : "ntpe_6ccd0274", "store_code" : "F001391"}}, {"type" : "Feature", "geometry" : {"type" : "Point", "coordinates" : [121.450724406843, 25.062059389922]}, "properties" : {"name" : "7-11新台門市", "address" : "248新北市五股區五工六路14號", "city" : "新北市", "district" : "五股區", "tel" : "02-27478711#3961", "store_type" : "連鎖型綠色商店", "source_dataset" : "ntpe_6ccd0274", "store_code" : "F001506"}}, {"type" : "Feature", "geometry" : {"type" : "Point", "coordinates" : [121.463139262732, 25.031078995686]}, "properties" : {"name" : "7-11新巨蛋門市", "address" : "220新北市板橋區長江路一段419.421.423號", "city" : "新北市", "district" : "板橋區", "tel" : "02-27478711#3961", "store_type" : "連鎖型綠色商店", "source_dataset" : "ntpe_6ccd0274", "store_code" : "F001487"}}, {"type" : "Feature", "geometry" : {"type" : "Point", "coordinates" : [121.444773004132, 25.182711982719]}, "properties" : {"name" : "7-11新市鎮門市", "address" : "251新北市淡水區中山北路一段382號", "city" : "新北市", "district" : "淡水區", "tel" : "02-27478711#3961", "store_type" : "連鎖型綠色商店", "source_dataset" : "ntpe_6ccd0274", "store_code" : "F001429"}}, {"type" : "Feature", "geometry" : {"type" : "Point", "coordinates" : [121.53415803869, 24.989984997078]}, "properties" : {"name" : "7-11新正門市", "address" : "231新北市新店區中正路682號", "city" : "新北市", "district" : "新店區", "tel" : "02-27478711#3961", "store_type" : "連鎖型綠色商店", "source_dataset" : "ntpe_6ccd0274", "store_code" : "F000564"}}, {"type" : "Feature", "geometry" : {"type" : "Point", "coordinates" : [121.474419041292, 25.001486979891]}, "properties" : {"name" : "7-11新民享門市", "address" : "235新北市中和區民享街91號", "city" : "新北市", "district" : "中和區", "tel" : "02-27478711#3961", "store_type" : "連鎖型綠色商店", "source_dataset" : "ntpe_6ccd0274", "store_code" : "F001127"}}, {"type" : "Feature", "geometry" : {"type" : "Point", "coordinates" : [121.522175306675, 25.000619448704]}, "properties" : {"name" : "7-11新永元門市", "address" : "234新北市永和區永元路28、30號", "city" : "新北市", "district" : "永和區", "tel" : "02-27478711#3961", "store_type" : "連鎖型綠色商店", "source_dataset" : "ntpe_6ccd0274", "store_code" : "F001354"}}, {"type" : "Feature", "geometry" : {"type" : "Point", "coordinates" : [121.430707667689, 24.964868582303]}, "properties" : {"name" : "7-11新永寧門市", "address" : "236新北市土城區中央路三段191之1號、永寧路1、3號", "city" : "新北市", "district" : "土城區", "tel" : "02-27478711#3961", "store_type" : "連鎖型綠色商店", "source_dataset" : "ntpe_6ccd0274", "store_code" : "F001624"}}, {"type" : "Feature", "geometry" : {"type" : "Point", "coordinates" : [121.463538995694, 25.007084792018]}, "properties" : {"name" : "7-11新兆圓門市", "address" : "220新北市板橋區實踐路34.34-1號1樓", "city" : "新北市", "district" : "板橋區", "tel" : "02-27478711#3961", "store_type" : "連鎖型綠色商店", "source_dataset" : "ntpe_6ccd0274", "store_code" : "F001508"}}, {"type" : "Feature", "geometry" : {"type" : "Point", "coordinates" : [121.473424025566, 25.080912008454]}, "properties" : {"name" : "7-11新吉麗門市", "address" : "247新北市蘆洲區中山一路204號1樓", "city" : "新北市", "district" : "蘆洲區", "tel" : "02-27478711#3961", "store_type" : "連鎖型綠色商店", "source_dataset" : "ntpe_6ccd0274", "store_code" : "F001205"}}, {"type" : "Feature", "geometry" : {"type" : "Point", "coordinates" : [121.422554674289, 24.997698192018]}, "properties" : {"name" : "7-11新宇鈞門市", "address" : "238新北市樹林區大安路115.117號1樓", "city" : "新北市", "district" : "樹林區", "tel" : "02-27478711#3961", "store_type" : "連鎖型綠色商店", "source_dataset" : "ntpe_6ccd0274", "store_code" : "F001380"}}, {"type" : "Feature", "geometry" : {"type" : "Point", "coordinates" : [121.430941019874, 25.020824994436]}, "properties" : {"name" : "7-11新安門市", "address" : "242新北市新莊區民安東路127號", "city" : "新北市", "district" : "新莊區", "tel" : "02-27478711#3961", "store_type" : "連鎖型綠色商店", "source_dataset" : "ntpe_6ccd0274", "store_code" : "F001349"}}, {"type" : "Feature", "geometry" : {"type" : "Point", "coordinates" : [121.446380988437, 25.031728006448]}, "properties" : {"name" : "7-11新年門市", "address" : "242新北市新莊區豐年街54號", "city" : "新北市", "district" : "新莊區", "tel" : "02-27478711#3961", "store_type" : "連鎖型綠色商店", "source_dataset" : "ntpe_6ccd0274", "store_code" : "F000521"}}, {"type" : "Feature", "geometry" : {"type" : "Point", "coordinates" : [121.661825991078, 25.073567994439]}, "properties" : {"name" : "7-11新旭勝門市", "address" : "221新北市汐止區建成路160巷2號", "city" : "新北市", "district" : "汐止區", "tel" : "02-27478711#3961", "store_type" : "連鎖型綠色商店", "source_dataset" : "ntpe_6ccd0274", "store_code" : "F001177"}}, {"type" : "Feature", "geometry" : {"type" : "Point", "coordinates" : [121.641994231522, 25.064055634979]}, "properties" : {"name" : "7-11新汐農門市", "address" : "221新北市汐止區樟樹一路113、115號", "city" : "新北市", "district" : "汐止區", "tel" : "02-27478711#3961", "store_type" : "連鎖型綠色商店", "source_dataset" : "ntpe_6ccd0274", "store_code" : "F001053"}}, {"type" : "Feature", "geometry" : {"type" : "Point", "coordinates" : [121.428672960693, 25.026972994687]}, "properties" : {"name" : "7-11新宏盛門市", "address" : "242新北市新莊區後港一路114號", "city" : "新北市", "district" : "新莊區", "tel" : "02-27478711#3961", "store_type" : "連鎖型綠色商店", "source_dataset" : "ntpe_6ccd0274", "store_code" : "F001015"}}, {"type" : "Feature", "geometry" : {"type" : "Point", "coordinates" : [121.434276598242, 24.97242449083]}, "properties" : {"name" : "7-11新亞洲門市", "address" : "236新北市土城區亞洲路104號", "city" : "新北市", "district" : "土城區", "tel" : "02-27478711#3961", "store_type" : "連鎖型綠色商店", "source_dataset" : "ntpe_6ccd0274", "store_code" : "F001246"}}, {"type" : "Feature", "geometry" : {"type" : "Point", "coordinates" : [121.519853985645, 24.985527584788]}, "properties" : {"name" : "7-11新和門市", "address" : "231新北市新店區新和街57號", "city" : "新北市", "district" : "新店區", "tel" : "02-27478711#3961", "store_type" : "連鎖型綠色商店", "source_dataset" : "ntpe_6ccd0274", "store_code" : "F001410"}}, {"type" : "Feature", "geometry" : {"type" : "Point", "coordinates" : [121.488736002468, 24.994575011076]}, "properties" : {"name" : "7-11新和高門市", "address" : "235新北市中和區中正路502號1樓", "city" : "新北市", "district" : "中和區", "tel" : "02-27478711#3961", "store_type" : "連鎖型綠色商店", "source_dataset" : "ntpe_6ccd0274", "store_code" : "F001478"}}, {"type" : "Feature", "geometry" : {"type" : "Point", "coordinates" : [121.547594983851, 24.95184901401]}, "properties" : {"name" : "7-11新宜門市", "address" : "231新北市新店區北宜路二段4.6號", "city" : "新北市", "district" : "新店區", "tel" : "02-27478711#3961", "store_type" : "連鎖型綠色商店", "source_dataset" : "ntpe_6ccd0274", "store_code" : "F001041"}}, {"type" : "Feature", "geometry" : {"type" : "Point", "coordinates" : [121.53778438528, 24.957871118075]}, "properties" : {"name" : "7-11新店站門市", "address" : "231新北市新店區北宜路一段2號", "city" : "新北市", "district" : "新店區", "tel" : "02-27478711#3961", "store_type" : "連鎖型綠色商店", "source_dataset" : "ntpe_6ccd0274", "store_code" : "F001571"}}, {"type" : "Feature", "geometry" : {"type" : "Point", "coordinates" : [121.394695994162, 25.077222001309]}, "properties" : {"name" : "7-11新林口門市", "address" : "244新北市林口區中正路83號", "city" : "新北市", "district" : "林口區", "tel" : "02-27478711#3961", "store_type" : "連鎖型綠色商店", "source_dataset" : "ntpe_6ccd0274", "store_code" : "F001476"}}, {"type" : "Feature", "geometry" : {"type" : "Point", "coordinates" : [121.461985996674, 25.015259997461]}, "properties" : {"name" : "7-11新板橋門市", "address" : "220新北市板橋區文化路1段135號", "city" : "新北市", "district" : "板橋區", "tel" : "02-27478711#3961", "store_type" : "連鎖型綠色商店", "source_dataset" : "ntpe_6ccd0274", "store_code" : "F001067"}}, {"type" : "Feature", "geometry" : {"type" : "Point", "coordinates" : [121.540586958425, 24.984945000608]}, "properties" : {"name" : "7-11新矽谷門市", "address" : "231新北市新店區北新路三段205-1號", "city" : "新北市", "district" : "新店區", "tel" : "02-27478711#3961", "store_type" : "連鎖型綠色商店", "source_dataset" : "ntpe_6ccd0274", "store_code" : "F001359"}}, {"type" : "Feature", "geometry" : {"type" : "Point", "coordinates" : [121.507292362632, 25.008388806604]}, "properties" : {"name" : "7-11新保捷門市", "address" : "234新北市永和區保生路22巷2號1樓", "city" : "新北市", "district" : "永和區", "tel" : "02-27478711#3961", "store_type" : "連鎖型綠色商店", "source_dataset" : "ntpe_6ccd0274", "store_code" : "F001169"}}, {"type" : "Feature", "geometry" : {"type" : "Point", "coordinates" : [121.507236958252, 25.013609013992]}, "properties" : {"name" : "7-11新保福門市", "address" : "234新北市永和區保安路220號", "city" : "新北市", "district" : "永和區", "tel" : "02-27478711#3961", "store_type" : "連鎖型綠色商店", "source_dataset" : "ntpe_6ccd0274", "store_code" : "F000961"}}, {"type" : "Feature", "geometry" : {"type" : "Point", "coordinates" : [121.761840033234, 25.100830008788]}, "properties" : {"name" : "7-11新建興門市", "address" : "224新北市瑞芳區大埔路138號", "city" : "新北市", "district" : "瑞芳區", "tel" : "02-27478711#3961", "store_type" : "連鎖型綠色商店", "source_dataset" : "ntpe_6ccd0274", "store_code" : "F001536"}}, {"type" : "Feature", "geometry" : {"type" : "Point", "coordinates" : [121.441729535089, 25.181648989758]}, "properties" : {"name" : "7-11新春門市", "address" : "251新北市淡水區新春街140號", "city" : "新北市", "district" : "淡水區", "tel" : "02-27478711#3961", "store_type" : "連鎖型綠色商店", "source_dataset" : "ntpe_6ccd0274", "store_code" : "F001324"}}, {"type" : "Feature", "geometry" : {"type" : "Point", "coordinates" : [121.483680038472, 25.063098997373]}, "properties" : {"name" : "7-11新洛華門市", "address" : "241新北市三重區中華路95號", "city" : "新北市", "district" : "三重區", "tel" : "02-27478711#3961", "store_type" : "連鎖型綠色商店", "source_dataset" : "ntpe_6ccd0274", "store_code" : "F001496"}}, {"type" : "Feature", "geometry" : {"type" : "Point", "coordinates" : [121.465470018548, 25.044544984142]}, "properties" : {"name" : "7-11新茂門市", "address" : "242新北市新莊區化成路118.120號", "city" : "新北市", "district" : "新莊區", "tel" : "02-27478711#3961", "store_type" : "連鎖型綠色商店", "source_dataset" : "ntpe_6ccd0274", "store_code" : "F001108"}}, {"type" : "Feature", "geometry" : {"type" : "Point", "coordinates" : [121.428140961299, 25.01462900779]}, "properties" : {"name" : "7-11新展盛門市", "address" : "242新北市新莊區西盛街325.327號1樓", "city" : "新北市", "district" : "新莊區", "tel" : "02-27478711#3961", "store_type" : "連鎖型綠色商店", "source_dataset" : "ntpe_6ccd0274", "store_code" : "F001596"}}, {"type" : "Feature", "geometry" : {"type" : "Point", "coordinates" : [121.44572803818, 25.040152992606]}, "properties" : {"name" : "7-11新泰門市", "address" : "242新北市新莊區新泰路267號", "city" : "新北市", "district" : "新莊區", "tel" : "02-27478711#3961", "store_type" : "連鎖型綠色商店", "source_dataset" : "ntpe_6ccd0274", "store_code" : "F001656"}}, {"type" : "Feature", "geometry" : {"type" : "Point", "coordinates" : [121.460955022583, 25.023313288122]}, "properties" : {"name" : "7-11新海門市", "address" : "220新北市板橋區文德里新海路138號", "city" : "新北市", "district" : "板橋區", "tel" : "02-27478711#3961", "store_type" : "連鎖型綠色商店", "source_dataset" : "ntpe_6ccd0274", "store_code" : "F001334"}}, {"type" : "Feature", "geometry" : {"type" : "Point", "coordinates" : [121.438197987824, 25.177172005725]}, "properties" : {"name" : "7-11新真理門市", "address" : "251新北市淡水區新民街102.104號", "city" : "新北市", "district" : "淡水區", "tel" : "02-27478711#3961", "store_type" : "連鎖型綠色商店", "source_dataset" : "ntpe_6ccd0274", "store_code" : "F000978"}}, {"type" : "Feature", "geometry" : {"type" : "Point", "coordinates" : [121.437422997056, 25.178886985024]}, "properties" : {"name" : "7-11新淡專門市", "address" : "251新北市淡水區新民街180巷12.16號", "city" : "新北市", "district" : "淡水區", "tel" : "02-27478711#3961", "store_type" : "連鎖型綠色商店", "source_dataset" : "ntpe_6ccd0274", "store_code" : "F001497"}}, {"type" : "Feature", "geometry" : {"type" : "Point", "coordinates" : [121.654704474683, 25.071329984381]}, "properties" : {"name" : "7-11新盛昌門市", "address" : "221新北市汐止區長江街13巷1號", "city" : "新北市", "district" : "汐止區", "tel" : "02-27478711#3961", "store_type" : "連鎖型綠色商店", "source_dataset" : "ntpe_6ccd0274", "store_code" : "F001516"}}, {"type" : "Feature", "geometry" : {"type" : "Point", "coordinates" : [121.446867977011, 25.036748012079]}, "properties" : {"name" : "7-11新統義門市", "address" : "242新北市新莊區建中街92號1樓", "city" : "新北市", "district" : "新莊區", "tel" : "02-27478711#3961", "store_type" : "連鎖型綠色商店", "source_dataset" : "ntpe_6ccd0274", "store_code" : "F001424"}}, {"type" : "Feature", "geometry" : {"type" : "Point", "coordinates" : [121.419290006822, 24.959889019355]}, "properties" : {"name" : "7-11新通信門市", "address" : "236新北市土城區中央路四段70.72號", "city" : "新北市", "district" : "土城區", "tel" : "02-27478711#3961", "store_type" : "連鎖型綠色商店", "source_dataset" : "ntpe_6ccd0274", "store_code" : "F001644"}}, {"type" : "Feature", "geometry" : {"type" : "Point", "coordinates" : [121.487991102733, 24.995899016501]}, "properties" : {"name" : "7-11新連正門市", "address" : "235新北市中和區連城路347巷2號", "city" : "新北市", "district" : "中和區", "tel" : "02-27478711#3961", "store_type" : "連鎖型綠色商店", "source_dataset" : "ntpe_6ccd0274", "store_code" : "F001300"}}, {"type" : "Feature", "geometry" : {"type" : "Point", "coordinates" : [121.68985826042, 25.204886810484]}, "properties" : {"name" : "7-11新野柳門市", "address" : "207新北市萬里鄉野柳港東路158號", "city" : "新北市", "district" : null, "tel" : "02-27478711#3961", "store_type" : "連鎖型綠色商店", "source_dataset" : "ntpe_6ccd0274", "store_code" : "F001507"}}, {"type" : "Feature", "geometry" : {"type" : "Point", "coordinates" : [121.509021968352, 24.983078979414]}, "properties" : {"name" : "7-11新景和門市", "address" : "235新北市中和區忠孝街1-2號", "city" : "新北市", "district" : "中和區", "tel" : "02-27478711#3961", "store_type" : "連鎖型綠色商店", "source_dataset" : "ntpe_6ccd0274", "store_code" : "F001234"}}, {"type" : "Feature", "geometry" : {"type" : "Point", "coordinates" : [121.451364029875, 25.054072986848]}, "properties" : {"name" : "7-11新港原門市", "address" : "242新北市新莊區中原路201.203號1樓", "city" : "新北市", "district" : "新莊區", "tel" : "02-27478711#3961", "store_type" : "連鎖型綠色商店", "source_dataset" : "ntpe_6ccd0274", "store_code" : "F001472"}}, {"type" : "Feature", "geometry" : {"type" : "Point", "coordinates" : [121.419164026817, 24.964889998066]}, "properties" : {"name" : "7-11新紫城門市", "address" : "236新北市土城區福安街38、40號", "city" : "新北市", "district" : "土城區", "tel" : "02-27478711#3961", "store_type" : "連鎖型綠色商店", "source_dataset" : "ntpe_6ccd0274", "store_code" : "F001076"}}, {"type" : "Feature", "geometry" : {"type" : "Point", "coordinates" : [121.428583022872, 25.063948000345]}, "properties" : {"name" : "7-11新陽光門市", "address" : "243新北市泰山區泰林路2段368.370號", "city" : "新北市", "district" : "泰山區", "tel" : "02-27478711#3961", "store_type" : "連鎖型綠色商店", "source_dataset" : "ntpe_6ccd0274", "store_code" : "F001632"}}, {"type" : "Feature", "geometry" : {"type" : "Point", "coordinates" : [121.54072509219, 24.986279399593]}, "properties" : {"name" : "7-11新順安門市", "address" : "231新北市新店區順安街57號", "city" : "新北市", "district" : "新店區", "tel" : "02-27478711#3961", "store_type" : "連鎖型綠色商店", "source_dataset" : "ntpe_6ccd0274", "store_code" : "F001052"}}, {"type" : "Feature", "geometry" : {"type" : "Point", "coordinates" : [121.92350599073, 25.048599017341]}, "properties" : {"name" : "7-11新順興門市", "address" : "228新北市貢寮區仁和路2號", "city" : "新北市", "district" : "貢寮區", "tel" : "02-27478711#3961", "store_type" : "連鎖型綠色商店", "source_dataset" : "ntpe_6ccd0274", "store_code" : "F001579"}}, {"type" : "Feature", "geometry" : {"type" : "Point", "coordinates" : [121.434944300649, 25.076565991657]}, "properties" : {"name" : "7-11新圓山門市", "address" : "248新北市五股區成泰路一段191號", "city" : "新北市", "district" : "五股區", "tel" : "02-27478711#3961", "store_type" : "連鎖型綠色商店", "source_dataset" : "ntpe_6ccd0274", "store_code" : "F001377"}}, {"type" : "Feature", "geometry" : {"type" : "Point", "coordinates" : [121.542903297368, 24.97806790051]}, "properties" : {"name" : "7-11新極景門市", "address" : "231新北市新店區北新路2段252-1號", "city" : "新北市", "district" : "新店區", "tel" : "02-27478711#3961", "store_type" : "連鎖型綠色商店", "source_dataset" : "ntpe_6ccd0274", "store_code" : "F001649"}}, {"type" : "Feature", "geometry" : {"type" : "Point", "coordinates" : [121.517740321121, 24.983629712362]}, "properties" : {"name" : "7-11新猷門市", "address" : "231新北市新店區安和路三段77號", "city" : "新北市", "district" : "新店區", "tel" : "02-27478711#3961", "store_type" : "連鎖型綠色商店", "source_dataset" : "ntpe_6ccd0274", "store_code" : "F001093"}}, {"type" : "Feature", "geometry" : {"type" : "Point", "coordinates" : [121.478979970086, 25.08553500524]}, "properties" : {"name" : "7-11新義民門市", "address" : "247新北市蘆洲區民族路122.124號", "city" : "新北市", "district" : "蘆洲區", "tel" : "02-27478711#3961", "store_type" : "連鎖型綠色商店", "source_dataset" : "ntpe_6ccd0274", "store_code" : "F001216"}}, {"type" : "Feature", "geometry" : {"type" : "Point", "coordinates" : [121.449224968184, 24.988060009195]}, "properties" : {"name" : "7-11新裕生門市", "address" : "236新北市土城區裕民路57號、55巷2號", "city" : "新北市", "district" : "土城區", "tel" : "02-27478711#3961", "store_type" : "連鎖型綠色商店", "source_dataset" : "ntpe_6ccd0274", "store_code" : "F001199"}}, {"type" : "Feature", "geometry" : {"type" : "Point", "coordinates" : [121.445737006816, 25.012298000517]}, "properties" : {"name" : "7-11新僑中門市", "address" : "220新北市板橋區僑中一街124巷3弄3號", "city" : "新北市", "district" : "板橋區", "tel" : "02-27478711#3961", "store_type" : "連鎖型綠色商店", "source_dataset" : "ntpe_6ccd0274", "store_code" : "F001539"}}, {"type" : "Feature", "geometry" : {"type" : "Point", "coordinates" : [121.530493973536, 24.973714004724]}, "properties" : {"name" : "7-11新福民門市", "address" : "231新北市新店區中央路135號", "city" : "新北市", "district" : "新店區", "tel" : "02-27478711#3961", "store_type" : "連鎖型綠色商店", "source_dataset" : "ntpe_6ccd0274", "store_code" : "F001560"}}, {"type" : "Feature", "geometry" : {"type" : "Point", "coordinates" : [121.944520930734, 25.016770416413]}, "properties" : {"name" : "7-11新福隆門市", "address" : "228新北市貢寮區福隆村興隆街24-1號", "city" : "新北市", "district" : "貢寮區", "tel" : "02-27478711#3961", "store_type" : "連鎖型綠色商店", "source_dataset" : "ntpe_6ccd0274", "store_code" : "F001438"}}, {"type" : "Feature", "geometry" : {"type" : "Point", "coordinates" : [121.458279938185, 25.065394591105]}, "properties" : {"name" : "7-11新福圓門市", "address" : "242新北市新莊區五工三路93號1樓", "city" : "新北市", "district" : "新莊區", "tel" : "02-27478711#3961", "store_type" : "連鎖型綠色商店", "source_dataset" : "ntpe_6ccd0274", "store_code" : "F001304"}}, {"type" : "Feature", "geometry" : {"type" : "Point", "coordinates" : [121.479970430761, 25.023080165185]}, "properties" : {"name" : "7-11新翠華門市", "address" : "220新北市板橋區三民路一段31巷14、16號", "city" : "新北市", "district" : "板橋區", "tel" : "02-27478711#3961", "store_type" : "連鎖型綠色商店", "source_dataset" : "ntpe_6ccd0274", "store_code" : "F001576"}}, {"type" : "Feature", "geometry" : {"type" : "Point", "coordinates" : [121.429819185953, 25.031007581871]}, "properties" : {"name" : "7-11新遠門市", "address" : "242新北市新莊區中正路651號之8號", "city" : "新北市", "district" : "新莊區", "tel" : "02-27478711#3961", "store_type" : "連鎖型綠色商店", "source_dataset" : "ntpe_6ccd0274", "store_code" : "F001050"}}, {"type" : "Feature", "geometry" : {"type" : "Point", "coordinates" : [121.533785882189, 24.984545602922]}, "properties" : {"name" : "7-11新廣門市", "address" : "231新北市新店區中正路542之2號", "city" : "新北市", "district" : "新店區", "tel" : "02-27478711#3961", "store_type" : "連鎖型綠色商店", "source_dataset" : "ntpe_6ccd0274", "store_code" : "F001441"}}, {"type" : "Feature", "geometry" : {"type" : "Point", "coordinates" : [121.640735027213, 25.068412998257]}, "properties" : {"name" : "7-11新樟樹門市", "address" : "221新北市汐止區樟樹二路255號", "city" : "新北市", "district" : "汐止區", "tel" : "02-27478711#3961", "store_type" : "連鎖型綠色商店", "source_dataset" : "ntpe_6ccd0274", "store_code" : "F001001"}}, {"type" : "Feature", "geometry" : {"type" : "Point", "coordinates" : [121.452867994762, 24.985521004994]}, "properties" : {"name" : "7-11新學府門市", "address" : "236新北市土城區學府路1段169號", "city" : "新北市", "district" : "土城區", "tel" : "02-27478711#3961", "store_type" : "連鎖型綠色商店", "source_dataset" : "ntpe_6ccd0274", "store_code" : "F001312"}}, {"type" : "Feature", "geometry" : {"type" : "Point", "coordinates" : [121.416180991296, 25.000918016304]}, "properties" : {"name" : "7-11新樹工門市", "address" : "238新北市樹林區保安街二段6號", "city" : "新北市", "district" : "樹林區", "tel" : "02-27478711#3961", "store_type" : "連鎖型綠色商店", "source_dataset" : "ntpe_6ccd0274", "store_code" : "F001471"}}, {"type" : "Feature", "geometry" : {"type" : "Point", "coordinates" : [121.434883867127, 25.022635108336]}, "properties" : {"name" : "7-11新樹門市", "address" : "242新北市新莊區新樹路166號.民安路461號", "city" : "新北市", "district" : "新莊區", "tel" : "02-27478711#3961", "store_type" : "連鎖型綠色商店", "source_dataset" : "ntpe_6ccd0274", "store_code" : "F000977"}}, {"type" : "Feature", "geometry" : {"type" : "Point", "coordinates" : [121.551188976295, 24.909401002763]}, "properties" : {"name" : "7-11新燕門市", "address" : "231新北市新店區新烏路2段382.384號1樓", "city" : "新北市", "district" : "新店區", "tel" : "02-27478711#3961", "store_type" : "連鎖型綠色商店", "source_dataset" : "ntpe_6ccd0274", "store_code" : "F001367"}}, {"type" : "Feature", "geometry" : {"type" : "Point", "coordinates" : [121.48028159583, 25.000448420178]}, "properties" : {"name" : "7-11新積穗門市", "address" : "235新北市中和區民安街27.29號1樓", "city" : "新北市", "district" : "中和區", "tel" : "02-27478711#3961", "store_type" : "連鎖型綠色商店", "source_dataset" : "ntpe_6ccd0274", "store_code" : "F001436"}}, {"type" : "Feature", "geometry" : {"type" : "Point", "coordinates" : [121.479480034429, 24.94480498831]}, "properties" : {"name" : "7-11新錦秀門市", "address" : "231新北市新店區錦秀路13.15號1樓", "city" : "新北市", "district" : "新店區", "tel" : "02-27478711#3961", "store_type" : "連鎖型綠色商店", "source_dataset" : "ntpe_6ccd0274", "store_code" : "F001642"}}, {"type" : "Feature", "geometry" : {"type" : "Point", "coordinates" : [121.425888995373, 25.014327804099]}, "properties" : {"name" : "7-11新龍門市", "address" : "242新北市新莊區光明里民安西路232號", "city" : "新北市", "district" : "新莊區", "tel" : "02-27478711#3961", "store_type" : "連鎖型綠色商店", "source_dataset" : "ntpe_6ccd0274", "store_code" : "F001243"}}, {"type" : "Feature", "geometry" : {"type" : "Point", "coordinates" : [121.422971087239, 25.019209214961]}, "properties" : {"name" : "7-11新龍俊門市", "address" : "242新北市新莊區龍安路351.353號1樓", "city" : "新北市", "district" : "新莊區", "tel" : "02-27478711#3961", "store_type" : "連鎖型綠色商店", "source_dataset" : "ntpe_6ccd0274", "store_code" : "F001106"}}, {"type" : "Feature", "geometry" : {"type" : "Point", "coordinates" : [121.534170024811, 24.990535017564]}, "properties" : {"name" : "7-11新鵬門市", "address" : "231新北市新店區中正路696號1樓", "city" : "新北市", "district" : "新店區", "tel" : "02-27478711#3961", "store_type" : "連鎖型綠色商店", "source_dataset" : "ntpe_6ccd0274", "store_code" : "F001132"}}, {"type" : "Feature", "geometry" : {"type" : "Point", "coordinates" : [121.550692013256, 24.978173009575]}, "properties" : {"name" : "7-11新寶橋門市", "address" : "231新北市新店區寶橋路192號", "city" : "新北市", "district" : "新店區", "tel" : "02-27478711#3961", "store_type" : "連鎖型綠色商店", "source_dataset" : "ntpe_6ccd0274", "store_code" : "F001011"}}, {"type" : "Feature", "geometry" : {"type" : "Point", "coordinates" : [121.355523002034, 24.954339989905]}, "properties" : {"name" : "7-11新鶯歌站門市", "address" : "239新北市鶯歌區文化路68號之1", "city" : "新北市", "district" : "鶯歌區", "tel" : "02-27478711#3961", "store_type" : "連鎖型綠色商店", "source_dataset" : "ntpe_6ccd0274", "store_code" : "F001265"}}, {"type" : "Feature", "geometry" : {"type" : "Point", "coordinates" : [121.44686202586, 25.002778002528]}, "properties" : {"name" : "7-11新觀和門市", "address" : "220新北市板橋區大觀路二段55.57號1樓", "city" : "新北市", "district" : "板橋區", "tel" : "02-27478711#3961", "store_type" : "連鎖型綠色商店", "source_dataset" : "ntpe_6ccd0274", "store_code" : "F001602"}}, {"type" : "Feature", "geometry" : {"type" : "Point", "coordinates" : [121.509889914426, 24.995446100363]}, "properties" : {"name" : "7-11椰城門市", "address" : "235新北市中和區安平路61號", "city" : "新北市", "district" : "中和區", "tel" : "02-27478711#3961", "store_type" : "連鎖型綠色商店", "source_dataset" : "ntpe_6ccd0274", "store_code" : "F001618"}}, {"type" : "Feature", "geometry" : {"type" : "Point", "coordinates" : [121.644246096912, 25.215466249705]}, "properties" : {"name" : "7-11溫泉門市", "address" : "207新北市萬里鄉加投路197-2號", "city" : "新北市", "district" : null, "tel" : "02-27478711#3961", "store_type" : "連鎖型綠色商店", "source_dataset" : "ntpe_6ccd0274", "store_code" : "F001357"}}, {"type" : "Feature", "geometry" : {"type" : "Point", "coordinates" : [121.429796135719, 24.992224893063]}, "properties" : {"name" : "7-11溪崑門市", "address" : "220新北市板橋區大觀路三段236號1F之6", "city" : "新北市", "district" : "板橋區", "tel" : "02-27478711#3961", "store_type" : "連鎖型綠色商店", "source_dataset" : "ntpe_6ccd0274", "store_code" : "F001489"}}, {"type" : "Feature", "geometry" : {"type" : "Point", "coordinates" : [121.478928002286, 25.027631015995]}, "properties" : {"name" : "7-11瑞林門市", "address" : "220新北市板橋區龍翠里大同街52號", "city" : "新北市", "district" : "板橋區", "tel" : "02-27478711#3961", "store_type" : "連鎖型綠色商店", "source_dataset" : "ntpe_6ccd0274", "store_code" : "F001236"}}, {"type" : "Feature", "geometry" : {"type" : "Point", "coordinates" : [121.80716819214, 25.107993979523]}, "properties" : {"name" : "7-11瑞芳門市", "address" : "224新北市瑞芳區明燈路3段50號.", "city" : "新北市", "district" : "瑞芳區", "tel" : "02-27478711#3961", "store_type" : "連鎖型綠色商店", "source_dataset" : "ntpe_6ccd0274", "store_code" : "F001102"}}, {"type" : "Feature", "geometry" : {"type" : "Point", "coordinates" : [121.806179965756, 25.107349997902]}, "properties" : {"name" : "7-11瑞信門市", "address" : "224新北市瑞芳區民生街23號", "city" : "新北市", "district" : "瑞芳區", "tel" : "02-27478711#3961", "store_type" : "連鎖型綠色商店", "source_dataset" : "ntpe_6ccd0274", "store_code" : "F001383"}}, {"type" : "Feature", "geometry" : {"type" : "Point", "coordinates" : [121.455633016981, 25.021263996615]}, "properties" : {"name" : "7-11瑞新門市", "address" : "220新北市板橋區瑞安街75號", "city" : "新北市", "district" : "板橋區", "tel" : "02-27478711#3961", "store_type" : "連鎖型綠色商店", "source_dataset" : "ntpe_6ccd0274", "store_code" : "F001657"}}, {"type" : "Feature", "geometry" : {"type" : "Point", "coordinates" : [121.829402028504, 25.121749981829]}, "properties" : {"name" : "7-11瑞濱門市", "address" : "224新北市瑞芳區海濱路157號", "city" : "新北市", "district" : "瑞芳區", "tel" : "02-27478711#3961", "store_type" : "連鎖型綠色商店", "source_dataset" : "ntpe_6ccd0274", "store_code" : "F000493"}}, {"type" : "Feature", "geometry" : {"type" : "Point", "coordinates" : [121.329097040616, 24.969343009856]}, "properties" : {"name" : "7-11萬全門市", "address" : "239新北市鶯歌區鶯桃路660號", "city" : "新北市", "district" : "鶯歌區", "tel" : "02-27478711#3961", "store_type" : "連鎖型綠色商店", "source_dataset" : "ntpe_6ccd0274", "store_code" : "F001307"}}, {"type" : "Feature", "geometry" : {"type" : "Point", "coordinates" : [121.474221039238, 25.022558321176]}, "properties" : {"name" : "7-11萬板門市", "address" : "220新北市板橋區莒光路221、223號", "city" : "新北市", "district" : "板橋區", "tel" : "02-27478711#3961", "store_type" : "連鎖型綠色商店", "source_dataset" : "ntpe_6ccd0274", "store_code" : "F001584"}}, {"type" : "Feature", "geometry" : {"type" : "Point", "coordinates" : [121.376047013968, 24.936326986615]}, "properties" : {"name" : "7-11萬誠門市", "address" : "237新北市三峽區民生街25號.27巷1號", "city" : "新北市", "district" : "三峽區", "tel" : "02-27478711#3961", "store_type" : "連鎖型綠色商店", "source_dataset" : "ntpe_6ccd0274", "store_code" : "F001083"}}, {"type" : "Feature", "geometry" : {"type" : "Point", "coordinates" : [121.471632980496, 25.022227999299]}, "properties" : {"name" : "7-11萬鄰門市", "address" : "220新北市板橋區華江里民生路二段226巷46號1樓", "city" : "新北市", "district" : "板橋區", "tel" : "02-27478711#3961", "store_type" : "連鎖型綠色商店", "source_dataset" : "ntpe_6ccd0274", "store_code" : "F001537"}}, {"type" : "Feature", "geometry" : {"type" : "Point", "coordinates" : [121.428791564623, 25.05249119599]}, "properties" : {"name" : "7-11義學門市", "address" : "243新北市泰山區明志路2段74.76號", "city" : "新北市", "district" : "泰山區", "tel" : "02-27478711#3961", "store_type" : "連鎖型綠色商店", "source_dataset" : "ntpe_6ccd0274", "store_code" : "F000934"}}, {"type" : "Feature", "geometry" : {"type" : "Point", "coordinates" : [121.461740993644, 25.08971799402]}, "properties" : {"name" : "7-11群英門市", "address" : "247新北市蘆洲區長樂路231號", "city" : "新北市", "district" : "蘆洲區", "tel" : "02-27478711#3961", "store_type" : "連鎖型綠色商店", "source_dataset" : "ntpe_6ccd0274", "store_code" : "F000921"}}, {"type" : "Feature", "geometry" : {"type" : "Point", "coordinates" : [121.483234037405, 25.002778002528]}, "properties" : {"name" : "7-11聖武門市", "address" : "235新北市中和區新生街112號", "city" : "新北市", "district" : "中和區", "tel" : "02-27478711#3961", "store_type" : "連鎖型綠色商店", "source_dataset" : "ntpe_6ccd0274", "store_code" : "F000542"}}, {"type" : "Feature", "geometry" : {"type" : "Point", "coordinates" : [121.451992002061, 25.226647991327]}, "properties" : {"name" : "7-11聖約翰門市", "address" : "251新北市淡水區淡金路四段532號", "city" : "新北市", "district" : "淡水區", "tel" : "02-27478711#3961", "store_type" : "連鎖型綠色商店", "source_dataset" : "ntpe_6ccd0274", "store_code" : "F001095"}}, {"type" : "Feature", "geometry" : {"type" : "Point", "coordinates" : [121.353220325593, 24.949439510214]}, "properties" : {"name" : "7-11聖陶門市", "address" : "239新北市鶯歌區文化路407.411號", "city" : "新北市", "district" : "鶯歌區", "tel" : "02-27478711#3961", "store_type" : "連鎖型綠色商店", "source_dataset" : "ntpe_6ccd0274", "store_code" : "F001594"}}, {"type" : "Feature", "geometry" : {"type" : "Point", "coordinates" : [121.44807396524, 24.982906018842]}, "properties" : {"name" : "7-11聖運門市", "address" : "236新北市土城區柑林里明德路二段159號", "city" : "新北市", "district" : "土城區", "tel" : "02-27478711#3961", "store_type" : "連鎖型綠色商店", "source_dataset" : "ntpe_6ccd0274", "store_code" : "F001500"}}, {"type" : "Feature", "geometry" : {"type" : "Point", "coordinates" : [121.44807396524, 24.982906018842]}, "properties" : {"name" : "7-11聖運門市", "address" : "236新北市土城區柑林里明德路二段159號", "city" : "新北市", "district" : "土城區", "tel" : "02-27478711#3961", "store_type" : "連鎖型綠色商店", "source_dataset" : "ntpe_6ccd0274", "store_code" : "F001330"}}, {"type" : "Feature", "geometry" : {"type" : "Point", "coordinates" : [121.459051995286, 25.027543006012]}, "properties" : {"name" : "7-11裕民門市", "address" : "220新北市板橋區裕民街126號", "city" : "新北市", "district" : "板橋區", "tel" : "02-27478711#3961", "store_type" : "連鎖型綠色商店", "source_dataset" : "ntpe_6ccd0274", "store_code" : "F001492"}}, {"type" : "Feature", "geometry" : {"type" : "Point", "coordinates" : [121.455524974249, 25.016675994274]}, "properties" : {"name" : "7-11路加門市", "address" : "220新北市板橋區大仁街27號", "city" : "新北市", "district" : "板橋區", "tel" : "02-27478711#3961", "store_type" : "連鎖型綠色商店", "source_dataset" : "ntpe_6ccd0274", "store_code" : "F000945"}}, {"type" : "Feature", "geometry" : {"type" : "Point", "coordinates" : [121.505190013677, 24.942674015156]}, "properties" : {"name" : "7-11達冠門市", "address" : "231新北市新店區達觀路6號地下壹樓之一", "city" : "新北市", "district" : "新店區", "tel" : "02-27478711#3961", "store_type" : "連鎖型綠色商店", "source_dataset" : "ntpe_6ccd0274", "store_code" : "F001664"}}, {"type" : "Feature", "geometry" : {"type" : "Point", "coordinates" : [121.446586009789, 25.01182500972]}, "properties" : {"name" : "7-11僑一門市", "address" : "220新北市板橋區僑中一街104號", "city" : "新北市", "district" : "板橋區", "tel" : "02-27478711#3961", "store_type" : "連鎖型綠色商店", "source_dataset" : "ntpe_6ccd0274", "store_code" : "F001582"}}, {"type" : "Feature", "geometry" : {"type" : "Point", "coordinates" : [121.429141726669, 24.89925712324]}, "properties" : {"name" : "7-11嘉添門市", "address" : "237新北市三峽區嘉添109-2號", "city" : "新北市", "district" : "三峽區", "tel" : "02-27478711#3961", "store_type" : "連鎖型綠色商店", "source_dataset" : "ntpe_6ccd0274", "store_code" : "F001339"}}, {"type" : "Feature", "geometry" : {"type" : "Point", "coordinates" : [121.508087972881, 24.986726993223]}, "properties" : {"name" : "7-11壽南門市", "address" : "235新北市中和區興南路1段164號", "city" : "新北市", "district" : "中和區", "tel" : "02-27478711#3961", "store_type" : "連鎖型綠色商店", "source_dataset" : "ntpe_6ccd0274", "store_code" : "F001287"}}, {"type" : "Feature", "geometry" : {"type" : "Point", "coordinates" : [121.465990031821, 25.004991579338]}, "properties" : {"name" : "7-11實全門市", "address" : "220新北市板橋區實踐路93巷52號", "city" : "新北市", "district" : "板橋區", "tel" : "02-27478711#3961", "store_type" : "連鎖型綠色商店", "source_dataset" : "ntpe_6ccd0274", "store_code" : "F001129"}}, {"type" : "Feature", "geometry" : {"type" : "Point", "coordinates" : [121.544288909782, 24.969917715047]}, "properties" : {"name" : "7-11嶄新門市", "address" : "231新北市新店區中正路57-2號1樓", "city" : "新北市", "district" : "新店區", "tel" : "02-27478711#3961", "store_type" : "連鎖型綠色商店", "source_dataset" : "ntpe_6ccd0274", "store_code" : "F001049"}}, {"type" : "Feature", "geometry" : {"type" : "Point", "coordinates" : [121.44811897606, 25.050858987985]}, "properties" : {"name" : "7-11榮和門市", "address" : "242新北市新莊區中和街216號", "city" : "新北市", "district" : "新莊區", "tel" : "02-27478711#3961", "store_type" : "連鎖型綠色商店", "source_dataset" : "ntpe_6ccd0274", "store_code" : "F001418"}}, {"type" : "Feature", "geometry" : {"type" : "Point", "coordinates" : [121.449726038356, 25.052669018066]}, "properties" : {"name" : "7-11榮富門市", "address" : "242新北市新莊區中榮街43.47號", "city" : "新北市", "district" : "新莊區", "tel" : "02-27478711#3961", "store_type" : "連鎖型綠色商店", "source_dataset" : "ntpe_6ccd0274", "store_code" : "F000926"}}, {"type" : "Feature", "geometry" : {"type" : "Point", "coordinates" : [121.418164987777, 24.983786998775]}, "properties" : {"name" : "7-11榮德門市", "address" : "238新北市樹林區東榮街8-10號", "city" : "新北市", "district" : "樹林區", "tel" : "02-27478711#3961", "store_type" : "連鎖型綠色商店", "source_dataset" : "ntpe_6ccd0274", "store_code" : "F001173"}}, {"type" : "Feature", "geometry" : {"type" : "Point", "coordinates" : [121.346408688159, 24.948572192783]}, "properties" : {"name" : "7-11歌亭門市", "address" : "239新北市鶯歌區尖山里尖山路150號", "city" : "新北市", "district" : "鶯歌區", "tel" : "02-27478711#3961", "store_type" : "連鎖型綠色商店", "source_dataset" : "ntpe_6ccd0274", "store_code" : "F001275"}}, {"type" : "Feature", "geometry" : {"type" : "Point", "coordinates" : [121.342968000724, 24.955651296748]}, "properties" : {"name" : "7-11歌園門市", "address" : "239新北市鶯歌區國華路31號", "city" : "新北市", "district" : "鶯歌區", "tel" : "02-27478711#3961", "store_type" : "連鎖型綠色商店", "source_dataset" : "ntpe_6ccd0274", "store_code" : "F001556"}}, {"type" : "Feature", "geometry" : {"type" : "Point", "coordinates" : [121.333459821219, 24.957843080609]}, "properties" : {"name" : "7-11歌德門市", "address" : "239新北市鶯歌區德昌二街77號之1", "city" : "新北市", "district" : "鶯歌區", "tel" : "02-27478711#3961", "store_type" : "連鎖型綠色商店", "source_dataset" : "ntpe_6ccd0274", "store_code" : "F001046"}}, {"type" : "Feature", "geometry" : {"type" : "Point", "coordinates" : [121.502503026977, 25.003181004433]}, "properties" : {"name" : "7-11漳和門市", "address" : "235新北市中和區中山路2段131-6號", "city" : "新北市", "district" : "中和區", "tel" : "02-27478711#3961", "store_type" : "連鎖型綠色商店", "source_dataset" : "ntpe_6ccd0274", "store_code" : "F001091"}}, {"type" : "Feature", "geometry" : {"type" : "Point", "coordinates" : [121.465291986924, 25.031437992599]}, "properties" : {"name" : "7-11漢江門市", "address" : "220新北市板橋區柏翠里長江路二段110號", "city" : "新北市", "district" : "板橋區", "tel" : "02-27478711#3961", "store_type" : "連鎖型綠色商店", "source_dataset" : "ntpe_6ccd0274", "store_code" : "F001009"}}, {"type" : "Feature", "geometry" : {"type" : "Point", "coordinates" : [121.462847321044, 25.019342487221]}, "properties" : {"name" : "7-11漢西門市", "address" : "220新北市板橋區漢生西路82號", "city" : "新北市", "district" : "板橋區", "tel" : "02-27478711#3961", "store_type" : "連鎖型綠色商店", "source_dataset" : "ntpe_6ccd0274", "store_code" : "F001407"}}, {"type" : "Feature", "geometry" : {"type" : "Point", "coordinates" : [121.471815035432, 25.008224018388]}, "properties" : {"name" : "7-11漢東門市", "address" : "220新北市板橋區漢生東路309號", "city" : "新北市", "district" : "板橋區", "tel" : "02-27478711#3961", "store_type" : "連鎖型綠色商店", "source_dataset" : "ntpe_6ccd0274", "store_code" : "F001523"}}, {"type" : "Feature", "geometry" : {"type" : "Point", "coordinates" : [121.433438994658, 25.065488007416]}, "properties" : {"name" : "7-11滿泰門市", "address" : "243新北市泰山區明志路1段28號", "city" : "新北市", "district" : "泰山區", "tel" : "02-27478711#3961", "store_type" : "連鎖型綠色商店", "source_dataset" : "ntpe_6ccd0274", "store_code" : "F001064"}}, {"type" : "Feature", "geometry" : {"type" : "Point", "coordinates" : [121.445552688765, 25.168225204185]}, "properties" : {"name" : "7-11滬站門市", "address" : "251新北市淡水區中正路1號", "city" : "新北市", "district" : "淡水區", "tel" : "02-27478711#3961", "store_type" : "連鎖型綠色商店", "source_dataset" : "ntpe_6ccd0274", "store_code" : "F001131"}}, {"type" : "Feature", "geometry" : {"type" : "Point", "coordinates" : [121.53722858128, 24.956441584489]}, "properties" : {"name" : "7-11碧湖門市", "address" : "231新北市新店區新店路208號", "city" : "新北市", "district" : "新店區", "tel" : "02-27478711#3961", "store_type" : "連鎖型綠色商店", "source_dataset" : "ntpe_6ccd0274", "store_code" : "F000944"}}, {"type" : "Feature", "geometry" : {"type" : "Point", "coordinates" : [121.538118990854, 24.956883981338]}, "properties" : {"name" : "7-11碧潭門市", "address" : "231新北市新店區北宜路一段28號", "city" : "新北市", "district" : "新店區", "tel" : "02-27478711#3961", "store_type" : "連鎖型綠色商店", "source_dataset" : "ntpe_6ccd0274", "store_code" : "F001047"}}, {"type" : "Feature", "geometry" : {"type" : "Point", "coordinates" : [121.539039407642, 24.955183293184]}, "properties" : {"name" : "7-11碧興門市", "address" : "231新北市新店區北宜路一段110號", "city" : "新北市", "district" : "新店區", "tel" : "02-27478711#3961", "store_type" : "連鎖型綠色商店", "source_dataset" : "ntpe_6ccd0274", "store_code" : "F000955"}}, {"type" : "Feature", "geometry" : {"type" : "Point", "coordinates" : [121.66337798427, 25.064488004457]}, "properties" : {"name" : "7-11福仁門市", "address" : "221新北市汐止區仁愛路143號", "city" : "新北市", "district" : "汐止區", "tel" : "02-27478711#3961", "store_type" : "連鎖型綠色商店", "source_dataset" : "ntpe_6ccd0274", "store_code" : "F001491"}}, {"type" : "Feature", "geometry" : {"type" : "Point", "coordinates" : [121.408226816639, 25.016534507748]}, "properties" : {"name" : "7-11福多門市", "address" : "238新北市樹林區三福里12鄰三福街45號", "city" : "新北市", "district" : "樹林區", "tel" : "02-27478711#3961", "store_type" : "連鎖型綠色商店", "source_dataset" : "ntpe_6ccd0274", "store_code" : "F001409"}}, {"type" : "Feature", "geometry" : {"type" : "Point", "coordinates" : [121.636377024295, 25.066338016217]}, "properties" : {"name" : "7-11福百門市", "address" : "221新北市汐止區福德一路161號", "city" : "新北市", "district" : "汐止區", "tel" : "02-27478711#3961", "store_type" : "連鎖型綠色商店", "source_dataset" : "ntpe_6ccd0274", "store_code" : "F001538"}}, {"type" : "Feature", "geometry" : {"type" : "Point", "coordinates" : [121.477151709365, 25.017216920395]}, "properties" : {"name" : "7-11福利門市", "address" : "220新北市板橋區中山路二段172號", "city" : "新北市", "district" : "板橋區", "tel" : "02-27478711#3961", "store_type" : "連鎖型綠色商店", "source_dataset" : "ntpe_6ccd0274", "store_code" : "F001134"}}, {"type" : "Feature", "geometry" : {"type" : "Point", "coordinates" : [121.456786031582, 25.064656983625]}, "properties" : {"name" : "7-11福來門市", "address" : "242新北市新莊區五工路98號", "city" : "新北市", "district" : "新莊區", "tel" : "02-27478711#3961", "store_type" : "連鎖型綠色商店", "source_dataset" : "ntpe_6ccd0274", "store_code" : "F000962"}}, {"type" : "Feature", "geometry" : {"type" : "Point", "coordinates" : [121.517108996174, 24.993128001221]}, "properties" : {"name" : "7-11福和門市", "address" : "235新北市中和區秀朗里大勇街25巷1號", "city" : "新北市", "district" : "中和區", "tel" : "02-27478711#3961", "store_type" : "連鎖型綠色商店", "source_dataset" : "ntpe_6ccd0274", "store_code" : "F001269"}}, {"type" : "Feature", "geometry" : {"type" : "Point", "coordinates" : [121.458962979475, 25.066855012005]}, "properties" : {"name" : "7-11福旺門市", "address" : "242新北市新莊區福基里17鄰五權一路80號", "city" : "新北市", "district" : "新莊區", "tel" : "02-27478711#3961", "store_type" : "連鎖型綠色商店", "source_dataset" : "ntpe_6ccd0274", "store_code" : "F001256"}}, {"type" : "Feature", "geometry" : {"type" : "Point", "coordinates" : [121.496456992578, 25.004844979851]}, "properties" : {"name" : "7-11福美門市", "address" : "235新北市中和區景平路756.758號", "city" : "新北市", "district" : "中和區", "tel" : "02-27478711#3961", "store_type" : "連鎖型綠色商店", "source_dataset" : "ntpe_6ccd0274", "store_code" : "F001002"}}, {"type" : "Feature", "geometry" : {"type" : "Point", "coordinates" : [121.433533039612, 25.089732997627]}, "properties" : {"name" : "7-11福泰門市", "address" : "248新北市五股區五福路54號", "city" : "新北市", "district" : "五股區", "tel" : "02-27478711#3961", "store_type" : "連鎖型綠色商店", "source_dataset" : "ntpe_6ccd0274", "store_code" : "F001202"}}, {"type" : "Feature", "geometry" : {"type" : "Point", "coordinates" : [121.458000988447, 25.063683006476]}, "properties" : {"name" : "7-11福基門市", "address" : "242新北市新莊區福基里五工路70號", "city" : "新北市", "district" : "新莊區", "tel" : "02-27478711#3961", "store_type" : "連鎖型綠色商店", "source_dataset" : "ntpe_6ccd0274", "store_code" : "F001616"}}, {"type" : "Feature", "geometry" : {"type" : "Point", "coordinates" : [121.53390867707, 24.973078488825]}, "properties" : {"name" : "7-11福強門市", "address" : "231新北市新店區三民路149-1號", "city" : "新北市", "district" : "新店區", "tel" : "02-27478711#3961", "store_type" : "連鎖型綠色商店", "source_dataset" : "ntpe_6ccd0274", "store_code" : "F001353"}}, {"type" : "Feature", "geometry" : {"type" : "Point", "coordinates" : [121.443143813612, 24.981656779992]}, "properties" : {"name" : "7-11福祥門市", "address" : "236新北市土城區中央路一段320.322號", "city" : "新北市", "district" : "土城區", "tel" : "02-27478711#3961", "store_type" : "連鎖型綠色商店", "source_dataset" : "ntpe_6ccd0274", "store_code" : "F001240"}}, {"type" : "Feature", "geometry" : {"type" : "Point", "coordinates" : [121.498609968228, 25.007572995968]}, "properties" : {"name" : "7-11福勝門市", "address" : "235新北市中和區福祥路158號", "city" : "新北市", "district" : "中和區", "tel" : "02-27478711#3961", "store_type" : "連鎖型綠色商店", "source_dataset" : "ntpe_6ccd0274", "store_code" : "F001248"}}, {"type" : "Feature", "geometry" : {"type" : "Point", "coordinates" : [121.452435991472, 25.049353011441]}, "properties" : {"name" : "7-11福港門市", "address" : "242新北市新莊區中港路390號", "city" : "新北市", "district" : "新莊區", "tel" : "02-27478711#3961", "store_type" : "連鎖型綠色商店", "source_dataset" : "ntpe_6ccd0274", "store_code" : "F000947"}}, {"type" : "Feature", "geometry" : {"type" : "Point", "coordinates" : [121.674682992359, 25.073764005245]}, "properties" : {"name" : "7-11福菖門市", "address" : "221新北市汐止區大同路三段188號", "city" : "新北市", "district" : "汐止區", "tel" : "02-27478711#3961", "store_type" : "連鎖型綠色商店", "source_dataset" : "ntpe_6ccd0274", "store_code" : "F001021"}}, {"type" : "Feature", "geometry" : {"type" : "Point", "coordinates" : [121.503968016014, 25.00844198978]}, "properties" : {"name" : "7-11福愛門市", "address" : "234新北市永和區永平路274號仁愛路242號", "city" : "新北市", "district" : "永和區", "tel" : "02-27478711#3961", "store_type" : "連鎖型綠色商店", "source_dataset" : "ntpe_6ccd0274", "store_code" : "F001518"}}, {"type" : "Feature", "geometry" : {"type" : "Point", "coordinates" : [121.502241427778, 25.065320201714]}, "properties" : {"name" : "7-11福運門市", "address" : "241新北市三重區福德北路55號", "city" : "新北市", "district" : "三重區", "tel" : "02-27478711#3961", "store_type" : "連鎖型綠色商店", "source_dataset" : "ntpe_6ccd0274", "store_code" : "F001598"}}, {"type" : "Feature", "geometry" : {"type" : "Point", "coordinates" : [121.457896969029, 25.051792983455]}, "properties" : {"name" : "7-11福壽門市", "address" : "242新北市新莊區福壽街140號", "city" : "新北市", "district" : "新莊區", "tel" : "02-27478711#3961", "store_type" : "連鎖型綠色商店", "source_dataset" : "ntpe_6ccd0274", "store_code" : "F001372"}}, {"type" : "Feature", "geometry" : {"type" : "Point", "coordinates" : [121.535254978358, 24.975619001768]}, "properties" : {"name" : "7-11福德門市", "address" : "231新北市新店區三民路189號", "city" : "新北市", "district" : "新店區", "tel" : "02-27478711#3961", "store_type" : "連鎖型綠色商店", "source_dataset" : "ntpe_6ccd0274", "store_code" : "F001378"}}, {"type" : "Feature", "geometry" : {"type" : "Point", "coordinates" : [121.433966803101, 25.031222619597]}, "properties" : {"name" : "7-11福營門市", "address" : "242新北市新莊區福營里建國一路50.52號", "city" : "新北市", "district" : "新莊區", "tel" : "02-27478711#3961", "store_type" : "連鎖型綠色商店", "source_dataset" : "ntpe_6ccd0274", "store_code" : "F000974"}}, {"type" : "Feature", "geometry" : {"type" : "Point", "coordinates" : [121.433331035745, 25.087364020332]}, "properties" : {"name" : "7-11福臨門市", "address" : "248新北市五股區工商路150號", "city" : "新北市", "district" : "五股區", "tel" : "02-27478711#3961", "store_type" : "連鎖型綠色商店", "source_dataset" : "ntpe_6ccd0274", "store_code" : "F001253"}}, {"type" : "Feature", "geometry" : {"type" : "Point", "coordinates" : [121.363874981815, 24.936905002658]}, "properties" : {"name" : "7-11綠洲門市", "address" : "237新北市三峽區鳶山里12鄰中山路186號1樓", "city" : "新北市", "district" : "三峽區", "tel" : "02-27478711#3961", "store_type" : "連鎖型綠色商店", "source_dataset" : "ntpe_6ccd0274", "store_code" : "F000495"}}, {"type" : "Feature", "geometry" : {"type" : "Point", "coordinates" : [121.370932963384, 24.93636897995]}, "properties" : {"name" : "7-11綠雅門市", "address" : "237新北市三峽區文化路122號", "city" : "新北市", "district" : "三峽區", "tel" : "02-27478711#3961", "store_type" : "連鎖型綠色商店", "source_dataset" : "ntpe_6ccd0274", "store_code" : "F001437"}}, {"type" : "Feature", "geometry" : {"type" : "Point", "coordinates" : [121.467947792945, 25.074720296578]}, "properties" : {"name" : "7-11維中門市", "address" : "248新北市五股區四維路120號", "city" : "新北市", "district" : "五股區", "tel" : "02-27478711#3961", "store_type" : "連鎖型綠色商店", "source_dataset" : "ntpe_6ccd0274", "store_code" : "F001257"}}, {"type" : "Feature", "geometry" : {"type" : "Point", "coordinates" : [121.423782623105, 25.024032287776]}, "properties" : {"name" : "7-11維妮門市", "address" : "242新北市新莊區四維路17.19號", "city" : "新北市", "district" : "新莊區", "tel" : "02-27478711#3961", "store_type" : "連鎖型綠色商店", "source_dataset" : "ntpe_6ccd0274", "store_code" : "F001103"}}, {"type" : "Feature", "geometry" : {"type" : "Point", "coordinates" : [121.463435982104, 25.023772993602]}, "properties" : {"name" : "7-11維陽門市", "address" : "220新北市板橋區陽明街131號", "city" : "新北市", "district" : "板橋區", "tel" : "02-27478711#3961", "store_type" : "連鎖型綠色商店", "source_dataset" : "ntpe_6ccd0274", "store_code" : "F001578"}}, {"type" : "Feature", "geometry" : {"type" : "Point", "coordinates" : [121.46494698779, 25.025452014536]}, "properties" : {"name" : "7-11維群門市", "address" : "220新北市板橋區四維路139號", "city" : "新北市", "district" : "板橋區", "tel" : "02-27478711#3961", "store_type" : "連鎖型綠色商店", "source_dataset" : "ntpe_6ccd0274", "store_code" : "F000956"}}, {"type" : "Feature", "geometry" : {"type" : "Point", "coordinates" : [121.463162983518, 25.028916003662]}, "properties" : {"name" : "7-11維禮門市", "address" : "220新北市板橋區四維路282號", "city" : "新北市", "district" : "板橋區", "tel" : "02-27478711#3961", "store_type" : "連鎖型綠色商店", "source_dataset" : "ntpe_6ccd0274", "store_code" : "F001167"}}, {"type" : "Feature", "geometry" : {"type" : "Point", "coordinates" : [121.433420973566, 25.032491011095]}, "properties" : {"name" : "7-11輔大門市", "address" : "242新北市新莊區中正路516-1號", "city" : "新北市", "district" : "新莊區", "tel" : "02-27478711#3961", "store_type" : "連鎖型綠色商店", "source_dataset" : "ntpe_6ccd0274", "store_code" : "F001646"}}, {"type" : "Feature", "geometry" : {"type" : "Point", "coordinates" : [121.430886034589, 25.034448981767]}, "properties" : {"name" : "7-11輔明門市", "address" : "242新北市新莊區中正路514巷99號", "city" : "新北市", "district" : "新莊區", "tel" : "02-27478711#3961", "store_type" : "連鎖型綠色商店", "source_dataset" : "ntpe_6ccd0274", "store_code" : "F001203"}}, {"type" : "Feature", "geometry" : {"type" : "Point", "coordinates" : [121.43929517895, 25.034486113598]}, "properties" : {"name" : "7-11輔泰門市", "address" : "242新北市新莊區三泰路11號", "city" : "新北市", "district" : "新莊區", "tel" : "02-27478711#3961", "store_type" : "連鎖型綠色商店", "source_dataset" : "ntpe_6ccd0274", "store_code" : "F001633"}}, {"type" : "Feature", "geometry" : {"type" : "Point", "coordinates" : [121.434193030668, 25.032931019102]}, "properties" : {"name" : "7-11輔進門市", "address" : "242新北市新莊區中正路510號", "city" : "新北市", "district" : "新莊區", "tel" : "02-27478711#3961", "store_type" : "連鎖型綠色商店", "source_dataset" : "ntpe_6ccd0274", "store_code" : "F001096"}}, {"type" : "Feature", "geometry" : {"type" : "Point", "coordinates" : [121.381731484033, 25.081367449731]}, "properties" : {"name" : "7-11輔新門市", "address" : "243新北市泰山區中山路2段487號", "city" : "新北市", "district" : "泰山區", "tel" : "02-27478711#3961", "store_type" : "連鎖型綠色商店", "source_dataset" : "ntpe_6ccd0274", "store_code" : "F001082"}}, {"type" : "Feature", "geometry" : {"type" : "Point", "coordinates" : [121.451994013717, 24.997029986697]}, "properties" : {"name" : "7-11遠揚門市", "address" : "220新北市板橋區南雅南路2段124號", "city" : "新北市", "district" : "板橋區", "tel" : "02-27478711#3961", "store_type" : "連鎖型綠色商店", "source_dataset" : "ntpe_6ccd0274", "store_code" : "F001280"}}, {"type" : "Feature", "geometry" : {"type" : "Point", "coordinates" : [121.499014981789, 25.064667]}, "properties" : {"name" : "7-11銀座門市", "address" : "241新北市三重區信義西街4號", "city" : "新北市", "district" : "三重區", "tel" : "02-27478711#3961", "store_type" : "連鎖型綠色商店", "source_dataset" : "ntpe_6ccd0274", "store_code" : "F001425"}}, {"type" : "Feature", "geometry" : {"type" : "Point", "coordinates" : [121.480964972396, 25.088002008893]}, "properties" : {"name" : "7-11領袖門市", "address" : "247新北市蘆洲區集賢路224巷60.62號", "city" : "新北市", "district" : "蘆洲區", "tel" : "02-27478711#3961", "store_type" : "連鎖型綠色商店", "source_dataset" : "ntpe_6ccd0274", "store_code" : "F001597"}}, {"type" : "Feature", "geometry" : {"type" : "Point", "coordinates" : [121.334924894075, 24.969391582985]}, "properties" : {"name" : "7-11鳳鳴門市", "address" : "239新北市鶯歌區永和街126.128號", "city" : "新北市", "district" : "鶯歌區", "tel" : "02-27478711#3961", "store_type" : "連鎖型綠色商店", "source_dataset" : "ntpe_6ccd0274", "store_code" : "F001178"}}, {"type" : "Feature", "geometry" : {"type" : "Point", "coordinates" : [121.422458030946, 25.021433981611]}, "properties" : {"name" : "7-11廣進門市", "address" : "242新北市新莊區四維路173號", "city" : "新北市", "district" : "新莊區", "tel" : "02-27478711#3961", "store_type" : "連鎖型綠色商店", "source_dataset" : "ntpe_6ccd0274", "store_code" : "F001640"}}, {"type" : "Feature", "geometry" : {"type" : "Point", "coordinates" : [121.502867975041, 25.001572014299]}, "properties" : {"name" : "7-11廣麗門市", "address" : "235新北市中和區廣福路82號", "city" : "新北市", "district" : "中和區", "tel" : "02-27478711#3961", "store_type" : "連鎖型綠色商店", "source_dataset" : "ntpe_6ccd0274", "store_code" : "F001617"}}, {"type" : "Feature", "geometry" : {"type" : "Point", "coordinates" : [121.54414792617, 24.971998312963]}, "properties" : {"name" : "7-11德正門市", "address" : "231新北市新店區德正街23巷1號", "city" : "新北市", "district" : "新店區", "tel" : "02-27478711#3961", "store_type" : "連鎖型綠色商店", "source_dataset" : "ntpe_6ccd0274", "store_code" : "F001268"}}, {"type" : "Feature", "geometry" : {"type" : "Point", "coordinates" : [121.488028988935, 24.951563987393]}, "properties" : {"name" : "7-11德玉門市", "address" : "231新北市新店區安康路三段195號", "city" : "新北市", "district" : "新店區", "tel" : "02-27478711#3961", "store_type" : "連鎖型綠色商店", "source_dataset" : "ntpe_6ccd0274", "store_code" : "F000994"}}, {"type" : "Feature", "geometry" : {"type" : "Point", "coordinates" : [121.465312019673, 24.98021299717]}, "properties" : {"name" : "7-11德城門市", "address" : "236新北市土城區明德路一段139.141號", "city" : "新北市", "district" : "土城區", "tel" : "02-27478711#3961", "store_type" : "連鎖型綠色商店", "source_dataset" : "ntpe_6ccd0274", "store_code" : "F001081"}}, {"type" : "Feature", "geometry" : {"type" : "Point", "coordinates" : [121.49978100392, 24.992087010756]}, "properties" : {"name" : "7-11德偉門市", "address" : "235新北市中和區中興街134號", "city" : "新北市", "district" : "中和區", "tel" : "02-27478711#3961", "store_type" : "連鎖型綠色商店", "source_dataset" : "ntpe_6ccd0274", "store_code" : "F001481"}}, {"type" : "Feature", "geometry" : {"type" : "Point", "coordinates" : [121.369129010182, 25.070351983919]}, "properties" : {"name" : "7-11德園門市", "address" : "244新北市林口區公園路129號", "city" : "新北市", "district" : "林口區", "tel" : "02-27478711#3961", "store_type" : "連鎖型綠色商店", "source_dataset" : "ntpe_6ccd0274", "store_code" : "F001361"}}, {"type" : "Feature", "geometry" : {"type" : "Point", "coordinates" : [121.366619971286, 25.067626985287]}, "properties" : {"name" : "7-11德聖門市", "address" : "244新北市林口區公園路17號", "city" : "新北市", "district" : "林口區", "tel" : "02-27478711#3961", "store_type" : "連鎖型綠色商店", "source_dataset" : "ntpe_6ccd0274", "store_code" : "F001389"}}, {"type" : "Feature", "geometry" : {"type" : "Point", "coordinates" : [121.462682616647, 25.00288168667]}, "properties" : {"name" : "7-11慶中門市", "address" : "220新北市板橋區重慶路159.161號", "city" : "新北市", "district" : "板橋區", "tel" : "02-27478711#3961", "store_type" : "連鎖型綠色商店", "source_dataset" : "ntpe_6ccd0274", "store_code" : "F001663"}}, {"type" : "Feature", "geometry" : {"type" : "Point", "coordinates" : [121.438125987276, 24.97499299933]}, "properties" : {"name" : "7-11慶祥門市", "address" : "236新北市土城區慶祥街2號", "city" : "新北市", "district" : "土城區", "tel" : "02-27478711#3961", "store_type" : "連鎖型綠色商店", "source_dataset" : "ntpe_6ccd0274", "store_code" : "F001279"}}, {"type" : "Feature", "geometry" : {"type" : "Point", "coordinates" : [121.396663562114, 24.970956987222]}, "properties" : {"name" : "7-11慶斌門市", "address" : "238新北市樹林區中洲街51巷1號", "city" : "新北市", "district" : "樹林區", "tel" : "02-27478711#3961", "store_type" : "連鎖型綠色商店", "source_dataset" : "ntpe_6ccd0274", "store_code" : "F001451"}}, {"type" : "Feature", "geometry" : {"type" : "Point", "coordinates" : [121.416145032931, 24.999769988935]}, "properties" : {"name" : "7-11慶嶸門市", "address" : "238新北市樹林區保安街二段33號", "city" : "新北市", "district" : "樹林區", "tel" : "02-27478711#3961", "store_type" : "連鎖型綠色商店", "source_dataset" : "ntpe_6ccd0274", "store_code" : "F001362"}}, {"type" : "Feature", "geometry" : {"type" : "Point", "coordinates" : [121.642682981511, 25.068015989413]}, "properties" : {"name" : "7-11樟福門市", "address" : "221新北市汐止區樟樹一路268號之3.4", "city" : "新北市", "district" : "汐止區", "tel" : "02-27478711#3961", "store_type" : "連鎖型綠色商店", "source_dataset" : "ntpe_6ccd0274", "store_code" : "F001140"}}, {"type" : "Feature", "geometry" : {"type" : "Point", "coordinates" : [121.480114041586, 25.018995979344]}, "properties" : {"name" : "7-11樂福門市", "address" : "220新北市板橋區中山路二段316號", "city" : "新北市", "district" : "板橋區", "tel" : "02-27478711#3961", "store_type" : "連鎖型綠色商店", "source_dataset" : "ntpe_6ccd0274", "store_code" : "F001533"}}, {"type" : "Feature", "geometry" : {"type" : "Point", "coordinates" : [121.483454984372, 25.000789018814]}, "properties" : {"name" : "7-11樂鑫門市", "address" : "235新北市中和區新生街146號", "city" : "新北市", "district" : "中和區", "tel" : "02-27478711#3961", "store_type" : "連鎖型綠色商店", "source_dataset" : "ntpe_6ccd0274", "store_code" : "F001406"}}, {"type" : "Feature", "geometry" : {"type" : "Point", "coordinates" : [121.378714470835, 24.941939886167]}, "properties" : {"name" : "7-11歐洲門市", "address" : "237新北市三峽區三樹路199號", "city" : "新北市", "district" : "三峽區", "tel" : "02-27478711#3961", "store_type" : "連鎖型綠色商店", "source_dataset" : "ntpe_6ccd0274", "store_code" : "F001025"}}, {"type" : "Feature", "geometry" : {"type" : "Point", "coordinates" : [121.516489992624, 24.998610981274]}, "properties" : {"name" : "7-11潭安門市", "address" : "234新北市永和區中正路167號.", "city" : "新北市", "district" : "永和區", "tel" : "02-27478711#3961", "store_type" : "連鎖型綠色商店", "source_dataset" : "ntpe_6ccd0274", "store_code" : "F001455"}}, {"type" : "Feature", "geometry" : {"type" : "Point", "coordinates" : [121.655000020589, 25.064024988126]}, "properties" : {"name" : "7-11潤安門市", "address" : "221新北市汐止區龍安路32號", "city" : "新北市", "district" : "汐止區", "tel" : "02-27478711#3961", "store_type" : "連鎖型綠色商店", "source_dataset" : "ntpe_6ccd0274", "store_code" : "F001568"}}, {"type" : "Feature", "geometry" : {"type" : "Point", "coordinates" : [121.456096033312, 25.012531017425]}, "properties" : {"name" : "7-11緯中門市", "address" : "220新北市板橋區中正路21.23號", "city" : "新北市", "district" : "板橋區", "tel" : "02-27478711#3961", "store_type" : "連鎖型綠色商店", "source_dataset" : "ntpe_6ccd0274", "store_code" : "F001308"}}, {"type" : "Feature", "geometry" : {"type" : "Point", "coordinates" : [121.455449034206, 24.987703987857]}, "properties" : {"name" : "7-11學城門市", "address" : "236新北市土城區學府路一段118號", "city" : "新北市", "district" : "土城區", "tel" : "02-27478711#3961", "store_type" : "連鎖型綠色商店", "source_dataset" : "ntpe_6ccd0274", "store_code" : "F000483"}}, {"type" : "Feature", "geometry" : {"type" : "Point", "coordinates" : [121.376434006438, 24.944041019745]}, "properties" : {"name" : "7-11學勤門市", "address" : "237新北市三峽區學勤路105號.大德路211號1樓", "city" : "新北市", "district" : "三峽區", "tel" : "02-27478711#3961", "store_type" : "連鎖型綠色商店", "source_dataset" : "ntpe_6ccd0274", "store_code" : "F001237"}}, {"type" : "Feature", "geometry" : {"type" : "Point", "coordinates" : [121.469383026226, 25.083532987667]}, "properties" : {"name" : "7-11憲金門市", "address" : "247新北市蘆洲區光華路22巷1號", "city" : "新北市", "district" : "蘆洲區", "tel" : "02-27478711#3961", "store_type" : "連鎖型綠色商店", "source_dataset" : "ntpe_6ccd0274", "store_code" : "F001575"}}, {"type" : "Feature", "geometry" : {"type" : "Point", "coordinates" : [121.477114662978, 25.021301641429]}, "properties" : {"name" : "7-11戰國門市", "address" : "220新北市板橋區永豐街173、175號", "city" : "新北市", "district" : "板橋區", "tel" : "02-27478711#3961", "store_type" : "連鎖型綠色商店", "source_dataset" : "ntpe_6ccd0274", "store_code" : "F001554"}}, {"type" : "Feature", "geometry" : {"type" : "Point", "coordinates" : [121.398401968832, 24.935511008341]}, "properties" : {"name" : "7-11橫溪門市", "address" : "237新北市三峽區溪北街109號", "city" : "新北市", "district" : "三峽區", "tel" : "02-27478711#3961", "store_type" : "連鎖型綠色商店", "source_dataset" : "ntpe_6ccd0274", "store_code" : "F001030"}}, {"type" : "Feature", "geometry" : {"type" : "Point", "coordinates" : [121.422213027916, 24.982502011108]}, "properties" : {"name" : "7-11樹中門市", "address" : "238新北市樹林區中華路117號", "city" : "新北市", "district" : "樹林區", "tel" : "02-27478711#3961", "store_type" : "連鎖型綠色商店", "source_dataset" : "ntpe_6ccd0274", "store_code" : "F000996"}}, {"type" : "Feature", "geometry" : {"type" : "Point", "coordinates" : [121.42128900691, 24.99295499874]}, "properties" : {"name" : "7-11樹仁門市", "address" : "238新北市樹林區復興路102號", "city" : "新北市", "district" : "樹林區", "tel" : "02-27478711#3961", "store_type" : "連鎖型綠色商店", "source_dataset" : "ntpe_6ccd0274", "store_code" : "F001601"}}, {"type" : "Feature", "geometry" : {"type" : "Point", "coordinates" : [121.412770981627, 25.012769985484]}, "properties" : {"name" : "7-11樹正門市", "address" : "238新北市樹林區中正路464號1F", "city" : "新北市", "district" : "樹林區", "tel" : "02-27478711#3961", "store_type" : "連鎖型綠色商店", "source_dataset" : "ntpe_6ccd0274", "store_code" : "F001522"}}, {"type" : "Feature", "geometry" : {"type" : "Point", "coordinates" : [121.413943106967, 24.98641648562]}, "properties" : {"name" : "7-11樹安門市", "address" : "238新北市樹林區大安路502號", "city" : "新北市", "district" : "樹林區", "tel" : "02-27478711#3961", "store_type" : "連鎖型綠色商店", "source_dataset" : "ntpe_6ccd0274", "store_code" : "F001394"}}, {"type" : "Feature", "geometry" : {"type" : "Point", "coordinates" : [121.424875036546, 24.991212987803]}, "properties" : {"name" : "7-11樹林(一)門市", "address" : "238新北市樹林區鎮前街112號", "city" : "新北市", "district" : "樹林區", "tel" : "02-27478711#3961", "store_type" : "連鎖型綠色商店", "source_dataset" : "ntpe_6ccd0274", "store_code" : "F001625"}}, {"type" : "Feature", "geometry" : {"type" : "Point", "coordinates" : [121.42723797887, 24.993297986217]}, "properties" : {"name" : "7-11樹林門市", "address" : "238新北市樹林區保安街1段3號", "city" : "新北市", "district" : "樹林區", "tel" : "02-27478711#3961", "store_type" : "連鎖型綠色商店", "source_dataset" : "ntpe_6ccd0274", "store_code" : "F001228"}}, {"type" : "Feature", "geometry" : {"type" : "Point", "coordinates" : [121.41245297222, 25.009955007122]}, "properties" : {"name" : "7-11樹保門市", "address" : "238新北市樹林區保安街二段357號", "city" : "新北市", "district" : "樹林區", "tel" : "02-27478711#3961", "store_type" : "連鎖型綠色商店", "source_dataset" : "ntpe_6ccd0274", "store_code" : "F001074"}}, {"type" : "Feature", "geometry" : {"type" : "Point", "coordinates" : [121.417773720537, 24.980580292167]}, "properties" : {"name" : "7-11樹英門市", "address" : "238新北市樹林區大同里中華路120號", "city" : "新北市", "district" : "樹林區", "tel" : "02-27478711#3961", "store_type" : "連鎖型綠色商店", "source_dataset" : "ntpe_6ccd0274", "store_code" : "F001190"}}, {"type" : "Feature", "geometry" : {"type" : "Point", "coordinates" : [121.416443009589, 24.986794006539]}, "properties" : {"name" : "7-11樹復門市", "address" : "238新北市樹林區復興路340號", "city" : "新北市", "district" : "樹林區", "tel" : "02-27478711#3961", "store_type" : "連鎖型綠色商店", "source_dataset" : "ntpe_6ccd0274", "store_code" : "F001374"}}, {"type" : "Feature", "geometry" : {"type" : "Point", "coordinates" : [121.392958006539, 24.970622004462]}, "properties" : {"name" : "7-11樹園門市", "address" : "238新北市樹林區佳園路一段52號1樓", "city" : "新北市", "district" : "樹林區", "tel" : "02-27478711#3961", "store_type" : "連鎖型綠色商店", "source_dataset" : "ntpe_6ccd0274", "store_code" : "F000997"}}, {"type" : "Feature", "geometry" : {"type" : "Point", "coordinates" : [121.431031041514, 25.000861983281]}, "properties" : {"name" : "7-11樹新門市", "address" : "238新北市樹林區樹新路245號", "city" : "新北市", "district" : "樹林區", "tel" : "02-27478711#3961", "store_type" : "連鎖型綠色商店", "source_dataset" : "ntpe_6ccd0274", "store_code" : "F001358"}}, {"type" : "Feature", "geometry" : {"type" : "Point", "coordinates" : [121.415657960538, 24.980043012174]}, "properties" : {"name" : "7-11樹樺門市", "address" : "238新北市樹林區中華路341之5.341之6號一樓", "city" : "新北市", "district" : "樹林區", "tel" : "02-27478711#3961", "store_type" : "連鎖型綠色商店", "source_dataset" : "ntpe_6ccd0274", "store_code" : "F001272"}}, {"type" : "Feature", "geometry" : {"type" : "Point", "coordinates" : [121.418964118426, 25.006639419592]}, "properties" : {"name" : "7-11樹龍門市", "address" : "238新北市樹林區中正路222號1樓", "city" : "新北市", "district" : "樹林區", "tel" : "02-27478711#3961", "store_type" : "連鎖型綠色商店", "source_dataset" : "ntpe_6ccd0274", "store_code" : "F001313"}}, {"type" : "Feature", "geometry" : {"type" : "Point", "coordinates" : [121.664221036092, 25.072798996732]}, "properties" : {"name" : "7-11橋東門市", "address" : "221新北市汐止區建成路30號", "city" : "新北市", "district" : "汐止區", "tel" : "02-27478711#3961", "store_type" : "連鎖型綠色商店", "source_dataset" : "ntpe_6ccd0274", "store_code" : "F001605"}}, {"type" : "Feature", "geometry" : {"type" : "Point", "coordinates" : [121.465608885885, 25.01197063029]}, "properties" : {"name" : "7-11縣政府門市", "address" : "220新北市板橋區中山路一段161號B1", "city" : "新北市", "district" : "板橋區", "tel" : "02-27478711#3961", "store_type" : "連鎖型綠色商店", "source_dataset" : "ntpe_6ccd0274", "store_code" : "F001655"}}, {"type" : "Feature", "geometry" : {"type" : "Point", "coordinates" : [121.471657036558, 25.015898991849]}, "properties" : {"name" : "7-11縣道門市", "address" : "220新北市板橋區觀光街92巷2號", "city" : "新北市", "district" : "板橋區", "tel" : "02-27478711#3961", "store_type" : "連鎖型綠色商店", "source_dataset" : "ntpe_6ccd0274", "store_code" : "F001005"}}, {"type" : "Feature", "geometry" : {"type" : "Point", "coordinates" : [121.496983040821, 25.056362000786]}, "properties" : {"name" : "7-11興光門市", "address" : "241新北市三重區大同南路220號", "city" : "新北市", "district" : "三重區", "tel" : "02-27478711#3961", "store_type" : "連鎖型綠色商店", "source_dataset" : "ntpe_6ccd0274", "store_code" : "F001122"}}, {"type" : "Feature", "geometry" : {"type" : "Point", "coordinates" : [121.524197990785, 24.991396006658]}, "properties" : {"name" : "7-11興和門市", "address" : "235新北市中和區秀景里自立路193號", "city" : "新北市", "district" : "中和區", "tel" : "02-27478711#3961", "store_type" : "連鎖型綠色商店", "source_dataset" : "ntpe_6ccd0274", "store_code" : "F000545"}}, {"type" : "Feature", "geometry" : {"type" : "Point", "coordinates" : [121.357709002382, 25.076320988627]}, "properties" : {"name" : "7-11興林門市", "address" : "244新北市林口區南勢村南勢街280號", "city" : "新北市", "district" : "林口區", "tel" : "02-27478711#3961", "store_type" : "連鎖型綠色商店", "source_dataset" : "ntpe_6ccd0274", "store_code" : "F001388"}}, {"type" : "Feature", "geometry" : {"type" : "Point", "coordinates" : [121.453392770639, 24.993864660363]}, "properties" : {"name" : "7-11興板門市", "address" : "220新北市板橋區德興街22、24號", "city" : "新北市", "district" : "板橋區", "tel" : "02-27478711#3961", "store_type" : "連鎖型綠色商店", "source_dataset" : "ntpe_6ccd0274", "store_code" : "F001660"}}, {"type" : "Feature", "geometry" : {"type" : "Point", "coordinates" : [121.443140963764, 25.045278987403]}, "properties" : {"name" : "7-11興洲門市", "address" : "242新北市新莊區新泰路472號1樓", "city" : "新北市", "district" : "新莊區", "tel" : "02-27478711#3961", "store_type" : "連鎖型綠色商店", "source_dataset" : "ntpe_6ccd0274", "store_code" : "F001085"}}, {"type" : "Feature", "geometry" : {"type" : "Point", "coordinates" : [121.374269966676, 25.076118984761]}, "properties" : {"name" : "7-11興都門市", "address" : "244新北市林口區文化二路一段378號1樓之一.二.三", "city" : "新北市", "district" : "林口區", "tel" : "02-27478711#3961", "store_type" : "連鎖型綠色商店", "source_dataset" : "ntpe_6ccd0274", "store_code" : "F001623"}}, {"type" : "Feature", "geometry" : {"type" : "Point", "coordinates" : [121.469164007096, 25.056104005806]}, "properties" : {"name" : "7-11興頂門市", "address" : "241新北市三重區中興北街177號", "city" : "新北市", "district" : "三重區", "tel" : "02-27478711#3961", "store_type" : "連鎖型綠色商店", "source_dataset" : "ntpe_6ccd0274", "store_code" : "F001393"}}, {"type" : "Feature", "geometry" : {"type" : "Point", "coordinates" : [121.48658889415, 25.060179790044]}, "properties" : {"name" : "7-11興園門市", "address" : "241新北市三重區重陽路一段122號", "city" : "新北市", "district" : "三重區", "tel" : "02-27478711#3961", "store_type" : "連鎖型綠色商店", "source_dataset" : "ntpe_6ccd0274", "store_code" : "F001303"}}, {"type" : "Feature", "geometry" : {"type" : "Point", "coordinates" : [121.505408026979, 24.984560019795]}, "properties" : {"name" : "7-11興榮門市", "address" : "235新北市中和區福南里21鄰興南路二段90號1樓", "city" : "新北市", "district" : "中和區", "tel" : "02-27478711#3961", "store_type" : "連鎖型綠色商店", "source_dataset" : "ntpe_6ccd0274", "store_code" : "F001600"}}, {"type" : "Feature", "geometry" : {"type" : "Point", "coordinates" : [121.516227974331, 25.010009992407]}, "properties" : {"name" : "7-11豫溪門市", "address" : "234新北市永和區中正路704.706.708號", "city" : "新北市", "district" : "永和區", "tel" : "02-27478711#3961", "store_type" : "連鎖型綠色商店", "source_dataset" : "ntpe_6ccd0274", "store_code" : "F001271"}}, {"type" : "Feature", "geometry" : {"type" : "Point", "coordinates" : [121.6722225, 24.9818877]}, "properties" : {"name" : "7-11錠富門市", "address" : "223新北市石碇區隆盛村雙溪58號", "city" : "新北市", "district" : "石碇區", "tel" : "02-27478711#3961", "store_type" : "連鎖型綠色商店", "source_dataset" : "ntpe_6ccd0274", "store_code" : "F001493"}}, {"type" : "Feature", "geometry" : {"type" : "Point", "coordinates" : [121.493325010637, 24.990427016742]}, "properties" : {"name" : "7-11錦盛門市", "address" : "235新北市中和區錦盛里圓通路335巷三弄21號", "city" : "新北市", "district" : "中和區", "tel" : "02-27478711#3961", "store_type" : "連鎖型綠色商店", "source_dataset" : "ntpe_6ccd0274", "store_code" : "F001048"}}, {"type" : "Feature", "geometry" : {"type" : "Point", "coordinates" : [121.459647026593, 25.04542898156]}, "properties" : {"name" : "7-11錦興門市", "address" : "242新北市新莊區思源路181號", "city" : "新北市", "district" : "新莊區", "tel" : "02-27478711#3961", "store_type" : "連鎖型綠色商店", "source_dataset" : "ntpe_6ccd0274", "store_code" : "F001232"}}, {"type" : "Feature", "geometry" : {"type" : "Point", "coordinates" : [121.46489585818, 25.059739782037]}, "properties" : {"name" : "7-11頭前門市", "address" : "242新北市新莊區化成路429-4號", "city" : "新北市", "district" : "新莊區", "tel" : "02-27478711#3961", "store_type" : "連鎖型綠色商店", "source_dataset" : "ntpe_6ccd0274", "store_code" : "F001010"}}, {"type" : "Feature", "geometry" : {"type" : "Point", "coordinates" : [121.460066959942, 25.007311983503]}, "properties" : {"name" : "7-11館東門市", "address" : "220新北市板橋區館前東路17號", "city" : "新北市", "district" : "板橋區", "tel" : "02-27478711#3961", "store_type" : "連鎖型綠色商店", "source_dataset" : "ntpe_6ccd0274", "store_code" : "F001620"}}, {"type" : "Feature", "geometry" : {"type" : "Point", "coordinates" : [121.460490162233, 25.007131018214]}, "properties" : {"name" : "7-11館慶門市", "address" : "220新北市板橋區館前東路26號", "city" : "新北市", "district" : "板橋區", "tel" : "02-27478711#3961", "store_type" : "連鎖型綠色商店", "source_dataset" : "ntpe_6ccd0274", "store_code" : "F001622"}}, {"type" : "Feature", "geometry" : {"type" : "Point", "coordinates" : [121.449663006444, 25.102304008371]}, "properties" : {"name" : "7-11龍五門市", "address" : "248新北市五股區凌雲路一段136號", "city" : "新北市", "district" : "五股區", "tel" : "02-27478711#3961", "store_type" : "連鎖型綠色商店", "source_dataset" : "ntpe_6ccd0274", "store_code" : "F000969"}}, {"type" : "Feature", "geometry" : {"type" : "Point", "coordinates" : [121.421419764599, 25.019515196336]}, "properties" : {"name" : "7-11龍安門市", "address" : "242新北市新莊區龍安路256號", "city" : "新北市", "district" : "新莊區", "tel" : "02-27478711#3961", "store_type" : "連鎖型綠色商店", "source_dataset" : "ntpe_6ccd0274", "store_code" : "F001573"}}, {"type" : "Feature", "geometry" : {"type" : "Point", "coordinates" : [121.51118894178, 25.01612400404]}, "properties" : {"name" : "7-11龍馬門市", "address" : "234新北市永和區文化路188號", "city" : "新北市", "district" : "永和區", "tel" : "02-27478711#3961", "store_type" : "連鎖型綠色商店", "source_dataset" : "ntpe_6ccd0274", "store_code" : "F001566"}}, {"type" : "Feature", "geometry" : {"type" : "Point", "coordinates" : [121.473746980295, 25.029100992265]}, "properties" : {"name" : "7-11龍翠門市", "address" : "220新北市板橋區雙十路二段138-1之2號", "city" : "新北市", "district" : "板橋區", "tel" : "02-27478711#3961", "store_type" : "連鎖型綠色商店", "source_dataset" : "ntpe_6ccd0274", "store_code" : "F001463"}}, {"type" : "Feature", "geometry" : {"type" : "Point", "coordinates" : [121.403083429394, 25.015851508368]}, "properties" : {"name" : "7-11龍興門市", "address" : "238新北市樹林區三興里龍興街33號", "city" : "新北市", "district" : "樹林區", "tel" : "02-27478711#3961", "store_type" : "連鎖型綠色商店", "source_dataset" : "ntpe_6ccd0274", "store_code" : "F001113"}}, {"type" : "Feature", "geometry" : {"type" : "Point", "coordinates" : [121.502519706964, 25.070064317002]}, "properties" : {"name" : "7-11龍濱門市", "address" : "241新北市三重區河邊北街100巷32號.", "city" : "新北市", "district" : "三重區", "tel" : "02-27478711#3961", "store_type" : "連鎖型綠色商店", "source_dataset" : "ntpe_6ccd0274", "store_code" : "F000920"}}, {"type" : "Feature", "geometry" : {"type" : "Point", "coordinates" : [121.456092009999, 24.99179837992]}, "properties" : {"name" : "7-11濬家門市", "address" : "236新北市土城區廣明街2號", "city" : "新北市", "district" : "土城區", "tel" : "02-27478711#3961", "store_type" : "連鎖型綠色商店", "source_dataset" : "ntpe_6ccd0274", "store_code" : "F001118"}}, {"type" : "Feature", "geometry" : {"type" : "Point", "coordinates" : [121.475642969816, 25.006021172086]}, "properties" : {"name" : "7-11環冠門市", "address" : "235新北市中和區中山路3段122號B2", "city" : "新北市", "district" : "中和區", "tel" : "02-27478711#3961", "store_type" : "連鎖型綠色商店", "source_dataset" : "ntpe_6ccd0274", "store_code" : "F001527"}}, {"type" : "Feature", "geometry" : {"type" : "Point", "coordinates" : [121.503054975301, 25.062451998267]}, "properties" : {"name" : "7-11環德門市", "address" : "241新北市三重區福德南路46.48號", "city" : "新北市", "district" : "三重區", "tel" : "02-27478711#3961", "store_type" : "連鎖型綠色商店", "source_dataset" : "ntpe_6ccd0274", "store_code" : "F001191"}}, {"type" : "Feature", "geometry" : {"type" : "Point", "coordinates" : [121.507556979315, 24.982467016663]}, "properties" : {"name" : "7-11禧緻門市", "address" : "235新北市中和區華新街156號", "city" : "新北市", "district" : "中和區", "tel" : "02-27478711#3961", "store_type" : "連鎖型綠色商店", "source_dataset" : "ntpe_6ccd0274", "store_code" : "F001283"}}, {"type" : "Feature", "geometry" : {"type" : "Point", "coordinates" : [121.640754976143, 25.060921001742]}, "properties" : {"name" : "7-11聯合報門市", "address" : "221新北市汐止區大同路一段369號1樓", "city" : "新北市", "district" : "汐止區", "tel" : "02-27478711#3961", "store_type" : "連鎖型綠色商店", "source_dataset" : "ntpe_6ccd0274", "store_code" : "F001450"}}, {"type" : "Feature", "geometry" : {"type" : "Point", "coordinates" : [121.522350032591, 24.996798981445]}, "properties" : {"name" : "7-11邁群門市", "address" : "234新北市永和區民生路42號", "city" : "新北市", "district" : "永和區", "tel" : "02-27478711#3961", "store_type" : "連鎖型綠色商店", "source_dataset" : "ntpe_6ccd0274", "store_code" : "F001551"}}, {"type" : "Feature", "geometry" : {"type" : "Point", "coordinates" : [121.456272975288, 25.160602994804]}, "properties" : {"name" : "7-11霞關門市", "address" : "251新北市淡水區淡金路59-61號B1", "city" : "新北市", "district" : "淡水區", "tel" : "02-27478711#3961", "store_type" : "連鎖型綠色商店", "source_dataset" : "ntpe_6ccd0274", "store_code" : "F001282"}}, {"type" : "Feature", "geometry" : {"type" : "Point", "coordinates" : [121.458160998979, 24.988601983054]}, "properties" : {"name" : "7-11鴻成門市", "address" : "236新北市土城區埤林里學府路一段34號", "city" : "新北市", "district" : "土城區", "tel" : "02-27478711#3961", "store_type" : "連鎖型綠色商店", "source_dataset" : "ntpe_6ccd0274", "store_code" : "F000557"}}, {"type" : "Feature", "geometry" : {"type" : "Point", "coordinates" : [121.458300976762, 25.009036015258]}, "properties" : {"name" : "7-11鴻府門市", "address" : "220新北市板橋區挹秀里府中路53號", "city" : "新北市", "district" : "板橋區", "tel" : "02-27478711#3961", "store_type" : "連鎖型綠色商店", "source_dataset" : "ntpe_6ccd0274", "store_code" : "F001212"}}, {"type" : "Feature", "geometry" : {"type" : "Point", "coordinates" : [121.48721393267, 24.998236519749]}, "properties" : {"name" : "7-11鴻陞門市", "address" : "235新北市中和區建八路28號", "city" : "新北市", "district" : "中和區", "tel" : "02-27478711#3961", "store_type" : "連鎖型綠色商店", "source_dataset" : "ntpe_6ccd0274", "store_code" : "F001194"}}, {"type" : "Feature", "geometry" : {"type" : "Point", "coordinates" : [121.456969427623, 25.024694709584]}, "properties" : {"name" : "7-11糧驛門市", "address" : "220新北市板橋區德翠里龍泉街93號", "city" : "新北市", "district" : "板橋區", "tel" : "02-27478711#3961", "store_type" : "連鎖型綠色商店", "source_dataset" : "ntpe_6ccd0274", "store_code" : "F001459"}}, {"type" : "Feature", "geometry" : {"type" : "Point", "coordinates" : [121.482878896167, 25.020817492633]}, "properties" : {"name" : "7-11舊社門市", "address" : "220新北市板橋區中山路2段412號", "city" : "新北市", "district" : "板橋區", "tel" : "02-27478711#3961", "store_type" : "連鎖型綠色商店", "source_dataset" : "ntpe_6ccd0274", "store_code" : "F001297"}}, {"type" : "Feature", "geometry" : {"type" : "Point", "coordinates" : [121.502272021725, 24.998745007906]}, "properties" : {"name" : "7-11藍山門市", "address" : "235新北市中和區南山路41號.37巷2號", "city" : "新北市", "district" : "中和區", "tel" : "02-27478711#3961", "store_type" : "連鎖型綠色商店", "source_dataset" : "ntpe_6ccd0274", "store_code" : "F001042"}}, {"type" : "Feature", "geometry" : {"type" : "Point", "coordinates" : [121.481991001164, 25.023646007769]}, "properties" : {"name" : "7-11豐成門市", "address" : "220新北市板橋區三民路1段31巷89弄18、20號", "city" : "新北市", "district" : "板橋區", "tel" : "02-27478711#3961", "store_type" : "連鎖型綠色商店", "source_dataset" : "ntpe_6ccd0274", "store_code" : "F001130"}}, {"type" : "Feature", "geometry" : {"type" : "Point", "coordinates" : [121.426917035797, 24.925703385345]}, "properties" : {"name" : "7-11豐康門市", "address" : "237新北市三峽區成福路241號", "city" : "新北市", "district" : "三峽區", "tel" : "02-27478711#3961", "store_type" : "連鎖型綠色商店", "source_dataset" : "ntpe_6ccd0274", "store_code" : "F001458"}}, {"type" : "Feature", "geometry" : {"type" : "Point", "coordinates" : [121.456880998545, 24.995094982439]}, "properties" : {"name" : "7-11鎮板橋門市", "address" : "220新北市板橋區信義路28號", "city" : "新北市", "district" : "板橋區", "tel" : "02-27478711#3961", "store_type" : "連鎖型綠色商店", "source_dataset" : "ntpe_6ccd0274", "store_code" : "F000993"}}, {"type" : "Feature", "geometry" : {"type" : "Point", "coordinates" : [121.545445025687, 24.968827019897]}, "properties" : {"name" : "7-11鎮鑫門市", "address" : "231新北市新店區中興路1段289號", "city" : "新北市", "district" : "新店區", "tel" : "02-27478711#3961", "store_type" : "連鎖型綠色商店", "source_dataset" : "ntpe_6ccd0274", "store_code" : "F000930"}}, {"type" : "Feature", "geometry" : {"type" : "Point", "coordinates" : [121.536704041779, 24.98023898107]}, "properties" : {"name" : "7-11雙建門市", "address" : "231新北市新店區二十張路62號", "city" : "新北市", "district" : "新店區", "tel" : "02-27478711#3961", "store_type" : "連鎖型綠色商店", "source_dataset" : "ntpe_6ccd0274", "store_code" : "F000581"}}, {"type" : "Feature", "geometry" : {"type" : "Point", "coordinates" : [121.444975175636, 25.04204679981]}, "properties" : {"name" : "7-11雙泰門市", "address" : "242新北市新莊區新泰路330號", "city" : "新北市", "district" : "新莊區", "tel" : "02-27478711#3961", "store_type" : "連鎖型綠色商店", "source_dataset" : "ntpe_6ccd0274", "store_code" : "F001447"}}, {"type" : "Feature", "geometry" : {"type" : "Point", "coordinates" : [121.864912380401, 25.035820386855]}, "properties" : {"name" : "7-11雙祥門市", "address" : "227新北市雙溪區雙溪村太平路65.67號", "city" : "新北市", "district" : "雙溪區", "tel" : "02-27478711#3961", "store_type" : "連鎖型綠色商店", "source_dataset" : "ntpe_6ccd0274", "store_code" : "F001075"}}, {"type" : "Feature", "geometry" : {"type" : "Point", "coordinates" : [121.463235989894, 25.081674007271]}, "properties" : {"name" : "7-11雙華門市", "address" : "247新北市蘆洲區中華街8號", "city" : "新北市", "district" : "蘆洲區", "tel" : "02-27478711#3961", "store_type" : "連鎖型綠色商店", "source_dataset" : "ntpe_6ccd0274", "store_code" : "F001299"}}, {"type" : "Feature", "geometry" : {"type" : "Point", "coordinates" : [121.475207245123, 25.025491641622]}, "properties" : {"name" : "7-11雙源門市", "address" : "220新北市板橋區雙十路二段47巷30、32號", "city" : "新北市", "district" : "板橋區", "tel" : "02-27478711#3961", "store_type" : "連鎖型綠色商店", "source_dataset" : "ntpe_6ccd0274", "store_code" : "F001606"}}, {"type" : "Feature", "geometry" : {"type" : "Point", "coordinates" : [121.866209982832, 25.03913899187]}, "properties" : {"name" : "7-11雙溪門市", "address" : "227新北市雙溪區自強路7號", "city" : "新北市", "district" : "雙溪區", "tel" : "02-27478711#3961", "store_type" : "連鎖型綠色商店", "source_dataset" : "ntpe_6ccd0274", "store_code" : "F001072"}}, {"type" : "Feature", "geometry" : {"type" : "Point", "coordinates" : [121.413500039565, 25.028293018708]}, "properties" : {"name" : "7-11雙鳳門市", "address" : "242新北市新莊區雙鳳路114號1樓", "city" : "新北市", "district" : "新莊區", "tel" : "02-27478711#3961", "store_type" : "連鎖型綠色商店", "source_dataset" : "ntpe_6ccd0274", "store_code" : "F001405"}}, {"type" : "Feature", "geometry" : {"type" : "Point", "coordinates" : [121.542704310987, 24.976382802695]}, "properties" : {"name" : "7-11雙鑫門市", "address" : "231新北市新店區北新路二段169號", "city" : "新北市", "district" : "新店區", "tel" : "02-27478711#3961", "store_type" : "連鎖型綠色商店", "source_dataset" : "ntpe_6ccd0274", "store_code" : "F001590"}}, {"type" : "Feature", "geometry" : {"type" : "Point", "coordinates" : [121.480321996603, 25.019681996209]}, "properties" : {"name" : "7-11馥都門市", "address" : "220新北市板橋區中山路二段399.401號", "city" : "新北市", "district" : "板橋區", "tel" : "02-27478711#3961", "store_type" : "連鎖型綠色商店", "source_dataset" : "ntpe_6ccd0274", "store_code" : "F001208"}}, {"type" : "Feature", "geometry" : {"type" : "Point", "coordinates" : [121.425073017098, 25.18411599341]}, "properties" : {"name" : "7-11鯊魚門市", "address" : "251新北市淡水區沙崙路214號", "city" : "新北市", "district" : "淡水區", "tel" : "02-27478711#3961", "store_type" : "連鎖型綠色商店", "source_dataset" : "ntpe_6ccd0274", "store_code" : "F000965"}}, {"type" : "Feature", "geometry" : {"type" : "Point", "coordinates" : [121.478618039507, 25.031068979311]}, "properties" : {"name" : "7-11懷民門市", "address" : "220新北市板橋區民治街111號", "city" : "新北市", "district" : "板橋區", "tel" : "02-27478711#3961", "store_type" : "連鎖型綠色商店", "source_dataset" : "ntpe_6ccd0274", "store_code" : "F001111"}}, {"type" : "Feature", "geometry" : {"type" : "Point", "coordinates" : [121.480131978858, 25.030350985485]}, "properties" : {"name" : "7-11懷翠門市", "address" : "220新北市板橋區懷德街181巷23號", "city" : "新北市", "district" : "板橋區", "tel" : "02-27478711#3961", "store_type" : "連鎖型綠色商店", "source_dataset" : "ntpe_6ccd0274", "store_code" : "F001398"}}, {"type" : "Feature", "geometry" : {"type" : "Point", "coordinates" : [121.477341978567, 25.032705001083]}, "properties" : {"name" : "7-11懷德門市", "address" : "220新北市板橋區懷德街55.57號", "city" : "新北市", "district" : "板橋區", "tel" : "02-27478711#3961", "store_type" : "連鎖型綠色商店", "source_dataset" : "ntpe_6ccd0274", "store_code" : "F000553"}}, {"type" : "Feature", "geometry" : {"type" : "Point", "coordinates" : [121.444622213694, 25.051584483614]}, "properties" : {"name" : "7-11藝高門市", "address" : "242新北市新莊區中平路357號", "city" : "新北市", "district" : "新莊區", "tel" : "02-27478711#3961", "store_type" : "連鎖型綠色商店", "source_dataset" : "ntpe_6ccd0274", "store_code" : "F001059"}}, {"type" : "Feature", "geometry" : {"type" : "Point", "coordinates" : [121.444491372185, 25.050322294724]}, "properties" : {"name" : "7-11藝寶門市", "address" : "242新北市新莊區立信三街8號", "city" : "新北市", "district" : "新莊區", "tel" : "02-27478711#3961", "store_type" : "連鎖型綠色商店", "source_dataset" : "ntpe_6ccd0274", "store_code" : "F001647"}}, {"type" : "Feature", "geometry" : {"type" : "Point", "coordinates" : [121.379704038324, 25.082241001112]}, "properties" : {"name" : "7-11麗池門市", "address" : "244新北市林口區文化二路2段120號", "city" : "新北市", "district" : "林口區", "tel" : "02-27478711#3961", "store_type" : "連鎖型綠色商店", "source_dataset" : "ntpe_6ccd0274", "store_code" : "F001008"}}, {"type" : "Feature", "geometry" : {"type" : "Point", "coordinates" : [121.527103996615, 25.002802980599]}, "properties" : {"name" : "7-11麗金門市", "address" : "234新北市永和區成功路一段91號", "city" : "新北市", "district" : "永和區", "tel" : "02-27478711#3961", "store_type" : "連鎖型綠色商店", "source_dataset" : "ntpe_6ccd0274", "store_code" : "F001351"}}, {"type" : "Feature", "geometry" : {"type" : "Point", "coordinates" : [121.374241384386, 25.071509692386]}, "properties" : {"name" : "7-11麗園門市", "address" : "244新北市林口區文化一路一段118號", "city" : "新北市", "district" : "林口區", "tel" : "02-27478711#3961", "store_type" : "連鎖型綠色商店", "source_dataset" : "ntpe_6ccd0274", "store_code" : "F001585"}}, {"type" : "Feature", "geometry" : {"type" : "Point", "coordinates" : [121.378677003728, 25.0708020083]}, "properties" : {"name" : "7-11麗興門市", "address" : "244新北市林口區麗園一街11巷1號1樓之2", "city" : "新北市", "district" : "林口區", "tel" : "02-27478711#3961", "store_type" : "連鎖型綠色商店", "source_dataset" : "ntpe_6ccd0274", "store_code" : "F000950"}}, {"type" : "Feature", "geometry" : {"type" : "Point", "coordinates" : [121.541858996051, 24.986878999037]}, "properties" : {"name" : "7-11寶中門市", "address" : "231新北市新店區寶慶街66號", "city" : "新北市", "district" : "新店區", "tel" : "02-27478711#3961", "store_type" : "連鎖型綠色商店", "source_dataset" : "ntpe_6ccd0274", "store_code" : "F001368"}}, {"type" : "Feature", "geometry" : {"type" : "Point", "coordinates" : [121.542747980702, 24.973184016986]}, "properties" : {"name" : "7-11寶新門市", "address" : "231新北市新店區北新路二段57號", "city" : "新北市", "district" : "新店區", "tel" : "02-27478711#3961", "store_type" : "連鎖型綠色商店", "source_dataset" : "ntpe_6ccd0274", "store_code" : "F001499"}}, {"type" : "Feature", "geometry" : {"type" : "Point", "coordinates" : [121.461399011994, 25.008912005]}, "properties" : {"name" : "7-11耀心門市", "address" : "220新北市板橋區中山路一段50巷11號", "city" : "新北市", "district" : "板橋區", "tel" : "02-27478711#3961", "store_type" : "連鎖型綠色商店", "source_dataset" : "ntpe_6ccd0274", "store_code" : "F001207"}}, {"type" : "Feature", "geometry" : {"type" : "Point", "coordinates" : [121.475837929862, 25.082722289992]}, "properties" : {"name" : "7-11蘆三門市", "address" : "247新北市蘆洲區三民路28號", "city" : "新北市", "district" : "蘆洲區", "tel" : "02-27478711#3961", "store_type" : "連鎖型綠色商店", "source_dataset" : "ntpe_6ccd0274", "store_code" : "F001514"}}, {"type" : "Feature", "geometry" : {"type" : "Point", "coordinates" : [121.467420990331, 25.08716599787]}, "properties" : {"name" : "7-11蘆正門市", "address" : "247新北市蘆洲區中正路261號", "city" : "新北市", "district" : "蘆洲區", "tel" : "02-27478711#3961", "store_type" : "連鎖型綠色商店", "source_dataset" : "ntpe_6ccd0274", "store_code" : "F001530"}}, {"type" : "Feature", "geometry" : {"type" : "Point", "coordinates" : [121.467593992812, 25.077212990763]}, "properties" : {"name" : "7-11蘆永門市", "address" : "247新北市蘆洲區永安南路二段18號", "city" : "新北市", "district" : "蘆洲區", "tel" : "02-27478711#3961", "store_type" : "連鎖型綠色商店", "source_dataset" : "ntpe_6ccd0274", "store_code" : "F001658"}}, {"type" : "Feature", "geometry" : {"type" : "Point", "coordinates" : [121.464139978152, 25.078900016415]}, "properties" : {"name" : "7-11蘆安門市", "address" : "247新北市蘆洲區長安街11號", "city" : "新北市", "district" : "蘆洲區", "tel" : "02-27478711#3961", "store_type" : "連鎖型綠色商店", "source_dataset" : "ntpe_6ccd0274", "store_code" : "F001449"}}, {"type" : "Feature", "geometry" : {"type" : "Point", "coordinates" : [121.460247003222, 25.084820992818]}, "properties" : {"name" : "7-11蘆荻門市", "address" : "247新北市蘆洲區永康街1巷37號", "city" : "新北市", "district" : "蘆洲區", "tel" : "02-27478711#3961", "store_type" : "連鎖型綠色商店", "source_dataset" : "ntpe_6ccd0274", "store_code" : "F000958"}}, {"type" : "Feature", "geometry" : {"type" : "Point", "coordinates" : [121.474545021297, 25.078906009476]}, "properties" : {"name" : "7-11蘆揚門市", "address" : "247新北市蘆洲區民生街30號", "city" : "新北市", "district" : "蘆洲區", "tel" : "02-27478711#3961", "store_type" : "連鎖型綠色商店", "source_dataset" : "ntpe_6ccd0274", "store_code" : "F001417"}}, {"type" : "Feature", "geometry" : {"type" : "Point", "coordinates" : [121.459994959393, 25.082114015278]}, "properties" : {"name" : "7-11蘆華門市", "address" : "247新北市蘆洲區長安街205號", "city" : "新北市", "district" : "蘆洲區", "tel" : "02-27478711#3961", "store_type" : "連鎖型綠色商店", "source_dataset" : "ntpe_6ccd0274", "store_code" : "F001465"}}, {"type" : "Feature", "geometry" : {"type" : "Point", "coordinates" : [121.462931307714, 25.08610811787]}, "properties" : {"name" : "7-11蘆樂門市", "address" : "247新北市蘆洲區長樂路55號1樓", "city" : "新北市", "district" : "蘆洲區", "tel" : "02-27478711#3961", "store_type" : "連鎖型綠色商店", "source_dataset" : "ntpe_6ccd0274", "store_code" : "F001386"}}, {"type" : "Feature", "geometry" : {"type" : "Point", "coordinates" : [121.470479965895, 25.080602003765]}, "properties" : {"name" : "7-11蘆讚門市", "address" : "247新北市蘆洲區中山二路184號", "city" : "新北市", "district" : "蘆洲區", "tel" : "02-27478711#3961", "store_type" : "連鎖型綠色商店", "source_dataset" : "ntpe_6ccd0274", "store_code" : "F001369"}}, {"type" : "Feature", "geometry" : {"type" : "Point", "coordinates" : [121.4725900262, 25.026711018303]}, "properties" : {"name" : "7-11議會門市", "address" : "220新北市板橋區莊敬路60號", "city" : "新北市", "district" : "板橋區", "tel" : "02-27478711#3961", "store_type" : "連鎖型綠色商店", "source_dataset" : "ntpe_6ccd0274", "store_code" : "F000549"}}, {"type" : "Feature", "geometry" : {"type" : "Point", "coordinates" : [121.432990479019, 25.013549795846]}, "properties" : {"name" : "7-11儷新門市", "address" : "242新北市新莊區新樹路451號", "city" : "新北市", "district" : "新莊區", "tel" : "02-27478711#3961", "store_type" : "連鎖型綠色商店", "source_dataset" : "ntpe_6ccd0274", "store_code" : "F001162"}}, {"type" : "Feature", "geometry" : {"type" : "Point", "coordinates" : [121.348912027361, 24.954275994075]}, "properties" : {"name" : "7-11鶯育門市", "address" : "239新北市鶯歌區南雅路35號", "city" : "新北市", "district" : "鶯歌區", "tel" : "02-27478711#3961", "store_type" : "連鎖型綠色商店", "source_dataset" : "ntpe_6ccd0274", "store_code" : "F001327"}}, {"type" : "Feature", "geometry" : {"type" : "Point", "coordinates" : [121.325973021484, 24.971931006281]}, "properties" : {"name" : "7-11鶯桃門市", "address" : "239新北市鶯歌區鶯桃路二段7號", "city" : "新北市", "district" : "鶯歌區", "tel" : "02-27478711#3961", "store_type" : "連鎖型綠色商店", "source_dataset" : "ntpe_6ccd0274", "store_code" : "F001540"}}, {"type" : "Feature", "geometry" : {"type" : "Point", "coordinates" : [121.347461958112, 24.951160985488]}, "properties" : {"name" : "7-11鶯瓷門市", "address" : "239新北市鶯歌區尖山埔路100.102號", "city" : "新北市", "district" : "鶯歌區", "tel" : "02-27478711#3961", "store_type" : "連鎖型綠色商店", "source_dataset" : "ntpe_6ccd0274", "store_code" : "F001559"}}, {"type" : "Feature", "geometry" : {"type" : "Point", "coordinates" : [121.350931982208, 24.953683016335]}, "properties" : {"name" : "7-11鶯歌門市", "address" : "239新北市鶯歌區國慶街139號", "city" : "新北市", "district" : "鶯歌區", "tel" : "02-27478711#3961", "store_type" : "連鎖型綠色商店", "source_dataset" : "ntpe_6ccd0274", "store_code" : "F001124"}}, {"type" : "Feature", "geometry" : {"type" : "Point", "coordinates" : [121.460201992402, 25.092161989348]}, "properties" : {"name" : "7-11鷺江門市", "address" : "247新北市蘆洲區長榮路679號1樓", "city" : "新北市", "district" : "蘆洲區", "tel" : "02-27478711#3961", "store_type" : "連鎖型綠色商店", "source_dataset" : "ntpe_6ccd0274", "store_code" : "F001051"}}, {"type" : "Feature", "geometry" : {"type" : "Point", "coordinates" : [121.444545016365, 24.987481993152]}, "properties" : {"name" : "7-11鑫城門市", "address" : "236新北市土城區中華路1段94號", "city" : "新北市", "district" : "土城區", "tel" : "02-27478711#3961", "store_type" : "連鎖型綠色商店", "source_dataset" : "ntpe_6ccd0274", "store_code" : "F001071"}}, {"type" : "Feature", "geometry" : {"type" : "Point", "coordinates" : [121.635272037999, 25.010752000385]}, "properties" : {"name" : "7-11鑫庫門市", "address" : "222新北市深坑區北深路一段118.120號", "city" : "新北市", "district" : "深坑區", "tel" : "02-27478711#3961", "store_type" : "連鎖型綠色商店", "source_dataset" : "ntpe_6ccd0274", "store_code" : "F001454"}}, {"type" : "Feature", "geometry" : {"type" : "Point", "coordinates" : [121.486818474478, 25.072467911557]}, "properties" : {"name" : "7-11鑫強門市", "address" : "241新北市三重區自強路三段30.32號", "city" : "新北市", "district" : "三重區", "tel" : "02-27478711#3961", "store_type" : "連鎖型綠色商店", "source_dataset" : "ntpe_6ccd0274", "store_code" : "F001335"}}, {"type" : "Feature", "geometry" : {"type" : "Point", "coordinates" : [121.535583968058, 24.982676983337]}, "properties" : {"name" : "7-11鑫權門市", "address" : "231新北市新店區民權路125號", "city" : "新北市", "district" : "新店區", "tel" : "02-27478711#3961", "store_type" : "連鎖型綠色商店", "source_dataset" : "ntpe_6ccd0274", "store_code" : "F000990"}}, {"type" : "Feature", "geometry" : {"type" : "Point", "coordinates" : [121.451334022661, 25.174073006573]}, "properties" : {"name" : "7-11鑫鑫門市", "address" : "251新北市淡水區水源街2段76號", "city" : "新北市", "district" : "淡水區", "tel" : "02-27478711#3961", "store_type" : "連鎖型綠色商店", "source_dataset" : "ntpe_6ccd0274", "store_code" : "F001185"}}, {"type" : "Feature", "geometry" : {"type" : "Point", "coordinates" : [121.389173409617, 25.080750908275]}, "properties" : {"name" : "7-11觀林門市", "address" : "244新北市林口區林口路78.80號", "city" : "新北市", "district" : "林口區", "tel" : "02-27478711#3961", "store_type" : "連鎖型綠色商店", "source_dataset" : "ntpe_6ccd0274", "store_code" : "F001469"}}, {"type" : "Feature", "geometry" : {"type" : "Point", "coordinates" : [121.441906979979, 25.003174005543]}, "properties" : {"name" : "7-11觀泰門市", "address" : "220新北市板橋區大觀路2段174巷166弄2.4號", "city" : "新北市", "district" : "板橋區", "tel" : "02-27478711#3961", "store_type" : "連鎖型綠色商店", "source_dataset" : "ntpe_6ccd0274", "store_code" : "F001588"}}, {"type" : "Feature", "geometry" : {"type" : "Point", "coordinates" : [121.453035968101, 25.125668018649]}, "properties" : {"name" : "7-11觀海門市", "address" : "249新北市八里區龍米路一段140號", "city" : "新北市", "district" : "八里區", "tel" : "02-27478711#3961", "store_type" : "連鎖型綠色商店", "source_dataset" : "ntpe_6ccd0274", "store_code" : "F001239"}}, {"type" : "Feature", "geometry" : {"type" : "Point", "coordinates" : [121.427830998519, 25.161621982773]}, "properties" : {"name" : "7-11觀景門市", "address" : "249新北市八里區觀海大道61.63號", "city" : "新北市", "district" : "八里區", "tel" : "02-27478711#3961", "store_type" : "連鎖型綠色商店", "source_dataset" : "ntpe_6ccd0274", "store_code" : "F001322"}}, {"type" : "Feature", "geometry" : {"type" : "Point", "coordinates" : [121.443068963216, 25.000200986397]}, "properties" : {"name" : "7-11觀龍門市", "address" : "220新北市板橋區龍興街24號", "city" : "新北市", "district" : "板橋區", "tel" : "02-27478711#3961", "store_type" : "連鎖型綠色商店", "source_dataset" : "ntpe_6ccd0274", "store_code" : "F000924"}}, {"type" : "Feature", "geometry" : {"type" : "Point", "coordinates" : [121.497109020826, 25.001132006292]}, "properties" : {"name" : "一俐車業有限公司", "address" : "235新北市中和區景平路670號", "city" : "新北市", "district" : "中和區", "tel" : "22405252", "store_type" : "連鎖型綠色商店", "source_dataset" : "ntpe_6ccd0274", "store_code" : "F002054"}}, {"type" : "Feature", "geometry" : {"type" : "Point", "coordinates" : [121.524788998777, 25.004777002616]}, "properties" : {"name" : "一楓車業有限公司", "address" : "234新北市永和區林森路48巷2號", "city" : "新北市", "district" : "永和區", "tel" : "29239582", "store_type" : "連鎖型綠色商店", "source_dataset" : "ntpe_6ccd0274", "store_code" : "F002095"}}, {"type" : "Feature", "geometry" : {"type" : "Point", "coordinates" : [121.467938991947, 24.99756299192]}, "properties" : {"name" : "力昌機車行", "address" : "235新北市中和區民德路236號", "city" : "新北市", "district" : "中和區", "tel" : "29531099", "store_type" : "連鎖型綠色商店", "source_dataset" : "ntpe_6ccd0274", "store_code" : "F002129"}}, {"type" : "Feature", "geometry" : {"type" : "Point", "coordinates" : [121.443244983183, 24.98198941582]}, "properties" : {"name" : "力溢車業有限公司", "address" : "236新北市土城區中央路一段302號", "city" : "新北市", "district" : "土城區", "tel" : "22616577", "store_type" : "連鎖型綠色商店", "source_dataset" : "ntpe_6ccd0274", "store_code" : "F002157"}}, {"type" : "Feature", "geometry" : {"type" : "Point", "coordinates" : [121.512300968874, 24.993265003428]}, "properties" : {"name" : "久川車業有限公司", "address" : "235新北市中和區安樂路68號", "city" : "新北市", "district" : "中和區", "tel" : "29428322", "store_type" : "連鎖型綠色商店", "source_dataset" : "ntpe_6ccd0274", "store_code" : "F002070"}}, {"type" : "Feature", "geometry" : {"type" : "Point", "coordinates" : [121.496570902642, 25.066181400356]}, "properties" : {"name" : "大同綜合訊電股份有限公司-大同3C_三重正義門市", "address" : "241新北市三重區正義北路150號", "city" : "新北市", "district" : "三重區", "tel" : "02-29836377", "store_type" : "連鎖型綠色商店", "source_dataset" : "ntpe_6ccd0274", "store_code" : "F001972"}}, {"type" : "Feature", "geometry" : {"type" : "Point", "coordinates" : [121.372808581857, 24.936207209218]}, "properties" : {"name" : "大同綜合訊電股份有限公司-大同3C_三峽門市", "address" : "237新北市三峽區文化路48號", "city" : "新北市", "district" : "三峽區", "tel" : "02-26711210", "store_type" : "連鎖型綠色商店", "source_dataset" : "ntpe_6ccd0274", "store_code" : "F001959"}}, {"type" : "Feature", "geometry" : {"type" : "Point", "coordinates" : [121.44186188534, 24.976146307297]}, "properties" : {"name" : "大同綜合訊電股份有限公司-大同3C_土城中央門市", "address" : "236新北市土城區中央路二段186號", "city" : "新北市", "district" : "土城區", "tel" : "02-22602344", "store_type" : "連鎖型綠色商店", "source_dataset" : "ntpe_6ccd0274", "store_code" : "F001974"}}, {"type" : "Feature", "geometry" : {"type" : "Point", "coordinates" : [121.504730014831, 24.99952201033]}, "properties" : {"name" : "大同綜合訊電股份有限公司-大同3C_中和雙和門市", "address" : "235新北市中和區中和路176號", "city" : "新北市", "district" : "中和區", "tel" : "02-22451320", "store_type" : "連鎖型綠色商店", "source_dataset" : "ntpe_6ccd0274", "store_code" : "F002328"}}, {"type" : "Feature", "geometry" : {"type" : "Point", "coordinates" : [121.512783012126, 25.010483989031]}, "properties" : {"name" : "大同綜合訊電股份有限公司-大同3C_永和中山門市", "address" : "234新北市永和區中山路一段65號", "city" : "新北市", "district" : "永和區", "tel" : "02-29213392", "store_type" : "連鎖型綠色商店", "source_dataset" : "ntpe_6ccd0274", "store_code" : "F001954"}}, {"type" : "Feature", "geometry" : {"type" : "Point", "coordinates" : [121.517360034174, 24.999240001198]}, "properties" : {"name" : "大同綜合訊電股份有限公司-大同3C_永和中正門市", "address" : "234新北市永和區中正路306號", "city" : "新北市", "district" : "永和區", "tel" : "0930255170", "store_type" : "連鎖型綠色商店", "source_dataset" : "ntpe_6ccd0274", "store_code" : "F001981"}}, {"type" : "Feature", "geometry" : {"type" : "Point", "coordinates" : [121.661006492405, 25.06870020417]}, "properties" : {"name" : "大同綜合訊電股份有限公司-大同3C_汐止大同門市", "address" : "221新北市汐止區大同路二段497號", "city" : "新北市", "district" : "汐止區", "tel" : "02-26412423", "store_type" : "連鎖型綠色商店", "source_dataset" : "ntpe_6ccd0274", "store_code" : "F001977"}}, {"type" : "Feature", "geometry" : {"type" : "Point", "coordinates" : [121.633655001239, 25.064588000562]}, "properties" : {"name" : "大同綜合訊電股份有限公司-大同3C_汐止福德門市", "address" : "221新北市汐止區福德一路249號", "city" : "新北市", "district" : "汐止區", "tel" : "02-86934966", "store_type" : "連鎖型綠色商店", "source_dataset" : "ntpe_6ccd0274", "store_code" : "F001975"}}, {"type" : "Feature", "geometry" : {"type" : "Point", "coordinates" : [121.456687041305, 25.016924014789]}, "properties" : {"name" : "大同綜合訊電股份有限公司-大同3C_板橋中正門市", "address" : "220新北市板橋區中正路162號", "city" : "新北市", "district" : "板橋區", "tel" : "02-22710873", "store_type" : "連鎖型綠色商店", "source_dataset" : "ntpe_6ccd0274", "store_code" : "F001958"}}, {"type" : "Feature", "geometry" : {"type" : "Point", "coordinates" : [121.461203378374, 24.996095194945]}, "properties" : {"name" : "大同綜合訊電股份有限公司-大同3C_板橋國慶門市", "address" : "220新北市板橋區國慶路143號", "city" : "新北市", "district" : "板橋區", "tel" : "02-29512903", "store_type" : "連鎖型綠色商店", "source_dataset" : "ntpe_6ccd0274", "store_code" : "F001979"}}, {"type" : "Feature", "geometry" : {"type" : "Point", "coordinates" : [121.429219963695, 25.052634987539]}, "properties" : {"name" : "大同綜合訊電股份有限公司-大同3C_泰山門市", "address" : "243新北市泰山區明志路二段59號", "city" : "新北市", "district" : "泰山區", "tel" : "02-29098442", "store_type" : "連鎖型綠色商店", "source_dataset" : "ntpe_6ccd0274", "store_code" : "F001960"}}, {"type" : "Feature", "geometry" : {"type" : "Point", "coordinates" : [121.536574038461, 24.974837012112]}, "properties" : {"name" : "大同綜合訊電股份有限公司-大同3C_新店中正門市", "address" : "231新北市新店區中正路309號", "city" : "新北市", "district" : "新店區", "tel" : "02-29154814", "store_type" : "連鎖型綠色商店", "source_dataset" : "ntpe_6ccd0274", "store_code" : "F001971"}}, {"type" : "Feature", "geometry" : {"type" : "Point", "coordinates" : [121.445323024618, 25.040940011405]}, "properties" : {"name" : "大同綜合訊電股份有限公司-大同3C_新莊新泰門市", "address" : "242新北市新莊區新泰路303號", "city" : "新北市", "district" : "新莊區", "tel" : "02-29938989", "store_type" : "連鎖型綠色商店", "source_dataset" : "ntpe_6ccd0274", "store_code" : "F001973"}}, {"type" : "Feature", "geometry" : {"type" : "Point", "coordinates" : [121.42458200521, 25.024274985783]}, "properties" : {"name" : "大同綜合訊電股份有限公司-大同3C_新莊鴻金寶門市", "address" : "242新北市新莊區富國路188號", "city" : "新北市", "district" : "新莊區", "tel" : "02-22067657", "store_type" : "連鎖型綠色商店", "source_dataset" : "ntpe_6ccd0274", "store_code" : "F001956"}}, {"type" : "Feature", "geometry" : {"type" : "Point", "coordinates" : [121.425965186873, 24.99297490576]}, "properties" : {"name" : "大同綜合訊電股份有限公司-大同3C_樹林門市", "address" : "238新北市樹林區鎮前街32號", "city" : "新北市", "district" : "樹林區", "tel" : "02-26812538", "store_type" : "連鎖型綠色商店", "source_dataset" : "ntpe_6ccd0274", "store_code" : "F001970"}}, {"type" : "Feature", "geometry" : {"type" : "Point", "coordinates" : [121.464635910494, 25.08195011537]}, "properties" : {"name" : "大同綜合訊電股份有限公司-大同3C_蘆洲光華門市", "address" : "247新北市蘆洲區光華路188、190號", "city" : "新北市", "district" : "蘆洲區", "tel" : "02-22810868", "store_type" : "連鎖型綠色商店", "source_dataset" : "ntpe_6ccd0274", "store_code" : "F001965"}}, {"type" : "Feature", "geometry" : {"type" : "Point", "coordinates" : [121.516453196069, 24.992377192244]}, "properties" : {"name" : "大潤發流通事業股分有限公司中和分公司景平店", "address" : "235新北市中和區景平路182號地下1樓", "city" : "新北市", "district" : "中和區", "tel" : "02-29436000#501", "store_type" : "連鎖型綠色商店", "source_dataset" : "ntpe_6ccd0274", "store_code" : "F000015"}}, {"type" : "Feature", "geometry" : {"type" : "Point", "coordinates" : [121.433359930802, 24.964461439228]}, "properties" : {"name" : "大潤發流通事業股份有限公司土城分公司", "address" : "236新北市土城區永安街25號", "city" : "新北市", "district" : "土城區", "tel" : "02-22674750", "store_type" : "連鎖型綠色商店", "source_dataset" : "ntpe_6ccd0274", "store_code" : "F001999"}}, {"type" : "Feature", "geometry" : {"type" : "Point", "coordinates" : [121.537136674629, 24.961960880973]}, "properties" : {"name" : "大潤發流通事業股份有限公司新店分公司", "address" : "231新北市新店區環河路22號B1", "city" : "新北市", "district" : "新店區", "tel" : "02-89122188#501", "store_type" : "連鎖型綠色商店", "source_dataset" : "ntpe_6ccd0274", "store_code" : "F000010"}}, {"type" : "Feature", "geometry" : {"type" : "Point", "coordinates" : [121.516906977626, 25.006825466035]}, "properties" : {"name" : "大鑫車業有限公司", "address" : "234新北市永和區中正路40號", "city" : "新北市", "district" : "永和區", "tel" : "29468888", "store_type" : "連鎖型綠色商店", "source_dataset" : "ntpe_6ccd0274", "store_code" : "F002093"}}, {"type" : "Feature", "geometry" : {"type" : "Point", "coordinates" : [121.505959975303, 24.997088995295]}, "properties" : {"name" : "川吉機車行", "address" : "235新北市中和區景新街133號", "city" : "新北市", "district" : "中和區", "tel" : "22402909", "store_type" : "連鎖型綠色商店", "source_dataset" : "ntpe_6ccd0274", "store_code" : "F002111"}}, {"type" : "Feature", "geometry" : {"type" : "Point", "coordinates" : [121.499877395807, 25.002021116671]}, "properties" : {"name" : "中和地區農會超市", "address" : "235新北市中和區中和路25號", "city" : "新北市", "district" : "中和區", "tel" : "02-22491000", "store_type" : "連鎖型綠色商店", "source_dataset" : "ntpe_6ccd0274", "store_code" : "F000249"}}, {"type" : "Feature", "geometry" : {"type" : "Point", "coordinates" : [121.494482719104, 25.061571688886]}, "properties" : {"name" : "中華電信股份有限公司（股）新北營運處三重服務中心", "address" : "241新北市三重區重新路三段27號", "city" : "新北市", "district" : "三重區", "tel" : "02-23445862", "store_type" : "連鎖型綠色商店", "source_dataset" : "ntpe_6ccd0274", "store_code" : "F002254"}}, {"type" : "Feature", "geometry" : {"type" : "Point", "coordinates" : [121.410014128936, 25.157059559588]}, "properties" : {"name" : "中華電信股份有限公司台北營運處八里服務中心", "address" : "249新北市八里區中山路二段356巷12號", "city" : "新北市", "district" : "八里區", "tel" : "02-23445862", "store_type" : "連鎖型綠色商店", "source_dataset" : "ntpe_6ccd0274", "store_code" : "F002238"}}, {"type" : "Feature", "geometry" : {"type" : "Point", "coordinates" : [121.500101611717, 25.257966008623]}, "properties" : {"name" : "中華電信股份有限公司台北營運處三芝服務中心", "address" : "252新北市三芝區公正街1號", "city" : "新北市", "district" : "三芝區", "tel" : "02-23445862", "store_type" : "連鎖型綠色商店", "source_dataset" : "ntpe_6ccd0274", "store_code" : "F002234"}}, {"type" : "Feature", "geometry" : {"type" : "Point", "coordinates" : [121.539731166111, 24.983061503145]}, "properties" : {"name" : "中華電信股份有限公司台北營運處大坪林服務中心", "address" : "231新北市新店區民權路48號", "city" : "新北市", "district" : "新店區", "tel" : "02-23445862", "store_type" : "連鎖型綠色商店", "source_dataset" : "ntpe_6ccd0274", "store_code" : "F002273"}}, {"type" : "Feature", "geometry" : {"type" : "Point", "coordinates" : [121.568182782069, 25.292453810243]}, "properties" : {"name" : "中華電信股份有限公司台北營運處石門洞服務中心", "address" : "253新北市石門區中央路32號", "city" : "新北市", "district" : "石門區", "tel" : "02-23445862", "store_type" : "連鎖型綠色商店", "source_dataset" : "ntpe_6ccd0274", "store_code" : "F002233"}}, {"type" : "Feature", "geometry" : {"type" : "Point", "coordinates" : [121.498879111139, 24.9554744805]}, "properties" : {"name" : "中華電信股份有限公司台北營運處安康服務中心", "address" : "231新北市新店區安康路二段337號", "city" : "新北市", "district" : "新店區", "tel" : "02-23445862", "store_type" : "連鎖型綠色商店", "source_dataset" : "ntpe_6ccd0274", "store_code" : "F002270"}}, {"type" : "Feature", "geometry" : {"type" : "Point", "coordinates" : [121.46011297659, 25.136022016004]}, "properties" : {"name" : "中華電信股份有限公司台北營運處竹圍服務中心", "address" : "251新北市淡水區民權路157號", "city" : "新北市", "district" : "淡水區", "tel" : "02-23445862", "store_type" : "連鎖型綠色商店", "source_dataset" : "ntpe_6ccd0274", "store_code" : "F002235"}}, {"type" : "Feature", "geometry" : {"type" : "Point", "coordinates" : [121.446695309806, 25.168035479806]}, "properties" : {"name" : "中華電信股份有限公司台北營運處淡水服務中心", "address" : "251新北市淡水區中正東路51號", "city" : "新北市", "district" : "淡水區", "tel" : "02-23445862", "store_type" : "連鎖型綠色商店", "source_dataset" : "ntpe_6ccd0274", "store_code" : "F002236"}}, {"type" : "Feature", "geometry" : {"type" : "Point", "coordinates" : [121.446695309806, 25.168035479806]}, "properties" : {"name" : "中華電信股份有限公司台北營運處淡水捷運服務中心", "address" : "251新北市淡水區中正東路51號", "city" : "新北市", "district" : "淡水區", "tel" : "02-23445862", "store_type" : "連鎖型綠色商店", "source_dataset" : "ntpe_6ccd0274", "store_code" : "F002237"}}, {"type" : "Feature", "geometry" : {"type" : "Point", "coordinates" : [121.444002120497, 25.185352701314]}, "properties" : {"name" : "中華電信股份有限公司台北營運處淡水新市服務中心", "address" : "251新北市淡水區中山北路二段191號", "city" : "新北市", "district" : "淡水區", "tel" : "0800-080-123", "store_type" : "連鎖型綠色商店", "source_dataset" : "ntpe_6ccd0274", "store_code" : "F002329"}}, {"type" : "Feature", "geometry" : {"type" : "Point", "coordinates" : [121.615707334883, 25.002388914582]}, "properties" : {"name" : "中華電信股份有限公司台北營運處深坑服務中心", "address" : "222新北市深坑區深坑街14號", "city" : "新北市", "district" : "深坑區", "tel" : "02-23445862", "store_type" : "連鎖型綠色商店", "source_dataset" : "ntpe_6ccd0274", "store_code" : "F002278"}}, {"type" : "Feature", "geometry" : {"type" : "Point", "coordinates" : [121.539731166111, 24.983061503145]}, "properties" : {"name" : "中華電信股份有限公司台北營運處新店服務中心", "address" : "231新北市新店區民權路48號", "city" : "新北市", "district" : "新店區", "tel" : "02-23445862", "store_type" : "連鎖型綠色商店", "source_dataset" : "ntpe_6ccd0274", "store_code" : "F002272"}}, {"type" : "Feature", "geometry" : {"type" : "Point", "coordinates" : [121.659319299115, 25.063531587396]}, "properties" : {"name" : "中華電信股份有限公司基隆營運處汐止服務中心", "address" : "221新北市汐止區仁愛路12號", "city" : "新北市", "district" : "汐止區", "tel" : "02-23445862", "store_type" : "連鎖型綠色商店", "source_dataset" : "ntpe_6ccd0274", "store_code" : "F002279"}}, {"type" : "Feature", "geometry" : {"type" : "Point", "coordinates" : [121.632529982195, 25.064110986453]}, "properties" : {"name" : "中華電信股份有限公司基隆營運處汐止福德服務中心", "address" : "221新北市汐止區福德一路264號", "city" : "新北市", "district" : "汐止區", "tel" : "0800-080-123", "store_type" : "連鎖型綠色商店", "source_dataset" : "ntpe_6ccd0274", "store_code" : "F002311"}}, {"type" : "Feature", "geometry" : {"type" : "Point", "coordinates" : [121.806062367654, 25.10733981389]}, "properties" : {"name" : "中華電信股份有限公司基隆營運處金山服務中心", "address" : "224新北市瑞芳區中正路65號2樓", "city" : "新北市", "district" : "瑞芳區", "tel" : "02-23445862", "store_type" : "連鎖型綠色商店", "source_dataset" : "ntpe_6ccd0274", "store_code" : "F002277"}}, {"type" : "Feature", "geometry" : {"type" : "Point", "coordinates" : [121.66395801197, 25.068253993554]}, "properties" : {"name" : "中華電信股份有限公司基隆營運處站前服務中心", "address" : "221新北市汐止區忠孝東路286號", "city" : "新北市", "district" : "汐止區", "tel" : "0800-080-123", "store_type" : "連鎖型綠色商店", "source_dataset" : "ntpe_6ccd0274", "store_code" : "F002310"}}, {"type" : "Feature", "geometry" : {"type" : "Point", "coordinates" : [121.905484037737, 25.020905206418]}, "properties" : {"name" : "中華電信股份有限公司基隆營運處貢寮服務中心", "address" : "228新北市貢寮區長泰路18號", "city" : "新北市", "district" : "貢寮區", "tel" : "02-23445862", "store_type" : "連鎖型綠色商店", "source_dataset" : "ntpe_6ccd0274", "store_code" : "F002274"}}, {"type" : "Feature", "geometry" : {"type" : "Point", "coordinates" : [121.806062367654, 25.10733981389]}, "properties" : {"name" : "中華電信股份有限公司基隆營運處瑞芳服務中心", "address" : "224新北市瑞芳區中正路65號2樓", "city" : "新北市", "district" : "瑞芳區", "tel" : "02-23445862", "store_type" : "連鎖型綠色商店", "source_dataset" : "ntpe_6ccd0274", "store_code" : "F002276"}}, {"type" : "Feature", "geometry" : {"type" : "Point", "coordinates" : [121.6780014, 25.1919422]}, "properties" : {"name" : "中華電信股份有限公司基隆營運處萬里服務中心", "address" : "207新北市萬里區瑪鍊路16號", "city" : "新北市", "district" : "萬里區", "tel" : "02-23445862", "store_type" : "連鎖型綠色商店", "source_dataset" : "ntpe_6ccd0274", "store_code" : "F002288"}}, {"type" : "Feature", "geometry" : {"type" : "Point", "coordinates" : [121.865835982312, 25.038991009369]}, "properties" : {"name" : "中華電信股份有限公司基隆營運處雙溪服務中心", "address" : "227新北市雙溪區中華路107號", "city" : "新北市", "district" : "雙溪區", "tel" : "02-23445862", "store_type" : "連鎖型綠色商店", "source_dataset" : "ntpe_6ccd0274", "store_code" : "F002275"}}, {"type" : "Feature", "geometry" : {"type" : "Point", "coordinates" : [121.497819973853, 25.063058009866]}, "properties" : {"name" : "中華電信股份有限公司新北營運處三重正義服務中心", "address" : "241新北市三重區正義北路15-3號", "city" : "新北市", "district" : "三重區", "tel" : "02-23445862", "store_type" : "連鎖型綠色商店", "source_dataset" : "ntpe_6ccd0274", "store_code" : "F002253"}}, {"type" : "Feature", "geometry" : {"type" : "Point", "coordinates" : [121.36976201151, 24.933937012653]}, "properties" : {"name" : "中華電信股份有限公司新北營運處三峽服務中心", "address" : "237新北市三峽區民權街36號", "city" : "新北市", "district" : "三峽區", "tel" : "02-23445862", "store_type" : "連鎖型綠色商店", "source_dataset" : "ntpe_6ccd0274", "store_code" : "F002259"}}, {"type" : "Feature", "geometry" : {"type" : "Point", "coordinates" : [121.370802373332, 24.938563194563]}, "properties" : {"name" : "中華電信股份有限公司新北營運處三峽復興服務中心", "address" : "237新北市三峽區復興路172號", "city" : "新北市", "district" : "三峽區", "tel" : "02-23445862", "store_type" : "連鎖型綠色商店", "source_dataset" : "ntpe_6ccd0274", "store_code" : "F002258"}}, {"type" : "Feature", "geometry" : {"type" : "Point", "coordinates" : [121.458841022783, 24.985264979762]}, "properties" : {"name" : "中華電信股份有限公司新北營運處土城服務中心", "address" : "236新北市土城區青雲路136號", "city" : "新北市", "district" : "土城區", "tel" : "02-23445862", "store_type" : "連鎖型綠色商店", "source_dataset" : "ntpe_6ccd0274", "store_code" : "F002262"}}, {"type" : "Feature", "geometry" : {"type" : "Point", "coordinates" : [121.503743297189, 24.999614881817]}, "properties" : {"name" : "中華電信股份有限公司新北營運處中和南山服務中心", "address" : "235新北市中和區中和路138號", "city" : "新北市", "district" : "中和區", "tel" : "02-23445862", "store_type" : "連鎖型綠色商店", "source_dataset" : "ntpe_6ccd0274", "store_code" : "F002290"}}, {"type" : "Feature", "geometry" : {"type" : "Point", "coordinates" : [121.441975963042, 25.088202001102]}, "properties" : {"name" : "中華電信股份有限公司新北營運處五股服務中心", "address" : "248新北市五股區成泰路三段18號", "city" : "新北市", "district" : "五股區", "tel" : "02-23445862", "store_type" : "連鎖型綠色商店", "source_dataset" : "ntpe_6ccd0274", "store_code" : "F002239"}}, {"type" : "Feature", "geometry" : {"type" : "Point", "coordinates" : [121.372832218824, 24.946412888796]}, "properties" : {"name" : "中華電信股份有限公司新北營運處北大服務中心", "address" : "237新北市三峽區大學路168號", "city" : "新北市", "district" : "三峽區", "tel" : "02-23445862", "store_type" : "連鎖型綠色商店", "source_dataset" : "ntpe_6ccd0274", "store_code" : "F002260"}}, {"type" : "Feature", "geometry" : {"type" : "Point", "coordinates" : [121.517548291719, 25.000682191458]}, "properties" : {"name" : "中華電信股份有限公司新北營運處永和中正服務中心", "address" : "234新北市永和區中正路261號", "city" : "新北市", "district" : "永和區", "tel" : "02-23445862", "store_type" : "連鎖型綠色商店", "source_dataset" : "ntpe_6ccd0274", "store_code" : "F002267"}}, {"type" : "Feature", "geometry" : {"type" : "Point", "coordinates" : [121.51945701871, 25.008620985322]}, "properties" : {"name" : "中華電信股份有限公司新北營運處永和服務中心", "address" : "234新北市永和區國光路8號", "city" : "新北市", "district" : "永和區", "tel" : "02-23445862", "store_type" : "連鎖型綠色商店", "source_dataset" : "ntpe_6ccd0274", "store_code" : "F002268"}}, {"type" : "Feature", "geometry" : {"type" : "Point", "coordinates" : [121.475415901037, 25.028203499982]}, "properties" : {"name" : "中華電信股份有限公司新北營運處江翠服務中心", "address" : "220新北市板橋區雙十路二段70巷2號", "city" : "新北市", "district" : "板橋區", "tel" : "02-23445862", "store_type" : "連鎖型綠色商店", "source_dataset" : "ntpe_6ccd0274", "store_code" : "F002286"}}, {"type" : "Feature", "geometry" : {"type" : "Point", "coordinates" : [121.459375033835, 25.009954001293]}, "properties" : {"name" : "中華電信股份有限公司新北營運處府中服務中心", "address" : "220新北市板橋區府後街1號", "city" : "新北市", "district" : "板橋區", "tel" : "02-23445862", "store_type" : "連鎖型綠色商店", "source_dataset" : "ntpe_6ccd0274", "store_code" : "F002282"}}, {"type" : "Feature", "geometry" : {"type" : "Point", "coordinates" : [121.424862966605, 25.039670991264]}, "properties" : {"name" : "中華電信股份有限公司新北營運處明志服務中心", "address" : "243新北市泰山區明志路三段155號", "city" : "新北市", "district" : "泰山區", "tel" : "02-23445862", "store_type" : "連鎖型綠色商店", "source_dataset" : "ntpe_6ccd0274", "store_code" : "F002245"}}, {"type" : "Feature", "geometry" : {"type" : "Point", "coordinates" : [121.369134039324, 25.071432997972]}, "properties" : {"name" : "中華電信股份有限公司新北營運處林口忠孝服務中心", "address" : "244新北市林口區忠孝路370號1樓", "city" : "新北市", "district" : "林口區", "tel" : "02-23445862", "store_type" : "連鎖型綠色商店", "source_dataset" : "ntpe_6ccd0274", "store_code" : "F002243"}}, {"type" : "Feature", "geometry" : {"type" : "Point", "coordinates" : [121.384806438063, 25.080021179784]}, "properties" : {"name" : "中華電信股份有限公司新北營運處林口服務中心", "address" : "244新北市林口區中山路262號", "city" : "新北市", "district" : "林口區", "tel" : "02-23445862", "store_type" : "連鎖型綠色商店", "source_dataset" : "ntpe_6ccd0274", "store_code" : "F002244"}}, {"type" : "Feature", "geometry" : {"type" : "Point", "coordinates" : [121.447927030478, 24.99095700448]}, "properties" : {"name" : "協聖汽車股份有限公司土城分公司", "address" : "236新北市土城區中華路一段2號", "city" : "新北市", "district" : "土城區", "tel" : "02-25066898", "store_type" : "連鎖型綠色商店", "source_dataset" : "ntpe_6ccd0274", "store_code" : "F001994"}}, {"type" : "Feature", "geometry" : {"type" : "Point", "coordinates" : [121.479248693902, 25.014429099399]}, "properties" : {"name" : "中華電信股份有限公司新北營運處板橋三民服務中心", "address" : "220新北市板橋區三民路2段171號", "city" : "新北市", "district" : "板橋區", "tel" : "02-23445862", "store_type" : "連鎖型綠色商店", "source_dataset" : "ntpe_6ccd0274", "store_code" : "F002280"}}, {"type" : "Feature", "geometry" : {"type" : "Point", "coordinates" : [121.463816017594, 25.027368997702]}, "properties" : {"name" : "中華電信股份有限公司新北營運處板橋四維服務中心", "address" : "220新北市板橋區四維路229號", "city" : "新北市", "district" : "板橋區", "tel" : "02-23445862", "store_type" : "連鎖型綠色商店", "source_dataset" : "ntpe_6ccd0274", "store_code" : "F002284"}}, {"type" : "Feature", "geometry" : {"type" : "Point", "coordinates" : [121.465183022183, 25.008471284531]}, "properties" : {"name" : "中華電信股份有限公司新北營運處板橋服務中心", "address" : "220新北市板橋區民族路166號", "city" : "新北市", "district" : "板橋區", "tel" : "02-23445862", "store_type" : "連鎖型綠色商店", "source_dataset" : "ntpe_6ccd0274", "store_code" : "F002287"}}, {"type" : "Feature", "geometry" : {"type" : "Point", "coordinates" : [121.469116939882, 25.025261114188]}, "properties" : {"name" : "中華電信股份有限公司新北營運處板橋新埔服務中心", "address" : "220新北市板橋區文化路二段51 號", "city" : "新北市", "district" : "板橋區", "tel" : "02-23445862", "store_type" : "連鎖型綠色商店", "source_dataset" : "ntpe_6ccd0274", "store_code" : "F002285"}}, {"type" : "Feature", "geometry" : {"type" : "Point", "coordinates" : [121.513324985985, 24.992209009357]}, "properties" : {"name" : "中華電信股份有限公司新北營運處南勢角服務中心", "address" : "235新北市中和區景平路155號", "city" : "新北市", "district" : "中和區", "tel" : "02-23445862", "store_type" : "連鎖型綠色商店", "source_dataset" : "ntpe_6ccd0274", "store_code" : "F002264"}}, {"type" : "Feature", "geometry" : {"type" : "Point", "coordinates" : [121.423990997218, 25.024533986591]}, "properties" : {"name" : "中華電信股份有限公司新北營運處後港服務中心", "address" : "242新北市新莊區四維路7號", "city" : "新北市", "district" : "新莊區", "tel" : "02-23445862", "store_type" : "連鎖型綠色商店", "source_dataset" : "ntpe_6ccd0274", "store_code" : "F002248"}}, {"type" : "Feature", "geometry" : {"type" : "Point", "coordinates" : [121.433176976365, 25.062260094593]}, "properties" : {"name" : "中華電信股份有限公司新北營運處泰明服務中心", "address" : "243新北市泰山區明志路一段167號1樓", "city" : "新北市", "district" : "泰山區", "tel" : "02-23445862", "store_type" : "連鎖型綠色商店", "source_dataset" : "ntpe_6ccd0274", "store_code" : "F002246"}}, {"type" : "Feature", "geometry" : {"type" : "Point", "coordinates" : [121.449687984516, 24.987632993137]}, "properties" : {"name" : "中華電信股份有限公司新北營運處海山捷運服務中心", "address" : "236新北市土城區裕民路73號", "city" : "新北市", "district" : "土城區", "tel" : "02-23445862", "store_type" : "連鎖型綠色商店", "source_dataset" : "ntpe_6ccd0274", "store_code" : "F002261"}}, {"type" : "Feature", "geometry" : {"type" : "Point", "coordinates" : [121.496712975901, 25.000508979429]}, "properties" : {"name" : "中華電信股份有限公司新北營運處連城服務中心", "address" : "235新北市中和區連城路94號", "city" : "新北市", "district" : "中和區", "tel" : "02-23445862", "store_type" : "連鎖型綠色商店", "source_dataset" : "ntpe_6ccd0274", "store_code" : "F002265"}}, {"type" : "Feature", "geometry" : {"type" : "Point", "coordinates" : [121.505290009782, 24.993686990344]}, "properties" : {"name" : "中華電信股份有限公司新北營運處景安捷運服務中心", "address" : "235新北市中和區景平路476號", "city" : "新北市", "district" : "中和區", "tel" : "02-23445862", "store_type" : "連鎖型綠色商店", "source_dataset" : "ntpe_6ccd0274", "store_code" : "F002263"}}, {"type" : "Feature", "geometry" : {"type" : "Point", "coordinates" : [121.481072931309, 25.084437814115]}, "properties" : {"name" : "中華電信股份有限公司新北營運處集賢服務中心", "address" : "247新北市蘆洲區集賢路338號1樓", "city" : "新北市", "district" : "蘆洲區", "tel" : "02-23445862", "store_type" : "連鎖型綠色商店", "source_dataset" : "ntpe_6ccd0274", "store_code" : "F002242"}}, {"type" : "Feature", "geometry" : {"type" : "Point", "coordinates" : [121.444618860932, 25.052213713085]}, "properties" : {"name" : "中華電信股份有限公司新北營運處新莊中平服務中心", "address" : "242新北市新莊區中平路369號", "city" : "新北市", "district" : "新莊區", "tel" : "02-23445862", "store_type" : "連鎖型綠色商店", "source_dataset" : "ntpe_6ccd0274", "store_code" : "F002250"}}, {"type" : "Feature", "geometry" : {"type" : "Point", "coordinates" : [121.425870974281, 25.022664989821]}, "properties" : {"name" : "中華電信股份有限公司新北營運處新莊民安服務中心", "address" : "242新北市新莊區民安路214號1樓", "city" : "新北市", "district" : "新莊區", "tel" : "02-23445862", "store_type" : "連鎖型綠色商店", "source_dataset" : "ntpe_6ccd0274", "store_code" : "F002247"}}, {"type" : "Feature", "geometry" : {"type" : "Point", "coordinates" : [121.451717997646, 25.049258002569]}, "properties" : {"name" : "中華電信股份有限公司新北營運處新莊幸福服務中心", "address" : "242新北市新莊區幸福路612號1樓", "city" : "新北市", "district" : "新莊區", "tel" : "02-23445862", "store_type" : "連鎖型綠色商店", "source_dataset" : "ntpe_6ccd0274", "store_code" : "F002289"}}, {"type" : "Feature", "geometry" : {"type" : "Point", "coordinates" : [121.451829979872, 25.038897886425]}, "properties" : {"name" : "中華電信股份有限公司新北營運處新莊服務中心", "address" : "242新北市新莊區中華路一段57號", "city" : "新北市", "district" : "新莊區", "tel" : "02-23445862", "store_type" : "連鎖型綠色商店", "source_dataset" : "ntpe_6ccd0274", "store_code" : "F002251"}}, {"type" : "Feature", "geometry" : {"type" : "Point", "coordinates" : [121.512911003788, 25.006770009644]}, "properties" : {"name" : "中華電信股份有限公司新北營運處樂華夜市服務中心", "address" : "234新北市永和區永和路一段57號", "city" : "新北市", "district" : "永和區", "tel" : "02-23445862", "store_type" : "連鎖型綠色商店", "source_dataset" : "ntpe_6ccd0274", "store_code" : "F002269"}}, {"type" : "Feature", "geometry" : {"type" : "Point", "coordinates" : [121.426520990872, 24.994093009734]}, "properties" : {"name" : "中華電信股份有限公司新北營運處樹林中華服務中心", "address" : "238新北市樹林區樹新路15號", "city" : "新北市", "district" : "樹林區", "tel" : "02-23445862", "store_type" : "連鎖型綠色商店", "source_dataset" : "ntpe_6ccd0274", "store_code" : "F002257"}}, {"type" : "Feature", "geometry" : {"type" : "Point", "coordinates" : [121.416846598227, 24.980396602759]}, "properties" : {"name" : "中華電信股份有限公司新北營運處樹林服務中心", "address" : "238新北市樹林區中華路144號", "city" : "新北市", "district" : "樹林區", "tel" : "02-23445862", "store_type" : "連鎖型綠色商店", "source_dataset" : "ntpe_6ccd0274", "store_code" : "F002256"}}, {"type" : "Feature", "geometry" : {"type" : "Point", "coordinates" : [121.474554157974, 25.005975765783]}, "properties" : {"name" : "中華電信股份有限公司新北營運處環球服務中心", "address" : "235新北市中和區中山路三段117 號", "city" : "新北市", "district" : "中和區", "tel" : "02-23445862", "store_type" : "連鎖型綠色商店", "source_dataset" : "ntpe_6ccd0274", "store_code" : "F002266"}}, {"type" : "Feature", "geometry" : {"type" : "Point", "coordinates" : [121.462198980833, 25.080577989612]}, "properties" : {"name" : "中華電信股份有限公司新北營運處蘆洲中華服務中心", "address" : "247新北市蘆洲區中華街73號1樓", "city" : "新北市", "district" : "蘆洲區", "tel" : "02-23445862", "store_type" : "連鎖型綠色商店", "source_dataset" : "ntpe_6ccd0274", "store_code" : "F002241"}}, {"type" : "Feature", "geometry" : {"type" : "Point", "coordinates" : [121.462198980833, 25.080577989612]}, "properties" : {"name" : "中華電信股份有限公司新北營運處蘆洲服務中心", "address" : "247新北市蘆洲區中華街73號1樓", "city" : "新北市", "district" : "蘆洲區", "tel" : "02-23445862", "store_type" : "連鎖型綠色商店", "source_dataset" : "ntpe_6ccd0274", "store_code" : "F002240"}}, {"type" : "Feature", "geometry" : {"type" : "Point", "coordinates" : [121.350600980851, 24.954827984308]}, "properties" : {"name" : "中華電信股份有限公司新北營運處鶯歌服務中心", "address" : "239新北市鶯歌區國慶街93號", "city" : "新北市", "district" : "鶯歌區", "tel" : "02-23445862", "store_type" : "連鎖型綠色商店", "source_dataset" : "ntpe_6ccd0274", "store_code" : "F002255"}}, {"type" : "Feature", "geometry" : {"type" : "Point", "coordinates" : [121.52617301863, 24.994196987243]}, "properties" : {"name" : "元宏機車行", "address" : "235新北市中和區秀朗路3段74-3號", "city" : "新北市", "district" : "中和區", "tel" : "29481535", "store_type" : "連鎖型綠色商店", "source_dataset" : "ntpe_6ccd0274", "store_code" : "F002112"}}, {"type" : "Feature", "geometry" : {"type" : "Point", "coordinates" : [121.455462026156, 24.981966281767]}, "properties" : {"name" : "元泓機車行", "address" : "236新北市土城區裕民路282號", "city" : "新北市", "district" : "土城區", "tel" : "22730268", "store_type" : "連鎖型綠色商店", "source_dataset" : "ntpe_6ccd0274", "store_code" : "F002135"}}, {"type" : "Feature", "geometry" : {"type" : "Point", "coordinates" : [121.453799978576, 25.010301012085]}, "properties" : {"name" : "日日興車業行", "address" : "220新北市板橋區林園街40號", "city" : "新北市", "district" : "板橋區", "tel" : "29660591", "store_type" : "連鎖型綠色商店", "source_dataset" : "ntpe_6ccd0274", "store_code" : "F002147"}}, {"type" : "Feature", "geometry" : {"type" : "Point", "coordinates" : [121.51371499594, 24.988682994148]}, "properties" : {"name" : "世昌車業行", "address" : "235新北市中和區景新街467巷15弄1號1樓", "city" : "新北市", "district" : "中和區", "tel" : "86682975", "store_type" : "連鎖型綠色商店", "source_dataset" : "ntpe_6ccd0274", "store_code" : "F002091"}}, {"type" : "Feature", "geometry" : {"type" : "Point", "coordinates" : [121.505427975909, 24.993260980115]}, "properties" : {"name" : "世揚車業有限公司", "address" : "235新北市中和區景平路337號", "city" : "新北市", "district" : "中和區", "tel" : "29424490", "store_type" : "連鎖型綠色商店", "source_dataset" : "ntpe_6ccd0274", "store_code" : "F002067"}}, {"type" : "Feature", "geometry" : {"type" : "Point", "coordinates" : [121.443191087545, 24.981099802526]}, "properties" : {"name" : "世煇車業有限公司", "address" : "236新北市土城區中央路一段357號", "city" : "新北市", "district" : "土城區", "tel" : "02-22631818", "store_type" : "連鎖型綠色商店", "source_dataset" : "ntpe_6ccd0274", "store_code" : "F002149"}}, {"type" : "Feature", "geometry" : {"type" : "Point", "coordinates" : [121.455553975634, 25.011685995856]}, "properties" : {"name" : "北門車業有限公司", "address" : "220新北市板橋區西門街12號", "city" : "新北市", "district" : "板橋區", "tel" : "29651205", "store_type" : "連鎖型綠色商店", "source_dataset" : "ntpe_6ccd0274", "store_code" : "F002145"}}, {"type" : "Feature", "geometry" : {"type" : "Point", "coordinates" : [121.516498961261, 24.977777383746]}, "properties" : {"name" : "北都汽車股份有限公司-安坑營業所", "address" : "231新北市新店區安和路2段251號", "city" : "新北市", "district" : "新店區", "tel" : "02-2211-3480", "store_type" : "連鎖型綠色商店", "source_dataset" : "ntpe_6ccd0274", "store_code" : "F002006"}}, {"type" : "Feature", "geometry" : {"type" : "Point", "coordinates" : [121.670896970514, 25.077076994384]}, "properties" : {"name" : "北都汽車股份有限公司-汐止營業所", "address" : "221新北市汐止區大同路3段110號", "city" : "新北市", "district" : "汐止區", "tel" : "02-8648-9696", "store_type" : "連鎖型綠色商店", "source_dataset" : "ntpe_6ccd0274", "store_code" : "F002008"}}, {"type" : "Feature", "geometry" : {"type" : "Point", "coordinates" : [121.551776212431, 24.979257711665]}, "properties" : {"name" : "北都汽車股份有限公司-新店營業所", "address" : "231新北市新店區寶橋路233-1號1樓", "city" : "新北市", "district" : "新店區", "tel" : "02-2917-9707", "store_type" : "連鎖型綠色商店", "source_dataset" : "ntpe_6ccd0274", "store_code" : "F002007"}}, {"type" : "Feature", "geometry" : {"type" : "Point", "coordinates" : [121.465727091518, 25.031615479398]}, "properties" : {"name" : "仟松車業有限公司", "address" : "220新北市板橋區長江路2段128號", "city" : "新北市", "district" : "板橋區", "tel" : "22525332", "store_type" : "連鎖型綠色商店", "source_dataset" : "ntpe_6ccd0274", "store_code" : "F002050"}}, {"type" : "Feature", "geometry" : {"type" : "Point", "coordinates" : [121.44335000843, 25.172591002273]}, "properties" : {"name" : "台北縣淡水鎮農會生鮮超級市場", "address" : "251新北市淡水區水源街1段31號", "city" : "新北市", "district" : "淡水區", "tel" : "02-26239307", "store_type" : "連鎖型綠色商店", "source_dataset" : "ntpe_6ccd0274", "store_code" : "F000101"}}, {"type" : "Feature", "geometry" : {"type" : "Point", "coordinates" : [121.466619009835, 25.013677997055]}, "properties" : {"name" : "台象股份有限公司-象印大遠百板橋據點", "address" : "220新北市板橋區新站路28號7樓", "city" : "新北市", "district" : "板橋區", "tel" : "02-2506-9009#217", "store_type" : "連鎖型綠色商店", "source_dataset" : "ntpe_6ccd0274", "store_code" : "F002171"}}, {"type" : "Feature", "geometry" : {"type" : "Point", "coordinates" : [121.448990191076, 25.069365308187]}, "properties" : {"name" : "台象股份有限公司-象印五股服務中心", "address" : "248新北市五股區五權八路41號1樓", "city" : "新北市", "district" : "五股區", "tel" : "02-2506-9009#217", "store_type" : "連鎖型綠色商店", "source_dataset" : "ntpe_6ccd0274", "store_code" : "F002167"}}, {"type" : "Feature", "geometry" : {"type" : "Point", "coordinates" : [121.507646078946, 25.007836481094]}, "properties" : {"name" : "台象股份有限公司-象印比漾廣場據點", "address" : "234新北市永和區中山路一段238號?5樓", "city" : "新北市", "district" : "永和區", "tel" : "02-2506-9009#217", "store_type" : "連鎖型綠色商店", "source_dataset" : "ntpe_6ccd0274", "store_code" : "F002169"}}, {"type" : "Feature", "geometry" : {"type" : "Point", "coordinates" : [121.449451028113, 25.059944007108]}, "properties" : {"name" : "台象股份有限公司-象印宏匯據點", "address" : "242新北市新莊區新北大道四段3號", "city" : "新北市", "district" : "新莊區", "tel" : "02-25069009#276", "store_type" : "連鎖型綠色商店", "source_dataset" : "ntpe_6ccd0274", "store_code" : "F002331"}}, {"type" : "Feature", "geometry" : {"type" : "Point", "coordinates" : [121.464423035022, 25.011040002578]}, "properties" : {"name" : "台象股份有限公司-象印遠東板橋據點", "address" : "220新北市板橋區中山路一段152號10樓", "city" : "新北市", "district" : "板橋區", "tel" : "02-2506-9009#217", "store_type" : "連鎖型綠色商店", "source_dataset" : "ntpe_6ccd0274", "store_code" : "F002170"}}, {"type" : "Feature", "geometry" : {"type" : "Point", "coordinates" : [121.475688899623, 25.006077203437]}, "properties" : {"name" : "台象股份有限公司-象印環球中和據點", "address" : "235新北市中和區中山路三段122號", "city" : "新北市", "district" : "中和區", "tel" : "02-25069009#276", "store_type" : "連鎖型綠色商店", "source_dataset" : "ntpe_6ccd0274", "store_code" : "F002330"}}, {"type" : "Feature", "geometry" : {"type" : "Point", "coordinates" : [121.512584025745, 24.99292901484]}, "properties" : {"name" : "台灣歐德家具", "address" : "235新北市中和區景平路306號", "city" : "新北市", "district" : "中和區", "tel" : "(02)86681038", "store_type" : "連鎖型綠色商店", "source_dataset" : "ntpe_6ccd0274", "store_code" : "F000226"}}, {"type" : "Feature", "geometry" : {"type" : "Point", "coordinates" : [121.510993978712, 25.005854999184]}, "properties" : {"name" : "弘安車業有限公司", "address" : "234新北市永和區永貞路344號", "city" : "新北市", "district" : "永和區", "tel" : "29238884", "store_type" : "連鎖型綠色商店", "source_dataset" : "ntpe_6ccd0274", "store_code" : "F002108"}}, {"type" : "Feature", "geometry" : {"type" : "Point", "coordinates" : [121.467686026109, 25.007685900204]}, "properties" : {"name" : "永督機車行", "address" : "220新北市板橋區民族路178號", "city" : "新北市", "district" : "板橋區", "tel" : "29500229", "store_type" : "連鎖型綠色商店", "source_dataset" : "ntpe_6ccd0274", "store_code" : "F002142"}}, {"type" : "Feature", "geometry" : {"type" : "Point", "coordinates" : [121.512928019051, 25.015170981649]}, "properties" : {"name" : "永諭車行", "address" : "234新北市永和區文化路105號", "city" : "新北市", "district" : "永和區", "tel" : "29241721", "store_type" : "連鎖型綠色商店", "source_dataset" : "ntpe_6ccd0274", "store_code" : "F002127"}}, {"type" : "Feature", "geometry" : {"type" : "Point", "coordinates" : [121.565195974691, 25.291064006878]}, "properties" : {"name" : "石門鄉農會超市", "address" : "253新北市石門區石門村中央路2號", "city" : "新北市", "district" : "石門區", "tel" : "02-26381005", "store_type" : "連鎖型綠色商店", "source_dataset" : "ntpe_6ccd0274", "store_code" : "F000104"}}, {"type" : "Feature", "geometry" : {"type" : "Point", "coordinates" : [121.518560993261, 25.01476399834]}, "properties" : {"name" : "立志機車行", "address" : "234新北市永和區竹林路39巷15號", "city" : "新北市", "district" : "永和區", "tel" : "89283808", "store_type" : "連鎖型綠色商店", "source_dataset" : "ntpe_6ccd0274", "store_code" : "F002128"}}, {"type" : "Feature", "geometry" : {"type" : "Point", "coordinates" : [121.508532968121, 25.004698003179]}, "properties" : {"name" : "立晟車業有限公司", "address" : "234新北市永和區保平路213號", "city" : "新北市", "district" : "永和區", "tel" : "29240832", "store_type" : "連鎖型綠色商店", "source_dataset" : "ntpe_6ccd0274", "store_code" : "F002125"}}, {"type" : "Feature", "geometry" : {"type" : "Point", "coordinates" : [121.459021988073, 24.988599007478]}, "properties" : {"name" : "任峰機車行", "address" : "236新北市土城區學府路一段16號", "city" : "新北市", "district" : "土城區", "tel" : "22625619", "store_type" : "連鎖型綠色商店", "source_dataset" : "ntpe_6ccd0274", "store_code" : "F002144"}}, {"type" : "Feature", "geometry" : {"type" : "Point", "coordinates" : [121.452048915183, 25.128178901564]}, "properties" : {"name" : "全家便利商店股份有限公司-八里春池店", "address" : "249新北市八里區龍源村龍米路一段２０６號１樓", "city" : "新北市", "district" : "八里區", "tel" : "02-29029199", "store_type" : "連鎖型綠色商店", "source_dataset" : "ntpe_6ccd0274", "store_code" : "F000689"}}, {"type" : "Feature", "geometry" : {"type" : "Point", "coordinates" : [121.434464688149, 25.158349603954]}, "properties" : {"name" : "全家便利商店股份有限公司-八里船頭店", "address" : "249新北市八里區渡船頭街１號", "city" : "新北市", "district" : "八里區", "tel" : "02-29029199", "store_type" : "連鎖型綠色商店", "source_dataset" : "ntpe_6ccd0274", "store_code" : "F000815"}}, {"type" : "Feature", "geometry" : {"type" : "Point", "coordinates" : [121.325579994044, 24.972309994033]}, "properties" : {"name" : "全家便利商店股份有限公司-八德鳳福店", "address" : "239新北市鶯歌區鶯桃路二段２７號", "city" : "新北市", "district" : "鶯歌區", "tel" : "03-4684211", "store_type" : "連鎖型綠色商店", "source_dataset" : "ntpe_6ccd0274", "store_code" : "F000612"}}, {"type" : "Feature", "geometry" : {"type" : "Point", "coordinates" : [121.501797581071, 25.258746485096]}, "properties" : {"name" : "全家便利商店股份有限公司-三芝吉祥店", "address" : "252新北市三芝區淡金路一段７３，７５，７７號", "city" : "新北市", "district" : "三芝區", "tel" : "02-25221128", "store_type" : "連鎖型綠色商店", "source_dataset" : "ntpe_6ccd0274", "store_code" : "F000767"}}, {"type" : "Feature", "geometry" : {"type" : "Point", "coordinates" : [121.486131996608, 25.067935020229]}, "properties" : {"name" : "全家便利商店股份有限公司-三重力行店", "address" : "241新北市三重區力行路一段４０號", "city" : "新北市", "district" : "三重區", "tel" : "02-29029199", "store_type" : "連鎖型綠色商店", "source_dataset" : "ntpe_6ccd0274", "store_code" : "F000476"}}, {"type" : "Feature", "geometry" : {"type" : "Point", "coordinates" : [121.485024328104, 25.063423586573]}, "properties" : {"name" : "全家便利商店股份有限公司-三重三民店", "address" : "241新北市三重區三民街１１２號", "city" : "新北市", "district" : "三重區", "tel" : "02-29029199", "store_type" : "連鎖型綠色商店", "source_dataset" : "ntpe_6ccd0274", "store_code" : "F000300"}}, {"type" : "Feature", "geometry" : {"type" : "Point", "coordinates" : [121.50043898332, 25.065504016851]}, "properties" : {"name" : "全家便利商店股份有限公司-三重三佾店", "address" : "241新北市三重區中央北路５８號１樓", "city" : "新北市", "district" : "三重區", "tel" : "02-29029199", "store_type" : "連鎖型綠色商店", "source_dataset" : "ntpe_6ccd0274", "store_code" : "F000779"}}, {"type" : "Feature", "geometry" : {"type" : "Point", "coordinates" : [121.484314297086, 25.078167396168]}, "properties" : {"name" : "全家便利商店股份有限公司-三重三和店", "address" : "241新北市三重區三和路四段１４３之１號", "city" : "新北市", "district" : "三重區", "tel" : "02-29029199", "store_type" : "連鎖型綠色商店", "source_dataset" : "ntpe_6ccd0274", "store_code" : "F000674"}}, {"type" : "Feature", "geometry" : {"type" : "Point", "coordinates" : [121.488933983021, 25.086548000149]}, "properties" : {"name" : "全家便利商店股份有限公司-三重三信店", "address" : "241新北市三重區五華街２５７號１樓", "city" : "新北市", "district" : "三重區", "tel" : "02-29029199", "store_type" : "連鎖型綠色商店", "source_dataset" : "ntpe_6ccd0274", "store_code" : "F000679"}}, {"type" : "Feature", "geometry" : {"type" : "Point", "coordinates" : [121.485824967495, 25.05894999721]}, "properties" : {"name" : "全家便利商店股份有限公司-三重三陽店", "address" : "241新北市三重區三陽路１３巷２號", "city" : "新北市", "district" : "三重區", "tel" : "02-29029199", "store_type" : "連鎖型綠色商店", "source_dataset" : "ntpe_6ccd0274", "store_code" : "F000761"}}, {"type" : "Feature", "geometry" : {"type" : "Point", "coordinates" : [121.495515034299, 25.062319019373]}, "properties" : {"name" : "全家便利商店股份有限公司-三重大成店", "address" : "241新北市三重區大同北路１號１樓", "city" : "新北市", "district" : "三重區", "tel" : "02-29029199", "store_type" : "連鎖型綠色商店", "source_dataset" : "ntpe_6ccd0274", "store_code" : "F000376"}}, {"type" : "Feature", "geometry" : {"type" : "Point", "coordinates" : [121.482001981457, 25.072613002301]}, "properties" : {"name" : "全家便利商店股份有限公司-三重大勇店", "address" : "241新北市三重區永發里力行路二段２號一樓", "city" : "新北市", "district" : "三重區", "tel" : "02-29029199", "store_type" : "連鎖型綠色商店", "source_dataset" : "ntpe_6ccd0274", "store_code" : "F000680"}}, {"type" : "Feature", "geometry" : {"type" : "Point", "coordinates" : [121.493422995086, 25.066324018438]}, "properties" : {"name" : "全家便利商店股份有限公司-三重大智店", "address" : "241新北市三重區大智街９４號", "city" : "新北市", "district" : "三重區", "tel" : "02-29029199", "store_type" : "連鎖型綠色商店", "source_dataset" : "ntpe_6ccd0274", "store_code" : "F000852"}}, {"type" : "Feature", "geometry" : {"type" : "Point", "coordinates" : [121.480757804515, 25.061420631711]}, "properties" : {"name" : "全家便利商店股份有限公司-三重中山店", "address" : "241新北市三重區中山路１１９，１２１號", "city" : "新北市", "district" : "三重區", "tel" : "02-29029199", "store_type" : "連鎖型綠色商店", "source_dataset" : "ntpe_6ccd0274", "store_code" : "F000622"}}, {"type" : "Feature", "geometry" : {"type" : "Point", "coordinates" : [121.494076532076, 25.056416399338]}, "properties" : {"name" : "全家便利商店股份有限公司-三重中正店", "address" : "241新北市三重區中正南路１８４號１樓", "city" : "新北市", "district" : "三重區", "tel" : "02-29029199", "store_type" : "連鎖型綠色商店", "source_dataset" : "ntpe_6ccd0274", "store_code" : "F000860"}}, {"type" : "Feature", "geometry" : {"type" : "Point", "coordinates" : [121.469601039528, 25.045767987634]}, "properties" : {"name" : "全家便利商店股份有限公司-三重中興店", "address" : "241新北市三重區重新路五段５９５，５９７號", "city" : "新北市", "district" : "三重區", "tel" : "02-29029199", "store_type" : "連鎖型綠色商店", "source_dataset" : "ntpe_6ccd0274", "store_code" : "F000485"}}, {"type" : "Feature", "geometry" : {"type" : "Point", "coordinates" : [121.49206697079, 25.083393009884]}, "properties" : {"name" : "全家便利商店股份有限公司-三重五華店", "address" : "241新北市三重區五華街８９號", "city" : "新北市", "district" : "三重區", "tel" : "02-29029199", "store_type" : "連鎖型綠色商店", "source_dataset" : "ntpe_6ccd0274", "store_code" : "F000697"}}, {"type" : "Feature", "geometry" : {"type" : "Point", "coordinates" : [121.48205101559, 25.080626981836]}, "properties" : {"name" : "全家便利商店股份有限公司-三重仁華店", "address" : "241新北市三重區仁愛街７１９之１號", "city" : "新北市", "district" : "三重區", "tel" : "02-29029199", "store_type" : "連鎖型綠色商店", "source_dataset" : "ntpe_6ccd0274", "store_code" : "F000344"}}, {"type" : "Feature", "geometry" : {"type" : "Point", "coordinates" : [121.497199241018, 25.080995738955]}, "properties" : {"name" : "全家便利商店股份有限公司-三重仁義店", "address" : "241新北市三重區仁義街１５３號、１５５號１樓", "city" : "新北市", "district" : "三重區", "tel" : "02-29029199", "store_type" : "連鎖型綠色商店", "source_dataset" : "ntpe_6ccd0274", "store_code" : "F000501"}}, {"type" : "Feature", "geometry" : {"type" : "Point", "coordinates" : [121.492990907977, 25.069924800224]}, "properties" : {"name" : "全家便利商店股份有限公司-三重六張店", "address" : "241新北市三重區六張街９０巷１號", "city" : "新北市", "district" : "三重區", "tel" : "02-29029199", "store_type" : "連鎖型綠色商店", "source_dataset" : "ntpe_6ccd0274", "store_code" : "F000393"}}, {"type" : "Feature", "geometry" : {"type" : "Point", "coordinates" : [121.485615000821, 25.070696983054]}, "properties" : {"name" : "全家便利商店股份有限公司-三重公園店", "address" : "241新北市三重區忠孝路二段３４號", "city" : "新北市", "district" : "三重區", "tel" : "02-29029199", "store_type" : "連鎖型綠色商店", "source_dataset" : "ntpe_6ccd0274", "store_code" : "F000645"}}, {"type" : "Feature", "geometry" : {"type" : "Point", "coordinates" : [121.49729308742, 25.061885381612]}, "properties" : {"name" : "全家便利商店股份有限公司-三重天臺店", "address" : "241新北市三重區重新路二段７８號", "city" : "新北市", "district" : "三重區", "tel" : "02-29029199", "store_type" : "連鎖型綠色商店", "source_dataset" : "ntpe_6ccd0274", "store_code" : "F000890"}}, {"type" : "Feature", "geometry" : {"type" : "Point", "coordinates" : [121.492553037355, 25.068299004374]}, "properties" : {"name" : "全家便利商店股份有限公司-三重民生店", "address" : "241新北市三重區民生東街２號", "city" : "新北市", "district" : "三重區", "tel" : "02-29029199", "store_type" : "連鎖型綠色商店", "source_dataset" : "ntpe_6ccd0274", "store_code" : "F000295"}}, {"type" : "Feature", "geometry" : {"type" : "Point", "coordinates" : [121.481926041414, 25.081292882134]}, "properties" : {"name" : "全家便利商店股份有限公司-三重永安店", "address" : "241新北市三重區永安北路二段１１號１樓", "city" : "新北市", "district" : "三重區", "tel" : "02-29029199", "store_type" : "連鎖型綠色商店", "source_dataset" : "ntpe_6ccd0274", "store_code" : "F000642"}}, {"type" : "Feature", "geometry" : {"type" : "Point", "coordinates" : [121.483987989595, 25.076490009705]}, "properties" : {"name" : "全家便利商店股份有限公司-三重永盛店", "address" : "241新北市三重區車路頭街１４１號", "city" : "新北市", "district" : "三重區", "tel" : "02-29029199", "store_type" : "連鎖型綠色商店", "source_dataset" : "ntpe_6ccd0274", "store_code" : "F000621"}}, {"type" : "Feature", "geometry" : {"type" : "Point", "coordinates" : [121.479277024734, 25.075059386471]}, "properties" : {"name" : "全家便利商店股份有限公司-三重永福店", "address" : "241新北市三重區永福街１２４號", "city" : "新北市", "district" : "三重區", "tel" : "02-29029199", "store_type" : "連鎖型綠色商店", "source_dataset" : "ntpe_6ccd0274", "store_code" : "F000608"}}, {"type" : "Feature", "geometry" : {"type" : "Point", "coordinates" : [121.477845982405, 25.069298420599]}, "properties" : {"name" : "全家便利商店股份有限公司-三重永德店", "address" : "241新北市三重區中正北路３４６號", "city" : "新北市", "district" : "三重區", "tel" : "02-29029199", "store_type" : "連鎖型綠色商店", "source_dataset" : "ntpe_6ccd0274", "store_code" : "F000318"}}, {"type" : "Feature", "geometry" : {"type" : "Point", "coordinates" : [121.483093724345, 25.064452884283]}, "properties" : {"name" : "全家便利商店股份有限公司-三重田心店", "address" : "241新北市三重區田心里忠孝路三段５０巷８２號一樓", "city" : "新北市", "district" : "三重區", "tel" : "02-29029199", "store_type" : "連鎖型綠色商店", "source_dataset" : "ntpe_6ccd0274", "store_code" : "F000723"}}, {"type" : "Feature", "geometry" : {"type" : "Point", "coordinates" : [121.493697837691, 25.054697690091]}, "properties" : {"name" : "全家便利商店股份有限公司-三重光正店", "address" : "241新北市三重區光正里中正南路２２４號，２２６號", "city" : "新北市", "district" : "三重區", "tel" : "02-29029199", "store_type" : "連鎖型綠色商店", "source_dataset" : "ntpe_6ccd0274", "store_code" : "F000613"}}, {"type" : "Feature", "geometry" : {"type" : "Point", "coordinates" : [121.483427994644, 25.05855701168]}, "properties" : {"name" : "全家便利商店股份有限公司-三重光陽店", "address" : "241新北市三重區三陽路１０２號", "city" : "新北市", "district" : "三重區", "tel" : "02-29029199", "store_type" : "連鎖型綠色商店", "source_dataset" : "ntpe_6ccd0274", "store_code" : "F000650"}}, {"type" : "Feature", "geometry" : {"type" : "Point", "coordinates" : [121.501058192667, 25.069041422461]}, "properties" : {"name" : "全家便利商店股份有限公司-三重光榮店", "address" : "241新北市三重區長興街６０號１樓", "city" : "新北市", "district" : "三重區", "tel" : "02-29029199", "store_type" : "連鎖型綠色商店", "source_dataset" : "ntpe_6ccd0274", "store_code" : "F000776"}}, {"type" : "Feature", "geometry" : {"type" : "Point", "coordinates" : [121.487891022809, 25.053580005212]}, "properties" : {"name" : "全家便利商店股份有限公司-三重成功店", "address" : "241新北市三重區福德里成功路１４５巷４５號４７號一樓", "city" : "新北市", "district" : "三重區", "tel" : "02-29029199", "store_type" : "連鎖型綠色商店", "source_dataset" : "ntpe_6ccd0274", "store_code" : "F000710"}}, {"type" : "Feature", "geometry" : {"type" : "Point", "coordinates" : [121.486914531089, 25.072053091168]}, "properties" : {"name" : "全家便利商店股份有限公司-三重自強店", "address" : "241新北市三重區自強路三段１６號", "city" : "新北市", "district" : "三重區", "tel" : "02-29029199", "store_type" : "連鎖型綠色商店", "source_dataset" : "ntpe_6ccd0274", "store_code" : "F000480"}}, {"type" : "Feature", "geometry" : {"type" : "Point", "coordinates" : [121.489584083431, 25.069159113369]}, "properties" : {"name" : "全家便利商店股份有限公司-三重欣田店", "address" : "241新北市三重區自強路二段２４號", "city" : "新北市", "district" : "三重區", "tel" : "02-29029199", "store_type" : "連鎖型綠色商店", "source_dataset" : "ntpe_6ccd0274", "store_code" : "F000826"}}, {"type" : "Feature", "geometry" : {"type" : "Point", "coordinates" : [121.49802197772, 25.067688005542]}, "properties" : {"name" : "全家便利商店股份有限公司-三重長壽店", "address" : "241新北市三重區雙園里長壽西街１號", "city" : "新北市", "district" : "三重區", "tel" : "02-29029199", "store_type" : "連鎖型綠色商店", "source_dataset" : "ntpe_6ccd0274", "store_code" : "F000764"}}, {"type" : "Feature", "geometry" : {"type" : "Point", "coordinates" : [121.48108491743, 25.066772617896]}, "properties" : {"name" : "全家便利商店股份有限公司-三重珍寶店", "address" : "241新北市三重區忠孝路三段４７號．４９號", "city" : "新北市", "district" : "三重區", "tel" : "02-29029199", "store_type" : "連鎖型綠色商店", "source_dataset" : "ntpe_6ccd0274", "store_code" : "F000499"}}, {"type" : "Feature", "geometry" : {"type" : "Point", "coordinates" : [121.491409159029, 25.065290487867]}, "properties" : {"name" : "全家便利商店股份有限公司-三重重仁店", "address" : "241新北市三重區重陽路三段５巷３０號", "city" : "新北市", "district" : "三重區", "tel" : "02-29029199", "store_type" : "連鎖型綠色商店", "source_dataset" : "ntpe_6ccd0274", "store_code" : "F000487"}}, {"type" : "Feature", "geometry" : {"type" : "Point", "coordinates" : [121.48689801874, 25.059743386255]}, "properties" : {"name" : "全家便利商店股份有限公司-三重重陽店", "address" : "241新北市三重區重陽路一段１０９，１１１號", "city" : "新北市", "district" : "三重區", "tel" : "02-29029199", "store_type" : "連鎖型綠色商店", "source_dataset" : "ntpe_6ccd0274", "store_code" : "F000585"}}, {"type" : "Feature", "geometry" : {"type" : "Point", "coordinates" : [121.48679408314, 25.067913394919]}, "properties" : {"name" : "全家便利商店股份有限公司-三重首里店", "address" : "241新北市三重區力行路一段８７號", "city" : "新北市", "district" : "三重區", "tel" : "02-29029199", "store_type" : "連鎖型綠色商店", "source_dataset" : "ntpe_6ccd0274", "store_code" : "F000541"}}, {"type" : "Feature", "geometry" : {"type" : "Point", "coordinates" : [121.488968013548, 25.073544986115]}, "properties" : {"name" : "全家便利商店股份有限公司-三重格致店", "address" : "241新北市三重區三和路四段２０巷７９號", "city" : "新北市", "district" : "三重區", "tel" : "02-29029199", "store_type" : "連鎖型綠色商店", "source_dataset" : "ntpe_6ccd0274", "store_code" : "F000670"}}, {"type" : "Feature", "geometry" : {"type" : "Point", "coordinates" : [121.48459098371, 25.056214982204]}, "properties" : {"name" : "全家便利商店股份有限公司-三重捷運店", "address" : "241新北市三重區捷運路１９巷２弄１５號１樓", "city" : "新北市", "district" : "三重區", "tel" : "02-29029199", "store_type" : "連鎖型綠色商店", "source_dataset" : "ntpe_6ccd0274", "store_code" : "F000311"}}, {"type" : "Feature", "geometry" : {"type" : "Point", "coordinates" : [121.475558980124, 25.068241001604]}, "properties" : {"name" : "全家便利商店股份有限公司-三重頂崁店", "address" : "241新北市三重區博愛里２２鄰頂崁街２１０巷３１號１樓", "city" : "新北市", "district" : "三重區", "tel" : "02-29029199", "store_type" : "連鎖型綠色商店", "source_dataset" : "ntpe_6ccd0274", "store_code" : "F000292"}}, {"type" : "Feature", "geometry" : {"type" : "Point", "coordinates" : [121.485369997791, 25.086714003741]}, "properties" : {"name" : "全家便利商店股份有限公司-三重富貴店", "address" : "241新北市三重區三賢街２０１號", "city" : "新北市", "district" : "三重區", "tel" : "02-29029199", "store_type" : "連鎖型綠色商店", "source_dataset" : "ntpe_6ccd0274", "store_code" : "F000340"}}, {"type" : "Feature", "geometry" : {"type" : "Point", "coordinates" : [121.494166839802, 25.08560395564]}, "properties" : {"name" : "全家便利商店股份有限公司-三重華義店", "address" : "241新北市三重區仁義街２４４號、富華街１９３號１樓", "city" : "新北市", "district" : "三重區", "tel" : "02-29029199", "store_type" : "連鎖型綠色商店", "source_dataset" : "ntpe_6ccd0274", "store_code" : "F000732"}}, {"type" : "Feature", "geometry" : {"type" : "Point", "coordinates" : [121.49445799249, 25.081204997879]}, "properties" : {"name" : "全家便利商店股份有限公司-三重華興店", "address" : "241新北市三重區五華街４５號．４７號１樓", "city" : "新北市", "district" : "三重區", "tel" : "02-29029199", "store_type" : "連鎖型綠色商店", "source_dataset" : "ntpe_6ccd0274", "store_code" : "F000447"}}, {"type" : "Feature", "geometry" : {"type" : "Point", "coordinates" : [121.489586011269, 25.051540981537]}, "properties" : {"name" : "全家便利商店股份有限公司-三重集成店", "address" : "241新北市三重區環河南路２５４巷４３號之１、２號", "city" : "新北市", "district" : "三重區", "tel" : "02-29029199", "store_type" : "連鎖型綠色商店", "source_dataset" : "ntpe_6ccd0274", "store_code" : "F000377"}}, {"type" : "Feature", "geometry" : {"type" : "Point", "coordinates" : [121.488757963054, 25.053875006295]}, "properties" : {"name" : "全家便利商店股份有限公司-三重集明店", "address" : "241新北市三重區集美街１１６號１樓", "city" : "新北市", "district" : "三重區", "tel" : "02-29029199", "store_type" : "連鎖型綠色商店", "source_dataset" : "ntpe_6ccd0274", "store_code" : "F000379"}}, {"type" : "Feature", "geometry" : {"type" : "Point", "coordinates" : [121.49069401505, 25.053067996657]}, "properties" : {"name" : "全家便利商店股份有限公司-三重集美店", "address" : "241新北市三重區集美街１４９號１樓", "city" : "新北市", "district" : "三重區", "tel" : "02-29029199", "store_type" : "連鎖型綠色商店", "source_dataset" : "ntpe_6ccd0274", "store_code" : "F000802"}}, {"type" : "Feature", "geometry" : {"type" : "Point", "coordinates" : [121.488796184533, 25.080175406803]}, "properties" : {"name" : "全家便利商店股份有限公司-三重溪尾店", "address" : "241新北市三重區溪尾街１６０號１樓", "city" : "新北市", "district" : "三重區", "tel" : "02-29029199", "store_type" : "連鎖型綠色商店", "source_dataset" : "ntpe_6ccd0274", "store_code" : "F000522"}}, {"type" : "Feature", "geometry" : {"type" : "Point", "coordinates" : [121.489268001862, 25.058788016932]}, "properties" : {"name" : "全家便利商店股份有限公司-三重過圳店", "address" : "241新北市三重區過圳街３號１樓", "city" : "新北市", "district" : "三重區", "tel" : "02-29029199", "store_type" : "連鎖型綠色商店", "source_dataset" : "ntpe_6ccd0274", "store_code" : "F000917"}}, {"type" : "Feature", "geometry" : {"type" : "Point", "coordinates" : [121.491208999181, 25.084372016175]}, "properties" : {"name" : "全家便利商店股份有限公司-三重碧華店", "address" : "241新北市三重區五華街１３１號１樓", "city" : "新北市", "district" : "三重區", "tel" : "02-29029199", "store_type" : "連鎖型綠色商店", "source_dataset" : "ntpe_6ccd0274", "store_code" : "F000463"}}, {"type" : "Feature", "geometry" : {"type" : "Point", "coordinates" : [121.478903024215, 25.068440993814]}, "properties" : {"name" : "全家便利商店股份有限公司-三重福田店", "address" : "241新北市三重區三民街２８５號一樓", "city" : "新北市", "district" : "三重區", "tel" : "02-29029199", "store_type" : "連鎖型綠色商店", "source_dataset" : "ntpe_6ccd0274", "store_code" : "F000373"}}, {"type" : "Feature", "geometry" : {"type" : "Point", "coordinates" : [121.478953986186, 25.077074018809]}, "properties" : {"name" : "全家便利商店股份有限公司-三重福旺店", "address" : "241新北市三重區永福街１２３號１樓", "city" : "新北市", "district" : "三重區", "tel" : "02-29029199", "store_type" : "連鎖型綠色商店", "source_dataset" : "ntpe_6ccd0274", "store_code" : "F000343"}}, {"type" : "Feature", "geometry" : {"type" : "Point", "coordinates" : [121.490537022003, 25.077590008768]}, "properties" : {"name" : "全家便利商店股份有限公司-三重福溪店", "address" : "241新北市三重區溪尾街５６號", "city" : "新北市", "district" : "三重區", "tel" : "02-29029199", "store_type" : "連鎖型綠色商店", "source_dataset" : "ntpe_6ccd0274", "store_code" : "F000651"}}, {"type" : "Feature", "geometry" : {"type" : "Point", "coordinates" : [121.501281029313, 25.061700015823]}, "properties" : {"name" : "全家便利商店股份有限公司-三重福德店", "address" : "241新北市三重區中央南路５１號１樓", "city" : "新北市", "district" : "三重區", "tel" : "02-29029199", "store_type" : "連鎖型綠色商店", "source_dataset" : "ntpe_6ccd0274", "store_code" : "F000638"}}, {"type" : "Feature", "geometry" : {"type" : "Point", "coordinates" : [121.482573962529, 25.07863900395]}, "properties" : {"name" : "全家便利商店股份有限公司-三重銀行店", "address" : "241新北市三重區三和路四段３７６號", "city" : "新北市", "district" : "三重區", "tel" : "02-29029199", "store_type" : "連鎖型綠色商店", "source_dataset" : "ntpe_6ccd0274", "store_code" : "F000693"}}, {"type" : "Feature", "geometry" : {"type" : "Point", "coordinates" : [121.502789017513, 25.068809001273]}, "properties" : {"name" : "全家便利商店股份有限公司-三重龍成店", "address" : "241新北市三重區龍濱路５１＆５３號１樓", "city" : "新北市", "district" : "三重區", "tel" : "02-29029199", "store_type" : "連鎖型綠色商店", "source_dataset" : "ntpe_6ccd0274", "store_code" : "F000834"}}, {"type" : "Feature", "geometry" : {"type" : "Point", "coordinates" : [121.501342971577, 25.072565015905]}, "properties" : {"name" : "全家便利商店股份有限公司-三重龍明店", "address" : "241新北市三重區龍濱路１６８號１樓", "city" : "新北市", "district" : "三重區", "tel" : "02-29029199", "store_type" : "連鎖型綠色商店", "source_dataset" : "ntpe_6ccd0274", "store_code" : "F000395"}}, {"type" : "Feature", "geometry" : {"type" : "Point", "coordinates" : [121.501718983753, 25.074219980777]}, "properties" : {"name" : "全家便利商店股份有限公司-三重龍門店", "address" : "241新北市三重區龍門路２７６號", "city" : "新北市", "district" : "三重區", "tel" : "02-29029199", "store_type" : "連鎖型綠色商店", "source_dataset" : "ntpe_6ccd0274", "store_code" : "F000842"}}, {"type" : "Feature", "geometry" : {"type" : "Point", "coordinates" : [121.501857033699, 25.070952002458]}, "properties" : {"name" : "全家便利商店股份有限公司-三重龍美店", "address" : "241新北市三重區龍濱路１２０號１樓", "city" : "新北市", "district" : "三重區", "tel" : "02-29029199", "store_type" : "連鎖型綠色商店", "source_dataset" : "ntpe_6ccd0274", "store_code" : "F000578"}}, {"type" : "Feature", "geometry" : {"type" : "Point", "coordinates" : [121.501942696749, 25.071751007378]}, "properties" : {"name" : "全家便利商店股份有限公司-三重龍濱店", "address" : "241新北市三重區龍濱路２０７號１樓", "city" : "新北市", "district" : "三重區", "tel" : "02-29029199", "store_type" : "連鎖型綠色商店", "source_dataset" : "ntpe_6ccd0274", "store_code" : "F000913"}}, {"type" : "Feature", "geometry" : {"type" : "Point", "coordinates" : [121.491125012511, 25.050670017978]}, "properties" : {"name" : "全家便利商店股份有限公司-三重環北店", "address" : "241新北市三重區成功里環河南路２５３號一樓", "city" : "新北市", "district" : "三重區", "tel" : "02-29029199", "store_type" : "連鎖型綠色商店", "source_dataset" : "ntpe_6ccd0274", "store_code" : "F000877"}}, {"type" : "Feature", "geometry" : {"type" : "Point", "coordinates" : [121.488864999958, 25.050621989672]}, "properties" : {"name" : "全家便利商店股份有限公司-三重環南店", "address" : "241新北市三重區成功路５２號，５４號，５６號１樓", "city" : "新北市", "district" : "三重區", "tel" : "02-29029199", "store_type" : "連鎖型綠色商店", "source_dataset" : "ntpe_6ccd0274", "store_code" : "F000698"}}, {"type" : "Feature", "geometry" : {"type" : "Point", "coordinates" : [121.378848916562, 24.94310911975]}, "properties" : {"name" : "全家便利商店股份有限公司-三峽三樹店", "address" : "237新北市三峽區龍埔里三樹路２５７號２５９號一樓", "city" : "新北市", "district" : "三峽區", "tel" : "02-29029199", "store_type" : "連鎖型綠色商店", "source_dataset" : "ntpe_6ccd0274", "store_code" : "F000666"}}, {"type" : "Feature", "geometry" : {"type" : "Point", "coordinates" : [121.375791030645, 24.92819000265]}, "properties" : {"name" : "全家便利商店股份有限公司-三峽大同店", "address" : "237新北市三峽區光明路１００之６號", "city" : "新北市", "district" : "三峽區", "tel" : "02-29029199", "store_type" : "連鎖型綠色商店", "source_dataset" : "ntpe_6ccd0274", "store_code" : "F000652"}}, {"type" : "Feature", "geometry" : {"type" : "Point", "coordinates" : [121.374602979689, 24.943390584059]}, "properties" : {"name" : "全家便利商店股份有限公司-三峽大寧店", "address" : "237新北市三峽區大學路１２５號１樓", "city" : "新北市", "district" : "三峽區", "tel" : "02-29029199", "store_type" : "連鎖型綠色商店", "source_dataset" : "ntpe_6ccd0274", "store_code" : "F000404"}}, {"type" : "Feature", "geometry" : {"type" : "Point", "coordinates" : [121.402456965951, 24.94397999949]}, "properties" : {"name" : "全家便利商店股份有限公司-三峽介壽店", "address" : "237新北市三峽區溪北里介壽路三段１７４號一樓", "city" : "新北市", "district" : "三峽區", "tel" : "02-29029199", "store_type" : "連鎖型綠色商店", "source_dataset" : "ntpe_6ccd0274", "store_code" : "F000280"}}, {"type" : "Feature", "geometry" : {"type" : "Point", "coordinates" : [121.370131569621, 24.936019999411]}, "properties" : {"name" : "全家便利商店股份有限公司-三峽文化店", "address" : "237新北市三峽區文化路１１７號１樓", "city" : "新北市", "district" : "三峽區", "tel" : "02-29029199", "store_type" : "連鎖型綠色商店", "source_dataset" : "ntpe_6ccd0274", "store_code" : "F000819"}}, {"type" : "Feature", "geometry" : {"type" : "Point", "coordinates" : [121.373014022304, 24.931183012636]}, "properties" : {"name" : "全家便利商店股份有限公司-三峽光明店", "address" : "237新北市三峽區光明路６號，８號１樓", "city" : "新北市", "district" : "三峽區", "tel" : "02-29029199", "store_type" : "連鎖型綠色商店", "source_dataset" : "ntpe_6ccd0274", "store_code" : "F000798"}}, {"type" : "Feature", "geometry" : {"type" : "Point", "coordinates" : [121.362439999991, 24.93749001759]}, "properties" : {"name" : "全家便利商店股份有限公司-三峽金寶店", "address" : "237新北市三峽區中山路２４０號", "city" : "新北市", "district" : "三峽區", "tel" : "02-29029199", "store_type" : "連鎖型綠色商店", "source_dataset" : "ntpe_6ccd0274", "store_code" : "F000481"}}, {"type" : "Feature", "geometry" : {"type" : "Point", "coordinates" : [121.361252032854, 24.937711006467]}, "properties" : {"name" : "全家便利商店股份有限公司-三峽峇里店", "address" : "237新北市三峽區鳶山里中山路３０３號一樓", "city" : "新北市", "district" : "三峽區", "tel" : "02-29029199", "store_type" : "連鎖型綠色商店", "source_dataset" : "ntpe_6ccd0274", "store_code" : "F000591"}}, {"type" : "Feature", "geometry" : {"type" : "Point", "coordinates" : [121.363410521195, 24.93856075689]}, "properties" : {"name" : "全家便利商店股份有限公司-三峽恩主店", "address" : "237新北市三峽區復興路３７３、３７５號１樓", "city" : "新北市", "district" : "三峽區", "tel" : "02-29029199", "store_type" : "連鎖型綠色商店", "source_dataset" : "ntpe_6ccd0274", "store_code" : "F000742"}}, {"type" : "Feature", "geometry" : {"type" : "Point", "coordinates" : [121.372793997346, 24.942294985495]}, "properties" : {"name" : "全家便利商店股份有限公司-三峽國寧店", "address" : "237新北市三峽區國學街３１．３３號", "city" : "新北市", "district" : "三峽區", "tel" : "02-29029199", "store_type" : "連鎖型綠色商店", "source_dataset" : "ntpe_6ccd0274", "store_code" : "F000386"}}, {"type" : "Feature", "geometry" : {"type" : "Point", "coordinates" : [121.359719988592, 24.908039991235]}, "properties" : {"name" : "全家便利商店股份有限公司-三峽莉雅店", "address" : "237新北市三峽區二鬮路１３４號", "city" : "新北市", "district" : "三峽區", "tel" : "02-29029199", "store_type" : "連鎖型綠色商店", "source_dataset" : "ntpe_6ccd0274", "store_code" : "F000835"}}, {"type" : "Feature", "geometry" : {"type" : "Point", "coordinates" : [121.373572005599, 24.937159016233]}, "properties" : {"name" : "全家便利商店股份有限公司-三峽復興店", "address" : "237新北市三峽區復興路５６號１樓", "city" : "新北市", "district" : "三峽區", "tel" : "02-29029199", "store_type" : "連鎖型綠色商店", "source_dataset" : "ntpe_6ccd0274", "store_code" : "F000589"}}, {"type" : "Feature", "geometry" : {"type" : "Point", "coordinates" : [121.374153039127, 24.946296003156]}, "properties" : {"name" : "全家便利商店股份有限公司-三峽觀成店", "address" : "237新北市三峽區大觀路８０號１樓", "city" : "新北市", "district" : "三峽區", "tel" : "02-29029199", "store_type" : "連鎖型綠色商店", "source_dataset" : "ntpe_6ccd0274", "store_code" : "F000378"}}, {"type" : "Feature", "geometry" : {"type" : "Point", "coordinates" : [121.449590000068, 24.987738018384]}, "properties" : {"name" : "全家便利商店股份有限公司-土城八洋店", "address" : "236新北市土城區裕民路６９號", "city" : "新北市", "district" : "土城區", "tel" : "02-82571522", "store_type" : "連鎖型綠色商店", "source_dataset" : "ntpe_6ccd0274", "store_code" : "F000851"}}, {"type" : "Feature", "geometry" : {"type" : "Point", "coordinates" : [121.442332026289, 24.978073013471]}, "properties" : {"name" : "全家便利商店股份有限公司-土城中央店", "address" : "236新北市土城區員林里中央路二段８９號", "city" : "新北市", "district" : "土城區", "tel" : "02-82571522", "store_type" : "連鎖型綠色商店", "source_dataset" : "ntpe_6ccd0274", "store_code" : "F000911"}}, {"type" : "Feature", "geometry" : {"type" : "Point", "coordinates" : [121.439294005483, 24.976851979725]}, "properties" : {"name" : "全家便利商店股份有限公司-土城中華店", "address" : "236新北市土城區中華路二段１１７號", "city" : "新北市", "district" : "土城區", "tel" : "02-82571522", "store_type" : "連鎖型綠色商店", "source_dataset" : "ntpe_6ccd0274", "store_code" : "F000743"}}, {"type" : "Feature", "geometry" : {"type" : "Point", "coordinates" : [121.459807037124, 24.981463996219]}, "properties" : {"name" : "全家便利商店股份有限公司-土城仁愛店", "address" : "236新北市土城區清水路１６６號", "city" : "新北市", "district" : "土城區", "tel" : "02-82571522", "store_type" : "連鎖型綠色商店", "source_dataset" : "ntpe_6ccd0274", "store_code" : "F000605"}}, {"type" : "Feature", "geometry" : {"type" : "Point", "coordinates" : [121.446711989793, 24.983393007416]}, "properties" : {"name" : "全家便利商店股份有限公司-土城玉山店", "address" : "236新北市土城區明德里明德路二段２０３號１樓", "city" : "新北市", "district" : "土城區", "tel" : "02-82571522", "store_type" : "連鎖型綠色商店", "source_dataset" : "ntpe_6ccd0274", "store_code" : "F000774"}}, {"type" : "Feature", "geometry" : {"type" : "Point", "coordinates" : [121.4443359717, 24.984575107221]}, "properties" : {"name" : "全家便利商店股份有限公司-土城多德店", "address" : "236新北市土城區中央路一段２５２號１樓", "city" : "新北市", "district" : "土城區", "tel" : "02-82571522", "store_type" : "連鎖型綠色商店", "source_dataset" : "ntpe_6ccd0274", "store_code" : "F000436"}}, {"type" : "Feature", "geometry" : {"type" : "Point", "coordinates" : [121.469902033671, 24.986129992169]}, "properties" : {"name" : "全家便利商店股份有限公司-土城延吉店", "address" : "236新北市土城區延吉街１２０號", "city" : "新北市", "district" : "土城區", "tel" : "02-82571522", "store_type" : "連鎖型綠色商店", "source_dataset" : "ntpe_6ccd0274", "store_code" : "F000791"}}, {"type" : "Feature", "geometry" : {"type" : "Point", "coordinates" : [121.469535995959, 24.990181594617]}, "properties" : {"name" : "全家便利商店股份有限公司-土城延和店", "address" : "236新北市土城區延和路２０１號", "city" : "新北市", "district" : "土城區", "tel" : "02-82571522", "store_type" : "連鎖型綠色商店", "source_dataset" : "ntpe_6ccd0274", "store_code" : "F000888"}}, {"type" : "Feature", "geometry" : {"type" : "Point", "coordinates" : [121.471297033816, 24.9903960037]}, "properties" : {"name" : "全家便利商店股份有限公司-土城延壽店", "address" : "236新北市土城區延壽路１１號１樓", "city" : "新北市", "district" : "土城區", "tel" : "02-82571522", "store_type" : "連鎖型綠色商店", "source_dataset" : "ntpe_6ccd0274", "store_code" : "F000435"}}, {"type" : "Feature", "geometry" : {"type" : "Point", "coordinates" : [121.465862040159, 24.984583992038]}, "properties" : {"name" : "全家便利商店股份有限公司-土城延豐店", "address" : "236新北市土城區延吉街２７０號１樓", "city" : "新北市", "district" : "土城區", "tel" : "02-82571522", "store_type" : "連鎖型綠色商店", "source_dataset" : "ntpe_6ccd0274", "store_code" : "F000561"}}, {"type" : "Feature", "geometry" : {"type" : "Point", "coordinates" : [121.426541023621, 24.963179000171]}, "properties" : {"name" : "全家便利商店股份有限公司-土城欣隆店", "address" : "236新北市土城區中央路三段２８３號１樓", "city" : "新北市", "district" : "土城區", "tel" : "02-82571522", "store_type" : "連鎖型綠色商店", "source_dataset" : "ntpe_6ccd0274", "store_code" : "F000278"}}, {"type" : "Feature", "geometry" : {"type" : "Point", "coordinates" : [121.46840703742, 24.988399979187]}, "properties" : {"name" : "全家便利商店股份有限公司-土城金和店", "address" : "236新北市土城區金城路三段１４７號", "city" : "新北市", "district" : "土城區", "tel" : "02-82571522", "store_type" : "連鎖型綠色商店", "source_dataset" : "ntpe_6ccd0274", "store_code" : "F000672"}}, {"type" : "Feature", "geometry" : {"type" : "Point", "coordinates" : [121.459781975234, 24.988276304206]}, "properties" : {"name" : "全家便利商店股份有限公司-土城青雲店", "address" : "236新北市土城區青雲路４２號，４４號", "city" : "新北市", "district" : "土城區", "tel" : "02-82571522", "store_type" : "連鎖型綠色商店", "source_dataset" : "ntpe_6ccd0274", "store_code" : "F000413"}}, {"type" : "Feature", "geometry" : {"type" : "Point", "coordinates" : [121.467870008884, 24.990419012024]}, "properties" : {"name" : "全家便利商店股份有限公司-土城冠延店", "address" : "236新北市土城區延和路１１１號", "city" : "新北市", "district" : "土城區", "tel" : "02-82571522", "store_type" : "連鎖型綠色商店", "source_dataset" : "ntpe_6ccd0274", "store_code" : "F000701"}}, {"type" : "Feature", "geometry" : {"type" : "Point", "coordinates" : [121.439518975764, 24.975088008202]}, "properties" : {"name" : "全家便利商店股份有限公司-土城城堡店", "address" : "236新北市土城區福仁街５０巷１號", "city" : "新北市", "district" : "土城區", "tel" : "02-82571522", "store_type" : "連鎖型綠色商店", "source_dataset" : "ntpe_6ccd0274", "store_code" : "F000554"}}, {"type" : "Feature", "geometry" : {"type" : "Point", "coordinates" : [121.452145977622, 24.984781008672]}, "properties" : {"name" : "全家便利商店股份有限公司-土城城學店", "address" : "236新北市土城區學府路一段１９１號１樓", "city" : "新北市", "district" : "土城區", "tel" : "02-82571522", "store_type" : "連鎖型綠色商店", "source_dataset" : "ntpe_6ccd0274", "store_code" : "F000389"}}, {"type" : "Feature", "geometry" : {"type" : "Point", "coordinates" : [121.41249546847, 24.953671700765]}, "properties" : {"name" : "全家便利商店股份有限公司-土城恆山店", "address" : "236新北市土城區中央路４段２８１號１樓", "city" : "新北市", "district" : "土城區", "tel" : "02-82571522", "store_type" : "連鎖型綠色商店", "source_dataset" : "ntpe_6ccd0274", "store_code" : "F000818"}}, {"type" : "Feature", "geometry" : {"type" : "Point", "coordinates" : [121.449213987891, 24.981761008958]}, "properties" : {"name" : "全家便利商店股份有限公司-土城美仁店", "address" : "236新北市土城區學府路２段２１號１樓", "city" : "新北市", "district" : "土城區", "tel" : "02-82571522", "store_type" : "連鎖型綠色商店", "source_dataset" : "ntpe_6ccd0274", "store_code" : "F000891"}}, {"type" : "Feature", "geometry" : {"type" : "Point", "coordinates" : [121.424763473414, 24.9639555835]}, "properties" : {"name" : "全家便利商店股份有限公司-土城美生店", "address" : "236新北市土城區中山路６１號１樓", "city" : "新北市", "district" : "土城區", "tel" : "02-82571522", "store_type" : "連鎖型綠色商店", "source_dataset" : "ntpe_6ccd0274", "store_code" : "F000905"}}, {"type" : "Feature", "geometry" : {"type" : "Point", "coordinates" : [121.441345560104, 24.974451402656]}, "properties" : {"name" : "全家便利商店股份有限公司-土城員林店", "address" : "236新北市土城區中央路二段２６８號", "city" : "新北市", "district" : "土城區", "tel" : "02-82571522", "store_type" : "連鎖型綠色商店", "source_dataset" : "ntpe_6ccd0274", "store_code" : "F000596"}}, {"type" : "Feature", "geometry" : {"type" : "Point", "coordinates" : [121.449491009791, 24.982574011657]}, "properties" : {"name" : "全家便利商店股份有限公司-土城海山店", "address" : "236新北市土城區學府路一段２９４號", "city" : "新北市", "district" : "土城區", "tel" : "02-82571522", "store_type" : "連鎖型綠色商店", "source_dataset" : "ntpe_6ccd0274", "store_code" : "F000685"}}, {"type" : "Feature", "geometry" : {"type" : "Point", "coordinates" : [121.448414019052, 24.987378979562]}, "properties" : {"name" : "全家便利商店股份有限公司-土城御前店", "address" : "236新北市土城區裕生路１９號１樓", "city" : "新北市", "district" : "土城區", "tel" : "02-82571522", "store_type" : "連鎖型綠色商店", "source_dataset" : "ntpe_6ccd0274", "store_code" : "F000426"}}, {"type" : "Feature", "geometry" : {"type" : "Point", "coordinates" : [121.459306302229, 24.982569192062]}, "properties" : {"name" : "全家便利商店股份有限公司-土城雲陽店", "address" : "236新北市土城區青雲路１８５號１樓", "city" : "新北市", "district" : "土城區", "tel" : "02-82571522", "store_type" : "連鎖型綠色商店", "source_dataset" : "ntpe_6ccd0274", "store_code" : "F000384"}}, {"type" : "Feature", "geometry" : {"type" : "Point", "coordinates" : [121.441825004966, 24.97674599056]}, "properties" : {"name" : "全家便利商店股份有限公司-土城順風店", "address" : "236新北市土城區中央路二段１５４號", "city" : "新北市", "district" : "土城區", "tel" : "02-82571522", "store_type" : "連鎖型綠色商店", "source_dataset" : "ntpe_6ccd0274", "store_code" : "F000871"}}, {"type" : "Feature", "geometry" : {"type" : "Point", "coordinates" : [121.459634034643, 24.976962998033]}, "properties" : {"name" : "全家便利商店股份有限公司-土城義鴻店", "address" : "236新北市土城區明德路一段３１１號１樓", "city" : "新北市", "district" : "土城區", "tel" : "02-82571522", "store_type" : "連鎖型綠色商店", "source_dataset" : "ntpe_6ccd0274", "store_code" : "F000468"}}, {"type" : "Feature", "geometry" : {"type" : "Point", "coordinates" : [121.447813036594, 24.986190006596]}, "properties" : {"name" : "全家便利商店股份有限公司-土城裕生店", "address" : "236新北市土城區裕生路６１號", "city" : "新北市", "district" : "土城區", "tel" : "02-82571522", "store_type" : "連鎖型綠色商店", "source_dataset" : "ntpe_6ccd0274", "store_code" : "F000597"}}, {"type" : "Feature", "geometry" : {"type" : "Point", "coordinates" : [121.4496279, 24.9797798]}, "properties" : {"name" : "全家便利商店股份有限公司-土城福祥店", "address" : "236新北市土城區福祥路４６號一樓", "city" : "新北市", "district" : "土城區", "tel" : "02-82571522", "store_type" : "連鎖型綠色商店", "source_dataset" : "ntpe_6ccd0274", "store_code" : "F000631"}}, {"type" : "Feature", "geometry" : {"type" : "Point", "coordinates" : [121.458681012252, 24.973241013928]}, "properties" : {"name" : "全家便利商店股份有限公司-土城寬樺店", "address" : "236新北市土城區青雲路３８２號", "city" : "新北市", "district" : "土城區", "tel" : "02-82571522", "store_type" : "連鎖型綠色商店", "source_dataset" : "ntpe_6ccd0274", "store_code" : "F000712"}}, {"type" : "Feature", "geometry" : {"type" : "Point", "coordinates" : [121.454215888611, 24.986783612979]}, "properties" : {"name" : "全家便利商店股份有限公司-土城廣福店", "address" : "236新北市土城區學府路一段１６２號", "city" : "新北市", "district" : "土城區", "tel" : "02-82571522", "store_type" : "連鎖型綠色商店", "source_dataset" : "ntpe_6ccd0274", "store_code" : "F000739"}}, {"type" : "Feature", "geometry" : {"type" : "Point", "coordinates" : [121.455950020559, 24.988068013912]}, "properties" : {"name" : "全家便利商店股份有限公司-土城廣興店", "address" : "236新北市土城區廣興里學府路一段１００號", "city" : "新北市", "district" : "土城區", "tel" : "02-82571522", "store_type" : "連鎖型綠色商店", "source_dataset" : "ntpe_6ccd0274", "store_code" : "F000745"}}, {"type" : "Feature", "geometry" : {"type" : "Point", "coordinates" : [121.462679012428, 24.978456988455]}, "properties" : {"name" : "全家便利商店股份有限公司-土城德陽店", "address" : "236新北市土城區青山里仁愛路２５號１樓", "city" : "新北市", "district" : "土城區", "tel" : "02-82571522", "store_type" : "連鎖型綠色商店", "source_dataset" : "ntpe_6ccd0274", "store_code" : "F000265"}}, {"type" : "Feature", "geometry" : {"type" : "Point", "coordinates" : [121.450457024132, 24.986206016031]}, "properties" : {"name" : "全家便利商店股份有限公司-土城樂利店", "address" : "236新北市土城區裕民路１１４巷１２號１樓", "city" : "新北市", "district" : "土城區", "tel" : "02-82571522", "store_type" : "連鎖型綠色商店", "source_dataset" : "ntpe_6ccd0274", "store_code" : "F000702"}}, {"type" : "Feature", "geometry" : {"type" : "Point", "coordinates" : [121.452344964003, 24.987644979259]}, "properties" : {"name" : "全家便利商店股份有限公司-土城學成店", "address" : "236新北市土城區學成路４６號", "city" : "新北市", "district" : "土城區", "tel" : "02-82571522", "store_type" : "連鎖型綠色商店", "source_dataset" : "ntpe_6ccd0274", "store_code" : "F000431"}}, {"type" : "Feature", "geometry" : {"type" : "Point", "coordinates" : [121.421795022405, 24.966136009882]}, "properties" : {"name" : "全家便利商店股份有限公司-土城鴻海店", "address" : "236新北市土城區自由街２號５樓", "city" : "新北市", "district" : "土城區", "tel" : "02-82571522", "store_type" : "連鎖型綠色商店", "source_dataset" : "ntpe_6ccd0274", "store_code" : "F000629"}}, {"type" : "Feature", "geometry" : {"type" : "Point", "coordinates" : [121.419224041244, 24.958983019441]}, "properties" : {"name" : "全家便利商店股份有限公司-土城鴻海附店", "address" : "236新北市土城區中央路四段５３－１號１樓", "city" : "新北市", "district" : "土城區", "tel" : "02-82571522", "store_type" : "連鎖型綠色商店", "source_dataset" : "ntpe_6ccd0274", "store_code" : "F000769"}}, {"type" : "Feature", "geometry" : {"type" : "Point", "coordinates" : [121.516484041473, 24.993694995061]}, "properties" : {"name" : "全家便利商店股份有限公司-中和大勇店", "address" : "235新北市中和區秀明里大勇街２７巷２號１樓", "city" : "新北市", "district" : "中和區", "tel" : "02-82571522", "store_type" : "連鎖型綠色商店", "source_dataset" : "ntpe_6ccd0274", "store_code" : "F000715"}}, {"type" : "Feature", "geometry" : {"type" : "Point", "coordinates" : [121.503696023255, 25.005057000092]}, "properties" : {"name" : "全家便利商店股份有限公司-中和山水店", "address" : "235新北市中和區佳和里中山路二段６４巷８號一樓", "city" : "新北市", "district" : "中和區", "tel" : "02-82571522", "store_type" : "連鎖型綠色商店", "source_dataset" : "ntpe_6ccd0274", "store_code" : "F000904"}}, {"type" : "Feature", "geometry" : {"type" : "Point", "coordinates" : [121.511382982839, 24.999159995932]}, "properties" : {"name" : "全家便利商店股份有限公司-中和中安店", "address" : "235新北市中和區中安街１９２號", "city" : "新北市", "district" : "中和區", "tel" : "02-82571522", "store_type" : "連鎖型綠色商店", "source_dataset" : "ntpe_6ccd0274", "store_code" : "F000305"}}, {"type" : "Feature", "geometry" : {"type" : "Point", "coordinates" : [121.512543960247, 25.004149994349]}, "properties" : {"name" : "全家便利商店股份有限公司-中和中和店", "address" : "235新北市中和區中和路４８０號１Ｆ", "city" : "新北市", "district" : "中和區", "tel" : "02-82571522", "store_type" : "連鎖型綠色商店", "source_dataset" : "ntpe_6ccd0274", "store_code" : "F000775"}}, {"type" : "Feature", "geometry" : {"type" : "Point", "coordinates" : [121.472872999251, 25.000544979703]}, "properties" : {"name" : "全家便利商店股份有限公司-中和中城店", "address" : "235新北市中和區民享街８６巷３８號１樓", "city" : "新北市", "district" : "中和區", "tel" : "02-82571522", "store_type" : "連鎖型綠色商店", "source_dataset" : "ntpe_6ccd0274", "store_code" : "F000758"}}, {"type" : "Feature", "geometry" : {"type" : "Point", "coordinates" : [121.46823302911, 25.001491003205]}, "properties" : {"name" : "全家便利商店股份有限公司-中和中海店", "address" : "235新北市中和區國光街１４４號．１４６號．１４６－１號", "city" : "新北市", "district" : "中和區", "tel" : "02-82571522", "store_type" : "連鎖型綠色商店", "source_dataset" : "ntpe_6ccd0274", "store_code" : "F000821"}}, {"type" : "Feature", "geometry" : {"type" : "Point", "coordinates" : [121.43886401385, 25.033094005209]}, "properties" : {"name" : "協聖汽車股份有限公司新莊營業所", "address" : "242新北市新莊區中正路535號", "city" : "新北市", "district" : "新莊區", "tel" : "02-25066898", "store_type" : "連鎖型綠色商店", "source_dataset" : "ntpe_6ccd0274", "store_code" : "F001996"}}, {"type" : "Feature", "geometry" : {"type" : "Point", "coordinates" : [121.487039002351, 25.004706007896]}, "properties" : {"name" : "全家便利商店股份有限公司-中和中業店", "address" : "235新北市中和區中山路二段３８３＆３８５號１樓", "city" : "新北市", "district" : "中和區", "tel" : "02-82571522", "store_type" : "連鎖型綠色商店", "source_dataset" : "ntpe_6ccd0274", "store_code" : "F000765"}}, {"type" : "Feature", "geometry" : {"type" : "Point", "coordinates" : [121.512105586711, 25.001847820823]}, "properties" : {"name" : "全家便利商店股份有限公司-中和中鼎店", "address" : "235新北市中和區中安里中安街８０號一樓", "city" : "新北市", "district" : "中和區", "tel" : "02-82571522", "store_type" : "連鎖型綠色商店", "source_dataset" : "ntpe_6ccd0274", "store_code" : "F000756"}}, {"type" : "Feature", "geometry" : {"type" : "Point", "coordinates" : [121.500074035255, 24.992205991872]}, "properties" : {"name" : "全家便利商店股份有限公司-中和中興店", "address" : "235新北市中和區復興里中興街１１１號，１１３號", "city" : "新北市", "district" : "中和區", "tel" : "02-82571522", "store_type" : "連鎖型綠色商店", "source_dataset" : "ntpe_6ccd0274", "store_code" : "F000543"}}, {"type" : "Feature", "geometry" : {"type" : "Point", "coordinates" : [121.47473780507, 25.00592628727]}, "properties" : {"name" : "全家便利商店股份有限公司-中和中環店", "address" : "235新北市中和區中山路三段１１１號１樓", "city" : "新北市", "district" : "中和區", "tel" : "02-82571522", "store_type" : "連鎖型綠色商店", "source_dataset" : "ntpe_6ccd0274", "store_code" : "F000816"}}, {"type" : "Feature", "geometry" : {"type" : "Point", "coordinates" : [121.483309977447, 25.004003981596]}, "properties" : {"name" : "全家便利商店股份有限公司-中和中穗店", "address" : "235新北市中和區新生街２號１樓", "city" : "新北市", "district" : "中和區", "tel" : "02-82571522", "store_type" : "連鎖型綠色商店", "source_dataset" : "ntpe_6ccd0274", "store_code" : "F000866"}}, {"type" : "Feature", "geometry" : {"type" : "Point", "coordinates" : [121.477943883034, 25.00545799034]}, "properties" : {"name" : "全家便利商店股份有限公司-中和元氣店", "address" : "235新北市中和區中山路３段３９號２樓", "city" : "新北市", "district" : "中和區", "tel" : "02-82571522", "store_type" : "連鎖型綠色商店", "source_dataset" : "ntpe_6ccd0274", "store_code" : "F000323"}}, {"type" : "Feature", "geometry" : {"type" : "Point", "coordinates" : [121.500780964969, 24.989560998506]}, "properties" : {"name" : "全家便利商店股份有限公司-中和巴黎店", "address" : "235新北市中和區中興街２３５巷１號", "city" : "新北市", "district" : "中和區", "tel" : "02-82571522", "store_type" : "連鎖型綠色商店", "source_dataset" : "ntpe_6ccd0274", "store_code" : "F000338"}}, {"type" : "Feature", "geometry" : {"type" : "Point", "coordinates" : [121.486868765897, 24.996460394467]}, "properties" : {"name" : "全家便利商店股份有限公司-中和世紀店", "address" : "235新北市中和區連城路２６８之１號１樓", "city" : "新北市", "district" : "中和區", "tel" : "02-82571522", "store_type" : "連鎖型綠色商店", "source_dataset" : "ntpe_6ccd0274", "store_code" : "F000353"}}, {"type" : "Feature", "geometry" : {"type" : "Point", "coordinates" : [121.496537039753, 24.999639985617]}, "properties" : {"name" : "全家便利商店股份有限公司-中和巨人店", "address" : "235新北市中和區連城路１０１號１樓", "city" : "新北市", "district" : "中和區", "tel" : "02-82571522", "store_type" : "連鎖型綠色商店", "source_dataset" : "ntpe_6ccd0274", "store_code" : "F000388"}}, {"type" : "Feature", "geometry" : {"type" : "Point", "coordinates" : [121.478183102551, 24.998034306335]}, "properties" : {"name" : "全家便利商店股份有限公司-中和民利店", "address" : "235新北市中和區嘉穗里民利街８７號１樓", "city" : "新北市", "district" : "中和區", "tel" : "02-82571522", "store_type" : "連鎖型綠色商店", "source_dataset" : "ntpe_6ccd0274", "store_code" : "F000918"}}, {"type" : "Feature", "geometry" : {"type" : "Point", "coordinates" : [121.466470985425, 24.994341994167]}, "properties" : {"name" : "全家便利商店股份有限公司-中和民德店", "address" : "235新北市中和區壽德里壽德街２６號１樓", "city" : "新北市", "district" : "中和區", "tel" : "02-82571522", "store_type" : "連鎖型綠色商店", "source_dataset" : "ntpe_6ccd0274", "store_code" : "F000507"}}, {"type" : "Feature", "geometry" : {"type" : "Point", "coordinates" : [121.514287982841, 25.003873014359]}, "properties" : {"name" : "全家便利商店股份有限公司-中和永貞店", "address" : "235新北市中和區永貞路２４４號", "city" : "新北市", "district" : "中和區", "tel" : "02-82571522", "store_type" : "連鎖型綠色商店", "source_dataset" : "ntpe_6ccd0274", "store_code" : "F000735"}}, {"type" : "Feature", "geometry" : {"type" : "Point", "coordinates" : [121.480454011578, 25.010518019558]}, "properties" : {"name" : "全家便利商店股份有限公司-中和立德店", "address" : "235新北市中和區積穗里中正路１１９６號", "city" : "新北市", "district" : "中和區", "tel" : "02-82571522", "store_type" : "連鎖型綠色商店", "source_dataset" : "ntpe_6ccd0274", "store_code" : "F000416"}}, {"type" : "Feature", "geometry" : {"type" : "Point", "coordinates" : [121.497653006342, 24.995160989927]}, "properties" : {"name" : "全家便利商店股份有限公司-中和安邦店", "address" : "235新北市中和區圓通路１６９號", "city" : "新北市", "district" : "中和區", "tel" : "02-82571522", "store_type" : "連鎖型綠色商店", "source_dataset" : "ntpe_6ccd0274", "store_code" : "F000830"}}, {"type" : "Feature", "geometry" : {"type" : "Point", "coordinates" : [121.512791980762, 24.995887994299]}, "properties" : {"name" : "全家便利商店股份有限公司-中和安陽店", "address" : "235新北市中和區安順里宜安路２５號一樓", "city" : "新北市", "district" : "中和區", "tel" : "02-82571522", "store_type" : "連鎖型綠色商店", "source_dataset" : "ntpe_6ccd0274", "store_code" : "F000660"}}, {"type" : "Feature", "geometry" : {"type" : "Point", "coordinates" : [121.472666972071, 25.001753985417]}, "properties" : {"name" : "全家便利商店股份有限公司-中和自強店", "address" : "235新北市中和區莒光路１３１號", "city" : "新北市", "district" : "中和區", "tel" : "02-82571522", "store_type" : "連鎖型綠色商店", "source_dataset" : "ntpe_6ccd0274", "store_code" : "F000531"}}, {"type" : "Feature", "geometry" : {"type" : "Point", "coordinates" : [121.503698034912, 25.00349201495]}, "properties" : {"name" : "全家便利商店股份有限公司-中和汾陽店", "address" : "235新北市中和區水源路８１巷１６弄１８－１號１樓", "city" : "新北市", "district" : "中和區", "tel" : "02-82571522", "store_type" : "連鎖型綠色商店", "source_dataset" : "ntpe_6ccd0274", "store_code" : "F000570"}}, {"type" : "Feature", "geometry" : {"type" : "Point", "coordinates" : [121.520035034753, 24.994182989464]}, "properties" : {"name" : "全家便利商店股份有限公司-中和秀山店", "address" : "235新北市中和區立人街６５號，６７號", "city" : "新北市", "district" : "中和區", "tel" : "02-82571522", "store_type" : "連鎖型綠色商店", "source_dataset" : "ntpe_6ccd0274", "store_code" : "F000800"}}, {"type" : "Feature", "geometry" : {"type" : "Point", "coordinates" : [121.526297992806, 24.995415003502]}, "properties" : {"name" : "全家便利商店股份有限公司-中和秀福店", "address" : "235新北市中和區秀朗路三段５２號", "city" : "新北市", "district" : "中和區", "tel" : "02-82571522", "store_type" : "連鎖型綠色商店", "source_dataset" : "ntpe_6ccd0274", "store_code" : "F000681"}}, {"type" : "Feature", "geometry" : {"type" : "Point", "coordinates" : [121.502240002855, 25.007031986027]}, "properties" : {"name" : "全家便利商店股份有限公司-中和秀鴻店", "address" : "235新北市中和區中山路二段二巷４５弄２號１樓", "city" : "新北市", "district" : "中和區", "tel" : "02-82571522", "store_type" : "連鎖型綠色商店", "source_dataset" : "ntpe_6ccd0274", "store_code" : "F000663"}}, {"type" : "Feature", "geometry" : {"type" : "Point", "coordinates" : [121.502207983985, 25.003430994695]}, "properties" : {"name" : "全家便利商店股份有限公司-中和佳和店", "address" : "235新北市中和區中山路二段１３４號", "city" : "新北市", "district" : "中和區", "tel" : "02-82571522", "store_type" : "連鎖型綠色商店", "source_dataset" : "ntpe_6ccd0274", "store_code" : "F000525"}}, {"type" : "Feature", "geometry" : {"type" : "Point", "coordinates" : [121.508383015873, 24.99118201667]}, "properties" : {"name" : "全家便利商店股份有限公司-中和和平店", "address" : "235新北市中和區和平街５６號１樓；５４巷１弄１號１樓", "city" : "新北市", "district" : "中和區", "tel" : "02-82571522", "store_type" : "連鎖型綠色商店", "source_dataset" : "ntpe_6ccd0274", "store_code" : "F000586"}}, {"type" : "Feature", "geometry" : {"type" : "Point", "coordinates" : [121.491532037729, 24.996201980392]}, "properties" : {"name" : "全家便利商店股份有限公司-中和和連店", "address" : "235新北市中和區建和里連城路２６５巷１號一樓", "city" : "新北市", "district" : "中和區", "tel" : "02-82571522", "store_type" : "連鎖型綠色商店", "source_dataset" : "ntpe_6ccd0274", "store_code" : "F000478"}}, {"type" : "Feature", "geometry" : {"type" : "Point", "coordinates" : [121.509722024905, 24.980740009332]}, "properties" : {"name" : "全家便利商店股份有限公司-中和和隆店", "address" : "235新北市中和區華新街１０９巷５號１樓", "city" : "新北市", "district" : "中和區", "tel" : "02-82571522", "store_type" : "連鎖型綠色商店", "source_dataset" : "ntpe_6ccd0274", "store_code" : "F000308"}}, {"type" : "Feature", "geometry" : {"type" : "Point", "coordinates" : [121.499576988397, 25.003564015498]}, "properties" : {"name" : "全家便利商店股份有限公司-中和和潤店", "address" : "235新北市中和區永和路２４號", "city" : "新北市", "district" : "中和區", "tel" : "02-82571522", "store_type" : "連鎖型綠色商店", "source_dataset" : "ntpe_6ccd0274", "store_code" : "F000747"}}, {"type" : "Feature", "geometry" : {"type" : "Point", "coordinates" : [121.502998984187, 24.993341991209]}, "properties" : {"name" : "全家便利商店股份有限公司-中和和興店", "address" : "235新北市中和區中正路１１號，１３號", "city" : "新北市", "district" : "中和區", "tel" : "02-82571522", "store_type" : "連鎖型綠色商店", "source_dataset" : "ntpe_6ccd0274", "store_code" : "F000475"}}, {"type" : "Feature", "geometry" : {"type" : "Point", "coordinates" : [121.511513991985, 24.983925006811]}, "properties" : {"name" : "全家便利商店股份有限公司-中和忠孝店", "address" : "235新北市中和區忠孝街３９之１號", "city" : "新北市", "district" : "中和區", "tel" : "02-82571522", "store_type" : "連鎖型綠色商店", "source_dataset" : "ntpe_6ccd0274", "store_code" : "F000406"}}, {"type" : "Feature", "geometry" : {"type" : "Point", "coordinates" : [121.510433816123, 24.989444490052]}, "properties" : {"name" : "全家便利商店股份有限公司-中和信義店", "address" : "235新北市中和區興南路一段６３號", "city" : "新北市", "district" : "中和區", "tel" : "02-82571522", "store_type" : "連鎖型綠色商店", "source_dataset" : "ntpe_6ccd0274", "store_code" : "F000632"}}, {"type" : "Feature", "geometry" : {"type" : "Point", "coordinates" : [121.508111023115, 24.998238992411]}, "properties" : {"name" : "全家便利商店股份有限公司-中和保健店", "address" : "235新北市中和區保健路１７號", "city" : "新北市", "district" : "中和區", "tel" : "02-82571522", "store_type" : "連鎖型綠色商店", "source_dataset" : "ntpe_6ccd0274", "store_code" : "F000314"}}, {"type" : "Feature", "geometry" : {"type" : "Point", "coordinates" : [121.507250034021, 24.990520013958]}, "properties" : {"name" : "全家便利商店股份有限公司-中和南勢角店", "address" : "235新北市中和區南山路３９９巷１０號１樓", "city" : "新北市", "district" : "中和區", "tel" : "02-82571522", "store_type" : "連鎖型綠色商店", "source_dataset" : "ntpe_6ccd0274", "store_code" : "F000364"}}, {"type" : "Feature", "geometry" : {"type" : "Point", "coordinates" : [121.512531974126, 24.992931697049]}, "properties" : {"name" : "全家便利商店股份有限公司-中和南園店", "address" : "235新北市中和區景平路２９６號２９８號３００號１樓", "city" : "新北市", "district" : "中和區", "tel" : "02-82571522", "store_type" : "連鎖型綠色商店", "source_dataset" : "ntpe_6ccd0274", "store_code" : "F000766"}}, {"type" : "Feature", "geometry" : {"type" : "Point", "coordinates" : [121.497787032974, 24.997192008885]}, "properties" : {"name" : "全家便利商店股份有限公司-中和城邦店", "address" : "235新北市中和區力行里連勝街５５號１樓", "city" : "新北市", "district" : "中和區", "tel" : "02-82571522", "store_type" : "連鎖型綠色商店", "source_dataset" : "ntpe_6ccd0274", "store_code" : "F000647"}}, {"type" : "Feature", "geometry" : {"type" : "Point", "coordinates" : [121.509314999687, 24.997251017484]}, "properties" : {"name" : "全家便利商店股份有限公司-中和建陽店", "address" : "235新北市中和區保健路４２－３號１樓", "city" : "新北市", "district" : "中和區", "tel" : "02-82571522", "store_type" : "連鎖型綠色商店", "source_dataset" : "ntpe_6ccd0274", "store_code" : "F000812"}}, {"type" : "Feature", "geometry" : {"type" : "Point", "coordinates" : [121.484727189636, 25.00916911988]}, "properties" : {"name" : "全家便利商店股份有限公司-中和建業店", "address" : "235新北市中和區立德街１８９號１樓", "city" : "新北市", "district" : "中和區", "tel" : "02-82571522", "store_type" : "連鎖型綠色商店", "source_dataset" : "ntpe_6ccd0274", "store_code" : "F000899"}}, {"type" : "Feature", "geometry" : {"type" : "Point", "coordinates" : [121.500685998006, 25.00502598705]}, "properties" : {"name" : "全家便利商店股份有限公司-中和美勝店", "address" : "235新北市中和區莊敬路３５號１樓", "city" : "新北市", "district" : "中和區", "tel" : "02-82571522", "store_type" : "連鎖型綠色商店", "source_dataset" : "ntpe_6ccd0274", "store_code" : "F000828"}}, {"type" : "Feature", "geometry" : {"type" : "Point", "coordinates" : [121.491285023043, 24.989219980775]}, "properties" : {"name" : "全家便利商店股份有限公司-中和凌雲店", "address" : "235新北市中和區圓通路３６７巷２號", "city" : "新北市", "district" : "中和區", "tel" : "02-82571522", "store_type" : "連鎖型綠色商店", "source_dataset" : "ntpe_6ccd0274", "store_code" : "F000633"}}, {"type" : "Feature", "geometry" : {"type" : "Point", "coordinates" : [121.481138980706, 25.000809009653]}, "properties" : {"name" : "全家便利商店股份有限公司-中和員山店", "address" : "235新北市中和區員山路３２５之５號１Ｆ＆地下室", "city" : "新北市", "district" : "中和區", "tel" : "02-82571522", "store_type" : "連鎖型綠色商店", "source_dataset" : "ntpe_6ccd0274", "store_code" : "F000678"}}, {"type" : "Feature", "geometry" : {"type" : "Point", "coordinates" : [121.469075997113, 25.004566994032]}, "properties" : {"name" : "全家便利商店股份有限公司-中和偉德店", "address" : "235新北市中和區民生街８５巷１弄２號１樓", "city" : "新北市", "district" : "中和區", "tel" : "02-82571522", "store_type" : "連鎖型綠色商店", "source_dataset" : "ntpe_6ccd0274", "store_code" : "F000664"}}, {"type" : "Feature", "geometry" : {"type" : "Point", "coordinates" : [121.470053997575, 25.000674019102]}, "properties" : {"name" : "全家便利商店股份有限公司-中和國興店", "address" : "235新北市中和區國華里國光街１１０號一樓", "city" : "新北市", "district" : "中和區", "tel" : "02-82571522", "store_type" : "連鎖型綠色商店", "source_dataset" : "ntpe_6ccd0274", "store_code" : "F000319"}}, {"type" : "Feature", "geometry" : {"type" : "Point", "coordinates" : [121.494136965598, 24.997422008308]}, "properties" : {"name" : "全家便利商店股份有限公司-中和連勝店", "address" : "235新北市中和區連城路２３１號１樓及２樓", "city" : "新北市", "district" : "中和區", "tel" : "02-82571522", "store_type" : "連鎖型綠色商店", "source_dataset" : "ntpe_6ccd0274", "store_code" : "F000548"}}, {"type" : "Feature", "geometry" : {"type" : "Point", "coordinates" : [121.486450006015, 24.996007981243]}, "properties" : {"name" : "全家便利商店股份有限公司-中和連福店", "address" : "235新北市中和區連城路３９１號，３９３號", "city" : "新北市", "district" : "中和區", "tel" : "02-82571522", "store_type" : "連鎖型綠色商店", "source_dataset" : "ntpe_6ccd0274", "store_code" : "F000515"}}, {"type" : "Feature", "geometry" : {"type" : "Point", "coordinates" : [121.48163896123, 24.995135006027]}, "properties" : {"name" : "全家便利商店股份有限公司-中和連興店", "address" : "235新北市中和區連城路５２５號，５２５之１號", "city" : "新北市", "district" : "中和區", "tel" : "02-82571522", "store_type" : "連鎖型綠色商店", "source_dataset" : "ntpe_6ccd0274", "store_code" : "F000410"}}, {"type" : "Feature", "geometry" : {"type" : "Point", "coordinates" : [121.500998978271, 24.995602003762]}, "properties" : {"name" : "全家便利商店股份有限公司-中和都會店", "address" : "235新北市中和區景平路４３１巷２＆６號１樓", "city" : "新北市", "district" : "中和區", "tel" : "02-82571522", "store_type" : "連鎖型綠色商店", "source_dataset" : "ntpe_6ccd0274", "store_code" : "F000361"}}, {"type" : "Feature", "geometry" : {"type" : "Point", "coordinates" : [121.499225404325, 24.998836230135]}, "properties" : {"name" : "全家便利商店股份有限公司-中和勝平店", "address" : "235新北市中和區景平路５１７、５１９號１樓", "city" : "新北市", "district" : "中和區", "tel" : "02-82571522", "store_type" : "連鎖型綠色商店", "source_dataset" : "ntpe_6ccd0274", "store_code" : "F000910"}}, {"type" : "Feature", "geometry" : {"type" : "Point", "coordinates" : [121.505270982862, 24.993755009488]}, "properties" : {"name" : "全家便利商店股份有限公司-中和景平店", "address" : "235新北市中和區景平路４７８號", "city" : "新北市", "district" : "中和區", "tel" : "02-82571522", "store_type" : "連鎖型綠色商店", "source_dataset" : "ntpe_6ccd0274", "store_code" : "F000466"}}, {"type" : "Feature", "geometry" : {"type" : "Point", "coordinates" : [121.51912624479, 24.991442960442]}, "properties" : {"name" : "全家便利商店股份有限公司-中和景秀店", "address" : "235新北市中和區景平路７１—２號", "city" : "新北市", "district" : "中和區", "tel" : "02-82571522", "store_type" : "連鎖型綠色商店", "source_dataset" : "ntpe_6ccd0274", "store_code" : "F000640"}}, {"type" : "Feature", "geometry" : {"type" : "Point", "coordinates" : [121.512498027418, 24.990212984844]}, "properties" : {"name" : "全家便利商店股份有限公司-中和景欣店", "address" : "235新北市中和區景本里景新街３８５號，３８５號之１", "city" : "新北市", "district" : "中和區", "tel" : "02-82571522", "store_type" : "連鎖型綠色商店", "source_dataset" : "ntpe_6ccd0274", "store_code" : "F000669"}}, {"type" : "Feature", "geometry" : {"type" : "Point", "coordinates" : [121.514929881816, 24.990944532134]}, "properties" : {"name" : "全家便利商店股份有限公司-中和景德店", "address" : "235新北市中和區景平路１１１巷６０弄５４號，５６號", "city" : "新北市", "district" : "中和區", "tel" : "02-82571522", "store_type" : "連鎖型綠色商店", "source_dataset" : "ntpe_6ccd0274", "store_code" : "F000789"}}, {"type" : "Feature", "geometry" : {"type" : "Point", "coordinates" : [121.522834003681, 24.992438002952]}, "properties" : {"name" : "全家便利商店股份有限公司-中和智山店", "address" : "235新北市中和區自立路３８－１號１樓", "city" : "新北市", "district" : "中和區", "tel" : "02-82571522", "store_type" : "連鎖型綠色商店", "source_dataset" : "ntpe_6ccd0274", "store_code" : "F000330"}}, {"type" : "Feature", "geometry" : {"type" : "Point", "coordinates" : [121.504443772838, 24.997294687199]}, "properties" : {"name" : "全家便利商店股份有限公司-中和華山店", "address" : "235新北市中和區南華路６５號１樓", "city" : "新北市", "district" : "中和區", "tel" : "02-82571522", "store_type" : "連鎖型綠色商店", "source_dataset" : "ntpe_6ccd0274", "store_code" : "F000620"}}, {"type" : "Feature", "geometry" : {"type" : "Point", "coordinates" : [121.497122012776, 25.005494996442]}, "properties" : {"name" : "全家便利商店股份有限公司-中和華中店", "address" : "235新北市中和區永和路９２號１樓", "city" : "新北市", "district" : "中和區", "tel" : "02-82571522", "store_type" : "連鎖型綠色商店", "source_dataset" : "ntpe_6ccd0274", "store_code" : "F000825"}}, {"type" : "Feature", "geometry" : {"type" : "Point", "coordinates" : [121.506661037685, 24.981949015046]}, "properties" : {"name" : "全家便利商店股份有限公司-中和華夏店", "address" : "235新北市中和區華新街２０２號，２０４號", "city" : "新北市", "district" : "中和區", "tel" : "02-82571522", "store_type" : "連鎖型綠色商店", "source_dataset" : "ntpe_6ccd0274", "store_code" : "F000833"}}, {"type" : "Feature", "geometry" : {"type" : "Point", "coordinates" : [121.466417005968, 24.998455999884]}, "properties" : {"name" : "全家便利商店股份有限公司-中和華順店", "address" : "235新北市中和區華順街５９號１樓", "city" : "新北市", "district" : "中和區", "tel" : "02-82571522", "store_type" : "連鎖型綠色商店", "source_dataset" : "ntpe_6ccd0274", "store_code" : "F000704"}}, {"type" : "Feature", "geometry" : {"type" : "Point", "coordinates" : [121.465387959716, 24.996719018089]}, "properties" : {"name" : "全家便利商店股份有限公司-中和華福店", "address" : "235新北市中和區華順街１１７號，１１９號", "city" : "新北市", "district" : "中和區", "tel" : "02-82571522", "store_type" : "連鎖型綠色商店", "source_dataset" : "ntpe_6ccd0274", "store_code" : "F000824"}}, {"type" : "Feature", "geometry" : {"type" : "Point", "coordinates" : [121.504553994864, 25.004322996831]}, "properties" : {"name" : "全家便利商店股份有限公司-中和萊陽店", "address" : "235新北市中和區瓦嗂里光華街１號３號一樓", "city" : "新北市", "district" : "中和區", "tel" : "02-82571522", "store_type" : "連鎖型綠色商店", "source_dataset" : "ntpe_6ccd0274", "store_code" : "F000801"}}, {"type" : "Feature", "geometry" : {"type" : "Point", "coordinates" : [121.492255982706, 24.990469010077]}, "properties" : {"name" : "全家便利商店股份有限公司-中和圓通店", "address" : "235新北市中和區圓通路３０７之５號３３５巷１弄２７號", "city" : "新北市", "district" : "中和區", "tel" : "02-82571522", "store_type" : "連鎖型綠色商店", "source_dataset" : "ntpe_6ccd0274", "store_code" : "F000915"}}, {"type" : "Feature", "geometry" : {"type" : "Point", "coordinates" : [121.508909722286, 24.993922757872]}, "properties" : {"name" : "全家便利商店股份有限公司-中和新平店", "address" : "235新北市中和區景新街２６５、２６７號", "city" : "新北市", "district" : "中和區", "tel" : "02-82571522", "store_type" : "連鎖型綠色商店", "source_dataset" : "ntpe_6ccd0274", "store_code" : "F000822"}}, {"type" : "Feature", "geometry" : {"type" : "Point", "coordinates" : [121.483525140902, 25.001034189482]}, "properties" : {"name" : "全家便利商店股份有限公司-中和新生店", "address" : "235新北市中和區新生街１３２號", "city" : "新北市", "district" : "中和區", "tel" : "02-82571522", "store_type" : "連鎖型綠色商店", "source_dataset" : "ntpe_6ccd0274", "store_code" : "F000895"}}, {"type" : "Feature", "geometry" : {"type" : "Point", "coordinates" : [121.506890785651, 24.985348882612]}, "properties" : {"name" : "全家便利商店股份有限公司-中和新興店", "address" : "235新北市中和區興南路二段３６號", "city" : "新北市", "district" : "中和區", "tel" : "02-82571522", "store_type" : "連鎖型綠色商店", "source_dataset" : "ntpe_6ccd0274", "store_code" : "F000658"}}, {"type" : "Feature", "geometry" : {"type" : "Point", "coordinates" : [121.481003026236, 24.99622201314]}, "properties" : {"name" : "全家便利商店股份有限公司-中和嘉慶店", "address" : "235新北市中和區員山路１４１號１樓", "city" : "新北市", "district" : "中和區", "tel" : "02-82571522", "store_type" : "連鎖型綠色商店", "source_dataset" : "ntpe_6ccd0274", "store_code" : "F000783"}}, {"type" : "Feature", "geometry" : {"type" : "Point", "coordinates" : [121.466010986579, 24.995233996303]}, "properties" : {"name" : "全家便利商店股份有限公司-中和壽德店", "address" : "235新北市中和區壽德街２３號", "city" : "新北市", "district" : "中和區", "tel" : "02-82571522", "store_type" : "連鎖型綠色商店", "source_dataset" : "ntpe_6ccd0274", "store_code" : "F000289"}}, {"type" : "Feature", "geometry" : {"type" : "Point", "coordinates" : [121.499778992263, 25.001666981262]}, "properties" : {"name" : "全家便利商店股份有限公司-中和漳和店", "address" : "235新北市中和區中和路３０號", "city" : "新北市", "district" : "中和區", "tel" : "02-82571522", "store_type" : "連鎖型綠色商店", "source_dataset" : "ntpe_6ccd0274", "store_code" : "F000771"}}, {"type" : "Feature", "geometry" : {"type" : "Point", "coordinates" : [121.472821785823, 25.006503381304]}, "properties" : {"name" : "全家便利商店股份有限公司-中和漢陽店", "address" : "235新北市中和區瑞穗里中山路三段１７２號１樓", "city" : "新北市", "district" : "中和區", "tel" : "02-82571522", "store_type" : "連鎖型綠色商店", "source_dataset" : "ntpe_6ccd0274", "store_code" : "F000808"}}, {"type" : "Feature", "geometry" : {"type" : "Point", "coordinates" : [121.523047993669, 24.992441984356]}, "properties" : {"name" : "全家便利商店股份有限公司-中和福山店", "address" : "235新北市中和區秀福里自立路１７號一樓", "city" : "新北市", "district" : "中和區", "tel" : "02-82571522", "store_type" : "連鎖型綠色商店", "source_dataset" : "ntpe_6ccd0274", "store_code" : "F000746"}}, {"type" : "Feature", "geometry" : {"type" : "Point", "coordinates" : [121.4928304, 25.003819]}, "properties" : {"name" : "全家便利商店股份有限公司-中和福后店", "address" : "235新北市中和區連成路４６９巷１９號１樓", "city" : "新北市", "district" : "中和區", "tel" : "02-82571522", "store_type" : "連鎖型綠色商店", "source_dataset" : "ntpe_6ccd0274", "store_code" : "F000421"}}, {"type" : "Feature", "geometry" : {"type" : "Point", "coordinates" : [121.489877030947, 24.995603009591]}, "properties" : {"name" : "全家便利商店股份有限公司-中和福多店", "address" : "235新北市中和區錦和路１７０號１樓", "city" : "新北市", "district" : "中和區", "tel" : "02-82571522", "store_type" : "連鎖型綠色商店", "source_dataset" : "ntpe_6ccd0274", "store_code" : "F000374"}}, {"type" : "Feature", "geometry" : {"type" : "Point", "coordinates" : [121.485127006418, 24.99527498381]}, "properties" : {"name" : "全家便利商店股份有限公司-中和福朋店", "address" : "235新北市中和區中正路６３３號", "city" : "新北市", "district" : "中和區", "tel" : "02-82571522", "store_type" : "連鎖型綠色商店", "source_dataset" : "ntpe_6ccd0274", "store_code" : "F000881"}}, {"type" : "Feature", "geometry" : {"type" : "Point", "coordinates" : [121.496474346628, 25.0034606311]}, "properties" : {"name" : "全家便利商店股份有限公司-中和福真店", "address" : "235新北市中和區景平路７０１、７０１之１號２樓", "city" : "新北市", "district" : "中和區", "tel" : "02-82571522", "store_type" : "連鎖型綠色商店", "source_dataset" : "ntpe_6ccd0274", "store_code" : "F000568"}}, {"type" : "Feature", "geometry" : {"type" : "Point", "coordinates" : [121.511914295378, 24.986811308637]}, "properties" : {"name" : "全家便利商店股份有限公司-中和維新店", "address" : "235新北市中和區仁愛街９５號、９５之１號", "city" : "新北市", "district" : "中和區", "tel" : "02-82571522", "store_type" : "連鎖型綠色商店", "source_dataset" : "ntpe_6ccd0274", "store_code" : "F000734"}}, {"type" : "Feature", "geometry" : {"type" : "Point", "coordinates" : [121.487805275939, 24.997323311398]}, "properties" : {"name" : "全家便利商店股份有限公司-中和遠建店", "address" : "235新北市中和區建一路１７６號１樓", "city" : "新北市", "district" : "中和區", "tel" : "02-82571522", "store_type" : "連鎖型綠色商店", "source_dataset" : "ntpe_6ccd0274", "store_code" : "F000299"}}, {"type" : "Feature", "geometry" : {"type" : "Point", "coordinates" : [121.485607960022, 24.997076212893]}, "properties" : {"name" : "全家便利商店股份有限公司-中和廣場店", "address" : "235新北市中和區平河里中正路７１２號一樓", "city" : "新北市", "district" : "中和區", "tel" : "02-82571522", "store_type" : "連鎖型綠色商店", "source_dataset" : "ntpe_6ccd0274", "store_code" : "F000676"}}, {"type" : "Feature", "geometry" : {"type" : "Point", "coordinates" : [121.50362201105, 25.002007998993]}, "properties" : {"name" : "全家便利商店股份有限公司-中和廣學店", "address" : "235新北市中和區廣福路５８號", "city" : "新北市", "district" : "中和區", "tel" : "02-82571522", "store_type" : "連鎖型綠色商店", "source_dataset" : "ntpe_6ccd0274", "store_code" : "F000792"}}, {"type" : "Feature", "geometry" : {"type" : "Point", "coordinates" : [121.495887023162, 24.993139987343]}, "properties" : {"name" : "全家便利商店股份有限公司-中和德行店", "address" : "235新北市中和區圓通路２６７號", "city" : "新北市", "district" : "中和區", "tel" : "02-82571522", "store_type" : "連鎖型綠色商店", "source_dataset" : "ntpe_6ccd0274", "store_code" : "F000317"}}, {"type" : "Feature", "geometry" : {"type" : "Point", "coordinates" : [121.470868970021, 25.00447198516]}, "properties" : {"name" : "全家便利商店股份有限公司-中和德穗店", "address" : "235新北市中和區德光路２４．２６號１樓", "city" : "新北市", "district" : "中和區", "tel" : "02-82571522", "store_type" : "連鎖型綠色商店", "source_dataset" : "ntpe_6ccd0274", "store_code" : "F000786"}}, {"type" : "Feature", "geometry" : {"type" : "Point", "coordinates" : [121.516453196069, 24.992377192244]}, "properties" : {"name" : "全家便利商店股份有限公司-中和摩天店", "address" : "235新北市中和區景平路１８２號１樓", "city" : "新北市", "district" : "中和區", "tel" : "02-82571522", "store_type" : "連鎖型綠色商店", "source_dataset" : "ntpe_6ccd0274", "store_code" : "F000639"}}, {"type" : "Feature", "geometry" : {"type" : "Point", "coordinates" : [121.494034035827, 25.006137092135]}, "properties" : {"name" : "全家便利商店股份有限公司-中和橋和店", "address" : "235新北市中和區橋和路１５２號，１５６號", "city" : "新北市", "district" : "中和區", "tel" : "02-82571522", "store_type" : "連鎖型綠色商店", "source_dataset" : "ntpe_6ccd0274", "store_code" : "F000544"}}, {"type" : "Feature", "geometry" : {"type" : "Point", "coordinates" : [121.509797964948, 24.988701979159]}, "properties" : {"name" : "全家便利商店股份有限公司-中和興南店", "address" : "235新北市中和區興南路一段９１號", "city" : "新北市", "district" : "中和區", "tel" : "02-82571522", "store_type" : "連鎖型綠色商店", "source_dataset" : "ntpe_6ccd0274", "store_code" : "F000492"}}, {"type" : "Feature", "geometry" : {"type" : "Point", "coordinates" : [121.490557976761, 24.991329999171]}, "properties" : {"name" : "全家便利商店股份有限公司-中和錦中店", "address" : "235新北市中和區錦中里錦和路３５６號１樓", "city" : "新北市", "district" : "中和區", "tel" : "02-82571522", "store_type" : "連鎖型綠色商店", "source_dataset" : "ntpe_6ccd0274", "store_code" : "F000293"}}, {"type" : "Feature", "geometry" : {"type" : "Point", "coordinates" : [121.490045004287, 24.989141987166]}, "properties" : {"name" : "全家便利商店股份有限公司-中和錦和店", "address" : "235新北市中和區圓通路３９１之７號", "city" : "新北市", "district" : "中和區", "tel" : "02-82571522", "store_type" : "連鎖型綠色商店", "source_dataset" : "ntpe_6ccd0274", "store_code" : "F000408"}}, {"type" : "Feature", "geometry" : {"type" : "Point", "coordinates" : [121.475694012584, 25.006053189284]}, "properties" : {"name" : "全家便利商店股份有限公司-中和環球店", "address" : "235新北市中和區中山路三段１２０之１１號", "city" : "新北市", "district" : "中和區", "tel" : "02-82571522", "store_type" : "連鎖型綠色商店", "source_dataset" : "ntpe_6ccd0274", "store_code" : "F000341"}}, {"type" : "Feature", "geometry" : {"type" : "Point", "coordinates" : [121.498171007958, 24.992704002649]}, "properties" : {"name" : "全家便利商店股份有限公司-中和鎮陽店", "address" : "235新北市中和區德行里中正路１６７巷１８號一樓", "city" : "新北市", "district" : "中和區", "tel" : "02-82571522", "store_type" : "連鎖型綠色商店", "source_dataset" : "ntpe_6ccd0274", "store_code" : "F000510"}}, {"type" : "Feature", "geometry" : {"type" : "Point", "coordinates" : [121.438098997547, 25.084919019176]}, "properties" : {"name" : "全家便利商店股份有限公司-五股工商店", "address" : "248新北市五股區五股村工商路８１號及８３號", "city" : "新北市", "district" : "五股區", "tel" : "02-29029199", "store_type" : "連鎖型綠色商店", "source_dataset" : "ntpe_6ccd0274", "store_code" : "F000880"}}, {"type" : "Feature", "geometry" : {"type" : "Point", "coordinates" : [121.433298011047, 25.087208997033]}, "properties" : {"name" : "全家便利商店股份有限公司-五股五義店", "address" : "248新北市五股區工商路２０３號１樓", "city" : "新北市", "district" : "五股區", "tel" : "02-29029199", "store_type" : "連鎖型綠色商店", "source_dataset" : "ntpe_6ccd0274", "store_code" : "F000399"}}, {"type" : "Feature", "geometry" : {"type" : "Point", "coordinates" : [121.434229994861, 25.088923012414]}, "properties" : {"name" : "全家便利商店股份有限公司-五股五福店", "address" : "248新北市五股區五福村五福路２４號", "city" : "新北市", "district" : "五股區", "tel" : "02-29029199", "store_type" : "連鎖型綠色商店", "source_dataset" : "ntpe_6ccd0274", "store_code" : "F000646"}}, {"type" : "Feature", "geometry" : {"type" : "Point", "coordinates" : [121.450386029412, 25.066181609904]}, "properties" : {"name" : "全家便利商店股份有限公司-五股五權店", "address" : "248新北市五股區五工五路３４號", "city" : "新北市", "district" : "五股區", "tel" : "02-29029199", "store_type" : "連鎖型綠色商店", "source_dataset" : "ntpe_6ccd0274", "store_code" : "F000339"}}, {"type" : "Feature", "geometry" : {"type" : "Point", "coordinates" : [121.433039010238, 25.090082983994]}, "properties" : {"name" : "全家便利商店股份有限公司-五股六福店", "address" : "248新北市五股區五福路７０號１樓", "city" : "新北市", "district" : "五股區", "tel" : "02-29029199", "store_type" : "連鎖型綠色商店", "source_dataset" : "ntpe_6ccd0274", "store_code" : "F000337"}}, {"type" : "Feature", "geometry" : {"type" : "Point", "coordinates" : [121.432282295122, 25.067192272167]}, "properties" : {"name" : "全家便利商店股份有限公司-五股水碓店", "address" : "248新北市五股區成泰路一段７巷２１號、２３號１樓", "city" : "新北市", "district" : "五股區", "tel" : "02-29029199", "store_type" : "連鎖型綠色商店", "source_dataset" : "ntpe_6ccd0274", "store_code" : "F000717"}}, {"type" : "Feature", "geometry" : {"type" : "Point", "coordinates" : [121.420812998629, 25.096552011136]}, "properties" : {"name" : "全家便利商店股份有限公司-五股民義店", "address" : "248新北市五股區民義路二段１６號１樓", "city" : "新北市", "district" : "五股區", "tel" : "02-29029199", "store_type" : "連鎖型綠色商店", "source_dataset" : "ntpe_6ccd0274", "store_code" : "F000820"}}, {"type" : "Feature", "geometry" : {"type" : "Point", "coordinates" : [121.448003138158, 25.104086713448]}, "properties" : {"name" : "全家便利商店股份有限公司-五股成泰店", "address" : "248新北市五股區成泰路三段５７７巷１３８號１樓", "city" : "新北市", "district" : "五股區", "tel" : "02-29029199", "store_type" : "連鎖型綠色商店", "source_dataset" : "ntpe_6ccd0274", "store_code" : "F000312"}}, {"type" : "Feature", "geometry" : {"type" : "Point", "coordinates" : [121.447657971386, 25.095757993448]}, "properties" : {"name" : "全家便利商店股份有限公司-五股西雲店", "address" : "248新北市五股區西雲路１８９號，１８９號之１", "city" : "新北市", "district" : "五股區", "tel" : "02-29029199", "store_type" : "連鎖型綠色商店", "source_dataset" : "ntpe_6ccd0274", "store_code" : "F000513"}}, {"type" : "Feature", "geometry" : {"type" : "Point", "coordinates" : [121.450822726568, 25.101223581052]}, "properties" : {"name" : "全家便利商店股份有限公司-五股凌雲店", "address" : "248新北市五股區凌雲路一段８１號", "city" : "新北市", "district" : "五股區", "tel" : "02-29029199", "store_type" : "連鎖型綠色商店", "source_dataset" : "ntpe_6ccd0274", "store_code" : "F000751"}}, {"type" : "Feature", "geometry" : {"type" : "Point", "coordinates" : [121.440444, 25.0832969]}, "properties" : {"name" : "全家便利商店股份有限公司-五股高亞店", "address" : "248新北市五股區興珍村中興路一段１４２號１４２之１號一", "city" : "新北市", "district" : "五股區", "tel" : "02-29029199", "store_type" : "連鎖型綠色商店", "source_dataset" : "ntpe_6ccd0274", "store_code" : "F000848"}}, {"type" : "Feature", "geometry" : {"type" : "Point", "coordinates" : [121.45356671021, 25.106600907215]}, "properties" : {"name" : "全家便利商店股份有限公司-五股清水店", "address" : "248新北市五股區成泰路四段１８號", "city" : "新北市", "district" : "五股區", "tel" : "02-29029199", "store_type" : "連鎖型綠色商店", "source_dataset" : "ntpe_6ccd0274", "store_code" : "F000675"}}, {"type" : "Feature", "geometry" : {"type" : "Point", "coordinates" : [121.42793652668, 25.070483705527]}, "properties" : {"name" : "全家便利商店股份有限公司-五股登林店", "address" : "248新北市五股區登林路１００之７號", "city" : "新北市", "district" : "五股區", "tel" : "02-29029199", "store_type" : "連鎖型綠色商店", "source_dataset" : "ntpe_6ccd0274", "store_code" : "F000863"}}, {"type" : "Feature", "geometry" : {"type" : "Point", "coordinates" : [121.432035025876, 25.070240001693]}, "properties" : {"name" : "全家便利商店股份有限公司-五股貿商店", "address" : "248新北市五股區自強路１５４號１樓", "city" : "新北市", "district" : "五股區", "tel" : "02-29029199", "store_type" : "連鎖型綠色商店", "source_dataset" : "ntpe_6ccd0274", "store_code" : "F000328"}}, {"type" : "Feature", "geometry" : {"type" : "Point", "coordinates" : [121.467463989494, 25.072918983676]}, "properties" : {"name" : "全家便利商店股份有限公司-五股維興店", "address" : "248新北市五股區四維路７８號．８０號１樓", "city" : "新北市", "district" : "五股區", "tel" : "02-29029199", "store_type" : "連鎖型綠色商店", "source_dataset" : "ntpe_6ccd0274", "store_code" : "F000580"}}, {"type" : "Feature", "geometry" : {"type" : "Point", "coordinates" : [121.433993960467, 25.072247006498]}, "properties" : {"name" : "全家便利商店股份有限公司-五股德音店", "address" : "248新北市五股區水碓路１０號，１０號之１，一樓", "city" : "新北市", "district" : "五股區", "tel" : "02-29029199", "store_type" : "連鎖型綠色商店", "source_dataset" : "ntpe_6ccd0274", "store_code" : "F000285"}}, {"type" : "Feature", "geometry" : {"type" : "Point", "coordinates" : [121.517147972024, 25.007209011823]}, "properties" : {"name" : "全家便利商店股份有限公司-永和大福店", "address" : "234新北市永和區中正路６０８．６１０．６１０之１號", "city" : "新北市", "district" : "永和區", "tel" : "02-82571522", "store_type" : "連鎖型綠色商店", "source_dataset" : "ntpe_6ccd0274", "store_code" : "F000411"}}, {"type" : "Feature", "geometry" : {"type" : "Point", "coordinates" : [121.514226375853, 25.013344103942]}, "properties" : {"name" : "全家便利商店股份有限公司-永和仁和店", "address" : "234新北市永和區仁愛路３３號", "city" : "新北市", "district" : "永和區", "tel" : "02-82571522", "store_type" : "連鎖型綠色商店", "source_dataset" : "ntpe_6ccd0274", "store_code" : "F000587"}}, {"type" : "Feature", "geometry" : {"type" : "Point", "coordinates" : [121.51237292261, 25.013141461205]}, "properties" : {"name" : "全家便利商店股份有限公司-永和仁愛店", "address" : "234新北市永和區仁愛路１０３、１０５號", "city" : "新北市", "district" : "永和區", "tel" : "02-82571522", "store_type" : "連鎖型綠色商店", "source_dataset" : "ntpe_6ccd0274", "store_code" : "F000867"}}, {"type" : "Feature", "geometry" : {"type" : "Point", "coordinates" : [121.515357010772, 25.015209999408]}, "properties" : {"name" : "全家便利商店股份有限公司-永和文化店", "address" : "234新北市永和區文化路１８，２０，２２號１樓", "city" : "新北市", "district" : "永和區", "tel" : "02-82571522", "store_type" : "連鎖型綠色商店", "source_dataset" : "ntpe_6ccd0274", "store_code" : "F000535"}}, {"type" : "Feature", "geometry" : {"type" : "Point", "coordinates" : [121.520640040525, 25.008432015315]}, "properties" : {"name" : "全家便利商店股份有限公司-永和市竹店", "address" : "234新北市永和區竹林路２０６號１樓", "city" : "新北市", "district" : "永和區", "tel" : "02-82571522", "store_type" : "連鎖型綠色商店", "source_dataset" : "ntpe_6ccd0274", "store_code" : "F000721"}}, {"type" : "Feature", "geometry" : {"type" : "Point", "coordinates" : [121.517158030307, 24.998855984304]}, "properties" : {"name" : "全家便利商店股份有限公司-永和正中店", "address" : "234新北市永和區中正路２８４號", "city" : "新北市", "district" : "永和區", "tel" : "02-82571522", "store_type" : "連鎖型綠色商店", "source_dataset" : "ntpe_6ccd0274", "store_code" : "F000482"}}, {"type" : "Feature", "geometry" : {"type" : "Point", "coordinates" : [121.52459403571, 25.000873005484]}, "properties" : {"name" : "全家便利商店股份有限公司-永和永元店", "address" : "234新北市永和區秀林里秀朗路二段１２６巷３０號永元路５", "city" : "新北市", "district" : "永和區", "tel" : "02-82571522", "store_type" : "連鎖型綠色商店", "source_dataset" : "ntpe_6ccd0274", "store_code" : "F000810"}}, {"type" : "Feature", "geometry" : {"type" : "Point", "coordinates" : [121.508892970862, 25.010949980938]}, "properties" : {"name" : "全家便利商店股份有限公司-永和永平店", "address" : "234新北市永和區永平路２３２號", "city" : "新北市", "district" : "永和區", "tel" : "02-82571522", "store_type" : "連鎖型綠色商店", "source_dataset" : "ntpe_6ccd0274", "store_code" : "F000637"}}, {"type" : "Feature", "geometry" : {"type" : "Point", "coordinates" : [121.520712963082, 25.006031983069]}, "properties" : {"name" : "全家便利商店股份有限公司-永和永亨店", "address" : "234新北市永和區永亨路６６號１樓", "city" : "新北市", "district" : "永和區", "tel" : "02-82571522", "store_type" : "連鎖型綠色商店", "source_dataset" : "ntpe_6ccd0274", "store_code" : "F000366"}}, {"type" : "Feature", "geometry" : {"type" : "Point", "coordinates" : [121.517686006388, 25.002133015079]}, "properties" : {"name" : "全家便利商店股份有限公司-永和永和店", "address" : "234新北市永和區中正路４１４號１樓", "city" : "新北市", "district" : "永和區", "tel" : "02-82571522", "store_type" : "連鎖型綠色商店", "source_dataset" : "ntpe_6ccd0274", "store_code" : "F000331"}}, {"type" : "Feature", "geometry" : {"type" : "Point", "coordinates" : [121.517896978891, 25.014307980898]}, "properties" : {"name" : "全家便利商店股份有限公司-永和永林店", "address" : "234新北市永和區竹林路３７號", "city" : "新北市", "district" : "永和區", "tel" : "02-82571522", "store_type" : "連鎖型綠色商店", "source_dataset" : "ntpe_6ccd0274", "store_code" : "F000862"}}, {"type" : "Feature", "geometry" : {"type" : "Point", "coordinates" : [121.513433028717, 25.007627981253]}, "properties" : {"name" : "全家便利商店股份有限公司-永和永福店", "address" : "234新北市永和區永和路一段９３號", "city" : "新北市", "district" : "永和區", "tel" : "02-82571522", "store_type" : "連鎖型綠色商店", "source_dataset" : "ntpe_6ccd0274", "store_code" : "F000459"}}, {"type" : "Feature", "geometry" : {"type" : "Point", "coordinates" : [121.526717004146, 24.997444010804]}, "properties" : {"name" : "全家便利商店股份有限公司-永和田單店", "address" : "234新北市永和區成功路二段１５７號１樓", "city" : "新北市", "district" : "永和區", "tel" : "02-82571522", "store_type" : "連鎖型綠色商店", "source_dataset" : "ntpe_6ccd0274", "store_code" : "F000351"}}, {"type" : "Feature", "geometry" : {"type" : "Point", "coordinates" : [121.516554030365, 25.016708013144]}, "properties" : {"name" : "全家便利商店股份有限公司-永和光復店", "address" : "234新北市永和區光復街４號", "city" : "新北市", "district" : "永和區", "tel" : "02-82571522", "store_type" : "連鎖型綠色商店", "source_dataset" : "ntpe_6ccd0274", "store_code" : "F000504"}}, {"type" : "Feature", "geometry" : {"type" : "Point", "coordinates" : [121.526999977197, 25.001539995429]}, "properties" : {"name" : "全家便利商店股份有限公司-永和秀成店", "address" : "234新北市永和區成功路一段１３７，１３９號", "city" : "新北市", "district" : "永和區", "tel" : "02-82571522", "store_type" : "連鎖型綠色商店", "source_dataset" : "ntpe_6ccd0274", "store_code" : "F000814"}}, {"type" : "Feature", "geometry" : {"type" : "Point", "coordinates" : [121.515500425135, 25.005882282278]}, "properties" : {"name" : "全家便利商店股份有限公司-永和秀和店", "address" : "234新北市永和區秀朗路一段７８號", "city" : "新北市", "district" : "永和區", "tel" : "02-82571522", "store_type" : "連鎖型綠色商店", "source_dataset" : "ntpe_6ccd0274", "store_code" : "F000528"}}, {"type" : "Feature", "geometry" : {"type" : "Point", "coordinates" : [121.526332023333, 24.998982006218]}, "properties" : {"name" : "全家便利商店股份有限公司-永和秀朗店", "address" : "234新北市永和區得和路４２０號", "city" : "新北市", "district" : "永和區", "tel" : "02-82571522", "store_type" : "連鎖型綠色商店", "source_dataset" : "ntpe_6ccd0274", "store_code" : "F000276"}}, {"type" : "Feature", "geometry" : {"type" : "Point", "coordinates" : [121.510317978221, 25.006499986633]}, "properties" : {"name" : "全家便利商店股份有限公司-永和保平店", "address" : "234新北市永和區永貞路３５４號，３５６號", "city" : "新北市", "district" : "永和區", "tel" : "02-82571522", "store_type" : "連鎖型綠色商店", "source_dataset" : "ntpe_6ccd0274", "store_code" : "F000615"}}, {"type" : "Feature", "geometry" : {"type" : "Point", "coordinates" : [121.510366006526, 25.012992986018]}, "properties" : {"name" : "全家便利商店股份有限公司-永和保福店", "address" : "234新北市永和區仁愛路１６２號，保福路二段９５號", "city" : "新北市", "district" : "永和區", "tel" : "02-82571522", "store_type" : "連鎖型綠色商店", "source_dataset" : "ntpe_6ccd0274", "store_code" : "F000661"}}, {"type" : "Feature", "geometry" : {"type" : "Point", "coordinates" : [121.502133385046, 25.008504602596]}, "properties" : {"name" : "全家便利商店股份有限公司-永和紐約店", "address" : "234新北市永和區保順里仁愛路３０６巷３３號一樓", "city" : "新北市", "district" : "永和區", "tel" : "02-82571522", "store_type" : "連鎖型綠色商店", "source_dataset" : "ntpe_6ccd0274", "store_code" : "F000641"}}, {"type" : "Feature", "geometry" : {"type" : "Point", "coordinates" : [121.517747026644, 25.012107018853]}, "properties" : {"name" : "全家便利商店股份有限公司-永和耕莘店", "address" : "234新北市永和區中興街９５號１樓", "city" : "新北市", "district" : "永和區", "tel" : "02-82571522", "store_type" : "連鎖型綠色商店", "source_dataset" : "ntpe_6ccd0274", "store_code" : "F000403"}}, {"type" : "Feature", "geometry" : {"type" : "Point", "coordinates" : [121.528671999242, 25.000599001069]}, "properties" : {"name" : "全家便利商店股份有限公司-永和國艷店", "address" : "234新北市永和區民樂街３９巷２號１樓", "city" : "新北市", "district" : "永和區", "tel" : "02-82571522", "store_type" : "連鎖型綠色商店", "source_dataset" : "ntpe_6ccd0274", "store_code" : "F000882"}}, {"type" : "Feature", "geometry" : {"type" : "Point", "coordinates" : [121.524465624953, 24.999282413628]}, "properties" : {"name" : "全家便利商店股份有限公司-永和得和店", "address" : "234新北市永和區得和路３７２號", "city" : "新北市", "district" : "永和區", "tel" : "02-82571522", "store_type" : "連鎖型綠色商店", "source_dataset" : "ntpe_6ccd0274", "store_code" : "F000614"}}, {"type" : "Feature", "geometry" : {"type" : "Point", "coordinates" : [121.523216972837, 25.009080020249]}, "properties" : {"name" : "全家便利商店股份有限公司-永和御林店", "address" : "234新北市永和區竹林路２１３巷４４號１樓", "city" : "新北市", "district" : "永和區", "tel" : "02-82571522", "store_type" : "連鎖型綠色商店", "source_dataset" : "ntpe_6ccd0274", "store_code" : "F000470"}}, {"type" : "Feature", "geometry" : {"type" : "Point", "coordinates" : [121.522440976241, 24.99730499694]}, "properties" : {"name" : "全家便利商店股份有限公司-永和教士店", "address" : "234新北市永和區民生路２４號１樓", "city" : "新北市", "district" : "永和區", "tel" : "02-82571522", "store_type" : "連鎖型綠色商店", "source_dataset" : "ntpe_6ccd0274", "store_code" : "F000855"}}, {"type" : "Feature", "geometry" : {"type" : "Point", "coordinates" : [121.515665967723, 25.012915998238]}, "properties" : {"name" : "全家便利商店股份有限公司-永和頂溪店", "address" : "234新北市永和區復興街３號", "city" : "新北市", "district" : "永和區", "tel" : "02-82571522", "store_type" : "連鎖型綠色商店", "source_dataset" : "ntpe_6ccd0274", "store_code" : "F000790"}}, {"type" : "Feature", "geometry" : {"type" : "Point", "coordinates" : [121.507829977902, 25.008706983649]}, "properties" : {"name" : "全家便利商店股份有限公司-永和勝田店", "address" : "234新北市永和區永貞路３９１號１樓", "city" : "新北市", "district" : "永和區", "tel" : "02-82571522", "store_type" : "連鎖型綠色商店", "source_dataset" : "ntpe_6ccd0274", "store_code" : "F000636"}}, {"type" : "Feature", "geometry" : {"type" : "Point", "coordinates" : [121.519118976555, 25.00313100638]}, "properties" : {"name" : "全家便利商店股份有限公司-永和復興店", "address" : "234新北市永和區秀朗路一段１８６號１Ｆ", "city" : "新北市", "district" : "永和區", "tel" : "02-82571522", "store_type" : "連鎖型綠色商店", "source_dataset" : "ntpe_6ccd0274", "store_code" : "F000846"}}, {"type" : "Feature", "geometry" : {"type" : "Point", "coordinates" : [121.523073977569, 25.007158007942]}, "properties" : {"name" : "全家便利商店股份有限公司-永和超富店", "address" : "234新北市永和區國中路１４８號１樓", "city" : "新北市", "district" : "永和區", "tel" : "02-82571522", "store_type" : "連鎖型綠色商店", "source_dataset" : "ntpe_6ccd0274", "store_code" : "F000334"}}, {"type" : "Feature", "geometry" : {"type" : "Point", "coordinates" : [121.516180029845, 25.007046989634]}, "properties" : {"name" : "全家便利商店股份有限公司-永和雷霆店", "address" : "234新北市永和區福和路３１１．３１３號１樓", "city" : "新北市", "district" : "永和區", "tel" : "02-82571522", "store_type" : "連鎖型綠色商店", "source_dataset" : "ntpe_6ccd0274", "store_code" : "F000797"}}, {"type" : "Feature", "geometry" : {"type" : "Point", "coordinates" : [121.520079039745, 25.007504012905]}, "properties" : {"name" : "全家便利商店股份有限公司-永和福和店", "address" : "234新北市永和區福和路１７３．１７５號", "city" : "新北市", "district" : "永和區", "tel" : "02-82571522", "store_type" : "連鎖型綠色商店", "source_dataset" : "ntpe_6ccd0274", "store_code" : "F000509"}}, {"type" : "Feature", "geometry" : {"type" : "Point", "coordinates" : [121.504780976802, 24.999609014485]}, "properties" : {"name" : "和昇機車行", "address" : "235新北市中和區中和路178號", "city" : "新北市", "district" : "中和區", "tel" : "22491026", "store_type" : "連鎖型綠色商店", "source_dataset" : "ntpe_6ccd0274", "store_code" : "F002098"}}, {"type" : "Feature", "geometry" : {"type" : "Point", "coordinates" : [121.510297023463, 25.004183019048]}, "properties" : {"name" : "全家便利商店股份有限公司-永和維源店", "address" : "234新北市永和區水源街３９巷２號", "city" : "新北市", "district" : "永和區", "tel" : "02-82571522", "store_type" : "連鎖型綠色商店", "source_dataset" : "ntpe_6ccd0274", "store_code" : "F000794"}}, {"type" : "Feature", "geometry" : {"type" : "Point", "coordinates" : [121.51517797332, 25.008344005332]}, "properties" : {"name" : "全家便利商店股份有限公司-永和樂新店", "address" : "234新北市永和區大新街１８號１樓", "city" : "新北市", "district" : "永和區", "tel" : "02-82571522", "store_type" : "連鎖型綠色商店", "source_dataset" : "ntpe_6ccd0274", "store_code" : "F000298"}}, {"type" : "Feature", "geometry" : {"type" : "Point", "coordinates" : [121.520555970036, 25.015329106252]}, "properties" : {"name" : "全家便利商店股份有限公司-永和環東店", "address" : "234新北市永和區環河東路一段１２２號，１２４號", "city" : "新北市", "district" : "永和區", "tel" : "02-82571522", "store_type" : "連鎖型綠色商店", "source_dataset" : "ntpe_6ccd0274", "store_code" : "F000705"}}, {"type" : "Feature", "geometry" : {"type" : "Point", "coordinates" : [121.501217997401, 25.010161998221]}, "properties" : {"name" : "全家便利商店股份有限公司-永和環河店", "address" : "234新北市永和區環河西路二段２１９號，２２１號", "city" : "新北市", "district" : "永和區", "tel" : "02-82571522", "store_type" : "連鎖型綠色商店", "source_dataset" : "ntpe_6ccd0274", "store_code" : "F000803"}}, {"type" : "Feature", "geometry" : {"type" : "Point", "coordinates" : [121.520026401393, 24.996814613695]}, "properties" : {"name" : "全家便利商店股份有限公司-永和騎士店", "address" : "234新北市永和區民權路５３號１樓", "city" : "新北市", "district" : "永和區", "tel" : "02-82571522", "store_type" : "連鎖型綠色商店", "source_dataset" : "ntpe_6ccd0274", "store_code" : "F000616"}}, {"type" : "Feature", "geometry" : {"type" : "Point", "coordinates" : [121.507978002312, 25.005778011403]}, "properties" : {"name" : "全家便利商店股份有限公司-永和羅鄰店", "address" : "234新北市永和區保平路２６８巷２５號１樓", "city" : "新北市", "district" : "永和區", "tel" : "02-82571522", "store_type" : "連鎖型綠色商店", "source_dataset" : "ntpe_6ccd0274", "store_code" : "F000788"}}, {"type" : "Feature", "geometry" : {"type" : "Point", "coordinates" : [121.691505974946, 24.979017989235]}, "properties" : {"name" : "全家便利商店股份有限公司-石碇華梵店", "address" : "223新北市石碇區華梵路１號", "city" : "新北市", "district" : "石碇區", "tel" : "02-87732988", "store_type" : "連鎖型綠色商店", "source_dataset" : "ntpe_6ccd0274", "store_code" : "F000394"}}, {"type" : "Feature", "geometry" : {"type" : "Point", "coordinates" : [121.617422020816, 25.051235000161]}, "properties" : {"name" : "全家便利商店股份有限公司-汐止力行店", "address" : "221新北市汐止區力行街１號", "city" : "新北市", "district" : "汐止區", "tel" : "02-87732988", "store_type" : "連鎖型綠色商店", "source_dataset" : "ntpe_6ccd0274", "store_code" : "F000874"}}, {"type" : "Feature", "geometry" : {"type" : "Point", "coordinates" : [121.673771963303, 25.075769920403]}, "properties" : {"name" : "全家便利商店股份有限公司-汐止大同店", "address" : "221新北市汐止區大同路三段２６９，２７１號", "city" : "新北市", "district" : "汐止區", "tel" : "02-87732988", "store_type" : "連鎖型綠色商店", "source_dataset" : "ntpe_6ccd0274", "store_code" : "F000372"}}, {"type" : "Feature", "geometry" : {"type" : "Point", "coordinates" : [121.638326235878, 25.073287284501]}, "properties" : {"name" : "全家便利商店股份有限公司-汐止日月光店", "address" : "221新北市汐止區康寧街７４７號．７４９號", "city" : "新北市", "district" : "汐止區", "tel" : "02-87732988", "store_type" : "連鎖型綠色商店", "source_dataset" : "ntpe_6ccd0274", "store_code" : "F000332"}}, {"type" : "Feature", "geometry" : {"type" : "Point", "coordinates" : [121.630137141495, 25.077815183417]}, "properties" : {"name" : "全家便利商店股份有限公司-汐止水蓮店", "address" : "221新北市汐止區湖前街１１０巷９７弄２４號Ｂ１之７", "city" : "新北市", "district" : "汐止區", "tel" : "02-87732988", "store_type" : "連鎖型綠色商店", "source_dataset" : "ntpe_6ccd0274", "store_code" : "F000370"}}, {"type" : "Feature", "geometry" : {"type" : "Point", "coordinates" : [121.653803000997, 25.066310984579]}, "properties" : {"name" : "全家便利商店股份有限公司-汐止宏國店", "address" : "221新北市汐止區大同路２段２８３號", "city" : "新北市", "district" : "汐止區", "tel" : "02-87732988", "store_type" : "連鎖型綠色商店", "source_dataset" : "ntpe_6ccd0274", "store_code" : "F000367"}}, {"type" : "Feature", "geometry" : {"type" : "Point", "coordinates" : [121.662391769543, 25.066770815787]}, "properties" : {"name" : "全家便利商店股份有限公司-汐止秀峰店", "address" : "221新北市汐止區忠孝東路２２８號", "city" : "新北市", "district" : "汐止區", "tel" : "02-87732988", "store_type" : "連鎖型綠色商店", "source_dataset" : "ntpe_6ccd0274", "store_code" : "F000412"}}, {"type" : "Feature", "geometry" : {"type" : "Point", "coordinates" : [121.647260338835, 25.060304387035]}, "properties" : {"name" : "全家便利商店股份有限公司-汐止亞太二店", "address" : "221新北市汐止區新臺五路一段８２至１１６號、Ｄ８—２號", "city" : "新北市", "district" : "汐止區", "tel" : "02-87732988", "store_type" : "連鎖型綠色商店", "source_dataset" : "ntpe_6ccd0274", "store_code" : "F000369"}}, {"type" : "Feature", "geometry" : {"type" : "Point", "coordinates" : [121.648487533279, 25.060497799451]}, "properties" : {"name" : "全家便利商店股份有限公司-汐止亞太店", "address" : "221新北市汐止區新臺五路一段９６號Ｃ棟", "city" : "新北市", "district" : "汐止區", "tel" : "02-87732988", "store_type" : "連鎖型綠色商店", "source_dataset" : "ntpe_6ccd0274", "store_code" : "F000355"}}, {"type" : "Feature", "geometry" : {"type" : "Point", "coordinates" : [121.621300997968, 25.041415013858]}, "properties" : {"name" : "全家便利商店股份有限公司-汐止宜興店", "address" : "221新北市汐止區宜興街１２號", "city" : "新北市", "district" : "汐止區", "tel" : "02-87732988", "store_type" : "連鎖型綠色商店", "source_dataset" : "ntpe_6ccd0274", "store_code" : "F000346"}}, {"type" : "Feature", "geometry" : {"type" : "Point", "coordinates" : [121.629334968342, 25.070610020808]}, "properties" : {"name" : "全家便利商店股份有限公司-汐止明峰店", "address" : "221新北市汐止區金龍里明峰街１６０號一樓", "city" : "新北市", "district" : "汐止區", "tel" : "02-87732988", "store_type" : "連鎖型綠色商店", "source_dataset" : "ntpe_6ccd0274", "store_code" : "F000438"}}, {"type" : "Feature", "geometry" : {"type" : "Point", "coordinates" : [121.655870732691, 25.062979010429]}, "properties" : {"name" : "全家便利商店股份有限公司-汐止青山店", "address" : "221新北市汐止區新臺五路一段２１２號；２１２之１號", "city" : "新北市", "district" : "汐止區", "tel" : "02-87732988", "store_type" : "連鎖型綠色商店", "source_dataset" : "ntpe_6ccd0274", "store_code" : "F000303"}}, {"type" : "Feature", "geometry" : {"type" : "Point", "coordinates" : [121.66181802827, 25.073069019743]}, "properties" : {"name" : "全家便利商店股份有限公司-汐止建安店", "address" : "221新北市汐止區建成路５９巷９號．１５號", "city" : "新北市", "district" : "汐止區", "tel" : "02-87732988", "store_type" : "連鎖型綠色商店", "source_dataset" : "ntpe_6ccd0274", "store_code" : "F000879"}}, {"type" : "Feature", "geometry" : {"type" : "Point", "coordinates" : [121.662351345471, 25.073181577902]}, "properties" : {"name" : "全家便利商店股份有限公司-汐止建成店", "address" : "221新北市汐止區建成路５７巷２號、６號１樓", "city" : "新北市", "district" : "汐止區", "tel" : "02-87732988", "store_type" : "連鎖型綠色商店", "source_dataset" : "ntpe_6ccd0274", "store_code" : "F000624"}}, {"type" : "Feature", "geometry" : {"type" : "Point", "coordinates" : [121.667075996132, 25.070478005833]}, "properties" : {"name" : "全家便利商店股份有限公司-汐止茄苳店", "address" : "221新北市汐止區崇德里茄苳路８４號、８６號１樓", "city" : "新北市", "district" : "汐止區", "tel" : "02-87732988", "store_type" : "連鎖型綠色商店", "source_dataset" : "ntpe_6ccd0274", "store_code" : "F000474"}}, {"type" : "Feature", "geometry" : {"type" : "Point", "coordinates" : [121.654763986196, 25.057110001825]}, "properties" : {"name" : "全家便利商店股份有限公司-汐止桂冠店", "address" : "221新北市汐止區水源路二段３４號", "city" : "新北市", "district" : "汐止區", "tel" : "02-87732988", "store_type" : "連鎖型綠色商店", "source_dataset" : "ntpe_6ccd0274", "store_code" : "F000420"}}, {"type" : "Feature", "geometry" : {"type" : "Point", "coordinates" : [121.662987974315, 25.068366981609]}, "properties" : {"name" : "全家便利商店股份有限公司-汐止站前店", "address" : "221新北市汐止區南昌街１６號", "city" : "新北市", "district" : "汐止區", "tel" : "02-87732988", "store_type" : "連鎖型綠色商店", "source_dataset" : "ntpe_6ccd0274", "store_code" : "F000368"}}, {"type" : "Feature", "geometry" : {"type" : "Point", "coordinates" : [121.621257998804, 25.067618016651]}, "properties" : {"name" : "全家便利商店股份有限公司-汐止康湖店", "address" : "221新北市汐止區康寧街１４１巷４１號", "city" : "新北市", "district" : "汐止區", "tel" : "02-87732988", "store_type" : "連鎖型綠色商店", "source_dataset" : "ntpe_6ccd0274", "store_code" : "F000358"}}, {"type" : "Feature", "geometry" : {"type" : "Point", "coordinates" : [121.622717120509, 25.068212293586]}, "properties" : {"name" : "全家便利商店股份有限公司-汐止康寧店", "address" : "221新北市汐止區康寧街１６９巷２３號１樓", "city" : "新北市", "district" : "汐止區", "tel" : "02-87732988", "store_type" : "連鎖型綠色商店", "source_dataset" : "ntpe_6ccd0274", "store_code" : "F000601"}}, {"type" : "Feature", "geometry" : {"type" : "Point", "coordinates" : [121.654450000103, 25.060630987892]}, "properties" : {"name" : "全家便利商店股份有限公司-汐止莊敬店", "address" : "221新北市汐止區莊敬街１３９號", "city" : "新北市", "district" : "汐止區", "tel" : "02-87732988", "store_type" : "連鎖型綠色商店", "source_dataset" : "ntpe_6ccd0274", "store_code" : "F000423"}}, {"type" : "Feature", "geometry" : {"type" : "Point", "coordinates" : [121.66322995986, 25.067496981969]}, "properties" : {"name" : "全家便利商店股份有限公司-汐止新忠孝店", "address" : "221新北市汐止區忠孝東路２５８號", "city" : "新北市", "district" : "汐止區", "tel" : "02-87732988", "store_type" : "連鎖型綠色商店", "source_dataset" : "ntpe_6ccd0274", "store_code" : "F000329"}}, {"type" : "Feature", "geometry" : {"type" : "Point", "coordinates" : [121.656688974079, 25.064620019432]}, "properties" : {"name" : "全家便利商店股份有限公司-汐止新興店", "address" : "221新北市汐止區新興路２１及２３號", "city" : "新北市", "district" : "汐止區", "tel" : "02-87732988", "store_type" : "連鎖型綠色商店", "source_dataset" : "ntpe_6ccd0274", "store_code" : "F000409"}}, {"type" : "Feature", "geometry" : {"type" : "Point", "coordinates" : [121.660929965629, 25.069643000639]}, "properties" : {"name" : "全家便利商店股份有限公司-汐止農會店", "address" : "221新北市汐止區中正路１０６號１樓", "city" : "新北市", "district" : "汐止區", "tel" : "02-87732988", "store_type" : "連鎖型綠色商店", "source_dataset" : "ntpe_6ccd0274", "store_code" : "F000872"}}, {"type" : "Feature", "geometry" : {"type" : "Point", "coordinates" : [121.645768276251, 25.060902016731]}, "properties" : {"name" : "全家便利商店股份有限公司-汐止遠科店", "address" : "221新北市汐止區新臺五路一段７５號Ｂ１", "city" : "新北市", "district" : "汐止區", "tel" : "02-87732988", "store_type" : "連鎖型綠色商店", "source_dataset" : "ntpe_6ccd0274", "store_code" : "F000356"}}, {"type" : "Feature", "geometry" : {"type" : "Point", "coordinates" : [121.64199398907, 25.06485999332]}, "properties" : {"name" : "全家便利商店股份有限公司-汐止樟中店", "address" : "221新北市汐止區樟樹一路１２７號１樓", "city" : "新北市", "district" : "汐止區", "tel" : "02-87732988", "store_type" : "連鎖型綠色商店", "source_dataset" : "ntpe_6ccd0274", "store_code" : "F000829"}}, {"type" : "Feature", "geometry" : {"type" : "Point", "coordinates" : [121.642474020665, 25.066305997347]}, "properties" : {"name" : "全家便利商店股份有限公司-汐止樟福店", "address" : "221新北市汐止區樟樹一路２２０號", "city" : "新北市", "district" : "汐止區", "tel" : "02-87732988", "store_type" : "連鎖型綠色商店", "source_dataset" : "ntpe_6ccd0274", "store_code" : "F000371"}}, {"type" : "Feature", "geometry" : {"type" : "Point", "coordinates" : [121.640971983616, 25.069147001518]}, "properties" : {"name" : "全家便利商店股份有限公司-汐止樟樹店", "address" : "221新北市汐止區樟樹二路２７９號，２８１號一樓", "city" : "新北市", "district" : "汐止區", "tel" : "02-87732988", "store_type" : "連鎖型綠色商店", "source_dataset" : "ntpe_6ccd0274", "store_code" : "F000653"}}, {"type" : "Feature", "geometry" : {"type" : "Point", "coordinates" : [121.641889969652, 25.062284988846]}, "properties" : {"name" : "全家便利商店股份有限公司-汐止樟興店", "address" : "221新北市汐止區樟樹一路１６號，１８號", "city" : "新北市", "district" : "汐止區", "tel" : "02-87732988", "store_type" : "連鎖型綠色商店", "source_dataset" : "ntpe_6ccd0274", "store_code" : "F000768"}}, {"type" : "Feature", "geometry" : {"type" : "Point", "coordinates" : [121.630915460005, 25.06528679983]}, "properties" : {"name" : "全家便利商店股份有限公司-汐止興福店", "address" : "221新北市汐止區福德二路１３４號", "city" : "新北市", "district" : "汐止區", "tel" : "02-87732988", "store_type" : "連鎖型綠色商店", "source_dataset" : "ntpe_6ccd0274", "store_code" : "F000770"}}, {"type" : "Feature", "geometry" : {"type" : "Point", "coordinates" : [121.653714991013, 25.063647006202]}, "properties" : {"name" : "全家便利商店股份有限公司-汐止龍安店", "address" : "221新北市汐止區大同路二段１８４巷１１號", "city" : "新北市", "district" : "汐止區", "tel" : "02-87732988", "store_type" : "連鎖型綠色商店", "source_dataset" : "ntpe_6ccd0274", "store_code" : "F000452"}}, {"type" : "Feature", "geometry" : {"type" : "Point", "coordinates" : [121.400413038861, 25.077093003819]}, "properties" : {"name" : "全家便利商店股份有限公司-林口工六店", "address" : "244新北市林口區東林村工六路７８號", "city" : "新北市", "district" : "林口區", "tel" : "02-29029199", "store_type" : "連鎖型綠色商店", "source_dataset" : "ntpe_6ccd0274", "store_code" : "F000494"}}, {"type" : "Feature", "geometry" : {"type" : "Point", "coordinates" : [121.389415814257, 25.077763095069]}, "properties" : {"name" : "全家便利商店股份有限公司-林口中正店", "address" : "244新北市林口區中正路２６６號", "city" : "新北市", "district" : "林口區", "tel" : "02-29029199", "store_type" : "連鎖型綠色商店", "source_dataset" : "ntpe_6ccd0274", "store_code" : "F000804"}}, {"type" : "Feature", "geometry" : {"type" : "Point", "coordinates" : [121.391746989168, 25.077579992394]}, "properties" : {"name" : "全家便利商店股份有限公司-林口中林店", "address" : "244新北市林口區林口路１號", "city" : "新北市", "district" : "林口區", "tel" : "02-29029199", "store_type" : "連鎖型綠色商店", "source_dataset" : "ntpe_6ccd0274", "store_code" : "F000897"}}, {"type" : "Feature", "geometry" : {"type" : "Point", "coordinates" : [121.388482992253, 25.08176499283]}, "properties" : {"name" : "全家便利商店股份有限公司-林口竹林店", "address" : "244新北市林口區林口路１２６號１Ｆ", "city" : "新北市", "district" : "林口區", "tel" : "02-29029199", "store_type" : "連鎖型綠色商店", "source_dataset" : "ntpe_6ccd0274", "store_code" : "F000725"}}, {"type" : "Feature", "geometry" : {"type" : "Point", "coordinates" : [121.378148273275, 25.068548617451]}, "properties" : {"name" : "全家便利商店股份有限公司-林口忠孝店", "address" : "244新北市林口區忠孝路６０１號", "city" : "新北市", "district" : "林口區", "tel" : "02-29029199", "store_type" : "連鎖型綠色商店", "source_dataset" : "ntpe_6ccd0274", "store_code" : "F000856"}}, {"type" : "Feature", "geometry" : {"type" : "Point", "coordinates" : [121.381331971558, 25.074226979666]}, "properties" : {"name" : "全家便利商店股份有限公司-林口高中店", "address" : "244新北市林口區西林村仁愛路二段１６２號、１６４號１樓", "city" : "新北市", "district" : "林口區", "tel" : "02-29029199", "store_type" : "連鎖型綠色商店", "source_dataset" : "ntpe_6ccd0274", "store_code" : "F000757"}}, {"type" : "Feature", "geometry" : {"type" : "Point", "coordinates" : [121.376298973978, 25.070998102925]}, "properties" : {"name" : "全家便利商店股份有限公司-林口國宅店", "address" : "244新北市林口區麗園一街４巷１號１之４", "city" : "新北市", "district" : "林口區", "tel" : "02-29029199", "store_type" : "連鎖型綠色商店", "source_dataset" : "ntpe_6ccd0274", "store_code" : "F000688"}}, {"type" : "Feature", "geometry" : {"type" : "Point", "coordinates" : [121.392641002961, 25.076270990575]}, "properties" : {"name" : "全家便利商店股份有限公司-林口菁埔店", "address" : "244新北市林口區仁愛路一段２９２號", "city" : "新北市", "district" : "林口區", "tel" : "02-29029199", "store_type" : "連鎖型綠色商店", "source_dataset" : "ntpe_6ccd0274", "store_code" : "F000592"}}, {"type" : "Feature", "geometry" : {"type" : "Point", "coordinates" : [121.37890876335, 25.081250302066]}, "properties" : {"name" : "全家便利商店股份有限公司-林口隆林店", "address" : "244新北市林口區文化二路二段９０．９２號", "city" : "新北市", "district" : "林口區", "tel" : "02-29029199", "store_type" : "連鎖型綠色商店", "source_dataset" : "ntpe_6ccd0274", "store_code" : "F000304"}}, {"type" : "Feature", "geometry" : {"type" : "Point", "coordinates" : [121.366346972699, 25.073865007178]}, "properties" : {"name" : "全家便利商店股份有限公司-林口新林店", "address" : "244新北市林口區忠孝路１２８＆１３０號１樓", "city" : "新北市", "district" : "林口區", "tel" : "02-29029199", "store_type" : "連鎖型綠色商店", "source_dataset" : "ntpe_6ccd0274", "store_code" : "F000427"}}, {"type" : "Feature", "geometry" : {"type" : "Point", "coordinates" : [121.370046996218, 25.076117015014]}, "properties" : {"name" : "全家便利商店股份有限公司-林口新都店", "address" : "244新北市林口區文化三路一段５５７號．５５９號１樓", "city" : "新北市", "district" : "林口區", "tel" : "02-29029199", "store_type" : "連鎖型綠色商店", "source_dataset" : "ntpe_6ccd0274", "store_code" : "F000283"}}, {"type" : "Feature", "geometry" : {"type" : "Point", "coordinates" : [121.395881027633, 25.077297019343]}, "properties" : {"name" : "全家便利商店股份有限公司-林口僑大店", "address" : "244新北市林口區中正路３９號", "city" : "新北市", "district" : "林口區", "tel" : "02-29029199", "store_type" : "連鎖型綠色商店", "source_dataset" : "ntpe_6ccd0274", "store_code" : "F000537"}}, {"type" : "Feature", "geometry" : {"type" : "Point", "coordinates" : [121.399764558351, 25.085863355015]}, "properties" : {"name" : "全家便利商店股份有限公司-林口醒吾店", "address" : "244新北市林口區粉寮路７號", "city" : "新北市", "district" : "林口區", "tel" : "02-29029199", "store_type" : "連鎖型綠色商店", "source_dataset" : "ntpe_6ccd0274", "store_code" : "F000439"}}, {"type" : "Feature", "geometry" : {"type" : "Point", "coordinates" : [121.378725702585, 25.083612280471]}, "properties" : {"name" : "全家便利商店股份有限公司-林口麗林店", "address" : "244新北市林口區中山路５２２號１樓", "city" : "新北市", "district" : "林口區", "tel" : "02-29029199", "store_type" : "連鎖型綠色商店", "source_dataset" : "ntpe_6ccd0274", "store_code" : "F000488"}}, {"type" : "Feature", "geometry" : {"type" : "Point", "coordinates" : [121.479225978944, 25.013749997604]}, "properties" : {"name" : "全家便利商店股份有限公司-板橋三民店", "address" : "220新北市板橋區三民路二段２０３之９號", "city" : "新北市", "district" : "板橋區", "tel" : "02-82571522", "store_type" : "連鎖型綠色商店", "source_dataset" : "ntpe_6ccd0274", "store_code" : "F000457"}}, {"type" : "Feature", "geometry" : {"type" : "Point", "coordinates" : [121.428494007061, 24.991314995564]}, "properties" : {"name" : "全家便利商店股份有限公司-板橋千甲店", "address" : "220新北市板橋區溪北里溪崑二街２６號一樓", "city" : "新北市", "district" : "板橋區", "tel" : "02-29029199", "store_type" : "連鎖型綠色商店", "source_dataset" : "ntpe_6ccd0274", "store_code" : "F000894"}}, {"type" : "Feature", "geometry" : {"type" : "Point", "coordinates" : [121.45307502777, 25.016014997389]}, "properties" : {"name" : "全家便利商店股份有限公司-板橋大仁店", "address" : "220新北市板橋區大仁街１０８之１號", "city" : "新北市", "district" : "板橋區", "tel" : "02-82571522", "store_type" : "連鎖型綠色商店", "source_dataset" : "ntpe_6ccd0274", "store_code" : "F000523"}}, {"type" : "Feature", "geometry" : {"type" : "Point", "coordinates" : [121.448762035672, 25.002761993093]}, "properties" : {"name" : "全家便利商店股份有限公司-板橋大安店", "address" : "220新北市板橋區大觀路二段３７巷３９號１樓", "city" : "新北市", "district" : "板橋區", "tel" : "02-82571522", "store_type" : "連鎖型綠色商店", "source_dataset" : "ntpe_6ccd0274", "store_code" : "F000296"}}, {"type" : "Feature", "geometry" : {"type" : "Point", "coordinates" : [121.456366517328, 25.017001002569]}, "properties" : {"name" : "全家便利商店股份有限公司-板橋大庭店", "address" : "220新北市板橋區中正路１９１號", "city" : "新北市", "district" : "板橋區", "tel" : "02-82571522", "store_type" : "連鎖型綠色商店", "source_dataset" : "ntpe_6ccd0274", "store_code" : "F000458"}}, {"type" : "Feature", "geometry" : {"type" : "Point", "coordinates" : [121.460801969031, 25.001858004835]}, "properties" : {"name" : "全家便利商店股份有限公司-板橋大隆店", "address" : "220新北市板橋區福星里忠孝路５０號一樓", "city" : "新北市", "district" : "板橋區", "tel" : "02-82571522", "store_type" : "連鎖型綠色商店", "source_dataset" : "ntpe_6ccd0274", "store_code" : "F000817"}}, {"type" : "Feature", "geometry" : {"type" : "Point", "coordinates" : [121.472008992672, 25.022316009282]}, "properties" : {"name" : "全家便利商店股份有限公司-板橋大萬店", "address" : "220新北市板橋區萬板路３２號１樓", "city" : "新北市", "district" : "板橋區", "tel" : "02-82571522", "store_type" : "連鎖型綠色商店", "source_dataset" : "ntpe_6ccd0274", "store_code" : "F000333"}}, {"type" : "Feature", "geometry" : {"type" : "Point", "coordinates" : [121.462970032107, 24.999466019217]}, "properties" : {"name" : "全家便利商店股份有限公司-板橋大豐店", "address" : "220新北市板橋區重慶路２７８之１號", "city" : "新北市", "district" : "板橋區", "tel" : "02-82571522", "store_type" : "連鎖型綠色商店", "source_dataset" : "ntpe_6ccd0274", "store_code" : "F000422"}}, {"type" : "Feature", "geometry" : {"type" : "Point", "coordinates" : [121.45417096161, 25.009339984976]}, "properties" : {"name" : "全家便利商店股份有限公司-板橋中勝店", "address" : "220新北市板橋區林園街２號", "city" : "新北市", "district" : "板橋區", "tel" : "02-82571522", "store_type" : "連鎖型綠色商店", "source_dataset" : "ntpe_6ccd0274", "store_code" : "F000827"}}, {"type" : "Feature", "geometry" : {"type" : "Point", "coordinates" : [121.467643613679, 25.020115592061]}, "properties" : {"name" : "全家便利商店股份有限公司-板橋介壽店", "address" : "220新北市板橋區介壽里介壽街２０號１樓", "city" : "新北市", "district" : "板橋區", "tel" : "02-82571522", "store_type" : "連鎖型綠色商店", "source_dataset" : "ntpe_6ccd0274", "store_code" : "F000288"}}, {"type" : "Feature", "geometry" : {"type" : "Point", "coordinates" : [121.432467029166, 24.990204980127]}, "properties" : {"name" : "全家便利商店股份有限公司-板橋公園店", "address" : "220新北市板橋區金門街２０６＆２０８號１樓", "city" : "新北市", "district" : "板橋區", "tel" : "02-29029199", "store_type" : "連鎖型綠色商店", "source_dataset" : "ntpe_6ccd0274", "store_code" : "F000857"}}, {"type" : "Feature", "geometry" : {"type" : "Point", "coordinates" : [121.467187973423, 25.021160019106]}, "properties" : {"name" : "全家便利商店股份有限公司-板橋文化店", "address" : "220新北市板橋區文化路一段２８０號", "city" : "新北市", "district" : "板橋區", "tel" : "02-82571522", "store_type" : "連鎖型綠色商店", "source_dataset" : "ntpe_6ccd0274", "store_code" : "F000760"}}, {"type" : "Feature", "geometry" : {"type" : "Point", "coordinates" : [121.469129976569, 25.022076999313]}, "properties" : {"name" : "全家便利商店股份有限公司-板橋文生店", "address" : "220新北市板橋區華江里民生路二段２２８號一樓", "city" : "新北市", "district" : "板橋區", "tel" : "02-82571522", "store_type" : "連鎖型綠色商店", "source_dataset" : "ntpe_6ccd0274", "store_code" : "F000643"}}, {"type" : "Feature", "geometry" : {"type" : "Point", "coordinates" : [121.478776960391, 25.027877988772]}, "properties" : {"name" : "全家便利商店股份有限公司-板橋文聖店", "address" : "220新北市板橋區文聖街１５７號", "city" : "新北市", "district" : "板橋區", "tel" : "02-82571522", "store_type" : "連鎖型綠色商店", "source_dataset" : "ntpe_6ccd0274", "store_code" : "F000687"}}, {"type" : "Feature", "geometry" : {"type" : "Point", "coordinates" : [121.464429321449, 25.026681220637]}, "properties" : {"name" : "全家便利商店股份有限公司-板橋四維店", "address" : "220新北市板橋區四維路１８０號", "city" : "新北市", "district" : "板橋區", "tel" : "02-82571522", "store_type" : "連鎖型綠色商店", "source_dataset" : "ntpe_6ccd0274", "store_code" : "F000876"}}, {"type" : "Feature", "geometry" : {"type" : "Point", "coordinates" : [121.454348574138, 25.0213189819]}, "properties" : {"name" : "全家便利商店股份有限公司-板橋正光店", "address" : "220新北市板橋區中正路３７７之１號，３７７之２號", "city" : "新北市", "district" : "板橋區", "tel" : "02-82571522", "store_type" : "連鎖型綠色商店", "source_dataset" : "ntpe_6ccd0274", "store_code" : "F000837"}}, {"type" : "Feature", "geometry" : {"type" : "Point", "coordinates" : [121.477222033533, 25.013639985124]}, "properties" : {"name" : "全家便利商店股份有限公司-板橋正隆店", "address" : "220新北市板橋區正泰里三民路二段正隆巷３４號一樓", "city" : "新北市", "district" : "板橋區", "tel" : "02-82571522", "store_type" : "連鎖型綠色商店", "source_dataset" : "ntpe_6ccd0274", "store_code" : "F000443"}}, {"type" : "Feature", "geometry" : {"type" : "Point", "coordinates" : [121.467766995294, 25.024654015445]}, "properties" : {"name" : "全家便利商店股份有限公司-板橋民生店", "address" : "220新北市板橋區民生路三段２４號，２６號．２８號一樓", "city" : "新北市", "district" : "板橋區", "tel" : "02-82571522", "store_type" : "連鎖型綠色商店", "source_dataset" : "ntpe_6ccd0274", "store_code" : "F000590"}}, {"type" : "Feature", "geometry" : {"type" : "Point", "coordinates" : [121.465209006083, 25.008880991958]}, "properties" : {"name" : "全家便利商店股份有限公司-板橋民族店", "address" : "220新北市板橋區民族路６１號", "city" : "新北市", "district" : "板橋區", "tel" : "02-82571522", "store_type" : "連鎖型綠色商店", "source_dataset" : "ntpe_6ccd0274", "store_code" : "F000780"}}, {"type" : "Feature", "geometry" : {"type" : "Point", "coordinates" : [121.458976977253, 25.013898902113]}, "properties" : {"name" : "全家便利商店股份有限公司-板橋民權店", "address" : "220新北市板橋區民權路２０４號", "city" : "新北市", "district" : "板橋區", "tel" : "02-82571522", "store_type" : "連鎖型綠色商店", "source_dataset" : "ntpe_6ccd0274", "store_code" : "F000326"}}, {"type" : "Feature", "geometry" : {"type" : "Point", "coordinates" : [121.467540013356, 25.025905014493]}, "properties" : {"name" : "全家便利商店股份有限公司-板橋永炘店", "address" : "220新北市板橋區光武街３４號", "city" : "新北市", "district" : "板橋區", "tel" : "02-82571522", "store_type" : "連鎖型綠色商店", "source_dataset" : "ntpe_6ccd0274", "store_code" : "F000611"}}, {"type" : "Feature", "geometry" : {"type" : "Point", "coordinates" : [121.472381735906, 25.015195917811]}, "properties" : {"name" : "全家便利商店股份有限公司-板橋光仁店", "address" : "220新北市板橋區中山路二段２３號", "city" : "新北市", "district" : "板橋區", "tel" : "02-82571522", "store_type" : "連鎖型綠色商店", "source_dataset" : "ntpe_6ccd0274", "store_code" : "F000534"}}, {"type" : "Feature", "geometry" : {"type" : "Point", "coordinates" : [121.470506033614, 25.02436098411]}, "properties" : {"name" : "全家便利商店股份有限公司-板橋光芒店", "address" : "220新北市板橋區莒光路４２號", "city" : "新北市", "district" : "板橋區", "tel" : "02-82571522", "store_type" : "連鎖型綠色商店", "source_dataset" : "ntpe_6ccd0274", "store_code" : "F000281"}}, {"type" : "Feature", "geometry" : {"type" : "Point", "coordinates" : [121.482629031633, 25.021129006064]}, "properties" : {"name" : "全家便利商店股份有限公司-板橋光復店", "address" : "220新北市板橋區中山路二段５０３號１樓", "city" : "新北市", "district" : "板橋區", "tel" : "02-82571522", "store_type" : "連鎖型綠色商店", "source_dataset" : "ntpe_6ccd0274", "store_code" : "F000497"}}, {"type" : "Feature", "geometry" : {"type" : "Point", "coordinates" : [121.454065014354, 25.011353988671]}, "properties" : {"name" : "全家便利商店股份有限公司-板橋光華店", "address" : "220新北市板橋區光華街３號", "city" : "新北市", "district" : "板橋區", "tel" : "02-82571522", "store_type" : "連鎖型綠色商店", "source_dataset" : "ntpe_6ccd0274", "store_code" : "F000878"}}, {"type" : "Feature", "geometry" : {"type" : "Point", "coordinates" : [121.455810964785, 25.005745992533]}, "properties" : {"name" : "全家便利商店股份有限公司-板橋再興店", "address" : "220新北市板橋區南雅南路一段７號１樓", "city" : "新北市", "district" : "板橋區", "tel" : "02-82571522", "store_type" : "連鎖型綠色商店", "source_dataset" : "ntpe_6ccd0274", "store_code" : "F000350"}}, {"type" : "Feature", "geometry" : {"type" : "Point", "coordinates" : [121.478881985638, 25.030989015955]}, "properties" : {"name" : "全家便利商店股份有限公司-板橋江翠店", "address" : "220新北市板橋區懷德街１２７巷１，３號１Ｆ", "city" : "新北市", "district" : "板橋區", "tel" : "02-82571522", "store_type" : "連鎖型綠色商店", "source_dataset" : "ntpe_6ccd0274", "store_code" : "F000806"}}, {"type" : "Feature", "geometry" : {"type" : "Point", "coordinates" : [121.451673992654, 25.013832014526]}, "properties" : {"name" : "全家便利商店股份有限公司-板橋西華店", "address" : "220新北市板橋區南雅西路二段１７０號", "city" : "新北市", "district" : "板橋區", "tel" : "02-82571522", "store_type" : "連鎖型綠色商店", "source_dataset" : "ntpe_6ccd0274", "store_code" : "F000909"}}, {"type" : "Feature", "geometry" : {"type" : "Point", "coordinates" : [121.455502007834, 25.005569008647]}, "properties" : {"name" : "全家便利商店股份有限公司-板橋佑昇店", "address" : "220新北市板橋區湳興里南雅南路一段６０號一樓", "city" : "新北市", "district" : "板橋區", "tel" : "02-82571522", "store_type" : "連鎖型綠色商店", "source_dataset" : "ntpe_6ccd0274", "store_code" : "F000619"}}, {"type" : "Feature", "geometry" : {"type" : "Point", "coordinates" : [121.456270963632, 25.021275982736]}, "properties" : {"name" : "全家便利商店股份有限公司-板橋甫華店", "address" : "220新北市板橋區新生街２７號１樓", "city" : "新北市", "district" : "板橋區", "tel" : "02-82571522", "store_type" : "連鎖型綠色商店", "source_dataset" : "ntpe_6ccd0274", "store_code" : "F000260"}}, {"type" : "Feature", "geometry" : {"type" : "Point", "coordinates" : [121.454058979384, 24.994785983579]}, "properties" : {"name" : "全家便利商店股份有限公司-板橋亞東店", "address" : "220新北市板橋區四川路二段４７巷４弄２號", "city" : "新北市", "district" : "板橋區", "tel" : "02-82571522", "store_type" : "連鎖型綠色商店", "source_dataset" : "ntpe_6ccd0274", "store_code" : "F000257"}}, {"type" : "Feature", "geometry" : {"type" : "Point", "coordinates" : [121.469830033122, 25.011730000848]}, "properties" : {"name" : "全家便利商店股份有限公司-板橋東昇店", "address" : "220新北市板橋區漢生東路１８９號", "city" : "新北市", "district" : "板橋區", "tel" : "02-82571522", "store_type" : "連鎖型綠色商店", "source_dataset" : "ntpe_6ccd0274", "store_code" : "F000441"}}, {"type" : "Feature", "geometry" : {"type" : "Point", "coordinates" : [121.479274091068, 25.0148756872]}, "properties" : {"name" : "全家便利商店股份有限公司-板橋板三店", "address" : "220新北市板橋區三民路二段１５５號１樓", "city" : "新北市", "district" : "板橋區", "tel" : "02-82571522", "store_type" : "連鎖型綠色商店", "source_dataset" : "ntpe_6ccd0274", "store_code" : "F000380"}}, {"type" : "Feature", "geometry" : {"type" : "Point", "coordinates" : [121.471226961106, 25.029144997256]}, "properties" : {"name" : "全家便利商店股份有限公司-板橋板文店", "address" : "220新北市板橋區文化路二段２６１號１樓", "city" : "新北市", "district" : "板橋區", "tel" : "02-82571522", "store_type" : "連鎖型綠色商店", "source_dataset" : "ntpe_6ccd0274", "store_code" : "F000375"}}, {"type" : "Feature", "geometry" : {"type" : "Point", "coordinates" : [121.463939985942, 25.01069529681]}, "properties" : {"name" : "全家便利商店股份有限公司-板橋板民店", "address" : "220新北市板橋區新民街３９號１樓", "city" : "新北市", "district" : "板橋區", "tel" : "02-82571522", "store_type" : "連鎖型綠色商店", "source_dataset" : "ntpe_6ccd0274", "store_code" : "F000359"}}, {"type" : "Feature", "geometry" : {"type" : "Point", "coordinates" : [121.472914992586, 25.013969016734]}, "properties" : {"name" : "全家便利商店股份有限公司-板橋板長店", "address" : "220新北市板橋區板新路９７＆９９號１樓", "city" : "新北市", "district" : "板橋區", "tel" : "02-82571522", "store_type" : "連鎖型綠色商店", "source_dataset" : "ntpe_6ccd0274", "store_code" : "F000354"}}, {"type" : "Feature", "geometry" : {"type" : "Point", "coordinates" : [121.458824771765, 25.008811607683]}, "properties" : {"name" : "全家便利商店股份有限公司-板橋板農店", "address" : "220新北市板橋區府中路２９—１號１樓", "city" : "新北市", "district" : "板橋區", "tel" : "02-82571522", "store_type" : "連鎖型綠色商店", "source_dataset" : "ntpe_6ccd0274", "store_code" : "F000307"}}, {"type" : "Feature", "geometry" : {"type" : "Point", "coordinates" : [121.462578010495, 25.03001298524]}, "properties" : {"name" : "全家便利商店股份有限公司-板橋板維店", "address" : "220新北市板橋區四維路３１４號１樓", "city" : "新北市", "district" : "板橋區", "tel" : "02-82571522", "store_type" : "連鎖型綠色商店", "source_dataset" : "ntpe_6ccd0274", "store_code" : "F000365"}}, {"type" : "Feature", "geometry" : {"type" : "Point", "coordinates" : [121.474217037425, 25.029750003028]}, "properties" : {"name" : "全家便利商店股份有限公司-板橋松柏店", "address" : "220新北市板橋區松柏街１３號", "city" : "新北市", "district" : "板橋區", "tel" : "02-82571522", "store_type" : "連鎖型綠色商店", "source_dataset" : "ntpe_6ccd0274", "store_code" : "F000460"}}, {"type" : "Feature", "geometry" : {"type" : "Point", "coordinates" : [121.430109032164, 24.986480020446]}, "properties" : {"name" : "全家便利商店股份有限公司-板橋金門店", "address" : "220新北市板橋區金門街２９９號", "city" : "新北市", "district" : "板橋區", "tel" : "02-29029199", "store_type" : "連鎖型綠色商店", "source_dataset" : "ntpe_6ccd0274", "store_code" : "F000682"}}, {"type" : "Feature", "geometry" : {"type" : "Point", "coordinates" : [121.426983001375, 24.983842989888]}, "properties" : {"name" : "全家便利商店股份有限公司-板橋金鑫店", "address" : "220新北市板橋區金門街３７６號１樓", "city" : "新北市", "district" : "板橋區", "tel" : "02-29029199", "store_type" : "連鎖型綠色商店", "source_dataset" : "ntpe_6ccd0274", "store_code" : "F000473"}}, {"type" : "Feature", "geometry" : {"type" : "Point", "coordinates" : [121.433467996043, 24.994094015562]}, "properties" : {"name" : "全家便利商店股份有限公司-板橋金鑽店", "address" : "220新北市板橋區成和里金門街２９號", "city" : "新北市", "district" : "板橋區", "tel" : "02-29029199", "store_type" : "連鎖型綠色商店", "source_dataset" : "ntpe_6ccd0274", "store_code" : "F000731"}}, {"type" : "Feature", "geometry" : {"type" : "Point", "coordinates" : [121.474574022682, 25.012094990822]}, "properties" : {"name" : "全家便利商店股份有限公司-板橋長安店", "address" : "220新北市板橋區長安街２１０號", "city" : "新北市", "district" : "板橋區", "tel" : "02-82571522", "store_type" : "連鎖型綠色商店", "source_dataset" : "ntpe_6ccd0274", "store_code" : "F000912"}}, {"type" : "Feature", "geometry" : {"type" : "Point", "coordinates" : [121.459692037413, 25.029596991385]}, "properties" : {"name" : "全家便利商店股份有限公司-板橋長江店", "address" : "220新北市板橋區長江路一段１０８號１樓", "city" : "新北市", "district" : "板橋區", "tel" : "02-82571522", "store_type" : "連鎖型綠色商店", "source_dataset" : "ntpe_6ccd0274", "store_code" : "F000496"}}, {"type" : "Feature", "geometry" : {"type" : "Point", "coordinates" : [121.471608002424, 25.012329013558]}, "properties" : {"name" : "全家便利商店股份有限公司-板橋長東店", "address" : "220新北市板橋區長安街３３１巷１０９號，１１１號", "city" : "新北市", "district" : "板橋區", "tel" : "02-82571522", "store_type" : "連鎖型綠色商店", "source_dataset" : "ntpe_6ccd0274", "store_code" : "F000270"}}, {"type" : "Feature", "geometry" : {"type" : "Point", "coordinates" : [121.479424378592, 25.01663131873]}, "properties" : {"name" : "全家便利商店股份有限公司-板橋長壽店", "address" : "220新北市板橋區三民路二段８３號", "city" : "新北市", "district" : "板橋區", "tel" : "02-82571522", "store_type" : "連鎖型綠色商店", "source_dataset" : "ntpe_6ccd0274", "store_code" : "F000279"}}, {"type" : "Feature", "geometry" : {"type" : "Point", "coordinates" : [121.457311996006, 24.993377991483]}, "properties" : {"name" : "全家便利商店股份有限公司-板橋信陽店", "address" : "220新北市板橋區信義里信義路７２號一樓", "city" : "新北市", "district" : "板橋區", "tel" : "02-82571522", "store_type" : "連鎖型綠色商店", "source_dataset" : "ntpe_6ccd0274", "store_code" : "F000671"}}, {"type" : "Feature", "geometry" : {"type" : "Point", "coordinates" : [121.451470982959, 24.992883710653]}, "properties" : {"name" : "全家便利商店股份有限公司-板橋帝國店", "address" : "220新北市板橋區四川路二段２４５巷３號１樓", "city" : "新北市", "district" : "板橋區", "tel" : "02-82571522", "store_type" : "連鎖型綠色商店", "source_dataset" : "ntpe_6ccd0274", "store_code" : "F000916"}}, {"type" : "Feature", "geometry" : {"type" : "Point", "coordinates" : [121.456695168347, 25.018611347096]}, "properties" : {"name" : "全家便利商店股份有限公司-板橋美庭店", "address" : "220新北市板橋區中正路２１６巷２１號、２３號１樓", "city" : "新北市", "district" : "板橋區", "tel" : "02-82571522", "store_type" : "連鎖型綠色商店", "source_dataset" : "ntpe_6ccd0274", "store_code" : "F000467"}}, {"type" : "Feature", "geometry" : {"type" : "Point", "coordinates" : [121.443271972911, 25.001895010938]}, "properties" : {"name" : "全家便利商店股份有限公司-板橋美堤店", "address" : "220新北市板橋區龍興街７１巷１號１樓", "city" : "新北市", "district" : "板橋區", "tel" : "02-82571522", "store_type" : "連鎖型綠色商店", "source_dataset" : "ntpe_6ccd0274", "store_code" : "F000602"}}, {"type" : "Feature", "geometry" : {"type" : "Point", "coordinates" : [121.466116430921, 25.020402295059]}, "properties" : {"name" : "全家便利商店股份有限公司-板橋致理店", "address" : "220新北市板橋區文化路一段３１５號１樓", "city" : "新北市", "district" : "板橋區", "tel" : "02-82571522", "store_type" : "連鎖型綠色商店", "source_dataset" : "ntpe_6ccd0274", "store_code" : "F000854"}}, {"type" : "Feature", "geometry" : {"type" : "Point", "coordinates" : [121.461928999732, 25.007062999069]}, "properties" : {"name" : "全家便利商店股份有限公司-板橋重慶店", "address" : "220新北市板橋區重慶路６７號", "city" : "新北市", "district" : "板橋區", "tel" : "02-82571522", "store_type" : "連鎖型綠色商店", "source_dataset" : "ntpe_6ccd0274", "store_code" : "F000258"}}, {"type" : "Feature", "geometry" : {"type" : "Point", "coordinates" : [121.467122621679, 25.023962590652]}, "properties" : {"name" : "全家便利商店股份有限公司-板橋首富店", "address" : "220新北市板橋區新埔里民生路三段２３號１樓", "city" : "新北市", "district" : "板橋區", "tel" : "02-82571522", "store_type" : "連鎖型綠色商店", "source_dataset" : "ntpe_6ccd0274", "store_code" : "F000546"}}, {"type" : "Feature", "geometry" : {"type" : "Point", "coordinates" : [121.481767036711, 25.023314000584]}, "properties" : {"name" : "全家便利商店股份有限公司-板橋振興店", "address" : "220新北市板橋區三民路一段３１巷８９弄３號", "city" : "新北市", "district" : "板橋區", "tel" : "02-82571522", "store_type" : "連鎖型綠色商店", "source_dataset" : "ntpe_6ccd0274", "store_code" : "F000716"}}, {"type" : "Feature", "geometry" : {"type" : "Point", "coordinates" : [121.4740773111, 25.01948979917]}, "properties" : {"name" : "全家便利商店股份有限公司-板橋偉豐店", "address" : "220新北市板橋區永豐街１０９號１樓", "city" : "新北市", "district" : "板橋區", "tel" : "02-82571522", "store_type" : "連鎖型綠色商店", "source_dataset" : "ntpe_6ccd0274", "store_code" : "F000805"}}, {"type" : "Feature", "geometry" : {"type" : "Point", "coordinates" : [121.464362421273, 25.003017258923]}, "properties" : {"name" : "全家便利商店股份有限公司-板橋國民店", "address" : "220新北市板橋區實踐路１３２號１樓", "city" : "新北市", "district" : "板橋區", "tel" : "02-82571522", "store_type" : "連鎖型綠色商店", "source_dataset" : "ntpe_6ccd0274", "store_code" : "F000261"}}, {"type" : "Feature", "geometry" : {"type" : "Point", "coordinates" : [121.429239074434, 24.987457517994]}, "properties" : {"name" : "全家便利商店股份有限公司-板橋堂春店", "address" : "220新北市板橋區篤行路三段１號１樓", "city" : "新北市", "district" : "板橋區", "tel" : "02-29029199", "store_type" : "連鎖型綠色商店", "source_dataset" : "ntpe_6ccd0274", "store_code" : "F000465"}}, {"type" : "Feature", "geometry" : {"type" : "Point", "coordinates" : [121.431751969006, 24.99406300252]}, "properties" : {"name" : "全家便利商店股份有限公司-板橋崑崙店", "address" : "220新北市板橋區篤行路一段３０號１樓", "city" : "新北市", "district" : "板橋區", "tel" : "02-29029199", "store_type" : "連鎖型綠色商店", "source_dataset" : "ntpe_6ccd0274", "store_code" : "F000402"}}, {"type" : "Feature", "geometry" : {"type" : "Point", "coordinates" : [121.474308986903, 25.02252999927]}, "properties" : {"name" : "全家便利商店股份有限公司-板橋莒光店", "address" : "220新北市板橋區莒光路２２５，２２７號", "city" : "新北市", "district" : "板橋區", "tel" : "02-82571522", "store_type" : "連鎖型綠色商店", "source_dataset" : "ntpe_6ccd0274", "store_code" : "F000777"}}, {"type" : "Feature", "geometry" : {"type" : "Point", "coordinates" : [121.472924967051, 25.024170002446]}, "properties" : {"name" : "全家便利商店股份有限公司-板橋莒安店", "address" : "220新北市板橋區莒光路１３１號", "city" : "新北市", "district" : "板橋區", "tel" : "02-82571522", "store_type" : "連鎖型綠色商店", "source_dataset" : "ntpe_6ccd0274", "store_code" : "F000451"}}, {"type" : "Feature", "geometry" : {"type" : "Point", "coordinates" : [121.475234013738, 25.031652988415]}, "properties" : {"name" : "全家便利商店股份有限公司-板橋勝文店", "address" : "220新北市板橋區仁化街４６號１樓", "city" : "新北市", "district" : "板橋區", "tel" : "02-82571522", "store_type" : "連鎖型綠色商店", "source_dataset" : "ntpe_6ccd0274", "store_code" : "F000900"}}, {"type" : "Feature", "geometry" : {"type" : "Point", "coordinates" : [121.479226398039, 25.02165308456]}, "properties" : {"name" : "全家便利商店股份有限公司-板橋富山店", "address" : "220新北市板橋區三民路一段９４號，９６號", "city" : "新北市", "district" : "板橋區", "tel" : "02-82571522", "store_type" : "連鎖型綠色商店", "source_dataset" : "ntpe_6ccd0274", "store_code" : "F000450"}}, {"type" : "Feature", "geometry" : {"type" : "Point", "coordinates" : [121.464383723896, 25.031464395594]}, "properties" : {"name" : "全家便利商店股份有限公司-板橋富華店", "address" : "220新北市板橋區長江路二段４７號１樓", "city" : "新北市", "district" : "板橋區", "tel" : "02-82571522", "store_type" : "連鎖型綠色商店", "source_dataset" : "ntpe_6ccd0274", "store_code" : "F000583"}}, {"type" : "Feature", "geometry" : {"type" : "Point", "coordinates" : [121.457707035103, 25.028438989552]}, "properties" : {"name" : "全家便利商店股份有限公司-板橋富貴店", "address" : "220新北市板橋區新海路４６２，４６４，４６６號１樓", "city" : "新北市", "district" : "板橋區", "tel" : "02-82571522", "store_type" : "連鎖型綠色商店", "source_dataset" : "ntpe_6ccd0274", "store_code" : "F000617"}}, {"type" : "Feature", "geometry" : {"type" : "Point", "coordinates" : [121.461081002588, 25.0178189925]}, "properties" : {"name" : "全家便利商店股份有限公司-板橋富陽店", "address" : "220新北市板橋區漢生里復興街１３０號一樓", "city" : "新北市", "district" : "板橋區", "tel" : "02-82571522", "store_type" : "連鎖型綠色商店", "source_dataset" : "ntpe_6ccd0274", "store_code" : "F000727"}}, {"type" : "Feature", "geometry" : {"type" : "Point", "coordinates" : [121.470927391886, 25.031575581539]}, "properties" : {"name" : "全家便利商店股份有限公司-板橋華江店", "address" : "220新北市板橋區雙十路三段５４號", "city" : "新北市", "district" : "板橋區", "tel" : "02-82571522", "store_type" : "連鎖型綠色商店", "source_dataset" : "ntpe_6ccd0274", "store_code" : "F000733"}}, {"type" : "Feature", "geometry" : {"type" : "Point", "coordinates" : [121.464426974517, 25.023066985897]}, "properties" : {"name" : "全家便利商店股份有限公司-板橋華陽店", "address" : "220新北市板橋區陽明里陽明街９０號一樓", "city" : "新北市", "district" : "板橋區", "tel" : "02-82571522", "store_type" : "連鎖型綠色商店", "source_dataset" : "ntpe_6ccd0274", "store_code" : "F000382"}}, {"type" : "Feature", "geometry" : {"type" : "Point", "coordinates" : [121.458003000104, 25.004599012902]}, "properties" : {"name" : "全家便利商店股份有限公司-板橋華興店", "address" : "220新北市板橋區華興街４１．４３號", "city" : "新北市", "district" : "板橋區", "tel" : "02-82571522", "store_type" : "連鎖型綠色商店", "source_dataset" : "ntpe_6ccd0274", "store_code" : "F000726"}}, {"type" : "Feature", "geometry" : {"type" : "Point", "coordinates" : [121.45841798813, 24.999617983121]}, "properties" : {"name" : "全家便利商店股份有限公司-板橋愛買店", "address" : "220新北市板橋區四川路一段３６７號", "city" : "新北市", "district" : "板橋區", "tel" : "02-82571522", "store_type" : "連鎖型綠色商店", "source_dataset" : "ntpe_6ccd0274", "store_code" : "F000730"}}, {"type" : "Feature", "geometry" : {"type" : "Point", "coordinates" : [121.466747001497, 25.018968319064]}, "properties" : {"name" : "全家便利商店股份有限公司-板橋新民店", "address" : "220新北市板橋區文化路一段１８８巷４２號１樓", "city" : "新北市", "district" : "板橋區", "tel" : "02-82571522", "store_type" : "連鎖型綠色商店", "source_dataset" : "ntpe_6ccd0274", "store_code" : "F000398"}}, {"type" : "Feature", "geometry" : {"type" : "Point", "coordinates" : [121.460502986545, 25.024092008837]}, "properties" : {"name" : "全家便利商店股份有限公司-板橋新農店", "address" : "220新北市板橋區新海路３２８，３３０號１樓", "city" : "新北市", "district" : "板橋區", "tel" : "02-82571522", "store_type" : "連鎖型綠色商店", "source_dataset" : "ntpe_6ccd0274", "store_code" : "F000448"}}, {"type" : "Feature", "geometry" : {"type" : "Point", "coordinates" : [121.425790005096, 24.987758009223]}, "properties" : {"name" : "全家便利商店股份有限公司-板橋溪崑店", "address" : "220新北市板橋區溪崑二街１３４、１３６、１３８號１樓", "city" : "新北市", "district" : "板橋區", "tel" : "02-29029199", "store_type" : "連鎖型綠色商店", "source_dataset" : "ntpe_6ccd0274", "store_code" : "F000708"}}, {"type" : "Feature", "geometry" : {"type" : "Point", "coordinates" : [121.461732025008, 25.028883984792]}, "properties" : {"name" : "全家便利商店股份有限公司-板橋裕民店", "address" : "220新北市板橋區裕民街４４號１樓", "city" : "新北市", "district" : "板橋區", "tel" : "02-82571522", "store_type" : "連鎖型綠色商店", "source_dataset" : "ntpe_6ccd0274", "store_code" : "F000385"}}, {"type" : "Feature", "geometry" : {"type" : "Point", "coordinates" : [121.460243985737, 25.027905984329]}, "properties" : {"name" : "全家便利商店股份有限公司-板橋裕盛店", "address" : "220新北市板橋區裕民街９５號", "city" : "新北市", "district" : "板橋區", "tel" : "02-82571522", "store_type" : "連鎖型綠色商店", "source_dataset" : "ntpe_6ccd0274", "store_code" : "F000799"}}, {"type" : "Feature", "geometry" : {"type" : "Point", "coordinates" : [121.467429036958, 25.009159983606]}, "properties" : {"name" : "全家便利商店股份有限公司-板橋運山店", "address" : "220新北市板橋區海山路３３號", "city" : "新北市", "district" : "板橋區", "tel" : "02-82571522", "store_type" : "連鎖型綠色商店", "source_dataset" : "ntpe_6ccd0274", "store_code" : "F000259"}}, {"type" : "Feature", "geometry" : {"type" : "Point", "coordinates" : [121.446744008663, 25.011812981689]}, "properties" : {"name" : "全家便利商店股份有限公司-板橋僑中店", "address" : "220新北市板橋區僑中一街１００號１樓", "city" : "新北市", "district" : "板橋區", "tel" : "02-82571522", "store_type" : "連鎖型綠色商店", "source_dataset" : "ntpe_6ccd0274", "store_code" : "F000461"}}, {"type" : "Feature", "geometry" : {"type" : "Point", "coordinates" : [121.481408961807, 25.01843799605]}, "properties" : {"name" : "全家便利商店股份有限公司-板橋福樂店", "address" : "220新北市板橋區三民路二段２１巷８號１樓", "city" : "新北市", "district" : "板橋區", "tel" : "02-82571522", "store_type" : "連鎖型綠色商店", "source_dataset" : "ntpe_6ccd0274", "store_code" : "F000853"}}, {"type" : "Feature", "geometry" : {"type" : "Point", "coordinates" : [121.462741960521, 24.992131015748]}, "properties" : {"name" : "全家便利商店股份有限公司-板橋廣和店", "address" : "220新北市板橋區廣福里廣和街７９號１樓", "city" : "新北市", "district" : "板橋區", "tel" : "02-82571522", "store_type" : "連鎖型綠色商店", "source_dataset" : "ntpe_6ccd0274", "store_code" : "F000677"}}, {"type" : "Feature", "geometry" : {"type" : "Point", "coordinates" : [121.475938931795, 25.012017500127]}, "properties" : {"name" : "全家便利商店股份有限公司-板橋廣隆店", "address" : "220新北市板橋區民生路一段３３號１樓", "city" : "新北市", "district" : "板橋區", "tel" : "02-82571522", "store_type" : "連鎖型綠色商店", "source_dataset" : "ntpe_6ccd0274", "store_code" : "F000885"}}, {"type" : "Feature", "geometry" : {"type" : "Point", "coordinates" : [121.445524022656, 25.006548014938]}, "properties" : {"name" : "全家便利商店股份有限公司-板橋橋興店", "address" : "220新北市板橋區僑中二街１１６巷２號", "city" : "新北市", "district" : "板橋區", "tel" : "02-82571522", "store_type" : "連鎖型綠色商店", "source_dataset" : "ntpe_6ccd0274", "store_code" : "F000841"}}, {"type" : "Feature", "geometry" : {"type" : "Point", "coordinates" : [121.431609895747, 24.99137421371]}, "properties" : {"name" : "全家便利商店股份有限公司-板橋篤行店", "address" : "220新北市板橋區篤行路二段１０３，１０５號１樓", "city" : "新北市", "district" : "板橋區", "tel" : "02-29029199", "store_type" : "連鎖型綠色商店", "source_dataset" : "ntpe_6ccd0274", "store_code" : "F000273"}}, {"type" : "Feature", "geometry" : {"type" : "Point", "coordinates" : [121.456341958352, 25.008046992593]}, "properties" : {"name" : "全家便利商店股份有限公司-板橋館欣店", "address" : "220新北市板橋區館前西路１３８號", "city" : "新北市", "district" : "板橋區", "tel" : "02-82571522", "store_type" : "連鎖型綠色商店", "source_dataset" : "ntpe_6ccd0274", "store_code" : "F000277"}}, {"type" : "Feature", "geometry" : {"type" : "Point", "coordinates" : [121.462971037935, 25.007540683731]}, "properties" : {"name" : "全家便利商店股份有限公司-板橋館前店", "address" : "220新北市板橋區館前東路１０６號", "city" : "新北市", "district" : "板橋區", "tel" : "02-82571522", "store_type" : "連鎖型綠色商店", "source_dataset" : "ntpe_6ccd0274", "store_code" : "F000665"}}, {"type" : "Feature", "geometry" : {"type" : "Point", "coordinates" : [121.472460022882, 25.029095879304]}, "properties" : {"name" : "全家便利商店股份有限公司-板橋龍江店", "address" : "220新北市板橋區文化路二段１８２巷３弄９１，９３號１樓", "city" : "新北市", "district" : "板橋區", "tel" : "02-82571522", "store_type" : "連鎖型綠色商店", "source_dataset" : "ntpe_6ccd0274", "store_code" : "F000795"}}, {"type" : "Feature", "geometry" : {"type" : "Point", "coordinates" : [121.457034471192, 25.024207218096]}, "properties" : {"name" : "全家便利商店股份有限公司-板橋龍泉店", "address" : "220新北市板橋區龍泉街１２２號", "city" : "新北市", "district" : "板橋區", "tel" : "02-82571522", "store_type" : "連鎖型綠色商店", "source_dataset" : "ntpe_6ccd0274", "store_code" : "F000908"}}, {"type" : "Feature", "geometry" : {"type" : "Point", "coordinates" : [121.477002595308, 25.025981708908]}, "properties" : {"name" : "全家便利商店股份有限公司-板橋雙十店", "address" : "220新北市板橋區雙十路二段６—８號，６—９號，６—１０", "city" : "新北市", "district" : "板橋區", "tel" : "02-82571522", "store_type" : "連鎖型綠色商店", "source_dataset" : "ntpe_6ccd0274", "store_code" : "F000893"}}, {"type" : "Feature", "geometry" : {"type" : "Point", "coordinates" : [121.467137011451, 25.015357981909]}, "properties" : {"name" : "全家便利商店股份有限公司-板橋雙城店", "address" : "220新北市板橋區縣民大道二段１０６號１樓", "city" : "新北市", "district" : "板橋區", "tel" : "02-82571522", "store_type" : "連鎖型綠色商店", "source_dataset" : "ntpe_6ccd0274", "store_code" : "F000352"}}, {"type" : "Feature", "geometry" : {"type" : "Point", "coordinates" : [121.47911902586, 25.031567995917]}, "properties" : {"name" : "全家便利商店股份有限公司-板橋懷翠店", "address" : "220新北市板橋區懷翠里民治街９７號，９９號一樓", "city" : "新北市", "district" : "板橋區", "tel" : "02-82571522", "store_type" : "連鎖型綠色商店", "source_dataset" : "ntpe_6ccd0274", "store_code" : "F000744"}}, {"type" : "Feature", "geometry" : {"type" : "Point", "coordinates" : [121.465602871713, 25.024702085659]}, "properties" : {"name" : "全家便利商店股份有限公司-板橋羅德店", "address" : "220新北市板橋區明翠里四維路１１０號一樓", "city" : "新北市", "district" : "板橋區", "tel" : "02-82571522", "store_type" : "連鎖型綠色商店", "source_dataset" : "ntpe_6ccd0274", "store_code" : "F000294"}}, {"type" : "Feature", "geometry" : {"type" : "Point", "coordinates" : [121.637861291709, 25.221272299635]}, "properties" : {"name" : "全家便利商店股份有限公司-金山中山店", "address" : "208新北市金山鄉中山路２０５號", "city" : "新北市", "district" : null, "tel" : "02-87732988", "store_type" : "連鎖型綠色商店", "source_dataset" : "ntpe_6ccd0274", "store_code" : "F000618"}}, {"type" : "Feature", "geometry" : {"type" : "Point", "coordinates" : [121.424196018569, 25.039173986315]}, "properties" : {"name" : "全家便利商店股份有限公司-泰山工專店", "address" : "243新北市泰山區明志路三段１７０號", "city" : "新北市", "district" : "泰山區", "tel" : "02-29029199", "store_type" : "連鎖型綠色商店", "source_dataset" : "ntpe_6ccd0274", "store_code" : "F000275"}}, {"type" : "Feature", "geometry" : {"type" : "Point", "coordinates" : [121.371334778526, 25.080245041791]}, "properties" : {"name" : "全家便利商店股份有限公司-泰山民權店", "address" : "243新北市泰山區民權路２９號１樓", "city" : "新北市", "district" : "泰山區", "tel" : "02-29029199", "store_type" : "連鎖型綠色商店", "source_dataset" : "ntpe_6ccd0274", "store_code" : "F000781"}}, {"type" : "Feature", "geometry" : {"type" : "Point", "coordinates" : [121.434208537188, 25.056120015241]}, "properties" : {"name" : "全家便利商店股份有限公司-泰山全興店", "address" : "243新北市泰山區福泰村全興路１６５號一樓", "city" : "新北市", "district" : "泰山區", "tel" : "02-29029199", "store_type" : "連鎖型綠色商店", "source_dataset" : "ntpe_6ccd0274", "store_code" : "F000644"}}, {"type" : "Feature", "geometry" : {"type" : "Point", "coordinates" : [121.432814961967, 25.053839006021]}, "properties" : {"name" : "全家便利商店股份有限公司-泰山同興店", "address" : "243新北市泰山區仁義路２２０巷８號１樓", "city" : "新北市", "district" : "泰山區", "tel" : "02-29029199", "store_type" : "連鎖型綠色商店", "source_dataset" : "ntpe_6ccd0274", "store_code" : "F000320"}}, {"type" : "Feature", "geometry" : {"type" : "Point", "coordinates" : [121.42507201127, 25.043710984776]}, "properties" : {"name" : "全家便利商店股份有限公司-泰山明豐店", "address" : "243新北市泰山區明志路二段３８３號１樓", "city" : "新北市", "district" : "泰山區", "tel" : "02-29029199", "store_type" : "連鎖型綠色商店", "source_dataset" : "ntpe_6ccd0274", "store_code" : "F000302"}}, {"type" : "Feature", "geometry" : {"type" : "Point", "coordinates" : [121.434497964305, 25.059121993864]}, "properties" : {"name" : "全家便利商店股份有限公司-泰山泰林店", "address" : "243新北市泰山區泰林路二段１０９號１樓", "city" : "新北市", "district" : "泰山區", "tel" : "02-29029199", "store_type" : "連鎖型綠色商店", "source_dataset" : "ntpe_6ccd0274", "store_code" : "F000703"}}, {"type" : "Feature", "geometry" : {"type" : "Point", "coordinates" : [121.425862005644, 25.041774010771]}, "properties" : {"name" : "全家便利商店股份有限公司-泰山貴子店", "address" : "243新北市泰山區貴子路２８號", "city" : "新北市", "district" : "泰山區", "tel" : "02-29029199", "store_type" : "連鎖型綠色商店", "source_dataset" : "ntpe_6ccd0274", "store_code" : "F000667"}}, {"type" : "Feature", "geometry" : {"type" : "Point", "coordinates" : [121.429574015285, 25.052822993627]}, "properties" : {"name" : "全家便利商店股份有限公司-泰山義學店", "address" : "243新北市泰山區明志路二段４７號", "city" : "新北市", "district" : "泰山區", "tel" : "02-29029199", "store_type" : "連鎖型綠色商店", "source_dataset" : "ntpe_6ccd0274", "store_code" : "F000628"}}, {"type" : "Feature", "geometry" : {"type" : "Point", "coordinates" : [121.432628716078, 25.058273493805]}, "properties" : {"name" : "全家便利商店股份有限公司-泰山福興店", "address" : "243新北市泰山區同興村福興一街６０號一樓", "city" : "新北市", "district" : "泰山區", "tel" : "02-29029199", "store_type" : "連鎖型綠色商店", "source_dataset" : "ntpe_6ccd0274", "store_code" : "F000519"}}, {"type" : "Feature", "geometry" : {"type" : "Point", "coordinates" : [121.4318155, 25.0542273]}, "properties" : {"name" : "全家便利商店股份有限公司-泰山黎明店", "address" : "243新北市泰山區泰林路５７５號、５７７號１樓", "city" : "新北市", "district" : "泰山區", "tel" : "02-29029199", "store_type" : "連鎖型綠色商店", "source_dataset" : "ntpe_6ccd0274", "store_code" : "F000655"}}, {"type" : "Feature", "geometry" : {"type" : "Point", "coordinates" : [121.428718977342, 25.063865983423]}, "properties" : {"name" : "全家便利商店股份有限公司-泰山憲訓店", "address" : "243新北市泰山區泰林路２段３６４號１樓", "city" : "新北市", "district" : "泰山區", "tel" : "02-29029199", "store_type" : "連鎖型綠色商店", "source_dataset" : "ntpe_6ccd0274", "store_code" : "F000759"}}, {"type" : "Feature", "geometry" : {"type" : "Point", "coordinates" : [121.430677073743, 25.057787888245]}, "properties" : {"name" : "全家便利商店股份有限公司-泰山辭修店", "address" : "243新北市泰山區明志路一段３７４號１樓", "city" : "新北市", "district" : "泰山區", "tel" : "02-29029199", "store_type" : "連鎖型綠色商店", "source_dataset" : "ntpe_6ccd0274", "store_code" : "F000784"}}, {"type" : "Feature", "geometry" : {"type" : "Point", "coordinates" : [121.424124018021, 25.064065011714]}, "properties" : {"name" : "全家便利商店股份有限公司-泰山麗池店", "address" : "243新北市泰山區泰林路二段５１８號", "city" : "新北市", "district" : "泰山區", "tel" : "02-29029199", "store_type" : "連鎖型綠色商店", "source_dataset" : "ntpe_6ccd0274", "store_code" : "F000719"}}, {"type" : "Feature", "geometry" : {"type" : "Point", "coordinates" : [121.548145004338, 24.864575003676]}, "properties" : {"name" : "全家便利商店股份有限公司-烏來泉鄉店", "address" : "233新北市烏來區烏來村環山路６０號１樓", "city" : "新北市", "district" : "烏來區", "tel" : "02-82571522", "store_type" : "連鎖型綠色商店", "source_dataset" : "ntpe_6ccd0274", "store_code" : "F000823"}}, {"type" : "Feature", "geometry" : {"type" : "Point", "coordinates" : [121.552194972314, 24.864655008942]}, "properties" : {"name" : "全家便利商店股份有限公司-烏來泰雅店", "address" : "233新北市烏來區烏來街６號１樓", "city" : "新北市", "district" : "烏來區", "tel" : "02-82571522", "store_type" : "連鎖型綠色商店", "source_dataset" : "ntpe_6ccd0274", "store_code" : "F000773"}}, {"type" : "Feature", "geometry" : {"type" : "Point", "coordinates" : [121.924842988106, 25.055572006412]}, "properties" : {"name" : "全家便利商店股份有限公司-貢寮澳底一店", "address" : "228新北市貢寮區大澳街１之１、３號１樓", "city" : "新北市", "district" : "貢寮區", "tel" : "02-87732988", "store_type" : "連鎖型綠色商店", "source_dataset" : "ntpe_6ccd0274", "store_code" : "F000464"}}, {"type" : "Feature", "geometry" : {"type" : "Point", "coordinates" : [121.443011966275, 25.172222994814]}, "properties" : {"name" : "全家便利商店股份有限公司-淡水日源店", "address" : "251新北市淡水區水源街１段２６號１樓", "city" : "新北市", "district" : "淡水區", "tel" : "02-25221128", "store_type" : "連鎖型綠色商店", "source_dataset" : "ntpe_6ccd0274", "store_code" : "F000348"}}, {"type" : "Feature", "geometry" : {"type" : "Point", "coordinates" : [121.447370472107, 25.171741915481]}, "properties" : {"name" : "全家便利商店股份有限公司-淡水水源店", "address" : "251新北市淡水區水源街一段１２４號１樓", "city" : "新北市", "district" : "淡水區", "tel" : "02-25221128", "store_type" : "連鎖型綠色商店", "source_dataset" : "ntpe_6ccd0274", "store_code" : "F000552"}}, {"type" : "Feature", "geometry" : {"type" : "Point", "coordinates" : [121.459427001634, 25.133700019277]}, "properties" : {"name" : "全家便利商店股份有限公司-淡水世紀店", "address" : "251新北市淡水區民權路１８５－１０號一樓", "city" : "新北市", "district" : "淡水區", "tel" : "02-25221128", "store_type" : "連鎖型綠色商店", "source_dataset" : "ntpe_6ccd0274", "store_code" : "F000342"}}, {"type" : "Feature", "geometry" : {"type" : "Point", "coordinates" : [121.448487025429, 25.177208005999]}, "properties" : {"name" : "全家便利商店股份有限公司-淡水北新店", "address" : "251新北市淡水區水碓里北新路１８２巷３９號１樓", "city" : "新北市", "district" : "淡水區", "tel" : "02-25221128", "store_type" : "連鎖型綠色商店", "source_dataset" : "ntpe_6ccd0274", "store_code" : "F000662"}}, {"type" : "Feature", "geometry" : {"type" : "Point", "coordinates" : [121.452961033887, 25.16215201242]}, "properties" : {"name" : "全家便利商店股份有限公司-淡水正中店", "address" : "251新北市淡水區竿蓁里中正東路一段７７號７９號", "city" : "新北市", "district" : "淡水區", "tel" : "02-25221128", "store_type" : "連鎖型綠色商店", "source_dataset" : "ntpe_6ccd0274", "store_code" : "F000869"}}, {"type" : "Feature", "geometry" : {"type" : "Point", "coordinates" : [121.440576017574, 25.174827000673]}, "properties" : {"name" : "全家便利商店股份有限公司-淡水旭陞店", "address" : "251新北市淡水區新興里新生街５３號１樓", "city" : "新北市", "district" : "淡水區", "tel" : "02-25221128", "store_type" : "連鎖型綠色商店", "source_dataset" : "ntpe_6ccd0274", "store_code" : "F000706"}}, {"type" : "Feature", "geometry" : {"type" : "Point", "coordinates" : [121.462109378289, 25.13788870775]}, "properties" : {"name" : "全家便利商店股份有限公司-淡水竹圍店", "address" : "251新北市淡水區民生路５８號", "city" : "新北市", "district" : "淡水區", "tel" : "02-25221128", "store_type" : "連鎖型綠色商店", "source_dataset" : "ntpe_6ccd0274", "store_code" : "F000397"}}, {"type" : "Feature", "geometry" : {"type" : "Point", "coordinates" : [121.462743703698, 25.128069928308]}, "properties" : {"name" : "全家便利商店股份有限公司-淡水自強店", "address" : "251新北市淡水區自強路８２號、８４號", "city" : "新北市", "district" : "淡水區", "tel" : "02-25221128", "store_type" : "連鎖型綠色商店", "source_dataset" : "ntpe_6ccd0274", "store_code" : "F000433"}}, {"type" : "Feature", "geometry" : {"type" : "Point", "coordinates" : [121.423469978116, 25.183255004316]}, "properties" : {"name" : "全家便利商店股份有限公司-淡水沙崙店", "address" : "251新北市淡水區沙崙里沙崙路１４９號", "city" : "新北市", "district" : "淡水區", "tel" : "02-25221128", "store_type" : "連鎖型綠色商店", "source_dataset" : "ntpe_6ccd0274", "store_code" : "F000455"}}, {"type" : "Feature", "geometry" : {"type" : "Point", "coordinates" : [121.459579971367, 25.154576993154]}, "properties" : {"name" : "全家便利商店股份有限公司-淡水紅林店", "address" : "251新北市淡水區八勢里中正東路二段６９號１樓", "city" : "新北市", "district" : "淡水區", "tel" : "02-25221128", "store_type" : "連鎖型綠色商店", "source_dataset" : "ntpe_6ccd0274", "store_code" : "F000711"}}, {"type" : "Feature", "geometry" : {"type" : "Point", "coordinates" : [121.445724014866, 25.172198980661]}, "properties" : {"name" : "全家便利商店股份有限公司-淡水英士店", "address" : "251新北市淡水區水源街一段８２．８４號Ｂ１", "city" : "新北市", "district" : "淡水區", "tel" : "02-25221128", "store_type" : "連鎖型綠色商店", "source_dataset" : "ntpe_6ccd0274", "store_code" : "F000831"}}, {"type" : "Feature", "geometry" : {"type" : "Point", "coordinates" : [121.446856996718, 25.17301198336]}, "properties" : {"name" : "全家便利商店股份有限公司-淡水校園店", "address" : "251新北市淡水區英專路１５１號〈淡大美食廣場Ｂ１部分〉", "city" : "新北市", "district" : "淡水區", "tel" : "02-25221128", "store_type" : "連鎖型綠色商店", "source_dataset" : "ntpe_6ccd0274", "store_code" : "F000335"}}, {"type" : "Feature", "geometry" : {"type" : "Point", "coordinates" : [121.451665024018, 25.165223016015]}, "properties" : {"name" : "全家便利商店股份有限公司-淡水海揚店", "address" : "251新北市淡水區中正東路一段３巷２０．２２號", "city" : "新北市", "district" : "淡水區", "tel" : "02-25221128", "store_type" : "連鎖型綠色商店", "source_dataset" : "ntpe_6ccd0274", "store_code" : "F000902"}}, {"type" : "Feature", "geometry" : {"type" : "Point", "coordinates" : [121.446525995362, 25.174334019038]}, "properties" : {"name" : "全家便利商店股份有限公司-淡水淡大店", "address" : "251新北市淡水區學府路１５２號", "city" : "新北市", "district" : "淡水區", "tel" : "02-25221128", "store_type" : "連鎖型綠色商店", "source_dataset" : "ntpe_6ccd0274", "store_code" : "F000575"}}, {"type" : "Feature", "geometry" : {"type" : "Point", "coordinates" : [121.425689003163, 25.177045019892]}, "properties" : {"name" : "全家便利商店股份有限公司-淡水淡海店", "address" : "251新北市淡水區中正路一段６２巷２號", "city" : "新北市", "district" : "淡水區", "tel" : "02-25221128", "store_type" : "連鎖型綠色商店", "source_dataset" : "ntpe_6ccd0274", "store_code" : "F000309"}}, {"type" : "Feature", "geometry" : {"type" : "Point", "coordinates" : [121.445569033476, 25.170538986647]}, "properties" : {"name" : "全家便利商店股份有限公司-淡水清英店", "address" : "251新北市淡水區清水街２號；英專路４３號", "city" : "新北市", "district" : "淡水區", "tel" : "02-25221128", "store_type" : "連鎖型綠色商店", "source_dataset" : "ntpe_6ccd0274", "store_code" : "F000582"}}, {"type" : "Feature", "geometry" : {"type" : "Point", "coordinates" : [121.446222989562, 25.169968011403]}, "properties" : {"name" : "全家便利商店股份有限公司-淡水博愛店", "address" : "251新北市淡水區博愛街１５號", "city" : "新北市", "district" : "淡水區", "tel" : "02-25221128", "store_type" : "連鎖型綠色商店", "source_dataset" : "ntpe_6ccd0274", "store_code" : "F000864"}}, {"type" : "Feature", "geometry" : {"type" : "Point", "coordinates" : [121.459452566439, 25.156786420921]}, "properties" : {"name" : "全家便利商店股份有限公司-淡水登峰店", "address" : "251新北市淡水區中正東路二段２７號２樓", "city" : "新北市", "district" : "淡水區", "tel" : "02-25221128", "store_type" : "連鎖型綠色商店", "source_dataset" : "ntpe_6ccd0274", "store_code" : "F000287"}}, {"type" : "Feature", "geometry" : {"type" : "Point", "coordinates" : [121.436676001845, 25.179279006635]}, "properties" : {"name" : "全家便利商店股份有限公司-淡水新民店", "address" : "251新北市淡水區新民街１８０之６號", "city" : "新北市", "district" : "淡水區", "tel" : "02-25221128", "store_type" : "連鎖型綠色商店", "source_dataset" : "ntpe_6ccd0274", "store_code" : "F000870"}}, {"type" : "Feature", "geometry" : {"type" : "Point", "coordinates" : [121.443313966246, 25.178174984259]}, "properties" : {"name" : "全家便利商店股份有限公司-淡水新生店", "address" : "251新北市淡水區新興里大義街１１號", "city" : "新北市", "district" : "淡水區", "tel" : "02-25221128", "store_type" : "連鎖型綠色商店", "source_dataset" : "ntpe_6ccd0274", "store_code" : "F000440"}}, {"type" : "Feature", "geometry" : {"type" : "Point", "coordinates" : [121.449382967059, 25.180293007372]}, "properties" : {"name" : "全家便利商店股份有限公司-淡水新旭店", "address" : "251新北市淡水區北新路１６９巷３５號１樓", "city" : "新北市", "district" : "淡水區", "tel" : "02-25221128", "store_type" : "連鎖型綠色商店", "source_dataset" : "ntpe_6ccd0274", "store_code" : "F000606"}}, {"type" : "Feature", "geometry" : {"type" : "Point", "coordinates" : [121.451984961262, 25.226738012967]}, "properties" : {"name" : "全家便利商店股份有限公司-淡水新埔店", "address" : "251新北市淡水區淡金路四段５３６號１樓", "city" : "新北市", "district" : "淡水區", "tel" : "02-25221128", "store_type" : "連鎖型綠色商店", "source_dataset" : "ntpe_6ccd0274", "store_code" : "F000657"}}, {"type" : "Feature", "geometry" : {"type" : "Point", "coordinates" : [121.451658989047, 25.226897981589]}, "properties" : {"name" : "全家便利商店股份有限公司-淡水聖約翰店", "address" : "251新北市淡水區淡金路四段４９９號", "city" : "新北市", "district" : "淡水區", "tel" : "02-25221128", "store_type" : "連鎖型綠色商店", "source_dataset" : "ntpe_6ccd0274", "store_code" : "F000793"}}, {"type" : "Feature", "geometry" : {"type" : "Point", "coordinates" : [121.436852021812, 25.181487009479]}, "properties" : {"name" : "全家便利商店股份有限公司-淡水福春店", "address" : "251新北市淡水區新興里新春街２號一樓", "city" : "新北市", "district" : "淡水區", "tel" : "02-25221128", "store_type" : "連鎖型綠色商店", "source_dataset" : "ntpe_6ccd0274", "store_code" : "F000692"}}, {"type" : "Feature", "geometry" : {"type" : "Point", "coordinates" : [121.443851330059, 25.180799483871]}, "properties" : {"name" : "全家便利商店股份有限公司-淡水摩天店", "address" : "251新北市淡水區新春街１９４號", "city" : "新北市", "district" : "淡水區", "tel" : "02-25221128", "store_type" : "連鎖型綠色商店", "source_dataset" : "ntpe_6ccd0274", "store_code" : "F000754"}}, {"type" : "Feature", "geometry" : {"type" : "Point", "coordinates" : [121.44908599623, 25.17739400043]}, "properties" : {"name" : "全家便利商店股份有限公司-淡水學城店", "address" : "251新北市淡水區北新路１８２巷２１弄１－１號", "city" : "新北市", "district" : "淡水區", "tel" : "02-25221128", "store_type" : "連鎖型綠色商店", "source_dataset" : "ntpe_6ccd0274", "store_code" : "F000847"}}, {"type" : "Feature", "geometry" : {"type" : "Point", "coordinates" : [121.444538478481, 25.176413317759]}, "properties" : {"name" : "全家便利商店股份有限公司-淡水興忠店", "address" : "251新北市淡水區水碓里１１鄰大忠街４３號１樓", "city" : "新北市", "district" : "淡水區", "tel" : "02-25221128", "store_type" : "連鎖型綠色商店", "source_dataset" : "ntpe_6ccd0274", "store_code" : "F000405"}}, {"type" : "Feature", "geometry" : {"type" : "Point", "coordinates" : [121.447807839814, 25.168596187219]}, "properties" : {"name" : "全家便利商店股份有限公司-淡水麗景店", "address" : "251新北市淡水區學府路３０號１樓", "city" : "新北市", "district" : "淡水區", "tel" : "02-25221128", "store_type" : "連鎖型綠色商店", "source_dataset" : "ntpe_6ccd0274", "store_code" : "F000691"}}, {"type" : "Feature", "geometry" : {"type" : "Point", "coordinates" : [121.601613919065, 25.003529104871]}, "properties" : {"name" : "全家便利商店股份有限公司-深坑北深店", "address" : "222新北市深坑區北深路三段１７９號", "city" : "新北市", "district" : "深坑區", "tel" : "02-87732988", "store_type" : "連鎖型綠色商店", "source_dataset" : "ntpe_6ccd0274", "store_code" : "F000274"}}, {"type" : "Feature", "geometry" : {"type" : "Point", "coordinates" : [121.619482963169, 25.002185988707]}, "properties" : {"name" : "全家便利商店股份有限公司-深坑埔新店", "address" : "222新北市深坑區埔新村埔新街９３號１樓", "city" : "新北市", "district" : "深坑區", "tel" : "02-87732988", "store_type" : "連鎖型綠色商店", "source_dataset" : "ntpe_6ccd0274", "store_code" : "F000449"}}, {"type" : "Feature", "geometry" : {"type" : "Point", "coordinates" : [121.68775249234, 25.203830684765]}, "properties" : {"name" : "全家便利商店股份有限公司-野柳港口店", "address" : "207新北市萬里鄉野柳村港東路６５之１號", "city" : "新北市", "district" : null, "tel" : "02-87732988", "store_type" : "連鎖型綠色商店", "source_dataset" : "ntpe_6ccd0274", "store_code" : "F000453"}}, {"type" : "Feature", "geometry" : {"type" : "Point", "coordinates" : [121.532776030494, 24.977134994686]}, "properties" : {"name" : "全家便利商店股份有限公司-新店中央店", "address" : "231新北市新店區百忍街９０號", "city" : "新北市", "district" : "新店區", "tel" : "02-87732988", "store_type" : "連鎖型綠色商店", "source_dataset" : "ntpe_6ccd0274", "store_code" : "F000840"}}, {"type" : "Feature", "geometry" : {"type" : "Point", "coordinates" : [121.53628151004, 24.975055779784]}, "properties" : {"name" : "全家便利商店股份有限公司-新店中正店", "address" : "231新北市新店區中正路３２１號", "city" : "新北市", "district" : "新店區", "tel" : "02-87732988", "store_type" : "連鎖型綠色商店", "source_dataset" : "ntpe_6ccd0274", "store_code" : "F000838"}}, {"type" : "Feature", "geometry" : {"type" : "Point", "coordinates" : [121.539717000695, 24.968518984955]}, "properties" : {"name" : "全家便利商店股份有限公司-新店中華店", "address" : "231新北市新店區中華路５０號", "city" : "新北市", "district" : "新店區", "tel" : "02-87732988", "store_type" : "連鎖型綠色商店", "source_dataset" : "ntpe_6ccd0274", "store_code" : "F000437"}}, {"type" : "Feature", "geometry" : {"type" : "Point", "coordinates" : [121.542477999601, 24.980249081263]}, "properties" : {"name" : "全家便利商店股份有限公司-新店文強店", "address" : "231新北市新店區文化路２１巷２號１樓", "city" : "新北市", "district" : "新店區", "tel" : "02-87732988", "store_type" : "連鎖型綠色商店", "source_dataset" : "ntpe_6ccd0274", "store_code" : "F000538"}}, {"type" : "Feature", "geometry" : {"type" : "Point", "coordinates" : [121.538153021381, 24.983201019924]}, "properties" : {"name" : "全家便利商店股份有限公司-新店民佳店", "address" : "231新北市新店區民權路７２號", "city" : "新北市", "district" : "新店區", "tel" : "02-87732988", "store_type" : "連鎖型綠色商店", "source_dataset" : "ntpe_6ccd0274", "store_code" : "F000573"}}, {"type" : "Feature", "geometry" : {"type" : "Point", "coordinates" : [121.538522998587, 24.97735799522]}, "properties" : {"name" : "全家便利商店股份有限公司-新店民族店", "address" : "231新北市新店區明德里民族路１０５號", "city" : "新北市", "district" : "新店區", "tel" : "02-87732988", "store_type" : "連鎖型綠色商店", "source_dataset" : "ntpe_6ccd0274", "store_code" : "F000263"}}, {"type" : "Feature", "geometry" : {"type" : "Point", "coordinates" : [121.536585018754, 24.982775009695]}, "properties" : {"name" : "全家便利商店股份有限公司-新店民權店", "address" : "231新北市新店區民權路１０５號１樓", "city" : "新北市", "district" : "新店區", "tel" : "02-87732988", "store_type" : "連鎖型綠色商店", "source_dataset" : "ntpe_6ccd0274", "store_code" : "F000327"}}, {"type" : "Feature", "geometry" : {"type" : "Point", "coordinates" : [121.510475390363, 24.959557305537]}, "properties" : {"name" : "全家便利商店股份有限公司-新店永安店", "address" : "231新北市新店區安康路二段１５７號", "city" : "新北市", "district" : "新店區", "tel" : "02-82571522", "store_type" : "連鎖型綠色商店", "source_dataset" : "ntpe_6ccd0274", "store_code" : "F000407"}}, {"type" : "Feature", "geometry" : {"type" : "Point", "coordinates" : [121.543044029522, 24.976666991122]}, "properties" : {"name" : "全家便利商店股份有限公司-新店永新店", "address" : "231新北市新店區北新路二段１９８號", "city" : "新北市", "district" : "新店區", "tel" : "02-87732988", "store_type" : "連鎖型綠色商店", "source_dataset" : "ntpe_6ccd0274", "store_code" : "F000763"}}, {"type" : "Feature", "geometry" : {"type" : "Point", "coordinates" : [121.529783020508, 24.949396008136]}, "properties" : {"name" : "全家便利商店股份有限公司-新店永業店", "address" : "231新北市新店區永業路８１巷１弄１號", "city" : "新北市", "district" : "新店區", "tel" : "02-82571522", "store_type" : "連鎖型綠色商店", "source_dataset" : "ntpe_6ccd0274", "store_code" : "F000489"}}, {"type" : "Feature", "geometry" : {"type" : "Point", "coordinates" : [121.5315433, 24.9585927]}, "properties" : {"name" : "全家便利商店股份有限公司-新店光明店", "address" : "231新北市新店區廣明里７鄰光明路１３６號１樓", "city" : "新北市", "district" : "新店區", "tel" : "02-87732988", "store_type" : "連鎖型綠色商店", "source_dataset" : "ntpe_6ccd0274", "store_code" : "F000839"}}, {"type" : "Feature", "geometry" : {"type" : "Point", "coordinates" : [121.494172001953, 24.948171998816]}, "properties" : {"name" : "全家便利商店股份有限公司-新店如意店", "address" : "231新北市新店區如意街２９號１樓", "city" : "新北市", "district" : "新店區", "tel" : "02-82571522", "store_type" : "連鎖型綠色商店", "source_dataset" : "ntpe_6ccd0274", "store_code" : "F000469"}}, {"type" : "Feature", "geometry" : {"type" : "Point", "coordinates" : [121.515245363822, 24.964524379449]}, "properties" : {"name" : "全家便利商店股份有限公司-新店安民店", "address" : "231新北市新店區安民街１號１樓", "city" : "新北市", "district" : "新店區", "tel" : "02-82571522", "store_type" : "連鎖型綠色商店", "source_dataset" : "ntpe_6ccd0274", "store_code" : "F000313"}}, {"type" : "Feature", "geometry" : {"type" : "Point", "coordinates" : [121.516369041762, 24.985612996382]}, "properties" : {"name" : "全家便利商店股份有限公司-新店安和店", "address" : "231新北市新店區永平街８９號１樓", "city" : "新北市", "district" : "新店區", "tel" : "02-82571522", "store_type" : "連鎖型綠色商店", "source_dataset" : "ntpe_6ccd0274", "store_code" : "F000741"}}, {"type" : "Feature", "geometry" : {"type" : "Point", "coordinates" : [121.492633838902, 24.952420492169]}, "properties" : {"name" : "全家便利商店股份有限公司-新店安康店", "address" : "231新北市新店區安康路三段５１號", "city" : "新北市", "district" : "新店區", "tel" : "02-82571522", "store_type" : "連鎖型綠色商店", "source_dataset" : "ntpe_6ccd0274", "store_code" : "F000787"}}, {"type" : "Feature", "geometry" : {"type" : "Point", "coordinates" : [121.537600353427, 24.9806362683]}, "properties" : {"name" : "全家便利商店股份有限公司-新店江陵店", "address" : "231新北市新店區建國路２１９號", "city" : "新北市", "district" : "新店區", "tel" : "02-87732988", "store_type" : "連鎖型綠色商店", "source_dataset" : "ntpe_6ccd0274", "store_code" : "F000567"}}, {"type" : "Feature", "geometry" : {"type" : "Point", "coordinates" : [121.534587527409, 24.97753028524]}, "properties" : {"name" : "全家便利商店股份有限公司-新店百和店", "address" : "231新北市新店區中正路４０２號", "city" : "新北市", "district" : "新店區", "tel" : "02-87732988", "store_type" : "連鎖型綠色商店", "source_dataset" : "ntpe_6ccd0274", "store_code" : "F000889"}}, {"type" : "Feature", "geometry" : {"type" : "Point", "coordinates" : [121.519909976758, 24.986389998806]}, "properties" : {"name" : "全家便利商店股份有限公司-新店君臨店", "address" : "231新北市新店區永安里永安街７６號一樓", "city" : "新北市", "district" : "新店區", "tel" : "02-82571522", "store_type" : "連鎖型綠色商店", "source_dataset" : "ntpe_6ccd0274", "store_code" : "F000714"}}, {"type" : "Feature", "geometry" : {"type" : "Point", "coordinates" : [121.547287032729, 24.922769006771]}, "properties" : {"name" : "全家便利商店股份有限公司-新店屈尺店", "address" : "231新北市新店區屈尺里屈尺路６０號１樓", "city" : "新北市", "district" : "新店區", "tel" : "02-82571522", "store_type" : "連鎖型綠色商店", "source_dataset" : "ntpe_6ccd0274", "store_code" : "F000625"}}, {"type" : "Feature", "geometry" : {"type" : "Point", "coordinates" : [121.534172958477, 24.990430998146]}, "properties" : {"name" : "全家便利商店股份有限公司-新店忠孝店", "address" : "231新北市新店區中正路６９２號", "city" : "新北市", "district" : "新店區", "tel" : "02-87732988", "store_type" : "連鎖型綠色商店", "source_dataset" : "ntpe_6ccd0274", "store_code" : "F000603"}}, {"type" : "Feature", "geometry" : {"type" : "Point", "coordinates" : [121.542676985982, 24.974917017377]}, "properties" : {"name" : "全家便利商店股份有限公司-新店忠誠店", "address" : "231新北市新店區北新路二段１１９號１樓", "city" : "新北市", "district" : "新店區", "tel" : "02-87732988", "store_type" : "連鎖型綠色商店", "source_dataset" : "ntpe_6ccd0274", "store_code" : "F000699"}}, {"type" : "Feature", "geometry" : {"type" : "Point", "coordinates" : [121.494826963867, 24.946594985643]}, "properties" : {"name" : "全家便利商店股份有限公司-新店玫瑰店", "address" : "231新北市新店區玫瑰路５８巷１號１樓", "city" : "新北市", "district" : "新店區", "tel" : "02-82571522", "store_type" : "連鎖型綠色商店", "source_dataset" : "ntpe_6ccd0274", "store_code" : "F000324"}}, {"type" : "Feature", "geometry" : {"type" : "Point", "coordinates" : [121.551793982066, 24.953238985014]}, "properties" : {"name" : "全家便利商店股份有限公司-新店長春店", "address" : "231新北市新店區北宜路二段１４９號１樓", "city" : "新北市", "district" : "新店區", "tel" : "02-87732988", "store_type" : "連鎖型綠色商店", "source_dataset" : "ntpe_6ccd0274", "store_code" : "F000310"}}, {"type" : "Feature", "geometry" : {"type" : "Point", "coordinates" : [121.485716002754, 24.951394002396]}, "properties" : {"name" : "全家便利商店股份有限公司-新店城泰店", "address" : "231新北市新店區安康路三段３１１號１樓", "city" : "新北市", "district" : "新店區", "tel" : "02-82571522", "store_type" : "連鎖型綠色商店", "source_dataset" : "ntpe_6ccd0274", "store_code" : "F000563"}}, {"type" : "Feature", "geometry" : {"type" : "Point", "coordinates" : [121.540370034771, 24.976550985582]}, "properties" : {"name" : "全家便利商店股份有限公司-新店建興店", "address" : "231新北市新店區建國路８５號", "city" : "新北市", "district" : "新店區", "tel" : "02-87732988", "store_type" : "連鎖型綠色商店", "source_dataset" : "ntpe_6ccd0274", "store_code" : "F000796"}}, {"type" : "Feature", "geometry" : {"type" : "Point", "coordinates" : [121.516800961232, 24.983468989368]}, "properties" : {"name" : "全家便利商店股份有限公司-新店皇家店", "address" : "231新北市新店區永平里永平街２７號一樓", "city" : "新北市", "district" : "新店區", "tel" : "02-82571522", "store_type" : "連鎖型綠色商店", "source_dataset" : "ntpe_6ccd0274", "store_code" : "F000750"}}, {"type" : "Feature", "geometry" : {"type" : "Point", "coordinates" : [121.475296961831, 24.956751002444]}, "properties" : {"name" : "全家便利商店股份有限公司-新店香坡店", "address" : "231新北市新店區安祥路１１３號，１１５號", "city" : "新北市", "district" : "新店區", "tel" : "02-82571522", "store_type" : "連鎖型綠色商店", "source_dataset" : "ntpe_6ccd0274", "store_code" : "F000262"}}, {"type" : "Feature", "geometry" : {"type" : "Point", "coordinates" : [121.517214021421, 24.971553988276]}, "properties" : {"name" : "全家便利商店股份有限公司-新店康城店", "address" : "231新北市新店區安民街１９６＆１９８號", "city" : "新北市", "district" : "新店區", "tel" : "02-82571522", "store_type" : "連鎖型綠色商店", "source_dataset" : "ntpe_6ccd0274", "store_code" : "F000749"}}, {"type" : "Feature", "geometry" : {"type" : "Point", "coordinates" : [121.510316134202, 24.961485101358]}, "properties" : {"name" : "全家便利商店股份有限公司-新店康德店", "address" : "231新北市新店區安德街７１巷２號", "city" : "新北市", "district" : "新店區", "tel" : "02-82571522", "store_type" : "連鎖型綠色商店", "source_dataset" : "ntpe_6ccd0274", "store_code" : "F000901"}}, {"type" : "Feature", "geometry" : {"type" : "Point", "coordinates" : [121.473762543123, 24.94200222583]}, "properties" : {"name" : "全家便利商店股份有限公司-新店康橋店", "address" : "231新北市新店區安康路３段７３８號、７４０號１樓", "city" : "新北市", "district" : "新店區", "tel" : "02-82571522", "store_type" : "連鎖型綠色商店", "source_dataset" : "ntpe_6ccd0274", "store_code" : "F000718"}}, {"type" : "Feature", "geometry" : {"type" : "Point", "coordinates" : [121.493934961731, 24.949146981793]}, "properties" : {"name" : "全家便利商店股份有限公司-新店富貴店", "address" : "231新北市新店區富貴街１２巷１號", "city" : "新北市", "district" : "新店區", "tel" : "02-82571522", "store_type" : "連鎖型綠色商店", "source_dataset" : "ntpe_6ccd0274", "store_code" : "F000807"}}, {"type" : "Feature", "geometry" : {"type" : "Point", "coordinates" : [121.523719824831, 24.97757288646]}, "properties" : {"name" : "全家便利商店股份有限公司-新店湯泉店", "address" : "231新北市新店區溪園路４０３號１樓", "city" : "新北市", "district" : "新店區", "tel" : "02-87732988", "store_type" : "連鎖型綠色商店", "source_dataset" : "ntpe_6ccd0274", "store_code" : "F000914"}}, {"type" : "Feature", "geometry" : {"type" : "Point", "coordinates" : [121.513330015127, 24.959180999994]}, "properties" : {"name" : "全家便利商店股份有限公司-新店陽光店", "address" : "231新北市新店區安忠路５７巷１０號１樓", "city" : "新北市", "district" : "新店區", "tel" : "02-82571522", "store_type" : "連鎖型綠色商店", "source_dataset" : "ntpe_6ccd0274", "store_code" : "F000600"}}, {"type" : "Feature", "geometry" : {"type" : "Point", "coordinates" : [121.535750935569, 24.985812611406]}, "properties" : {"name" : "全家便利商店股份有限公司-新店慈濟店", "address" : "231新北市新店區建國路２８９號Ｂ１慈濟醫院大愛美食坊", "city" : "新北市", "district" : "新店區", "tel" : "02-87732988", "store_type" : "連鎖型綠色商店", "source_dataset" : "ntpe_6ccd0274", "store_code" : "F000284"}}, {"type" : "Feature", "geometry" : {"type" : "Point", "coordinates" : [121.543956986416, 24.965598310794]}, "properties" : {"name" : "全家便利商店股份有限公司-新店新坡店", "address" : "231新北市新店區中興路一段２１６號１樓", "city" : "新北市", "district" : "新店區", "tel" : "02-87732988", "store_type" : "連鎖型綠色商店", "source_dataset" : "ntpe_6ccd0274", "store_code" : "F000306"}}, {"type" : "Feature", "geometry" : {"type" : "Point", "coordinates" : [121.550365035213, 24.933844979356]}, "properties" : {"name" : "全家便利商店股份有限公司-新店新陽店", "address" : "231新北市新店區粗坑里花園一路一段２號一樓", "city" : "新北市", "district" : "新店區", "tel" : "02-82571522", "store_type" : "連鎖型綠色商店", "source_dataset" : "ntpe_6ccd0274", "store_code" : "F000264"}}, {"type" : "Feature", "geometry" : {"type" : "Point", "coordinates" : [121.52392046597, 24.979123601215]}, "properties" : {"name" : "全家便利商店股份有限公司-新店溪園店", "address" : "231新北市新店區中山里溪園路３８９號一樓", "city" : "新北市", "district" : "新店區", "tel" : "02-87732988", "store_type" : "連鎖型綠色商店", "source_dataset" : "ntpe_6ccd0274", "store_code" : "F000271"}}, {"type" : "Feature", "geometry" : {"type" : "Point", "coordinates" : [121.549180085561, 24.973772007494]}, "properties" : {"name" : "全家便利商店股份有限公司-新店福興店", "address" : "231新北市新店區寶興路４３號", "city" : "新北市", "district" : "新店區", "tel" : "02-87732988", "store_type" : "連鎖型綠色商店", "source_dataset" : "ntpe_6ccd0274", "store_code" : "F000414"}}, {"type" : "Feature", "geometry" : {"type" : "Point", "coordinates" : [121.55150103455, 24.902328981507]}, "properties" : {"name" : "全家便利商店股份有限公司-新店翡翠店", "address" : "231新北市新店區龜山里新烏路三段１８８號１９０號一樓", "city" : "新北市", "district" : "新店區", "tel" : "02-82571522", "store_type" : "連鎖型綠色商店", "source_dataset" : "ntpe_6ccd0274", "store_code" : "F000604"}}, {"type" : "Feature", "geometry" : {"type" : "Point", "coordinates" : [121.544556963045, 24.971523981062]}, "properties" : {"name" : "全家便利商店股份有限公司-新店德正店", "address" : "231新北市新店區德正街２７巷１號", "city" : "新北市", "district" : "新店區", "tel" : "02-87732988", "store_type" : "連鎖型綠色商店", "source_dataset" : "ntpe_6ccd0274", "store_code" : "F000695"}}, {"type" : "Feature", "geometry" : {"type" : "Point", "coordinates" : [121.502240002855, 24.957169007956]}, "properties" : {"name" : "全家便利商店股份有限公司-新店德安店", "address" : "231新北市新店區安康路二段３０３號", "city" : "新北市", "district" : "新店區", "tel" : "02-82571522", "store_type" : "連鎖型綠色商店", "source_dataset" : "ntpe_6ccd0274", "store_code" : "F000762"}}, {"type" : "Feature", "geometry" : {"type" : "Point", "coordinates" : [121.535609029949, 24.975955996186]}, "properties" : {"name" : "全家便利商店股份有限公司-新店慶中店", "address" : "231新北市新店區中正路３６０號１樓", "city" : "新北市", "district" : "新店區", "tel" : "02-87732988", "store_type" : "連鎖型綠色商店", "source_dataset" : "ntpe_6ccd0274", "store_code" : "F000588"}}, {"type" : "Feature", "geometry" : {"type" : "Point", "coordinates" : [121.540254029231, 24.982598989728]}, "properties" : {"name" : "全家便利商店股份有限公司-新店慶民店", "address" : "231新北市新店區二十張路３號", "city" : "新北市", "district" : "新店區", "tel" : "02-87732988", "store_type" : "連鎖型綠色商店", "source_dataset" : "ntpe_6ccd0274", "store_code" : "F000700"}}, {"type" : "Feature", "geometry" : {"type" : "Point", "coordinates" : [121.551360302396, 24.983646015163]}, "properties" : {"name" : "全家便利商店股份有限公司-新店橋興店", "address" : "231新北市新店區寶橋路２３５巷１２９號", "city" : "新北市", "district" : "新店區", "tel" : "02-87732988", "store_type" : "連鎖型綠色商店", "source_dataset" : "ntpe_6ccd0274", "store_code" : "F000387"}}, {"type" : "Feature", "geometry" : {"type" : "Point", "coordinates" : [121.479235701952, 24.962251710222]}, "properties" : {"name" : "全家便利商店股份有限公司-新店襄陽店", "address" : "231新北市新店區安祥路１０４－１０號", "city" : "新北市", "district" : "新店區", "tel" : "02-82571522", "store_type" : "連鎖型綠色商店", "source_dataset" : "ntpe_6ccd0274", "store_code" : "F000858"}}, {"type" : "Feature", "geometry" : {"type" : "Point", "coordinates" : [121.551429034002, 24.984706996467]}, "properties" : {"name" : "全家便利商店股份有限公司-新店寶工店", "address" : "231新北市新店區寶橋路２３５巷４號１樓", "city" : "新北市", "district" : "新店區", "tel" : "02-87732988", "store_type" : "連鎖型綠色商店", "source_dataset" : "ntpe_6ccd0274", "store_code" : "F000584"}}, {"type" : "Feature", "geometry" : {"type" : "Point", "coordinates" : [121.54758123753, 24.980712810057]}, "properties" : {"name" : "全家便利商店股份有限公司-新店寶中店", "address" : "231新北市新店區寶中路７７號", "city" : "新北市", "district" : "新店區", "tel" : "02-87732988", "store_type" : "連鎖型綠色商店", "source_dataset" : "ntpe_6ccd0274", "store_code" : "F000832"}}, {"type" : "Feature", "geometry" : {"type" : "Point", "coordinates" : [121.542077009353, 24.982707996379]}, "properties" : {"name" : "全家便利商店股份有限公司-新店寶元店", "address" : "231新北市新店區民權路１９號", "city" : "新北市", "district" : "新店區", "tel" : "02-87732988", "store_type" : "連鎖型綠色商店", "source_dataset" : "ntpe_6ccd0274", "store_code" : "F000486"}}, {"type" : "Feature", "geometry" : {"type" : "Point", "coordinates" : [121.543559013653, 24.981738000634]}, "properties" : {"name" : "全家便利商店股份有限公司-新店寶安店", "address" : "231新北市新店區中興路三段２０７號１樓", "city" : "新北市", "district" : "新店區", "tel" : "02-87732988", "store_type" : "連鎖型綠色商店", "source_dataset" : "ntpe_6ccd0274", "store_code" : "F000530"}}, {"type" : "Feature", "geometry" : {"type" : "Point", "coordinates" : [121.54918796455, 24.980231018262]}, "properties" : {"name" : "全家便利商店股份有限公司-新店寶福店", "address" : "231新北市新店區寶中路１１１號", "city" : "新北市", "district" : "新店區", "tel" : "02-87732988", "store_type" : "連鎖型綠色商店", "source_dataset" : "ntpe_6ccd0274", "store_code" : "F001654"}}, {"type" : "Feature", "geometry" : {"type" : "Point", "coordinates" : [121.544642961372, 24.974678007408]}, "properties" : {"name" : "全家便利商店股份有限公司-新店寶橋店", "address" : "231新北市新店區寶橋路４５號", "city" : "新北市", "district" : "新店區", "tel" : "02-87732988", "store_type" : "連鎖型綠色商店", "source_dataset" : "ntpe_6ccd0274", "store_code" : "F000282"}}, {"type" : "Feature", "geometry" : {"type" : "Point", "coordinates" : [121.546305930962, 24.975488202169]}, "properties" : {"name" : "全家便利商店股份有限公司-新店寶興店", "address" : "231新北市新店區寶橋里寶橋路８０號一樓", "city" : "新北市", "district" : "新店區", "tel" : "02-87732988", "store_type" : "連鎖型綠色商店", "source_dataset" : "ntpe_6ccd0274", "store_code" : "F000627"}}, {"type" : "Feature", "geometry" : {"type" : "Point", "coordinates" : [121.425422961556, 25.022404019266]}, "properties" : {"name" : "全家便利商店股份有限公司-新莊八德店", "address" : "242新北市新莊區八德街１５巷２號，１７號", "city" : "新北市", "district" : "新莊區", "tel" : "02-29029199", "store_type" : "連鎖型綠色商店", "source_dataset" : "ntpe_6ccd0274", "store_code" : "F000748"}}, {"type" : "Feature", "geometry" : {"type" : "Point", "coordinates" : [121.444924968036, 25.051599990135]}, "properties" : {"name" : "全家便利商店股份有限公司-新莊中平店", "address" : "242新北市新莊區中平路２９４號", "city" : "新北市", "district" : "新莊區", "tel" : "02-29029199", "store_type" : "連鎖型綠色商店", "source_dataset" : "ntpe_6ccd0274", "store_code" : "F000349"}}, {"type" : "Feature", "geometry" : {"type" : "Point", "coordinates" : [121.444911976086, 25.044460997472]}, "properties" : {"name" : "全家便利商店股份有限公司-新莊中永店", "address" : "242新北市新莊區中平路６６號", "city" : "新北市", "district" : "新莊區", "tel" : "02-29029199", "store_type" : "連鎖型綠色商店", "source_dataset" : "ntpe_6ccd0274", "store_code" : "F000321"}}, {"type" : "Feature", "geometry" : {"type" : "Point", "coordinates" : [121.447330825705, 25.04843288802]}, "properties" : {"name" : "全家便利商店股份有限公司-新莊中和店", "address" : "242新北市新莊區中宏里中和街１２３號１樓", "city" : "新北市", "district" : "新莊區", "tel" : "02-29029199", "store_type" : "連鎖型綠色商店", "source_dataset" : "ntpe_6ccd0274", "store_code" : "F000668"}}, {"type" : "Feature", "geometry" : {"type" : "Point", "coordinates" : [121.444644006642, 25.046069987605]}, "properties" : {"name" : "全家便利商店股份有限公司-新莊中定店", "address" : "242新北市新莊區中平路８９號１樓", "city" : "新北市", "district" : "新莊區", "tel" : "02-29029199", "store_type" : "連鎖型綠色商店", "source_dataset" : "ntpe_6ccd0274", "store_code" : "F000892"}}, {"type" : "Feature", "geometry" : {"type" : "Point", "coordinates" : [121.449843133544, 25.050890881126]}, "properties" : {"name" : "全家便利商店股份有限公司-新莊中信店", "address" : "242新北市新莊區中信街３８號１Ｆ", "city" : "新北市", "district" : "新莊區", "tel" : "02-29029199", "store_type" : "連鎖型綠色商店", "source_dataset" : "ntpe_6ccd0274", "store_code" : "F000363"}}, {"type" : "Feature", "geometry" : {"type" : "Point", "coordinates" : [121.452065008437, 25.047367003303]}, "properties" : {"name" : "全家便利商店股份有限公司-新莊中美店", "address" : "242新北市新莊區中港路４１３＆４１５號１樓", "city" : "新北市", "district" : "新莊區", "tel" : "02-29029199", "store_type" : "連鎖型綠色商店", "source_dataset" : "ntpe_6ccd0274", "store_code" : "F000360"}}, {"type" : "Feature", "geometry" : {"type" : "Point", "coordinates" : [121.447653612796, 25.054237900793]}, "properties" : {"name" : "全家便利商店股份有限公司-新莊中原店", "address" : "242新北市新莊區中原路２９７號", "city" : "新北市", "district" : "新莊區", "tel" : "02-29029199", "store_type" : "連鎖型綠色商店", "source_dataset" : "ntpe_6ccd0274", "store_code" : "F000690"}}, {"type" : "Feature", "geometry" : {"type" : "Point", "coordinates" : [121.455310984261, 25.040379010625]}, "properties" : {"name" : "全家便利商店股份有限公司-新莊中港店", "address" : "242新北市新莊區中港路１２６號", "city" : "新北市", "district" : "新莊區", "tel" : "02-29029199", "store_type" : "連鎖型綠色商店", "source_dataset" : "ntpe_6ccd0274", "store_code" : "F000728"}}, {"type" : "Feature", "geometry" : {"type" : "Point", "coordinates" : [121.44814495996, 25.052926007217]}, "properties" : {"name" : "全家便利商店股份有限公司-新莊中榮店", "address" : "242新北市新莊區中榮街８４號", "city" : "新北市", "district" : "新莊區", "tel" : "02-29029199", "store_type" : "連鎖型綠色商店", "source_dataset" : "ntpe_6ccd0274", "store_code" : "F000859"}}, {"type" : "Feature", "geometry" : {"type" : "Point", "coordinates" : [121.458277339795, 25.048422201093]}, "properties" : {"name" : "全家便利商店股份有限公司-新莊仁義店", "address" : "242新北市新莊區福壽街３８號１Ｆ", "city" : "新北市", "district" : "新莊區", "tel" : "02-29029199", "store_type" : "連鎖型綠色商店", "source_dataset" : "ntpe_6ccd0274", "store_code" : "F000720"}}, {"type" : "Feature", "geometry" : {"type" : "Point", "coordinates" : [121.4432848, 25.0303904]}, "properties" : {"name" : "全家便利商店股份有限公司-新莊天成店", "address" : "242新北市新莊區中山路三段１２５號１樓", "city" : "新北市", "district" : "新莊區", "tel" : "02-29029199", "store_type" : "連鎖型綠色商店", "source_dataset" : "ntpe_6ccd0274", "store_code" : "F000381"}}, {"type" : "Feature", "geometry" : {"type" : "Point", "coordinates" : [121.416839641247, 25.028891318957]}, "properties" : {"name" : "全家便利商店股份有限公司-新莊天美店", "address" : "242新北市新莊區天祥街４２號１樓", "city" : "新北市", "district" : "新莊區", "tel" : "02-29029199", "store_type" : "連鎖型綠色商店", "source_dataset" : "ntpe_6ccd0274", "store_code" : "F000357"}}, {"type" : "Feature", "geometry" : {"type" : "Point", "coordinates" : [121.429344015862, 25.019918994522]}, "properties" : {"name" : "全家便利商店股份有限公司-新莊民本店", "address" : "242新北市新莊區民本街２３巷２號１樓", "city" : "新北市", "district" : "新莊區", "tel" : "02-29029199", "store_type" : "連鎖型綠色商店", "source_dataset" : "ntpe_6ccd0274", "store_code" : "F000686"}}, {"type" : "Feature", "geometry" : {"type" : "Point", "coordinates" : [121.427206228148, 25.021085821963]}, "properties" : {"name" : "全家便利商店股份有限公司-新莊民安店", "address" : "242新北市新莊區民安西路３８巷２號、４號１樓", "city" : "新北市", "district" : "新莊區", "tel" : "02-29029199", "store_type" : "連鎖型綠色商店", "source_dataset" : "ntpe_6ccd0274", "store_code" : "F000673"}}, {"type" : "Feature", "geometry" : {"type" : "Point", "coordinates" : [121.426113965654, 25.013744717005]}, "properties" : {"name" : "全家便利商店股份有限公司-新莊民榮店", "address" : "242新北市新莊區民安西路２４３號１樓", "city" : "新北市", "district" : "新莊區", "tel" : "02-29029199", "store_type" : "連鎖型綠色商店", "source_dataset" : "ntpe_6ccd0274", "store_code" : "F000694"}}, {"type" : "Feature", "geometry" : {"type" : "Point", "coordinates" : [121.444614921438, 25.052470283142]}, "properties" : {"name" : "全家便利商店股份有限公司-新莊立榮店", "address" : "242新北市新莊區中平路３７５號１樓及地下室", "city" : "新北市", "district" : "新莊區", "tel" : "02-29029199", "store_type" : "連鎖型綠色商店", "source_dataset" : "ntpe_6ccd0274", "store_code" : "F000626"}}, {"type" : "Feature", "geometry" : {"type" : "Point", "coordinates" : [121.450009430503, 25.03548921786]}, "properties" : {"name" : "全家便利商店股份有限公司-新莊立德店", "address" : "242新北市新莊區中正路２５３號１樓", "city" : "新北市", "district" : "新莊區", "tel" : "02-29029199", "store_type" : "連鎖型綠色商店", "source_dataset" : "ntpe_6ccd0274", "store_code" : "F000844"}}, {"type" : "Feature", "geometry" : {"type" : "Point", "coordinates" : [121.421571979961, 25.02706100467]}, "properties" : {"name" : "全家便利商店股份有限公司-新莊安和店", "address" : "242新北市新莊區中正路８２９巷２２弄１號", "city" : "新北市", "district" : "新莊區", "tel" : "02-29029199", "store_type" : "連鎖型綠色商店", "source_dataset" : "ntpe_6ccd0274", "store_code" : "F000429"}}, {"type" : "Feature", "geometry" : {"type" : "Point", "coordinates" : [121.458050022581, 25.045652987922]}, "properties" : {"name" : "全家便利商店股份有限公司-新莊自立店", "address" : "242新北市新莊區自立街２３１號", "city" : "新北市", "district" : "新莊區", "tel" : "02-29029199", "store_type" : "連鎖型綠色商店", "source_dataset" : "ntpe_6ccd0274", "store_code" : "F000709"}}, {"type" : "Feature", "geometry" : {"type" : "Point", "coordinates" : [121.453330005265, 25.048082985472]}, "properties" : {"name" : "全家便利商店股份有限公司-新莊自成店", "address" : "242新北市新莊區自信街２號１樓", "city" : "新北市", "district" : "新莊區", "tel" : "02-29029199", "store_type" : "連鎖型綠色商店", "source_dataset" : "ntpe_6ccd0274", "store_code" : "F000362"}}, {"type" : "Feature", "geometry" : {"type" : "Point", "coordinates" : [121.454913011498, 25.045490001815]}, "properties" : {"name" : "全家便利商店股份有限公司-新莊自強店", "address" : "242新北市新莊區自強街２號", "city" : "新北市", "district" : "新莊區", "tel" : "02-29029199", "store_type" : "連鎖型綠色商店", "source_dataset" : "ntpe_6ccd0274", "store_code" : "F000724"}}, {"type" : "Feature", "geometry" : {"type" : "Point", "coordinates" : [121.445430983531, 25.048850013432]}, "properties" : {"name" : "全家便利商店股份有限公司-新莊幸福店", "address" : "242新北市新莊區幸福路８１９號１樓", "city" : "新北市", "district" : "新莊區", "tel" : "02-29029199", "store_type" : "連鎖型綠色商店", "source_dataset" : "ntpe_6ccd0274", "store_code" : "F000477"}}, {"type" : "Feature", "geometry" : {"type" : "Point", "coordinates" : [121.454769261859, 25.053567516177]}, "properties" : {"name" : "全家便利商店股份有限公司-新莊昌平店", "address" : "242新北市新莊區昌平街５０號", "city" : "新北市", "district" : "新莊區", "tel" : "02-29029199", "store_type" : "連鎖型綠色商店", "source_dataset" : "ntpe_6ccd0274", "store_code" : "F000301"}}, {"type" : "Feature", "geometry" : {"type" : "Point", "coordinates" : [121.45493798957, 25.050039992225]}, "properties" : {"name" : "全家便利商店股份有限公司-新莊昌盛店", "address" : "242新北市新莊區幸福里昌盛街６７號一樓", "city" : "新北市", "district" : "新莊區", "tel" : "02-29029199", "store_type" : "連鎖型綠色商店", "source_dataset" : "ntpe_6ccd0274", "store_code" : "F000269"}}, {"type" : "Feature", "geometry" : {"type" : "Point", "coordinates" : [121.457478209146, 25.039240790084]}, "properties" : {"name" : "全家便利商店股份有限公司-新莊明中店", "address" : "242新北市新莊區恆安里明中街４５號之２一樓", "city" : "新北市", "district" : "新莊區", "tel" : "02-29029199", "store_type" : "連鎖型綠色商店", "source_dataset" : "ntpe_6ccd0274", "store_code" : "F000610"}}, {"type" : "Feature", "geometry" : {"type" : "Point", "coordinates" : [121.450153515418, 25.033572318514]}, "properties" : {"name" : "全家便利商店股份有限公司-新莊武廟店", "address" : "242新北市新莊區新莊路４３５號，４３５號之１", "city" : "新北市", "district" : "新莊區", "tel" : "02-29029199", "store_type" : "連鎖型綠色商店", "source_dataset" : "ntpe_6ccd0274", "store_code" : "F000778"}}, {"type" : "Feature", "geometry" : {"type" : "Point", "coordinates" : [121.444923459294, 25.050121212867]}, "properties" : {"name" : "全家便利商店股份有限公司-新莊狀元店", "address" : "242新北市新莊區中平路２６８號", "city" : "新北市", "district" : "新莊區", "tel" : "02-29029199", "store_type" : "連鎖型綠色商店", "source_dataset" : "ntpe_6ccd0274", "store_code" : "F000850"}}, {"type" : "Feature", "geometry" : {"type" : "Point", "coordinates" : [121.424415372975, 25.025422887423]}, "properties" : {"name" : "全家便利商店股份有限公司-新莊長明店", "address" : "242新北市新莊區民安路９３號１樓．Ｂ１", "city" : "新北市", "district" : "新莊區", "tel" : "02-29029199", "store_type" : "連鎖型綠色商店", "source_dataset" : "ntpe_6ccd0274", "store_code" : "F000390"}}, {"type" : "Feature", "geometry" : {"type" : "Point", "coordinates" : [121.445634999054, 25.036598017922]}, "properties" : {"name" : "全家便利商店股份有限公司-新莊建中店", "address" : "242新北市新莊區建中街１１８號，１２０號", "city" : "新北市", "district" : "新莊區", "tel" : "02-29029199", "store_type" : "連鎖型綠色商店", "source_dataset" : "ntpe_6ccd0274", "store_code" : "F000836"}}, {"type" : "Feature", "geometry" : {"type" : "Point", "coordinates" : [121.427624971339, 25.024979987659]}, "properties" : {"name" : "全家便利商店股份有限公司-新莊建安店", "address" : "242新北市新莊區建安街４２號", "city" : "新北市", "district" : "新莊區", "tel" : "02-29029199", "store_type" : "連鎖型綠色商店", "source_dataset" : "ntpe_6ccd0274", "store_code" : "F000813"}}, {"type" : "Feature", "geometry" : {"type" : "Point", "coordinates" : [121.425502002903, 25.025915994787]}, "properties" : {"name" : "全家便利商店股份有限公司-新莊建明店", "address" : "242新北市新莊區後港一路３０號１樓", "city" : "新北市", "district" : "新莊區", "tel" : "02-29029199", "store_type" : "連鎖型綠色商店", "source_dataset" : "ntpe_6ccd0274", "store_code" : "F000392"}}, {"type" : "Feature", "geometry" : {"type" : "Point", "coordinates" : [121.43441699512, 25.030748120058]}, "properties" : {"name" : "全家便利商店股份有限公司-新莊建國店", "address" : "242新北市新莊區建國一路４９號１樓右半", "city" : "新北市", "district" : "新莊區", "tel" : "02-29029199", "store_type" : "連鎖型綠色商店", "source_dataset" : "ntpe_6ccd0274", "store_code" : "F000471"}}, {"type" : "Feature", "geometry" : {"type" : "Point", "coordinates" : [121.428669021199, 25.026313003631]}, "properties" : {"name" : "全家便利商店股份有限公司-新莊建興店", "address" : "242新北市新莊區建安街１８號１樓", "city" : "新北市", "district" : "新莊區", "tel" : "02-29029199", "store_type" : "連鎖型綠色商店", "source_dataset" : "ntpe_6ccd0274", "store_code" : "F000434"}}, {"type" : "Feature", "geometry" : {"type" : "Point", "coordinates" : [121.422475800581, 25.02339140746]}, "properties" : {"name" : "全家便利商店股份有限公司-新莊昭德店", "address" : "242新北市新莊區後港二路２５號１樓", "city" : "新北市", "district" : "新莊區", "tel" : "02-29029199", "store_type" : "連鎖型綠色商店", "source_dataset" : "ntpe_6ccd0274", "store_code" : "F000550"}}, {"type" : "Feature", "geometry" : {"type" : "Point", "coordinates" : [121.453493200919, 25.045241017381]}, "properties" : {"name" : "全家便利商店股份有限公司-新莊首富店", "address" : "242新北市新莊區中華里中華路二段５號", "city" : "新北市", "district" : "新莊區", "tel" : "02-29029199", "store_type" : "連鎖型綠色商店", "source_dataset" : "ntpe_6ccd0274", "store_code" : "F000268"}}, {"type" : "Feature", "geometry" : {"type" : "Point", "coordinates" : [121.429529004465, 25.022607992879]}, "properties" : {"name" : "全家便利商店股份有限公司-新莊香山店", "address" : "242新北市新莊區民安路３０１號１樓", "city" : "新北市", "district" : "新莊區", "tel" : "02-29029199", "store_type" : "連鎖型綠色商店", "source_dataset" : "ntpe_6ccd0274", "store_code" : "F000861"}}, {"type" : "Feature", "geometry" : {"type" : "Point", "coordinates" : [121.443022527473, 25.032906418216]}, "properties" : {"name" : "全家便利商店股份有限公司-新莊海山店", "address" : "242新北市新莊區新莊路７４１號１樓", "city" : "新北市", "district" : "新莊區", "tel" : "02-29029199", "store_type" : "連鎖型綠色商店", "source_dataset" : "ntpe_6ccd0274", "store_code" : "F000648"}}, {"type" : "Feature", "geometry" : {"type" : "Point", "coordinates" : [121.443287982346, 25.032081010301]}, "properties" : {"name" : "全家便利商店股份有限公司-新莊海豐店", "address" : "242新北市新莊區瓊泰路１４０號", "city" : "新北市", "district" : "新莊區", "tel" : "02-29029199", "store_type" : "連鎖型綠色商店", "source_dataset" : "ntpe_6ccd0274", "store_code" : "F000722"}}, {"type" : "Feature", "geometry" : {"type" : "Point", "coordinates" : [121.42763704128, 25.012948017108]}, "properties" : {"name" : "全家便利商店股份有限公司-新莊盛華店", "address" : "242新北市新莊區西盛街３９０號１樓", "city" : "新北市", "district" : "新莊區", "tel" : "02-29029199", "store_type" : "連鎖型綠色商店", "source_dataset" : "ntpe_6ccd0274", "store_code" : "F000424"}}, {"type" : "Feature", "geometry" : {"type" : "Point", "coordinates" : [121.428285213852, 25.018138091554]}, "properties" : {"name" : "全家便利商店股份有限公司-新莊盛寧店", "address" : "242新北市新莊區西盛街１５１號１樓", "city" : "新北市", "district" : "新莊區", "tel" : "02-29029199", "store_type" : "連鎖型綠色商店", "source_dataset" : "ntpe_6ccd0274", "store_code" : "F000418"}}, {"type" : "Feature", "geometry" : {"type" : "Point", "coordinates" : [121.446232461113, 25.033720384833]}, "properties" : {"name" : "全家便利商店股份有限公司-新莊景德店", "address" : "242新北市新莊區景德路３８２號", "city" : "新北市", "district" : "新莊區", "tel" : "02-29029199", "store_type" : "連鎖型綠色商店", "source_dataset" : "ntpe_6ccd0274", "store_code" : "F000272"}}, {"type" : "Feature", "geometry" : {"type" : "Point", "coordinates" : [121.451834841376, 25.04614487991]}, "properties" : {"name" : "全家便利商店股份有限公司-新莊港榮店", "address" : "242新北市新莊區中泰里中港路３６５號一樓", "city" : "新北市", "district" : "新莊區", "tel" : "02-29029199", "store_type" : "連鎖型綠色商店", "source_dataset" : "ntpe_6ccd0274", "store_code" : "F000556"}}, {"type" : "Feature", "geometry" : {"type" : "Point", "coordinates" : [121.452211021191, 25.03654801987]}, "properties" : {"name" : "全家便利商店股份有限公司-新莊華寧店", "address" : "242新北市新莊區中華路１段８號１樓", "city" : "新北市", "district" : "新莊區", "tel" : "02-29029199", "store_type" : "連鎖型綠色商店", "source_dataset" : "ntpe_6ccd0274", "store_code" : "F000383"}}, {"type" : "Feature", "geometry" : {"type" : "Point", "coordinates" : [121.449834835459, 25.039514710679]}, "properties" : {"name" : "全家便利商店股份有限公司-新莊園寧店", "address" : "242新北市新莊區公園路７２號１樓", "city" : "新北市", "district" : "新莊區", "tel" : "02-29029199", "store_type" : "連鎖型綠色商店", "source_dataset" : "ntpe_6ccd0274", "store_code" : "F000396"}}, {"type" : "Feature", "geometry" : {"type" : "Point", "coordinates" : [121.45982556113, 25.06620960546]}, "properties" : {"name" : "全家便利商店股份有限公司-新莊新工店", "address" : "242新北市新莊區福興里五工二路８１號一樓", "city" : "新北市", "district" : "新莊區", "tel" : "02-29029199", "store_type" : "連鎖型綠色商店", "source_dataset" : "ntpe_6ccd0274", "store_code" : "F000634"}}, {"type" : "Feature", "geometry" : {"type" : "Point", "coordinates" : [121.445806576612, 25.039167280793]}, "properties" : {"name" : "全家便利商店股份有限公司-新莊新立店", "address" : "242新北市新莊區新泰路２２５巷１號１樓", "city" : "新北市", "district" : "新莊區", "tel" : "02-29029199", "store_type" : "連鎖型綠色商店", "source_dataset" : "ntpe_6ccd0274", "store_code" : "F000267"}}, {"type" : "Feature", "geometry" : {"type" : "Point", "coordinates" : [121.447900962759, 25.044924013803]}, "properties" : {"name" : "全家便利商店股份有限公司-新莊新和港店", "address" : "242新北市新莊區中港一街１４３號", "city" : "新北市", "district" : "新莊區", "tel" : "02-29029199", "store_type" : "連鎖型綠色商店", "source_dataset" : "ntpe_6ccd0274", "store_code" : "F000415"}}, {"type" : "Feature", "geometry" : {"type" : "Point", "coordinates" : [121.44788696498, 25.037151013984]}, "properties" : {"name" : "全家便利商店股份有限公司-新莊新泰店", "address" : "242新北市新莊區新泰路１４６號", "city" : "新北市", "district" : "新莊區", "tel" : "02-29029199", "store_type" : "連鎖型綠色商店", "source_dataset" : "ntpe_6ccd0274", "store_code" : "F000565"}}, {"type" : "Feature", "geometry" : {"type" : "Point", "coordinates" : [121.43361803211, 25.004019991031]}, "properties" : {"name" : "全家便利商店股份有限公司-新莊新樹店", "address" : "242新北市新莊區新樹路６１３號１樓", "city" : "新北市", "district" : "新莊區", "tel" : "02-29029199", "store_type" : "連鎖型綠色商店", "source_dataset" : "ntpe_6ccd0274", "store_code" : "F000875"}}, {"type" : "Feature", "geometry" : {"type" : "Point", "coordinates" : [121.420788272014, 25.023103489086]}, "properties" : {"name" : "全家便利商店股份有限公司-新莊萬安店", "address" : "242新北市新莊區萬安街８０號", "city" : "新北市", "district" : "新莊區", "tel" : "02-29029199", "store_type" : "連鎖型綠色商店", "source_dataset" : "ntpe_6ccd0274", "store_code" : "F000713"}}, {"type" : "Feature", "geometry" : {"type" : "Point", "coordinates" : [121.418445027163, 25.023273013077]}, "properties" : {"name" : "全家便利商店股份有限公司-新莊裕民店", "address" : "242新北市新莊區裕民街９７號１樓", "city" : "新北市", "district" : "新莊區", "tel" : "02-29029199", "store_type" : "連鎖型綠色商店", "source_dataset" : "ntpe_6ccd0274", "store_code" : "F000425"}}, {"type" : "Feature", "geometry" : {"type" : "Point", "coordinates" : [121.465896992695, 25.057299013742]}, "properties" : {"name" : "全家便利商店股份有限公司-新莊福中店", "address" : "242新北市新莊區化成路７３４號", "city" : "新北市", "district" : "新莊區", "tel" : "02-29029199", "store_type" : "連鎖型綠色商店", "source_dataset" : "ntpe_6ccd0274", "store_code" : "F000290"}}, {"type" : "Feature", "geometry" : {"type" : "Point", "coordinates" : [121.445269967171, 25.034418010635]}, "properties" : {"name" : "全家便利商店股份有限公司-新莊福海店", "address" : "242新北市新莊區中正路４０１號", "city" : "新北市", "district" : "新莊區", "tel" : "02-29029199", "store_type" : "連鎖型綠色商店", "source_dataset" : "ntpe_6ccd0274", "store_code" : "F000607"}}, {"type" : "Feature", "geometry" : {"type" : "Point", "coordinates" : [121.465118565348, 25.059685299666]}, "properties" : {"name" : "全家便利商店股份有限公司-新莊福基店", "address" : "242新北市新莊區福基里化成路８１２號", "city" : "新北市", "district" : "新莊區", "tel" : "02-29029199", "store_type" : "連鎖型綠色商店", "source_dataset" : "ntpe_6ccd0274", "store_code" : "F000729"}}, {"type" : "Feature", "geometry" : {"type" : "Point", "coordinates" : [121.458108695903, 25.050017612544]}, "properties" : {"name" : "全家便利商店股份有限公司-新莊福祿店", "address" : "242新北市新莊區福壽街８１號１樓", "city" : "新北市", "district" : "新莊區", "tel" : "02-29029199", "store_type" : "連鎖型綠色商店", "source_dataset" : "ntpe_6ccd0274", "store_code" : "F000738"}}, {"type" : "Feature", "geometry" : {"type" : "Point", "coordinates" : [121.457729498603, 25.05162291464]}, "properties" : {"name" : "全家便利商店股份有限公司-新莊福義店", "address" : "242新北市新莊區福壽街１３０號１樓", "city" : "新北市", "district" : "新莊區", "tel" : "02-29029199", "store_type" : "連鎖型綠色商店", "source_dataset" : "ntpe_6ccd0274", "store_code" : "F000843"}}, {"type" : "Feature", "geometry" : {"type" : "Point", "coordinates" : [121.458109869369, 25.054232620194]}, "properties" : {"name" : "全家便利商店股份有限公司-新莊福壽店", "address" : "242新北市新莊區中原路４５號", "city" : "新北市", "district" : "新莊區", "tel" : "02-29029199", "store_type" : "連鎖型綠色商店", "source_dataset" : "ntpe_6ccd0274", "store_code" : "F000649"}}, {"type" : "Feature", "geometry" : {"type" : "Point", "coordinates" : [121.429903004984, 25.030023001614]}, "properties" : {"name" : "全家便利商店股份有限公司-新莊福營店", "address" : "242新北市新莊區福營路２３１號", "city" : "新北市", "district" : "新莊區", "tel" : "02-29029199", "store_type" : "連鎖型綠色商店", "source_dataset" : "ntpe_6ccd0274", "store_code" : "F000809"}}, {"type" : "Feature", "geometry" : {"type" : "Point", "coordinates" : [121.423534015856, 25.019434981523]}, "properties" : {"name" : "全家便利商店股份有限公司-新莊德勝店", "address" : "242新北市新莊區八德街１５５號１樓", "city" : "新北市", "district" : "新莊區", "tel" : "02-29029199", "store_type" : "連鎖型綠色商店", "source_dataset" : "ntpe_6ccd0274", "store_code" : "F000755"}}, {"type" : "Feature", "geometry" : {"type" : "Point", "coordinates" : [121.427969970474, 25.016443983194]}, "properties" : {"name" : "全家便利商店股份有限公司-新莊興盛店", "address" : "242新北市新莊區西盛街２３０號１樓", "city" : "新北市", "district" : "新莊區", "tel" : "02-29029199", "store_type" : "連鎖型綠色商店", "source_dataset" : "ntpe_6ccd0274", "store_code" : "F000684"}}, {"type" : "Feature", "geometry" : {"type" : "Point", "coordinates" : [121.459572511473, 25.059783493662]}, "properties" : {"name" : "全家便利商店股份有限公司-新莊頭前店", "address" : "242新北市新莊區昌平里思源路５９５號一樓", "city" : "新北市", "district" : "新莊區", "tel" : "02-29029199", "store_type" : "連鎖型綠色商店", "source_dataset" : "ntpe_6ccd0274", "store_code" : "F000599"}}, {"type" : "Feature", "geometry" : {"type" : "Point", "coordinates" : [121.418228019689, 25.02051302]}, "properties" : {"name" : "全家便利商店股份有限公司-新莊龍安店", "address" : "242新北市新莊區龍安路１０４號，１０６巷２號１樓", "city" : "新北市", "district" : "新莊區", "tel" : "02-29029199", "store_type" : "連鎖型綠色商店", "source_dataset" : "ntpe_6ccd0274", "store_code" : "F000594"}}, {"type" : "Feature", "geometry" : {"type" : "Point", "coordinates" : [121.446557008404, 25.031499012854]}, "properties" : {"name" : "全家便利商店股份有限公司-新莊豐榮店", "address" : "242新北市新莊區豐年街５３巷２號１樓", "city" : "新北市", "district" : "新莊區", "tel" : "02-29029199", "store_type" : "連鎖型綠色商店", "source_dataset" : "ntpe_6ccd0274", "store_code" : "F000635"}}, {"type" : "Feature", "geometry" : {"type" : "Point", "coordinates" : [121.417066958461, 25.026979993576]}, "properties" : {"name" : "全家便利商店股份有限公司-新莊雙鳳店", "address" : "242新北市新莊區雙鳳路１２號，１４號１樓", "city" : "新北市", "district" : "新莊區", "tel" : "02-29029199", "store_type" : "連鎖型綠色商店", "source_dataset" : "ntpe_6ccd0274", "store_code" : "F000906"}}, {"type" : "Feature", "geometry" : {"type" : "Point", "coordinates" : [121.420032978719, 25.015766012955]}, "properties" : {"name" : "全家便利商店股份有限公司-樹林三俊店", "address" : "238新北市樹林區圳生里三俊街１９７號", "city" : "新北市", "district" : "樹林區", "tel" : "02-29029199", "store_type" : "連鎖型綠色商店", "source_dataset" : "ntpe_6ccd0274", "store_code" : "F000555"}}, {"type" : "Feature", "geometry" : {"type" : "Point", "coordinates" : [121.420585010862, 24.981767002019]}, "properties" : {"name" : "全家便利商店股份有限公司-樹林中華店", "address" : "238新北市樹林區中華路１８３．１８５號１樓", "city" : "新北市", "district" : "樹林區", "tel" : "02-29029199", "store_type" : "連鎖型綠色商店", "source_dataset" : "ntpe_6ccd0274", "store_code" : "F000903"}}, {"type" : "Feature", "geometry" : {"type" : "Point", "coordinates" : [121.424487960257, 24.980965985442]}, "properties" : {"name" : "全家便利商店股份有限公司-樹林五圓店", "address" : "238新北市樹林區忠孝街９９號１樓", "city" : "新北市", "district" : "樹林區", "tel" : "02-29029199", "store_type" : "連鎖型綠色商店", "source_dataset" : "ntpe_6ccd0274", "store_code" : "F000845"}}, {"type" : "Feature", "geometry" : {"type" : "Point", "coordinates" : [121.418514010226, 24.979398988643]}, "properties" : {"name" : "全家便利商店股份有限公司-樹林太平店", "address" : "238新北市樹林區太元街５８號", "city" : "新北市", "district" : "樹林區", "tel" : "02-29029199", "store_type" : "連鎖型綠色商店", "source_dataset" : "ntpe_6ccd0274", "store_code" : "F000400"}}, {"type" : "Feature", "geometry" : {"type" : "Point", "coordinates" : [121.44340708919, 24.988125220401]}, "properties" : {"name" : "全家便利商店股份有限公司-樹林日新店", "address" : "新北市樹林鎮日新街５０號１樓", "city" : "新北市", "district" : null, "tel" : "02-29029199", "store_type" : "連鎖型綠色商店", "source_dataset" : "ntpe_6ccd0274", "store_code" : "F001951"}}, {"type" : "Feature", "geometry" : {"type" : "Point", "coordinates" : [121.416692371209, 24.98008487978]}, "properties" : {"name" : "全家便利商店股份有限公司-樹林全球店", "address" : "238新北市樹林區中華路２９９號１樓", "city" : "新北市", "district" : "樹林區", "tel" : "02-29029199", "store_type" : "連鎖型綠色商店", "source_dataset" : "ntpe_6ccd0274", "store_code" : "F000516"}}, {"type" : "Feature", "geometry" : {"type" : "Point", "coordinates" : [121.421010979182, 24.989133982448]}, "properties" : {"name" : "全家便利商店股份有限公司-樹林育英店", "address" : "238新北市樹林區育英街４９號，５１號", "city" : "新北市", "district" : "樹林區", "tel" : "02-29029199", "store_type" : "連鎖型綠色商店", "source_dataset" : "ntpe_6ccd0274", "store_code" : "F000736"}}, {"type" : "Feature", "geometry" : {"type" : "Point", "coordinates" : [121.393177193307, 24.970627117423]}, "properties" : {"name" : "全家便利商店股份有限公司-樹林育園店", "address" : "238新北市樹林區佳園路一段４３號", "city" : "新北市", "district" : "樹林區", "tel" : "02-29029199", "store_type" : "連鎖型綠色商店", "source_dataset" : "ntpe_6ccd0274", "store_code" : "F000598"}}, {"type" : "Feature", "geometry" : {"type" : "Point", "coordinates" : [121.423767032765, 24.991257998623]}, "properties" : {"name" : "全家便利商店股份有限公司-樹林車站店", "address" : "238新北市樹林區後站街８號", "city" : "新北市", "district" : "樹林區", "tel" : "02-29029199", "store_type" : "連鎖型綠色商店", "source_dataset" : "ntpe_6ccd0274", "store_code" : "F000753"}}, {"type" : "Feature", "geometry" : {"type" : "Point", "coordinates" : [121.415326540086, 24.9823702895]}, "properties" : {"name" : "全家便利商店股份有限公司-樹林東榮店", "address" : "238新北市樹林區東榮街１１８、１２０號東榮街１１６巷１", "city" : "新北市", "district" : "樹林區", "tel" : "02-29029199", "store_type" : "連鎖型綠色商店", "source_dataset" : "ntpe_6ccd0274", "store_code" : "F000595"}}, {"type" : "Feature", "geometry" : {"type" : "Point", "coordinates" : [121.41334204069, 25.003931017129]}, "properties" : {"name" : "全家便利商店股份有限公司-樹林保安店", "address" : "238新北市樹林區保安街二段２０９號１樓", "city" : "新北市", "district" : "樹林區", "tel" : "02-29029199", "store_type" : "連鎖型綠色商店", "source_dataset" : "ntpe_6ccd0274", "store_code" : "F000873"}}, {"type" : "Feature", "geometry" : {"type" : "Point", "coordinates" : [121.424719971337, 25.010034006559]}, "properties" : {"name" : "全家便利商店股份有限公司-樹林俊英店", "address" : "238新北市樹林區俊英街１１３號", "city" : "新北市", "district" : "樹林區", "tel" : "02-29029199", "store_type" : "連鎖型綠色商店", "source_dataset" : "ntpe_6ccd0274", "store_code" : "F000898"}}, {"type" : "Feature", "geometry" : {"type" : "Point", "coordinates" : [121.418130035241, 25.015657006305]}, "properties" : {"name" : "全家便利商店股份有限公司-樹林俊興店", "address" : "238新北市樹林區三俊街１２７號１Ｆ", "city" : "新北市", "district" : "樹林區", "tel" : "02-29029199", "store_type" : "連鎖型綠色商店", "source_dataset" : "ntpe_6ccd0274", "store_code" : "F000740"}}, {"type" : "Feature", "geometry" : {"type" : "Point", "coordinates" : [121.4152302, 24.9820411]}, "properties" : {"name" : "全家便利商店股份有限公司-樹林柑園店", "address" : "238新北市樹林區柑園路二段２號", "city" : "新北市", "district" : "樹林區", "tel" : "02-29029199", "store_type" : "連鎖型綠色商店", "source_dataset" : "ntpe_6ccd0274", "store_code" : "F000707"}}, {"type" : "Feature", "geometry" : {"type" : "Point", "coordinates" : [121.42120502024, 24.979224980333]}, "properties" : {"name" : "全家便利商店股份有限公司-樹林國凱店", "address" : "238新北市樹林區國凱街８２號", "city" : "新北市", "district" : "樹林區", "tel" : "02-29029199", "store_type" : "連鎖型綠色商店", "source_dataset" : "ntpe_6ccd0274", "store_code" : "F000442"}}, {"type" : "Feature", "geometry" : {"type" : "Point", "coordinates" : [121.382704675841, 24.944957999953]}, "properties" : {"name" : "全家便利商店股份有限公司-樹林凱旋店", "address" : "238新北市樹林區南園里大成路１０號１樓（光纖）三峽鎮", "city" : "新北市", "district" : "樹林區", "tel" : "02-29029199", "store_type" : "連鎖型綠色商店", "source_dataset" : "ntpe_6ccd0274", "store_code" : "F000654"}}, {"type" : "Feature", "geometry" : {"type" : "Point", "coordinates" : [121.426017992863, 24.990983994208]}, "properties" : {"name" : "全家便利商店股份有限公司-樹林博愛店", "address" : "238新北市樹林區博愛街１５８號１樓", "city" : "新北市", "district" : "樹林區", "tel" : "02-29029199", "store_type" : "連鎖型綠色商店", "source_dataset" : "ntpe_6ccd0274", "store_code" : "F000456"}}, {"type" : "Feature", "geometry" : {"type" : "Point", "coordinates" : [121.418269677748, 24.988608520938]}, "properties" : {"name" : "全家便利商店股份有限公司-樹林復興店", "address" : "238新北市樹林區復興路２７２號，２７４號", "city" : "新北市", "district" : "樹林區", "tel" : "02-29029199", "store_type" : "連鎖型綠色商店", "source_dataset" : "ntpe_6ccd0274", "store_code" : "F000560"}}, {"type" : "Feature", "geometry" : {"type" : "Point", "coordinates" : [121.399737960379, 24.974443984672]}, "properties" : {"name" : "全家便利商店股份有限公司-樹林新中店", "address" : "238新北市樹林區中山路三段１０７號", "city" : "新北市", "district" : "樹林區", "tel" : "02-29029199", "store_type" : "連鎖型綠色商店", "source_dataset" : "ntpe_6ccd0274", "store_code" : "F000345"}}, {"type" : "Feature", "geometry" : {"type" : "Point", "coordinates" : [121.397300000022, 24.970310993944]}, "properties" : {"name" : "全家便利商店股份有限公司-樹林德園店", "address" : "238新北市樹林區八德街６００及６０２號", "city" : "新北市", "district" : "樹林區", "tel" : "02-29029199", "store_type" : "連鎖型綠色商店", "source_dataset" : "ntpe_6ccd0274", "store_code" : "F000297"}}, {"type" : "Feature", "geometry" : {"type" : "Point", "coordinates" : [121.425306034007, 24.99901301926]}, "properties" : {"name" : "全家便利商店股份有限公司-樹林潭興店", "address" : "238新北市樹林區潭興街２２號１樓、地下室", "city" : "新北市", "district" : "樹林區", "tel" : "02-29029199", "store_type" : "連鎖型綠色商店", "source_dataset" : "ntpe_6ccd0274", "store_code" : "F000316"}}, {"type" : "Feature", "geometry" : {"type" : "Point", "coordinates" : [121.378936004536, 24.949117980408]}, "properties" : {"name" : "全家便利商店股份有限公司-樹林學明店", "address" : "238新北市樹林區學林路９０號１樓", "city" : "新北市", "district" : "樹林區", "tel" : "02-29029199", "store_type" : "連鎖型綠色商店", "source_dataset" : "ntpe_6ccd0274", "store_code" : "F000391"}}, {"type" : "Feature", "geometry" : {"type" : "Point", "coordinates" : [121.38410202292, 24.948309001023]}, "properties" : {"name" : "全家便利商店股份有限公司-樹林學勤店", "address" : "238新北市樹林區學勤路５５０．５５２號１樓", "city" : "新北市", "district" : "樹林區", "tel" : "02-29029199", "store_type" : "連鎖型綠色商店", "source_dataset" : "ntpe_6ccd0274", "store_code" : "F000444"}}, {"type" : "Feature", "geometry" : {"type" : "Point", "coordinates" : [121.378327394546, 24.945640999333]}, "properties" : {"name" : "全家便利商店股份有限公司-樹林學誠店", "address" : "238新北市樹林區大義路１９６＆１９８號", "city" : "新北市", "district" : "樹林區", "tel" : "02-29029199", "store_type" : "連鎖型綠色商店", "source_dataset" : "ntpe_6ccd0274", "store_code" : "F000886"}}, {"type" : "Feature", "geometry" : {"type" : "Point", "coordinates" : [121.402938003374, 25.016269891065]}, "properties" : {"name" : "全家便利商店股份有限公司-樹林龍興店", "address" : "238新北市樹林區龍興街１５號", "city" : "新北市", "district" : "樹林區", "tel" : "02-29029199", "store_type" : "連鎖型綠色商店", "source_dataset" : "ntpe_6ccd0274", "store_code" : "F000479"}}, {"type" : "Feature", "geometry" : {"type" : "Point", "coordinates" : [121.424719971337, 24.989498008503]}, "properties" : {"name" : "全家便利商店股份有限公司-樹林鎮前店", "address" : "238新北市樹林區博愛街１９８號", "city" : "新北市", "district" : "樹林區", "tel" : "02-29029199", "store_type" : "連鎖型綠色商店", "source_dataset" : "ntpe_6ccd0274", "store_code" : "F000454"}}, {"type" : "Feature", "geometry" : {"type" : "Point", "coordinates" : [121.473400975332, 25.083660979329]}, "properties" : {"name" : "全家便利商店股份有限公司-蘆洲中央店", "address" : "247新北市蘆洲區仁復里５鄰中央路５６號", "city" : "新北市", "district" : "蘆洲區", "tel" : "02-29029199", "store_type" : "連鎖型綠色商店", "source_dataset" : "ntpe_6ccd0274", "store_code" : "F000785"}}, {"type" : "Feature", "geometry" : {"type" : "Point", "coordinates" : [121.4686910163, 25.085823007434]}, "properties" : {"name" : "全家便利商店股份有限公司-蘆洲中正店", "address" : "247新北市蘆洲區中正路１６８號", "city" : "新北市", "district" : "蘆洲區", "tel" : "02-29029199", "store_type" : "連鎖型綠色商店", "source_dataset" : "ntpe_6ccd0274", "store_code" : "F000446"}}, {"type" : "Feature", "geometry" : {"type" : "Point", "coordinates" : [121.467478993101, 25.080158014353]}, "properties" : {"name" : "全家便利商店股份有限公司-蘆洲中華店", "address" : "247新北市蘆洲區和平路１２２，１２４號", "city" : "新北市", "district" : "蘆洲區", "tel" : "02-29029199", "store_type" : "連鎖型綠色商店", "source_dataset" : "ntpe_6ccd0274", "store_code" : "F000737"}}, {"type" : "Feature", "geometry" : {"type" : "Point", "coordinates" : [121.477593016567, 25.084759008644]}, "properties" : {"name" : "全家便利商店股份有限公司-蘆洲仁德店", "address" : "247新北市蘆洲區民族路７４號１樓", "city" : "新北市", "district" : "蘆洲區", "tel" : "02-29029199", "store_type" : "連鎖型綠色商店", "source_dataset" : "ntpe_6ccd0274", "store_code" : "F000417"}}, {"type" : "Feature", "geometry" : {"type" : "Point", "coordinates" : [121.463024011563, 25.078359006475]}, "properties" : {"name" : "全家便利商店股份有限公司-蘆洲太子店", "address" : "247新北市蘆洲區永安南路二段１０４號１樓", "city" : "新北市", "district" : "蘆洲區", "tel" : "02-29029199", "store_type" : "連鎖型綠色商店", "source_dataset" : "ntpe_6ccd0274", "store_code" : "F000462"}}, {"type" : "Feature", "geometry" : {"type" : "Point", "coordinates" : [121.467444962574, 25.084838008082]}, "properties" : {"name" : "全家便利商店股份有限公司-蘆洲正原店", "address" : "247新北市蘆洲區中正路１８５巷１９號", "city" : "新北市", "district" : "蘆洲區", "tel" : "02-29029199", "store_type" : "連鎖型綠色商店", "source_dataset" : "ntpe_6ccd0274", "store_code" : "F000445"}}, {"type" : "Feature", "geometry" : {"type" : "Point", "coordinates" : [121.472479971811, 25.092056000182]}, "properties" : {"name" : "全家便利商店股份有限公司-蘆洲民仁店", "address" : "247新北市蘆洲區民族路４４８號", "city" : "新北市", "district" : "蘆洲區", "tel" : "02-29029199", "store_type" : "連鎖型綠色商店", "source_dataset" : "ntpe_6ccd0274", "store_code" : "F000430"}}, {"type" : "Feature", "geometry" : {"type" : "Point", "coordinates" : [121.473311959521, 25.078748010601]}, "properties" : {"name" : "全家便利商店股份有限公司-蘆洲民生店", "address" : "247新北市蘆洲區得仁里民生街１０９號一樓", "city" : "新北市", "district" : "蘆洲區", "tel" : "02-29029199", "store_type" : "連鎖型綠色商店", "source_dataset" : "ntpe_6ccd0274", "store_code" : "F000505"}}, {"type" : "Feature", "geometry" : {"type" : "Point", "coordinates" : [121.473996090458, 25.091805590825]}, "properties" : {"name" : "全家便利商店股份有限公司-蘆洲民星店", "address" : "247新北市蘆洲區民族路４２４，４２４之１號１樓", "city" : "新北市", "district" : "蘆洲區", "tel" : "02-29029199", "store_type" : "連鎖型綠色商店", "source_dataset" : "ntpe_6ccd0274", "store_code" : "F000884"}}, {"type" : "Feature", "geometry" : {"type" : "Point", "coordinates" : [121.471476993277, 25.091422998855]}, "properties" : {"name" : "全家便利商店股份有限公司-蘆洲民族店", "address" : "247新北市蘆洲區民族路３７１號", "city" : "新北市", "district" : "蘆洲區", "tel" : "02-29029199", "store_type" : "連鎖型綠色商店", "source_dataset" : "ntpe_6ccd0274", "store_code" : "F000656"}}, {"type" : "Feature", "geometry" : {"type" : "Point", "coordinates" : [121.47882901201, 25.08918301905]}, "properties" : {"name" : "全家便利商店股份有限公司-蘆洲民復店", "address" : "247新北市蘆洲區復興路２１０號１樓", "city" : "新北市", "district" : "蘆洲區", "tel" : "02-29029199", "store_type" : "連鎖型綠色商店", "source_dataset" : "ntpe_6ccd0274", "store_code" : "F000484"}}, {"type" : "Feature", "geometry" : {"type" : "Point", "coordinates" : [121.473901374952, 25.093770602296]}, "properties" : {"name" : "全家便利商店股份有限公司-蘆洲民華店", "address" : "247新北市蘆洲區民族路４２２巷８２弄１４，１６號", "city" : "新北市", "district" : "蘆洲區", "tel" : "02-29029199", "store_type" : "連鎖型綠色商店", "source_dataset" : "ntpe_6ccd0274", "store_code" : "F000500"}}, {"type" : "Feature", "geometry" : {"type" : "Point", "coordinates" : [121.4693072, 25.0817761]}, "properties" : {"name" : "全家便利商店股份有限公司-蘆洲民愛店", "address" : "247新北市蘆洲區仁愛路９７號", "city" : "新北市", "district" : "蘆洲區", "tel" : "02-29029199", "store_type" : "連鎖型綠色商店", "source_dataset" : "ntpe_6ccd0274", "store_code" : "F000887"}}, {"type" : "Feature", "geometry" : {"type" : "Point", "coordinates" : [121.458342970097, 25.093117987315]}, "properties" : {"name" : "全家便利商店股份有限公司-蘆洲永平店", "address" : "247新北市蘆洲區永平街３２巷４５弄３６號１樓", "city" : "新北市", "district" : "蘆洲區", "tel" : "02-29029199", "store_type" : "連鎖型綠色商店", "source_dataset" : "ntpe_6ccd0274", "store_code" : "F000782"}}, {"type" : "Feature", "geometry" : {"type" : "Point", "coordinates" : [121.455918085508, 25.088730019093]}, "properties" : {"name" : "全家便利商店股份有限公司-蘆洲永成店", "address" : "247新北市蘆洲區成功里永樂街８３號一樓", "city" : "新北市", "district" : "蘆洲區", "tel" : "02-29029199", "store_type" : "連鎖型綠色商店", "source_dataset" : "ntpe_6ccd0274", "store_code" : "F000659"}}, {"type" : "Feature", "geometry" : {"type" : "Point", "coordinates" : [121.458410025322, 25.088341014967]}, "properties" : {"name" : "全家便利商店股份有限公司-蘆洲永華店", "address" : "247新北市蘆洲區永樂街２８號１樓", "city" : "新北市", "district" : "蘆洲區", "tel" : "02-29029199", "store_type" : "連鎖型綠色商店", "source_dataset" : "ntpe_6ccd0274", "store_code" : "F000325"}}, {"type" : "Feature", "geometry" : {"type" : "Point", "coordinates" : [121.457900873433, 25.090452596258]}, "properties" : {"name" : "全家便利商店股份有限公司-蘆洲永樂店", "address" : "247新北市蘆洲區永樂街３８巷５７弄１號１Ｆ", "city" : "新北市", "district" : "蘆洲區", "tel" : "02-29029199", "store_type" : "連鎖型綠色商店", "source_dataset" : "ntpe_6ccd0274", "store_code" : "F000865"}}, {"type" : "Feature", "geometry" : {"type" : "Point", "coordinates" : [121.479935004134, 25.086760984308]}, "properties" : {"name" : "全家便利商店股份有限公司-蘆洲玉清店", "address" : "247新北市蘆洲區民族路１７８號，１８０號一樓", "city" : "新北市", "district" : "蘆洲區", "tel" : "02-29029199", "store_type" : "連鎖型綠色商店", "source_dataset" : "ntpe_6ccd0274", "store_code" : "F000630"}}, {"type" : "Feature", "geometry" : {"type" : "Point", "coordinates" : [121.466213996274, 25.082538013851]}, "properties" : {"name" : "全家便利商店股份有限公司-蘆洲光華店", "address" : "247新北市蘆洲區光華路１３２巷１號，１３４號１樓", "city" : "新北市", "district" : "蘆洲區", "tel" : "02-29029199", "store_type" : "連鎖型綠色商店", "source_dataset" : "ntpe_6ccd0274", "store_code" : "F000609"}}, {"type" : "Feature", "geometry" : {"type" : "Point", "coordinates" : [121.457646014848, 25.086316994897]}, "properties" : {"name" : "全家便利商店股份有限公司-蘆洲成功店", "address" : "247新北市蘆洲區長安街２４８號", "city" : "新北市", "district" : "蘆洲區", "tel" : "02-29029199", "store_type" : "連鎖型綠色商店", "source_dataset" : "ntpe_6ccd0274", "store_code" : "F000752"}}, {"type" : "Feature", "geometry" : {"type" : "Point", "coordinates" : [121.465102975008, 25.083752006797]}, "properties" : {"name" : "全家便利商店股份有限公司-蘆洲明原店", "address" : "247新北市蘆洲區中原里中正路１８５巷９８號一樓", "city" : "新北市", "district" : "蘆洲區", "tel" : "02-29029199", "store_type" : "連鎖型綠色商店", "source_dataset" : "ntpe_6ccd0274", "store_code" : "F000291"}}, {"type" : "Feature", "geometry" : {"type" : "Point", "coordinates" : [121.464545997542, 25.078705011438]}, "properties" : {"name" : "全家便利商店股份有限公司-蘆洲長九店", "address" : "247新北市蘆洲區長安街１號", "city" : "新北市", "district" : "蘆洲區", "tel" : "02-29029199", "store_type" : "連鎖型綠色商店", "source_dataset" : "ntpe_6ccd0274", "store_code" : "F000772"}}, {"type" : "Feature", "geometry" : {"type" : "Point", "coordinates" : [121.457835026764, 25.085130997507]}, "properties" : {"name" : "全家便利商店股份有限公司-蘆洲長安店", "address" : "247新北市蘆洲區長安街３０７號", "city" : "新北市", "district" : "蘆洲區", "tel" : "02-29029199", "store_type" : "連鎖型綠色商店", "source_dataset" : "ntpe_6ccd0274", "store_code" : "F000896"}}, {"type" : "Feature", "geometry" : {"type" : "Point", "coordinates" : [121.459044032478, 25.083147001026]}, "properties" : {"name" : "全家便利商店股份有限公司-蘆洲長泰店", "address" : "247新北市蘆洲區永德里長安街２４７號一樓", "city" : "新北市", "district" : "蘆洲區", "tel" : "02-29029199", "store_type" : "連鎖型綠色商店", "source_dataset" : "ntpe_6ccd0274", "store_code" : "F000322"}}, {"type" : "Feature", "geometry" : {"type" : "Point", "coordinates" : [121.479077032525, 25.085205009712]}, "properties" : {"name" : "全家便利商店股份有限公司-蘆洲信義店", "address" : "247新北市蘆洲區信義路２２０號１樓", "city" : "新北市", "district" : "蘆洲區", "tel" : "02-29029199", "store_type" : "連鎖型綠色商店", "source_dataset" : "ntpe_6ccd0274", "store_code" : "F000524"}}, {"type" : "Feature", "geometry" : {"type" : "Point", "coordinates" : [121.477474999371, 25.082956983281]}, "properties" : {"name" : "全家便利商店股份有限公司-蘆洲恆德店", "address" : "247新北市蘆洲區三民路２６巷２２號，２４號", "city" : "新北市", "district" : "蘆洲區", "tel" : "02-29029199", "store_type" : "連鎖型綠色商店", "source_dataset" : "ntpe_6ccd0274", "store_code" : "F000315"}}, {"type" : "Feature", "geometry" : {"type" : "Point", "coordinates" : [121.472036988229, 25.087895013899]}, "properties" : {"name" : "全家便利商店股份有限公司-蘆洲虹展店", "address" : "247新北市蘆洲區水湳街３１號１樓", "city" : "新北市", "district" : "蘆洲區", "tel" : "02-29029199", "store_type" : "連鎖型綠色商店", "source_dataset" : "ntpe_6ccd0274", "store_code" : "F000907"}}, {"type" : "Feature", "geometry" : {"type" : "Point", "coordinates" : [121.477204012441, 25.08776501058]}, "properties" : {"name" : "全家便利商店股份有限公司-蘆洲復江店", "address" : "247新北市蘆洲區復興路１５０˙１５２號一樓", "city" : "新北市", "district" : "蘆洲區", "tel" : "02-29029199", "store_type" : "連鎖型綠色商店", "source_dataset" : "ntpe_6ccd0274", "store_code" : "F000432"}}, {"type" : "Feature", "geometry" : {"type" : "Point", "coordinates" : [121.462424034934, 25.082688008008]}, "properties" : {"name" : "全家便利商店股份有限公司-蘆洲華安店", "address" : "247新北市蘆洲區中華街６巷５２號１樓", "city" : "新北市", "district" : "蘆洲區", "tel" : "02-29029199", "store_type" : "連鎖型綠色商店", "source_dataset" : "ntpe_6ccd0274", "store_code" : "F000336"}}, {"type" : "Feature", "geometry" : {"type" : "Point", "coordinates" : [121.481898967867, 25.085277010261]}, "properties" : {"name" : "全家便利商店股份有限公司-蘆洲集賢店", "address" : "247新北市蘆洲區集賢路２３７號", "city" : "新北市", "district" : "蘆洲區", "tel" : "02-29029199", "store_type" : "連鎖型綠色商店", "source_dataset" : "ntpe_6ccd0274", "store_code" : "F000623"}}, {"type" : "Feature", "geometry" : {"type" : "Point", "coordinates" : [121.473050376155, 25.089831250174]}, "properties" : {"name" : "全家便利商店股份有限公司-蘆洲義興店", "address" : "247新北市蘆洲區民義街６８巷２、６號１樓", "city" : "新北市", "district" : "蘆洲區", "tel" : "02-29029199", "store_type" : "連鎖型綠色商店", "source_dataset" : "ntpe_6ccd0274", "store_code" : "F000347"}}, {"type" : "Feature", "geometry" : {"type" : "Point", "coordinates" : [121.475203000696, 25.087263982318]}, "properties" : {"name" : "全家便利商店股份有限公司-蘆洲福安店", "address" : "247新北市蘆洲區民權路６６號１樓", "city" : "新北市", "district" : "蘆洲區", "tel" : "02-29029199", "store_type" : "連鎖型綠色商店", "source_dataset" : "ntpe_6ccd0274", "store_code" : "F000849"}}, {"type" : "Feature", "geometry" : {"type" : "Point", "coordinates" : [121.45825697177, 25.081729998384]}, "properties" : {"name" : "全家便利商店股份有限公司-蘆洲福原店", "address" : "247新北市蘆洲區中原路７９號１樓", "city" : "新北市", "district" : "蘆洲區", "tel" : "02-29029199", "store_type" : "連鎖型綠色商店", "source_dataset" : "ntpe_6ccd0274", "store_code" : "F000593"}}, {"type" : "Feature", "geometry" : {"type" : "Point", "coordinates" : [121.481925287043, 25.087544608436]}, "properties" : {"name" : "全家便利商店股份有限公司-蘆洲興賢店", "address" : "247新北市蘆洲區中興街６０號１樓", "city" : "新北市", "district" : "蘆洲區", "tel" : "02-29029199", "store_type" : "連鎖型綠色商店", "source_dataset" : "ntpe_6ccd0274", "store_code" : "F000696"}}, {"type" : "Feature", "geometry" : {"type" : "Point", "coordinates" : [121.464363020595, 25.081460981202]}, "properties" : {"name" : "全家便利商店股份有限公司-蘆洲寶吉店", "address" : "247新北市蘆洲區九芎街９０巷３１號１樓", "city" : "新北市", "district" : "蘆洲區", "tel" : "02-29029199", "store_type" : "連鎖型綠色商店", "source_dataset" : "ntpe_6ccd0274", "store_code" : "F000419"}}, {"type" : "Feature", "geometry" : {"type" : "Point", "coordinates" : [121.475867015066, 25.086446998215]}, "properties" : {"name" : "全家便利商店股份有限公司-蘆洲鷺江店", "address" : "247新北市蘆洲區鷺江里民權路３３號一樓", "city" : "新北市", "district" : "蘆洲區", "tel" : "02-29029199", "store_type" : "連鎖型綠色商店", "source_dataset" : "ntpe_6ccd0274", "store_code" : "F000490"}}, {"type" : "Feature", "geometry" : {"type" : "Point", "coordinates" : [121.341221882655, 24.955855899004]}, "properties" : {"name" : "全家便利商店股份有限公司-鶯歌永明店", "address" : "239新北市鶯歌區永明街７８號１樓", "city" : "新北市", "district" : "鶯歌區", "tel" : "02-29029199", "store_type" : "連鎖型綠色商店", "source_dataset" : "ntpe_6ccd0274", "store_code" : "F000286"}}, {"type" : "Feature", "geometry" : {"type" : "Point", "coordinates" : [121.352270404507, 24.955970311983]}, "properties" : {"name" : "全家便利商店股份有限公司-鶯歌行政店", "address" : "239新北市鶯歌區中正一路１５４號", "city" : "新北市", "district" : "鶯歌區", "tel" : "02-29029199", "store_type" : "連鎖型綠色商店", "source_dataset" : "ntpe_6ccd0274", "store_code" : "F000401"}}, {"type" : "Feature", "geometry" : {"type" : "Point", "coordinates" : [121.347038001449, 24.954145990756]}, "properties" : {"name" : "全家便利商店股份有限公司-鶯歌南雅店", "address" : "239新北市鶯歌區南雅路４３５號", "city" : "新北市", "district" : "鶯歌區", "tel" : "02-29029199", "store_type" : "連鎖型綠色商店", "source_dataset" : "ntpe_6ccd0274", "store_code" : "F000266"}}, {"type" : "Feature", "geometry" : {"type" : "Point", "coordinates" : [121.349016968789, 24.953940005486]}, "properties" : {"name" : "全家便利商店股份有限公司-鶯歌南鶯店", "address" : "239新北市鶯歌區南鶯里南雅路３４號１樓", "city" : "新北市", "district" : "鶯歌區", "tel" : "02-29029199", "store_type" : "連鎖型綠色商店", "source_dataset" : "ntpe_6ccd0274", "store_code" : "F000811"}}, {"type" : "Feature", "geometry" : {"type" : "Point", "coordinates" : [121.355036013459, 24.955068000106]}, "properties" : {"name" : "全家便利商店股份有限公司-鶯歌站前店", "address" : "239新北市鶯歌區建國路５３之５號、、５３之６號１樓", "city" : "新北市", "district" : "鶯歌區", "tel" : "02-29029199", "store_type" : "連鎖型綠色商店", "source_dataset" : "ntpe_6ccd0274", "store_code" : "F000868"}}, {"type" : "Feature", "geometry" : {"type" : "Point", "coordinates" : [121.438511471003, 25.084973794913]}, "properties" : {"name" : "全國電子股份有公司新北市第三十分公司", "address" : "248新北市五股區工商路72號", "city" : "新北市", "district" : "五股區", "tel" : "02-22990328", "store_type" : "連鎖型綠色商店", "source_dataset" : "ntpe_6ccd0274", "store_code" : "F000131"}}, {"type" : "Feature", "geometry" : {"type" : "Point", "coordinates" : [121.468033288358, 24.987715512974]}, "properties" : {"name" : "全國電子股份有公司新北市第五十二分公司", "address" : "236新北市土城區金城路3段180號", "city" : "新北市", "district" : "土城區", "tel" : "02-22989922#5302", "store_type" : "連鎖型綠色商店", "source_dataset" : "ntpe_6ccd0274", "store_code" : "F000130"}}, {"type" : "Feature", "geometry" : {"type" : "Point", "coordinates" : [121.631302033379, 25.065661009897]}, "properties" : {"name" : "全國電子股份有公司新北市第五十三分公司", "address" : "221新北市汐止區中興路145號", "city" : "新北市", "district" : "汐止區", "tel" : "02-22989922#5302", "store_type" : "連鎖型綠色商店", "source_dataset" : "ntpe_6ccd0274", "store_code" : "F000133"}}, {"type" : "Feature", "geometry" : {"type" : "Point", "coordinates" : [121.481434023698, 25.000631019939]}, "properties" : {"name" : "全國電子股份有公司新北市第五十四分公司", "address" : "235新北市中和區員山路202.204號", "city" : "新北市", "district" : "中和區", "tel" : "02-22990328", "store_type" : "連鎖型綠色商店", "source_dataset" : "ntpe_6ccd0274", "store_code" : "F000139"}}, {"type" : "Feature", "geometry" : {"type" : "Point", "coordinates" : [121.477282969969, 25.017614013058]}, "properties" : {"name" : "全國電子股份有限公司新北市第七分公司", "address" : "220新北市板橋區中山路2段245號", "city" : "新北市", "district" : "板橋區", "tel" : "02-22989922#5302", "store_type" : "連鎖型綠色商店", "source_dataset" : "ntpe_6ccd0274", "store_code" : "F000061"}}, {"type" : "Feature", "geometry" : {"type" : "Point", "coordinates" : [121.442450965495, 24.978640300677]}, "properties" : {"name" : "全國電子股份有限公司新北市第九分公司", "address" : "236新北市土城區中央路二段71-75號", "city" : "新北市", "district" : "土城區", "tel" : "02-22989922#5302", "store_type" : "連鎖型綠色商店", "source_dataset" : "ntpe_6ccd0274", "store_code" : "F000062"}}, {"type" : "Feature", "geometry" : {"type" : "Point", "coordinates" : [121.654096032332, 25.065489013244]}, "properties" : {"name" : "全國電子股份有限公司新北市第二十一分公司", "address" : "221新北市汐止區大同路2段240號", "city" : "新北市", "district" : "汐止區", "tel" : "02-22989922#5302", "store_type" : "連鎖型綠色商店", "source_dataset" : "ntpe_6ccd0274", "store_code" : "F000019"}}, {"type" : "Feature", "geometry" : {"type" : "Point", "coordinates" : [121.525494000654, 24.999344984535]}, "properties" : {"name" : "全國電子股份有限公司新北市第二十七分公司", "address" : "235新北市中和區得和路403號", "city" : "新北市", "district" : "中和區", "tel" : "02-22989922#5302", "store_type" : "連鎖型綠色商店", "source_dataset" : "ntpe_6ccd0274", "store_code" : "F000068"}}, {"type" : "Feature", "geometry" : {"type" : "Point", "coordinates" : [121.472547027037, 25.006239979996]}, "properties" : {"name" : "全國電子股份有限公司新北市第二十二分公司", "address" : "235新北市中和區中山路三段185-189號", "city" : "新北市", "district" : "中和區", "tel" : "02-22989922#5302", "store_type" : "連鎖型綠色商店", "source_dataset" : "ntpe_6ccd0274", "store_code" : "F000066"}}, {"type" : "Feature", "geometry" : {"type" : "Point", "coordinates" : [121.47609600866, 25.082282994446]}, "properties" : {"name" : "全國電子股份有限公司新北市第二十三分公司", "address" : "247新北市蘆洲區三民路10號", "city" : "新北市", "district" : "蘆洲區", "tel" : "02-22989922#5302", "store_type" : "連鎖型綠色商店", "source_dataset" : "ntpe_6ccd0274", "store_code" : "F000058"}}, {"type" : "Feature", "geometry" : {"type" : "Point", "coordinates" : [121.503170980841, 24.999881007243]}, "properties" : {"name" : "全國電子股份有限公司新北市第二十五分公司", "address" : "235新北市中和區中和路175號", "city" : "新北市", "district" : "中和區", "tel" : "02-22989922#5302", "store_type" : "連鎖型綠色商店", "source_dataset" : "ntpe_6ccd0274", "store_code" : "F000067"}}, {"type" : "Feature", "geometry" : {"type" : "Point", "coordinates" : [121.496756980893, 25.066647015077]}, "properties" : {"name" : "全國電子股份有限公司新北市第二十六分公司", "address" : "241新北市三重區正義北路137號", "city" : "新北市", "district" : "三重區", "tel" : "02-22989922#5302", "store_type" : "連鎖型綠色商店", "source_dataset" : "ntpe_6ccd0274", "store_code" : "F000054"}}, {"type" : "Feature", "geometry" : {"type" : "Point", "coordinates" : [121.373295989527, 24.937406994839]}, "properties" : {"name" : "全國電子股份有限公司新北市第二十分公司", "address" : "237新北市三峽區復興路78號", "city" : "新北市", "district" : "三峽區", "tel" : "02-22989922#5302", "store_type" : "連鎖型綠色商店", "source_dataset" : "ntpe_6ccd0274", "store_code" : "F000065"}}, {"type" : "Feature", "geometry" : {"type" : "Point", "coordinates" : [121.46067397737, 25.081756988113]}, "properties" : {"name" : "全國電子股份有限公司新北市第二十四分公司", "address" : "247新北市蘆洲區長安街122號", "city" : "新北市", "district" : "蘆洲區", "tel" : "02-22989922#5302", "store_type" : "連鎖型綠色商店", "source_dataset" : "ntpe_6ccd0274", "store_code" : "F000059"}}, {"type" : "Feature", "geometry" : {"type" : "Point", "coordinates" : [121.486928025953, 25.061707014712]}, "properties" : {"name" : "全國電子股份有限公司新北市第八分公司", "address" : "241新北市三重區重陽路二段1號", "city" : "新北市", "district" : "三重區", "tel" : "02-22989922#5302", "store_type" : "連鎖型綠色商店", "source_dataset" : "ntpe_6ccd0274", "store_code" : "F000056"}}, {"type" : "Feature", "geometry" : {"type" : "Point", "coordinates" : [121.516939765549, 24.999160917941]}, "properties" : {"name" : "全國電子股份有限公司新北市第十一分公司", "address" : "234新北市永和區中正路191-193號", "city" : "新北市", "district" : "永和區", "tel" : "02-22989922#5302", "store_type" : "連鎖型綠色商店", "source_dataset" : "ntpe_6ccd0274", "store_code" : "F000060"}}, {"type" : "Feature", "geometry" : {"type" : "Point", "coordinates" : [121.540911002802, 24.972319004579]}, "properties" : {"name" : "全國電子股份有限公司新北市第十九分公司", "address" : "231新北市新店區中正路188號", "city" : "新北市", "district" : "新店區", "tel" : "02-22989922#5302", "store_type" : "連鎖型綠色商店", "source_dataset" : "ntpe_6ccd0274", "store_code" : "F000021"}}, {"type" : "Feature", "geometry" : {"type" : "Point", "coordinates" : [121.464496963408, 25.017727001113]}, "properties" : {"name" : "全國電子股份有限公司新北市第十二分公司", "address" : "220新北市板橋區文化路一段90-92號", "city" : "新北市", "district" : "板橋區", "tel" : "02-22989922#5302", "store_type" : "連鎖型綠色商店", "source_dataset" : "ntpe_6ccd0274", "store_code" : "F000064"}}, {"type" : "Feature", "geometry" : {"type" : "Point", "coordinates" : [121.484016823342, 25.078329418357]}, "properties" : {"name" : "全國電子股份有限公司新北市第十八分公司", "address" : "241新北市三重區三和路四段147號", "city" : "新北市", "district" : "三重區", "tel" : "02-22989922#5302", "store_type" : "連鎖型綠色商店", "source_dataset" : "ntpe_6ccd0274", "store_code" : "F000057"}}, {"type" : "Feature", "geometry" : {"type" : "Point", "coordinates" : [121.441376992241, 25.171085989648]}, "properties" : {"name" : "全國電子股份有限公司新北市第十五分公司", "address" : "251新北市淡水區中山路127號", "city" : "新北市", "district" : "淡水區", "tel" : "02-22989922#5302", "store_type" : "連鎖型綠色商店", "source_dataset" : "ntpe_6ccd0274", "store_code" : "F000069"}}, {"type" : "Feature", "geometry" : {"type" : "Point", "coordinates" : [121.452076994559, 25.049318980914]}, "properties" : {"name" : "全國電子股份有限公司新北市第十六分公司", "address" : "242新北市新莊區幸福路602號", "city" : "新北市", "district" : "新莊區", "tel" : "02-22989922#5302", "store_type" : "連鎖型綠色商店", "source_dataset" : "ntpe_6ccd0274", "store_code" : "F000028"}}, {"type" : "Feature", "geometry" : {"type" : "Point", "coordinates" : [121.519523990117, 25.012063013861]}, "properties" : {"name" : "全國電子股份有限公司新北市第十分公司", "address" : "234新北市永和區竹林路100號", "city" : "新北市", "district" : "永和區", "tel" : "02-22989922#5302", "store_type" : "連鎖型綠色商店", "source_dataset" : "ntpe_6ccd0274", "store_code" : "F000063"}}, {"type" : "Feature", "geometry" : {"type" : "Point", "coordinates" : [121.426538006136, 25.026452813775]}, "properties" : {"name" : "全國電子股份有限公司新北市第十四分公司", "address" : "242新北市新莊區後港一路62號", "city" : "新北市", "district" : "新莊區", "tel" : "02-22989922#5302", "store_type" : "連鎖型綠色商店", "source_dataset" : "ntpe_6ccd0274", "store_code" : "F000018"}}, {"type" : "Feature", "geometry" : {"type" : "Point", "coordinates" : [121.426466005587, 24.990505010351]}, "properties" : {"name" : "全國電子股份有限公司新北市第三十七分公司", "address" : "220新北市板橋區溪北路2號", "city" : "新北市", "district" : "板橋區", "tel" : "02-22989922#5302", "store_type" : "連鎖型綠色商店", "source_dataset" : "ntpe_6ccd0274", "store_code" : "F000078"}}, {"type" : "Feature", "geometry" : {"type" : "Point", "coordinates" : [121.417543972571, 25.025345019542]}, "properties" : {"name" : "全國電子股份有限公司新北市第三十九分公司", "address" : "242新北市新莊區中正路881-5、881-6號", "city" : "新北市", "district" : "新莊區", "tel" : "02-22989922#5302", "store_type" : "連鎖型綠色商店", "source_dataset" : "ntpe_6ccd0274", "store_code" : "F000024"}}, {"type" : "Feature", "geometry" : {"type" : "Point", "coordinates" : [121.370771025014, 25.06959698399]}, "properties" : {"name" : "全國電子股份有限公司新北市第三十二分公司", "address" : "244新北市林口區文化一路一段41號", "city" : "新北市", "district" : "林口區", "tel" : "03-3570833#32", "store_type" : "連鎖型綠色商店", "source_dataset" : "ntpe_6ccd0274", "store_code" : "F000085"}}, {"type" : "Feature", "geometry" : {"type" : "Point", "coordinates" : [121.426122526553, 25.024049728089]}, "properties" : {"name" : "全國電子股份有限公司新北市第三十八分公司", "address" : "242新北市新莊區建安街117、119號", "city" : "新北市", "district" : "新莊區", "tel" : "02-22989922#5302", "store_type" : "連鎖型綠色商店", "source_dataset" : "ntpe_6ccd0274", "store_code" : "F000025"}}, {"type" : "Feature", "geometry" : {"type" : "Point", "coordinates" : [121.350695025805, 24.953979693797]}, "properties" : {"name" : "全國電子股份有限公司新北市第三十三分公司", "address" : "239新北市鶯歌區國慶街123號", "city" : "新北市", "district" : "鶯歌區", "tel" : "03-3570833#32", "store_type" : "連鎖型綠色商店", "source_dataset" : "ntpe_6ccd0274", "store_code" : "F000086"}}, {"type" : "Feature", "geometry" : {"type" : "Point", "coordinates" : [121.513103033189, 24.988208997524]}, "properties" : {"name" : "全國電子股份有限公司新北市第三十四分公司", "address" : "235新北市中和區景新街438號", "city" : "新北市", "district" : "中和區", "tel" : "02-22989922#5302", "store_type" : "連鎖型綠色商店", "source_dataset" : "ntpe_6ccd0274", "store_code" : "F000070"}}, {"type" : "Feature", "geometry" : {"type" : "Point", "coordinates" : [121.510877973172, 24.959895012416]}, "properties" : {"name" : "全國電子股份有限公司新北市第三分公司", "address" : "231新北市新店區安康路二段196號", "city" : "新北市", "district" : "新店區", "tel" : "02-22989922#5302", "store_type" : "連鎖型綠色商店", "source_dataset" : "ntpe_6ccd0274", "store_code" : "F000022"}}, {"type" : "Feature", "geometry" : {"type" : "Point", "coordinates" : [121.445890527898, 25.040399627579]}, "properties" : {"name" : "全國電子股份有限公司新北市第五十一分公司", "address" : "242新北市新莊區新泰路276、278號", "city" : "新北市", "district" : "新莊區", "tel" : "02-22989922#5302", "store_type" : "連鎖型綠色商店", "source_dataset" : "ntpe_6ccd0274", "store_code" : "F000027"}}, {"type" : "Feature", "geometry" : {"type" : "Point", "coordinates" : [121.494514989431, 25.061286285082]}, "properties" : {"name" : "全國電子股份有限公司新北市第五十七分公司", "address" : "241新北市三重區重新路三段36號", "city" : "新北市", "district" : "三重區", "tel" : "22989922#5302", "store_type" : "連鎖型綠色商店", "source_dataset" : "ntpe_6ccd0274", "store_code" : "F002162"}}, {"type" : "Feature", "geometry" : {"type" : "Point", "coordinates" : [121.805648804552, 25.108141207652]}, "properties" : {"name" : "全國電子股份有限公司新北市第五十九分公司", "address" : "224新北市瑞芳區明燈路三段63號1樓", "city" : "新北市", "district" : "瑞芳區", "tel" : "22989922#5302", "store_type" : "連鎖型綠色商店", "source_dataset" : "ntpe_6ccd0274", "store_code" : "F002163"}}, {"type" : "Feature", "geometry" : {"type" : "Point", "coordinates" : [121.541616004678, 24.968769017127]}, "properties" : {"name" : "全國電子股份有限公司新北市第五十八分公司", "address" : "231新北市新店區北新路一段335號", "city" : "新北市", "district" : "新店區", "tel" : "22989922#5302", "store_type" : "連鎖型綠色商店", "source_dataset" : "ntpe_6ccd0274", "store_code" : "F002164"}}, {"type" : "Feature", "geometry" : {"type" : "Point", "coordinates" : [121.480960203815, 25.084084129966]}, "properties" : {"name" : "全國電子股份有限公司新北市第五十五分公司", "address" : "247新北市蘆洲區集賢路348號B1、1樓", "city" : "新北市", "district" : "蘆洲區", "tel" : "02-22989922#5302", "store_type" : "連鎖型綠色商店", "source_dataset" : "ntpe_6ccd0274", "store_code" : "F001989"}}, {"type" : "Feature", "geometry" : {"type" : "Point", "coordinates" : [121.460259995172, 25.137921019987]}, "properties" : {"name" : "全國電子股份有限公司新北市第五十六分公司", "address" : "251新北市淡水區民生路1-1號", "city" : "新北市", "district" : "淡水區", "tel" : "22989922#5302", "store_type" : "連鎖型綠色商店", "source_dataset" : "ntpe_6ccd0274", "store_code" : "F002165"}}, {"type" : "Feature", "geometry" : {"type" : "Point", "coordinates" : [121.474549379886, 25.028532489682]}, "properties" : {"name" : "全國電子股份有限公司新北市第五十分公司", "address" : "220新北市板橋區雙十路二段108號", "city" : "新北市", "district" : "板橋區", "tel" : "02-22989922#5302", "store_type" : "連鎖型綠色商店", "source_dataset" : "ntpe_6ccd0274", "store_code" : "F000084"}}, {"type" : "Feature", "geometry" : {"type" : "Point", "coordinates" : [121.430636002417, 25.05824101393]}, "properties" : {"name" : "全國電子股份有限公司新北市第五分公司", "address" : "243新北市泰山區明志路一段354號", "city" : "新北市", "district" : "泰山區", "tel" : "02-22989922#5302", "store_type" : "連鎖型綠色商店", "source_dataset" : "ntpe_6ccd0274", "store_code" : "F000055"}}, {"type" : "Feature", "geometry" : {"type" : "Point", "coordinates" : [121.42537158049, 24.984397285145]}, "properties" : {"name" : "全國電子股份有限公司新北市第六十一分公司", "address" : "238新北市樹林區中華路2號", "city" : "新北市", "district" : "樹林區", "tel" : "02-22989922-5302", "store_type" : "連鎖型綠色商店", "source_dataset" : "ntpe_6ccd0274", "store_code" : "F002187"}}, {"type" : "Feature", "geometry" : {"type" : "Point", "coordinates" : [121.426549992257, 25.017358993654]}, "properties" : {"name" : "全國電子股份有限公司新北市第六十七分公司", "address" : "242新北市新莊區民安西路135號", "city" : "新北市", "district" : "新莊區", "tel" : "02-22989922-5302", "store_type" : "連鎖型綠色商店", "source_dataset" : "ntpe_6ccd0274", "store_code" : "F002186"}}, {"type" : "Feature", "geometry" : {"type" : "Point", "coordinates" : [121.494748676892, 24.992103816472]}, "properties" : {"name" : "全國電子股份有限公司新北市第六十二分公司", "address" : "235新北市中和區圓通路295之3號", "city" : "新北市", "district" : "中和區", "tel" : "02-22989922-5302", "store_type" : "連鎖型綠色商店", "source_dataset" : "ntpe_6ccd0274", "store_code" : "F002185"}}, {"type" : "Feature", "geometry" : {"type" : "Point", "coordinates" : [121.50297191064, 24.999948691111]}, "properties" : {"name" : "全國電子股份有限公司新北市第六十八分公司", "address" : "235新北市中和區中和路167號", "city" : "新北市", "district" : "中和區", "tel" : "02-22989922-5302", "store_type" : "連鎖型綠色商店", "source_dataset" : "ntpe_6ccd0274", "store_code" : "F002181"}}, {"type" : "Feature", "geometry" : {"type" : "Point", "coordinates" : [121.51393577527, 25.007925496906]}, "properties" : {"name" : "全國電子股份有限公司新北市第六十三分公司", "address" : "234新北市永和區永和路一段122號", "city" : "新北市", "district" : "永和區", "tel" : "02-22989922-5302", "store_type" : "連鎖型綠色商店", "source_dataset" : "ntpe_6ccd0274", "store_code" : "F002182"}}, {"type" : "Feature", "geometry" : {"type" : "Point", "coordinates" : [121.424084874533, 25.038799692429]}, "properties" : {"name" : "全國電子股份有限公司新北市第六十五分公司", "address" : "243新北市泰山區明志路三段188,190號", "city" : "新北市", "district" : "泰山區", "tel" : "02-22989922-5302", "store_type" : "連鎖型綠色商店", "source_dataset" : "ntpe_6ccd0274", "store_code" : "F002183"}}, {"type" : "Feature", "geometry" : {"type" : "Point", "coordinates" : [121.456370037727, 24.987903016148]}, "properties" : {"name" : "全國電子股份有限公司新北市第六十六分公司", "address" : "236新北市土城區學府路一段93號", "city" : "新北市", "district" : "土城區", "tel" : "02-22989922-5302", "store_type" : "連鎖型綠色商店", "source_dataset" : "ntpe_6ccd0274", "store_code" : "F002180"}}, {"type" : "Feature", "geometry" : {"type" : "Point", "coordinates" : [121.482291995307, 25.067913017733]}, "properties" : {"name" : "全國電子股份有限公司新北市第六十分公司", "address" : "241新北市三重區忠孝路二段160號", "city" : "新北市", "district" : "三重區", "tel" : "22989922#5302", "store_type" : "連鎖型綠色商店", "source_dataset" : "ntpe_6ccd0274", "store_code" : "F002161"}}, {"type" : "Feature", "geometry" : {"type" : "Point", "coordinates" : [121.460469961846, 25.00181001844]}, "properties" : {"name" : "全國電子股份有限公司新北市第六十四分公司", "address" : "220新北市板橋區忠孝路42,44號", "city" : "新北市", "district" : "板橋區", "tel" : "02-22989922-5302", "store_type" : "連鎖型綠色商店", "source_dataset" : "ntpe_6ccd0274", "store_code" : "F002184"}}, {"type" : "Feature", "geometry" : {"type" : "Point", "coordinates" : [121.463374375116, 25.000521217007]}, "properties" : {"name" : "全國電子股份有限公司新北市第六分公司", "address" : "220新北市板橋區重慶路247號 ", "city" : "新北市", "district" : "板橋區", "tel" : "02-22989922#5302", "store_type" : "連鎖型綠色商店", "source_dataset" : "ntpe_6ccd0274", "store_code" : "F000073"}}, {"type" : "Feature", "geometry" : {"type" : "Point", "coordinates" : [121.46337403984, 25.08222298002]}, "properties" : {"name" : "全國電子股份有限公司新北市第四十一分公司", "address" : "247新北市蘆洲區長榮路23號", "city" : "新北市", "district" : "蘆洲區", "tel" : "02-22989922#5302", "store_type" : "連鎖型綠色商店", "source_dataset" : "ntpe_6ccd0274", "store_code" : "F000075"}}, {"type" : "Feature", "geometry" : {"type" : "Point", "coordinates" : [121.509694029349, 25.001308990177]}, "properties" : {"name" : "全國電子股份有限公司新北市第四十七分公司", "address" : "234新北市永和區中和路443號", "city" : "新北市", "district" : "永和區", "tel" : "02-22989922#5302", "store_type" : "連鎖型綠色商店", "source_dataset" : "ntpe_6ccd0274", "store_code" : "F000082"}}, {"type" : "Feature", "geometry" : {"type" : "Point", "coordinates" : [121.444937959986, 25.049774788809]}, "properties" : {"name" : "全國電子股份有限公司新北市第四十九分公司", "address" : "242新北市新莊區中平路262號", "city" : "新北市", "district" : "新莊區", "tel" : "02-22989922#5302", "store_type" : "連鎖型綠色商店", "source_dataset" : "ntpe_6ccd0274", "store_code" : "F000083"}}, {"type" : "Feature", "geometry" : {"type" : "Point", "coordinates" : [121.497061411616, 25.00117198797]}, "properties" : {"name" : "全國電子股份有限公司新北市第四十二分公司", "address" : "235新北市中和區景平路672、672-1、674、674-1號", "city" : "新北市", "district" : "中和區", "tel" : "02-22989922#5302", "store_type" : "連鎖型綠色商店", "source_dataset" : "ntpe_6ccd0274", "store_code" : "F000076"}}, {"type" : "Feature", "geometry" : {"type" : "Point", "coordinates" : [121.373626990883, 24.935454304766]}, "properties" : {"name" : "全國電子股份有限公司新北市第四十八分公司", "address" : "237新北市三峽區民生街106-2號", "city" : "新北市", "district" : "三峽區", "tel" : "02-22989922#5302", "store_type" : "連鎖型綠色商店", "source_dataset" : "ntpe_6ccd0274", "store_code" : "F000023"}}, {"type" : "Feature", "geometry" : {"type" : "Point", "coordinates" : [121.461645607586, 25.022195603243]}, "properties" : {"name" : "全國電子股份有限公司新北市第四十三分公司", "address" : "220新北市板橋區新海路92號", "city" : "新北市", "district" : "板橋區", "tel" : "02-22989922#5302", "store_type" : "連鎖型綠色商店", "source_dataset" : "ntpe_6ccd0274", "store_code" : "F000077"}}, {"type" : "Feature", "geometry" : {"type" : "Point", "coordinates" : [121.444491958918, 25.169693001159]}, "properties" : {"name" : "全國電子股份有限公司新北市第四十六分公司", "address" : "251新北市淡水區中山路24、26號", "city" : "新北市", "district" : "淡水區", "tel" : "02-22989922#5302", "store_type" : "連鎖型綠色商店", "source_dataset" : "ntpe_6ccd0274", "store_code" : "F000081"}}, {"type" : "Feature", "geometry" : {"type" : "Point", "coordinates" : [121.510303561348, 25.009997712919]}, "properties" : {"name" : "全國電子股份有限公司新北市第四十分公司", "address" : "234新北市永和區中山路一段134、136號", "city" : "新北市", "district" : "永和區", "tel" : "02-22989922#5302", "store_type" : "連鎖型綠色商店", "source_dataset" : "ntpe_6ccd0274", "store_code" : "F000074"}}, {"type" : "Feature", "geometry" : {"type" : "Point", "coordinates" : [121.493367003972, 25.071853979059]}, "properties" : {"name" : "全國電子股份有限公司新北市第四十四分公司", "address" : "241新北市三重區正義北路351號", "city" : "新北市", "district" : "三重區", "tel" : "02-22989922#5302", "store_type" : "連鎖型綠色商店", "source_dataset" : "ntpe_6ccd0274", "store_code" : "F000079"}}, {"type" : "Feature", "geometry" : {"type" : "Point", "coordinates" : [121.449073507194, 25.035518303064]}, "properties" : {"name" : "全國電子股份有限公司新北市第四分公司", "address" : "242新北市新莊區中正路212號", "city" : "新北市", "district" : "新莊區", "tel" : "02-22989922#5302", "store_type" : "連鎖型綠色商店", "source_dataset" : "ntpe_6ccd0274", "store_code" : "F000017"}}, {"type" : "Feature", "geometry" : {"type" : "Point", "coordinates" : [121.465892717925, 25.080171006303]}, "properties" : {"name" : "全聯實業股份有限公司-九芎店", "address" : "247新北市蘆洲區九芎街90巷6、8、10號1樓", "city" : "新北市", "district" : "蘆洲區", "tel" : "02-82833529", "store_type" : "連鎖型綠色商店", "source_dataset" : "ntpe_6ccd0274", "store_code" : "F000122"}}, {"type" : "Feature", "geometry" : {"type" : "Point", "coordinates" : [121.436291021032, 25.079913011324]}, "properties" : {"name" : "全聯實業股份有限公司五股分公司", "address" : "248新北市五股區德音村成泰路1段235-13號1樓", "city" : "新北市", "district" : "五股區", "tel" : "02-82953966", "store_type" : "連鎖型綠色商店", "source_dataset" : "ntpe_6ccd0274", "store_code" : "F000124"}}, {"type" : "Feature", "geometry" : {"type" : "Point", "coordinates" : [121.654096032332, 25.065489013244]}, "properties" : {"name" : "全聯實業股份有限公司汐止大同店", "address" : "221新北市汐止區大同路2段240號b1", "city" : "新北市", "district" : "汐止區", "tel" : "02-26490272", "store_type" : "連鎖型綠色商店", "source_dataset" : "ntpe_6ccd0274", "store_code" : "F000216"}}, {"type" : "Feature", "geometry" : {"type" : "Point", "coordinates" : [121.66587201956, 25.071856996544]}, "properties" : {"name" : "全聯實業股份有限公司汐止忠孝分公司", "address" : "221新北市汐止區忠孝東路429號", "city" : "新北市", "district" : "汐止區", "tel" : "02-86476668", "store_type" : "連鎖型綠色商店", "source_dataset" : "ntpe_6ccd0274", "store_code" : "F000204"}}, {"type" : "Feature", "geometry" : {"type" : "Point", "coordinates" : [121.663426391428, 25.072994827992]}, "properties" : {"name" : "全聯實業股份有限公司汐止建成分公司", "address" : "221新北市汐止區建成路58號B1", "city" : "新北市", "district" : "汐止區", "tel" : "02-26416373", "store_type" : "連鎖型綠色商店", "source_dataset" : "ntpe_6ccd0274", "store_code" : "F000195"}}, {"type" : "Feature", "geometry" : {"type" : "Point", "coordinates" : [121.630935241296, 25.067956813177]}, "properties" : {"name" : "全聯實業股份有限公司汐止康寧分公司", "address" : "221新北市汐止區康寧街430號", "city" : "新北市", "district" : "汐止區", "tel" : "02-26954980", "store_type" : "連鎖型綠色商店", "source_dataset" : "ntpe_6ccd0274", "store_code" : "F000212"}}, {"type" : "Feature", "geometry" : {"type" : "Point", "coordinates" : [121.655182204292, 25.064264223842]}, "properties" : {"name" : "全聯實業股份有限公司汐止龍安分公司", "address" : "221新北市汐止區龍安路28巷6號B1", "city" : "新北市", "district" : "汐止區", "tel" : "02-26494296", "store_type" : "連鎖型綠色商店", "source_dataset" : "ntpe_6ccd0274", "store_code" : "F000202"}}, {"type" : "Feature", "geometry" : {"type" : "Point", "coordinates" : [121.460994191625, 25.136622957077]}, "properties" : {"name" : "全聯實業股份有限公司竹圍分公司", "address" : "251新北市淡水區民族路31號B1", "city" : "新北市", "district" : "淡水區", "tel" : "02-26242377", "store_type" : "連鎖型綠色商店", "source_dataset" : "ntpe_6ccd0274", "store_code" : "F000112"}}, {"type" : "Feature", "geometry" : {"type" : "Point", "coordinates" : [121.481270911862, 25.082762984132]}, "properties" : {"name" : "全聯實業股份有限公司重陽分公司", "address" : "247新北市蘆洲區重陽街46號1樓", "city" : "新北市", "district" : "蘆洲區", "tel" : "02-28486699", "store_type" : "連鎖型綠色商店", "source_dataset" : "ntpe_6ccd0274", "store_code" : "F000121"}}, {"type" : "Feature", "geometry" : {"type" : "Point", "coordinates" : [121.44648802534, 25.177829985124]}, "properties" : {"name" : "全聯實業股份有限公司淡大分公司", "address" : "251新北市淡水區大忠街89號1樓", "city" : "新北市", "district" : "淡水區", "tel" : "02-26296697", "store_type" : "連鎖型綠色商店", "source_dataset" : "ntpe_6ccd0274", "store_code" : "F000111"}}, {"type" : "Feature", "geometry" : {"type" : "Point", "coordinates" : [121.446697004389, 25.169175315505]}, "properties" : {"name" : "全聯實業股份有限公司淡水博愛分公司", "address" : "251新北市淡水區博愛街51巷5號1F、B1", "city" : "新北市", "district" : "淡水區", "tel" : "02-26266229", "store_type" : "連鎖型綠色商店", "source_dataset" : "ntpe_6ccd0274", "store_code" : "F000114"}}, {"type" : "Feature", "geometry" : {"type" : "Point", "coordinates" : [121.470504692509, 25.089989400045]}, "properties" : {"name" : "全聯實業股份有限公司蘆洲民族分公司", "address" : "247新北市蘆洲區水湳街74號1、2樓", "city" : "新北市", "district" : "蘆洲區", "tel" : "02-82832182", "store_type" : "連鎖型綠色商店", "source_dataset" : "ntpe_6ccd0274", "store_code" : "F000119"}}, {"type" : "Feature", "geometry" : {"type" : "Point", "coordinates" : [121.523203058878, 24.999697317835]}, "properties" : {"name" : "成和機車有限公司", "address" : "234新北市永和區得和路313號", "city" : "新北市", "district" : "永和區", "tel" : "29288538", "store_type" : "連鎖型綠色商店", "source_dataset" : "ntpe_6ccd0274", "store_code" : "F002096"}}, {"type" : "Feature", "geometry" : {"type" : "Point", "coordinates" : [121.460139966318, 25.026331988641]}, "properties" : {"name" : "有利車業有限公司", "address" : "220新北市板橋區互助街94號", "city" : "新北市", "district" : "板橋區", "tel" : "22563364", "store_type" : "連鎖型綠色商店", "source_dataset" : "ntpe_6ccd0274", "store_code" : "F002047"}}, {"type" : "Feature", "geometry" : {"type" : "Point", "coordinates" : [121.45483497598, 24.982483990017]}, "properties" : {"name" : "自來車行", "address" : "236新北市土城區裕民路270號", "city" : "新北市", "district" : "土城區", "tel" : "22616353", "store_type" : "連鎖型綠色商店", "source_dataset" : "ntpe_6ccd0274", "store_code" : "F002148"}}, {"type" : "Feature", "geometry" : {"type" : "Point", "coordinates" : [121.513504023437, 24.988220983645]}, "properties" : {"name" : "佑泰車業有限公司", "address" : "235新北市中和區景新街467巷1號", "city" : "新北市", "district" : "中和區", "tel" : "29489000", "store_type" : "連鎖型綠色商店", "source_dataset" : "ntpe_6ccd0274", "store_code" : "F002090"}}, {"type" : "Feature", "geometry" : {"type" : "Point", "coordinates" : [121.521630027109, 25.005892005286]}, "properties" : {"name" : "呈運機車行", "address" : "234新北市永和區永亨路75號", "city" : "新北市", "district" : "永和區", "tel" : "29286290", "store_type" : "連鎖型綠色商店", "source_dataset" : "ntpe_6ccd0274", "store_code" : "F002101"}}, {"type" : "Feature", "geometry" : {"type" : "Point", "coordinates" : [121.520620594509, 25.009839420677]}, "properties" : {"name" : "宏健機車行", "address" : "234新北市永和區竹林路177號", "city" : "新北市", "district" : "永和區", "tel" : "89282338", "store_type" : "連鎖型綠色商店", "source_dataset" : "ntpe_6ccd0274", "store_code" : "F002110"}}, {"type" : "Feature", "geometry" : {"type" : "Point", "coordinates" : [121.510174982953, 25.016478013721]}, "properties" : {"name" : "宏億車行", "address" : "234新北市永和區文化路165號", "city" : "新北市", "district" : "永和區", "tel" : "89218921", "store_type" : "連鎖型綠色商店", "source_dataset" : "ntpe_6ccd0274", "store_code" : "F002103"}}, {"type" : "Feature", "geometry" : {"type" : "Point", "coordinates" : [121.512441030476, 25.01418401255]}, "properties" : {"name" : "宏聯機車行", "address" : "234新北市永和區信義路106號", "city" : "新北市", "district" : "永和區", "tel" : "22314318", "store_type" : "連鎖型綠色商店", "source_dataset" : "ntpe_6ccd0274", "store_code" : "F002137"}}, {"type" : "Feature", "geometry" : {"type" : "Point", "coordinates" : [121.502186023398, 25.006990998521]}, "properties" : {"name" : "志宏機車行", "address" : "235新北市中和區中山路2段2巷45弄4號", "city" : "新北市", "district" : "中和區", "tel" : "22469536", "store_type" : "連鎖型綠色商店", "source_dataset" : "ntpe_6ccd0274", "store_code" : "F002133"}}, {"type" : "Feature", "geometry" : {"type" : "Point", "coordinates" : [121.481172005404, 24.998813990969]}, "properties" : {"name" : "良力車業有限公司", "address" : "235新北市中和區員山路257號", "city" : "新北市", "district" : "中和區", "tel" : "22260793", "store_type" : "連鎖型綠色商店", "source_dataset" : "ntpe_6ccd0274", "store_code" : "F002076"}}, {"type" : "Feature", "geometry" : {"type" : "Point", "coordinates" : [121.508042040052, 24.986816009035]}, "properties" : {"name" : "佳順機車行", "address" : "235新北市中和區南山路543號", "city" : "新北市", "district" : "中和區", "tel" : "29464366", "store_type" : "連鎖型綠色商店", "source_dataset" : "ntpe_6ccd0274", "store_code" : "F002064"}}, {"type" : "Feature", "geometry" : {"type" : "Point", "coordinates" : [121.497411020797, 25.005355982578]}, "properties" : {"name" : "佳慶機車行", "address" : "235新北市中和區永和路88之4號1樓", "city" : "新北市", "district" : "中和區", "tel" : "22483320", "store_type" : "連鎖型綠色商店", "source_dataset" : "ntpe_6ccd0274", "store_code" : "F002085"}}, {"type" : "Feature", "geometry" : {"type" : "Point", "coordinates" : [121.458846973935, 25.026697984443]}, "properties" : {"name" : "來興車業有限公司", "address" : "220新北市板橋區新海路398號", "city" : "新北市", "district" : "板橋區", "tel" : "22566065", "store_type" : "連鎖型綠色商店", "source_dataset" : "ntpe_6ccd0274", "store_code" : "F002045"}}, {"type" : "Feature", "geometry" : {"type" : "Point", "coordinates" : [121.466487665412, 25.00839781715]}, "properties" : {"name" : "協泰車業有限公司", "address" : "220新北市板橋區民族路93號", "city" : "新北市", "district" : "板橋區", "tel" : "29616060", "store_type" : "連鎖型綠色商店", "source_dataset" : "ntpe_6ccd0274", "store_code" : "F002154"}}, {"type" : "Feature", "geometry" : {"type" : "Point", "coordinates" : [121.632571388796, 25.056058492072]}, "properties" : {"name" : "固德汽車股份有限公司", "address" : "221新北市汐止區大同路一段156-2號", "city" : "新北市", "district" : "汐止區", "tel" : "02-25066898", "store_type" : "連鎖型綠色商店", "source_dataset" : "ntpe_6ccd0274", "store_code" : "F001991"}}, {"type" : "Feature", "geometry" : {"type" : "Point", "coordinates" : [121.511179973144, 24.992369983807]}, "properties" : {"name" : "奇典機車行", "address" : "235新北市中和區景新街311號", "city" : "新北市", "district" : "中和區", "tel" : "29414356", "store_type" : "連鎖型綠色商店", "source_dataset" : "ntpe_6ccd0274", "store_code" : "F002094"}}, {"type" : "Feature", "geometry" : {"type" : "Point", "coordinates" : [121.50001997198, 24.991504007481]}, "properties" : {"name" : "尚成車業行", "address" : "235新北市中和區中興街133號", "city" : "新北市", "district" : "中和區", "tel" : "22451788", "store_type" : "連鎖型綠色商店", "source_dataset" : "ntpe_6ccd0274", "store_code" : "F002066"}}, {"type" : "Feature", "geometry" : {"type" : "Point", "coordinates" : [121.463225009601, 25.016861988705]}, "properties" : {"name" : "忠山機車行", "address" : "220新北市板橋區文化路一段205號", "city" : "新北市", "district" : "板橋區", "tel" : "29661923", "store_type" : "連鎖型綠色商店", "source_dataset" : "ntpe_6ccd0274", "store_code" : "F002046"}}, {"type" : "Feature", "geometry" : {"type" : "Point", "coordinates" : [121.460819990123, 25.018209002455]}, "properties" : {"name" : "旺昇機車行", "address" : "220新北市板橋區國光路180號", "city" : "新北市", "district" : "板橋區", "tel" : "29673210", "store_type" : "連鎖型綠色商店", "source_dataset" : "ntpe_6ccd0274", "store_code" : "F002042"}}, {"type" : "Feature", "geometry" : {"type" : "Point", "coordinates" : [121.497408003312, 24.995222010182]}, "properties" : {"name" : "旺泰機車行", "address" : "235新北市中和區圓通路162-3號", "city" : "新北市", "district" : "中和區", "tel" : "22427128", "store_type" : "連鎖型綠色商店", "source_dataset" : "ntpe_6ccd0274", "store_code" : "F002061"}}, {"type" : "Feature", "geometry" : {"type" : "Point", "coordinates" : [121.466386998755, 24.994260689707]}, "properties" : {"name" : "明展機車行", "address" : "235新北市中和區民德路332號", "city" : "新北市", "district" : "中和區", "tel" : "29626622", "store_type" : "連鎖型綠色商店", "source_dataset" : "ntpe_6ccd0274", "store_code" : "F002105"}}, {"type" : "Feature", "geometry" : {"type" : "Point", "coordinates" : [121.454920890487, 25.016556091149]}, "properties" : {"name" : "明德車業行", "address" : "220新北市板橋區大仁街41號", "city" : "新北市", "district" : "板橋區", "tel" : "29681854", "store_type" : "連鎖型綠色商店", "source_dataset" : "ntpe_6ccd0274", "store_code" : "F002041"}}, {"type" : "Feature", "geometry" : {"type" : "Point", "coordinates" : [121.461375458847, 25.030580481994]}, "properties" : {"name" : "明興機車行", "address" : "220新北市板橋區長江路一段359號", "city" : "新北市", "district" : "板橋區", "tel" : "22567976", "store_type" : "連鎖型綠色商店", "source_dataset" : "ntpe_6ccd0274", "store_code" : "F002034"}}, {"type" : "Feature", "geometry" : {"type" : "Point", "coordinates" : [121.465268014681, 25.027223990777]}, "properties" : {"name" : "昇龍國際車業有限公司", "address" : "220新北市板橋區民生路3段179號", "city" : "新北市", "district" : "板橋區", "tel" : "22597313", "store_type" : "連鎖型綠色商店", "source_dataset" : "ntpe_6ccd0274", "store_code" : "F002155"}}, {"type" : "Feature", "geometry" : {"type" : "Point", "coordinates" : [121.525342036749, 25.001671004576]}, "properties" : {"name" : "昇鴻車業有限公司", "address" : "234新北市永和區秀朗路2段167號", "city" : "新北市", "district" : "永和區", "tel" : "29203504", "store_type" : "連鎖型綠色商店", "source_dataset" : "ntpe_6ccd0274", "store_code" : "F002109"}}, {"type" : "Feature", "geometry" : {"type" : "Point", "coordinates" : [121.513425987919, 25.015388994951]}, "properties" : {"name" : "東政機車行", "address" : "234新北市永和區文化路112號", "city" : "新北市", "district" : "永和區", "tel" : "29272615", "store_type" : "連鎖型綠色商店", "source_dataset" : "ntpe_6ccd0274", "store_code" : "F002102"}}, {"type" : "Feature", "geometry" : {"type" : "Point", "coordinates" : [121.483250968849, 25.004869999832]}, "properties" : {"name" : "東茂車業有限公司", "address" : "235新北市中和區中山路2段475號", "city" : "新北市", "district" : "中和區", "tel" : "22223327", "store_type" : "連鎖型綠色商店", "source_dataset" : "ntpe_6ccd0274", "store_code" : "F002072"}}, {"type" : "Feature", "geometry" : {"type" : "Point", "coordinates" : [121.458618064159, 25.008417388894]}, "properties" : {"name" : "板橋市農會", "address" : "220新北市板橋區府中路29-1號", "city" : "新北市", "district" : "板橋區", "tel" : "02-89656868#715", "store_type" : "連鎖型綠色商店", "source_dataset" : "ntpe_6ccd0274", "store_code" : "F000159"}}, {"type" : "Feature", "geometry" : {"type" : "Point", "coordinates" : [121.450543022459, 25.00868699281]}, "properties" : {"name" : "欣展車業行", "address" : "220新北市板橋區大觀路一段8號", "city" : "新北市", "district" : "板橋區", "tel" : "29652668", "store_type" : "連鎖型綠色商店", "source_dataset" : "ntpe_6ccd0274", "store_code" : "F002048"}}, {"type" : "Feature", "geometry" : {"type" : "Point", "coordinates" : [121.459679967472, 25.029802012737]}, "properties" : {"name" : "欣富車業行", "address" : "220新北市板橋區長江路一段109號", "city" : "新北市", "district" : "板橋區", "tel" : "22501151", "store_type" : "連鎖型綠色商店", "source_dataset" : "ntpe_6ccd0274", "store_code" : "F002037"}}, {"type" : "Feature", "geometry" : {"type" : "Point", "coordinates" : [121.501057735412, 25.258492308323]}, "properties" : {"name" : "芝農商行", "address" : "252新北市三芝區中山路1段6號", "city" : "新北市", "district" : "三芝區", "tel" : "26363111", "store_type" : "連鎖型綠色商店", "source_dataset" : "ntpe_6ccd0274", "store_code" : "F000103"}}, {"type" : "Feature", "geometry" : {"type" : "Point", "coordinates" : [121.482265089397, 24.987103089219]}, "properties" : {"name" : "金馴車行", "address" : "235新北市中和區員山路286巷1號", "city" : "新北市", "district" : "中和區", "tel" : "22211005", "store_type" : "連鎖型綠色商店", "source_dataset" : "ntpe_6ccd0274", "store_code" : "F002071"}}, {"type" : "Feature", "geometry" : {"type" : "Point", "coordinates" : [121.468346771537, 24.9909231835]}, "properties" : {"name" : "長新機車行", "address" : "236新北市土城區延平街14號", "city" : "新北市", "district" : "土城區", "tel" : "22647762", "store_type" : "連鎖型綠色商店", "source_dataset" : "ntpe_6ccd0274", "store_code" : "F002122"}}, {"type" : "Feature", "geometry" : {"type" : "Point", "coordinates" : [121.499137022299, 24.999852005858]}, "properties" : {"name" : "信隆機車行", "address" : "235新北市中和區泰和街42號", "city" : "新北市", "district" : "中和區", "tel" : "22493018", "store_type" : "連鎖型綠色商店", "source_dataset" : "ntpe_6ccd0274", "store_code" : "F002068"}}, {"type" : "Feature", "geometry" : {"type" : "Point", "coordinates" : [121.467756015001, 25.032134989757]}, "properties" : {"name" : "建發車業行", "address" : "220新北市板橋區長江路2段210號", "city" : "新北市", "district" : "板橋區", "tel" : "22525308", "store_type" : "連鎖型綠色商店", "source_dataset" : "ntpe_6ccd0274", "store_code" : "F002038"}}, {"type" : "Feature", "geometry" : {"type" : "Point", "coordinates" : [121.454539010979, 24.995326993519]}, "properties" : {"name" : "建榮機車行", "address" : "220新北市板橋區四川路二段29號", "city" : "新北市", "district" : "板橋區", "tel" : "02-89668703", "store_type" : "連鎖型綠色商店", "source_dataset" : "ntpe_6ccd0274", "store_code" : "F002158"}}, {"type" : "Feature", "geometry" : {"type" : "Point", "coordinates" : [121.523802029679, 25.008081987038]}, "properties" : {"name" : "彥銘機車行", "address" : "234新北市永和區福和路29號1樓", "city" : "新北市", "district" : "永和區", "tel" : "29218584", "store_type" : "連鎖型綠色商店", "source_dataset" : "ntpe_6ccd0274", "store_code" : "F002097"}}, {"type" : "Feature", "geometry" : {"type" : "Point", "coordinates" : [121.515787002405, 24.986085987178]}, "properties" : {"name" : "泉和車業有限公司", "address" : "231新北市新店區安和路3段175號", "city" : "新北市", "district" : "新店區", "tel" : "29455555", "store_type" : "連鎖型綠色商店", "source_dataset" : "ntpe_6ccd0274", "store_code" : "F002078"}}, {"type" : "Feature", "geometry" : {"type" : "Point", "coordinates" : [121.527027972754, 25.002142989543]}, "properties" : {"name" : "皇偉機車行", "address" : "234新北市永和區成功路1段115號", "city" : "新北市", "district" : "永和區", "tel" : "29284462", "store_type" : "連鎖型綠色商店", "source_dataset" : "ntpe_6ccd0274", "store_code" : "F002106"}}, {"type" : "Feature", "geometry" : {"type" : "Point", "coordinates" : [121.465577977461, 24.984043987926]}, "properties" : {"name" : "家福股份有限公司土城福益分公司", "address" : "236新北市土城區明德路一段67號", "city" : "新北市", "district" : "土城區", "tel" : "02-2261-6611", "store_type" : "連鎖型綠色商店", "source_dataset" : "ntpe_6ccd0274", "store_code" : "F002025"}}, {"type" : "Feature", "geometry" : {"type" : "Point", "coordinates" : [121.495888848732, 25.002207943008]}, "properties" : {"name" : "家福股份有限公司中和分公司", "address" : "235新北市中和區中山路二段295號B2", "city" : "新北市", "district" : "中和區", "tel" : "(02)8245-5566#880", "store_type" : "連鎖型綠色商店", "source_dataset" : "ntpe_6ccd0274", "store_code" : "F000034"}}, {"type" : "Feature", "geometry" : {"type" : "Point", "coordinates" : [121.379579705643, 24.947839472836]}, "properties" : {"name" : "家福股份有限公司北大分公司", "address" : "238新北市樹林區大雅路288號B1", "city" : "新北市", "district" : "樹林區", "tel" : "02-3501-6879", "store_type" : "連鎖型綠色商店", "source_dataset" : "ntpe_6ccd0274", "store_code" : "F002021"}}, {"type" : "Feature", "geometry" : {"type" : "Point", "coordinates" : [121.459042262944, 24.983424874706]}, "properties" : {"name" : "家福股份有限公司台北土城分公司", "address" : "236新北市土城區青雲路152號B1", "city" : "新北市", "district" : "土城區", "tel" : "(02)2265-6001#880", "store_type" : "連鎖型綠色商店", "source_dataset" : "ntpe_6ccd0274", "store_code" : "F000011"}}, {"type" : "Feature", "geometry" : {"type" : "Point", "coordinates" : [121.648640335374, 25.060552114183]}, "properties" : {"name" : "家福股份有限公司台北汐止分公司", "address" : "221新北市汐止區新台五路一段108號B1", "city" : "新北市", "district" : "汐止區", "tel" : "02-2696-2277#880", "store_type" : "連鎖型綠色商店", "source_dataset" : "ntpe_6ccd0274", "store_code" : "F000013"}}, {"type" : "Feature", "geometry" : {"type" : "Point", "coordinates" : [121.374334004416, 25.077590008768]}, "properties" : {"name" : "家福股份有限公司台北林口分公司", "address" : "244新北市林口區文化二路一段559.561.563地下一樓", "city" : "新北市", "district" : "林口區", "tel" : "(02)2602-5858#872", "store_type" : "連鎖型綠色商店", "source_dataset" : "ntpe_6ccd0274", "store_code" : "F000029"}}, {"type" : "Feature", "geometry" : {"type" : "Point", "coordinates" : [121.546235439156, 24.975877918757]}, "properties" : {"name" : "家福股份有限公司台北新店分公司", "address" : "231新北市新店區中興路三段1號", "city" : "新北市", "district" : "新店區", "tel" : "02-89193333#880", "store_type" : "連鎖型綠色商店", "source_dataset" : "ntpe_6ccd0274", "store_code" : "F000012"}}, {"type" : "Feature", "geometry" : {"type" : "Point", "coordinates" : [121.510554012615, 25.002354003956]}, "properties" : {"name" : "家福股份有限公司永和永安分公司", "address" : "234新北市永和區中和路499-1號", "city" : "新北市", "district" : "永和區", "tel" : "02-2232-7755", "store_type" : "連鎖型綠色商店", "source_dataset" : "ntpe_6ccd0274", "store_code" : "F002028"}}, {"type" : "Feature", "geometry" : {"type" : "Point", "coordinates" : [121.454877975143, 25.0095440005]}, "properties" : {"name" : "家福股份有限公司府中分公司", "address" : "220新北市板橋區府中路126號1樓", "city" : "新北市", "district" : "板橋區", "tel" : "02-22729000#803", "store_type" : "連鎖型綠色商店", "source_dataset" : "ntpe_6ccd0274", "store_code" : "F000123"}}, {"type" : "Feature", "geometry" : {"type" : "Point", "coordinates" : [121.479411973376, 25.017810191502]}, "properties" : {"name" : "家福股份有限公司板橋分公司", "address" : "220新北市板橋區三民路二段31號B1", "city" : "新北市", "district" : "板橋區", "tel" : "02-29642988#881", "store_type" : "連鎖型綠色商店", "source_dataset" : "ntpe_6ccd0274", "store_code" : "F000033"}}, {"type" : "Feature", "geometry" : {"type" : "Point", "coordinates" : [121.467123097492, 25.043069685364]}, "properties" : {"name" : "家福股份有限公司重新分公司", "address" : "241新北市三重區重新路5段654號", "city" : "新北市", "district" : "三重區", "tel" : "02-29995000#880", "store_type" : "連鎖型綠色商店", "source_dataset" : "ntpe_6ccd0274", "store_code" : "F000032"}}, {"type" : "Feature", "geometry" : {"type" : "Point", "coordinates" : [121.445024125951, 25.045630901608]}, "properties" : {"name" : "家福股份有限公司新莊中平分公司", "address" : "242新北市新莊區中平路108號B1", "city" : "新北市", "district" : "新莊區", "tel" : "02-89925678", "store_type" : "連鎖型綠色商店", "source_dataset" : "ntpe_6ccd0274", "store_code" : "F002029"}}, {"type" : "Feature", "geometry" : {"type" : "Point", "coordinates" : [121.420940319738, 24.99648868339]}, "properties" : {"name" : "家福股份有限公司樹林分公司", "address" : "238新北市樹林區大安路118號", "city" : "新北市", "district" : "樹林區", "tel" : "(02)2681-0000#881", "store_type" : "連鎖型綠色商店", "source_dataset" : "ntpe_6ccd0274", "store_code" : "F000014"}}, {"type" : "Feature", "geometry" : {"type" : "Point", "coordinates" : [121.486479929409, 25.087995387189]}, "properties" : {"name" : "家福股份有限公司蘆洲分公司", "address" : "241新北市三重區五華街282號", "city" : "新北市", "district" : "三重區", "tel" : "02-82879000#880", "store_type" : "連鎖型綠色商店", "source_dataset" : "ntpe_6ccd0274", "store_code" : "F000100"}}, {"type" : "Feature", "geometry" : {"type" : "Point", "coordinates" : [121.523290985042, 25.007936980113]}, "properties" : {"name" : "展欣機車行", "address" : "234新北市永和區福和路49號", "city" : "新北市", "district" : "永和區", "tel" : "29212248", "store_type" : "連鎖型綠色商店", "source_dataset" : "ntpe_6ccd0274", "store_code" : "F002121"}}, {"type" : "Feature", "geometry" : {"type" : "Point", "coordinates" : [121.394323837661, 24.972393980703]}, "properties" : {"name" : "展龍車業行", "address" : "238新北市樹林區中山路3段193號", "city" : "新北市", "district" : "樹林區", "tel" : "26685516", "store_type" : "連鎖型綠色商店", "source_dataset" : "ntpe_6ccd0274", "store_code" : "F002140"}}, {"type" : "Feature", "geometry" : {"type" : "Point", "coordinates" : [121.446491964835, 25.089126986027]}, "properties" : {"name" : "振宇五金股份有限公司五股芳洲分公司", "address" : "248新北市五股區芳洲八路178號", "city" : "新北市", "district" : "五股區", "tel" : "02-22910271", "store_type" : "連鎖型綠色商店", "source_dataset" : "ntpe_6ccd0274", "store_code" : "F002326"}}, {"type" : "Feature", "geometry" : {"type" : "Point", "coordinates" : [121.365596037994, 25.074925988482]}, "properties" : {"name" : "振宇五金股份有限公司林口忠孝分公司", "address" : "244新北市林口區忠孝路69號", "city" : "新北市", "district" : "林口區", "tel" : "02-26006271", "store_type" : "連鎖型綠色商店", "source_dataset" : "ntpe_6ccd0274", "store_code" : "F002323"}}, {"type" : "Feature", "geometry" : {"type" : "Point", "coordinates" : [121.455982290886, 25.161515909788]}, "properties" : {"name" : "振宇五金股份有限公司淡水淡金分公司", "address" : "251新北市淡水區淡金路6號1樓", "city" : "新北市", "district" : "淡水區", "tel" : "02-86268016", "store_type" : "連鎖型綠色商店", "source_dataset" : "ntpe_6ccd0274", "store_code" : "F002327"}}, {"type" : "Feature", "geometry" : {"type" : "Point", "coordinates" : [121.533448007672, 24.985803307493]}, "properties" : {"name" : "振宇五金股份有限公司新店中正分公司", "address" : "231新北市新店區中正路533號", "city" : "新北市", "district" : "新店區", "tel" : "02-82181151", "store_type" : "連鎖型綠色商店", "source_dataset" : "ntpe_6ccd0274", "store_code" : "F002322"}}, {"type" : "Feature", "geometry" : {"type" : "Point", "coordinates" : [121.43446200594, 25.021000008574]}, "properties" : {"name" : "振宇五金股份有限公司新莊新樹分公司", "address" : "242新北市新莊區新樹路267號1~2樓", "city" : "新北市", "district" : "新莊區", "tel" : "02-22039568", "store_type" : "連鎖型綠色商店", "source_dataset" : "ntpe_6ccd0274", "store_code" : "F002324"}}, {"type" : "Feature", "geometry" : {"type" : "Point", "coordinates" : [121.46067397737, 25.092893017034]}, "properties" : {"name" : "振宇五金股份有限公司蘆洲長榮分公司", "address" : "247新北市蘆洲區長榮路699號", "city" : "新北市", "district" : "蘆洲區", "tel" : "02-82858325", "store_type" : "連鎖型綠色商店", "source_dataset" : "ntpe_6ccd0274", "store_code" : "F002325"}}, {"type" : "Feature", "geometry" : {"type" : "Point", "coordinates" : [121.467300039468, 25.03232002027]}, "properties" : {"name" : "晉新輪業有限公司", "address" : "220新北市板橋區長江路2段197號", "city" : "新北市", "district" : "板橋區", "tel" : "22511026", "store_type" : "連鎖型綠色商店", "source_dataset" : "ntpe_6ccd0274", "store_code" : "F002040"}}, {"type" : "Feature", "geometry" : {"type" : "Point", "coordinates" : [121.471570032403, 25.024720693484]}, "properties" : {"name" : "晉豐機車展業行", "address" : "220新北市板橋區莊敬路155號", "city" : "新北市", "district" : "板橋區", "tel" : "22523913", "store_type" : "連鎖型綠色商店", "source_dataset" : "ntpe_6ccd0274", "store_code" : "F002051"}}, {"type" : "Feature", "geometry" : {"type" : "Point", "coordinates" : [121.487945168305, 25.05621277918]}, "properties" : {"name" : "特力屋(股)三重集美分公司", "address" : "241新北市三重區集美街18-3、18-5號", "city" : "新北市", "district" : "三重區", "tel" : "02-87916668#6554", "store_type" : "連鎖型綠色商店", "source_dataset" : "ntpe_6ccd0274", "store_code" : "F002307"}}, {"type" : "Feature", "geometry" : {"type" : "Point", "coordinates" : [121.518012984431, 25.000067001674]}, "properties" : {"name" : "特力屋(股)永和得和分公司", "address" : "234新北市永和區得和路102號B1", "city" : "新北市", "district" : "永和區", "tel" : "02-87916668#6554", "store_type" : "連鎖型綠色商店", "source_dataset" : "ntpe_6ccd0274", "store_code" : "F002306"}}, {"type" : "Feature", "geometry" : {"type" : "Point", "coordinates" : [121.386415204496, 25.07943813593]}, "properties" : {"name" : "特力屋(股)林口中山分公司", "address" : "244新北市林口區中山路248號B1 (3號A1區）", "city" : "新北市", "district" : "林口區", "tel" : "02-86019258#666", "store_type" : "連鎖型綠色商店", "source_dataset" : "ntpe_6ccd0274", "store_code" : "F002302"}}, {"type" : "Feature", "geometry" : {"type" : "Point", "coordinates" : [121.46865547703, 25.023421917587]}, "properties" : {"name" : "特力屋(股)板橋新埔分公司", "address" : "220新北市板橋區文化路一段360號地下層之17", "city" : "新北市", "district" : "板橋區", "tel" : "02-87916668#6554", "store_type" : "連鎖型綠色商店", "source_dataset" : "ntpe_6ccd0274", "store_code" : "F002304"}}, {"type" : "Feature", "geometry" : {"type" : "Point", "coordinates" : [121.461560805197, 25.080775144992]}, "properties" : {"name" : "特力屋(股)蘆洲長安分公司", "address" : "247新北市蘆洲區長安街101、103號", "city" : "新北市", "district" : "蘆洲區", "tel" : "02-87916668#6554", "store_type" : "連鎖型綠色商店", "source_dataset" : "ntpe_6ccd0274", "store_code" : "F002308"}}, {"type" : "Feature", "geometry" : {"type" : "Point", "coordinates" : [121.48027296247, 25.081583985631]}, "properties" : {"name" : "特力屋(股)蘆洲集賢分公司", "address" : "247新北市蘆洲區集賢路401號", "city" : "新北市", "district" : "蘆洲區", "tel" : "02-87916668#6554", "store_type" : "連鎖型綠色商店", "source_dataset" : "ntpe_6ccd0274", "store_code" : "F002303"}}, {"type" : "Feature", "geometry" : {"type" : "Point", "coordinates" : [121.382120978155, 24.946382143462]}, "properties" : {"name" : "特力屋股份有限公司三峽分公司", "address" : "238新北市樹林區大成路85號B1", "city" : "新北市", "district" : "樹林區", "tel" : "02-89705089#666", "store_type" : "連鎖型綠色商店", "source_dataset" : "ntpe_6ccd0274", "store_code" : "F002172"}}, {"type" : "Feature", "geometry" : {"type" : "Point", "coordinates" : [121.45899198086, 24.983346990768]}, "properties" : {"name" : "特力屋股份有限公司土城分公司", "address" : "236新北市土城區青雲路152號2F", "city" : "新北市", "district" : "土城區", "tel" : "02-8262-6000#666", "store_type" : "連鎖型綠色商店", "source_dataset" : "ntpe_6ccd0274", "store_code" : "F000006"}}, {"type" : "Feature", "geometry" : {"type" : "Point", "coordinates" : [121.496137725886, 25.002218887677]}, "properties" : {"name" : "特力屋股份有限公司中和分公司", "address" : "235新北市中和區中山路二段291號3~4F", "city" : "新北市", "district" : "中和區", "tel" : "02-22401888#666", "store_type" : "連鎖型綠色商店", "source_dataset" : "ntpe_6ccd0274", "store_code" : "F000004"}}, {"type" : "Feature", "geometry" : {"type" : "Point", "coordinates" : [121.647975063719, 25.061466998915]}, "properties" : {"name" : "特力屋股份有限公司汐止新台分公司", "address" : "221新北市汐止區新北市汐止區新台五路一段93之3號1樓", "city" : "新北市", "district" : "汐止區", "tel" : "02-87916668#5817", "store_type" : "連鎖型綠色商店", "source_dataset" : "ntpe_6ccd0274", "store_code" : "F002312"}}, {"type" : "Feature", "geometry" : {"type" : "Point", "coordinates" : [121.546235439156, 24.975877918757]}, "properties" : {"name" : "特力屋股份有限公司新店分公司", "address" : "231新北市新店區中興路三段一號四樓", "city" : "新北市", "district" : "新店區", "tel" : "02-2910-9988#666", "store_type" : "連鎖型綠色商店", "source_dataset" : "ntpe_6ccd0274", "store_code" : "F000003"}}, {"type" : "Feature", "geometry" : {"type" : "Point", "coordinates" : [121.422533803351, 25.029559608097]}, "properties" : {"name" : "特力屋股份有限公司新莊分公司", "address" : "242新北市新莊區中正路620號", "city" : "新北市", "district" : "新莊區", "tel" : "02-29061212#666", "store_type" : "連鎖型綠色商店", "source_dataset" : "ntpe_6ccd0274", "store_code" : "F000005"}}, {"type" : "Feature", "geometry" : {"type" : "Point", "coordinates" : [121.526429001953, 24.996855014468]}, "properties" : {"name" : "益成機車行", "address" : "234新北市永和區成功路2段152號", "city" : "新北市", "district" : "永和區", "tel" : "29434817", "store_type" : "連鎖型綠色商店", "source_dataset" : "ntpe_6ccd0274", "store_code" : "F002130"}}, {"type" : "Feature", "geometry" : {"type" : "Point", "coordinates" : [121.453885726411, 25.010824819776]}, "properties" : {"name" : "益昌車業行", "address" : "220新北市板橋區西門街24號", "city" : "新北市", "district" : "板橋區", "tel" : "29690230", "store_type" : "連鎖型綠色商店", "source_dataset" : "ntpe_6ccd0274", "store_code" : "F002151"}}, {"type" : "Feature", "geometry" : {"type" : "Point", "coordinates" : [121.465963964102, 25.020328701949]}, "properties" : {"name" : "國防部福利事業管理處板橋福利站", "address" : "220新北市板橋區文化路一段311之1號", "city" : "新北市", "district" : "板橋區", "tel" : "02-22550818", "store_type" : "連鎖型綠色商店", "source_dataset" : "ntpe_6ccd0274", "store_code" : "F000007"}}, {"type" : "Feature", "geometry" : {"type" : "Point", "coordinates" : [121.524363030458, 25.00285398448]}, "properties" : {"name" : "國防部福利總處秀朗福利站", "address" : "234新北市永和區永利路248號2樓", "city" : "新北市", "district" : "永和區", "tel" : "02-32332663", "store_type" : "連鎖型綠色商店", "source_dataset" : "ntpe_6ccd0274", "store_code" : "F000009"}}, {"type" : "Feature", "geometry" : {"type" : "Point", "coordinates" : [121.486439025722, 25.057597996228]}, "properties" : {"name" : "國都豐田汽車三重營業所", "address" : "241新北市三重區重陽路一段10號", "city" : "新北市", "district" : "三重區", "tel" : "02-2986-7011", "store_type" : "連鎖型綠色商店", "source_dataset" : "ntpe_6ccd0274", "store_code" : "F002016"}}, {"type" : "Feature", "geometry" : {"type" : "Point", "coordinates" : [121.439058390185, 24.970164981191]}, "properties" : {"name" : "國都豐田汽車土城營業所", "address" : "236新北市土城區中央路三段4號", "city" : "新北市", "district" : "土城區", "tel" : "02-2269-1171", "store_type" : "連鎖型綠色商店", "source_dataset" : "ntpe_6ccd0274", "store_code" : "F002012"}}, {"type" : "Feature", "geometry" : {"type" : "Point", "coordinates" : [121.484481096959, 25.005218309818]}, "properties" : {"name" : "國都豐田汽車中和營業所", "address" : "235新北市中和區中正路860號", "city" : "新北市", "district" : "中和區", "tel" : "02-2225-3711", "store_type" : "連鎖型綠色商店", "source_dataset" : "ntpe_6ccd0274", "store_code" : "F002011"}}, {"type" : "Feature", "geometry" : {"type" : "Point", "coordinates" : [121.424892387085, 25.029513717177]}, "properties" : {"name" : "國都豐田汽車丹鳳營業所", "address" : "242新北市新莊區中正路717號", "city" : "新北市", "district" : "新莊區", "tel" : "02-2901-0868", "store_type" : "連鎖型綠色商店", "source_dataset" : "ntpe_6ccd0274", "store_code" : "F002019"}}, {"type" : "Feature", "geometry" : {"type" : "Point", "coordinates" : [121.504612835825, 25.01059400151]}, "properties" : {"name" : "國都豐田汽車北永和營業所", "address" : "234新北市永和區保生路55號", "city" : "新北市", "district" : "永和區", "tel" : "02-2927-7273", "store_type" : "連鎖型綠色商店", "source_dataset" : "ntpe_6ccd0274", "store_code" : "F002015"}}, {"type" : "Feature", "geometry" : {"type" : "Point", "coordinates" : [121.370410016445, 25.069286979301]}, "properties" : {"name" : "國都豐田汽車林口營業所", "address" : "244新北市林口區文化一路一段35號", "city" : "新北市", "district" : "林口區", "tel" : "02-2600-2391", "store_type" : "連鎖型綠色商店", "source_dataset" : "ntpe_6ccd0274", "store_code" : "F002014"}}, {"type" : "Feature", "geometry" : {"type" : "Point", "coordinates" : [121.480953992103, 25.019961490771]}, "properties" : {"name" : "國都豐田汽車埔墘營業所", "address" : "220新北市板橋區中山路二段421號", "city" : "新北市", "district" : "板橋區", "tel" : "02-8952-2300", "store_type" : "連鎖型綠色商店", "source_dataset" : "ntpe_6ccd0274", "store_code" : "F002010"}}, {"type" : "Feature", "geometry" : {"type" : "Point", "coordinates" : [121.45967410014, 25.152496018052]}, "properties" : {"name" : "國都豐田汽車淡水營業所", "address" : "251新北市淡水區中正東路2段91號", "city" : "新北市", "district" : "淡水區", "tel" : "02-2809-9301", "store_type" : "連鎖型綠色商店", "source_dataset" : "ntpe_6ccd0274", "store_code" : "F002017"}}, {"type" : "Feature", "geometry" : {"type" : "Point", "coordinates" : [121.459699832583, 25.038703090995]}, "properties" : {"name" : "國都豐田汽車新莊營業所", "address" : "242新北市新莊區中正路70號之2", "city" : "新北市", "district" : "新莊區", "tel" : "02-2996-6737", "store_type" : "連鎖型綠色商店", "source_dataset" : "ntpe_6ccd0274", "store_code" : "F002013"}}, {"type" : "Feature", "geometry" : {"type" : "Point", "coordinates" : [121.427193733033, 25.002776550777]}, "properties" : {"name" : "國都豐田汽車樹林營業所", "address" : "238新北市樹林區大安路40 號", "city" : "新北市", "district" : "樹林區", "tel" : "02-2687-4511", "store_type" : "連鎖型綠色商店", "source_dataset" : "ntpe_6ccd0274", "store_code" : "F002009"}}, {"type" : "Feature", "geometry" : {"type" : "Point", "coordinates" : [121.481005959902, 25.083087489513]}, "properties" : {"name" : "國都豐田汽車蘆洲營業所", "address" : "247新北市蘆洲區集賢路281號", "city" : "新北市", "district" : "蘆洲區", "tel" : "02-2283-5302", "store_type" : "連鎖型綠色商店", "source_dataset" : "ntpe_6ccd0274", "store_code" : "F002018"}}, {"type" : "Feature", "geometry" : {"type" : "Point", "coordinates" : [121.352035962675, 24.95090801965]}, "properties" : {"name" : "國都豐田汽車鶯歌營業所", "address" : "239新北市鶯歌區文化路146號", "city" : "新北市", "district" : "鶯歌區", "tel" : "02-2678-1611", "store_type" : "連鎖型綠色商店", "source_dataset" : "ntpe_6ccd0274", "store_code" : "F002020"}}, {"type" : "Feature", "geometry" : {"type" : "Point", "coordinates" : [121.440458000377, 25.05342699357]}, "properties" : {"name" : "莊德流行傢俱館", "address" : "242新北市新莊區新北大道4段389-2號", "city" : "新北市", "district" : "新莊區", "tel" : "02-89921598", "store_type" : "連鎖型綠色商店", "source_dataset" : "ntpe_6ccd0274", "store_code" : "F000129"}}, {"type" : "Feature", "geometry" : {"type" : "Point", "coordinates" : [121.464399314236, 25.003845898902]}, "properties" : {"name" : "通天車業有限公司", "address" : "220新北市板橋區實踐路171號", "city" : "新北市", "district" : "板橋區", "tel" : "29617859", "store_type" : "連鎖型綠色商店", "source_dataset" : "ntpe_6ccd0274", "store_code" : "F002139"}}, {"type" : "Feature", "geometry" : {"type" : "Point", "coordinates" : [121.497243969467, 25.000602982473]}, "properties" : {"name" : "速成車業行", "address" : "235新北市中和區景平路595號", "city" : "新北市", "district" : "中和區", "tel" : "22496529", "store_type" : "連鎖型綠色商店", "source_dataset" : "ntpe_6ccd0274", "store_code" : "F002126"}}, {"type" : "Feature", "geometry" : {"type" : "Point", "coordinates" : [121.473344984219, 25.000516984146]}, "properties" : {"name" : "勝明機車行", "address" : "235新北市中和區民享街86巷23號", "city" : "新北市", "district" : "中和區", "tel" : "22252866", "store_type" : "連鎖型綠色商店", "source_dataset" : "ntpe_6ccd0274", "store_code" : "F002100"}}, {"type" : "Feature", "geometry" : {"type" : "Point", "coordinates" : [121.464539040562, 25.026646980563]}, "properties" : {"name" : "勝國機車行", "address" : "220新北市板橋區四維路176號", "city" : "新北市", "district" : "板橋區", "tel" : "22560829", "store_type" : "連鎖型綠色商店", "source_dataset" : "ntpe_6ccd0274", "store_code" : "F002033"}}, {"type" : "Feature", "geometry" : {"type" : "Point", "coordinates" : [121.468447019099, 25.027608007671]}, "properties" : {"name" : "勝賓車業行", "address" : "220新北市板橋區松江街55號", "city" : "新北市", "district" : "板橋區", "tel" : "22583381", "store_type" : "連鎖型綠色商店", "source_dataset" : "ntpe_6ccd0274", "store_code" : "F002032"}}, {"type" : "Feature", "geometry" : {"type" : "Point", "coordinates" : [121.38245808025, 24.944476291977]}, "properties" : {"name" : "勝龍車業行", "address" : "238新北市樹林區大成路3號", "city" : "新北市", "district" : "樹林區", "tel" : "35019887", "store_type" : "連鎖型綠色商店", "source_dataset" : "ntpe_6ccd0274", "store_code" : "F002150"}}, {"type" : "Feature", "geometry" : {"type" : "Point", "coordinates" : [121.518872883878, 24.97111729112]}, "properties" : {"name" : "博達汽車股份有限公司新店分公司", "address" : "231新北市新店區安和路2段119號", "city" : "新北市", "district" : "新店區", "tel" : "02-25066898", "store_type" : "連鎖型綠色商店", "source_dataset" : "ntpe_6ccd0274", "store_code" : "F001992"}}, {"type" : "Feature", "geometry" : {"type" : "Point", "coordinates" : [121.515420964693, 25.000313010533]}, "properties" : {"name" : "富元車業有限公司", "address" : "234新北市永和區得和路26號", "city" : "新北市", "district" : "永和區", "tel" : "29468675", "store_type" : "連鎖型綠色商店", "source_dataset" : "ntpe_6ccd0274", "store_code" : "F002117"}}, {"type" : "Feature", "geometry" : {"type" : "Point", "coordinates" : [121.48019157419, 25.030804907452]}, "properties" : {"name" : "晶展車業行", "address" : "220新北市板橋區懷德街139巷20弄1號", "city" : "新北市", "district" : "板橋區", "tel" : "22580521", "store_type" : "連鎖型綠色商店", "source_dataset" : "ntpe_6ccd0274", "store_code" : "F002059"}}, {"type" : "Feature", "geometry" : {"type" : "Point", "coordinates" : [121.505278023661, 24.995146992148]}, "properties" : {"name" : "景發車業有限公司", "address" : "235新北市中和區景安路116號", "city" : "新北市", "district" : "中和區", "tel" : "22480269", "store_type" : "連鎖型綠色商店", "source_dataset" : "ntpe_6ccd0274", "store_code" : "F002057"}}, {"type" : "Feature", "geometry" : {"type" : "Point", "coordinates" : [121.509943977701, 25.006460004955]}, "properties" : {"name" : "景騛機車行", "address" : "234新北市永和區永貞路313號", "city" : "新北市", "district" : "永和區", "tel" : "22317972", "store_type" : "連鎖型綠色商店", "source_dataset" : "ntpe_6ccd0274", "store_code" : "F002114"}}, {"type" : "Feature", "geometry" : {"type" : "Point", "coordinates" : [121.496409970101, 25.066813982589]}, "properties" : {"name" : "棉花田三重正義門市", "address" : "241新北市三重區正義北路188號", "city" : "新北市", "district" : "三重區", "tel" : "02-25791777*212", "store_type" : "連鎖型綠色商店", "source_dataset" : "ntpe_6ccd0274", "store_code" : "F002175"}}, {"type" : "Feature", "geometry" : {"type" : "Point", "coordinates" : [121.380443573641, 24.946256817759]}, "properties" : {"name" : "棉花田三峽大雅門市", "address" : "238新北市樹林區大雅路266號", "city" : "新北市", "district" : "樹林區", "tel" : "02-25791777", "store_type" : "連鎖型綠色商店", "source_dataset" : "ntpe_6ccd0274", "store_code" : "F002224"}}, {"type" : "Feature", "geometry" : {"type" : "Point", "coordinates" : [121.452248907393, 24.985031795215]}, "properties" : {"name" : "棉花田土城學府門市", "address" : "236新北市土城區學府路一段185號1樓", "city" : "新北市", "district" : "土城區", "tel" : "02-25791777", "store_type" : "連鎖型綠色商店", "source_dataset" : "ntpe_6ccd0274", "store_code" : "F002222"}}, {"type" : "Feature", "geometry" : {"type" : "Point", "coordinates" : [121.510433816123, 24.989444490052]}, "properties" : {"name" : "棉花田中和興南門市", "address" : "235新北市中和區興南路一段63號", "city" : "新北市", "district" : "中和區", "tel" : "02-25791777", "store_type" : "連鎖型綠色商店", "source_dataset" : "ntpe_6ccd0274", "store_code" : "F002226"}}, {"type" : "Feature", "geometry" : {"type" : "Point", "coordinates" : [121.511737034429, 25.003154014704]}, "properties" : {"name" : "棉花田生機園地中和永安門市", "address" : "235新北市中和區中和路422號", "city" : "新北市", "district" : "中和區", "tel" : "02-25791777#218", "store_type" : "連鎖型綠色商店", "source_dataset" : "ntpe_6ccd0274", "store_code" : "F002001"}}, {"type" : "Feature", "geometry" : {"type" : "Point", "coordinates" : [121.51565498743, 24.997200013603]}, "properties" : {"name" : "棉花田生機園地永和中正門市-", "address" : "234新北市永和區中正路198號", "city" : "新北市", "district" : "永和區", "tel" : "02-25791777#218", "store_type" : "連鎖型綠色商店", "source_dataset" : "ntpe_6ccd0274", "store_code" : "F002003"}}, {"type" : "Feature", "geometry" : {"type" : "Point", "coordinates" : [121.457671998747, 25.009902997413]}, "properties" : {"name" : "棉花田生機園地板橋府中門市", "address" : "220新北市板橋區文化路1段9號", "city" : "新北市", "district" : "板橋區", "tel" : "02-25791777#218", "store_type" : "連鎖型綠色商店", "source_dataset" : "ntpe_6ccd0274", "store_code" : "F002004"}}, {"type" : "Feature", "geometry" : {"type" : "Point", "coordinates" : [121.542882510248, 24.978106205807]}, "properties" : {"name" : "棉花田生機園地股份有限公司北新門市", "address" : "231新北市新店區北新路2段252-2號", "city" : "新北市", "district" : "新店區", "tel" : "02-25791777", "store_type" : "連鎖型綠色商店", "source_dataset" : "ntpe_6ccd0274", "store_code" : "F002177"}}, {"type" : "Feature", "geometry" : {"type" : "Point", "coordinates" : [121.514467523207, 25.011938794056]}, "properties" : {"name" : "棉花田生機園地股份有限公司頂溪門市", "address" : "234新北市永和區信義路9號", "city" : "新北市", "district" : "永和區", "tel" : "02-25791777", "store_type" : "連鎖型綠色商店", "source_dataset" : "ntpe_6ccd0274", "store_code" : "F002174"}}, {"type" : "Feature", "geometry" : {"type" : "Point", "coordinates" : [121.539741978766, 24.968144984435]}, "properties" : {"name" : "棉花田生機園地新店中華門市", "address" : "231新北市新店區中華路63號", "city" : "新北市", "district" : "新店區", "tel" : "02-25791777", "store_type" : "連鎖型綠色商店", "source_dataset" : "ntpe_6ccd0274", "store_code" : "F002178"}}, {"type" : "Feature", "geometry" : {"type" : "Point", "coordinates" : [121.53960401264, 24.972840987599]}, "properties" : {"name" : "棉花田生機園地新店門市", "address" : "231新北市新店區中正路219號", "city" : "新北市", "district" : "新店區", "tel" : "02-25791777#218", "store_type" : "連鎖型綠色商店", "source_dataset" : "ntpe_6ccd0274", "store_code" : "F002002"}}, {"type" : "Feature", "geometry" : {"type" : "Point", "coordinates" : [121.444971990513, 25.045349982123]}, "properties" : {"name" : "棉花田生機園地新莊中平門市", "address" : "242新北市新莊區中平路92巷4號", "city" : "新北市", "district" : "新莊區", "tel" : "02-25791777#218", "store_type" : "連鎖型綠色商店", "source_dataset" : "ntpe_6ccd0274", "store_code" : "F002005"}}, {"type" : "Feature", "geometry" : {"type" : "Point", "coordinates" : [121.5315433, 24.9585927]}, "properties" : {"name" : "棉花田生機園地碧潭門市", "address" : "231新北市新店區北?路一段8號", "city" : "新北市", "district" : "新店區", "tel" : "02-25018008", "store_type" : "連鎖型綠色商店", "source_dataset" : "ntpe_6ccd0274", "store_code" : "F002179"}}, {"type" : "Feature", "geometry" : {"type" : "Point", "coordinates" : [121.521289218926, 25.007925287358]}, "properties" : {"name" : "棉花田生機園地福和門市", "address" : "234新北市永和區福和路162號", "city" : "新北市", "district" : "永和區", "tel" : "02-25791777", "store_type" : "連鎖型綠色商店", "source_dataset" : "ntpe_6ccd0274", "store_code" : "F002176"}}, {"type" : "Feature", "geometry" : {"type" : "Point", "coordinates" : [121.467297021983, 25.022991003945]}, "properties" : {"name" : "棉花田板橋新埔門市", "address" : "220新北市板橋區文化路一段435巷11號", "city" : "新北市", "district" : "板橋區", "tel" : "02-25791777", "store_type" : "連鎖型綠色商店", "source_dataset" : "ntpe_6ccd0274", "store_code" : "F002229"}}, {"type" : "Feature", "geometry" : {"type" : "Point", "coordinates" : [121.46084798568, 25.136499994032]}, "properties" : {"name" : "棉花田淡水民族門市", "address" : "251新北市淡水區民族路14號", "city" : "新北市", "district" : "淡水區", "tel" : "02-25791777", "store_type" : "連鎖型綠色商店", "source_dataset" : "ntpe_6ccd0274", "store_code" : "F002225"}}, {"type" : "Feature", "geometry" : {"type" : "Point", "coordinates" : [121.534779975905, 24.97214399044]}, "properties" : {"name" : "棉花田新店三民門市", "address" : "231新北市新店區三民路119號", "city" : "新北市", "district" : "新店區", "tel" : "02-25791777", "store_type" : "連鎖型綠色商店", "source_dataset" : "ntpe_6ccd0274", "store_code" : "F002223"}}, {"type" : "Feature", "geometry" : {"type" : "Point", "coordinates" : [121.528823963147, 24.974616987153]}, "properties" : {"name" : "棉花田新店中央門市", "address" : "231新北市新店區中央五街30號", "city" : "新北市", "district" : "新店區", "tel" : "02-25791777", "store_type" : "連鎖型綠色商店", "source_dataset" : "ntpe_6ccd0274", "store_code" : "F002228"}}, {"type" : "Feature", "geometry" : {"type" : "Point", "coordinates" : [121.449051965703, 25.034920380001]}, "properties" : {"name" : "棉花田新莊新泰門市", "address" : "242新北市新莊區新泰路97號", "city" : "新北市", "district" : "新莊區", "tel" : "02-25791777", "store_type" : "連鎖型綠色商店", "source_dataset" : "ntpe_6ccd0274", "store_code" : "F002227"}}, {"type" : "Feature", "geometry" : {"type" : "Point", "coordinates" : [121.374502732127, 24.94352549079]}, "properties" : {"name" : "湧德傢俱生活館", "address" : "237新北市三峽區大學路129號1樓", "city" : "新北市", "district" : "三峽區", "tel" : "02-86720668", "store_type" : "連鎖型綠色商店", "source_dataset" : "ntpe_6ccd0274", "store_code" : "F000252"}}, {"type" : "Feature", "geometry" : {"type" : "Point", "coordinates" : [121.524253981898, 25.006455604456]}, "properties" : {"name" : "翔龍機車行", "address" : "234新北市永和區國中路102號", "city" : "新北市", "district" : "永和區", "tel" : "29287653", "store_type" : "連鎖型綠色商店", "source_dataset" : "ntpe_6ccd0274", "store_code" : "F002088"}}, {"type" : "Feature", "geometry" : {"type" : "Point", "coordinates" : [121.469247993766, 25.021883000164]}, "properties" : {"name" : "華民車業行", "address" : "220新北市板橋區民生路二段222號", "city" : "新北市", "district" : "板橋區", "tel" : "22541716", "store_type" : "連鎖型綠色商店", "source_dataset" : "ntpe_6ccd0274", "store_code" : "F002131"}}, {"type" : "Feature", "geometry" : {"type" : "Point", "coordinates" : [121.472258019015, 25.021256997726]}, "properties" : {"name" : "華豐機車行", "address" : "220新北市板橋區莊敬路214號1樓", "city" : "新北市", "district" : "板橋區", "tel" : "22534580", "store_type" : "連鎖型綠色商店", "source_dataset" : "ntpe_6ccd0274", "store_code" : "F002056"}}, {"type" : "Feature", "geometry" : {"type" : "Point", "coordinates" : [121.412049886497, 25.15850140022]}, "properties" : {"name" : "萊爾富國際股份有限公司-北縣八里店", "address" : "249新北市八里區中山路一段177號", "city" : "新北市", "district" : "八里區", "tel" : "02-66068688分機356", "store_type" : "連鎖型綠色商店", "source_dataset" : "ntpe_6ccd0274", "store_code" : "F001694"}}, {"type" : "Feature", "geometry" : {"type" : "Point", "coordinates" : [121.482185964231, 25.074421984644]}, "properties" : {"name" : "萊爾富國際股份有限公司-北縣力福店", "address" : "241新北市三重區力行路二段51號", "city" : "新北市", "district" : "三重區", "tel" : "02-66068688分機356", "store_type" : "連鎖型綠色商店", "source_dataset" : "ntpe_6ccd0274", "store_code" : "F001882"}}, {"type" : "Feature", "geometry" : {"type" : "Point", "coordinates" : [121.41336802459, 25.159162983838]}, "properties" : {"name" : "萊爾富國際股份有限公司-北縣十三行店", "address" : "249新北市八里區埤頭村中山路一段131號1樓", "city" : "新北市", "district" : "八里區", "tel" : "02-66068688分機356", "store_type" : "連鎖型綠色商店", "source_dataset" : "ntpe_6ccd0274", "store_code" : "F001738"}}, {"type" : "Feature", "geometry" : {"type" : "Point", "coordinates" : [121.485311827383, 25.063171794202]}, "properties" : {"name" : "萊爾富國際股份有限公司-北縣三民店", "address" : "241新北市三重區三民街100,102號", "city" : "新北市", "district" : "三重區", "tel" : "02-66068688分機356", "store_type" : "連鎖型綠色商店", "source_dataset" : "ntpe_6ccd0274", "store_code" : "F001817"}}, {"type" : "Feature", "geometry" : {"type" : "Point", "coordinates" : [121.492476594398, 25.073557307512]}, "properties" : {"name" : "萊爾富國際股份有限公司-北縣三和二店", "address" : "241新北市三重區三和路三段137號", "city" : "新北市", "district" : "三重區", "tel" : "02-66068688分機356", "store_type" : "連鎖型綠色商店", "source_dataset" : "ntpe_6ccd0274", "store_code" : "F001895"}}, {"type" : "Feature", "geometry" : {"type" : "Point", "coordinates" : [121.366828010123, 24.938621993614]}, "properties" : {"name" : "萊爾富國際股份有限公司-北縣三勇店", "address" : "237新北市三峽區大勇路2之1號", "city" : "新北市", "district" : "三峽區", "tel" : "02-66068688分機356", "store_type" : "連鎖型綠色商店", "source_dataset" : "ntpe_6ccd0274", "store_code" : "F001860"}}, {"type" : "Feature", "geometry" : {"type" : "Point", "coordinates" : [121.497645965543, 25.062285994674]}, "properties" : {"name" : "萊爾富國際股份有限公司-北縣三重店", "address" : "241新北市三重區重新路二段29號", "city" : "新北市", "district" : "三重區", "tel" : "02-66068688分機356", "store_type" : "連鎖型綠色商店", "source_dataset" : "ntpe_6ccd0274", "store_code" : "F001809"}}, {"type" : "Feature", "geometry" : {"type" : "Point", "coordinates" : [121.365834000225, 24.909708995796]}, "properties" : {"name" : "萊爾富國際股份有限公司-北縣三埔店", "address" : "237新北市三峽區中正路二段331-1號", "city" : "新北市", "district" : "三峽區", "tel" : "02-66068688分機356", "store_type" : "連鎖型綠色商店", "source_dataset" : "ntpe_6ccd0274", "store_code" : "F001749"}}, {"type" : "Feature", "geometry" : {"type" : "Point", "coordinates" : [121.374837002426, 24.929753018045]}, "properties" : {"name" : "萊爾富國際股份有限公司-北縣三峽店", "address" : "237新北市三峽區中正路一段75-1號", "city" : "新北市", "district" : "三峽區", "tel" : "02-66068688分機356", "store_type" : "連鎖型綠色商店", "source_dataset" : "ntpe_6ccd0274", "store_code" : "F001912"}}, {"type" : "Feature", "geometry" : {"type" : "Point", "coordinates" : [121.493235827188, 25.078326610419]}, "properties" : {"name" : "萊爾富國際股份有限公司-北縣三愛三店", "address" : "241新北市三重區仁愛街253號", "city" : "新北市", "district" : "三重區", "tel" : "02-66068688分機356", "store_type" : "連鎖型綠色商店", "source_dataset" : "ntpe_6ccd0274", "store_code" : "F001884"}}, {"type" : "Feature", "geometry" : {"type" : "Point", "coordinates" : [121.490927618691, 25.080898010675]}, "properties" : {"name" : "萊爾富國際股份有限公司-北縣三愛店", "address" : "241新北市三重區仁愛街390號", "city" : "新北市", "district" : "三重區", "tel" : "02-66068688分機356", "store_type" : "連鎖型綠色商店", "source_dataset" : "ntpe_6ccd0274", "store_code" : "F001894"}}, {"type" : "Feature", "geometry" : {"type" : "Point", "coordinates" : [121.37201800075, 24.935960990813]}, "properties" : {"name" : "萊爾富國際股份有限公司-北縣三豐店", "address" : "237新北市三峽區文化路63號,65巷2號", "city" : "新北市", "district" : "三峽區", "tel" : "02-66068688分機356", "store_type" : "連鎖型綠色商店", "source_dataset" : "ntpe_6ccd0274", "store_code" : "F001821"}}, {"type" : "Feature", "geometry" : {"type" : "Point", "coordinates" : [121.494711125966, 25.063749810245]}, "properties" : {"name" : "萊爾富國際股份有限公司-北縣大同北店", "address" : "241新北市三重區大同北路91號                          ", "city" : "新北市", "district" : "三重區", "tel" : "02-66068688分機356", "store_type" : "連鎖型綠色商店", "source_dataset" : "ntpe_6ccd0274", "store_code" : "F001862"}}, {"type" : "Feature", "geometry" : {"type" : "Point", "coordinates" : [121.76217799157, 25.101788982331]}, "properties" : {"name" : "萊爾富國際股份有限公司-北縣大埔店", "address" : "224新北市瑞芳區大埔路178號", "city" : "新北市", "district" : "瑞芳區", "tel" : "02-66068688分機356", "store_type" : "連鎖型綠色商店", "source_dataset" : "ntpe_6ccd0274", "store_code" : "F001920"}}, {"type" : "Feature", "geometry" : {"type" : "Point", "coordinates" : [121.346353032322, 24.972766011475]}, "properties" : {"name" : "萊爾富國際股份有限公司-北縣大湖店", "address" : "239新北市鶯歌區大湖路366號,中湖街2號", "city" : "新北市", "district" : "鶯歌區", "tel" : "02-66068688分機356", "store_type" : "連鎖型綠色商店", "source_dataset" : "ntpe_6ccd0274", "store_code" : "F001866"}}, {"type" : "Feature", "geometry" : {"type" : "Point", "coordinates" : [121.442790013478, 24.999276001472]}, "properties" : {"name" : "萊爾富國際股份有限公司-北縣大興店", "address" : "220新北市板橋區大觀路二段142之2號", "city" : "新北市", "district" : "板橋區", "tel" : "02-66068688分機356", "store_type" : "連鎖型綠色商店", "source_dataset" : "ntpe_6ccd0274", "store_code" : "F001931"}}, {"type" : "Feature", "geometry" : {"type" : "Point", "coordinates" : [121.469143890529, 25.053160197592]}, "properties" : {"name" : "萊爾富國際股份有限公司-北縣中北店", "address" : "241新北市三重區中興北街153號", "city" : "新北市", "district" : "三重區", "tel" : "02-66068688分機356", "store_type" : "連鎖型綠色商店", "source_dataset" : "ntpe_6ccd0274", "store_code" : "F001863"}}, {"type" : "Feature", "geometry" : {"type" : "Point", "coordinates" : [121.500275033293, 25.066188985978]}, "properties" : {"name" : "萊爾富國際股份有限公司-北縣中央北店", "address" : "241新北市三重區中央北路68號", "city" : "新北市", "district" : "三重區", "tel" : "02-66068688分機356", "store_type" : "連鎖型綠色商店", "source_dataset" : "ntpe_6ccd0274", "store_code" : "F001824"}}, {"type" : "Feature", "geometry" : {"type" : "Point", "coordinates" : [121.501345989062, 25.062967988226]}, "properties" : {"name" : "萊爾富國際股份有限公司-北縣中央南店", "address" : "241新北市三重區中央南路8號", "city" : "新北市", "district" : "三重區", "tel" : "02-66068688分機356", "store_type" : "連鎖型綠色商店", "source_dataset" : "ntpe_6ccd0274", "store_code" : "F001717"}}, {"type" : "Feature", "geometry" : {"type" : "Point", "coordinates" : [121.472049980178, 25.0717370096]}, "properties" : {"name" : "萊爾富國際股份有限公司-北縣中正北店", "address" : "241新北市三重區中正北路518號", "city" : "新北市", "district" : "三重區", "tel" : "02-66068688分機356", "store_type" : "連鎖型綠色商店", "source_dataset" : "ntpe_6ccd0274", "store_code" : "F001708"}}, {"type" : "Feature", "geometry" : {"type" : "Point", "coordinates" : [121.451130007138, 25.050714986888]}, "properties" : {"name" : "萊爾富國際股份有限公司-北縣中信店", "address" : "242新北市新莊區中信街21號", "city" : "新北市", "district" : "新莊區", "tel" : "02-66068688分機356", "store_type" : "連鎖型綠色商店", "source_dataset" : "ntpe_6ccd0274", "store_code" : "F001782"}}, {"type" : "Feature", "geometry" : {"type" : "Point", "coordinates" : [121.486592833645, 25.064472581756]}, "properties" : {"name" : "萊爾富國際股份有限公司-北縣中陽二店", "address" : "241新北市三重區中正北路66號", "city" : "新北市", "district" : "三重區", "tel" : "02-66068688分機356", "store_type" : "連鎖型綠色商店", "source_dataset" : "ntpe_6ccd0274", "store_code" : "F001762"}}, {"type" : "Feature", "geometry" : {"type" : "Point", "coordinates" : [121.489579976299, 25.063348987635]}, "properties" : {"name" : "萊爾富國際股份有限公司-北縣中陽店", "address" : "241新北市三重區中正北路105號", "city" : "新北市", "district" : "三重區", "tel" : "02-66068688分機356", "store_type" : "連鎖型綠色商店", "source_dataset" : "ntpe_6ccd0274", "store_code" : "F001816"}}, {"type" : "Feature", "geometry" : {"type" : "Point", "coordinates" : [121.469094688757, 25.057346706771]}, "properties" : {"name" : "萊爾富國際股份有限公司-北縣中興二店", "address" : "241新北市三重區中興北街195,197號", "city" : "新北市", "district" : "三重區", "tel" : "02-66068688分機356", "store_type" : "連鎖型綠色商店", "source_dataset" : "ntpe_6ccd0274", "store_code" : "F001789"}}, {"type" : "Feature", "geometry" : {"type" : "Point", "coordinates" : [121.469534990131, 25.0492960145]}, "properties" : {"name" : "萊爾富國際股份有限公司-北縣中興北三店", "address" : "241新北市三重區中興北街42號", "city" : "新北市", "district" : "三重區", "tel" : "02-66068688分機356", "store_type" : "連鎖型綠色商店", "source_dataset" : "ntpe_6ccd0274", "store_code" : "F001742"}}, {"type" : "Feature", "geometry" : {"type" : "Point", "coordinates" : [121.468876004903, 25.05568298281]}, "properties" : {"name" : "萊爾富國際股份有限公司-北縣中興北店", "address" : "241新北市三重區中興北街134號", "city" : "新北市", "district" : "三重區", "tel" : "02-66068688分機356", "store_type" : "連鎖型綠色商店", "source_dataset" : "ntpe_6ccd0274", "store_code" : "F001874"}}, {"type" : "Feature", "geometry" : {"type" : "Point", "coordinates" : [121.448309329081, 25.064005081106]}, "properties" : {"name" : "萊爾富國際股份有限公司-北縣五工店", "address" : "248新北市五股區五工六路28號1樓", "city" : "新北市", "district" : "五股區", "tel" : "02-66068688分機356", "store_type" : "連鎖型綠色商店", "source_dataset" : "ntpe_6ccd0274", "store_code" : "F001837"}}, {"type" : "Feature", "geometry" : {"type" : "Point", "coordinates" : [121.437838990911, 25.084501013665]}, "properties" : {"name" : "萊爾富國際股份有限公司-北縣五正店", "address" : "248新北市五股區成泰路二段91巷8號", "city" : "新北市", "district" : "五股區", "tel" : "02-66068688分機356", "store_type" : "連鎖型綠色商店", "source_dataset" : "ntpe_6ccd0274", "store_code" : "F001869"}}, {"type" : "Feature", "geometry" : {"type" : "Point", "coordinates" : [121.452302970668, 25.068329011588]}, "properties" : {"name" : "萊爾富國際股份有限公司-北縣五股店", "address" : "248新北市五股區五權路42之1號", "city" : "新北市", "district" : "五股區", "tel" : "02-66068688分機356", "store_type" : "連鎖型綠色商店", "source_dataset" : "ntpe_6ccd0274", "store_code" : "F001830"}}, {"type" : "Feature", "geometry" : {"type" : "Point", "coordinates" : [121.452996824613, 25.064046110522]}, "properties" : {"name" : "萊爾富國際股份有限公司-北縣五春店", "address" : "248新北市五股區五工區五工五路18號", "city" : "新北市", "district" : "五股區", "tel" : "02-66068688分機356", "store_type" : "連鎖型綠色商店", "source_dataset" : "ntpe_6ccd0274", "store_code" : "F001755"}}, {"type" : "Feature", "geometry" : {"type" : "Point", "coordinates" : [121.442509974093, 25.089980012313]}, "properties" : {"name" : "萊爾富國際股份有限公司-北縣五泰店", "address" : "248新北市五股區西雲路1號", "city" : "新北市", "district" : "五股區", "tel" : "02-66068688分機356", "store_type" : "連鎖型綠色商店", "source_dataset" : "ntpe_6ccd0274", "store_code" : "F001804"}}, {"type" : "Feature", "geometry" : {"type" : "Point", "coordinates" : [121.674394990166, 25.08010118505]}, "properties" : {"name" : "萊爾富國際股份有限公司-北縣五堵店", "address" : "221新北市汐止區保一街41號", "city" : "新北市", "district" : "汐止區", "tel" : "02-66068688分機356", "store_type" : "連鎖型綠色商店", "source_dataset" : "ntpe_6ccd0274", "store_code" : "F001799"}}, {"type" : "Feature", "geometry" : {"type" : "Point", "coordinates" : [121.493255021746, 25.081851996985]}, "properties" : {"name" : "萊爾富國際股份有限公司-北縣五華二店", "address" : "241新北市三重區五華街72號", "city" : "新北市", "district" : "三重區", "tel" : "02-66068688分機356", "store_type" : "連鎖型綠色商店", "source_dataset" : "ntpe_6ccd0274", "store_code" : "F001704"}}, {"type" : "Feature", "geometry" : {"type" : "Point", "coordinates" : [121.493814932878, 25.081524809395]}, "properties" : {"name" : "萊爾富國際股份有限公司-北縣五華三店", "address" : "241新北市三重區五華街60號", "city" : "新北市", "district" : "三重區", "tel" : "02-66068688分機356", "store_type" : "連鎖型綠色商店", "source_dataset" : "ntpe_6ccd0274", "store_code" : "F001918"}}, {"type" : "Feature", "geometry" : {"type" : "Point", "coordinates" : [121.491369009712, 25.084179986773]}, "properties" : {"name" : "萊爾富國際股份有限公司-北縣五華店", "address" : "241新北市三重區五華街125號", "city" : "新北市", "district" : "三重區", "tel" : "02-66068688分機356", "store_type" : "連鎖型綠色商店", "source_dataset" : "ntpe_6ccd0274", "store_code" : "F001754"}}, {"type" : "Feature", "geometry" : {"type" : "Point", "coordinates" : [121.467630034996, 25.074445998796]}, "properties" : {"name" : "萊爾富國際股份有限公司-北縣五維店", "address" : "248新北市五股區四維路153號", "city" : "新北市", "district" : "五股區", "tel" : "02-66068688分機356", "store_type" : "連鎖型綠色商店", "source_dataset" : "ntpe_6ccd0274", "store_code" : "F001901"}}, {"type" : "Feature", "geometry" : {"type" : "Point", "coordinates" : [121.462827372115, 25.074364694336]}, "properties" : {"name" : "萊爾富國際股份有限公司-北縣五興店", "address" : "248新北市五股區中興路二段13號1樓", "city" : "新北市", "district" : "五股區", "tel" : "02-66068688分機356", "store_type" : "連鎖型綠色商店", "source_dataset" : "ntpe_6ccd0274", "store_code" : "F001828"}}, {"type" : "Feature", "geometry" : {"type" : "Point", "coordinates" : [121.478565233517, 25.03416999012]}, "properties" : {"name" : "萊爾富國際股份有限公司-北縣仁化店", "address" : "220新北市板橋區仁化街191號", "city" : "新北市", "district" : "板橋區", "tel" : "02-66068688分機356", "store_type" : "連鎖型綠色商店", "source_dataset" : "ntpe_6ccd0274", "store_code" : "F001784"}}, {"type" : "Feature", "geometry" : {"type" : "Point", "coordinates" : [121.481193965991, 25.079972983841]}, "properties" : {"name" : "萊爾富國際股份有限公司-北縣仁和店", "address" : "241新北市三重區三和路四段233號", "city" : "新北市", "district" : "三重區", "tel" : "02-66068688分機356", "store_type" : "連鎖型綠色商店", "source_dataset" : "ntpe_6ccd0274", "store_code" : "F001814"}}, {"type" : "Feature", "geometry" : {"type" : "Point", "coordinates" : [121.487313006766, 25.082934980785]}, "properties" : {"name" : "萊爾富國際股份有限公司-北縣仁華店", "address" : "241新北市三重區溪尾街262號", "city" : "新北市", "district" : "三重區", "tel" : "02-66068688分機356", "store_type" : "連鎖型綠色商店", "source_dataset" : "ntpe_6ccd0274", "store_code" : "F001829"}}, {"type" : "Feature", "geometry" : {"type" : "Point", "coordinates" : [121.496880027231, 25.081812015307]}, "properties" : {"name" : "萊爾富國際股份有限公司-北縣仁義二店", "address" : "241新北市三重區仁義街209號", "city" : "新北市", "district" : "三重區", "tel" : "02-66068688分機356", "store_type" : "連鎖型綠色商店", "source_dataset" : "ntpe_6ccd0274", "store_code" : "F001888"}}, {"type" : "Feature", "geometry" : {"type" : "Point", "coordinates" : [121.500031958101, 25.075975989493]}, "properties" : {"name" : "萊爾富國際股份有限公司-北縣仁興店", "address" : "241新北市三重區仁興街39巷41.41-1.41-2號", "city" : "新北市", "district" : "三重區", "tel" : "02-66068688分機356", "store_type" : "連鎖型綠色商店", "source_dataset" : "ntpe_6ccd0274", "store_code" : "F001695"}}, {"type" : "Feature", "geometry" : {"type" : "Point", "coordinates" : [121.465878301051, 25.05115889248]}, "properties" : {"name" : "萊爾富國際股份有限公司-北縣化成二店", "address" : "242新北市新莊區化成路205號之1", "city" : "新北市", "district" : "新莊區", "tel" : "02-66068688分機356", "store_type" : "連鎖型綠色商店", "source_dataset" : "ntpe_6ccd0274", "store_code" : "F001823"}}, {"type" : "Feature", "geometry" : {"type" : "Point", "coordinates" : [121.498526987386, 25.066862010894]}, "properties" : {"name" : "萊爾富國際股份有限公司-北縣文安店", "address" : "241新北市三重區文化北路75號", "city" : "新北市", "district" : "三重區", "tel" : "02-66068688分機356", "store_type" : "連鎖型綠色商店", "source_dataset" : "ntpe_6ccd0274", "store_code" : "F001801"}}, {"type" : "Feature", "geometry" : {"type" : "Point", "coordinates" : [121.505983025537, 25.003608984409]}, "properties" : {"name" : "萊爾富國際股份有限公司-北縣水源店", "address" : "235新北市中和區水源路73號", "city" : "新北市", "district" : "中和區", "tel" : "02-66068688分機356", "store_type" : "連鎖型綠色商店", "source_dataset" : "ntpe_6ccd0274", "store_code" : "F001833"}}, {"type" : "Feature", "geometry" : {"type" : "Point", "coordinates" : [121.627876014275, 25.056535003267]}, "properties" : {"name" : "萊爾富國際股份有限公司-北縣北山店", "address" : "221新北市汐止區南陽街261號", "city" : "新北市", "district" : "汐止區", "tel" : "02-66068688分機356", "store_type" : "連鎖型綠色商店", "source_dataset" : "ntpe_6ccd0274", "store_code" : "F001851"}}, {"type" : "Feature", "geometry" : {"type" : "Point", "coordinates" : [121.492495034585, 25.061895984719]}, "properties" : {"name" : "萊爾富國際股份有限公司-北縣台汽店", "address" : "241新北市三重區中正北路23號", "city" : "新北市", "district" : "三重區", "tel" : "02-66068688分機356", "store_type" : "連鎖型綠色商店", "source_dataset" : "ntpe_6ccd0274", "store_code" : "F001808"}}, {"type" : "Feature", "geometry" : {"type" : "Point", "coordinates" : [121.504711993739, 24.993103987068]}, "properties" : {"name" : "萊爾富國際股份有限公司-北縣平安店", "address" : "235新北市中和區景安路152號", "city" : "新北市", "district" : "中和區", "tel" : "02-66068688分機356", "store_type" : "連鎖型綠色商店", "source_dataset" : "ntpe_6ccd0274", "store_code" : "F001753"}}, {"type" : "Feature", "geometry" : {"type" : "Point", "coordinates" : [121.490356978723, 24.994389016644]}, "properties" : {"name" : "萊爾富國際股份有限公司-北縣平和店", "address" : "235新北市中和區錦和路216號", "city" : "新北市", "district" : "中和區", "tel" : "02-66068688分機356", "store_type" : "連鎖型綠色商店", "source_dataset" : "ntpe_6ccd0274", "store_code" : "F001706"}}, {"type" : "Feature", "geometry" : {"type" : "Point", "coordinates" : [121.495655263539, 25.06919188661]}, "properties" : {"name" : "萊爾富國際股份有限公司-北縣正義店", "address" : "241新北市三重區正義北路280號", "city" : "新北市", "district" : "三重區", "tel" : "02-66068688分機356", "store_type" : "連鎖型綠色商店", "source_dataset" : "ntpe_6ccd0274", "store_code" : "F001743"}}, {"type" : "Feature", "geometry" : {"type" : "Point", "coordinates" : [121.466104025704, 25.025633985654]}, "properties" : {"name" : "萊爾富國際股份有限公司-北縣民生店", "address" : "220新北市板橋區民生路三段119號", "city" : "新北市", "district" : "板橋區", "tel" : "02-66068688分機356", "store_type" : "連鎖型綠色商店", "source_dataset" : "ntpe_6ccd0274", "store_code" : "F001711"}}, {"type" : "Feature", "geometry" : {"type" : "Point", "coordinates" : [121.461589532654, 25.136062584415]}, "properties" : {"name" : "萊爾富國際股份有限公司-北縣民族店", "address" : "251新北市淡水區竹圍里民族路48號", "city" : "新北市", "district" : "淡水區", "tel" : "02-66068688分機356", "store_type" : "連鎖型綠色商店", "source_dataset" : "ntpe_6ccd0274", "store_code" : "F001778"}}, {"type" : "Feature", "geometry" : {"type" : "Point", "coordinates" : [121.515397998279, 25.014063019778]}, "properties" : {"name" : "萊爾富國際股份有限公司-北縣永任店", "address" : "234新北市永和區永和路二段217號1樓", "city" : "新北市", "district" : "永和區", "tel" : "02-66068688分機356", "store_type" : "連鎖型綠色商店", "source_dataset" : "ntpe_6ccd0274", "store_code" : "F001767"}}, {"type" : "Feature", "geometry" : {"type" : "Point", "coordinates" : [121.520556975864, 24.986133009655]}, "properties" : {"name" : "萊爾富國際股份有限公司-北縣永安店", "address" : "231新北市新店區新和街75號", "city" : "新北市", "district" : "新店區", "tel" : "02-66068688分機356", "store_type" : "連鎖型綠色商店", "source_dataset" : "ntpe_6ccd0274", "store_code" : "F001947"}}, {"type" : "Feature", "geometry" : {"type" : "Point", "coordinates" : [121.51722969558, 25.005852107427]}, "properties" : {"name" : "萊爾富國際股份有限公司-北縣永利店", "address" : "234新北市永和區中正路560號", "city" : "新北市", "district" : "永和區", "tel" : "02-66068688分機356", "store_type" : "連鎖型綠色商店", "source_dataset" : "ntpe_6ccd0274", "store_code" : "F001832"}}, {"type" : "Feature", "geometry" : {"type" : "Point", "coordinates" : [121.465243958619, 24.984775015612]}, "properties" : {"name" : "萊爾富國際股份有限公司-北縣永明店", "address" : "236新北市土城區明德路一段51號", "city" : "新北市", "district" : "土城區", "tel" : "02-66068688分機356", "store_type" : "連鎖型綠色商店", "source_dataset" : "ntpe_6ccd0274", "store_code" : "F001751"}}, {"type" : "Feature", "geometry" : {"type" : "Point", "coordinates" : [121.517441003359, 25.004220989069]}, "properties" : {"name" : "萊爾富國際股份有限公司-北縣永貞店", "address" : "234新北市永和區中正路500號", "city" : "新北市", "district" : "永和區", "tel" : "02-66068688分機356", "store_type" : "連鎖型綠色商店", "source_dataset" : "ntpe_6ccd0274", "store_code" : "F001938"}}, {"type" : "Feature", "geometry" : {"type" : "Point", "coordinates" : [121.526171174611, 24.9978659139]}, "properties" : {"name" : "萊爾富國際股份有限公司-北縣永朗店", "address" : "234新北市永和區秀朗路二段293號", "city" : "新北市", "district" : "永和區", "tel" : "02-66068688分機356", "store_type" : "連鎖型綠色商店", "source_dataset" : "ntpe_6ccd0274", "store_code" : "F001813"}}, {"type" : "Feature", "geometry" : {"type" : "Point", "coordinates" : [121.510914015356, 25.008912005]}, "properties" : {"name" : "萊爾富國際股份有限公司-北縣永富店", "address" : "234新北市永和區和平里永平路164號1樓", "city" : "新北市", "district" : "永和區", "tel" : "02-66068688分機356", "store_type" : "連鎖型綠色商店", "source_dataset" : "ntpe_6ccd0274", "store_code" : "F001909"}}, {"type" : "Feature", "geometry" : {"type" : "Point", "coordinates" : [121.479362017233, 25.077425011004]}, "properties" : {"name" : "萊爾富國際股份有限公司-北縣永福店", "address" : "241新北市三重區永福街101號", "city" : "新北市", "district" : "三重區", "tel" : "02-66068688分機356", "store_type" : "連鎖型綠色商店", "source_dataset" : "ntpe_6ccd0274", "store_code" : "F001925"}}, {"type" : "Feature", "geometry" : {"type" : "Point", "coordinates" : [121.525817961211, 25.007700987629]}, "properties" : {"name" : "萊爾富國際股份有限公司-北縣永遠店", "address" : "234新北市永和區福和路7巷11弄16號", "city" : "新北市", "district" : "永和區", "tel" : "02-66068688分機356", "store_type" : "連鎖型綠色商店", "source_dataset" : "ntpe_6ccd0274", "store_code" : "F001752"}}, {"type" : "Feature", "geometry" : {"type" : "Point", "coordinates" : [121.518642968274, 25.013604990679]}, "properties" : {"name" : "萊爾富國際股份有限公司-北縣永鑽店", "address" : "234新北市永和區竹林路69號1樓", "city" : "新北市", "district" : "永和區", "tel" : "02-66068688分機356", "store_type" : "連鎖型綠色商店", "source_dataset" : "ntpe_6ccd0274", "store_code" : "F001792"}}, {"type" : "Feature", "geometry" : {"type" : "Point", "coordinates" : [121.483462611904, 25.064210395824]}, "properties" : {"name" : "萊爾富國際股份有限公司-北縣田心店", "address" : "241新北市三重區忠孝路三段50巷98號", "city" : "新北市", "district" : "三重區", "tel" : "02-66068688分機356", "store_type" : "連鎖型綠色商店", "source_dataset" : "ntpe_6ccd0274", "store_code" : "F001786"}}, {"type" : "Feature", "geometry" : {"type" : "Point", "coordinates" : [121.472262964338, 25.055837000281]}, "properties" : {"name" : "萊爾富國際股份有限公司-北縣田倉店", "address" : "241新北市三重區光復路二段51號", "city" : "新北市", "district" : "三重區", "tel" : "02-66068688分機356", "store_type" : "連鎖型綠色商店", "source_dataset" : "ntpe_6ccd0274", "store_code" : "F001857"}}, {"type" : "Feature", "geometry" : {"type" : "Point", "coordinates" : [121.445144992995, 25.091936013238]}, "properties" : {"name" : "萊爾富國際股份有限公司-北縣成泰店", "address" : "248新北市五股區成泰路三段165號", "city" : "新北市", "district" : "五股區", "tel" : "02-66068688分機356", "store_type" : "連鎖型綠色商店", "source_dataset" : "ntpe_6ccd0274", "store_code" : "F001696"}}, {"type" : "Feature", "geometry" : {"type" : "Point", "coordinates" : [121.465485022154, 25.001143992413]}, "properties" : {"name" : "萊爾富國際股份有限公司-北縣成都店", "address" : "220新北市板橋區重慶路245巷61號", "city" : "新北市", "district" : "板橋區", "tel" : "02-66068688分機356", "store_type" : "連鎖型綠色商店", "source_dataset" : "ntpe_6ccd0274", "store_code" : "F001945"}}, {"type" : "Feature", "geometry" : {"type" : "Point", "coordinates" : [121.473903973342, 25.031408991214]}, "properties" : {"name" : "萊爾富國際股份有限公司-北縣江翠店", "address" : "220新北市板橋區文化路二段408號", "city" : "新北市", "district" : "板橋區", "tel" : "02-66068688分機356", "store_type" : "連鎖型綠色商店", "source_dataset" : "ntpe_6ccd0274", "store_code" : "F001935"}}, {"type" : "Feature", "geometry" : {"type" : "Point", "coordinates" : [121.625538972032, 25.079124986697]}, "properties" : {"name" : "萊爾富國際股份有限公司-北縣汐忠店", "address" : "221新北市汐止區忠三街19號1樓", "city" : "新北市", "district" : "汐止區", "tel" : "02-66068688分機356", "store_type" : "連鎖型綠色商店", "source_dataset" : "ntpe_6ccd0274", "store_code" : "F001703"}}, {"type" : "Feature", "geometry" : {"type" : "Point", "coordinates" : [121.648417125292, 25.060718704509]}, "properties" : {"name" : "萊爾富國際股份有限公司-北縣汐科店", "address" : "221新北市汐止區新台五路一段94號1樓(東方科學園區)", "city" : "新北市", "district" : "汐止區", "tel" : "02-66068688分機356", "store_type" : "連鎖型綠色商店", "source_dataset" : "ntpe_6ccd0274", "store_code" : "F001773"}}, {"type" : "Feature", "geometry" : {"type" : "Point", "coordinates" : [121.627420960752, 25.060721009532]}, "properties" : {"name" : "萊爾富國際股份有限公司-北縣汐福店", "address" : "221新北市汐止區福德一路270號", "city" : "新北市", "district" : "汐止區", "tel" : "02-66068688分機356", "store_type" : "連鎖型綠色商店", "source_dataset" : "ntpe_6ccd0274", "store_code" : "F001673"}}, {"type" : "Feature", "geometry" : {"type" : "Point", "coordinates" : [121.632418921977, 25.064903411579]}, "properties" : {"name" : "萊爾富國際股份有限公司-北縣汐德店", "address" : "221新北市汐止區中興路156號", "city" : "新北市", "district" : "汐止區", "tel" : "02-66068688分機356", "store_type" : "連鎖型綠色商店", "source_dataset" : "ntpe_6ccd0274", "store_code" : "F001765"}}, {"type" : "Feature", "geometry" : {"type" : "Point", "coordinates" : [121.634649011136, 25.057446996242]}, "properties" : {"name" : "萊爾富國際股份有限公司-北縣汐鑽店", "address" : "221新北市汐止區大同路一段282號", "city" : "新北市", "district" : "汐止區", "tel" : "02-66068688分機356", "store_type" : "連鎖型綠色商店", "source_dataset" : "ntpe_6ccd0274", "store_code" : "F001836"}}, {"type" : "Feature", "geometry" : {"type" : "Point", "coordinates" : [121.506352447947, 24.980646591061]}, "properties" : {"name" : "萊爾富國際股份有限公司-北縣竹林店", "address" : "235新北市中和區華新街143巷12號(竹林中學教學大樓一樓)", "city" : "新北市", "district" : "中和區", "tel" : "02-66068688分機356", "store_type" : "連鎖型綠色商店", "source_dataset" : "ntpe_6ccd0274", "store_code" : "F001846"}}, {"type" : "Feature", "geometry" : {"type" : "Point", "coordinates" : [121.451274008235, 25.131619002266]}, "properties" : {"name" : "萊爾富國際股份有限公司-北縣米倉店", "address" : "249新北市八里區龍米路一段215.217號", "city" : "新北市", "district" : "八里區", "tel" : "02-66068688分機356", "store_type" : "連鎖型綠色商店", "source_dataset" : "ntpe_6ccd0274", "store_code" : "F001750"}}, {"type" : "Feature", "geometry" : {"type" : "Point", "coordinates" : [121.475255722867, 25.003221279477]}, "properties" : {"name" : "萊爾富國際股份有限公司-北縣自治店", "address" : "235新北市中和區自治街38.40號", "city" : "新北市", "district" : "中和區", "tel" : "02-66068688分機356", "store_type" : "連鎖型綠色商店", "source_dataset" : "ntpe_6ccd0274", "store_code" : "F001677"}}, {"type" : "Feature", "geometry" : {"type" : "Point", "coordinates" : [121.445408844362, 25.093924327333]}, "properties" : {"name" : "萊爾富國際股份有限公司-北縣西雲店", "address" : "248新北市五股區西雲路134、134之1號一樓", "city" : "新北市", "district" : "五股區", "tel" : "02-66068688分機356", "store_type" : "連鎖型綠色商店", "source_dataset" : "ntpe_6ccd0274", "store_code" : "F001922"}}, {"type" : "Feature", "geometry" : {"type" : "Point", "coordinates" : [121.638730830345, 25.069734279564]}, "properties" : {"name" : "萊爾富國際股份有限公司-北縣宏福店", "address" : "221新北市汐止區福德一路6,10號", "city" : "新北市", "district" : "汐止區", "tel" : "02-66068688分機356", "store_type" : "連鎖型綠色商店", "source_dataset" : "ntpe_6ccd0274", "store_code" : "F001878"}}, {"type" : "Feature", "geometry" : {"type" : "Point", "coordinates" : [121.483910959905, 25.071407307438]}, "properties" : {"name" : "萊爾富國際股份有限公司-北縣車路頭店", "address" : "241新北市三重區車路頭街35號", "city" : "新北市", "district" : "三重區", "tel" : "02-66068688分機356", "store_type" : "連鎖型綠色商店", "source_dataset" : "ntpe_6ccd0274", "store_code" : "F001897"}}, {"type" : "Feature", "geometry" : {"type" : "Point", "coordinates" : [121.521479991042, 24.992039988279]}, "properties" : {"name" : "萊爾富國際股份有限公司-北縣和大店", "address" : "235新北市中和區大智街55巷30弄58-1號", "city" : "新北市", "district" : "中和區", "tel" : "02-66068688分機356", "store_type" : "連鎖型綠色商店", "source_dataset" : "ntpe_6ccd0274", "store_code" : "F001769"}}, {"type" : "Feature", "geometry" : {"type" : "Point", "coordinates" : [121.483941972947, 24.999631016981]}, "properties" : {"name" : "萊爾富國際股份有限公司-北縣和弘店", "address" : "235新北市中和區新生街213號", "city" : "新北市", "district" : "中和區", "tel" : "02-66068688分機356", "store_type" : "連鎖型綠色商店", "source_dataset" : "ntpe_6ccd0274", "store_code" : "F001848"}}, {"type" : "Feature", "geometry" : {"type" : "Point", "coordinates" : [121.489580982127, 25.00672101742]}, "properties" : {"name" : "萊爾富國際股份有限公司-北縣和立店", "address" : "235新北市中和區立德街13-9號", "city" : "新北市", "district" : "中和區", "tel" : "02-66068688分機356", "store_type" : "連鎖型綠色商店", "source_dataset" : "ntpe_6ccd0274", "store_code" : "F001934"}}, {"type" : "Feature", "geometry" : {"type" : "Point", "coordinates" : [121.499801036669, 25.001140011009]}, "properties" : {"name" : "萊爾富國際股份有限公司-北縣和泰店", "address" : "235新北市中和區泰和街10號", "city" : "新北市", "district" : "中和區", "tel" : "02-66068688分機356", "store_type" : "連鎖型綠色商店", "source_dataset" : "ntpe_6ccd0274", "store_code" : "F001756"}}, {"type" : "Feature", "geometry" : {"type" : "Point", "coordinates" : [121.472779960126, 24.999092982616]}, "properties" : {"name" : "萊爾富國際股份有限公司-北縣和強店", "address" : "235新北市中和區莒光路179號", "city" : "新北市", "district" : "中和區", "tel" : "02-66068688分機356", "store_type" : "連鎖型綠色商店", "source_dataset" : "ntpe_6ccd0274", "store_code" : "F001683"}}, {"type" : "Feature", "geometry" : {"type" : "Point", "coordinates" : [121.501877988457, 24.998114018234]}, "properties" : {"name" : "萊爾富國際股份有限公司-北縣和圓店", "address" : "235新北市中和區圓通路2.4.6號", "city" : "新北市", "district" : "中和區", "tel" : "02-66068688分機356", "store_type" : "連鎖型綠色商店", "source_dataset" : "ntpe_6ccd0274", "store_code" : "F001905"}}, {"type" : "Feature", "geometry" : {"type" : "Point", "coordinates" : [121.480993973781, 24.994181019717]}, "properties" : {"name" : "萊爾富國際股份有限公司-北縣和樂店", "address" : "235新北市中和區員山路84號1樓", "city" : "新北市", "district" : "中和區", "tel" : "02-66068688分機356", "store_type" : "連鎖型綠色商店", "source_dataset" : "ntpe_6ccd0274", "store_code" : "F001771"}}, {"type" : "Feature", "geometry" : {"type" : "Point", "coordinates" : [121.508818036648, 24.998840980697]}, "properties" : {"name" : "萊爾富國際股份有限公司-北縣宜安店", "address" : "235新北市中和區宜安路161號", "city" : "新北市", "district" : "中和區", "tel" : "02-66068688分機356", "store_type" : "連鎖型綠色商店", "source_dataset" : "ntpe_6ccd0274", "store_code" : "F001763"}}, {"type" : "Feature", "geometry" : {"type" : "Point", "coordinates" : [121.459847186441, 25.009741687686]}, "properties" : {"name" : "萊爾富國際股份有限公司-北縣府中店", "address" : "220新北市板橋區府中路22/24號", "city" : "新北市", "district" : "板橋區", "tel" : "02-66068688分機356", "store_type" : "連鎖型綠色商店", "source_dataset" : "ntpe_6ccd0274", "store_code" : "F001802"}}, {"type" : "Feature", "geometry" : {"type" : "Point", "coordinates" : [121.474148976372, 25.028362001771]}, "properties" : {"name" : "萊爾富國際股份有限公司-北縣昇陽店", "address" : "220新北市板橋區雙十路二段167號", "city" : "新北市", "district" : "板橋區", "tel" : "02-66068688分機356", "store_type" : "連鎖型綠色商店", "source_dataset" : "ntpe_6ccd0274", "store_code" : "F001919"}}, {"type" : "Feature", "geometry" : {"type" : "Point", "coordinates" : [121.370866997806, 25.069704984813]}, "properties" : {"name" : "萊爾富國際股份有限公司-北縣林達店", "address" : "244新北市林口區文化一路一段43號", "city" : "新北市", "district" : "林口區", "tel" : "02-66068688分機356", "store_type" : "連鎖型綠色商店", "source_dataset" : "ntpe_6ccd0274", "store_code" : "F001684"}}, {"type" : "Feature", "geometry" : {"type" : "Point", "coordinates" : [121.476937970834, 25.0266740122]}, "properties" : {"name" : "萊爾富國際股份有限公司-北縣板同店", "address" : "220新北市板橋區大同街6號", "city" : "新北市", "district" : "板橋區", "tel" : "02-66068688分機356", "store_type" : "連鎖型綠色商店", "source_dataset" : "ntpe_6ccd0274", "store_code" : "F001689"}}, {"type" : "Feature", "geometry" : {"type" : "Point", "coordinates" : [121.454069959677, 25.019801983153]}, "properties" : {"name" : "萊爾富國際股份有限公司-北縣板好店", "address" : "220新北市板橋區中正路341巷37號", "city" : "新北市", "district" : "板橋區", "tel" : "02-66068688分機356", "store_type" : "連鎖型綠色商店", "source_dataset" : "ntpe_6ccd0274", "store_code" : "F001858"}}, {"type" : "Feature", "geometry" : {"type" : "Point", "coordinates" : [121.47297701867, 25.02671298805]}, "properties" : {"name" : "萊爾富國際股份有限公司-北縣板成店", "address" : "220新北市板橋區莊敬路77號", "city" : "新北市", "district" : "板橋區", "tel" : "02-66068688分機356", "store_type" : "連鎖型綠色商店", "source_dataset" : "ntpe_6ccd0274", "store_code" : "F001891"}}, {"type" : "Feature", "geometry" : {"type" : "Point", "coordinates" : [121.461370010609, 25.026984016889]}, "properties" : {"name" : "萊爾富國際股份有限公司-北縣板助店", "address" : "220新北市板橋區新翠里互助街56號1樓", "city" : "新北市", "district" : "板橋區", "tel" : "02-66068688分機356", "store_type" : "連鎖型綠色商店", "source_dataset" : "ntpe_6ccd0274", "store_code" : "F001873"}}, {"type" : "Feature", "geometry" : {"type" : "Point", "coordinates" : [121.46686099538, 25.031198018711]}, "properties" : {"name" : "萊爾富國際股份有限公司-北縣板宏店", "address" : "220新北市板橋區吳鳳路21巷2號1樓", "city" : "新北市", "district" : "板橋區", "tel" : "02-66068688分機356", "store_type" : "連鎖型綠色商店", "source_dataset" : "ntpe_6ccd0274", "store_code" : "F001881"}}, {"type" : "Feature", "geometry" : {"type" : "Point", "coordinates" : [121.465852987704, 25.02352300334]}, "properties" : {"name" : "萊爾富國際股份有限公司-北縣板明店", "address" : "220新北市板橋區陽明街52號+自由路1號", "city" : "新北市", "district" : "板橋區", "tel" : "02-66068688分機356", "store_type" : "連鎖型綠色商店", "source_dataset" : "ntpe_6ccd0274", "store_code" : "F001946"}}, {"type" : "Feature", "geometry" : {"type" : "Point", "coordinates" : [121.448, 25.0199]}, "properties" : {"name" : "萊爾富國際股份有限公司-北縣板松店", "address" : "220新北市板橋區松江路74號", "city" : "新北市", "district" : "板橋區", "tel" : "02-66068688分機356", "store_type" : "連鎖型綠色商店", "source_dataset" : "ntpe_6ccd0274", "store_code" : "F001910"}}, {"type" : "Feature", "geometry" : {"type" : "Point", "coordinates" : [121.479438041094, 25.033192995485]}, "properties" : {"name" : "萊爾富國際股份有限公司-北縣板治店", "address" : "220新北市板橋區民治街52巷1.3號", "city" : "新北市", "district" : "板橋區", "tel" : "02-66068688分機356", "store_type" : "連鎖型綠色商店", "source_dataset" : "ntpe_6ccd0274", "store_code" : "F001737"}}, {"type" : "Feature", "geometry" : {"type" : "Point", "coordinates" : [121.461223997856, 24.998532987665]}, "properties" : {"name" : "萊爾富國際股份有限公司-北縣板美店", "address" : "220新北市板橋區重慶路290巷9號", "city" : "新北市", "district" : "板橋區", "tel" : "02-66068688分機356", "store_type" : "連鎖型綠色商店", "source_dataset" : "ntpe_6ccd0274", "store_code" : "F001900"}}, {"type" : "Feature", "geometry" : {"type" : "Point", "coordinates" : [121.445119009095, 25.007869002879]}, "properties" : {"name" : "萊爾富國際股份有限公司-北縣板盛店", "address" : "220新北市板橋區僑中二街104巷2號1樓", "city" : "新北市", "district" : "板橋區", "tel" : "02-66068688分機356", "store_type" : "連鎖型綠色商店", "source_dataset" : "ntpe_6ccd0274", "store_code" : "F001724"}}, {"type" : "Feature", "geometry" : {"type" : "Point", "coordinates" : [121.469544964596, 25.025129981816]}, "properties" : {"name" : "萊爾富國際股份有限公司-北縣板莒店", "address" : "220新北市板橋區文化路二段78號", "city" : "新北市", "district" : "板橋區", "tel" : "02-66068688分機356", "store_type" : "連鎖型綠色商店", "source_dataset" : "ntpe_6ccd0274", "store_code" : "F001880"}}, {"type" : "Feature", "geometry" : {"type" : "Point", "coordinates" : [121.473786039964, 25.021301002717]}, "properties" : {"name" : "萊爾富國際股份有限公司-北縣板莊店", "address" : "220新北市板橋區莊敬路248號", "city" : "新北市", "district" : "板橋區", "tel" : "02-66068688分機356", "store_type" : "連鎖型綠色商店", "source_dataset" : "ntpe_6ccd0274", "store_code" : "F001723"}}, {"type" : "Feature", "geometry" : {"type" : "Point", "coordinates" : [121.4641372879, 25.013924834458]}, "properties" : {"name" : "萊爾富國際股份有限公司-北縣板速店", "address" : "220新北市板橋區縣民大道二段7號B1", "city" : "新北市", "district" : "板橋區", "tel" : "02-66068688分機356", "store_type" : "連鎖型綠色商店", "source_dataset" : "ntpe_6ccd0274", "store_code" : "F001939"}}, {"type" : "Feature", "geometry" : {"type" : "Point", "coordinates" : [121.475247867751, 25.012571474951]}, "properties" : {"name" : "萊爾富國際股份有限公司-北縣板富店", "address" : "220新北市板橋區板新路1號", "city" : "新北市", "district" : "板橋區", "tel" : "02-66068688分機356", "store_type" : "連鎖型綠色商店", "source_dataset" : "ntpe_6ccd0274", "store_code" : "F001948"}}, {"type" : "Feature", "geometry" : {"type" : "Point", "coordinates" : [121.45678703741, 25.005306990354]}, "properties" : {"name" : "萊爾富國際股份有限公司-北縣板華店", "address" : "220新北市板橋區華星里華興街90號1樓", "city" : "新北市", "district" : "板橋區", "tel" : "02-66068688分機356", "store_type" : "連鎖型綠色商店", "source_dataset" : "ntpe_6ccd0274", "store_code" : "F001871"}}, {"type" : "Feature", "geometry" : {"type" : "Point", "coordinates" : [121.453660000793, 25.007964011751]}, "properties" : {"name" : "萊爾富國際股份有限公司-北縣板雅店", "address" : "220新北市板橋區南雅東路100巷3號", "city" : "新北市", "district" : "板橋區", "tel" : "02-66068688分機356", "store_type" : "連鎖型綠色商店", "source_dataset" : "ntpe_6ccd0274", "store_code" : "F001745"}}, {"type" : "Feature", "geometry" : {"type" : "Point", "coordinates" : [121.470646011397, 25.031440004255]}, "properties" : {"name" : "萊爾富國際股份有限公司-北縣板嘉店", "address" : "220新北市板橋區雙十路三段29號", "city" : "新北市", "district" : "板橋區", "tel" : "02-66068688分機356", "store_type" : "連鎖型綠色商店", "source_dataset" : "ntpe_6ccd0274", "store_code" : "F001736"}}, {"type" : "Feature", "geometry" : {"type" : "Point", "coordinates" : [121.471657036558, 25.032219982255]}, "properties" : {"name" : "萊爾富國際股份有限公司-北縣板寧店", "address" : "220新北市板橋區江寧路三段53號", "city" : "新北市", "district" : "板橋區", "tel" : "02-66068688分機356", "store_type" : "連鎖型綠色商店", "source_dataset" : "ntpe_6ccd0274", "store_code" : "F001747"}}, {"type" : "Feature", "geometry" : {"type" : "Point", "coordinates" : [121.463678973477, 25.028048979597]}, "properties" : {"name" : "萊爾富國際股份有限公司-北縣板維店", "address" : "220新北市板橋區明翠里四維路234號1樓", "city" : "新北市", "district" : "板橋區", "tel" : "02-66068688分機356", "store_type" : "連鎖型綠色商店", "source_dataset" : "ntpe_6ccd0274", "store_code" : "F001671"}}, {"type" : "Feature", "geometry" : {"type" : "Point", "coordinates" : [121.430114983316, 24.993881995321]}, "properties" : {"name" : "萊爾富國際股份有限公司-北縣板億店", "address" : "220新北市板橋區崑崙里大觀路三段160巷31弄1號", "city" : "新北市", "district" : "板橋區", "tel" : "02-66068688分機356", "store_type" : "連鎖型綠色商店", "source_dataset" : "ntpe_6ccd0274", "store_code" : "F001879"}}, {"type" : "Feature", "geometry" : {"type" : "Point", "coordinates" : [121.461260962049, 25.00899599167]}, "properties" : {"name" : "萊爾富國際股份有限公司-北縣板震店", "address" : "220新北市板橋區中山路一段50巷5號", "city" : "新北市", "district" : "板橋區", "tel" : "02-66068688分機356", "store_type" : "連鎖型綠色商店", "source_dataset" : "ntpe_6ccd0274", "store_code" : "F001943"}}, {"type" : "Feature", "geometry" : {"type" : "Point", "coordinates" : [121.455992013894, 25.002858007794]}, "properties" : {"name" : "萊爾富國際股份有限公司-北縣板興店", "address" : "220新北市板橋區貴興路86號", "city" : "新北市", "district" : "板橋區", "tel" : "02-66068688分機356", "store_type" : "連鎖型綠色商店", "source_dataset" : "ntpe_6ccd0274", "store_code" : "F001761"}}, {"type" : "Feature", "geometry" : {"type" : "Point", "coordinates" : [121.461048983718, 25.016860018958]}, "properties" : {"name" : "萊爾富國際股份有限公司-北縣板館店", "address" : "220新北市板橋區公館街110號 ", "city" : "新北市", "district" : "板橋區", "tel" : "02-66068688分機356", "store_type" : "連鎖型綠色商店", "source_dataset" : "ntpe_6ccd0274", "store_code" : "F001732"}}, {"type" : "Feature", "geometry" : {"type" : "Point", "coordinates" : [121.443842026146, 25.002241015901]}, "properties" : {"name" : "萊爾富國際股份有限公司-北縣板龍店", "address" : "220新北市板橋區龍興街73巷2號", "city" : "新北市", "district" : "板橋區", "tel" : "02-66068688分機356", "store_type" : "連鎖型綠色商店", "source_dataset" : "ntpe_6ccd0274", "store_code" : "F001893"}}, {"type" : "Feature", "geometry" : {"type" : "Point", "coordinates" : [121.448, 25.0199]}, "properties" : {"name" : "萊爾富國際股份有限公司-北縣板駿店", "address" : "220新北市板橋區文化路313號(致理技術學院)", "city" : "新北市", "district" : "板橋區", "tel" : "02-66068688分機356", "store_type" : "連鎖型綠色商店", "source_dataset" : "ntpe_6ccd0274", "store_code" : "F001949"}}, {"type" : "Feature", "geometry" : {"type" : "Point", "coordinates" : [121.473959964455, 25.017910019969]}, "properties" : {"name" : "萊爾富國際股份有限公司-北縣板豐店", "address" : "220新北市板橋區永豐街51-1 ,51-2號  ", "city" : "新北市", "district" : "板橋區", "tel" : "02-66068688分機356", "store_type" : "連鎖型綠色商店", "source_dataset" : "ntpe_6ccd0274", "store_code" : "F001776"}}, {"type" : "Feature", "geometry" : {"type" : "Point", "coordinates" : [121.47155562936, 25.030523193733]}, "properties" : {"name" : "萊爾富國際股份有限公司-北縣板雙店", "address" : "220新北市板橋區雙十路三段12、14、16號", "city" : "新北市", "district" : "板橋區", "tel" : "02-66068688分機356", "store_type" : "連鎖型綠色商店", "source_dataset" : "ntpe_6ccd0274", "store_code" : "F001670"}}, {"type" : "Feature", "geometry" : {"type" : "Point", "coordinates" : [121.462778002705, 24.996167991774]}, "properties" : {"name" : "萊爾富國際股份有限公司-北縣板鑽店", "address" : "220新北市板橋區國慶路180號", "city" : "新北市", "district" : "板橋區", "tel" : "02-66068688分機356", "store_type" : "連鎖型綠色商店", "source_dataset" : "ntpe_6ccd0274", "store_code" : "F001740"}}, {"type" : "Feature", "geometry" : {"type" : "Point", "coordinates" : [121.503937002972, 25.257821001698]}, "properties" : {"name" : "萊爾富國際股份有限公司-北縣芝蘭店", "address" : "252新北市三芝區中正路一段68號", "city" : "新北市", "district" : "三芝區", "tel" : "02-66068688分機356", "store_type" : "連鎖型綠色商店", "source_dataset" : "ntpe_6ccd0274", "store_code" : "F001864"}}, {"type" : "Feature", "geometry" : {"type" : "Point", "coordinates" : [121.466400325981, 25.042507594937]}, "properties" : {"name" : "萊爾富國際股份有限公司-北縣金陵店", "address" : "241新北市三重區重新路五段656號(私立金陵女子高級中學)", "city" : "新北市", "district" : "三重區", "tel" : "02-66068688分機356", "store_type" : "連鎖型綠色商店", "source_dataset" : "ntpe_6ccd0274", "store_code" : "F001849"}}, {"type" : "Feature", "geometry" : {"type" : "Point", "coordinates" : [121.635789369063, 25.222319199341]}, "properties" : {"name" : "萊爾富國際股份有限公司-北縣金陽店", "address" : "208新北市金山鄉中正路26號", "city" : "新北市", "district" : null, "tel" : "02-66068688分機356", "store_type" : "連鎖型綠色商店", "source_dataset" : "ntpe_6ccd0274", "store_code" : "F001693"}}, {"type" : "Feature", "geometry" : {"type" : "Point", "coordinates" : [121.457175035708, 25.175980099093]}, "properties" : {"name" : "萊爾富國際股份有限公司-北縣金龍店", "address" : "251新北市淡水區水源街二段194號", "city" : "新北市", "district" : "淡水區", "tel" : "02-66068688分機356", "store_type" : "連鎖型綠色商店", "source_dataset" : "ntpe_6ccd0274", "store_code" : "F001682"}}, {"type" : "Feature", "geometry" : {"type" : "Point", "coordinates" : [121.462813961069, 25.080031992439]}, "properties" : {"name" : "萊爾富國際股份有限公司-北縣長安二店", "address" : "247新北市蘆洲區長安街66號", "city" : "新北市", "district" : "蘆洲區", "tel" : "02-66068688分機356", "store_type" : "連鎖型綠色商店", "source_dataset" : "ntpe_6ccd0274", "store_code" : "F001865"}}, {"type" : "Feature", "geometry" : {"type" : "Point", "coordinates" : [121.502832016676, 25.067951993583]}, "properties" : {"name" : "萊爾富國際股份有限公司-北縣長濱店", "address" : "241新北市三重區長安街120號", "city" : "新北市", "district" : "三重區", "tel" : "02-66068688分機356", "store_type" : "連鎖型綠色商店", "source_dataset" : "ntpe_6ccd0274", "store_code" : "F001781"}}, {"type" : "Feature", "geometry" : {"type" : "Point", "coordinates" : [121.446084017607, 25.012864994357]}, "properties" : {"name" : "萊爾富國際股份有限公司-北縣阜康店", "address" : "220新北市板橋區僑中一街102巷7弄19號", "city" : "新北市", "district" : "板橋區", "tel" : "02-66068688分機356", "store_type" : "連鎖型綠色商店", "source_dataset" : "ntpe_6ccd0274", "store_code" : "F001731"}}, {"type" : "Feature", "geometry" : {"type" : "Point", "coordinates" : [121.460778583521, 24.978602288747]}, "properties" : {"name" : "萊爾富國際股份有限公司-北縣青雲二店", "address" : "236新北市土城區青仁路27號", "city" : "新北市", "district" : "土城區", "tel" : "02-66068688分機356", "store_type" : "連鎖型綠色商店", "source_dataset" : "ntpe_6ccd0274", "store_code" : "F001826"}}, {"type" : "Feature", "geometry" : {"type" : "Point", "coordinates" : [121.459494978869, 24.971539990498]}, "properties" : {"name" : "萊爾富國際股份有限公司-北縣青雲店", "address" : "236新北市土城區青雲路585之2號", "city" : "新北市", "district" : "土城區", "tel" : "02-66068688分機356", "store_type" : "連鎖型綠色商店", "source_dataset" : "ntpe_6ccd0274", "store_code" : "F001838"}}, {"type" : "Feature", "geometry" : {"type" : "Point", "coordinates" : [121.504507559121, 24.98394239926]}, "properties" : {"name" : "萊爾富國際股份有限公司-北縣南勢店", "address" : "235新北市中和區興南路二段118號", "city" : "新北市", "district" : "中和區", "tel" : "02-66068688分機356", "store_type" : "連鎖型綠色商店", "source_dataset" : "ntpe_6ccd0274", "store_code" : "F001940"}}, {"type" : "Feature", "geometry" : {"type" : "Point", "coordinates" : [121.453956971622, 24.983418991316]}, "properties" : {"name" : "萊爾富國際股份有限公司-北縣城士店", "address" : "236新北市土城區裕民路240.242號", "city" : "新北市", "district" : "土城區", "tel" : "02-66068688分機356", "store_type" : "連鎖型綠色商店", "source_dataset" : "ntpe_6ccd0274", "store_code" : "F001902"}}, {"type" : "Feature", "geometry" : {"type" : "Point", "coordinates" : [121.44269202903, 24.97488998574]}, "properties" : {"name" : "萊爾富國際股份有限公司-北縣城正店", "address" : "236新北市土城區中正路8號", "city" : "新北市", "district" : "土城區", "tel" : "02-66068688分機356", "store_type" : "連鎖型綠色商店", "source_dataset" : "ntpe_6ccd0274", "store_code" : "F001896"}}, {"type" : "Feature", "geometry" : {"type" : "Point", "coordinates" : [121.47049161674, 24.986355716822]}, "properties" : {"name" : "萊爾富國際股份有限公司-北縣城吉店", "address" : "236新北市土城區延吉街96號1樓", "city" : "新北市", "district" : "土城區", "tel" : "02-66068688分機356", "store_type" : "連鎖型綠色商店", "source_dataset" : "ntpe_6ccd0274", "store_code" : "F001774"}}, {"type" : "Feature", "geometry" : {"type" : "Point", "coordinates" : [121.465871008796, 24.989075979678]}, "properties" : {"name" : "萊爾富國際股份有限公司-北縣城和店", "address" : "236新北市土城區安和里延和路64號1樓", "city" : "新北市", "district" : "土城區", "tel" : "02-66068688分機356", "store_type" : "連鎖型綠色商店", "source_dataset" : "ntpe_6ccd0274", "store_code" : "F001760"}}, {"type" : "Feature", "geometry" : {"type" : "Point", "coordinates" : [121.453811964697, 24.986177014646]}, "properties" : {"name" : "萊爾富國際股份有限公司-北縣城府店", "address" : "236新北市土城區學府路一段139.141號", "city" : "新北市", "district" : "土城區", "tel" : "02-66068688分機356", "store_type" : "連鎖型綠色商店", "source_dataset" : "ntpe_6ccd0274", "store_code" : "F001794"}}, {"type" : "Feature", "geometry" : {"type" : "Point", "coordinates" : [121.467582006691, 24.984867719461]}, "properties" : {"name" : "萊爾富國際股份有限公司-北縣城堡店", "address" : "236新北市土城區延吉街251號", "city" : "新北市", "district" : "土城區", "tel" : "02-66068688分機356", "store_type" : "連鎖型綠色商店", "source_dataset" : "ntpe_6ccd0274", "store_code" : "F001788"}}, {"type" : "Feature", "geometry" : {"type" : "Point", "coordinates" : [121.452093003994, 24.985638980281]}, "properties" : {"name" : "萊爾富國際股份有限公司-北縣城裕店", "address" : "236新北市土城區裕民路162號", "city" : "新北市", "district" : "土城區", "tel" : "02-66068688分機356", "store_type" : "連鎖型綠色商店", "source_dataset" : "ntpe_6ccd0274", "store_code" : "F001852"}}, {"type" : "Feature", "geometry" : {"type" : "Point", "coordinates" : [121.455366975374, 24.993323006198]}, "properties" : {"name" : "萊爾富國際股份有限公司-北縣城廣店", "address" : "236新北市土城區廣明街50號1樓.B1", "city" : "新北市", "district" : "土城區", "tel" : "02-66068688分機356", "store_type" : "連鎖型綠色商店", "source_dataset" : "ntpe_6ccd0274", "store_code" : "F001775"}}, {"type" : "Feature", "geometry" : {"type" : "Point", "coordinates" : [121.450732034375, 24.98846900416]}, "properties" : {"name" : "萊爾富國際股份有限公司-北縣城學店", "address" : "236新北市土城區學成里學成路91巷2號1樓.B1", "city" : "新北市", "district" : "土城區", "tel" : "02-66068688分機356", "store_type" : "連鎖型綠色商店", "source_dataset" : "ntpe_6ccd0274", "store_code" : "F001709"}}, {"type" : "Feature", "geometry" : {"type" : "Point", "coordinates" : [121.538661970542, 24.979362988369]}, "properties" : {"name" : "萊爾富國際股份有限公司-北縣建國二店", "address" : "231新北市新店區建國路154號", "city" : "新北市", "district" : "新店區", "tel" : "02-66068688分機356", "store_type" : "連鎖型綠色商店", "source_dataset" : "ntpe_6ccd0274", "store_code" : "F001890"}}, {"type" : "Feature", "geometry" : {"type" : "Point", "coordinates" : [121.538605727972, 24.973955696902]}, "properties" : {"name" : "萊爾富國際股份有限公司-北縣建國店", "address" : "231新北市新店區中正路282之10號", "city" : "新北市", "district" : "新店區", "tel" : "02-66068688分機356", "store_type" : "連鎖型綠色商店", "source_dataset" : "ntpe_6ccd0274", "store_code" : "F001923"}}, {"type" : "Feature", "geometry" : {"type" : "Point", "coordinates" : [121.492476007665, 25.065300001328]}, "properties" : {"name" : "萊爾富國際股份有限公司-北縣重大店", "address" : "241新北市三重區重陽里大仁街78號1樓", "city" : "新北市", "district" : "三重區", "tel" : "02-66068688分機356", "store_type" : "連鎖型綠色商店", "source_dataset" : "ntpe_6ccd0274", "store_code" : "F001730"}}, {"type" : "Feature", "geometry" : {"type" : "Point", "coordinates" : [121.496610968139, 25.057955987313]}, "properties" : {"name" : "萊爾富國際股份有限公司-北縣重山店", "address" : "241新北市三重區大同南路144號1樓", "city" : "新北市", "district" : "三重區", "tel" : "02-66068688分機356", "store_type" : "連鎖型綠色商店", "source_dataset" : "ntpe_6ccd0274", "store_code" : "F001714"}}, {"type" : "Feature", "geometry" : {"type" : "Point", "coordinates" : [121.494457323387, 25.058093628347]}, "properties" : {"name" : "萊爾富國際股份有限公司-北縣重化店", "address" : "241新北市三重區仁化街118.120號", "city" : "新北市", "district" : "三重區", "tel" : "02-66068688分機356", "store_type" : "連鎖型綠色商店", "source_dataset" : "ntpe_6ccd0274", "store_code" : "F001807"}}, {"type" : "Feature", "geometry" : {"type" : "Point", "coordinates" : [121.480809991006, 25.068300010203]}, "properties" : {"name" : "萊爾富國際股份有限公司-北縣重北店", "address" : "241新北市三重區中正北路274號", "city" : "新北市", "district" : "三重區", "tel" : "02-66068688分機356", "store_type" : "連鎖型綠色商店", "source_dataset" : "ntpe_6ccd0274", "store_code" : "F001759"}}, {"type" : "Feature", "geometry" : {"type" : "Point", "coordinates" : [121.492837016235, 25.060508989292]}, "properties" : {"name" : "萊爾富國際股份有限公司-北縣重正店", "address" : "241新北市三重區重新路三段98號", "city" : "新北市", "district" : "三重區", "tel" : "02-66068688分機356", "store_type" : "連鎖型綠色商店", "source_dataset" : "ntpe_6ccd0274", "store_code" : "F001798"}}, {"type" : "Feature", "geometry" : {"type" : "Point", "coordinates" : [121.48451998899, 25.059026984991]}, "properties" : {"name" : "萊爾富國際股份有限公司-北縣重民店", "address" : "241新北市三重區三陽路59號", "city" : "新北市", "district" : "三重區", "tel" : "02-66068688分機356", "store_type" : "連鎖型綠色商店", "source_dataset" : "ntpe_6ccd0274", "store_code" : "F001674"}}, {"type" : "Feature", "geometry" : {"type" : "Point", "coordinates" : [121.482424429377, 25.078319192435]}, "properties" : {"name" : "萊爾富國際股份有限公司-北縣重永店", "address" : "241新北市三重區永福街11號", "city" : "新北市", "district" : "三重區", "tel" : "02-66068688分機356", "store_type" : "連鎖型綠色商店", "source_dataset" : "ntpe_6ccd0274", "store_code" : "F001766"}}, {"type" : "Feature", "geometry" : {"type" : "Point", "coordinates" : [121.499742028071, 25.067897008298]}, "properties" : {"name" : "萊爾富國際股份有限公司-北縣重玉店", "address" : "241新北市三重區中央北路132號", "city" : "新北市", "district" : "三重區", "tel" : "02-66068688分機356", "store_type" : "連鎖型綠色商店", "source_dataset" : "ntpe_6ccd0274", "store_code" : "F001859"}}, {"type" : "Feature", "geometry" : {"type" : "Point", "coordinates" : [121.469528787522, 25.059923680993]}, "properties" : {"name" : "萊爾富國際股份有限公司-北縣重光店", "address" : "241新北市三重區光華路17號", "city" : "新北市", "district" : "三重區", "tel" : "02-66068688分機356", "store_type" : "連鎖型綠色商店", "source_dataset" : "ntpe_6ccd0274", "store_code" : "F001728"}}, {"type" : "Feature", "geometry" : {"type" : "Point", "coordinates" : [121.495968998175, 25.059694100665]}, "properties" : {"name" : "萊爾富國際股份有限公司-北縣重安店", "address" : "241新北市三重區大同南路69號", "city" : "新北市", "district" : "三重區", "tel" : "02-66068688分機356", "store_type" : "連鎖型綠色商店", "source_dataset" : "ntpe_6ccd0274", "store_code" : "F001686"}}, {"type" : "Feature", "geometry" : {"type" : "Point", "coordinates" : [121.49572793464, 25.073224084952]}, "properties" : {"name" : "萊爾富國際股份有限公司-北縣重旺店", "address" : "241新北市三重區尚德里仁愛街70號", "city" : "新北市", "district" : "三重區", "tel" : "02-66068688分機356", "store_type" : "連鎖型綠色商店", "source_dataset" : "ntpe_6ccd0274", "store_code" : "F001926"}}, {"type" : "Feature", "geometry" : {"type" : "Point", "coordinates" : [121.492827963779, 25.068388984105]}, "properties" : {"name" : "萊爾富國際股份有限公司-北縣重武店", "address" : "241新北市三重區安慶街203之1號", "city" : "新北市", "district" : "三重區", "tel" : "02-66068688分機356", "store_type" : "連鎖型綠色商店", "source_dataset" : "ntpe_6ccd0274", "store_code" : "F001722"}}, {"type" : "Feature", "geometry" : {"type" : "Point", "coordinates" : [121.501472974895, 25.060621013427]}, "properties" : {"name" : "萊爾富國際股份有限公司-北縣重治店", "address" : "241新北市三重區中央南路93號", "city" : "新北市", "district" : "三重區", "tel" : "02-66068688分機356", "store_type" : "連鎖型綠色商店", "source_dataset" : "ntpe_6ccd0274", "store_code" : "F001687"}}, {"type" : "Feature", "geometry" : {"type" : "Point", "coordinates" : [121.500127008883, 25.062543989654]}, "properties" : {"name" : "萊爾富國際股份有限公司-北縣重冠店", "address" : "241新北市三重區文化南路8號", "city" : "新北市", "district" : "三重區", "tel" : "02-66068688分機356", "store_type" : "連鎖型綠色商店", "source_dataset" : "ntpe_6ccd0274", "store_code" : "F001705"}}, {"type" : "Feature", "geometry" : {"type" : "Point", "coordinates" : [121.497977972728, 25.06839200159]}, "properties" : {"name" : "萊爾富國際股份有限公司-北縣重盈店", "address" : "241新北市三重區文化里文化北路10號1樓", "city" : "新北市", "district" : "三重區", "tel" : "02-66068688分機356", "store_type" : "連鎖型綠色商店", "source_dataset" : "ntpe_6ccd0274", "store_code" : "F001872"}}, {"type" : "Feature", "geometry" : {"type" : "Point", "coordinates" : [121.485541994444, 25.080670986828]}, "properties" : {"name" : "萊爾富國際股份有限公司-北縣重美店", "address" : "241新北市三重區慈愛里仁美街106號", "city" : "新北市", "district" : "三重區", "tel" : "02-66068688分機356", "store_type" : "連鎖型綠色商店", "source_dataset" : "ntpe_6ccd0274", "store_code" : "F001815"}}, {"type" : "Feature", "geometry" : {"type" : "Point", "coordinates" : [121.487988001429, 25.070195996701]}, "properties" : {"name" : "萊爾富國際股份有限公司-北縣重國店", "address" : "241新北市三重區自強路二段76號", "city" : "新北市", "district" : "三重區", "tel" : "02-66068688分機356", "store_type" : "連鎖型綠色商店", "source_dataset" : "ntpe_6ccd0274", "store_code" : "F001854"}}, {"type" : "Feature", "geometry" : {"type" : "Point", "coordinates" : [121.495493073713, 25.06628319857]}, "properties" : {"name" : "萊爾富國際股份有限公司-北縣重強店", "address" : "241新北市三重區自強路一段164,166號", "city" : "新北市", "district" : "三重區", "tel" : "02-66068688分機356", "store_type" : "連鎖型綠色商店", "source_dataset" : "ntpe_6ccd0274", "store_code" : "F001715"}}, {"type" : "Feature", "geometry" : {"type" : "Point", "coordinates" : [121.472154253421, 25.050317157176]}, "properties" : {"name" : "萊爾富國際股份有限公司-北縣重富店", "address" : "241新北市三重區光復路一段85號、85-2號", "city" : "新北市", "district" : "三重區", "tel" : "02-66068688分機356", "store_type" : "連鎖型綠色商店", "source_dataset" : "ntpe_6ccd0274", "store_code" : "F001676"}}, {"type" : "Feature", "geometry" : {"type" : "Point", "coordinates" : [121.49244700628, 25.071429016568]}, "properties" : {"name" : "萊爾富國際股份有限公司-北縣重陽二店", "address" : "241新北市三重區重陽路四段132,134號", "city" : "新北市", "district" : "三重區", "tel" : "02-66068688分機356", "store_type" : "連鎖型綠色商店", "source_dataset" : "ntpe_6ccd0274", "store_code" : "F001883"}}, {"type" : "Feature", "geometry" : {"type" : "Point", "coordinates" : [121.48638898576, 25.055324907906]}, "properties" : {"name" : "萊爾富國際股份有限公司-北縣重集店", "address" : "241新北市三重區重新路四段176號", "city" : "新北市", "district" : "三重區", "tel" : "02-66068688分機356", "store_type" : "連鎖型綠色商店", "source_dataset" : "ntpe_6ccd0274", "store_code" : "F001744"}}, {"type" : "Feature", "geometry" : {"type" : "Point", "coordinates" : [121.492309962163, 25.079598983321]}, "properties" : {"name" : "萊爾富國際股份有限公司-北縣重愛店", "address" : "241新北市三重區仁愛街329號", "city" : "新北市", "district" : "三重區", "tel" : "02-66068688分機356", "store_type" : "連鎖型綠色商店", "source_dataset" : "ntpe_6ccd0274", "store_code" : "F001877"}}, {"type" : "Feature", "geometry" : {"type" : "Point", "coordinates" : [121.48767971503, 25.053788295506]}, "properties" : {"name" : "萊爾富國際股份有限公司-北縣重新店", "address" : "241新北市三重區重新路四段244巷40號", "city" : "新北市", "district" : "三重區", "tel" : "02-66068688分機356", "store_type" : "連鎖型綠色商店", "source_dataset" : "ntpe_6ccd0274", "store_code" : "F001876"}}, {"type" : "Feature", "geometry" : {"type" : "Point", "coordinates" : [121.483436292728, 25.063053693186]}, "properties" : {"name" : "萊爾富國際股份有限公司-北縣重萬店", "address" : "241新北市三重區中華路94號1樓", "city" : "新北市", "district" : "三重區", "tel" : "02-66068688分機356", "store_type" : "連鎖型綠色商店", "source_dataset" : "ntpe_6ccd0274", "store_code" : "F001834"}}, {"type" : "Feature", "geometry" : {"type" : "Point", "coordinates" : [121.483353730982, 25.060766104171]}, "properties" : {"name" : "萊爾富國際股份有限公司-北縣重鈴店", "address" : "241新北市三重區中華路18號", "city" : "新北市", "district" : "三重區", "tel" : "02-66068688分機356", "store_type" : "連鎖型綠色商店", "source_dataset" : "ntpe_6ccd0274", "store_code" : "F001787"}}, {"type" : "Feature", "geometry" : {"type" : "Point", "coordinates" : [121.48412000457, 25.074780017638]}, "properties" : {"name" : "萊爾富國際股份有限公司-北縣重福店", "address" : "241新北市三重區永福街258號", "city" : "新北市", "district" : "三重區", "tel" : "02-66068688分機356", "store_type" : "連鎖型綠色商店", "source_dataset" : "ntpe_6ccd0274", "store_code" : "F001889"}}, {"type" : "Feature", "geometry" : {"type" : "Point", "coordinates" : [121.49547597463, 25.061381000588]}, "properties" : {"name" : "萊爾富國際股份有限公司-北縣重樂店", "address" : "241新北市三重區重新路三段2號", "city" : "新北市", "district" : "三重區", "tel" : "02-66068688分機356", "store_type" : "連鎖型綠色商店", "source_dataset" : "ntpe_6ccd0274", "store_code" : "F001688"}}, {"type" : "Feature", "geometry" : {"type" : "Point", "coordinates" : [121.500903005479, 25.063712007861]}, "properties" : {"name" : "萊爾富國際股份有限公司-北縣重錦店", "address" : "241新北市三重區中央北路2號", "city" : "新北市", "district" : "三重區", "tel" : "02-66068688分機356", "store_type" : "連鎖型綠色商店", "source_dataset" : "ntpe_6ccd0274", "store_code" : "F001757"}}, {"type" : "Feature", "geometry" : {"type" : "Point", "coordinates" : [121.490981011414, 25.050538003003]}, "properties" : {"name" : "萊爾富國際股份有限公司-北縣重環店", "address" : "241新北市三重區環河南路255號", "city" : "新北市", "district" : "三重區", "tel" : "02-66068688分機356", "store_type" : "連鎖型綠色商店", "source_dataset" : "ntpe_6ccd0274", "store_code" : "F001831"}}, {"type" : "Feature", "geometry" : {"type" : "Point", "coordinates" : [121.496609962311, 25.056825981036]}, "properties" : {"name" : "萊爾富國際股份有限公司-北縣重鑫店", "address" : "241新北市三重區大同南路153,153-1號", "city" : "新北市", "district" : "三重區", "tel" : "02-66068688分機356", "store_type" : "連鎖型綠色商店", "source_dataset" : "ntpe_6ccd0274", "store_code" : "F001719"}}, {"type" : "Feature", "geometry" : {"type" : "Point", "coordinates" : [121.497704515512, 25.005132541254]}, "properties" : {"name" : "萊爾富國際股份有限公司-北縣飛和店", "address" : "235新北市中和區永和路343號", "city" : "新北市", "district" : "中和區", "tel" : "02-66068688分機356", "store_type" : "連鎖型綠色商店", "source_dataset" : "ntpe_6ccd0274", "store_code" : "F001729"}}, {"type" : "Feature", "geometry" : {"type" : "Point", "coordinates" : [121.394174975061, 25.077357997688]}, "properties" : {"name" : "萊爾富國際股份有限公司-北縣凌羽店", "address" : "244新北市林口區中正路94號", "city" : "新北市", "district" : "林口區", "tel" : "02-66068688分機356", "store_type" : "連鎖型綠色商店", "source_dataset" : "ntpe_6ccd0274", "store_code" : "F001795"}}, {"type" : "Feature", "geometry" : {"type" : "Point", "coordinates" : [121.478157873022, 25.009466509805]}, "properties" : {"name" : "萊爾富國際股份有限公司-北縣員山二店", "address" : "235新北市中和區員山路581巷2號", "city" : "新北市", "district" : "中和區", "tel" : "02-66068688分機356", "store_type" : "連鎖型綠色商店", "source_dataset" : "ntpe_6ccd0274", "store_code" : "F001936"}}, {"type" : "Feature", "geometry" : {"type" : "Point", "coordinates" : [121.479728976954, 25.007870008707]}, "properties" : {"name" : "萊爾富國際股份有限公司-北縣員山店", "address" : "235新北市中和區員山路502-7號", "city" : "新北市", "district" : "中和區", "tel" : "02-66068688分機356", "store_type" : "連鎖型綠色商店", "source_dataset" : "ntpe_6ccd0274", "store_code" : "F001803"}}, {"type" : "Feature", "geometry" : {"type" : "Point", "coordinates" : [121.479965514261, 25.080319701266]}, "properties" : {"name" : "萊爾富國際股份有限公司-北縣徐匯店", "address" : "247新北市蘆洲區中山一路一號(匯心樓)", "city" : "新北市", "district" : "蘆洲區", "tel" : "02-66068688分機356", "store_type" : "連鎖型綠色商店", "source_dataset" : "ntpe_6ccd0274", "store_code" : "F001681"}}, {"type" : "Feature", "geometry" : {"type" : "Point", "coordinates" : [121.426040959277, 25.045944007601]}, "properties" : {"name" : "萊爾富國際股份有限公司-北縣泰富店", "address" : "243新北市泰山區明志路二段324.326號", "city" : "新北市", "district" : "泰山區", "tel" : "02-66068688分機356", "store_type" : "連鎖型綠色商店", "source_dataset" : "ntpe_6ccd0274", "store_code" : "F001764"}}, {"type" : "Feature", "geometry" : {"type" : "Point", "coordinates" : [121.449603494932, 24.982245315324]}, "properties" : {"name" : "萊爾富國際股份有限公司-北縣海山店", "address" : "236新北市土城區明德路二段131號", "city" : "新北市", "district" : "土城區", "tel" : "02-66068688分機356", "store_type" : "連鎖型綠色商店", "source_dataset" : "ntpe_6ccd0274", "store_code" : "F001941"}}, {"type" : "Feature", "geometry" : {"type" : "Point", "coordinates" : [121.43488, 25.17677]}, "properties" : {"name" : "萊爾富國際股份有限公司-北縣真理店", "address" : "251新北市淡水區真理街32號(真理大學)", "city" : "新北市", "district" : "淡水區", "tel" : "02-66068688分機356", "store_type" : "連鎖型綠色商店", "source_dataset" : "ntpe_6ccd0274", "store_code" : "F001835"}}, {"type" : "Feature", "geometry" : {"type" : "Point", "coordinates" : [121.537055997894, 24.977066011623]}, "properties" : {"name" : "萊爾富國際股份有限公司-北縣耕莘店", "address" : "231新北市新店區民族路112號(耕莘護專)", "city" : "新北市", "district" : "新店區", "tel" : "02-66068688分機356", "store_type" : "連鎖型綠色商店", "source_dataset" : "ntpe_6ccd0274", "store_code" : "F001680"}}, {"type" : "Feature", "geometry" : {"type" : "Point", "coordinates" : [121.535561001643, 24.976130004495]}, "properties" : {"name" : "萊爾富國際股份有限公司-北縣耕醫店", "address" : "231新北市新店區中正路362號1樓耕莘醫院新店總院1樓", "city" : "新北市", "district" : "新店區", "tel" : "02-66068688分機356", "store_type" : "連鎖型綠色商店", "source_dataset" : "ntpe_6ccd0274", "store_code" : "F001932"}}, {"type" : "Feature", "geometry" : {"type" : "Point", "coordinates" : [121.396275731454, 25.145287916598]}, "properties" : {"name" : "萊爾富國際股份有限公司-北縣商港店", "address" : "249新北市八里區訊塘村23鄰商港路48號", "city" : "新北市", "district" : "八里區", "tel" : "02-66068688分機356", "store_type" : "連鎖型綠色商店", "source_dataset" : "ntpe_6ccd0274", "store_code" : "F001839"}}, {"type" : "Feature", "geometry" : {"type" : "Point", "coordinates" : [121.457209820606, 25.160035917144]}, "properties" : {"name" : "萊爾富國際股份有限公司-北縣淡金店", "address" : "251新北市淡水區淡金路18號", "city" : "新北市", "district" : "淡水區", "tel" : "02-66068688分機356", "store_type" : "連鎖型綠色商店", "source_dataset" : "ntpe_6ccd0274", "store_code" : "F001734"}}, {"type" : "Feature", "geometry" : {"type" : "Point", "coordinates" : [121.449370628757, 25.178908746091]}, "properties" : {"name" : "萊爾富國際股份有限公司-北縣淡俊店", "address" : "251新北市淡水區北新路137、139號1F", "city" : "新北市", "district" : "淡水區", "tel" : "02-66068688分機356", "store_type" : "連鎖型綠色商店", "source_dataset" : "ntpe_6ccd0274", "store_code" : "F001811"}}, {"type" : "Feature", "geometry" : {"type" : "Point", "coordinates" : [121.453463026068, 25.232439006321]}, "properties" : {"name" : "萊爾富國際股份有限公司-北縣淡虹店", "address" : "251新北市淡水區淡金路五段20-22號", "city" : "新北市", "district" : "淡水區", "tel" : "02-66068688分機356", "store_type" : "連鎖型綠色商店", "source_dataset" : "ntpe_6ccd0274", "store_code" : "F001868"}}, {"type" : "Feature", "geometry" : {"type" : "Point", "coordinates" : [121.459578211168, 25.153685284384]}, "properties" : {"name" : "萊爾富國際股份有限公司-北縣淡陽店", "address" : "251新北市淡水區中正東路二段81號", "city" : "新北市", "district" : "淡水區", "tel" : "02-66068688分機356", "store_type" : "連鎖型綠色商店", "source_dataset" : "ntpe_6ccd0274", "store_code" : "F001768"}}, {"type" : "Feature", "geometry" : {"type" : "Point", "coordinates" : [121.413121009904, 25.184063983701]}, "properties" : {"name" : "萊爾富國際股份有限公司-北縣淡漁店", "address" : "251新北市淡水區觀海路135號(漁人碼頭木棧道下方商店街)", "city" : "新北市", "district" : "淡水區", "tel" : "02-66068688分機356", "store_type" : "連鎖型綠色商店", "source_dataset" : "ntpe_6ccd0274", "store_code" : "F001785"}}, {"type" : "Feature", "geometry" : {"type" : "Point", "coordinates" : [121.459813323552, 25.139179101744]}, "properties" : {"name" : "萊爾富國際股份有限公司-北縣淡醫店", "address" : "251新北市淡水區民權路47號1樓(淡水馬偕醫院一樓) ", "city" : "新北市", "district" : "淡水區", "tel" : "02-66068688分機356", "store_type" : "連鎖型綠色商店", "source_dataset" : "ntpe_6ccd0274", "store_code" : "F001855"}}, {"type" : "Feature", "geometry" : {"type" : "Point", "coordinates" : [121.450149995019, 25.179374015508]}, "properties" : {"name" : "萊爾富國際股份有限公司-北縣淡鑫店", "address" : "251新北市淡水區北新路165.167號", "city" : "新北市", "district" : "淡水區", "tel" : "02-66068688分機356", "store_type" : "連鎖型綠色商店", "source_dataset" : "ntpe_6ccd0274", "store_code" : "F001875"}}, {"type" : "Feature", "geometry" : {"type" : "Point", "coordinates" : [121.618804029012, 25.003816017417]}, "properties" : {"name" : "萊爾富國際股份有限公司-北縣深北店", "address" : "222新北市深坑區北深路二段57.59號", "city" : "新北市", "district" : "深坑區", "tel" : "02-66068688分機356", "store_type" : "連鎖型綠色商店", "source_dataset" : "ntpe_6ccd0274", "store_code" : "F001796"}}, {"type" : "Feature", "geometry" : {"type" : "Point", "coordinates" : [121.448133979667, 25.043690993937]}, "properties" : {"name" : "萊爾富國際股份有限公司-北縣莊月店", "address" : "242新北市新莊區中和街19號", "city" : "新北市", "district" : "新莊區", "tel" : "02-66068688分機356", "store_type" : "連鎖型綠色商店", "source_dataset" : "ntpe_6ccd0274", "store_code" : "F001929"}}, {"type" : "Feature", "geometry" : {"type" : "Point", "coordinates" : [121.458034013146, 25.043783991152]}, "properties" : {"name" : "萊爾富國際股份有限公司-北縣莊民店", "address" : "242新北市新莊區民樂街80.82號", "city" : "新北市", "district" : "新莊區", "tel" : "02-66068688分機356", "store_type" : "連鎖型綠色商店", "source_dataset" : "ntpe_6ccd0274", "store_code" : "F001886"}}, {"type" : "Feature", "geometry" : {"type" : "Point", "coordinates" : [121.448565982957, 25.034268016477]}, "properties" : {"name" : "萊爾富國際股份有限公司-北縣莊年店", "address" : "242新北市新莊區新豐街11號", "city" : "新北市", "district" : "新莊區", "tel" : "02-66068688分機356", "store_type" : "連鎖型綠色商店", "source_dataset" : "ntpe_6ccd0274", "store_code" : "F001678"}}, {"type" : "Feature", "geometry" : {"type" : "Point", "coordinates" : [121.451291191136, 25.04814119779]}, "properties" : {"name" : "萊爾富國際股份有限公司-北縣莊成店", "address" : "242新北市新莊區忠誠里中誠街44號1樓", "city" : "新北市", "district" : "新莊區", "tel" : "02-66068688分機356", "store_type" : "連鎖型綠色商店", "source_dataset" : "ntpe_6ccd0274", "store_code" : "F001679"}}, {"type" : "Feature", "geometry" : {"type" : "Point", "coordinates" : [121.455843989484, 25.048248989064]}, "properties" : {"name" : "萊爾富國際股份有限公司-北縣莊玲店", "address" : "242新北市新莊區自信街77號", "city" : "新北市", "district" : "新莊區", "tel" : "02-66068688分機356", "store_type" : "連鎖型綠色商店", "source_dataset" : "ntpe_6ccd0274", "store_code" : "F001841"}}, {"type" : "Feature", "geometry" : {"type" : "Point", "coordinates" : [121.443538014518, 25.028495986494]}, "properties" : {"name" : "萊爾富國際股份有限公司-北縣莊泰店", "address" : "242新北市新莊區瓊林里瓊泰路49號1樓", "city" : "新北市", "district" : "新莊區", "tel" : "02-66068688分機356", "store_type" : "連鎖型綠色商店", "source_dataset" : "ntpe_6ccd0274", "store_code" : "F001672"}}, {"type" : "Feature", "geometry" : {"type" : "Point", "coordinates" : [121.45428001017, 25.044120985569]}, "properties" : {"name" : "萊爾富國際股份有限公司-北縣莊國店", "address" : "242新北市新莊區復興路二段31號", "city" : "新北市", "district" : "新莊區", "tel" : "02-66068688分機356", "store_type" : "連鎖型綠色商店", "source_dataset" : "ntpe_6ccd0274", "store_code" : "F001885"}}, {"type" : "Feature", "geometry" : {"type" : "Point", "coordinates" : [121.411937988089, 25.021768000453]}, "properties" : {"name" : "萊爾富國際股份有限公司-北縣莊捷店", "address" : "242新北市新莊區中正路895-50號一樓", "city" : "新北市", "district" : "新莊區", "tel" : "02-66068688分機356", "store_type" : "連鎖型綠色商店", "source_dataset" : "ntpe_6ccd0274", "store_code" : "F001700"}}, {"type" : "Feature", "geometry" : {"type" : "Point", "coordinates" : [121.454529036514, 25.049435992283]}, "properties" : {"name" : "萊爾富國際股份有限公司-北縣莊勝店", "address" : "242新北市新莊區幸福路562號 ", "city" : "新北市", "district" : "新莊區", "tel" : "02-66068688分機356", "store_type" : "連鎖型綠色商店", "source_dataset" : "ntpe_6ccd0274", "store_code" : "F001840"}}, {"type" : "Feature", "geometry" : {"type" : "Point", "coordinates" : [121.465652995494, 25.057438279063]}, "properties" : {"name" : "萊爾富國際股份有限公司-北縣莊富店", "address" : "242新北市新莊區化成路738,740號", "city" : "新北市", "district" : "新莊區", "tel" : "02-66068688分機356", "store_type" : "連鎖型綠色商店", "source_dataset" : "ntpe_6ccd0274", "store_code" : "F001770"}}, {"type" : "Feature", "geometry" : {"type" : "Point", "coordinates" : [121.4432848, 25.0303904]}, "properties" : {"name" : "萊爾富國際股份有限公司-北縣莊華店", "address" : "242新北市新莊區昌隆路5號1樓", "city" : "新北市", "district" : "新莊區", "tel" : "02-66068688分機356", "store_type" : "連鎖型綠色商店", "source_dataset" : "ntpe_6ccd0274", "store_code" : "F001847"}}, {"type" : "Feature", "geometry" : {"type" : "Point", "coordinates" : [121.533477763428, 24.985421008889]}, "properties" : {"name" : "萊爾富國際股份有限公司-北縣莊敬店", "address" : "231新北市新店區中正路525號", "city" : "新北市", "district" : "新店區", "tel" : "02-66068688分機356", "store_type" : "連鎖型綠色商店", "source_dataset" : "ntpe_6ccd0274", "store_code" : "F001914"}}, {"type" : "Feature", "geometry" : {"type" : "Point", "coordinates" : [121.448241016571, 25.047235994156]}, "properties" : {"name" : "萊爾富國際股份有限公司-北縣莊達店", "address" : "242新北市新莊區中全里中誠街167號1樓", "city" : "新北市", "district" : "新莊區", "tel" : "02-66068688分機356", "store_type" : "連鎖型綠色商店", "source_dataset" : "ntpe_6ccd0274", "store_code" : "F001898"}}, {"type" : "Feature", "geometry" : {"type" : "Point", "coordinates" : [121.453236463225, 25.034482216013]}, "properties" : {"name" : "萊爾富國際股份有限公司-北縣莊榮店", "address" : "242新北市新莊區新莊路307.309號1樓", "city" : "新北市", "district" : "新莊區", "tel" : "02-66068688分機356", "store_type" : "連鎖型綠色商店", "source_dataset" : "ntpe_6ccd0274", "store_code" : "F001741"}}, {"type" : "Feature", "geometry" : {"type" : "Point", "coordinates" : [121.4432848, 25.0303904]}, "properties" : {"name" : "萊爾富國際股份有限公司-北縣莊鳳店", "address" : "242新北市新莊區中山路三段487、489號", "city" : "新北市", "district" : "新莊區", "tel" : "02-66068688分機356", "store_type" : "連鎖型綠色商店", "source_dataset" : "ntpe_6ccd0274", "store_code" : "F001827"}}, {"type" : "Feature", "geometry" : {"type" : "Point", "coordinates" : [121.465377985251, 25.046523993391]}, "properties" : {"name" : "萊爾富國際股份有限公司-北縣莊廣店", "address" : "242新北市新莊區化成路85號", "city" : "新北市", "district" : "新莊區", "tel" : "02-66068688分機356", "store_type" : "連鎖型綠色商店", "source_dataset" : "ntpe_6ccd0274", "store_code" : "F001870"}}, {"type" : "Feature", "geometry" : {"type" : "Point", "coordinates" : [121.4647920064, 25.043247004525]}, "properties" : {"name" : "萊爾富國際股份有限公司-北縣莊鴻店", "address" : "242新北市新莊區化成路9-3號", "city" : "新北市", "district" : "新莊區", "tel" : "02-66068688分機356", "store_type" : "連鎖型綠色商店", "source_dataset" : "ntpe_6ccd0274", "store_code" : "F001783"}}, {"type" : "Feature", "geometry" : {"type" : "Point", "coordinates" : [121.498297993791, 25.001669998747]}, "properties" : {"name" : "萊爾富國際股份有限公司-北縣連城店", "address" : "235新北市中和區連城路47巷1號", "city" : "新北市", "district" : "中和區", "tel" : "02-66068688分機356", "store_type" : "連鎖型綠色商店", "source_dataset" : "ntpe_6ccd0274", "store_code" : "F001937"}}, {"type" : "Feature", "geometry" : {"type" : "Point", "coordinates" : [121.65527871887, 25.063598600711]}, "properties" : {"name" : "萊爾富國際股份有限公司-北縣連興店", "address" : "221新北市汐止區連興街26號", "city" : "新北市", "district" : "汐止區", "tel" : "02-66068688分機356", "store_type" : "連鎖型綠色商店", "source_dataset" : "ntpe_6ccd0274", "store_code" : "F001712"}}, {"type" : "Feature", "geometry" : {"type" : "Point", "coordinates" : [121.420081007024, 24.960430993214]}, "properties" : {"name" : "萊爾富國際股份有限公司-北縣頂埔店", "address" : "236新北市土城區中央路四段56號", "city" : "新北市", "district" : "土城區", "tel" : "02-66068688分機356", "store_type" : "連鎖型綠色商店", "source_dataset" : "ntpe_6ccd0274", "store_code" : "F001820"}}, {"type" : "Feature", "geometry" : {"type" : "Point", "coordinates" : [121.487778705306, 25.078252682033]}, "properties" : {"name" : "萊爾富國際股份有限公司-北縣富美店", "address" : "241新北市三重區溪尾街108巷58號", "city" : "新北市", "district" : "三重區", "tel" : "02-66068688分機356", "store_type" : "連鎖型綠色商店", "source_dataset" : "ntpe_6ccd0274", "store_code" : "F001806"}}, {"type" : "Feature", "geometry" : {"type" : "Point", "coordinates" : [121.491233977252, 25.052823999456]}, "properties" : {"name" : "萊爾富國際股份有限公司-北縣集美店", "address" : "241新北市三重區環河南路221巷31號", "city" : "新北市", "district" : "三重區", "tel" : "02-66068688分機356", "store_type" : "連鎖型綠色商店", "source_dataset" : "ntpe_6ccd0274", "store_code" : "F001720"}}, {"type" : "Feature", "geometry" : {"type" : "Point", "coordinates" : [121.482316973378, 25.08654100126]}, "properties" : {"name" : "萊爾富國際股份有限公司-北縣集賢店", "address" : "247新北市蘆洲區集賢路226號", "city" : "新北市", "district" : "蘆洲區", "tel" : "02-66068688分機356", "store_type" : "連鎖型綠色商店", "source_dataset" : "ntpe_6ccd0274", "store_code" : "F001930"}}, {"type" : "Feature", "geometry" : {"type" : "Point", "coordinates" : [121.486070976353, 25.079015980046]}, "properties" : {"name" : "萊爾富國際股份有限公司-北縣慈愛店", "address" : "241新北市三重區慈愛街51號", "city" : "新北市", "district" : "三重區", "tel" : "02-66068688分機356", "store_type" : "連鎖型綠色商店", "source_dataset" : "ntpe_6ccd0274", "store_code" : "F001904"}}, {"type" : "Feature", "geometry" : {"type" : "Point", "coordinates" : [121.457217029043, 24.997077009174]}, "properties" : {"name" : "萊爾富國際股份有限公司-北縣愛買店", "address" : "220新北市板橋區四川路一段489號", "city" : "新北市", "district" : "板橋區", "tel" : "02-66068688分機356", "store_type" : "連鎖型綠色商店", "source_dataset" : "ntpe_6ccd0274", "store_code" : "F001780"}}, {"type" : "Feature", "geometry" : {"type" : "Point", "coordinates" : [121.542448998216, 24.985365017776]}, "properties" : {"name" : "萊爾富國際股份有限公司-北縣新元店", "address" : "231新北市新店區信義里中興路三段304號1樓", "city" : "新北市", "district" : "新店區", "tel" : "02-66068688分機356", "store_type" : "連鎖型綠色商店", "source_dataset" : "ntpe_6ccd0274", "store_code" : "F001933"}}, {"type" : "Feature", "geometry" : {"type" : "Point", "coordinates" : [121.517044958434, 24.974997986562]}, "properties" : {"name" : "萊爾富國際股份有限公司-北縣新民店", "address" : "231新北市新店區安民街341號", "city" : "新北市", "district" : "新店區", "tel" : "02-66068688分機356", "store_type" : "連鎖型綠色商店", "source_dataset" : "ntpe_6ccd0274", "store_code" : "F001710"}}, {"type" : "Feature", "geometry" : {"type" : "Point", "coordinates" : [121.518152040205, 24.982770399648]}, "properties" : {"name" : "萊爾富國際股份有限公司-北縣新和店", "address" : "231新北市新店區安和路三段60之1號", "city" : "新北市", "district" : "新店區", "tel" : "02-66068688分機356", "store_type" : "連鎖型綠色商店", "source_dataset" : "ntpe_6ccd0274", "store_code" : "F001692"}}, {"type" : "Feature", "geometry" : {"type" : "Point", "coordinates" : [121.45899198086, 25.026495980577]}, "properties" : {"name" : "萊爾富國際股份有限公司-北縣新海店", "address" : "220新北市板橋區新海路392號", "city" : "新北市", "district" : "板橋區", "tel" : "02-66068688分機356", "store_type" : "連鎖型綠色商店", "source_dataset" : "ntpe_6ccd0274", "store_code" : "F001793"}}, {"type" : "Feature", "geometry" : {"type" : "Point", "coordinates" : [121.540387972044, 24.975137000426]}, "properties" : {"name" : "萊爾富國際股份有限公司-北縣新國店", "address" : "231新北市新店區建國路43號.建安街1號", "city" : "新北市", "district" : "新店區", "tel" : "02-66068688分機356", "store_type" : "連鎖型綠色商店", "source_dataset" : "ntpe_6ccd0274", "store_code" : "F001725"}}, {"type" : "Feature", "geometry" : {"type" : "Point", "coordinates" : [121.418588022431, 25.023798013583]}, "properties" : {"name" : "萊爾富國際股份有限公司-北縣新裕店", "address" : "242新北市新莊區裕民街83之6號", "city" : "新北市", "district" : "新莊區", "tel" : "02-66068688分機356", "store_type" : "連鎖型綠色商店", "source_dataset" : "ntpe_6ccd0274", "store_code" : "F001892"}}, {"type" : "Feature", "geometry" : {"type" : "Point", "coordinates" : [121.516621001771, 24.969469995689]}, "properties" : {"name" : "萊爾富國際股份有限公司-北縣新戰店", "address" : "231新北市新店區安民街136號", "city" : "新北市", "district" : "新店區", "tel" : "02-66068688分機356", "store_type" : "連鎖型綠色商店", "source_dataset" : "ntpe_6ccd0274", "store_code" : "F001727"}}, {"type" : "Feature", "geometry" : {"type" : "Point", "coordinates" : [121.433855072332, 25.020550403288]}, "properties" : {"name" : "萊爾富國際股份有限公司-北縣新樹店", "address" : "242新北市新莊區新樹路210號", "city" : "新北市", "district" : "新莊區", "tel" : "02-66068688分機356", "store_type" : "連鎖型綠色商店", "source_dataset" : "ntpe_6ccd0274", "store_code" : "F001899"}}, {"type" : "Feature", "geometry" : {"type" : "Point", "coordinates" : [121.551833963744, 24.980334995771]}, "properties" : {"name" : "萊爾富國際股份有限公司-北縣新橋店", "address" : "231新北市新店區寶橋路235巷8號", "city" : "新北市", "district" : "新店區", "tel" : "02-66068688分機356", "store_type" : "連鎖型綠色商店", "source_dataset" : "ntpe_6ccd0274", "store_code" : "F001791"}}, {"type" : "Feature", "geometry" : {"type" : "Point", "coordinates" : [121.548837014264, 24.979699018868]}, "properties" : {"name" : "萊爾富國際股份有限公司-北縣新寶店", "address" : "231新北市新店區寶中路94-3.94-4號", "city" : "新北市", "district" : "新店區", "tel" : "02-66068688分機356", "store_type" : "連鎖型綠色商店", "source_dataset" : "ntpe_6ccd0274", "store_code" : "F001772"}}, {"type" : "Feature", "geometry" : {"type" : "Point", "coordinates" : [121.54022301619, 24.983127007719]}, "properties" : {"name" : "萊爾富國際股份有限公司-北縣新權二店", "address" : "231新北市新店區民權路44之2號", "city" : "新北市", "district" : "新店區", "tel" : "02-66068688分機356", "store_type" : "連鎖型綠色商店", "source_dataset" : "ntpe_6ccd0274", "store_code" : "F001699"}}, {"type" : "Feature", "geometry" : {"type" : "Point", "coordinates" : [121.489316030168, 25.079182989467]}, "properties" : {"name" : "萊爾富國際股份有限公司-北縣溪尾二店", "address" : "241新北市三重區溪尾街122號", "city" : "新北市", "district" : "三重區", "tel" : "02-66068688分機356", "store_type" : "連鎖型綠色商店", "source_dataset" : "ntpe_6ccd0274", "store_code" : "F001746"}}, {"type" : "Feature", "geometry" : {"type" : "Point", "coordinates" : [121.48828220623, 25.080893610176]}, "properties" : {"name" : "萊爾富國際股份有限公司-北縣溪尾店", "address" : "241新北市三重區溪尾街192號", "city" : "新北市", "district" : "三重區", "tel" : "02-66068688分機356", "store_type" : "連鎖型綠色商店", "source_dataset" : "ntpe_6ccd0274", "store_code" : "F001917"}}, {"type" : "Feature", "geometry" : {"type" : "Point", "coordinates" : [121.6722225, 24.9818877]}, "properties" : {"name" : "萊爾富國際股份有限公司-北縣碇晨店", "address" : "223新北市石碇區湳窟路2號", "city" : "新北市", "district" : "石碇區", "tel" : "02-66068688分機356", "store_type" : "連鎖型綠色商店", "source_dataset" : "ntpe_6ccd0274", "store_code" : "F001850"}}, {"type" : "Feature", "geometry" : {"type" : "Point", "coordinates" : [121.44519997828, 25.011184003675]}, "properties" : {"name" : "萊爾富國際股份有限公司-北縣僑中三店", "address" : "220新北市板橋區僑中一街125巷8弄2號", "city" : "新北市", "district" : "板橋區", "tel" : "02-66068688分機356", "store_type" : "連鎖型綠色商店", "source_dataset" : "ntpe_6ccd0274", "store_code" : "F001908"}}, {"type" : "Feature", "geometry" : {"type" : "Point", "coordinates" : [121.45668402382, 25.018918991563]}, "properties" : {"name" : "萊爾富國際股份有限公司-北縣僑福二店", "address" : "220新北市板橋區中正路216巷25號", "city" : "新北市", "district" : "板橋區", "tel" : "02-66068688分機356", "store_type" : "連鎖型綠色商店", "source_dataset" : "ntpe_6ccd0274", "store_code" : "F001713"}}, {"type" : "Feature", "geometry" : {"type" : "Point", "coordinates" : [121.448, 25.0199]}, "properties" : {"name" : "萊爾富國際股份有限公司-北縣僑福店", "address" : "220新北市板橋區幸褔路70巷1號", "city" : "新北市", "district" : "板橋區", "tel" : "02-66068688分機356", "store_type" : "連鎖型綠色商店", "source_dataset" : "ntpe_6ccd0274", "store_code" : "F001825"}}, {"type" : "Feature", "geometry" : {"type" : "Point", "coordinates" : [121.511617759947, 25.003070111854]}, "properties" : {"name" : "萊爾富國際股份有限公司-北縣嘉和店", "address" : "235新北市中和區中和路414號", "city" : "新北市", "district" : "中和區", "tel" : "02-66068688分機356", "store_type" : "連鎖型綠色商店", "source_dataset" : "ntpe_6ccd0274", "store_code" : "F001856"}}, {"type" : "Feature", "geometry" : {"type" : "Point", "coordinates" : [121.500179060502, 25.004746995403]}, "properties" : {"name" : "萊爾富國際股份有限公司-北縣福美店", "address" : "235新北市中和區莊敬路29號", "city" : "新北市", "district" : "中和區", "tel" : "02-66068688分機356", "store_type" : "連鎖型綠色商店", "source_dataset" : "ntpe_6ccd0274", "store_code" : "F001702"}}, {"type" : "Feature", "geometry" : {"type" : "Point", "coordinates" : [121.486119004658, 25.055574981987]}, "properties" : {"name" : "萊爾富國際股份有限公司-北縣福音店", "address" : "241新北市三重區重新路四段89號", "city" : "新北市", "district" : "三重區", "tel" : "02-66068688分機356", "store_type" : "連鎖型綠色商店", "source_dataset" : "ntpe_6ccd0274", "store_code" : "F001726"}}, {"type" : "Feature", "geometry" : {"type" : "Point", "coordinates" : [121.457928987899, 25.053386006063]}, "properties" : {"name" : "萊爾富國際股份有限公司-北縣福壽店", "address" : "242新北市新莊區福壽街155號", "city" : "新北市", "district" : "新莊區", "tel" : "02-66068688分機356", "store_type" : "連鎖型綠色商店", "source_dataset" : "ntpe_6ccd0274", "store_code" : "F001716"}}, {"type" : "Feature", "geometry" : {"type" : "Point", "coordinates" : [121.502696313664, 25.062872099254]}, "properties" : {"name" : "萊爾富國際股份有限公司-北縣福德南店", "address" : "241新北市三重區福德南路23號", "city" : "新北市", "district" : "三重區", "tel" : "02-66068688分機356", "store_type" : "連鎖型綠色商店", "source_dataset" : "ntpe_6ccd0274", "store_code" : "F001818"}}, {"type" : "Feature", "geometry" : {"type" : "Point", "coordinates" : [121.421687985501, 25.026829999418]}, "properties" : {"name" : "萊爾富國際股份有限公司-北縣福營店", "address" : "242新北市新莊區福營路336,338號", "city" : "新北市", "district" : "新莊區", "tel" : "02-66068688分機356", "store_type" : "連鎖型綠色商店", "source_dataset" : "ntpe_6ccd0274", "store_code" : "F001690"}}, {"type" : "Feature", "geometry" : {"type" : "Point", "coordinates" : [121.48830299335, 24.998502980451]}, "properties" : {"name" : "萊爾富國際股份有限公司-北縣遠東店", "address" : "235新北市中和區建八路116號", "city" : "新北市", "district" : "中和區", "tel" : "02-66068688分機356", "store_type" : "連鎖型綠色商店", "source_dataset" : "ntpe_6ccd0274", "store_code" : "F001944"}}, {"type" : "Feature", "geometry" : {"type" : "Point", "coordinates" : [121.454428034581, 25.002738984769]}, "properties" : {"name" : "萊爾富國際股份有限公司-北縣遠揚店", "address" : "220新北市板橋區南雅南路二段9號", "city" : "新北市", "district" : "板橋區", "tel" : "02-66068688分機356", "store_type" : "連鎖型綠色商店", "source_dataset" : "ntpe_6ccd0274", "store_code" : "F001697"}}, {"type" : "Feature", "geometry" : {"type" : "Point", "coordinates" : [121.434557978732, 25.067388981146]}, "properties" : {"name" : "萊爾富國際股份有限公司-北縣德泰店", "address" : "248新北市五股區成泰路一段10號", "city" : "新北市", "district" : "五股區", "tel" : "02-66068688分機356", "store_type" : "連鎖型綠色商店", "source_dataset" : "ntpe_6ccd0274", "store_code" : "F001903"}}, {"type" : "Feature", "geometry" : {"type" : "Point", "coordinates" : [121.456437763505, 24.973527214012]}, "properties" : {"name" : "萊爾富國際股份有限公司-北縣德霖店", "address" : "236新北市土城區青雲路380巷1號(德霖技術學院)", "city" : "新北市", "district" : "土城區", "tel" : "02-66068688分機356", "store_type" : "連鎖型綠色商店", "source_dataset" : "ntpe_6ccd0274", "store_code" : "F001822"}}, {"type" : "Feature", "geometry" : {"type" : "Point", "coordinates" : [121.447926527563, 25.169286604584]}, "properties" : {"name" : "萊爾富國際股份有限公司-北縣鄧公店", "address" : "251新北市淡水區學府路49號", "city" : "新北市", "district" : "淡水區", "tel" : "02-66068688分機356", "store_type" : "連鎖型綠色商店", "source_dataset" : "ntpe_6ccd0274", "store_code" : "F001748"}}, {"type" : "Feature", "geometry" : {"type" : "Point", "coordinates" : [121.4318155, 25.0542273]}, "properties" : {"name" : "萊爾富國際股份有限公司-北縣黎明店", "address" : "243新北市泰山區黎專路2號(黎明技術學院)", "city" : "新北市", "district" : "泰山區", "tel" : "02-66068688分機356", "store_type" : "連鎖型綠色商店", "source_dataset" : "ntpe_6ccd0274", "store_code" : "F001800"}}, {"type" : "Feature", "geometry" : {"type" : "Point", "coordinates" : [121.416606372882, 24.986706080375]}, "properties" : {"name" : "萊爾富國際股份有限公司-北縣樹仁店", "address" : "238新北市樹林區復興路385號", "city" : "新北市", "district" : "樹林區", "tel" : "02-66068688分機356", "store_type" : "連鎖型綠色商店", "source_dataset" : "ntpe_6ccd0274", "store_code" : "F001685"}}, {"type" : "Feature", "geometry" : {"type" : "Point", "coordinates" : [121.417405168255, 24.977549689346]}, "properties" : {"name" : "萊爾富國際股份有限公司-北縣樹太店", "address" : "238新北市樹林區太平路150巷38號", "city" : "新北市", "district" : "樹林區", "tel" : "02-66068688分機356", "store_type" : "連鎖型綠色商店", "source_dataset" : "ntpe_6ccd0274", "store_code" : "F001842"}}, {"type" : "Feature", "geometry" : {"type" : "Point", "coordinates" : [121.409712006063, 25.016059002381]}, "properties" : {"name" : "萊爾富國際股份有限公司-北縣樹正店", "address" : "238新北市樹林區中正路791號", "city" : "新北市", "district" : "樹林區", "tel" : "02-66068688分機356", "store_type" : "連鎖型綠色商店", "source_dataset" : "ntpe_6ccd0274", "store_code" : "F001927"}}, {"type" : "Feature", "geometry" : {"type" : "Point", "coordinates" : [121.421196973613, 24.991591011636]}, "properties" : {"name" : "萊爾富國際股份有限公司-北縣樹宏店", "address" : "238新北市樹林區中興街60號", "city" : "新北市", "district" : "樹林區", "tel" : "02-66068688分機356", "store_type" : "連鎖型綠色商店", "source_dataset" : "ntpe_6ccd0274", "store_code" : "F001721"}}, {"type" : "Feature", "geometry" : {"type" : "Point", "coordinates" : [121.404440040423, 24.974768992967]}, "properties" : {"name" : "萊爾富國際股份有限公司-北縣樹佳店", "address" : "238新北市樹林區味王街3號(文物流中心內)", "city" : "新北市", "district" : "樹林區", "tel" : "02-66068688分機356", "store_type" : "連鎖型綠色商店", "source_dataset" : "ntpe_6ccd0274", "store_code" : "F001853"}}, {"type" : "Feature", "geometry" : {"type" : "Point", "coordinates" : [121.40316431476, 24.960098692663]}, "properties" : {"name" : "萊爾富國際股份有限公司-北縣樹東店", "address" : "238新北市樹林區柑園街一段49號", "city" : "新北市", "district" : "樹林區", "tel" : "02-66068688分機356", "store_type" : "連鎖型綠色商店", "source_dataset" : "ntpe_6ccd0274", "store_code" : "F001758"}}, {"type" : "Feature", "geometry" : {"type" : "Point", "coordinates" : [121.421493022433, 25.014739984188]}, "properties" : {"name" : "萊爾富國際股份有限公司-北縣樹俊店", "address" : "238新北市樹林區三俊街254號", "city" : "新北市", "district" : "樹林區", "tel" : "02-66068688分機356", "store_type" : "連鎖型綠色商店", "source_dataset" : "ntpe_6ccd0274", "store_code" : "F001691"}}, {"type" : "Feature", "geometry" : {"type" : "Point", "coordinates" : [121.426961040789, 24.992051010482]}, "properties" : {"name" : "萊爾富國際股份有限公司-北縣樹博店", "address" : "238新北市樹林區博愛街84.86號", "city" : "新北市", "district" : "樹林區", "tel" : "02-66068688分機356", "store_type" : "連鎖型綠色商店", "source_dataset" : "ntpe_6ccd0274", "store_code" : "F001805"}}, {"type" : "Feature", "geometry" : {"type" : "Point", "coordinates" : [121.427604016581, 24.993433018678]}, "properties" : {"name" : "萊爾富國際股份有限公司-北縣樹愛店", "address" : "238新北市樹林區保安街一段18-3號", "city" : "新北市", "district" : "樹林區", "tel" : "02-66068688分機356", "store_type" : "連鎖型綠色商店", "source_dataset" : "ntpe_6ccd0274", "store_code" : "F001733"}}, {"type" : "Feature", "geometry" : {"type" : "Point", "coordinates" : [121.415051026929, 24.981911003116]}, "properties" : {"name" : "萊爾富國際股份有限公司-北縣樹榮店", "address" : "238新北市樹林區東榮街123.125號", "city" : "新北市", "district" : "樹林區", "tel" : "02-66068688分機356", "store_type" : "連鎖型綠色商店", "source_dataset" : "ntpe_6ccd0274", "store_code" : "F001812"}}, {"type" : "Feature", "geometry" : {"type" : "Point", "coordinates" : [121.37375196506, 24.952057010938]}, "properties" : {"name" : "萊爾富國際股份有限公司-北縣樹慶店", "address" : "238新北市樹林區柑園街二段292.294號1樓", "city" : "新北市", "district" : "樹林區", "tel" : "02-66068688分機356", "store_type" : "連鎖型綠色商店", "source_dataset" : "ntpe_6ccd0274", "store_code" : "F001921"}}, {"type" : "Feature", "geometry" : {"type" : "Point", "coordinates" : [121.426554015571, 24.997841983567]}, "properties" : {"name" : "萊爾富國際股份有限公司-北縣樹興店", "address" : "238新北市樹林區千歲街90號", "city" : "新北市", "district" : "樹林區", "tel" : "02-66068688分機356", "store_type" : "連鎖型綠色商店", "source_dataset" : "ntpe_6ccd0274", "store_code" : "F001913"}}, {"type" : "Feature", "geometry" : {"type" : "Point", "coordinates" : [121.395365875864, 24.956786080709]}, "properties" : {"name" : "萊爾富國際股份有限公司-北縣樹權店", "address" : "238新北市樹林區民權街1號", "city" : "新北市", "district" : "樹林區", "tel" : "02-66068688分機356", "store_type" : "連鎖型綠色商店", "source_dataset" : "ntpe_6ccd0274", "store_code" : "F001675"}}, {"type" : "Feature", "geometry" : {"type" : "Point", "coordinates" : [121.413445305737, 25.015560698237]}, "properties" : {"name" : "萊爾富國際股份有限公司-北縣樹鑽店", "address" : "238新北市樹林區三俊街72-1號", "city" : "新北市", "district" : "樹林區", "tel" : "02-66068688分機356", "store_type" : "連鎖型綠色商店", "source_dataset" : "ntpe_6ccd0274", "store_code" : "F001739"}}, {"type" : "Feature", "geometry" : {"type" : "Point", "coordinates" : [121.492960900763, 25.002588697245]}, "properties" : {"name" : "萊爾富國際股份有限公司-北縣橋安店", "address" : "235新北市中和區中山路二段352號", "city" : "新北市", "district" : "中和區", "tel" : "02-66068688分機356", "store_type" : "連鎖型綠色商店", "source_dataset" : "ntpe_6ccd0274", "store_code" : "F001867"}}, {"type" : "Feature", "geometry" : {"type" : "Point", "coordinates" : [121.490583960661, 25.005636985882]}, "properties" : {"name" : "萊爾富國際股份有限公司-北縣橋和二店", "address" : "235新北市中和區橋和路99,101號", "city" : "新北市", "district" : "中和區", "tel" : "02-66068688分機356", "store_type" : "連鎖型綠色商店", "source_dataset" : "ntpe_6ccd0274", "store_code" : "F001718"}}, {"type" : "Feature", "geometry" : {"type" : "Point", "coordinates" : [121.46859495969, 25.006561006888]}, "properties" : {"name" : "萊爾富國際股份有限公司-北縣橋泰店", "address" : "220新北市板橋區國泰街35號", "city" : "新北市", "district" : "板橋區", "tel" : "02-66068688分機356", "store_type" : "連鎖型綠色商店", "source_dataset" : "ntpe_6ccd0274", "store_code" : "F001928"}}, {"type" : "Feature", "geometry" : {"type" : "Point", "coordinates" : [121.511231018934, 24.988578010811]}, "properties" : {"name" : "萊爾富國際股份有限公司-北縣興南店", "address" : "235新北市中和區信義街50號", "city" : "新北市", "district" : "中和區", "tel" : "02-66068688分機356", "store_type" : "連鎖型綠色商店", "source_dataset" : "ntpe_6ccd0274", "store_code" : "F001844"}}, {"type" : "Feature", "geometry" : {"type" : "Point", "coordinates" : [121.457816661365, 24.998562330695]}, "properties" : {"name" : "萊爾富國際股份有限公司-北縣豫章店", "address" : "220新北市板橋區四川路一段391號", "city" : "新北市", "district" : "板橋區", "tel" : "02-66068688分機356", "store_type" : "連鎖型綠色商店", "source_dataset" : "ntpe_6ccd0274", "store_code" : "F001907"}}, {"type" : "Feature", "geometry" : {"type" : "Point", "coordinates" : [121.399764558351, 25.085863355015]}, "properties" : {"name" : "萊爾富國際股份有限公司-北縣醒吾店", "address" : "244新北市林口區粉寮路11-2號(醒吾技術學院)", "city" : "新北市", "district" : "林口區", "tel" : "02-66068688分機356", "store_type" : "連鎖型綠色商店", "source_dataset" : "ntpe_6ccd0274", "store_code" : "F001797"}}, {"type" : "Feature", "geometry" : {"type" : "Point", "coordinates" : [121.448320979927, 25.13989801758]}, "properties" : {"name" : "萊爾富國際股份有限公司-北縣龍米店", "address" : "249新北市八里區龍米路二段35.37號", "city" : "新北市", "district" : "八里區", "tel" : "02-66068688分機356", "store_type" : "連鎖型綠色商店", "source_dataset" : "ntpe_6ccd0274", "store_code" : "F001810"}}, {"type" : "Feature", "geometry" : {"type" : "Point", "coordinates" : [121.499274988426, 25.07304500559]}, "properties" : {"name" : "萊爾富國際股份有限公司-北縣龍門二店", "address" : "241新北市三重區龍門路177號", "city" : "新北市", "district" : "三重區", "tel" : "02-66068688分機356", "store_type" : "連鎖型綠色商店", "source_dataset" : "ntpe_6ccd0274", "store_code" : "F001698"}}, {"type" : "Feature", "geometry" : {"type" : "Point", "coordinates" : [121.446438320655, 25.030336903888]}, "properties" : {"name" : "萊爾富國際股份有限公司-北縣豐年店", "address" : "242新北市新莊區豐年里豐年街118-1號", "city" : "新北市", "district" : "新莊區", "tel" : "02-66068688分機356", "store_type" : "連鎖型綠色商店", "source_dataset" : "ntpe_6ccd0274", "store_code" : "F001924"}}, {"type" : "Feature", "geometry" : {"type" : "Point", "coordinates" : [121.486125039629, 24.95154600821]}, "properties" : {"name" : "萊爾富國際股份有限公司-北縣雙城店", "address" : "231新北市新店區安康路三段277號", "city" : "新北市", "district" : "新店區", "tel" : "02-66068688分機356", "store_type" : "連鎖型綠色商店", "source_dataset" : "ntpe_6ccd0274", "store_code" : "F001845"}}, {"type" : "Feature", "geometry" : {"type" : "Point", "coordinates" : [121.476559527906, 25.026134008088]}, "properties" : {"name" : "萊爾富國際股份有限公司-北縣雙翠店", "address" : "220新北市板橋區雙十路二段45號", "city" : "新北市", "district" : "板橋區", "tel" : "02-66068688分機356", "store_type" : "連鎖型綠色商店", "source_dataset" : "ntpe_6ccd0274", "store_code" : "F001916"}}, {"type" : "Feature", "geometry" : {"type" : "Point", "coordinates" : [121.43444297902, 25.012479007716]}, "properties" : {"name" : "萊爾富國際股份有限公司-北縣瓊林南店", "address" : "242新北市新莊區瓊林南路133號", "city" : "新北市", "district" : "新莊區", "tel" : "02-66068688分機356", "store_type" : "連鎖型綠色商店", "source_dataset" : "ntpe_6ccd0274", "store_code" : "F001777"}}, {"type" : "Feature", "geometry" : {"type" : "Point", "coordinates" : [121.474965960474, 25.033177991879]}, "properties" : {"name" : "萊爾富國際股份有限公司-北縣寶翠店", "address" : "220新北市板橋區文化路二段439之1號", "city" : "新北市", "district" : "板橋區", "tel" : "02-66068688分機356", "store_type" : "連鎖型綠色商店", "source_dataset" : "ntpe_6ccd0274", "store_code" : "F001790"}}, {"type" : "Feature", "geometry" : {"type" : "Point", "coordinates" : [121.471847976312, 25.079373007212]}, "properties" : {"name" : "萊爾富國際股份有限公司-北縣蘆中店", "address" : "247新北市蘆洲區中山一路287,289號", "city" : "新北市", "district" : "蘆洲區", "tel" : "02-66068688分機356", "store_type" : "連鎖型綠色商店", "source_dataset" : "ntpe_6ccd0274", "store_code" : "F001887"}}, {"type" : "Feature", "geometry" : {"type" : "Point", "coordinates" : [121.458864995026, 25.090964005837]}, "properties" : {"name" : "萊爾富國際股份有限公司-北縣蘆平店", "address" : "247新北市蘆洲區永平街30號", "city" : "新北市", "district" : "蘆洲區", "tel" : "02-66068688分機356", "store_type" : "連鎖型綠色商店", "source_dataset" : "ntpe_6ccd0274", "store_code" : "F001915"}}, {"type" : "Feature", "geometry" : {"type" : "Point", "coordinates" : [121.458008029246, 25.088205018588]}, "properties" : {"name" : "萊爾富國際股份有限公司-北縣蘆永店", "address" : "247新北市蘆洲區永樂街33號", "city" : "新北市", "district" : "蘆洲區", "tel" : "02-66068688分機356", "store_type" : "連鎖型綠色商店", "source_dataset" : "ntpe_6ccd0274", "store_code" : "F001819"}}, {"type" : "Feature", "geometry" : {"type" : "Point", "coordinates" : [121.477252040746, 25.082869979126]}, "properties" : {"name" : "萊爾富國際股份有限公司-北縣蘆江店", "address" : "247新北市蘆洲區鷺江街69號 1樓", "city" : "新北市", "district" : "蘆洲區", "tel" : "02-66068688分機356", "store_type" : "連鎖型綠色商店", "source_dataset" : "ntpe_6ccd0274", "store_code" : "F001735"}}, {"type" : "Feature", "geometry" : {"type" : "Point", "coordinates" : [121.469248999594, 25.081414000635]}, "properties" : {"name" : "萊爾富國際股份有限公司-北縣蘆旺店", "address" : "247新北市蘆洲區正和街47號", "city" : "新北市", "district" : "蘆洲區", "tel" : "02-66068688分機356", "store_type" : "連鎖型綠色商店", "source_dataset" : "ntpe_6ccd0274", "store_code" : "F001861"}}, {"type" : "Feature", "geometry" : {"type" : "Point", "coordinates" : [121.474318961368, 25.079535993319]}, "properties" : {"name" : "萊爾富國際股份有限公司-北縣蘆信店", "address" : "247新北市蘆洲區信義路35號", "city" : "新北市", "district" : "蘆洲區", "tel" : "02-66068688分機356", "store_type" : "連鎖型綠色商店", "source_dataset" : "ntpe_6ccd0274", "store_code" : "F001942"}}, {"type" : "Feature", "geometry" : {"type" : "Point", "coordinates" : [121.458503986457, 25.089936007322]}, "properties" : {"name" : "萊爾富國際股份有限公司-北縣蘆勝店", "address" : "247新北市蘆洲區永樂街38巷40號", "city" : "新北市", "district" : "蘆洲區", "tel" : "02-66068688分機356", "store_type" : "連鎖型綠色商店", "source_dataset" : "ntpe_6ccd0274", "store_code" : "F001843"}}, {"type" : "Feature", "geometry" : {"type" : "Point", "coordinates" : [121.33050000357, 24.967703006681]}, "properties" : {"name" : "萊爾富國際股份有限公司-北縣鶯花店", "address" : "239新北市鶯歌區鶯桃路541號", "city" : "新北市", "district" : "鶯歌區", "tel" : "02-66068688分機356", "store_type" : "連鎖型綠色商店", "source_dataset" : "ntpe_6ccd0274", "store_code" : "F001701"}}, {"type" : "Feature", "geometry" : {"type" : "Point", "coordinates" : [121.337205023196, 24.972834994538]}, "properties" : {"name" : "萊爾富國際股份有限公司-北縣鶯國店", "address" : "239新北市鶯歌區大湖路532,534號", "city" : "新北市", "district" : "鶯歌區", "tel" : "02-66068688分機356", "store_type" : "連鎖型綠色商店", "source_dataset" : "ntpe_6ccd0274", "store_code" : "F001906"}}, {"type" : "Feature", "geometry" : {"type" : "Point", "coordinates" : [121.351511004079, 24.952581005615]}, "properties" : {"name" : "萊爾富國際股份有限公司-北縣鶯歌店", "address" : "239新北市鶯歌區重慶街29號", "city" : "新北市", "district" : "鶯歌區", "tel" : "02-66068688分機356", "store_type" : "連鎖型綠色商店", "source_dataset" : "ntpe_6ccd0274", "store_code" : "F001707"}}, {"type" : "Feature", "geometry" : {"type" : "Point", "coordinates" : [121.333198976393, 24.959895012416]}, "properties" : {"name" : "萊爾富國際股份有限公司-北縣鶯駿店", "address" : "239新北市鶯歌區德昌街50號", "city" : "新北市", "district" : "鶯歌區", "tel" : "02-66068688分機356", "store_type" : "連鎖型綠色商店", "source_dataset" : "ntpe_6ccd0274", "store_code" : "F001779"}}, {"type" : "Feature", "geometry" : {"type" : "Point", "coordinates" : [121.472294983208, 25.089535980993]}, "properties" : {"name" : "萊爾富國際股份有限公司-北縣鷺江店", "address" : "247新北市蘆洲區民權路113號", "city" : "新北市", "district" : "蘆洲區", "tel" : "02-66068688分機356", "store_type" : "連鎖型綠色商店", "source_dataset" : "ntpe_6ccd0274", "store_code" : "F001911"}}, {"type" : "Feature", "geometry" : {"type" : "Point", "coordinates" : [121.499812016962, 24.991791003846]}, "properties" : {"name" : "進鑫機車行", "address" : "235新北市中和區中興街156號", "city" : "新北市", "district" : "中和區", "tel" : "22427508", "store_type" : "連鎖型綠色商店", "source_dataset" : "ntpe_6ccd0274", "store_code" : "F002073"}}, {"type" : "Feature", "geometry" : {"type" : "Point", "coordinates" : [121.45841103115, 25.02744799714]}, "properties" : {"name" : "隆陞車業有限公司", "address" : "220新北市板橋區新海路420號", "city" : "新北市", "district" : "板橋區", "tel" : "22580630", "store_type" : "連鎖型綠色商店", "source_dataset" : "ntpe_6ccd0274", "store_code" : "F002044"}}, {"type" : "Feature", "geometry" : {"type" : "Point", "coordinates" : [121.455532015048, 25.0050129951]}, "properties" : {"name" : "隆運機車行", "address" : "220新北市板橋區南雅南路一段105號", "city" : "新北市", "district" : "板橋區", "tel" : "29656157", "store_type" : "連鎖型綠色商店", "source_dataset" : "ntpe_6ccd0274", "store_code" : "F002043"}}, {"type" : "Feature", "geometry" : {"type" : "Point", "coordinates" : [121.426448990324, 25.01171600307]}, "properties" : {"name" : "源福車業行", "address" : "242新北市新莊區民安西路318號", "city" : "新北市", "district" : "新莊區", "tel" : "02-22042398", "store_type" : "連鎖型綠色商店", "source_dataset" : "ntpe_6ccd0274", "store_code" : "F002212"}}, {"type" : "Feature", "geometry" : {"type" : "Point", "coordinates" : [121.508315960648, 24.994201010556]}, "properties" : {"name" : "瑞和車業行", "address" : "235新北市中和區景新街230-1號", "city" : "新北市", "district" : "中和區", "tel" : "29403142", "store_type" : "連鎖型綠色商店", "source_dataset" : "ntpe_6ccd0274", "store_code" : "F002074"}}, {"type" : "Feature", "geometry" : {"type" : "Point", "coordinates" : [121.466895025907, 25.020263993656]}, "properties" : {"name" : "福利機車行", "address" : "220新北市板橋區介壽街2號", "city" : "新北市", "district" : "板橋區", "tel" : "22539690", "store_type" : "連鎖型綠色商店", "source_dataset" : "ntpe_6ccd0274", "store_code" : "F002036"}}, {"type" : "Feature", "geometry" : {"type" : "Point", "coordinates" : [121.497628028271, 25.005254980645]}, "properties" : {"name" : "福和車業有限公司", "address" : "235新北市中和區永和路78號", "city" : "新北市", "district" : "中和區", "tel" : "22495773", "store_type" : "連鎖型綠色商店", "source_dataset" : "ntpe_6ccd0274", "store_code" : "F002084"}}, {"type" : "Feature", "geometry" : {"type" : "Point", "coordinates" : [121.511806017492, 24.997409980277]}, "properties" : {"name" : "福豪車業行", "address" : "235新北市中和區安平路110號", "city" : "新北市", "district" : "中和區", "tel" : "29415261", "store_type" : "連鎖型綠色商店", "source_dataset" : "ntpe_6ccd0274", "store_code" : "F002065"}}, {"type" : "Feature", "geometry" : {"type" : "Point", "coordinates" : [121.495999005388, 24.998884985689]}, "properties" : {"name" : "豪元車業有限公司", "address" : "235新北市中和區連城路135號", "city" : "新北市", "district" : "中和區", "tel" : "22497393", "store_type" : "連鎖型綠色商店", "source_dataset" : "ntpe_6ccd0274", "store_code" : "F002124"}}, {"type" : "Feature", "geometry" : {"type" : "Point", "coordinates" : [121.526052989776, 24.991202007509]}, "properties" : {"name" : "豪呈機車有限公司", "address" : "235新北市中和區成功路109號", "city" : "新北市", "district" : "中和區", "tel" : "29490766", "store_type" : "連鎖型綠色商店", "source_dataset" : "ntpe_6ccd0274", "store_code" : "F002113"}}, {"type" : "Feature", "geometry" : {"type" : "Point", "coordinates" : [121.475584880205, 25.071082382962]}, "properties" : {"name" : "遠百企業股份有限公司三重分公司", "address" : "241新北市三重區中正北路193巷45號", "city" : "新北市", "district" : "三重區", "tel" : "02-2988-3199", "store_type" : "連鎖型綠色商店", "source_dataset" : "ntpe_6ccd0274", "store_code" : "F000099"}}, {"type" : "Feature", "geometry" : {"type" : "Point", "coordinates" : [121.521118993927, 24.996373155717]}, "properties" : {"name" : "遠百企業股份有限公司永和分公司", "address" : "234新北市永和區民生路46巷56號", "city" : "新北市", "district" : "永和區", "tel" : "02-29488988", "store_type" : "連鎖型綠色商店", "source_dataset" : "ntpe_6ccd0274", "store_code" : "F000002"}}, {"type" : "Feature", "geometry" : {"type" : "Point", "coordinates" : [121.457464127549, 24.997706993016]}, "properties" : {"name" : "遠百企業股份有限公司板新分公司", "address" : "220新北市板橋區四川路一段389號", "city" : "新北市", "district" : "板橋區", "tel" : "02-77382688", "store_type" : "連鎖型綠色商店", "source_dataset" : "ntpe_6ccd0274", "store_code" : "F000001"}}, {"type" : "Feature", "geometry" : {"type" : "Point", "coordinates" : [121.467628023339, 25.025704016455]}, "properties" : {"name" : "銘汰車業行", "address" : "220新北市板橋區光武街26號", "city" : "新北市", "district" : "板橋區", "tel" : "22521132", "store_type" : "連鎖型綠色商店", "source_dataset" : "ntpe_6ccd0274", "store_code" : "F002053"}}, {"type" : "Feature", "geometry" : {"type" : "Point", "coordinates" : [121.488512038015, 24.996070007326]}, "properties" : {"name" : "銓富機車有限公司", "address" : "235新北市中和區連城路337-1號", "city" : "新北市", "district" : "中和區", "tel" : "22222370", "store_type" : "連鎖型綠色商店", "source_dataset" : "ntpe_6ccd0274", "store_code" : "F002118"}}, {"type" : "Feature", "geometry" : {"type" : "Point", "coordinates" : [121.517325500733, 25.004941581285]}, "properties" : {"name" : "廣固機車行", "address" : "234新北市永和區中正路522號", "city" : "新北市", "district" : "永和區", "tel" : "29276545", "store_type" : "連鎖型綠色商店", "source_dataset" : "ntpe_6ccd0274", "store_code" : "F002115"}}, {"type" : "Feature", "geometry" : {"type" : "Point", "coordinates" : [121.468649212716, 25.022525435924]}, "properties" : {"name" : "歐盟時尚空間設計有限公司", "address" : "220新北市板橋區民生路2段232號 ", "city" : "新北市", "district" : "板橋區", "tel" : "02-26002108", "store_type" : "連鎖型綠色商店", "source_dataset" : "ntpe_6ccd0274", "store_code" : "F000128"}}, {"type" : "Feature", "geometry" : {"type" : "Point", "coordinates" : [121.458924087444, 25.133293999887]}, "properties" : {"name" : "歐德傢俱淡水店", "address" : "251新北市淡水區民權路88之5號", "city" : "新北市", "district" : "淡水區", "tel" : "02-88093218", "store_type" : "連鎖型綠色商店", "source_dataset" : "ntpe_6ccd0274", "store_code" : "F000253"}}, {"type" : "Feature", "geometry" : {"type" : "Point", "coordinates" : [121.372408010705, 25.070252993642]}, "properties" : {"name" : "歐摩兒有限公司", "address" : "244新北市林口區文化一路一段84號1樓", "city" : "新北市", "district" : "林口區", "tel" : "02-26008868", "store_type" : "連鎖型綠色商店", "source_dataset" : "ntpe_6ccd0274", "store_code" : "F000117"}}, {"type" : "Feature", "geometry" : {"type" : "Point", "coordinates" : [121.498963013989, 25.002845979763]}, "properties" : {"name" : "潤泰全球股份有限公司中和分公司中和店", "address" : "235新北市中和區中山路二段228號地下二樓", "city" : "新北市", "district" : "中和區", "tel" : "02-82411111#566", "store_type" : "連鎖型綠色商店", "source_dataset" : "ntpe_6ccd0274", "store_code" : "F000016"}}, {"type" : "Feature", "geometry" : {"type" : "Point", "coordinates" : [121.45859803141, 25.029344989466]}, "properties" : {"name" : "樺山車業有限公司", "address" : "220新北市板橋區長江路1段51號", "city" : "新北市", "district" : "板橋區", "tel" : "22592483", "store_type" : "連鎖型綠色商店", "source_dataset" : "ntpe_6ccd0274", "store_code" : "F002049"}}, {"type" : "Feature", "geometry" : {"type" : "Point", "coordinates" : [121.457665041768, 25.003744016869]}, "properties" : {"name" : "積躍機車行", "address" : "220新北市板橋區貴興路37號", "city" : "新北市", "district" : "板橋區", "tel" : "29512379", "store_type" : "連鎖型綠色商店", "source_dataset" : "ntpe_6ccd0274", "store_code" : "F002138"}}, {"type" : "Feature", "geometry" : {"type" : "Point", "coordinates" : [121.464190688666, 24.99795337906]}, "properties" : {"name" : "錕達車業有限公司", "address" : "220新北市板橋區重慶路349號", "city" : "新北市", "district" : "板橋區", "tel" : "29547370", "store_type" : "連鎖型綠色商店", "source_dataset" : "ntpe_6ccd0274", "store_code" : "F002146"}}, {"type" : "Feature", "geometry" : {"type" : "Point", "coordinates" : [121.495752325978, 25.002184396145]}, "properties" : {"name" : "燦坤實業股份有限公司中和旗艦分公司", "address" : "235新北市中和區中山路二段297號", "city" : "新北市", "district" : "中和區", "tel" : "02-27953988#10803", "store_type" : "連鎖型綠色商店", "source_dataset" : "ntpe_6ccd0274", "store_code" : "F000031"}}, {"type" : "Feature", "geometry" : {"type" : "Point", "coordinates" : [121.502434965923, 24.99019601149]}, "properties" : {"name" : "聯成機車行", "address" : "235新北市中和區復興路275號", "city" : "新北市", "district" : "中和區", "tel" : "22409433", "store_type" : "連鎖型綠色商店", "source_dataset" : "ntpe_6ccd0274", "store_code" : "F002079"}}, {"type" : "Feature", "geometry" : {"type" : "Point", "coordinates" : [121.468719933866, 25.026624181786]}, "properties" : {"name" : "駿宏車行", "address" : "220新北市板橋區松江街21號", "city" : "新北市", "district" : "板橋區", "tel" : "82525485", "store_type" : "連鎖型綠色商店", "source_dataset" : "ntpe_6ccd0274", "store_code" : "F002035"}}, {"type" : "Feature", "geometry" : {"type" : "Point", "coordinates" : [121.474995967688, 25.013302990707]}, "properties" : {"name" : "鴻川機車行", "address" : "220新北市板橋區民生路一段67號", "city" : "新北市", "district" : "板橋區", "tel" : "29614036", "store_type" : "連鎖型綠色商店", "source_dataset" : "ntpe_6ccd0274", "store_code" : "F002134"}}, {"type" : "Feature", "geometry" : {"type" : "Point", "coordinates" : [121.46679603563, 25.015743004631]}, "properties" : {"name" : "鴻源汽車股份有限公司", "address" : "220新北市板橋區縣民大道2段101號", "city" : "新北市", "district" : "板橋區", "tel" : "02-25066898", "store_type" : "連鎖型綠色商店", "source_dataset" : "ntpe_6ccd0274", "store_code" : "F001995"}}, {"type" : "Feature", "geometry" : {"type" : "Point", "coordinates" : [121.491259625876, 25.069747103876]}, "properties" : {"name" : "鴻源汽車股份有限公司三重分公司", "address" : "241新北市三重區重陽路4段36號", "city" : "新北市", "district" : "三重區", "tel" : "02-25066898", "store_type" : "連鎖型綠色商店", "source_dataset" : "ntpe_6ccd0274", "store_code" : "F001997"}}, {"type" : "Feature", "geometry" : {"type" : "Point", "coordinates" : [121.482129973118, 25.008593995594]}, "properties" : {"name" : "鴻源汽車股份有限公司中和分公司", "address" : "235新北市中和區中正路1155號", "city" : "新北市", "district" : "中和區", "tel" : "02-25066898", "store_type" : "連鎖型綠色商店", "source_dataset" : "ntpe_6ccd0274", "store_code" : "F001993"}}, {"type" : "Feature", "geometry" : {"type" : "Point", "coordinates" : [121.526776683296, 25.003315492069]}, "properties" : {"name" : "鴻源汽車股份有限公司永和分公司", "address" : "234新北市永和區成功路1段80號", "city" : "新北市", "district" : "永和區", "tel" : "02-25066898", "store_type" : "連鎖型綠色商店", "source_dataset" : "ntpe_6ccd0274", "store_code" : "F001990"}}, {"type" : "Feature", "geometry" : {"type" : "Point", "coordinates" : [121.463310672652, 25.06106751741]}, "properties" : {"name" : "鴻源汽車股份有限公司新莊分公司", "address" : "242新北市新莊區新北大道二段318號", "city" : "新北市", "district" : "新莊區", "tel" : "02-25066898", "store_type" : "連鎖型綠色商店", "source_dataset" : "ntpe_6ccd0274", "store_code" : "F001998"}}, {"type" : "Feature", "geometry" : {"type" : "Point", "coordinates" : [121.483433023786, 25.004802986516]}, "properties" : {"name" : "鴻緯車業有限公司", "address" : "235新北市中和區中山路2段467號", "city" : "新北市", "district" : "中和區", "tel" : "22210427", "store_type" : "連鎖型綠色商店", "source_dataset" : "ntpe_6ccd0274", "store_code" : "F002075"}}, {"type" : "Feature", "geometry" : {"type" : "Point", "coordinates" : [121.374352863698, 24.932757804605]}, "properties" : {"name" : "寶雅國際股份有限公司三峽中華分公司", "address" : "237新北市三峽區中華路20號1樓 ", "city" : "新北市", "district" : "三峽區", "tel" : "02-86742121", "store_type" : "連鎖型綠色商店", "source_dataset" : "ntpe_6ccd0274", "store_code" : "F002031"}}, {"type" : "Feature", "geometry" : {"type" : "Point", "coordinates" : [121.509541981625, 25.008941006385]}, "properties" : {"name" : "寶雅國際股份有限公司永和中山分公司", "address" : "234新北市永和區中山路一段177號", "city" : "新北市", "district" : "永和區", "tel" : "02-29202727", "store_type" : "連鎖型綠色商店", "source_dataset" : "ntpe_6ccd0274", "store_code" : "F002023"}}, {"type" : "Feature", "geometry" : {"type" : "Point", "coordinates" : [121.517395992539, 24.999754985329]}, "properties" : {"name" : "寶雅國際股份有限公司永和中正分公司", "address" : "234新北市永和區中正路239號", "city" : "新北市", "district" : "永和區", "tel" : "02-89417717", "store_type" : "連鎖型綠色商店", "source_dataset" : "ntpe_6ccd0274", "store_code" : "F002026"}}, {"type" : "Feature", "geometry" : {"type" : "Point", "coordinates" : [121.629757500081, 25.067632684981]}, "properties" : {"name" : "寶雅國際股份有限公司汐止中興分公司", "address" : "221新北市汐止區中興路195號", "city" : "新北市", "district" : "汐止區", "tel" : "02-26924444", "store_type" : "連鎖型綠色商店", "source_dataset" : "ntpe_6ccd0274", "store_code" : "F002024"}}, {"type" : "Feature", "geometry" : {"type" : "Point", "coordinates" : [121.38537800004, 25.075643018389]}, "properties" : {"name" : "寶雅國際股份有限公司林口仁愛分公司", "address" : "244新北市林口區育林街2號", "city" : "新北市", "district" : "林口區", "tel" : "06-2411-000", "store_type" : "連鎖型綠色商店", "source_dataset" : "ntpe_6ccd0274", "store_code" : "F002191"}}, {"type" : "Feature", "geometry" : {"type" : "Point", "coordinates" : [121.463374375116, 25.000521217007]}, "properties" : {"name" : "寶雅國際股份有限公司板橋重慶分公司", "address" : "220新北市板橋區重慶路247號1樓", "city" : "新北市", "district" : "板橋區", "tel" : "02-29581818", "store_type" : "連鎖型綠色商店", "source_dataset" : "ntpe_6ccd0274", "store_code" : "F002030"}}, {"type" : "Feature", "geometry" : {"type" : "Point", "coordinates" : [121.461546701128, 25.021995191938]}, "properties" : {"name" : "寶雅國際股份有限公司板橋新海分公司", "address" : "220新北市板橋區新海路93號", "city" : "新北市", "district" : "板橋區", "tel" : "06-2411-000*608", "store_type" : "連鎖型綠色商店", "source_dataset" : "ntpe_6ccd0274", "store_code" : "F002189"}}, {"type" : "Feature", "geometry" : {"type" : "Point", "coordinates" : [121.445578085932, 25.041050694436]}, "properties" : {"name" : "寶雅國際股份有限公司新莊新泰分公司", "address" : "242新北市新莊區新泰路300號", "city" : "新北市", "district" : "新莊區", "tel" : "02-29914000", "store_type" : "連鎖型綠色商店", "source_dataset" : "ntpe_6ccd0274", "store_code" : "F002022"}}, {"type" : "Feature", "geometry" : {"type" : "Point", "coordinates" : [121.421022965303, 25.019439004836]}, "properties" : {"name" : "寶雅國際股份有限公司新莊龍安分公司", "address" : "242新北市新莊區龍安路252-1號", "city" : "新北市", "district" : "新莊區", "tel" : "06-2411-000*608", "store_type" : "連鎖型綠色商店", "source_dataset" : "ntpe_6ccd0274", "store_code" : "F002190"}}, {"type" : "Feature", "geometry" : {"type" : "Point", "coordinates" : [121.423051469691, 24.990650017276]}, "properties" : {"name" : "寶雅國際股份有限公司樹林中山分公司", "address" : "238新北市樹林區中山路一段111號", "city" : "新北市", "district" : "樹林區", "tel" : "02-26860022", "store_type" : "連鎖型綠色商店", "source_dataset" : "ntpe_6ccd0274", "store_code" : "F002027"}}, {"type" : "Feature", "geometry" : {"type" : "Point", "coordinates" : [121.526552970301, 24.9985230132]}, "properties" : {"name" : "轟源車業行", "address" : "234新北市永和區成功路2段92號", "city" : "新北市", "district" : "永和區", "tel" : "29406695", "store_type" : "連鎖型綠色商店", "source_dataset" : "ntpe_6ccd0274", "store_code" : "F002116"}}, {"type" : "Feature", "geometry" : {"type" : "Point", "coordinates" : [121.516004009878, 24.98597501078]}, "properties" : {"name" : "霸輪機車行", "address" : "231新北市新店區安和路3段169號", "city" : "新北市", "district" : "新店區", "tel" : "29473561", "store_type" : "連鎖型綠色商店", "source_dataset" : "ntpe_6ccd0274", "store_code" : "F002069"}}, {"type" : "Feature", "geometry" : {"type" : "Point", "coordinates" : [121.501502982109, 25.005525003656]}, "properties" : {"name" : "鑫川吉機車行", "address" : "235新北市中和區莊敬路49巷4號", "city" : "新北市", "district" : "中和區", "tel" : "82458506", "store_type" : "連鎖型綠色商店", "source_dataset" : "ntpe_6ccd0274", "store_code" : "F002082"}}, {"type" : "Feature", "geometry" : {"type" : "Point", "coordinates" : [121.475550262945, 25.006852319933]}, "properties" : {"name" : "驥剛車業行", "address" : "235新北市中和區中山路3段118號", "city" : "新北市", "district" : "中和區", "tel" : "22236369", "store_type" : "連鎖型綠色商店", "source_dataset" : "ntpe_6ccd0274", "store_code" : "F002136"}}, {"type" : "Feature", "geometry" : {"type" : "Point", "coordinates" : [121.447996013541, 25.064625802946]}, "properties" : {"name" : "7-11展示店門市", "address" : "820新北市五股區五權路1號", "city" : "新北市", "district" : "五股區", "tel" : "02-27478711#3961", "store_type" : "連鎖型綠色商店", "source_dataset" : "ntpe_6ccd0274", "store_code" : "S000274"}}, {"type" : "Feature", "geometry" : {"type" : "Point", "coordinates" : [121.491790032709, 25.080268990751]}, "properties" : {"name" : "7-11三好門市", "address" : "241新北市三重區溪美里仁愛街367號", "city" : "新北市", "district" : "三重區", "tel" : "02-27478711#3961", "store_type" : "連鎖型綠色商店", "source_dataset" : "ntpe_6ccd0274", "store_code" : "F000569"}}, {"type" : "Feature", "geometry" : {"type" : "Point", "coordinates" : [121.437295005395, 24.967976214815]}, "properties" : {"name" : "7-11土城門市", "address" : "236新北市土城區中央路三段42號", "city" : "新北市", "district" : "土城區", "tel" : "02-27478711#3961", "store_type" : "連鎖型綠色商店", "source_dataset" : "ntpe_6ccd0274", "store_code" : "F001583"}}, {"type" : "Feature", "geometry" : {"type" : "Point", "coordinates" : [121.391316997535, 24.962214997486]}, "properties" : {"name" : "7-11大智通門市", "address" : "238新北市樹林區佳園路二段70-1號", "city" : "新北市", "district" : "樹林區", "tel" : "02-27478711#3961", "store_type" : "連鎖型綠色商店", "source_dataset" : "ntpe_6ccd0274", "store_code" : "F001166"}}, {"type" : "Feature", "geometry" : {"type" : "Point", "coordinates" : [121.49347798037, 25.053721994652]}, "properties" : {"name" : "7-11中南門市", "address" : "241新北市三重區中正南路248-1.248-2號", "city" : "新北市", "district" : "三重區", "tel" : "02-27478711#3961", "store_type" : "連鎖型綠色商店", "source_dataset" : "ntpe_6ccd0274", "store_code" : "F001611"}}, {"type" : "Feature", "geometry" : {"type" : "Point", "coordinates" : [121.49588802899, 25.072680979535]}, "properties" : {"name" : "7-11仁仁門市", "address" : "241新北市三重區仁愛街52號", "city" : "新北市", "district" : "三重區", "tel" : "02-27478711#3961", "store_type" : "連鎖型綠色商店", "source_dataset" : "ntpe_6ccd0274", "store_code" : "F001558"}}, {"type" : "Feature", "geometry" : {"type" : "Point", "coordinates" : [121.371776015205, 24.927099014133]}, "properties" : {"name" : "7-11天下門市", "address" : "237新北市三峽區中正路一段242.244號", "city" : "新北市", "district" : "三峽區", "tel" : "02-27478711#3961", "store_type" : "連鎖型綠色商店", "source_dataset" : "ntpe_6ccd0274", "store_code" : "F001395"}}, {"type" : "Feature", "geometry" : {"type" : "Point", "coordinates" : [121.47690201247, 25.030697996277]}, "properties" : {"name" : "7-11文聖門市", "address" : "220新北市板橋區文聖街64號", "city" : "新北市", "district" : "板橋區", "tel" : "02-27478711#3961", "store_type" : "連鎖型綠色商店", "source_dataset" : "ntpe_6ccd0274", "store_code" : "F001446"}}, {"type" : "Feature", "geometry" : {"type" : "Point", "coordinates" : [121.554622036197, 24.953336005543]}, "properties" : {"name" : "7-11北宜門市", "address" : "231新北市新店區北宜路二段82號之2.", "city" : "新北市", "district" : "新店區", "tel" : "02-27478711#3961", "store_type" : "連鎖型綠色商店", "source_dataset" : "ntpe_6ccd0274", "store_code" : "F000574"}}, {"type" : "Feature", "geometry" : {"type" : "Point", "coordinates" : [121.541024996685, 24.96713001978]}, "properties" : {"name" : "7-11北新門市", "address" : "231新北市新店區北新路1段289.291號", "city" : "新北市", "district" : "新店區", "tel" : "02-27478711#3961", "store_type" : "連鎖型綠色商店", "source_dataset" : "ntpe_6ccd0274", "store_code" : "F001553"}}, {"type" : "Feature", "geometry" : {"type" : "Point", "coordinates" : [121.430137027721, 25.158946018274]}, "properties" : {"name" : "7-11左岸門市", "address" : "249新北市八里區龍米路2段246號", "city" : "新北市", "district" : "八里區", "tel" : "02-27478711#3961", "store_type" : "連鎖型綠色商店", "source_dataset" : "ntpe_6ccd0274", "store_code" : "F001528"}}, {"type" : "Feature", "geometry" : {"type" : "Point", "coordinates" : [121.478777966219, 25.013473017613]}, "properties" : {"name" : "7-11正泰門市", "address" : "220新北市板橋區三民路二段202-18號", "city" : "新北市", "district" : "板橋區", "tel" : "02-27478711#3961", "store_type" : "連鎖型綠色商店", "source_dataset" : "ntpe_6ccd0274", "store_code" : "F001350"}}, {"type" : "Feature", "geometry" : {"type" : "Point", "coordinates" : [121.512981998507, 25.01080698567]}, "properties" : {"name" : "7-11永中門市", "address" : "234新北市永和區中山路一段58號", "city" : "新北市", "district" : "永和區", "tel" : "02-27478711#3961", "store_type" : "連鎖型綠色商店", "source_dataset" : "ntpe_6ccd0274", "store_code" : "F001320"}}, {"type" : "Feature", "geometry" : {"type" : "Point", "coordinates" : [121.461768570105, 25.135928306326]}, "properties" : {"name" : "7-11立竹門市", "address" : "251新北市淡水區民族路56號", "city" : "新北市", "district" : "淡水區", "tel" : "02-27478711#3961", "store_type" : "連鎖型綠色商店", "source_dataset" : "ntpe_6ccd0274", "store_code" : "F001055"}}, {"type" : "Feature", "geometry" : {"type" : "Point", "coordinates" : [121.464073006745, 24.986745014315]}, "properties" : {"name" : "7-11立金門市", "address" : "236新北市土城區立德路70.72號", "city" : "新北市", "district" : "土城區", "tel" : "02-27478711#3961", "store_type" : "連鎖型綠色商店", "source_dataset" : "ntpe_6ccd0274", "store_code" : "F000970"}}, {"type" : "Feature", "geometry" : {"type" : "Point", "coordinates" : [121.510846708673, 24.959911482856]}, "properties" : {"name" : "7-11全新門市", "address" : "231新北市新店區安康路2段196-1號", "city" : "新北市", "district" : "新店區", "tel" : "02-27478711#3961", "store_type" : "連鎖型綠色商店", "source_dataset" : "ntpe_6ccd0274", "store_code" : "F000949"}}, {"type" : "Feature", "geometry" : {"type" : "Point", "coordinates" : [121.475463929342, 24.956840814537]}, "properties" : {"name" : "7-11安佳門市", "address" : "231新北市新店區安祥路111號", "city" : "新北市", "district" : "新店區", "tel" : "02-27478711#3961", "store_type" : "連鎖型綠色商店", "source_dataset" : "ntpe_6ccd0274", "store_code" : "F001669"}}, {"type" : "Feature", "geometry" : {"type" : "Point", "coordinates" : [121.437249994575, 25.082165102978]}, "properties" : {"name" : "7-11成泰門市", "address" : "248新北市五股區成泰路二段45.47號", "city" : "新北市", "district" : "五股區", "tel" : "02-27478711#3961", "store_type" : "連鎖型綠色商店", "source_dataset" : "ntpe_6ccd0274", "store_code" : "F000566"}}, {"type" : "Feature", "geometry" : {"type" : "Point", "coordinates" : [121.537461011455, 24.974668996862]}, "properties" : {"name" : "7-11百和門市", "address" : "231新北市新店區中正路306.308號", "city" : "新北市", "district" : "新店區", "tel" : "02-27478711#3961", "store_type" : "連鎖型綠色商店", "source_dataset" : "ntpe_6ccd0274", "store_code" : "F001509"}}, {"type" : "Feature", "geometry" : {"type" : "Point", "coordinates" : [121.526187016408, 24.963108005451]}, "properties" : {"name" : "7-11百豐門市", "address" : "231新北市新店區安康路一段160號", "city" : "新北市", "district" : "新店區", "tel" : "02-27478711#3961", "store_type" : "連鎖型綠色商店", "source_dataset" : "ntpe_6ccd0274", "store_code" : "F001018"}}, {"type" : "Feature", "geometry" : {"type" : "Point", "coordinates" : [121.485594968072, 24.997868009376]}, "properties" : {"name" : "7-11艾德蒙門市", "address" : "235新北市中和區中正路736號", "city" : "新北市", "district" : "中和區", "tel" : "02-27478711#3961", "store_type" : "連鎖型綠色商店", "source_dataset" : "ntpe_6ccd0274", "store_code" : "F001068"}}, {"type" : "Feature", "geometry" : {"type" : "Point", "coordinates" : [121.513311994035, 25.007348989606]}, "properties" : {"name" : "7-11宏圖門市", "address" : "234新北市永和區永和路一段85號", "city" : "新北市", "district" : "永和區", "tel" : "02-27478711#3961", "store_type" : "連鎖型綠色商店", "source_dataset" : "ntpe_6ccd0274", "store_code" : "F001535"}}, {"type" : "Feature", "geometry" : {"type" : "Point", "coordinates" : [121.4928304, 25.003819]}, "properties" : {"name" : "7-11秀景門市", "address" : "235新北市中和區成功南路115.117號", "city" : "新北市", "district" : "中和區", "tel" : "02-27478711#3961", "store_type" : "連鎖型綠色商店", "source_dataset" : "ntpe_6ccd0274", "store_code" : "F001338"}}, {"type" : "Feature", "geometry" : {"type" : "Point", "coordinates" : [121.45899198086, 24.983346990768]}, "properties" : {"name" : "7-11佳福門市", "address" : "236新北市土城區青雲路152號", "city" : "新北市", "district" : "土城區", "tel" : "02-27478711#3961", "store_type" : "連鎖型綠色商店", "source_dataset" : "ntpe_6ccd0274", "store_code" : "F001432"}}, {"type" : "Feature", "geometry" : {"type" : "Point", "coordinates" : [121.524913218582, 25.001503115055]}, "properties" : {"name" : "7-11和和門市", "address" : "234新北市永和區秀朗路2段128號", "city" : "新北市", "district" : "永和區", "tel" : "02-27478711#3961", "store_type" : "連鎖型綠色商店", "source_dataset" : "ntpe_6ccd0274", "store_code" : "F001442"}}, {"type" : "Feature", "geometry" : {"type" : "Point", "coordinates" : [121.505686976717, 24.989663006267]}, "properties" : {"name" : "7-11和復門市", "address" : "235新北市中和區復興路19號", "city" : "新北市", "district" : "中和區", "tel" : "02-27478711#3961", "store_type" : "連鎖型綠色商店", "source_dataset" : "ntpe_6ccd0274", "store_code" : "F001561"}}, {"type" : "Feature", "geometry" : {"type" : "Point", "coordinates" : [121.6780014, 25.1919422]}, "properties" : {"name" : "7-11萬里門市", "address" : "207新北市萬里鄉瑪鍊路49.51號", "city" : "新北市", "district" : null, "tel" : "02-27478711#3961", "store_type" : "連鎖型綠色商店", "source_dataset" : "ntpe_6ccd0274", "store_code" : "F001550"}}, {"type" : "Feature", "geometry" : {"type" : "Point", "coordinates" : [121.6780014, 25.1919422]}, "properties" : {"name" : "7-11翡翠灣門市", "address" : "207新北市萬里鄉龜吼村美崙38.39號", "city" : "新北市", "district" : null, "tel" : "02-27478711#3961", "store_type" : "連鎖型綠色商店", "source_dataset" : "ntpe_6ccd0274", "store_code" : "F001262"}}, {"type" : "Feature", "geometry" : {"type" : "Point", "coordinates" : [121.6780014, 25.1919422]}, "properties" : {"name" : "全家便利商店股份有限公司-萬里頂社店", "address" : "207新北市萬里鄉大鵬村頂社１號", "city" : "新北市", "district" : null, "tel" : "02-87732988", "store_type" : "連鎖型綠色商店", "source_dataset" : "ntpe_6ccd0274", "store_code" : "F000883"}}]}
