{
   "type": "FeatureCollection",
   "features": [
  {
    "type": "Feature",
    "geometry": {
       "type": "Point",
       "coordinates":  [ 121.533962,25.026419 ]
    },
    "properties": {
    "id":"SC1",
    "city":"台北市",
    "type":"學校",
    "name":"國立北教大實小",
    "dist":"大安區",
    "loc":"臺北市大安區龍淵里和平東路2段94號",
    "FIELD9":"",
    "FIELD10":null,
    "FIELD11":null
    }
  },
  {
    "type": "Feature",
    "geometry": {
       "type": "Point",
       "coordinates":  [ 121.5797216,24.9848779 ]
    },
    "properties": {
    "id":"SC2",
    "city":"台北市",
    "type":"學校",
    "name":"國立政大實小",
    "dist":"文山區",
    "loc":"臺北市文山區指南路三段12號",
    "FIELD9":"",
    "FIELD10":null,
    "FIELD11":null
    }
  },
  {
    "type": "Feature",
    "geometry": {
       "type": "Point",
       "coordinates":  [ 121.5785624,25.0506966 ]
    },
    "properties": {
    "id":"SC3",
    "city":"台北市",
    "type":"學校",
    "name":"松山國小",
    "dist":"松山區",
    "loc":"臺北市松山區八德路四段746號",
    "FIELD9":"",
    "FIELD10":null,
    "FIELD11":null
    }
  },
  {
    "type": "Feature",
    "geometry": {
       "type": "Point",
       "coordinates":  [ 121.5634612,25.0523564 ]
    },
    "properties": {
    "id":"SC4",
    "city":"台北市",
    "type":"學校",
    "name":"西松國小",
    "dist":"松山區",
    "loc":"臺北市松山區東光里三民路5號",
    "FIELD9":"",
    "FIELD10":null,
    "FIELD11":null
    }
  },
  {
    "type": "Feature",
    "geometry": {
       "type": "Point",
       "coordinates":  [ 121.5485239,25.0491723 ]
    },
    "properties": {
    "id":"SC5",
    "city":"台北市",
    "type":"學校",
    "name":"敦化國小",
    "dist":"松山區",
    "loc":"臺北市松山區中正里敦化北路2號",
    "FIELD9":"",
    "FIELD10":null,
    "FIELD11":null
    }
  },
  {
    "type": "Feature",
    "geometry": {
       "type": "Point",
       "coordinates":  [ 121.552521,25.0558398 ]
    },
    "properties": {
    "id":"SC6",
    "city":"台北市",
    "type":"學校",
    "name":"民生國小",
    "dist":"松山區",
    "loc":"臺北市松山區敦化北路199巷18號",
    "FIELD9":"",
    "FIELD10":null,
    "FIELD11":null
    }
  },
  {
    "type": "Feature",
    "geometry": {
       "type": "Point",
       "coordinates":  [ 121.5604999,25.0616917 ]
    },
    "properties": {
    "id":"SC7",
    "city":"台北市",
    "type":"學校",
    "name":"民權國小",
    "dist":"松山區",
    "loc":"臺北市松山區民權東路四段200號",
    "FIELD9":"",
    "FIELD10":null,
    "FIELD11":null
    }
  },
  {
    "type": "Feature",
    "geometry": {
       "type": "Point",
       "coordinates":  [ 121.555653,25.0580788 ]
    },
    "properties": {
    "id":"SC8",
    "city":"台北市",
    "type":"學校",
    "name":"民族國小",
    "dist":"松山區",
    "loc":"臺北市松山區民生東路4段97巷7號",
    "FIELD9":"",
    "FIELD10":null,
    "FIELD11":null
    }
  },
  {
    "type": "Feature",
    "geometry": {
       "type": "Point",
       "coordinates":  [ 121.5642938,25.0636727 ]
    },
    "properties": {
    "id":"SC9",
    "city":"台北市",
    "type":"學校",
    "name":"三民國小",
    "dist":"松山區",
    "loc":"臺北市松山區莊敬里民權東路五段1號",
    "FIELD9":"",
    "FIELD10":null,
    "FIELD11":null
    }
  },
  {
    "type": "Feature",
    "geometry": {
       "type": "Point",
       "coordinates":  [ 121.5630309,25.0563294 ]
    },
    "properties": {
    "id":"SC10",
    "city":"台北市",
    "type":"學校",
    "name":"健康國小",
    "dist":"松山區",
    "loc":"臺北市松山區延壽街168號",
    "FIELD9":"",
    "FIELD10":null,
    "FIELD11":null
    }
  },
  {
    "type": "Feature",
    "geometry": {
       "type": "Point",
       "coordinates":  [ 121.5653136,25.0419415 ]
    },
    "properties": {
    "id":"SC11",
    "city":"台北市",
    "type":"學校",
    "name":"興雅國小",
    "dist":"信義區",
    "loc":"臺北市信義區雅祥里基隆路1段83巷9號",
    "FIELD9":"",
    "FIELD10":null,
    "FIELD11":null
    }
  },
  {
    "type": "Feature",
    "geometry": {
       "type": "Point",
       "coordinates":  [ 121.558345,25.0403966 ]
    },
    "properties": {
    "id":"SC12",
    "city":"台北市",
    "type":"學校",
    "name":"光復國小",
    "dist":"信義區",
    "loc":"臺北市信義區光復南路271號",
    "FIELD9":"",
    "FIELD10":null,
    "FIELD11":null
    }
  },
  {
    "type": "Feature",
    "geometry": {
       "type": "Point",
       "coordinates":  [ 121.5589102,25.0295456 ]
    },
    "properties": {
    "id":"SC13",
    "city":"台北市",
    "type":"學校",
    "name":"三興國小",
    "dist":"信義區",
    "loc":"臺北市信義區景聯里基隆路2段99號",
    "FIELD9":"",
    "FIELD10":null,
    "FIELD11":null
    }
  },
  {
    "type": "Feature",
    "geometry": {
       "type": "Point",
       "coordinates":  [ 121.5630452,25.0309852 ]
    },
    "properties": {
    "id":"SC14",
    "city":"台北市",
    "type":"學校",
    "name":"信義國小",
    "dist":"信義區",
    "loc":"臺北市信義區松勤街60號",
    "FIELD9":"",
    "FIELD10":null,
    "FIELD11":null
    }
  },
  {
    "type": "Feature",
    "geometry": {
       "type": "Point",
       "coordinates":  [ 121.5678611,25.025376 ]
    },
    "properties": {
    "id":"SC15",
    "city":"台北市",
    "type":"學校",
    "name":"吳興國小",
    "dist":"信義區",
    "loc":"臺北市信義區松仁路226號",
    "FIELD9":"",
    "FIELD10":null,
    "FIELD11":null
    }
  },
  {
    "type": "Feature",
    "geometry": {
       "type": "Point",
       "coordinates":  [ 121.5867937,25.0385822 ]
    },
    "properties": {
    "id":"SC16",
    "city":"台北市",
    "type":"學校",
    "name":"福德國小",
    "dist":"信義區",
    "loc":"臺北市信義區中行里褔德街253號",
    "FIELD9":"",
    "FIELD10":null,
    "FIELD11":null
    }
  },
  {
    "type": "Feature",
    "geometry": {
       "type": "Point",
       "coordinates":  [ 121.5792757,25.0432368 ]
    },
    "properties": {
    "id":"SC17",
    "city":"台北市",
    "type":"學校",
    "name":"雙永國小",
    "dist":"信義區",
    "loc":"臺北市信義區松山路287巷5號",
    "FIELD9":"",
    "FIELD10":null,
    "FIELD11":null
    }
  },
  {
    "type": "Feature",
    "geometry": {
       "type": "Point",
       "coordinates":  [ 121.5681958,25.0394125 ]
    },
    "properties": {
    "id":"SC18",
    "city":"台北市",
    "type":"學校",
    "name":"博愛國小",
    "dist":"信義區",
    "loc":"臺北市信義區松仁路22鄰95巷20號",
    "FIELD9":"",
    "FIELD10":null,
    "FIELD11":null
    }
  },
  {
    "type": "Feature",
    "geometry": {
       "type": "Point",
       "coordinates":  [ 121.5348601,25.0238773 ]
    },
    "properties": {
    "id":"SC19",
    "city":"台北市",
    "type":"學校",
    "name":"龍安國小",
    "dist":"大安區",
    "loc":"臺北市大安區龍門里新生南路3段33號",
    "FIELD9":"",
    "FIELD10":null,
    "FIELD11":null
    }
  },
  {
    "type": "Feature",
    "geometry": {
       "type": "Point",
       "coordinates":  [ 121.5500235,25.0199616 ]
    },
    "properties": {
    "id":"SC20",
    "city":"台北市",
    "type":"學校",
    "name":"大安國小",
    "dist":"大安區",
    "loc":"臺北市大安區芳和里臥龍街129號",
    "FIELD9":"",
    "FIELD10":null,
    "FIELD11":null
    }
  },
  {
    "type": "Feature",
    "geometry": {
       "type": "Point",
       "coordinates":  [ 121.534971,25.0374 ]
    },
    "properties": {
    "id":"SC21",
    "city":"台北市",
    "type":"學校",
    "name":"幸安國小",
    "dist":"大安區",
    "loc":"臺北市大安區民炤里仁愛路3段22號",
    "FIELD9":"",
    "FIELD10":null,
    "FIELD11":null
    }
  },
  {
    "type": "Feature",
    "geometry": {
       "type": "Point",
       "coordinates":  [ 121.5473476,25.0293768 ]
    },
    "properties": {
    "id":"SC22",
    "city":"台北市",
    "type":"學校",
    "name":"建安國小",
    "dist":"大安區",
    "loc":"臺北市大安區龍雲里大安路2段99號",
    "FIELD9":"",
    "FIELD10":null,
    "FIELD11":null
    }
  },
  {
    "type": "Feature",
    "geometry": {
       "type": "Point",
       "coordinates":  [ 121.5117427,24.9932593 ]
    },
    "properties": {
    "id":"SC23",
    "city":"台北市",
    "type":"學校",
    "name":"仁愛國小",
    "dist":"大安區",
    "loc":"臺北市大安區敦安里安和路1段60號",
    "FIELD9":"",
    "FIELD10":null,
    "FIELD11":null
    }
  },
  {
    "type": "Feature",
    "geometry": {
       "type": "Point",
       "coordinates":  [ 121.5282124,25.0321592 ]
    },
    "properties": {
    "id":"SC24",
    "city":"台北市",
    "type":"學校",
    "name":"金華國小",
    "dist":"大安區",
    "loc":"臺北市大安區永康里愛國東路79巷11號",
    "FIELD9":"",
    "FIELD10":null,
    "FIELD11":null
    }
  },
  {
    "type": "Feature",
    "geometry": {
       "type": "Point",
       "coordinates":  [ 121.5293284,25.0211825 ]
    },
    "properties": {
    "id":"SC25",
    "city":"台北市",
    "type":"學校",
    "name":"古亭國小",
    "dist":"大安區",
    "loc":"臺北市大安區古風里羅斯福路3段201號",
    "FIELD9":"",
    "FIELD10":null,
    "FIELD11":null
    }
  },
  {
    "type": "Feature",
    "geometry": {
       "type": "Point",
       "coordinates":  [ 121.5356248,25.0140644 ]
    },
    "properties": {
    "id":"SC26",
    "city":"台北市",
    "type":"學校",
    "name":"銘傳國小",
    "dist":"大安區",
    "loc":"臺北市大安區農場里羅斯褔路四段21號",
    "FIELD9":"",
    "FIELD10":null,
    "FIELD11":null
    }
  },
  {
    "type": "Feature",
    "geometry": {
       "type": "Point",
       "coordinates":  [ 121.5430661,25.011818 ]
    },
    "properties": {
    "id":"SC27",
    "city":"台北市",
    "type":"學校",
    "name":"公館國小",
    "dist":"大安區",
    "loc":"臺北市大安區基隆路4段41巷68弄2號",
    "FIELD9":"",
    "FIELD10":null,
    "FIELD11":null
    }
  },
  {
    "type": "Feature",
    "geometry": {
       "type": "Point",
       "coordinates":  [ 121.5331368,25.0297328 ]
    },
    "properties": {
    "id":"SC28",
    "city":"台北市",
    "type":"學校",
    "name":"新生國小",
    "dist":"大安區",
    "loc":"臺北市大安區新生南路二段36號",
    "FIELD9":"",
    "FIELD10":null,
    "FIELD11":null
    }
  },
  {
    "type": "Feature",
    "geometry": {
       "type": "Point",
       "coordinates":  [ 121.5456374,25.0214581 ]
    },
    "properties": {
    "id":"SC29",
    "city":"台北市",
    "type":"學校",
    "name":"和平實小",
    "dist":"大安區",
    "loc":"臺北市大安區敦南街76巷28號",
    "FIELD9":"",
    "FIELD10":null,
    "FIELD11":null
    }
  },
  {
    "type": "Feature",
    "geometry": {
       "type": "Point",
       "coordinates":  [ 121.5230813,25.0631262 ]
    },
    "properties": {
    "id":"SC30",
    "city":"台北市",
    "type":"學校",
    "name":"中山國小",
    "dist":"中山區",
    "loc":"臺北市中山區恆安里民權東路1段69號",
    "FIELD9":"",
    "FIELD10":null,
    "FIELD11":null
    }
  },
  {
    "type": "Feature",
    "geometry": {
       "type": "Point",
       "coordinates":  [ 121.5393196,25.050661 ]
    },
    "properties": {
    "id":"SC31",
    "city":"台北市",
    "type":"學校",
    "name":"中正國小",
    "dist":"中山區",
    "loc":"臺北市中山區力行里龍江路62號",
    "FIELD9":"",
    "FIELD10":null,
    "FIELD11":null
    }
  },
  {
    "type": "Feature",
    "geometry": {
       "type": "Point",
       "coordinates":  [ 121.5301942,25.0498254 ]
    },
    "properties": {
    "id":"SC32",
    "city":"台北市",
    "type":"學校",
    "name":"長安國小",
    "dist":"中山區",
    "loc":"臺北市中山區興亞里吉林路15號",
    "FIELD9":"",
    "FIELD10":null,
    "FIELD11":null
    }
  },
  {
    "type": "Feature",
    "geometry": {
       "type": "Point",
       "coordinates":  [ 121.5338335,25.0558895 ]
    },
    "properties": {
    "id":"SC33",
    "city":"台北市",
    "type":"學校",
    "name":"長春國小",
    "dist":"中山區",
    "loc":"臺北市中山區中央里長春路165號",
    "FIELD9":"",
    "FIELD10":null,
    "FIELD11":null
    }
  },
  {
    "type": "Feature",
    "geometry": {
       "type": "Point",
       "coordinates":  [ 121.5459085,25.0803376 ]
    },
    "properties": {
    "id":"SC34",
    "city":"台北市",
    "type":"學校",
    "name":"大直國小",
    "dist":"中山區",
    "loc":"臺北市中山區大直里大直街2號",
    "FIELD9":"",
    "FIELD10":null,
    "FIELD11":null
    }
  },
  {
    "type": "Feature",
    "geometry": {
       "type": "Point",
       "coordinates":  [ 121.5361083,25.0736295 ]
    },
    "properties": {
    "id":"SC35",
    "city":"台北市",
    "type":"學校",
    "name":"大佳國小",
    "dist":"中山區",
    "loc":"臺北市中山區大佳里6鄰濱江街107號",
    "FIELD9":"",
    "FIELD10":null,
    "FIELD11":null
    }
  },
  {
    "type": "Feature",
    "geometry": {
       "type": "Point",
       "coordinates":  [ 121.5418173,25.0639968 ]
    },
    "properties": {
    "id":"SC36",
    "city":"台北市",
    "type":"學校",
    "name":"五常國小",
    "dist":"中山區",
    "loc":"臺北市中山區下埤里五常街16號",
    "FIELD9":"",
    "FIELD10":null,
    "FIELD11":null
    }
  },
  {
    "type": "Feature",
    "geometry": {
       "type": "Point",
       "coordinates":  [ 121.5293284,25.0540074 ]
    },
    "properties": {
    "id":"SC37",
    "city":"台北市",
    "type":"學校",
    "name":"吉林國小",
    "dist":"中山區",
    "loc":"臺北市中山區中原里長春路116號",
    "FIELD9":"",
    "FIELD10":null,
    "FIELD11":null
    }
  },
  {
    "type": "Feature",
    "geometry": {
       "type": "Point",
       "coordinates":  [ 121.541703,25.0452694 ]
    },
    "properties": {
    "id":"SC38",
    "city":"台北市",
    "type":"學校",
    "name":"懷生國小",
    "dist":"中山區",
    "loc":"臺北市中山區埤頭里安東街16巷2號",
    "FIELD9":"",
    "FIELD10":null,
    "FIELD11":null
    }
  },
  {
    "type": "Feature",
    "geometry": {
       "type": "Point",
       "coordinates":  [ 121.5497294,25.0793298 ]
    },
    "properties": {
    "id":"SC39",
    "city":"台北市",
    "type":"學校",
    "name":"永安國小",
    "dist":"中山區",
    "loc":"臺北市中山區明水路397巷19弄1號",
    "FIELD9":"",
    "FIELD10":null,
    "FIELD11":null
    }
  },
  {
    "type": "Feature",
    "geometry": {
       "type": "Point",
       "coordinates":  [ 121.5609048,25.0778959 ]
    },
    "properties": {
    "id":"SC40",
    "city":"台北市",
    "type":"學校",
    "name":"濱江國小",
    "dist":"中山區",
    "loc":"臺北市中山區樂群二路266巷99號",
    "FIELD9":"",
    "FIELD10":null,
    "FIELD11":null
    }
  },
  {
    "type": "Feature",
    "geometry": {
       "type": "Point",
       "coordinates":  [ 121.5146969,25.0256168 ]
    },
    "properties": {
    "id":"SC41",
    "city":"台北市",
    "type":"學校",
    "name":"螢橋國小",
    "dist":"中正區",
    "loc":"臺北市中正區螢雪里詔安街29號",
    "FIELD9":"",
    "FIELD10":null,
    "FIELD11":null
    }
  },
  {
    "type": "Feature",
    "geometry": {
       "type": "Point",
       "coordinates":  [ 121.5223468,25.0230963 ]
    },
    "properties": {
    "id":"SC42",
    "city":"台北市",
    "type":"學校",
    "name":"河堤國小",
    "dist":"中正區",
    "loc":"臺北市中正區汀州路二段180號",
    "FIELD9":"",
    "FIELD10":null,
    "FIELD11":null
    }
  },
  {
    "type": "Feature",
    "geometry": {
       "type": "Point",
       "coordinates":  [ 121.5059973,25.0296924 ]
    },
    "properties": {
    "id":"SC43",
    "city":"台北市",
    "type":"學校",
    "name":"忠義實小",
    "dist":"中正區",
    "loc":"臺北市中正區中華路二段307巷17號",
    "FIELD9":"",
    "FIELD10":null,
    "FIELD11":null
    }
  },
  {
    "type": "Feature",
    "geometry": {
       "type": "Point",
       "coordinates":  [ 121.5105605,25.0307616 ]
    },
    "properties": {
    "id":"SC44",
    "city":"台北市",
    "type":"學校",
    "name":"國語實小",
    "dist":"中正區",
    "loc":"臺北市中正區龍光里南海路58號",
    "FIELD9":"",
    "FIELD10":null,
    "FIELD11":null
    }
  },
  {
    "type": "Feature",
    "geometry": {
       "type": "Point",
       "coordinates":  [ 121.5091181,25.0351795 ]
    },
    "properties": {
    "id":"SC45",
    "city":"台北市",
    "type":"學校",
    "name":"南門國小",
    "dist":"中正區",
    "loc":"臺北市中正區南門里廣州街6號",
    "FIELD9":"",
    "FIELD10":null,
    "FIELD11":null
    }
  },
  {
    "type": "Feature",
    "geometry": {
       "type": "Point",
       "coordinates":  [ 121.5217978,25.038556 ]
    },
    "properties": {
    "id":"SC46",
    "city":"台北市",
    "type":"學校",
    "name":"東門國小",
    "dist":"中正區",
    "loc":"臺北市中正區東門里仁愛路一段2-4號",
    "FIELD9":"",
    "FIELD10":null,
    "FIELD11":null
    }
  },
  {
    "type": "Feature",
    "geometry": {
       "type": "Point",
       "coordinates":  [ 121.5268527,25.043762 ]
    },
    "properties": {
    "id":"SC47",
    "city":"台北市",
    "type":"學校",
    "name":"忠孝國小",
    "dist":"中正區",
    "loc":"臺北市中正區梅花里忠孝東路2段101號",
    "FIELD9":"",
    "FIELD10":null,
    "FIELD11":null
    }
  },
  {
    "type": "Feature",
    "geometry": {
       "type": "Point",
       "coordinates":  [ 121.5155331,25.0361928 ]
    },
    "properties": {
    "id":"SC48",
    "city":"台北市",
    "type":"學校",
    "name":"市大附小",
    "dist":"中正區",
    "loc":"臺北市中正區黎明里公園路29號",
    "FIELD9":"",
    "FIELD10":null,
    "FIELD11":null
    }
  },
  {
    "type": "Feature",
    "geometry": {
       "type": "Point",
       "coordinates":  [ 121.5161244,25.0564513 ]
    },
    "properties": {
    "id":"SC49",
    "city":"台北市",
    "type":"學校",
    "name":"蓬萊國小",
    "dist":"大同區",
    "loc":"臺北市大同區星明里寧夏路35號",
    "FIELD9":"",
    "FIELD10":null,
    "FIELD11":null
    }
  },
  {
    "type": "Feature",
    "geometry": {
       "type": "Point",
       "coordinates":  [ 121.5164819,25.0544026 ]
    },
    "properties": {
    "id":"SC50",
    "city":"台北市",
    "type":"學校",
    "name":"日新國小",
    "dist":"大同區",
    "loc":"臺北市大同區星明里太原路151號",
    "FIELD9":"",
    "FIELD10":null,
    "FIELD11":null
    }
  },
  {
    "type": "Feature",
    "geometry": {
       "type": "Point",
       "coordinates":  [ 121.512377,25.0614777 ]
    },
    "properties": {
    "id":"SC51",
    "city":"台北市",
    "type":"學校",
    "name":"太平國小",
    "dist":"大同區",
    "loc":"臺北市大同區南芳里延平北路2段239號",
    "FIELD9":"",
    "FIELD10":null,
    "FIELD11":null
    }
  },
  {
    "type": "Feature",
    "geometry": {
       "type": "Point",
       "coordinates":  [ 121.5105565,25.0610915 ]
    },
    "properties": {
    "id":"SC52",
    "city":"台北市",
    "type":"學校",
    "name":"永樂國小",
    "dist":"大同區",
    "loc":"臺北市大同區南芳里延平北路2段266號",
    "FIELD9":"",
    "FIELD10":null,
    "FIELD11":null
    }
  },
  {
    "type": "Feature",
    "geometry": {
       "type": "Point",
       "coordinates":  [ 121.5166597,25.0611333 ]
    },
    "properties": {
    "id":"SC53",
    "city":"台北市",
    "type":"學校",
    "name":"雙蓮國小",
    "dist":"大同區",
    "loc":"臺北市大同區民權里錦西街51號",
    "FIELD9":"",
    "FIELD10":null,
    "FIELD11":null
    }
  },
  {
    "type": "Feature",
    "geometry": {
       "type": "Point",
       "coordinates":  [ 121.5161751,25.064894 ]
    },
    "properties": {
    "id":"SC54",
    "city":"台北市",
    "type":"學校",
    "name":"大同國小",
    "dist":"大同區",
    "loc":"臺北市大同區蓬萊里大龍街51號",
    "FIELD9":"",
    "FIELD10":null,
    "FIELD11":null
    }
  },
  {
    "type": "Feature",
    "geometry": {
       "type": "Point",
       "coordinates":  [ 121.5164813,25.0739409 ]
    },
    "properties": {
    "id":"SC55",
    "city":"台北市",
    "type":"學校",
    "name":"大龍國小",
    "dist":"大同區",
    "loc":"臺北市大同區保安里哈密街47號",
    "FIELD9":"",
    "FIELD10":null,
    "FIELD11":null
    }
  },
  {
    "type": "Feature",
    "geometry": {
       "type": "Point",
       "coordinates":  [ 121.5122555,25.066562 ]
    },
    "properties": {
    "id":"SC56",
    "city":"台北市",
    "type":"學校",
    "name":"延平國小",
    "dist":"大同區",
    "loc":"臺北市大同區昌吉街97號",
    "FIELD9":"",
    "FIELD10":null,
    "FIELD11":null
    }
  },
  {
    "type": "Feature",
    "geometry": {
       "type": "Point",
       "coordinates":  [ 121.5127785,25.0634649 ]
    },
    "properties": {
    "id":"SC57",
    "city":"台北市",
    "type":"學校",
    "name":"大橋國小",
    "dist":"大同區",
    "loc":"臺北市大同區隆和里重慶北路3段2號",
    "FIELD9":"",
    "FIELD10":null,
    "FIELD11":null
    }
  },
  {
    "type": "Feature",
    "geometry": {
       "type": "Point",
       "coordinates":  [ 121.5026274,25.0264104 ]
    },
    "properties": {
    "id":"SC58",
    "city":"台北市",
    "type":"學校",
    "name":"新和國小",
    "dist":"萬華區",
    "loc":"臺北市萬華區西藏路125巷31號",
    "FIELD9":"",
    "FIELD10":null,
    "FIELD11":null
    }
  },
  {
    "type": "Feature",
    "geometry": {
       "type": "Point",
       "coordinates":  [ 121.4985878,25.0308183 ]
    },
    "properties": {
    "id":"SC59",
    "city":"台北市",
    "type":"學校",
    "name":"雙園國小",
    "dist":"萬華區",
    "loc":"臺北市萬華區雙園里莒光路315號",
    "FIELD9":"",
    "FIELD10":null,
    "FIELD11":null
    }
  },
  {
    "type": "Feature",
    "geometry": {
       "type": "Point",
       "coordinates":  [ 121.4978422,25.0232424 ]
    },
    "properties": {
    "id":"SC60",
    "city":"台北市",
    "type":"學校",
    "name":"東園國小",
    "dist":"萬華區",
    "loc":"臺北市萬華區全德里東園街195號",
    "FIELD9":"",
    "FIELD10":null,
    "FIELD11":null
    }
  },
  {
    "type": "Feature",
    "geometry": {
       "type": "Point",
       "coordinates":  [ 121.493103,25.0315194 ]
    },
    "properties": {
    "id":"SC61",
    "city":"台北市",
    "type":"學校",
    "name":"大理國小",
    "dist":"萬華區",
    "loc":"臺北市萬華區綠堤里艋舺大道389號",
    "FIELD9":"",
    "FIELD10":null,
    "FIELD11":null
    }
  },
  {
    "type": "Feature",
    "geometry": {
       "type": "Point",
       "coordinates":  [ 121.4989116,25.0268778 ]
    },
    "properties": {
    "id":"SC62",
    "city":"台北市",
    "type":"學校",
    "name":"西園國小",
    "dist":"萬華區",
    "loc":"臺北市萬華區日善里東園街73巷65號",
    "FIELD9":"",
    "FIELD10":null,
    "FIELD11":null
    }
  },
  {
    "type": "Feature",
    "geometry": {
       "type": "Point",
       "coordinates":  [ 121.4989208,25.0239266 ]
    },
    "properties": {
    "id":"SC63",
    "city":"台北市",
    "type":"學校",
    "name":"萬大國小",
    "dist":"萬華區",
    "loc":"臺北市萬華區全德里萬大路346號",
    "FIELD9":"",
    "FIELD10":null,
    "FIELD11":null
    }
  },
  {
    "type": "Feature",
    "geometry": {
       "type": "Point",
       "coordinates":  [ 121.4914457,25.0341221 ]
    },
    "properties": {
    "id":"SC64",
    "city":"台北市",
    "type":"學校",
    "name":"華江國小",
    "dist":"萬華區",
    "loc":"臺北市萬華區環河南路2段250巷42弄2號",
    "FIELD9":"",
    "FIELD10":null,
    "FIELD11":null
    }
  },
  {
    "type": "Feature",
    "geometry": {
       "type": "Point",
       "coordinates":  [ 121.503981,25.0425653 ]
    },
    "properties": {
    "id":"SC65",
    "city":"台北市",
    "type":"學校",
    "name":"西門國小",
    "dist":"萬華區",
    "loc":"臺北市萬華區西門里成都路98號",
    "FIELD9":"",
    "FIELD10":null,
    "FIELD11":null
    }
  },
  {
    "type": "Feature",
    "geometry": {
       "type": "Point",
       "coordinates":  [ 121.502562,25.0377541 ]
    },
    "properties": {
    "id":"SC66",
    "city":"台北市",
    "type":"學校",
    "name":"老松國小",
    "dist":"萬華區",
    "loc":"臺北市萬華區福音里桂林路64號",
    "FIELD9":"",
    "FIELD10":null,
    "FIELD11":null
    }
  },
  {
    "type": "Feature",
    "geometry": {
       "type": "Point",
       "coordinates":  [ 121.4958359,25.0356553 ]
    },
    "properties": {
    "id":"SC67",
    "city":"台北市",
    "type":"學校",
    "name":"龍山國小",
    "dist":"萬華區",
    "loc":"臺北市萬華區青山里和平西路三段235號",
    "FIELD9":"",
    "FIELD10":null,
    "FIELD11":null
    }
  },
  {
    "type": "Feature",
    "geometry": {
       "type": "Point",
       "coordinates":  [ 121.5086742,25.0469706 ]
    },
    "properties": {
    "id":"SC68",
    "city":"台北市",
    "type":"學校",
    "name":"福星國小",
    "dist":"萬華區",
    "loc":"臺北市萬華區福星里中華路一段66號",
    "FIELD9":"",
    "FIELD10":null,
    "FIELD11":null
    }
  },
  {
    "type": "Feature",
    "geometry": {
       "type": "Point",
       "coordinates":  [ 121.5402117,24.9892798 ]
    },
    "properties": {
    "id":"SC69",
    "city":"台北市",
    "type":"學校",
    "name":"景美國小",
    "dist":"文山區",
    "loc":"臺北市文山區景行里景文街108號",
    "FIELD9":"",
    "FIELD10":null,
    "FIELD11":null
    }
  },
  {
    "type": "Feature",
    "geometry": {
       "type": "Point",
       "coordinates":  [ 121.5407835,25.0032637 ]
    },
    "properties": {
    "id":"SC70",
    "city":"台北市",
    "type":"學校",
    "name":"武功國小",
    "dist":"文山區",
    "loc":"臺北市文山區萬祥里興隆路1段68號",
    "FIELD9":"",
    "FIELD10":null,
    "FIELD11":null
    }
  },
  {
    "type": "Feature",
    "geometry": {
       "type": "Point",
       "coordinates":  [ 121.5507474,25.0017376 ]
    },
    "properties": {
    "id":"SC71",
    "city":"台北市",
    "type":"學校",
    "name":"興德國小",
    "dist":"文山區",
    "loc":"臺北市文山區興邦里興隆路2段235號",
    "FIELD9":"",
    "FIELD10":null,
    "FIELD11":null
    }
  },
  {
    "type": "Feature",
    "geometry": {
       "type": "Point",
       "coordinates":  [ 121.5389628,24.9943811 ]
    },
    "properties": {
    "id":"SC72",
    "city":"台北市",
    "type":"學校",
    "name":"溪口國小",
    "dist":"文山區",
    "loc":"臺北市文山區景慶里景福街225號",
    "FIELD9":"",
    "FIELD10":null,
    "FIELD11":null
    }
  },
  {
    "type": "Feature",
    "geometry": {
       "type": "Point",
       "coordinates":  [ 121.552211,25.0020296 ]
    },
    "properties": {
    "id":"SC73",
    "city":"台北市",
    "type":"學校",
    "name":"興隆國小",
    "dist":"文山區",
    "loc":"臺北市文山區興望里福興路2號",
    "FIELD9":"",
    "FIELD10":null,
    "FIELD11":null
    }
  },
  {
    "type": "Feature",
    "geometry": {
       "type": "Point",
       "coordinates":  [ 121.538972,24.9985731 ]
    },
    "properties": {
    "id":"SC74",
    "city":"台北市",
    "type":"學校",
    "name":"志清國小",
    "dist":"文山區",
    "loc":"臺北市文山區景仁里景福街21巷5號",
    "FIELD9":"",
    "FIELD10":null,
    "FIELD11":null
    }
  },
  {
    "type": "Feature",
    "geometry": {
       "type": "Point",
       "coordinates":  [ 121.5488258,24.9962095 ]
    },
    "properties": {
    "id":"SC75",
    "city":"台北市",
    "type":"學校",
    "name":"景興國小",
    "dist":"文山區",
    "loc":"臺北市文山區興安里景華街150巷21號",
    "FIELD9":"",
    "FIELD10":null,
    "FIELD11":null
    }
  },
  {
    "type": "Feature",
    "geometry": {
       "type": "Point",
       "coordinates":  [ 121.5639589,24.990564 ]
    },
    "properties": {
    "id":"SC76",
    "city":"台北市",
    "type":"學校",
    "name":"木柵國小",
    "dist":"文山區",
    "loc":"臺北市文山區木柵里木柵路3段191號",
    "FIELD9":"",
    "FIELD10":null,
    "FIELD11":null
    }
  },
  {
    "type": "Feature",
    "geometry": {
       "type": "Point",
       "coordinates":  [ 121.5558579,24.9893214 ]
    },
    "properties": {
    "id":"SC77",
    "city":"台北市",
    "type":"學校",
    "name":"永建國小",
    "dist":"文山區",
    "loc":"臺北市文山區木柵路一段311巷1號",
    "FIELD9":"",
    "FIELD10":null,
    "FIELD11":null
    }
  },
  {
    "type": "Feature",
    "geometry": {
       "type": "Point",
       "coordinates":  [ 121.5581369,24.9840475 ]
    },
    "properties": {
    "id":"SC78",
    "city":"台北市",
    "type":"學校",
    "name":"實踐國小",
    "dist":"文山區",
    "loc":"臺北市文山區樟文里忠順街1段4號",
    "FIELD9":"",
    "FIELD10":null,
    "FIELD11":null
    }
  },
  {
    "type": "Feature",
    "geometry": {
       "type": "Point",
       "coordinates":  [ 121.5751765,25.0004713 ]
    },
    "properties": {
    "id":"SC79",
    "city":"台北市",
    "type":"學校",
    "name":"博嘉實小",
    "dist":"文山區",
    "loc":"臺北市文山區木柵路4段159巷14號之1",
    "FIELD9":"",
    "FIELD10":null,
    "FIELD11":null
    }
  },
  {
    "type": "Feature",
    "geometry": {
       "type": "Point",
       "coordinates":  [ 121.5840018,24.9762466 ]
    },
    "properties": {
    "id":"SC80",
    "city":"台北市",
    "type":"學校",
    "name":"指南實小",
    "dist":"文山區",
    "loc":"臺北市文山區指南路三段38巷5-2號",
    "FIELD9":"",
    "FIELD10":null,
    "FIELD11":null
    }
  },
  {
    "type": "Feature",
    "geometry": {
       "type": "Point",
       "coordinates":  [ 121.5636472,24.9877275 ]
    },
    "properties": {
    "id":"SC81",
    "city":"台北市",
    "type":"學校",
    "name":"明道國小",
    "dist":"文山區",
    "loc":"臺北市文山區明興里木柵路2段138巷61號",
    "FIELD9":"",
    "FIELD10":null,
    "FIELD11":null
    }
  },
  {
    "type": "Feature",
    "geometry": {
       "type": "Point",
       "coordinates":  [ 121.567326,25.000806 ]
    },
    "properties": {
    "id":"SC82",
    "city":"台北市",
    "type":"學校",
    "name":"萬芳國小",
    "dist":"文山區",
    "loc":"臺北市文山區萬芳里萬和街1號",
    "FIELD9":"",
    "FIELD10":null,
    "FIELD11":null
    }
  },
  {
    "type": "Feature",
    "geometry": {
       "type": "Point",
       "coordinates":  [ 121.5610889,24.9809338 ]
    },
    "properties": {
    "id":"SC83",
    "city":"台北市",
    "type":"學校",
    "name":"力行國小",
    "dist":"文山區",
    "loc":"臺北市文山區樟腳里木新路3段155巷7號",
    "FIELD9":"",
    "FIELD10":null,
    "FIELD11":null
    }
  },
  {
    "type": "Feature",
    "geometry": {
       "type": "Point",
       "coordinates":  [ 121.5763174,24.9899038 ]
    },
    "properties": {
    "id":"SC84",
    "city":"台北市",
    "type":"學校",
    "name":"萬興國小",
    "dist":"文山區",
    "loc":"臺北市文山區萬興里秀明路2段114號",
    "FIELD9":"",
    "FIELD10":null,
    "FIELD11":null
    }
  },
  {
    "type": "Feature",
    "geometry": {
       "type": "Point",
       "coordinates":  [ 121.5592917,24.9999602 ]
    },
    "properties": {
    "id":"SC85",
    "city":"台北市",
    "type":"學校",
    "name":"興華國小",
    "dist":"文山區",
    "loc":"臺北市文山區興光里興隆路3段125巷6號",
    "FIELD9":"",
    "FIELD10":null,
    "FIELD11":null
    }
  },
  {
    "type": "Feature",
    "geometry": {
       "type": "Point",
       "coordinates":  [ 121.5591366,25.0064315 ]
    },
    "properties": {
    "id":"SC86",
    "city":"台北市",
    "type":"學校",
    "name":"辛亥國小",
    "dist":"文山區",
    "loc":"臺北市文山區興昌里辛亥路4段103號",
    "FIELD9":"",
    "FIELD10":null,
    "FIELD11":null
    }
  },
  {
    "type": "Feature",
    "geometry": {
       "type": "Point",
       "coordinates":  [ 121.5618619,24.982055 ]
    },
    "properties": {
    "id":"SC87",
    "city":"台北市",
    "type":"學校",
    "name":"萬福國小",
    "dist":"文山區",
    "loc":"臺北市文山區羅斯福5段170巷32號",
    "FIELD9":"",
    "FIELD10":null,
    "FIELD11":null
    }
  },
  {
    "type": "Feature",
    "geometry": {
       "type": "Point",
       "coordinates":  [ 121.6108383,25.0574964 ]
    },
    "properties": {
    "id":"SC88",
    "city":"台北市",
    "type":"學校",
    "name":"南港國小",
    "dist":"南港區",
    "loc":"臺北市南港區惠民街67號",
    "FIELD9":"",
    "FIELD10":null,
    "FIELD11":null
    }
  },
  {
    "type": "Feature",
    "geometry": {
       "type": "Point",
       "coordinates":  [ 121.6368663,25.0278254 ]
    },
    "properties": {
    "id":"SC89",
    "city":"台北市",
    "type":"學校",
    "name":"舊莊國小",
    "dist":"南港區",
    "loc":"臺北市南港區舊莊里舊莊街1段100號",
    "FIELD9":"",
    "FIELD10":null,
    "FIELD11":null
    }
  },
  {
    "type": "Feature",
    "geometry": {
       "type": "Point",
       "coordinates":  [ 121.5935424,25.0537916 ]
    },
    "properties": {
    "id":"SC90",
    "city":"台北市",
    "type":"學校",
    "name":"玉成國小",
    "dist":"南港區",
    "loc":"臺北市南港區西新里向陽路31號",
    "FIELD9":"",
    "FIELD10":null,
    "FIELD11":null
    }
  },
  {
    "type": "Feature",
    "geometry": {
       "type": "Point",
       "coordinates":  [ 121.5871226,25.0473523 ]
    },
    "properties": {
    "id":"SC91",
    "city":"台北市",
    "type":"學校",
    "name":"成德國小",
    "dist":"南港區",
    "loc":"臺北市南港區聯成里東新街65號",
    "FIELD9":"",
    "FIELD10":null,
    "FIELD11":null
    }
  },
  {
    "type": "Feature",
    "geometry": {
       "type": "Point",
       "coordinates":  [ 121.6126212,25.0428272 ]
    },
    "properties": {
    "id":"SC92",
    "city":"台北市",
    "type":"學校",
    "name":"胡適國小",
    "dist":"南港區",
    "loc":"臺北市南港區中研里舊莊街1段1號",
    "FIELD9":"",
    "FIELD10":null,
    "FIELD11":null
    }
  },
  {
    "type": "Feature",
    "geometry": {
       "type": "Point",
       "coordinates":  [ 121.6028147,25.0559114 ]
    },
    "properties": {
    "id":"SC93",
    "city":"台北市",
    "type":"學校",
    "name":"東新國小",
    "dist":"南港區",
    "loc":"臺北市南港區東新里興南街62號",
    "FIELD9":"",
    "FIELD10":null,
    "FIELD11":null
    }
  },
  {
    "type": "Feature",
    "geometry": {
       "type": "Point",
       "coordinates":  [ 121.5896442,25.0449983 ]
    },
    "properties": {
    "id":"SC94",
    "city":"台北市",
    "type":"學校",
    "name":"修德國小",
    "dist":"南港區",
    "loc":"臺北市南港區東新街118巷86號",
    "FIELD9":"",
    "FIELD10":null,
    "FIELD11":null
    }
  },
  {
    "type": "Feature",
    "geometry": {
       "type": "Point",
       "coordinates":  [ 121.5811422,25.0801178 ]
    },
    "properties": {
    "id":"SC95",
    "city":"台北市",
    "type":"學校",
    "name":"內湖國小",
    "dist":"內湖區",
    "loc":"臺北市內湖區港富里內湖路二段41號",
    "FIELD9":"",
    "FIELD10":null,
    "FIELD11":null
    }
  },
  {
    "type": "Feature",
    "geometry": {
       "type": "Point",
       "coordinates":  [ 121.5914025,25.0841216 ]
    },
    "properties": {
    "id":"SC96",
    "city":"台北市",
    "type":"學校",
    "name":"碧湖國小",
    "dist":"內湖區",
    "loc":"臺北市內湖區內湖里金龍路100號",
    "FIELD9":"",
    "FIELD10":null,
    "FIELD11":null
    }
  },
  {
    "type": "Feature",
    "geometry": {
       "type": "Point",
       "coordinates":  [ 121.5809799,25.0581766 ]
    },
    "properties": {
    "id":"SC97",
    "city":"台北市",
    "type":"學校",
    "name":"潭美國小",
    "dist":"內湖區",
    "loc":"臺北市內湖區行善路179號",
    "FIELD9":"",
    "FIELD10":null,
    "FIELD11":null
    }
  },
  {
    "type": "Feature",
    "geometry": {
       "type": "Point",
       "coordinates":  [ 121.6160087,25.0690317 ]
    },
    "properties": {
    "id":"SC98",
    "city":"台北市",
    "type":"學校",
    "name":"東湖國小",
    "dist":"內湖區",
    "loc":"臺北市內湖區東湖里東湖路115號",
    "FIELD9":"",
    "FIELD10":null,
    "FIELD11":null
    }
  },
  {
    "type": "Feature",
    "geometry": {
       "type": "Point",
       "coordinates":  [ 121.5657043,25.0826143 ]
    },
    "properties": {
    "id":"SC99",
    "city":"台北市",
    "type":"學校",
    "name":"西湖國小",
    "dist":"內湖區",
    "loc":"臺北市內湖區西湖里環山路1段25號",
    "FIELD9":"",
    "FIELD10":null,
    "FIELD11":null
    }
  },
  {
    "type": "Feature",
    "geometry": {
       "type": "Point",
       "coordinates":  [ 121.5942557,25.0804655 ]
    },
    "properties": {
    "id":"SC100",
    "city":"台北市",
    "type":"學校",
    "name":"康寧國小",
    "dist":"內湖區",
    "loc":"臺北市內湖區清白里星雲街121號",
    "FIELD9":"",
    "FIELD10":null,
    "FIELD11":null
    }
  },
  {
    "type": "Feature",
    "geometry": {
       "type": "Point",
       "coordinates":  [ 121.6112118,25.0708855 ]
    },
    "properties": {
    "id":"SC101",
    "city":"台北市",
    "type":"學校",
    "name":"明湖國小",
    "dist":"內湖區",
    "loc":"臺北市內湖區東湖里康寧路3段105號",
    "FIELD9":"",
    "FIELD10":null,
    "FIELD11":null
    }
  },
  {
    "type": "Feature",
    "geometry": {
       "type": "Point",
       "coordinates":  [ 121.5723297,25.083072 ]
    },
    "properties": {
    "id":"SC102",
    "city":"台北市",
    "type":"學校",
    "name":"麗山國小",
    "dist":"內湖區",
    "loc":"臺北市內湖區港都里港華街100號",
    "FIELD9":"",
    "FIELD10":null,
    "FIELD11":null
    }
  },
  {
    "type": "Feature",
    "geometry": {
       "type": "Point",
       "coordinates":  [ 121.588768,25.0682051 ]
    },
    "properties": {
    "id":"SC103",
    "city":"台北市",
    "type":"學校",
    "name":"新湖國小",
    "dist":"內湖區",
    "loc":"臺北市內湖區湖興里民權東路6段138號",
    "FIELD9":"",
    "FIELD10":null,
    "FIELD11":null
    }
  },
  {
    "type": "Feature",
    "geometry": {
       "type": "Point",
       "coordinates":  [ 121.5601164,25.0858642 ]
    },
    "properties": {
    "id":"SC104",
    "city":"台北市",
    "type":"學校",
    "name":"文湖國小",
    "dist":"內湖區",
    "loc":"臺北市內湖區西康里文湖街15號",
    "FIELD9":"",
    "FIELD10":null,
    "FIELD11":null
    }
  },
  {
    "type": "Feature",
    "geometry": {
       "type": "Point",
       "coordinates":  [ 121.6011295,25.0875537 ]
    },
    "properties": {
    "id":"SC105",
    "city":"台北市",
    "type":"學校",
    "name":"大湖國小",
    "dist":"內湖區",
    "loc":"臺北市內湖區大湖里大湖山莊街170號",
    "FIELD9":"",
    "FIELD10":null,
    "FIELD11":null
    }
  },
  {
    "type": "Feature",
    "geometry": {
       "type": "Point",
       "coordinates":  [ 121.6110166,25.0678917 ]
    },
    "properties": {
    "id":"SC106",
    "city":"台北市",
    "type":"學校",
    "name":"南湖國小",
    "dist":"內湖區",
    "loc":"臺北市內湖區葫洲里康寧路3段200號",
    "FIELD9":"",
    "FIELD10":null,
    "FIELD11":null
    }
  },
  {
    "type": "Feature",
    "geometry": {
       "type": "Point",
       "coordinates":  [ 121.6010317,25.0725694 ]
    },
    "properties": {
    "id":"SC107",
    "city":"台北市",
    "type":"學校",
    "name":"麗湖國小",
    "dist":"內湖區",
    "loc":"臺北市內湖區金湖路363巷8號",
    "FIELD9":"",
    "FIELD10":null,
    "FIELD11":null
    }
  },
  {
    "type": "Feature",
    "geometry": {
       "type": "Point",
       "coordinates":  [ 121.5245109,25.0931037 ]
    },
    "properties": {
    "id":"SC108",
    "city":"台北市",
    "type":"學校",
    "name":"士林國小",
    "dist":"士林區",
    "loc":"臺北市士林區福德里大東路165號",
    "FIELD9":"",
    "FIELD10":null,
    "FIELD11":null
    }
  },
  {
    "type": "Feature",
    "geometry": {
       "type": "Point",
       "coordinates":  [ 121.5277936,25.1123991 ]
    },
    "properties": {
    "id":"SC109",
    "city":"台北市",
    "type":"學校",
    "name":"士東國小",
    "dist":"士林區",
    "loc":"臺北市士林區蘭雅里中山北路6段392號",
    "FIELD9":"",
    "FIELD10":null,
    "FIELD11":null
    }
  },
  {
    "type": "Feature",
    "geometry": {
       "type": "Point",
       "coordinates":  [ 121.5300421,25.0979337 ]
    },
    "properties": {
    "id":"SC110",
    "city":"台北市",
    "type":"學校",
    "name":"福林國小",
    "dist":"士林區",
    "loc":"臺北市士林區福志里福志路75號",
    "FIELD9":"",
    "FIELD10":null,
    "FIELD11":null
    }
  },
  {
    "type": "Feature",
    "geometry": {
       "type": "Point",
       "coordinates":  [ 121.552521,25.1198139 ]
    },
    "properties": {
    "id":"SC111",
    "city":"台北市",
    "type":"學校",
    "name":"陽明山國小",
    "dist":"士林區",
    "loc":"臺北市士林區新安里仰德大道3段61號",
    "FIELD9":"",
    "FIELD10":null,
    "FIELD11":null
    }
  },
  {
    "type": "Feature",
    "geometry": {
       "type": "Point",
       "coordinates":  [ 121.5028742,25.0902432 ]
    },
    "properties": {
    "id":"SC112",
    "city":"台北市",
    "type":"學校",
    "name":"社子國小",
    "dist":"士林區",
    "loc":"臺北市士林區永倫里延平北路六段308號",
    "FIELD9":"",
    "FIELD10":null,
    "FIELD11":null
    }
  },
  {
    "type": "Feature",
    "geometry": {
       "type": "Point",
       "coordinates":  [ 121.5371619,25.1011448 ]
    },
    "properties": {
    "id":"SC113",
    "city":"台北市",
    "type":"學校",
    "name":"雨聲國小",
    "dist":"士林區",
    "loc":"臺北市士林區岩山里至誠路1段62巷70號",
    "FIELD9":"",
    "FIELD10":null,
    "FIELD11":null
    }
  },
  {
    "type": "Feature",
    "geometry": {
       "type": "Point",
       "coordinates":  [ 121.4825723,25.1054642 ]
    },
    "properties": {
    "id":"SC114",
    "city":"台北市",
    "type":"學校",
    "name":"富安國小",
    "dist":"士林區",
    "loc":"臺北市士林區富洲里延平北路8段135號",
    "FIELD9":"",
    "FIELD10":null,
    "FIELD11":null
    }
  },
  {
    "type": "Feature",
    "geometry": {
       "type": "Point",
       "coordinates":  [ 121.5225482,25.0794754 ]
    },
    "properties": {
    "id":"SC115",
    "city":"台北市",
    "type":"學校",
    "name":"劍潭國小",
    "dist":"士林區",
    "loc":"臺北市士林區明勝里通河街16號",
    "FIELD9":"",
    "FIELD10":null,
    "FIELD11":null
    }
  },
  {
    "type": "Feature",
    "geometry": {
       "type": "Point",
       "coordinates":  [ 121.5793649,25.1198546 ]
    },
    "properties": {
    "id":"SC116",
    "city":"台北市",
    "type":"學校",
    "name":"溪山實小",
    "dist":"士林區",
    "loc":"臺北市士林區溪山里至善路3段199號",
    "FIELD9":"",
    "FIELD10":null,
    "FIELD11":null
    }
  },
  {
    "type": "Feature",
    "geometry": {
       "type": "Point",
       "coordinates":  [ 121.5767985,25.1290649 ]
    },
    "properties": {
    "id":"SC117",
    "city":"台北市",
    "type":"學校",
    "name":"平等國小",
    "dist":"士林區",
    "loc":"臺北市士林區平等里平菁街101號",
    "FIELD9":"",
    "FIELD10":null,
    "FIELD11":null
    }
  },
  {
    "type": "Feature",
    "geometry": {
       "type": "Point",
       "coordinates":  [ 121.518801,25.0858284 ]
    },
    "properties": {
    "id":"SC118",
    "city":"台北市",
    "type":"學校",
    "name":"百齡國小",
    "dist":"士林區",
    "loc":"臺北市士林區福中里福港街205號",
    "FIELD9":"",
    "FIELD10":null,
    "FIELD11":null
    }
  },
  {
    "type": "Feature",
    "geometry": {
       "type": "Point",
       "coordinates":  [ 121.5646506,25.1063449 ]
    },
    "properties": {
    "id":"SC119",
    "city":"台北市",
    "type":"學校",
    "name":"雙溪國小",
    "dist":"士林區",
    "loc":"臺北市士林區翠山里中社路2段66號",
    "FIELD9":"",
    "FIELD10":null,
    "FIELD11":null
    }
  },
  {
    "type": "Feature",
    "geometry": {
       "type": "Point",
       "coordinates":  [ 121.5075588,25.0839988 ]
    },
    "properties": {
    "id":"SC120",
    "city":"台北市",
    "type":"學校",
    "name":"葫蘆國小",
    "dist":"士林區",
    "loc":"臺北市士林區環河北路3段95號",
    "FIELD9":"",
    "FIELD10":null,
    "FIELD11":null
    }
  },
  {
    "type": "Feature",
    "geometry": {
       "type": "Point",
       "coordinates":  [ 121.5296853,25.1049797 ]
    },
    "properties": {
    "id":"SC121",
    "city":"台北市",
    "type":"學校",
    "name":"雨農國小",
    "dist":"士林區",
    "loc":"臺北市士林區名山里忠義街1號",
    "FIELD9":"",
    "FIELD10":null,
    "FIELD11":null
    }
  },
  {
    "type": "Feature",
    "geometry": {
       "type": "Point",
       "coordinates":  [ 121.5272935,25.1199461 ]
    },
    "properties": {
    "id":"SC122",
    "city":"台北市",
    "type":"學校",
    "name":"天母國小",
    "dist":"士林區",
    "loc":"臺北市士林區天玉里天玉街12號",
    "FIELD9":"",
    "FIELD10":null,
    "FIELD11":null
    }
  },
  {
    "type": "Feature",
    "geometry": {
       "type": "Point",
       "coordinates":  [ 121.5213883,25.0995584 ]
    },
    "properties": {
    "id":"SC123",
    "city":"台北市",
    "type":"學校",
    "name":"文昌國小",
    "dist":"士林區",
    "loc":"臺北市士林區文林路615巷20號",
    "FIELD9":"",
    "FIELD10":null,
    "FIELD11":null
    }
  },
  {
    "type": "Feature",
    "geometry": {
       "type": "Point",
       "coordinates":  [ 121.5366881,25.1109119 ]
    },
    "properties": {
    "id":"SC124",
    "city":"台北市",
    "type":"學校",
    "name":"芝山國小",
    "dist":"士林區",
    "loc":"臺北市士林區芝山里德行東路285號",
    "FIELD9":"",
    "FIELD10":null,
    "FIELD11":null
    }
  },
  {
    "type": "Feature",
    "geometry": {
       "type": "Point",
       "coordinates":  [ 121.5228937,25.1083734 ]
    },
    "properties": {
    "id":"SC125",
    "city":"台北市",
    "type":"學校",
    "name":"蘭雅國小",
    "dist":"士林區",
    "loc":"臺北市士林區蘭興里磺溪街57號",
    "FIELD9":"",
    "FIELD10":null,
    "FIELD11":null
    }
  },
  {
    "type": "Feature",
    "geometry": {
       "type": "Point",
       "coordinates":  [ 121.5371423,25.1173993 ]
    },
    "properties": {
    "id":"SC126",
    "city":"台北市",
    "type":"學校",
    "name":"三玉國小",
    "dist":"士林區",
    "loc":"臺北市士林區三玉里天母東路116號",
    "FIELD9":"",
    "FIELD10":null,
    "FIELD11":null
    }
  },
  {
    "type": "Feature",
    "geometry": {
       "type": "Point",
       "coordinates":  [ 121.475307,25.1328975 ]
    },
    "properties": {
    "id":"SC127",
    "city":"台北市",
    "type":"學校",
    "name":"北投國小",
    "dist":"北投區",
    "loc":"臺北市北投區長安里中央北路1段73號",
    "FIELD9":"",
    "FIELD10":null,
    "FIELD11":null
    }
  },
  {
    "type": "Feature",
    "geometry": {
       "type": "Point",
       "coordinates":  [ 121.5054173,25.1378856 ]
    },
    "properties": {
    "id":"SC128",
    "city":"台北市",
    "type":"學校",
    "name":"逸仙國小",
    "dist":"北投區",
    "loc":"臺北市北投區中心里新民路2號",
    "FIELD9":"",
    "FIELD10":null,
    "FIELD11":null
    }
  },
  {
    "type": "Feature",
    "geometry": {
       "type": "Point",
       "coordinates":  [ 121.5117766,25.1156659 ]
    },
    "properties": {
    "id":"SC129",
    "city":"台北市",
    "type":"學校",
    "name":"石牌國小",
    "dist":"北投區",
    "loc":"臺北市北投區吉利里致遠二路80號",
    "FIELD9":"",
    "FIELD10":null,
    "FIELD11":null
    }
  },
  {
    "type": "Feature",
    "geometry": {
       "type": "Point",
       "coordinates":  [ 121.4665066,25.1261579 ]
    },
    "properties": {
    "id":"SC130",
    "city":"台北市",
    "type":"學校",
    "name":"關渡國小",
    "dist":"北投區",
    "loc":"臺北市北投區一德里中央北路4段581號",
    "FIELD9":"",
    "FIELD10":null,
    "FIELD11":null
    }
  },
  {
    "type": "Feature",
    "geometry": {
       "type": "Point",
       "coordinates":  [ 121.5399379,25.1683218 ]
    },
    "properties": {
    "id":"SC131",
    "city":"台北市",
    "type":"學校",
    "name":"湖田實小",
    "dist":"北投區",
    "loc":"臺北市北投區湖田里竹子湖路17之2號",
    "FIELD9":"",
    "FIELD10":null,
    "FIELD11":null
    }
  },
  {
    "type": "Feature",
    "geometry": {
       "type": "Point",
       "coordinates":  [ 121.5070921,25.126696 ]
    },
    "properties": {
    "id":"SC132",
    "city":"台北市",
    "type":"學校",
    "name":"清江國小",
    "dist":"北投區",
    "loc":"臺北市北投區奇岩里公館路220號",
    "FIELD9":"",
    "FIELD10":null,
    "FIELD11":null
    }
  },
  {
    "type": "Feature",
    "geometry": {
       "type": "Point",
       "coordinates":  [ 121.5242879,25.1493069 ]
    },
    "properties": {
    "id":"SC133",
    "city":"台北市",
    "type":"學校",
    "name":"泉源實小",
    "dist":"北投區",
    "loc":"臺北市北投區泉源里東昇路34號",
    "FIELD9":"",
    "FIELD10":null,
    "FIELD11":null
    }
  },
  {
    "type": "Feature",
    "geometry": {
       "type": "Point",
       "coordinates":  [ 121.5040789,25.1551929 ]
    },
    "properties": {
    "id":"SC134",
    "city":"台北市",
    "type":"學校",
    "name":"大屯國小",
    "dist":"北投區",
    "loc":"臺北市北投區大屯里復興三路312號",
    "FIELD9":"",
    "FIELD10":null,
    "FIELD11":null
    }
  },
  {
    "type": "Feature",
    "geometry": {
       "type": "Point",
       "coordinates":  [ 121.5358406,25.1500194 ]
    },
    "properties": {
    "id":"SC135",
    "city":"台北市",
    "type":"學校",
    "name":"湖山國小",
    "dist":"北投區",
    "loc":"臺北市北投區湖山里湖底路11號",
    "FIELD9":"",
    "FIELD10":null,
    "FIELD11":null
    }
  },
  {
    "type": "Feature",
    "geometry": {
       "type": "Point",
       "coordinates":  [ 121.4844677,25.1397179 ]
    },
    "properties": {
    "id":"SC136",
    "city":"台北市",
    "type":"學校",
    "name":"桃源國小",
    "dist":"北投區",
    "loc":"臺北市北投區中央北路3段40巷45號",
    "FIELD9":"",
    "FIELD10":null,
    "FIELD11":null
    }
  },
  {
    "type": "Feature",
    "geometry": {
       "type": "Point",
       "coordinates":  [ 121.5146969,25.1055278 ]
    },
    "properties": {
    "id":"SC137",
    "city":"台北市",
    "type":"學校",
    "name":"文林國小",
    "dist":"北投區",
    "loc":"臺北市北投區建民里文林北路155號",
    "FIELD9":"",
    "FIELD10":null,
    "FIELD11":null
    }
  },
  {
    "type": "Feature",
    "geometry": {
       "type": "Point",
       "coordinates":  [ 121.5095857,25.1417176 ]
    },
    "properties": {
    "id":"SC138",
    "city":"台北市",
    "type":"學校",
    "name":"義方國小",
    "dist":"北投區",
    "loc":"臺北市北投區珠海路155號",
    "FIELD9":"",
    "FIELD10":null,
    "FIELD11":null
    }
  },
  {
    "type": "Feature",
    "geometry": {
       "type": "Point",
       "coordinates":  [ 121.514621,25.1197692 ]
    },
    "properties": {
    "id":"SC139",
    "city":"台北市",
    "type":"學校",
    "name":"立農國小",
    "dist":"北投區",
    "loc":"臺北市北投區立農里立農街1段250號",
    "FIELD9":"",
    "FIELD10":null,
    "FIELD11":null
    }
  },
  {
    "type": "Feature",
    "geometry": {
       "type": "Point",
       "coordinates":  [ 121.5225482,25.1119663 ]
    },
    "properties": {
    "id":"SC140",
    "city":"台北市",
    "type":"學校",
    "name":"明德國小",
    "dist":"北投區",
    "loc":"臺北市北投區榮華里明德路190號",
    "FIELD9":"",
    "FIELD10":null,
    "FIELD11":null
    }
  },
  {
    "type": "Feature",
    "geometry": {
       "type": "Point",
       "coordinates":  [ 121.4962327,25.137304 ]
    },
    "properties": {
    "id":"SC141",
    "city":"台北市",
    "type":"學校",
    "name":"文化國小",
    "dist":"北投區",
    "loc":"臺北市北投區文化里文化三路1號",
    "FIELD9":"",
    "FIELD10":null,
    "FIELD11":null
    }
  },
  {
    "type": "Feature",
    "geometry": {
       "type": "Point",
       "coordinates":  [ 121.547302,25.039689 ]
    },
    "properties": {
    "id":"SC142",
    "city":"台北市",
    "type":"學校",
    "name":"私立復興實驗高中附小",
    "dist":"大安區",
    "loc":"臺北市大安區仁愛里敦化南路1段262號",
    "FIELD9":"",
    "FIELD10":null,
    "FIELD11":null
    }
  },
  {
    "type": "Feature",
    "geometry": {
       "type": "Point",
       "coordinates":  [ 121.5546272,25.0006751 ]
    },
    "properties": {
    "id":"SC143",
    "city":"台北市",
    "type":"學校",
    "name":"私立新民小學",
    "dist":"大安區",
    "loc":"臺北市大安區龍坡里辛亥路1段113號",
    "FIELD9":"",
    "FIELD10":null,
    "FIELD11":null
    }
  },
  {
    "type": "Feature",
    "geometry": {
       "type": "Point",
       "coordinates":  [ 121.4995419,25.0216407 ]
    },
    "properties": {
    "id":"SC144",
    "city":"台北市",
    "type":"學校",
    "name":"私立光仁小學",
    "dist":"萬華區",
    "loc":"臺北市萬華區壽德里萬大路423巷15號",
    "FIELD9":"",
    "FIELD10":null,
    "FIELD11":null
    }
  },
  {
    "type": "Feature",
    "geometry": {
       "type": "Point",
       "coordinates":  [ 121.5470355,24.9985757 ]
    },
    "properties": {
    "id":"SC145",
    "city":"台北市",
    "type":"學校",
    "name":"私立靜心小學",
    "dist":"文山區",
    "loc":"臺北市文山區興福里興隆路2段46號",
    "FIELD9":"",
    "FIELD10":null,
    "FIELD11":null
    }
  },
  {
    "type": "Feature",
    "geometry": {
       "type": "Point",
       "coordinates":  [ 121.5618619,24.982055 ]
    },
    "properties": {
    "id":"SC146",
    "city":"台北市",
    "type":"學校",
    "name":"私立中山小學",
    "dist":"文山區",
    "loc":"臺北市文山區木柵路1段292號",
    "FIELD9":"",
    "FIELD10":null,
    "FIELD11":null
    }
  },
  {
    "type": "Feature",
    "geometry": {
       "type": "Point",
       "coordinates":  [ 121.5581046,24.9895593 ]
    },
    "properties": {
    "id":"SC147",
    "city":"台北市",
    "type":"學校",
    "name":"私立再興小學",
    "dist":"文山區",
    "loc":"臺北市文山區明義里興隆路4段2號",
    "FIELD9":"",
    "FIELD10":null,
    "FIELD11":null
    }
  },
  {
    "type": "Feature",
    "geometry": {
       "type": "Point",
       "coordinates":  [ 121.5402724,25.1022622 ]
    },
    "properties": {
    "id":"SC148",
    "city":"台北市",
    "type":"學校",
    "name":"私立華興小學",
    "dist":"士林區",
    "loc":"臺北市士林區芝山里仰德大道1段101號",
    "FIELD9":"",
    "FIELD10":null,
    "FIELD11":null
    }
  },
  {
    "type": "Feature",
    "geometry": {
       "type": "Point",
       "coordinates":  [ 121.5011342,25.1355795 ]
    },
    "properties": {
    "id":"SC149",
    "city":"台北市",
    "type":"學校",
    "name":"私立薇閣小學",
    "dist":"北投區",
    "loc":"臺北市北投區長安里育仁路106號",
    "FIELD9":"",
    "FIELD10":null,
    "FIELD11":null
    }
  },
  {
    "type": "Feature",
    "geometry": {
       "type": "Point",
       "coordinates":  [ 121.5226374,25.1126912 ]
    },
    "properties": {
    "id":"SC150",
    "city":"台北市",
    "type":"學校",
    "name":"私立奎山中學附小",
    "dist":"北投區",
    "loc":"臺北市北投區榮華里明德路200號",
    "FIELD9":"",
    "FIELD10":null,
    "FIELD11":null
    }
  },
  {
    "type": "Feature",
    "geometry": {
       "type": "Point",
       "coordinates":  [ 121.5566164,25.0568251 ]
    },
    "properties": {
    "id":"SC151",
    "city":"台北市",
    "type":"學校",
    "name":"市立介壽國中",
    "dist":"松山區",
    "loc":"臺北市松山區延壽街401號",
    "FIELD9":"",
    "FIELD10":null,
    "FIELD11":null
    }
  },
  {
    "type": "Feature",
    "geometry": {
       "type": "Point",
       "coordinates":  [ 121.5661426,25.0602498 ]
    },
    "properties": {
    "id":"SC152",
    "city":"台北市",
    "type":"學校",
    "name":"市立民生國中",
    "dist":"松山區",
    "loc":"臺北市松山區新東街30巷1號",
    "FIELD9":"",
    "FIELD10":null,
    "FIELD11":null
    }
  },
  {
    "type": "Feature",
    "geometry": {
       "type": "Point",
       "coordinates":  [ 121.5457421,25.0607517 ]
    },
    "properties": {
    "id":"SC153",
    "city":"台北市",
    "type":"學校",
    "name":"市立中山國中",
    "dist":"松山區",
    "loc":"臺北市松山區復興北路361巷7號",
    "FIELD9":"",
    "FIELD10":null,
    "FIELD11":null
    }
  },
  {
    "type": "Feature",
    "geometry": {
       "type": "Point",
       "coordinates":  [ 121.5466341,25.0507621 ]
    },
    "properties": {
    "id":"SC154",
    "city":"台北市",
    "type":"學校",
    "name":"市立敦化國中",
    "dist":"松山區",
    "loc":"臺北市松山區南京東路三段300號",
    "FIELD9":"",
    "FIELD10":null,
    "FIELD11":null
    }
  },
  {
    "type": "Feature",
    "geometry": {
       "type": "Point",
       "coordinates":  [ 121.5722627,25.0356457 ]
    },
    "properties": {
    "id":"SC155",
    "city":"台北市",
    "type":"學校",
    "name":"市立興雅國中",
    "dist":"信義區",
    "loc":"臺北市信義區松德路168巷15號",
    "FIELD9":"",
    "FIELD10":null,
    "FIELD11":null
    }
  },
  {
    "type": "Feature",
    "geometry": {
       "type": "Point",
       "coordinates":  [ 121.5735686,25.0485595 ]
    },
    "properties": {
    "id":"SC156",
    "city":"台北市",
    "type":"學校",
    "name":"市立永吉國中",
    "dist":"信義區",
    "loc":"臺北市信義區松隆路161號",
    "FIELD9":"",
    "FIELD10":null,
    "FIELD11":null
    }
  },
  {
    "type": "Feature",
    "geometry": {
       "type": "Point",
       "coordinates":  [ 121.5856981,25.0370482 ]
    },
    "properties": {
    "id":"SC157",
    "city":"台北市",
    "type":"學校",
    "name":"市立瑠公國中",
    "dist":"信義區",
    "loc":"臺北市信義區福德街221巷15號",
    "FIELD9":"",
    "FIELD10":null,
    "FIELD11":null
    }
  },
  {
    "type": "Feature",
    "geometry": {
       "type": "Point",
       "coordinates":  [ 121.5675836,25.0286896 ]
    },
    "properties": {
    "id":"SC158",
    "city":"台北市",
    "type":"學校",
    "name":"市立信義國中",
    "dist":"信義區",
    "loc":"臺北市信義區松仁路158巷1號",
    "FIELD9":"",
    "FIELD10":null,
    "FIELD11":null
    }
  },
  {
    "type": "Feature",
    "geometry": {
       "type": "Point",
       "coordinates":  [ 121.5506079,25.0374854 ]
    },
    "properties": {
    "id":"SC159",
    "city":"台北市",
    "type":"學校",
    "name":"市立仁愛國中",
    "dist":"大安區",
    "loc":"臺北市大安區仁愛路4段130號",
    "FIELD9":"",
    "FIELD10":null,
    "FIELD11":null
    }
  },
  {
    "type": "Feature",
    "geometry": {
       "type": "Point",
       "coordinates":  [ 121.5478461,25.0307284 ]
    },
    "properties": {
    "id":"SC160",
    "city":"台北市",
    "type":"學校",
    "name":"市立大安國中",
    "dist":"大安區",
    "loc":"臺北市大安區大安路二段63號",
    "FIELD9":"",
    "FIELD10":null,
    "FIELD11":null
    }
  },
  {
    "type": "Feature",
    "geometry": {
       "type": "Point",
       "coordinates":  [ 121.5323041,25.030929 ]
    },
    "properties": {
    "id":"SC161",
    "city":"台北市",
    "type":"學校",
    "name":"市立金華國中",
    "dist":"大安區",
    "loc":"臺北市大安區新生南路二段32號",
    "FIELD9":"",
    "FIELD10":null,
    "FIELD11":null
    }
  },
  {
    "type": "Feature",
    "geometry": {
       "type": "Point",
       "coordinates":  [ 121.5407648,25.0405277 ]
    },
    "properties": {
    "id":"SC162",
    "city":"台北市",
    "type":"學校",
    "name":"市立懷生國中",
    "dist":"大安區",
    "loc":"臺北市大安區忠孝東路三段248巷30號",
    "FIELD9":"",
    "FIELD10":null,
    "FIELD11":null
    }
  },
  {
    "type": "Feature",
    "geometry": {
       "type": "Point",
       "coordinates":  [ 121.5389628,25.0106278 ]
    },
    "properties": {
    "id":"SC163",
    "city":"台北市",
    "type":"學校",
    "name":"本市民族實中",
    "dist":"大安區",
    "loc":"臺北市大安區羅斯福路4段113巷13號",
    "FIELD9":"",
    "FIELD10":null,
    "FIELD11":null
    }
  },
  {
    "type": "Feature",
    "geometry": {
       "type": "Point",
       "coordinates":  [ 121.5383614,25.0235395 ]
    },
    "properties": {
    "id":"SC164",
    "city":"台北市",
    "type":"學校",
    "name":"市立龍門國中",
    "dist":"大安區",
    "loc":"臺北市大安區建國南路2段269號",
    "FIELD9":"",
    "FIELD10":null,
    "FIELD11":null
    }
  },
  {
    "type": "Feature",
    "geometry": {
       "type": "Point",
       "coordinates":  [ 121.531131,25.0496009 ]
    },
    "properties": {
    "id":"SC165",
    "city":"台北市",
    "type":"學校",
    "name":"市立長安國中",
    "dist":"中山區",
    "loc":"臺北市中山區松江路70巷11號",
    "FIELD9":"",
    "FIELD10":null,
    "FIELD11":null
    }
  },
  {
    "type": "Feature",
    "geometry": {
       "type": "Point",
       "coordinates":  [ 121.5418173,25.0782517 ]
    },
    "properties": {
    "id":"SC166",
    "city":"台北市",
    "type":"學校",
    "name":"市立北安國中",
    "dist":"中山區",
    "loc":"臺北市中山區明水路325號",
    "FIELD9":"",
    "FIELD10":null,
    "FIELD11":null
    }
  },
  {
    "type": "Feature",
    "geometry": {
       "type": "Point",
       "coordinates":  [ 121.5263108,25.0621164 ]
    },
    "properties": {
    "id":"SC167",
    "city":"台北市",
    "type":"學校",
    "name":"市立新興國中",
    "dist":"中山區",
    "loc":"臺北市中山區林森北路511號",
    "FIELD9":"",
    "FIELD10":null,
    "FIELD11":null
    }
  },
  {
    "type": "Feature",
    "geometry": {
       "type": "Point",
       "coordinates":  [ 121.5430661,25.0641999 ]
    },
    "properties": {
    "id":"SC168",
    "city":"台北市",
    "type":"學校",
    "name":"市立五常國中",
    "dist":"中山區",
    "loc":"臺北市中山區復興北路430巷1號",
    "FIELD9":"",
    "FIELD10":null,
    "FIELD11":null
    }
  },
  {
    "type": "Feature",
    "geometry": {
       "type": "Point",
       "coordinates":  [ 121.5609048,25.0792217 ]
    },
    "properties": {
    "id":"SC169",
    "city":"台北市",
    "type":"學校",
    "name":"本市濱江實中",
    "dist":"中山區",
    "loc":"臺北市中山區樂群二路262號",
    "FIELD9":"",
    "FIELD10":null,
    "FIELD11":null
    }
  },
  {
    "type": "Feature",
    "geometry": {
       "type": "Point",
       "coordinates":  [ 121.5257599,25.0187056 ]
    },
    "properties": {
    "id":"SC170",
    "city":"台北市",
    "type":"學校",
    "name":"市立螢橋國中",
    "dist":"中正區",
    "loc":"臺北市中正區汀州路3段4號",
    "FIELD9":"",
    "FIELD10":null,
    "FIELD11":null
    }
  },
  {
    "type": "Feature",
    "geometry": {
       "type": "Point",
       "coordinates":  [ 121.5104141,25.024302 ]
    },
    "properties": {
    "id":"SC171",
    "city":"台北市",
    "type":"學校",
    "name":"市立古亭國中",
    "dist":"中正區",
    "loc":"臺北市中正區中華路2段465號",
    "FIELD9":"",
    "FIELD10":null,
    "FIELD11":null
    }
  },
  {
    "type": "Feature",
    "geometry": {
       "type": "Point",
       "coordinates":  [ 121.5091181,25.0351795 ]
    },
    "properties": {
    "id":"SC172",
    "city":"台北市",
    "type":"學校",
    "name":"市立南門國中",
    "dist":"中正區",
    "loc":"臺北市中正區廣州街6號",
    "FIELD9":"",
    "FIELD10":null,
    "FIELD11":null
    }
  },
  {
    "type": "Feature",
    "geometry": {
       "type": "Point",
       "coordinates":  [ 121.5152866,25.0375713 ]
    },
    "properties": {
    "id":"SC173",
    "city":"台北市",
    "type":"學校",
    "name":"市立弘道國中",
    "dist":"中正區",
    "loc":"臺北市中正區公園路21號",
    "FIELD9":"",
    "FIELD10":null,
    "FIELD11":null
    }
  },
  {
    "type": "Feature",
    "geometry": {
       "type": "Point",
       "coordinates":  [ 121.5218344,25.0318973 ]
    },
    "properties": {
    "id":"SC174",
    "city":"台北市",
    "type":"學校",
    "name":"市立中正國中",
    "dist":"中正區",
    "loc":"臺北市中正區愛國東路158號",
    "FIELD9":"",
    "FIELD10":null,
    "FIELD11":null
    }
  },
  {
    "type": "Feature",
    "geometry": {
       "type": "Point",
       "coordinates":  [ 121.5187256,25.0516206 ]
    },
    "properties": {
    "id":"SC175",
    "city":"台北市",
    "type":"學校",
    "name":"市立建成國中",
    "dist":"大同區",
    "loc":"臺北市大同區長安西路37-1號",
    "FIELD9":"",
    "FIELD10":null,
    "FIELD11":null
    }
  },
  {
    "type": "Feature",
    "geometry": {
       "type": "Point",
       "coordinates":  [ 121.508202,25.0512866 ]
    },
    "properties": {
    "id":"SC176",
    "city":"台北市",
    "type":"學校",
    "name":"市立忠孝國中",
    "dist":"大同區",
    "loc":"臺北市大同區西寧北路32號",
    "FIELD9":"",
    "FIELD10":null,
    "FIELD11":null
    }
  },
  {
    "type": "Feature",
    "geometry": {
       "type": "Point",
       "coordinates":  [ 121.51434,25.0638343 ]
    },
    "properties": {
    "id":"SC177",
    "city":"台北市",
    "type":"學校",
    "name":"市立民權國中",
    "dist":"大同區",
    "loc":"臺北市大同區重慶北路3段1號",
    "FIELD9":"",
    "FIELD10":null,
    "FIELD11":null
    }
  },
  {
    "type": "Feature",
    "geometry": {
       "type": "Point",
       "coordinates":  [ 121.5166597,25.0697542 ]
    },
    "properties": {
    "id":"SC178",
    "city":"台北市",
    "type":"學校",
    "name":"市立蘭州國中",
    "dist":"大同區",
    "loc":"臺北市大同區大龍街187巷1號",
    "FIELD9":"",
    "FIELD10":null,
    "FIELD11":null
    }
  },
  {
    "type": "Feature",
    "geometry": {
       "type": "Point",
       "coordinates":  [ 121.5182657,25.076505 ]
    },
    "properties": {
    "id":"SC179",
    "city":"台北市",
    "type":"學校",
    "name":"市立重慶國中",
    "dist":"大同區",
    "loc":"臺北市大同區敦煌路19號",
    "FIELD9":"",
    "FIELD10":null,
    "FIELD11":null
    }
  },
  {
    "type": "Feature",
    "geometry": {
       "type": "Point",
       "coordinates":  [ 121.4988142,25.028188 ]
    },
    "properties": {
    "id":"SC180",
    "city":"台北市",
    "type":"學校",
    "name":"市立萬華國中",
    "dist":"萬華區",
    "loc":"臺北市萬華區西藏路201號",
    "FIELD9":"",
    "FIELD10":null,
    "FIELD11":null
    }
  },
  {
    "type": "Feature",
    "geometry": {
       "type": "Point",
       "coordinates":  [ 121.4918536,25.027667 ]
    },
    "properties": {
    "id":"SC181",
    "city":"台北市",
    "type":"學校",
    "name":"市立雙園國中",
    "dist":"萬華區",
    "loc":"臺北市萬華區興義街2號",
    "FIELD9":"",
    "FIELD10":null,
    "FIELD11":null
    }
  },
  {
    "type": "Feature",
    "geometry": {
       "type": "Point",
       "coordinates":  [ 121.5047024,25.0359578 ]
    },
    "properties": {
    "id":"SC182",
    "city":"台北市",
    "type":"學校",
    "name":"市立龍山國中",
    "dist":"萬華區",
    "loc":"臺北市萬華區南寧路46號",
    "FIELD9":"",
    "FIELD10":null,
    "FIELD11":null
    }
  },
  {
    "type": "Feature",
    "geometry": {
       "type": "Point",
       "coordinates":  [ 121.5666983,24.9874158 ]
    },
    "properties": {
    "id":"SC183",
    "city":"台北市",
    "type":"學校",
    "name":"市立木柵國中",
    "dist":"文山區",
    "loc":"臺北市文山區木柵路3段102巷12號",
    "FIELD9":"",
    "FIELD10":null,
    "FIELD11":null
    }
  },
  {
    "type": "Feature",
    "geometry": {
       "type": "Point",
       "coordinates":  [ 121.5547672,24.9834276 ]
    },
    "properties": {
    "id":"SC184",
    "city":"台北市",
    "type":"學校",
    "name":"市立實踐國中",
    "dist":"文山區",
    "loc":"臺北市文山區辛亥路七段67號",
    "FIELD9":"",
    "FIELD10":null,
    "FIELD11":null
    }
  },
  {
    "type": "Feature",
    "geometry": {
       "type": "Point",
       "coordinates":  [ 121.577849,24.9845727 ]
    },
    "properties": {
    "id":"SC185",
    "city":"台北市",
    "type":"學校",
    "name":"市立北政國中",
    "dist":"文山區",
    "loc":"臺北市文山區指南路3段2巷14號",
    "FIELD9":"",
    "FIELD10":null,
    "FIELD11":null
    }
  },
  {
    "type": "Feature",
    "geometry": {
       "type": "Point",
       "coordinates":  [ 121.5430661,24.9939139 ]
    },
    "properties": {
    "id":"SC186",
    "city":"台北市",
    "type":"學校",
    "name":"市立景美國中",
    "dist":"文山區",
    "loc":"臺北市文山區景中街27號",
    "FIELD9":"",
    "FIELD10":null,
    "FIELD11":null
    }
  },
  {
    "type": "Feature",
    "geometry": {
       "type": "Point",
       "coordinates":  [ 121.5503803,25.0049587 ]
    },
    "properties": {
    "id":"SC187",
    "city":"台北市",
    "type":"學校",
    "name":"市立興福國中",
    "dist":"文山區",
    "loc":"臺北市文山區福興路80號",
    "FIELD9":"",
    "FIELD10":null,
    "FIELD11":null
    }
  },
  {
    "type": "Feature",
    "geometry": {
       "type": "Point",
       "coordinates":  [ 121.5436013,24.9966064 ]
    },
    "properties": {
    "id":"SC188",
    "city":"台北市",
    "type":"學校",
    "name":"市立景興國中",
    "dist":"文山區",
    "loc":"臺北市文山區景興路46巷2號",
    "FIELD9":"",
    "FIELD10":null,
    "FIELD11":null
    }
  },
  {
    "type": "Feature",
    "geometry": {
       "type": "Point",
       "coordinates":  [ 121.6187902,25.0542373 ]
    },
    "properties": {
    "id":"SC189",
    "city":"台北市",
    "type":"學校",
    "name":"市立誠正國中",
    "dist":"南港區",
    "loc":"臺北市南港區富康街1巷24號",
    "FIELD9":"",
    "FIELD10":null,
    "FIELD11":null
    }
  },
  {
    "type": "Feature",
    "geometry": {
       "type": "Point",
       "coordinates":  [ 121.5881926,25.04478 ]
    },
    "properties": {
    "id":"SC190",
    "city":"台北市",
    "type":"學校",
    "name":"市立成德國中",
    "dist":"南港區",
    "loc":"臺北市南港區東新街108巷23號",
    "FIELD9":"",
    "FIELD10":null,
    "FIELD11":null
    }
  },
  {
    "type": "Feature",
    "geometry": {
       "type": "Point",
       "coordinates":  [ 121.5894409,25.0764659 ]
    },
    "properties": {
    "id":"SC191",
    "city":"台北市",
    "type":"學校",
    "name":"市立內湖國中",
    "dist":"內湖區",
    "loc":"臺北市內湖區陽光街1號",
    "FIELD9":"",
    "FIELD10":null,
    "FIELD11":null
    }
  },
  {
    "type": "Feature",
    "geometry": {
       "type": "Point",
       "coordinates":  [ 121.5683655,25.0823089 ]
    },
    "properties": {
    "id":"SC192",
    "city":"台北市",
    "type":"學校",
    "name":"市立麗山國中",
    "dist":"內湖區",
    "loc":"臺北市內湖區內湖路1段629巷42號",
    "FIELD9":"",
    "FIELD10":null,
    "FIELD11":null
    }
  },
  {
    "type": "Feature",
    "geometry": {
       "type": "Point",
       "coordinates":  [ 121.5863598,25.0691677 ]
    },
    "properties": {
    "id":"SC193",
    "city":"台北市",
    "type":"學校",
    "name":"市立三民國中",
    "dist":"內湖區",
    "loc":"臺北市內湖區民權東路6段45號",
    "FIELD9":"",
    "FIELD10":null,
    "FIELD11":null
    }
  },
  {
    "type": "Feature",
    "geometry": {
       "type": "Point",
       "coordinates":  [ 121.5657043,25.0826143 ]
    },
    "properties": {
    "id":"SC194",
    "city":"台北市",
    "type":"學校",
    "name":"本市西湖實中",
    "dist":"內湖區",
    "loc":"臺北市內湖區環山路1段27號",
    "FIELD9":"",
    "FIELD10":null,
    "FIELD11":null
    }
  },
  {
    "type": "Feature",
    "geometry": {
       "type": "Point",
       "coordinates":  [ 121.619931,25.0724122 ]
    },
    "properties": {
    "id":"SC195",
    "city":"台北市",
    "type":"學校",
    "name":"市立東湖國中",
    "dist":"內湖區",
    "loc":"臺北市內湖區康樂街131號",
    "FIELD9":"",
    "FIELD10":null,
    "FIELD11":null
    }
  },
  {
    "type": "Feature",
    "geometry": {
       "type": "Point",
       "coordinates":  [ 121.6103034,25.0700482 ]
    },
    "properties": {
    "id":"SC196",
    "city":"台北市",
    "type":"學校",
    "name":"市立明湖國中",
    "dist":"內湖區",
    "loc":"臺北市內湖區康寧路3段60號",
    "FIELD9":"",
    "FIELD10":null,
    "FIELD11":null
    }
  },
  {
    "type": "Feature",
    "geometry": {
       "type": "Point",
       "coordinates":  [ 121.5226768,25.0943472 ]
    },
    "properties": {
    "id":"SC197",
    "city":"台北市",
    "type":"學校",
    "name":"市立士林國中",
    "dist":"士林區",
    "loc":"臺北市士林區中正路345號",
    "FIELD9":"",
    "FIELD10":null,
    "FIELD11":null
    }
  },
  {
    "type": "Feature",
    "geometry": {
       "type": "Point",
       "coordinates":  [ 121.5316348,25.1104477 ]
    },
    "properties": {
    "id":"SC198",
    "city":"台北市",
    "type":"學校",
    "name":"市立蘭雅國中",
    "dist":"士林區",
    "loc":"臺北市士林區忠誠路2段51號",
    "FIELD9":"",
    "FIELD10":null,
    "FIELD11":null
    }
  },
  {
    "type": "Feature",
    "geometry": {
       "type": "Point",
       "coordinates":  [ 121.5555851,25.1036391 ]
    },
    "properties": {
    "id":"SC199",
    "city":"台北市",
    "type":"學校",
    "name":"市立至善國中",
    "dist":"士林區",
    "loc":"臺北市士林區至善路2段360號",
    "FIELD9":"",
    "FIELD10":null,
    "FIELD11":null
    }
  },
  {
    "type": "Feature",
    "geometry": {
       "type": "Point",
       "coordinates":  [ 121.5462064,25.1313342 ]
    },
    "properties": {
    "id":"SC200",
    "city":"台北市",
    "type":"學校",
    "name":"市立格致國中",
    "dist":"士林區",
    "loc":"臺北市士林區仰德大道4段75號",
    "FIELD9":"",
    "FIELD10":null,
    "FIELD11":null
    }
  },
  {
    "type": "Feature",
    "geometry": {
       "type": "Point",
       "coordinates":  [ 121.4880275,25.1034569 ]
    },
    "properties": {
    "id":"SC201",
    "city":"台北市",
    "type":"學校",
    "name":"市立福安國中",
    "dist":"士林區",
    "loc":"臺北市士林區延平北路7段250號",
    "FIELD9":"",
    "FIELD10":null,
    "FIELD11":null
    }
  },
  {
    "type": "Feature",
    "geometry": {
       "type": "Point",
       "coordinates":  [ 121.5380708,25.1170913 ]
    },
    "properties": {
    "id":"SC202",
    "city":"台北市",
    "type":"學校",
    "name":"市立天母國中",
    "dist":"士林區",
    "loc":"臺北市士林區天母東路120號",
    "FIELD9":"",
    "FIELD10":null,
    "FIELD11":null
    }
  },
  {
    "type": "Feature",
    "geometry": {
       "type": "Point",
       "coordinates":  [ 121.5046628,25.1344042 ]
    },
    "properties": {
    "id":"SC203",
    "city":"台北市",
    "type":"學校",
    "name":"市立北投國中",
    "dist":"北投區",
    "loc":"臺北市北投區溫泉路62號",
    "FIELD9":"",
    "FIELD10":null,
    "FIELD11":null
    }
  },
  {
    "type": "Feature",
    "geometry": {
       "type": "Point",
       "coordinates":  [ 121.5066666,25.13842 ]
    },
    "properties": {
    "id":"SC204",
    "city":"台北市",
    "type":"學校",
    "name":"市立新民國中",
    "dist":"北投區",
    "loc":"臺北市北投區新民路10號",
    "FIELD9":"",
    "FIELD10":null,
    "FIELD11":null
    }
  },
  {
    "type": "Feature",
    "geometry": {
       "type": "Point",
       "coordinates":  [ 121.5189795,25.1078343 ]
    },
    "properties": {
    "id":"SC205",
    "city":"台北市",
    "type":"學校",
    "name":"市立明德國中",
    "dist":"北投區",
    "loc":"臺北市北投區明德路50號",
    "FIELD9":"",
    "FIELD10":null,
    "FIELD11":null
    }
  },
  {
    "type": "Feature",
    "geometry": {
       "type": "Point",
       "coordinates":  [ 121.4773215,25.134751 ]
    },
    "properties": {
    "id":"SC206",
    "city":"台北市",
    "type":"學校",
    "name":"市立桃源國中",
    "dist":"北投區",
    "loc":"臺北市北投區中央北路4段48號",
    "FIELD9":"",
    "FIELD10":null,
    "FIELD11":null
    }
  },
  {
    "type": "Feature",
    "geometry": {
       "type": "Point",
       "coordinates":  [ 121.510814,25.1133685 ]
    },
    "properties": {
    "id":"SC207",
    "city":"台北市",
    "type":"學校",
    "name":"市立石牌國中",
    "dist":"北投區",
    "loc":"臺北市北投區石牌路1段139號",
    "FIELD9":"",
    "FIELD10":null,
    "FIELD11":null
    }
  },
  {
    "type": "Feature",
    "geometry": {
       "type": "Point",
       "coordinates":  [ 121.4675777,25.1199361 ]
    },
    "properties": {
    "id":"SC208",
    "city":"台北市",
    "type":"學校",
    "name":"市立關渡國中",
    "dist":"北投區",
    "loc":"臺北市北投區知行路212號",
    "FIELD9":"",
    "FIELD10":null,
    "FIELD11":null
    }
  },
  {
    "type": "Feature",
    "geometry": {
       "type": "Point",
       "coordinates":  [ 121.5518966,25.0295493 ]
    },
    "properties": {
    "id":"SC209",
    "city":"台北市",
    "type":"學校",
    "name":"私立立人國際國民中小學",
    "dist":"大安區",
    "loc":"臺北市大安區安和路2段99號",
    "FIELD9":"",
    "FIELD10":null,
    "FIELD11":null
    }
  },
  {
    "type": "Feature",
    "geometry": {
       "type": "Point",
       "coordinates":  [ 121.5664342,25.055213 ]
    },
    "properties": {
    "id":"SC210",
    "city":"台北市",
    "type":"學校",
    "name":"市立西松高中",
    "dist":"松山區",
    "loc":"臺北市松山區健康路325巷7號",
    "FIELD9":"",
    "FIELD10":null,
    "FIELD11":null
    }
  },
  {
    "type": "Feature",
    "geometry": {
       "type": "Point",
       "coordinates":  [ 121.5614399,25.0497606 ]
    },
    "properties": {
    "id":"SC211",
    "city":"台北市",
    "type":"學校",
    "name":"市立中崙高中",
    "dist":"松山區",
    "loc":"臺北市松山區八德路4段101號",
    "FIELD9":"",
    "FIELD10":null,
    "FIELD11":null
    }
  },
  {
    "type": "Feature",
    "geometry": {
       "type": "Point",
       "coordinates":  [ 121.5653136,25.0419415 ]
    },
    "properties": {
    "id":"SC212",
    "city":"台北市",
    "type":"學校",
    "name":"市立松山高中",
    "dist":"信義區",
    "loc":"臺北市信義區基隆路1段156號",
    "FIELD9":"",
    "FIELD10":null,
    "FIELD11":null
    }
  },
  {
    "type": "Feature",
    "geometry": {
       "type": "Point",
       "coordinates":  [ 121.5782057,25.0332143 ]
    },
    "properties": {
    "id":"SC213",
    "city":"台北市",
    "type":"學校",
    "name":"市立永春高中",
    "dist":"信義區",
    "loc":"臺北市信義區松山路654號",
    "FIELD9":"",
    "FIELD10":null,
    "FIELD11":null
    }
  },
  {
    "type": "Feature",
    "geometry": {
       "type": "Point",
       "coordinates":  [ 121.5405685,25.0352821 ]
    },
    "properties": {
    "id":"SC214",
    "city":"台北市",
    "type":"學校",
    "name":"國立師大附中",
    "dist":"大安區",
    "loc":"臺北市大安區信義路3段143號",
    "FIELD9":"",
    "FIELD10":null,
    "FIELD11":null
    }
  },
  {
    "type": "Feature",
    "geometry": {
       "type": "Point",
       "coordinates":  [ 121.5491776,25.0196357 ]
    },
    "properties": {
    "id":"SC215",
    "city":"台北市",
    "type":"學校",
    "name":"市立和平高中",
    "dist":"大安區",
    "loc":"臺北市大安區臥龍街100號",
    "FIELD9":"",
    "FIELD10":null,
    "FIELD11":null
    }
  },
  {
    "type": "Feature",
    "geometry": {
       "type": "Point",
       "coordinates":  [ 121.5496667,25.0183879 ]
    },
    "properties": {
    "id":"SC216",
    "city":"台北市",
    "type":"學校",
    "name":"本市芳和實中",
    "dist":"大安區",
    "loc":"臺北市大安區臥龍街170號",
    "FIELD9":"",
    "FIELD10":null,
    "FIELD11":null
    }
  },
  {
    "type": "Feature",
    "geometry": {
       "type": "Point",
       "coordinates":  [ 121.521914,25.049564 ]
    },
    "properties": {
    "id":"SC217",
    "city":"台北市",
    "type":"學校",
    "name":"市立中山女中",
    "dist":"中山區",
    "loc":"臺北市中山區長安東路2段141號",
    "FIELD9":"",
    "FIELD10":null,
    "FIELD11":null
    }
  },
  {
    "type": "Feature",
    "geometry": {
       "type": "Point",
       "coordinates":  [ 121.5352403,25.0550022 ]
    },
    "properties": {
    "id":"SC218",
    "city":"台北市",
    "type":"學校",
    "name":"市立大同高中",
    "dist":"中山區",
    "loc":"臺北市中山區長春路167號",
    "FIELD9":"",
    "FIELD10":null,
    "FIELD11":null
    }
  },
  {
    "type": "Feature",
    "geometry": {
       "type": "Point",
       "coordinates":  [ 121.5430661,25.0787862 ]
    },
    "properties": {
    "id":"SC219",
    "city":"台北市",
    "type":"學校",
    "name":"市立大直高中",
    "dist":"中山區",
    "loc":"臺北市中山區北安路420號",
    "FIELD9":"",
    "FIELD10":null,
    "FIELD11":null
    }
  },
  {
    "type": "Feature",
    "geometry": {
       "type": "Point",
       "coordinates":  [ 121.512377,25.0303072 ]
    },
    "properties": {
    "id":"SC220",
    "city":"台北市",
    "type":"學校",
    "name":"市立建國高中",
    "dist":"中正區",
    "loc":"臺北市中正區南海路56號",
    "FIELD9":"",
    "FIELD10":null,
    "FIELD11":null
    }
  },
  {
    "type": "Feature",
    "geometry": {
       "type": "Point",
       "coordinates":  [ 121.5197591,25.0433479 ]
    },
    "properties": {
    "id":"SC221",
    "city":"台北市",
    "type":"學校",
    "name":"市立成功高中",
    "dist":"中正區",
    "loc":"臺北市中正區濟南路1段71號",
    "FIELD9":"",
    "FIELD10":null,
    "FIELD11":null
    }
  },
  {
    "type": "Feature",
    "geometry": {
       "type": "Point",
       "coordinates":  [ 121.5134147,25.0468814 ]
    },
    "properties": {
    "id":"SC222",
    "city":"台北市",
    "type":"學校",
    "name":"市立北一女中",
    "dist":"中正區",
    "loc":"臺北市中正區重慶南路1段165號",
    "FIELD9":"",
    "FIELD10":null,
    "FIELD11":null
    }
  },
  {
    "type": "Feature",
    "geometry": {
       "type": "Point",
       "coordinates":  [ 121.5299048,25.0537008 ]
    },
    "properties": {
    "id":"SC223",
    "city":"台北市",
    "type":"學校",
    "name":"本市數位實中",
    "dist":"中山區",
    "loc":"臺北市中山區吉林路110號5樓",
    "FIELD9":"",
    "FIELD10":null,
    "FIELD11":null
    }
  },
  {
    "type": "Feature",
    "geometry": {
       "type": "Point",
       "coordinates":  [ 121.5193363,25.0762529 ]
    },
    "properties": {
    "id":"SC224",
    "city":"台北市",
    "type":"學校",
    "name":"市立明倫高中",
    "dist":"大同區",
    "loc":"臺北市大同區承德路3段336號",
    "FIELD9":"",
    "FIELD10":null,
    "FIELD11":null
    }
  },
  {
    "type": "Feature",
    "geometry": {
       "type": "Point",
       "coordinates":  [ 121.5185263,25.0612557 ]
    },
    "properties": {
    "id":"SC225",
    "city":"台北市",
    "type":"學校",
    "name":"市立成淵高中",
    "dist":"大同區",
    "loc":"臺北市大同區承德路2段235號",
    "FIELD9":"",
    "FIELD10":null,
    "FIELD11":null
    }
  },
  {
    "type": "Feature",
    "geometry": {
       "type": "Point",
       "coordinates":  [ 121.4965906,25.028032 ]
    },
    "properties": {
    "id":"SC226",
    "city":"台北市",
    "type":"學校",
    "name":"市立華江高中",
    "dist":"萬華區",
    "loc":"臺北市萬華區西藏路213號",
    "FIELD9":"",
    "FIELD10":null,
    "FIELD11":null
    }
  },
  {
    "type": "Feature",
    "geometry": {
       "type": "Point",
       "coordinates":  [ 121.4914864,25.0305633 ]
    },
    "properties": {
    "id":"SC227",
    "city":"台北市",
    "type":"學校",
    "name":"市立大理高中",
    "dist":"萬華區",
    "loc":"臺北市萬華區長順街2號",
    "FIELD9":"",
    "FIELD10":null,
    "FIELD11":null
    }
  },
  {
    "type": "Feature",
    "geometry": {
       "type": "Point",
       "coordinates":  [ 121.5560317,24.9806925 ]
    },
    "properties": {
    "id":"SC228",
    "city":"台北市",
    "type":"學校",
    "name":"市立景美女中",
    "dist":"文山區",
    "loc":"臺北市文山區木新路3段312號",
    "FIELD9":"",
    "FIELD10":null,
    "FIELD11":null
    }
  },
  {
    "type": "Feature",
    "geometry": {
       "type": "Point",
       "coordinates":  [ 121.5594778,25.0013267 ]
    },
    "properties": {
    "id":"SC229",
    "city":"台北市",
    "type":"學校",
    "name":"市立萬芳高中",
    "dist":"文山區",
    "loc":"臺北市文山區興隆路3段115巷1號",
    "FIELD9":"",
    "FIELD10":null,
    "FIELD11":null
    }
  },
  {
    "type": "Feature",
    "geometry": {
       "type": "Point",
       "coordinates":  [ 121.5858151,24.987149 ]
    },
    "properties": {
    "id":"SC230",
    "city":"台北市",
    "type":"學校",
    "name":"國立政大附中",
    "dist":"文山區",
    "loc":"臺北市文山區政大一街353號",
    "FIELD9":"",
    "FIELD10":null,
    "FIELD11":null
    }
  },
  {
    "type": "Feature",
    "geometry": {
       "type": "Point",
       "coordinates":  [ 121.5944893,25.0521619 ]
    },
    "properties": {
    "id":"SC231",
    "city":"台北市",
    "type":"學校",
    "name":"市立南港高中",
    "dist":"南港區",
    "loc":"臺北市南港區向陽路21號",
    "FIELD9":"",
    "FIELD10":null,
    "FIELD11":null
    }
  },
  {
    "type": "Feature",
    "geometry": {
       "type": "Point",
       "coordinates":  [ 121.6090194,25.0580014 ]
    },
    "properties": {
    "id":"SC232",
    "city":"台北市",
    "type":"學校",
    "name":"市立育成高中",
    "dist":"南港區",
    "loc":"臺北市南港區重陽路366號",
    "FIELD9":"",
    "FIELD10":null,
    "FIELD11":null
    }
  },
  {
    "type": "Feature",
    "geometry": {
       "type": "Point",
       "coordinates":  [ 121.5865841,25.0778104 ]
    },
    "properties": {
    "id":"SC233",
    "city":"台北市",
    "type":"學校",
    "name":"市立內湖高中",
    "dist":"內湖區",
    "loc":"臺北市內湖區文德路218號",
    "FIELD9":"",
    "FIELD10":null,
    "FIELD11":null
    }
  },
  {
    "type": "Feature",
    "geometry": {
       "type": "Point",
       "coordinates":  [ 121.5780273,25.0851252 ]
    },
    "properties": {
    "id":"SC234",
    "city":"台北市",
    "type":"學校",
    "name":"市立麗山高中",
    "dist":"內湖區",
    "loc":"臺北市內湖區環山路2段100號",
    "FIELD9":"",
    "FIELD10":null,
    "FIELD11":null
    }
  },
  {
    "type": "Feature",
    "geometry": {
       "type": "Point",
       "coordinates":  [ 121.6100378,25.0664149 ]
    },
    "properties": {
    "id":"SC235",
    "city":"台北市",
    "type":"學校",
    "name":"市立南湖高中",
    "dist":"內湖區",
    "loc":"臺北市內湖區康寧路3段220號",
    "FIELD9":"",
    "FIELD10":null,
    "FIELD11":null
    }
  },
  {
    "type": "Feature",
    "geometry": {
       "type": "Point",
       "coordinates":  [ 121.5170529,25.0923752 ]
    },
    "properties": {
    "id":"SC236",
    "city":"台北市",
    "type":"學校",
    "name":"市立陽明高中",
    "dist":"士林區",
    "loc":"臺北市士林區中正路510號",
    "FIELD9":"",
    "FIELD10":null,
    "FIELD11":null
    }
  },
  {
    "type": "Feature",
    "geometry": {
       "type": "Point",
       "coordinates":  [ 121.5237972,25.0866411 ]
    },
    "properties": {
    "id":"SC237",
    "city":"台北市",
    "type":"學校",
    "name":"市立百齡高中",
    "dist":"士林區",
    "loc":"臺北市士林區承德路4段177號",
    "FIELD9":"",
    "FIELD10":null,
    "FIELD11":null
    }
  },
  {
    "type": "Feature",
    "geometry": {
       "type": "Point",
       "coordinates":  [ 121.5020882,25.1437265 ]
    },
    "properties": {
    "id":"SC238",
    "city":"台北市",
    "type":"學校",
    "name":"市立復興高中",
    "dist":"北投區",
    "loc":"臺北市北投區復興四路70號",
    "FIELD9":"",
    "FIELD10":null,
    "FIELD11":null
    }
  },
  {
    "type": "Feature",
    "geometry": {
       "type": "Point",
       "coordinates":  [ 121.515946,25.1030785 ]
    },
    "properties": {
    "id":"SC239",
    "city":"台北市",
    "type":"學校",
    "name":"市立中正高中",
    "dist":"北投區",
    "loc":"臺北市北投區文林北路77號",
    "FIELD9":"",
    "FIELD10":null,
    "FIELD11":null
    }
  },
  {
    "type": "Feature",
    "geometry": {
       "type": "Point",
       "coordinates":  [ 121.5803458,25.0356929 ]
    },
    "properties": {
    "id":"SC240",
    "city":"台北市",
    "type":"學校",
    "name":"市立松山家商",
    "dist":"信義區",
    "loc":"臺北市信義區松山路655號",
    "FIELD9":"",
    "FIELD10":null,
    "FIELD11":null
    }
  },
  {
    "type": "Feature",
    "geometry": {
       "type": "Point",
       "coordinates":  [ 121.5652968,25.0406521 ]
    },
    "properties": {
    "id":"SC241",
    "city":"台北市",
    "type":"學校",
    "name":"市立松山工農",
    "dist":"信義區",
    "loc":"臺北市信義區忠孝東路5段236巷15號",
    "FIELD9":"",
    "FIELD10":null,
    "FIELD11":null
    }
  },
  {
    "type": "Feature",
    "geometry": {
       "type": "Point",
       "coordinates":  [ 121.542402,25.0317172 ]
    },
    "properties": {
    "id":"SC242",
    "city":"台北市",
    "type":"學校",
    "name":"市立大安高工",
    "dist":"大安區",
    "loc":"臺北市大安區復興南路2段52號",
    "FIELD9":"",
    "FIELD10":null,
    "FIELD11":null
    }
  },
  {
    "type": "Feature",
    "geometry": {
       "type": "Point",
       "coordinates":  [ 121.5618619,24.982055 ]
    },
    "properties": {
    "id":"SC243",
    "city":"台北市",
    "type":"學校",
    "name":"市立木柵高工",
    "dist":"文山區",
    "loc":"臺北市文山區木柵路4段77號",
    "FIELD9":"",
    "FIELD10":null,
    "FIELD11":null
    }
  },
  {
    "type": "Feature",
    "geometry": {
       "type": "Point",
       "coordinates":  [ 121.6079855,25.0561818 ]
    },
    "properties": {
    "id":"SC244",
    "city":"台北市",
    "type":"學校",
    "name":"市立南港高工",
    "dist":"南港區",
    "loc":"臺北市南港區興中路29號",
    "FIELD9":"",
    "FIELD10":null,
    "FIELD11":null
    }
  },
  {
    "type": "Feature",
    "geometry": {
       "type": "Point",
       "coordinates":  [ 121.5683655,25.0823089 ]
    },
    "properties": {
    "id":"SC245",
    "city":"台北市",
    "type":"學校",
    "name":"市立內湖高工",
    "dist":"內湖區",
    "loc":"臺北市內湖區內湖路1段520號",
    "FIELD9":"",
    "FIELD10":null,
    "FIELD11":null
    }
  },
  {
    "type": "Feature",
    "geometry": {
       "type": "Point",
       "coordinates":  [ 121.5158813,25.0942954 ]
    },
    "properties": {
    "id":"SC246",
    "city":"台北市",
    "type":"學校",
    "name":"市立士林高商",
    "dist":"士林區",
    "loc":"臺北市士林區士商路150號",
    "FIELD9":"",
    "FIELD10":null,
    "FIELD11":null
    }
  },
  {
    "type": "Feature",
    "geometry": {
       "type": "Point",
       "coordinates":  [ 121.5834986,25.0425841 ]
    },
    "properties": {
    "id":"SC247",
    "city":"台北市",
    "type":"學校",
    "name":"私立協和祐德高中",
    "dist":"信義區",
    "loc":"臺北市信義區忠孝東路5段790巷27號",
    "FIELD9":"",
    "FIELD10":null,
    "FIELD11":null
    }
  },
  {
    "type": "Feature",
    "geometry": {
       "type": "Point",
       "coordinates":  [ 121.5370546,25.0443768 ]
    },
    "properties": {
    "id":"SC248",
    "city":"台北市",
    "type":"學校",
    "name":"私立延平高中",
    "dist":"大安區",
    "loc":"臺北市大安區建國南路1段275號",
    "FIELD9":"",
    "FIELD10":null,
    "FIELD11":null
    }
  },
  {
    "type": "Feature",
    "geometry": {
       "type": "Point",
       "coordinates":  [ 121.5242651,25.0348377 ]
    },
    "properties": {
    "id":"SC249",
    "city":"台北市",
    "type":"學校",
    "name":"私立金甌女中",
    "dist":"大安區",
    "loc":"臺北市大安區杭州南路2段1號",
    "FIELD9":"",
    "FIELD10":null,
    "FIELD11":null
    }
  },
  {
    "type": "Feature",
    "geometry": {
       "type": "Point",
       "coordinates":  [ 121.547302,25.039689 ]
    },
    "properties": {
    "id":"SC250",
    "city":"台北市",
    "type":"學校",
    "name":"私立復興實驗高中",
    "dist":"大安區",
    "loc":"臺北市大安區敦化南路1段262號",
    "FIELD9":"",
    "FIELD10":null,
    "FIELD11":null
    }
  },
  {
    "type": "Feature",
    "geometry": {
       "type": "Point",
       "coordinates":  [ 121.5204092,25.066052 ]
    },
    "properties": {
    "id":"SC251",
    "city":"台北市",
    "type":"學校",
    "name":"私立大同高中",
    "dist":"中山區",
    "loc":"臺北市中山區中山北路3段40號",
    "FIELD9":"",
    "FIELD10":null,
    "FIELD11":null
    }
  },
  {
    "type": "Feature",
    "geometry": {
       "type": "Point",
       "coordinates":  [ 121.520407,25.0252695 ]
    },
    "properties": {
    "id":"SC252",
    "city":"台北市",
    "type":"學校",
    "name":"私立新民高中",
    "dist":"中正區",
    "loc":"臺北市中正區汀州路2段143號",
    "FIELD9":"",
    "FIELD10":null,
    "FIELD11":null
    }
  },
  {
    "type": "Feature",
    "geometry": {
       "type": "Point",
       "coordinates":  [ 121.5158567,25.0580893 ]
    },
    "properties": {
    "id":"SC253",
    "city":"台北市",
    "type":"學校",
    "name":"私立靜修高中",
    "dist":"大同區",
    "loc":"臺北市大同區寧夏路59號",
    "FIELD9":"",
    "FIELD10":null,
    "FIELD11":null
    }
  },
  {
    "type": "Feature",
    "geometry": {
       "type": "Point",
       "coordinates":  [ 121.5617967,24.9734306 ]
    },
    "properties": {
    "id":"SC254",
    "city":"台北市",
    "type":"學校",
    "name":"私立東山高中",
    "dist":"文山區",
    "loc":"臺北市文山區老泉街26巷3號",
    "FIELD9":"",
    "FIELD10":null,
    "FIELD11":null
    }
  },
  {
    "type": "Feature",
    "geometry": {
       "type": "Point",
       "coordinates":  [ 121.538888,24.9895098 ]
    },
    "properties": {
    "id":"SC255",
    "city":"台北市",
    "type":"學校",
    "name":"私立滬江高中",
    "dist":"文山區",
    "loc":"臺北市文山區羅斯福路6段336號",
    "FIELD9":"",
    "FIELD10":null,
    "FIELD11":null
    }
  },
  {
    "type": "Feature",
    "geometry": {
       "type": "Point",
       "coordinates":  [ 121.5785568,24.9909953 ]
    },
    "properties": {
    "id":"SC256",
    "city":"台北市",
    "type":"學校",
    "name":"私立大誠高中",
    "dist":"文山區",
    "loc":"臺北市文山區秀明路2段175號",
    "FIELD9":"",
    "FIELD10":null,
    "FIELD11":null
    }
  },
  {
    "type": "Feature",
    "geometry": {
       "type": "Point",
       "coordinates":  [ 121.5581046,24.9895593 ]
    },
    "properties": {
    "id":"SC257",
    "city":"台北市",
    "type":"學校",
    "name":"私立再興中學",
    "dist":"文山區",
    "loc":"臺北市文山區興隆路4段2號",
    "FIELD9":"",
    "FIELD10":null,
    "FIELD11":null
    }
  },
  {
    "type": "Feature",
    "geometry": {
       "type": "Point",
       "coordinates":  [ 121.5682179,24.9851813 ]
    },
    "properties": {
    "id":"SC258",
    "city":"台北市",
    "type":"學校",
    "name":"私立景文高中",
    "dist":"文山區",
    "loc":"臺北市文山區保儀路127號",
    "FIELD9":"",
    "FIELD10":null,
    "FIELD11":null
    }
  },
  {
    "type": "Feature",
    "geometry": {
       "type": "Point",
       "coordinates":  [ 121.5470355,24.9985757 ]
    },
    "properties": {
    "id":"SC259",
    "city":"台北市",
    "type":"學校",
    "name":"私立靜心高中",
    "dist":"文山區",
    "loc":"臺北市文山區興隆路2段46號",
    "FIELD9":"",
    "FIELD10":null,
    "FIELD11":null
    }
  },
  {
    "type": "Feature",
    "geometry": {
       "type": "Point",
       "coordinates":  [ 121.5879697,25.0811627 ]
    },
    "properties": {
    "id":"SC260",
    "city":"台北市",
    "type":"學校",
    "name":"私立達人高中",
    "dist":"內湖區",
    "loc":"臺北市內湖區內湖路2段314號",
    "FIELD9":"",
    "FIELD10":null,
    "FIELD11":null
    }
  },
  {
    "type": "Feature",
    "geometry": {
       "type": "Point",
       "coordinates":  [ 121.534681,25.0971719 ]
    },
    "properties": {
    "id":"SC261",
    "city":"台北市",
    "type":"學校",
    "name":"私立泰北高中",
    "dist":"士林區",
    "loc":"臺北市士林區福林路240號",
    "FIELD9":"",
    "FIELD10":null,
    "FIELD11":null
    }
  },
  {
    "type": "Feature",
    "geometry": {
       "type": "Point",
       "coordinates":  [ 121.552521,25.1025783 ]
    },
    "properties": {
    "id":"SC262",
    "city":"台北市",
    "type":"學校",
    "name":"私立衛理女中",
    "dist":"士林區",
    "loc":"臺北市士林區至善路2段321號",
    "FIELD9":"",
    "FIELD10":null,
    "FIELD11":null
    }
  },
  {
    "type": "Feature",
    "geometry": {
       "type": "Point",
       "coordinates":  [ 121.5402724,25.1022622 ]
    },
    "properties": {
    "id":"SC263",
    "city":"台北市",
    "type":"學校",
    "name":"私立華興高中",
    "dist":"士林區",
    "loc":"臺北市士林區仰德大道1段101號",
    "FIELD9":"",
    "FIELD10":null,
    "FIELD11":null
    }
  },
  {
    "type": "Feature",
    "geometry": {
       "type": "Point",
       "coordinates":  [ 121.5036327,25.1386378 ]
    },
    "properties": {
    "id":"SC264",
    "city":"台北市",
    "type":"學校",
    "name":"私立薇閣高中",
    "dist":"北投區",
    "loc":"臺北市北投區珠海路50號",
    "FIELD9":"",
    "FIELD10":null,
    "FIELD11":null
    }
  },
  {
    "type": "Feature",
    "geometry": {
       "type": "Point",
       "coordinates":  [ 121.4965579,25.1332357 ]
    },
    "properties": {
    "id":"SC265",
    "city":"台北市",
    "type":"學校",
    "name":"私立幼華高中",
    "dist":"北投區",
    "loc":"臺北市北投區北投路二段55號",
    "FIELD9":"",
    "FIELD10":null,
    "FIELD11":null
    }
  },
  {
    "type": "Feature",
    "geometry": {
       "type": "Point",
       "coordinates":  [ 121.5226374,25.1126912 ]
    },
    "properties": {
    "id":"SC266",
    "city":"台北市",
    "type":"學校",
    "name":"私立奎山實驗高中",
    "dist":"北投區",
    "loc":"臺北市北投區明德路200號",
    "FIELD9":"",
    "FIELD10":null,
    "FIELD11":null
    }
  },
  {
    "type": "Feature",
    "geometry": {
       "type": "Point",
       "coordinates":  [ 121.5541936,25.0497295 ]
    },
    "properties": {
    "id":"SC267",
    "city":"台北市",
    "type":"學校",
    "name":"私立育達高中",
    "dist":"松山區",
    "loc":"臺北市松山區寧安街12號",
    "FIELD9":"",
    "FIELD10":null,
    "FIELD11":null
    }
  },
  {
    "type": "Feature",
    "geometry": {
       "type": "Point",
       "coordinates":  [ 121.5511831,25.0320379 ]
    },
    "properties": {
    "id":"SC268",
    "city":"台北市",
    "type":"學校",
    "name":"私立東方工商",
    "dist":"大安區",
    "loc":"臺北市大安區信義路4段186巷8號",
    "FIELD9":"",
    "FIELD10":null,
    "FIELD11":null
    }
  },
  {
    "type": "Feature",
    "geometry": {
       "type": "Point",
       "coordinates":  [ 121.5545674,25.0256547 ]
    },
    "properties": {
    "id":"SC269",
    "city":"台北市",
    "type":"學校",
    "name":"私立喬治工商",
    "dist":"信義區",
    "loc":"臺北市信義區基隆路2段155號",
    "FIELD9":"",
    "FIELD10":null,
    "FIELD11":null
    }
  },
  {
    "type": "Feature",
    "geometry": {
       "type": "Point",
       "coordinates":  [ 121.5420609,25.0289215 ]
    },
    "properties": {
    "id":"SC270",
    "city":"台北市",
    "type":"學校",
    "name":"私立開平餐飲",
    "dist":"大安區",
    "loc":"臺北市大安區復興南路2段148巷24號",
    "FIELD9":"",
    "FIELD10":null,
    "FIELD11":null
    }
  },
  {
    "type": "Feature",
    "geometry": {
       "type": "Point",
       "coordinates":  [ 121.5289716,25.0656957 ]
    },
    "properties": {
    "id":"SC271",
    "city":"台北市",
    "type":"學校",
    "name":"私立稻江護家",
    "dist":"中山區",
    "loc":"臺北市中山區新生北路3段55號",
    "FIELD9":"",
    "FIELD10":null,
    "FIELD11":null
    }
  },
  {
    "type": "Feature",
    "geometry": {
       "type": "Point",
       "coordinates":  [ 121.521656,25.0420526 ]
    },
    "properties": {
    "id":"SC272",
    "city":"台北市",
    "type":"學校",
    "name":"私立開南高中",
    "dist":"中正區",
    "loc":"臺北市中正區濟南路一段6號",
    "FIELD9":"",
    "FIELD10":null,
    "FIELD11":null
    }
  },
  {
    "type": "Feature",
    "geometry": {
       "type": "Point",
       "coordinates":  [ 121.511917,25.0643188 ]
    },
    "properties": {
    "id":"SC273",
    "city":"台北市",
    "type":"學校",
    "name":"私立稻江高商",
    "dist":"大同區",
    "loc":"臺北市大同區民權西路225巷24號",
    "FIELD9":"",
    "FIELD10":null,
    "FIELD11":null
    }
  },
  {
    "type": "Feature",
    "geometry": {
       "type": "Point",
       "coordinates":  [ 121.5489978,25.1373423 ]
    },
    "properties": {
    "id":"SC274",
    "city":"台北市",
    "type":"學校",
    "name":"私立華岡藝校",
    "dist":"士林區",
    "loc":"臺北市士林區建業路73巷8號",
    "FIELD9":"",
    "FIELD10":null,
    "FIELD11":null
    }
  },
  {
    "type": "Feature",
    "geometry": {
       "type": "Point",
       "coordinates":  [ 121.5271076,25.1449497 ]
    },
    "properties": {
    "id":"SC275",
    "city":"台北市",
    "type":"學校",
    "name":"私立惇敘工商",
    "dist":"北投區",
    "loc":"臺北市北投區泉源路221號",
    "FIELD9":"",
    "FIELD10":null,
    "FIELD11":null
    }
  },
  {
    "type": "Feature",
    "geometry": {
       "type": "Point",
       "coordinates":  [ 121.531068,25.0155926 ]
    },
    "properties": {
    "id":"SC276",
    "city":"台北市",
    "type":"學校",
    "name":"私立南華高中",
    "dist":"中正區",
    "loc":"臺北市中正區汀州路3段58號",
    "FIELD9":"",
    "FIELD10":null,
    "FIELD11":null
    }
  },
  {
    "type": "Feature",
    "geometry": {
       "type": "Point",
       "coordinates":  [ 121.5188031,25.0521994 ]
    },
    "properties": {
    "id":"SC277",
    "city":"台北市",
    "type":"學校",
    "name":"私立志仁高中",
    "dist":"大同區",
    "loc":"臺北市大同區南京西路64巷17號",
    "FIELD9":"",
    "FIELD10":null,
    "FIELD11":null
    }
  },
  {
    "type": "Feature",
    "geometry": {
       "type": "Point",
       "coordinates":  [ 121.5125555,25.0748649 ]
    },
    "properties": {
    "id":"SC278",
    "city":"台北市",
    "type":"學校",
    "name":"臺北市立啟聰學校",
    "dist":"大同區",
    "loc":"臺北市大同區重慶北路三段320號",
    "FIELD9":"",
    "FIELD10":null,
    "FIELD11":null
    }
  },
  {
    "type": "Feature",
    "geometry": {
       "type": "Point",
       "coordinates":  [ 121.5361083,25.1170569 ]
    },
    "properties": {
    "id":"SC279",
    "city":"台北市",
    "type":"學校",
    "name":"臺北市立臺北特殊教育學校",
    "dist":"士林區",
    "loc":"臺北市士林區忠誠路二段207巷3號",
    "FIELD9":"",
    "FIELD10":null,
    "FIELD11":null
    }
  },
  {
    "type": "Feature",
    "geometry": {
       "type": "Point",
       "coordinates":  [ 121.5352608,25.1170496 ]
    },
    "properties": {
    "id":"SC280",
    "city":"台北市",
    "type":"學校",
    "name":"臺北市立啟明學校",
    "dist":"士林區",
    "loc":"臺北市士林區忠誠路二段207巷1號",
    "FIELD9":"",
    "FIELD10":null,
    "FIELD11":null
    }
  },
  {
    "type": "Feature",
    "geometry": {
       "type": "Point",
       "coordinates":  [ 121.5675044,24.9916477 ]
    },
    "properties": {
    "id":"SC281",
    "city":"台北市",
    "type":"學校",
    "name":"臺北市立文山特殊教育學校",
    "dist":"文山區",
    "loc":"臺北市文山區秀明路一段169號",
    "FIELD9":"",
    "FIELD10":null,
    "FIELD11":null
    }
  },
  {
    "type": "Feature",
    "geometry": {
       "type": "Point",
       "coordinates":  [ 121.5129526,25.0358375 ]
    },
    "properties": {
    "id":"SC282",
    "city":"台北市",
    "type":"學校",
    "name":"臺北市立大學（博愛校區）",
    "dist":"中正區",
    "loc":"臺北市中正區愛國西路1號",
    "FIELD9":"",
    "FIELD10":null,
    "FIELD11":null
    }
  },
  {
    "type": "Feature",
    "geometry": {
       "type": "Point",
       "coordinates":  [ 121.5341952,25.1161487 ]
    },
    "properties": {
    "id":"SC283",
    "city":"台北市",
    "type":"學校",
    "name":"臺北市立大學（天母校區）",
    "dist":"士林區",
    "loc":"臺北市士林區忠誠路二段101號",
    "FIELD9":"",
    "FIELD10":null,
    "FIELD11":null
    }
  },
  {
    "type": "Feature",
    "geometry": {
       "type": "Point",
       "coordinates":  [ 121.3959003,25.1451863 ]
    },
    "properties": {
    "id":"NTP1",
    "city":"新北市",
    "type":"公園",
    "name":"訊塘社區公園(公兒十)",
    "dist":"八里區",
    "loc":"新北市八里區商港路與中山路二段路口",
    "FIELD9":"",
    "FIELD10":null,
    "FIELD11":null
    }
  },
  {
    "type": "Feature",
    "geometry": {
       "type": "Point",
       "coordinates":  [ 121.4184214,25.1588094 ]
    },
    "properties": {
    "id":"NTP2",
    "city":"新北市",
    "type":"公園",
    "name":"南山公園 (公兒三)",
    "dist":"八里區",
    "loc":"新北市八里區賢三街30號對面",
    "FIELD9":"",
    "FIELD10":null,
    "FIELD11":null
    }
  },
  {
    "type": "Feature",
    "geometry": {
       "type": "Point",
       "coordinates":  [ 121.419388,25.161215 ]
    },
    "properties": {
    "id":"NTP3",
    "city":"新北市",
    "type":"公園",
    "name":"北河公園(公兒二)",
    "dist":"八里區",
    "loc":"新北市八里區忠孝路與忠八街路口",
    "FIELD9":"",
    "FIELD10":null,
    "FIELD11":null
    }
  },
  {
    "type": "Feature",
    "geometry": {
       "type": "Point",
       "coordinates":  [ 121.401398,25.1476403 ]
    },
    "properties": {
    "id":"NTP4",
    "city":"新北市",
    "type":"公園",
    "name":"舊城公園(公兒七)",
    "dist":"八里區",
    "loc":"新北市八里區中山路二段303巷底",
    "FIELD9":"",
    "FIELD10":null,
    "FIELD11":null
    }
  },
  {
    "type": "Feature",
    "geometry": {
       "type": "Point",
       "coordinates":  [ 121.4293917,25.1603745 ]
    },
    "properties": {
    "id":"NTP5",
    "city":"新北市",
    "type":"公園",
    "name":"大崁環保公園",
    "dist":"八里區",
    "loc":"新北市八里區觀海大道29號對面",
    "FIELD9":"",
    "FIELD10":null,
    "FIELD11":null
    }
  },
  {
    "type": "Feature",
    "geometry": {
       "type": "Point",
       "coordinates":  [ 121.4506989,25.1305402 ]
    },
    "properties": {
    "id":"NTP6",
    "city":"新北市",
    "type":"公園",
    "name":"龍源公園",
    "dist":"八里區",
    "loc":"新北市八里區龍形一街與龍形二街交叉處",
    "FIELD9":"",
    "FIELD10":null,
    "FIELD11":null
    }
  },
  {
    "type": "Feature",
    "geometry": {
       "type": "Point",
       "coordinates":  { }
    },
    "properties": {
    "id":"NTP7",
    "city":"新北市",
    "type":"公園",
    "name":"文昌公園(兒四)",
    "dist":"八里區",
    "loc":"中庄段1號地號 中山路二段與文昌路口",
    "FIELD9":"",
    "FIELD10":null,
    "FIELD11":null
    }
  },
  {
    "type": "Feature",
    "geometry": {
       "type": "Point",
       "coordinates":  [ 121.3726361,25.0576812 ]
    },
    "properties": {
    "id":"NTP8",
    "city":"新北市",
    "type":"公園",
    "name":"狀元公園(兒五)",
    "dist":"八里區",
    "loc":"中庄段242號 文昌五街與狀元路口",
    "FIELD9":"",
    "FIELD10":null,
    "FIELD11":null
    }
  },
  {
    "type": "Feature",
    "geometry": {
       "type": "Point",
       "coordinates":  [ 121.4531227,25.0536887 ]
    },
    "properties": {
    "id":"NTP9",
    "city":"新北市",
    "type":"公園",
    "name":"片仔溝公園(兒六)",
    "dist":"八里區",
    "loc":"中庄段282號 中華路二段258巷與中華路口",
    "FIELD9":"",
    "FIELD10":null,
    "FIELD11":null
    }
  },
  {
    "type": "Feature",
    "geometry": {
       "type": "Point",
       "coordinates":  [ 121.3935529,25.1486398 ]
    },
    "properties": {
    "id":"NTP10",
    "city":"新北市",
    "type":"公園",
    "name":"商港路旁綠地(兒九)",
    "dist":"八里區",
    "loc":"商港段25號地號商港路(中山路二段500巷底)",
    "FIELD9":"",
    "FIELD10":null,
    "FIELD11":null
    }
  },
  {
    "type": "Feature",
    "geometry": {
       "type": "Point",
       "coordinates":  [ 121.3975659,25.1445467 ]
    },
    "properties": {
    "id":"NTP11",
    "city":"新北市",
    "type":"公園",
    "name":"水仙公園(公六)",
    "dist":"八里區",
    "loc":"訊塘段1號商港路與商港3路口",
    "FIELD9":"",
    "FIELD10":null,
    "FIELD11":null
    }
  },
  {
    "type": "Feature",
    "geometry": {
       "type": "Point",
       "coordinates":  [ 121.5654177,25.0329694 ]
    },
    "properties": {
    "id":"NTP12",
    "city":"新北市",
    "type":"公園",
    "name":"商港公園(公七)",
    "dist":"八里區",
    "loc":"台北港段66號地號 商港8路與商港7路口",
    "FIELD9":"",
    "FIELD10":null,
    "FIELD11":null
    }
  },
  {
    "type": "Feature",
    "geometry": {
       "type": "Point",
       "coordinates":  [ 121.3965608,25.1436734 ]
    },
    "properties": {
    "id":"NTP13",
    "city":"新北市",
    "type":"公園",
    "name":"訊庄埔公園(公八)",
    "dist":"八里區",
    "loc":"訊塘段10號地號 中山路三段(廖添丁廟旁)",
    "FIELD9":"",
    "FIELD10":null,
    "FIELD11":null
    }
  },
  {
    "type": "Feature",
    "geometry": {
       "type": "Point",
       "coordinates":  [ 121.4050877,25.1544048 ]
    },
    "properties": {
    "id":"NTP14",
    "city":"新北市",
    "type":"公園",
    "name":"八里區行政大樓(公博二)",
    "dist":"八里區",
    "loc":"台北港段121號地號 八里大道與商港一路",
    "FIELD9":"",
    "FIELD10":null,
    "FIELD11":null
    }
  },
  {
    "type": "Feature",
    "geometry": {
       "type": "Point",
       "coordinates":  [ 121.4064373,25.1532667 ]
    },
    "properties": {
    "id":"NTP15",
    "city":"新北市",
    "type":"公園",
    "name":"頂罟活動中心綠地(公博三)",
    "dist":"八里區",
    "loc":"台北港段274號地號八里大道與中山路二段",
    "FIELD9":"",
    "FIELD10":null,
    "FIELD11":null
    }
  },
  {
    "type": "Feature",
    "geometry": {
       "type": "Point",
       "coordinates":  [ 121.395923,25.146195 ]
    },
    "properties": {
    "id":"NTP16",
    "city":"新北市",
    "type":"公園",
    "name":"訊塘廣場(廣場用地)",
    "dist":"八里區",
    "loc":"訊塘段39號地號訊塘一路與訊塘二路(廖添丁廟旁)",
    "FIELD9":"",
    "FIELD10":null,
    "FIELD11":null
    }
  },
  {
    "type": "Feature",
    "geometry": {
       "type": "Point",
       "coordinates":  [ 121.3970761,25.1479301 ]
    },
    "properties": {
    "id":"NTP17",
    "city":"新北市",
    "type":"公園",
    "name":"商港一路綠地(兒九)",
    "dist":"八里區",
    "loc":"新北市八里區中山路二段500巷與商港一路交叉街口",
    "FIELD9":"",
    "FIELD10":null,
    "FIELD11":null
    }
  },
  {
    "type": "Feature",
    "geometry": {
       "type": "Point",
       "coordinates":  [ 121.4334413,25.1580372 ]
    },
    "properties": {
    "id":"NTP18",
    "city":"新北市",
    "type":"公園",
    "name":"渡船頭公園",
    "dist":"八里區",
    "loc":"新北市八里區龍米路二段201巷",
    "FIELD9":"",
    "FIELD10":null,
    "FIELD11":null
    }
  },
  {
    "type": "Feature",
    "geometry": {
       "type": "Point",
       "coordinates":  [ 121.4041963,25.1552376 ]
    },
    "properties": {
    "id":"NTP19",
    "city":"新北市",
    "type":"公園",
    "name":"公博一公園",
    "dist":"八里區",
    "loc":"台北港段123號地號 八里大道與商港三路",
    "FIELD9":"",
    "FIELD10":null,
    "FIELD11":null
    }
  },
  {
    "type": "Feature",
    "geometry": {
       "type": "Point",
       "coordinates":  [ 121.4035252,25.1566698 ]
    },
    "properties": {
    "id":"NTP20",
    "city":"新北市",
    "type":"公園",
    "name":"新北考古公園(公五)",
    "dist":"八里區",
    "loc":"商港三路2號",
    "FIELD9":"",
    "FIELD10":null,
    "FIELD11":null
    }
  },
  {
    "type": "Feature",
    "geometry": {
       "type": "Point",
       "coordinates":  { }
    },
    "properties": {
    "id":"NTP21",
    "city":"新北市",
    "type":"公園",
    "name":"兒三公園",
    "dist":"三芝區",
    "loc":"公正街旁",
    "FIELD9":"",
    "FIELD10":null,
    "FIELD11":null
    }
  },
  {
    "type": "Feature",
    "geometry": {
       "type": "Point",
       "coordinates":  [ 116.57467,38.08853 ]
    },
    "properties": {
    "id":"NTP22",
    "city":"新北市",
    "type":"公園",
    "name":"兒二公園",
    "dist":"三芝區",
    "loc":"長安街巷內",
    "FIELD9":"",
    "FIELD10":null,
    "FIELD11":null
    }
  },
  {
    "type": "Feature",
    "geometry": {
       "type": "Point",
       "coordinates":  [ 121.5035247,25.2603233 ]
    },
    "properties": {
    "id":"NTP23",
    "city":"新北市",
    "type":"公園",
    "name":"兒一公園",
    "dist":"三芝區",
    "loc":"淡金路二段43號巷內",
    "FIELD9":"",
    "FIELD10":null,
    "FIELD11":null
    }
  },
  {
    "type": "Feature",
    "geometry": {
       "type": "Point",
       "coordinates":  [ 121.4844214,25.0798641 ]
    },
    "properties": {
    "id":"NTP24",
    "city":"新北市",
    "type":"公園",
    "name":"慈生公園(遊五)",
    "dist":"三重區",
    "loc":"三和路四段191巷78號",
    "FIELD9":"",
    "FIELD10":null,
    "FIELD11":null
    }
  },
  {
    "type": "Feature",
    "geometry": {
       "type": "Point",
       "coordinates":  [ 121.4909212,25.0818442 ]
    },
    "properties": {
    "id":"NTP25",
    "city":"新北市",
    "type":"公園",
    "name":"慈祐公園(遊四)",
    "dist":"三重區",
    "loc":"仁愛街425巷9-1號",
    "FIELD9":"",
    "FIELD10":null,
    "FIELD11":null
    }
  },
  {
    "type": "Feature",
    "geometry": {
       "type": "Point",
       "coordinates":  [ 121.4883063,25.0846528 ]
    },
    "properties": {
    "id":"NTP26",
    "city":"新北市",
    "type":"公園",
    "name":"慈化公園(遊三)",
    "dist":"三重區",
    "loc":"溪尾街327號",
    "FIELD9":"",
    "FIELD10":null,
    "FIELD11":null
    }
  },
  {
    "type": "Feature",
    "geometry": {
       "type": "Point",
       "coordinates":  [ 121.4846026,25.0763207 ]
    },
    "properties": {
    "id":"NTP27",
    "city":"新北市",
    "type":"公園",
    "name":"永盛公園(公十八)",
    "dist":"三重區",
    "loc":"車路頭街133號﹝義天宮旁﹞",
    "FIELD9":"",
    "FIELD10":null,
    "FIELD11":null
    }
  },
  {
    "type": "Feature",
    "geometry": {
       "type": "Point",
       "coordinates":  [ 121.4785561,25.0744877 ]
    },
    "properties": {
    "id":"NTP28",
    "city":"新北市",
    "type":"公園",
    "name":"永豐公園(遊八)",
    "dist":"三重區",
    "loc":"永福街197巷6-1號",
    "FIELD9":"",
    "FIELD10":null,
    "FIELD11":null
    }
  },
  {
    "type": "Feature",
    "geometry": {
       "type": "Point",
       "coordinates":  [ 121.4941483,25.084305 ]
    },
    "properties": {
    "id":"NTP29",
    "city":"新北市",
    "type":"公園",
    "name":"五華公園(遊一)",
    "dist":"三重區",
    "loc":"仁義街228巷12號",
    "FIELD9":"",
    "FIELD10":null,
    "FIELD11":null
    }
  },
  {
    "type": "Feature",
    "geometry": {
       "type": "Point",
       "coordinates":  [ 121.4960478,25.0808214 ]
    },
    "properties": {
    "id":"NTP30",
    "city":"新北市",
    "type":"公園",
    "name":"五常公園(遊二)",
    "dist":"三重區",
    "loc":"五華街7巷30號",
    "FIELD9":"",
    "FIELD10":null,
    "FIELD11":null
    }
  },
  {
    "type": "Feature",
    "geometry": {
       "type": "Point",
       "coordinates":  [ 121.4810443,25.0765312 ]
    },
    "properties": {
    "id":"NTP31",
    "city":"新北市",
    "type":"公園",
    "name":"永福公園(遊七)",
    "dist":"三重區",
    "loc":"力行路二段162巷55號",
    "FIELD9":"",
    "FIELD10":null,
    "FIELD11":null
    }
  },
  {
    "type": "Feature",
    "geometry": {
       "type": "Point",
       "coordinates":  [ 121.4848231,25.0809058 ]
    },
    "properties": {
    "id":"NTP32",
    "city":"新北市",
    "type":"公園",
    "name":"慈愛公園(公十五)",
    "dist":"三重區",
    "loc":"仁美街108巷13號",
    "FIELD9":"",
    "FIELD10":null,
    "FIELD11":null
    }
  },
  {
    "type": "Feature",
    "geometry": {
       "type": "Point",
       "coordinates":  [ 121.48766,25.0836448 ]
    },
    "properties": {
    "id":"NTP33",
    "city":"新北市",
    "type":"公園",
    "name":"碧華公園",
    "dist":"三重區",
    "loc":"溪尾街(東區圖書館對面)",
    "FIELD9":"",
    "FIELD10":null,
    "FIELD11":null
    }
  },
  {
    "type": "Feature",
    "geometry": {
       "type": "Point",
       "coordinates":  [ 120.2897568,22.6348787 ]
    },
    "properties": {
    "id":"NTP34",
    "city":"新北市",
    "type":"公園",
    "name":"福田公園(公二七)",
    "dist":"三重區",
    "loc":"三民街261號對面",
    "FIELD9":"",
    "FIELD10":null,
    "FIELD11":null
    }
  },
  {
    "type": "Feature",
    "geometry": {
       "type": "Point",
       "coordinates":  [ 121.35453,30.86854 ]
    },
    "properties": {
    "id":"NTP35",
    "city":"新北市",
    "type":"公園",
    "name":"興華公園(公三二)",
    "dist":"三重區",
    "loc":"中華路5號",
    "FIELD9":"",
    "FIELD10":null,
    "FIELD11":null
    }
  },
  {
    "type": "Feature",
    "geometry": {
       "type": "Point",
       "coordinates":  [ 121.487033,25.060918 ]
    },
    "properties": {
    "id":"NTP36",
    "city":"新北市",
    "type":"公園",
    "name":"重陽公園(公三三)",
    "dist":"三重區",
    "loc":"重陽路1段60巷101號",
    "FIELD9":"",
    "FIELD10":null,
    "FIELD11":null
    }
  },
  {
    "type": "Feature",
    "geometry": {
       "type": "Point",
       "coordinates":  [ 121.4721805,25.0465372 ]
    },
    "properties": {
    "id":"NTP37",
    "city":"新北市",
    "type":"公園",
    "name":"重新公園(公四十二)",
    "dist":"三重區",
    "loc":"重新路五段254-1號重新橋下",
    "FIELD9":"",
    "FIELD10":null,
    "FIELD11":null
    }
  },
  {
    "type": "Feature",
    "geometry": {
       "type": "Point",
       "coordinates":  [ 120.2966445,23.0604569 ]
    },
    "properties": {
    "id":"NTP38",
    "city":"新北市",
    "type":"公園",
    "name":"聯邦公園 (公二九)",
    "dist":"三重區",
    "loc":"中華路125號",
    "FIELD9":"",
    "FIELD10":null,
    "FIELD11":null
    }
  },
  {
    "type": "Feature",
    "geometry": {
       "type": "Point",
       "coordinates":  [ 121.499528,25.0591939 ]
    },
    "properties": {
    "id":"NTP39",
    "city":"新北市",
    "type":"公園",
    "name":"光興公園",
    "dist":"三重區",
    "loc":"正義南路62號之1旁",
    "FIELD9":"",
    "FIELD10":null,
    "FIELD11":null
    }
  },
  {
    "type": "Feature",
    "geometry": {
       "type": "Point",
       "coordinates":  { }
    },
    "properties": {
    "id":"NTP40",
    "city":"新北市",
    "type":"公園",
    "name":"公36同安公園",
    "dist":"三重區",
    "loc":"正義南路",
    "FIELD9":"25.0575278",
    "FIELD10":null,
    "FIELD11":null
    }
  },
  {
    "type": "Feature",
    "geometry": {
       "type": "Point",
       "coordinates":  { }
    },
    "properties": {
    "id":"NTP41",
    "city":"新北市",
    "type":"公園",
    "name":"公35同安公園",
    "dist":"三重區",
    "loc":"文化南路",
    "FIELD9":"25.058301",
    "FIELD10":null,
    "FIELD11":null
    }
  },
  {
    "type": "Feature",
    "geometry": {
       "type": "Point",
       "coordinates":  [ 121.4927253,25.0577914 ]
    },
    "properties": {
    "id":"NTP42",
    "city":"新北市",
    "type":"公園",
    "name":"菜寮公園 (公十三)",
    "dist":"三重區",
    "loc":"中寮街57巷18號",
    "FIELD9":"",
    "FIELD10":null,
    "FIELD11":null
    }
  },
  {
    "type": "Feature",
    "geometry": {
       "type": "Point",
       "coordinates":  [ 121.4894608,25.0548349 ]
    },
    "properties": {
    "id":"NTP43",
    "city":"新北市",
    "type":"公園",
    "name":"玫瑰公園(公四五)",
    "dist":"三重區",
    "loc":"集美街60號",
    "FIELD9":"",
    "FIELD10":null,
    "FIELD11":null
    }
  },
  {
    "type": "Feature",
    "geometry": {
       "type": "Point",
       "coordinates":  [ 121.4909612,25.0658508 ]
    },
    "properties": {
    "id":"NTP44",
    "city":"新北市",
    "type":"公園",
    "name":"大同公園(公九)",
    "dist":"三重區",
    "loc":"大同北路186號",
    "FIELD9":"",
    "FIELD10":null,
    "FIELD11":null
    }
  },
  {
    "type": "Feature",
    "geometry": {
       "type": "Point",
       "coordinates":  { }
    },
    "properties": {
    "id":"NTP45",
    "city":"新北市",
    "type":"公園",
    "name":"信義公園(公八)",
    "dist":"三重區",
    "loc":"文化北路",
    "FIELD9":"25.0648087",
    "FIELD10":null,
    "FIELD11":null
    }
  },
  {
    "type": "Feature",
    "geometry": {
       "type": "Point",
       "coordinates":  [ 121.4952754,25.0633756 ]
    },
    "properties": {
    "id":"NTP46",
    "city":"新北市",
    "type":"公園",
    "name":"大智公園",
    "dist":"三重區",
    "loc":"大同北路61號對面",
    "FIELD9":"",
    "FIELD10":null,
    "FIELD11":null
    }
  },
  {
    "type": "Feature",
    "geometry": {
       "type": "Point",
       "coordinates":  [ 121.4883955,25.0601734 ]
    },
    "properties": {
    "id":"NTP47",
    "city":"新北市",
    "type":"公園",
    "name":"過圳公園 (公十二)",
    "dist":"三重區",
    "loc":"過圳街19號",
    "FIELD9":"",
    "FIELD10":null,
    "FIELD11":null
    }
  },
  {
    "type": "Feature",
    "geometry": {
       "type": "Point",
       "coordinates":  [ 121.503346,25.0662822 ]
    },
    "properties": {
    "id":"NTP48",
    "city":"新北市",
    "type":"公園",
    "name":"開元公園(公三十)",
    "dist":"三重區",
    "loc":"長元街65巷16弄16號對面",
    "FIELD9":"",
    "FIELD10":null,
    "FIELD11":null
    }
  },
  {
    "type": "Feature",
    "geometry": {
       "type": "Point",
       "coordinates":  [ 121.4876336,25.0727932 ]
    },
    "properties": {
    "id":"NTP49",
    "city":"新北市",
    "type":"公園",
    "name":"永德公園(公廿)",
    "dist":"三重區",
    "loc":"自強路三段43巷23號",
    "FIELD9":"",
    "FIELD10":null,
    "FIELD11":null
    }
  },
  {
    "type": "Feature",
    "geometry": {
       "type": "Point",
       "coordinates":  { }
    },
    "properties": {
    "id":"NTP50",
    "city":"新北市",
    "type":"公園",
    "name":"小永德公園",
    "dist":"三重區",
    "loc":"忠孝路一段",
    "FIELD9":"25.07051",
    "FIELD10":null,
    "FIELD11":null
    }
  },
  {
    "type": "Feature",
    "geometry": {
       "type": "Point",
       "coordinates":  [ 121.4857946,25.0729413 ]
    },
    "properties": {
    "id":"NTP51",
    "city":"新北市",
    "type":"公園",
    "name":"後竹圍公園(公廿一)",
    "dist":"三重區",
    "loc":"自強路3段62巷25號對面",
    "FIELD9":"",
    "FIELD10":null,
    "FIELD11":null
    }
  },
  {
    "type": "Feature",
    "geometry": {
       "type": "Point",
       "coordinates":  [ 121.4917068,25.0724701 ]
    },
    "properties": {
    "id":"NTP52",
    "city":"新北市",
    "type":"公園",
    "name":"厚德公園(公十九)",
    "dist":"三重區",
    "loc":"忠孝路一段21巷",
    "FIELD9":"",
    "FIELD10":null,
    "FIELD11":null
    }
  },
  {
    "type": "Feature",
    "geometry": {
       "type": "Point",
       "coordinates":  { }
    },
    "properties": {
    "id":"NTP53",
    "city":"新北市",
    "type":"公園",
    "name":"和平公園(公廿三",
    "dist":"廿四)",
    "loc":"三重區",
    "FIELD9":"25.0715396",
    "FIELD10":null,
    "FIELD11":null
    }
  },
  {
    "type": "Feature",
    "geometry": {
       "type": "Point",
       "coordinates":  [ 121.4890416,25.0696796 ]
    },
    "properties": {
    "id":"NTP54",
    "city":"新北市",
    "type":"公園",
    "name":"六合公園(公廿五)",
    "dist":"三重區",
    "loc":"自強路二段50巷",
    "FIELD9":"",
    "FIELD10":null,
    "FIELD11":null
    }
  },
  {
    "type": "Feature",
    "geometry": {
       "type": "Point",
       "coordinates":  [ 121.4913979,25.069759 ]
    },
    "properties": {
    "id":"NTP55",
    "city":"新北市",
    "type":"公園",
    "name":"三張公園 (公廿二)",
    "dist":"三重區",
    "loc":"大智街(重陽路四段忠孝路一段)",
    "FIELD9":"",
    "FIELD10":null,
    "FIELD11":null
    }
  },
  {
    "type": "Feature",
    "geometry": {
       "type": "Point",
       "coordinates":  [ 121.4944498,25.0720673 ]
    },
    "properties": {
    "id":"NTP56",
    "city":"新北市",
    "type":"公園",
    "name":"介壽公園(公十七)",
    "dist":"三重區",
    "loc":"三和路三段〈高速公路匝道〉",
    "FIELD9":"",
    "FIELD10":null,
    "FIELD11":null
    }
  },
  {
    "type": "Feature",
    "geometry": {
       "type": "Point",
       "coordinates":  { }
    },
    "properties": {
    "id":"NTP57",
    "city":"新北市",
    "type":"公園",
    "name":"正義公園(公六)",
    "dist":"三重區",
    "loc":"雙園街",
    "FIELD9":"25.0682595",
    "FIELD10":null,
    "FIELD11":null
    }
  },
  {
    "type": "Feature",
    "geometry": {
       "type": "Point",
       "coordinates":  [ 121.4936384,25.0696984 ]
    },
    "properties": {
    "id":"NTP58",
    "city":"新北市",
    "type":"公園",
    "name":"六張公園(公七)",
    "dist":"三重區",
    "loc":"六張街78號前",
    "FIELD9":"",
    "FIELD10":null,
    "FIELD11":null
    }
  },
  {
    "type": "Feature",
    "geometry": {
       "type": "Point",
       "coordinates":  [ 121.4830631,25.06551 ]
    },
    "properties": {
    "id":"NTP59",
    "city":"新北市",
    "type":"公園",
    "name":"三民公園(公廿八)",
    "dist":"三重區",
    "loc":"忠孝路3段40巷51號",
    "FIELD9":"",
    "FIELD10":null,
    "FIELD11":null
    }
  },
  {
    "type": "Feature",
    "geometry": {
       "type": "Point",
       "coordinates":  [ 121.1346516,22.7496482 ]
    },
    "properties": {
    "id":"NTP60",
    "city":"新北市",
    "type":"公園",
    "name":"三德公園(公一)",
    "dist":"三重區",
    "loc":"仁昌街109號",
    "FIELD9":"",
    "FIELD10":null,
    "FIELD11":null
    }
  },
  {
    "type": "Feature",
    "geometry": {
       "type": "Point",
       "coordinates":  [ 121.5023237,25.0728648 ]
    },
    "properties": {
    "id":"NTP61",
    "city":"新北市",
    "type":"公園",
    "name":"龍濱公園(公三)",
    "dist":"三重區",
    "loc":"秀江街28號",
    "FIELD9":"",
    "FIELD10":null,
    "FIELD11":null
    }
  },
  {
    "type": "Feature",
    "geometry": {
       "type": "Point",
       "coordinates":  [ 121.4972094,25.0747496 ]
    },
    "properties": {
    "id":"NTP62",
    "city":"新北市",
    "type":"公園",
    "name":"龍門公園(公二)",
    "dist":"三重區",
    "loc":"仁福街40號前",
    "FIELD9":"",
    "FIELD10":null,
    "FIELD11":null
    }
  },
  {
    "type": "Feature",
    "geometry": {
       "type": "Point",
       "coordinates":  { }
    },
    "properties": {
    "id":"NTP63",
    "city":"新北市",
    "type":"公園",
    "name":"中山藝術公園(綠三)",
    "dist":"三重區",
    "loc":"新北大道1段1號旁",
    "FIELD9":"",
    "FIELD10":null,
    "FIELD11":null
    }
  },
  {
    "type": "Feature",
    "geometry": {
       "type": "Point",
       "coordinates":  [ 121.4898847,25.0917798 ]
    },
    "properties": {
    "id":"NTP64",
    "city":"新北市",
    "type":"公園",
    "name":"親水公園(兒十)",
    "dist":"三重區",
    "loc":"環河北路(溪美抽水站斜對面)",
    "FIELD9":"",
    "FIELD10":null,
    "FIELD11":null
    }
  },
  {
    "type": "Feature",
    "geometry": {
       "type": "Point",
       "coordinates":  { }
    },
    "properties": {
    "id":"NTP65",
    "city":"新北市",
    "type":"公園",
    "name":"大山公園",
    "dist":"三重區",
    "loc":"三賢路與信賢路口",
    "FIELD9":"",
    "FIELD10":null,
    "FIELD11":null
    }
  },
  {
    "type": "Feature",
    "geometry": {
       "type": "Point",
       "coordinates":  [ 121.4858031,25.0866814 ]
    },
    "properties": {
    "id":"NTP66",
    "city":"新北市",
    "type":"公園",
    "name":"太陽公園",
    "dist":"三重區",
    "loc":"集英路與三賢路口",
    "FIELD9":"",
    "FIELD10":null,
    "FIELD11":null
    }
  },
  {
    "type": "Feature",
    "geometry": {
       "type": "Point",
       "coordinates":  [ 118.216798,34.930698 ]
    },
    "properties": {
    "id":"NTP67",
    "city":"新北市",
    "type":"公園",
    "name":"自然公園(公三)",
    "dist":"三重區",
    "loc":"五華街與集興路口",
    "FIELD9":"",
    "FIELD10":null,
    "FIELD11":null
    }
  },
  {
    "type": "Feature",
    "geometry": {
       "type": "Point",
       "coordinates":  [ 121.4938584,25.0869431 ]
    },
    "properties": {
    "id":"NTP68",
    "city":"新北市",
    "type":"公園",
    "name":"進安公園(兒九)",
    "dist":"三重區",
    "loc":"進安街與仁義街口",
    "FIELD9":"",
    "FIELD10":null,
    "FIELD11":null
    }
  },
  {
    "type": "Feature",
    "geometry": {
       "type": "Point",
       "coordinates":  [ 121.4859257,25.0890747 ]
    },
    "properties": {
    "id":"NTP69",
    "city":"新北市",
    "type":"公園",
    "name":"集賢環保公園",
    "dist":"三重區",
    "loc":"五華街與集賢路口",
    "FIELD9":"",
    "FIELD10":null,
    "FIELD11":null
    }
  },
  {
    "type": "Feature",
    "geometry": {
       "type": "Point",
       "coordinates":  [ 121.4899719,25.0781074 ]
    },
    "properties": {
    "id":"NTP70",
    "city":"新北市",
    "type":"公園",
    "name":"廣一公園",
    "dist":"三重區",
    "loc":"自強路四段",
    "FIELD9":"",
    "FIELD10":null,
    "FIELD11":null
    }
  },
  {
    "type": "Feature",
    "geometry": {
       "type": "Point",
       "coordinates":  [ 121.4899719,25.0781074 ]
    },
    "properties": {
    "id":"NTP71",
    "city":"新北市",
    "type":"公園",
    "name":"廣二公園",
    "dist":"三重區",
    "loc":"自強路四段",
    "FIELD9":"",
    "FIELD10":null,
    "FIELD11":null
    }
  },
  {
    "type": "Feature",
    "geometry": {
       "type": "Point",
       "coordinates":  { }
    },
    "properties": {
    "id":"NTP72",
    "city":"新北市",
    "type":"公園",
    "name":"大有公園(綠十三)",
    "dist":"三重區",
    "loc":"疏洪東路榖保家商後側",
    "FIELD9":"",
    "FIELD10":null,
    "FIELD11":null
    }
  },
  {
    "type": "Feature",
    "geometry": {
       "type": "Point",
       "coordinates":  { }
    },
    "properties": {
    "id":"NTP73",
    "city":"新北市",
    "type":"公園",
    "name":"二重公園(公三十七)",
    "dist":"三重區",
    "loc":"頂崁街210巷口與疏洪東路交叉口",
    "FIELD9":"",
    "FIELD10":null,
    "FIELD11":null
    }
  },
  {
    "type": "Feature",
    "geometry": {
       "type": "Point",
       "coordinates":  [ 121.5260359,25.0302806 ]
    },
    "properties": {
    "id":"NTP74",
    "city":"新北市",
    "type":"公園",
    "name":"同仁公園(兒十四)",
    "dist":"三重區",
    "loc":"金華街同仁宮對面",
    "FIELD9":"",
    "FIELD10":null,
    "FIELD11":null
    }
  },
  {
    "type": "Feature",
    "geometry": {
       "type": "Point",
       "coordinates":  [ 121.4797462,25.0634266 ]
    },
    "properties": {
    "id":"NTP75",
    "city":"新北市",
    "type":"公園",
    "name":"忠孝公園",
    "dist":"三重區",
    "loc":"忠孝路三段127巷口",
    "FIELD9":"",
    "FIELD10":null,
    "FIELD11":null
    }
  },
  {
    "type": "Feature",
    "geometry": {
       "type": "Point",
       "coordinates":  { }
    },
    "properties": {
    "id":"NTP76",
    "city":"新北市",
    "type":"公園",
    "name":"港墘公園",
    "dist":"三重區",
    "loc":"環河北路",
    "FIELD9":"121.5654268",
    "FIELD10":25.0329636,
    "FIELD11":null
    }
  },
  {
    "type": "Feature",
    "geometry": {
       "type": "Point",
       "coordinates":  [ 121.4765155,25.0724667 ]
    },
    "properties": {
    "id":"NTP77",
    "city":"新北市",
    "type":"公園",
    "name":"新北綠家園(永德段914)",
    "dist":"三重區",
    "loc":"中正北路315巷6弄68號旁",
    "FIELD9":"",
    "FIELD10":null,
    "FIELD11":null
    }
  },
  {
    "type": "Feature",
    "geometry": {
       "type": "Point",
       "coordinates":  [ 121.4789867,25.0492754 ]
    },
    "properties": {
    "id":"NTP78",
    "city":"新北市",
    "type":"公園",
    "name":"德厚公園(公四十八)",
    "dist":"三重區",
    "loc":"重新路5段283號對面",
    "FIELD9":"",
    "FIELD10":null,
    "FIELD11":null
    }
  },
  {
    "type": "Feature",
    "geometry": {
       "type": "Point",
       "coordinates":  { }
    },
    "properties": {
    "id":"NTP79",
    "city":"新北市",
    "type":"公園",
    "name":"神農公園(兒二十三)",
    "dist":"三重區",
    "loc":"五王北街先嗇宮旁",
    "FIELD9":"",
    "FIELD10":null,
    "FIELD11":null
    }
  },
  {
    "type": "Feature",
    "geometry": {
       "type": "Point",
       "coordinates":  [ 121.4764272,25.0528859 ]
    },
    "properties": {
    "id":"NTP80",
    "city":"新北市",
    "type":"公園",
    "name":"谷王公園(兒廿)",
    "dist":"三重區",
    "loc":"五谷王北街161號後側",
    "FIELD9":"",
    "FIELD10":null,
    "FIELD11":null
    }
  },
  {
    "type": "Feature",
    "geometry": {
       "type": "Point",
       "coordinates":  [ 121.4774722,25.0665181 ]
    },
    "properties": {
    "id":"NTP81",
    "city":"新北市",
    "type":"公園",
    "name":"頂崁公園(兒十九)",
    "dist":"三重區",
    "loc":"頂崁街",
    "FIELD9":"",
    "FIELD10":null,
    "FIELD11":null
    }
  },
  {
    "type": "Feature",
    "geometry": {
       "type": "Point",
       "coordinates":  [ 121.5036372,25.0665298 ]
    },
    "properties": {
    "id":"NTP82",
    "city":"新北市",
    "type":"公園",
    "name":"開元公園(公三十)",
    "dist":"三重區",
    "loc":"開元街1號",
    "FIELD9":"",
    "FIELD10":null,
    "FIELD11":null
    }
  },
  {
    "type": "Feature",
    "geometry": {
       "type": "Point",
       "coordinates":  [ 121.4740301,25.0535544 ]
    },
    "properties": {
    "id":"NTP83",
    "city":"新北市",
    "type":"公園",
    "name":"頂崁公園",
    "dist":"三重區",
    "loc":"興德路旁",
    "FIELD9":"",
    "FIELD10":null,
    "FIELD11":null
    }
  },
  {
    "type": "Feature",
    "geometry": {
       "type": "Point",
       "coordinates":  [ 121.4750119,25.0659182 ]
    },
    "properties": {
    "id":"NTP84",
    "city":"新北市",
    "type":"公園",
    "name":"二重公園(公三十七)",
    "dist":"三重區",
    "loc":"疏洪東路二段",
    "FIELD9":"",
    "FIELD10":null,
    "FIELD11":null
    }
  },
  {
    "type": "Feature",
    "geometry": {
       "type": "Point",
       "coordinates":  [ 121.476048,25.0505297 ]
    },
    "properties": {
    "id":"NTP85",
    "city":"新北市",
    "type":"公園",
    "name":"神農百草公園(綠九)",
    "dist":"三重區",
    "loc":"三重區五谷王北街77號(先嗇宮)對面",
    "FIELD9":"",
    "FIELD10":null,
    "FIELD11":null
    }
  },
  {
    "type": "Feature",
    "geometry": {
       "type": "Point",
       "coordinates":  { }
    },
    "properties": {
    "id":"NTP86",
    "city":"新北市",
    "type":"公園",
    "name":"中山公園(公七)",
    "dist":"三峽區",
    "loc":"中山路文化路口",
    "FIELD9":"24.1428785",
    "FIELD10":null,
    "FIELD11":null
    }
  },
  {
    "type": "Feature",
    "geometry": {
       "type": "Point",
       "coordinates":  [ 121.3775848,24.928247 ]
    },
    "properties": {
    "id":"NTP87",
    "city":"新北市",
    "type":"公園",
    "name":"大同公園(兒五)",
    "dist":"三峽區",
    "loc":"光明路75巷內",
    "FIELD9":"",
    "FIELD10":null,
    "FIELD11":null
    }
  },
  {
    "type": "Feature",
    "geometry": {
       "type": "Point",
       "coordinates":  [ 121.3764705,24.9296477 ]
    },
    "properties": {
    "id":"NTP88",
    "city":"新北市",
    "type":"公園",
    "name":"介壽公園(兒七)",
    "dist":"三峽區",
    "loc":"永安街9巷5號(圖書館旁)",
    "FIELD9":"",
    "FIELD10":null,
    "FIELD11":null
    }
  },
  {
    "type": "Feature",
    "geometry": {
       "type": "Point",
       "coordinates":  { }
    },
    "properties": {
    "id":"NTP89",
    "city":"新北市",
    "type":"公園",
    "name":"龍埔公園(防災公園",
    "dist":"兒十)",
    "loc":"三峽區",
    "FIELD9":"25.0009385",
    "FIELD10":null,
    "FIELD11":null
    }
  },
  {
    "type": "Feature",
    "geometry": {
       "type": "Point",
       "coordinates":  { }
    },
    "properties": {
    "id":"NTP90",
    "city":"新北市",
    "type":"公園",
    "name":"龍恩公園(中悅兒童公園",
    "dist":"兒四)",
    "loc":"三峽區",
    "FIELD9":"121.4509707",
    "FIELD10":24.9884619,
    "FIELD11":null
    }
  },
  {
    "type": "Feature",
    "geometry": {
       "type": "Point",
       "coordinates":  { }
    },
    "properties": {
    "id":"NTP91",
    "city":"新北市",
    "type":"公園",
    "name":"遠雄海洋公園",
    "dist":"三峽區",
    "loc":"學勤路",
    "FIELD9":"24.944038",
    "FIELD10":null,
    "FIELD11":null
    }
  },
  {
    "type": "Feature",
    "geometry": {
       "type": "Point",
       "coordinates":  [ 121.1563492,22.7560535 ]
    },
    "properties": {
    "id":"NTP92",
    "city":"新北市",
    "type":"公園",
    "name":"藍染公園",
    "dist":"三峽區",
    "loc":"仁愛街47號旁",
    "FIELD9":"",
    "FIELD10":null,
    "FIELD11":null
    }
  },
  {
    "type": "Feature",
    "geometry": {
       "type": "Point",
       "coordinates":  { }
    },
    "properties": {
    "id":"NTP93",
    "city":"新北市",
    "type":"公園",
    "name":"三角圓環公園",
    "dist":"三峽區",
    "loc":"介壽路",
    "FIELD9":"",
    "FIELD10":null,
    "FIELD11":null
    }
  },
  {
    "type": "Feature",
    "geometry": {
       "type": "Point",
       "coordinates":  [ 121.3924088,24.9098199 ]
    },
    "properties": {
    "id":"NTP94",
    "city":"新北市",
    "type":"公園",
    "name":"醒心公園",
    "dist":"三峽區",
    "loc":"白雞路醒心橋旁",
    "FIELD9":"",
    "FIELD10":null,
    "FIELD11":null
    }
  },
  {
    "type": "Feature",
    "geometry": {
       "type": "Point",
       "coordinates":  [ 121.3953873,24.9389899 ]
    },
    "properties": {
    "id":"NTP95",
    "city":"新北市",
    "type":"公園",
    "name":"溪北河濱公園",
    "dist":"三峽區",
    "loc":"介壽路三段101之2號旁",
    "FIELD9":"",
    "FIELD10":null,
    "FIELD11":null
    }
  },
  {
    "type": "Feature",
    "geometry": {
       "type": "Point",
       "coordinates":  { }
    },
    "properties": {
    "id":"NTP96",
    "city":"新北市",
    "type":"公園",
    "name":"成福河濱公園",
    "dist":"三峽區",
    "loc":"成福路成福國小對面",
    "FIELD9":"",
    "FIELD10":null,
    "FIELD11":null
    }
  },
  {
    "type": "Feature",
    "geometry": {
       "type": "Point",
       "coordinates":  { }
    },
    "properties": {
    "id":"NTP97",
    "city":"新北市",
    "type":"公園",
    "name":"礁溪人行廣場",
    "dist":"三峽區",
    "loc":"礁溪里中華路",
    "FIELD9":"24.9314264",
    "FIELD10":null,
    "FIELD11":null
    }
  },
  {
    "type": "Feature",
    "geometry": {
       "type": "Point",
       "coordinates":  [ 121.3499595,24.9275403 ]
    },
    "properties": {
    "id":"NTP98",
    "city":"新北市",
    "type":"公園",
    "name":"鳶山運動公園",
    "dist":"三峽區",
    "loc":"鳶峰路",
    "FIELD9":"",
    "FIELD10":null,
    "FIELD11":null
    }
  },
  {
    "type": "Feature",
    "geometry": {
       "type": "Point",
       "coordinates":  { }
    },
    "properties": {
    "id":"NTP99",
    "city":"新北市",
    "type":"公園",
    "name":"龍學公園",
    "dist":"三峽區",
    "loc":"學成路",
    "FIELD9":"24.9884619",
    "FIELD10":null,
    "FIELD11":null
    }
  },
  {
    "type": "Feature",
    "geometry": {
       "type": "Point",
       "coordinates":  [ 121.3985599,24.9353299 ]
    },
    "properties": {
    "id":"NTP100",
    "city":"新北市",
    "type":"公園",
    "name":"橫溪路120巷簡易公園",
    "dist":"三峽區",
    "loc":"橫溪路120巷內",
    "FIELD9":"",
    "FIELD10":null,
    "FIELD11":null
    }
  },
  {
    "type": "Feature",
    "geometry": {
       "type": "Point",
       "coordinates":  [ 121.3671723,24.9214292 ]
    },
    "properties": {
    "id":"NTP101",
    "city":"新北市",
    "type":"公園",
    "name":"大埔里運動公園",
    "dist":"三峽區",
    "loc":"中園街185號對面",
    "FIELD9":"",
    "FIELD10":null,
    "FIELD11":null
    }
  },
  {
    "type": "Feature",
    "geometry": {
       "type": "Point",
       "coordinates":  [ 121.407264,24.9310276 ]
    },
    "properties": {
    "id":"NTP102",
    "city":"新北市",
    "type":"公園",
    "name":"溪東社區公園",
    "dist":"三峽區",
    "loc":"溪東路218巷口",
    "FIELD9":"",
    "FIELD10":null,
    "FIELD11":null
    }
  },
  {
    "type": "Feature",
    "geometry": {
       "type": "Point",
       "coordinates":  [ 121.4909252,25.0589642 ]
    },
    "properties": {
    "id":"NTP103",
    "city":"新北市",
    "type":"公園",
    "name":"長福公園(兒九)",
    "dist":"三峽區",
    "loc":"光明路3巷",
    "FIELD9":"",
    "FIELD10":null,
    "FIELD11":null
    }
  },
  {
    "type": "Feature",
    "geometry": {
       "type": "Point",
       "coordinates":  [ 121.3745337,24.9283586 ]
    },
    "properties": {
    "id":"NTP104",
    "city":"新北市",
    "type":"公園",
    "name":"中正公園(兒四)",
    "dist":"三峽區",
    "loc":"永安街95巷",
    "FIELD9":"",
    "FIELD10":null,
    "FIELD11":null
    }
  },
  {
    "type": "Feature",
    "geometry": {
       "type": "Point",
       "coordinates":  { }
    },
    "properties": {
    "id":"NTP105",
    "city":"新北市",
    "type":"公園",
    "name":"太空公園(公十三)",
    "dist":"三峽區",
    "loc":"國光街38巷",
    "FIELD9":"24.9378064",
    "FIELD10":null,
    "FIELD11":null
    }
  },
  {
    "type": "Feature",
    "geometry": {
       "type": "Point",
       "coordinates":  [ 121.4626021,24.9839855 ]
    },
    "properties": {
    "id":"NTP106",
    "city":"新北市",
    "type":"公園",
    "name":"清水社區公園",
    "dist":"土城區",
    "loc":"清水路延吉街交叉口",
    "FIELD9":"",
    "FIELD10":null,
    "FIELD11":null
    }
  },
  {
    "type": "Feature",
    "geometry": {
       "type": "Point",
       "coordinates":  [ 121.4430549,24.9772844 ]
    },
    "properties": {
    "id":"NTP107",
    "city":"新北市",
    "type":"公園",
    "name":"員林社區公園",
    "dist":"土城區",
    "loc":"員林街12巷對面",
    "FIELD9":"",
    "FIELD10":null,
    "FIELD11":null
    }
  },
  {
    "type": "Feature",
    "geometry": {
       "type": "Point",
       "coordinates":  [ 118.3207837,24.4309427 ]
    },
    "properties": {
    "id":"NTP108",
    "city":"新北市",
    "type":"公園",
    "name":"沛陂公園",
    "dist":"土城區",
    "loc":"民族路22巷5號旁",
    "FIELD9":"",
    "FIELD10":null,
    "FIELD11":null
    }
  },
  {
    "type": "Feature",
    "geometry": {
       "type": "Point",
       "coordinates":  [ 121.4436538,24.9736131 ]
    },
    "properties": {
    "id":"NTP109",
    "city":"新北市",
    "type":"公園",
    "name":"金城公園",
    "dist":"土城區",
    "loc":"金城路一段127巷",
    "FIELD9":"",
    "FIELD10":null,
    "FIELD11":null
    }
  },
  {
    "type": "Feature",
    "geometry": {
       "type": "Point",
       "coordinates":  [ 121.4577198,24.9773902 ]
    },
    "properties": {
    "id":"NTP110",
    "city":"新北市",
    "type":"公園",
    "name":"清和社區公園(公兒五)",
    "dist":"土城區",
    "loc":"明德路一段青山路口",
    "FIELD9":"",
    "FIELD10":null,
    "FIELD11":null
    }
  },
  {
    "type": "Feature",
    "geometry": {
       "type": "Point",
       "coordinates":  [ 121.4391099,24.9797706 ]
    },
    "properties": {
    "id":"NTP111",
    "city":"新北市",
    "type":"公園",
    "name":"員福社區公園",
    "dist":"土城區",
    "loc":"員福街員福橋旁",
    "FIELD9":"",
    "FIELD10":null,
    "FIELD11":null
    }
  },
  {
    "type": "Feature",
    "geometry": {
       "type": "Point",
       "coordinates":  [ 120.4918221,22.6687729 ]
    },
    "properties": {
    "id":"NTP112",
    "city":"新北市",
    "type":"公園",
    "name":"仁愛公園",
    "dist":"土城區",
    "loc":"仁愛路16號旁",
    "FIELD9":"",
    "FIELD10":null,
    "FIELD11":null
    }
  },
  {
    "type": "Feature",
    "geometry": {
       "type": "Point",
       "coordinates":  [ 121.4113446,24.9539651 ]
    },
    "properties": {
    "id":"NTP113",
    "city":"新北市",
    "type":"公園",
    "name":"祖田兒童遊戲公園",
    "dist":"土城區",
    "loc":"溪頭路81號旁",
    "FIELD9":"",
    "FIELD10":null,
    "FIELD11":null
    }
  },
  {
    "type": "Feature",
    "geometry": {
       "type": "Point",
       "coordinates":  { }
    },
    "properties": {
    "id":"NTP114",
    "city":"新北市",
    "type":"公園",
    "name":"清華社區公園",
    "dist":"土城區",
    "loc":"青雲路信義路交界",
    "FIELD9":"",
    "FIELD10":null,
    "FIELD11":null
    }
  },
  {
    "type": "Feature",
    "geometry": {
       "type": "Point",
       "coordinates":  [ 121.4143186,24.9560423 ]
    },
    "properties": {
    "id":"NTP115",
    "city":"新北市",
    "type":"公園",
    "name":"頂新公園",
    "dist":"土城區",
    "loc":"頂埔國小後方",
    "FIELD9":"",
    "FIELD10":null,
    "FIELD11":null
    }
  },
  {
    "type": "Feature",
    "geometry": {
       "type": "Point",
       "coordinates":  [ 121.4505806,24.9880457 ]
    },
    "properties": {
    "id":"NTP116",
    "city":"新北市",
    "type":"公園",
    "name":"學成社區公園(公兒三)",
    "dist":"土城區",
    "loc":"學成路91巷旁",
    "FIELD9":"",
    "FIELD10":null,
    "FIELD11":null
    }
  },
  {
    "type": "Feature",
    "geometry": {
       "type": "Point",
       "coordinates":  [ 121.4294264,24.9627975 ]
    },
    "properties": {
    "id":"NTP117",
    "city":"新北市",
    "type":"公園",
    "name":"永寧廣場",
    "dist":"土城區",
    "loc":"土城國中對面",
    "FIELD9":"",
    "FIELD10":null,
    "FIELD11":null
    }
  },
  {
    "type": "Feature",
    "geometry": {
       "type": "Point",
       "coordinates":  [ 121.4622565,24.9823368 ]
    },
    "properties": {
    "id":"NTP118",
    "city":"新北市",
    "type":"公園",
    "name":"永豐社區公園(公兒八)",
    "dist":"土城區",
    "loc":"清水路278巷28弄內",
    "FIELD9":"",
    "FIELD10":null,
    "FIELD11":null
    }
  },
  {
    "type": "Feature",
    "geometry": {
       "type": "Point",
       "coordinates":  [ 120.5746256,24.2650423 ]
    },
    "properties": {
    "id":"NTP119",
    "city":"新北市",
    "type":"公園",
    "name":"大清水公園(公二)",
    "dist":"土城區",
    "loc":"清水高中對面",
    "FIELD9":"",
    "FIELD10":null,
    "FIELD11":null
    }
  },
  {
    "type": "Feature",
    "geometry": {
       "type": "Point",
       "coordinates":  { }
    },
    "properties": {
    "id":"NTP120",
    "city":"新北市",
    "type":"公園",
    "name":"頂埔永福公園",
    "dist":"土城區",
    "loc":"頂埔祖師廟後方",
    "FIELD9":"",
    "FIELD10":null,
    "FIELD11":null
    }
  },
  {
    "type": "Feature",
    "geometry": {
       "type": "Point",
       "coordinates":  { }
    },
    "properties": {
    "id":"NTP121",
    "city":"新北市",
    "type":"公園",
    "name":"原住民生態公園",
    "dist":"土城區",
    "loc":"永寧路底",
    "FIELD9":"",
    "FIELD10":null,
    "FIELD11":null
    }
  },
  {
    "type": "Feature",
    "geometry": {
       "type": "Point",
       "coordinates":  [ 121.476487,24.9727019 ]
    },
    "properties": {
    "id":"NTP122",
    "city":"新北市",
    "type":"公園",
    "name":"廷寮山林公園",
    "dist":"土城區",
    "loc":"永豐路255巷",
    "FIELD9":"",
    "FIELD10":null,
    "FIELD11":null
    }
  },
  {
    "type": "Feature",
    "geometry": {
       "type": "Point",
       "coordinates":  [ 121.449272,24.951178 ]
    },
    "properties": {
    "id":"NTP123",
    "city":"新北市",
    "type":"公園",
    "name":"桐花公園",
    "dist":"土城區",
    "loc":"承天路153號旁(清濂茶館承天路149號旁)",
    "FIELD9":"",
    "FIELD10":null,
    "FIELD11":null
    }
  },
  {
    "type": "Feature",
    "geometry": {
       "type": "Point",
       "coordinates":  [ 121.4673449,24.990181 ]
    },
    "properties": {
    "id":"NTP124",
    "city":"新北市",
    "type":"公園",
    "name":"延和社區公園(公兒一)",
    "dist":"土城區",
    "loc":"延和路250巷(延和段49地號)",
    "FIELD9":"",
    "FIELD10":null,
    "FIELD11":null
    }
  },
  {
    "type": "Feature",
    "geometry": {
       "type": "Point",
       "coordinates":  [ 121.4436538,24.9736131 ]
    },
    "properties": {
    "id":"NTP125",
    "city":"新北市",
    "type":"公園",
    "name":"仁德公園",
    "dist":"土城區",
    "loc":"金城路一段127巷",
    "FIELD9":"",
    "FIELD10":null,
    "FIELD11":null
    }
  },
  {
    "type": "Feature",
    "geometry": {
       "type": "Point",
       "coordinates":  [ 121.4433262,24.9717768 ]
    },
    "properties": {
    "id":"NTP126",
    "city":"新北市",
    "type":"公園",
    "name":"大墓公公園",
    "dist":"土城區",
    "loc":"金城路一段千歲路口",
    "FIELD9":"",
    "FIELD10":null,
    "FIELD11":null
    }
  },
  {
    "type": "Feature",
    "geometry": {
       "type": "Point",
       "coordinates":  { }
    },
    "properties": {
    "id":"NTP127",
    "city":"新北市",
    "type":"公園",
    "name":"明德公園",
    "dist":"土城區",
    "loc":"靈恩寺旁",
    "FIELD9":"",
    "FIELD10":null,
    "FIELD11":null
    }
  },
  {
    "type": "Feature",
    "geometry": {
       "type": "Point",
       "coordinates":  [ 121.4595427,24.9825877 ]
    },
    "properties": {
    "id":"NTP128",
    "city":"新北市",
    "type":"公園",
    "name":"雲溪廣場(廣五)",
    "dist":"土城區",
    "loc":"青雲路183巷2號旁",
    "FIELD9":"",
    "FIELD10":null,
    "FIELD11":null
    }
  },
  {
    "type": "Feature",
    "geometry": {
       "type": "Point",
       "coordinates":  [ 121.4644574,24.9874268 ]
    },
    "properties": {
    "id":"NTP129",
    "city":"新北市",
    "type":"公園",
    "name":"延和廣場",
    "dist":"土城區",
    "loc":"延和路12巷",
    "FIELD9":"",
    "FIELD10":null,
    "FIELD11":null
    }
  },
  {
    "type": "Feature",
    "geometry": {
       "type": "Point",
       "coordinates":  [ 121.4653031,24.9825175 ]
    },
    "properties": {
    "id":"NTP130",
    "city":"新北市",
    "type":"公園",
    "name":"百喬廣場",
    "dist":"土城區",
    "loc":"明德路一段70巷內",
    "FIELD9":"",
    "FIELD10":null,
    "FIELD11":null
    }
  },
  {
    "type": "Feature",
    "geometry": {
       "type": "Point",
       "coordinates":  [ 121.4688305,24.9918582 ]
    },
    "properties": {
    "id":"NTP131",
    "city":"新北市",
    "type":"公園",
    "name":"延壽親子廣場",
    "dist":"土城區",
    "loc":"延壽路75巷27弄旁",
    "FIELD9":"",
    "FIELD10":null,
    "FIELD11":null
    }
  },
  {
    "type": "Feature",
    "geometry": {
       "type": "Point",
       "coordinates":  { }
    },
    "properties": {
    "id":"NTP132",
    "city":"新北市",
    "type":"公園",
    "name":"青山廣場(廣三)",
    "dist":"土城區",
    "loc":"青雲",
    "FIELD9":"",
    "FIELD10":null,
    "FIELD11":null
    }
  },
  {
    "type": "Feature",
    "geometry": {
       "type": "Point",
       "coordinates":  [ 121.4609961,24.9833607 ]
    },
    "properties": {
    "id":"NTP133",
    "city":"新北市",
    "type":"公園",
    "name":"立雲廣場",
    "dist":"土城區",
    "loc":"清水路235巷",
    "FIELD9":"",
    "FIELD10":null,
    "FIELD11":null
    }
  },
  {
    "type": "Feature",
    "geometry": {
       "type": "Point",
       "coordinates":  { }
    },
    "properties": {
    "id":"NTP134",
    "city":"新北市",
    "type":"公園",
    "name":"青雲廣場(廣六)",
    "dist":"土城區",
    "loc":"家樂福後方",
    "FIELD9":"",
    "FIELD10":null,
    "FIELD11":null
    }
  },
  {
    "type": "Feature",
    "geometry": {
       "type": "Point",
       "coordinates":  [ 121.4534622,24.9850931 ]
    },
    "properties": {
    "id":"NTP135",
    "city":"新北市",
    "type":"公園",
    "name":"裕民廣場",
    "dist":"土城區",
    "loc":"裕民路171巷4號",
    "FIELD9":"",
    "FIELD10":null,
    "FIELD11":null
    }
  },
  {
    "type": "Feature",
    "geometry": {
       "type": "Point",
       "coordinates":  [ 121.457883,24.9832617 ]
    },
    "properties": {
    "id":"NTP136",
    "city":"新北市",
    "type":"公園",
    "name":"柑林廣場(廣七)",
    "dist":"土城區",
    "loc":"金城路二段242巷內",
    "FIELD9":"",
    "FIELD10":null,
    "FIELD11":null
    }
  },
  {
    "type": "Feature",
    "geometry": {
       "type": "Point",
       "coordinates":  [ 121.446925,24.9844974 ]
    },
    "properties": {
    "id":"NTP137",
    "city":"新北市",
    "type":"公園",
    "name":"裕生廣場",
    "dist":"土城區",
    "loc":"裕生路裕生停車場旁",
    "FIELD9":"",
    "FIELD10":null,
    "FIELD11":null
    }
  },
  {
    "type": "Feature",
    "geometry": {
       "type": "Point",
       "coordinates":  [ 121.4436538,24.9736131 ]
    },
    "properties": {
    "id":"NTP138",
    "city":"新北市",
    "type":"公園",
    "name":"金城公園(公五)",
    "dist":"土城區",
    "loc":"金城路一段127巷旁",
    "FIELD9":"",
    "FIELD10":null,
    "FIELD11":null
    }
  },
  {
    "type": "Feature",
    "geometry": {
       "type": "Point",
       "coordinates":  [ 121.4637786,24.9789393 ]
    },
    "properties": {
    "id":"NTP139",
    "city":"新北市",
    "type":"公園",
    "name":"青山公園(公兒二五)",
    "dist":"土城區",
    "loc":"明德路一段195巷底",
    "FIELD9":"",
    "FIELD10":null,
    "FIELD11":null
    }
  },
  {
    "type": "Feature",
    "geometry": {
       "type": "Point",
       "coordinates":  { }
    },
    "properties": {
    "id":"NTP140",
    "city":"新北市",
    "type":"公園",
    "name":"南區B公園(公九)",
    "dist":"土城區",
    "loc":"明德段314",
    "FIELD9":"",
    "FIELD10":null,
    "FIELD11":null
    }
  },
  {
    "type": "Feature",
    "geometry": {
       "type": "Point",
       "coordinates":  { }
    },
    "properties": {
    "id":"NTP141",
    "city":"新北市",
    "type":"公園",
    "name":"南區C公園(公兒18)",
    "dist":"土城區",
    "loc":"斬龍二街與學士路口",
    "FIELD9":"",
    "FIELD10":null,
    "FIELD11":null
    }
  },
  {
    "type": "Feature",
    "geometry": {
       "type": "Point",
       "coordinates":  { }
    },
    "properties": {
    "id":"NTP142",
    "city":"新北市",
    "type":"公園",
    "name":"南區E公園(公7)",
    "dist":"土城區",
    "loc":"斬龍二街與學士路口",
    "FIELD9":"",
    "FIELD10":null,
    "FIELD11":null
    }
  },
  {
    "type": "Feature",
    "geometry": {
       "type": "Point",
       "coordinates":  { }
    },
    "properties": {
    "id":"NTP143",
    "city":"新北市",
    "type":"公園",
    "name":"紫藤廊道(南區D公園)公兒16",
    "dist":"綠6",
    "loc":"土城區",
    "FIELD9":"24.9791981",
    "FIELD10":null,
    "FIELD11":null
    }
  },
  {
    "type": "Feature",
    "geometry": {
       "type": "Point",
       "coordinates":  { }
    },
    "properties": {
    "id":"NTP144",
    "city":"新北市",
    "type":"公園",
    "name":"紫藤廊道(南區D公園)公兒17",
    "dist":"土城區",
    "loc":"斬龍二街與學府路二段口",
    "FIELD9":"",
    "FIELD10":null,
    "FIELD11":null
    }
  },
  {
    "type": "Feature",
    "geometry": {
       "type": "Point",
       "coordinates":  { }
    },
    "properties": {
    "id":"NTP145",
    "city":"新北市",
    "type":"公園",
    "name":"南區E公園(公兒22)",
    "dist":"土城區",
    "loc":"斬龍二街與學府路二段口",
    "FIELD9":"",
    "FIELD10":null,
    "FIELD11":null
    }
  },
  {
    "type": "Feature",
    "geometry": {
       "type": "Point",
       "coordinates":  [ 121.4487246,24.9761498 ]
    },
    "properties": {
    "id":"NTP146",
    "city":"新北市",
    "type":"公園",
    "name":"南區E公園(綠三)",
    "dist":"土城區",
    "loc":"金城路二段土城醫院對面",
    "FIELD9":"",
    "FIELD10":null,
    "FIELD11":null
    }
  },
  {
    "type": "Feature",
    "geometry": {
       "type": "Point",
       "coordinates":  [ 121.457612,24.9816356 ]
    },
    "properties": {
    "id":"NTP147",
    "city":"新北市",
    "type":"公園",
    "name":"綠5",
    "dist":"土城區",
    "loc":"清水路旁",
    "FIELD9":"",
    "FIELD10":null,
    "FIELD11":null
    }
  },
  {
    "type": "Feature",
    "geometry": {
       "type": "Point",
       "coordinates":  [ 121.4559827,24.9790258 ]
    },
    "properties": {
    "id":"NTP148",
    "city":"新北市",
    "type":"公園",
    "name":"南區B公園(公兒19)",
    "dist":"土城區",
    "loc":"青仁路與青隆街口",
    "FIELD9":"",
    "FIELD10":null,
    "FIELD11":null
    }
  },
  {
    "type": "Feature",
    "geometry": {
       "type": "Point",
       "coordinates":  [ 121.4576931,24.9793686 ]
    },
    "properties": {
    "id":"NTP149",
    "city":"新北市",
    "type":"公園",
    "name":"南區a公園(公兒20)",
    "dist":"土城區",
    "loc":"青和街與明德路二段口",
    "FIELD9":"",
    "FIELD10":null,
    "FIELD11":null
    }
  },
  {
    "type": "Feature",
    "geometry": {
       "type": "Point",
       "coordinates":  [ 121.4175852,24.957379 ]
    },
    "properties": {
    "id":"NTP150",
    "city":"新北市",
    "type":"公園",
    "name":"運公二公園(公四)",
    "dist":"土城區",
    "loc":"中央路4段67巷及高速公路路口",
    "FIELD9":"",
    "FIELD10":null,
    "FIELD11":null
    }
  },
  {
    "type": "Feature",
    "geometry": {
       "type": "Point",
       "coordinates":  [ 121.4170114,24.9580463 ]
    },
    "properties": {
    "id":"NTP151",
    "city":"新北市",
    "type":"公園",
    "name":"運公一公園(公六)",
    "dist":"土城區",
    "loc":"中央路4段87巷",
    "FIELD9":"",
    "FIELD10":null,
    "FIELD11":null
    }
  },
  {
    "type": "Feature",
    "geometry": {
       "type": "Point",
       "coordinates":  [ 121.4175852,24.957379 ]
    },
    "properties": {
    "id":"NTP152",
    "city":"新北市",
    "type":"公園",
    "name":"運公一公園(綠一)",
    "dist":"土城區",
    "loc":"中央路4段67巷",
    "FIELD9":"",
    "FIELD10":null,
    "FIELD11":null
    }
  },
  {
    "type": "Feature",
    "geometry": {
       "type": "Point",
       "coordinates":  [ 121.4175852,24.957379 ]
    },
    "properties": {
    "id":"NTP153",
    "city":"新北市",
    "type":"公園",
    "name":"運公一公園(綠二)",
    "dist":"土城區",
    "loc":"中央路4段67巷",
    "FIELD9":"",
    "FIELD10":null,
    "FIELD11":null
    }
  },
  {
    "type": "Feature",
    "geometry": {
       "type": "Point",
       "coordinates":  [ 121.4175852,24.957379 ]
    },
    "properties": {
    "id":"NTP154",
    "city":"新北市",
    "type":"公園",
    "name":"運公一公園(綠三)",
    "dist":"土城區",
    "loc":"中央路4段67巷",
    "FIELD9":"",
    "FIELD10":null,
    "FIELD11":null
    }
  },
  {
    "type": "Feature",
    "geometry": {
       "type": "Point",
       "coordinates":  [ 121.4347025,24.9713037 ]
    },
    "properties": {
    "id":"NTP155",
    "city":"新北市",
    "type":"公園",
    "name":"頂埔公一公園(公1)",
    "dist":"土城區",
    "loc":"236新北市土城區員安路",
    "FIELD9":"",
    "FIELD10":null,
    "FIELD11":null
    }
  },
  {
    "type": "Feature",
    "geometry": {
       "type": "Point",
       "coordinates":  { }
    },
    "properties": {
    "id":"NTP156",
    "city":"新北市",
    "type":"公園",
    "name":"斬龍山遺址文化公園",
    "dist":"土城區",
    "loc":"面臨金城路二段",
    "FIELD9":"24.9818354",
    "FIELD10":null,
    "FIELD11":null
    }
  },
  {
    "type": "Feature",
    "geometry": {
       "type": "Point",
       "coordinates":  { }
    },
    "properties": {
    "id":"NTP157",
    "city":"新北市",
    "type":"公園",
    "name":"清穗公園(公廿九)",
    "dist":"中和區",
    "loc":"華順街二巷內民德停車場後方及民德路",
    "FIELD9":"24.9988727",
    "FIELD10":null,
    "FIELD11":null
    }
  },
  {
    "type": "Feature",
    "geometry": {
       "type": "Point",
       "coordinates":  { }
    },
    "properties": {
    "id":"NTP158",
    "city":"新北市",
    "type":"公園",
    "name":"華福公園(公廿一)",
    "dist":"中和區",
    "loc":"華福街",
    "FIELD9":"24.9967182",
    "FIELD10":null,
    "FIELD11":null
    }
  },
  {
    "type": "Feature",
    "geometry": {
       "type": "Point",
       "coordinates":  [ 121.4680196,24.9983155 ]
    },
    "properties": {
    "id":"NTP159",
    "city":"新北市",
    "type":"公園",
    "name":"明德公園(公七)",
    "dist":"中和區",
    "loc":"民德路208號及274號對面",
    "FIELD9":"",
    "FIELD10":null,
    "FIELD11":null
    }
  },
  {
    "type": "Feature",
    "geometry": {
       "type": "Point",
       "coordinates":  { }
    },
    "properties": {
    "id":"NTP160",
    "city":"新北市",
    "type":"公園",
    "name":"安邦公園",
    "dist":"中和區",
    "loc":"連勝街",
    "FIELD9":"24.9967877",
    "FIELD10":null,
    "FIELD11":null
    }
  },
  {
    "type": "Feature",
    "geometry": {
       "type": "Point",
       "coordinates":  { }
    },
    "properties": {
    "id":"NTP161",
    "city":"新北市",
    "type":"公園",
    "name":"自強公園(公廿)",
    "dist":"中和區",
    "loc":"莒光路",
    "FIELD9":"25.0003025",
    "FIELD10":null,
    "FIELD11":null
    }
  },
  {
    "type": "Feature",
    "geometry": {
       "type": "Point",
       "coordinates":  [ 121.4804504,25.0043154 ]
    },
    "properties": {
    "id":"NTP162",
    "city":"新北市",
    "type":"公園",
    "name":"員山公園(公八)",
    "dist":"中和區",
    "loc":"員山路455巷內",
    "FIELD9":"",
    "FIELD10":null,
    "FIELD11":null
    }
  },
  {
    "type": "Feature",
    "geometry": {
       "type": "Point",
       "coordinates":  [ 121.4807398,24.9990435 ]
    },
    "properties": {
    "id":"NTP163",
    "city":"新北市",
    "type":"公園",
    "name":"嘉穗公園(公十一)",
    "dist":"中和區",
    "loc":"民利街9巷內",
    "FIELD9":"",
    "FIELD10":null,
    "FIELD11":null
    }
  },
  {
    "type": "Feature",
    "geometry": {
       "type": "Point",
       "coordinates":  [ 121.5146016,24.9887075 ]
    },
    "properties": {
    "id":"NTP164",
    "city":"新北市",
    "type":"公園",
    "name":"景新公園(公六)",
    "dist":"中和區",
    "loc":"景新街467巷50弄三介廟旁",
    "FIELD9":"",
    "FIELD10":null,
    "FIELD11":null
    }
  },
  {
    "type": "Feature",
    "geometry": {
       "type": "Point",
       "coordinates":  [ 120.6627882,24.1534245 ]
    },
    "properties": {
    "id":"NTP165",
    "city":"新北市",
    "type":"公園",
    "name":"中興公園(公十二)",
    "dist":"中和區",
    "loc":"中興街263巷74號對面",
    "FIELD9":"",
    "FIELD10":null,
    "FIELD11":null
    }
  },
  {
    "type": "Feature",
    "geometry": {
       "type": "Point",
       "coordinates":  [ 121.5021833,24.9913029 ]
    },
    "properties": {
    "id":"NTP166",
    "city":"新北市",
    "type":"公園",
    "name":"復興公園(公四)",
    "dist":"中和區",
    "loc":"復興路280巷內",
    "FIELD9":"",
    "FIELD10":null,
    "FIELD11":null
    }
  },
  {
    "type": "Feature",
    "geometry": {
       "type": "Point",
       "coordinates":  [ 121.5227552,24.9960325 ]
    },
    "properties": {
    "id":"NTP167",
    "city":"新北市",
    "type":"公園",
    "name":"秀山公園(公七)",
    "dist":"中和區",
    "loc":"自立路15巷內",
    "FIELD9":"",
    "FIELD10":null,
    "FIELD11":null
    }
  },
  {
    "type": "Feature",
    "geometry": {
       "type": "Point",
       "coordinates":  { }
    },
    "properties": {
    "id":"NTP168",
    "city":"新北市",
    "type":"公園",
    "name":"中和公園(公四)",
    "dist":"中和區",
    "loc":"中安街",
    "FIELD9":"121.511772",
    "FIELD10":24.997724,
    "FIELD11":null
    }
  },
  {
    "type": "Feature",
    "geometry": {
       "type": "Point",
       "coordinates":  [ 121.5009606,25.0021718 ]
    },
    "properties": {
    "id":"NTP169",
    "city":"新北市",
    "type":"公園",
    "name":"廟美綠林小徑",
    "dist":"中和區",
    "loc":"中山路2段181巷旁",
    "FIELD9":"",
    "FIELD10":null,
    "FIELD11":null
    }
  },
  {
    "type": "Feature",
    "geometry": {
       "type": "Point",
       "coordinates":  [ 121.5040127,24.9924219 ]
    },
    "properties": {
    "id":"NTP170",
    "city":"新北市",
    "type":"公園",
    "name":"金山板南公園",
    "dist":"中和區",
    "loc":"板南路(南山路及中興街間)",
    "FIELD9":"",
    "FIELD10":null,
    "FIELD11":null
    }
  },
  {
    "type": "Feature",
    "geometry": {
       "type": "Point",
       "coordinates":  { }
    },
    "properties": {
    "id":"NTP171",
    "city":"新北市",
    "type":"公園",
    "name":"泰隆公園",
    "dist":"中和區",
    "loc":"橋和路",
    "FIELD9":"",
    "FIELD10":null,
    "FIELD11":null
    }
  },
  {
    "type": "Feature",
    "geometry": {
       "type": "Point",
       "coordinates":  [ 121.4823833,25.0013203 ]
    },
    "properties": {
    "id":"NTP172",
    "city":"新北市",
    "type":"公園",
    "name":"民樂人行廣場",
    "dist":"中和區",
    "loc":"民樂路17號中和郵局後方",
    "FIELD9":"",
    "FIELD10":null,
    "FIELD11":null
    }
  },
  {
    "type": "Feature",
    "geometry": {
       "type": "Point",
       "coordinates":  [ 121.5067874,24.9845346 ]
    },
    "properties": {
    "id":"NTP173",
    "city":"新北市",
    "type":"公園",
    "name":"華新人行廣場",
    "dist":"中和區",
    "loc":"興南路2段79巷內",
    "FIELD9":"",
    "FIELD10":null,
    "FIELD11":null
    }
  },
  {
    "type": "Feature",
    "geometry": {
       "type": "Point",
       "coordinates":  { }
    },
    "properties": {
    "id":"NTP174",
    "city":"新北市",
    "type":"公園",
    "name":"民享藝文特區(公一)",
    "dist":"中和區",
    "loc":"民享街",
    "FIELD9":"",
    "FIELD10":null,
    "FIELD11":null
    }
  },
  {
    "type": "Feature",
    "geometry": {
       "type": "Point",
       "coordinates":  [ 121.4879701,25.0065096 ]
    },
    "properties": {
    "id":"NTP175",
    "city":"新北市",
    "type":"公園",
    "name":"元隆公園",
    "dist":"中和區",
    "loc":"立言街與板南路口附近",
    "FIELD9":"",
    "FIELD10":null,
    "FIELD11":null
    }
  },
  {
    "type": "Feature",
    "geometry": {
       "type": "Point",
       "coordinates":  [ 121.4667092,24.9943021 ]
    },
    "properties": {
    "id":"NTP176",
    "city":"新北市",
    "type":"公園",
    "name":"壽德公園",
    "dist":"中和區",
    "loc":"民德路與壽德街",
    "FIELD9":"",
    "FIELD10":null,
    "FIELD11":null
    }
  },
  {
    "type": "Feature",
    "geometry": {
       "type": "Point",
       "coordinates":  [ 120.9267836,24.7935806 ]
    },
    "properties": {
    "id":"NTP177",
    "city":"新北市",
    "type":"公園",
    "name":"福美公園",
    "dist":"中和區",
    "loc":"莊敬街49巷",
    "FIELD9":"",
    "FIELD10":null,
    "FIELD11":null
    }
  },
  {
    "type": "Feature",
    "geometry": {
       "type": "Point",
       "coordinates":  [ 120.9663928,24.8004008 ]
    },
    "properties": {
    "id":"NTP178",
    "city":"新北市",
    "type":"公園",
    "name":"瓦窯溝沿線綠帶",
    "dist":"中和區",
    "loc":"勝利路至水源路127巷間水利地",
    "FIELD9":"",
    "FIELD10":null,
    "FIELD11":null
    }
  },
  {
    "type": "Feature",
    "geometry": {
       "type": "Point",
       "coordinates":  [ 121.5011618,25.0031421 ]
    },
    "properties": {
    "id":"NTP179",
    "city":"新北市",
    "type":"公園",
    "name":"廟仔尾溝加蓋綠帶",
    "dist":"中和區",
    "loc":"中山路二段174巷至莊敬橋間綠帶",
    "FIELD9":"",
    "FIELD10":null,
    "FIELD11":null
    }
  },
  {
    "type": "Feature",
    "geometry": {
       "type": "Point",
       "coordinates":  [ 121.5058508,24.9847977 ]
    },
    "properties": {
    "id":"NTP180",
    "city":"新北市",
    "type":"公園",
    "name":"南山溝加蓋綠帶",
    "dist":"中和區",
    "loc":"南山路到興南路二段74巷間綠帶",
    "FIELD9":"",
    "FIELD10":null,
    "FIELD11":null
    }
  },
  {
    "type": "Feature",
    "geometry": {
       "type": "Point",
       "coordinates":  [ 121.4967663,24.9967877 ]
    },
    "properties": {
    "id":"NTP181",
    "city":"新北市",
    "type":"公園",
    "name":"圓通綠廊",
    "dist":"中和區",
    "loc":"連勝街至中正路間綠帶",
    "FIELD9":"",
    "FIELD10":null,
    "FIELD11":null
    }
  },
  {
    "type": "Feature",
    "geometry": {
       "type": "Point",
       "coordinates":  [ 120.2611877,23.2215807 ]
    },
    "properties": {
    "id":"NTP182",
    "city":"新北市",
    "type":"公園",
    "name":"中和大排旁簡易公園",
    "dist":"中和區",
    "loc":"中山路二段322巷內簡易公園",
    "FIELD9":"",
    "FIELD10":null,
    "FIELD11":null
    }
  },
  {
    "type": "Feature",
    "geometry": {
       "type": "Point",
       "coordinates":  [ 121.4809045,24.9948149 ]
    },
    "properties": {
    "id":"NTP183",
    "city":"新北市",
    "type":"公園",
    "name":"中坑公園",
    "dist":"中和區",
    "loc":"員山路及圓通路交接路口",
    "FIELD9":"",
    "FIELD10":null,
    "FIELD11":null
    }
  },
  {
    "type": "Feature",
    "geometry": {
       "type": "Point",
       "coordinates":  [ 121.5029963,24.9802032 ]
    },
    "properties": {
    "id":"NTP184",
    "city":"新北市",
    "type":"公園",
    "name":"興南路二段261巷口綠帶",
    "dist":"中和區",
    "loc":"興南路二段261巷口",
    "FIELD9":"",
    "FIELD10":null,
    "FIELD11":null
    }
  },
  {
    "type": "Feature",
    "geometry": {
       "type": "Point",
       "coordinates":  [ 121.495496,25.0135936 ]
    },
    "properties": {
    "id":"NTP185",
    "city":"新北市",
    "type":"公園",
    "name":"華中橋四面邊坡綠帶",
    "dist":"中和區",
    "loc":"華中橋下",
    "FIELD9":"",
    "FIELD10":null,
    "FIELD11":null
    }
  },
  {
    "type": "Feature",
    "geometry": {
       "type": "Point",
       "coordinates":  [ 121.481781,25.01056 ]
    },
    "properties": {
    "id":"NTP186",
    "city":"新北市",
    "type":"公園",
    "name":"板南抽水站旁綠帶",
    "dist":"中和區",
    "loc":"板南路中正路口",
    "FIELD9":"",
    "FIELD10":null,
    "FIELD11":null
    }
  },
  {
    "type": "Feature",
    "geometry": {
       "type": "Point",
       "coordinates":  [ 121.5289285,25.0598148 ]
    },
    "properties": {
    "id":"NTP187",
    "city":"新北市",
    "type":"公園",
    "name":"花曆公園(公一)",
    "dist":"中和區",
    "loc":"中原街旁",
    "FIELD9":"",
    "FIELD10":null,
    "FIELD11":null
    }
  },
  {
    "type": "Feature",
    "geometry": {
       "type": "Point",
       "coordinates":  [ 121.4888415,25.0112999 ]
    },
    "properties": {
    "id":"NTP188",
    "city":"新北市",
    "type":"公園",
    "name":"樟樹公園(公二)",
    "dist":"中和區",
    "loc":"環河西路三段近永福宮",
    "FIELD9":"",
    "FIELD10":null,
    "FIELD11":null
    }
  },
  {
    "type": "Feature",
    "geometry": {
       "type": "Point",
       "coordinates":  [ 121.4874628,25.0119188 ]
    },
    "properties": {
    "id":"NTP189",
    "city":"新北市",
    "type":"公園",
    "name":"光之公園(公兒一)",
    "dist":"中和區",
    "loc":"中原東街與中原五街之間",
    "FIELD9":"",
    "FIELD10":null,
    "FIELD11":null
    }
  },
  {
    "type": "Feature",
    "geometry": {
       "type": "Point",
       "coordinates":  [ 121.4859369,25.0107707 ]
    },
    "properties": {
    "id":"NTP190",
    "city":"新北市",
    "type":"公園",
    "name":"風之公園(公兒二)",
    "dist":"中和區",
    "loc":"中原街與中原五街之間",
    "FIELD9":"",
    "FIELD10":null,
    "FIELD11":null
    }
  },
  {
    "type": "Feature",
    "geometry": {
       "type": "Point",
       "coordinates":  [ 121.4863744,25.0131219 ]
    },
    "properties": {
    "id":"NTP191",
    "city":"新北市",
    "type":"公園",
    "name":"綠之公園(公六)",
    "dist":"中和區",
    "loc":"中原東街與中原六街之間",
    "FIELD9":"",
    "FIELD10":null,
    "FIELD11":null
    }
  },
  {
    "type": "Feature",
    "geometry": {
       "type": "Point",
       "coordinates":  [ 121.5289285,25.0598148 ]
    },
    "properties": {
    "id":"NTP192",
    "city":"新北市",
    "type":"公園",
    "name":"水之公園(公七)",
    "dist":"中和區",
    "loc":"三段中原街與中原二街之間",
    "FIELD9":"",
    "FIELD10":null,
    "FIELD11":null
    }
  },
  {
    "type": "Feature",
    "geometry": {
       "type": "Point",
       "coordinates":  { }
    },
    "properties": {
    "id":"NTP193",
    "city":"新北市",
    "type":"公園",
    "name":"員勝公園",
    "dist":"中和區",
    "loc":"中正路二段與員山路交叉口",
    "FIELD9":"",
    "FIELD10":null,
    "FIELD11":null
    }
  },
  {
    "type": "Feature",
    "geometry": {
       "type": "Point",
       "coordinates":  [ 121.490381,24.9926349 ]
    },
    "properties": {
    "id":"NTP194",
    "city":"新北市",
    "type":"公園",
    "name":"錦和運動公園",
    "dist":"中和區",
    "loc":"新北市中和區錦和路350號",
    "FIELD9":"",
    "FIELD10":null,
    "FIELD11":null
    }
  },
  {
    "type": "Feature",
    "geometry": {
       "type": "Point",
       "coordinates":  [ 121.430125,25.0718219 ]
    },
    "properties": {
    "id":"NTP195",
    "city":"新北市",
    "type":"公園",
    "name":"水碓景觀公園",
    "dist":"五股區",
    "loc":"水碓二路接外寮路",
    "FIELD9":"",
    "FIELD10":null,
    "FIELD11":null
    }
  },
  {
    "type": "Feature",
    "geometry": {
       "type": "Point",
       "coordinates":  [ 121.4329416,25.0728667 ]
    },
    "properties": {
    "id":"NTP196",
    "city":"新北市",
    "type":"公園",
    "name":"石德公園",
    "dist":"五股區",
    "loc":"水碓路與水碓一路交叉",
    "FIELD9":"",
    "FIELD10":null,
    "FIELD11":null
    }
  },
  {
    "type": "Feature",
    "geometry": {
       "type": "Point",
       "coordinates":  [ 121.4480619,25.1159652 ]
    },
    "properties": {
    "id":"NTP197",
    "city":"新北市",
    "type":"公園",
    "name":"獅子頭景觀公園",
    "dist":"五股區",
    "loc":"孝義路",
    "FIELD9":"",
    "FIELD10":null,
    "FIELD11":null
    }
  },
  {
    "type": "Feature",
    "geometry": {
       "type": "Point",
       "coordinates":  [ 121.4494215,25.0989851 ]
    },
    "properties": {
    "id":"NTP198",
    "city":"新北市",
    "type":"公園",
    "name":"成州公園",
    "dist":"五股區",
    "loc":"西雲路435巷底",
    "FIELD9":"",
    "FIELD10":null,
    "FIELD11":null
    }
  },
  {
    "type": "Feature",
    "geometry": {
       "type": "Point",
       "coordinates":  [ 121.4342916,25.0881601 ]
    },
    "properties": {
    "id":"NTP199",
    "city":"新北市",
    "type":"公園",
    "name":"民義公園",
    "dist":"五股區",
    "loc":"五福路五福橋旁",
    "FIELD9":"",
    "FIELD10":null,
    "FIELD11":null
    }
  },
  {
    "type": "Feature",
    "geometry": {
       "type": "Point",
       "coordinates":  [ 121.4382989,25.0840965 ]
    },
    "properties": {
    "id":"NTP200",
    "city":"新北市",
    "type":"公園",
    "name":"坑口公園",
    "dist":"五股區",
    "loc":"工商路85巷及成泰路2段91巷交叉",
    "FIELD9":"",
    "FIELD10":null,
    "FIELD11":null
    }
  },
  {
    "type": "Feature",
    "geometry": {
       "type": "Point",
       "coordinates":  [ 121.4385817,25.0836449 ]
    },
    "properties": {
    "id":"NTP201",
    "city":"新北市",
    "type":"公園",
    "name":"二支郵局對面公園(兒六)",
    "dist":"五股區",
    "loc":"中興路4段48巷19號對面",
    "FIELD9":"",
    "FIELD10":null,
    "FIELD11":null
    }
  },
  {
    "type": "Feature",
    "geometry": {
       "type": "Point",
       "coordinates":  [ 121.4333071,25.071631 ]
    },
    "properties": {
    "id":"NTP202",
    "city":"新北市",
    "type":"公園",
    "name":"朝陽公園",
    "dist":"五股區",
    "loc":"明德路12巷.自強路87巷",
    "FIELD9":"",
    "FIELD10":null,
    "FIELD11":null
    }
  },
  {
    "type": "Feature",
    "geometry": {
       "type": "Point",
       "coordinates":  [ 121.4356305,25.0798839 ]
    },
    "properties": {
    "id":"NTP203",
    "city":"新北市",
    "type":"公園",
    "name":"德音兒童休憩公園(兒七)",
    "dist":"五股區",
    "loc":"蓬萊路6巷.成泰路2段235巷交叉處",
    "FIELD9":"",
    "FIELD10":null,
    "FIELD11":null
    }
  },
  {
    "type": "Feature",
    "geometry": {
       "type": "Point",
       "coordinates":  { }
    },
    "properties": {
    "id":"NTP204",
    "city":"新北市",
    "type":"公園",
    "name":"自然湧泉公園",
    "dist":"五股區",
    "loc":"成泰路1段189巷底",
    "FIELD9":"",
    "FIELD10":null,
    "FIELD11":null
    }
  },
  {
    "type": "Feature",
    "geometry": {
       "type": "Point",
       "coordinates":  [ 121.4557449,25.1103139 ]
    },
    "properties": {
    "id":"NTP205",
    "city":"新北市",
    "type":"公園",
    "name":"成德公園(原公二公園)",
    "dist":"五股區",
    "loc":"成泰路四段與成州八路交叉口",
    "FIELD9":"",
    "FIELD10":null,
    "FIELD11":null
    }
  },
  {
    "type": "Feature",
    "geometry": {
       "type": "Point",
       "coordinates":  { }
    },
    "properties": {
    "id":"NTP206",
    "city":"新北市",
    "type":"公園",
    "name":"洲子洋公園(原公三公園)",
    "dist":"五股區",
    "loc":"成泰路與洲子路交岔口",
    "FIELD9":"",
    "FIELD10":null,
    "FIELD11":null
    }
  },
  {
    "type": "Feature",
    "geometry": {
       "type": "Point",
       "coordinates":  [ 121.4444724,25.0865408 ]
    },
    "properties": {
    "id":"NTP207",
    "city":"新北市",
    "type":"公園",
    "name":"芳洲公園(公五)",
    "dist":"五股區",
    "loc":"芳洲二路與芳洲五路交岔口",
    "FIELD9":"",
    "FIELD10":null,
    "FIELD11":null
    }
  },
  {
    "type": "Feature",
    "geometry": {
       "type": "Point",
       "coordinates":  [ 121.785186,24.681175 ]
    },
    "properties": {
    "id":"NTP208",
    "city":"新北市",
    "type":"公園",
    "name":"新五公園(兒八)",
    "dist":"五股區",
    "loc":"新五路與中興路交岔口",
    "FIELD9":"",
    "FIELD10":null,
    "FIELD11":null
    }
  },
  {
    "type": "Feature",
    "geometry": {
       "type": "Point",
       "coordinates":  [ 121.4399921,25.0868587 ]
    },
    "properties": {
    "id":"NTP209",
    "city":"新北市",
    "type":"公園",
    "name":"綠六綠地",
    "dist":"五股區",
    "loc":"成泰路二段195巷口.五洲橋旁",
    "FIELD9":"",
    "FIELD10":null,
    "FIELD11":null
    }
  },
  {
    "type": "Feature",
    "geometry": {
       "type": "Point",
       "coordinates":  { }
    },
    "properties": {
    "id":"NTP210",
    "city":"新北市",
    "type":"公園",
    "name":"成德人行廣場",
    "dist":"五股區",
    "loc":"成泰路四段成州派出所旁",
    "FIELD9":"",
    "FIELD10":null,
    "FIELD11":null
    }
  },
  {
    "type": "Feature",
    "geometry": {
       "type": "Point",
       "coordinates":  [ 121.4421184,25.0916776 ]
    },
    "properties": {
    "id":"NTP211",
    "city":"新北市",
    "type":"公園",
    "name":"御史路體育公園",
    "dist":"五股區",
    "loc":"御史路35巷底",
    "FIELD9":"",
    "FIELD10":null,
    "FIELD11":null
    }
  },
  {
    "type": "Feature",
    "geometry": {
       "type": "Point",
       "coordinates":  { }
    },
    "properties": {
    "id":"NTP212",
    "city":"新北市",
    "type":"公園",
    "name":"五股防災體健公園(文中二)",
    "dist":"五股區",
    "loc":"新北市五股區成泰路三段與成州八路交叉",
    "FIELD9":"",
    "FIELD10":null,
    "FIELD11":null
    }
  },
  {
    "type": "Feature",
    "geometry": {
       "type": "Point",
       "coordinates":  [ 121.4440112,25.0928376 ]
    },
    "properties": {
    "id":"NTP213",
    "city":"新北市",
    "type":"公園",
    "name":"成功運動公園(兒三)",
    "dist":"五股區",
    "loc":"西雲路100巷",
    "FIELD9":"",
    "FIELD10":null,
    "FIELD11":null
    }
  },
  {
    "type": "Feature",
    "geometry": {
       "type": "Point",
       "coordinates":  [ 121.4479622,25.104674 ]
    },
    "properties": {
    "id":"NTP214",
    "city":"新北市",
    "type":"公園",
    "name":"天乙公園(兒一)",
    "dist":"五股區",
    "loc":"新北市五股區天乙路81號對面",
    "FIELD9":"",
    "FIELD10":null,
    "FIELD11":null
    }
  },
  {
    "type": "Feature",
    "geometry": {
       "type": "Point",
       "coordinates":  { }
    },
    "properties": {
    "id":"NTP215",
    "city":"新北市",
    "type":"公園",
    "name":"仁愛公園(公六)",
    "dist":"永和區",
    "loc":"保安",
    "FIELD9":"保生路交界",
    "FIELD10":103.0581698,
    "FIELD11":2.01196
    }
  },
  {
    "type": "Feature",
    "geometry": {
       "type": "Point",
       "coordinates":  { }
    },
    "properties": {
    "id":"NTP216",
    "city":"新北市",
    "type":"公園",
    "name":"公一公園",
    "dist":"永和區",
    "loc":"保生",
    "FIELD9":"",
    "FIELD10":null,
    "FIELD11":null
    }
  },
  {
    "type": "Feature",
    "geometry": {
       "type": "Point",
       "coordinates":  [ 120.6971772,24.1505397 ]
    },
    "properties": {
    "id":"NTP217",
    "city":"新北市",
    "type":"公園",
    "name":"大新社區公園",
    "dist":"永和區",
    "loc":"自強街6巷至8巷間",
    "FIELD9":"",
    "FIELD10":null,
    "FIELD11":null
    }
  },
  {
    "type": "Feature",
    "geometry": {
       "type": "Point",
       "coordinates":  [ 120.6545291,24.1643782 ]
    },
    "properties": {
    "id":"NTP218",
    "city":"新北市",
    "type":"公園",
    "name":"中興社區公園",
    "dist":"永和區",
    "loc":"中興街68巷5弄",
    "FIELD9":"",
    "FIELD10":null,
    "FIELD11":null
    }
  },
  {
    "type": "Feature",
    "geometry": {
       "type": "Point",
       "coordinates":  [ 121.5060444,25.1339002 ]
    },
    "properties": {
    "id":"NTP219",
    "city":"新北市",
    "type":"公園",
    "name":"民族街43巷公園",
    "dist":"永和區",
    "loc":"民族街43巷",
    "FIELD9":"",
    "FIELD10":null,
    "FIELD11":null
    }
  },
  {
    "type": "Feature",
    "geometry": {
       "type": "Point",
       "coordinates":  [ 121.5163292,25.0172343 ]
    },
    "properties": {
    "id":"NTP220",
    "city":"新北市",
    "type":"公園",
    "name":"中正橋頭小公園",
    "dist":"永和區",
    "loc":"永和路2段340號旁",
    "FIELD9":"",
    "FIELD10":null,
    "FIELD11":null
    }
  },
  {
    "type": "Feature",
    "geometry": {
       "type": "Point",
       "coordinates":  [ 121.5156493,25.0168276 ]
    },
    "properties": {
    "id":"NTP221",
    "city":"新北市",
    "type":"公園",
    "name":"中正派出所邊小公園",
    "dist":"永和區",
    "loc":"永和路2段393號旁",
    "FIELD9":"",
    "FIELD10":null,
    "FIELD11":null
    }
  },
  {
    "type": "Feature",
    "geometry": {
       "type": "Point",
       "coordinates":  [ 121.5179705,24.9979982 ]
    },
    "properties": {
    "id":"NTP222",
    "city":"新北市",
    "type":"公園",
    "name":"民治街早市公園",
    "dist":"永和區",
    "loc":"民治街60號對面(民治市場瓦窯溝旁)",
    "FIELD9":"",
    "FIELD10":null,
    "FIELD11":null
    }
  },
  {
    "type": "Feature",
    "geometry": {
       "type": "Point",
       "coordinates":  [ 121.5088488,25.0022264 ]
    },
    "properties": {
    "id":"NTP223",
    "city":"新北市",
    "type":"公園",
    "name":"雙和里社區公園",
    "dist":"永和區",
    "loc":"雙和街37巷與中和路305巷交叉口",
    "FIELD9":"",
    "FIELD10":null,
    "FIELD11":null
    }
  },
  {
    "type": "Feature",
    "geometry": {
       "type": "Point",
       "coordinates":  [ 121.5207395,25.0123382 ]
    },
    "properties": {
    "id":"NTP224",
    "city":"新北市",
    "type":"公園",
    "name":"竹林路91巷公園",
    "dist":"永和區",
    "loc":"竹林路91巷",
    "FIELD9":"",
    "FIELD10":null,
    "FIELD11":null
    }
  },
  {
    "type": "Feature",
    "geometry": {
       "type": "Point",
       "coordinates":  [ 121.5167943,25.0155301 ]
    },
    "properties": {
    "id":"NTP225",
    "city":"新北市",
    "type":"公園",
    "name":"復興社區公園",
    "dist":"永和區",
    "loc":"永和路二段286巷底",
    "FIELD9":"",
    "FIELD10":null,
    "FIELD11":null
    }
  },
  {
    "type": "Feature",
    "geometry": {
       "type": "Point",
       "coordinates":  [ 121.5097557,25.0050206 ]
    },
    "properties": {
    "id":"NTP226",
    "city":"新北市",
    "type":"公園",
    "name":"水源社區公園",
    "dist":"永和區",
    "loc":"保平路177巷",
    "FIELD9":"",
    "FIELD10":null,
    "FIELD11":null
    }
  },
  {
    "type": "Feature",
    "geometry": {
       "type": "Point",
       "coordinates":  [ 121.5086073,25.0152544 ]
    },
    "properties": {
    "id":"NTP227",
    "city":"新北市",
    "type":"公園",
    "name":"保福社區公園",
    "dist":"永和區",
    "loc":"保福路三段2號之1",
    "FIELD9":"",
    "FIELD10":null,
    "FIELD11":null
    }
  },
  {
    "type": "Feature",
    "geometry": {
       "type": "Point",
       "coordinates":  [ 121.5175008,24.9965961 ]
    },
    "properties": {
    "id":"NTP228",
    "city":"新北市",
    "type":"公園",
    "name":"民族社區公園",
    "dist":"永和區",
    "loc":"民有街25巷",
    "FIELD9":"",
    "FIELD10":null,
    "FIELD11":null
    }
  },
  {
    "type": "Feature",
    "geometry": {
       "type": "Point",
       "coordinates":  [ 121.5167266,25.011007 ]
    },
    "properties": {
    "id":"NTP229",
    "city":"新北市",
    "type":"公園",
    "name":"正興公園",
    "dist":"永和區",
    "loc":"中興街10巷31號旁",
    "FIELD9":"",
    "FIELD10":null,
    "FIELD11":null
    }
  },
  {
    "type": "Feature",
    "geometry": {
       "type": "Point",
       "coordinates":  [ 121.5177656,25.0107618 ]
    },
    "properties": {
    "id":"NTP230",
    "city":"新北市",
    "type":"公園",
    "name":"永興公園",
    "dist":"永和區",
    "loc":"豫溪街57巷10弄11號右側（美聯社對面）",
    "FIELD9":"",
    "FIELD10":null,
    "FIELD11":null
    }
  },
  {
    "type": "Feature",
    "geometry": {
       "type": "Point",
       "coordinates":  [ 121.5053216,25.0131006 ]
    },
    "properties": {
    "id":"NTP231",
    "city":"新北市",
    "type":"公園",
    "name":"保生綠帶",
    "dist":"永和區",
    "loc":"新生路218號旁(永和幼兒園保生分班前)",
    "FIELD9":"",
    "FIELD10":null,
    "FIELD11":null
    }
  },
  {
    "type": "Feature",
    "geometry": {
       "type": "Point",
       "coordinates":  [ 121.5175427,25.0011594 ]
    },
    "properties": {
    "id":"NTP232",
    "city":"新北市",
    "type":"公園",
    "name":"永和國小旁綠美化據點",
    "dist":"永和區",
    "loc":"永和國小旁（中正路281號旁）",
    "FIELD9":"",
    "FIELD10":null,
    "FIELD11":null
    }
  },
  {
    "type": "Feature",
    "geometry": {
       "type": "Point",
       "coordinates":  [ 121.5177989,25.002062 ]
    },
    "properties": {
    "id":"NTP233",
    "city":"新北市",
    "type":"公園",
    "name":"中正簡易公園",
    "dist":"永和區",
    "loc":"中正路412巷",
    "FIELD9":"",
    "FIELD10":null,
    "FIELD11":null
    }
  },
  {
    "type": "Feature",
    "geometry": {
       "type": "Point",
       "coordinates":  [ 121.5105143,25.0055723 ]
    },
    "properties": {
    "id":"NTP234",
    "city":"新北市",
    "type":"公園",
    "name":"水源段綠地(水源段717-1地號)",
    "dist":"永和區",
    "loc":"永貞路287巷2弄底",
    "FIELD9":"",
    "FIELD10":null,
    "FIELD11":null
    }
  },
  {
    "type": "Feature",
    "geometry": {
       "type": "Point",
       "coordinates":  [ 121.51637,25.0058822 ]
    },
    "properties": {
    "id":"NTP235",
    "city":"新北市",
    "type":"公園",
    "name":"秀朗廣場",
    "dist":"永和區",
    "loc":"中正路465巷",
    "FIELD9":"",
    "FIELD10":null,
    "FIELD11":null
    }
  },
  {
    "type": "Feature",
    "geometry": {
       "type": "Point",
       "coordinates":  [ 121.5164328,24.9953449 ]
    },
    "properties": {
    "id":"NTP236",
    "city":"新北市",
    "type":"公園",
    "name":"民享街黃昏市場公園",
    "dist":"永和區",
    "loc":"民享街23巷",
    "FIELD9":"",
    "FIELD10":null,
    "FIELD11":null
    }
  },
  {
    "type": "Feature",
    "geometry": {
       "type": "Point",
       "coordinates":  { }
    },
    "properties": {
    "id":"NTP237",
    "city":"新北市",
    "type":"公園",
    "name":"三角公園(公九)",
    "dist":"永和區",
    "loc":"永元",
    "FIELD9":"120.9656055",
    "FIELD10":24.7999164,
    "FIELD11":null
    }
  },
  {
    "type": "Feature",
    "geometry": {
       "type": "Point",
       "coordinates":  [ 121.5741036,25.2865154 ]
    },
    "properties": {
    "id":"NTP238",
    "city":"新北市",
    "type":"公園",
    "name":"石門洞遊憩區(公二)",
    "dist":"石門區",
    "loc":"尖鹿里中路37之2號(五龍宮)斜對面",
    "FIELD9":"",
    "FIELD10":null,
    "FIELD11":null
    }
  },
  {
    "type": "Feature",
    "geometry": {
       "type": "Point",
       "coordinates":  { }
    },
    "properties": {
    "id":"NTP239",
    "city":"新北市",
    "type":"公園",
    "name":"幸福雙心公園(公一)",
    "dist":"石門區",
    "loc":"台2線與老梅路",
    "FIELD9":"25.2897698",
    "FIELD10":null,
    "FIELD11":null
    }
  },
  {
    "type": "Feature",
    "geometry": {
       "type": "Point",
       "coordinates":  [ 121.5674345,25.2899198 ]
    },
    "properties": {
    "id":"NTP240",
    "city":"新北市",
    "type":"公園",
    "name":"新幸福公園",
    "dist":"石門區",
    "loc":"新北市石門區中山路62之7號對面",
    "FIELD9":"",
    "FIELD10":null,
    "FIELD11":null
    }
  },
  {
    "type": "Feature",
    "geometry": {
       "type": "Point",
       "coordinates":  [ 121.5677843,25.2917183 ]
    },
    "properties": {
    "id":"NTP241",
    "city":"新北市",
    "type":"公園",
    "name":"福安公園",
    "dist":"石門區",
    "loc":"新北市石門區尖鹿里中山路70之5號前",
    "FIELD9":"",
    "FIELD10":null,
    "FIELD11":null
    }
  },
  {
    "type": "Feature",
    "geometry": {
       "type": "Point",
       "coordinates":  [ 121.592902,25.280424 ]
    },
    "properties": {
    "id":"NTP242",
    "city":"新北市",
    "type":"公園",
    "name":"魔法廣場",
    "dist":"石門區",
    "loc":"新北市石門區茂林里坪林20號前",
    "FIELD9":"",
    "FIELD10":null,
    "FIELD11":null
    }
  },
  {
    "type": "Feature",
    "geometry": {
       "type": "Point",
       "coordinates":  [ 121.6307576,24.9531437 ]
    },
    "properties": {
    "id":"NTP243",
    "city":"新北市",
    "type":"公園",
    "name":"二格公園",
    "dist":"石碇區",
    "loc":"格頭里北宜路23K處",
    "FIELD9":"",
    "FIELD10":null,
    "FIELD11":null
    }
  },
  {
    "type": "Feature",
    "geometry": {
       "type": "Point",
       "coordinates":  [ 120.2154833,22.9707774 ]
    },
    "properties": {
    "id":"NTP244",
    "city":"新北市",
    "type":"公園",
    "name":"水返腳公園(公八)",
    "dist":"汐止區",
    "loc":"大同路二段451號旁",
    "FIELD9":"",
    "FIELD10":null,
    "FIELD11":null
    }
  },
  {
    "type": "Feature",
    "geometry": {
       "type": "Point",
       "coordinates":  [ 121.3101542,24.9895997 ]
    },
    "properties": {
    "id":"NTP245",
    "city":"新北市",
    "type":"公園",
    "name":"復興公園",
    "dist":"汐止區",
    "loc":"復興路與龍安路口",
    "FIELD9":"",
    "FIELD10":null,
    "FIELD11":null
    }
  },
  {
    "type": "Feature",
    "geometry": {
       "type": "Point",
       "coordinates":  [ 121.6367718,25.0687755 ]
    },
    "properties": {
    "id":"NTP246",
    "city":"新北市",
    "type":"公園",
    "name":"康福公園",
    "dist":"汐止區",
    "loc":"福德一路86巷",
    "FIELD9":"",
    "FIELD10":null,
    "FIELD11":null
    }
  },
  {
    "type": "Feature",
    "geometry": {
       "type": "Point",
       "coordinates":  { }
    },
    "properties": {
    "id":"NTP247",
    "city":"新北市",
    "type":"公園",
    "name":"茄興公園",
    "dist":"汐止區",
    "loc":"茄興街上新台五路旁",
    "FIELD9":"",
    "FIELD10":null,
    "FIELD11":null
    }
  },
  {
    "type": "Feature",
    "geometry": {
       "type": "Point",
       "coordinates":  [ 121.6605321,25.0439661 ]
    },
    "properties": {
    "id":"NTP248",
    "city":"新北市",
    "type":"公園",
    "name":"康誥坑公園(原文化白雲公園)",
    "dist":"汐止區",
    "loc":"水源路二段",
    "FIELD9":"",
    "FIELD10":null,
    "FIELD11":null
    }
  },
  {
    "type": "Feature",
    "geometry": {
       "type": "Point",
       "coordinates":  { }
    },
    "properties": {
    "id":"NTP249",
    "city":"新北市",
    "type":"公園",
    "name":"湖興公園",
    "dist":"汐止區",
    "loc":"伯爵五代自由女神旁",
    "FIELD9":"",
    "FIELD10":null,
    "FIELD11":null
    }
  },
  {
    "type": "Feature",
    "geometry": {
       "type": "Point",
       "coordinates":  { }
    },
    "properties": {
    "id":"NTP250",
    "city":"新北市",
    "type":"公園",
    "name":"新金龍公園",
    "dist":"汐止區",
    "loc":"湖前街31巷",
    "FIELD9":"25.0694948",
    "FIELD10":null,
    "FIELD11":null
    }
  },
  {
    "type": "Feature",
    "geometry": {
       "type": "Point",
       "coordinates":  [ 121.6282147,25.0697129 ]
    },
    "properties": {
    "id":"NTP251",
    "city":"新北市",
    "type":"公園",
    "name":"北峰公園(公兒六)",
    "dist":"汐止區",
    "loc":"中興路與明峰街口",
    "FIELD9":"",
    "FIELD10":null,
    "FIELD11":null
    }
  },
  {
    "type": "Feature",
    "geometry": {
       "type": "Point",
       "coordinates":  [ 121.621353,25.054807 ]
    },
    "properties": {
    "id":"NTP252",
    "city":"新北市",
    "type":"公園",
    "name":"民權公園",
    "dist":"汐止區",
    "loc":"民權街一段與橫科路口",
    "FIELD9":"",
    "FIELD10":null,
    "FIELD11":null
    }
  },
  {
    "type": "Feature",
    "geometry": {
       "type": "Point",
       "coordinates":  [ 121.6259174,25.0399168 ]
    },
    "properties": {
    "id":"NTP253",
    "city":"新北市",
    "type":"公園",
    "name":"東勢公園",
    "dist":"汐止區",
    "loc":"東勢街與芳園街口",
    "FIELD9":"",
    "FIELD10":null,
    "FIELD11":null
    }
  },
  {
    "type": "Feature",
    "geometry": {
       "type": "Point",
       "coordinates":  [ 121.6732383,25.0791354 ]
    },
    "properties": {
    "id":"NTP254",
    "city":"新北市",
    "type":"公園",
    "name":"保長公園(公兒九)",
    "dist":"汐止區",
    "loc":"保長路45巷旁",
    "FIELD9":"",
    "FIELD10":null,
    "FIELD11":null
    }
  },
  {
    "type": "Feature",
    "geometry": {
       "type": "Point",
       "coordinates":  [ 121.6406866,25.067936 ]
    },
    "properties": {
    "id":"NTP255",
    "city":"新北市",
    "type":"公園",
    "name":"原住民公園",
    "dist":"汐止區",
    "loc":"樟樹二路與樟樹一路口",
    "FIELD9":"",
    "FIELD10":null,
    "FIELD11":null
    }
  },
  {
    "type": "Feature",
    "geometry": {
       "type": "Point",
       "coordinates":  [ 121.707088,25.06363 ]
    },
    "properties": {
    "id":"NTP256",
    "city":"新北市",
    "type":"公園",
    "name":"姜子寮公園",
    "dist":"汐止區",
    "loc":"姜子寮路底",
    "FIELD9":"",
    "FIELD10":null,
    "FIELD11":null
    }
  },
  {
    "type": "Feature",
    "geometry": {
       "type": "Point",
       "coordinates":  [ 120.8272085,24.2599898 ]
    },
    "properties": {
    "id":"NTP257",
    "city":"新北市",
    "type":"公園",
    "name":"林森公園(公二)",
    "dist":"汐止區",
    "loc":"東勢段290",
    "FIELD9":"",
    "FIELD10":null,
    "FIELD11":null
    }
  },
  {
    "type": "Feature",
    "geometry": {
       "type": "Point",
       "coordinates":  [ 121.6415782,25.0677915 ]
    },
    "properties": {
    "id":"NTP258",
    "city":"新北市",
    "type":"公園",
    "name":"厚德綠地(公兒三)",
    "dist":"汐止區",
    "loc":"樟樹一路145巷",
    "FIELD9":"",
    "FIELD10":null,
    "FIELD11":null
    }
  },
  {
    "type": "Feature",
    "geometry": {
       "type": "Point",
       "coordinates":  [ 121.3114372,25.0140812 ]
    },
    "properties": {
    "id":"NTP259",
    "city":"新北市",
    "type":"公園",
    "name":"白雲公園(公七)",
    "dist":"汐止區",
    "loc":"福山街62巷底",
    "FIELD9":"",
    "FIELD10":null,
    "FIELD11":null
    }
  },
  {
    "type": "Feature",
    "geometry": {
       "type": "Point",
       "coordinates":  [ 121.6397184,25.0616059 ]
    },
    "properties": {
    "id":"NTP260",
    "city":"新北市",
    "type":"公園",
    "name":"汐止車站小廣場",
    "dist":"汐止區",
    "loc":"汐止車站小廣場",
    "FIELD9":"",
    "FIELD10":null,
    "FIELD11":null
    }
  },
  {
    "type": "Feature",
    "geometry": {
       "type": "Point",
       "coordinates":  [ 121.3734898,25.0712161 ]
    },
    "properties": {
    "id":"NTP261",
    "city":"新北市",
    "type":"公園",
    "name":"婦幼公園(公5)",
    "dist":"林口區",
    "loc":"文化一路一段與仁愛一路口對面",
    "FIELD9":"",
    "FIELD10":null,
    "FIELD11":null
    }
  },
  {
    "type": "Feature",
    "geometry": {
       "type": "Point",
       "coordinates":  [ 121.3705258,25.05344 ]
    },
    "properties": {
    "id":"NTP262",
    "city":"新北市",
    "type":"公園",
    "name":"扶輪公園(公13)",
    "dist":"林口區",
    "loc":"文化二路與忠孝路口",
    "FIELD9":"",
    "FIELD10":null,
    "FIELD11":null
    }
  },
  {
    "type": "Feature",
    "geometry": {
       "type": "Point",
       "coordinates":  [ 121.3598729,25.0770172 ]
    },
    "properties": {
    "id":"NTP263",
    "city":"新北市",
    "type":"公園",
    "name":"大崙公園(公鄰1)",
    "dist":"林口區",
    "loc":"南勢二街412號對面",
    "FIELD9":"",
    "FIELD10":null,
    "FIELD11":null
    }
  },
  {
    "type": "Feature",
    "geometry": {
       "type": "Point",
       "coordinates":  [ 121.3588362,25.0741609 ]
    },
    "properties": {
    "id":"NTP264",
    "city":"新北市",
    "type":"公園",
    "name":"南勢公園(公鄰2)",
    "dist":"林口區",
    "loc":"南勢二街與忠孝一路口",
    "FIELD9":"",
    "FIELD10":null,
    "FIELD11":null
    }
  },
  {
    "type": "Feature",
    "geometry": {
       "type": "Point",
       "coordinates":  [ 121.3561814,25.0696889 ]
    },
    "properties": {
    "id":"NTP265",
    "city":"新北市",
    "type":"公園",
    "name":"井泉公園(公鄰3)",
    "dist":"林口區",
    "loc":"南勢二街72號對面",
    "FIELD9":"",
    "FIELD10":null,
    "FIELD11":null
    }
  },
  {
    "type": "Feature",
    "geometry": {
       "type": "Point",
       "coordinates":  [ 121.379395,25.090745 ]
    },
    "properties": {
    "id":"NTP266",
    "city":"新北市",
    "type":"公園",
    "name":"松柏公園(公鄰7)",
    "dist":"林口區",
    "loc":"松柏路78號旁",
    "FIELD9":"",
    "FIELD10":null,
    "FIELD11":null
    }
  },
  {
    "type": "Feature",
    "geometry": {
       "type": "Point",
       "coordinates":  [ 121.3754415,25.0869143 ]
    },
    "properties": {
    "id":"NTP267",
    "city":"新北市",
    "type":"公園",
    "name":"文林公園(公鄰8)",
    "dist":"林口區",
    "loc":"文林二街與文林三街口",
    "FIELD9":"",
    "FIELD10":null,
    "FIELD11":null
    }
  },
  {
    "type": "Feature",
    "geometry": {
       "type": "Point",
       "coordinates":  [ 120.6743391,24.142543 ]
    },
    "properties": {
    "id":"NTP268",
    "city":"新北市",
    "type":"公園",
    "name":"湖南公園(公鄰9)",
    "dist":"林口區",
    "loc":"民權路165號",
    "FIELD9":"",
    "FIELD10":null,
    "FIELD11":null
    }
  },
  {
    "type": "Feature",
    "geometry": {
       "type": "Point",
       "coordinates":  [ 121.372962,25.082093 ]
    },
    "properties": {
    "id":"NTP269",
    "city":"新北市",
    "type":"公園",
    "name":"翰林公園(公鄰10)",
    "dist":"林口區",
    "loc":"民權路101號(頭湖國小)旁",
    "FIELD9":"",
    "FIELD10":null,
    "FIELD11":null
    }
  },
  {
    "type": "Feature",
    "geometry": {
       "type": "Point",
       "coordinates":  { }
    },
    "properties": {
    "id":"NTP270",
    "city":"新北市",
    "type":"公園",
    "name":"力行公園(公鄰11)",
    "dist":"林口區",
    "loc":"民族路與文化北路526巷口",
    "FIELD9":"",
    "FIELD10":null,
    "FIELD11":null
    }
  },
  {
    "type": "Feature",
    "geometry": {
       "type": "Point",
       "coordinates":  [ 120.4482794,23.4758642 ]
    },
    "properties": {
    "id":"NTP271",
    "city":"新北市",
    "type":"公園",
    "name":"立德公園(公鄰12)",
    "dist":"林口區",
    "loc":"民族路與仁愛二路口",
    "FIELD9":"",
    "FIELD10":null,
    "FIELD11":null
    }
  },
  {
    "type": "Feature",
    "geometry": {
       "type": "Point",
       "coordinates":  { }
    },
    "properties": {
    "id":"NTP272",
    "city":"新北市",
    "type":"公園",
    "name":"立言公園(公鄰13)",
    "dist":"林口區",
    "loc":"忠孝一路與三民路口",
    "FIELD9":"",
    "FIELD10":null,
    "FIELD11":null
    }
  },
  {
    "type": "Feature",
    "geometry": {
       "type": "Point",
       "coordinates":  [ 120.5617431,22.4786941 ]
    },
    "properties": {
    "id":"NTP273",
    "city":"新北市",
    "type":"公園",
    "name":"立功公園(公鄰14)",
    "dist":"林口區",
    "loc":"三民路75號旁",
    "FIELD9":"",
    "FIELD10":null,
    "FIELD11":null
    }
  },
  {
    "type": "Feature",
    "geometry": {
       "type": "Point",
       "coordinates":  [ 121.3849206,25.087951 ]
    },
    "properties": {
    "id":"NTP274",
    "city":"新北市",
    "type":"公園",
    "name":"宗北公園(公鄰21)",
    "dist":"林口區",
    "loc":"民享路406號對面",
    "FIELD9":"",
    "FIELD10":null,
    "FIELD11":null
    }
  },
  {
    "type": "Feature",
    "geometry": {
       "type": "Point",
       "coordinates":  [ 121.300643,25.03128 ]
    },
    "properties": {
    "id":"NTP275",
    "city":"新北市",
    "type":"公園",
    "name":"一品公園(公鄰22)",
    "dist":"林口區",
    "loc":"中北三街與中華一路口",
    "FIELD9":"",
    "FIELD10":null,
    "FIELD11":null
    }
  },
  {
    "type": "Feature",
    "geometry": {
       "type": "Point",
       "coordinates":  { }
    },
    "properties": {
    "id":"NTP276",
    "city":"新北市",
    "type":"公園",
    "name":"林口社區運動公園(小熊公園",
    "dist":"公鄰23)",
    "loc":"林口區",
    "FIELD9":"25.0743561",
    "FIELD10":null,
    "FIELD11":null
    }
  },
  {
    "type": "Feature",
    "geometry": {
       "type": "Point",
       "coordinates":  [ 121.3682287,25.0686085 ]
    },
    "properties": {
    "id":"NTP277",
    "city":"新北市",
    "type":"公園",
    "name":"麗林福德公園(公鄰24)",
    "dist":"林口區",
    "loc":"公園路46號(麗林國小)旁",
    "FIELD9":"",
    "FIELD10":null,
    "FIELD11":null
    }
  },
  {
    "type": "Feature",
    "geometry": {
       "type": "Point",
       "coordinates":  { }
    },
    "properties": {
    "id":"NTP278",
    "city":"新北市",
    "type":"公園",
    "name":"四維公園(公鄰29)",
    "dist":"林口區",
    "loc":"四維路與佳林路口",
    "FIELD9":"",
    "FIELD10":null,
    "FIELD11":null
    }
  },
  {
    "type": "Feature",
    "geometry": {
       "type": "Point",
       "coordinates":  [ 121.3731379,25.0696002 ]
    },
    "properties": {
    "id":"NTP279",
    "city":"新北市",
    "type":"公園",
    "name":"麗園公園(公鄰30)",
    "dist":"林口區",
    "loc":"麗園路60號對面",
    "FIELD9":"",
    "FIELD10":null,
    "FIELD11":null
    }
  },
  {
    "type": "Feature",
    "geometry": {
       "type": "Point",
       "coordinates":  [ 121.3769473,25.0674971 ]
    },
    "properties": {
    "id":"NTP280",
    "city":"新北市",
    "type":"公園",
    "name":"新北市林口區游泳池(公鄰31)",
    "dist":"林口區",
    "loc":"忠孝路616巷26號(區立游泳池)",
    "FIELD9":"",
    "FIELD10":null,
    "FIELD11":null
    }
  },
  {
    "type": "Feature",
    "geometry": {
       "type": "Point",
       "coordinates":  [ 121.3852666,25.0724385 ]
    },
    "properties": {
    "id":"NTP281",
    "city":"新北市",
    "type":"公園",
    "name":"東湖公園(公鄰32)",
    "dist":"林口區",
    "loc":"東湖路75巷與東湖一街口",
    "FIELD9":"",
    "FIELD10":null,
    "FIELD11":null
    }
  },
  {
    "type": "Feature",
    "geometry": {
       "type": "Point",
       "coordinates":  [ 121.3879599,25.0755698 ]
    },
    "properties": {
    "id":"NTP282",
    "city":"新北市",
    "type":"公園",
    "name":"隆林公園(公鄰33)",
    "dist":"林口區",
    "loc":"隆林街36號對面",
    "FIELD9":"",
    "FIELD10":null,
    "FIELD11":null
    }
  },
  {
    "type": "Feature",
    "geometry": {
       "type": "Point",
       "coordinates":  [ 121.3897773,25.0716913 ]
    },
    "properties": {
    "id":"NTP283",
    "city":"新北市",
    "type":"公園",
    "name":"東明公園(公鄰34)",
    "dist":"林口區",
    "loc":"興林路221巷與東明一街98巷口",
    "FIELD9":"",
    "FIELD10":null,
    "FIELD11":null
    }
  },
  {
    "type": "Feature",
    "geometry": {
       "type": "Point",
       "coordinates":  [ 121.397686,25.0747787 ]
    },
    "properties": {
    "id":"NTP284",
    "city":"新北市",
    "type":"公園",
    "name":"仁愛公園(公鄰35)",
    "dist":"林口區",
    "loc":"仁愛路一段211巷111號對面(文小18旁)",
    "FIELD9":"",
    "FIELD10":null,
    "FIELD11":null
    }
  },
  {
    "type": "Feature",
    "geometry": {
       "type": "Point",
       "coordinates":  [ 121.3972968,25.0701192 ]
    },
    "properties": {
    "id":"NTP285",
    "city":"新北市",
    "type":"公園",
    "name":"新寮公園(公鄰36)",
    "dist":"林口區",
    "loc":"仁愛路一段83巷與123巷間",
    "FIELD9":"",
    "FIELD10":null,
    "FIELD11":null
    }
  },
  {
    "type": "Feature",
    "geometry": {
       "type": "Point",
       "coordinates":  { }
    },
    "properties": {
    "id":"NTP286",
    "city":"新北市",
    "type":"公園",
    "name":"公鄰43",
    "dist":"林口區",
    "loc":"粉療28-1號東林托兒所下方",
    "FIELD9":"",
    "FIELD10":null,
    "FIELD11":null
    }
  },
  {
    "type": "Feature",
    "geometry": {
       "type": "Point",
       "coordinates":  { }
    },
    "properties": {
    "id":"NTP287",
    "city":"新北市",
    "type":"公園",
    "name":"銅雕公園(公鄰45)",
    "dist":"林口區",
    "loc":"中山路與橫窠雅路口(銅雕公園)",
    "FIELD9":"",
    "FIELD10":null,
    "FIELD11":null
    }
  },
  {
    "type": "Feature",
    "geometry": {
       "type": "Point",
       "coordinates":  { }
    },
    "properties": {
    "id":"NTP288",
    "city":"新北市",
    "type":"公園",
    "name":"公鄰46",
    "dist":"林口區",
    "loc":"粉療28-1號(東林托兒所)",
    "FIELD9":"",
    "FIELD10":null,
    "FIELD11":null
    }
  },
  {
    "type": "Feature",
    "geometry": {
       "type": "Point",
       "coordinates":  [ 121.3701667,25.0684112 ]
    },
    "properties": {
    "id":"NTP289",
    "city":"新北市",
    "type":"公園",
    "name":"樂活公園",
    "dist":"林口區",
    "loc":"文化一路一段20號(崇林國中)旁",
    "FIELD9":"",
    "FIELD10":null,
    "FIELD11":null
    }
  },
  {
    "type": "Feature",
    "geometry": {
       "type": "Point",
       "coordinates":  [ 121.3919917,25.0727195 ]
    },
    "properties": {
    "id":"NTP290",
    "city":"新北市",
    "type":"公園",
    "name":"興林公園",
    "dist":"林口區",
    "loc":"興林一街109巷(高地仰哲社區對面)",
    "FIELD9":"",
    "FIELD10":null,
    "FIELD11":null
    }
  },
  {
    "type": "Feature",
    "geometry": {
       "type": "Point",
       "coordinates":  [ 120.6842456,24.130552 ]
    },
    "properties": {
    "id":"NTP291",
    "city":"新北市",
    "type":"公園",
    "name":"仁愛籃球場(廣一)",
    "dist":"林口區",
    "loc":"忠孝路與公園路口",
    "FIELD9":"",
    "FIELD10":null,
    "FIELD11":null
    }
  },
  {
    "type": "Feature",
    "geometry": {
       "type": "Point",
       "coordinates":  [ 121.3731716,25.0681126 ]
    },
    "properties": {
    "id":"NTP292",
    "city":"新北市",
    "type":"公園",
    "name":"麗園籃球場(廣二)",
    "dist":"林口區",
    "loc":"忠孝路與忠孝路542巷口",
    "FIELD9":"",
    "FIELD10":null,
    "FIELD11":null
    }
  },
  {
    "type": "Feature",
    "geometry": {
       "type": "Point",
       "coordinates":  [ 121.3783642,25.0684757 ]
    },
    "properties": {
    "id":"NTP293",
    "city":"新北市",
    "type":"公園",
    "name":"東勢籃球場(廣三)",
    "dist":"林口區",
    "loc":"忠孝路與忠孝路622巷口",
    "FIELD9":"",
    "FIELD10":null,
    "FIELD11":null
    }
  },
  {
    "type": "Feature",
    "geometry": {
       "type": "Point",
       "coordinates":  [ 121.3983449,25.0805036 ]
    },
    "properties": {
    "id":"NTP294",
    "city":"新北市",
    "type":"公園",
    "name":"自強公園",
    "dist":"林口區",
    "loc":"粉寮路一段與中山路口",
    "FIELD9":"",
    "FIELD10":null,
    "FIELD11":null
    }
  },
  {
    "type": "Feature",
    "geometry": {
       "type": "Point",
       "coordinates":  [ 121.4466642,25.0564414 ]
    },
    "properties": {
    "id":"NTP295",
    "city":"新北市",
    "type":"公園",
    "name":"富貴森林公園(公一)",
    "dist":"林口區",
    "loc":"富貴路內",
    "FIELD9":"",
    "FIELD10":null,
    "FIELD11":null
    }
  },
  {
    "type": "Feature",
    "geometry": {
       "type": "Point",
       "coordinates":  { }
    },
    "properties": {
    "id":"NTP296",
    "city":"新北市",
    "type":"公園",
    "name":"樹林口公園(公鄰38)",
    "dist":"林口區",
    "loc":"中山路與中原街路口附近",
    "FIELD9":"",
    "FIELD10":null,
    "FIELD11":null
    }
  },
  {
    "type": "Feature",
    "geometry": {
       "type": "Point",
       "coordinates":  { }
    },
    "properties": {
    "id":"NTP297",
    "city":"新北市",
    "type":"公園",
    "name":"市17跳跳糖兒童遊戲場(市17)",
    "dist":"林口區",
    "loc":"興林路",
    "FIELD9":"25.0728101",
    "FIELD10":null,
    "FIELD11":null
    }
  },
  {
    "type": "Feature",
    "geometry": {
       "type": "Point",
       "coordinates":  [ 121.3962211,25.075834 ]
    },
    "properties": {
    "id":"NTP298",
    "city":"新北市",
    "type":"公園",
    "name":"足夢公園(文小18)",
    "dist":"林口區",
    "loc":"仁愛路一段與粉寮路一段路口",
    "FIELD9":"",
    "FIELD10":null,
    "FIELD11":null
    }
  },
  {
    "type": "Feature",
    "geometry": {
       "type": "Point",
       "coordinates":  [ 121.3886322,25.0767834 ]
    },
    "properties": {
    "id":"NTP299",
    "city":"新北市",
    "type":"公園",
    "name":"興林口公園(公鄰37)",
    "dist":"林口區",
    "loc":"新北市林口區仁愛路一段378號(新北市林口區公所)旁",
    "FIELD9":"",
    "FIELD10":null,
    "FIELD11":null
    }
  },
  {
    "type": "Feature",
    "geometry": {
       "type": "Point",
       "coordinates":  [ 121.3900099,25.0845519 ]
    },
    "properties": {
    "id":"NTP300",
    "city":"新北市",
    "type":"公園",
    "name":"727地號公園",
    "dist":"林口區",
    "loc":"竹林路與竹林路412巷路口附近",
    "FIELD9":"",
    "FIELD10":null,
    "FIELD11":null
    }
  },
  {
    "type": "Feature",
    "geometry": {
       "type": "Point",
       "coordinates":  { }
    },
    "properties": {
    "id":"NTP301",
    "city":"新北市",
    "type":"公園",
    "name":"櫻花公園",
    "dist":"林口區",
    "loc":"文化二路二段",
    "FIELD9":"25.0860421",
    "FIELD10":null,
    "FIELD11":null
    }
  },
  {
    "type": "Feature",
    "geometry": {
       "type": "Point",
       "coordinates":  [ 121.3759033,25.0801492 ]
    },
    "properties": {
    "id":"NTP302",
    "city":"新北市",
    "type":"公園",
    "name":"吉祥影視公園",
    "dist":"林口區",
    "loc":"新北市林口區吉祥路",
    "FIELD9":"",
    "FIELD10":null,
    "FIELD11":null
    }
  },
  {
    "type": "Feature",
    "geometry": {
       "type": "Point",
       "coordinates":  [ 120.3082757,23.0349778 ]
    },
    "properties": {
    "id":"NTP303",
    "city":"新北市",
    "type":"公園",
    "name":"公鄰28公園",
    "dist":"林口區",
    "loc":"中正路與信義路交叉口",
    "FIELD9":"",
    "FIELD10":null,
    "FIELD11":null
    }
  },
  {
    "type": "Feature",
    "geometry": {
       "type": "Point",
       "coordinates":  [ 121.4713309,25.0306335 ]
    },
    "properties": {
    "id":"NTP304",
    "city":"新北市",
    "type":"公園",
    "name":"農村公園",
    "dist":"板橋區",
    "loc":"吳鳳路50巷與雙十路3段交叉口",
    "FIELD9":"",
    "FIELD10":null,
    "FIELD11":null
    }
  },
  {
    "type": "Feature",
    "geometry": {
       "type": "Point",
       "coordinates":  [ 121.4709759,25.0302258 ]
    },
    "properties": {
    "id":"NTP305",
    "city":"新北市",
    "type":"公園",
    "name":"石雕公園",
    "dist":"板橋區",
    "loc":"吳鳳路50巷(農村公園旁)",
    "FIELD9":"",
    "FIELD10":null,
    "FIELD11":null
    }
  },
  {
    "type": "Feature",
    "geometry": {
       "type": "Point",
       "coordinates":  [ 121.4773429,25.0251847 ]
    },
    "properties": {
    "id":"NTP306",
    "city":"新北市",
    "type":"公園",
    "name":"八德公園",
    "dist":"板橋區",
    "loc":"雙十路二段與萬板路交叉口",
    "FIELD9":"",
    "FIELD10":null,
    "FIELD11":null
    }
  },
  {
    "type": "Feature",
    "geometry": {
       "type": "Point",
       "coordinates":  [ 121.4636007,25.0246818 ]
    },
    "properties": {
    "id":"NTP307",
    "city":"新北市",
    "type":"公園",
    "name":"四維公園",
    "dist":"板橋區",
    "loc":"陽明街166號(新埔國小旁)",
    "FIELD9":"",
    "FIELD10":null,
    "FIELD11":null
    }
  },
  {
    "type": "Feature",
    "geometry": {
       "type": "Point",
       "coordinates":  [ 121.4563589,25.026772 ]
    },
    "properties": {
    "id":"NTP308",
    "city":"新北市",
    "type":"公園",
    "name":"玫瑰公園",
    "dist":"板橋區",
    "loc":"綠堤街(縣立醫院旁)",
    "FIELD9":"",
    "FIELD10":null,
    "FIELD11":null
    }
  },
  {
    "type": "Feature",
    "geometry": {
       "type": "Point",
       "coordinates":  [ 121.4535186,25.0202003 ]
    },
    "properties": {
    "id":"NTP309",
    "city":"新北市",
    "type":"公園",
    "name":"國光公園",
    "dist":"板橋區",
    "loc":"中正路375巷48號(國光國小旁)",
    "FIELD9":"",
    "FIELD10":null,
    "FIELD11":null
    }
  },
  {
    "type": "Feature",
    "geometry": {
       "type": "Point",
       "coordinates":  [ 120.4406224,23.5004615 ]
    },
    "properties": {
    "id":"NTP310",
    "city":"新北市",
    "type":"公園",
    "name":"資訊公園",
    "dist":"板橋區",
    "loc":"文化路與長江路口(華江橋頭)",
    "FIELD9":"",
    "FIELD10":null,
    "FIELD11":null
    }
  },
  {
    "type": "Feature",
    "geometry": {
       "type": "Point",
       "coordinates":  [ 121.471505,25.023156 ]
    },
    "properties": {
    "id":"NTP311",
    "city":"新北市",
    "type":"公園",
    "name":"中山公園",
    "dist":"板橋區",
    "loc":"莊敬路179號",
    "FIELD9":"",
    "FIELD10":null,
    "FIELD11":null
    }
  },
  {
    "type": "Feature",
    "geometry": {
       "type": "Point",
       "coordinates":  [ 121.4713487,25.018741 ]
    },
    "properties": {
    "id":"NTP312",
    "city":"新北市",
    "type":"公園",
    "name":"華江公園",
    "dist":"板橋區",
    "loc":"民生路二段與縣民大道交叉口",
    "FIELD9":"",
    "FIELD10":null,
    "FIELD11":null
    }
  },
  {
    "type": "Feature",
    "geometry": {
       "type": "Point",
       "coordinates":  [ 121.4730591,25.0167153 ]
    },
    "properties": {
    "id":"NTP313",
    "city":"新北市",
    "type":"公園",
    "name":"莊敬公園",
    "dist":"板橋區",
    "loc":"民生路二段20號(公園大鎮對面)",
    "FIELD9":"",
    "FIELD10":null,
    "FIELD11":null
    }
  },
  {
    "type": "Feature",
    "geometry": {
       "type": "Point",
       "coordinates":  [ 121.4530228,25.0191826 ]
    },
    "properties": {
    "id":"NTP314",
    "city":"新北市",
    "type":"公園",
    "name":"環河公園",
    "dist":"板橋區",
    "loc":"南雅西路二段301巷41弄(國光國小後面)",
    "FIELD9":"",
    "FIELD10":null,
    "FIELD11":null
    }
  },
  {
    "type": "Feature",
    "geometry": {
       "type": "Point",
       "coordinates":  [ 121.4480215,25.0213388 ]
    },
    "properties": {
    "id":"NTP315",
    "city":"新北市",
    "type":"公園",
    "name":"華中公園",
    "dist":"板橋區",
    "loc":"僑中一街124巷底(四汴頭抽水站旁)",
    "FIELD9":"",
    "FIELD10":null,
    "FIELD11":null
    }
  },
  {
    "type": "Feature",
    "geometry": {
       "type": "Point",
       "coordinates":  [ 121.4773212,25.024436 ]
    },
    "properties": {
    "id":"NTP316",
    "city":"新北市",
    "type":"公園",
    "name":"永安公園",
    "dist":"板橋區",
    "loc":"雙十路一段25號",
    "FIELD9":"",
    "FIELD10":null,
    "FIELD11":null
    }
  },
  {
    "type": "Feature",
    "geometry": {
       "type": "Point",
       "coordinates":  [ 121.4770714,25.0210003 ]
    },
    "properties": {
    "id":"NTP317",
    "city":"新北市",
    "type":"公園",
    "name":"永豐公園",
    "dist":"板橋區",
    "loc":"永豐街124號",
    "FIELD9":"",
    "FIELD10":null,
    "FIELD11":null
    }
  },
  {
    "type": "Feature",
    "geometry": {
       "type": "Point",
       "coordinates":  [ 121.4750674,25.0140085 ]
    },
    "properties": {
    "id":"NTP318",
    "city":"新北市",
    "type":"公園",
    "name":"民生公園",
    "dist":"板橋區",
    "loc":"民生路一段30號(板橋憲兵隊旁)",
    "FIELD9":"",
    "FIELD10":null,
    "FIELD11":null
    }
  },
  {
    "type": "Feature",
    "geometry": {
       "type": "Point",
       "coordinates":  { }
    },
    "properties": {
    "id":"NTP319",
    "city":"新北市",
    "type":"公園",
    "name":"介壽公園",
    "dist":"板橋區",
    "loc":"館前東路",
    "FIELD9":"121.4635488",
    "FIELD10":25.0086118,
    "FIELD11":null
    }
  },
  {
    "type": "Feature",
    "geometry": {
       "type": "Point",
       "coordinates":  [ 121.4642959,24.9977051 ]
    },
    "properties": {
    "id":"NTP320",
    "city":"新北市",
    "type":"公園",
    "name":"和平公園",
    "dist":"板橋區",
    "loc":"重慶路355號",
    "FIELD9":"",
    "FIELD10":null,
    "FIELD11":null
    }
  },
  {
    "type": "Feature",
    "geometry": {
       "type": "Point",
       "coordinates":  [ 121.4604301,24.9972434 ]
    },
    "properties": {
    "id":"NTP321",
    "city":"新北市",
    "type":"公園",
    "name":"忠孝公園",
    "dist":"板橋區",
    "loc":"國慶路149巷21弄16弄",
    "FIELD9":"",
    "FIELD10":null,
    "FIELD11":null
    }
  },
  {
    "type": "Feature",
    "geometry": {
       "type": "Point",
       "coordinates":  [ 121.4599904,24.9962479 ]
    },
    "properties": {
    "id":"NTP322",
    "city":"新北市",
    "type":"公園",
    "name":"仁愛公園",
    "dist":"板橋區",
    "loc":"國慶路51號(忠孝公園旁)",
    "FIELD9":"",
    "FIELD10":null,
    "FIELD11":null
    }
  },
  {
    "type": "Feature",
    "geometry": {
       "type": "Point",
       "coordinates":  [ 121.452634,24.9917273 ]
    },
    "properties": {
    "id":"NTP323",
    "city":"新北市",
    "type":"公園",
    "name":"華德公園",
    "dist":"板橋區",
    "loc":"四川路二段245巷125號(信義國小對面)",
    "FIELD9":"",
    "FIELD10":null,
    "FIELD11":null
    }
  },
  {
    "type": "Feature",
    "geometry": {
       "type": "Point",
       "coordinates":  [ 121.4548561,25.0030787 ]
    },
    "properties": {
    "id":"NTP324",
    "city":"新北市",
    "type":"公園",
    "name":"南雅公園",
    "dist":"板橋區",
    "loc":"南雅南路二段(光華商職對面)",
    "FIELD9":"",
    "FIELD10":null,
    "FIELD11":null
    }
  },
  {
    "type": "Feature",
    "geometry": {
       "type": "Point",
       "coordinates":  { }
    },
    "properties": {
    "id":"NTP325",
    "city":"新北市",
    "type":"公園",
    "name":"廣福公園",
    "dist":"板橋區",
    "loc":"廣權路五權公園旁(干誠路底)",
    "FIELD9":"",
    "FIELD10":null,
    "FIELD11":null
    }
  },
  {
    "type": "Feature",
    "geometry": {
       "type": "Point",
       "coordinates":  [ 121.4640846,24.9942507 ]
    },
    "properties": {
    "id":"NTP326",
    "city":"新北市",
    "type":"公園",
    "name":"五權公園",
    "dist":"板橋區",
    "loc":"五權街77巷2號(五權街底)",
    "FIELD9":"",
    "FIELD10":null,
    "FIELD11":null
    }
  },
  {
    "type": "Feature",
    "geometry": {
       "type": "Point",
       "coordinates":  [ 121.463603,25.0002824 ]
    },
    "properties": {
    "id":"NTP327",
    "city":"新北市",
    "type":"公園",
    "name":"重慶公園",
    "dist":"板橋區",
    "loc":"重慶路擎天雙星旁",
    "FIELD9":"",
    "FIELD10":null,
    "FIELD11":null
    }
  },
  {
    "type": "Feature",
    "geometry": {
       "type": "Point",
       "coordinates":  [ 121.4574715,24.9916865 ]
    },
    "properties": {
    "id":"NTP328",
    "city":"新北市",
    "type":"公園",
    "name":"信義公園",
    "dist":"板橋區",
    "loc":"信義路150巷43-1號",
    "FIELD9":"",
    "FIELD10":null,
    "FIELD11":null
    }
  },
  {
    "type": "Feature",
    "geometry": {
       "type": "Point",
       "coordinates":  [ 121.4290114,24.9932994 ]
    },
    "properties": {
    "id":"NTP329",
    "city":"新北市",
    "type":"公園",
    "name":"崑崙公園",
    "dist":"板橋區",
    "loc":"大觀路三段240號",
    "FIELD9":"",
    "FIELD10":null,
    "FIELD11":null
    }
  },
  {
    "type": "Feature",
    "geometry": {
       "type": "Point",
       "coordinates":  [ 121.4309757,24.9890235 ]
    },
    "properties": {
    "id":"NTP330",
    "city":"新北市",
    "type":"公園",
    "name":"溪北公園",
    "dist":"板橋區",
    "loc":"篤行路二段133號(沙崙國小對面)",
    "FIELD9":"",
    "FIELD10":null,
    "FIELD11":null
    }
  },
  {
    "type": "Feature",
    "geometry": {
       "type": "Point",
       "coordinates":  [ 121.4266333,24.9884531 ]
    },
    "properties": {
    "id":"NTP331",
    "city":"新北市",
    "type":"公園",
    "name":"溪州公園",
    "dist":"板橋區",
    "loc":"溪崑二街113號",
    "FIELD9":"",
    "FIELD10":null,
    "FIELD11":null
    }
  },
  {
    "type": "Feature",
    "geometry": {
       "type": "Point",
       "coordinates":  [ 121.4505162,24.9956417 ]
    },
    "properties": {
    "id":"NTP332",
    "city":"新北市",
    "type":"公園",
    "name":"華東公園",
    "dist":"板橋區",
    "loc":"南雅南路二段144巷24號(湳仔溝旁)",
    "FIELD9":"",
    "FIELD10":null,
    "FIELD11":null
    }
  },
  {
    "type": "Feature",
    "geometry": {
       "type": "Point",
       "coordinates":  [ 121.4809658,25.0277357 ]
    },
    "properties": {
    "id":"NTP333",
    "city":"新北市",
    "type":"公園",
    "name":"音樂公園",
    "dist":"板橋區",
    "loc":"大同街70號",
    "FIELD9":"",
    "FIELD10":null,
    "FIELD11":null
    }
  },
  {
    "type": "Feature",
    "geometry": {
       "type": "Point",
       "coordinates":  { }
    },
    "properties": {
    "id":"NTP334",
    "city":"新北市",
    "type":"公園",
    "name":"公兒二公園",
    "dist":"板橋區",
    "loc":"民權路和中山路交叉口",
    "FIELD9":"",
    "FIELD10":null,
    "FIELD11":null
    }
  },
  {
    "type": "Feature",
    "geometry": {
       "type": "Point",
       "coordinates":  [ 121.4452284,25.0024061 ]
    },
    "properties": {
    "id":"NTP335",
    "city":"新北市",
    "type":"公園",
    "name":"台北紙廠簡易公園",
    "dist":"板橋區",
    "loc":"大觀路二段28號",
    "FIELD9":"",
    "FIELD10":null,
    "FIELD11":null
    }
  },
  {
    "type": "Feature",
    "geometry": {
       "type": "Point",
       "coordinates":  [ 121.4831365,25.0151637 ]
    },
    "properties": {
    "id":"NTP336",
    "city":"新北市",
    "type":"公園",
    "name":"光復簡易公園",
    "dist":"板橋區",
    "loc":"光環路1段7號光復國中右側",
    "FIELD9":"",
    "FIELD10":null,
    "FIELD11":null
    }
  },
  {
    "type": "Feature",
    "geometry": {
       "type": "Point",
       "coordinates":  [ 121.4671922,25.010772 ]
    },
    "properties": {
    "id":"NTP337",
    "city":"新北市",
    "type":"公園",
    "name":"福德公園",
    "dist":"板橋區",
    "loc":"區運路與新站路口",
    "FIELD9":"",
    "FIELD10":null,
    "FIELD11":null
    }
  },
  {
    "type": "Feature",
    "geometry": {
       "type": "Point",
       "coordinates":  [ 120.4406224,23.5004615 ]
    },
    "properties": {
    "id":"NTP338",
    "city":"新北市",
    "type":"公園",
    "name":"六海園",
    "dist":"板橋區",
    "loc":"文化路與民生路口",
    "FIELD9":"",
    "FIELD10":null,
    "FIELD11":null
    }
  },
  {
    "type": "Feature",
    "geometry": {
       "type": "Point",
       "coordinates":  [ 121.4443123,24.9996072 ]
    },
    "properties": {
    "id":"NTP339",
    "city":"新北市",
    "type":"公園",
    "name":"親民公園",
    "dist":"板橋區",
    "loc":"大觀路2段力行一巷",
    "FIELD9":"",
    "FIELD10":null,
    "FIELD11":null
    }
  },
  {
    "type": "Feature",
    "geometry": {
       "type": "Point",
       "coordinates":  { }
    },
    "properties": {
    "id":"NTP340",
    "city":"新北市",
    "type":"公園",
    "name":"華陽公園",
    "dist":"板橋區",
    "loc":"南雅南路2段4巷",
    "FIELD9":"",
    "FIELD10":null,
    "FIELD11":null
    }
  },
  {
    "type": "Feature",
    "geometry": {
       "type": "Point",
       "coordinates":  [ 121.4468451,25.0108045 ]
    },
    "properties": {
    "id":"NTP341",
    "city":"新北市",
    "type":"公園",
    "name":"大觀公園",
    "dist":"板橋區",
    "loc":"僑中二街12巷旁",
    "FIELD9":"",
    "FIELD10":null,
    "FIELD11":null
    }
  },
  {
    "type": "Feature",
    "geometry": {
       "type": "Point",
       "coordinates":  [ 120.3359245,22.5638886 ]
    },
    "properties": {
    "id":"NTP342",
    "city":"新北市",
    "type":"公園",
    "name":"埔墘公園",
    "dist":"板橋區",
    "loc":"光復路一段9號光復國中斜對面",
    "FIELD9":"",
    "FIELD10":null,
    "FIELD11":null
    }
  },
  {
    "type": "Feature",
    "geometry": {
       "type": "Point",
       "coordinates":  [ 121.4317847,24.997841 ]
    },
    "properties": {
    "id":"NTP343",
    "city":"新北市",
    "type":"公園",
    "name":"大豐公園",
    "dist":"板橋區",
    "loc":"溪崑國中後面",
    "FIELD9":"",
    "FIELD10":null,
    "FIELD11":null
    }
  },
  {
    "type": "Feature",
    "geometry": {
       "type": "Point",
       "coordinates":  [ 121.4328664,24.993739 ]
    },
    "properties": {
    "id":"NTP344",
    "city":"新北市",
    "type":"公園",
    "name":"崑崙活力廣場",
    "dist":"板橋區",
    "loc":"板橋市沙崙街9號",
    "FIELD9":"",
    "FIELD10":null,
    "FIELD11":null
    }
  },
  {
    "type": "Feature",
    "geometry": {
       "type": "Point",
       "coordinates":  [ 121.4488318,25.0107235 ]
    },
    "properties": {
    "id":"NTP345",
    "city":"新北市",
    "type":"公園",
    "name":"浮洲運動公園",
    "dist":"板橋區",
    "loc":"僑中一街1 24巷與80巷交會處",
    "FIELD9":"",
    "FIELD10":null,
    "FIELD11":null
    }
  },
  {
    "type": "Feature",
    "geometry": {
       "type": "Point",
       "coordinates":  [ 120.4490845,23.4821581 ]
    },
    "properties": {
    "id":"NTP346",
    "city":"新北市",
    "type":"公園",
    "name":"萬坪公園",
    "dist":"板橋區",
    "loc":"文化路與民權路交叉口",
    "FIELD9":"",
    "FIELD10":null,
    "FIELD11":null
    }
  },
  {
    "type": "Feature",
    "geometry": {
       "type": "Point",
       "coordinates":  [ 121.4638195,25.0126277 ]
    },
    "properties": {
    "id":"NTP347",
    "city":"新北市",
    "type":"公園",
    "name":"站前廣場公園",
    "dist":"板橋區",
    "loc":"文化路與新府路交叉口",
    "FIELD9":"",
    "FIELD10":null,
    "FIELD11":null
    }
  },
  {
    "type": "Feature",
    "geometry": {
       "type": "Point",
       "coordinates":  { }
    },
    "properties": {
    "id":"NTP348",
    "city":"新北市",
    "type":"公園",
    "name":"光環綠地",
    "dist":"板橋區",
    "loc":"光復國中斜對面",
    "FIELD9":"",
    "FIELD10":null,
    "FIELD11":null
    }
  },
  {
    "type": "Feature",
    "geometry": {
       "type": "Point",
       "coordinates":  [ 121.4715148,25.0289248 ]
    },
    "properties": {
    "id":"NTP349",
    "city":"新北市",
    "type":"公園",
    "name":"仁化綠地",
    "dist":"板橋區",
    "loc":"文化路2段",
    "FIELD9":"",
    "FIELD10":null,
    "FIELD11":null
    }
  },
  {
    "type": "Feature",
    "geometry": {
       "type": "Point",
       "coordinates":  [ 121.4606981,25.0202463 ]
    },
    "properties": {
    "id":"NTP350",
    "city":"新北市",
    "type":"公園",
    "name":"幸福綠地公園",
    "dist":"板橋區",
    "loc":"幸福路70巷底",
    "FIELD9":"",
    "FIELD10":null,
    "FIELD11":null
    }
  },
  {
    "type": "Feature",
    "geometry": {
       "type": "Point",
       "coordinates":  [ 121.4831207,25.0236601 ]
    },
    "properties": {
    "id":"NTP351",
    "city":"新北市",
    "type":"公園",
    "name":"江子翠抽水站簡易公園",
    "dist":"板橋區",
    "loc":"萬安街53巷底",
    "FIELD9":"",
    "FIELD10":null,
    "FIELD11":null
    }
  },
  {
    "type": "Feature",
    "geometry": {
       "type": "Point",
       "coordinates":  [ 121.4575447,25.0075697 ]
    },
    "properties": {
    "id":"NTP352",
    "city":"新北市",
    "type":"公園",
    "name":"府中綠地",
    "dist":"板橋區",
    "loc":"東門街2巷36號旁",
    "FIELD9":"",
    "FIELD10":null,
    "FIELD11":null
    }
  },
  {
    "type": "Feature",
    "geometry": {
       "type": "Point",
       "coordinates":  [ 121.4783572,25.0156863 ]
    },
    "properties": {
    "id":"NTP353",
    "city":"新北市",
    "type":"公園",
    "name":"海山綠地",
    "dist":"板橋區",
    "loc":"民享街116巷3號旁",
    "FIELD9":"",
    "FIELD10":null,
    "FIELD11":null
    }
  },
  {
    "type": "Feature",
    "geometry": {
       "type": "Point",
       "coordinates":  { }
    },
    "properties": {
    "id":"NTP354",
    "city":"新北市",
    "type":"公園",
    "name":"湳仔綠地",
    "dist":"板橋區",
    "loc":"湳子一橋旁",
    "FIELD9":"",
    "FIELD10":null,
    "FIELD11":null
    }
  },
  {
    "type": "Feature",
    "geometry": {
       "type": "Point",
       "coordinates":  [ 121.4639353,25.0315619 ]
    },
    "properties": {
    "id":"NTP355",
    "city":"新北市",
    "type":"公園",
    "name":"溪頭公園",
    "dist":"板橋區",
    "loc":"溪頭街與華江一路間",
    "FIELD9":"",
    "FIELD10":null,
    "FIELD11":null
    }
  },
  {
    "type": "Feature",
    "geometry": {
       "type": "Point",
       "coordinates":  [ 121.4731826,25.0349972 ]
    },
    "properties": {
    "id":"NTP356",
    "city":"新北市",
    "type":"公園",
    "name":"稚匯公園",
    "dist":"板橋區",
    "loc":"華江一路與華江五路交叉口",
    "FIELD9":"",
    "FIELD10":null,
    "FIELD11":null
    }
  },
  {
    "type": "Feature",
    "geometry": {
       "type": "Point",
       "coordinates":  [ 121.442913,25.0125524 ]
    },
    "properties": {
    "id":"NTP357",
    "city":"新北市",
    "type":"公園",
    "name":"時光公園",
    "dist":"板橋區",
    "loc":"華江橋旁（往板橋方向臨環河西路）",
    "FIELD9":"",
    "FIELD10":null,
    "FIELD11":null
    }
  },
  {
    "type": "Feature",
    "geometry": {
       "type": "Point",
       "coordinates":  [ 121.4752779,25.0355969 ]
    },
    "properties": {
    "id":"NTP358",
    "city":"新北市",
    "type":"公園",
    "name":"華江123木頭園",
    "dist":"板橋區",
    "loc":"華江一路與華江二路交叉口",
    "FIELD9":"",
    "FIELD10":null,
    "FIELD11":null
    }
  },
  {
    "type": "Feature",
    "geometry": {
       "type": "Point",
       "coordinates":  [ 121.4813686,25.0312464 ]
    },
    "properties": {
    "id":"NTP359",
    "city":"新北市",
    "type":"公園",
    "name":"懷石公園",
    "dist":"板橋區",
    "loc":"環河西路四段699巷與田單北街交叉口",
    "FIELD9":"",
    "FIELD10":null,
    "FIELD11":null
    }
  },
  {
    "type": "Feature",
    "geometry": {
       "type": "Point",
       "coordinates":  [ 121.4573306,25.0287788 ]
    },
    "properties": {
    "id":"NTP360",
    "city":"新北市",
    "type":"公園",
    "name":"望月公園",
    "dist":"板橋區",
    "loc":"新海路與溪頭街交叉口",
    "FIELD9":"",
    "FIELD10":null,
    "FIELD11":null
    }
  },
  {
    "type": "Feature",
    "geometry": {
       "type": "Point",
       "coordinates":  [ 121.300643,25.03128 ]
    },
    "properties": {
    "id":"NTP361",
    "city":"新北市",
    "type":"公園",
    "name":"藝香公園",
    "dist":"板橋區",
    "loc":"板城路與藝文二街及香社一路口",
    "FIELD9":"",
    "FIELD10":null,
    "FIELD11":null
    }
  },
  {
    "type": "Feature",
    "geometry": {
       "type": "Point",
       "coordinates":  [ 121.4499708,25.0211004 ]
    },
    "properties": {
    "id":"NTP362",
    "city":"新北市",
    "type":"公園",
    "name":"雙社公園",
    "dist":"板橋區",
    "loc":"板城路與香社一路及香社二路口",
    "FIELD9":"",
    "FIELD10":null,
    "FIELD11":null
    }
  },
  {
    "type": "Feature",
    "geometry": {
       "type": "Point",
       "coordinates":  [ 121.4497363,25.0238483 ]
    },
    "properties": {
    "id":"NTP363",
    "city":"新北市",
    "type":"公園",
    "name":"文丘公園",
    "dist":"板橋區",
    "loc":"環河西路與藝文一街口",
    "FIELD9":"",
    "FIELD10":null,
    "FIELD11":null
    }
  },
  {
    "type": "Feature",
    "geometry": {
       "type": "Point",
       "coordinates":  { }
    },
    "properties": {
    "id":"NTP364",
    "city":"新北市",
    "type":"公園",
    "name":"公九公園(浮洲都市計畫區)",
    "dist":"板橋區",
    "loc":"華東路(遠揚加州社區對面)",
    "FIELD9":"",
    "FIELD10":null,
    "FIELD11":null
    }
  },
  {
    "type": "Feature",
    "geometry": {
       "type": "Point",
       "coordinates":  [ 121.4446648,25.0062555 ]
    },
    "properties": {
    "id":"NTP365",
    "city":"新北市",
    "type":"公園",
    "name":"馥華公園",
    "dist":"板橋區",
    "loc":"僑中二街118號前",
    "FIELD9":"",
    "FIELD10":null,
    "FIELD11":null
    }
  },
  {
    "type": "Feature",
    "geometry": {
       "type": "Point",
       "coordinates":  [ 121.4582189,25.0137914 ]
    },
    "properties": {
    "id":"NTP366",
    "city":"新北市",
    "type":"公園",
    "name":"板橋第二運動場區三角公園",
    "dist":"板橋區",
    "loc":"新北市板橋區民權路117號",
    "FIELD9":"",
    "FIELD10":null,
    "FIELD11":null
    }
  },
  {
    "type": "Feature",
    "geometry": {
       "type": "Point",
       "coordinates":  [ 121.4582189,25.0137914 ]
    },
    "properties": {
    "id":"NTP367",
    "city":"新北市",
    "type":"公園",
    "name":"板橋第二運動場區社後公園",
    "dist":"板橋區",
    "loc":"新北市板橋區民權路117號",
    "FIELD9":"",
    "FIELD10":null,
    "FIELD11":null
    }
  },
  {
    "type": "Feature",
    "geometry": {
       "type": "Point",
       "coordinates":  [ 121.4582189,25.0137914 ]
    },
    "properties": {
    "id":"NTP368",
    "city":"新北市",
    "type":"公園",
    "name":"板橋第二運動場區板信公園",
    "dist":"板橋區",
    "loc":"新北市板橋區民權路117號",
    "FIELD9":"",
    "FIELD10":null,
    "FIELD11":null
    }
  },
  {
    "type": "Feature",
    "geometry": {
       "type": "Point",
       "coordinates":  [ 121.4562033,25.0289083 ]
    },
    "properties": {
    "id":"NTP369",
    "city":"新北市",
    "type":"公園",
    "name":"綠二綠地",
    "dist":"板橋區",
    "loc":"中正路與新海橋交叉口左側26公尺",
    "FIELD9":"",
    "FIELD10":null,
    "FIELD11":null
    }
  },
  {
    "type": "Feature",
    "geometry": {
       "type": "Point",
       "coordinates":  [ 121.4562033,25.0289083 ]
    },
    "properties": {
    "id":"NTP370",
    "city":"新北市",
    "type":"公園",
    "name":"綠三綠地",
    "dist":"板橋區",
    "loc":"中正路與新海橋入口處左側１８公尺",
    "FIELD9":"",
    "FIELD10":null,
    "FIELD11":null
    }
  },
  {
    "type": "Feature",
    "geometry": {
       "type": "Point",
       "coordinates":  [ 121.4544131,25.0254301 ]
    },
    "properties": {
    "id":"NTP371",
    "city":"新北市",
    "type":"公園",
    "name":"綠四綠地",
    "dist":"板橋區",
    "loc":"中正路與新月一街交叉口左前方41公尺",
    "FIELD9":"",
    "FIELD10":null,
    "FIELD11":null
    }
  },
  {
    "type": "Feature",
    "geometry": {
       "type": "Point",
       "coordinates":  [ 121.4544444,25.0088889 ]
    },
    "properties": {
    "id":"NTP372",
    "city":"新北市",
    "type":"公園",
    "name":"柏壽公園",
    "dist":"板橋區",
    "loc":"新北市板橋區西門街69號(接雲寺前)",
    "FIELD9":"",
    "FIELD10":null,
    "FIELD11":null
    }
  },
  {
    "type": "Feature",
    "geometry": {
       "type": "Point",
       "coordinates":  [ 121.4738089,25.0231226 ]
    },
    "properties": {
    "id":"NTP373",
    "city":"新北市",
    "type":"公園",
    "name":"埤墘公園",
    "dist":"板橋區",
    "loc":"板橋區萬板路82巷旁",
    "FIELD9":"",
    "FIELD10":null,
    "FIELD11":null
    }
  },
  {
    "type": "Feature",
    "geometry": {
       "type": "Point",
       "coordinates":  [ 121.375783,24.9435606 ]
    },
    "properties": {
    "id":"NTP374",
    "city":"新北市",
    "type":"公園",
    "name":"馥華園美捐贈公園",
    "dist":"板橋區",
    "loc":"大觀路1段38巷口",
    "FIELD9":"",
    "FIELD10":null,
    "FIELD11":null
    }
  },
  {
    "type": "Feature",
    "geometry": {
       "type": "Point",
       "coordinates":  [ 121.4592175,25.0032547 ]
    },
    "properties": {
    "id":"NTP375",
    "city":"新北市",
    "type":"公園",
    "name":"大華街182巷5號對面公園",
    "dist":"板橋區",
    "loc":"大華街182巷5號對面",
    "FIELD9":"",
    "FIELD10":null,
    "FIELD11":null
    }
  },
  {
    "type": "Feature",
    "geometry": {
       "type": "Point",
       "coordinates":  [ 121.4645477,25.0078432 ]
    },
    "properties": {
    "id":"NTP376",
    "city":"新北市",
    "type":"公園",
    "name":"民族公園",
    "dist":"板橋區",
    "loc":"板橋區館前東路156巷前",
    "FIELD9":"",
    "FIELD10":null,
    "FIELD11":null
    }
  },
  {
    "type": "Feature",
    "geometry": {
       "type": "Point",
       "coordinates":  [ 121.6402693,25.2220101 ]
    },
    "properties": {
    "id":"NTP377",
    "city":"新北市",
    "type":"公園",
    "name":"中山溫泉公園",
    "dist":"金山區",
    "loc":"溫泉路2巷10號",
    "FIELD9":"",
    "FIELD10":null,
    "FIELD11":null
    }
  },
  {
    "type": "Feature",
    "geometry": {
       "type": "Point",
       "coordinates":  [ 121.6469102,25.2229783 ]
    },
    "properties": {
    "id":"NTP378",
    "city":"新北市",
    "type":"公園",
    "name":"豐漁里公園",
    "dist":"金山區",
    "loc":"豐漁里民生路172-1號",
    "FIELD9":"",
    "FIELD10":null,
    "FIELD11":null
    }
  },
  {
    "type": "Feature",
    "geometry": {
       "type": "Point",
       "coordinates":  { }
    },
    "properties": {
    "id":"NTP379",
    "city":"新北市",
    "type":"公園",
    "name":"飛撲綠地",
    "dist":"金山區",
    "loc":"中山路與環金路口",
    "FIELD9":"",
    "FIELD10":null,
    "FIELD11":null
    }
  },
  {
    "type": "Feature",
    "geometry": {
       "type": "Point",
       "coordinates":  { }
    },
    "properties": {
    "id":"NTP380",
    "city":"新北市",
    "type":"公園",
    "name":"運動休閒廣場",
    "dist":"金山區",
    "loc":"南勢湖53號",
    "FIELD9":"",
    "FIELD10":null,
    "FIELD11":null
    }
  },
  {
    "type": "Feature",
    "geometry": {
       "type": "Point",
       "coordinates":  [ 121.6317401,25.2125027 ]
    },
    "properties": {
    "id":"NTP381",
    "city":"新北市",
    "type":"公園",
    "name":"公館崙公園",
    "dist":"金山區",
    "loc":"龜子山路",
    "FIELD9":"",
    "FIELD10":null,
    "FIELD11":null
    }
  },
  {
    "type": "Feature",
    "geometry": {
       "type": "Point",
       "coordinates":  [ 121.6346688,25.2229273 ]
    },
    "properties": {
    "id":"NTP382",
    "city":"新北市",
    "type":"公園",
    "name":"流蘇公園",
    "dist":"金山區",
    "loc":"新北市金山區三民街與八德街交叉處",
    "FIELD9":"",
    "FIELD10":null,
    "FIELD11":null
    }
  },
  {
    "type": "Feature",
    "geometry": {
       "type": "Point",
       "coordinates":  [ 121.6404646,25.2201465 ]
    },
    "properties": {
    "id":"NTP383",
    "city":"新北市",
    "type":"公園",
    "name":"櫻花公園",
    "dist":"金山區",
    "loc":"新北市金山區和平里民生路67號後方",
    "FIELD9":"",
    "FIELD10":null,
    "FIELD11":null
    }
  },
  {
    "type": "Feature",
    "geometry": {
       "type": "Point",
       "coordinates":  [ 121.6359596,25.2200594 ]
    },
    "properties": {
    "id":"NTP384",
    "city":"新北市",
    "type":"公園",
    "name":"杜鵑公園",
    "dist":"金山區",
    "loc":"新北市金山區信義路",
    "FIELD9":"",
    "FIELD10":null,
    "FIELD11":null
    }
  },
  {
    "type": "Feature",
    "geometry": {
       "type": "Point",
       "coordinates":  [ 121.43451,25.061919 ]
    },
    "properties": {
    "id":"NTP385",
    "city":"新北市",
    "type":"公園",
    "name":"楓樹腳公園 (公兒2)",
    "dist":"泰山區",
    "loc":"楓江路26巷",
    "FIELD9":"",
    "FIELD10":null,
    "FIELD11":null
    }
  },
  {
    "type": "Feature",
    "geometry": {
       "type": "Point",
       "coordinates":  { }
    },
    "properties": {
    "id":"NTP386",
    "city":"新北市",
    "type":"公園",
    "name":"同興公園 (公兒4)",
    "dist":"泰山區",
    "loc":"仁義路",
    "FIELD9":"",
    "FIELD10":null,
    "FIELD11":null
    }
  },
  {
    "type": "Feature",
    "geometry": {
       "type": "Point",
       "coordinates":  [ 120.1804356,23.1619851 ]
    },
    "properties": {
    "id":"NTP387",
    "city":"新北市",
    "type":"公園",
    "name":"和平公園(公兒6)",
    "dist":"泰山區",
    "loc":"和平街27巷旁",
    "FIELD9":"",
    "FIELD10":null,
    "FIELD11":null
    }
  },
  {
    "type": "Feature",
    "geometry": {
       "type": "Point",
       "coordinates":  [ 121.4328369,25.0593756 ]
    },
    "properties": {
    "id":"NTP388",
    "city":"新北市",
    "type":"公園",
    "name":"全興公園 (公兒7)",
    "dist":"泰山區",
    "loc":"全興路7巷對面",
    "FIELD9":"",
    "FIELD10":null,
    "FIELD11":null
    }
  },
  {
    "type": "Feature",
    "geometry": {
       "type": "Point",
       "coordinates":  [ 121.4334357,25.0589963 ]
    },
    "properties": {
    "id":"NTP389",
    "city":"新北市",
    "type":"公園",
    "name":"福泰公園 (公兒8)",
    "dist":"泰山區",
    "loc":"全興路25巷口",
    "FIELD9":"",
    "FIELD10":null,
    "FIELD11":null
    }
  },
  {
    "type": "Feature",
    "geometry": {
       "type": "Point",
       "coordinates":  { }
    },
    "properties": {
    "id":"NTP390",
    "city":"新北市",
    "type":"公園",
    "name":"福興公園 (公兒9)",
    "dist":"泰山區",
    "loc":"福興三街",
    "FIELD9":"25.05697",
    "FIELD10":null,
    "FIELD11":null
    }
  },
  {
    "type": "Feature",
    "geometry": {
       "type": "Point",
       "coordinates":  { }
    },
    "properties": {
    "id":"NTP391",
    "city":"新北市",
    "type":"公園",
    "name":"仁愛公園 (公兒10)",
    "dist":"泰山區",
    "loc":"仁德路(加油站斜對面)",
    "FIELD9":"",
    "FIELD10":null,
    "FIELD11":null
    }
  },
  {
    "type": "Feature",
    "geometry": {
       "type": "Point",
       "coordinates":  { }
    },
    "properties": {
    "id":"NTP392",
    "city":"新北市",
    "type":"公園",
    "name":"辭修公園(公 1)",
    "dist":"泰山區",
    "loc":"辭修路底",
    "FIELD9":"",
    "FIELD10":null,
    "FIELD11":null
    }
  },
  {
    "type": "Feature",
    "geometry": {
       "type": "Point",
       "coordinates":  [ 121.4227773,25.0364459 ]
    },
    "properties": {
    "id":"NTP393",
    "city":"新北市",
    "type":"公園",
    "name":"貴和兒童公園(兒2)",
    "dist":"泰山區",
    "loc":"明志路三段(飛指部對面)",
    "FIELD9":"",
    "FIELD10":null,
    "FIELD11":null
    }
  },
  {
    "type": "Feature",
    "geometry": {
       "type": "Point",
       "coordinates":  [ 121.4307754,25.058414 ]
    },
    "properties": {
    "id":"NTP394",
    "city":"新北市",
    "type":"公園",
    "name":"文史影像公園",
    "dist":"泰山區",
    "loc":"明志路一段352巷底",
    "FIELD9":"",
    "FIELD10":null,
    "FIELD11":null
    }
  },
  {
    "type": "Feature",
    "geometry": {
       "type": "Point",
       "coordinates":  [ 121.4320881,25.0601294 ]
    },
    "properties": {
    "id":"NTP395",
    "city":"新北市",
    "type":"公園",
    "name":"後山公園",
    "dist":"泰山區",
    "loc":"明志路一段(公所後方)",
    "FIELD9":"",
    "FIELD10":null,
    "FIELD11":null
    }
  },
  {
    "type": "Feature",
    "geometry": {
       "type": "Point",
       "coordinates":  { }
    },
    "properties": {
    "id":"NTP396",
    "city":"新北市",
    "type":"公園",
    "name":"山腳公園",
    "dist":"泰山區",
    "loc":"忠孝街19巷3弄旁河堤邊",
    "FIELD9":"",
    "FIELD10":null,
    "FIELD11":null
    }
  },
  {
    "type": "Feature",
    "geometry": {
       "type": "Point",
       "coordinates":  [ 121.4238531,25.0417123 ]
    },
    "properties": {
    "id":"NTP397",
    "city":"新北市",
    "type":"公園",
    "name":"貴子兒童公園",
    "dist":"泰山區",
    "loc":"明志路3段74巷",
    "FIELD9":"",
    "FIELD10":null,
    "FIELD11":null
    }
  },
  {
    "type": "Feature",
    "geometry": {
       "type": "Point",
       "coordinates":  [ 121.4096274,25.0712439 ]
    },
    "properties": {
    "id":"NTP398",
    "city":"新北市",
    "type":"公園",
    "name":"三角公園",
    "dist":"泰山區",
    "loc":"橫窠雅路大轉彎處",
    "FIELD9":"",
    "FIELD10":null,
    "FIELD11":null
    }
  },
  {
    "type": "Feature",
    "geometry": {
       "type": "Point",
       "coordinates":  [ 121.3974463,25.0600129 ]
    },
    "properties": {
    "id":"NTP399",
    "city":"新北市",
    "type":"公園",
    "name":"崩崁腳公園",
    "dist":"泰山區",
    "loc":"大科路自強路口",
    "FIELD9":"",
    "FIELD10":null,
    "FIELD11":null
    }
  },
  {
    "type": "Feature",
    "geometry": {
       "type": "Point",
       "coordinates":  { }
    },
    "properties": {
    "id":"NTP400",
    "city":"新北市",
    "type":"公園",
    "name":"黎明公園",
    "dist":"泰山區",
    "loc":"泰林路黎明路口",
    "FIELD9":"",
    "FIELD10":null,
    "FIELD11":null
    }
  },
  {
    "type": "Feature",
    "geometry": {
       "type": "Point",
       "coordinates":  { }
    },
    "properties": {
    "id":"NTP401",
    "city":"新北市",
    "type":"公園",
    "name":"義學坑自然公園",
    "dist":"泰山區",
    "loc":"明志路西側山區",
    "FIELD9":"",
    "FIELD10":null,
    "FIELD11":null
    }
  },
  {
    "type": "Feature",
    "geometry": {
       "type": "Point",
       "coordinates":  { }
    },
    "properties": {
    "id":"NTP402",
    "city":"新北市",
    "type":"公園",
    "name":"楓樹河濱公園",
    "dist":"泰山區",
    "loc":"和平街底",
    "FIELD9":"",
    "FIELD10":null,
    "FIELD11":null
    }
  },
  {
    "type": "Feature",
    "geometry": {
       "type": "Point",
       "coordinates":  [ 121.4199256,25.0285433 ]
    },
    "properties": {
    "id":"NTP403",
    "city":"新北市",
    "type":"公園",
    "name":"文程廣場",
    "dist":"泰山區",
    "loc":"明志路2段文程路口",
    "FIELD9":"",
    "FIELD10":null,
    "FIELD11":null
    }
  },
  {
    "type": "Feature",
    "geometry": {
       "type": "Point",
       "coordinates":  [ 121.4233685,25.0641309 ]
    },
    "properties": {
    "id":"NTP404",
    "city":"新北市",
    "type":"公園",
    "name":"黎明步道花園（綠地）",
    "dist":"泰山區",
    "loc":"泰林路2段542巷進入大窠溪旁",
    "FIELD9":"",
    "FIELD10":null,
    "FIELD11":null
    }
  },
  {
    "type": "Feature",
    "geometry": {
       "type": "Point",
       "coordinates":  [ 121.439616,25.046222 ]
    },
    "properties": {
    "id":"NTP405",
    "city":"新北市",
    "type":"公園",
    "name":"公九",
    "dist":"泰山區",
    "loc":"信華五街旁",
    "FIELD9":"",
    "FIELD10":null,
    "FIELD11":null
    }
  },
  {
    "type": "Feature",
    "geometry": {
       "type": "Point",
       "coordinates":  [ 121.4349527,25.0594163 ]
    },
    "properties": {
    "id":"NTP406",
    "city":"新北市",
    "type":"公園",
    "name":"泰山捷運公園(公3)",
    "dist":"泰山區",
    "loc":"泰林路與文程路路口",
    "FIELD9":"",
    "FIELD10":null,
    "FIELD11":null
    }
  },
  {
    "type": "Feature",
    "geometry": {
       "type": "Point",
       "coordinates":  [ 121.4237974,25.0436455 ]
    },
    "properties": {
    "id":"NTP407",
    "city":"新北市",
    "type":"公園",
    "name":"應化大排生態園區",
    "dist":"泰山區",
    "loc":"應化街內",
    "FIELD9":"",
    "FIELD10":null,
    "FIELD11":null
    }
  },
  {
    "type": "Feature",
    "geometry": {
       "type": "Point",
       "coordinates":  [ 121.4337491,25.0566263 ]
    },
    "properties": {
    "id":"NTP408",
    "city":"新北市",
    "type":"公園",
    "name":"仁德公園",
    "dist":"泰山區",
    "loc":"全興路與仁德路交叉口",
    "FIELD9":"",
    "FIELD10":null,
    "FIELD11":null
    }
  },
  {
    "type": "Feature",
    "geometry": {
       "type": "Point",
       "coordinates":  [ 121.4079997,25.0446757 ]
    },
    "properties": {
    "id":"NTP409",
    "city":"新北市",
    "type":"公園",
    "name":"南林生態公園",
    "dist":"泰山區",
    "loc":"新北市泰山區南林路底",
    "FIELD9":"",
    "FIELD10":null,
    "FIELD11":null
    }
  },
  {
    "type": "Feature",
    "geometry": {
       "type": "Point",
       "coordinates":  [ 121.4212095,25.0305707 ]
    },
    "properties": {
    "id":"NTP410",
    "city":"新北市",
    "type":"公園",
    "name":"貴和廣場",
    "dist":"泰山區",
    "loc":"新北市泰山區明志路三段523號對面",
    "FIELD9":"",
    "FIELD10":null,
    "FIELD11":null
    }
  },
  {
    "type": "Feature",
    "geometry": {
       "type": "Point",
       "coordinates":  [ 121.4289774,25.0544356 ]
    },
    "properties": {
    "id":"NTP411",
    "city":"新北市",
    "type":"公園",
    "name":"泰山體育園區",
    "dist":"泰山區",
    "loc":"新北市泰山區公園路36號",
    "FIELD9":"",
    "FIELD10":null,
    "FIELD11":null
    }
  },
  {
    "type": "Feature",
    "geometry": {
       "type": "Point",
       "coordinates":  [ 121.5557971,24.8452265 ]
    },
    "properties": {
    "id":"NTP412",
    "city":"新北市",
    "type":"公園",
    "name":"烏來原住民主題公園(公三)",
    "dist":"烏來區",
    "loc":"新北市烏來區西羅岸段 911地號",
    "FIELD9":"",
    "FIELD10":null,
    "FIELD11":null
    }
  },
  {
    "type": "Feature",
    "geometry": {
       "type": "Point",
       "coordinates":  [ 121.9074514,25.0206106 ]
    },
    "properties": {
    "id":"NTP413",
    "city":"新北市",
    "type":"公園",
    "name":"環保公園",
    "dist":"貢寮區",
    "loc":"長泰路18-2號(貢寮大橋貢寮社區活動中心)旁",
    "FIELD9":"",
    "FIELD10":null,
    "FIELD11":null
    }
  },
  {
    "type": "Feature",
    "geometry": {
       "type": "Point",
       "coordinates":  [ 121.4719414,25.0932039 ]
    },
    "properties": {
    "id":"NTP414",
    "city":"新北市",
    "type":"公園",
    "name":"澳底公園",
    "dist":"貢寮區",
    "loc":"仁愛路43號旁",
    "FIELD9":"",
    "FIELD10":null,
    "FIELD11":null
    }
  },
  {
    "type": "Feature",
    "geometry": {
       "type": "Point",
       "coordinates":  [ 121.9289975,25.0313239 ]
    },
    "properties": {
    "id":"NTP415",
    "city":"新北市",
    "type":"公園",
    "name":"龍門公園",
    "dist":"貢寮區",
    "loc":"新北市貢寮區龍門里鄰台2線旁",
    "FIELD9":"",
    "FIELD10":null,
    "FIELD11":null
    }
  },
  {
    "type": "Feature",
    "geometry": {
       "type": "Point",
       "coordinates":  [ 121.0099863,24.8359165 ]
    },
    "properties": {
    "id":"NTP416",
    "city":"新北市",
    "type":"公園",
    "name":"百齡公園",
    "dist":"淡水區",
    "loc":"中正東路1段3巷西側",
    "FIELD9":"",
    "FIELD10":null,
    "FIELD11":null
    }
  },
  {
    "type": "Feature",
    "geometry": {
       "type": "Point",
       "coordinates":  [ 121.4402612,25.1732948 ]
    },
    "properties": {
    "id":"NTP417",
    "city":"新北市",
    "type":"公園",
    "name":"衛教公園",
    "dist":"淡水區",
    "loc":"協元里衛生所旁",
    "FIELD9":"",
    "FIELD10":null,
    "FIELD11":null
    }
  },
  {
    "type": "Feature",
    "geometry": {
       "type": "Point",
       "coordinates":  [ 121.3105261,24.9999978 ]
    },
    "properties": {
    "id":"NTP418",
    "city":"新北市",
    "type":"公園",
    "name":"竹圍公園",
    "dist":"淡水區",
    "loc":"民生里民生路旁",
    "FIELD9":"",
    "FIELD10":null,
    "FIELD11":null
    }
  },
  {
    "type": "Feature",
    "geometry": {
       "type": "Point",
       "coordinates":  { }
    },
    "properties": {
    "id":"NTP419",
    "city":"新北市",
    "type":"公園",
    "name":"觀潮公園",
    "dist":"淡水區",
    "loc":"民眾服務站旁〈新生里中正路〉",
    "FIELD9":"",
    "FIELD10":null,
    "FIELD11":null
    }
  },
  {
    "type": "Feature",
    "geometry": {
       "type": "Point",
       "coordinates":  [ 121.4238757,25.1844017 ]
    },
    "properties": {
    "id":"NTP420",
    "city":"新北市",
    "type":"公園",
    "name":"文中四公園",
    "dist":"淡水區",
    "loc":"沙崙路181巷旁",
    "FIELD9":"",
    "FIELD10":null,
    "FIELD11":null
    }
  },
  {
    "type": "Feature",
    "geometry": {
       "type": "Point",
       "coordinates":  [ 121.4443711,25.1782682 ]
    },
    "properties": {
    "id":"NTP421",
    "city":"新北市",
    "type":"公園",
    "name":"中山北帶狀公園",
    "dist":"淡水區",
    "loc":"中山北路一段(水碓派出所與新春街口間)",
    "FIELD9":"",
    "FIELD10":null,
    "FIELD11":null
    }
  },
  {
    "type": "Feature",
    "geometry": {
       "type": "Point",
       "coordinates":  [ 121.4493487,25.1656628 ]
    },
    "properties": {
    "id":"NTP422",
    "city":"新北市",
    "type":"公園",
    "name":"安伯樂公園",
    "dist":"淡水區",
    "loc":"中正東路(竿蓁一街與平遠街間)",
    "FIELD9":"",
    "FIELD10":null,
    "FIELD11":null
    }
  },
  {
    "type": "Feature",
    "geometry": {
       "type": "Point",
       "coordinates":  [ 121.4433706,25.1719805 ]
    },
    "properties": {
    "id":"NTP423",
    "city":"新北市",
    "type":"公園",
    "name":"和平公園",
    "dist":"淡水區",
    "loc":"中正路一段〈淡水高爾夫球場前〉",
    "FIELD9":"",
    "FIELD10":null,
    "FIELD11":null
    }
  },
  {
    "type": "Feature",
    "geometry": {
       "type": "Point",
       "coordinates":  [ 121.4447515,25.1808946 ]
    },
    "properties": {
    "id":"NTP424",
    "city":"新北市",
    "type":"公園",
    "name":"文中8公園",
    "dist":"淡水區",
    "loc":"中山北路一段(新春街口對面)",
    "FIELD9":"",
    "FIELD10":null,
    "FIELD11":null
    }
  },
  {
    "type": "Feature",
    "geometry": {
       "type": "Point",
       "coordinates":  [ 121.4266447,25.1765778 ]
    },
    "properties": {
    "id":"NTP425",
    "city":"新北市",
    "type":"公園",
    "name":"油車1公園",
    "dist":"淡水區",
    "loc":"中正路一段蘇府王爺廟右側",
    "FIELD9":"",
    "FIELD10":null,
    "FIELD11":null
    }
  },
  {
    "type": "Feature",
    "geometry": {
       "type": "Point",
       "coordinates":  [ 121.4235535,25.1790659 ]
    },
    "properties": {
    "id":"NTP426",
    "city":"新北市",
    "type":"公園",
    "name":"油車2公園",
    "dist":"淡水區",
    "loc":"淡海路25巷旁",
    "FIELD9":"",
    "FIELD10":null,
    "FIELD11":null
    }
  },
  {
    "type": "Feature",
    "geometry": {
       "type": "Point",
       "coordinates":  { }
    },
    "properties": {
    "id":"NTP427",
    "city":"新北市",
    "type":"公園",
    "name":"油車3公園",
    "dist":"淡水區",
    "loc":"沙崙路",
    "FIELD9":"25.1842972",
    "FIELD10":null,
    "FIELD11":null
    }
  },
  {
    "type": "Feature",
    "geometry": {
       "type": "Point",
       "coordinates":  { }
    },
    "properties": {
    "id":"NTP428",
    "city":"新北市",
    "type":"公園",
    "name":"油車4公園",
    "dist":"淡水區",
    "loc":"沙崙路社福大樓左側空地",
    "FIELD9":"",
    "FIELD10":null,
    "FIELD11":null
    }
  },
  {
    "type": "Feature",
    "geometry": {
       "type": "Point",
       "coordinates":  [ 121.4224689,25.1822835 ]
    },
    "properties": {
    "id":"NTP429",
    "city":"新北市",
    "type":"公園",
    "name":"大庄1公園",
    "dist":"淡水區",
    "loc":"沙崙路與淡海路交接路口（淡水都市計畫(市五用地)）",
    "FIELD9":"",
    "FIELD10":null,
    "FIELD11":null
    }
  },
  {
    "type": "Feature",
    "geometry": {
       "type": "Point",
       "coordinates":  { }
    },
    "properties": {
    "id":"NTP430",
    "city":"新北市",
    "type":"公園",
    "name":"協元1公園",
    "dist":"淡水區",
    "loc":"新生街30巷64號前",
    "FIELD9":"25.1731365",
    "FIELD10":null,
    "FIELD11":null
    }
  },
  {
    "type": "Feature",
    "geometry": {
       "type": "Point",
       "coordinates":  [ 121.439677,25.171064 ]
    },
    "properties": {
    "id":"NTP431",
    "city":"新北市",
    "type":"公園",
    "name":"協元2公園",
    "dist":"淡水區",
    "loc":"重建街1巷1弄旁空地",
    "FIELD9":"",
    "FIELD10":null,
    "FIELD11":null
    }
  },
  {
    "type": "Feature",
    "geometry": {
       "type": "Point",
       "coordinates":  [ 121.442289,25.172767 ]
    },
    "properties": {
    "id":"NTP432",
    "city":"新北市",
    "type":"公園",
    "name":"中興公園",
    "dist":"淡水區",
    "loc":"原德路73巷27號旁",
    "FIELD9":"",
    "FIELD10":null,
    "FIELD11":null
    }
  },
  {
    "type": "Feature",
    "geometry": {
       "type": "Point",
       "coordinates":  [ 121.453489,25.232389 ]
    },
    "properties": {
    "id":"NTP433",
    "city":"新北市",
    "type":"公園",
    "name":"賢孝公園",
    "dist":"淡水區",
    "loc":"淡金路5段20號對面",
    "FIELD9":"",
    "FIELD10":null,
    "FIELD11":null
    }
  },
  {
    "type": "Feature",
    "geometry": {
       "type": "Point",
       "coordinates":  [ 121.302316,25.0086999 ]
    },
    "properties": {
    "id":"NTP434",
    "city":"新北市",
    "type":"公園",
    "name":"藝術穿堂",
    "dist":"淡水區",
    "loc":"中正路274號旁",
    "FIELD9":"",
    "FIELD10":null,
    "FIELD11":null
    }
  },
  {
    "type": "Feature",
    "geometry": {
       "type": "Point",
       "coordinates":  [ 121.1732477,24.9103738 ]
    },
    "properties": {
    "id":"NTP435",
    "city":"新北市",
    "type":"公園",
    "name":"淡水新市鎮兒童公園",
    "dist":"淡水區",
    "loc":"中山北路2段189巷內",
    "FIELD9":"",
    "FIELD10":null,
    "FIELD11":null
    }
  },
  {
    "type": "Feature",
    "geometry": {
       "type": "Point",
       "coordinates":  [ 121.443336,25.1863066 ]
    },
    "properties": {
    "id":"NTP436",
    "city":"新北市",
    "type":"公園",
    "name":"公8公園",
    "dist":"淡水區",
    "loc":"中山北路二段381巷內",
    "FIELD9":"",
    "FIELD10":null,
    "FIELD11":null
    }
  },
  {
    "type": "Feature",
    "geometry": {
       "type": "Point",
       "coordinates":  [ 121.4476872,25.0352482 ]
    },
    "properties": {
    "id":"NTP437",
    "city":"新北市",
    "type":"公園",
    "name":"木下淨涯週邊開放空間",
    "dist":"淡水區",
    "loc":"中正路260號旁",
    "FIELD9":"",
    "FIELD10":null,
    "FIELD11":null
    }
  },
  {
    "type": "Feature",
    "geometry": {
       "type": "Point",
       "coordinates":  [ 121.4307293,25.031423 ]
    },
    "properties": {
    "id":"NTP438",
    "city":"新北市",
    "type":"公園",
    "name":"馬偕三角銅像公園",
    "dist":"淡水區",
    "loc":"中正路與建設街交接路口",
    "FIELD9":"",
    "FIELD10":null,
    "FIELD11":null
    }
  },
  {
    "type": "Feature",
    "geometry": {
       "type": "Point",
       "coordinates":  [ 121.0122146,24.8352542 ]
    },
    "properties": {
    "id":"NTP439",
    "city":"新北市",
    "type":"公園",
    "name":"運動公園",
    "dist":"淡水區",
    "loc":"中正東路東側",
    "FIELD9":"",
    "FIELD10":null,
    "FIELD11":null
    }
  },
  {
    "type": "Feature",
    "geometry": {
       "type": "Point",
       "coordinates":  [ 121.4307293,25.031423 ]
    },
    "properties": {
    "id":"NTP440",
    "city":"新北市",
    "type":"公園",
    "name":"滬尾砲臺公園",
    "dist":"淡水區",
    "loc":"中正路1段22巷內。",
    "FIELD9":"",
    "FIELD10":null,
    "FIELD11":null
    }
  },
  {
    "type": "Feature",
    "geometry": {
       "type": "Point",
       "coordinates":  [ 121.4318078,25.2001089 ]
    },
    "properties": {
    "id":"NTP441",
    "city":"新北市",
    "type":"公園",
    "name":"公22公園",
    "dist":"淡水區",
    "loc":"新市五路2段。(鄰旁太子廟與崁頂社區)",
    "FIELD9":"",
    "FIELD10":null,
    "FIELD11":null
    }
  },
  {
    "type": "Feature",
    "geometry": {
       "type": "Point",
       "coordinates":  [ 120.2919179,23.0780281 ]
    },
    "properties": {
    "id":"NTP442",
    "city":"新北市",
    "type":"公園",
    "name":"公23公園",
    "dist":"淡水區",
    "loc":"新市五路2段和後州路一段和新市3路。",
    "FIELD9":"",
    "FIELD10":null,
    "FIELD11":null
    }
  },
  {
    "type": "Feature",
    "geometry": {
       "type": "Point",
       "coordinates":  [ 121.7552197,24.744386 ]
    },
    "properties": {
    "id":"NTP443",
    "city":"新北市",
    "type":"公園",
    "name":"福德公園",
    "dist":"淡水區",
    "loc":"自強路18巷底。",
    "FIELD9":"",
    "FIELD10":null,
    "FIELD11":null
    }
  },
  {
    "type": "Feature",
    "geometry": {
       "type": "Point",
       "coordinates":  [ 121.4381038,25.1716184 ]
    },
    "properties": {
    "id":"NTP444",
    "city":"新北市",
    "type":"公園",
    "name":"淡水老街廣場",
    "dist":"淡水區",
    "loc":"淡水區中正路路口(捷運站往中正路方向)",
    "FIELD9":"",
    "FIELD10":null,
    "FIELD11":null
    }
  },
  {
    "type": "Feature",
    "geometry": {
       "type": "Point",
       "coordinates":  [ 121.4400679,25.1797101 ]
    },
    "properties": {
    "id":"NTP445",
    "city":"新北市",
    "type":"公園",
    "name":"新民公園",
    "dist":"淡水區",
    "loc":"淡水區新興國小斜對面",
    "FIELD9":"",
    "FIELD10":null,
    "FIELD11":null
    }
  },
  {
    "type": "Feature",
    "geometry": {
       "type": "Point",
       "coordinates":  [ 121.4245741,25.1838931 ]
    },
    "properties": {
    "id":"NTP446",
    "city":"新北市",
    "type":"公園",
    "name":"公7公園",
    "dist":"淡水區",
    "loc":"沙崙路和濱海路2段交叉口。",
    "FIELD9":"",
    "FIELD10":null,
    "FIELD11":null
    }
  },
  {
    "type": "Feature",
    "geometry": {
       "type": "Point",
       "coordinates":  [ 121.462785,25.1352181 ]
    },
    "properties": {
    "id":"NTP447",
    "city":"新北市",
    "type":"公園",
    "name":"竹圍民權公園(竹圍公兒十)",
    "dist":"淡水區",
    "loc":"民族路與民族路112巷路口",
    "FIELD9":"",
    "FIELD10":null,
    "FIELD11":null
    }
  },
  {
    "type": "Feature",
    "geometry": {
       "type": "Point",
       "coordinates":  { }
    },
    "properties": {
    "id":"NTP448",
    "city":"新北市",
    "type":"公園",
    "name":"新北市忠烈祠(非公園",
    "dist":"公1)",
    "loc":"淡水區",
    "FIELD9":"25.1748851",
    "FIELD10":null,
    "FIELD11":null
    }
  },
  {
    "type": "Feature",
    "geometry": {
       "type": "Point",
       "coordinates":  [ 121.4238697,25.1969894 ]
    },
    "properties": {
    "id":"NTP449",
    "city":"新北市",
    "type":"公園",
    "name":"新濱公園(公21)",
    "dist":"淡水區",
    "loc":"淡水區新市二路及濱海路交叉口",
    "FIELD9":"",
    "FIELD10":null,
    "FIELD11":null
    }
  },
  {
    "type": "Feature",
    "geometry": {
       "type": "Point",
       "coordinates":  [ 121.4305718,25.1904865 ]
    },
    "properties": {
    "id":"NTP450",
    "city":"新北市",
    "type":"公園",
    "name":"公七公園(公七)",
    "dist":"淡水區",
    "loc":"淡水區沙崙路一段與濱海路二段路口",
    "FIELD9":"",
    "FIELD10":null,
    "FIELD11":null
    }
  },
  {
    "type": "Feature",
    "geometry": {
       "type": "Point",
       "coordinates":  [ 121.6155906,25.0014413 ]
    },
    "properties": {
    "id":"NTP451",
    "city":"新北市",
    "type":"公園",
    "name":"深坑兒童遊戲場(兒一)",
    "dist":"深坑區",
    "loc":"平埔街14號前15公尺",
    "FIELD9":"",
    "FIELD10":null,
    "FIELD11":null
    }
  },
  {
    "type": "Feature",
    "geometry": {
       "type": "Point",
       "coordinates":  [ 121.6013272,25.0050976 ]
    },
    "properties": {
    "id":"NTP452",
    "city":"新北市",
    "type":"公園",
    "name":"萬福公園",
    "dist":"深坑區",
    "loc":"北深路3段158巷內",
    "FIELD9":"",
    "FIELD10":null,
    "FIELD11":null
    }
  },
  {
    "type": "Feature",
    "geometry": {
       "type": "Point",
       "coordinates":  [ 121.6020924,25.0027313 ]
    },
    "properties": {
    "id":"NTP453",
    "city":"新北市",
    "type":"公園",
    "name":"帝品苑旁兒童遊戲場(兒二)",
    "dist":"深坑區",
    "loc":"北深路三段155巷內",
    "FIELD9":"",
    "FIELD10":null,
    "FIELD11":null
    }
  },
  {
    "type": "Feature",
    "geometry": {
       "type": "Point",
       "coordinates":  [ 121.5266546,24.9775152 ]
    },
    "properties": {
    "id":"NTP454",
    "city":"新北市",
    "type":"公園",
    "name":"中央八街底公園",
    "dist":"新店區",
    "loc":"中央八街底",
    "FIELD9":"",
    "FIELD10":null,
    "FIELD11":null
    }
  },
  {
    "type": "Feature",
    "geometry": {
       "type": "Point",
       "coordinates":  [ 121.1149928,22.770361 ]
    },
    "properties": {
    "id":"NTP455",
    "city":"新北市",
    "type":"公園",
    "name":"中興公園(公一)",
    "dist":"新店區",
    "loc":"中興路3段126號巷內",
    "FIELD9":"",
    "FIELD10":null,
    "FIELD11":null
    }
  },
  {
    "type": "Feature",
    "geometry": {
       "type": "Point",
       "coordinates":  [ 121.5329204,24.9730476 ]
    },
    "properties": {
    "id":"NTP456",
    "city":"新北市",
    "type":"公園",
    "name":"福民公園 (公六1一)",
    "dist":"新店區",
    "loc":"褔園街8-6號旁",
    "FIELD9":"",
    "FIELD10":null,
    "FIELD11":null
    }
  },
  {
    "type": "Feature",
    "geometry": {
       "type": "Point",
       "coordinates":  [ 121.5442971,24.9710371 ]
    },
    "properties": {
    "id":"NTP457",
    "city":"新北市",
    "type":"公園",
    "name":"五峰公園",
    "dist":"新店區",
    "loc":"中正路惠國市場對面",
    "FIELD9":"",
    "FIELD10":null,
    "FIELD11":null
    }
  },
  {
    "type": "Feature",
    "geometry": {
       "type": "Point",
       "coordinates":  [ 121.5098632,24.9592295 ]
    },
    "properties": {
    "id":"NTP458",
    "city":"新北市",
    "type":"公園",
    "name":"安康森林公園(公十一)",
    "dist":"新店區",
    "loc":"安康路2段169號對面",
    "FIELD9":"",
    "FIELD10":null,
    "FIELD11":null
    }
  },
  {
    "type": "Feature",
    "geometry": {
       "type": "Point",
       "coordinates":  { }
    },
    "properties": {
    "id":"NTP459",
    "city":"新北市",
    "type":"公園",
    "name":"交通公園(公三)",
    "dist":"新店區",
    "loc":"民族路105號大豐國小對面",
    "FIELD9":"",
    "FIELD10":null,
    "FIELD11":null
    }
  },
  {
    "type": "Feature",
    "geometry": {
       "type": "Point",
       "coordinates":  [ 121.5361951,24.9741843 ]
    },
    "properties": {
    "id":"NTP460",
    "city":"新北市",
    "type":"公園",
    "name":"安華公園(公五)",
    "dist":"新店區",
    "loc":"中正路307巷內",
    "FIELD9":"",
    "FIELD10":null,
    "FIELD11":null
    }
  },
  {
    "type": "Feature",
    "geometry": {
       "type": "Point",
       "coordinates":  [ 121.5426518,24.9681509 ]
    },
    "properties": {
    "id":"NTP461",
    "city":"新北市",
    "type":"公園",
    "name":"馬公公園(公十)",
    "dist":"新店區",
    "loc":"北新路一段92號",
    "FIELD9":"",
    "FIELD10":null,
    "FIELD11":null
    }
  },
  {
    "type": "Feature",
    "geometry": {
       "type": "Point",
       "coordinates":  [ 121.5440869,24.971926 ]
    },
    "properties": {
    "id":"NTP462",
    "city":"新北市",
    "type":"公園",
    "name":"原野公園(公八)",
    "dist":"新店區",
    "loc":"德正街19巷內",
    "FIELD9":"",
    "FIELD10":null,
    "FIELD11":null
    }
  },
  {
    "type": "Feature",
    "geometry": {
       "type": "Point",
       "coordinates":  [ 121.550291,25.028289 ]
    },
    "properties": {
    "id":"NTP463",
    "city":"新北市",
    "type":"公園",
    "name":"安和景觀公園",
    "dist":"新店區",
    "loc":"安和路2段163號旁",
    "FIELD9":"",
    "FIELD10":null,
    "FIELD11":null
    }
  },
  {
    "type": "Feature",
    "geometry": {
       "type": "Point",
       "coordinates":  [ 121.3091599,24.991692 ]
    },
    "properties": {
    "id":"NTP464",
    "city":"新北市",
    "type":"公園",
    "name":"大豐公園(公二)",
    "dist":"新店區",
    "loc":"民族路105號大豐國小旁",
    "FIELD9":"",
    "FIELD10":null,
    "FIELD11":null
    }
  },
  {
    "type": "Feature",
    "geometry": {
       "type": "Point",
       "coordinates":  [ 121.5402348,24.9691069 ]
    },
    "properties": {
    "id":"NTP465",
    "city":"新北市",
    "type":"公園",
    "name":"瑠公公園",
    "dist":"新店區",
    "loc":"中華路54巷與60巷間",
    "FIELD9":"",
    "FIELD10":null,
    "FIELD11":null
    }
  },
  {
    "type": "Feature",
    "geometry": {
       "type": "Point",
       "coordinates":  { }
    },
    "properties": {
    "id":"NTP466",
    "city":"新北市",
    "type":"公園",
    "name":"小金門公園",
    "dist":"新店區",
    "loc":"民族路105號大豐國小對面",
    "FIELD9":"",
    "FIELD10":null,
    "FIELD11":null
    }
  },
  {
    "type": "Feature",
    "geometry": {
       "type": "Point",
       "coordinates":  [ 120.5456553,24.0828434 ]
    },
    "properties": {
    "id":"NTP467",
    "city":"新北市",
    "type":"公園",
    "name":"天山公園",
    "dist":"新店區",
    "loc":"永安街34號旁",
    "FIELD9":"",
    "FIELD10":null,
    "FIELD11":null
    }
  },
  {
    "type": "Feature",
    "geometry": {
       "type": "Point",
       "coordinates":  [ 121.5393708,25.0506621 ]
    },
    "properties": {
    "id":"NTP468",
    "city":"新北市",
    "type":"公園",
    "name":"三民公園(公七)",
    "dist":"新店區",
    "loc":"三民咯中正國小旁",
    "FIELD9":"",
    "FIELD10":null,
    "FIELD11":null
    }
  },
  {
    "type": "Feature",
    "geometry": {
       "type": "Point",
       "coordinates":  [ 121.5130871,24.9588056 ]
    },
    "properties": {
    "id":"NTP469",
    "city":"新北市",
    "type":"公園",
    "name":"原民局公園",
    "dist":"新店區",
    "loc":"安忠路57巷旁",
    "FIELD9":"",
    "FIELD10":null,
    "FIELD11":null
    }
  },
  {
    "type": "Feature",
    "geometry": {
       "type": "Point",
       "coordinates":  [ 121.5323276,24.95882 ]
    },
    "properties": {
    "id":"NTP470",
    "city":"新北市",
    "type":"公園",
    "name":"太平運動公園",
    "dist":"新店區",
    "loc":"精忠路10-1號邊",
    "FIELD9":"",
    "FIELD10":null,
    "FIELD11":null
    }
  },
  {
    "type": "Feature",
    "geometry": {
       "type": "Point",
       "coordinates":  [ 121.5418596,24.9692974 ]
    },
    "properties": {
    "id":"NTP471",
    "city":"新北市",
    "type":"公園",
    "name":"北新藝術廣場",
    "dist":"新店區",
    "loc":"北新路一段351號旁",
    "FIELD9":"",
    "FIELD10":null,
    "FIELD11":null
    }
  },
  {
    "type": "Feature",
    "geometry": {
       "type": "Point",
       "coordinates":  [ 121.5495506,24.9514032 ]
    },
    "properties": {
    "id":"NTP472",
    "city":"新北市",
    "type":"公園",
    "name":"青潭河濱公園",
    "dist":"新店區",
    "loc":"北宜路2段64號邊",
    "FIELD9":"",
    "FIELD10":null,
    "FIELD11":null
    }
  },
  {
    "type": "Feature",
    "geometry": {
       "type": "Point",
       "coordinates":  [ 121.2850988,24.9336109 ]
    },
    "properties": {
    "id":"NTP473",
    "city":"新北市",
    "type":"公園",
    "name":"廣興河濱公園",
    "dist":"新店區",
    "loc":"廣興路100號旁",
    "FIELD9":"",
    "FIELD10":null,
    "FIELD11":null
    }
  },
  {
    "type": "Feature",
    "geometry": {
       "type": "Point",
       "coordinates":  [ 121.2850988,24.9336109 ]
    },
    "properties": {
    "id":"NTP474",
    "city":"新北市",
    "type":"公園",
    "name":"市民農園公園",
    "dist":"新店區",
    "loc":"廣興路100號旁",
    "FIELD9":"",
    "FIELD10":null,
    "FIELD11":null
    }
  },
  {
    "type": "Feature",
    "geometry": {
       "type": "Point",
       "coordinates":  { }
    },
    "properties": {
    "id":"NTP475",
    "city":"新北市",
    "type":"公園",
    "name":"仁愛亭公園(櫻花公園)",
    "dist":"新店區",
    "loc":"櫻花街和自強路交叉路口",
    "FIELD9":"",
    "FIELD10":null,
    "FIELD11":null
    }
  },
  {
    "type": "Feature",
    "geometry": {
       "type": "Point",
       "coordinates":  [ 121.5871011,23.9797278 ]
    },
    "properties": {
    "id":"NTP476",
    "city":"新北市",
    "type":"公園",
    "name":"屈尺景觀公園",
    "dist":"新店區",
    "loc":"自強路166號前",
    "FIELD9":"",
    "FIELD10":null,
    "FIELD11":null
    }
  },
  {
    "type": "Feature",
    "geometry": {
       "type": "Point",
       "coordinates":  [ 121.5135319,24.9610066 ]
    },
    "properties": {
    "id":"NTP477",
    "city":"新北市",
    "type":"公園",
    "name":"安坑國小前公園",
    "dist":"新店區",
    "loc":"安忠路(安坑國小前)",
    "FIELD9":"",
    "FIELD10":null,
    "FIELD11":null
    }
  },
  {
    "type": "Feature",
    "geometry": {
       "type": "Point",
       "coordinates":  [ 121.5158342,24.9649438 ]
    },
    "properties": {
    "id":"NTP478",
    "city":"新北市",
    "type":"公園",
    "name":"安民街26號兩側綠地",
    "dist":"新店區",
    "loc":"安民街26號",
    "FIELD9":"",
    "FIELD10":null,
    "FIELD11":null
    }
  },
  {
    "type": "Feature",
    "geometry": {
       "type": "Point",
       "coordinates":  [ 121.5106346,24.9602442 ]
    },
    "properties": {
    "id":"NTP479",
    "city":"新北市",
    "type":"公園",
    "name":"安成公園",
    "dist":"新店區",
    "loc":"安成街5號旁",
    "FIELD9":"",
    "FIELD10":null,
    "FIELD11":null
    }
  },
  {
    "type": "Feature",
    "geometry": {
       "type": "Point",
       "coordinates":  [ 126.61111,45.75864 ]
    },
    "properties": {
    "id":"NTP480",
    "city":"新北市",
    "type":"公園",
    "name":"龍園公園",
    "dist":"新店區",
    "loc":"安德街71號旁",
    "FIELD9":"",
    "FIELD10":null,
    "FIELD11":null
    }
  },
  {
    "type": "Feature",
    "geometry": {
       "type": "Point",
       "coordinates":  [ 121.5108881,24.9629766 ]
    },
    "properties": {
    "id":"NTP481",
    "city":"新北市",
    "type":"公園",
    "name":"安德街60巷綠地",
    "dist":"新店區",
    "loc":"安德街60巷",
    "FIELD9":"",
    "FIELD10":null,
    "FIELD11":null
    }
  },
  {
    "type": "Feature",
    "geometry": {
       "type": "Point",
       "coordinates":  [ 121.5167192,24.9705048 ]
    },
    "properties": {
    "id":"NTP482",
    "city":"新北市",
    "type":"公園",
    "name":"安民街179號旁公園",
    "dist":"新店區",
    "loc":"安民街179號旁",
    "FIELD9":"",
    "FIELD10":null,
    "FIELD11":null
    }
  },
  {
    "type": "Feature",
    "geometry": {
       "type": "Point",
       "coordinates":  [ 121.5168566,24.966999 ]
    },
    "properties": {
    "id":"NTP483",
    "city":"新北市",
    "type":"公園",
    "name":"碧安公園",
    "dist":"新店區",
    "loc":"安民街80號(永豐圳兩側)",
    "FIELD9":"",
    "FIELD10":null,
    "FIELD11":null
    }
  },
  {
    "type": "Feature",
    "geometry": {
       "type": "Point",
       "coordinates":  [ 121.5167334,24.9669587 ]
    },
    "properties": {
    "id":"NTP484",
    "city":"新北市",
    "type":"公園",
    "name":"碧安2號公園",
    "dist":"新店區",
    "loc":"安民街78巷底",
    "FIELD9":"",
    "FIELD10":null,
    "FIELD11":null
    }
  },
  {
    "type": "Feature",
    "geometry": {
       "type": "Point",
       "coordinates":  [ 120.6172928,24.1610517 ]
    },
    "properties": {
    "id":"NTP485",
    "city":"新北市",
    "type":"公園",
    "name":"安和路1段55號旁公園",
    "dist":"新店區",
    "loc":"安和路1段53號旁",
    "FIELD9":"",
    "FIELD10":null,
    "FIELD11":null
    }
  },
  {
    "type": "Feature",
    "geometry": {
       "type": "Point",
       "coordinates":  [ 121.5161484,24.9658933 ]
    },
    "properties": {
    "id":"NTP486",
    "city":"新北市",
    "type":"公園",
    "name":"吉安公園",
    "dist":"新店區",
    "loc":"吉安街和安民街交叉路口",
    "FIELD9":"",
    "FIELD10":null,
    "FIELD11":null
    }
  },
  {
    "type": "Feature",
    "geometry": {
       "type": "Point",
       "coordinates":  [ 121.521514,24.9871591 ]
    },
    "properties": {
    "id":"NTP487",
    "city":"新北市",
    "type":"公園",
    "name":"新和活動中心兩側公園",
    "dist":"新店區",
    "loc":"新和活動中心兩側",
    "FIELD9":"",
    "FIELD10":null,
    "FIELD11":null
    }
  },
  {
    "type": "Feature",
    "geometry": {
       "type": "Point",
       "coordinates":  [ 121.494874,24.948966 ]
    },
    "properties": {
    "id":"NTP488",
    "city":"新北市",
    "type":"公園",
    "name":"中央公園",
    "dist":"新店區",
    "loc":"富貴街9巷29號",
    "FIELD9":"",
    "FIELD10":null,
    "FIELD11":null
    }
  },
  {
    "type": "Feature",
    "geometry": {
       "type": "Point",
       "coordinates":  [ 121.5266546,24.9775152 ]
    },
    "properties": {
    "id":"NTP489",
    "city":"新北市",
    "type":"公園",
    "name":"湯泉公園",
    "dist":"新店區",
    "loc":"中央八街底溪園路旁",
    "FIELD9":"",
    "FIELD10":null,
    "FIELD11":null
    }
  },
  {
    "type": "Feature",
    "geometry": {
       "type": "Point",
       "coordinates":  [ 121.5441217,24.9770716 ]
    },
    "properties": {
    "id":"NTP490",
    "city":"新北市",
    "type":"公園",
    "name":"寶徠公園",
    "dist":"新店區",
    "loc":"寶橋路85巷55號對面",
    "FIELD9":"",
    "FIELD10":null,
    "FIELD11":null
    }
  },
  {
    "type": "Feature",
    "geometry": {
       "type": "Point",
       "coordinates":  { }
    },
    "properties": {
    "id":"NTP491",
    "city":"新北市",
    "type":"公園",
    "name":"龜山河濱公園",
    "dist":"新店區",
    "loc":"新烏路3段(南崁溪旁)",
    "FIELD9":"",
    "FIELD10":null,
    "FIELD11":null
    }
  },
  {
    "type": "Feature",
    "geometry": {
       "type": "Point",
       "coordinates":  [ 121.5520363,24.9032288 ]
    },
    "properties": {
    "id":"NTP492",
    "city":"新北市",
    "type":"公園",
    "name":"龜山活動中心旁公園",
    "dist":"新店區",
    "loc":"新烏路3段134號(龜山圖書館)",
    "FIELD9":"",
    "FIELD10":null,
    "FIELD11":null
    }
  },
  {
    "type": "Feature",
    "geometry": {
       "type": "Point",
       "coordinates":  [ 121.5501435,24.8996891 ]
    },
    "properties": {
    "id":"NTP493",
    "city":"新北市",
    "type":"公園",
    "name":"上龜山橋旁綠地",
    "dist":"新店區",
    "loc":"新烏路三段268巷(上龜山橋旁)",
    "FIELD9":"",
    "FIELD10":null,
    "FIELD11":null
    }
  },
  {
    "type": "Feature",
    "geometry": {
       "type": "Point",
       "coordinates":  [ 121.5283467,24.9787313 ]
    },
    "properties": {
    "id":"NTP494",
    "city":"新北市",
    "type":"公園",
    "name":"十四張歷史公園",
    "dist":"新店區",
    "loc":"新店區斯馨二路與央北二路交叉口",
    "FIELD9":"",
    "FIELD10":null,
    "FIELD11":null
    }
  },
  {
    "type": "Feature",
    "geometry": {
       "type": "Point",
       "coordinates":  [ 121.5278114,24.9772009 ]
    },
    "properties": {
    "id":"NTP495",
    "city":"新北市",
    "type":"公園",
    "name":"中央鄰里公園(鄰公兒)",
    "dist":"新店區",
    "loc":"新店區央北一路南側綠帶",
    "FIELD9":"",
    "FIELD10":null,
    "FIELD11":null
    }
  },
  {
    "type": "Feature",
    "geometry": {
       "type": "Point",
       "coordinates":  { }
    },
    "properties": {
    "id":"NTP496",
    "city":"新北市",
    "type":"公園",
    "name":"安光公園(公兒一",
    "dist":"公兒二)",
    "loc":"新店區",
    "FIELD9":"24.9640778",
    "FIELD10":null,
    "FIELD11":null
    }
  },
  {
    "type": "Feature",
    "geometry": {
       "type": "Point",
       "coordinates":  { }
    },
    "properties": {
    "id":"NTP497",
    "city":"新北市",
    "type":"公園",
    "name":"裕隆公園(綠湖公園",
    "dist":"公(兒)一",
    "loc":"公(兒)二)",
    "FIELD9":"121.5469422",
    "FIELD10":24.9789104,
    "FIELD11":null
    }
  },
  {
    "type": "Feature",
    "geometry": {
       "type": "Point",
       "coordinates":  [ 121.4281209,25.0175449 ]
    },
    "properties": {
    "id":"NTP498",
    "city":"新北市",
    "type":"公園",
    "name":"西盛公園(公4)",
    "dist":"新莊區",
    "loc":"龍安路與西盛街口",
    "FIELD9":"",
    "FIELD10":null,
    "FIELD11":null
    }
  },
  {
    "type": "Feature",
    "geometry": {
       "type": "Point",
       "coordinates":  [ 121.4214463,25.021224 ]
    },
    "properties": {
    "id":"NTP499",
    "city":"新北市",
    "type":"公園",
    "name":"四維公園(公3)",
    "dist":"新莊區",
    "loc":"四維路186巷旁",
    "FIELD9":"",
    "FIELD10":null,
    "FIELD11":null
    }
  },
  {
    "type": "Feature",
    "geometry": {
       "type": "Point",
       "coordinates":  { }
    },
    "properties": {
    "id":"NTP500",
    "city":"新北市",
    "type":"公園",
    "name":"龍鳳公園(公2(西)",
    "dist":"公17(東))",
    "loc":"新莊區",
    "FIELD9":"25.0210049",
    "FIELD10":null,
    "FIELD11":null
    }
  },
  {
    "type": "Feature",
    "geometry": {
       "type": "Point",
       "coordinates":  [ 121.4208404,25.019689 ]
    },
    "properties": {
    "id":"NTP501",
    "city":"新北市",
    "type":"公園",
    "name":"萬安公園(公21)",
    "dist":"新莊區",
    "loc":"龍安路龍安橋頭",
    "FIELD9":"",
    "FIELD10":null,
    "FIELD11":null
    }
  },
  {
    "type": "Feature",
    "geometry": {
       "type": "Point",
       "coordinates":  [ 121.4283045,25.0257061 ]
    },
    "properties": {
    "id":"NTP502",
    "city":"新北市",
    "type":"公園",
    "name":"後港公園(公3-1)",
    "dist":"新莊區",
    "loc":"建安街26巷4號旁",
    "FIELD9":"",
    "FIELD10":null,
    "FIELD11":null
    }
  },
  {
    "type": "Feature",
    "geometry": {
       "type": "Point",
       "coordinates":  [ 121.4444127,25.0376794 ]
    },
    "properties": {
    "id":"NTP503",
    "city":"新北市",
    "type":"公園",
    "name":"新泰公園(公6)",
    "dist":"新莊區",
    "loc":"公園一路112號旁",
    "FIELD9":"",
    "FIELD10":null,
    "FIELD11":null
    }
  },
  {
    "type": "Feature",
    "geometry": {
       "type": "Point",
       "coordinates":  [ 121.4226278,25.0253278 ]
    },
    "properties": {
    "id":"NTP504",
    "city":"新北市",
    "type":"公園",
    "name":"富國公園",
    "dist":"新莊區",
    "loc":"富國路與福營路口",
    "FIELD9":"",
    "FIELD10":null,
    "FIELD11":null
    }
  },
  {
    "type": "Feature",
    "geometry": {
       "type": "Point",
       "coordinates":  [ 121.4112509,25.0202187 ]
    },
    "properties": {
    "id":"NTP505",
    "city":"新北市",
    "type":"公園",
    "name":"龍福公園(公兒一(龍壽迴龍都市計畫))",
    "dist":"新莊區",
    "loc":"中正路929巷23號對面",
    "FIELD9":"",
    "FIELD10":null,
    "FIELD11":null
    }
  },
  {
    "type": "Feature",
    "geometry": {
       "type": "Point",
       "coordinates":  [ 121.4375834,25.0324948 ]
    },
    "properties": {
    "id":"NTP506",
    "city":"新北市",
    "type":"公園",
    "name":"福營公園",
    "dist":"新莊區",
    "loc":"福營路29號旁",
    "FIELD9":"",
    "FIELD10":null,
    "FIELD11":null
    }
  },
  {
    "type": "Feature",
    "geometry": {
       "type": "Point",
       "coordinates":  [ 121.4298562,25.0275823 ]
    },
    "properties": {
    "id":"NTP507",
    "city":"新北市",
    "type":"公園",
    "name":"雙福公園(公23 / 兒1)",
    "dist":"新莊區",
    "loc":"後港一路(後港抽水站旁)",
    "FIELD9":"",
    "FIELD10":null,
    "FIELD11":null
    }
  },
  {
    "type": "Feature",
    "geometry": {
       "type": "Point",
       "coordinates":  [ 121.4429173,25.0293415 ]
    },
    "properties": {
    "id":"NTP508",
    "city":"新北市",
    "type":"公園",
    "name":"瓊泰公園(公16)",
    "dist":"新莊區",
    "loc":"瓊泰路瓊泰橋旁",
    "FIELD9":"",
    "FIELD10":null,
    "FIELD11":null
    }
  },
  {
    "type": "Feature",
    "geometry": {
       "type": "Point",
       "coordinates":  [ 121.4294095,25.027324 ]
    },
    "properties": {
    "id":"NTP509",
    "city":"新北市",
    "type":"公園",
    "name":"後港新公園(公14)",
    "dist":"新莊區",
    "loc":"後港一路與民安路口",
    "FIELD9":"",
    "FIELD10":null,
    "FIELD11":null
    }
  },
  {
    "type": "Feature",
    "geometry": {
       "type": "Point",
       "coordinates":  [ 121.4226278,25.0253278 ]
    },
    "properties": {
    "id":"NTP510",
    "city":"新北市",
    "type":"公園",
    "name":"福營休閒廣場",
    "dist":"新莊區",
    "loc":"四維路福營行政中心旁",
    "FIELD9":"",
    "FIELD10":null,
    "FIELD11":null
    }
  },
  {
    "type": "Feature",
    "geometry": {
       "type": "Point",
       "coordinates":  [ 121.4335089,25.0028699 ]
    },
    "properties": {
    "id":"NTP511",
    "city":"新北市",
    "type":"公園",
    "name":"新樹公園(公兒五(樹林(三多里地區)都市計畫))",
    "dist":"新莊區",
    "loc":"新樹路647號對面",
    "FIELD9":"",
    "FIELD10":null,
    "FIELD11":null
    }
  },
  {
    "type": "Feature",
    "geometry": {
       "type": "Point",
       "coordinates":  { }
    },
    "properties": {
    "id":"NTP512",
    "city":"新北市",
    "type":"公園",
    "name":"福營綠廊",
    "dist":"新莊區",
    "loc":"中正路輔仁大學對面",
    "FIELD9":"",
    "FIELD10":null,
    "FIELD11":null
    }
  },
  {
    "type": "Feature",
    "geometry": {
       "type": "Point",
       "coordinates":  [ 104.73579,31.76823 ]
    },
    "properties": {
    "id":"NTP513",
    "city":"新北市",
    "type":"公園",
    "name":"水源地",
    "dist":"新莊區",
    "loc":"壽山路115號斜對面",
    "FIELD9":"",
    "FIELD10":null,
    "FIELD11":null
    }
  },
  {
    "type": "Feature",
    "geometry": {
       "type": "Point",
       "coordinates":  { }
    },
    "properties": {
    "id":"NTP514",
    "city":"新北市",
    "type":"公園",
    "name":"青年公園(公20",
    "dist":"公14(林口特定區計畫))",
    "loc":"新莊區",
    "FIELD9":"25.0327946",
    "FIELD10":null,
    "FIELD11":null
    }
  },
  {
    "type": "Feature",
    "geometry": {
       "type": "Point",
       "coordinates":  [ 121.4567202,25.0421425 ]
    },
    "properties": {
    "id":"NTP515",
    "city":"新北市",
    "type":"公園",
    "name":"長青公園",
    "dist":"新莊區",
    "loc":"博愛路與長青街口",
    "FIELD9":"",
    "FIELD10":null,
    "FIELD11":null
    }
  },
  {
    "type": "Feature",
    "geometry": {
       "type": "Point",
       "coordinates":  [ 121.5450565,25.1336497 ]
    },
    "properties": {
    "id":"NTP516",
    "city":"新北市",
    "type":"公園",
    "name":"中港三角公園",
    "dist":"新莊區",
    "loc":"中華路與復興路口",
    "FIELD9":"",
    "FIELD10":null,
    "FIELD11":null
    }
  },
  {
    "type": "Feature",
    "geometry": {
       "type": "Point",
       "coordinates":  [ 121.4461305,25.0398838 ]
    },
    "properties": {
    "id":"NTP517",
    "city":"新北市",
    "type":"公園",
    "name":"新泰三角公園",
    "dist":"新莊區",
    "loc":"新泰路與中平路口",
    "FIELD9":"",
    "FIELD10":null,
    "FIELD11":null
    }
  },
  {
    "type": "Feature",
    "geometry": {
       "type": "Point",
       "coordinates":  [ 121.4479936,25.0527772 ]
    },
    "properties": {
    "id":"NTP518",
    "city":"新北市",
    "type":"公園",
    "name":"黃城公園(公10)",
    "dist":"新莊區",
    "loc":"中榮街與中信街口",
    "FIELD9":"",
    "FIELD10":null,
    "FIELD11":null
    }
  },
  {
    "type": "Feature",
    "geometry": {
       "type": "Point",
       "coordinates":  [ 121.4575438,25.0681601 ]
    },
    "properties": {
    "id":"NTP519",
    "city":"新北市",
    "type":"公園",
    "name":"興化公園",
    "dist":"新莊區",
    "loc":"五工二路底",
    "FIELD9":"",
    "FIELD10":null,
    "FIELD11":null
    }
  },
  {
    "type": "Feature",
    "geometry": {
       "type": "Point",
       "coordinates":  [ 121.4579325,25.0523362 ]
    },
    "properties": {
    "id":"NTP520",
    "city":"新北市",
    "type":"公園",
    "name":"福壽公園(公11)",
    "dist":"新莊區",
    "loc":"福壽街昌明街路口",
    "FIELD9":"",
    "FIELD10":null,
    "FIELD11":null
    }
  },
  {
    "type": "Feature",
    "geometry": {
       "type": "Point",
       "coordinates":  [ 121.4557845,25.0481681 ]
    },
    "properties": {
    "id":"NTP521",
    "city":"新北市",
    "type":"公園",
    "name":"思賢公園(公9)",
    "dist":"新莊區",
    "loc":"自由街自信街路口",
    "FIELD9":"",
    "FIELD10":null,
    "FIELD11":null
    }
  },
  {
    "type": "Feature",
    "geometry": {
       "type": "Point",
       "coordinates":  [ 121.442995,25.046751 ]
    },
    "properties": {
    "id":"NTP522",
    "city":"新北市",
    "type":"公園",
    "name":"中平公園(公8)",
    "dist":"新莊區",
    "loc":"中平路文藝中心後方及新泰游泳池側邊",
    "FIELD9":"",
    "FIELD10":null,
    "FIELD11":null
    }
  },
  {
    "type": "Feature",
    "geometry": {
       "type": "Point",
       "coordinates":  [ 121.4559733,25.0375435 ]
    },
    "properties": {
    "id":"NTP523",
    "city":"新北市",
    "type":"公園",
    "name":"新莊公園(公7)",
    "dist":"新莊區",
    "loc":"中正路84號對面",
    "FIELD9":"",
    "FIELD10":null,
    "FIELD11":null
    }
  },
  {
    "type": "Feature",
    "geometry": {
       "type": "Point",
       "coordinates":  [ 121.4556854,25.0350802 ]
    },
    "properties": {
    "id":"NTP524",
    "city":"新北市",
    "type":"公園",
    "name":"文德社區公園",
    "dist":"新莊區",
    "loc":"思明街環河路口",
    "FIELD9":"",
    "FIELD10":null,
    "FIELD11":null
    }
  },
  {
    "type": "Feature",
    "geometry": {
       "type": "Point",
       "coordinates":  [ 121.458267,25.028982 ]
    },
    "properties": {
    "id":"NTP525",
    "city":"新北市",
    "type":"公園",
    "name":"榮和公園",
    "dist":"新莊區",
    "loc":"環河路新海橋下",
    "FIELD9":"",
    "FIELD10":null,
    "FIELD11":null
    }
  },
  {
    "type": "Feature",
    "geometry": {
       "type": "Point",
       "coordinates":  [ 121.4461305,25.0398838 ]
    },
    "properties": {
    "id":"NTP526",
    "city":"新北市",
    "type":"公園",
    "name":"碧江公園",
    "dist":"新莊區",
    "loc":"新泰路瓊林路口",
    "FIELD9":"",
    "FIELD10":null,
    "FIELD11":null
    }
  },
  {
    "type": "Feature",
    "geometry": {
       "type": "Point",
       "coordinates":  [ 121.4513143,25.033172 ]
    },
    "properties": {
    "id":"NTP527",
    "city":"新北市",
    "type":"公園",
    "name":"興漢公園",
    "dist":"新莊區",
    "loc":"碧江街76號前",
    "FIELD9":"",
    "FIELD10":null,
    "FIELD11":null
    }
  },
  {
    "type": "Feature",
    "geometry": {
       "type": "Point",
       "coordinates":  [ 121.429499,25.0272556 ]
    },
    "properties": {
    "id":"NTP528",
    "city":"新北市",
    "type":"公園",
    "name":"建安公園(公15)",
    "dist":"新莊區",
    "loc":"後港一路130巷底",
    "FIELD9":"",
    "FIELD10":null,
    "FIELD11":null
    }
  },
  {
    "type": "Feature",
    "geometry": {
       "type": "Point",
       "coordinates":  [ 121.4259634,25.0264093 ]
    },
    "properties": {
    "id":"NTP529",
    "city":"新北市",
    "type":"公園",
    "name":"後德公園",
    "dist":"新莊區",
    "loc":"後港一路49巷底",
    "FIELD9":"",
    "FIELD10":null,
    "FIELD11":null
    }
  },
  {
    "type": "Feature",
    "geometry": {
       "type": "Point",
       "coordinates":  [ 121.4341711,25.0064893 ]
    },
    "properties": {
    "id":"NTP530",
    "city":"新北市",
    "type":"公園",
    "name":"萬善公園",
    "dist":"新莊區",
    "loc":"瓊林南路301巷內",
    "FIELD9":"",
    "FIELD10":null,
    "FIELD11":null
    }
  },
  {
    "type": "Feature",
    "geometry": {
       "type": "Point",
       "coordinates":  { }
    },
    "properties": {
    "id":"NTP531",
    "city":"新北市",
    "type":"公園",
    "name":"昌平公園(公兒一(副都心中心地區))",
    "dist":"新莊區",
    "loc":"富貴路",
    "FIELD9":"25.0573305",
    "FIELD10":null,
    "FIELD11":null
    }
  },
  {
    "type": "Feature",
    "geometry": {
       "type": "Point",
       "coordinates":  [ 121.4269028,25.0278339 ]
    },
    "properties": {
    "id":"NTP532",
    "city":"新北市",
    "type":"公園",
    "name":"建福公園(兒2)",
    "dist":"新莊區",
    "loc":"建福路49巷底",
    "FIELD9":"",
    "FIELD10":null,
    "FIELD11":null
    }
  },
  {
    "type": "Feature",
    "geometry": {
       "type": "Point",
       "coordinates":  [ 121.4154108,25.0309618 ]
    },
    "properties": {
    "id":"NTP533",
    "city":"新北市",
    "type":"公園",
    "name":"生命紀念公園",
    "dist":"新莊區",
    "loc":"壽山路162之1號",
    "FIELD9":"",
    "FIELD10":null,
    "FIELD11":null
    }
  },
  {
    "type": "Feature",
    "geometry": {
       "type": "Point",
       "coordinates":  [ 121.4437411,25.0295846 ]
    },
    "properties": {
    "id":"NTP534",
    "city":"新北市",
    "type":"公園",
    "name":"瓊泰河濱公園",
    "dist":"新莊區",
    "loc":"瓊泰路94巷17號旁",
    "FIELD9":"",
    "FIELD10":null,
    "FIELD11":null
    }
  },
  {
    "type": "Feature",
    "geometry": {
       "type": "Point",
       "coordinates":  [ 121.4517492,25.0466042 ]
    },
    "properties": {
    "id":"NTP535",
    "city":"新北市",
    "type":"公園",
    "name":"中港厝休閒廣場",
    "dist":"新莊區",
    "loc":"中港路352號旁",
    "FIELD9":"",
    "FIELD10":null,
    "FIELD11":null
    }
  },
  {
    "type": "Feature",
    "geometry": {
       "type": "Point",
       "coordinates":  { }
    },
    "properties": {
    "id":"NTP536",
    "city":"新北市",
    "type":"公園",
    "name":"頭前運動公園(公18 &國中7 /公二&文中(頭前重劃區))",
    "dist":"新莊區",
    "loc":"頭前路",
    "FIELD9":"",
    "FIELD10":null,
    "FIELD11":null
    }
  },
  {
    "type": "Feature",
    "geometry": {
       "type": "Point",
       "coordinates":  { }
    },
    "properties": {
    "id":"NTP537",
    "city":"新北市",
    "type":"公園",
    "name":"新泰籃球場",
    "dist":"新莊區",
    "loc":"中環路(特二號高架橋下)",
    "FIELD9":"",
    "FIELD10":null,
    "FIELD11":null
    }
  },
  {
    "type": "Feature",
    "geometry": {
       "type": "Point",
       "coordinates":  { }
    },
    "properties": {
    "id":"NTP538",
    "city":"新北市",
    "type":"公園",
    "name":"福基公園(公一(頭前重劃區))",
    "dist":"新莊區",
    "loc":"福美街",
    "FIELD9":"25.058791",
    "FIELD10":null,
    "FIELD11":null
    }
  },
  {
    "type": "Feature",
    "geometry": {
       "type": "Point",
       "coordinates":  { }
    },
    "properties": {
    "id":"NTP539",
    "city":"新北市",
    "type":"公園",
    "name":"福美公園",
    "dist":"新莊區",
    "loc":"福美街",
    "FIELD9":"25.0560626",
    "FIELD10":null,
    "FIELD11":null
    }
  },
  {
    "type": "Feature",
    "geometry": {
       "type": "Point",
       "coordinates":  [ 121.53115,31.15468 ]
    },
    "properties": {
    "id":"NTP540",
    "city":"新北市",
    "type":"公園",
    "name":"新泰綠地",
    "dist":"新莊區",
    "loc":"中環路與新泰路口",
    "FIELD9":"",
    "FIELD10":null,
    "FIELD11":null
    }
  },
  {
    "type": "Feature",
    "geometry": {
       "type": "Point",
       "coordinates":  [ 121.4620808,25.0473375 ]
    },
    "properties": {
    "id":"NTP541",
    "city":"新北市",
    "type":"公園",
    "name":"化成公園(兒二(頭前重劃區))",
    "dist":"新莊區",
    "loc":"頭成街/思源路128巷",
    "FIELD9":"",
    "FIELD10":null,
    "FIELD11":null
    }
  },
  {
    "type": "Feature",
    "geometry": {
       "type": "Point",
       "coordinates":  [ 121.4307646,25.0018001 ]
    },
    "properties": {
    "id":"NTP542",
    "city":"新北市",
    "type":"公園",
    "name":"西盛廣場",
    "dist":"新莊區",
    "loc":"樹新路277巷中華郵政對面",
    "FIELD9":"",
    "FIELD10":null,
    "FIELD11":null
    }
  },
  {
    "type": "Feature",
    "geometry": {
       "type": "Point",
       "coordinates":  { }
    },
    "properties": {
    "id":"NTP543",
    "city":"新北市",
    "type":"公園",
    "name":"瓊林公園",
    "dist":"新莊區",
    "loc":"台65橋下",
    "FIELD9":"",
    "FIELD10":null,
    "FIELD11":null
    }
  },
  {
    "type": "Feature",
    "geometry": {
       "type": "Point",
       "coordinates":  [ 121.4430655,25.0300149 ]
    },
    "properties": {
    "id":"NTP544",
    "city":"新北市",
    "type":"公園",
    "name":"快樂公園",
    "dist":"新莊區",
    "loc":"瓊泰路103號對面",
    "FIELD9":"",
    "FIELD10":null,
    "FIELD11":null
    }
  },
  {
    "type": "Feature",
    "geometry": {
       "type": "Point",
       "coordinates":  [ 121.4458349,25.0447629 ]
    },
    "properties": {
    "id":"NTP545",
    "city":"新北市",
    "type":"公園",
    "name":"中港公園",
    "dist":"新莊區",
    "loc":"中平路82巷22號對面",
    "FIELD9":"",
    "FIELD10":null,
    "FIELD11":null
    }
  },
  {
    "type": "Feature",
    "geometry": {
       "type": "Point",
       "coordinates":  [ 114.1977131,22.3454038 ]
    },
    "properties": {
    "id":"NTP546",
    "city":"新北市",
    "type":"公園",
    "name":"雙鳳公園(公兒五)",
    "dist":"新莊區",
    "loc":"雙鳳街56號旁",
    "FIELD9":"",
    "FIELD10":null,
    "FIELD11":null
    }
  },
  {
    "type": "Feature",
    "geometry": {
       "type": "Point",
       "coordinates":  [ 121.41388,25.03023 ]
    },
    "properties": {
    "id":"NTP547",
    "city":"新北市",
    "type":"公園",
    "name":"愛鳥公園(公22(產業專用區及其周邊地區))",
    "dist":"新莊區",
    "loc":"新莊區新北大道五工六路口",
    "FIELD9":"",
    "FIELD10":null,
    "FIELD11":null
    }
  },
  {
    "type": "Feature",
    "geometry": {
       "type": "Point",
       "coordinates":  { }
    },
    "properties": {
    "id":"NTP548",
    "city":"新北市",
    "type":"公園",
    "name":"福智1號廣場(公23(產業專用區及其周邊地區))",
    "dist":"新莊區",
    "loc":"五工六路",
    "FIELD9":"39.1362124",
    "FIELD10":null,
    "FIELD11":null
    }
  },
  {
    "type": "Feature",
    "geometry": {
       "type": "Point",
       "coordinates":  { }
    },
    "properties": {
    "id":"NTP549",
    "city":"新北市",
    "type":"公園",
    "name":"福智公園(公24(產業專用區及其周邊地區))",
    "dist":"新莊區",
    "loc":"新北大道三段",
    "FIELD9":"25.0603609",
    "FIELD10":null,
    "FIELD11":null
    }
  },
  {
    "type": "Feature",
    "geometry": {
       "type": "Point",
       "coordinates":  { }
    },
    "properties": {
    "id":"NTP550",
    "city":"新北市",
    "type":"公園",
    "name":"福慧都會公園(公25(產業專用區及其周邊地區))",
    "dist":"新莊區",
    "loc":"新知三路",
    "FIELD9":"福慧路間",
    "FIELD10":121.4546698,
    "FIELD11":25.0620907
    }
  },
  {
    "type": "Feature",
    "geometry": {
       "type": "Point",
       "coordinates":  { }
    },
    "properties": {
    "id":"NTP551",
    "city":"新北市",
    "type":"公園",
    "name":"福聚公園(公26(產業專用區及其周邊地區))",
    "dist":"新莊區",
    "loc":"新知一路",
    "FIELD9":"25.0630329",
    "FIELD10":null,
    "FIELD11":null
    }
  },
  {
    "type": "Feature",
    "geometry": {
       "type": "Point",
       "coordinates":  { }
    },
    "properties": {
    "id":"NTP552",
    "city":"新北市",
    "type":"公園",
    "name":"福祿1號公園(公27)",
    "dist":"新莊區",
    "loc":"新知一路",
    "FIELD9":"25.0630329",
    "FIELD10":null,
    "FIELD11":null
    }
  },
  {
    "type": "Feature",
    "geometry": {
       "type": "Point",
       "coordinates":  { }
    },
    "properties": {
    "id":"NTP553",
    "city":"新北市",
    "type":"公園",
    "name":"福祿2號公園(公28(產業專用區及其周邊地區))",
    "dist":"新莊區",
    "loc":"新知一路",
    "FIELD9":"25.0630329",
    "FIELD10":null,
    "FIELD11":null
    }
  },
  {
    "type": "Feature",
    "geometry": {
       "type": "Point",
       "coordinates":  { }
    },
    "properties": {
    "id":"NTP554",
    "city":"新北市",
    "type":"公園",
    "name":"福祿3號公園(公29(產業專用區及其周邊地區))",
    "dist":"新莊區",
    "loc":"化成路",
    "FIELD9":"",
    "FIELD10":null,
    "FIELD11":null
    }
  },
  {
    "type": "Feature",
    "geometry": {
       "type": "Point",
       "coordinates":  { }
    },
    "properties": {
    "id":"NTP555",
    "city":"新北市",
    "type":"公園",
    "name":"福祿4號公園(公30(產業專用區及其周邊地區))",
    "dist":"新莊區",
    "loc":"化成路",
    "FIELD9":"39.1362124",
    "FIELD10":null,
    "FIELD11":null
    }
  },
  {
    "type": "Feature",
    "geometry": {
       "type": "Point",
       "coordinates":  { }
    },
    "properties": {
    "id":"NTP556",
    "city":"新北市",
    "type":"公園",
    "name":"福祿5號公園(公31(產業專用區及其周邊地區))",
    "dist":"新莊區",
    "loc":"化成路",
    "FIELD9":"",
    "FIELD10":null,
    "FIELD11":null
    }
  },
  {
    "type": "Feature",
    "geometry": {
       "type": "Point",
       "coordinates":  { }
    },
    "properties": {
    "id":"NTP557",
    "city":"新北市",
    "type":"公園",
    "name":"忠孝公園",
    "dist":"新莊區",
    "loc":"公園",
    "FIELD9":"",
    "FIELD10":null,
    "FIELD11":null
    }
  },
  {
    "type": "Feature",
    "geometry": {
       "type": "Point",
       "coordinates":  [ 121.4531167,25.0490361 ]
    },
    "properties": {
    "id":"NTP558",
    "city":"新北市",
    "type":"公園",
    "name":"塭仔底濕地公園",
    "dist":"新莊區",
    "loc":"新莊區中華路二段與富貴路交叉口",
    "FIELD9":"",
    "FIELD10":null,
    "FIELD11":null
    }
  },
  {
    "type": "Feature",
    "geometry": {
       "type": "Point",
       "coordinates":  [ 121.4474771,25.0404002 ]
    },
    "properties": {
    "id":"NTP559",
    "city":"新北市",
    "type":"公園",
    "name":"新莊體育園區",
    "dist":"新莊區",
    "loc":"新北市新莊區和興街66號",
    "FIELD9":"",
    "FIELD10":null,
    "FIELD11":null
    }
  },
  {
    "type": "Feature",
    "geometry": {
       "type": "Point",
       "coordinates":  [ 112.866305,31.356796 ]
    },
    "properties": {
    "id":"NTP560",
    "city":"新北市",
    "type":"公園",
    "name":"瑞芳公園",
    "dist":"瑞芳區",
    "loc":"明燈路1段175號對面",
    "FIELD9":"",
    "FIELD10":null,
    "FIELD11":null
    }
  },
  {
    "type": "Feature",
    "geometry": {
       "type": "Point",
       "coordinates":  [ 120.3672887,22.6261709 ]
    },
    "properties": {
    "id":"NTP561",
    "city":"新北市",
    "type":"公園",
    "name":"四腳亭公園",
    "dist":"瑞芳區",
    "loc":"瑞竹路91號旁",
    "FIELD9":"",
    "FIELD10":null,
    "FIELD11":null
    }
  },
  {
    "type": "Feature",
    "geometry": {
       "type": "Point",
       "coordinates":  [ 121.7629292,25.1026632 ]
    },
    "properties": {
    "id":"NTP562",
    "city":"新北市",
    "type":"公園",
    "name":"吉慶公園",
    "dist":"瑞芳區",
    "loc":"中央路49巷",
    "FIELD9":"",
    "FIELD10":null,
    "FIELD11":null
    }
  },
  {
    "type": "Feature",
    "geometry": {
       "type": "Point",
       "coordinates":  [ 121.6324671,25.2399845 ]
    },
    "properties": {
    "id":"NTP563",
    "city":"新北市",
    "type":"公園",
    "name":"蝙蝠洞公園",
    "dist":"瑞芳區",
    "loc":"台2線75k旁",
    "FIELD9":"",
    "FIELD10":null,
    "FIELD11":null
    }
  },
  {
    "type": "Feature",
    "geometry": {
       "type": "Point",
       "coordinates":  [ 121.8077602,25.1075427 ]
    },
    "properties": {
    "id":"NTP564",
    "city":"新北市",
    "type":"公園",
    "name":"區民廣場",
    "dist":"瑞芳區",
    "loc":"明燈路三段25號旁",
    "FIELD9":"",
    "FIELD10":null,
    "FIELD11":null
    }
  },
  {
    "type": "Feature",
    "geometry": {
       "type": "Point",
       "coordinates":  [ 121.8314297,24.8688195 ]
    },
    "properties": {
    "id":"NTP565",
    "city":"新北市",
    "type":"公園",
    "name":"榮興公園",
    "dist":"瑞芳區",
    "loc":"台2線71.5k",
    "FIELD9":"",
    "FIELD10":null,
    "FIELD11":null
    }
  },
  {
    "type": "Feature",
    "geometry": {
       "type": "Point",
       "coordinates":  [ 121.8292487,25.1206156 ]
    },
    "properties": {
    "id":"NTP566",
    "city":"新北市",
    "type":"公園",
    "name":"濱二路公園",
    "dist":"瑞芳區",
    "loc":"濱二路71-1號旁",
    "FIELD9":"",
    "FIELD10":null,
    "FIELD11":null
    }
  },
  {
    "type": "Feature",
    "geometry": {
       "type": "Point",
       "coordinates":  [ 120.353784,23.7609575 ]
    },
    "properties": {
    "id":"NTP567",
    "city":"新北市",
    "type":"公園",
    "name":"安德公園",
    "dist":"瑞芳區",
    "loc":"中山路266號旁",
    "FIELD9":"",
    "FIELD10":null,
    "FIELD11":null
    }
  },
  {
    "type": "Feature",
    "geometry": {
       "type": "Point",
       "coordinates":  [ 121.7626561,25.1021184 ]
    },
    "properties": {
    "id":"NTP568",
    "city":"新北市",
    "type":"公園",
    "name":"吉安兒童公園",
    "dist":"瑞芳區",
    "loc":"大埔路108-6號對面",
    "FIELD9":"",
    "FIELD10":null,
    "FIELD11":null
    }
  },
  {
    "type": "Feature",
    "geometry": {
       "type": "Point",
       "coordinates":  [ 121.8028696,25.1117394 ]
    },
    "properties": {
    "id":"NTP569",
    "city":"新北市",
    "type":"公園",
    "name":"龍山里休閒廣場(瑞芳都市計畫)",
    "dist":"瑞芳區",
    "loc":"逢甲路225號斜對面",
    "FIELD9":"",
    "FIELD10":null,
    "FIELD11":null
    }
  },
  {
    "type": "Feature",
    "geometry": {
       "type": "Point",
       "coordinates":  [ 121.8184926,25.1063382 ]
    },
    "properties": {
    "id":"NTP570",
    "city":"新北市",
    "type":"公園",
    "name":"瑞芳區立棒球場",
    "dist":"瑞芳區",
    "loc":"新柑橋右側橋台附近",
    "FIELD9":"",
    "FIELD10":null,
    "FIELD11":null
    }
  },
  {
    "type": "Feature",
    "geometry": {
       "type": "Point",
       "coordinates":  { }
    },
    "properties": {
    "id":"NTP571",
    "city":"新北市",
    "type":"公園",
    "name":"瑞芳運動公園",
    "dist":"瑞芳區",
    "loc":"瑞芳區員山子路",
    "FIELD9":"121.8216839",
    "FIELD10":25.1029573,
    "FIELD11":null
    }
  },
  {
    "type": "Feature",
    "geometry": {
       "type": "Point",
       "coordinates":  [ 121.8069209,25.1073089 ]
    },
    "properties": {
    "id":"NTP572",
    "city":"新北市",
    "type":"公園",
    "name":"建成公園",
    "dist":"瑞芳區",
    "loc":"瑞芳區中正路",
    "FIELD9":"",
    "FIELD10":null,
    "FIELD11":null
    }
  },
  {
    "type": "Feature",
    "geometry": {
       "type": "Point",
       "coordinates":  [ 121.7457452,25.132867 ]
    },
    "properties": {
    "id":"NTP573",
    "city":"新北市",
    "type":"公園",
    "name":"獅子公園",
    "dist":"萬里區",
    "loc":"西濱公路台二線52K處",
    "FIELD9":"",
    "FIELD10":null,
    "FIELD11":null
    }
  },
  {
    "type": "Feature",
    "geometry": {
       "type": "Point",
       "coordinates":  [ 144.3793876,43.2878278 ]
    },
    "properties": {
    "id":"NTP574",
    "city":"新北市",
    "type":"公園",
    "name":"中福觀光公園",
    "dist":"萬里區",
    "loc":"北28線1km旁",
    "FIELD9":"",
    "FIELD10":null,
    "FIELD11":null
    }
  },
  {
    "type": "Feature",
    "geometry": {
       "type": "Point",
       "coordinates":  [ 121.6878474,25.2041386 ]
    },
    "properties": {
    "id":"NTP575",
    "city":"新北市",
    "type":"公園",
    "name":"野柳休閒公園(公3)",
    "dist":"萬里區",
    "loc":"新北市萬里區野柳里港東路",
    "FIELD9":"",
    "FIELD10":null,
    "FIELD11":null
    }
  },
  {
    "type": "Feature",
    "geometry": {
       "type": "Point",
       "coordinates":  [ 121.6885776,25.1771044 ]
    },
    "properties": {
    "id":"NTP576",
    "city":"新北市",
    "type":"公園",
    "name":"瑪鋉公園(公兒一)",
    "dist":"萬里區",
    "loc":"瑪鍊路60-1號對面",
    "FIELD9":"",
    "FIELD10":null,
    "FIELD11":null
    }
  },
  {
    "type": "Feature",
    "geometry": {
       "type": "Point",
       "coordinates":  [ 121.6871768,25.1627188 ]
    },
    "properties": {
    "id":"NTP577",
    "city":"新北市",
    "type":"公園",
    "name":"萬里觀光公園(公一)",
    "dist":"萬里區",
    "loc":"中萬里加投段中幅子小段",
    "FIELD9":"",
    "FIELD10":null,
    "FIELD11":null
    }
  },
  {
    "type": "Feature",
    "geometry": {
       "type": "Point",
       "coordinates":  [ 121.6767882,25.1879429 ]
    },
    "properties": {
    "id":"NTP578",
    "city":"新北市",
    "type":"公園",
    "name":"螃蟹主題公園",
    "dist":"萬里區",
    "loc":"新北市萬里區龜吼里",
    "FIELD9":"",
    "FIELD10":null,
    "FIELD11":null
    }
  },
  {
    "type": "Feature",
    "geometry": {
       "type": "Point",
       "coordinates":  [ 121.6870782,25.1743611 ]
    },
    "properties": {
    "id":"NTP579",
    "city":"新北市",
    "type":"公園",
    "name":"瑪鋉運動公園",
    "dist":"萬里區",
    "loc":"新北市萬里區獅頭路",
    "FIELD9":"",
    "FIELD10":null,
    "FIELD11":null
    }
  },
  {
    "type": "Feature",
    "geometry": {
       "type": "Point",
       "coordinates":  [ 121.6924449,25.1794355 ]
    },
    "properties": {
    "id":"NTP580",
    "city":"新北市",
    "type":"公園",
    "name":"萬里幸福廣場",
    "dist":"萬里區",
    "loc":"新北市萬里區獅頭路15-8號(周邊)",
    "FIELD9":"",
    "FIELD10":null,
    "FIELD11":null
    }
  },
  {
    "type": "Feature",
    "geometry": {
       "type": "Point",
       "coordinates":  [ 121.6855483,25.2029972 ]
    },
    "properties": {
    "id":"NTP581",
    "city":"新北市",
    "type":"公園",
    "name":"野柳兒童遊戲場",
    "dist":"萬里區",
    "loc":"新北市萬里區港東路1-5號旁",
    "FIELD9":"",
    "FIELD10":null,
    "FIELD11":null
    }
  },
  {
    "type": "Feature",
    "geometry": {
       "type": "Point",
       "coordinates":  [ 121.4039196,25.0153971 ]
    },
    "properties": {
    "id":"NTP582",
    "city":"新北市",
    "type":"公園",
    "name":"中山公園",
    "dist":"樹林區",
    "loc":"龍興街59巷11號前",
    "FIELD9":"",
    "FIELD10":null,
    "FIELD11":null
    }
  },
  {
    "type": "Feature",
    "geometry": {
       "type": "Point",
       "coordinates":  [ 121.4099875,25.0175267 ]
    },
    "properties": {
    "id":"NTP583",
    "city":"新北市",
    "type":"公園",
    "name":"三龍公園",
    "dist":"樹林區",
    "loc":"三龍街14巷20號旁",
    "FIELD9":"",
    "FIELD10":null,
    "FIELD11":null
    }
  },
  {
    "type": "Feature",
    "geometry": {
       "type": "Point",
       "coordinates":  [ 121.4189351,24.9966477 ]
    },
    "properties": {
    "id":"NTP584",
    "city":"新北市",
    "type":"公園",
    "name":"潭底公園",
    "dist":"樹林區",
    "loc":"保安街一段285號（樹林戶政事務所旁）",
    "FIELD9":"",
    "FIELD10":null,
    "FIELD11":null
    }
  },
  {
    "type": "Feature",
    "geometry": {
       "type": "Point",
       "coordinates":  [ 121.4192589,24.9833253 ]
    },
    "properties": {
    "id":"NTP585",
    "city":"新北市",
    "type":"公園",
    "name":"大同公園(公14)",
    "dist":"樹林區",
    "loc":"太平路33巷8號(太平路33巷10號旁)",
    "FIELD9":"",
    "FIELD10":null,
    "FIELD11":null
    }
  },
  {
    "type": "Feature",
    "geometry": {
       "type": "Point",
       "coordinates":  { }
    },
    "properties": {
    "id":"NTP586",
    "city":"新北市",
    "type":"公園",
    "name":"長壽親子公園",
    "dist":"樹林區",
    "loc":"樹德街",
    "FIELD9":"24.9918729",
    "FIELD10":null,
    "FIELD11":null
    }
  },
  {
    "type": "Feature",
    "geometry": {
       "type": "Point",
       "coordinates":  [ 121.5198118,25.1123537 ]
    },
    "properties": {
    "id":"NTP587",
    "city":"新北市",
    "type":"公園",
    "name":"鎮前親子公園",
    "dist":"樹林區",
    "loc":"鎮前街東陽街口(東陽街1號旁)",
    "FIELD9":"",
    "FIELD10":null,
    "FIELD11":null
    }
  },
  {
    "type": "Feature",
    "geometry": {
       "type": "Point",
       "coordinates":  [ 121.4175185,24.9990207 ]
    },
    "properties": {
    "id":"NTP588",
    "city":"新北市",
    "type":"公園",
    "name":"民生公園",
    "dist":"樹林區",
    "loc":"保安市場旁(保安街一段)",
    "FIELD9":"",
    "FIELD10":null,
    "FIELD11":null
    }
  },
  {
    "type": "Feature",
    "geometry": {
       "type": "Point",
       "coordinates":  [ 121.4213095,24.9852846 ]
    },
    "properties": {
    "id":"NTP589",
    "city":"新北市",
    "type":"公園",
    "name":"和平親子公園",
    "dist":"樹林區",
    "loc":"新北市樹林區樹中街63號",
    "FIELD9":"",
    "FIELD10":null,
    "FIELD11":null
    }
  },
  {
    "type": "Feature",
    "geometry": {
       "type": "Point",
       "coordinates":  [ 121.3933368,24.9712829 ]
    },
    "properties": {
    "id":"NTP590",
    "city":"新北市",
    "type":"公園",
    "name":"山仔腳公園",
    "dist":"樹林區",
    "loc":"樹林地政事務所旁(地政街8巷10弄2號前)",
    "FIELD9":"",
    "FIELD10":null,
    "FIELD11":null
    }
  },
  {
    "type": "Feature",
    "geometry": {
       "type": "Point",
       "coordinates":  [ 121.3692687,24.9332116 ]
    },
    "properties": {
    "id":"NTP591",
    "city":"新北市",
    "type":"公園",
    "name":"民權公園",
    "dist":"樹林區",
    "loc":"民權街68號旁",
    "FIELD9":"",
    "FIELD10":null,
    "FIELD11":null
    }
  },
  {
    "type": "Feature",
    "geometry": {
       "type": "Point",
       "coordinates":  [ 121.4146724,25.0063705 ]
    },
    "properties": {
    "id":"NTP592",
    "city":"新北市",
    "type":"公園",
    "name":"光華公園(公六)",
    "dist":"樹林區",
    "loc":"保安街二段三多國中旁",
    "FIELD9":"",
    "FIELD10":null,
    "FIELD11":null
    }
  },
  {
    "type": "Feature",
    "geometry": {
       "type": "Point",
       "coordinates":  { }
    },
    "properties": {
    "id":"NTP593",
    "city":"新北市",
    "type":"公園",
    "name":"兒三公園(兒二)",
    "dist":"樹林區",
    "loc":"大成路",
    "FIELD9":"24.910196",
    "FIELD10":null,
    "FIELD11":null
    }
  },
  {
    "type": "Feature",
    "geometry": {
       "type": "Point",
       "coordinates":  { }
    },
    "properties": {
    "id":"NTP594",
    "city":"新北市",
    "type":"公園",
    "name":"萬坪公園（景觀休憩公園）",
    "dist":"樹林區",
    "loc":"佳園路三段",
    "FIELD9":"24.9488097",
    "FIELD10":null,
    "FIELD11":null
    }
  },
  {
    "type": "Feature",
    "geometry": {
       "type": "Point",
       "coordinates":  [ 121.4146724,25.0063705 ]
    },
    "properties": {
    "id":"NTP595",
    "city":"新北市",
    "type":"公園",
    "name":"獇寮公園",
    "dist":"樹林區",
    "loc":"保安街二段三多國中旁",
    "FIELD9":"",
    "FIELD10":null,
    "FIELD11":null
    }
  },
  {
    "type": "Feature",
    "geometry": {
       "type": "Point",
       "coordinates":  { }
    },
    "properties": {
    "id":"NTP596",
    "city":"新北市",
    "type":"公園",
    "name":"森林公園(兒二)",
    "dist":"樹林區",
    "loc":"大雅路學勤路口",
    "FIELD9":"",
    "FIELD10":null,
    "FIELD11":null
    }
  },
  {
    "type": "Feature",
    "geometry": {
       "type": "Point",
       "coordinates":  [ 121.4741575,25.0059747 ]
    },
    "properties": {
    "id":"NTP597",
    "city":"新北市",
    "type":"公園",
    "name":"鹿角溪公園(山佳公二)",
    "dist":"樹林區",
    "loc":"中山路三段129-6號右側",
    "FIELD9":"",
    "FIELD10":null,
    "FIELD11":null
    }
  },
  {
    "type": "Feature",
    "geometry": {
       "type": "Point",
       "coordinates":  { }
    },
    "properties": {
    "id":"NTP598",
    "city":"新北市",
    "type":"公園",
    "name":"樹林後站廣場",
    "dist":"樹林區",
    "loc":"後站街",
    "FIELD9":"",
    "FIELD10":null,
    "FIELD11":null
    }
  },
  {
    "type": "Feature",
    "geometry": {
       "type": "Point",
       "coordinates":  { }
    },
    "properties": {
    "id":"NTP599",
    "city":"新北市",
    "type":"公園",
    "name":"山佳車站廣場",
    "dist":"樹林區",
    "loc":"中山路三段",
    "FIELD9":"23.7008306",
    "FIELD10":null,
    "FIELD11":null
    }
  },
  {
    "type": "Feature",
    "geometry": {
       "type": "Point",
       "coordinates":  [ 121.7460172,25.1352322 ]
    },
    "properties": {
    "id":"NTP600",
    "city":"新北市",
    "type":"公園",
    "name":"中正陸橋下廣場",
    "dist":"樹林區",
    "loc":"千歲街中正陸橋下（中正路21-1號對面）",
    "FIELD9":"",
    "FIELD10":null,
    "FIELD11":null
    }
  },
  {
    "type": "Feature",
    "geometry": {
       "type": "Point",
       "coordinates":  [ 121.4165302,24.980972 ]
    },
    "properties": {
    "id":"NTP601",
    "city":"新北市",
    "type":"公園",
    "name":"太元公園(廣兼停)",
    "dist":"樹林區",
    "loc":"新北市樹林區太元街2巷",
    "FIELD9":"",
    "FIELD10":null,
    "FIELD11":null
    }
  },
  {
    "type": "Feature",
    "geometry": {
       "type": "Point",
       "coordinates":  [ 121.4158408,24.9857421 ]
    },
    "properties": {
    "id":"NTP602",
    "city":"新北市",
    "type":"公園",
    "name":"東昇公園(公兒三)",
    "dist":"樹林區",
    "loc":"新北市樹林區育林國小旁",
    "FIELD9":"",
    "FIELD10":null,
    "FIELD11":null
    }
  },
  {
    "type": "Feature",
    "geometry": {
       "type": "Point",
       "coordinates":  [ 121.4274041,24.97924 ]
    },
    "properties": {
    "id":"NTP603",
    "city":"新北市",
    "type":"公園",
    "name":"樹林體育園區(公21)",
    "dist":"樹林區",
    "loc":"新北市樹林區水源街81號",
    "FIELD9":"",
    "FIELD10":null,
    "FIELD11":null
    }
  },
  {
    "type": "Feature",
    "geometry": {
       "type": "Point",
       "coordinates":  [ 121.3917373,24.9695918 ]
    },
    "properties": {
    "id":"NTP604",
    "city":"新北市",
    "type":"公園",
    "name":"山佳公兒5",
    "dist":"樹林區",
    "loc":"樹林區佳園路一段72巷及育德街口",
    "FIELD9":"",
    "FIELD10":null,
    "FIELD11":null
    }
  },
  {
    "type": "Feature",
    "geometry": {
       "type": "Point",
       "coordinates":  [ 121.4218839,24.9796167 ]
    },
    "properties": {
    "id":"NTP605",
    "city":"新北市",
    "type":"公園",
    "name":"公15",
    "dist":"樹林區",
    "loc":"樹林區四維路與國凱街交叉口",
    "FIELD9":"",
    "FIELD10":null,
    "FIELD11":null
    }
  },
  {
    "type": "Feature",
    "geometry": {
       "type": "Point",
       "coordinates":  [ 121.4220804,24.9799977 ]
    },
    "properties": {
    "id":"NTP606",
    "city":"新北市",
    "type":"公園",
    "name":"彭福公園",
    "dist":"樹林區",
    "loc":"新北市樹林區國凱街65號旁",
    "FIELD9":"",
    "FIELD10":null,
    "FIELD11":null
    }
  },
  {
    "type": "Feature",
    "geometry": {
       "type": "Point",
       "coordinates":  [ 121.3900794,24.9693319 ]
    },
    "properties": {
    "id":"NTP607",
    "city":"新北市",
    "type":"公園",
    "name":"育德公園",
    "dist":"樹林區",
    "loc":"育德街與佳園路一段72巷交叉口",
    "FIELD9":"",
    "FIELD10":null,
    "FIELD11":null
    }
  },
  {
    "type": "Feature",
    "geometry": {
       "type": "Point",
       "coordinates":  [ 121.4194158,24.9730054 ]
    },
    "properties": {
    "id":"NTP608",
    "city":"新北市",
    "type":"公園",
    "name":"彭興親子公園",
    "dist":"樹林區",
    "loc":"環漢路5段與東豐街口",
    "FIELD9":"",
    "FIELD10":null,
    "FIELD11":null
    }
  },
  {
    "type": "Feature",
    "geometry": {
       "type": "Point",
       "coordinates":  [ 121.4088887,25.0135238 ]
    },
    "properties": {
    "id":"NTP609",
    "city":"新北市",
    "type":"公園",
    "name":"新北市武器公園",
    "dist":"樹林區",
    "loc":"樹林區忠義街25號",
    "FIELD9":"",
    "FIELD10":null,
    "FIELD11":null
    }
  },
  {
    "type": "Feature",
    "geometry": {
       "type": "Point",
       "coordinates":  [ 120.2850513,22.7145441 ]
    },
    "properties": {
    "id":"NTP610",
    "city":"新北市",
    "type":"公園",
    "name":"雙溪公園",
    "dist":"雙溪區",
    "loc":"泰昌街13號",
    "FIELD9":"",
    "FIELD10":null,
    "FIELD11":null
    }
  },
  {
    "type": "Feature",
    "geometry": {
       "type": "Point",
       "coordinates":  [ 120.5631211,23.5859541 ]
    },
    "properties": {
    "id":"NTP611",
    "city":"新北市",
    "type":"公園",
    "name":"雙溪兒童公園",
    "dist":"雙溪區",
    "loc":"東榮街54號(雙溪國小對面)",
    "FIELD9":"",
    "FIELD10":null,
    "FIELD11":null
    }
  },
  {
    "type": "Feature",
    "geometry": {
       "type": "Point",
       "coordinates":  { }
    },
    "properties": {
    "id":"NTP612",
    "city":"新北市",
    "type":"公園",
    "name":"三貂運動公園",
    "dist":"雙溪區",
    "loc":"三貂里牡丹派出所旁",
    "FIELD9":"25.0599282",
    "FIELD10":null,
    "FIELD11":null
    }
  },
  {
    "type": "Feature",
    "geometry": {
       "type": "Point",
       "coordinates":  [ 121.4615896,25.0811054 ]
    },
    "properties": {
    "id":"NTP613",
    "city":"新北市",
    "type":"公園",
    "name":"長安公園(公八)",
    "dist":"蘆洲區",
    "loc":"長安街102號",
    "FIELD9":"",
    "FIELD10":null,
    "FIELD11":null
    }
  },
  {
    "type": "Feature",
    "geometry": {
       "type": "Point",
       "coordinates":  [ 121.4745311,25.0117125 ]
    },
    "properties": {
    "id":"NTP614",
    "city":"新北市",
    "type":"公園",
    "name":"永康公園(公七)",
    "dist":"蘆洲區",
    "loc":"長安街204號",
    "FIELD9":"",
    "FIELD10":null,
    "FIELD11":null
    }
  },
  {
    "type": "Feature",
    "geometry": {
       "type": "Point",
       "coordinates":  [ 121.4603312,25.0901405 ]
    },
    "properties": {
    "id":"NTP615",
    "city":"新北市",
    "type":"公園",
    "name":"永平公園(公五)",
    "dist":"蘆洲區",
    "loc":"永平街1號旁",
    "FIELD9":"",
    "FIELD10":null,
    "FIELD11":null
    }
  },
  {
    "type": "Feature",
    "geometry": {
       "type": "Point",
       "coordinates":  [ 121.4663001,25.0793949 ]
    },
    "properties": {
    "id":"NTP616",
    "city":"新北市",
    "type":"公園",
    "name":"九芎公園(公九)",
    "dist":"蘆洲區",
    "loc":"九芎街與和平路121巷交叉口",
    "FIELD9":"",
    "FIELD10":null,
    "FIELD11":null
    }
  },
  {
    "type": "Feature",
    "geometry": {
       "type": "Point",
       "coordinates":  [ 121.4600058,25.0941464 ]
    },
    "properties": {
    "id":"NTP617",
    "city":"新北市",
    "type":"公園",
    "name":"三民公園(公四)",
    "dist":"蘆洲區",
    "loc":"三民路611號",
    "FIELD9":"",
    "FIELD10":null,
    "FIELD11":null
    }
  },
  {
    "type": "Feature",
    "geometry": {
       "type": "Point",
       "coordinates":  [ 121.4815427,25.0836166 ]
    },
    "properties": {
    "id":"NTP618",
    "city":"新北市",
    "type":"公園",
    "name":"尼加拉瓜公園(公兒三)",
    "dist":"蘆洲區",
    "loc":"集賢路269巷旁",
    "FIELD9":"",
    "FIELD10":null,
    "FIELD11":null
    }
  },
  {
    "type": "Feature",
    "geometry": {
       "type": "Point",
       "coordinates":  [ 121.4837995,25.0846993 ]
    },
    "properties": {
    "id":"NTP619",
    "city":"新北市",
    "type":"公園",
    "name":"三蘆公園(公兒二)",
    "dist":"蘆洲區",
    "loc":"永安北路二段76巷底",
    "FIELD9":"",
    "FIELD10":null,
    "FIELD11":null
    }
  },
  {
    "type": "Feature",
    "geometry": {
       "type": "Point",
       "coordinates":  [ 121.4819388,25.0813855 ]
    },
    "properties": {
    "id":"NTP620",
    "city":"新北市",
    "type":"公園",
    "name":"永安兒童公園(公兒四)",
    "dist":"蘆洲區",
    "loc":"永安北路2段與重陽1街交叉口",
    "FIELD9":"",
    "FIELD10":null,
    "FIELD11":null
    }
  },
  {
    "type": "Feature",
    "geometry": {
       "type": "Point",
       "coordinates":  [ 121.4830085,25.0860919 ]
    },
    "properties": {
    "id":"NTP621",
    "city":"新北市",
    "type":"公園",
    "name":"重陽公園(公兒一)",
    "dist":"蘆洲區",
    "loc":"重陽街與集賢路221巷",
    "FIELD9":"",
    "FIELD10":null,
    "FIELD11":null
    }
  },
  {
    "type": "Feature",
    "geometry": {
       "type": "Point",
       "coordinates":  [ 121.4625149,25.0885717 ]
    },
    "properties": {
    "id":"NTP622",
    "city":"新北市",
    "type":"公園",
    "name":"柳堤公園(公十二)",
    "dist":"蘆洲區",
    "loc":"光榮路及長榮路交叉路口",
    "FIELD9":"",
    "FIELD10":null,
    "FIELD11":null
    }
  },
  {
    "type": "Feature",
    "geometry": {
       "type": "Point",
       "coordinates":  [ 121.4643708,25.084337 ]
    },
    "properties": {
    "id":"NTP623",
    "city":"新北市",
    "type":"公園",
    "name":"中原公園(公十三)",
    "dist":"蘆洲區",
    "loc":"長興路50巷與長樂路交叉口",
    "FIELD9":"",
    "FIELD10":null,
    "FIELD11":null
    }
  },
  {
    "type": "Feature",
    "geometry": {
       "type": "Point",
       "coordinates":  { }
    },
    "properties": {
    "id":"NTP624",
    "city":"新北市",
    "type":"公園",
    "name":"正義公園(公十四)",
    "dist":"蘆洲區",
    "loc":"中原路13巷及20巷間",
    "FIELD9":"",
    "FIELD10":null,
    "FIELD11":null
    }
  },
  {
    "type": "Feature",
    "geometry": {
       "type": "Point",
       "coordinates":  { }
    },
    "properties": {
    "id":"NTP625",
    "city":"新北市",
    "type":"公園",
    "name":"彩虹兒童公園(兒十)",
    "dist":"蘆洲區",
    "loc":"光榮路120巷及光明路交叉口",
    "FIELD9":"",
    "FIELD10":null,
    "FIELD11":null
    }
  },
  {
    "type": "Feature",
    "geometry": {
       "type": "Point",
       "coordinates":  [ 121.4586612,25.0874435 ]
    },
    "properties": {
    "id":"NTP626",
    "city":"新北市",
    "type":"公園",
    "name":"大地兒童公園(兒十一)",
    "dist":"蘆洲區",
    "loc":"永樂街27巷與31巷間",
    "FIELD9":"",
    "FIELD10":null,
    "FIELD11":null
    }
  },
  {
    "type": "Feature",
    "geometry": {
       "type": "Point",
       "coordinates":  [ 120.9777595,23.9740053 ]
    },
    "properties": {
    "id":"NTP627",
    "city":"新北市",
    "type":"公園",
    "name":"溪墘公園(公三)",
    "dist":"蘆洲區",
    "loc":"信義路61號",
    "FIELD9":"",
    "FIELD10":null,
    "FIELD11":null
    }
  },
  {
    "type": "Feature",
    "geometry": {
       "type": "Point",
       "coordinates":  [ 121.4704786,25.0903577 ]
    },
    "properties": {
    "id":"NTP628",
    "city":"新北市",
    "type":"公園",
    "name":"仁愛公園(公十五)",
    "dist":"蘆洲區",
    "loc":"水湳街76號旁",
    "FIELD9":"",
    "FIELD10":null,
    "FIELD11":null
    }
  },
  {
    "type": "Feature",
    "geometry": {
       "type": "Point",
       "coordinates":  [ 121.468343,25.0820308 ]
    },
    "properties": {
    "id":"NTP629",
    "city":"新北市",
    "type":"公園",
    "name":"中路兒童公園(兒八)",
    "dist":"蘆洲區",
    "loc":"光華路73巷26號",
    "FIELD9":"",
    "FIELD10":null,
    "FIELD11":null
    }
  },
  {
    "type": "Feature",
    "geometry": {
       "type": "Point",
       "coordinates":  [ 121.4645412,25.0917337 ]
    },
    "properties": {
    "id":"NTP630",
    "city":"新北市",
    "type":"公園",
    "name":"捷運公園",
    "dist":"蘆洲區",
    "loc":"長榮路口以南至捷運蘆洲站",
    "FIELD9":"",
    "FIELD10":null,
    "FIELD11":null
    }
  },
  {
    "type": "Feature",
    "geometry": {
       "type": "Point",
       "coordinates":  [ 121.4737477,25.0974878 ]
    },
    "properties": {
    "id":"NTP631",
    "city":"新北市",
    "type":"公園",
    "name":"環河公園",
    "dist":"蘆洲區",
    "loc":"長榮路口以北至環堤大道",
    "FIELD9":"",
    "FIELD10":null,
    "FIELD11":null
    }
  },
  {
    "type": "Feature",
    "geometry": {
       "type": "Point",
       "coordinates":  [ 121.458132,25.084956 ]
    },
    "properties": {
    "id":"NTP632",
    "city":"新北市",
    "type":"公園",
    "name":"成功廣場(廣三)",
    "dist":"蘆洲區",
    "loc":"長安街222號",
    "FIELD9":"",
    "FIELD10":null,
    "FIELD11":null
    }
  },
  {
    "type": "Feature",
    "geometry": {
       "type": "Point",
       "coordinates":  [ 121.4603312,25.0901405 ]
    },
    "properties": {
    "id":"NTP633",
    "city":"新北市",
    "type":"公園",
    "name":"永平廣場(廣一)",
    "dist":"蘆洲區",
    "loc":"永平街1號",
    "FIELD9":"",
    "FIELD10":null,
    "FIELD11":null
    }
  },
  {
    "type": "Feature",
    "geometry": {
       "type": "Point",
       "coordinates":  [ 121.4704786,25.0903577 ]
    },
    "properties": {
    "id":"NTP634",
    "city":"新北市",
    "type":"公園",
    "name":"仁愛廣場(人廣一)",
    "dist":"蘆洲區",
    "loc":"水湳街76號",
    "FIELD9":"",
    "FIELD10":null,
    "FIELD11":null
    }
  },
  {
    "type": "Feature",
    "geometry": {
       "type": "Point",
       "coordinates":  [ 121.4634598,25.1359812 ]
    },
    "properties": {
    "id":"NTP635",
    "city":"新北市",
    "type":"公園",
    "name":"鷺江廣場(人廣二)",
    "dist":"蘆洲區",
    "loc":"民族路33巷",
    "FIELD9":"",
    "FIELD10":null,
    "FIELD11":null
    }
  },
  {
    "type": "Feature",
    "geometry": {
       "type": "Point",
       "coordinates":  { }
    },
    "properties": {
    "id":"NTP636",
    "city":"新北市",
    "type":"公園",
    "name":"中山廣場(人廣三)",
    "dist":"蘆洲區",
    "loc":"中央路與中央路9巷",
    "FIELD9":"121.4267558",
    "FIELD10":25.042982,
    "FIELD11":null
    }
  },
  {
    "type": "Feature",
    "geometry": {
       "type": "Point",
       "coordinates":  { }
    },
    "properties": {
    "id":"NTP637",
    "city":"新北市",
    "type":"公園",
    "name":"三角綠地",
    "dist":"蘆洲區",
    "loc":"中山一",
    "FIELD9":"22.6106824",
    "FIELD10":null,
    "FIELD11":null
    }
  },
  {
    "type": "Feature",
    "geometry": {
       "type": "Point",
       "coordinates":  [ 121.4738221,25.0846613 ]
    },
    "properties": {
    "id":"NTP638",
    "city":"新北市",
    "type":"公園",
    "name":"蘆洲公園(公一)",
    "dist":"蘆洲區",
    "loc":"蘆洲區三民路95號對面(蘆洲區公所對面)",
    "FIELD9":"",
    "FIELD10":null,
    "FIELD11":null
    }
  },
  {
    "type": "Feature",
    "geometry": {
       "type": "Point",
       "coordinates":  [ 121.4586269,25.0882283 ]
    },
    "properties": {
    "id":"NTP639",
    "city":"新北市",
    "type":"公園",
    "name":"大地兒童公園(兒十一)",
    "dist":"蘆洲區",
    "loc":"蘆洲區永樂街27巷與永樂街交叉口",
    "FIELD9":"",
    "FIELD10":null,
    "FIELD11":null
    }
  },
  {
    "type": "Feature",
    "geometry": {
       "type": "Point",
       "coordinates":  [ 121.4679131,25.0821621 ]
    },
    "properties": {
    "id":"NTP640",
    "city":"新北市",
    "type":"公園",
    "name":"中路公園擴建(兒八)",
    "dist":"蘆洲區",
    "loc":"蘆洲區光華路87巷底",
    "FIELD9":"",
    "FIELD10":null,
    "FIELD11":null
    }
  },
  {
    "type": "Feature",
    "geometry": {
       "type": "Point",
       "coordinates":  [ 121.4809841,25.0887108 ]
    },
    "properties": {
    "id":"NTP641",
    "city":"新北市",
    "type":"公園",
    "name":"兒五樓厝公園(兒五)",
    "dist":"蘆洲區",
    "loc":"蘆洲區民族路236巷34弄",
    "FIELD9":"",
    "FIELD10":null,
    "FIELD11":null
    }
  },
  {
    "type": "Feature",
    "geometry": {
       "type": "Point",
       "coordinates":  [ 121.4781796,25.083185 ]
    },
    "properties": {
    "id":"NTP642",
    "city":"新北市",
    "type":"公園",
    "name":"九三親子公園(公十)",
    "dist":"蘆洲區",
    "loc":"蘆洲區三民路26巷40號旁",
    "FIELD9":"",
    "FIELD10":null,
    "FIELD11":null
    }
  },
  {
    "type": "Feature",
    "geometry": {
       "type": "Point",
       "coordinates":  [ 121.4749949,25.0902956 ]
    },
    "properties": {
    "id":"NTP643",
    "city":"新北市",
    "type":"公園",
    "name":"兒四公園(兒四)",
    "dist":"蘆洲區",
    "loc":"蘆洲區民族路327巷及民族路255巷交叉口",
    "FIELD9":"",
    "FIELD10":null,
    "FIELD11":null
    }
  },
  {
    "type": "Feature",
    "geometry": {
       "type": "Point",
       "coordinates":  [ 121.4764911,25.0794965 ]
    },
    "properties": {
    "id":"NTP644",
    "city":"新北市",
    "type":"公園",
    "name":"兒九公園(兒九)",
    "dist":"蘆洲區",
    "loc":"蘆洲區信義路與民生街交叉口",
    "FIELD9":"",
    "FIELD10":null,
    "FIELD11":null
    }
  },
  {
    "type": "Feature",
    "geometry": {
       "type": "Point",
       "coordinates":  [ 121.4709416,25.0933459 ]
    },
    "properties": {
    "id":"NTP645",
    "city":"新北市",
    "type":"公園",
    "name":"兒一環保公園(兒一)",
    "dist":"蘆洲區",
    "loc":"蘆洲區仁愛街77巷底",
    "FIELD9":"",
    "FIELD10":null,
    "FIELD11":null
    }
  },
  {
    "type": "Feature",
    "geometry": {
       "type": "Point",
       "coordinates":  [ 121.4809841,25.0887108 ]
    },
    "properties": {
    "id":"NTP646",
    "city":"新北市",
    "type":"公園",
    "name":"公五公園(公兒五)",
    "dist":"蘆洲區",
    "loc":"蘆洲區復興路258巷及民族路236巷交界處",
    "FIELD9":"",
    "FIELD10":null,
    "FIELD11":null
    }
  },
  {
    "type": "Feature",
    "geometry": {
       "type": "Point",
       "coordinates":  [ 121.3469657,24.9533969 ]
    },
    "properties": {
    "id":"NTP647",
    "city":"新北市",
    "type":"公園",
    "name":"三號公園(公三)",
    "dist":"鶯歌區",
    "loc":"建國路與育英街口",
    "FIELD9":"",
    "FIELD10":null,
    "FIELD11":null
    }
  },
  {
    "type": "Feature",
    "geometry": {
       "type": "Point",
       "coordinates":  [ 121.2818859,24.9649152 ]
    },
    "properties": {
    "id":"NTP648",
    "city":"新北市",
    "type":"公園",
    "name":"北鶯公園",
    "dist":"鶯歌區",
    "loc":"成功街20巷內",
    "FIELD9":"",
    "FIELD10":null,
    "FIELD11":null
    }
  },
  {
    "type": "Feature",
    "geometry": {
       "type": "Point",
       "coordinates":  [ 121.334826,24.969172 ]
    },
    "properties": {
    "id":"NTP649",
    "city":"新北市",
    "type":"公園",
    "name":"鳳鳴公園",
    "dist":"鶯歌區",
    "loc":"鳳鳴街(鳳鳴國小旁)",
    "FIELD9":"",
    "FIELD10":null,
    "FIELD11":null
    }
  },
  {
    "type": "Feature",
    "geometry": {
       "type": "Point",
       "coordinates":  { }
    },
    "properties": {
    "id":"NTP650",
    "city":"新北市",
    "type":"公園",
    "name":"地標公園(公七)",
    "dist":"鶯歌區",
    "loc":"永明街與國華路口",
    "FIELD9":"",
    "FIELD10":null,
    "FIELD11":null
    }
  },
  {
    "type": "Feature",
    "geometry": {
       "type": "Point",
       "coordinates":  [ 121.3467634,24.9478723 ]
    },
    "properties": {
    "id":"NTP651",
    "city":"新北市",
    "type":"公園",
    "name":"尖山公園",
    "dist":"鶯歌區",
    "loc":"尖山路137巷內",
    "FIELD9":"",
    "FIELD10":null,
    "FIELD11":null
    }
  },
  {
    "type": "Feature",
    "geometry": {
       "type": "Point",
       "coordinates":  [ 120.2945637,23.1320829 ]
    },
    "properties": {
    "id":"NTP652",
    "city":"新北市",
    "type":"公園",
    "name":"西鶯公園",
    "dist":"鶯歌區",
    "loc":"中山路198號加油站後方",
    "FIELD9":"",
    "FIELD10":null,
    "FIELD11":null
    }
  },
  {
    "type": "Feature",
    "geometry": {
       "type": "Point",
       "coordinates":  [ 121.3448366,24.9492676 ]
    },
    "properties": {
    "id":"NTP653",
    "city":"新北市",
    "type":"公園",
    "name":"尖二公園(公兒二)",
    "dist":"鶯歌區",
    "loc":"尖山路166巷旁",
    "FIELD9":"",
    "FIELD10":null,
    "FIELD11":null
    }
  },
  {
    "type": "Feature",
    "geometry": {
       "type": "Point",
       "coordinates":  [ 121.3359117,24.961294 ]
    },
    "properties": {
    "id":"NTP654",
    "city":"新北市",
    "type":"公園",
    "name":"永吉公園(鳳鳴公二)",
    "dist":"鶯歌區",
    "loc":"新北市鶯歌區鶯桃路296巷",
    "FIELD9":"",
    "FIELD10":null,
    "FIELD11":null
    }
  },
  {
    "type": "Feature",
    "geometry": {
       "type": "Point",
       "coordinates":  [ 121.3394131,24.9574246 ]
    },
    "properties": {
    "id":"NTP655",
    "city":"新北市",
    "type":"公園",
    "name":"昌福公園(公兒一)",
    "dist":"鶯歌區",
    "loc":"新北市鶯歌區鶯桃路182巷96弄",
    "FIELD9":"",
    "FIELD10":null,
    "FIELD11":null
    }
  },
  {
    "type": "Feature",
    "geometry": {
       "type": "Point",
       "coordinates":  [ 121.3378505,24.9398009 ]
    },
    "properties": {
    "id":"NTP656",
    "city":"新北市",
    "type":"公園",
    "name":"公兒五公園(公兒五)",
    "dist":"鶯歌區",
    "loc":"新北市鶯歌區公園街11號",
    "FIELD9":"",
    "FIELD10":null,
    "FIELD11":null
    }
  },
  {
    "type": "Feature",
    "geometry": {
       "type": "Point",
       "coordinates":  [ 121.3312735,24.9637106 ]
    },
    "properties": {
    "id":"NTP657",
    "city":"新北市",
    "type":"公園",
    "name":"鳳祥公園(鳳鳴公兒三)",
    "dist":"鶯歌區",
    "loc":"新北市鶯歌區鶯桃路413巷",
    "FIELD9":"",
    "FIELD10":null,
    "FIELD11":null
    }
  },
  {
    "type": "Feature",
    "geometry": {
       "type": "Point",
       "coordinates":  [ 121.329102,24.9754836 ]
    },
    "properties": {
    "id":"NTP658",
    "city":"新北市",
    "type":"公園",
    "name":"鳳福公園(鳳鳴細兒一)",
    "dist":"鶯歌區",
    "loc":"新北市鶯歌區鳳福路及鳳鳴路交叉口（鳳福市民活動中心旁）",
    "FIELD9":"",
    "FIELD10":null,
    "FIELD11":null
    }
  },
  {
    "type": "Feature",
    "geometry": {
       "type": "Point",
       "coordinates":  [ 121.3408734,24.9419976 ]
    },
    "properties": {
    "id":"NTP659",
    "city":"新北市",
    "type":"公園",
    "name":"尖福公園(公兒四)",
    "dist":"鶯歌區",
    "loc":"新北市鶯歌區高職東街19巷",
    "FIELD9":"",
    "FIELD10":null,
    "FIELD11":null
    }
  },
  {
    "type": "Feature",
    "geometry": {
       "type": "Point",
       "coordinates":  [ 121.3576716,24.9513325 ]
    },
    "properties": {
    "id":"NTP660",
    "city":"新北市",
    "type":"公園",
    "name":"鶯歌國民運動中心",
    "dist":"鶯歌區",
    "loc":"鶯歌區館前路250號",
    "FIELD9":"",
    "FIELD10":null,
    "FIELD11":null
    }
  },
  {
    "type": "Feature",
    "geometry": {
       "type": "Point",
       "coordinates":  [ 121.794931,25.041654 ]
    },
    "properties": {
    "id":"NTP661",
    "city":"新北市",
    "type":"公園",
    "name":"十分瀑布公園",
    "dist":"平溪區",
    "loc":"新北市平溪區南山里乾坑10號",
    "FIELD9":"",
    "FIELD10":null,
    "FIELD11":null
    }
  },
  {
    "type": "Feature",
    "geometry": {
       "type": "Point",
       "coordinates":  [ 121.7755193,25.0421782 ]
    },
    "properties": {
    "id":"NTP662",
    "city":"新北市",
    "type":"公園",
    "name":"十分公園",
    "dist":"平溪區",
    "loc":"新北市平溪區十分街66巷1號",
    "FIELD9":"",
    "FIELD10":null,
    "FIELD11":null
    }
  },
  {
    "type": "Feature",
    "geometry": {
       "type": "Point",
       "coordinates":  [ 121.4966961,25.25291007 ]
    },
    "properties": {
    "id":"NTSC1",
    "city":"新北市",
    "type":"學校",
    "name":"馬偕醫學大學",
    "dist":"三芝區",
    "loc":"新北市三芝區古庄里1鄰中正路三段46號",
    "FIELD9":"",
    "FIELD10":null,
    "FIELD11":null
    }
  },
  {
    "type": "Feature",
    "geometry": {
       "type": "Point",
       "coordinates":  [ 121.4982557,25.25038993 ]
    },
    "properties": {
    "id":"NTSC2",
    "city":"新北市",
    "type":"學校",
    "name":"馬偕醫護管理專科學校三芝校區",
    "dist":"三芝區",
    "loc":"新北市三芝區古庄里1鄰中正路三段42號",
    "FIELD9":"",
    "FIELD10":null,
    "FIELD11":null
    }
  },
  {
    "type": "Feature",
    "geometry": {
       "type": "Point",
       "coordinates":  [ 121.3731529,24.94513597 ]
    },
    "properties": {
    "id":"NTSC3",
    "city":"新北市",
    "type":"學校",
    "name":"國立臺北大學三峽校區",
    "dist":"三峽區",
    "loc":"新北市三峽區龍恩里23鄰大學路151號",
    "FIELD9":"",
    "FIELD10":null,
    "FIELD11":null
    }
  },
  {
    "type": "Feature",
    "geometry": {
       "type": "Point",
       "coordinates":  [ 121.456432,24.97352891 ]
    },
    "properties": {
    "id":"NTSC4",
    "city":"新北市",
    "type":"學校",
    "name":"宏國德霖科技大學",
    "dist":"土城區",
    "loc":"新北市土城區清化里1鄰青雲路380巷1號",
    "FIELD9":"",
    "FIELD10":null,
    "FIELD11":null
    }
  },
  {
    "type": "Feature",
    "geometry": {
       "type": "Point",
       "coordinates":  [ 121.5077381,24.98057981 ]
    },
    "properties": {
    "id":"NTSC5",
    "city":"新北市",
    "type":"學校",
    "name":"華夏科技大學",
    "dist":"中和區",
    "loc":"新北市中和區華新里44鄰工專路111號",
    "FIELD9":"",
    "FIELD10":null,
    "FIELD11":null
    }
  },
  {
    "type": "Feature",
    "geometry": {
       "type": "Point",
       "coordinates":  [ 121.6917668,24.97869174 ]
    },
    "properties": {
    "id":"NTSC6",
    "city":"新北市",
    "type":"學校",
    "name":"華梵大學",
    "dist":"石碇區",
    "loc":"新北市石碇區豐田里4鄰華梵路1號",
    "FIELD9":"",
    "FIELD10":null,
    "FIELD11":null
    }
  },
  {
    "type": "Feature",
    "geometry": {
       "type": "Point",
       "coordinates":  [ 121.3979547,25.06793242 ]
    },
    "properties": {
    "id":"NTSC7",
    "city":"新北市",
    "type":"學校",
    "name":"國立臺灣師範大學林口校區",
    "dist":"林口區",
    "loc":"新北市林口區林口里2鄰仁愛路一段2號",
    "FIELD9":"",
    "FIELD10":null,
    "FIELD11":null
    }
  },
  {
    "type": "Feature",
    "geometry": {
       "type": "Point",
       "coordinates":  [ 121.3976951,25.08034069 ]
    },
    "properties": {
    "id":"NTSC8",
    "city":"新北市",
    "type":"學校",
    "name":"醒吾科技大學",
    "dist":"林口區",
    "loc":"新北市林口區東林里18鄰粉寮路一段101號",
    "FIELD9":"",
    "FIELD10":null,
    "FIELD11":null
    }
  },
  {
    "type": "Feature",
    "geometry": {
       "type": "Point",
       "coordinates":  [ 121.4531023,24.99517115 ]
    },
    "properties": {
    "id":"NTSC9",
    "city":"新北市",
    "type":"學校",
    "name":"亞東科技大學",
    "dist":"板橋區",
    "loc":"新北市板橋區華東里18鄰四川路二段58號",
    "FIELD9":"",
    "FIELD10":null,
    "FIELD11":null
    }
  },
  {
    "type": "Feature",
    "geometry": {
       "type": "Point",
       "coordinates":  [ 121.4651591,25.020967 ]
    },
    "properties": {
    "id":"NTSC10",
    "city":"新北市",
    "type":"學校",
    "name":"致理科技大學",
    "dist":"板橋區",
    "loc":"新北市板橋區忠誠里1鄰文化路一段313號",
    "FIELD9":"",
    "FIELD10":null,
    "FIELD11":null
    }
  },
  {
    "type": "Feature",
    "geometry": {
       "type": "Point",
       "coordinates":  [ 121.4475609,25.005883 ]
    },
    "properties": {
    "id":"NTSC11",
    "city":"新北市",
    "type":"學校",
    "name":"國立臺灣藝術大學",
    "dist":"板橋區",
    "loc":"新北市板橋區浮洲里15鄰大觀路一段59號",
    "FIELD9":"",
    "FIELD10":null,
    "FIELD11":null
    }
  },
  {
    "type": "Feature",
    "geometry": {
       "type": "Point",
       "coordinates":  [ 121.4497468,25.00783544 ]
    },
    "properties": {
    "id":"NTSC12",
    "city":"新北市",
    "type":"學校",
    "name":"國立臺灣藝術大學古蹟藝術修護學系",
    "dist":"板橋區",
    "loc":"新北市板橋區浮洲里23鄰大觀路一段33巷3號",
    "FIELD9":"",
    "FIELD10":null,
    "FIELD11":null
    }
  },
  {
    "type": "Feature",
    "geometry": {
       "type": "Point",
       "coordinates":  [ 121.6151644,25.24111134 ]
    },
    "properties": {
    "id":"NTSC13",
    "city":"新北市",
    "type":"學校",
    "name":"私立法鼓山僧伽大學",
    "dist":"金山區",
    "loc":"新北市金山區三界里7鄰法鼓路555號",
    "FIELD9":"",
    "FIELD10":null,
    "FIELD11":null
    }
  },
  {
    "type": "Feature",
    "geometry": {
       "type": "Point",
       "coordinates":  [ 121.6168199,25.24538928 ]
    },
    "properties": {
    "id":"NTSC14",
    "city":"新北市",
    "type":"學校",
    "name":"法鼓文理學院",
    "dist":"金山區",
    "loc":"新北市金山區西湖里4鄰法鼓路700號",
    "FIELD9":"",
    "FIELD10":null,
    "FIELD11":null
    }
  },
  {
    "type": "Feature",
    "geometry": {
       "type": "Point",
       "coordinates":  [ 121.4222587,25.04059736 ]
    },
    "properties": {
    "id":"NTSC15",
    "city":"新北市",
    "type":"學校",
    "name":"明志科技大學",
    "dist":"泰山區",
    "loc":"新北市泰山區貴子里9鄰工專路84號",
    "FIELD9":"",
    "FIELD10":null,
    "FIELD11":null
    }
  },
  {
    "type": "Feature",
    "geometry": {
       "type": "Point",
       "coordinates":  [ 121.4196183,25.06589922 ]
    },
    "properties": {
    "id":"NTSC16",
    "city":"新北市",
    "type":"學校",
    "name":"黎明技術學院",
    "dist":"泰山區",
    "loc":"新北市泰山區黎明里3鄰泰林路三段22號",
    "FIELD9":"",
    "FIELD10":null,
    "FIELD11":null
    }
  },
  {
    "type": "Feature",
    "geometry": {
       "type": "Point",
       "coordinates":  [ 121.4258587,25.19217307 ]
    },
    "properties": {
    "id":"NTSC17",
    "city":"新北市",
    "type":"學校",
    "name":"台北海洋科技大學淡水校區",
    "dist":"淡水區",
    "loc":"新北市淡水區沙崙里8鄰濱海路三段150號",
    "FIELD9":"",
    "FIELD10":null,
    "FIELD11":null
    }
  },
  {
    "type": "Feature",
    "geometry": {
       "type": "Point",
       "coordinates":  [ 121.4346004,25.17555122 ]
    },
    "properties": {
    "id":"NTSC18",
    "city":"新北市",
    "type":"學校",
    "name":"真理大學台北校區",
    "dist":"淡水區",
    "loc":"新北市淡水區文化里12鄰真理街32號",
    "FIELD9":"",
    "FIELD10":null,
    "FIELD11":null
    }
  },
  {
    "type": "Feature",
    "geometry": {
       "type": "Point",
       "coordinates":  [ 121.4470908,25.17382163 ]
    },
    "properties": {
    "id":"NTSC19",
    "city":"新北市",
    "type":"學校",
    "name":"淡江大學淡水校園",
    "dist":"淡水區",
    "loc":"新北市淡水區中興里6鄰英專路151號",
    "FIELD9":"",
    "FIELD10":null,
    "FIELD11":null
    }
  },
  {
    "type": "Feature",
    "geometry": {
       "type": "Point",
       "coordinates":  [ 121.4511558,25.22728686 ]
    },
    "properties": {
    "id":"NTSC20",
    "city":"新北市",
    "type":"學校",
    "name":"聖約翰科技大學",
    "dist":"淡水區",
    "loc":"新北市淡水區賢孝里4鄰淡金路四段499號",
    "FIELD9":"",
    "FIELD10":null,
    "FIELD11":null
    }
  },
  {
    "type": "Feature",
    "geometry": {
       "type": "Point",
       "coordinates":  [ 121.6035063,25.00313574 ]
    },
    "properties": {
    "id":"NTSC21",
    "city":"新北市",
    "type":"學校",
    "name":"東南科技大學",
    "dist":"深坑區",
    "loc":"新北市深坑區萬福里4鄰北深路三段152號",
    "FIELD9":"",
    "FIELD10":null,
    "FIELD11":null
    }
  },
  {
    "type": "Feature",
    "geometry": {
       "type": "Point",
       "coordinates":  [ 121.5370214,24.97706386 ]
    },
    "properties": {
    "id":"NTSC22",
    "city":"新北市",
    "type":"學校",
    "name":"耕莘健康管理專科學校新店校區",
    "dist":"新店區",
    "loc":"新北市新店區百和里14鄰民族路112號",
    "FIELD9":"",
    "FIELD10":null,
    "FIELD11":null
    }
  },
  {
    "type": "Feature",
    "geometry": {
       "type": "Point",
       "coordinates":  [ 121.5093311,24.95298133 ]
    },
    "properties": {
    "id":"NTSC23",
    "city":"新北市",
    "type":"學校",
    "name":"景文科技大學",
    "dist":"新店區",
    "loc":"新北市新店區公崙里37鄰安忠路99號",
    "FIELD9":"",
    "FIELD10":null,
    "FIELD11":null
    }
  },
  {
    "type": "Feature",
    "geometry": {
       "type": "Point",
       "coordinates":  [ 121.4343283,25.0327439 ]
    },
    "properties": {
    "id":"NTSC24",
    "city":"新北市",
    "type":"學校",
    "name":"輔仁大學",
    "dist":"新莊區",
    "loc":"新北市新莊區營盤里19鄰中正路510號",
    "FIELD9":"",
    "FIELD10":null,
    "FIELD11":null
    }
  },
  {
    "type": "Feature",
    "geometry": {
       "type": "Point",
       "coordinates":  [ 121.4680332,25.08686056 ]
    },
    "properties": {
    "id":"NTSC25",
    "city":"新北市",
    "type":"學校",
    "name":"國立空中大學",
    "dist":"蘆洲區",
    "loc":"新北市蘆洲區保佑里18鄰中正路172號",
    "FIELD9":"",
    "FIELD10":null,
    "FIELD11":null
    }
  },
  {
    "type": "Feature",
    "geometry": {
       "type": "Point",
       "coordinates":  [ 121.4680332,25.08686056 ]
    },
    "properties": {
    "id":"NTSC26",
    "city":"新北市",
    "type":"學校",
    "name":"國立空中大學北二中心",
    "dist":"蘆洲區",
    "loc":"新北市蘆洲區保佑里18鄰中正路172號",
    "FIELD9":"",
    "FIELD10":null,
    "FIELD11":null
    }
  },
  {
    "type": "Feature",
    "geometry": {
       "type": "Point",
       "coordinates":  [ 121.449561,25.13481745 ]
    },
    "properties": {
    "id":"NTSC173",
    "city":"新北市",
    "type":"學校",
    "name":"私立聖心女中",
    "dist":"八里區",
    "loc":"新北市八里區龍源里30鄰龍米路一段263號",
    "FIELD9":"",
    "FIELD10":null,
    "FIELD11":null
    }
  },
  {
    "type": "Feature",
    "geometry": {
       "type": "Point",
       "coordinates":  [ 121.4914759,25.05469806 ]
    },
    "properties": {
    "id":"NTSC174",
    "city":"新北市",
    "type":"學校",
    "name":"市立三重高中",
    "dist":"三重區",
    "loc":"新北市三重區光明里19鄰集美街212號",
    "FIELD9":"",
    "FIELD10":null,
    "FIELD11":null
    }
  },
  {
    "type": "Feature",
    "geometry": {
       "type": "Point",
       "coordinates":  [ 121.4664027,25.04250734 ]
    },
    "properties": {
    "id":"NTSC175",
    "city":"新北市",
    "type":"學校",
    "name":"私立金陵女中",
    "dist":"三重區",
    "loc":"新北市三重區中興里20鄰重新路五段656號",
    "FIELD9":"",
    "FIELD10":null,
    "FIELD11":null
    }
  },
  {
    "type": "Feature",
    "geometry": {
       "type": "Point",
       "coordinates":  [ 121.4887248,25.07382954 ]
    },
    "properties": {
    "id":"NTSC176",
    "city":"新北市",
    "type":"學校",
    "name":"私立格致高中",
    "dist":"三重區",
    "loc":"新北市三重區永德里1鄰大智街260號",
    "FIELD9":"",
    "FIELD10":null,
    "FIELD11":null
    }
  },
  {
    "type": "Feature",
    "geometry": {
       "type": "Point",
       "coordinates":  [ 121.376103,24.94860563 ]
    },
    "properties": {
    "id":"NTSC177",
    "city":"新北市",
    "type":"學校",
    "name":"市立北大高中",
    "dist":"三峽區",
    "loc":"新北市三峽區龍學里37鄰大義路277號",
    "FIELD9":"",
    "FIELD10":null,
    "FIELD11":null
    }
  },
  {
    "type": "Feature",
    "geometry": {
       "type": "Point",
       "coordinates":  [ 121.376103,24.94860563 ]
    },
    "properties": {
    "id":"NTSC178",
    "city":"新北市",
    "type":"學校",
    "name":"市立北大高級中學",
    "dist":"三峽區",
    "loc":"新北市三峽區龍學里37鄰大義路277號",
    "FIELD9":"",
    "FIELD10":null,
    "FIELD11":null
    }
  },
  {
    "type": "Feature",
    "geometry": {
       "type": "Point",
       "coordinates":  [ 121.3639114,24.90693205 ]
    },
    "properties": {
    "id":"NTSC179",
    "city":"新北市",
    "type":"學校",
    "name":"市立明德高中",
    "dist":"三峽區",
    "loc":"新北市三峽區大埔里14鄰中正路二段399號",
    "FIELD9":"",
    "FIELD10":null,
    "FIELD11":null
    }
  },
  {
    "type": "Feature",
    "geometry": {
       "type": "Point",
       "coordinates":  [ 121.4094764,24.93218544 ]
    },
    "properties": {
    "id":"NTSC180",
    "city":"新北市",
    "type":"學校",
    "name":"財團法人辭修高中",
    "dist":"三峽區",
    "loc":"新北市三峽區溪東里11鄰溪東路251號",
    "FIELD9":"",
    "FIELD10":null,
    "FIELD11":null
    }
  },
  {
    "type": "Feature",
    "geometry": {
       "type": "Point",
       "coordinates":  [ 121.4653129,24.98201015 ]
    },
    "properties": {
    "id":"NTSC181",
    "city":"新北市",
    "type":"學校",
    "name":"市立清水高中",
    "dist":"土城區",
    "loc":"新北市土城區永富里23鄰明德路一段72號",
    "FIELD9":"",
    "FIELD10":null,
    "FIELD11":null
    }
  },
  {
    "type": "Feature",
    "geometry": {
       "type": "Point",
       "coordinates":  [ 121.4395807,24.98296935 ]
    },
    "properties": {
    "id":"NTSC182",
    "city":"新北市",
    "type":"學校",
    "name":"私立裕德高中",
    "dist":"土城區",
    "loc":"新北市土城區日和里9鄰擺接堡路1號",
    "FIELD9":"",
    "FIELD10":null,
    "FIELD11":null
    }
  },
  {
    "type": "Feature",
    "geometry": {
       "type": "Point",
       "coordinates":  [ 121.4374295,24.97562887 ]
    },
    "properties": {
    "id":"NTSC183",
    "city":"新北市",
    "type":"學校",
    "name":"私立福瑞斯特高中",
    "dist":"土城區",
    "loc":"新北市土城區員仁里22鄰城林路2號",
    "FIELD9":"",
    "FIELD10":null,
    "FIELD11":null
    }
  },
  {
    "type": "Feature",
    "geometry": {
       "type": "Point",
       "coordinates":  [ 121.4395807,24.98296935 ]
    },
    "properties": {
    "id":"NTSC184",
    "city":"新北市",
    "type":"學校",
    "name":"新北市裕德高級中等學校",
    "dist":"土城區",
    "loc":"新北市土城區日和里9鄰擺接堡路1號",
    "FIELD9":"",
    "FIELD10":null,
    "FIELD11":null
    }
  },
  {
    "type": "Feature",
    "geometry": {
       "type": "Point",
       "coordinates":  [ 121.4374295,24.97562887 ]
    },
    "properties": {
    "id":"NTSC185",
    "city":"新北市",
    "type":"學校",
    "name":"新北市福瑞斯特高中",
    "dist":"土城區",
    "loc":"新北市土城區員仁里22鄰城林路2號",
    "FIELD9":"",
    "FIELD10":null,
    "FIELD11":null
    }
  },
  {
    "type": "Feature",
    "geometry": {
       "type": "Point",
       "coordinates":  [ 121.4910863,24.99254124 ]
    },
    "properties": {
    "id":"NTSC186",
    "city":"新北市",
    "type":"學校",
    "name":"市立錦和高中",
    "dist":"中和區",
    "loc":"新北市中和區錦中里9鄰錦和路163號",
    "FIELD9":"",
    "FIELD10":null,
    "FIELD11":null
    }
  },
  {
    "type": "Feature",
    "geometry": {
       "type": "Point",
       "coordinates":  [ 121.5060079,24.97992927 ]
    },
    "properties": {
    "id":"NTSC187",
    "city":"新北市",
    "type":"學校",
    "name":"私立竹林高中",
    "dist":"中和區",
    "loc":"新北市中和區華新里27鄰華新街143巷12號",
    "FIELD9":"",
    "FIELD10":null,
    "FIELD11":null
    }
  },
  {
    "type": "Feature",
    "geometry": {
       "type": "Point",
       "coordinates":  [ 121.5034472,25.00162298 ]
    },
    "properties": {
    "id":"NTSC188",
    "city":"新北市",
    "type":"學校",
    "name":"私立南山高中",
    "dist":"中和區",
    "loc":"新北市中和區枋寮里19鄰廣福路41號",
    "FIELD9":"",
    "FIELD10":null,
    "FIELD11":null
    }
  },
  {
    "type": "Feature",
    "geometry": {
       "type": "Point",
       "coordinates":  [ 121.5034472,25.00162298 ]
    },
    "properties": {
    "id":"NTSC189",
    "city":"新北市",
    "type":"學校",
    "name":"財團法人南山高中",
    "dist":"中和區",
    "loc":"新北市中和區枋寮里19鄰廣福路41號",
    "FIELD9":"",
    "FIELD10":null,
    "FIELD11":null
    }
  },
  {
    "type": "Feature",
    "geometry": {
       "type": "Point",
       "coordinates":  [ 121.5086275,25.01075403 ]
    },
    "properties": {
    "id":"NTSC190",
    "city":"新北市",
    "type":"學校",
    "name":"市立永平高中",
    "dist":"永和區",
    "loc":"新北市永和區保安里1鄰永平路205號",
    "FIELD9":"",
    "FIELD10":null,
    "FIELD11":null
    }
  },
  {
    "type": "Feature",
    "geometry": {
       "type": "Point",
       "coordinates":  [ 121.6425933,25.01274483 ]
    },
    "properties": {
    "id":"NTSC191",
    "city":"新北市",
    "type":"學校",
    "name":"市立石碇高中",
    "dist":"石碇區",
    "loc":"新北市石碇區隆盛里12鄰八分寮45號",
    "FIELD9":"",
    "FIELD10":null,
    "FIELD11":null
    }
  },
  {
    "type": "Feature",
    "geometry": {
       "type": "Point",
       "coordinates":  [ 121.6600847,25.06563925 ]
    },
    "properties": {
    "id":"NTSC192",
    "city":"新北市",
    "type":"學校",
    "name":"市立秀峰高中",
    "dist":"汐止區",
    "loc":"新北市汐止區秀峰里23鄰忠孝東路201號",
    "FIELD9":"",
    "FIELD10":null,
    "FIELD11":null
    }
  },
  {
    "type": "Feature",
    "geometry": {
       "type": "Point",
       "coordinates":  [ 121.6398112,25.06562842 ]
    },
    "properties": {
    "id":"NTSC193",
    "city":"新北市",
    "type":"學校",
    "name":"市立樟樹國際實中",
    "dist":"汐止區",
    "loc":"新北市汐止區忠孝里1鄰樟樹二路135號",
    "FIELD9":"",
    "FIELD10":null,
    "FIELD11":null
    }
  },
  {
    "type": "Feature",
    "geometry": {
       "type": "Point",
       "coordinates":  [ 121.6398112,25.06562842 ]
    },
    "properties": {
    "id":"NTSC194",
    "city":"新北市",
    "type":"學校",
    "name":"市立樟樹國際實創高中",
    "dist":"汐止區",
    "loc":"新北市汐止區忠孝里1鄰樟樹二路135號",
    "FIELD9":"",
    "FIELD10":null,
    "FIELD11":null
    }
  },
  {
    "type": "Feature",
    "geometry": {
       "type": "Point",
       "coordinates":  [ 121.6398112,25.06562842 ]
    },
    "properties": {
    "id":"NTSC195",
    "city":"新北市",
    "type":"學校",
    "name":"市立樟樹實中",
    "dist":"汐止區",
    "loc":"新北市汐止區忠孝里1鄰樟樹二路135號",
    "FIELD9":"",
    "FIELD10":null,
    "FIELD11":null
    }
  },
  {
    "type": "Feature",
    "geometry": {
       "type": "Point",
       "coordinates":  [ 121.6691859,25.07693033 ]
    },
    "properties": {
    "id":"NTSC196",
    "city":"新北市",
    "type":"學校",
    "name":"私立崇義高中",
    "dist":"汐止區",
    "loc":"新北市汐止區長安里4鄰大同路三段68號",
    "FIELD9":"",
    "FIELD10":null,
    "FIELD11":null
    }
  },
  {
    "type": "Feature",
    "geometry": {
       "type": "Point",
       "coordinates":  [ 121.3897246,25.0746601 ]
    },
    "properties": {
    "id":"NTSC197",
    "city":"新北市",
    "type":"學校",
    "name":"私立康橋國際學校林口校區",
    "dist":"林口區",
    "loc":"新北市林口區西林里34鄰興林路55號",
    "FIELD9":"",
    "FIELD10":null,
    "FIELD11":null
    }
  },
  {
    "type": "Feature",
    "geometry": {
       "type": "Point",
       "coordinates":  [ 121.3957752,25.07956985 ]
    },
    "properties": {
    "id":"NTSC198",
    "city":"新北市",
    "type":"學校",
    "name":"私立醒吾高中",
    "dist":"林口區",
    "loc":"新北市林口區東林里18鄰粉寮路一段75巷80號",
    "FIELD9":"",
    "FIELD10":null,
    "FIELD11":null
    }
  },
  {
    "type": "Feature",
    "geometry": {
       "type": "Point",
       "coordinates":  [ 121.3897246,25.0746601 ]
    },
    "properties": {
    "id":"NTSC199",
    "city":"新北市",
    "type":"學校",
    "name":"新北市林口康橋國際高中",
    "dist":"林口區",
    "loc":"新北市林口區西林里34鄰興林路55號",
    "FIELD9":"",
    "FIELD10":null,
    "FIELD11":null
    }
  },
  {
    "type": "Feature",
    "geometry": {
       "type": "Point",
       "coordinates":  [ 121.4822301,25.01667696 ]
    },
    "properties": {
    "id":"NTSC200",
    "city":"新北市",
    "type":"學校",
    "name":"市立光復高中",
    "dist":"板橋區",
    "loc":"新北市板橋區富貴里3鄰光環路一段7號",
    "FIELD9":"",
    "FIELD10":null,
    "FIELD11":null
    }
  },
  {
    "type": "Feature",
    "geometry": {
       "type": "Point",
       "coordinates":  [ 121.4708835,25.01015436 ]
    },
    "properties": {
    "id":"NTSC201",
    "city":"新北市",
    "type":"學校",
    "name":"市立海山高中",
    "dist":"板橋區",
    "loc":"新北市板橋區深丘里12鄰漢生東路215號",
    "FIELD9":"",
    "FIELD10":null,
    "FIELD11":null
    }
  },
  {
    "type": "Feature",
    "geometry": {
       "type": "Point",
       "coordinates":  [ 121.4768939,25.01813371 ]
    },
    "properties": {
    "id":"NTSC202",
    "city":"新北市",
    "type":"學校",
    "name":"私立光仁高中",
    "dist":"板橋區",
    "loc":"新北市板橋區光仁里15鄰中山路二段255巷18號",
    "FIELD9":"",
    "FIELD10":null,
    "FIELD11":null
    }
  },
  {
    "type": "Feature",
    "geometry": {
       "type": "Point",
       "coordinates":  [ 121.447601,25.00753333 ]
    },
    "properties": {
    "id":"NTSC203",
    "city":"新北市",
    "type":"學校",
    "name":"國立華僑高中",
    "dist":"板橋區",
    "loc":"新北市板橋區浮洲里24鄰大觀路一段32號",
    "FIELD9":"",
    "FIELD10":null,
    "FIELD11":null
    }
  },
  {
    "type": "Feature",
    "geometry": {
       "type": "Point",
       "coordinates":  [ 121.447601,25.00753333 ]
    },
    "properties": {
    "id":"NTSC204",
    "city":"新北市",
    "type":"學校",
    "name":"國立華僑高級中等學校",
    "dist":"板橋區",
    "loc":"新北市板橋區浮洲里24鄰大觀路一段32號",
    "FIELD9":"",
    "FIELD10":null,
    "FIELD11":null
    }
  },
  {
    "type": "Feature",
    "geometry": {
       "type": "Point",
       "coordinates":  [ 121.6369319,25.22466696 ]
    },
    "properties": {
    "id":"NTSC205",
    "city":"新北市",
    "type":"學校",
    "name":"市立金山高中",
    "dist":"金山區",
    "loc":"新北市金山區美田里15鄰文化二路2號",
    "FIELD9":"",
    "FIELD10":null,
    "FIELD11":null
    }
  },
  {
    "type": "Feature",
    "geometry": {
       "type": "Point",
       "coordinates":  [ 121.9015119,25.06580899 ]
    },
    "properties": {
    "id":"NTSC206",
    "city":"新北市",
    "type":"學校",
    "name":"市立豐珠中學",
    "dist":"貢寮區",
    "loc":"新北市貢寮區美豐里12鄰雞母嶺街6-6號",
    "FIELD9":"",
    "FIELD10":null,
    "FIELD11":null
    }
  },
  {
    "type": "Feature",
    "geometry": {
       "type": "Point",
       "coordinates":  [ 121.4617129,25.14603821 ]
    },
    "properties": {
    "id":"NTSC207",
    "city":"新北市",
    "type":"學校",
    "name":"市立竹圍高中",
    "dist":"淡水區",
    "loc":"新北市淡水區八勢里2鄰竹林路35號",
    "FIELD9":"",
    "FIELD10":null,
    "FIELD11":null
    }
  },
  {
    "type": "Feature",
    "geometry": {
       "type": "Point",
       "coordinates":  [ 121.4358305,25.175061 ]
    },
    "properties": {
    "id":"NTSC208",
    "city":"新北市",
    "type":"學校",
    "name":"私立淡江高中",
    "dist":"淡水區",
    "loc":"新北市淡水區文化里11鄰真理街26號",
    "FIELD9":"",
    "FIELD10":null,
    "FIELD11":null
    }
  },
  {
    "type": "Feature",
    "geometry": {
       "type": "Point",
       "coordinates":  [ 121.5149393,24.96881845 ]
    },
    "properties": {
    "id":"NTSC209",
    "city":"新北市",
    "type":"學校",
    "name":"市立安康高中",
    "dist":"新店區",
    "loc":"新北市新店區柴埕里30鄰安興路25號",
    "FIELD9":"",
    "FIELD10":null,
    "FIELD11":null
    }
  },
  {
    "type": "Feature",
    "geometry": {
       "type": "Point",
       "coordinates":  [ 121.5148796,24.96628823 ]
    },
    "properties": {
    "id":"NTSC210",
    "city":"新北市",
    "type":"學校",
    "name":"私立中信高中",
    "dist":"新店區",
    "loc":"新北市新店區柴埕里30鄰安興路1號",
    "FIELD9":"",
    "FIELD10":null,
    "FIELD11":null
    }
  },
  {
    "type": "Feature",
    "geometry": {
       "type": "Point",
       "coordinates":  [ 121.4978065,24.91094352 ]
    },
    "properties": {
    "id":"NTSC211",
    "city":"新北市",
    "type":"學校",
    "name":"私立康橋高中",
    "dist":"新店區",
    "loc":"新北市新店區華城里13鄰華城路800號",
    "FIELD9":"",
    "FIELD10":null,
    "FIELD11":null
    }
  },
  {
    "type": "Feature",
    "geometry": {
       "type": "Point",
       "coordinates":  [ 121.4978065,24.91094352 ]
    },
    "properties": {
    "id":"NTSC212",
    "city":"新北市",
    "type":"學校",
    "name":"私立康橋國際學校秀岡校區",
    "dist":"新店區",
    "loc":"新北市新店區華城里13鄰華城路800號",
    "FIELD9":"",
    "FIELD10":null,
    "FIELD11":null
    }
  },
  {
    "type": "Feature",
    "geometry": {
       "type": "Point",
       "coordinates":  [ 121.5390704,24.97176912 ]
    },
    "properties": {
    "id":"NTSC213",
    "city":"新北市",
    "type":"學校",
    "name":"新北市崇光高中",
    "dist":"新店區",
    "loc":"新北市新店區中正里17鄰三民路18號",
    "FIELD9":"",
    "FIELD10":null,
    "FIELD11":null
    }
  },
  {
    "type": "Feature",
    "geometry": {
       "type": "Point",
       "coordinates":  [ 121.4161681,25.02119427 ]
    },
    "properties": {
    "id":"NTSC214",
    "city":"新北市",
    "type":"學校",
    "name":"市立丹鳳高中",
    "dist":"新莊區",
    "loc":"新北市新莊區龍鳳里12鄰龍安路72號",
    "FIELD9":"",
    "FIELD10":null,
    "FIELD11":null
    }
  },
  {
    "type": "Feature",
    "geometry": {
       "type": "Point",
       "coordinates":  [ 121.4537612,25.03655639 ]
    },
    "properties": {
    "id":"NTSC215",
    "city":"新北市",
    "type":"學校",
    "name":"私立恆毅高中",
    "dist":"新莊區",
    "loc":"新北市新莊區立人里2鄰中正路108號",
    "FIELD9":"",
    "FIELD10":null,
    "FIELD11":null
    }
  },
  {
    "type": "Feature",
    "geometry": {
       "type": "Point",
       "coordinates":  [ 121.4537612,25.03655639 ]
    },
    "properties": {
    "id":"NTSC216",
    "city":"新北市",
    "type":"學校",
    "name":"財團法人恆毅高中",
    "dist":"新莊區",
    "loc":"新北市新莊區立人里2鄰中正路108號",
    "FIELD9":"",
    "FIELD10":null,
    "FIELD11":null
    }
  },
  {
    "type": "Feature",
    "geometry": {
       "type": "Point",
       "coordinates":  [ 121.8560321,25.10852825 ]
    },
    "properties": {
    "id":"NTSC217",
    "city":"新北市",
    "type":"學校",
    "name":"私立時雨中學",
    "dist":"瑞芳區",
    "loc":"新北市瑞芳區銅山里12鄰祈堂路217號",
    "FIELD9":"",
    "FIELD10":null,
    "FIELD11":null
    }
  },
  {
    "type": "Feature",
    "geometry": {
       "type": "Point",
       "coordinates":  [ 121.8560321,25.10852825 ]
    },
    "properties": {
    "id":"NTSC218",
    "city":"新北市",
    "type":"學校",
    "name":"私立時雨高中",
    "dist":"瑞芳區",
    "loc":"新北市瑞芳區銅山里12鄰祈堂路217號",
    "FIELD9":"",
    "FIELD10":null,
    "FIELD11":null
    }
  },
  {
    "type": "Feature",
    "geometry": {
       "type": "Point",
       "coordinates":  [ 121.4224692,24.98292943 ]
    },
    "properties": {
    "id":"NTSC219",
    "city":"新北市",
    "type":"學校",
    "name":"市立樹林高中",
    "dist":"樹林區",
    "loc":"新北市樹林區和平里19鄰中華路8號",
    "FIELD9":"",
    "FIELD10":null,
    "FIELD11":null
    }
  },
  {
    "type": "Feature",
    "geometry": {
       "type": "Point",
       "coordinates":  [ 121.8633088,25.03498252 ]
    },
    "properties": {
    "id":"NTSC220",
    "city":"新北市",
    "type":"學校",
    "name":"市立雙溪高中",
    "dist":"雙溪區",
    "loc":"新北市雙溪區平林里1鄰梅竹蹊3號",
    "FIELD9":"",
    "FIELD10":null,
    "FIELD11":null
    }
  },
  {
    "type": "Feature",
    "geometry": {
       "type": "Point",
       "coordinates":  [ 121.4730044,25.08646129 ]
    },
    "properties": {
    "id":"NTSC221",
    "city":"新北市",
    "type":"學校",
    "name":"市立三民高中",
    "dist":"蘆洲區",
    "loc":"新北市蘆洲區保和里8鄰三民路96號",
    "FIELD9":"",
    "FIELD10":null,
    "FIELD11":null
    }
  },
  {
    "type": "Feature",
    "geometry": {
       "type": "Point",
       "coordinates":  [ 121.4801992,25.08018154 ]
    },
    "properties": {
    "id":"NTSC222",
    "city":"新北市",
    "type":"學校",
    "name":"私立徐匯高中",
    "dist":"蘆洲區",
    "loc":"新北市蘆洲區溪墘里1鄰中山一路1號",
    "FIELD9":"",
    "FIELD10":null,
    "FIELD11":null
    }
  },
  {
    "type": "Feature",
    "geometry": {
       "type": "Point",
       "coordinates":  [ 121.449561,25.13481745 ]
    },
    "properties": {
    "id":"NTSC598",
    "city":"新北市",
    "type":"學校",
    "name":"私立聖心女中",
    "dist":"八里區",
    "loc":"新北市八里區龍源里30鄰龍米路一段263號",
    "FIELD9":"",
    "FIELD10":null,
    "FIELD11":null
    }
  },
  {
    "type": "Feature",
    "geometry": {
       "type": "Point",
       "coordinates":  [ 121.4800749,25.06964951 ]
    },
    "properties": {
    "id":"NTSC599",
    "city":"新北市",
    "type":"學校",
    "name":"市立三重商工",
    "dist":"三重區",
    "loc":"新北市三重區培德里19鄰中正北路163號",
    "FIELD9":"",
    "FIELD10":null,
    "FIELD11":null
    }
  },
  {
    "type": "Feature",
    "geometry": {
       "type": "Point",
       "coordinates":  [ 121.489815,25.08735984 ]
    },
    "properties": {
    "id":"NTSC600",
    "city":"新北市",
    "type":"學校",
    "name":"市立新北高中",
    "dist":"三重區",
    "loc":"新北市三重區富貴里32鄰三信路1號",
    "FIELD9":"",
    "FIELD10":null,
    "FIELD11":null
    }
  },
  {
    "type": "Feature",
    "geometry": {
       "type": "Point",
       "coordinates":  [ 121.4788282,25.06480905 ]
    },
    "properties": {
    "id":"NTSC601",
    "city":"新北市",
    "type":"學校",
    "name":"私立東海高中",
    "dist":"三重區",
    "loc":"新北市三重區二重里3鄰忠孝路三段93巷12號",
    "FIELD9":"",
    "FIELD10":null,
    "FIELD11":null
    }
  },
  {
    "type": "Feature",
    "geometry": {
       "type": "Point",
       "coordinates":  [ 121.4664027,25.04250734 ]
    },
    "properties": {
    "id":"NTSC602",
    "city":"新北市",
    "type":"學校",
    "name":"私立金陵女中",
    "dist":"三重區",
    "loc":"新北市三重區中興里20鄰重新路五段656號",
    "FIELD9":"",
    "FIELD10":null,
    "FIELD11":null
    }
  },
  {
    "type": "Feature",
    "geometry": {
       "type": "Point",
       "coordinates":  [ 121.4887248,25.07382954 ]
    },
    "properties": {
    "id":"NTSC603",
    "city":"新北市",
    "type":"學校",
    "name":"私立格致高中",
    "dist":"三重區",
    "loc":"新北市三重區永德里1鄰大智街260號",
    "FIELD9":"",
    "FIELD10":null,
    "FIELD11":null
    }
  },
  {
    "type": "Feature",
    "geometry": {
       "type": "Point",
       "coordinates":  [ 121.4768646,25.05203726 ]
    },
    "properties": {
    "id":"NTSC604",
    "city":"新北市",
    "type":"學校",
    "name":"私立清傳高商",
    "dist":"三重區",
    "loc":"新北市三重區谷王里8鄰五谷王北街141巷1號",
    "FIELD9":"",
    "FIELD10":null,
    "FIELD11":null
    }
  },
  {
    "type": "Feature",
    "geometry": {
       "type": "Point",
       "coordinates":  [ 121.4711441,25.06971919 ]
    },
    "properties": {
    "id":"NTSC605",
    "city":"新北市",
    "type":"學校",
    "name":"私立穀保家商",
    "dist":"三重區",
    "loc":"新北市三重區大有里14鄰中正北路560巷38號",
    "FIELD9":"",
    "FIELD10":null,
    "FIELD11":null
    }
  },
  {
    "type": "Feature",
    "geometry": {
       "type": "Point",
       "coordinates":  [ 121.4094764,24.93218544 ]
    },
    "properties": {
    "id":"NTSC606",
    "city":"新北市",
    "type":"學校",
    "name":"私立辭修高中",
    "dist":"三峽區",
    "loc":"新北市三峽區溪東里11鄰溪東路251號",
    "FIELD9":"",
    "FIELD10":null,
    "FIELD11":null
    }
  },
  {
    "type": "Feature",
    "geometry": {
       "type": "Point",
       "coordinates":  [ 121.4503827,24.98330035 ]
    },
    "properties": {
    "id":"NTSC607",
    "city":"新北市",
    "type":"學校",
    "name":"市立新北高工",
    "dist":"土城區",
    "loc":"新北市土城區學府里9鄰學府路一段241號",
    "FIELD9":"",
    "FIELD10":null,
    "FIELD11":null
    }
  },
  {
    "type": "Feature",
    "geometry": {
       "type": "Point",
       "coordinates":  [ 121.4783441,24.99398122 ]
    },
    "properties": {
    "id":"NTSC608",
    "city":"新北市",
    "type":"學校",
    "name":"市立中和高中",
    "dist":"中和區",
    "loc":"新北市中和區嘉慶里14鄰連城路460號",
    "FIELD9":"",
    "FIELD10":null,
    "FIELD11":null
    }
  },
  {
    "type": "Feature",
    "geometry": {
       "type": "Point",
       "coordinates":  [ 121.5192894,25.01577347 ]
    },
    "properties": {
    "id":"NTSC609",
    "city":"新北市",
    "type":"學校",
    "name":"私立莊敬工家永和分校",
    "dist":"永和區",
    "loc":"新北市永和區復興里11鄰博愛街36號",
    "FIELD9":"",
    "FIELD10":null,
    "FIELD11":null
    }
  },
  {
    "type": "Feature",
    "geometry": {
       "type": "Point",
       "coordinates":  [ 121.5192894,25.01577347 ]
    },
    "properties": {
    "id":"NTSC610",
    "city":"新北市",
    "type":"學校",
    "name":"私立莊敬高職永和分校",
    "dist":"永和區",
    "loc":"新北市永和區復興里11鄰博愛街36號",
    "FIELD9":"",
    "FIELD10":null,
    "FIELD11":null
    }
  },
  {
    "type": "Feature",
    "geometry": {
       "type": "Point",
       "coordinates":  [ 121.5185987,25.00349248 ]
    },
    "properties": {
    "id":"NTSC611",
    "city":"新北市",
    "type":"學校",
    "name":"私立復興商工",
    "dist":"永和區",
    "loc":"新北市永和區得和里1鄰秀朗路一段201號",
    "FIELD9":"",
    "FIELD10":null,
    "FIELD11":null
    }
  },
  {
    "type": "Feature",
    "geometry": {
       "type": "Point",
       "coordinates":  [ 121.5142788,24.99568152 ]
    },
    "properties": {
    "id":"NTSC612",
    "city":"新北市",
    "type":"學校",
    "name":"私立智光商工",
    "dist":"永和區",
    "loc":"新北市永和區智光里24鄰中正路100號",
    "FIELD9":"",
    "FIELD10":null,
    "FIELD11":null
    }
  },
  {
    "type": "Feature",
    "geometry": {
       "type": "Point",
       "coordinates":  [ 121.6600847,25.06563925 ]
    },
    "properties": {
    "id":"NTSC613",
    "city":"新北市",
    "type":"學校",
    "name":"市立秀峰高中",
    "dist":"汐止區",
    "loc":"新北市汐止區秀峰里23鄰忠孝東路201號",
    "FIELD9":"",
    "FIELD10":null,
    "FIELD11":null
    }
  },
  {
    "type": "Feature",
    "geometry": {
       "type": "Point",
       "coordinates":  [ 121.6691859,25.07693033 ]
    },
    "properties": {
    "id":"NTSC614",
    "city":"新北市",
    "type":"學校",
    "name":"私立崇義高中",
    "dist":"汐止區",
    "loc":"新北市汐止區長安里4鄰大同路三段68號",
    "FIELD9":"",
    "FIELD10":null,
    "FIELD11":null
    }
  },
  {
    "type": "Feature",
    "geometry": {
       "type": "Point",
       "coordinates":  [ 121.3810034,25.07363024 ]
    },
    "properties": {
    "id":"NTSC615",
    "city":"新北市",
    "type":"學校",
    "name":"市立林口高中",
    "dist":"林口區",
    "loc":"新北市林口區東勢里1鄰仁愛路二段173號",
    "FIELD9":"",
    "FIELD10":null,
    "FIELD11":null
    }
  },
  {
    "type": "Feature",
    "geometry": {
       "type": "Point",
       "coordinates":  [ 121.3957752,25.07956985 ]
    },
    "properties": {
    "id":"NTSC616",
    "city":"新北市",
    "type":"學校",
    "name":"私立醒吾高中",
    "dist":"林口區",
    "loc":"新北市林口區東林里18鄰粉寮路一段75巷80號",
    "FIELD9":"",
    "FIELD10":null,
    "FIELD11":null
    }
  },
  {
    "type": "Feature",
    "geometry": {
       "type": "Point",
       "coordinates":  [ 121.4591014,25.01168473 ]
    },
    "properties": {
    "id":"NTSC617",
    "city":"新北市",
    "type":"學校",
    "name":"市立板橋高中",
    "dist":"板橋區",
    "loc":"新北市板橋區黃石里10鄰文化路一段25號",
    "FIELD9":"",
    "FIELD10":null,
    "FIELD11":null
    }
  },
  {
    "type": "Feature",
    "geometry": {
       "type": "Point",
       "coordinates":  [ 121.4768939,25.01813371 ]
    },
    "properties": {
    "id":"NTSC618",
    "city":"新北市",
    "type":"學校",
    "name":"私立光仁高中",
    "dist":"板橋區",
    "loc":"新北市板橋區光仁里15鄰中山路二段255巷18號",
    "FIELD9":"",
    "FIELD10":null,
    "FIELD11":null
    }
  },
  {
    "type": "Feature",
    "geometry": {
       "type": "Point",
       "coordinates":  [ 121.4546221,25.00315313 ]
    },
    "properties": {
    "id":"NTSC619",
    "city":"新北市",
    "type":"學校",
    "name":"私立光華高商進修學校",
    "dist":"板橋區",
    "loc":"新北市板橋區華興里17鄰南雅南路二段1號",
    "FIELD9":"",
    "FIELD10":null,
    "FIELD11":null
    }
  },
  {
    "type": "Feature",
    "geometry": {
       "type": "Point",
       "coordinates":  [ 121.4546221,25.00315313 ]
    },
    "properties": {
    "id":"NTSC620",
    "city":"新北市",
    "type":"學校",
    "name":"私立光華商職",
    "dist":"板橋區",
    "loc":"新北市板橋區華興里17鄰南雅南路二段1號",
    "FIELD9":"",
    "FIELD10":null,
    "FIELD11":null
    }
  },
  {
    "type": "Feature",
    "geometry": {
       "type": "Point",
       "coordinates":  [ 121.4582725,24.99726042 ]
    },
    "properties": {
    "id":"NTSC621",
    "city":"新北市",
    "type":"學校",
    "name":"私立豫章工商",
    "dist":"板橋區",
    "loc":"新北市板橋區仁愛里19鄰四川路一段391號",
    "FIELD9":"",
    "FIELD10":null,
    "FIELD11":null
    }
  },
  {
    "type": "Feature",
    "geometry": {
       "type": "Point",
       "coordinates":  [ 121.4298686,25.05771803 ]
    },
    "properties": {
    "id":"NTSC622",
    "city":"新北市",
    "type":"學校",
    "name":"市立泰山高中",
    "dist":"泰山區",
    "loc":"新北市泰山區同榮里8鄰辭修路7號",
    "FIELD9":"",
    "FIELD10":null,
    "FIELD11":null
    }
  },
  {
    "type": "Feature",
    "geometry": {
       "type": "Point",
       "coordinates":  [ 121.454022,25.186762 ]
    },
    "properties": {
    "id":"NTSC623",
    "city":"新北市",
    "type":"學校",
    "name":"市立淡水商工",
    "dist":"淡水區",
    "loc":"新北市淡水區埤島里13鄰商工路307號",
    "FIELD9":"",
    "FIELD10":null,
    "FIELD11":null
    }
  },
  {
    "type": "Feature",
    "geometry": {
       "type": "Point",
       "coordinates":  [ 121.5149393,24.96881845 ]
    },
    "properties": {
    "id":"NTSC624",
    "city":"新北市",
    "type":"學校",
    "name":"市立安康高中",
    "dist":"新店區",
    "loc":"新北市新店區柴埕里30鄰安興路25號",
    "FIELD9":"",
    "FIELD10":null,
    "FIELD11":null
    }
  },
  {
    "type": "Feature",
    "geometry": {
       "type": "Point",
       "coordinates":  [ 121.5318105,24.97561928 ]
    },
    "properties": {
    "id":"NTSC625",
    "city":"新北市",
    "type":"學校",
    "name":"市立新店高中",
    "dist":"新店區",
    "loc":"新北市新店區福民里22鄰中央路93號",
    "FIELD9":"",
    "FIELD10":null,
    "FIELD11":null
    }
  },
  {
    "type": "Feature",
    "geometry": {
       "type": "Point",
       "coordinates":  [ 121.5148796,24.96628823 ]
    },
    "properties": {
    "id":"NTSC626",
    "city":"新北市",
    "type":"學校",
    "name":"私立中信高中",
    "dist":"新店區",
    "loc":"新北市新店區柴埕里30鄰安興路1號",
    "FIELD9":"",
    "FIELD10":null,
    "FIELD11":null
    }
  },
  {
    "type": "Feature",
    "geometry": {
       "type": "Point",
       "coordinates":  [ 121.5390704,24.97176912 ]
    },
    "properties": {
    "id":"NTSC627",
    "city":"新北市",
    "type":"學校",
    "name":"私立天主教崇光女中",
    "dist":"新店區",
    "loc":"新北市新店區中正里17鄰三民路18號",
    "FIELD9":"",
    "FIELD10":null,
    "FIELD11":null
    }
  },
  {
    "type": "Feature",
    "geometry": {
       "type": "Point",
       "coordinates":  [ 121.5390704,24.97176912 ]
    },
    "properties": {
    "id":"NTSC628",
    "city":"新北市",
    "type":"學校",
    "name":"私立天主教崇光高中",
    "dist":"新店區",
    "loc":"新北市新店區中正里17鄰三民路18號",
    "FIELD9":"",
    "FIELD10":null,
    "FIELD11":null
    }
  },
  {
    "type": "Feature",
    "geometry": {
       "type": "Point",
       "coordinates":  [ 121.5448428,24.9808603 ]
    },
    "properties": {
    "id":"NTSC629",
    "city":"新北市",
    "type":"學校",
    "name":"私立南強工商",
    "dist":"新店區",
    "loc":"新北市新店區寶興里3鄰文化路42號",
    "FIELD9":"",
    "FIELD10":null,
    "FIELD11":null
    }
  },
  {
    "type": "Feature",
    "geometry": {
       "type": "Point",
       "coordinates":  [ 121.5404317,24.95691754 ]
    },
    "properties": {
    "id":"NTSC630",
    "city":"新北市",
    "type":"學校",
    "name":"私立能仁家商",
    "dist":"新店區",
    "loc":"新北市新店區文中里6鄰文中路53巷10號",
    "FIELD9":"",
    "FIELD10":null,
    "FIELD11":null
    }
  },
  {
    "type": "Feature",
    "geometry": {
       "type": "Point",
       "coordinates":  [ 121.5322307,24.98575044 ]
    },
    "properties": {
    "id":"NTSC631",
    "city":"新北市",
    "type":"學校",
    "name":"私立莊敬工家",
    "dist":"新店區",
    "loc":"新北市新店區復興里18鄰民生路45號",
    "FIELD9":"",
    "FIELD10":null,
    "FIELD11":null
    }
  },
  {
    "type": "Feature",
    "geometry": {
       "type": "Point",
       "coordinates":  [ 121.5322307,24.98575044 ]
    },
    "properties": {
    "id":"NTSC632",
    "city":"新北市",
    "type":"學校",
    "name":"私立莊敬高職",
    "dist":"新店區",
    "loc":"新北市新店區復興里18鄰民生路45號",
    "FIELD9":"",
    "FIELD10":null,
    "FIELD11":null
    }
  },
  {
    "type": "Feature",
    "geometry": {
       "type": "Point",
       "coordinates":  [ 121.444651,25.04818719 ]
    },
    "properties": {
    "id":"NTSC633",
    "city":"新北市",
    "type":"學校",
    "name":"市立新莊高中",
    "dist":"新莊區",
    "loc":"新北市新莊區立基里24鄰中平路135號",
    "FIELD9":"",
    "FIELD10":null,
    "FIELD11":null
    }
  },
  {
    "type": "Feature",
    "geometry": {
       "type": "Point",
       "coordinates":  [ 121.8046805,25.11073536 ]
    },
    "properties": {
    "id":"NTSC634",
    "city":"新北市",
    "type":"學校",
    "name":"市立瑞芳高工",
    "dist":"瑞芳區",
    "loc":"新北市瑞芳區龍安里4鄰瑞芳街60號",
    "FIELD9":"",
    "FIELD10":null,
    "FIELD11":null
    }
  },
  {
    "type": "Feature",
    "geometry": {
       "type": "Point",
       "coordinates":  [ 121.6860476,25.177681 ]
    },
    "properties": {
    "id":"NTSC635",
    "city":"新北市",
    "type":"學校",
    "name":"私立中華商海",
    "dist":"萬里區",
    "loc":"新北市萬里區萬里里2鄰瑪鋉路15號",
    "FIELD9":"",
    "FIELD10":null,
    "FIELD11":null
    }
  },
  {
    "type": "Feature",
    "geometry": {
       "type": "Point",
       "coordinates":  [ 121.6860476,25.177681 ]
    },
    "properties": {
    "id":"NTSC636",
    "city":"新北市",
    "type":"學校",
    "name":"私立中華商業海事職業學校",
    "dist":"萬里區",
    "loc":"新北市萬里區萬里里2鄰瑪鋉路15號",
    "FIELD9":"",
    "FIELD10":null,
    "FIELD11":null
    }
  },
  {
    "type": "Feature",
    "geometry": {
       "type": "Point",
       "coordinates":  [ 121.4192479,24.99436116 ]
    },
    "properties": {
    "id":"NTSC637",
    "city":"新北市",
    "type":"學校",
    "name":"私立樹人家商",
    "dist":"樹林區",
    "loc":"新北市樹林區潭底里12鄰大安路216號",
    "FIELD9":"",
    "FIELD10":null,
    "FIELD11":null
    }
  },
  {
    "type": "Feature",
    "geometry": {
       "type": "Point",
       "coordinates":  [ 121.4730044,25.08646129 ]
    },
    "properties": {
    "id":"NTSC638",
    "city":"新北市",
    "type":"學校",
    "name":"市立三民高中",
    "dist":"蘆洲區",
    "loc":"新北市蘆洲區保和里8鄰三民路96號",
    "FIELD9":"",
    "FIELD10":null,
    "FIELD11":null
    }
  },
  {
    "type": "Feature",
    "geometry": {
       "type": "Point",
       "coordinates":  [ 121.4801992,25.08018154 ]
    },
    "properties": {
    "id":"NTSC639",
    "city":"新北市",
    "type":"學校",
    "name":"私立徐匯高中",
    "dist":"蘆洲區",
    "loc":"新北市蘆洲區溪墘里1鄰中山一路1號",
    "FIELD9":"",
    "FIELD10":null,
    "FIELD11":null
    }
  },
  {
    "type": "Feature",
    "geometry": {
       "type": "Point",
       "coordinates":  [ 121.3350095,24.93928469 ]
    },
    "properties": {
    "id":"NTSC640",
    "city":"新北市",
    "type":"學校",
    "name":"市立鶯歌工商",
    "dist":"鶯歌區",
    "loc":"新北市鶯歌區二橋里22鄰中正三路154號",
    "FIELD9":"",
    "FIELD10":null,
    "FIELD11":null
    }
  },
  {
    "type": "Feature",
    "geometry": {
       "type": "Point",
       "coordinates":  [ 121.3350095,24.93928469 ]
    },
    "properties": {
    "id":"NTSC641",
    "city":"新北市",
    "type":"學校",
    "name":"市立鶯歌高職",
    "dist":"鶯歌區",
    "loc":"新北市鶯歌區二橋里22鄰中正三路154號",
    "FIELD9":"",
    "FIELD10":null,
    "FIELD11":null
    }
  },
  {
    "type": "Feature",
    "geometry": {
       "type": "Point",
       "coordinates":  [ 121.4030379,25.14951763 ]
    },
    "properties": {
    "id":"NTSC652",
    "city":"新北市",
    "type":"學校",
    "name":"市立八里國小",
    "dist":"八里區",
    "loc":"新北市八里區舊城里7鄰中山路二段338號",
    "FIELD9":"",
    "FIELD10":null,
    "FIELD11":null
    }
  },
  {
    "type": "Feature",
    "geometry": {
       "type": "Point",
       "coordinates":  [ 121.4194072,25.16029942 ]
    },
    "properties": {
    "id":"NTSC653",
    "city":"新北市",
    "type":"學校",
    "name":"市立大崁國小",
    "dist":"八里區",
    "loc":"新北市八里區大崁里13鄰忠八街2號",
    "FIELD9":"",
    "FIELD10":null,
    "FIELD11":null
    }
  },
  {
    "type": "Feature",
    "geometry": {
       "type": "Point",
       "coordinates":  [ 121.445391,25.14684771 ]
    },
    "properties": {
    "id":"NTSC654",
    "city":"新北市",
    "type":"學校",
    "name":"市立米倉國小",
    "dist":"八里區",
    "loc":"新北市八里區米倉里9鄰龍米路二段129巷1號",
    "FIELD9":"",
    "FIELD10":null,
    "FIELD11":null
    }
  },
  {
    "type": "Feature",
    "geometry": {
       "type": "Point",
       "coordinates":  [ 121.3904754,25.12554615 ]
    },
    "properties": {
    "id":"NTSC655",
    "city":"新北市",
    "type":"學校",
    "name":"市立長坑國小",
    "dist":"八里區",
    "loc":"新北市八里區長坑里12鄰中華路三段236號",
    "FIELD9":"",
    "FIELD10":null,
    "FIELD11":null
    }
  },
  {
    "type": "Feature",
    "geometry": {
       "type": "Point",
       "coordinates":  [ 121.4503621,25.13421709 ]
    },
    "properties": {
    "id":"NTSC656",
    "city":"新北市",
    "type":"學校",
    "name":"私立聖心國小",
    "dist":"八里區",
    "loc":"新北市八里區龍源里19鄰龍米路一段261號",
    "FIELD9":"",
    "FIELD10":null,
    "FIELD11":null
    }
  },
  {
    "type": "Feature",
    "geometry": {
       "type": "Point",
       "coordinates":  [ 121.5016378,25.25786916 ]
    },
    "properties": {
    "id":"NTSC657",
    "city":"新北市",
    "type":"學校",
    "name":"市立三芝國小",
    "dist":"三芝區",
    "loc":"新北市三芝區埔頭里28鄰育英街22號",
    "FIELD9":"",
    "FIELD10":null,
    "FIELD11":null
    }
  },
  {
    "type": "Feature",
    "geometry": {
       "type": "Point",
       "coordinates":  [ 121.5299404,25.25899248 ]
    },
    "properties": {
    "id":"NTSC658",
    "city":"新北市",
    "type":"學校",
    "name":"市立橫山國小",
    "dist":"三芝區",
    "loc":"新北市三芝區橫山里19鄰大坑86號",
    "FIELD9":"",
    "FIELD10":null,
    "FIELD11":null
    }
  },
  {
    "type": "Feature",
    "geometry": {
       "type": "Point",
       "coordinates":  [ 121.5013478,25.2045226 ]
    },
    "properties": {
    "id":"NTSC659",
    "city":"新北市",
    "type":"學校",
    "name":"市立興華國小",
    "dist":"三芝區",
    "loc":"新北市三芝區興華里1鄰田心子5號",
    "FIELD9":"",
    "FIELD10":null,
    "FIELD11":null
    }
  },
  {
    "type": "Feature",
    "geometry": {
       "type": "Point",
       "coordinates":  [ 121.4776735,25.06575847 ]
    },
    "properties": {
    "id":"NTSC660",
    "city":"新北市",
    "type":"學校",
    "name":"市立二重國小",
    "dist":"三重區",
    "loc":"新北市三重區二重里14鄰大有街10號",
    "FIELD9":"",
    "FIELD10":null,
    "FIELD11":null
    }
  },
  {
    "type": "Feature",
    "geometry": {
       "type": "Point",
       "coordinates":  [ 121.4967161,25.05644978 ]
    },
    "properties": {
    "id":"NTSC661",
    "city":"新北市",
    "type":"學校",
    "name":"市立三光國小",
    "dist":"三重區",
    "loc":"新北市三重區同安里16鄰大同南路157號",
    "FIELD9":"",
    "FIELD10":null,
    "FIELD11":null
    }
  },
  {
    "type": "Feature",
    "geometry": {
       "type": "Point",
       "coordinates":  [ 121.4972965,25.07041067 ]
    },
    "properties": {
    "id":"NTSC662",
    "city":"新北市",
    "type":"學校",
    "name":"市立三重國小",
    "dist":"三重區",
    "loc":"新北市三重區奕壽里2鄰三和路三段1號",
    "FIELD9":"",
    "FIELD10":null,
    "FIELD11":null
    }
  },
  {
    "type": "Feature",
    "geometry": {
       "type": "Point",
       "coordinates":  [ 121.4932724,25.08663996 ]
    },
    "properties": {
    "id":"NTSC663",
    "city":"新北市",
    "type":"學校",
    "name":"市立五華國小",
    "dist":"三重區",
    "loc":"新北市三重區富貴里21鄰集賢路89號",
    "FIELD9":"",
    "FIELD10":null,
    "FIELD11":null
    }
  },
  {
    "type": "Feature",
    "geometry": {
       "type": "Point",
       "coordinates":  [ 121.496116,25.06444823 ]
    },
    "properties": {
    "id":"NTSC664",
    "city":"新北市",
    "type":"學校",
    "name":"市立正義國小",
    "dist":"三重區",
    "loc":"新北市三重區正義里1鄰信義西街31號",
    "FIELD9":"",
    "FIELD10":null,
    "FIELD11":null
    }
  },
  {
    "type": "Feature",
    "geometry": {
       "type": "Point",
       "coordinates":  [ 121.4806348,25.07699981 ]
    },
    "properties": {
    "id":"NTSC665",
    "city":"新北市",
    "type":"學校",
    "name":"市立永福國小",
    "dist":"三重區",
    "loc":"新北市三重區永福里22鄰永福街66號",
    "FIELD9":"",
    "FIELD10":null,
    "FIELD11":null
    }
  },
  {
    "type": "Feature",
    "geometry": {
       "type": "Point",
       "coordinates":  [ 121.5013177,25.07091933 ]
    },
    "properties": {
    "id":"NTSC666",
    "city":"新北市",
    "type":"學校",
    "name":"市立光榮國小",
    "dist":"三重區",
    "loc":"新北市三重區奕壽里1鄰介壽路32號",
    "FIELD9":"",
    "FIELD10":null,
    "FIELD11":null
    }
  },
  {
    "type": "Feature",
    "geometry": {
       "type": "Point",
       "coordinates":  [ 121.4989056,25.05888788 ]
    },
    "properties": {
    "id":"NTSC667",
    "city":"新北市",
    "type":"學校",
    "name":"市立光興國小",
    "dist":"三重區",
    "loc":"新北市三重區光輝里15鄰正義南路62號",
    "FIELD9":"",
    "FIELD10":null,
    "FIELD11":null
    }
  },
  {
    "type": "Feature",
    "geometry": {
       "type": "Point",
       "coordinates":  [ 121.4887349,25.07182031 ]
    },
    "properties": {
    "id":"NTSC668",
    "city":"新北市",
    "type":"學校",
    "name":"市立厚德國小",
    "dist":"三重區",
    "loc":"新北市三重區立德里4鄰忠孝路一段70號",
    "FIELD9":"",
    "FIELD10":null,
    "FIELD11":null
    }
  },
  {
    "type": "Feature",
    "geometry": {
       "type": "Point",
       "coordinates":  [ 121.4845048,25.06630862 ]
    },
    "properties": {
    "id":"NTSC669",
    "city":"新北市",
    "type":"學校",
    "name":"市立重陽國小",
    "dist":"三重區",
    "loc":"新北市三重區六福里16鄰中正北路113號",
    "FIELD9":"",
    "FIELD10":null,
    "FIELD11":null
    }
  },
  {
    "type": "Feature",
    "geometry": {
       "type": "Point",
       "coordinates":  [ 121.4898275,25.065791 ]
    },
    "properties": {
    "id":"NTSC670",
    "city":"新北市",
    "type":"學校",
    "name":"市立修德國小",
    "dist":"三重區",
    "loc":"新北市三重區民生里18鄰重陽路三段3號",
    "FIELD9":"",
    "FIELD10":null,
    "FIELD11":null
    }
  },
  {
    "type": "Feature",
    "geometry": {
       "type": "Point",
       "coordinates":  [ 121.4879254,25.0564679 ]
    },
    "properties": {
    "id":"NTSC671",
    "city":"新北市",
    "type":"學校",
    "name":"市立集美國小",
    "dist":"三重區",
    "loc":"新北市三重區光明里25鄰集美街10號",
    "FIELD9":"",
    "FIELD10":null,
    "FIELD11":null
    }
  },
  {
    "type": "Feature",
    "geometry": {
       "type": "Point",
       "coordinates":  [ 121.4907666,25.08440172 ]
    },
    "properties": {
    "id":"NTSC672",
    "city":"新北市",
    "type":"學校",
    "name":"市立碧華國小",
    "dist":"三重區",
    "loc":"新北市三重區富福里20鄰五華街160號",
    "FIELD9":"",
    "FIELD10":null,
    "FIELD11":null
    }
  },
  {
    "type": "Feature",
    "geometry": {
       "type": "Point",
       "coordinates":  [ 121.4743036,25.05028272 ]
    },
    "properties": {
    "id":"NTSC673",
    "city":"新北市",
    "type":"學校",
    "name":"市立興穀國小",
    "dist":"三重區",
    "loc":"新北市三重區五谷里7鄰神農街101號",
    "FIELD9":"",
    "FIELD10":null,
    "FIELD11":null
    }
  },
  {
    "type": "Feature",
    "geometry": {
       "type": "Point",
       "coordinates":  [ 121.3675519,24.93500502 ]
    },
    "properties": {
    "id":"NTSC674",
    "city":"新北市",
    "type":"學校",
    "name":"市立三峽國小",
    "dist":"三峽區",
    "loc":"新北市三峽區永[館]里16鄰中山路16號",
    "FIELD9":"",
    "FIELD10":null,
    "FIELD11":null
    }
  },
  {
    "type": "Feature",
    "geometry": {
       "type": "Point",
       "coordinates":  [ 121.4275094,24.92421482 ]
    },
    "properties": {
    "id":"NTSC675",
    "city":"新北市",
    "type":"學校",
    "name":"市立大成國小",
    "dist":"三峽區",
    "loc":"新北市三峽區成福里10鄰成福路251巷2號",
    "FIELD9":"",
    "FIELD10":null,
    "FIELD11":null
    }
  },
  {
    "type": "Feature",
    "geometry": {
       "type": "Point",
       "coordinates":  [ 121.3664622,24.90574273 ]
    },
    "properties": {
    "id":"NTSC676",
    "city":"新北市",
    "type":"學校",
    "name":"市立大埔國小",
    "dist":"三峽區",
    "loc":"新北市三峽區大埔里17鄰大埔路130號",
    "FIELD9":"",
    "FIELD10":null,
    "FIELD11":null
    }
  },
  {
    "type": "Feature",
    "geometry": {
       "type": "Point",
       "coordinates":  [ 121.3671822,24.92782443 ]
    },
    "properties": {
    "id":"NTSC677",
    "city":"新北市",
    "type":"學校",
    "name":"市立中園國小",
    "dist":"三峽區",
    "loc":"新北市三峽區中埔里9鄰弘園街22號",
    "FIELD9":"",
    "FIELD10":null,
    "FIELD11":null
    }
  },
  {
    "type": "Feature",
    "geometry": {
       "type": "Point",
       "coordinates":  [ 121.3598308,24.85903577 ]
    },
    "properties": {
    "id":"NTSC678",
    "city":"新北市",
    "type":"學校",
    "name":"市立五寮國小",
    "dist":"三峽區",
    "loc":"新北市三峽區五寮里5鄰五寮69號",
    "FIELD9":"",
    "FIELD10":null,
    "FIELD11":null
    }
  },
  {
    "type": "Feature",
    "geometry": {
       "type": "Point",
       "coordinates":  [ 121.3785228,24.92982446 ]
    },
    "properties": {
    "id":"NTSC679",
    "city":"新北市",
    "type":"學校",
    "name":"市立介壽國小",
    "dist":"三峽區",
    "loc":"新北市三峽區介壽里21鄰大同路1號",
    "FIELD9":"",
    "FIELD10":null,
    "FIELD11":null
    }
  },
  {
    "type": "Feature",
    "geometry": {
       "type": "Point",
       "coordinates":  [ 121.3729828,24.93919539 ]
    },
    "properties": {
    "id":"NTSC680",
    "city":"新北市",
    "type":"學校",
    "name":"市立北大國小",
    "dist":"三峽區",
    "loc":"新北市三峽區龍埔里31鄰國光街100號",
    "FIELD9":"",
    "FIELD10":null,
    "FIELD11":null
    }
  },
  {
    "type": "Feature",
    "geometry": {
       "type": "Point",
       "coordinates":  [ 121.3754526,24.91203292 ]
    },
    "properties": {
    "id":"NTSC681",
    "city":"新北市",
    "type":"學校",
    "name":"市立民義國小",
    "dist":"三峽區",
    "loc":"新北市三峽區嘉添里8鄰白雞40號",
    "FIELD9":"",
    "FIELD10":null,
    "FIELD11":null
    }
  },
  {
    "type": "Feature",
    "geometry": {
       "type": "Point",
       "coordinates":  [ 121.372223,24.93122518 ]
    },
    "properties": {
    "id":"NTSC682",
    "city":"新北市",
    "type":"學校",
    "name":"市立安溪國小",
    "dist":"三峽區",
    "loc":"新北市三峽區安溪里5鄰中華路42號",
    "FIELD9":"",
    "FIELD10":null,
    "FIELD11":null
    }
  },
  {
    "type": "Feature",
    "geometry": {
       "type": "Point",
       "coordinates":  [ 121.4056864,24.93320553 ]
    },
    "properties": {
    "id":"NTSC683",
    "city":"新北市",
    "type":"學校",
    "name":"市立成福國小",
    "dist":"三峽區",
    "loc":"新北市三峽區溪東里6鄰溪東路213號",
    "FIELD9":"",
    "FIELD10":null,
    "FIELD11":null
    }
  },
  {
    "type": "Feature",
    "geometry": {
       "type": "Point",
       "coordinates":  [ 121.4373403,24.85325573 ]
    },
    "properties": {
    "id":"NTSC684",
    "city":"新北市",
    "type":"學校",
    "name":"市立有木國小",
    "dist":"三峽區",
    "loc":"新北市三峽區有木里6鄰有木131號",
    "FIELD9":"",
    "FIELD10":null,
    "FIELD11":null
    }
  },
  {
    "type": "Feature",
    "geometry": {
       "type": "Point",
       "coordinates":  [ 121.4471833,24.92636164 ]
    },
    "properties": {
    "id":"NTSC685",
    "city":"新北市",
    "type":"學校",
    "name":"市立建安國小",
    "dist":"三峽區",
    "loc":"新北市三峽區安坑里4鄰建安路67號",
    "FIELD9":"",
    "FIELD10":null,
    "FIELD11":null
    }
  },
  {
    "type": "Feature",
    "geometry": {
       "type": "Point",
       "coordinates":  [ 121.4054268,24.87245787 ]
    },
    "properties": {
    "id":"NTSC686",
    "city":"新北市",
    "type":"學校",
    "name":"市立插角國小",
    "dist":"三峽區",
    "loc":"新北市三峽區插角里2鄰插角39號",
    "FIELD9":"",
    "FIELD10":null,
    "FIELD11":null
    }
  },
  {
    "type": "Feature",
    "geometry": {
       "type": "Point",
       "coordinates":  [ 121.3845311,24.87439286 ]
    },
    "properties": {
    "id":"NTSC687",
    "city":"新北市",
    "type":"學校",
    "name":"市立插角國小金敏分校",
    "dist":"三峽區",
    "loc":"新北市三峽區金圳里9鄰金敏66號",
    "FIELD9":"",
    "FIELD10":null,
    "FIELD11":null
    }
  },
  {
    "type": "Feature",
    "geometry": {
       "type": "Point",
       "coordinates":  [ 121.4054268,24.87245787 ]
    },
    "properties": {
    "id":"NTSC688",
    "city":"新北市",
    "type":"學校",
    "name":"市立插角森林實小",
    "dist":"三峽區",
    "loc":"新北市三峽區插角里2鄰插角39號",
    "FIELD9":"",
    "FIELD10":null,
    "FIELD11":null
    }
  },
  {
    "type": "Feature",
    "geometry": {
       "type": "Point",
       "coordinates":  [ 121.3845311,24.87439286 ]
    },
    "properties": {
    "id":"NTSC689",
    "city":"新北市",
    "type":"學校",
    "name":"市立插角森林實小金敏分校",
    "dist":"三峽區",
    "loc":"新北市三峽區金圳里9鄰金敏66號",
    "FIELD9":"",
    "FIELD10":null,
    "FIELD11":null
    }
  },
  {
    "type": "Feature",
    "geometry": {
       "type": "Point",
       "coordinates":  [ 121.3778822,24.94067643 ]
    },
    "properties": {
    "id":"NTSC690",
    "city":"新北市",
    "type":"學校",
    "name":"市立龍埔國小",
    "dist":"三峽區",
    "loc":"新北市三峽區龍學里1鄰大學路6號",
    "FIELD9":"",
    "FIELD10":null,
    "FIELD11":null
    }
  },
  {
    "type": "Feature",
    "geometry": {
       "type": "Point",
       "coordinates":  [ 121.4419306,24.97238861 ]
    },
    "properties": {
    "id":"NTSC691",
    "city":"新北市",
    "type":"學校",
    "name":"市立土城國小",
    "dist":"土城區",
    "loc":"新北市土城區埤塘里12鄰興城路17號",
    "FIELD9":"",
    "FIELD10":null,
    "FIELD11":null
    }
  },
  {
    "type": "Feature",
    "geometry": {
       "type": "Point",
       "coordinates":  [ 121.4649968,24.9887609 ]
    },
    "properties": {
    "id":"NTSC692",
    "city":"新北市",
    "type":"學校",
    "name":"市立安和國小",
    "dist":"土城區",
    "loc":"新北市土城區安和里16鄰延和路23號",
    "FIELD9":"",
    "FIELD10":null,
    "FIELD11":null
    }
  },
  {
    "type": "Feature",
    "geometry": {
       "type": "Point",
       "coordinates":  [ 121.461503,24.98439996 ]
    },
    "properties": {
    "id":"NTSC693",
    "city":"新北市",
    "type":"學校",
    "name":"市立清水國小",
    "dist":"土城區",
    "loc":"新北市土城區清溪里36鄰金城路二段356號",
    "FIELD9":"",
    "FIELD10":null,
    "FIELD11":null
    }
  },
  {
    "type": "Feature",
    "geometry": {
       "type": "Point",
       "coordinates":  [ 121.4143382,24.95620705 ]
    },
    "properties": {
    "id":"NTSC694",
    "city":"新北市",
    "type":"學校",
    "name":"市立頂埔國小",
    "dist":"土城區",
    "loc":"新北市土城區頂福里20鄰中央路四段205號",
    "FIELD9":"",
    "FIELD10":null,
    "FIELD11":null
    }
  },
  {
    "type": "Feature",
    "geometry": {
       "type": "Point",
       "coordinates":  [ 121.454892,24.98694993 ]
    },
    "properties": {
    "id":"NTSC695",
    "city":"新北市",
    "type":"學校",
    "name":"市立廣福國小",
    "dist":"土城區",
    "loc":"新北市土城區廣福里18鄰學府路一段127號",
    "FIELD9":"",
    "FIELD10":null,
    "FIELD11":null
    }
  },
  {
    "type": "Feature",
    "geometry": {
       "type": "Point",
       "coordinates":  [ 121.4475506,24.98560017 ]
    },
    "properties": {
    "id":"NTSC696",
    "city":"新北市",
    "type":"學校",
    "name":"市立樂利國小",
    "dist":"土城區",
    "loc":"新北市土城區日新里11鄰裕生路65號",
    "FIELD9":"",
    "FIELD10":null,
    "FIELD11":null
    }
  },
  {
    "type": "Feature",
    "geometry": {
       "type": "Point",
       "coordinates":  [ 121.4375874,24.97639346 ]
    },
    "properties": {
    "id":"NTSC697",
    "city":"新北市",
    "type":"學校",
    "name":"私立福瑞斯特高中附設國小",
    "dist":"土城區",
    "loc":"新北市土城區員仁里22鄰城林路2號",
    "FIELD9":"",
    "FIELD10":null,
    "FIELD11":null
    }
  },
  {
    "type": "Feature",
    "geometry": {
       "type": "Point",
       "coordinates":  [ 121.4397356,24.98286389 ]
    },
    "properties": {
    "id":"NTSC698",
    "city":"新北市",
    "type":"學校",
    "name":"新北市裕德高級中等學校附設國小",
    "dist":"土城區",
    "loc":"新北市土城區日和里9鄰擺接堡路1號",
    "FIELD9":"",
    "FIELD10":null,
    "FIELD11":null
    }
  },
  {
    "type": "Feature",
    "geometry": {
       "type": "Point",
       "coordinates":  [ 121.501618,24.9998609 ]
    },
    "properties": {
    "id":"NTSC699",
    "city":"新北市",
    "type":"學校",
    "name":"市立中和國小",
    "dist":"中和區",
    "loc":"新北市中和區漳和里3鄰中和路100號",
    "FIELD9":"",
    "FIELD10":null,
    "FIELD11":null
    }
  },
  {
    "type": "Feature",
    "geometry": {
       "type": "Point",
       "coordinates":  [ 121.4825758,25.01469397 ]
    },
    "properties": {
    "id":"NTSC700",
    "city":"新北市",
    "type":"學校",
    "name":"市立光復國小",
    "dist":"中和區",
    "loc":"新北市中和區中原里7鄰光環路二段1號",
    "FIELD9":"",
    "FIELD10":null,
    "FIELD11":null
    }
  },
  {
    "type": "Feature",
    "geometry": {
       "type": "Point",
       "coordinates":  [ 121.4718846,24.998441 ]
    },
    "properties": {
    "id":"NTSC701",
    "city":"新北市",
    "type":"學校",
    "name":"市立自強國小",
    "dist":"中和區",
    "loc":"新北市中和區自強里3鄰莒光路200號",
    "FIELD9":"",
    "FIELD10":null,
    "FIELD11":null
    }
  },
  {
    "type": "Feature",
    "geometry": {
       "type": "Point",
       "coordinates":  [ 121.5211599,24.99422074 ]
    },
    "properties": {
    "id":"NTSC702",
    "city":"新北市",
    "type":"學校",
    "name":"市立秀山國小",
    "dist":"中和區",
    "loc":"新北市中和區秀山里1鄰立人街2號",
    "FIELD9":"",
    "FIELD10":null,
    "FIELD11":null
    }
  },
  {
    "type": "Feature",
    "geometry": {
       "type": "Point",
       "coordinates":  [ 121.5019371,24.9896404 ]
    },
    "properties": {
    "id":"NTSC703",
    "city":"新北市",
    "type":"學校",
    "name":"市立復興國小",
    "dist":"中和區",
    "loc":"新北市中和區中興里30鄰復興路301巷6號",
    "FIELD9":"",
    "FIELD10":null,
    "FIELD11":null
    }
  },
  {
    "type": "Feature",
    "geometry": {
       "type": "Point",
       "coordinates":  [ 121.5149994,24.98930009 ]
    },
    "properties": {
    "id":"NTSC704",
    "city":"新北市",
    "type":"學校",
    "name":"市立景新國小",
    "dist":"中和區",
    "loc":"新北市中和區景南里31鄰景新街467巷37號",
    "FIELD9":"",
    "FIELD10":null,
    "FIELD11":null
    }
  },
  {
    "type": "Feature",
    "geometry": {
       "type": "Point",
       "coordinates":  [ 121.4813949,24.99905135 ]
    },
    "properties": {
    "id":"NTSC705",
    "city":"新北市",
    "type":"學校",
    "name":"市立積穗國小",
    "dist":"中和區",
    "loc":"新北市中和區文元里1鄰員山路154號",
    "FIELD9":"",
    "FIELD10":null,
    "FIELD11":null
    }
  },
  {
    "type": "Feature",
    "geometry": {
       "type": "Point",
       "coordinates":  [ 121.5091286,24.98673047 ]
    },
    "properties": {
    "id":"NTSC706",
    "city":"新北市",
    "type":"學校",
    "name":"市立興南國小",
    "dist":"中和區",
    "loc":"新北市中和區忠孝里27鄰興南路一段135巷24號",
    "FIELD9":"",
    "FIELD10":null,
    "FIELD11":null
    }
  },
  {
    "type": "Feature",
    "geometry": {
       "type": "Point",
       "coordinates":  [ 121.4895647,24.9894699 ]
    },
    "properties": {
    "id":"NTSC707",
    "city":"新北市",
    "type":"學校",
    "name":"市立錦和國小",
    "dist":"中和區",
    "loc":"新北市中和區錦中里16鄰圓通路292號",
    "FIELD9":"",
    "FIELD10":null,
    "FIELD11":null
    }
  },
  {
    "type": "Feature",
    "geometry": {
       "type": "Point",
       "coordinates":  [ 121.4374333,25.08267713 ]
    },
    "properties": {
    "id":"NTSC708",
    "city":"新北市",
    "type":"學校",
    "name":"市立五股國小",
    "dist":"五股區",
    "loc":"新北市五股區五股里1鄰成泰路二段49號",
    "FIELD9":"",
    "FIELD10":null,
    "FIELD11":null
    }
  },
  {
    "type": "Feature",
    "geometry": {
       "type": "Point",
       "coordinates":  [ 121.4505115,25.09977224 ]
    },
    "properties": {
    "id":"NTSC709",
    "city":"新北市",
    "type":"學校",
    "name":"市立成州國小",
    "dist":"五股區",
    "loc":"新北市五股區成州里10鄰成泰路三段493號",
    "FIELD9":"",
    "FIELD10":null,
    "FIELD11":null
    }
  },
  {
    "type": "Feature",
    "geometry": {
       "type": "Point",
       "coordinates":  [ 121.467281,25.07065065 ]
    },
    "properties": {
    "id":"NTSC710",
    "city":"新北市",
    "type":"學校",
    "name":"市立更寮國小",
    "dist":"五股區",
    "loc":"新北市五股區興珍里1鄰四維路2號",
    "FIELD9":"",
    "FIELD10":null,
    "FIELD11":null
    }
  },
  {
    "type": "Feature",
    "geometry": {
       "type": "Point",
       "coordinates":  [ 121.4345497,25.07136993 ]
    },
    "properties": {
    "id":"NTSC711",
    "city":"新北市",
    "type":"學校",
    "name":"市立德音國小",
    "dist":"五股區",
    "loc":"新北市五股區水碓里25鄰明德路2號",
    "FIELD9":"",
    "FIELD10":null,
    "FIELD11":null
    }
  },
  {
    "type": "Feature",
    "geometry": {
       "type": "Point",
       "coordinates":  [ 121.7776915,25.04339214 ]
    },
    "properties": {
    "id":"NTSC712",
    "city":"新北市",
    "type":"學校",
    "name":"市立十分國小",
    "dist":"平溪區",
    "loc":"新北市平溪區十分里6鄰十分街157號",
    "FIELD9":"",
    "FIELD10":null,
    "FIELD11":null
    }
  },
  {
    "type": "Feature",
    "geometry": {
       "type": "Point",
       "coordinates":  [ 121.7378852,25.02753678 ]
    },
    "properties": {
    "id":"NTSC713",
    "city":"新北市",
    "type":"學校",
    "name":"市立平溪國小",
    "dist":"平溪區",
    "loc":"新北市平溪區平溪里4鄰平溪街56號",
    "FIELD9":"",
    "FIELD10":null,
    "FIELD11":null
    }
  },
  {
    "type": "Feature",
    "geometry": {
       "type": "Point",
       "coordinates":  [ 121.7270394,25.02354366 ]
    },
    "properties": {
    "id":"NTSC714",
    "city":"新北市",
    "type":"學校",
    "name":"市立菁桐國小",
    "dist":"平溪區",
    "loc":"新北市平溪區菁桐里2鄰菁桐街45號",
    "FIELD9":"",
    "FIELD10":null,
    "FIELD11":null
    }
  },
  {
    "type": "Feature",
    "geometry": {
       "type": "Point",
       "coordinates":  [ 121.5057087,25.00788662 ]
    },
    "properties": {
    "id":"NTSC715",
    "city":"新北市",
    "type":"學校",
    "name":"市立永平國小",
    "dist":"永和區",
    "loc":"新北市永和區保安里27鄰保生路25號",
    "FIELD9":"",
    "FIELD10":null,
    "FIELD11":null
    }
  },
  {
    "type": "Feature",
    "geometry": {
       "type": "Point",
       "coordinates":  [ 121.5169994,25.00360304 ]
    },
    "properties": {
    "id":"NTSC716",
    "city":"新北市",
    "type":"學校",
    "name":"市立永和國小",
    "dist":"永和區",
    "loc":"新北市永和區潭墘里20鄰秀朗路一段120號",
    "FIELD9":"",
    "FIELD10":null,
    "FIELD11":null
    }
  },
  {
    "type": "Feature",
    "geometry": {
       "type": "Point",
       "coordinates":  [ 121.5214104,24.99967151 ]
    },
    "properties": {
    "id":"NTSC717",
    "city":"新北市",
    "type":"學校",
    "name":"市立秀朗國小",
    "dist":"永和區",
    "loc":"新北市永和區民權里1鄰得和路202號",
    "FIELD9":"",
    "FIELD10":null,
    "FIELD11":null
    }
  },
  {
    "type": "Feature",
    "geometry": {
       "type": "Point",
       "coordinates":  [ 121.5116085,25.0155344 ]
    },
    "properties": {
    "id":"NTSC718",
    "city":"新北市",
    "type":"學校",
    "name":"市立頂溪國小",
    "dist":"永和區",
    "loc":"新北市永和區文化里9鄰文化路133號",
    "FIELD9":"",
    "FIELD10":null,
    "FIELD11":null
    }
  },
  {
    "type": "Feature",
    "geometry": {
       "type": "Point",
       "coordinates":  [ 121.5193486,25.01293428 ]
    },
    "properties": {
    "id":"NTSC719",
    "city":"新北市",
    "type":"學校",
    "name":"市立網溪國小",
    "dist":"永和區",
    "loc":"新北市永和區上林里21鄰竹林路79號",
    "FIELD9":"",
    "FIELD10":null,
    "FIELD11":null
    }
  },
  {
    "type": "Feature",
    "geometry": {
       "type": "Point",
       "coordinates":  [ 121.5120398,25.01566355 ]
    },
    "properties": {
    "id":"NTSC720",
    "city":"新北市",
    "type":"學校",
    "name":"私立及人國小",
    "dist":"永和區",
    "loc":"新北市永和區新[廓]里6鄰文化路172號",
    "FIELD9":"",
    "FIELD10":null,
    "FIELD11":null
    }
  },
  {
    "type": "Feature",
    "geometry": {
       "type": "Point",
       "coordinates":  [ 121.5173195,25.0144941 ]
    },
    "properties": {
    "id":"NTSC721",
    "city":"新北市",
    "type":"學校",
    "name":"私立竹林國小",
    "dist":"永和區",
    "loc":"新北市永和區勵行里16鄰竹林路34號",
    "FIELD9":"",
    "FIELD10":null,
    "FIELD11":null
    }
  },
  {
    "type": "Feature",
    "geometry": {
       "type": "Point",
       "coordinates":  [ 121.5216409,25.00706303 ]
    },
    "properties": {
    "id":"NTSC722",
    "city":"新北市",
    "type":"學校",
    "name":"私立育才國小",
    "dist":"永和區",
    "loc":"新北市永和區永貞里2鄰福和路125巷20號",
    "FIELD9":"",
    "FIELD10":null,
    "FIELD11":null
    }
  },
  {
    "type": "Feature",
    "geometry": {
       "type": "Point",
       "coordinates":  [ 121.5673251,25.29188119 ]
    },
    "properties": {
    "id":"NTSC723",
    "city":"新北市",
    "type":"學校",
    "name":"市立石門國小",
    "dist":"石門區",
    "loc":"新北市石門區尖鹿里1鄰中央路9號",
    "FIELD9":"",
    "FIELD10":null,
    "FIELD11":null
    }
  },
  {
    "type": "Feature",
    "geometry": {
       "type": "Point",
       "coordinates":  [ 121.545032,25.28923227 ]
    },
    "properties": {
    "id":"NTSC724",
    "city":"新北市",
    "type":"學校",
    "name":"市立老梅國小",
    "dist":"石門區",
    "loc":"新北市石門區老梅里6鄰老梅路10號",
    "FIELD9":"",
    "FIELD10":null,
    "FIELD11":null
    }
  },
  {
    "type": "Feature",
    "geometry": {
       "type": "Point",
       "coordinates":  [ 121.545032,25.28923227 ]
    },
    "properties": {
    "id":"NTSC725",
    "city":"新北市",
    "type":"學校",
    "name":"市立老梅實驗小學",
    "dist":"石門區",
    "loc":"新北市石門區老梅里6鄰老梅路10號",
    "FIELD9":"",
    "FIELD10":null,
    "FIELD11":null
    }
  },
  {
    "type": "Feature",
    "geometry": {
       "type": "Point",
       "coordinates":  [ 121.545032,25.28923227 ]
    },
    "properties": {
    "id":"NTSC726",
    "city":"新北市",
    "type":"學校",
    "name":"市立老梅實驗國小",
    "dist":"石門區",
    "loc":"新北市石門區老梅里6鄰老梅路10號",
    "FIELD9":"",
    "FIELD10":null,
    "FIELD11":null
    }
  },
  {
    "type": "Feature",
    "geometry": {
       "type": "Point",
       "coordinates":  [ 121.5923468,25.26926099 ]
    },
    "properties": {
    "id":"NTSC727",
    "city":"新北市",
    "type":"學校",
    "name":"市立乾華國小",
    "dist":"石門區",
    "loc":"新北市石門區茂林里10鄰茂林社區74號",
    "FIELD9":"",
    "FIELD10":null,
    "FIELD11":null
    }
  },
  {
    "type": "Feature",
    "geometry": {
       "type": "Point",
       "coordinates":  [ 121.6880069,25.00779313 ]
    },
    "properties": {
    "id":"NTSC728",
    "city":"新北市",
    "type":"學校",
    "name":"市立永定國小",
    "dist":"石碇區",
    "loc":"新北市石碇區永定里9鄰靜安路一段245號",
    "FIELD9":"",
    "FIELD10":null,
    "FIELD11":null
    }
  },
  {
    "type": "Feature",
    "geometry": {
       "type": "Point",
       "coordinates":  [ 121.6589545,24.99026124 ]
    },
    "properties": {
    "id":"NTSC729",
    "city":"新北市",
    "type":"學校",
    "name":"市立石碇國小",
    "dist":"石碇區",
    "loc":"新北市石碇區石碇里6鄰石碇西街15號",
    "FIELD9":"",
    "FIELD10":null,
    "FIELD11":null
    }
  },
  {
    "type": "Feature",
    "geometry": {
       "type": "Point",
       "coordinates":  [ 121.6417222,25.01166415 ]
    },
    "properties": {
    "id":"NTSC730",
    "city":"新北市",
    "type":"學校",
    "name":"市立和平國小",
    "dist":"石碇區",
    "loc":"新北市石碇區隆盛里11鄰八分寮5號",
    "FIELD9":"",
    "FIELD10":null,
    "FIELD11":null
    }
  },
  {
    "type": "Feature",
    "geometry": {
       "type": "Point",
       "coordinates":  [ 121.6365373,24.95297039 ]
    },
    "properties": {
    "id":"NTSC731",
    "city":"新北市",
    "type":"學校",
    "name":"市立雲海國小",
    "dist":"石碇區",
    "loc":"新北市石碇區格頭里9鄰北宜路五段坑內巷1號",
    "FIELD9":"",
    "FIELD10":null,
    "FIELD11":null
    }
  },
  {
    "type": "Feature",
    "geometry": {
       "type": "Point",
       "coordinates":  [ 121.6328316,25.06381898 ]
    },
    "properties": {
    "id":"NTSC732",
    "city":"新北市",
    "type":"學校",
    "name":"市立北峰國小",
    "dist":"汐止區",
    "loc":"新北市汐止區中興里32鄰環河街1號",
    "FIELD9":"",
    "FIELD10":null,
    "FIELD11":null
    }
  },
  {
    "type": "Feature",
    "geometry": {
       "type": "Point",
       "coordinates":  [ 121.6450727,25.08914126 ]
    },
    "properties": {
    "id":"NTSC733",
    "city":"新北市",
    "type":"學校",
    "name":"市立北港國小",
    "dist":"汐止區",
    "loc":"新北市汐止區拱北里13鄰汐萬路二段279號",
    "FIELD9":"",
    "FIELD10":null,
    "FIELD11":null
    }
  },
  {
    "type": "Feature",
    "geometry": {
       "type": "Point",
       "coordinates":  [ 121.6188996,25.04772774 ]
    },
    "properties": {
    "id":"NTSC734",
    "city":"新北市",
    "type":"學校",
    "name":"市立白雲國小",
    "dist":"汐止區",
    "loc":"新北市汐止區福山里6鄰民權街二段90號",
    "FIELD9":"",
    "FIELD10":null,
    "FIELD11":null
    }
  },
  {
    "type": "Feature",
    "geometry": {
       "type": "Point",
       "coordinates":  [ 121.655254,25.06692944 ]
    },
    "properties": {
    "id":"NTSC735",
    "city":"新北市",
    "type":"學校",
    "name":"市立汐止國小",
    "dist":"汐止區",
    "loc":"新北市汐止區智慧里7鄰大同路二段313號",
    "FIELD9":"",
    "FIELD10":null,
    "FIELD11":null
    }
  },
  {
    "type": "Feature",
    "geometry": {
       "type": "Point",
       "coordinates":  [ 121.6615546,25.06257839 ]
    },
    "properties": {
    "id":"NTSC736",
    "city":"新北市",
    "type":"學校",
    "name":"市立秀峰國小",
    "dist":"汐止區",
    "loc":"新北市汐止區秀山里5鄰仁愛路90號",
    "FIELD9":"",
    "FIELD10":null,
    "FIELD11":null
    }
  },
  {
    "type": "Feature",
    "geometry": {
       "type": "Point",
       "coordinates":  [ 121.6995577,25.05972772 ]
    },
    "properties": {
    "id":"NTSC737",
    "city":"新北市",
    "type":"學校",
    "name":"市立東山國小",
    "dist":"汐止區",
    "loc":"新北市汐止區東山里9鄰汐平路二段76號",
    "FIELD9":"",
    "FIELD10":null,
    "FIELD11":null
    }
  },
  {
    "type": "Feature",
    "geometry": {
       "type": "Point",
       "coordinates":  [ 121.6272113,25.06872921 ]
    },
    "properties": {
    "id":"NTSC738",
    "city":"新北市",
    "type":"學校",
    "name":"市立金龍國小",
    "dist":"汐止區",
    "loc":"新北市汐止區北峰里6鄰明峰街201號",
    "FIELD9":"",
    "FIELD10":null,
    "FIELD11":null
    }
  },
  {
    "type": "Feature",
    "geometry": {
       "type": "Point",
       "coordinates":  [ 121.6706956,25.07937992 ]
    },
    "properties": {
    "id":"NTSC739",
    "city":"新北市",
    "type":"學校",
    "name":"市立長安國小",
    "dist":"汐止區",
    "loc":"新北市汐止區長安里11鄰長興街一段80號",
    "FIELD9":"",
    "FIELD10":null,
    "FIELD11":null
    }
  },
  {
    "type": "Feature",
    "geometry": {
       "type": "Point",
       "coordinates":  [ 121.6563045,25.06076586 ]
    },
    "properties": {
    "id":"NTSC740",
    "city":"新北市",
    "type":"學校",
    "name":"市立青山國(中)小",
    "dist":"汐止區",
    "loc":"新北市汐止區自強里20鄰莊敬街33號",
    "FIELD9":"",
    "FIELD10":null,
    "FIELD11":null
    }
  },
  {
    "type": "Feature",
    "geometry": {
       "type": "Point",
       "coordinates":  [ 121.681415,25.07170993 ]
    },
    "properties": {
    "id":"NTSC741",
    "city":"新北市",
    "type":"學校",
    "name":"市立保長國小",
    "dist":"汐止區",
    "loc":"新北市汐止區保安里8鄰大同路三段553號",
    "FIELD9":"",
    "FIELD10":null,
    "FIELD11":null
    }
  },
  {
    "type": "Feature",
    "geometry": {
       "type": "Point",
       "coordinates":  [ 121.6690049,25.06943862 ]
    },
    "properties": {
    "id":"NTSC742",
    "city":"新北市",
    "type":"學校",
    "name":"市立崇德國小",
    "dist":"汐止區",
    "loc":"新北市汐止區茄苳里1鄰茄苳路158號",
    "FIELD9":"",
    "FIELD10":null,
    "FIELD11":null
    }
  },
  {
    "type": "Feature",
    "geometry": {
       "type": "Point",
       "coordinates":  [ 121.641683,25.06652874 ]
    },
    "properties": {
    "id":"NTSC743",
    "city":"新北市",
    "type":"學校",
    "name":"市立樟樹國小",
    "dist":"汐止區",
    "loc":"新北市汐止區厚德里6鄰樟樹一路141巷2號",
    "FIELD9":"",
    "FIELD10":null,
    "FIELD11":null
    }
  },
  {
    "type": "Feature",
    "geometry": {
       "type": "Point",
       "coordinates":  [ 121.6417226,25.03718618 ]
    },
    "properties": {
    "id":"NTSC744",
    "city":"新北市",
    "type":"學校",
    "name":"森林小學",
    "dist":"汐止區",
    "loc":"新北市汐止區白雲里9鄰汐碇路373號",
    "FIELD9":"",
    "FIELD10":null,
    "FIELD11":null
    }
  },
  {
    "type": "Feature",
    "geometry": {
       "type": "Point",
       "coordinates":  [ 121.7108815,24.93623498 ]
    },
    "properties": {
    "id":"NTSC745",
    "city":"新北市",
    "type":"學校",
    "name":"市立坪林國小",
    "dist":"坪林區",
    "loc":"新北市坪林區坪林里2鄰坪林街114號",
    "FIELD9":"",
    "FIELD10":null,
    "FIELD11":null
    }
  },
  {
    "type": "Feature",
    "geometry": {
       "type": "Point",
       "coordinates":  [ 121.7365131,24.96105838 ]
    },
    "properties": {
    "id":"NTSC746",
    "city":"新北市",
    "type":"學校",
    "name":"市立坪林國小漁光分班",
    "dist":"坪林區",
    "loc":"新北市坪林區漁光里1鄰大舌湖35號",
    "FIELD9":"",
    "FIELD10":null,
    "FIELD11":null
    }
  },
  {
    "type": "Feature",
    "geometry": {
       "type": "Point",
       "coordinates":  [ 121.7365131,24.96105838 ]
    },
    "properties": {
    "id":"NTSC747",
    "city":"新北市",
    "type":"學校",
    "name":"市立坪林國小漁光校區",
    "dist":"坪林區",
    "loc":"新北市坪林區漁光里1鄰大舌湖35號",
    "FIELD9":"",
    "FIELD10":null,
    "FIELD11":null
    }
  },
  {
    "type": "Feature",
    "geometry": {
       "type": "Point",
       "coordinates":  [ 121.7708375,24.96549811 ]
    },
    "properties": {
    "id":"NTSC748",
    "city":"新北市",
    "type":"學校",
    "name":"市立坪林國小闊瀨校區",
    "dist":"坪林區",
    "loc":"新北市坪林區漁光里8鄰楣子寮19號",
    "FIELD9":"",
    "FIELD10":null,
    "FIELD11":null
    }
  },
  {
    "type": "Feature",
    "geometry": {
       "type": "Point",
       "coordinates":  [ 121.3819987,25.07591172 ]
    },
    "properties": {
    "id":"NTSC749",
    "city":"新北市",
    "type":"學校",
    "name":"市立東湖國小",
    "dist":"林口區",
    "loc":"新北市林口區西林里17鄰佳林路200號",
    "FIELD9":"",
    "FIELD10":null,
    "FIELD11":null
    }
  },
  {
    "type": "Feature",
    "geometry": {
       "type": "Point",
       "coordinates":  [ 121.3898946,25.0808415 ]
    },
    "properties": {
    "id":"NTSC750",
    "city":"新北市",
    "type":"學校",
    "name":"市立林口國小",
    "dist":"林口區",
    "loc":"新北市林口區菁湖里4鄰林口路76號",
    "FIELD9":"",
    "FIELD10":null,
    "FIELD11":null
    }
  },
  {
    "type": "Feature",
    "geometry": {
       "type": "Point",
       "coordinates":  [ 121.3589015,25.07521984 ]
    },
    "properties": {
    "id":"NTSC751",
    "city":"新北市",
    "type":"學校",
    "name":"市立南勢國小",
    "dist":"林口區",
    "loc":"新北市林口區南勢里5鄰南勢五街2號",
    "FIELD9":"",
    "FIELD10":null,
    "FIELD11":null
    }
  },
  {
    "type": "Feature",
    "geometry": {
       "type": "Point",
       "coordinates":  [ 121.3594704,25.06957973 ]
    },
    "properties": {
    "id":"NTSC752",
    "city":"新北市",
    "type":"學校",
    "name":"市立新林國小",
    "dist":"林口區",
    "loc":"新北市林口區南勢里19鄰三民路101號",
    "FIELD9":"",
    "FIELD10":null,
    "FIELD11":null
    }
  },
  {
    "type": "Feature",
    "geometry": {
       "type": "Point",
       "coordinates":  [ 121.3493201,25.12839557 ]
    },
    "properties": {
    "id":"NTSC753",
    "city":"新北市",
    "type":"學校",
    "name":"市立瑞平國小",
    "dist":"林口區",
    "loc":"新北市林口區太平里11鄰後坑34-1號",
    "FIELD9":"",
    "FIELD10":null,
    "FIELD11":null
    }
  },
  {
    "type": "Feature",
    "geometry": {
       "type": "Point",
       "coordinates":  [ 121.3395867,25.10816655 ]
    },
    "properties": {
    "id":"NTSC754",
    "city":"新北市",
    "type":"學校",
    "name":"市立嘉寶國小",
    "dist":"林口區",
    "loc":"新北市林口區嘉寶里1鄰嘉溪雅坑22號",
    "FIELD9":"",
    "FIELD10":null,
    "FIELD11":null
    }
  },
  {
    "type": "Feature",
    "geometry": {
       "type": "Point",
       "coordinates":  [ 121.3130173,25.11238492 ]
    },
    "properties": {
    "id":"NTSC755",
    "city":"新北市",
    "type":"學校",
    "name":"市立興福國小",
    "dist":"林口區",
    "loc":"新北市林口區下福里20鄰下福10-1號",
    "FIELD9":"",
    "FIELD10":null,
    "FIELD11":null
    }
  },
  {
    "type": "Feature",
    "geometry": {
       "type": "Point",
       "coordinates":  [ 121.3728533,25.0827311 ]
    },
    "properties": {
    "id":"NTSC756",
    "city":"新北市",
    "type":"學校",
    "name":"市立頭湖國小",
    "dist":"林口區",
    "loc":"新北市林口區湖南里31鄰民權路101號",
    "FIELD9":"",
    "FIELD10":null,
    "FIELD11":null
    }
  },
  {
    "type": "Feature",
    "geometry": {
       "type": "Point",
       "coordinates":  [ 121.3679028,25.06871919 ]
    },
    "properties": {
    "id":"NTSC757",
    "city":"新北市",
    "type":"學校",
    "name":"市立麗林國小",
    "dist":"林口區",
    "loc":"新北市林口區麗林里29鄰公園路46號",
    "FIELD9":"",
    "FIELD10":null,
    "FIELD11":null
    }
  },
  {
    "type": "Feature",
    "geometry": {
       "type": "Point",
       "coordinates":  [ 121.376193,25.0685889 ]
    },
    "properties": {
    "id":"NTSC758",
    "city":"新北市",
    "type":"學校",
    "name":"市立麗園國小",
    "dist":"林口區",
    "loc":"新北市林口區麗園里17鄰忠孝路591號",
    "FIELD9":"",
    "FIELD10":null,
    "FIELD11":null
    }
  },
  {
    "type": "Feature",
    "geometry": {
       "type": "Point",
       "coordinates":  [ 121.3898735,25.07451002 ]
    },
    "properties": {
    "id":"NTSC759",
    "city":"新北市",
    "type":"學校",
    "name":"新北市林口康橋國際高中附設國小",
    "dist":"林口區",
    "loc":"新北市林口區西林里34鄰興林路55號",
    "FIELD9":"",
    "FIELD10":null,
    "FIELD11":null
    }
  },
  {
    "type": "Feature",
    "geometry": {
       "type": "Point",
       "coordinates":  [ 121.4493509,25.00861342 ]
    },
    "properties": {
    "id":"NTSC760",
    "city":"新北市",
    "type":"學校",
    "name":"市立大觀國小",
    "dist":"板橋區",
    "loc":"新北市板橋區浮洲里25鄰大觀路一段30號",
    "FIELD9":"",
    "FIELD10":null,
    "FIELD11":null
    }
  },
  {
    "type": "Feature",
    "geometry": {
       "type": "Point",
       "coordinates":  [ 121.4476812,25.00230242 ]
    },
    "properties": {
    "id":"NTSC761",
    "city":"新北市",
    "type":"學校",
    "name":"市立中山國小",
    "dist":"板橋區",
    "loc":"新北市板橋區中山里21鄰大觀路二段59巷31號",
    "FIELD9":"",
    "FIELD10":null,
    "FIELD11":null
    }
  },
  {
    "type": "Feature",
    "geometry": {
       "type": "Point",
       "coordinates":  [ 121.4774738,25.02922483 ]
    },
    "properties": {
    "id":"NTSC762",
    "city":"新北市",
    "type":"學校",
    "name":"市立文聖國小",
    "dist":"板橋區",
    "loc":"新北市板橋區松柏里5鄰文聖街86號",
    "FIELD9":"",
    "FIELD10":null,
    "FIELD11":null
    }
  },
  {
    "type": "Feature",
    "geometry": {
       "type": "Point",
       "coordinates":  [ 121.4585016,25.02251479 ]
    },
    "properties": {
    "id":"NTSC763",
    "city":"新北市",
    "type":"學校",
    "name":"市立文德國小",
    "dist":"板橋區",
    "loc":"新北市板橋區幸福里11鄰英士路179號",
    "FIELD9":"",
    "FIELD10":null,
    "FIELD11":null
    }
  },
  {
    "type": "Feature",
    "geometry": {
       "type": "Point",
       "coordinates":  [ 121.4741644,25.03237568 ]
    },
    "properties": {
    "id":"NTSC764",
    "city":"新北市",
    "type":"學校",
    "name":"市立江翠國小",
    "dist":"板橋區",
    "loc":"新北市板橋區柏翠里2鄰文化路二段413號",
    "FIELD9":"",
    "FIELD10":null,
    "FIELD11":null
    }
  },
  {
    "type": "Feature",
    "geometry": {
       "type": "Point",
       "coordinates":  [ 121.4305293,24.98974008 ]
    },
    "properties": {
    "id":"NTSC765",
    "city":"新北市",
    "type":"學校",
    "name":"市立沙崙國小",
    "dist":"板橋區",
    "loc":"新北市板橋區溪北里18鄰篤行路二段132號",
    "FIELD9":"",
    "FIELD10":null,
    "FIELD11":null
    }
  },
  {
    "type": "Feature",
    "geometry": {
       "type": "Point",
       "coordinates":  [ 121.4581916,25.01080386 ]
    },
    "properties": {
    "id":"NTSC766",
    "city":"新北市",
    "type":"學校",
    "name":"市立板橋國小",
    "dist":"板橋區",
    "loc":"新北市板橋區黃石里10鄰文化路一段23號",
    "FIELD9":"",
    "FIELD10":null,
    "FIELD11":null
    }
  },
  {
    "type": "Feature",
    "geometry": {
       "type": "Point",
       "coordinates":  [ 121.4528123,24.99173048 ]
    },
    "properties": {
    "id":"NTSC767",
    "city":"新北市",
    "type":"學校",
    "name":"市立信義國小",
    "dist":"板橋區",
    "loc":"新北市板橋區華德里23鄰四川路二段245巷60號",
    "FIELD9":"",
    "FIELD10":null,
    "FIELD11":null
    }
  },
  {
    "type": "Feature",
    "geometry": {
       "type": "Point",
       "coordinates":  [ 121.4626927,25.00334275 ]
    },
    "properties": {
    "id":"NTSC768",
    "city":"新北市",
    "type":"學校",
    "name":"市立後埔國小",
    "dist":"板橋區",
    "loc":"新北市板橋區福星里17鄰重慶路157號",
    "FIELD9":"",
    "FIELD10":null,
    "FIELD11":null
    }
  },
  {
    "type": "Feature",
    "geometry": {
       "type": "Point",
       "coordinates":  [ 121.4624239,24.99445145 ]
    },
    "properties": {
    "id":"NTSC769",
    "city":"新北市",
    "type":"學校",
    "name":"市立重慶國小",
    "dist":"板橋區",
    "loc":"新北市板橋區五權里1鄰廣和街31號",
    "FIELD9":"",
    "FIELD10":null,
    "FIELD11":null
    }
  },
  {
    "type": "Feature",
    "geometry": {
       "type": "Point",
       "coordinates":  [ 121.4741098,25.01816365 ]
    },
    "properties": {
    "id":"NTSC770",
    "city":"新北市",
    "type":"學校",
    "name":"市立埔墘國小",
    "dist":"板橋區",
    "loc":"新北市板橋區光仁里14鄰永豐街42-8號",
    "FIELD9":"",
    "FIELD10":null,
    "FIELD11":null
    }
  },
  {
    "type": "Feature",
    "geometry": {
       "type": "Point",
       "coordinates":  [ 121.4709042,25.00955275 ]
    },
    "properties": {
    "id":"NTSC771",
    "city":"新北市",
    "type":"學校",
    "name":"市立海山國小",
    "dist":"板橋區",
    "loc":"新北市板橋區深丘里12鄰漢生東路280號",
    "FIELD9":"",
    "FIELD10":null,
    "FIELD11":null
    }
  },
  {
    "type": "Feature",
    "geometry": {
       "type": "Point",
       "coordinates":  [ 121.4533516,25.01942417 ]
    },
    "properties": {
    "id":"NTSC772",
    "city":"新北市",
    "type":"學校",
    "name":"市立國光國小",
    "dist":"板橋區",
    "loc":"新北市板橋區香社里1鄰中正路325巷30號",
    "FIELD9":"",
    "FIELD10":null,
    "FIELD11":null
    }
  },
  {
    "type": "Feature",
    "geometry": {
       "type": "Point",
       "coordinates":  [ 121.474224,25.02518493 ]
    },
    "properties": {
    "id":"NTSC773",
    "city":"新北市",
    "type":"學校",
    "name":"市立莒光國小",
    "dist":"板橋區",
    "loc":"新北市板橋區華翠里12鄰莒光路163號",
    "FIELD9":"",
    "FIELD10":null,
    "FIELD11":null
    }
  },
  {
    "type": "Feature",
    "geometry": {
       "type": "Point",
       "coordinates":  [ 121.4625927,25.02588524 ]
    },
    "properties": {
    "id":"NTSC774",
    "city":"新北市",
    "type":"學校",
    "name":"市立新埔國小",
    "dist":"板橋區",
    "loc":"新北市板橋區新翠里4鄰陽明街206號",
    "FIELD9":"",
    "FIELD10":null,
    "FIELD11":null
    }
  },
  {
    "type": "Feature",
    "geometry": {
       "type": "Point",
       "coordinates":  [ 121.4308804,24.98732085 ]
    },
    "properties": {
    "id":"NTSC775",
    "city":"新北市",
    "type":"學校",
    "name":"市立溪洲國小",
    "dist":"板橋區",
    "loc":"新北市板橋區溪福里19鄰金門街289號",
    "FIELD9":"",
    "FIELD10":null,
    "FIELD11":null
    }
  },
  {
    "type": "Feature",
    "geometry": {
       "type": "Point",
       "coordinates":  [ 121.4663933,25.0050136 ]
    },
    "properties": {
    "id":"NTSC776",
    "city":"新北市",
    "type":"學校",
    "name":"市立實踐國小",
    "dist":"板橋區",
    "loc":"新北市板橋區國泰里5鄰實踐路93巷51號",
    "FIELD9":"",
    "FIELD10":null,
    "FIELD11":null
    }
  },
  {
    "type": "Feature",
    "geometry": {
       "type": "Point",
       "coordinates":  [ 121.6028888,25.21889646 ]
    },
    "properties": {
    "id":"NTSC777",
    "city":"新北市",
    "type":"學校",
    "name":"市立三和國小",
    "dist":"金山區",
    "loc":"新北市金山區重和里11鄰六股林口38號",
    "FIELD9":"",
    "FIELD10":null,
    "FIELD11":null
    }
  },
  {
    "type": "Feature",
    "geometry": {
       "type": "Point",
       "coordinates":  [ 121.6305813,25.23975754 ]
    },
    "properties": {
    "id":"NTSC778",
    "city":"新北市",
    "type":"學校",
    "name":"市立中角國小",
    "dist":"金山區",
    "loc":"新北市金山區萬壽里2鄰海興路49號",
    "FIELD9":"",
    "FIELD10":null,
    "FIELD11":null
    }
  },
  {
    "type": "Feature",
    "geometry": {
       "type": "Point",
       "coordinates":  [ 121.6365126,25.22296632 ]
    },
    "properties": {
    "id":"NTSC779",
    "city":"新北市",
    "type":"學校",
    "name":"市立金山國小",
    "dist":"金山區",
    "loc":"新北市金山區美田里2鄰中山路234號",
    "FIELD9":"",
    "FIELD10":null,
    "FIELD11":null
    }
  },
  {
    "type": "Feature",
    "geometry": {
       "type": "Point",
       "coordinates":  [ 121.6354721,25.2210366 ]
    },
    "properties": {
    "id":"NTSC780",
    "city":"新北市",
    "type":"學校",
    "name":"市立金美國小",
    "dist":"金山區",
    "loc":"新北市金山區金美里16鄰忠孝一路111號",
    "FIELD9":"",
    "FIELD10":null,
    "FIELD11":null
    }
  },
  {
    "type": "Feature",
    "geometry": {
       "type": "Point",
       "coordinates":  [ 121.4280989,25.05429822 ]
    },
    "properties": {
    "id":"NTSC781",
    "city":"新北市",
    "type":"學校",
    "name":"市立同榮國小",
    "dist":"泰山區",
    "loc":"新北市泰山區義學里2鄰公園路33號",
    "FIELD9":"",
    "FIELD10":null,
    "FIELD11":null
    }
  },
  {
    "type": "Feature",
    "geometry": {
       "type": "Point",
       "coordinates":  [ 121.4274593,25.04524716 ]
    },
    "properties": {
    "id":"NTSC782",
    "city":"新北市",
    "type":"學校",
    "name":"市立明志國小",
    "dist":"泰山區",
    "loc":"新北市泰山區泰友里14鄰新生路2號",
    "FIELD9":"",
    "FIELD10":null,
    "FIELD11":null
    }
  },
  {
    "type": "Feature",
    "geometry": {
       "type": "Point",
       "coordinates":  [ 121.4312798,25.06234853 ]
    },
    "properties": {
    "id":"NTSC783",
    "city":"新北市",
    "type":"學校",
    "name":"市立泰山國小",
    "dist":"泰山區",
    "loc":"新北市泰山區山腳里32鄰泰林路二段255號",
    "FIELD9":"",
    "FIELD10":null,
    "FIELD11":null
    }
  },
  {
    "type": "Feature",
    "geometry": {
       "type": "Point",
       "coordinates":  [ 121.4309497,25.05221774 ]
    },
    "properties": {
    "id":"NTSC784",
    "city":"新北市",
    "type":"學校",
    "name":"市立義學國小",
    "dist":"泰山區",
    "loc":"新北市泰山區義仁里4鄰民生路30號",
    "FIELD9":"",
    "FIELD10":null,
    "FIELD11":null
    }
  },
  {
    "type": "Feature",
    "geometry": {
       "type": "Point",
       "coordinates":  [ 121.5537086,24.86325185 ]
    },
    "properties": {
    "id":"NTSC785",
    "city":"新北市",
    "type":"學校",
    "name":"市立烏來國(中)小",
    "dist":"烏來區",
    "loc":"新北市烏來區烏來里3鄰啦卡路5號",
    "FIELD9":"",
    "FIELD10":null,
    "FIELD11":null
    }
  },
  {
    "type": "Feature",
    "geometry": {
       "type": "Point",
       "coordinates":  [ 121.5019778,24.77731734 ]
    },
    "properties": {
    "id":"NTSC786",
    "city":"新北市",
    "type":"學校",
    "name":"市立德拉楠民族實驗小學",
    "dist":"烏來區",
    "loc":"新北市烏來區福山里2鄰李茂岸56號",
    "FIELD9":"",
    "FIELD10":null,
    "FIELD11":null
    }
  },
  {
    "type": "Feature",
    "geometry": {
       "type": "Point",
       "coordinates":  [ 121.52861,24.83873359 ]
    },
    "properties": {
    "id":"NTSC787",
    "city":"新北市",
    "type":"學校",
    "name":"私立信賢種籽親子實小",
    "dist":"烏來區",
    "loc":"新北市烏來區信賢里4鄰娃娃谷41號",
    "FIELD9":"",
    "FIELD10":null,
    "FIELD11":null
    }
  },
  {
    "type": "Feature",
    "geometry": {
       "type": "Point",
       "coordinates":  [ 121.52861,24.83873359 ]
    },
    "properties": {
    "id":"NTSC788",
    "city":"新北市",
    "type":"學校",
    "name":"私立信賢種籽親子實驗國小",
    "dist":"烏來區",
    "loc":"新北市烏來區信賢里4鄰娃娃谷41號",
    "FIELD9":"",
    "FIELD10":null,
    "FIELD11":null
    }
  },
  {
    "type": "Feature",
    "geometry": {
       "type": "Point",
       "coordinates":  [ 121.52861,24.83873359 ]
    },
    "properties": {
    "id":"NTSC789",
    "city":"新北市",
    "type":"學校",
    "name":"私立種籽親子實小",
    "dist":"烏來區",
    "loc":"新北市烏來區信賢里4鄰娃娃谷41號",
    "FIELD9":"",
    "FIELD10":null,
    "FIELD11":null
    }
  },
  {
    "type": "Feature",
    "geometry": {
       "type": "Point",
       "coordinates":  [ 121.919333,25.11232435 ]
    },
    "properties": {
    "id":"NTSC790",
    "city":"新北市",
    "type":"學校",
    "name":"市立和美國小",
    "dist":"貢寮區",
    "loc":"新北市貢寮區和美里15鄰龍洞街1-9號",
    "FIELD9":"",
    "FIELD10":null,
    "FIELD11":null
    }
  },
  {
    "type": "Feature",
    "geometry": {
       "type": "Point",
       "coordinates":  [ 121.9150827,25.02201476 ]
    },
    "properties": {
    "id":"NTSC791",
    "city":"新北市",
    "type":"學校",
    "name":"市立貢寮國小",
    "dist":"貢寮區",
    "loc":"新北市貢寮區雙玉里10鄰學苑街7號",
    "FIELD9":"",
    "FIELD10":null,
    "FIELD11":null
    }
  },
  {
    "type": "Feature",
    "geometry": {
       "type": "Point",
       "coordinates":  [ 121.9884696,25.01681395 ]
    },
    "properties": {
    "id":"NTSC792",
    "city":"新北市",
    "type":"學校",
    "name":"市立福連國小",
    "dist":"貢寮區",
    "loc":"新北市貢寮區福連里4鄰福連街1號",
    "FIELD9":"",
    "FIELD10":null,
    "FIELD11":null
    }
  },
  {
    "type": "Feature",
    "geometry": {
       "type": "Point",
       "coordinates":  [ 121.9488255,25.01760351 ]
    },
    "properties": {
    "id":"NTSC793",
    "city":"新北市",
    "type":"學校",
    "name":"市立福隆國小",
    "dist":"貢寮區",
    "loc":"新北市貢寮區福隆里5鄰東興街35號",
    "FIELD9":"",
    "FIELD10":null,
    "FIELD11":null
    }
  },
  {
    "type": "Feature",
    "geometry": {
       "type": "Point",
       "coordinates":  [ 121.9246239,25.05488769 ]
    },
    "properties": {
    "id":"NTSC794",
    "city":"新北市",
    "type":"學校",
    "name":"市立澳底國小",
    "dist":"貢寮區",
    "loc":"新北市貢寮區真理里4鄰延平街10號",
    "FIELD9":"",
    "FIELD10":null,
    "FIELD11":null
    }
  },
  {
    "type": "Feature",
    "geometry": {
       "type": "Point",
       "coordinates":  [ 121.4846552,25.22405715 ]
    },
    "properties": {
    "id":"NTSC795",
    "city":"新北市",
    "type":"學校",
    "name":"市立中泰國小",
    "dist":"淡水區",
    "loc":"新北市淡水區中和里9鄰北勢子5號",
    "FIELD9":"",
    "FIELD10":null,
    "FIELD11":null
    }
  },
  {
    "type": "Feature",
    "geometry": {
       "type": "Point",
       "coordinates":  [ 121.424289,25.1815621 ]
    },
    "properties": {
    "id":"NTSC796",
    "city":"新北市",
    "type":"學校",
    "name":"市立天生國小",
    "dist":"淡水區",
    "loc":"新北市淡水區油車里12鄰淡海路72巷26號",
    "FIELD9":"",
    "FIELD10":null,
    "FIELD11":null
    }
  },
  {
    "type": "Feature",
    "geometry": {
       "type": "Point",
       "coordinates":  [ 121.4563626,25.23734775 ]
    },
    "properties": {
    "id":"NTSC797",
    "city":"新北市",
    "type":"學校",
    "name":"市立屯山國小",
    "dist":"淡水區",
    "loc":"新北市淡水區屯山里6鄰淡金路五段111號",
    "FIELD9":"",
    "FIELD10":null,
    "FIELD11":null
    }
  },
  {
    "type": "Feature",
    "geometry": {
       "type": "Point",
       "coordinates":  [ 121.4373803,25.17396106 ]
    },
    "properties": {
    "id":"NTSC798",
    "city":"新北市",
    "type":"學校",
    "name":"市立文化國小",
    "dist":"淡水區",
    "loc":"新北市淡水區文化里8鄰真理街6號",
    "FIELD9":"",
    "FIELD10":null,
    "FIELD11":null
    }
  },
  {
    "type": "Feature",
    "geometry": {
       "type": "Point",
       "coordinates":  [ 121.4765234,25.1858112 ]
    },
    "properties": {
    "id":"NTSC799",
    "city":"新北市",
    "type":"學校",
    "name":"市立水源國小",
    "dist":"淡水區",
    "loc":"新北市淡水區水源里9鄰北新路二段15號",
    "FIELD9":"",
    "FIELD10":null,
    "FIELD11":null
    }
  },
  {
    "type": "Feature",
    "geometry": {
       "type": "Point",
       "coordinates":  [ 121.4602432,25.14753801 ]
    },
    "properties": {
    "id":"NTSC800",
    "city":"新北市",
    "type":"學校",
    "name":"市立竹圍國小",
    "dist":"淡水區",
    "loc":"新北市淡水區八勢里2鄰中正東路二段145號",
    "FIELD9":"",
    "FIELD10":null,
    "FIELD11":null
    }
  },
  {
    "type": "Feature",
    "geometry": {
       "type": "Point",
       "coordinates":  [ 121.4639721,25.12583446 ]
    },
    "properties": {
    "id":"NTSC801",
    "city":"新北市",
    "type":"學校",
    "name":"市立竹圍國小自強分校",
    "dist":"淡水區",
    "loc":"新北市淡水區福德里10鄰自強路33號",
    "FIELD9":"",
    "FIELD10":null,
    "FIELD11":null
    }
  },
  {
    "type": "Feature",
    "geometry": {
       "type": "Point",
       "coordinates":  [ 121.4448801,25.19705359 ]
    },
    "properties": {
    "id":"NTSC802",
    "city":"新北市",
    "type":"學校",
    "name":"市立育英國小",
    "dist":"淡水區",
    "loc":"新北市淡水區埤島里4鄰埤島14號",
    "FIELD9":"",
    "FIELD10":null,
    "FIELD11":null
    }
  },
  {
    "type": "Feature",
    "geometry": {
       "type": "Point",
       "coordinates":  [ 121.4838949,25.15809905 ]
    },
    "properties": {
    "id":"NTSC803",
    "city":"新北市",
    "type":"學校",
    "name":"市立坪頂國小",
    "dist":"淡水區",
    "loc":"新北市淡水區坪頂里3鄰坪頂路757號",
    "FIELD9":"",
    "FIELD10":null,
    "FIELD11":null
    }
  },
  {
    "type": "Feature",
    "geometry": {
       "type": "Point",
       "coordinates":  [ 121.4799836,25.20044461 ]
    },
    "properties": {
    "id":"NTSC804",
    "city":"新北市",
    "type":"學校",
    "name":"市立忠山國小",
    "dist":"淡水區",
    "loc":"新北市淡水區忠山里5鄰行忠路899號",
    "FIELD9":"",
    "FIELD10":null,
    "FIELD11":null
    }
  },
  {
    "type": "Feature",
    "geometry": {
       "type": "Point",
       "coordinates":  [ 121.4799836,25.20044461 ]
    },
    "properties": {
    "id":"NTSC805",
    "city":"新北市",
    "type":"學校",
    "name":"市立忠山實驗小學",
    "dist":"淡水區",
    "loc":"新北市淡水區忠山里5鄰行忠路899號",
    "FIELD9":"",
    "FIELD10":null,
    "FIELD11":null
    }
  },
  {
    "type": "Feature",
    "geometry": {
       "type": "Point",
       "coordinates":  [ 121.4799836,25.20044461 ]
    },
    "properties": {
    "id":"NTSC806",
    "city":"新北市",
    "type":"學校",
    "name":"市立忠山實驗國小",
    "dist":"淡水區",
    "loc":"新北市淡水區忠山里5鄰行忠路899號",
    "FIELD9":"",
    "FIELD10":null,
    "FIELD11":null
    }
  },
  {
    "type": "Feature",
    "geometry": {
       "type": "Point",
       "coordinates":  [ 121.4413615,25.17337054 ]
    },
    "properties": {
    "id":"NTSC807",
    "city":"新北市",
    "type":"學校",
    "name":"市立淡水國小",
    "dist":"淡水區",
    "loc":"新北市淡水區協元里4鄰中山路160號",
    "FIELD9":"",
    "FIELD10":null,
    "FIELD11":null
    }
  },
  {
    "type": "Feature",
    "geometry": {
       "type": "Point",
       "coordinates":  [ 121.4292523,25.19516922 ]
    },
    "properties": {
    "id":"NTSC808",
    "city":"新北市",
    "type":"學校",
    "name":"市立淡海國小",
    "dist":"淡水區",
    "loc":"新北市淡水區崁頂里13鄰新市二路二段81號",
    "FIELD9":"",
    "FIELD10":null,
    "FIELD11":null
    }
  },
  {
    "type": "Feature",
    "geometry": {
       "type": "Point",
       "coordinates":  [ 121.444511,25.18602215 ]
    },
    "properties": {
    "id":"NTSC809",
    "city":"新北市",
    "type":"學校",
    "name":"市立新市國小",
    "dist":"淡水區",
    "loc":"新北市淡水區北投里17鄰中山北路二段200號",
    "FIELD9":"",
    "FIELD10":null,
    "FIELD11":null
    }
  },
  {
    "type": "Feature",
    "geometry": {
       "type": "Point",
       "coordinates":  [ 121.440021,25.1796805 ]
    },
    "properties": {
    "id":"NTSC810",
    "city":"新北市",
    "type":"學校",
    "name":"市立新興國小",
    "dist":"淡水區",
    "loc":"新北市淡水區新興里6鄰新興街123號",
    "FIELD9":"",
    "FIELD10":null,
    "FIELD11":null
    }
  },
  {
    "type": "Feature",
    "geometry": {
       "type": "Point",
       "coordinates":  [ 121.4492914,25.17131105 ]
    },
    "properties": {
    "id":"NTSC811",
    "city":"新北市",
    "type":"學校",
    "name":"市立鄧公國小",
    "dist":"淡水區",
    "loc":"新北市淡水區學府里4鄰學府路99號",
    "FIELD9":"",
    "FIELD10":null,
    "FIELD11":null
    }
  },
  {
    "type": "Feature",
    "geometry": {
       "type": "Point",
       "coordinates":  [ 121.4510916,25.21748516 ]
    },
    "properties": {
    "id":"NTSC812",
    "city":"新北市",
    "type":"學校",
    "name":"市立興仁國小",
    "dist":"淡水區",
    "loc":"新北市淡水區興仁里4鄰興仁路101巷10號",
    "FIELD9":"",
    "FIELD10":null,
    "FIELD11":null
    }
  },
  {
    "type": "Feature",
    "geometry": {
       "type": "Point",
       "coordinates":  [ 121.4357722,25.17505665 ]
    },
    "properties": {
    "id":"NTSC813",
    "city":"新北市",
    "type":"學校",
    "name":"私立淡江高中附設小學部",
    "dist":"淡水區",
    "loc":"新北市淡水區文化里11鄰真理街26號",
    "FIELD9":"",
    "FIELD10":null,
    "FIELD11":null
    }
  },
  {
    "type": "Feature",
    "geometry": {
       "type": "Point",
       "coordinates":  [ 121.4357722,25.17505665 ]
    },
    "properties": {
    "id":"NTSC814",
    "city":"新北市",
    "type":"學校",
    "name":"私立淡江高中附設國小",
    "dist":"淡水區",
    "loc":"新北市淡水區文化里11鄰真理街26號",
    "FIELD9":"",
    "FIELD10":null,
    "FIELD11":null
    }
  },
  {
    "type": "Feature",
    "geometry": {
       "type": "Point",
       "coordinates":  [ 121.6168702,25.00180282 ]
    },
    "properties": {
    "id":"NTSC815",
    "city":"新北市",
    "type":"學校",
    "name":"市立深坑國小",
    "dist":"深坑區",
    "loc":"新北市深坑區深坑里30鄰文化街45號",
    "FIELD9":"",
    "FIELD10":null,
    "FIELD11":null
    }
  },
  {
    "type": "Feature",
    "geometry": {
       "type": "Point",
       "coordinates":  [ 121.5381904,24.97757903 ]
    },
    "properties": {
    "id":"NTSC816",
    "city":"新北市",
    "type":"學校",
    "name":"市立大豐國小",
    "dist":"新店區",
    "loc":"新北市新店區大豐里17鄰民族路108號",
    "FIELD9":"",
    "FIELD10":null,
    "FIELD11":null
    }
  },
  {
    "type": "Feature",
    "geometry": {
       "type": "Point",
       "coordinates":  [ 121.5366308,24.97173875 ]
    },
    "properties": {
    "id":"NTSC817",
    "city":"新北市",
    "type":"學校",
    "name":"市立中正國小",
    "dist":"新店區",
    "loc":"新北市新店區中正里22鄰三民路36號",
    "FIELD9":"",
    "FIELD10":null,
    "FIELD11":null
    }
  },
  {
    "type": "Feature",
    "geometry": {
       "type": "Point",
       "coordinates":  [ 121.5438919,24.97370879 ]
    },
    "properties": {
    "id":"NTSC818",
    "city":"新北市",
    "type":"學校",
    "name":"市立北新國小",
    "dist":"新店區",
    "loc":"新北市新店區張北里9鄰寶橋路8號",
    "FIELD9":"",
    "FIELD10":null,
    "FIELD11":null
    }
  },
  {
    "type": "Feature",
    "geometry": {
       "type": "Point",
       "coordinates":  [ 121.5141599,24.96130743 ]
    },
    "properties": {
    "id":"NTSC819",
    "city":"新北市",
    "type":"學校",
    "name":"市立安坑國小",
    "dist":"新店區",
    "loc":"新北市新店區公崙里17鄰安忠路36號",
    "FIELD9":"",
    "FIELD10":null,
    "FIELD11":null
    }
  },
  {
    "type": "Feature",
    "geometry": {
       "type": "Point",
       "coordinates":  [ 121.5464759,24.92246974 ]
    },
    "properties": {
    "id":"NTSC820",
    "city":"新北市",
    "type":"學校",
    "name":"市立屈尺國小",
    "dist":"新店區",
    "loc":"新北市新店區屈尺里10鄰屈尺路55號",
    "FIELD9":"",
    "FIELD10":null,
    "FIELD11":null
    }
  },
  {
    "type": "Feature",
    "geometry": {
       "type": "Point",
       "coordinates":  [ 121.5396205,24.91253342 ]
    },
    "properties": {
    "id":"NTSC821",
    "city":"新北市",
    "type":"學校",
    "name":"市立屈尺國小廣興分校",
    "dist":"新店區",
    "loc":"新北市新店區廣興里2鄰廣興路57號",
    "FIELD9":"",
    "FIELD10":null,
    "FIELD11":null
    }
  },
  {
    "type": "Feature",
    "geometry": {
       "type": "Point",
       "coordinates":  [ 121.5313217,24.93781488 ]
    },
    "properties": {
    "id":"NTSC822",
    "city":"新北市",
    "type":"學校",
    "name":"市立直潭國小",
    "dist":"新店區",
    "loc":"新北市新店區直潭里20鄰直潭路92號",
    "FIELD9":"",
    "FIELD10":null,
    "FIELD11":null
    }
  },
  {
    "type": "Feature",
    "geometry": {
       "type": "Point",
       "coordinates":  [ 121.5522601,24.95307212 ]
    },
    "properties": {
    "id":"NTSC823",
    "city":"新北市",
    "type":"學校",
    "name":"市立青潭國小",
    "dist":"新店區",
    "loc":"新北市新店區美潭里1鄰北宜路二段80號",
    "FIELD9":"",
    "FIELD10":null,
    "FIELD11":null
    }
  },
  {
    "type": "Feature",
    "geometry": {
       "type": "Point",
       "coordinates":  [ 121.5181789,24.98460967 ]
    },
    "properties": {
    "id":"NTSC824",
    "city":"新北市",
    "type":"學校",
    "name":"市立新和國小",
    "dist":"新店區",
    "loc":"新北市新店區永安里3鄰安和路三段100號",
    "FIELD9":"",
    "FIELD10":null,
    "FIELD11":null
    }
  },
  {
    "type": "Feature",
    "geometry": {
       "type": "Point",
       "coordinates":  [ 121.540222,24.95291638 ]
    },
    "properties": {
    "id":"NTSC825",
    "city":"新北市",
    "type":"學校",
    "name":"市立新店國小",
    "dist":"新店區",
    "loc":"新北市新店區國校里10鄰新店路2號",
    "FIELD9":"",
    "FIELD10":null,
    "FIELD11":null
    }
  },
  {
    "type": "Feature",
    "geometry": {
       "type": "Point",
       "coordinates":  [ 121.5009343,24.95350644 ]
    },
    "properties": {
    "id":"NTSC826",
    "city":"新北市",
    "type":"學校",
    "name":"市立達觀國(中)小",
    "dist":"新店區",
    "loc":"新北市新店區德安里21鄰僑信路1號",
    "FIELD9":"",
    "FIELD10":null,
    "FIELD11":null
    }
  },
  {
    "type": "Feature",
    "geometry": {
       "type": "Point",
       "coordinates":  [ 121.5532136,24.90219199 ]
    },
    "properties": {
    "id":"NTSC827",
    "city":"新北市",
    "type":"學校",
    "name":"市立龜山國小",
    "dist":"新店區",
    "loc":"新北市新店區龜山里3鄰新烏路三段99巷10號",
    "FIELD9":"",
    "FIELD10":null,
    "FIELD11":null
    }
  },
  {
    "type": "Feature",
    "geometry": {
       "type": "Point",
       "coordinates":  [ 121.486535,24.95207706 ]
    },
    "properties": {
    "id":"NTSC828",
    "city":"新北市",
    "type":"學校",
    "name":"市立雙城國小",
    "dist":"新店區",
    "loc":"新北市新店區雙城里11鄰安康路三段322號",
    "FIELD9":"",
    "FIELD10":null,
    "FIELD11":null
    }
  },
  {
    "type": "Feature",
    "geometry": {
       "type": "Point",
       "coordinates":  [ 121.5753912,24.95137603 ]
    },
    "properties": {
    "id":"NTSC829",
    "city":"新北市",
    "type":"學校",
    "name":"市立雙峰國小",
    "dist":"新店區",
    "loc":"新北市新店區雙坑里1鄰北宜路三段66號",
    "FIELD9":"",
    "FIELD10":null,
    "FIELD11":null
    }
  },
  {
    "type": "Feature",
    "geometry": {
       "type": "Point",
       "coordinates":  [ 121.5174552,24.953826 ]
    },
    "properties": {
    "id":"NTSC830",
    "city":"新北市",
    "type":"學校",
    "name":"私立康橋高中附設國小",
    "dist":"新店區",
    "loc":"新北市新店區下城里3鄰頂城五街80號",
    "FIELD9":"",
    "FIELD10":null,
    "FIELD11":null
    }
  },
  {
    "type": "Feature",
    "geometry": {
       "type": "Point",
       "coordinates":  [ 121.5174552,24.953826 ]
    },
    "properties": {
    "id":"NTSC831",
    "city":"新北市",
    "type":"學校",
    "name":"私立康橋國際學校青山校區",
    "dist":"新店區",
    "loc":"新北市新店區下城里3鄰頂城五街80號",
    "FIELD9":"",
    "FIELD10":null,
    "FIELD11":null
    }
  },
  {
    "type": "Feature",
    "geometry": {
       "type": "Point",
       "coordinates":  [ 121.4479902,25.05627784 ]
    },
    "properties": {
    "id":"NTSC832",
    "city":"新北市",
    "type":"學校",
    "name":"市立中信國小",
    "dist":"新莊區",
    "loc":"新北市新莊區中原里1鄰中信街168號",
    "FIELD9":"",
    "FIELD10":null,
    "FIELD11":null
    }
  },
  {
    "type": "Feature",
    "geometry": {
       "type": "Point",
       "coordinates":  [ 121.4471611,25.04507686 ]
    },
    "properties": {
    "id":"NTSC833",
    "city":"新北市",
    "type":"學校",
    "name":"市立中港國小",
    "dist":"新莊區",
    "loc":"新北市新莊區立志里11鄰中港一街142號",
    "FIELD9":"",
    "FIELD10":null,
    "FIELD11":null
    }
  },
  {
    "type": "Feature",
    "geometry": {
       "type": "Point",
       "coordinates":  [ 121.4138177,25.02418511 ]
    },
    "properties": {
    "id":"NTSC834",
    "city":"新北市",
    "type":"學校",
    "name":"市立丹鳳國小",
    "dist":"新莊區",
    "loc":"新北市新莊區雙鳳里14鄰新北大道七段437號",
    "FIELD9":"",
    "FIELD10":null,
    "FIELD11":null
    }
  },
  {
    "type": "Feature",
    "geometry": {
       "type": "Point",
       "coordinates":  [ 121.4277992,25.02163515 ]
    },
    "properties": {
    "id":"NTSC835",
    "city":"新北市",
    "type":"學校",
    "name":"市立民安國小",
    "dist":"新莊區",
    "loc":"新北市新莊區民全里1鄰民安路261號",
    "FIELD9":"",
    "FIELD10":null,
    "FIELD11":null
    }
  },
  {
    "type": "Feature",
    "geometry": {
       "type": "Point",
       "coordinates":  [ 121.4251293,25.01788356 ]
    },
    "properties": {
    "id":"NTSC836",
    "city":"新北市",
    "type":"學校",
    "name":"市立光華國小",
    "dist":"新莊區",
    "loc":"新北市新莊區光明里1鄰龍安路452號",
    "FIELD9":"",
    "FIELD10":null,
    "FIELD11":null
    }
  },
  {
    "type": "Feature",
    "geometry": {
       "type": "Point",
       "coordinates":  [ 121.455582,25.05640813 ]
    },
    "properties": {
    "id":"NTSC837",
    "city":"新北市",
    "type":"學校",
    "name":"市立昌平國小",
    "dist":"新莊區",
    "loc":"新北市新莊區昌平里8鄰昌平街200號",
    "FIELD9":"",
    "FIELD10":null,
    "FIELD11":null
    }
  },
  {
    "type": "Feature",
    "geometry": {
       "type": "Point",
       "coordinates":  [ 121.4550521,25.05101843 ]
    },
    "properties": {
    "id":"NTSC838",
    "city":"新北市",
    "type":"學校",
    "name":"市立昌隆國小",
    "dist":"新莊區",
    "loc":"新北市新莊區昌隆里6鄰昌隆街63號",
    "FIELD9":"",
    "FIELD10":null,
    "FIELD11":null
    }
  },
  {
    "type": "Feature",
    "geometry": {
       "type": "Point",
       "coordinates":  [ 121.456552,25.04556688 ]
    },
    "properties": {
    "id":"NTSC839",
    "city":"新北市",
    "type":"學校",
    "name":"市立思賢國小",
    "dist":"新莊區",
    "loc":"新北市新莊區自立里9鄰自立街229號",
    "FIELD9":"",
    "FIELD10":null,
    "FIELD11":null
    }
  },
  {
    "type": "Feature",
    "geometry": {
       "type": "Point",
       "coordinates":  [ 121.4417109,25.03417541 ]
    },
    "properties": {
    "id":"NTSC840",
    "city":"新北市",
    "type":"學校",
    "name":"市立國泰國小",
    "dist":"新莊區",
    "loc":"新北市新莊區營盤里1鄰中正路386號",
    "FIELD9":"",
    "FIELD10":null,
    "FIELD11":null
    }
  },
  {
    "type": "Feature",
    "geometry": {
       "type": "Point",
       "coordinates":  [ 121.4437811,25.03784623 ]
    },
    "properties": {
    "id":"NTSC841",
    "city":"新北市",
    "type":"學校",
    "name":"市立新泰國小",
    "dist":"新莊區",
    "loc":"新北市新莊區忠孝里27鄰公園一路91號",
    "FIELD9":"",
    "FIELD10":null,
    "FIELD11":null
    }
  },
  {
    "type": "Feature",
    "geometry": {
       "type": "Point",
       "coordinates":  [ 121.4564219,25.03696625 ]
    },
    "properties": {
    "id":"NTSC842",
    "city":"新北市",
    "type":"學校",
    "name":"市立新莊國小",
    "dist":"新莊區",
    "loc":"新北市新莊區立人里1鄰中正路86號",
    "FIELD9":"",
    "FIELD10":null,
    "FIELD11":null
    }
  },
  {
    "type": "Feature",
    "geometry": {
       "type": "Point",
       "coordinates":  [ 121.4178184,25.0212746 ]
    },
    "properties": {
    "id":"NTSC843",
    "city":"新北市",
    "type":"學校",
    "name":"市立裕民國小",
    "dist":"新莊區",
    "loc":"新北市新莊區裕民里21鄰裕民街123號",
    "FIELD9":"",
    "FIELD10":null,
    "FIELD11":null
    }
  },
  {
    "type": "Feature",
    "geometry": {
       "type": "Point",
       "coordinates":  [ 121.4473916,25.05143785 ]
    },
    "properties": {
    "id":"NTSC844",
    "city":"新北市",
    "type":"學校",
    "name":"市立榮富國小",
    "dist":"新莊區",
    "loc":"新北市新莊區中平里7鄰中和街193號",
    "FIELD9":"",
    "FIELD10":null,
    "FIELD11":null
    }
  },
  {
    "type": "Feature",
    "geometry": {
       "type": "Point",
       "coordinates":  [ 121.4616325,25.06591872 ]
    },
    "properties": {
    "id":"NTSC845",
    "city":"新北市",
    "type":"學校",
    "name":"市立興化國小",
    "dist":"新莊區",
    "loc":"新北市新莊區福興里2鄰五工二路50巷2號",
    "FIELD9":"",
    "FIELD10":null,
    "FIELD11":null
    }
  },
  {
    "type": "Feature",
    "geometry": {
       "type": "Point",
       "coordinates":  [ 121.4661235,25.05292857 ]
    },
    "properties": {
    "id":"NTSC846",
    "city":"新北市",
    "type":"學校",
    "name":"市立頭前國小",
    "dist":"新莊區",
    "loc":"新北市新莊區頭前里10鄰化成路231號",
    "FIELD9":"",
    "FIELD10":null,
    "FIELD11":null
    }
  },
  {
    "type": "Feature",
    "geometry": {
       "type": "Point",
       "coordinates":  [ 121.4433313,25.03093633 ]
    },
    "properties": {
    "id":"NTSC847",
    "city":"新北市",
    "type":"學校",
    "name":"市立豐年國小",
    "dist":"新莊區",
    "loc":"新北市新莊區國泰里2鄰瓊泰路116號",
    "FIELD9":"",
    "FIELD10":null,
    "FIELD11":null
    }
  },
  {
    "type": "Feature",
    "geometry": {
       "type": "Point",
       "coordinates":  [ 121.8431056,25.10719382 ]
    },
    "properties": {
    "id":"NTSC848",
    "city":"新北市",
    "type":"學校",
    "name":"市立九份國小",
    "dist":"瑞芳區",
    "loc":"新北市瑞芳區永慶里12鄰崙頂路145號",
    "FIELD9":"",
    "FIELD10":null,
    "FIELD11":null
    }
  },
  {
    "type": "Feature",
    "geometry": {
       "type": "Point",
       "coordinates":  [ 121.8567753,25.1111546 ]
    },
    "properties": {
    "id":"NTSC849",
    "city":"新北市",
    "type":"學校",
    "name":"市立瓜山國小",
    "dist":"瑞芳區",
    "loc":"新北市瑞芳區石山里4鄰五號路306號",
    "FIELD9":"",
    "FIELD10":null,
    "FIELD11":null
    }
  },
  {
    "type": "Feature",
    "geometry": {
       "type": "Point",
       "coordinates":  [ 121.7631016,25.09987814 ]
    },
    "properties": {
    "id":"NTSC850",
    "city":"新北市",
    "type":"學校",
    "name":"市立吉慶國小",
    "dist":"瑞芳區",
    "loc":"新北市瑞芳區吉安里6鄰大埔路95號",
    "FIELD9":"",
    "FIELD10":null,
    "FIELD11":null
    }
  },
  {
    "type": "Feature",
    "geometry": {
       "type": "Point",
       "coordinates":  [ 121.833464,25.09560185 ]
    },
    "properties": {
    "id":"NTSC851",
    "city":"新北市",
    "type":"學校",
    "name":"市立猴硐國小",
    "dist":"瑞芳區",
    "loc":"新北市瑞芳區弓橋里2鄰九芎橋路69-1號",
    "FIELD9":"",
    "FIELD10":null,
    "FIELD11":null
    }
  },
  {
    "type": "Feature",
    "geometry": {
       "type": "Point",
       "coordinates":  [ 121.833464,25.09560185 ]
    },
    "properties": {
    "id":"NTSC852",
    "city":"新北市",
    "type":"學校",
    "name":"市立猴硐-蒙特梭利實小",
    "dist":"瑞芳區",
    "loc":"新北市瑞芳區弓橋里2鄰九芎橋路69-1號",
    "FIELD9":"",
    "FIELD10":null,
    "FIELD11":null
    }
  },
  {
    "type": "Feature",
    "geometry": {
       "type": "Point",
       "coordinates":  [ 121.833464,25.09560185 ]
    },
    "properties": {
    "id":"NTSC853",
    "city":"新北市",
    "type":"學校",
    "name":"市立猴硐蒙特梭利實驗小學",
    "dist":"瑞芳區",
    "loc":"新北市瑞芳區弓橋里2鄰九芎橋路69-1號",
    "FIELD9":"",
    "FIELD10":null,
    "FIELD11":null
    }
  },
  {
    "type": "Feature",
    "geometry": {
       "type": "Point",
       "coordinates":  [ 121.833464,25.09560185 ]
    },
    "properties": {
    "id":"NTSC854",
    "city":"新北市",
    "type":"學校",
    "name":"市立猴硐蒙特梭利實驗國小",
    "dist":"瑞芳區",
    "loc":"新北市瑞芳區弓橋里2鄰九芎橋路69-1號",
    "FIELD9":"",
    "FIELD10":null,
    "FIELD11":null
    }
  },
  {
    "type": "Feature",
    "geometry": {
       "type": "Point",
       "coordinates":  [ 121.8044211,25.10804399 ]
    },
    "properties": {
    "id":"NTSC855",
    "city":"新北市",
    "type":"學校",
    "name":"市立瑞芳國小",
    "dist":"瑞芳區",
    "loc":"新北市瑞芳區龍潭里10鄰中山路2號",
    "FIELD9":"",
    "FIELD10":null,
    "FIELD11":null
    }
  },
  {
    "type": "Feature",
    "geometry": {
       "type": "Point",
       "coordinates":  [ 121.7778278,25.10257388 ]
    },
    "properties": {
    "id":"NTSC856",
    "city":"新北市",
    "type":"學校",
    "name":"市立瑞亭國小",
    "dist":"瑞芳區",
    "loc":"新北市瑞芳區上天里3鄰四腳亭埔路23號",
    "FIELD9":"",
    "FIELD10":null,
    "FIELD11":null
    }
  },
  {
    "type": "Feature",
    "geometry": {
       "type": "Point",
       "coordinates":  [ 121.8227731,25.10937364 ]
    },
    "properties": {
    "id":"NTSC857",
    "city":"新北市",
    "type":"學校",
    "name":"市立瑞柑國小",
    "dist":"瑞芳區",
    "loc":"新北市瑞芳區柑坪里12鄰明燈路一段18巷13號",
    "FIELD9":"",
    "FIELD10":null,
    "FIELD11":null
    }
  },
  {
    "type": "Feature",
    "geometry": {
       "type": "Point",
       "coordinates":  [ 121.8199723,25.12053632 ]
    },
    "properties": {
    "id":"NTSC858",
    "city":"新北市",
    "type":"學校",
    "name":"市立瑞濱國小",
    "dist":"瑞芳區",
    "loc":"新北市瑞芳區瑞濱里4鄰瑞濱路34號",
    "FIELD9":"",
    "FIELD10":null,
    "FIELD11":null
    }
  },
  {
    "type": "Feature",
    "geometry": {
       "type": "Point",
       "coordinates":  [ 121.8021113,25.11309431 ]
    },
    "properties": {
    "id":"NTSC859",
    "city":"新北市",
    "type":"學校",
    "name":"市立義方國小",
    "dist":"瑞芳區",
    "loc":"新北市瑞芳區龍山里10鄰逢甲路360號",
    "FIELD9":"",
    "FIELD10":null,
    "FIELD11":null
    }
  },
  {
    "type": "Feature",
    "geometry": {
       "type": "Point",
       "coordinates":  [ 121.9194123,25.12077539 ]
    },
    "properties": {
    "id":"NTSC860",
    "city":"新北市",
    "type":"學校",
    "name":"市立鼻頭國小",
    "dist":"瑞芳區",
    "loc":"新北市瑞芳區鼻頭里5鄰鼻頭路99號",
    "FIELD9":"",
    "FIELD10":null,
    "FIELD11":null
    }
  },
  {
    "type": "Feature",
    "geometry": {
       "type": "Point",
       "coordinates":  [ 121.8600669,25.12235656 ]
    },
    "properties": {
    "id":"NTSC861",
    "city":"新北市",
    "type":"學校",
    "name":"市立濂洞國小",
    "dist":"瑞芳區",
    "loc":"新北市瑞芳區[濂]洞里11鄰洞頂路101巷80號",
    "FIELD9":"",
    "FIELD10":null,
    "FIELD11":null
    }
  },
  {
    "type": "Feature",
    "geometry": {
       "type": "Point",
       "coordinates":  [ 121.6384916,25.16755968 ]
    },
    "properties": {
    "id":"NTSC862",
    "city":"新北市",
    "type":"學校",
    "name":"市立大坪國小",
    "dist":"萬里區",
    "loc":"新北市萬里區雙興里13鄰大坪1號",
    "FIELD9":"",
    "FIELD10":null,
    "FIELD11":null
    }
  },
  {
    "type": "Feature",
    "geometry": {
       "type": "Point",
       "coordinates":  [ 121.6509855,25.20876375 ]
    },
    "properties": {
    "id":"NTSC863",
    "city":"新北市",
    "type":"學校",
    "name":"市立大鵬國小",
    "dist":"萬里區",
    "loc":"新北市萬里區大鵬里5鄰加投14號",
    "FIELD9":"",
    "FIELD10":null,
    "FIELD11":null
    }
  },
  {
    "type": "Feature",
    "geometry": {
       "type": "Point",
       "coordinates":  [ 121.6496936,25.16058995 ]
    },
    "properties": {
    "id":"NTSC864",
    "city":"新北市",
    "type":"學校",
    "name":"市立崁腳國小",
    "dist":"萬里區",
    "loc":"新北市萬里區崁[腳]里11鄰崁腳59號",
    "FIELD9":"",
    "FIELD10":null,
    "FIELD11":null
    }
  },
  {
    "type": "Feature",
    "geometry": {
       "type": "Point",
       "coordinates":  [ 121.6894468,25.20560459 ]
    },
    "properties": {
    "id":"NTSC865",
    "city":"新北市",
    "type":"學校",
    "name":"市立野柳國小",
    "dist":"萬里區",
    "loc":"新北市萬里區野柳里6鄰港東167號",
    "FIELD9":"",
    "FIELD10":null,
    "FIELD11":null
    }
  },
  {
    "type": "Feature",
    "geometry": {
       "type": "Point",
       "coordinates":  [ 121.6881867,25.17617129 ]
    },
    "properties": {
    "id":"NTSC866",
    "city":"新北市",
    "type":"學校",
    "name":"市立萬里國小",
    "dist":"萬里區",
    "loc":"新北市萬里區萬里里29鄰瑪鋉路18號",
    "FIELD9":"",
    "FIELD10":null,
    "FIELD11":null
    }
  },
  {
    "type": "Feature",
    "geometry": {
       "type": "Point",
       "coordinates":  [ 121.4064371,25.01636483 ]
    },
    "properties": {
    "id":"NTSC867",
    "city":"新北市",
    "type":"學校",
    "name":"市立三多國小",
    "dist":"樹林區",
    "loc":"新北市樹林區三福里23鄰三福街52號",
    "FIELD9":"",
    "FIELD10":null,
    "FIELD11":null
    }
  },
  {
    "type": "Feature",
    "geometry": {
       "type": "Point",
       "coordinates":  [ 121.417528,24.98130936 ]
    },
    "properties": {
    "id":"NTSC868",
    "city":"新北市",
    "type":"學校",
    "name":"市立大同國小",
    "dist":"樹林區",
    "loc":"新北市樹林區大同里2鄰大同街43號",
    "FIELD9":"",
    "FIELD10":null,
    "FIELD11":null
    }
  },
  {
    "type": "Feature",
    "geometry": {
       "type": "Point",
       "coordinates":  [ 121.401757,24.9755186 ]
    },
    "properties": {
    "id":"NTSC869",
    "city":"新北市",
    "type":"學校",
    "name":"市立山佳國小",
    "dist":"樹林區",
    "loc":"新北市樹林區山佳里15鄰中山路三段5號",
    "FIELD9":"",
    "FIELD10":null,
    "FIELD11":null
    }
  },
  {
    "type": "Feature",
    "geometry": {
       "type": "Point",
       "coordinates":  [ 121.4243295,24.99766138 ]
    },
    "properties": {
    "id":"NTSC870",
    "city":"新北市",
    "type":"學校",
    "name":"市立文林國小",
    "dist":"樹林區",
    "loc":"新北市樹林區潭底里32鄰千歲街59號",
    "FIELD9":"",
    "FIELD10":null,
    "FIELD11":null
    }
  },
  {
    "type": "Feature",
    "geometry": {
       "type": "Point",
       "coordinates":  [ 121.4156681,24.98576016 ]
    },
    "properties": {
    "id":"NTSC871",
    "city":"新北市",
    "type":"學校",
    "name":"市立育林國小",
    "dist":"樹林區",
    "loc":"新北市樹林區樹南里14鄰復興路395號",
    "FIELD9":"",
    "FIELD10":null,
    "FIELD11":null
    }
  },
  {
    "type": "Feature",
    "geometry": {
       "type": "Point",
       "coordinates":  [ 121.3925045,24.9708986 ]
    },
    "properties": {
    "id":"NTSC872",
    "city":"新北市",
    "type":"學校",
    "name":"市立育德國小",
    "dist":"樹林區",
    "loc":"新北市樹林區中山里5鄰佳園路一段34號",
    "FIELD9":"",
    "FIELD10":null,
    "FIELD11":null
    }
  },
  {
    "type": "Feature",
    "geometry": {
       "type": "Point",
       "coordinates":  [ 121.4153679,25.00164302 ]
    },
    "properties": {
    "id":"NTSC873",
    "city":"新北市",
    "type":"學校",
    "name":"市立武林國小",
    "dist":"樹林區",
    "loc":"新北市樹林區金寮里8鄰保安街二段151號",
    "FIELD9":"",
    "FIELD10":null,
    "FIELD11":null
    }
  },
  {
    "type": "Feature",
    "geometry": {
       "type": "Point",
       "coordinates":  [ 121.3894733,24.95566707 ]
    },
    "properties": {
    "id":"NTSC874",
    "city":"新北市",
    "type":"學校",
    "name":"市立柑園國小",
    "dist":"樹林區",
    "loc":"新北市樹林區柑園里10鄰柑園街一段353號",
    "FIELD9":"",
    "FIELD10":null,
    "FIELD11":null
    }
  },
  {
    "type": "Feature",
    "geometry": {
       "type": "Point",
       "coordinates":  [ 121.382809,24.95004184 ]
    },
    "properties": {
    "id":"NTSC875",
    "city":"新北市",
    "type":"學校",
    "name":"市立桃子腳國(中)小",
    "dist":"樹林區",
    "loc":"新北市樹林區南園里8鄰學勤路555號",
    "FIELD9":"",
    "FIELD10":null,
    "FIELD11":null
    }
  },
  {
    "type": "Feature",
    "geometry": {
       "type": "Point",
       "coordinates":  [ 121.4234492,24.98193065 ]
    },
    "properties": {
    "id":"NTSC876",
    "city":"新北市",
    "type":"學校",
    "name":"市立彭福國小",
    "dist":"樹林區",
    "loc":"新北市樹林區和平里11鄰忠孝街30號",
    "FIELD9":"",
    "FIELD10":null,
    "FIELD11":null
    }
  },
  {
    "type": "Feature",
    "geometry": {
       "type": "Point",
       "coordinates":  [ 121.4178379,24.98941928 ]
    },
    "properties": {
    "id":"NTSC877",
    "city":"新北市",
    "type":"學校",
    "name":"市立樹林國小",
    "dist":"樹林區",
    "loc":"新北市樹林區樹西里13鄰育英街176號",
    "FIELD9":"",
    "FIELD10":null,
    "FIELD11":null
    }
  },
  {
    "type": "Feature",
    "geometry": {
       "type": "Point",
       "coordinates":  [ 121.8320869,25.02931671 ]
    },
    "properties": {
    "id":"NTSC878",
    "city":"新北市",
    "type":"學校",
    "name":"市立上林國小",
    "dist":"雙溪區",
    "loc":"新北市雙溪區上林里11鄰內平林60號",
    "FIELD9":"",
    "FIELD10":null,
    "FIELD11":null
    }
  },
  {
    "type": "Feature",
    "geometry": {
       "type": "Point",
       "coordinates":  [ 121.8517461,25.0627292 ]
    },
    "properties": {
    "id":"NTSC879",
    "city":"新北市",
    "type":"學校",
    "name":"市立牡丹國小",
    "dist":"雙溪區",
    "loc":"新北市雙溪區三貂里11鄰政光3號",
    "FIELD9":"",
    "FIELD10":null,
    "FIELD11":null
    }
  },
  {
    "type": "Feature",
    "geometry": {
       "type": "Point",
       "coordinates":  [ 121.8045511,25.01513428 ]
    },
    "properties": {
    "id":"NTSC880",
    "city":"新北市",
    "type":"學校",
    "name":"市立柑林國小",
    "dist":"雙溪區",
    "loc":"新北市雙溪區長源里9鄰柑腳3號",
    "FIELD9":"",
    "FIELD10":null,
    "FIELD11":null
    }
  },
  {
    "type": "Feature",
    "geometry": {
       "type": "Point",
       "coordinates":  [ 121.8669768,25.03352532 ]
    },
    "properties": {
    "id":"NTSC881",
    "city":"新北市",
    "type":"學校",
    "name":"市立雙溪國小",
    "dist":"雙溪區",
    "loc":"新北市雙溪區共和里7鄰東榮街54號",
    "FIELD9":"",
    "FIELD10":null,
    "FIELD11":null
    }
  },
  {
    "type": "Feature",
    "geometry": {
       "type": "Point",
       "coordinates":  [ 121.4709937,25.09145181 ]
    },
    "properties": {
    "id":"NTSC882",
    "city":"新北市",
    "type":"學校",
    "name":"市立仁愛國小",
    "dist":"蘆洲區",
    "loc":"新北市蘆洲區水湳里15鄰民族路488號",
    "FIELD9":"",
    "FIELD10":null,
    "FIELD11":null
    }
  },
  {
    "type": "Feature",
    "geometry": {
       "type": "Point",
       "coordinates":  [ 121.4574515,25.08567026 ]
    },
    "properties": {
    "id":"NTSC883",
    "city":"新北市",
    "type":"學校",
    "name":"市立成功國小",
    "dist":"蘆洲區",
    "loc":"新北市蘆洲區成功里27鄰長安街311號",
    "FIELD9":"",
    "FIELD10":null,
    "FIELD11":null
    }
  },
  {
    "type": "Feature",
    "geometry": {
       "type": "Point",
       "coordinates":  [ 121.4638533,25.08929078 ]
    },
    "properties": {
    "id":"NTSC884",
    "city":"新北市",
    "type":"學校",
    "name":"市立忠義國小",
    "dist":"蘆洲區",
    "loc":"新北市蘆洲區正義里3鄰光榮路99號",
    "FIELD9":"",
    "FIELD10":null,
    "FIELD11":null
    }
  },
  {
    "type": "Feature",
    "geometry": {
       "type": "Point",
       "coordinates":  [ 121.4699428,25.08427114 ]
    },
    "properties": {
    "id":"NTSC885",
    "city":"新北市",
    "type":"學校",
    "name":"市立蘆洲國小",
    "dist":"蘆洲區",
    "loc":"新北市蘆洲區保和里15鄰中正路100號",
    "FIELD9":"",
    "FIELD10":null,
    "FIELD11":null
    }
  },
  {
    "type": "Feature",
    "geometry": {
       "type": "Point",
       "coordinates":  [ 121.4761337,25.0843509 ]
    },
    "properties": {
    "id":"NTSC886",
    "city":"新北市",
    "type":"學校",
    "name":"市立鷺江國小",
    "dist":"蘆洲區",
    "loc":"新北市蘆洲區鷺江里15鄰民族路7號",
    "FIELD9":"",
    "FIELD10":null,
    "FIELD11":null
    }
  },
  {
    "type": "Feature",
    "geometry": {
       "type": "Point",
       "coordinates":  [ 121.3376399,24.94087542 ]
    },
    "properties": {
    "id":"NTSC887",
    "city":"新北市",
    "type":"學校",
    "name":"市立二橋國小",
    "dist":"鶯歌區",
    "loc":"新北市鶯歌區二橋里25鄰中正三路106號",
    "FIELD9":"",
    "FIELD10":null,
    "FIELD11":null
    }
  },
  {
    "type": "Feature",
    "geometry": {
       "type": "Point",
       "coordinates":  [ 121.3480899,24.97298906 ]
    },
    "properties": {
    "id":"NTSC888",
    "city":"新北市",
    "type":"學校",
    "name":"市立中湖國小",
    "dist":"鶯歌區",
    "loc":"新北市鶯歌區中湖里9鄰中湖街25號",
    "FIELD9":"",
    "FIELD10":null,
    "FIELD11":null
    }
  },
  {
    "type": "Feature",
    "geometry": {
       "type": "Point",
       "coordinates":  [ 121.3329183,24.9587674 ]
    },
    "properties": {
    "id":"NTSC889",
    "city":"新北市",
    "type":"學校",
    "name":"市立永吉國小",
    "dist":"鶯歌區",
    "loc":"新北市鶯歌區永吉里4鄰德昌二街2號",
    "FIELD9":"",
    "FIELD10":null,
    "FIELD11":null
    }
  },
  {
    "type": "Feature",
    "geometry": {
       "type": "Point",
       "coordinates":  [ 121.3391692,24.95564674 ]
    },
    "properties": {
    "id":"NTSC890",
    "city":"新北市",
    "type":"學校",
    "name":"市立昌福國小",
    "dist":"鶯歌區",
    "loc":"新北市鶯歌區永昌里4鄰永明街22號",
    "FIELD9":"",
    "FIELD10":null,
    "FIELD11":null
    }
  },
  {
    "type": "Feature",
    "geometry": {
       "type": "Point",
       "coordinates":  [ 121.3465802,24.954967 ]
    },
    "properties": {
    "id":"NTSC891",
    "city":"新北市",
    "type":"學校",
    "name":"市立建國國小",
    "dist":"鶯歌區",
    "loc":"新北市鶯歌區建國里18鄰育英街2號",
    "FIELD9":"",
    "FIELD10":null,
    "FIELD11":null
    }
  },
  {
    "type": "Feature",
    "geometry": {
       "type": "Point",
       "coordinates":  [ 121.3349647,24.96902892 ]
    },
    "properties": {
    "id":"NTSC892",
    "city":"新北市",
    "type":"學校",
    "name":"市立鳳鳴國小",
    "dist":"鶯歌區",
    "loc":"新北市鶯歌區鳳鳴里18鄰永和街120號",
    "FIELD9":"",
    "FIELD10":null,
    "FIELD11":null
    }
  },
  {
    "type": "Feature",
    "geometry": {
       "type": "Point",
       "coordinates":  [ 121.3457605,24.95118775 ]
    },
    "properties": {
    "id":"NTSC893",
    "city":"新北市",
    "type":"學校",
    "name":"市立鶯歌國小",
    "dist":"鶯歌區",
    "loc":"新北市鶯歌區同慶里1鄰尖山埔路106號",
    "FIELD9":"",
    "FIELD10":null,
    "FIELD11":null
    }
  },
  {
    "type": "Feature",
    "geometry": {
       "type": "Point",
       "coordinates":  [ 121.400748,25.13993712 ]
    },
    "properties": {
    "id":"NTSC894",
    "city":"新北市",
    "type":"學校",
    "name":"市立八里國中",
    "dist":"八里區",
    "loc":"新北市八里區荖阡里1鄰荖阡坑路15號",
    "FIELD9":"",
    "FIELD10":null,
    "FIELD11":null
    }
  },
  {
    "type": "Feature",
    "geometry": {
       "type": "Point",
       "coordinates":  [ 121.4495415,25.13470439 ]
    },
    "properties": {
    "id":"NTSC895",
    "city":"新北市",
    "type":"學校",
    "name":"私立聖心女中附設國中",
    "dist":"八里區",
    "loc":"新北市八里區龍源里30鄰龍米路一段263號",
    "FIELD9":"",
    "FIELD10":null,
    "FIELD11":null
    }
  },
  {
    "type": "Feature",
    "geometry": {
       "type": "Point",
       "coordinates":  [ 121.5018589,25.25937001 ]
    },
    "properties": {
    "id":"NTSC896",
    "city":"新北市",
    "type":"學校",
    "name":"市立三芝國中",
    "dist":"三芝區",
    "loc":"新北市三芝區埔頭里29鄰淡金路一段38號",
    "FIELD9":"",
    "FIELD10":null,
    "FIELD11":null
    }
  },
  {
    "type": "Feature",
    "geometry": {
       "type": "Point",
       "coordinates":  [ 121.4804745,25.06571928 ]
    },
    "properties": {
    "id":"NTSC897",
    "city":"新北市",
    "type":"學校",
    "name":"市立二重國中",
    "dist":"三重區",
    "loc":"新北市三重區福田里1鄰忠孝路三段89號",
    "FIELD9":"",
    "FIELD10":null,
    "FIELD11":null
    }
  },
  {
    "type": "Feature",
    "geometry": {
       "type": "Point",
       "coordinates":  [ 121.4865055,25.07656981 ]
    },
    "properties": {
    "id":"NTSC898",
    "city":"新北市",
    "type":"學校",
    "name":"市立三和國中",
    "dist":"三重區",
    "loc":"新北市三重區永盛里15鄰三和路四段216號",
    "FIELD9":"",
    "FIELD10":null,
    "FIELD11":null
    }
  },
  {
    "type": "Feature",
    "geometry": {
       "type": "Point",
       "coordinates":  [ 121.4907283,25.05518065 ]
    },
    "properties": {
    "id":"NTSC899",
    "city":"新北市",
    "type":"學校",
    "name":"市立三重高中附設國中",
    "dist":"三重區",
    "loc":"新北市三重區光明里19鄰集美街212號",
    "FIELD9":"",
    "FIELD10":null,
    "FIELD11":null
    }
  },
  {
    "type": "Feature",
    "geometry": {
       "type": "Point",
       "coordinates":  [ 121.4999257,25.07045032 ]
    },
    "properties": {
    "id":"NTSC900",
    "city":"新北市",
    "type":"學校",
    "name":"市立光榮國中",
    "dist":"三重區",
    "loc":"新北市三重區奕壽里1鄰介壽路26號",
    "FIELD9":"",
    "FIELD10":null,
    "FIELD11":null
    }
  },
  {
    "type": "Feature",
    "geometry": {
       "type": "Point",
       "coordinates":  [ 121.4889853,25.06343862 ]
    },
    "properties": {
    "id":"NTSC901",
    "city":"新北市",
    "type":"學校",
    "name":"市立明志國中",
    "dist":"三重區",
    "loc":"新北市三重區重陽里23鄰中正北路107號",
    "FIELD9":"",
    "FIELD10":null,
    "FIELD11":null
    }
  },
  {
    "type": "Feature",
    "geometry": {
       "type": "Point",
       "coordinates":  [ 121.4889063,25.08722949 ]
    },
    "properties": {
    "id":"NTSC902",
    "city":"新北市",
    "type":"學校",
    "name":"市立碧華國中",
    "dist":"三重區",
    "loc":"新北市三重區富貴里32鄰三信路166號",
    "FIELD9":"",
    "FIELD10":null,
    "FIELD11":null
    }
  },
  {
    "type": "Feature",
    "geometry": {
       "type": "Point",
       "coordinates":  [ 121.4672452,25.04272299 ]
    },
    "properties": {
    "id":"NTSC903",
    "city":"新北市",
    "type":"學校",
    "name":"私立金陵女中附設國中",
    "dist":"三重區",
    "loc":"新北市三重區中興里20鄰重新路五段656號",
    "FIELD9":"",
    "FIELD10":null,
    "FIELD11":null
    }
  },
  {
    "type": "Feature",
    "geometry": {
       "type": "Point",
       "coordinates":  [ 121.4887515,25.07373087 ]
    },
    "properties": {
    "id":"NTSC904",
    "city":"新北市",
    "type":"學校",
    "name":"私立格致高中附設國中",
    "dist":"三重區",
    "loc":"新北市三重區永德里1鄰大智街260號",
    "FIELD9":"",
    "FIELD10":null,
    "FIELD11":null
    }
  },
  {
    "type": "Feature",
    "geometry": {
       "type": "Point",
       "coordinates":  [ 121.3690717,24.93905535 ]
    },
    "properties": {
    "id":"NTSC905",
    "city":"新北市",
    "type":"學校",
    "name":"市立三峽國中",
    "dist":"三峽區",
    "loc":"新北市三峽區龍埔里36鄰復興路238號",
    "FIELD9":"",
    "FIELD10":null,
    "FIELD11":null
    }
  },
  {
    "type": "Feature",
    "geometry": {
       "type": "Point",
       "coordinates":  [ 121.3758971,24.94803745 ]
    },
    "properties": {
    "id":"NTSC906",
    "city":"新北市",
    "type":"學校",
    "name":"市立北大高級中學附設國中",
    "dist":"三峽區",
    "loc":"新北市三峽區龍學里37鄰大義路277號",
    "FIELD9":"",
    "FIELD10":null,
    "FIELD11":null
    }
  },
  {
    "type": "Feature",
    "geometry": {
       "type": "Point",
       "coordinates":  [ 121.3727636,24.92656448 ]
    },
    "properties": {
    "id":"NTSC907",
    "city":"新北市",
    "type":"學校",
    "name":"市立安溪國中",
    "dist":"三峽區",
    "loc":"新北市三峽區中正里29鄰大同路135號",
    "FIELD9":"",
    "FIELD10":null,
    "FIELD11":null
    }
  },
  {
    "type": "Feature",
    "geometry": {
       "type": "Point",
       "coordinates":  [ 121.3650982,24.90546493 ]
    },
    "properties": {
    "id":"NTSC908",
    "city":"新北市",
    "type":"學校",
    "name":"市立明德高中附設國中",
    "dist":"三峽區",
    "loc":"新北市三峽區大埔里14鄰中正路二段399號",
    "FIELD9":"",
    "FIELD10":null,
    "FIELD11":null
    }
  },
  {
    "type": "Feature",
    "geometry": {
       "type": "Point",
       "coordinates":  [ 121.4092901,24.93307515 ]
    },
    "properties": {
    "id":"NTSC909",
    "city":"新北市",
    "type":"學校",
    "name":"財團法人辭修高中附設國中",
    "dist":"三峽區",
    "loc":"新北市三峽區溪東里11鄰溪東路251號",
    "FIELD9":"",
    "FIELD10":null,
    "FIELD11":null
    }
  },
  {
    "type": "Feature",
    "geometry": {
       "type": "Point",
       "coordinates":  [ 121.4301698,24.96241803 ]
    },
    "properties": {
    "id":"NTSC910",
    "city":"新北市",
    "type":"學校",
    "name":"市立土城國中",
    "dist":"土城區",
    "loc":"新北市土城區永寧里4鄰永寧路18號",
    "FIELD9":"",
    "FIELD10":null,
    "FIELD11":null
    }
  },
  {
    "type": "Feature",
    "geometry": {
       "type": "Point",
       "coordinates":  [ 121.4568423,24.98345048 ]
    },
    "properties": {
    "id":"NTSC911",
    "city":"新北市",
    "type":"學校",
    "name":"市立中正國中",
    "dist":"土城區",
    "loc":"新北市土城區青雲里10鄰金城路二段247號",
    "FIELD9":"",
    "FIELD10":null,
    "FIELD11":null
    }
  },
  {
    "type": "Feature",
    "geometry": {
       "type": "Point",
       "coordinates":  [ 121.4650862,24.98190686 ]
    },
    "properties": {
    "id":"NTSC912",
    "city":"新北市",
    "type":"學校",
    "name":"市立清水高中附設國中",
    "dist":"土城區",
    "loc":"新北市土城區永富里23鄰明德路一段72號",
    "FIELD9":"",
    "FIELD10":null,
    "FIELD11":null
    }
  },
  {
    "type": "Feature",
    "geometry": {
       "type": "Point",
       "coordinates":  [ 121.4374207,24.97569011 ]
    },
    "properties": {
    "id":"NTSC913",
    "city":"新北市",
    "type":"學校",
    "name":"財團法人福瑞斯特高中附設國中",
    "dist":"土城區",
    "loc":"新北市土城區員仁里22鄰城林路2號",
    "FIELD9":"",
    "FIELD10":null,
    "FIELD11":null
    }
  },
  {
    "type": "Feature",
    "geometry": {
       "type": "Point",
       "coordinates":  [ 121.440227,24.98306052 ]
    },
    "properties": {
    "id":"NTSC914",
    "city":"新北市",
    "type":"學校",
    "name":"新北市裕德高級中等學校附設國中",
    "dist":"土城區",
    "loc":"新北市土城區日和里9鄰擺接堡路1號",
    "FIELD9":"",
    "FIELD10":null,
    "FIELD11":null
    }
  },
  {
    "type": "Feature",
    "geometry": {
       "type": "Point",
       "coordinates":  [ 121.5085484,24.98617009 ]
    },
    "properties": {
    "id":"NTSC915",
    "city":"新北市",
    "type":"學校",
    "name":"市立中和國中",
    "dist":"中和區",
    "loc":"新北市中和區忠孝里11鄰興南路二段3巷17號",
    "FIELD9":"",
    "FIELD10":null,
    "FIELD11":null
    }
  },
  {
    "type": "Feature",
    "geometry": {
       "type": "Point",
       "coordinates":  [ 121.4726751,24.99873796 ]
    },
    "properties": {
    "id":"NTSC916",
    "city":"新北市",
    "type":"學校",
    "name":"市立自強國中",
    "dist":"中和區",
    "loc":"新北市中和區明穗里24鄰莒光路191號",
    "FIELD9":"",
    "FIELD10":null,
    "FIELD11":null
    }
  },
  {
    "type": "Feature",
    "geometry": {
       "type": "Point",
       "coordinates":  [ 121.505538,25.0026729 ]
    },
    "properties": {
    "id":"NTSC917",
    "city":"新北市",
    "type":"學校",
    "name":"市立漳和國中",
    "dist":"中和區",
    "loc":"新北市中和區枋寮里19鄰廣福路39號",
    "FIELD9":"",
    "FIELD10":null,
    "FIELD11":null
    }
  },
  {
    "type": "Feature",
    "geometry": {
       "type": "Point",
       "coordinates":  [ 121.4789249,25.00012285 ]
    },
    "properties": {
    "id":"NTSC918",
    "city":"新北市",
    "type":"學校",
    "name":"市立積穗國中",
    "dist":"中和區",
    "loc":"新北市中和區嘉新里11鄰民安街66號",
    "FIELD9":"",
    "FIELD10":null,
    "FIELD11":null
    }
  },
  {
    "type": "Feature",
    "geometry": {
       "type": "Point",
       "coordinates":  [ 121.4911041,24.9924955 ]
    },
    "properties": {
    "id":"NTSC919",
    "city":"新北市",
    "type":"學校",
    "name":"市立錦和高中附設國中",
    "dist":"中和區",
    "loc":"新北市中和區錦中里9鄰錦和路163號",
    "FIELD9":"",
    "FIELD10":null,
    "FIELD11":null
    }
  },
  {
    "type": "Feature",
    "geometry": {
       "type": "Point",
       "coordinates":  [ 121.5054676,24.97981888 ]
    },
    "properties": {
    "id":"NTSC920",
    "city":"新北市",
    "type":"學校",
    "name":"私立竹林高中附設國中",
    "dist":"中和區",
    "loc":"新北市中和區華新里27鄰華新街143巷12號",
    "FIELD9":"",
    "FIELD10":null,
    "FIELD11":null
    }
  },
  {
    "type": "Feature",
    "geometry": {
       "type": "Point",
       "coordinates":  [ 121.5034821,25.00131789 ]
    },
    "properties": {
    "id":"NTSC921",
    "city":"新北市",
    "type":"學校",
    "name":"財團法人南山高中附設國中",
    "dist":"中和區",
    "loc":"新北市中和區枋寮里19鄰廣福路41號",
    "FIELD9":"",
    "FIELD10":null,
    "FIELD11":null
    }
  },
  {
    "type": "Feature",
    "geometry": {
       "type": "Point",
       "coordinates":  [ 121.4358034,25.083508 ]
    },
    "properties": {
    "id":"NTSC922",
    "city":"新北市",
    "type":"學校",
    "name":"市立五股國中",
    "dist":"五股區",
    "loc":"新北市五股區五股里1鄰成泰路二段49巷15號",
    "FIELD9":"",
    "FIELD10":null,
    "FIELD11":null
    }
  },
  {
    "type": "Feature",
    "geometry": {
       "type": "Point",
       "coordinates":  [ 121.7336232,25.02348568 ]
    },
    "properties": {
    "id":"NTSC923",
    "city":"新北市",
    "type":"學校",
    "name":"市立平溪國中",
    "dist":"平溪區",
    "loc":"新北市平溪區石底里6鄰石底街92號",
    "FIELD9":"",
    "FIELD10":null,
    "FIELD11":null
    }
  },
  {
    "type": "Feature",
    "geometry": {
       "type": "Point",
       "coordinates":  [ 121.5082694,25.01063752 ]
    },
    "properties": {
    "id":"NTSC924",
    "city":"新北市",
    "type":"學校",
    "name":"市立永平高中附設國中",
    "dist":"永和區",
    "loc":"新北市永和區保安里1鄰永平路205號",
    "FIELD9":"",
    "FIELD10":null,
    "FIELD11":null
    }
  },
  {
    "type": "Feature",
    "geometry": {
       "type": "Point",
       "coordinates":  [ 121.5233102,25.00668277 ]
    },
    "properties": {
    "id":"NTSC925",
    "city":"新北市",
    "type":"學校",
    "name":"市立永和國中",
    "dist":"永和區",
    "loc":"新北市永和區秀和里7鄰國中路111號",
    "FIELD9":"",
    "FIELD10":null,
    "FIELD11":null
    }
  },
  {
    "type": "Feature",
    "geometry": {
       "type": "Point",
       "coordinates":  [ 121.5208496,25.00399308 ]
    },
    "properties": {
    "id":"NTSC926",
    "city":"新北市",
    "type":"學校",
    "name":"市立福和國中",
    "dist":"永和區",
    "loc":"新北市永和區秀和里18鄰永利路71號",
    "FIELD9":"",
    "FIELD10":null,
    "FIELD11":null
    }
  },
  {
    "type": "Feature",
    "geometry": {
       "type": "Point",
       "coordinates":  [ 121.5645346,25.29122375 ]
    },
    "properties": {
    "id":"NTSC927",
    "city":"新北市",
    "type":"學校",
    "name":"市立石門國中",
    "dist":"石門區",
    "loc":"新北市石門區石門里1鄰中央路1-9號",
    "FIELD9":"",
    "FIELD10":null,
    "FIELD11":null
    }
  },
  {
    "type": "Feature",
    "geometry": {
       "type": "Point",
       "coordinates":  [ 121.5645346,25.29122375 ]
    },
    "properties": {
    "id":"NTSC928",
    "city":"新北市",
    "type":"學校",
    "name":"市立石門實驗國中",
    "dist":"石門區",
    "loc":"新北市石門區石門里1鄰中央路1-9號",
    "FIELD9":"",
    "FIELD10":null,
    "FIELD11":null
    }
  },
  {
    "type": "Feature",
    "geometry": {
       "type": "Point",
       "coordinates":  [ 121.6427885,25.01330544 ]
    },
    "properties": {
    "id":"NTSC929",
    "city":"新北市",
    "type":"學校",
    "name":"市立石碇高中附設國中",
    "dist":"石碇區",
    "loc":"新北市石碇區隆盛里12鄰八分寮45號",
    "FIELD9":"",
    "FIELD10":null,
    "FIELD11":null
    }
  },
  {
    "type": "Feature",
    "geometry": {
       "type": "Point",
       "coordinates":  [ 121.6583941,25.06694841 ]
    },
    "properties": {
    "id":"NTSC930",
    "city":"新北市",
    "type":"學校",
    "name":"市立汐止國中",
    "dist":"汐止區",
    "loc":"新北市汐止區禮門里17鄰大同路二段394號",
    "FIELD9":"",
    "FIELD10":null,
    "FIELD11":null
    }
  },
  {
    "type": "Feature",
    "geometry": {
       "type": "Point",
       "coordinates":  [ 121.659851,25.06559281 ]
    },
    "properties": {
    "id":"NTSC931",
    "city":"新北市",
    "type":"學校",
    "name":"市立秀峰高中附設國中",
    "dist":"汐止區",
    "loc":"新北市汐止區秀峰里23鄰忠孝東路201號",
    "FIELD9":"",
    "FIELD10":null,
    "FIELD11":null
    }
  },
  {
    "type": "Feature",
    "geometry": {
       "type": "Point",
       "coordinates":  [ 121.6568435,25.06071878 ]
    },
    "properties": {
    "id":"NTSC932",
    "city":"新北市",
    "type":"學校",
    "name":"市立青山中小學",
    "dist":"汐止區",
    "loc":"新北市汐止區自強里20鄰莊敬街33號",
    "FIELD9":"",
    "FIELD10":null,
    "FIELD11":null
    }
  },
  {
    "type": "Feature",
    "geometry": {
       "type": "Point",
       "coordinates":  [ 121.6568435,25.06071878 ]
    },
    "properties": {
    "id":"NTSC933",
    "city":"新北市",
    "type":"學校",
    "name":"市立青山國中(小)",
    "dist":"汐止區",
    "loc":"新北市汐止區自強里20鄰莊敬街33號",
    "FIELD9":"",
    "FIELD10":null,
    "FIELD11":null
    }
  },
  {
    "type": "Feature",
    "geometry": {
       "type": "Point",
       "coordinates":  [ 121.6397099,25.0658105 ]
    },
    "properties": {
    "id":"NTSC934",
    "city":"新北市",
    "type":"學校",
    "name":"市立樟樹國際實中附設國中",
    "dist":"汐止區",
    "loc":"新北市汐止區忠孝里1鄰樟樹二路135號",
    "FIELD9":"",
    "FIELD10":null,
    "FIELD11":null
    }
  },
  {
    "type": "Feature",
    "geometry": {
       "type": "Point",
       "coordinates":  [ 121.6694178,25.07700873 ]
    },
    "properties": {
    "id":"NTSC935",
    "city":"新北市",
    "type":"學校",
    "name":"私立崇義高中附設國中",
    "dist":"汐止區",
    "loc":"新北市汐止區長安里4鄰大同路三段68號",
    "FIELD9":"",
    "FIELD10":null,
    "FIELD11":null
    }
  },
  {
    "type": "Feature",
    "geometry": {
       "type": "Point",
       "coordinates":  [ 121.7128208,24.93800477 ]
    },
    "properties": {
    "id":"NTSC936",
    "city":"新北市",
    "type":"學校",
    "name":"市立坪林國中",
    "dist":"坪林區",
    "loc":"新北市坪林區坪林里1鄰國中路4號",
    "FIELD9":"",
    "FIELD10":null,
    "FIELD11":null
    }
  },
  {
    "type": "Feature",
    "geometry": {
       "type": "Point",
       "coordinates":  [ 121.7128208,24.93800477 ]
    },
    "properties": {
    "id":"NTSC937",
    "city":"新北市",
    "type":"學校",
    "name":"市立坪林實驗國中",
    "dist":"坪林區",
    "loc":"新北市坪林區坪林里1鄰國中路4號",
    "FIELD9":"",
    "FIELD10":null,
    "FIELD11":null
    }
  },
  {
    "type": "Feature",
    "geometry": {
       "type": "Point",
       "coordinates":  [ 121.3842246,25.08033148 ]
    },
    "properties": {
    "id":"NTSC938",
    "city":"新北市",
    "type":"學校",
    "name":"市立佳林國中",
    "dist":"林口區",
    "loc":"新北市林口區中湖里1鄰中山路268號",
    "FIELD9":"",
    "FIELD10":null,
    "FIELD11":null
    }
  },
  {
    "type": "Feature",
    "geometry": {
       "type": "Point",
       "coordinates":  [ 121.3768929,25.07685034 ]
    },
    "properties": {
    "id":"NTSC939",
    "city":"新北市",
    "type":"學校",
    "name":"市立林口國中",
    "dist":"林口區",
    "loc":"新北市林口區湖南里32鄰民治路25號",
    "FIELD9":"",
    "FIELD10":null,
    "FIELD11":null
    }
  },
  {
    "type": "Feature",
    "geometry": {
       "type": "Point",
       "coordinates":  [ 121.3626036,25.07507759 ]
    },
    "properties": {
    "id":"NTSC940",
    "city":"新北市",
    "type":"學校",
    "name":"市立南勢國中",
    "dist":"林口區",
    "loc":"新北市林口區南勢里12鄰文化北路一段379號",
    "FIELD9":"",
    "FIELD10":null,
    "FIELD11":null
    }
  },
  {
    "type": "Feature",
    "geometry": {
       "type": "Point",
       "coordinates":  [ 121.3702723,25.06811906 ]
    },
    "properties": {
    "id":"NTSC941",
    "city":"新北市",
    "type":"學校",
    "name":"市立崇林國中",
    "dist":"林口區",
    "loc":"新北市林口區麗園里18鄰文化一路一段20號",
    "FIELD9":"",
    "FIELD10":null,
    "FIELD11":null
    }
  },
  {
    "type": "Feature",
    "geometry": {
       "type": "Point",
       "coordinates":  [ 121.3956355,25.07978293 ]
    },
    "properties": {
    "id":"NTSC942",
    "city":"新北市",
    "type":"學校",
    "name":"私立醒吾高中附設國中",
    "dist":"林口區",
    "loc":"新北市林口區東林里18鄰粉寮路一段75巷80號",
    "FIELD9":"",
    "FIELD10":null,
    "FIELD11":null
    }
  },
  {
    "type": "Feature",
    "geometry": {
       "type": "Point",
       "coordinates":  [ 121.3898298,25.07435395 ]
    },
    "properties": {
    "id":"NTSC943",
    "city":"新北市",
    "type":"學校",
    "name":"新北市林口康橋高中附設國中",
    "dist":"林口區",
    "loc":"新北市林口區西林里34鄰興林路55號",
    "FIELD9":"",
    "FIELD10":null,
    "FIELD11":null
    }
  },
  {
    "type": "Feature",
    "geometry": {
       "type": "Point",
       "coordinates":  [ 121.448521,25.01125315 ]
    },
    "properties": {
    "id":"NTSC944",
    "city":"新北市",
    "type":"學校",
    "name":"市立大觀國中",
    "dist":"板橋區",
    "loc":"新北市板橋區浮洲里25鄰僑中一街1號",
    "FIELD9":"",
    "FIELD10":null,
    "FIELD11":null
    }
  },
  {
    "type": "Feature",
    "geometry": {
       "type": "Point",
       "coordinates":  [ 121.4674732,25.01855436 ]
    },
    "properties": {
    "id":"NTSC945",
    "city":"新北市",
    "type":"學校",
    "name":"市立中山國中",
    "dist":"板橋區",
    "loc":"新北市板橋區新民里8鄰文化路一段188巷56號",
    "FIELD9":"",
    "FIELD10":null,
    "FIELD11":null
    }
  },
  {
    "type": "Feature",
    "geometry": {
       "type": "Point",
       "coordinates":  [ 121.4826837,25.01667088 ]
    },
    "properties": {
    "id":"NTSC946",
    "city":"新北市",
    "type":"學校",
    "name":"市立光復高中附設國中",
    "dist":"板橋區",
    "loc":"新北市板橋區富貴里3鄰光環路一段7號",
    "FIELD9":"",
    "FIELD10":null,
    "FIELD11":null
    }
  },
  {
    "type": "Feature",
    "geometry": {
       "type": "Point",
       "coordinates":  [ 121.4684324,25.0289451 ]
    },
    "properties": {
    "id":"NTSC947",
    "city":"新北市",
    "type":"學校",
    "name":"市立江翠國中",
    "dist":"板橋區",
    "loc":"新北市板橋區文化里8鄰松江街63號",
    "FIELD9":"",
    "FIELD10":null,
    "FIELD11":null
    }
  },
  {
    "type": "Feature",
    "geometry": {
       "type": "Point",
       "coordinates":  [ 121.4616434,25.00484316 ]
    },
    "properties": {
    "id":"NTSC948",
    "city":"新北市",
    "type":"學校",
    "name":"市立忠孝國中",
    "dist":"板橋區",
    "loc":"新北市板橋區福星里3鄰成都街30號",
    "FIELD9":"",
    "FIELD10":null,
    "FIELD11":null
    }
  },
  {
    "type": "Feature",
    "geometry": {
       "type": "Point",
       "coordinates":  [ 121.4541529,25.02400524 ]
    },
    "properties": {
    "id":"NTSC949",
    "city":"新北市",
    "type":"學校",
    "name":"市立板橋國中",
    "dist":"板橋區",
    "loc":"新北市板橋區中正里12鄰中正路437號",
    "FIELD9":"",
    "FIELD10":null,
    "FIELD11":null
    }
  },
  {
    "type": "Feature",
    "geometry": {
       "type": "Point",
       "coordinates":  [ 121.4631531,24.9981809 ]
    },
    "properties": {
    "id":"NTSC950",
    "city":"新北市",
    "type":"學校",
    "name":"市立重慶國中",
    "dist":"板橋區",
    "loc":"新北市板橋區重慶里31鄰國慶路221號",
    "FIELD9":"",
    "FIELD10":null,
    "FIELD11":null
    }
  },
  {
    "type": "Feature",
    "geometry": {
       "type": "Point",
       "coordinates":  [ 121.4711553,25.01023845 ]
    },
    "properties": {
    "id":"NTSC951",
    "city":"新北市",
    "type":"學校",
    "name":"市立海山高中附設國中",
    "dist":"板橋區",
    "loc":"新北市板橋區深丘里12鄰漢生東路215號",
    "FIELD9":"",
    "FIELD10":null,
    "FIELD11":null
    }
  },
  {
    "type": "Feature",
    "geometry": {
       "type": "Point",
       "coordinates":  [ 121.4597513,25.02479497 ]
    },
    "properties": {
    "id":"NTSC952",
    "city":"新北市",
    "type":"學校",
    "name":"市立新埔國中",
    "dist":"板橋區",
    "loc":"新北市板橋區新海里1鄰新海路181號",
    "FIELD9":"",
    "FIELD10":null,
    "FIELD11":null
    }
  },
  {
    "type": "Feature",
    "geometry": {
       "type": "Point",
       "coordinates":  [ 121.4312707,24.99841099 ]
    },
    "properties": {
    "id":"NTSC953",
    "city":"新北市",
    "type":"學校",
    "name":"市立溪崑國中",
    "dist":"板橋區",
    "loc":"新北市板橋區崑崙里23鄰大觀路三段50巷30號",
    "FIELD9":"",
    "FIELD10":null,
    "FIELD11":null
    }
  },
  {
    "type": "Feature",
    "geometry": {
       "type": "Point",
       "coordinates":  [ 121.4759206,25.01852025 ]
    },
    "properties": {
    "id":"NTSC954",
    "city":"新北市",
    "type":"學校",
    "name":"私立光仁高中附設國中",
    "dist":"板橋區",
    "loc":"新北市板橋區光仁里15鄰中山路二段255巷18號",
    "FIELD9":"",
    "FIELD10":null,
    "FIELD11":null
    }
  },
  {
    "type": "Feature",
    "geometry": {
       "type": "Point",
       "coordinates":  [ 121.4461453,25.00776413 ]
    },
    "properties": {
    "id":"NTSC955",
    "city":"新北市",
    "type":"學校",
    "name":"國立華僑高級中等學校附設國中",
    "dist":"板橋區",
    "loc":"新北市板橋區浮洲里24鄰大觀路一段32號",
    "FIELD9":"",
    "FIELD10":null,
    "FIELD11":null
    }
  },
  {
    "type": "Feature",
    "geometry": {
       "type": "Point",
       "coordinates":  [ 121.6375491,25.22449819 ]
    },
    "properties": {
    "id":"NTSC956",
    "city":"新北市",
    "type":"學校",
    "name":"市立金山高中附設國中",
    "dist":"金山區",
    "loc":"新北市金山區美田里15鄰文化二路2號",
    "FIELD9":"",
    "FIELD10":null,
    "FIELD11":null
    }
  },
  {
    "type": "Feature",
    "geometry": {
       "type": "Point",
       "coordinates":  [ 121.4245498,25.06401836 ]
    },
    "properties": {
    "id":"NTSC957",
    "city":"新北市",
    "type":"學校",
    "name":"市立泰山國中",
    "dist":"泰山區",
    "loc":"新北市泰山區山腳里10鄰泰林路二段498號",
    "FIELD9":"",
    "FIELD10":null,
    "FIELD11":null
    }
  },
  {
    "type": "Feature",
    "geometry": {
       "type": "Point",
       "coordinates":  [ 121.4313195,25.05167715 ]
    },
    "properties": {
    "id":"NTSC958",
    "city":"新北市",
    "type":"學校",
    "name":"市立義學國中",
    "dist":"泰山區",
    "loc":"新北市泰山區義仁里7鄰民生路33號",
    "FIELD9":"",
    "FIELD10":null,
    "FIELD11":null
    }
  },
  {
    "type": "Feature",
    "geometry": {
       "type": "Point",
       "coordinates":  [ 121.5542229,24.86303732 ]
    },
    "properties": {
    "id":"NTSC959",
    "city":"新北市",
    "type":"學校",
    "name":"市立烏來中小學",
    "dist":"烏來區",
    "loc":"新北市烏來區烏來里3鄰啦卡路5號",
    "FIELD9":"",
    "FIELD10":null,
    "FIELD11":null
    }
  },
  {
    "type": "Feature",
    "geometry": {
       "type": "Point",
       "coordinates":  [ 121.5542229,24.86303732 ]
    },
    "properties": {
    "id":"NTSC960",
    "city":"新北市",
    "type":"學校",
    "name":"市立烏來國中(小)",
    "dist":"烏來區",
    "loc":"新北市烏來區烏來里3鄰啦卡路5號",
    "FIELD9":"",
    "FIELD10":null,
    "FIELD11":null
    }
  },
  {
    "type": "Feature",
    "geometry": {
       "type": "Point",
       "coordinates":  [ 121.9070822,25.01640356 ]
    },
    "properties": {
    "id":"NTSC961",
    "city":"新北市",
    "type":"學校",
    "name":"市立貢寮國中",
    "dist":"貢寮區",
    "loc":"新北市貢寮區龍崗里3鄰嵩陽街42號",
    "FIELD9":"",
    "FIELD10":null,
    "FIELD11":null
    }
  },
  {
    "type": "Feature",
    "geometry": {
       "type": "Point",
       "coordinates":  [ 121.9070822,25.01640356 ]
    },
    "properties": {
    "id":"NTSC962",
    "city":"新北市",
    "type":"學校",
    "name":"市立貢寮實驗國中",
    "dist":"貢寮區",
    "loc":"新北市貢寮區龍崗里3鄰嵩陽街42號",
    "FIELD9":"",
    "FIELD10":null,
    "FIELD11":null
    }
  },
  {
    "type": "Feature",
    "geometry": {
       "type": "Point",
       "coordinates":  [ 121.4468512,25.17848152 ]
    },
    "properties": {
    "id":"NTSC963",
    "city":"新北市",
    "type":"學校",
    "name":"市立正德國中",
    "dist":"淡水區",
    "loc":"新北市淡水區正德里1鄰北新路109號",
    "FIELD9":"",
    "FIELD10":null,
    "FIELD11":null
    }
  },
  {
    "type": "Feature",
    "geometry": {
       "type": "Point",
       "coordinates":  [ 121.4468107,25.22516685 ]
    },
    "properties": {
    "id":"NTSC964",
    "city":"新北市",
    "type":"學校",
    "name":"市立正德國中(賢孝校區)",
    "dist":"淡水區",
    "loc":"新北市淡水區賢孝里5鄰後洲子11號",
    "FIELD9":"",
    "FIELD10":null,
    "FIELD11":null
    }
  },
  {
    "type": "Feature",
    "geometry": {
       "type": "Point",
       "coordinates":  [ 121.4468107,25.22516685 ]
    },
    "properties": {
    "id":"NTSC965",
    "city":"新北市",
    "type":"學校",
    "name":"市立正德國中賢孝校區",
    "dist":"淡水區",
    "loc":"新北市淡水區賢孝里5鄰後洲子11號",
    "FIELD9":"",
    "FIELD10":null,
    "FIELD11":null
    }
  },
  {
    "type": "Feature",
    "geometry": {
       "type": "Point",
       "coordinates":  [ 121.4634377,25.14601648 ]
    },
    "properties": {
    "id":"NTSC966",
    "city":"新北市",
    "type":"學校",
    "name":"市立竹圍高中附設國中",
    "dist":"淡水區",
    "loc":"新北市淡水區八勢里2鄰竹林路35號",
    "FIELD9":"",
    "FIELD10":null,
    "FIELD11":null
    }
  },
  {
    "type": "Feature",
    "geometry": {
       "type": "Point",
       "coordinates":  [ 121.43672,25.1747107 ]
    },
    "properties": {
    "id":"NTSC967",
    "city":"新北市",
    "type":"學校",
    "name":"市立淡水國中",
    "dist":"淡水區",
    "loc":"新北市淡水區文化里10鄰真理街10號",
    "FIELD9":"",
    "FIELD10":null,
    "FIELD11":null
    }
  },
  {
    "type": "Feature",
    "geometry": {
       "type": "Point",
       "coordinates":  [ 121.4358831,25.17549725 ]
    },
    "properties": {
    "id":"NTSC968",
    "city":"新北市",
    "type":"學校",
    "name":"私立淡江高中附設國中",
    "dist":"淡水區",
    "loc":"新北市淡水區文化里11鄰真理街26號",
    "FIELD9":"",
    "FIELD10":null,
    "FIELD11":null
    }
  },
  {
    "type": "Feature",
    "geometry": {
       "type": "Point",
       "coordinates":  [ 121.6182594,25.00174325 ]
    },
    "properties": {
    "id":"NTSC969",
    "city":"新北市",
    "type":"學校",
    "name":"市立深坑國中",
    "dist":"深坑區",
    "loc":"新北市深坑區深坑里18鄰文化街41號",
    "FIELD9":"",
    "FIELD10":null,
    "FIELD11":null
    }
  },
  {
    "type": "Feature",
    "geometry": {
       "type": "Point",
       "coordinates":  [ 121.5439919,24.9663782 ]
    },
    "properties": {
    "id":"NTSC970",
    "city":"新北市",
    "type":"學校",
    "name":"市立五峰國中",
    "dist":"新店區",
    "loc":"新北市新店區五[峰]里3鄰中興路一段253號",
    "FIELD9":"",
    "FIELD10":null,
    "FIELD11":null
    }
  },
  {
    "type": "Feature",
    "geometry": {
       "type": "Point",
       "coordinates":  [ 121.5391512,24.95674686 ]
    },
    "properties": {
    "id":"NTSC971",
    "city":"新北市",
    "type":"學校",
    "name":"市立文山國中",
    "dist":"新店區",
    "loc":"新北市新店區文中里4鄰文中路38號",
    "FIELD9":"",
    "FIELD10":null,
    "FIELD11":null
    }
  },
  {
    "type": "Feature",
    "geometry": {
       "type": "Point",
       "coordinates":  [ 121.51451,24.97012893 ]
    },
    "properties": {
    "id":"NTSC972",
    "city":"新北市",
    "type":"學校",
    "name":"市立安康高中附設國中",
    "dist":"新店區",
    "loc":"新北市新店區柴埕里30鄰安興路25號",
    "FIELD9":"",
    "FIELD10":null,
    "FIELD11":null
    }
  },
  {
    "type": "Feature",
    "geometry": {
       "type": "Point",
       "coordinates":  [ 121.5000616,24.95361067 ]
    },
    "properties": {
    "id":"NTSC973",
    "city":"新北市",
    "type":"學校",
    "name":"市立達觀中小學",
    "dist":"新店區",
    "loc":"新北市新店區德安里21鄰僑信路1號",
    "FIELD9":"",
    "FIELD10":null,
    "FIELD11":null
    }
  },
  {
    "type": "Feature",
    "geometry": {
       "type": "Point",
       "coordinates":  [ 121.5000616,24.95361067 ]
    },
    "properties": {
    "id":"NTSC974",
    "city":"新北市",
    "type":"學校",
    "name":"市立達觀國中(小)",
    "dist":"新店區",
    "loc":"新北市新店區德安里21鄰僑信路1號",
    "FIELD9":"",
    "FIELD10":null,
    "FIELD11":null
    }
  },
  {
    "type": "Feature",
    "geometry": {
       "type": "Point",
       "coordinates":  [ 121.5146383,24.96675275 ]
    },
    "properties": {
    "id":"NTSC975",
    "city":"新北市",
    "type":"學校",
    "name":"私立中信高中附設國中",
    "dist":"新店區",
    "loc":"新北市新店區柴埕里30鄰安興路1號",
    "FIELD9":"",
    "FIELD10":null,
    "FIELD11":null
    }
  },
  {
    "type": "Feature",
    "geometry": {
       "type": "Point",
       "coordinates":  [ 121.4974665,24.91102411 ]
    },
    "properties": {
    "id":"NTSC976",
    "city":"新北市",
    "type":"學校",
    "name":"私立康橋高中附設國中",
    "dist":"新店區",
    "loc":"新北市新店區華城里13鄰華城路800號",
    "FIELD9":"",
    "FIELD10":null,
    "FIELD11":null
    }
  },
  {
    "type": "Feature",
    "geometry": {
       "type": "Point",
       "coordinates":  [ 121.5391824,24.97196507 ]
    },
    "properties": {
    "id":"NTSC977",
    "city":"新北市",
    "type":"學校",
    "name":"財團法人崇光高中附設國中",
    "dist":"新店區",
    "loc":"新北市新店區中正里17鄰三民路18號",
    "FIELD9":"",
    "FIELD10":null,
    "FIELD11":null
    }
  },
  {
    "type": "Feature",
    "geometry": {
       "type": "Point",
       "coordinates":  [ 121.4445319,25.05375872 ]
    },
    "properties": {
    "id":"NTSC978",
    "city":"新北市",
    "type":"學校",
    "name":"市立中平國中",
    "dist":"新莊區",
    "loc":"新北市新莊區立廷里40鄰中平路385號",
    "FIELD9":"",
    "FIELD10":null,
    "FIELD11":null
    }
  },
  {
    "type": "Feature",
    "geometry": {
       "type": "Point",
       "coordinates":  [ 121.4161273,25.02040758 ]
    },
    "properties": {
    "id":"NTSC979",
    "city":"新北市",
    "type":"學校",
    "name":"市立丹鳳高中附設國中",
    "dist":"新莊區",
    "loc":"新北市新莊區龍鳳里12鄰龍安路72號",
    "FIELD9":"",
    "FIELD10":null,
    "FIELD11":null
    }
  },
  {
    "type": "Feature",
    "geometry": {
       "type": "Point",
       "coordinates":  [ 121.4443713,25.0425977 ]
    },
    "properties": {
    "id":"NTSC980",
    "city":"新北市",
    "type":"學校",
    "name":"市立新泰國中",
    "dist":"新莊區",
    "loc":"新北市新莊區立泰里14鄰新泰路359號",
    "FIELD9":"",
    "FIELD10":null,
    "FIELD11":null
    }
  },
  {
    "type": "Feature",
    "geometry": {
       "type": "Point",
       "coordinates":  [ 121.4524825,25.03593591 ]
    },
    "properties": {
    "id":"NTSC981",
    "city":"新北市",
    "type":"學校",
    "name":"市立新莊國中",
    "dist":"新莊區",
    "loc":"新北市新莊區榮和里11鄰中正路211號",
    "FIELD9":"",
    "FIELD10":null,
    "FIELD11":null
    }
  },
  {
    "type": "Feature",
    "geometry": {
       "type": "Point",
       "coordinates":  [ 121.422519,25.02532536 ]
    },
    "properties": {
    "id":"NTSC982",
    "city":"新北市",
    "type":"學校",
    "name":"市立福營國中",
    "dist":"新莊區",
    "loc":"新北市新莊區萬安里8鄰富國路105號",
    "FIELD9":"",
    "FIELD10":null,
    "FIELD11":null
    }
  },
  {
    "type": "Feature",
    "geometry": {
       "type": "Point",
       "coordinates":  [ 121.4590621,25.05469859 ]
    },
    "properties": {
    "id":"NTSC983",
    "city":"新北市",
    "type":"學校",
    "name":"市立頭前國中",
    "dist":"新莊區",
    "loc":"新北市新莊區和平里21鄰中原路2號",
    "FIELD9":"",
    "FIELD10":null,
    "FIELD11":null
    }
  },
  {
    "type": "Feature",
    "geometry": {
       "type": "Point",
       "coordinates":  [ 121.4541449,25.03681541 ]
    },
    "properties": {
    "id":"NTSC984",
    "city":"新北市",
    "type":"學校",
    "name":"財團法人恆毅高中附設國中",
    "dist":"新莊區",
    "loc":"新北市新莊區立人里2鄰中正路108號",
    "FIELD9":"",
    "FIELD10":null,
    "FIELD11":null
    }
  },
  {
    "type": "Feature",
    "geometry": {
       "type": "Point",
       "coordinates":  [ 121.8458253,25.10500403 ]
    },
    "properties": {
    "id":"NTSC985",
    "city":"新北市",
    "type":"學校",
    "name":"市立欽賢國中",
    "dist":"瑞芳區",
    "loc":"新北市瑞芳區永慶里9鄰崙頂路3-1號",
    "FIELD9":"",
    "FIELD10":null,
    "FIELD11":null
    }
  },
  {
    "type": "Feature",
    "geometry": {
       "type": "Point",
       "coordinates":  [ 121.8458253,25.10500403 ]
    },
    "properties": {
    "id":"NTSC986",
    "city":"新北市",
    "type":"學校",
    "name":"市立欽賢國中九份校區",
    "dist":"瑞芳區",
    "loc":"新北市瑞芳區永慶里9鄰崙頂路3-1號",
    "FIELD9":"",
    "FIELD10":null,
    "FIELD11":null
    }
  },
  {
    "type": "Feature",
    "geometry": {
       "type": "Point",
       "coordinates":  [ 121.8866691,25.12062623 ]
    },
    "properties": {
    "id":"NTSC987",
    "city":"新北市",
    "type":"學校",
    "name":"市立欽賢國中鼻頭分部",
    "dist":"瑞芳區",
    "loc":"新北市瑞芳區南雅里6鄰南雅路87-1號",
    "FIELD9":"",
    "FIELD10":null,
    "FIELD11":null
    }
  },
  {
    "type": "Feature",
    "geometry": {
       "type": "Point",
       "coordinates":  [ 121.8866691,25.12062623 ]
    },
    "properties": {
    "id":"NTSC988",
    "city":"新北市",
    "type":"學校",
    "name":"市立欽賢國中鼻頭校區",
    "dist":"瑞芳區",
    "loc":"新北市瑞芳區南雅里6鄰南雅路87-1號",
    "FIELD9":"",
    "FIELD10":null,
    "FIELD11":null
    }
  },
  {
    "type": "Feature",
    "geometry": {
       "type": "Point",
       "coordinates":  [ 121.8145215,25.10744395 ]
    },
    "properties": {
    "id":"NTSC989",
    "city":"新北市",
    "type":"學校",
    "name":"市立瑞芳國中",
    "dist":"瑞芳區",
    "loc":"新北市瑞芳區新峰里2鄰三爪子坑路1號",
    "FIELD9":"",
    "FIELD10":null,
    "FIELD11":null
    }
  },
  {
    "type": "Feature",
    "geometry": {
       "type": "Point",
       "coordinates":  [ 121.855879,25.1089973 ]
    },
    "properties": {
    "id":"NTSC990",
    "city":"新北市",
    "type":"學校",
    "name":"私立時雨高中附設國中",
    "dist":"瑞芳區",
    "loc":"新北市瑞芳區銅山里12鄰祈堂路217號",
    "FIELD9":"",
    "FIELD10":null,
    "FIELD11":null
    }
  },
  {
    "type": "Feature",
    "geometry": {
       "type": "Point",
       "coordinates":  [ 121.6944181,25.17779164 ]
    },
    "properties": {
    "id":"NTSC991",
    "city":"新北市",
    "type":"學校",
    "name":"市立萬里國中",
    "dist":"萬里區",
    "loc":"新北市萬里區萬里里23鄰獅頭24號",
    "FIELD9":"",
    "FIELD10":null,
    "FIELD11":null
    }
  },
  {
    "type": "Feature",
    "geometry": {
       "type": "Point",
       "coordinates":  [ 121.4147806,25.00632038 ]
    },
    "properties": {
    "id":"NTSC992",
    "city":"新北市",
    "type":"學校",
    "name":"市立三多國中",
    "dist":"樹林區",
    "loc":"新北市樹林區[蜣]寮里15鄰三多路101號",
    "FIELD9":"",
    "FIELD10":null,
    "FIELD11":null
    }
  },
  {
    "type": "Feature",
    "geometry": {
       "type": "Point",
       "coordinates":  [ 121.4226798,24.98416489 ]
    },
    "properties": {
    "id":"NTSC993",
    "city":"新北市",
    "type":"學校",
    "name":"市立成林國中",
    "dist":"樹林區",
    "loc":"新北市樹林區和平里19鄰中華路8號",
    "FIELD9":"",
    "FIELD10":null,
    "FIELD11":null
    }
  },
  {
    "type": "Feature",
    "geometry": {
       "type": "Point",
       "coordinates":  [ 121.4156681,24.98576016 ]
    },
    "properties": {
    "id":"NTSC994",
    "city":"新北市",
    "type":"學校",
    "name":"市立育林國中",
    "dist":"樹林區",
    "loc":"新北市樹林區樹南里14鄰復興路395號",
    "FIELD9":"",
    "FIELD10":null,
    "FIELD11":null
    }
  },
  {
    "type": "Feature",
    "geometry": {
       "type": "Point",
       "coordinates":  [ 121.3842046,24.95446663 ]
    },
    "properties": {
    "id":"NTSC995",
    "city":"新北市",
    "type":"學校",
    "name":"市立柑園國中",
    "dist":"樹林區",
    "loc":"新北市樹林區柑園里6鄰柑園街二段125號",
    "FIELD9":"",
    "FIELD10":null,
    "FIELD11":null
    }
  },
  {
    "type": "Feature",
    "geometry": {
       "type": "Point",
       "coordinates":  [ 121.3828239,24.94902584 ]
    },
    "properties": {
    "id":"NTSC996",
    "city":"新北市",
    "type":"學校",
    "name":"市立桃子腳中小學",
    "dist":"樹林區",
    "loc":"新北市樹林區南園里8鄰學勤路555號",
    "FIELD9":"",
    "FIELD10":null,
    "FIELD11":null
    }
  },
  {
    "type": "Feature",
    "geometry": {
       "type": "Point",
       "coordinates":  [ 121.3828239,24.94902584 ]
    },
    "properties": {
    "id":"NTSC997",
    "city":"新北市",
    "type":"學校",
    "name":"市立桃子腳國中(小)",
    "dist":"樹林區",
    "loc":"新北市樹林區南園里8鄰學勤路555號",
    "FIELD9":"",
    "FIELD10":null,
    "FIELD11":null
    }
  },
  {
    "type": "Feature",
    "geometry": {
       "type": "Point",
       "coordinates":  [ 121.4226798,24.98416489 ]
    },
    "properties": {
    "id":"NTSC998",
    "city":"新北市",
    "type":"學校",
    "name":"市立樹林高中附設國中",
    "dist":"樹林區",
    "loc":"新北市樹林區和平里19鄰中華路8號",
    "FIELD9":"",
    "FIELD10":null,
    "FIELD11":null
    }
  },
  {
    "type": "Feature",
    "geometry": {
       "type": "Point",
       "coordinates":  [ 121.8627735,25.03535803 ]
    },
    "properties": {
    "id":"NTSC999",
    "city":"新北市",
    "type":"學校",
    "name":"市立雙溪高中附設國中",
    "dist":"雙溪區",
    "loc":"新北市雙溪區平林里1鄰梅竹蹊3號",
    "FIELD9":"",
    "FIELD10":null,
    "FIELD11":null
    }
  },
  {
    "type": "Feature",
    "geometry": {
       "type": "Point",
       "coordinates":  [ 121.4731822,25.08631474 ]
    },
    "properties": {
    "id":"NTSC1000",
    "city":"新北市",
    "type":"學校",
    "name":"市立三民高中附設國中",
    "dist":"蘆洲區",
    "loc":"新北市蘆洲區保和里8鄰三民路96號",
    "FIELD9":"",
    "FIELD10":null,
    "FIELD11":null
    }
  },
  {
    "type": "Feature",
    "geometry": {
       "type": "Point",
       "coordinates":  [ 121.466383,25.08708117 ]
    },
    "properties": {
    "id":"NTSC1001",
    "city":"新北市",
    "type":"學校",
    "name":"市立蘆洲國中",
    "dist":"蘆洲區",
    "loc":"新北市蘆洲區中原里5鄰中正路265號",
    "FIELD9":"",
    "FIELD10":null,
    "FIELD11":null
    }
  },
  {
    "type": "Feature",
    "geometry": {
       "type": "Point",
       "coordinates":  [ 121.4619634,25.0902616 ]
    },
    "properties": {
    "id":"NTSC1002",
    "city":"新北市",
    "type":"學校",
    "name":"市立鷺江國中",
    "dist":"蘆洲區",
    "loc":"新北市蘆洲區正義里10鄰長樂路235號",
    "FIELD9":"",
    "FIELD10":null,
    "FIELD11":null
    }
  },
  {
    "type": "Feature",
    "geometry": {
       "type": "Point",
       "coordinates":  [ 121.4799797,25.07993398 ]
    },
    "properties": {
    "id":"NTSC1003",
    "city":"新北市",
    "type":"學校",
    "name":"私立徐匯高中附設國中",
    "dist":"蘆洲區",
    "loc":"新北市蘆洲區溪墘里1鄰中山一路1號",
    "FIELD9":"",
    "FIELD10":null,
    "FIELD11":null
    }
  },
  {
    "type": "Feature",
    "geometry": {
       "type": "Point",
       "coordinates":  [ 121.3422476,24.94377149 ]
    },
    "properties": {
    "id":"NTSC1004",
    "city":"新北市",
    "type":"學校",
    "name":"市立尖山國中",
    "dist":"鶯歌區",
    "loc":"新北市鶯歌區尖山里16鄰國中街1號",
    "FIELD9":"",
    "FIELD10":null,
    "FIELD11":null
    }
  },
  {
    "type": "Feature",
    "geometry": {
       "type": "Point",
       "coordinates":  [ 121.3317699,24.9670781 ]
    },
    "properties": {
    "id":"NTSC1005",
    "city":"新北市",
    "type":"學校",
    "name":"市立鳳鳴國中",
    "dist":"鶯歌區",
    "loc":"新北市鶯歌區鳳鳴里16鄰永和街33號",
    "FIELD9":"",
    "FIELD10":null,
    "FIELD11":null
    }
  },
  {
    "type": "Feature",
    "geometry": {
       "type": "Point",
       "coordinates":  [ 121.3448203,24.95041665 ]
    },
    "properties": {
    "id":"NTSC1006",
    "city":"新北市",
    "type":"學校",
    "name":"市立鶯歌國中",
    "dist":"鶯歌區",
    "loc":"新北市鶯歌區同慶里13鄰尖山埔路108號",
    "FIELD9":"",
    "FIELD10":null,
    "FIELD11":null
    }
  },
  {
    "type": "Feature",
    "geometry": {
       "type": "Point",
       "coordinates":  [ 121.4064412,25.1534207 ]
    },
    "properties": {
    "id":"NTT1",
    "city":"新北市",
    "type":"行道樹",
    "name":"行道樹",
    "dist":"八里區",
    "loc":"新北市八里區八里大道",
    "FIELD9":"",
    "FIELD10":null,
    "FIELD11":null
    }
  },
  {
    "type": "Feature",
    "geometry": {
       "type": "Point",
       "coordinates":  [ 121.4053133,25.1494968 ]
    },
    "properties": {
    "id":"NTT2",
    "city":"新北市",
    "type":"行道樹",
    "name":"行道樹",
    "dist":"八里區",
    "loc":"新北市八里區中華路",
    "FIELD9":"",
    "FIELD10":null,
    "FIELD11":null
    }
  },
  {
    "type": "Feature",
    "geometry": {
       "type": "Point",
       "coordinates":  [ 121.4016711,25.1556366 ]
    },
    "properties": {
    "id":"NTT3",
    "city":"新北市",
    "type":"行道樹",
    "name":"行道樹",
    "dist":"八里區",
    "loc":"新北市八里區商港九路",
    "FIELD9":"",
    "FIELD10":null,
    "FIELD11":null
    }
  },
  {
    "type": "Feature",
    "geometry": {
       "type": "Point",
       "coordinates":  [ 121.3984417,25.1508172 ]
    },
    "properties": {
    "id":"NTT4",
    "city":"新北市",
    "type":"行道樹",
    "name":"行道樹",
    "dist":"八里區",
    "loc":"新北市八里區商港三路",
    "FIELD9":"",
    "FIELD10":null,
    "FIELD11":null
    }
  },
  {
    "type": "Feature",
    "geometry": {
       "type": "Point",
       "coordinates":  [ 121.3979711,25.1531227 ]
    },
    "properties": {
    "id":"NTT5",
    "city":"新北市",
    "type":"行道樹",
    "name":"行道樹",
    "dist":"八里區",
    "loc":"新北市八里區商港五路",
    "FIELD9":"",
    "FIELD10":null,
    "FIELD11":null
    }
  },
  {
    "type": "Feature",
    "geometry": {
       "type": "Point",
       "coordinates":  [ 121.4064412,25.1534207 ]
    },
    "properties": {
    "id":"NTT6",
    "city":"新北市",
    "type":"行道樹",
    "name":"行道樹",
    "dist":"八里區",
    "loc":"新北市八里區八里大道",
    "FIELD9":"",
    "FIELD10":null,
    "FIELD11":null
    }
  },
  {
    "type": "Feature",
    "geometry": {
       "type": "Point",
       "coordinates":  [ 121.3984417,25.1508172 ]
    },
    "properties": {
    "id":"NTT7",
    "city":"新北市",
    "type":"行道樹",
    "name":"行道樹",
    "dist":"八里區",
    "loc":"新北市八里區商港三路",
    "FIELD9":"",
    "FIELD10":null,
    "FIELD11":null
    }
  },
  {
    "type": "Feature",
    "geometry": {
       "type": "Point",
       "coordinates":  [ 121.4888203,25.2612995 ]
    },
    "properties": {
    "id":"NTT8",
    "city":"新北市",
    "type":"行道樹",
    "name":"行道樹",
    "dist":"三芝區",
    "loc":"新北市三芝區台2線",
    "FIELD9":"",
    "FIELD10":null,
    "FIELD11":null
    }
  },
  {
    "type": "Feature",
    "geometry": {
       "type": "Point",
       "coordinates":  [ 121.4827185,25.0706345 ]
    },
    "properties": {
    "id":"NTT9",
    "city":"新北市",
    "type":"行道樹",
    "name":"行道樹",
    "dist":"三重區",
    "loc":"新北市三重區力行路",
    "FIELD9":"",
    "FIELD10":null,
    "FIELD11":null
    }
  },
  {
    "type": "Feature",
    "geometry": {
       "type": "Point",
       "coordinates":  [ 121.486769,25.077151 ]
    },
    "properties": {
    "id":"NTT10",
    "city":"新北市",
    "type":"行道樹",
    "name":"行道樹",
    "dist":"三重區",
    "loc":"新北市三重區三和路",
    "FIELD9":"",
    "FIELD10":null,
    "FIELD11":null
    }
  },
  {
    "type": "Feature",
    "geometry": {
       "type": "Point",
       "coordinates":  [ 121.4896183,25.0874911 ]
    },
    "properties": {
    "id":"NTT11",
    "city":"新北市",
    "type":"行道樹",
    "name":"行道樹",
    "dist":"三重區",
    "loc":"新北市三重區三信路",
    "FIELD9":"",
    "FIELD10":null,
    "FIELD11":null
    }
  },
  {
    "type": "Feature",
    "geometry": {
       "type": "Point",
       "coordinates":  [ 121.4825841,25.067421 ]
    },
    "properties": {
    "id":"NTT12",
    "city":"新北市",
    "type":"行道樹",
    "name":"行道樹",
    "dist":"三重區",
    "loc":"新北市三重區中正北路",
    "FIELD9":"",
    "FIELD10":null,
    "FIELD11":null
    }
  },
  {
    "type": "Feature",
    "geometry": {
       "type": "Point",
       "coordinates":  [ 121.4939507,25.0567859 ]
    },
    "properties": {
    "id":"NTT13",
    "city":"新北市",
    "type":"行道樹",
    "name":"行道樹",
    "dist":"三重區",
    "loc":"新北市三重區中正南路",
    "FIELD9":"",
    "FIELD10":null,
    "FIELD11":null
    }
  },
  {
    "type": "Feature",
    "geometry": {
       "type": "Point",
       "coordinates":  [ 121.4757583,25.0507972 ]
    },
    "properties": {
    "id":"NTT14",
    "city":"新北市",
    "type":"行道樹",
    "name":"行道樹",
    "dist":"三重區",
    "loc":"新北市三重區五谷王北街",
    "FIELD9":"",
    "FIELD10":null,
    "FIELD11":null
    }
  },
  {
    "type": "Feature",
    "geometry": {
       "type": "Point",
       "coordinates":  [ 121.4905643,25.0847881 ]
    },
    "properties": {
    "id":"NTT15",
    "city":"新北市",
    "type":"行道樹",
    "name":"行道樹",
    "dist":"三重區",
    "loc":"新北市三重區五華街",
    "FIELD9":"",
    "FIELD10":null,
    "FIELD11":null
    }
  },
  {
    "type": "Feature",
    "geometry": {
       "type": "Point",
       "coordinates":  [ 121.4867114,25.0614534 ]
    },
    "properties": {
    "id":"NTT16",
    "city":"新北市",
    "type":"行道樹",
    "name":"行道樹",
    "dist":"三重區",
    "loc":"新北市三重區仁信一街",
    "FIELD9":"",
    "FIELD10":null,
    "FIELD11":null
    }
  },
  {
    "type": "Feature",
    "geometry": {
       "type": "Point",
       "coordinates":  [ 121.4855973,25.0672401 ]
    },
    "properties": {
    "id":"NTT17",
    "city":"新北市",
    "type":"行道樹",
    "name":"行道樹",
    "dist":"三重區",
    "loc":"新北市三重區仁信二街176巷",
    "FIELD9":"",
    "FIELD10":null,
    "FIELD11":null
    }
  },
  {
    "type": "Feature",
    "geometry": {
       "type": "Point",
       "coordinates":  [ 121.4928634,25.0786352 ]
    },
    "properties": {
    "id":"NTT18",
    "city":"新北市",
    "type":"行道樹",
    "name":"行道樹",
    "dist":"三重區",
    "loc":"新北市三重區仁愛街",
    "FIELD9":"",
    "FIELD10":null,
    "FIELD11":null
    }
  },
  {
    "type": "Feature",
    "geometry": {
       "type": "Point",
       "coordinates":  [ 121.49686,25.0795777 ]
    },
    "properties": {
    "id":"NTT19",
    "city":"新北市",
    "type":"行道樹",
    "name":"行道樹",
    "dist":"三重區",
    "loc":"新北市三重區元信二街",
    "FIELD9":"",
    "FIELD10":null,
    "FIELD11":null
    }
  },
  {
    "type": "Feature",
    "geometry": {
       "type": "Point",
       "coordinates":  [ 121.4832301,25.0543988 ]
    },
    "properties": {
    "id":"NTT20",
    "city":"新北市",
    "type":"行道樹",
    "name":"行道樹",
    "dist":"三重區",
    "loc":"新北市三重區水漾路",
    "FIELD9":"",
    "FIELD10":null,
    "FIELD11":null
    }
  },
  {
    "type": "Feature",
    "geometry": {
       "type": "Point",
       "coordinates":  [ 121.4985466,25.0592791 ]
    },
    "properties": {
    "id":"NTT21",
    "city":"新北市",
    "type":"行道樹",
    "name":"行道樹",
    "dist":"三重區",
    "loc":"新北市三重區正義南路",
    "FIELD9":"",
    "FIELD10":null,
    "FIELD11":null
    }
  },
  {
    "type": "Feature",
    "geometry": {
       "type": "Point",
       "coordinates":  [ 121.4906398,25.0655399 ]
    },
    "properties": {
    "id":"NTT22",
    "city":"新北市",
    "type":"行道樹",
    "name":"行道樹",
    "dist":"三重區",
    "loc":"新北市三重區民生街",
    "FIELD9":"",
    "FIELD10":null,
    "FIELD11":null
    }
  },
  {
    "type": "Feature",
    "geometry": {
       "type": "Point",
       "coordinates":  [ 121.4719182,25.0474143 ]
    },
    "properties": {
    "id":"NTT23",
    "city":"新北市",
    "type":"行道樹",
    "name":"行道樹",
    "dist":"三重區",
    "loc":"新北市三重區光復路",
    "FIELD9":"",
    "FIELD10":null,
    "FIELD11":null
    }
  },
  {
    "type": "Feature",
    "geometry": {
       "type": "Point",
       "coordinates":  [ 121.4971633,25.0599398 ]
    },
    "properties": {
    "id":"NTT24",
    "city":"新北市",
    "type":"行道樹",
    "name":"行道樹",
    "dist":"三重區",
    "loc":"新北市三重區光興街",
    "FIELD9":"",
    "FIELD10":null,
    "FIELD11":null
    }
  },
  {
    "type": "Feature",
    "geometry": {
       "type": "Point",
       "coordinates":  [ 121.4819808,25.0601695 ]
    },
    "properties": {
    "id":"NTT25",
    "city":"新北市",
    "type":"行道樹",
    "name":"行道樹",
    "dist":"三重區",
    "loc":"新北市三重區名源街",
    "FIELD9":"",
    "FIELD10":null,
    "FIELD11":null
    }
  },
  {
    "type": "Feature",
    "geometry": {
       "type": "Point",
       "coordinates":  [ 121.4874856,25.0516127 ]
    },
    "properties": {
    "id":"NTT26",
    "city":"新北市",
    "type":"行道樹",
    "name":"行道樹",
    "dist":"三重區",
    "loc":"新北市三重區成功路",
    "FIELD9":"",
    "FIELD10":null,
    "FIELD11":null
    }
  },
  {
    "type": "Feature",
    "geometry": {
       "type": "Point",
       "coordinates":  [ 121.4993557,25.0720901 ]
    },
    "properties": {
    "id":"NTT27",
    "city":"新北市",
    "type":"行道樹",
    "name":"行道樹",
    "dist":"三重區",
    "loc":"新北市三重區秀江街",
    "FIELD9":"",
    "FIELD10":null,
    "FIELD11":null
    }
  },
  {
    "type": "Feature",
    "geometry": {
       "type": "Point",
       "coordinates":  [ 121.484413,25.0698463 ]
    },
    "properties": {
    "id":"NTT28",
    "city":"新北市",
    "type":"行道樹",
    "name":"行道樹",
    "dist":"三重區",
    "loc":"新北市三重區忠孝路",
    "FIELD9":"",
    "FIELD10":null,
    "FIELD11":null
    }
  },
  {
    "type": "Feature",
    "geometry": {
       "type": "Point",
       "coordinates":  [ 121.5037917,25.0708611 ]
    },
    "properties": {
    "id":"NTT29",
    "city":"新北市",
    "type":"行道樹",
    "name":"行道樹",
    "dist":"三重區",
    "loc":"新北市三重區河邊北街",
    "FIELD9":"",
    "FIELD10":null,
    "FIELD11":null
    }
  },
  {
    "type": "Feature",
    "geometry": {
       "type": "Point",
       "coordinates":  [ 121.4926203,25.056058 ]
    },
    "properties": {
    "id":"NTT30",
    "city":"新北市",
    "type":"行道樹",
    "name":"行道樹",
    "dist":"三重區",
    "loc":"新北市三重區重安街",
    "FIELD9":"",
    "FIELD10":null,
    "FIELD11":null
    }
  },
  {
    "type": "Feature",
    "geometry": {
       "type": "Point",
       "coordinates":  [ 121.486761,25.0590108 ]
    },
    "properties": {
    "id":"NTT31",
    "city":"新北市",
    "type":"行道樹",
    "name":"行道樹",
    "dist":"三重區",
    "loc":"新北市三重區重陽路",
    "FIELD9":"",
    "FIELD10":null,
    "FIELD11":null
    }
  },
  {
    "type": "Feature",
    "geometry": {
       "type": "Point",
       "coordinates":  [ 121.4906398,25.0655399 ]
    },
    "properties": {
    "id":"NTT32",
    "city":"新北市",
    "type":"行道樹",
    "name":"行道樹",
    "dist":"三重區",
    "loc":"新北市三重區重陽路3段5巷",
    "FIELD9":"",
    "FIELD10":null,
    "FIELD11":null
    }
  },
  {
    "type": "Feature",
    "geometry": {
       "type": "Point",
       "coordinates":  [ 121.4722764,25.0467166 ]
    },
    "properties": {
    "id":"NTT33",
    "city":"新北市",
    "type":"行道樹",
    "name":"行道樹",
    "dist":"三重區",
    "loc":"新北市三重區重新路",
    "FIELD9":"",
    "FIELD10":null,
    "FIELD11":null
    }
  },
  {
    "type": "Feature",
    "geometry": {
       "type": "Point",
       "coordinates":  [ 121.4721805,25.0465372 ]
    },
    "properties": {
    "id":"NTT34",
    "city":"新北市",
    "type":"行道樹",
    "name":"行道樹",
    "dist":"三重區",
    "loc":"新北市三重區重新路5段",
    "FIELD9":"",
    "FIELD10":null,
    "FIELD11":null
    }
  },
  {
    "type": "Feature",
    "geometry": {
       "type": "Point",
       "coordinates":  [ 121.4741177,25.0535759 ]
    },
    "properties": {
    "id":"NTT35",
    "city":"新北市",
    "type":"行道樹",
    "name":"行道樹",
    "dist":"三重區",
    "loc":"新北市三重區神農街",
    "FIELD9":"",
    "FIELD10":null,
    "FIELD11":null
    }
  },
  {
    "type": "Feature",
    "geometry": {
       "type": "Point",
       "coordinates":  [ 121.484598,25.0558665 ]
    },
    "properties": {
    "id":"NTT36",
    "city":"新北市",
    "type":"行道樹",
    "name":"行道樹",
    "dist":"三重區",
    "loc":"新北市三重區捷運路",
    "FIELD9":"",
    "FIELD10":null,
    "FIELD11":null
    }
  },
  {
    "type": "Feature",
    "geometry": {
       "type": "Point",
       "coordinates":  [ 121.4765088,25.0561356 ]
    },
    "properties": {
    "id":"NTT37",
    "city":"新北市",
    "type":"行道樹",
    "name":"行道樹",
    "dist":"三重區",
    "loc":"新北市三重區疏洪西路",
    "FIELD9":"",
    "FIELD10":null,
    "FIELD11":null
    }
  },
  {
    "type": "Feature",
    "geometry": {
       "type": "Point",
       "coordinates":  [ 121.4757643,25.0667825 ]
    },
    "properties": {
    "id":"NTT38",
    "city":"新北市",
    "type":"行道樹",
    "name":"行道樹",
    "dist":"三重區",
    "loc":"新北市三重區頂崁街210巷28弄",
    "FIELD9":"",
    "FIELD10":null,
    "FIELD11":null
    }
  },
  {
    "type": "Feature",
    "geometry": {
       "type": "Point",
       "coordinates":  [ 121.4888401,25.0524757 ]
    },
    "properties": {
    "id":"NTT39",
    "city":"新北市",
    "type":"行道樹",
    "name":"行道樹",
    "dist":"三重區",
    "loc":"新北市三重區集成路",
    "FIELD9":"",
    "FIELD10":null,
    "FIELD11":null
    }
  },
  {
    "type": "Feature",
    "geometry": {
       "type": "Point",
       "coordinates":  [ 121.4882792,25.0548235 ]
    },
    "properties": {
    "id":"NTT40",
    "city":"新北市",
    "type":"行道樹",
    "name":"行道樹",
    "dist":"三重區",
    "loc":"新北市三重區集美街",
    "FIELD9":"",
    "FIELD10":null,
    "FIELD11":null
    }
  },
  {
    "type": "Feature",
    "geometry": {
       "type": "Point",
       "coordinates":  [ 121.4858031,25.0866814 ]
    },
    "properties": {
    "id":"NTT41",
    "city":"新北市",
    "type":"行道樹",
    "name":"行道樹",
    "dist":"三重區",
    "loc":"新北市三重區集英路",
    "FIELD9":"",
    "FIELD10":null,
    "FIELD11":null
    }
  },
  {
    "type": "Feature",
    "geometry": {
       "type": "Point",
       "coordinates":  [ 121.4931961,25.0879043 ]
    },
    "properties": {
    "id":"NTT42",
    "city":"新北市",
    "type":"行道樹",
    "name":"行道樹",
    "dist":"三重區",
    "loc":"新北市三重區集賢路",
    "FIELD9":"",
    "FIELD10":null,
    "FIELD11":null
    }
  },
  {
    "type": "Feature",
    "geometry": {
       "type": "Point",
       "coordinates":  [ 121.4867114,25.0614534 ]
    },
    "properties": {
    "id":"NTT43",
    "city":"新北市",
    "type":"行道樹",
    "name":"行道樹",
    "dist":"三重區",
    "loc":"新北市三重區新北大道",
    "FIELD9":"",
    "FIELD10":null,
    "FIELD11":null
    }
  },
  {
    "type": "Feature",
    "geometry": {
       "type": "Point",
       "coordinates":  [ 121.4892228,25.0797476 ]
    },
    "properties": {
    "id":"NTT44",
    "city":"新北市",
    "type":"行道樹",
    "name":"行道樹",
    "dist":"三重區",
    "loc":"新北市三重區溪尾街",
    "FIELD9":"",
    "FIELD10":null,
    "FIELD11":null
    }
  },
  {
    "type": "Feature",
    "geometry": {
       "type": "Point",
       "coordinates":  [ 121.4876124,25.0606388 ]
    },
    "properties": {
    "id":"NTT45",
    "city":"新北市",
    "type":"行道樹",
    "name":"行道樹",
    "dist":"三重區",
    "loc":"新北市三重區過圳街",
    "FIELD9":"",
    "FIELD10":null,
    "FIELD11":null
    }
  },
  {
    "type": "Feature",
    "geometry": {
       "type": "Point",
       "coordinates":  [ 121.4740301,25.0535544 ]
    },
    "properties": {
    "id":"NTT46",
    "city":"新北市",
    "type":"行道樹",
    "name":"行道樹",
    "dist":"三重區",
    "loc":"新北市三重區興德路",
    "FIELD9":"",
    "FIELD10":null,
    "FIELD11":null
    }
  },
  {
    "type": "Feature",
    "geometry": {
       "type": "Point",
       "coordinates":  [ 121.5021066,25.0704398 ]
    },
    "properties": {
    "id":"NTT47",
    "city":"新北市",
    "type":"行道樹",
    "name":"行道樹",
    "dist":"三重區",
    "loc":"新北市三重區龍濱路",
    "FIELD9":"",
    "FIELD10":null,
    "FIELD11":null
    }
  },
  {
    "type": "Feature",
    "geometry": {
       "type": "Point",
       "coordinates":  [ 121.5044522,25.0692441 ]
    },
    "properties": {
    "id":"NTT48",
    "city":"新北市",
    "type":"行道樹",
    "name":"行道樹",
    "dist":"三重區",
    "loc":"新北市三重區環河北路",
    "FIELD9":"",
    "FIELD10":null,
    "FIELD11":null
    }
  },
  {
    "type": "Feature",
    "geometry": {
       "type": "Point",
       "coordinates":  [ 121.4966584,25.0549818 ]
    },
    "properties": {
    "id":"NTT49",
    "city":"新北市",
    "type":"行道樹",
    "name":"行道樹",
    "dist":"三重區",
    "loc":"新北市三重區環河南路",
    "FIELD9":"",
    "FIELD10":null,
    "FIELD11":null
    }
  },
  {
    "type": "Feature",
    "geometry": {
       "type": "Point",
       "coordinates":  [ 121.4792053,25.0484796 ]
    },
    "properties": {
    "id":"NTT50",
    "city":"新北市",
    "type":"行道樹",
    "name":"行道樹",
    "dist":"三重區",
    "loc":"新北市三重區環漢路1段",
    "FIELD9":"",
    "FIELD10":null,
    "FIELD11":null
    }
  },
  {
    "type": "Feature",
    "geometry": {
       "type": "Point",
       "coordinates":  [ 121.4827185,25.0706345 ]
    },
    "properties": {
    "id":"NTT51",
    "city":"新北市",
    "type":"行道樹",
    "name":"行道樹",
    "dist":"三重區",
    "loc":"新北市三重區力行路",
    "FIELD9":"",
    "FIELD10":null,
    "FIELD11":null
    }
  },
  {
    "type": "Feature",
    "geometry": {
       "type": "Point",
       "coordinates":  [ 121.4822236,25.0655113 ]
    },
    "properties": {
    "id":"NTT52",
    "city":"新北市",
    "type":"行道樹",
    "name":"行道樹",
    "dist":"三重區",
    "loc":"新北市三重區三民街",
    "FIELD9":"",
    "FIELD10":null,
    "FIELD11":null
    }
  },
  {
    "type": "Feature",
    "geometry": {
       "type": "Point",
       "coordinates":  [ 121.486769,25.077151 ]
    },
    "properties": {
    "id":"NTT53",
    "city":"新北市",
    "type":"行道樹",
    "name":"行道樹",
    "dist":"三重區",
    "loc":"新北市三重區三和路",
    "FIELD9":"",
    "FIELD10":null,
    "FIELD11":null
    }
  },
  {
    "type": "Feature",
    "geometry": {
       "type": "Point",
       "coordinates":  [ 121.4896183,25.0874911 ]
    },
    "properties": {
    "id":"NTT54",
    "city":"新北市",
    "type":"行道樹",
    "name":"行道樹",
    "dist":"三重區",
    "loc":"新北市三重區三信路",
    "FIELD9":"",
    "FIELD10":null,
    "FIELD11":null
    }
  },
  {
    "type": "Feature",
    "geometry": {
       "type": "Point",
       "coordinates":  [ 121.4894405,25.0599037 ]
    },
    "properties": {
    "id":"NTT55",
    "city":"新北市",
    "type":"行道樹",
    "name":"行道樹",
    "dist":"三重區",
    "loc":"新北市三重區三寧街",
    "FIELD9":"",
    "FIELD10":null,
    "FIELD11":null
    }
  },
  {
    "type": "Feature",
    "geometry": {
       "type": "Point",
       "coordinates":  [ 121.4825841,25.067421 ]
    },
    "properties": {
    "id":"NTT56",
    "city":"新北市",
    "type":"行道樹",
    "name":"行道樹",
    "dist":"三重區",
    "loc":"新北市三重區中正北路",
    "FIELD9":"",
    "FIELD10":null,
    "FIELD11":null
    }
  },
  {
    "type": "Feature",
    "geometry": {
       "type": "Point",
       "coordinates":  [ 121.4939507,25.0567859 ]
    },
    "properties": {
    "id":"NTT57",
    "city":"新北市",
    "type":"行道樹",
    "name":"行道樹",
    "dist":"三重區",
    "loc":"新北市三重區中正南路",
    "FIELD9":"",
    "FIELD10":null,
    "FIELD11":null
    }
  },
  {
    "type": "Feature",
    "geometry": {
       "type": "Point",
       "coordinates":  [ 121.4832301,25.0543988 ]
    },
    "properties": {
    "id":"NTT58",
    "city":"新北市",
    "type":"行道樹",
    "name":"行道樹",
    "dist":"三重區",
    "loc":"新北市三重區水漾路",
    "FIELD9":"",
    "FIELD10":null,
    "FIELD11":null
    }
  },
  {
    "type": "Feature",
    "geometry": {
       "type": "Point",
       "coordinates":  [ 121.4874856,25.0516127 ]
    },
    "properties": {
    "id":"NTT59",
    "city":"新北市",
    "type":"行道樹",
    "name":"行道樹",
    "dist":"三重區",
    "loc":"新北市三重區成功路",
    "FIELD9":"",
    "FIELD10":null,
    "FIELD11":null
    }
  },
  {
    "type": "Feature",
    "geometry": {
       "type": "Point",
       "coordinates":  [ 121.5037917,25.0708611 ]
    },
    "properties": {
    "id":"NTT60",
    "city":"新北市",
    "type":"行道樹",
    "name":"行道樹",
    "dist":"三重區",
    "loc":"新北市三重區河邊北街",
    "FIELD9":"",
    "FIELD10":null,
    "FIELD11":null
    }
  },
  {
    "type": "Feature",
    "geometry": {
       "type": "Point",
       "coordinates":  [ 121.486761,25.0590108 ]
    },
    "properties": {
    "id":"NTT61",
    "city":"新北市",
    "type":"行道樹",
    "name":"行道樹",
    "dist":"三重區",
    "loc":"新北市三重區重陽路",
    "FIELD9":"",
    "FIELD10":null,
    "FIELD11":null
    }
  },
  {
    "type": "Feature",
    "geometry": {
       "type": "Point",
       "coordinates":  [ 121.4721805,25.0465372 ]
    },
    "properties": {
    "id":"NTT62",
    "city":"新北市",
    "type":"行道樹",
    "name":"行道樹",
    "dist":"三重區",
    "loc":"新北市三重區重新路5段",
    "FIELD9":"",
    "FIELD10":null,
    "FIELD11":null
    }
  },
  {
    "type": "Feature",
    "geometry": {
       "type": "Point",
       "coordinates":  [ 121.484598,25.0558665 ]
    },
    "properties": {
    "id":"NTT63",
    "city":"新北市",
    "type":"行道樹",
    "name":"行道樹",
    "dist":"三重區",
    "loc":"新北市三重區捷運路",
    "FIELD9":"",
    "FIELD10":null,
    "FIELD11":null
    }
  },
  {
    "type": "Feature",
    "geometry": {
       "type": "Point",
       "coordinates":  [ 121.4765088,25.0561356 ]
    },
    "properties": {
    "id":"NTT64",
    "city":"新北市",
    "type":"行道樹",
    "name":"行道樹",
    "dist":"三重區",
    "loc":"新北市三重區疏洪西路",
    "FIELD9":"",
    "FIELD10":null,
    "FIELD11":null
    }
  },
  {
    "type": "Feature",
    "geometry": {
       "type": "Point",
       "coordinates":  [ 121.4931961,25.0879043 ]
    },
    "properties": {
    "id":"NTT65",
    "city":"新北市",
    "type":"行道樹",
    "name":"行道樹",
    "dist":"三重區",
    "loc":"新北市三重區集賢路",
    "FIELD9":"",
    "FIELD10":null,
    "FIELD11":null
    }
  },
  {
    "type": "Feature",
    "geometry": {
       "type": "Point",
       "coordinates":  [ 121.4867114,25.0614534 ]
    },
    "properties": {
    "id":"NTT66",
    "city":"新北市",
    "type":"行道樹",
    "name":"行道樹",
    "dist":"三重區",
    "loc":"新北市三重區新北大道",
    "FIELD9":"",
    "FIELD10":null,
    "FIELD11":null
    }
  },
  {
    "type": "Feature",
    "geometry": {
       "type": "Point",
       "coordinates":  [ 121.4740301,25.0535544 ]
    },
    "properties": {
    "id":"NTT67",
    "city":"新北市",
    "type":"行道樹",
    "name":"行道樹",
    "dist":"三重區",
    "loc":"新北市三重區興德路",
    "FIELD9":"",
    "FIELD10":null,
    "FIELD11":null
    }
  },
  {
    "type": "Feature",
    "geometry": {
       "type": "Point",
       "coordinates":  [ 121.5021066,25.0704398 ]
    },
    "properties": {
    "id":"NTT68",
    "city":"新北市",
    "type":"行道樹",
    "name":"行道樹",
    "dist":"三重區",
    "loc":"新北市三重區龍濱路",
    "FIELD9":"",
    "FIELD10":null,
    "FIELD11":null
    }
  },
  {
    "type": "Feature",
    "geometry": {
       "type": "Point",
       "coordinates":  [ 121.5044522,25.0692441 ]
    },
    "properties": {
    "id":"NTT69",
    "city":"新北市",
    "type":"行道樹",
    "name":"行道樹",
    "dist":"三重區",
    "loc":"新北市三重區環河北路",
    "FIELD9":"",
    "FIELD10":null,
    "FIELD11":null
    }
  },
  {
    "type": "Feature",
    "geometry": {
       "type": "Point",
       "coordinates":  [ 121.4792053,25.0484796 ]
    },
    "properties": {
    "id":"NTT70",
    "city":"新北市",
    "type":"行道樹",
    "name":"行道樹",
    "dist":"三重區",
    "loc":"新北市三重區環漢路1段",
    "FIELD9":"",
    "FIELD10":null,
    "FIELD11":null
    }
  },
  {
    "type": "Feature",
    "geometry": {
       "type": "Point",
       "coordinates":  [ 121.3786313,24.9407519 ]
    },
    "properties": {
    "id":"NTT71",
    "city":"新北市",
    "type":"行道樹",
    "name":"行道樹",
    "dist":"三峽區",
    "loc":"新北市三峽區三樹路",
    "FIELD9":"",
    "FIELD10":null,
    "FIELD11":null
    }
  },
  {
    "type": "Feature",
    "geometry": {
       "type": "Point",
       "coordinates":  [ 121.3775851,24.9465154 ]
    },
    "properties": {
    "id":"NTT72",
    "city":"新北市",
    "type":"行道樹",
    "name":"行道樹",
    "dist":"三峽區",
    "loc":"新北市三峽區大義路",
    "FIELD9":"",
    "FIELD10":null,
    "FIELD11":null
    }
  },
  {
    "type": "Feature",
    "geometry": {
       "type": "Point",
       "coordinates":  [ 121.3749186,24.9434125 ]
    },
    "properties": {
    "id":"NTT73",
    "city":"新北市",
    "type":"行道樹",
    "name":"行道樹",
    "dist":"三峽區",
    "loc":"新北市三峽區大學路",
    "FIELD9":"",
    "FIELD10":null,
    "FIELD11":null
    }
  },
  {
    "type": "Feature",
    "geometry": {
       "type": "Point",
       "coordinates":  [ 121.3717225,24.9261793 ]
    },
    "properties": {
    "id":"NTT74",
    "city":"新北市",
    "type":"行道樹",
    "name":"行道樹",
    "dist":"三峽區",
    "loc":"新北市三峽區中正路一段",
    "FIELD9":"",
    "FIELD10":null,
    "FIELD11":null
    }
  },
  {
    "type": "Feature",
    "geometry": {
       "type": "Point",
       "coordinates":  [ 121.382746,24.9306551 ]
    },
    "properties": {
    "id":"NTT75",
    "city":"新北市",
    "type":"行道樹",
    "name":"行道樹",
    "dist":"三峽區",
    "loc":"新北市三峽區介壽路一段",
    "FIELD9":"",
    "FIELD10":null,
    "FIELD11":null
    }
  },
  {
    "type": "Feature",
    "geometry": {
       "type": "Point",
       "coordinates":  [ 121.3777561,24.9325639 ]
    },
    "properties": {
    "id":"NTT76",
    "city":"新北市",
    "type":"行道樹",
    "name":"行道樹",
    "dist":"三峽區",
    "loc":"新北市三峽區長泰街",
    "FIELD9":"",
    "FIELD10":null,
    "FIELD11":null
    }
  },
  {
    "type": "Feature",
    "geometry": {
       "type": "Point",
       "coordinates":  [ 121.370188,24.9337103 ]
    },
    "properties": {
    "id":"NTT77",
    "city":"新北市",
    "type":"行道樹",
    "name":"行道樹",
    "dist":"三峽區",
    "loc":"新北市三峽區長福街",
    "FIELD9":"",
    "FIELD10":null,
    "FIELD11":null
    }
  },
  {
    "type": "Feature",
    "geometry": {
       "type": "Point",
       "coordinates":  [ 121.375593,24.9398616 ]
    },
    "properties": {
    "id":"NTT78",
    "city":"新北市",
    "type":"行道樹",
    "name":"行道樹",
    "dist":"三峽區",
    "loc":"新北市三峽區國慶路",
    "FIELD9":"",
    "FIELD10":null,
    "FIELD11":null
    }
  },
  {
    "type": "Feature",
    "geometry": {
       "type": "Point",
       "coordinates":  [ 121.3726382,24.9344553 ]
    },
    "properties": {
    "id":"NTT79",
    "city":"新北市",
    "type":"行道樹",
    "name":"行道樹",
    "dist":"三峽區",
    "loc":"新北市三峽區清水街",
    "FIELD9":"",
    "FIELD10":null,
    "FIELD11":null
    }
  },
  {
    "type": "Feature",
    "geometry": {
       "type": "Point",
       "coordinates":  [ 121.3655032,24.9388696 ]
    },
    "properties": {
    "id":"NTT80",
    "city":"新北市",
    "type":"行道樹",
    "name":"行道樹",
    "dist":"三峽區",
    "loc":"新北市三峽區復興路",
    "FIELD9":"",
    "FIELD10":null,
    "FIELD11":null
    }
  },
  {
    "type": "Feature",
    "geometry": {
       "type": "Point",
       "coordinates":  [ 121.363214,24.9428818 ]
    },
    "properties": {
    "id":"NTT81",
    "city":"新北市",
    "type":"行道樹",
    "name":"行道樹",
    "dist":"三峽區",
    "loc":"新北市三峽區隆恩街",
    "FIELD9":"",
    "FIELD10":null,
    "FIELD11":null
    }
  },
  {
    "type": "Feature",
    "geometry": {
       "type": "Point",
       "coordinates":  [ 121.3737459,24.9413124 ]
    },
    "properties": {
    "id":"NTT82",
    "city":"新北市",
    "type":"行道樹",
    "name":"行道樹",
    "dist":"三峽區",
    "loc":"新北市三峽區學成路",
    "FIELD9":"",
    "FIELD10":null,
    "FIELD11":null
    }
  },
  {
    "type": "Feature",
    "geometry": {
       "type": "Point",
       "coordinates":  [ 121.3751067,24.9492995 ]
    },
    "properties": {
    "id":"NTT83",
    "city":"新北市",
    "type":"行道樹",
    "name":"行道樹",
    "dist":"三峽區",
    "loc":"新北市三峽區學府路",
    "FIELD9":"",
    "FIELD10":null,
    "FIELD11":null
    }
  },
  {
    "type": "Feature",
    "geometry": {
       "type": "Point",
       "coordinates":  [ 121.375126,24.9463231 ]
    },
    "properties": {
    "id":"NTT84",
    "city":"新北市",
    "type":"行道樹",
    "name":"行道樹",
    "dist":"三峽區",
    "loc":"新北市三峽區學勤路",
    "FIELD9":"",
    "FIELD10":null,
    "FIELD11":null
    }
  },
  {
    "type": "Feature",
    "geometry": {
       "type": "Point",
       "coordinates":  [ 121.3834386,24.9396396 ]
    },
    "properties": {
    "id":"NTT85",
    "city":"新北市",
    "type":"行道樹",
    "name":"行道樹",
    "dist":"三峽區",
    "loc":"新北市三峽區龍埔路",
    "FIELD9":"",
    "FIELD10":null,
    "FIELD11":null
    }
  },
  {
    "type": "Feature",
    "geometry": {
       "type": "Point",
       "coordinates":  [ 121.3786313,24.9407519 ]
    },
    "properties": {
    "id":"NTT86",
    "city":"新北市",
    "type":"行道樹",
    "name":"行道樹",
    "dist":"三峽區",
    "loc":"新北市三峽區三樹路",
    "FIELD9":"",
    "FIELD10":null,
    "FIELD11":null
    }
  },
  {
    "type": "Feature",
    "geometry": {
       "type": "Point",
       "coordinates":  [ 121.3655032,24.9388696 ]
    },
    "properties": {
    "id":"NTT87",
    "city":"新北市",
    "type":"行道樹",
    "name":"行道樹",
    "dist":"三峽區",
    "loc":"新北市三峽區復興路",
    "FIELD9":"",
    "FIELD10":null,
    "FIELD11":null
    }
  },
  {
    "type": "Feature",
    "geometry": {
       "type": "Point",
       "coordinates":  [ 121.3737459,24.9413124 ]
    },
    "properties": {
    "id":"NTT88",
    "city":"新北市",
    "type":"行道樹",
    "name":"行道樹",
    "dist":"三峽區",
    "loc":"新北市三峽區學成路",
    "FIELD9":"",
    "FIELD10":null,
    "FIELD11":null
    }
  },
  {
    "type": "Feature",
    "geometry": {
       "type": "Point",
       "coordinates":  [ 121.375126,24.9463231 ]
    },
    "properties": {
    "id":"NTT89",
    "city":"新北市",
    "type":"行道樹",
    "name":"行道樹",
    "dist":"三峽區",
    "loc":"新北市三峽區學勤路",
    "FIELD9":"",
    "FIELD10":null,
    "FIELD11":null
    }
  },
  {
    "type": "Feature",
    "geometry": {
       "type": "Point",
       "coordinates":  [ 121.4331883,24.9686363 ]
    },
    "properties": {
    "id":"NTT90",
    "city":"新北市",
    "type":"行道樹",
    "name":"行道樹",
    "dist":"土城區",
    "loc":"新北市土城區大安路",
    "FIELD9":"",
    "FIELD10":null,
    "FIELD11":null
    }
  },
  {
    "type": "Feature",
    "geometry": {
       "type": "Point",
       "coordinates":  [ 121.448764,24.991566 ]
    },
    "properties": {
    "id":"NTT91",
    "city":"新北市",
    "type":"行道樹",
    "name":"行道樹",
    "dist":"土城區",
    "loc":"新北市土城區中央路",
    "FIELD9":"",
    "FIELD10":null,
    "FIELD11":null
    }
  },
  {
    "type": "Feature",
    "geometry": {
       "type": "Point",
       "coordinates":  [ 121.4445583,24.9755393 ]
    },
    "properties": {
    "id":"NTT92",
    "city":"新北市",
    "type":"行道樹",
    "name":"行道樹",
    "dist":"土城區",
    "loc":"新北市土城區中正路〈含公館溝沿線〉",
    "FIELD9":"",
    "FIELD10":null,
    "FIELD11":null
    }
  },
  {
    "type": "Feature",
    "geometry": {
       "type": "Point",
       "coordinates":  [ 121.4435758,24.9857684 ]
    },
    "properties": {
    "id":"NTT93",
    "city":"新北市",
    "type":"行道樹",
    "name":"行道樹",
    "dist":"土城區",
    "loc":"新北市土城區中華路",
    "FIELD9":"",
    "FIELD10":null,
    "FIELD11":null
    }
  },
  {
    "type": "Feature",
    "geometry": {
       "type": "Point",
       "coordinates":  [ 121.4621317,24.9879935 ]
    },
    "properties": {
    "id":"NTT94",
    "city":"新北市",
    "type":"行道樹",
    "name":"行道樹",
    "dist":"土城區",
    "loc":"新北市土城區立德路",
    "FIELD9":"",
    "FIELD10":null,
    "FIELD11":null
    }
  },
  {
    "type": "Feature",
    "geometry": {
       "type": "Point",
       "coordinates":  [ 121.4678525,24.9850463 ]
    },
    "properties": {
    "id":"NTT95",
    "city":"新北市",
    "type":"行道樹",
    "name":"行道樹",
    "dist":"土城區",
    "loc":"新北市土城區延吉街",
    "FIELD9":"",
    "FIELD10":null,
    "FIELD11":null
    }
  },
  {
    "type": "Feature",
    "geometry": {
       "type": "Point",
       "coordinates":  [ 121.4664042,24.9894883 ]
    },
    "properties": {
    "id":"NTT96",
    "city":"新北市",
    "type":"行道樹",
    "name":"行道樹",
    "dist":"土城區",
    "loc":"新北市土城區延和路",
    "FIELD9":"",
    "FIELD10":null,
    "FIELD11":null
    }
  },
  {
    "type": "Feature",
    "geometry": {
       "type": "Point",
       "coordinates":  [ 121.4652619,24.984816 ]
    },
    "properties": {
    "id":"NTT97",
    "city":"新北市",
    "type":"行道樹",
    "name":"行道樹",
    "dist":"土城區",
    "loc":"新北市土城區明德路",
    "FIELD9":"",
    "FIELD10":null,
    "FIELD11":null
    }
  },
  {
    "type": "Feature",
    "geometry": {
       "type": "Point",
       "coordinates":  [ 121.4699177,24.9888527 ]
    },
    "properties": {
    "id":"NTT98",
    "city":"新北市",
    "type":"行道樹",
    "name":"行道樹",
    "dist":"土城區",
    "loc":"新北市土城區金城路",
    "FIELD9":"",
    "FIELD10":null,
    "FIELD11":null
    }
  },
  {
    "type": "Feature",
    "geometry": {
       "type": "Point",
       "coordinates":  [ 121.4589499,24.9777835 ]
    },
    "properties": {
    "id":"NTT99",
    "city":"新北市",
    "type":"行道樹",
    "name":"行道樹",
    "dist":"土城區",
    "loc":"新北市土城區青雲路",
    "FIELD9":"",
    "FIELD10":null,
    "FIELD11":null
    }
  },
  {
    "type": "Feature",
    "geometry": {
       "type": "Point",
       "coordinates":  [ 121.4462491,24.955561 ]
    },
    "properties": {
    "id":"NTT100",
    "city":"新北市",
    "type":"行道樹",
    "name":"行道樹",
    "dist":"土城區",
    "loc":"新北市土城區南天母路",
    "FIELD9":"",
    "FIELD10":null,
    "FIELD11":null
    }
  },
  {
    "type": "Feature",
    "geometry": {
       "type": "Point",
       "coordinates":  [ 121.4347025,24.9713037 ]
    },
    "properties": {
    "id":"NTT101",
    "city":"新北市",
    "type":"行道樹",
    "name":"行道樹",
    "dist":"土城區",
    "loc":"新北市土城區員安路",
    "FIELD9":"",
    "FIELD10":null,
    "FIELD11":null
    }
  },
  {
    "type": "Feature",
    "geometry": {
       "type": "Point",
       "coordinates":  [ 121.4439142,24.9774668 ]
    },
    "properties": {
    "id":"NTT102",
    "city":"新北市",
    "type":"行道樹",
    "name":"行道樹",
    "dist":"土城區",
    "loc":"新北市土城區員林街",
    "FIELD9":"",
    "FIELD10":null,
    "FIELD11":null
    }
  },
  {
    "type": "Feature",
    "geometry": {
       "type": "Point",
       "coordinates":  [ 121.4401682,24.9792734 ]
    },
    "properties": {
    "id":"NTT103",
    "city":"新北市",
    "type":"行道樹",
    "name":"行道樹",
    "dist":"土城區",
    "loc":"新北市土城區員福街",
    "FIELD9":"",
    "FIELD10":null,
    "FIELD11":null
    }
  },
  {
    "type": "Feature",
    "geometry": {
       "type": "Point",
       "coordinates":  [ 121.4633824,24.9876943 ]
    },
    "properties": {
    "id":"NTT104",
    "city":"新北市",
    "type":"行道樹",
    "name":"行道樹",
    "dist":"土城區",
    "loc":"新北市土城區清水路〈含99巷〉",
    "FIELD9":"",
    "FIELD10":null,
    "FIELD11":null
    }
  },
  {
    "type": "Feature",
    "geometry": {
       "type": "Point",
       "coordinates":  [ 121.4517297,24.9861913 ]
    },
    "properties": {
    "id":"NTT105",
    "city":"新北市",
    "type":"行道樹",
    "name":"行道樹",
    "dist":"土城區",
    "loc":"新北市土城區裕民路",
    "FIELD9":"",
    "FIELD10":null,
    "FIELD11":null
    }
  },
  {
    "type": "Feature",
    "geometry": {
       "type": "Point",
       "coordinates":  [ 121.4501742,24.9796728 ]
    },
    "properties": {
    "id":"NTT106",
    "city":"新北市",
    "type":"行道樹",
    "name":"行道樹",
    "dist":"土城區",
    "loc":"新北市土城區學士路",
    "FIELD9":"",
    "FIELD10":null,
    "FIELD11":null
    }
  },
  {
    "type": "Feature",
    "geometry": {
       "type": "Point",
       "coordinates":  [ 121.4509707,24.9884619 ]
    },
    "properties": {
    "id":"NTT107",
    "city":"新北市",
    "type":"行道樹",
    "name":"行道樹",
    "dist":"土城區",
    "loc":"新北市土城區學成路",
    "FIELD9":"",
    "FIELD10":null,
    "FIELD11":null
    }
  },
  {
    "type": "Feature",
    "geometry": {
       "type": "Point",
       "coordinates":  [ 121.4539757,24.9865414 ]
    },
    "properties": {
    "id":"NTT108",
    "city":"新北市",
    "type":"行道樹",
    "name":"行道樹",
    "dist":"土城區",
    "loc":"新北市土城區學府路",
    "FIELD9":"",
    "FIELD10":null,
    "FIELD11":null
    }
  },
  {
    "type": "Feature",
    "geometry": {
       "type": "Point",
       "coordinates":  [ 121.5057251,25.0059046 ]
    },
    "properties": {
    "id":"NTT109",
    "city":"新北市",
    "type":"行道樹",
    "name":"行道樹",
    "dist":"中和區",
    "loc":"新北市中和區中山路",
    "FIELD9":"",
    "FIELD10":null,
    "FIELD11":null
    }
  },
  {
    "type": "Feature",
    "geometry": {
       "type": "Point",
       "coordinates":  [ 121.4940075,25.0041588 ]
    },
    "properties": {
    "id":"NTT110",
    "city":"新北市",
    "type":"行道樹",
    "name":"行道樹",
    "dist":"中和區",
    "loc":"新北市中和區中山路二段332巷",
    "FIELD9":"",
    "FIELD10":null,
    "FIELD11":null
    }
  },
  {
    "type": "Feature",
    "geometry": {
       "type": "Point",
       "coordinates":  [ 121.4851204,25.0012997 ]
    },
    "properties": {
    "id":"NTT111",
    "city":"新北市",
    "type":"行道樹",
    "name":"行道樹",
    "dist":"中和區",
    "loc":"新北市中和區中正路",
    "FIELD9":"",
    "FIELD10":null,
    "FIELD11":null
    }
  },
  {
    "type": "Feature",
    "geometry": {
       "type": "Point",
       "coordinates":  [ 121.5118545,25.0013824 ]
    },
    "properties": {
    "id":"NTT112",
    "city":"新北市",
    "type":"行道樹",
    "name":"行道樹",
    "dist":"中和區",
    "loc":"新北市中和區中安街",
    "FIELD9":"",
    "FIELD10":null,
    "FIELD11":null
    }
  },
  {
    "type": "Feature",
    "geometry": {
       "type": "Point",
       "coordinates":  [ 121.5059714,24.9997061 ]
    },
    "properties": {
    "id":"NTT113",
    "city":"新北市",
    "type":"行道樹",
    "name":"行道樹",
    "dist":"中和區",
    "loc":"新北市中和區中和路",
    "FIELD9":"",
    "FIELD10":null,
    "FIELD11":null
    }
  },
  {
    "type": "Feature",
    "geometry": {
       "type": "Point",
       "coordinates":  [ 121.5002017,24.9931563 ]
    },
    "properties": {
    "id":"NTT114",
    "city":"新北市",
    "type":"行道樹",
    "name":"行道樹",
    "dist":"中和區",
    "loc":"新北市中和區中興街",
    "FIELD9":"",
    "FIELD10":null,
    "FIELD11":null
    }
  },
  {
    "type": "Feature",
    "geometry": {
       "type": "Point",
       "coordinates":  [ 121.4683448,24.9988053 ]
    },
    "properties": {
    "id":"NTT115",
    "city":"新北市",
    "type":"行道樹",
    "name":"行道樹",
    "dist":"中和區",
    "loc":"新北市中和區民德路",
    "FIELD9":"",
    "FIELD10":null,
    "FIELD11":null
    }
  },
  {
    "type": "Feature",
    "geometry": {
       "type": "Point",
       "coordinates":  [ 121.4833266,25.001217 ]
    },
    "properties": {
    "id":"NTT116",
    "city":"新北市",
    "type":"行道樹",
    "name":"行道樹",
    "dist":"中和區",
    "loc":"新北市中和區民樂路",
    "FIELD9":"",
    "FIELD10":null,
    "FIELD11":null
    }
  },
  {
    "type": "Feature",
    "geometry": {
       "type": "Point",
       "coordinates":  [ 121.5133019,25.0038069 ]
    },
    "properties": {
    "id":"NTT117",
    "city":"新北市",
    "type":"行道樹",
    "name":"行道樹",
    "dist":"中和區",
    "loc":"新北市中和區永貞路",
    "FIELD9":"",
    "FIELD10":null,
    "FIELD11":null
    }
  },
  {
    "type": "Feature",
    "geometry": {
       "type": "Point",
       "coordinates":  [ 121.5197192,24.9942243 ]
    },
    "properties": {
    "id":"NTT118",
    "city":"新北市",
    "type":"行道樹",
    "name":"行道樹",
    "dist":"中和區",
    "loc":"新北市中和區立人街",
    "FIELD9":"",
    "FIELD10":null,
    "FIELD11":null
    }
  },
  {
    "type": "Feature",
    "geometry": {
       "type": "Point",
       "coordinates":  [ 121.4853103,24.9962178 ]
    },
    "properties": {
    "id":"NTT119",
    "city":"新北市",
    "type":"行道樹",
    "name":"行道樹",
    "dist":"中和區",
    "loc":"新北市中和區光環路",
    "FIELD9":"",
    "FIELD10":null,
    "FIELD11":null
    }
  },
  {
    "type": "Feature",
    "geometry": {
       "type": "Point",
       "coordinates":  [ 121.5110359,24.9966812 ]
    },
    "properties": {
    "id":"NTT120",
    "city":"新北市",
    "type":"行道樹",
    "name":"行道樹",
    "dist":"中和區",
    "loc":"新北市中和區安平路",
    "FIELD9":"",
    "FIELD10":null,
    "FIELD11":null
    }
  },
  {
    "type": "Feature",
    "geometry": {
       "type": "Point",
       "coordinates":  [ 121.508324,24.9951029 ]
    },
    "properties": {
    "id":"NTT121",
    "city":"新北市",
    "type":"行道樹",
    "name":"行道樹",
    "dist":"中和區",
    "loc":"新北市中和區安和路",
    "FIELD9":"",
    "FIELD10":null,
    "FIELD11":null
    }
  },
  {
    "type": "Feature",
    "geometry": {
       "type": "Point",
       "coordinates":  [ 121.5260474,24.9921735 ]
    },
    "properties": {
    "id":"NTT122",
    "city":"新北市",
    "type":"行道樹",
    "name":"行道樹",
    "dist":"中和區",
    "loc":"新北市中和區成功路",
    "FIELD9":"",
    "FIELD10":null,
    "FIELD11":null
    }
  },
  {
    "type": "Feature",
    "geometry": {
       "type": "Point",
       "coordinates":  [ 121.5222371,24.9934683 ]
    },
    "properties": {
    "id":"NTT123",
    "city":"新北市",
    "type":"行道樹",
    "name":"行道樹",
    "dist":"中和區",
    "loc":"新北市中和區自立路",
    "FIELD9":"",
    "FIELD10":null,
    "FIELD11":null
    }
  },
  {
    "type": "Feature",
    "geometry": {
       "type": "Point",
       "coordinates":  [ 121.5205663,24.9931937 ]
    },
    "properties": {
    "id":"NTT124",
    "city":"新北市",
    "type":"行道樹",
    "name":"行道樹",
    "dist":"中和區",
    "loc":"新北市中和區自強路",
    "FIELD9":"",
    "FIELD10":null,
    "FIELD11":null
    }
  },
  {
    "type": "Feature",
    "geometry": {
       "type": "Point",
       "coordinates":  [ 121.5211741,24.9962992 ]
    },
    "properties": {
    "id":"NTT125",
    "city":"新北市",
    "type":"行道樹",
    "name":"行道樹",
    "dist":"中和區",
    "loc":"新北市中和區更生街",
    "FIELD9":"",
    "FIELD10":null,
    "FIELD11":null
    }
  },
  {
    "type": "Feature",
    "geometry": {
       "type": "Point",
       "coordinates":  [ 121.4853103,24.9962178 ]
    },
    "properties": {
    "id":"NTT126",
    "city":"新北市",
    "type":"行道樹",
    "name":"行道樹",
    "dist":"中和區",
    "loc":"新北市中和區和城路",
    "FIELD9":"",
    "FIELD10":null,
    "FIELD11":null
    }
  },
  {
    "type": "Feature",
    "geometry": {
       "type": "Point",
       "coordinates":  [ 121.5107352,24.9976043 ]
    },
    "properties": {
    "id":"NTT127",
    "city":"新北市",
    "type":"行道樹",
    "name":"行道樹",
    "dist":"中和區",
    "loc":"新北市中和區宜安路",
    "FIELD9":"",
    "FIELD10":null,
    "FIELD11":null
    }
  },
  {
    "type": "Feature",
    "geometry": {
       "type": "Point",
       "coordinates":  [ 121.5036397,24.9964698 ]
    },
    "properties": {
    "id":"NTT128",
    "city":"新北市",
    "type":"行道樹",
    "name":"行道樹",
    "dist":"中和區",
    "loc":"新北市中和區南華路",
    "FIELD9":"",
    "FIELD10":null,
    "FIELD11":null
    }
  },
  {
    "type": "Feature",
    "geometry": {
       "type": "Point",
       "coordinates":  [ 121.4881125,25.0004699 ]
    },
    "properties": {
    "id":"NTT129",
    "city":"新北市",
    "type":"行道樹",
    "name":"行道樹",
    "dist":"中和區",
    "loc":"新北市中和區建一路",
    "FIELD9":"",
    "FIELD10":null,
    "FIELD11":null
    }
  },
  {
    "type": "Feature",
    "geometry": {
       "type": "Point",
       "coordinates":  [ 121.4890869,25.0002453 ]
    },
    "properties": {
    "id":"NTT130",
    "city":"新北市",
    "type":"行道樹",
    "name":"行道樹",
    "dist":"中和區",
    "loc":"新北市中和區建康路",
    "FIELD9":"",
    "FIELD10":null,
    "FIELD11":null
    }
  },
  {
    "type": "Feature",
    "geometry": {
       "type": "Point",
       "coordinates":  [ 121.4809045,24.9948149 ]
    },
    "properties": {
    "id":"NTT131",
    "city":"新北市",
    "type":"行道樹",
    "name":"行道樹",
    "dist":"中和區",
    "loc":"新北市中和區員山路",
    "FIELD9":"",
    "FIELD10":null,
    "FIELD11":null
    }
  },
  {
    "type": "Feature",
    "geometry": {
       "type": "Point",
       "coordinates":  [ 121.47212,24.9986296 ]
    },
    "properties": {
    "id":"NTT132",
    "city":"新北市",
    "type":"行道樹",
    "name":"行道樹",
    "dist":"中和區",
    "loc":"新北市中和區莒光路",
    "FIELD9":"",
    "FIELD10":null,
    "FIELD11":null
    }
  },
  {
    "type": "Feature",
    "geometry": {
       "type": "Point",
       "coordinates":  [ 121.4880301,24.9962588 ]
    },
    "properties": {
    "id":"NTT133",
    "city":"新北市",
    "type":"行道樹",
    "name":"行道樹",
    "dist":"中和區",
    "loc":"新北市中和區連城路",
    "FIELD9":"",
    "FIELD10":null,
    "FIELD11":null
    }
  },
  {
    "type": "Feature",
    "geometry": {
       "type": "Point",
       "coordinates":  [ 121.4927474,24.9979037 ]
    },
    "properties": {
    "id":"NTT134",
    "city":"新北市",
    "type":"行道樹",
    "name":"行道樹",
    "dist":"中和區",
    "loc":"新北市中和區連城路174巷",
    "FIELD9":"",
    "FIELD10":null,
    "FIELD11":null
    }
  },
  {
    "type": "Feature",
    "geometry": {
       "type": "Point",
       "coordinates":  [ 121.4967663,24.9967877 ]
    },
    "properties": {
    "id":"NTT135",
    "city":"新北市",
    "type":"行道樹",
    "name":"行道樹",
    "dist":"中和區",
    "loc":"新北市中和區連勝街",
    "FIELD9":"",
    "FIELD10":null,
    "FIELD11":null
    }
  },
  {
    "type": "Feature",
    "geometry": {
       "type": "Point",
       "coordinates":  [ 121.5033582,24.9903294 ]
    },
    "properties": {
    "id":"NTT136",
    "city":"新北市",
    "type":"行道樹",
    "name":"行道樹",
    "dist":"中和區",
    "loc":"新北市中和區復興路",
    "FIELD9":"",
    "FIELD10":null,
    "FIELD11":null
    }
  },
  {
    "type": "Feature",
    "geometry": {
       "type": "Point",
       "coordinates":  [ 121.5116045,24.9927916 ]
    },
    "properties": {
    "id":"NTT137",
    "city":"新北市",
    "type":"行道樹",
    "name":"行道樹",
    "dist":"中和區",
    "loc":"新北市中和區景平路",
    "FIELD9":"",
    "FIELD10":null,
    "FIELD11":null
    }
  },
  {
    "type": "Feature",
    "geometry": {
       "type": "Point",
       "coordinates":  [ 121.50536,24.9951001 ]
    },
    "properties": {
    "id":"NTT138",
    "city":"新北市",
    "type":"行道樹",
    "name":"行道樹",
    "dist":"中和區",
    "loc":"新北市中和區景安路",
    "FIELD9":"",
    "FIELD10":null,
    "FIELD11":null
    }
  },
  {
    "type": "Feature",
    "geometry": {
       "type": "Point",
       "coordinates":  [ 121.5099753,24.9931479 ]
    },
    "properties": {
    "id":"NTT139",
    "city":"新北市",
    "type":"行道樹",
    "name":"行道樹",
    "dist":"中和區",
    "loc":"新北市中和區景新街",
    "FIELD9":"",
    "FIELD10":null,
    "FIELD11":null
    }
  },
  {
    "type": "Feature",
    "geometry": {
       "type": "Point",
       "coordinates":  [ 121.4925743,24.9907232 ]
    },
    "properties": {
    "id":"NTT140",
    "city":"新北市",
    "type":"行道樹",
    "name":"行道樹",
    "dist":"中和區",
    "loc":"新北市中和區圓通路",
    "FIELD9":"",
    "FIELD10":null,
    "FIELD11":null
    }
  },
  {
    "type": "Feature",
    "geometry": {
       "type": "Point",
       "coordinates":  [ 121.4978325,25.0050602 ]
    },
    "properties": {
    "id":"NTT141",
    "city":"新北市",
    "type":"行道樹",
    "name":"行道樹",
    "dist":"中和區",
    "loc":"新北市中和區福美路",
    "FIELD9":"",
    "FIELD10":null,
    "FIELD11":null
    }
  },
  {
    "type": "Feature",
    "geometry": {
       "type": "Point",
       "coordinates":  [ 121.4991386,25.0056986 ]
    },
    "properties": {
    "id":"NTT142",
    "city":"新北市",
    "type":"行道樹",
    "name":"行道樹",
    "dist":"中和區",
    "loc":"新北市中和區福祥路",
    "FIELD9":"",
    "FIELD10":null,
    "FIELD11":null
    }
  },
  {
    "type": "Feature",
    "geometry": {
       "type": "Point",
       "coordinates":  [ 121.5037693,25.001935 ]
    },
    "properties": {
    "id":"NTT143",
    "city":"新北市",
    "type":"行道樹",
    "name":"行道樹",
    "dist":"中和區",
    "loc":"新北市中和區廣福路",
    "FIELD9":"",
    "FIELD10":null,
    "FIELD11":null
    }
  },
  {
    "type": "Feature",
    "geometry": {
       "type": "Point",
       "coordinates":  [ 121.469586,25.0038057 ]
    },
    "properties": {
    "id":"NTT144",
    "city":"新北市",
    "type":"行道樹",
    "name":"行道樹",
    "dist":"中和區",
    "loc":"新北市中和區德光路",
    "FIELD9":"",
    "FIELD10":null,
    "FIELD11":null
    }
  },
  {
    "type": "Feature",
    "geometry": {
       "type": "Point",
       "coordinates":  [ 121.4932993,25.0061561 ]
    },
    "properties": {
    "id":"NTT145",
    "city":"新北市",
    "type":"行道樹",
    "name":"行道樹",
    "dist":"中和區",
    "loc":"新北市中和區橋和路",
    "FIELD9":"",
    "FIELD10":null,
    "FIELD11":null
    }
  },
  {
    "type": "Feature",
    "geometry": {
       "type": "Point",
       "coordinates":  [ 121.5098619,24.9889368 ]
    },
    "properties": {
    "id":"NTT146",
    "city":"新北市",
    "type":"行道樹",
    "name":"行道樹",
    "dist":"中和區",
    "loc":"新北市中和區興南路",
    "FIELD9":"",
    "FIELD10":null,
    "FIELD11":null
    }
  },
  {
    "type": "Feature",
    "geometry": {
       "type": "Point",
       "coordinates":  [ 121.4895714,24.9972912 ]
    },
    "properties": {
    "id":"NTT147",
    "city":"新北市",
    "type":"行道樹",
    "name":"行道樹",
    "dist":"中和區",
    "loc":"新北市中和區錦和路",
    "FIELD9":"",
    "FIELD10":null,
    "FIELD11":null
    }
  },
  {
    "type": "Feature",
    "geometry": {
       "type": "Point",
       "coordinates":  [ 121.4818814,25.0124511 ]
    },
    "properties": {
    "id":"NTT148",
    "city":"新北市",
    "type":"行道樹",
    "name":"行道樹",
    "dist":"中和區",
    "loc":"新北市中和區環中路",
    "FIELD9":"",
    "FIELD10":null,
    "FIELD11":null
    }
  },
  {
    "type": "Feature",
    "geometry": {
       "type": "Point",
       "coordinates":  [ 121.4901511,25.009604 ]
    },
    "properties": {
    "id":"NTT149",
    "city":"新北市",
    "type":"行道樹",
    "name":"行道樹",
    "dist":"中和區",
    "loc":"新北市中和區環河西路三段",
    "FIELD9":"",
    "FIELD10":null,
    "FIELD11":null
    }
  },
  {
    "type": "Feature",
    "geometry": {
       "type": "Point",
       "coordinates":  [ 121.4851204,25.0012997 ]
    },
    "properties": {
    "id":"NTT150",
    "city":"新北市",
    "type":"行道樹",
    "name":"行道樹",
    "dist":"中和區",
    "loc":"新北市中和區中正路",
    "FIELD9":"",
    "FIELD10":null,
    "FIELD11":null
    }
  },
  {
    "type": "Feature",
    "geometry": {
       "type": "Point",
       "coordinates":  [ 121.4880301,24.9962588 ]
    },
    "properties": {
    "id":"NTT151",
    "city":"新北市",
    "type":"行道樹",
    "name":"行道樹",
    "dist":"中和區",
    "loc":"新北市中和區連城路",
    "FIELD9":"",
    "FIELD10":null,
    "FIELD11":null
    }
  },
  {
    "type": "Feature",
    "geometry": {
       "type": "Point",
       "coordinates":  [ 121.5116045,24.9927916 ]
    },
    "properties": {
    "id":"NTT152",
    "city":"新北市",
    "type":"行道樹",
    "name":"行道樹",
    "dist":"中和區",
    "loc":"新北市中和區景平路",
    "FIELD9":"",
    "FIELD10":null,
    "FIELD11":null
    }
  },
  {
    "type": "Feature",
    "geometry": {
       "type": "Point",
       "coordinates":  [ 121.4932993,25.0061561 ]
    },
    "properties": {
    "id":"NTT153",
    "city":"新北市",
    "type":"行道樹",
    "name":"行道樹",
    "dist":"中和區",
    "loc":"新北市中和區橋和路",
    "FIELD9":"",
    "FIELD10":null,
    "FIELD11":null
    }
  },
  {
    "type": "Feature",
    "geometry": {
       "type": "Point",
       "coordinates":  [ 121.4818814,25.0124511 ]
    },
    "properties": {
    "id":"NTT154",
    "city":"新北市",
    "type":"行道樹",
    "name":"行道樹",
    "dist":"中和區",
    "loc":"新北市中和區環中路",
    "FIELD9":"",
    "FIELD10":null,
    "FIELD11":null
    }
  },
  {
    "type": "Feature",
    "geometry": {
       "type": "Point",
       "coordinates":  [ 121.437203,25.0854789 ]
    },
    "properties": {
    "id":"NTT155",
    "city":"新北市",
    "type":"行道樹",
    "name":"行道樹",
    "dist":"五股區",
    "loc":"新北市五股區工商路",
    "FIELD9":"",
    "FIELD10":null,
    "FIELD11":null
    }
  },
  {
    "type": "Feature",
    "geometry": {
       "type": "Point",
       "coordinates":  [ 121.4662584,25.073222 ]
    },
    "properties": {
    "id":"NTT156",
    "city":"新北市",
    "type":"行道樹",
    "name":"行道樹",
    "dist":"五股區",
    "loc":"新北市五股區中興路1.2段",
    "FIELD9":"",
    "FIELD10":null,
    "FIELD11":null
    }
  },
  {
    "type": "Feature",
    "geometry": {
       "type": "Point",
       "coordinates":  [ 121.4384608,25.0833852 ]
    },
    "properties": {
    "id":"NTT157",
    "city":"新北市",
    "type":"行道樹",
    "name":"行道樹",
    "dist":"五股區",
    "loc":"新北市五股區中興路4段48巷",
    "FIELD9":"",
    "FIELD10":null,
    "FIELD11":null
    }
  },
  {
    "type": "Feature",
    "geometry": {
       "type": "Point",
       "coordinates":  [ 121.4337085,25.072374 ]
    },
    "properties": {
    "id":"NTT158",
    "city":"新北市",
    "type":"行道樹",
    "name":"行道樹",
    "dist":"五股區",
    "loc":"新北市五股區水碓路",
    "FIELD9":"",
    "FIELD10":null,
    "FIELD11":null
    }
  },
  {
    "type": "Feature",
    "geometry": {
       "type": "Point",
       "coordinates":  [ 121.4673371,25.0727289 ]
    },
    "properties": {
    "id":"NTT159",
    "city":"新北市",
    "type":"行道樹",
    "name":"行道樹",
    "dist":"五股區",
    "loc":"新北市五股區四維路",
    "FIELD9":"",
    "FIELD10":null,
    "FIELD11":null
    }
  },
  {
    "type": "Feature",
    "geometry": {
       "type": "Point",
       "coordinates":  [ 121.4339655,25.0712398 ]
    },
    "properties": {
    "id":"NTT160",
    "city":"新北市",
    "type":"行道樹",
    "name":"行道樹",
    "dist":"五股區",
    "loc":"新北市五股區明德路",
    "FIELD9":"",
    "FIELD10":null,
    "FIELD11":null
    }
  },
  {
    "type": "Feature",
    "geometry": {
       "type": "Point",
       "coordinates":  [ 121.4670407,25.06915043 ]
    },
    "properties": {
    "id":"NTT161",
    "city":"新北市",
    "type":"行道樹",
    "name":"行道樹",
    "dist":"五股區",
    "loc":"新北市五股區疏洪東路",
    "FIELD9":"",
    "FIELD10":null,
    "FIELD11":null
    }
  },
  {
    "type": "Feature",
    "geometry": {
       "type": "Point",
       "coordinates":  [ 121.440308,25.0815187 ]
    },
    "properties": {
    "id":"NTT162",
    "city":"新北市",
    "type":"行道樹",
    "name":"行道樹",
    "dist":"五股區",
    "loc":"新北市五股區新五路",
    "FIELD9":"",
    "FIELD10":null,
    "FIELD11":null
    }
  },
  {
    "type": "Feature",
    "geometry": {
       "type": "Point",
       "coordinates":  [ 121.4384396,25.084046 ]
    },
    "properties": {
    "id":"NTT163",
    "city":"新北市",
    "type":"行道樹",
    "name":"行道樹",
    "dist":"五股區",
    "loc":"新北市五股區成泰路",
    "FIELD9":"",
    "FIELD10":null,
    "FIELD11":null
    }
  },
  {
    "type": "Feature",
    "geometry": {
       "type": "Point",
       "coordinates":  [ 121.440308,25.0815187 ]
    },
    "properties": {
    "id":"NTT164",
    "city":"新北市",
    "type":"行道樹",
    "name":"行道樹",
    "dist":"五股區",
    "loc":"新北市五股區新五路",
    "FIELD9":"",
    "FIELD10":null,
    "FIELD11":null
    }
  },
  {
    "type": "Feature",
    "geometry": {
       "type": "Point",
       "coordinates":  [ 121.7773034,25.042707 ]
    },
    "properties": {
    "id":"NTT165",
    "city":"新北市",
    "type":"行道樹",
    "name":"行道樹",
    "dist":"平溪區",
    "loc":"新北市平溪區十分街",
    "FIELD9":"",
    "FIELD10":null,
    "FIELD11":null
    }
  },
  {
    "type": "Feature",
    "geometry": {
       "type": "Point",
       "coordinates":  [ 121.7281541,25.0226886 ]
    },
    "properties": {
    "id":"NTT166",
    "city":"新北市",
    "type":"行道樹",
    "name":"行道樹",
    "dist":"平溪區",
    "loc":"新北市平溪區靜安路二段",
    "FIELD9":"",
    "FIELD10":null,
    "FIELD11":null
    }
  },
  {
    "type": "Feature",
    "geometry": {
       "type": "Point",
       "coordinates":  [ 121.5062369,25.0057041 ]
    },
    "properties": {
    "id":"NTT167",
    "city":"新北市",
    "type":"行道樹",
    "name":"行道樹",
    "dist":"永和區",
    "loc":"新北市永和區中山路",
    "FIELD9":"",
    "FIELD10":null,
    "FIELD11":null
    }
  },
  {
    "type": "Feature",
    "geometry": {
       "type": "Point",
       "coordinates":  [ 121.5175232,25.0020208 ]
    },
    "properties": {
    "id":"NTT168",
    "city":"新北市",
    "type":"行道樹",
    "name":"行道樹",
    "dist":"永和區",
    "loc":"新北市永和區中正路",
    "FIELD9":"",
    "FIELD10":null,
    "FIELD11":null
    }
  },
  {
    "type": "Feature",
    "geometry": {
       "type": "Point",
       "coordinates":  [ 121.5109277,25.0025009 ]
    },
    "properties": {
    "id":"NTT169",
    "city":"新北市",
    "type":"行道樹",
    "name":"行道樹",
    "dist":"永和區",
    "loc":"新北市永和區中和路",
    "FIELD9":"",
    "FIELD10":null,
    "FIELD11":null
    }
  },
  {
    "type": "Feature",
    "geometry": {
       "type": "Point",
       "coordinates":  [ 121.5069998,25.0009127 ]
    },
    "properties": {
    "id":"NTT170",
    "city":"新北市",
    "type":"行道樹",
    "name":"行道樹",
    "dist":"永和區",
    "loc":"新北市永和區中和路305巷",
    "FIELD9":"",
    "FIELD10":null,
    "FIELD11":null
    }
  },
  {
    "type": "Feature",
    "geometry": {
       "type": "Point",
       "coordinates":  [ 121.5081698,25.0114248 ]
    },
    "properties": {
    "id":"NTT171",
    "city":"新北市",
    "type":"行道樹",
    "name":"行道樹",
    "dist":"永和區",
    "loc":"新北市永和區仁愛路",
    "FIELD9":"",
    "FIELD10":null,
    "FIELD11":null
    }
  },
  {
    "type": "Feature",
    "geometry": {
       "type": "Point",
       "coordinates":  [ 121.5126441,25.0152892 ]
    },
    "properties": {
    "id":"NTT172",
    "city":"新北市",
    "type":"行道樹",
    "name":"行道樹",
    "dist":"永和區",
    "loc":"新北市永和區文化路",
    "FIELD9":"",
    "FIELD10":null,
    "FIELD11":null
    }
  },
  {
    "type": "Feature",
    "geometry": {
       "type": "Point",
       "coordinates":  [ 121.522696,24.9978526 ]
    },
    "properties": {
    "id":"NTT173",
    "city":"新北市",
    "type":"行道樹",
    "name":"行道樹",
    "dist":"永和區",
    "loc":"新北市永和區民生路",
    "FIELD9":"",
    "FIELD10":null,
    "FIELD11":null
    }
  },
  {
    "type": "Feature",
    "geometry": {
       "type": "Point",
       "coordinates":  [ 121.5200887,24.9984528 ]
    },
    "properties": {
    "id":"NTT174",
    "city":"新北市",
    "type":"行道樹",
    "name":"行道樹",
    "dist":"永和區",
    "loc":"新北市永和區民權路",
    "FIELD9":"",
    "FIELD10":null,
    "FIELD11":null
    }
  },
  {
    "type": "Feature",
    "geometry": {
       "type": "Point",
       "coordinates":  [ 121.5211936,24.998242 ]
    },
    "properties": {
    "id":"NTT175",
    "city":"新北市",
    "type":"行道樹",
    "name":"行道樹",
    "dist":"永和區",
    "loc":"新北市永和區民權路一巷",
    "FIELD9":"",
    "FIELD10":null,
    "FIELD11":null
    }
  },
  {
    "type": "Feature",
    "geometry": {
       "type": "Point",
       "coordinates":  [ 121.5224469,25.0017364 ]
    },
    "properties": {
    "id":"NTT176",
    "city":"新北市",
    "type":"行道樹",
    "name":"行道樹",
    "dist":"永和區",
    "loc":"新北市永和區永元路",
    "FIELD9":"",
    "FIELD10":null,
    "FIELD11":null
    }
  },
  {
    "type": "Feature",
    "geometry": {
       "type": "Point",
       "coordinates":  [ 121.5091544,25.0104549 ]
    },
    "properties": {
    "id":"NTT177",
    "city":"新北市",
    "type":"行道樹",
    "name":"行道樹",
    "dist":"永和區",
    "loc":"新北市永和區永平路",
    "FIELD9":"",
    "FIELD10":null,
    "FIELD11":null
    }
  },
  {
    "type": "Feature",
    "geometry": {
       "type": "Point",
       "coordinates":  [ 121.523111,25.0048183 ]
    },
    "properties": {
    "id":"NTT178",
    "city":"新北市",
    "type":"行道樹",
    "name":"行道樹",
    "dist":"永和區",
    "loc":"新北市永和區永亨路",
    "FIELD9":"",
    "FIELD10":null,
    "FIELD11":null
    }
  },
  {
    "type": "Feature",
    "geometry": {
       "type": "Point",
       "coordinates":  [ 121.5209361,25.0037496 ]
    },
    "properties": {
    "id":"NTT179",
    "city":"新北市",
    "type":"行道樹",
    "name":"行道樹",
    "dist":"永和區",
    "loc":"新北市永和區永利路",
    "FIELD9":"",
    "FIELD10":null,
    "FIELD11":null
    }
  },
  {
    "type": "Feature",
    "geometry": {
       "type": "Point",
       "coordinates":  [ 121.5145353,25.0103251 ]
    },
    "properties": {
    "id":"NTT180",
    "city":"新北市",
    "type":"行道樹",
    "name":"行道樹",
    "dist":"永和區",
    "loc":"新北市永和區永和路",
    "FIELD9":"",
    "FIELD10":null,
    "FIELD11":null
    }
  },
  {
    "type": "Feature",
    "geometry": {
       "type": "Point",
       "coordinates":  [ 121.5119973,25.0047252 ]
    },
    "properties": {
    "id":"NTT181",
    "city":"新北市",
    "type":"行道樹",
    "name":"行道樹",
    "dist":"永和區",
    "loc":"新北市永和區永貞路",
    "FIELD9":"",
    "FIELD10":null,
    "FIELD11":null
    }
  },
  {
    "type": "Feature",
    "geometry": {
       "type": "Point",
       "coordinates":  [ 121.5141162,25.0000436 ]
    },
    "properties": {
    "id":"NTT182",
    "city":"新北市",
    "type":"行道樹",
    "name":"行道樹",
    "dist":"永和區",
    "loc":"新北市永和區安樂路",
    "FIELD9":"",
    "FIELD10":null,
    "FIELD11":null
    }
  },
  {
    "type": "Feature",
    "geometry": {
       "type": "Point",
       "coordinates":  [ 121.5145353,25.0103251 ]
    },
    "properties": {
    "id":"NTT183",
    "city":"新北市",
    "type":"行道樹",
    "name":"行道樹",
    "dist":"永和區",
    "loc":"新北市永和區成功路",
    "FIELD9":"",
    "FIELD10":null,
    "FIELD11":null
    }
  },
  {
    "type": "Feature",
    "geometry": {
       "type": "Point",
       "coordinates":  [ 121.5197643,25.0118264 ]
    },
    "properties": {
    "id":"NTT184",
    "city":"新北市",
    "type":"行道樹",
    "name":"行道樹",
    "dist":"永和區",
    "loc":"新北市永和區竹林路",
    "FIELD9":"",
    "FIELD10":null,
    "FIELD11":null
    }
  },
  {
    "type": "Feature",
    "geometry": {
       "type": "Point",
       "coordinates":  [ 121.5138399,25.0058219 ]
    },
    "properties": {
    "id":"NTT185",
    "city":"新北市",
    "type":"行道樹",
    "name":"行道樹",
    "dist":"永和區",
    "loc":"新北市永和區自由街",
    "FIELD9":"",
    "FIELD10":null,
    "FIELD11":null
    }
  },
  {
    "type": "Feature",
    "geometry": {
       "type": "Point",
       "coordinates":  [ 121.5245894,25.0042781 ]
    },
    "properties": {
    "id":"NTT186",
    "city":"新北市",
    "type":"行道樹",
    "name":"行道樹",
    "dist":"永和區",
    "loc":"新北市永和區林森路",
    "FIELD9":"",
    "FIELD10":null,
    "FIELD11":null
    }
  },
  {
    "type": "Feature",
    "geometry": {
       "type": "Point",
       "coordinates":  [ 121.5103659,25.0062792 ]
    },
    "properties": {
    "id":"NTT187",
    "city":"新北市",
    "type":"行道樹",
    "name":"行道樹",
    "dist":"永和區",
    "loc":"新北市永和區保平路",
    "FIELD9":"",
    "FIELD10":null,
    "FIELD11":null
    }
  },
  {
    "type": "Feature",
    "geometry": {
       "type": "Point",
       "coordinates":  [ 121.5048782,25.0102683 ]
    },
    "properties": {
    "id":"NTT188",
    "city":"新北市",
    "type":"行道樹",
    "name":"行道樹",
    "dist":"永和區",
    "loc":"新北市永和區保生路",
    "FIELD9":"",
    "FIELD10":null,
    "FIELD11":null
    }
  },
  {
    "type": "Feature",
    "geometry": {
       "type": "Point",
       "coordinates":  [ 121.5083577,25.0146308 ]
    },
    "properties": {
    "id":"NTT189",
    "city":"新北市",
    "type":"行道樹",
    "name":"行道樹",
    "dist":"永和區",
    "loc":"新北市永和區保安路",
    "FIELD9":"",
    "FIELD10":null,
    "FIELD11":null
    }
  },
  {
    "type": "Feature",
    "geometry": {
       "type": "Point",
       "coordinates":  [ 121.5033844,25.0106817 ]
    },
    "properties": {
    "id":"NTT190",
    "city":"新北市",
    "type":"行道樹",
    "name":"行道樹",
    "dist":"永和區",
    "loc":"新北市永和區保順路",
    "FIELD9":"",
    "FIELD10":null,
    "FIELD11":null
    }
  },
  {
    "type": "Feature",
    "geometry": {
       "type": "Point",
       "coordinates":  [ 121.5095048,25.0141425 ]
    },
    "properties": {
    "id":"NTT191",
    "city":"新北市",
    "type":"行道樹",
    "name":"行道樹",
    "dist":"永和區",
    "loc":"新北市永和區保福路",
    "FIELD9":"",
    "FIELD10":null,
    "FIELD11":null
    }
  },
  {
    "type": "Feature",
    "geometry": {
       "type": "Point",
       "coordinates":  [ 121.5125298,25.0132162 ]
    },
    "properties": {
    "id":"NTT192",
    "city":"新北市",
    "type":"行道樹",
    "name":"行道樹",
    "dist":"永和區",
    "loc":"新北市永和區信義路",
    "FIELD9":"",
    "FIELD10":null,
    "FIELD11":null
    }
  },
  {
    "type": "Feature",
    "geometry": {
       "type": "Point",
       "coordinates":  [ 121.5223361,25.0062562 ]
    },
    "properties": {
    "id":"NTT193",
    "city":"新北市",
    "type":"行道樹",
    "name":"行道樹",
    "dist":"永和區",
    "loc":"新北市永和區國中路",
    "FIELD9":"",
    "FIELD10":null,
    "FIELD11":null
    }
  },
  {
    "type": "Feature",
    "geometry": {
       "type": "Point",
       "coordinates":  [ 121.5180851,25.0099822 ]
    },
    "properties": {
    "id":"NTT194",
    "city":"新北市",
    "type":"行道樹",
    "name":"行道樹",
    "dist":"永和區",
    "loc":"新北市永和區國光路",
    "FIELD9":"",
    "FIELD10":null,
    "FIELD11":null
    }
  },
  {
    "type": "Feature",
    "geometry": {
       "type": "Point",
       "coordinates":  [ 121.5203545,24.9999956 ]
    },
    "properties": {
    "id":"NTT195",
    "city":"新北市",
    "type":"行道樹",
    "name":"行道樹",
    "dist":"永和區",
    "loc":"新北市永和區得和路",
    "FIELD9":"",
    "FIELD10":null,
    "FIELD11":null
    }
  },
  {
    "type": "Feature",
    "geometry": {
       "type": "Point",
       "coordinates":  [ 121.5180762,25.0158443 ]
    },
    "properties": {
    "id":"NTT196",
    "city":"新北市",
    "type":"行道樹",
    "name":"行道樹",
    "dist":"永和區",
    "loc":"新北市永和區博愛街",
    "FIELD9":"",
    "FIELD10":null,
    "FIELD11":null
    }
  },
  {
    "type": "Feature",
    "geometry": {
       "type": "Point",
       "coordinates":  [ 121.5199166,25.0076841 ]
    },
    "properties": {
    "id":"NTT197",
    "city":"新北市",
    "type":"行道樹",
    "name":"行道樹",
    "dist":"永和區",
    "loc":"新北市永和區福和路",
    "FIELD9":"",
    "FIELD10":null,
    "FIELD11":null
    }
  },
  {
    "type": "Feature",
    "geometry": {
       "type": "Point",
       "coordinates":  [ 121.5134563,25.0181334 ]
    },
    "properties": {
    "id":"NTT198",
    "city":"新北市",
    "type":"行道樹",
    "name":"行道樹",
    "dist":"永和區",
    "loc":"新北市永和區環河西路",
    "FIELD9":"",
    "FIELD10":null,
    "FIELD11":null
    }
  },
  {
    "type": "Feature",
    "geometry": {
       "type": "Point",
       "coordinates":  [ 121.523246,25.011568 ]
    },
    "properties": {
    "id":"NTT199",
    "city":"新北市",
    "type":"行道樹",
    "name":"行道樹",
    "dist":"永和區",
    "loc":"新北市永和區環河東路",
    "FIELD9":"",
    "FIELD10":null,
    "FIELD11":null
    }
  },
  {
    "type": "Feature",
    "geometry": {
       "type": "Point",
       "coordinates":  [ 121.566445,25.2914841 ]
    },
    "properties": {
    "id":"NTT200",
    "city":"新北市",
    "type":"行道樹",
    "name":"行道樹",
    "dist":"石門區",
    "loc":"新北市石門區台2線",
    "FIELD9":"",
    "FIELD10":null,
    "FIELD11":null
    }
  },
  {
    "type": "Feature",
    "geometry": {
       "type": "Point",
       "coordinates":  [ 121.5647402,25.2842721 ]
    },
    "properties": {
    "id":"NTT201",
    "city":"新北市",
    "type":"行道樹",
    "name":"行道樹",
    "dist":"石門區",
    "loc":"新北市石門區石門坑路",
    "FIELD9":"",
    "FIELD10":null,
    "FIELD11":null
    }
  },
  {
    "type": "Feature",
    "geometry": {
       "type": "Point",
       "coordinates":  [ 121.5497922,25.2747503 ]
    },
    "properties": {
    "id":"NTT202",
    "city":"新北市",
    "type":"行道樹",
    "name":"行道樹",
    "dist":"石門區",
    "loc":"新北市石門區豬槽潭路",
    "FIELD9":"",
    "FIELD10":null,
    "FIELD11":null
    }
  },
  {
    "type": "Feature",
    "geometry": {
       "type": "Point",
       "coordinates":  [ 121.6446945,25.0086039 ]
    },
    "properties": {
    "id":"NTT203",
    "city":"新北市",
    "type":"行道樹",
    "name":"行道樹",
    "dist":"石碇區",
    "loc":"新北市石碇區文山路一段",
    "FIELD9":"",
    "FIELD10":null,
    "FIELD11":null
    }
  },
  {
    "type": "Feature",
    "geometry": {
       "type": "Point",
       "coordinates":  [ 121.6372563,25.0595481 ]
    },
    "properties": {
    "id":"NTT204",
    "city":"新北市",
    "type":"行道樹",
    "name":"行道樹",
    "dist":"汐止區",
    "loc":"新北市汐止區大同路",
    "FIELD9":"",
    "FIELD10":null,
    "FIELD11":null
    }
  },
  {
    "type": "Feature",
    "geometry": {
       "type": "Point",
       "coordinates":  [ 121.6634109,25.0642564 ]
    },
    "properties": {
    "id":"NTT205",
    "city":"新北市",
    "type":"行道樹",
    "name":"行道樹",
    "dist":"汐止區",
    "loc":"新北市汐止區仁愛路",
    "FIELD9":"",
    "FIELD10":null,
    "FIELD11":null
    }
  },
  {
    "type": "Feature",
    "geometry": {
       "type": "Point",
       "coordinates":  [ 121.6209742,25.0525035 ]
    },
    "properties": {
    "id":"NTT206",
    "city":"新北市",
    "type":"行道樹",
    "name":"行道樹",
    "dist":"汐止區",
    "loc":"新北市汐止區民權街",
    "FIELD9":"",
    "FIELD10":null,
    "FIELD11":null
    }
  },
  {
    "type": "Feature",
    "geometry": {
       "type": "Point",
       "coordinates":  [ 121.6357538,25.0635085 ]
    },
    "properties": {
    "id":"NTT207",
    "city":"新北市",
    "type":"行道樹",
    "name":"行道樹",
    "dist":"汐止區",
    "loc":"新北市汐止區同興路",
    "FIELD9":"",
    "FIELD10":null,
    "FIELD11":null
    }
  },
  {
    "type": "Feature",
    "geometry": {
       "type": "Point",
       "coordinates":  [ 121.6639101,25.0684869 ]
    },
    "properties": {
    "id":"NTT208",
    "city":"新北市",
    "type":"行道樹",
    "name":"行道樹",
    "dist":"汐止區",
    "loc":"新北市汐止區忠孝東路",
    "FIELD9":"",
    "FIELD10":null,
    "FIELD11":null
    }
  },
  {
    "type": "Feature",
    "geometry": {
       "type": "Point",
       "coordinates":  [ 121.6293055,25.0705482 ]
    },
    "properties": {
    "id":"NTT209",
    "city":"新北市",
    "type":"行道樹",
    "name":"行道樹",
    "dist":"汐止區",
    "loc":"新北市汐止區明峰街",
    "FIELD9":"",
    "FIELD10":null,
    "FIELD11":null
    }
  },
  {
    "type": "Feature",
    "geometry": {
       "type": "Point",
       "coordinates":  [ 121.6353195,25.0701617 ]
    },
    "properties": {
    "id":"NTT210",
    "city":"新北市",
    "type":"行道樹",
    "name":"行道樹",
    "dist":"汐止區",
    "loc":"新北市汐止區康寧街",
    "FIELD9":"",
    "FIELD10":null,
    "FIELD11":null
    }
  },
  {
    "type": "Feature",
    "geometry": {
       "type": "Point",
       "coordinates":  [ 121.6483007,25.0607984 ]
    },
    "properties": {
    "id":"NTT211",
    "city":"新北市",
    "type":"行道樹",
    "name":"行道樹",
    "dist":"汐止區",
    "loc":"新北市汐止區新台五路",
    "FIELD9":"",
    "FIELD10":null,
    "FIELD11":null
    }
  },
  {
    "type": "Feature",
    "geometry": {
       "type": "Point",
       "coordinates":  [ 121.6339351,25.0648426 ]
    },
    "properties": {
    "id":"NTT212",
    "city":"新北市",
    "type":"行道樹",
    "name":"行道樹",
    "dist":"汐止區",
    "loc":"新北市汐止區福德一路",
    "FIELD9":"",
    "FIELD10":null,
    "FIELD11":null
    }
  },
  {
    "type": "Feature",
    "geometry": {
       "type": "Point",
       "coordinates":  [ 121.6372563,25.0595481 ]
    },
    "properties": {
    "id":"NTT213",
    "city":"新北市",
    "type":"行道樹",
    "name":"行道樹",
    "dist":"汐止區",
    "loc":"新北市汐止區大同路",
    "FIELD9":"",
    "FIELD10":null,
    "FIELD11":null
    }
  },
  {
    "type": "Feature",
    "geometry": {
       "type": "Point",
       "coordinates":  [ 121.6326807,25.0644722 ]
    },
    "properties": {
    "id":"NTT214",
    "city":"新北市",
    "type":"行道樹",
    "name":"行道樹",
    "dist":"汐止區",
    "loc":"新北市汐止區中興路",
    "FIELD9":"",
    "FIELD10":null,
    "FIELD11":null
    }
  },
  {
    "type": "Feature",
    "geometry": {
       "type": "Point",
       "coordinates":  [ 121.6483007,25.0607984 ]
    },
    "properties": {
    "id":"NTT215",
    "city":"新北市",
    "type":"行道樹",
    "name":"行道樹",
    "dist":"汐止區",
    "loc":"新北市汐止區新台五路",
    "FIELD9":"",
    "FIELD10":null,
    "FIELD11":null
    }
  },
  {
    "type": "Feature",
    "geometry": {
       "type": "Point",
       "coordinates":  [ 121.4788895,25.0150178 ]
    },
    "properties": {
    "id":"NTT216",
    "city":"新北市",
    "type":"行道樹",
    "name":"行道樹",
    "dist":"板橋區",
    "loc":"新北市板橋區三民路",
    "FIELD9":"",
    "FIELD10":null,
    "FIELD11":null
    }
  },
  {
    "type": "Feature",
    "geometry": {
       "type": "Point",
       "coordinates":  [ 121.4474601,25.0058968 ]
    },
    "properties": {
    "id":"NTT217",
    "city":"新北市",
    "type":"行道樹",
    "name":"行道樹",
    "dist":"板橋區",
    "loc":"新北市板橋區大觀路",
    "FIELD9":"",
    "FIELD10":null,
    "FIELD11":null
    }
  },
  {
    "type": "Feature",
    "geometry": {
       "type": "Point",
       "coordinates":  [ 121.467425,25.0185131 ]
    },
    "properties": {
    "id":"NTT218",
    "city":"新北市",
    "type":"行道樹",
    "name":"行道樹",
    "dist":"板橋區",
    "loc":"新北市板橋區中山國中外人行道",
    "FIELD9":"",
    "FIELD10":null,
    "FIELD11":null
    }
  },
  {
    "type": "Feature",
    "geometry": {
       "type": "Point",
       "coordinates":  [ 121.4618415,25.0114095 ]
    },
    "properties": {
    "id":"NTT219",
    "city":"新北市",
    "type":"行道樹",
    "name":"行道樹",
    "dist":"板橋區",
    "loc":"新北市板橋區中山路",
    "FIELD9":"",
    "FIELD10":null,
    "FIELD11":null
    }
  },
  {
    "type": "Feature",
    "geometry": {
       "type": "Point",
       "coordinates":  [ 121.4327418,24.9958032 ]
    },
    "properties": {
    "id":"NTT220",
    "city":"新北市",
    "type":"行道樹",
    "name":"行道樹",
    "dist":"板橋區",
    "loc":"新北市板橋區中正路",
    "FIELD9":"",
    "FIELD10":null,
    "FIELD11":null
    }
  },
  {
    "type": "Feature",
    "geometry": {
       "type": "Point",
       "coordinates":  [ 121.4631216,24.9945398 ]
    },
    "properties": {
    "id":"NTT221",
    "city":"新北市",
    "type":"行道樹",
    "name":"行道樹",
    "dist":"板橋區",
    "loc":"新北市板橋區五權街及重慶國小周邊",
    "FIELD9":"",
    "FIELD10":null,
    "FIELD11":null
    }
  },
  {
    "type": "Feature",
    "geometry": {
       "type": "Point",
       "coordinates":  [ 121.4624271,25.0084742 ]
    },
    "properties": {
    "id":"NTT222",
    "city":"新北市",
    "type":"行道樹",
    "name":"行道樹",
    "dist":"板橋區",
    "loc":"新北市板橋區公園街",
    "FIELD9":"",
    "FIELD10":null,
    "FIELD11":null
    }
  },
  {
    "type": "Feature",
    "geometry": {
       "type": "Point",
       "coordinates":  [ 121.4607822,25.0169716 ]
    },
    "properties": {
    "id":"NTT223",
    "city":"新北市",
    "type":"行道樹",
    "name":"行道樹",
    "dist":"板橋區",
    "loc":"新北市板橋區公館街",
    "FIELD9":"",
    "FIELD10":null,
    "FIELD11":null
    }
  },
  {
    "type": "Feature",
    "geometry": {
       "type": "Point",
       "coordinates":  [ 121.4649301,25.0147145 ]
    },
    "properties": {
    "id":"NTT224",
    "city":"新北市",
    "type":"行道樹",
    "name":"行道樹",
    "dist":"板橋區",
    "loc":"新北市板橋區文化路",
    "FIELD9":"",
    "FIELD10":null,
    "FIELD11":null
    }
  },
  {
    "type": "Feature",
    "geometry": {
       "type": "Point",
       "coordinates":  [ 121.4778864,25.0289786 ]
    },
    "properties": {
    "id":"NTT225",
    "city":"新北市",
    "type":"行道樹",
    "name":"行道樹",
    "dist":"板橋區",
    "loc":"新北市板橋區文聖街",
    "FIELD9":"",
    "FIELD10":null,
    "FIELD11":null
    }
  },
  {
    "type": "Feature",
    "geometry": {
       "type": "Point",
       "coordinates":  [ 121.4622639,25.0241944 ]
    },
    "properties": {
    "id":"NTT226",
    "city":"新北市",
    "type":"行道樹",
    "name":"行道樹",
    "dist":"板橋區",
    "loc":"新北市板橋區文德路",
    "FIELD9":"",
    "FIELD10":null,
    "FIELD11":null
    }
  },
  {
    "type": "Feature",
    "geometry": {
       "type": "Point",
       "coordinates":  [ 121.4569686,25.0110022 ]
    },
    "properties": {
    "id":"NTT227",
    "city":"新北市",
    "type":"行道樹",
    "name":"行道樹",
    "dist":"板橋區",
    "loc":"新北市板橋區北門街",
    "FIELD9":"",
    "FIELD10":null,
    "FIELD11":null
    }
  },
  {
    "type": "Feature",
    "geometry": {
       "type": "Point",
       "coordinates":  [ 121.4556722,24.9961392 ]
    },
    "properties": {
    "id":"NTT228",
    "city":"新北市",
    "type":"行道樹",
    "name":"行道樹",
    "dist":"板橋區",
    "loc":"新北市板橋區四川路",
    "FIELD9":"",
    "FIELD10":null,
    "FIELD11":null
    }
  },
  {
    "type": "Feature",
    "geometry": {
       "type": "Point",
       "coordinates":  [ 121.4618415,25.0114095 ]
    },
    "properties": {
    "id":"NTT229",
    "city":"新北市",
    "type":"行道樹",
    "name":"行道樹",
    "dist":"板橋區",
    "loc":"新北市板橋區民生路",
    "FIELD9":"",
    "FIELD10":null,
    "FIELD11":null
    }
  },
  {
    "type": "Feature",
    "geometry": {
       "type": "Point",
       "coordinates":  [ 121.4657606,25.0085333 ]
    },
    "properties": {
    "id":"NTT230",
    "city":"新北市",
    "type":"行道樹",
    "name":"行道樹",
    "dist":"板橋區",
    "loc":"新北市板橋區民族路",
    "FIELD9":"",
    "FIELD10":null,
    "FIELD11":null
    }
  },
  {
    "type": "Feature",
    "geometry": {
       "type": "Point",
       "coordinates":  [ 121.4597973,25.0128811 ]
    },
    "properties": {
    "id":"NTT231",
    "city":"新北市",
    "type":"行道樹",
    "name":"行道樹",
    "dist":"板橋區",
    "loc":"新北市板橋區民權路",
    "FIELD9":"",
    "FIELD10":null,
    "FIELD11":null
    }
  },
  {
    "type": "Feature",
    "geometry": {
       "type": "Point",
       "coordinates":  [ 121.4664058,25.0279227 ]
    },
    "properties": {
    "id":"NTT232",
    "city":"新北市",
    "type":"行道樹",
    "name":"行道樹",
    "dist":"板橋區",
    "loc":"新北市板橋區光武街",
    "FIELD9":"",
    "FIELD10":null,
    "FIELD11":null
    }
  },
  {
    "type": "Feature",
    "geometry": {
       "type": "Point",
       "coordinates":  [ 121.4830252,25.0164817 ]
    },
    "properties": {
    "id":"NTT233",
    "city":"新北市",
    "type":"行道樹",
    "name":"行道樹",
    "dist":"板橋區",
    "loc":"新北市板橋區光復高中外圍",
    "FIELD9":"",
    "FIELD10":null,
    "FIELD11":null
    }
  },
  {
    "type": "Feature",
    "geometry": {
       "type": "Point",
       "coordinates":  [ 121.483492,25.0179753 ]
    },
    "properties": {
    "id":"NTT234",
    "city":"新北市",
    "type":"行道樹",
    "name":"行道樹",
    "dist":"板橋區",
    "loc":"新北市板橋區光環路一段",
    "FIELD9":"",
    "FIELD10":null,
    "FIELD11":null
    }
  },
  {
    "type": "Feature",
    "geometry": {
       "type": "Point",
       "coordinates":  [ 121.4607791,25.0049421 ]
    },
    "properties": {
    "id":"NTT235",
    "city":"新北市",
    "type":"行道樹",
    "name":"行道樹",
    "dist":"板橋區",
    "loc":"新北市板橋區成都路",
    "FIELD9":"",
    "FIELD10":null,
    "FIELD11":null
    }
  },
  {
    "type": "Feature",
    "geometry": {
       "type": "Point",
       "coordinates":  [ 121.4547886,25.0113177 ]
    },
    "properties": {
    "id":"NTT236",
    "city":"新北市",
    "type":"行道樹",
    "name":"行道樹",
    "dist":"板橋區",
    "loc":"新北市板橋區西門街",
    "FIELD9":"",
    "FIELD10":null,
    "FIELD11":null
    }
  },
  {
    "type": "Feature",
    "geometry": {
       "type": "Point",
       "coordinates":  [ 121.4676001,25.0306284 ]
    },
    "properties": {
    "id":"NTT237",
    "city":"新北市",
    "type":"行道樹",
    "name":"行道樹",
    "dist":"板橋區",
    "loc":"新北市板橋區吳鳳路",
    "FIELD9":"",
    "FIELD10":null,
    "FIELD11":null
    }
  },
  {
    "type": "Feature",
    "geometry": {
       "type": "Point",
       "coordinates":  [ 121.4612021,24.9945746 ]
    },
    "properties": {
    "id":"NTT238",
    "city":"新北市",
    "type":"行道樹",
    "name":"行道樹",
    "dist":"板橋區",
    "loc":"新北市板橋區和平路",
    "FIELD9":"",
    "FIELD10":null,
    "FIELD11":null
    }
  },
  {
    "type": "Feature",
    "geometry": {
       "type": "Point",
       "coordinates":  [ 121.4565819,25.0095887 ]
    },
    "properties": {
    "id":"NTT239",
    "city":"新北市",
    "type":"行道樹",
    "name":"行道樹",
    "dist":"板橋區",
    "loc":"新北市板橋區府中路",
    "FIELD9":"",
    "FIELD10":null,
    "FIELD11":null
    }
  },
  {
    "type": "Feature",
    "geometry": {
       "type": "Point",
       "coordinates":  [ 121.4633916,25.0023818 ]
    },
    "properties": {
    "id":"NTT240",
    "city":"新北市",
    "type":"行道樹",
    "name":"行道樹",
    "dist":"板橋區",
    "loc":"新北市板橋區忠孝路",
    "FIELD9":"",
    "FIELD10":null,
    "FIELD11":null
    }
  },
  {
    "type": "Feature",
    "geometry": {
       "type": "Point",
       "coordinates":  [ 121.4685086,25.028704 ]
    },
    "properties": {
    "id":"NTT241",
    "city":"新北市",
    "type":"行道樹",
    "name":"行道樹",
    "dist":"板橋區",
    "loc":"新北市板橋區松江街",
    "FIELD9":"",
    "FIELD10":null,
    "FIELD11":null
    }
  },
  {
    "type": "Feature",
    "geometry": {
       "type": "Point",
       "coordinates":  [ 121.4262084,24.9905115 ]
    },
    "properties": {
    "id":"NTT242",
    "city":"新北市",
    "type":"行道樹",
    "name":"行道樹",
    "dist":"板橋區",
    "loc":"新北市板橋區板林路",
    "FIELD9":"",
    "FIELD10":null,
    "FIELD11":null
    }
  },
  {
    "type": "Feature",
    "geometry": {
       "type": "Point",
       "coordinates":  [ 121.4315334,24.988453 ]
    },
    "properties": {
    "id":"NTT243",
    "city":"新北市",
    "type":"行道樹",
    "name":"行道樹",
    "dist":"板橋區",
    "loc":"新北市板橋區金門街",
    "FIELD9":"",
    "FIELD10":null,
    "FIELD11":null
    }
  },
  {
    "type": "Feature",
    "geometry": {
       "type": "Point",
       "coordinates":  [ 121.4619655,25.0246426 ]
    },
    "properties": {
    "id":"NTT244",
    "city":"新北市",
    "type":"行道樹",
    "name":"行道樹",
    "dist":"板橋區",
    "loc":"新北市板橋區雨農路",
    "FIELD9":"",
    "FIELD10":null,
    "FIELD11":null
    }
  },
  {
    "type": "Feature",
    "geometry": {
       "type": "Point",
       "coordinates":  [ 121.457816,24.9932735 ]
    },
    "properties": {
    "id":"NTT245",
    "city":"新北市",
    "type":"行道樹",
    "name":"行道樹",
    "dist":"板橋區",
    "loc":"新北市板橋區信義路",
    "FIELD9":"",
    "FIELD10":null,
    "FIELD11":null
    }
  },
  {
    "type": "Feature",
    "geometry": {
       "type": "Point",
       "coordinates":  [ 121.4555929,25.0056867 ]
    },
    "properties": {
    "id":"NTT246",
    "city":"新北市",
    "type":"行道樹",
    "name":"行道樹",
    "dist":"板橋區",
    "loc":"新北市板橋區南雅南路",
    "FIELD9":"",
    "FIELD10":null,
    "FIELD11":null
    }
  },
  {
    "type": "Feature",
    "geometry": {
       "type": "Point",
       "coordinates":  [ 121.4601469,25.0243036 ]
    },
    "properties": {
    "id":"NTT247",
    "city":"新北市",
    "type":"行道樹",
    "name":"行道樹",
    "dist":"板橋區",
    "loc":"新北市板橋區英士路",
    "FIELD9":"",
    "FIELD10":null,
    "FIELD11":null
    }
  },
  {
    "type": "Feature",
    "geometry": {
       "type": "Point",
       "coordinates":  [ 121.4625506,25.0029249 ]
    },
    "properties": {
    "id":"NTT248",
    "city":"新北市",
    "type":"行道樹",
    "name":"行道樹",
    "dist":"板橋區",
    "loc":"新北市板橋區重慶路",
    "FIELD9":"",
    "FIELD10":null,
    "FIELD11":null
    }
  },
  {
    "type": "Feature",
    "geometry": {
       "type": "Point",
       "coordinates":  [ 121.4694878,25.0096513 ]
    },
    "properties": {
    "id":"NTT249",
    "city":"新北市",
    "type":"行道樹",
    "name":"行道樹",
    "dist":"板橋區",
    "loc":"新北市板橋區海山路",
    "FIELD9":"",
    "FIELD10":null,
    "FIELD11":null
    }
  },
  {
    "type": "Feature",
    "geometry": {
       "type": "Point",
       "coordinates":  [ 121.4633634,25.0150192 ]
    },
    "properties": {
    "id":"NTT250",
    "city":"新北市",
    "type":"行道樹",
    "name":"行道樹",
    "dist":"板橋區",
    "loc":"新北市板橋區站前路",
    "FIELD9":"",
    "FIELD10":null,
    "FIELD11":null
    }
  },
  {
    "type": "Feature",
    "geometry": {
       "type": "Point",
       "coordinates":  [ 121.4618415,25.0114095 ]
    },
    "properties": {
    "id":"NTT251",
    "city":"新北市",
    "type":"行道樹",
    "name":"行道樹",
    "dist":"板橋區",
    "loc":"新北市板橋區區運路",
    "FIELD9":"",
    "FIELD10":null,
    "FIELD11":null
    }
  },
  {
    "type": "Feature",
    "geometry": {
       "type": "Point",
       "coordinates":  [ 121.4592041,25.0180822 ]
    },
    "properties": {
    "id":"NTT252",
    "city":"新北市",
    "type":"行道樹",
    "name":"行道樹",
    "dist":"板橋區",
    "loc":"新北市板橋區國光路",
    "FIELD9":"",
    "FIELD10":null,
    "FIELD11":null
    }
  },
  {
    "type": "Feature",
    "geometry": {
       "type": "Point",
       "coordinates":  [ 121.4607053,24.9959258 ]
    },
    "properties": {
    "id":"NTT253",
    "city":"新北市",
    "type":"行道樹",
    "name":"行道樹",
    "dist":"板橋區",
    "loc":"新北市板橋區國慶路",
    "FIELD9":"",
    "FIELD10":null,
    "FIELD11":null
    }
  },
  {
    "type": "Feature",
    "geometry": {
       "type": "Point",
       "coordinates":  [ 121.4718856,25.0253824 ]
    },
    "properties": {
    "id":"NTT254",
    "city":"新北市",
    "type":"行道樹",
    "name":"行道樹",
    "dist":"板橋區",
    "loc":"新北市板橋區莊敬路",
    "FIELD9":"",
    "FIELD10":null,
    "FIELD11":null
    }
  },
  {
    "type": "Feature",
    "geometry": {
       "type": "Point",
       "coordinates":  [ 121.45596,25.0026342 ]
    },
    "properties": {
    "id":"NTT255",
    "city":"新北市",
    "type":"行道樹",
    "name":"行道樹",
    "dist":"板橋區",
    "loc":"新北市板橋區貴興路",
    "FIELD9":"",
    "FIELD10":null,
    "FIELD11":null
    }
  },
  {
    "type": "Feature",
    "geometry": {
       "type": "Point",
       "coordinates":  [ 121.4605592,25.026509 ]
    },
    "properties": {
    "id":"NTT256",
    "city":"新北市",
    "type":"行道樹",
    "name":"行道樹",
    "dist":"板橋區",
    "loc":"新北市板橋區陽明街及互助街口",
    "FIELD9":"",
    "FIELD10":null,
    "FIELD11":null
    }
  },
  {
    "type": "Feature",
    "geometry": {
       "type": "Point",
       "coordinates":  [ 121.4618415,25.0114095 ]
    },
    "properties": {
    "id":"NTT257",
    "city":"新北市",
    "type":"行道樹",
    "name":"行道樹",
    "dist":"板橋區",
    "loc":"新北市板橋區新民路",
    "FIELD9":"",
    "FIELD10":null,
    "FIELD11":null
    }
  },
  {
    "type": "Feature",
    "geometry": {
       "type": "Point",
       "coordinates":  [ 121.4638195,25.0126277 ]
    },
    "properties": {
    "id":"NTT258",
    "city":"新北市",
    "type":"行道樹",
    "name":"行道樹",
    "dist":"板橋區",
    "loc":"新北市板橋區新府路",
    "FIELD9":"",
    "FIELD10":null,
    "FIELD11":null
    }
  },
  {
    "type": "Feature",
    "geometry": {
       "type": "Point",
       "coordinates":  [ 121.4597125,25.0249897 ]
    },
    "properties": {
    "id":"NTT259",
    "city":"新北市",
    "type":"行道樹",
    "name":"行道樹",
    "dist":"板橋區",
    "loc":"新北市板橋區新海路",
    "FIELD9":"",
    "FIELD10":null,
    "FIELD11":null
    }
  },
  {
    "type": "Feature",
    "geometry": {
       "type": "Point",
       "coordinates":  [ 121.4656651,25.0141516 ]
    },
    "properties": {
    "id":"NTT260",
    "city":"新北市",
    "type":"行道樹",
    "name":"行道樹",
    "dist":"板橋區",
    "loc":"新北市板橋區新站路",
    "FIELD9":"",
    "FIELD10":null,
    "FIELD11":null
    }
  },
  {
    "type": "Feature",
    "geometry": {
       "type": "Point",
       "coordinates":  [ 121.4312106,24.989176 ]
    },
    "properties": {
    "id":"NTT261",
    "city":"新北市",
    "type":"行道樹",
    "name":"行道樹",
    "dist":"板橋區",
    "loc":"新北市板橋區溪北公園外圍四周人行道",
    "FIELD9":"",
    "FIELD10":null,
    "FIELD11":null
    }
  },
  {
    "type": "Feature",
    "geometry": {
       "type": "Point",
       "coordinates":  [ 121.4288275,24.9892227 ]
    },
    "properties": {
    "id":"NTT262",
    "city":"新北市",
    "type":"行道樹",
    "name":"行道樹",
    "dist":"板橋區",
    "loc":"新北市板橋區溪北路",
    "FIELD9":"",
    "FIELD10":null,
    "FIELD11":null
    }
  },
  {
    "type": "Feature",
    "geometry": {
       "type": "Point",
       "coordinates":  [ 121.4265895,24.988719 ]
    },
    "properties": {
    "id":"NTT263",
    "city":"新北市",
    "type":"行道樹",
    "name":"行道樹",
    "dist":"板橋區",
    "loc":"新北市板橋區溪州公園外圍四周人行道",
    "FIELD9":"",
    "FIELD10":null,
    "FIELD11":null
    }
  },
  {
    "type": "Feature",
    "geometry": {
       "type": "Point",
       "coordinates":  [ 121.4267358,24.9835199 ]
    },
    "properties": {
    "id":"NTT264",
    "city":"新北市",
    "type":"行道樹",
    "name":"行道樹",
    "dist":"板橋區",
    "loc":"新北市板橋區溪城路",
    "FIELD9":"",
    "FIELD10":null,
    "FIELD11":null
    }
  },
  {
    "type": "Feature",
    "geometry": {
       "type": "Point",
       "coordinates":  [ 121.4764239,25.0242015 ]
    },
    "properties": {
    "id":"NTT265",
    "city":"新北市",
    "type":"行道樹",
    "name":"行道樹",
    "dist":"板橋區",
    "loc":"新北市板橋區萬板路",
    "FIELD9":"",
    "FIELD10":null,
    "FIELD11":null
    }
  },
  {
    "type": "Feature",
    "geometry": {
       "type": "Point",
       "coordinates":  [ 121.4638274,25.0060582 ]
    },
    "properties": {
    "id":"NTT266",
    "city":"新北市",
    "type":"行道樹",
    "name":"行道樹",
    "dist":"板橋區",
    "loc":"新北市板橋區實踐路",
    "FIELD9":"",
    "FIELD10":null,
    "FIELD11":null
    }
  },
  {
    "type": "Feature",
    "geometry": {
       "type": "Point",
       "coordinates":  [ 121.4687718,25.0129257 ]
    },
    "properties": {
    "id":"NTT267",
    "city":"新北市",
    "type":"行道樹",
    "name":"行道樹",
    "dist":"板橋區",
    "loc":"新北市板橋區漢生東路",
    "FIELD9":"",
    "FIELD10":null,
    "FIELD11":null
    }
  },
  {
    "type": "Feature",
    "geometry": {
       "type": "Point",
       "coordinates":  [ 121.4629848,24.9938438 ]
    },
    "properties": {
    "id":"NTT268",
    "city":"新北市",
    "type":"行道樹",
    "name":"行道樹",
    "dist":"板橋區",
    "loc":"新北市板橋區廣和街",
    "FIELD9":"",
    "FIELD10":null,
    "FIELD11":null
    }
  },
  {
    "type": "Feature",
    "geometry": {
       "type": "Point",
       "coordinates":  [ 121.4627653,24.9916515 ]
    },
    "properties": {
    "id":"NTT269",
    "city":"新北市",
    "type":"行道樹",
    "name":"行道樹",
    "dist":"板橋區",
    "loc":"新北市板橋區廣權路",
    "FIELD9":"",
    "FIELD10":null,
    "FIELD11":null
    }
  },
  {
    "type": "Feature",
    "geometry": {
       "type": "Point",
       "coordinates":  [ 121.4320887,24.9947801 ]
    },
    "properties": {
    "id":"NTT270",
    "city":"新北市",
    "type":"行道樹",
    "name":"行道樹",
    "dist":"板橋區",
    "loc":"新北市板橋區篤行路",
    "FIELD9":"",
    "FIELD10":null,
    "FIELD11":null
    }
  },
  {
    "type": "Feature",
    "geometry": {
       "type": "Point",
       "coordinates":  [ 121.466434,25.0151676 ]
    },
    "properties": {
    "id":"NTT271",
    "city":"新北市",
    "type":"行道樹",
    "name":"行道樹",
    "dist":"板橋區",
    "loc":"新北市板橋區縣民大道",
    "FIELD9":"",
    "FIELD10":null,
    "FIELD11":null
    }
  },
  {
    "type": "Feature",
    "geometry": {
       "type": "Point",
       "coordinates":  [ 121.4550858,25.0085014 ]
    },
    "properties": {
    "id":"NTT272",
    "city":"新北市",
    "type":"行道樹",
    "name":"行道樹",
    "dist":"板橋區",
    "loc":"新北市板橋區館前西路",
    "FIELD9":"",
    "FIELD10":null,
    "FIELD11":null
    }
  },
  {
    "type": "Feature",
    "geometry": {
       "type": "Point",
       "coordinates":  [ 121.4620975,25.007524 ]
    },
    "properties": {
    "id":"NTT273",
    "city":"新北市",
    "type":"行道樹",
    "name":"行道樹",
    "dist":"板橋區",
    "loc":"新北市板橋區館前東路",
    "FIELD9":"",
    "FIELD10":null,
    "FIELD11":null
    }
  },
  {
    "type": "Feature",
    "geometry": {
       "type": "Point",
       "coordinates":  [ 121.442913,25.0125524 ]
    },
    "properties": {
    "id":"NTT274",
    "city":"新北市",
    "type":"行道樹",
    "name":"行道樹",
    "dist":"板橋區",
    "loc":"新北市板橋區環河西路",
    "FIELD9":"",
    "FIELD10":null,
    "FIELD11":null
    }
  },
  {
    "type": "Feature",
    "geometry": {
       "type": "Point",
       "coordinates":  [ 121.473228,25.029081 ]
    },
    "properties": {
    "id":"NTT275",
    "city":"新北市",
    "type":"行道樹",
    "name":"行道樹",
    "dist":"板橋區",
    "loc":"新北市板橋區雙十路及人行廣場",
    "FIELD9":"",
    "FIELD10":null,
    "FIELD11":null
    }
  },
  {
    "type": "Feature",
    "geometry": {
       "type": "Point",
       "coordinates":  [ 121.4788895,25.0150178 ]
    },
    "properties": {
    "id":"NTT276",
    "city":"新北市",
    "type":"行道樹",
    "name":"行道樹",
    "dist":"板橋區",
    "loc":"新北市板橋區三民路",
    "FIELD9":"",
    "FIELD10":null,
    "FIELD11":null
    }
  },
  {
    "type": "Feature",
    "geometry": {
       "type": "Point",
       "coordinates":  [ 121.4618415,25.0114095 ]
    },
    "properties": {
    "id":"NTT277",
    "city":"新北市",
    "type":"行道樹",
    "name":"行道樹",
    "dist":"板橋區",
    "loc":"新北市板橋區中山路",
    "FIELD9":"",
    "FIELD10":null,
    "FIELD11":null
    }
  },
  {
    "type": "Feature",
    "geometry": {
       "type": "Point",
       "coordinates":  [ 121.4327418,24.9958032 ]
    },
    "properties": {
    "id":"NTT278",
    "city":"新北市",
    "type":"行道樹",
    "name":"行道樹",
    "dist":"板橋區",
    "loc":"新北市板橋區中正路",
    "FIELD9":"",
    "FIELD10":null,
    "FIELD11":null
    }
  },
  {
    "type": "Feature",
    "geometry": {
       "type": "Point",
       "coordinates":  [ 121.4643115,25.0115268 ]
    },
    "properties": {
    "id":"NTT279",
    "city":"新北市",
    "type":"行道樹",
    "name":"行道樹",
    "dist":"板橋區",
    "loc":"新北市板橋區文化路(景觀處維護)",
    "FIELD9":"",
    "FIELD10":null,
    "FIELD11":null
    }
  },
  {
    "type": "Feature",
    "geometry": {
       "type": "Point",
       "coordinates":  [ 121.4618415,25.0114095 ]
    },
    "properties": {
    "id":"NTT280",
    "city":"新北市",
    "type":"行道樹",
    "name":"行道樹",
    "dist":"板橋區",
    "loc":"新北市板橋區民生路",
    "FIELD9":"",
    "FIELD10":null,
    "FIELD11":null
    }
  },
  {
    "type": "Feature",
    "geometry": {
       "type": "Point",
       "coordinates":  [ 121.4657606,25.0085333 ]
    },
    "properties": {
    "id":"NTT281",
    "city":"新北市",
    "type":"行道樹",
    "name":"行道樹",
    "dist":"板橋區",
    "loc":"新北市板橋區民族路",
    "FIELD9":"",
    "FIELD10":null,
    "FIELD11":null
    }
  },
  {
    "type": "Feature",
    "geometry": {
       "type": "Point",
       "coordinates":  [ 121.4597973,25.0128811 ]
    },
    "properties": {
    "id":"NTT282",
    "city":"新北市",
    "type":"行道樹",
    "name":"行道樹",
    "dist":"板橋區",
    "loc":"新北市板橋區民權路",
    "FIELD9":"",
    "FIELD10":null,
    "FIELD11":null
    }
  },
  {
    "type": "Feature",
    "geometry": {
       "type": "Point",
       "coordinates":  [ 121.4656651,25.0141516 ]
    },
    "properties": {
    "id":"NTT283",
    "city":"新北市",
    "type":"行道樹",
    "name":"行道樹",
    "dist":"板橋區",
    "loc":"新北市板橋區新站路",
    "FIELD9":"",
    "FIELD10":null,
    "FIELD11":null
    }
  },
  {
    "type": "Feature",
    "geometry": {
       "type": "Point",
       "coordinates":  [ 121.4267358,24.9835199 ]
    },
    "properties": {
    "id":"NTT284",
    "city":"新北市",
    "type":"行道樹",
    "name":"行道樹",
    "dist":"板橋區",
    "loc":"新北市板橋區溪城路",
    "FIELD9":"",
    "FIELD10":null,
    "FIELD11":null
    }
  },
  {
    "type": "Feature",
    "geometry": {
       "type": "Point",
       "coordinates":  [ 121.4764239,25.0242015 ]
    },
    "properties": {
    "id":"NTT285",
    "city":"新北市",
    "type":"行道樹",
    "name":"行道樹",
    "dist":"板橋區",
    "loc":"新北市板橋區萬板路",
    "FIELD9":"",
    "FIELD10":null,
    "FIELD11":null
    }
  },
  {
    "type": "Feature",
    "geometry": {
       "type": "Point",
       "coordinates":  [ 121.4687718,25.0129257 ]
    },
    "properties": {
    "id":"NTT286",
    "city":"新北市",
    "type":"行道樹",
    "name":"行道樹",
    "dist":"板橋區",
    "loc":"新北市板橋區漢生東路",
    "FIELD9":"",
    "FIELD10":null,
    "FIELD11":null
    }
  },
  {
    "type": "Feature",
    "geometry": {
       "type": "Point",
       "coordinates":  [ 121.4643115,25.0115268 ]
    },
    "properties": {
    "id":"NTT287",
    "city":"新北市",
    "type":"行道樹",
    "name":"行道樹",
    "dist":"板橋區",
    "loc":"新北市板橋區縣民大道(景觀處維護)",
    "FIELD9":"",
    "FIELD10":null,
    "FIELD11":null
    }
  },
  {
    "type": "Feature",
    "geometry": {
       "type": "Point",
       "coordinates":  [ 121.442913,25.0125524 ]
    },
    "properties": {
    "id":"NTT288",
    "city":"新北市",
    "type":"行道樹",
    "name":"行道樹",
    "dist":"板橋區",
    "loc":"新北市板橋區環河西路(非所管理之行道樹)",
    "FIELD9":"",
    "FIELD10":null,
    "FIELD11":null
    }
  },
  {
    "type": "Feature",
    "geometry": {
       "type": "Point",
       "coordinates":  [ 121.3623849,25.0658201 ]
    },
    "properties": {
    "id":"NTT289",
    "city":"新北市",
    "type":"行道樹",
    "name":"行道樹",
    "dist":"林口區",
    "loc":"新北市林口區八德路",
    "FIELD9":"",
    "FIELD10":null,
    "FIELD11":null
    }
  },
  {
    "type": "Feature",
    "geometry": {
       "type": "Point",
       "coordinates":  [ 121.3995931,25.0778845 ]
    },
    "properties": {
    "id":"NTT290",
    "city":"新北市",
    "type":"行道樹",
    "name":"行道樹",
    "dist":"林口區",
    "loc":"新北市林口區工六路",
    "FIELD9":"",
    "FIELD10":null,
    "FIELD11":null
    }
  },
  {
    "type": "Feature",
    "geometry": {
       "type": "Point",
       "coordinates":  [ 121.3806058,25.0848254 ]
    },
    "properties": {
    "id":"NTT291",
    "city":"新北市",
    "type":"行道樹",
    "name":"行道樹",
    "dist":"林口區",
    "loc":"新北市林口區中華一路",
    "FIELD9":"",
    "FIELD10":null,
    "FIELD11":null
    }
  },
  {
    "type": "Feature",
    "geometry": {
       "type": "Point",
       "coordinates":  [ 121.3837106,25.0909039 ]
    },
    "properties": {
    "id":"NTT292",
    "city":"新北市",
    "type":"行道樹",
    "name":"行道樹",
    "dist":"林口區",
    "loc":"新北市林口區中華路",
    "FIELD9":"",
    "FIELD10":null,
    "FIELD11":null
    }
  },
  {
    "type": "Feature",
    "geometry": {
       "type": "Point",
       "coordinates":  [ 121.3729975,25.0747143 ]
    },
    "properties": {
    "id":"NTT293",
    "city":"新北市",
    "type":"行道樹",
    "name":"行道樹",
    "dist":"林口區",
    "loc":"新北市林口區仁愛一路",
    "FIELD9":"",
    "FIELD10":null,
    "FIELD11":null
    }
  },
  {
    "type": "Feature",
    "geometry": {
       "type": "Point",
       "coordinates":  [ 121.3690695,25.0750368 ]
    },
    "properties": {
    "id":"NTT294",
    "city":"新北市",
    "type":"行道樹",
    "name":"行道樹",
    "dist":"林口區",
    "loc":"新北市林口區仁愛二路",
    "FIELD9":"",
    "FIELD10":null,
    "FIELD11":null
    }
  },
  {
    "type": "Feature",
    "geometry": {
       "type": "Point",
       "coordinates":  [ 121.3938459,25.0759718 ]
    },
    "properties": {
    "id":"NTT295",
    "city":"新北市",
    "type":"行道樹",
    "name":"行道樹",
    "dist":"林口區",
    "loc":"新北市林口區仁愛路",
    "FIELD9":"",
    "FIELD10":null,
    "FIELD11":null
    }
  },
  {
    "type": "Feature",
    "geometry": {
       "type": "Point",
       "coordinates":  [ 121.3709109,25.0712588 ]
    },
    "properties": {
    "id":"NTT296",
    "city":"新北市",
    "type":"行道樹",
    "name":"行道樹",
    "dist":"林口區",
    "loc":"新北市林口區公園路",
    "FIELD9":"",
    "FIELD10":null,
    "FIELD11":null
    }
  },
  {
    "type": "Feature",
    "geometry": {
       "type": "Point",
       "coordinates":  [ 121.3881378,25.0790108 ]
    },
    "properties": {
    "id":"NTT297",
    "city":"新北市",
    "type":"行道樹",
    "name":"行道樹",
    "dist":"林口區",
    "loc":"新北市林口區文化一路",
    "FIELD9":"",
    "FIELD10":null,
    "FIELD11":null
    }
  },
  {
    "type": "Feature",
    "geometry": {
       "type": "Point",
       "coordinates":  [ 121.3679682,25.0708555 ]
    },
    "properties": {
    "id":"NTT298",
    "city":"新北市",
    "type":"行道樹",
    "name":"行道樹",
    "dist":"林口區",
    "loc":"新北市林口區文化二路",
    "FIELD9":"",
    "FIELD10":null,
    "FIELD11":null
    }
  },
  {
    "type": "Feature",
    "geometry": {
       "type": "Point",
       "coordinates":  [ 121.3609962,25.0649031 ]
    },
    "properties": {
    "id":"NTT299",
    "city":"新北市",
    "type":"行道樹",
    "name":"行道樹",
    "dist":"林口區",
    "loc":"新北市林口區文化三路",
    "FIELD9":"",
    "FIELD10":null,
    "FIELD11":null
    }
  },
  {
    "type": "Feature",
    "geometry": {
       "type": "Point",
       "coordinates":  [ 121.3646805,25.0757175 ]
    },
    "properties": {
    "id":"NTT300",
    "city":"新北市",
    "type":"行道樹",
    "name":"行道樹",
    "dist":"林口區",
    "loc":"新北市林口區文化北路",
    "FIELD9":"",
    "FIELD10":null,
    "FIELD11":null
    }
  },
  {
    "type": "Feature",
    "geometry": {
       "type": "Point",
       "coordinates":  [ 121.3788832,25.0772289 ]
    },
    "properties": {
    "id":"NTT301",
    "city":"新北市",
    "type":"行道樹",
    "name":"行道樹",
    "dist":"林口區",
    "loc":"新北市林口區四維路",
    "FIELD9":"",
    "FIELD10":null,
    "FIELD11":null
    }
  },
  {
    "type": "Feature",
    "geometry": {
       "type": "Point",
       "coordinates":  [ 121.3828859,25.0846592 ]
    },
    "properties": {
    "id":"NTT302",
    "city":"新北市",
    "type":"行道樹",
    "name":"行道樹",
    "dist":"林口區",
    "loc":"新北市林口區民享路",
    "FIELD9":"",
    "FIELD10":null,
    "FIELD11":null
    }
  },
  {
    "type": "Feature",
    "geometry": {
       "type": "Point",
       "coordinates":  [ 121.3773602,25.0758033 ]
    },
    "properties": {
    "id":"NTT303",
    "city":"新北市",
    "type":"行道樹",
    "name":"行道樹",
    "dist":"林口區",
    "loc":"新北市林口區民治路",
    "FIELD9":"",
    "FIELD10":null,
    "FIELD11":null
    }
  },
  {
    "type": "Feature",
    "geometry": {
       "type": "Point",
       "coordinates":  [ 121.3881378,25.0790108 ]
    },
    "properties": {
    "id":"NTT304",
    "city":"新北市",
    "type":"行道樹",
    "name":"行道樹",
    "dist":"林口區",
    "loc":"新北市林口區民富路",
    "FIELD9":"",
    "FIELD10":null,
    "FIELD11":null
    }
  },
  {
    "type": "Feature",
    "geometry": {
       "type": "Point",
       "coordinates":  [ 121.3849081,25.0862651 ]
    },
    "properties": {
    "id":"NTT305",
    "city":"新北市",
    "type":"行道樹",
    "name":"行道樹",
    "dist":"林口區",
    "loc":"新北市林口區竹林一路",
    "FIELD9":"",
    "FIELD10":null,
    "FIELD11":null
    }
  },
  {
    "type": "Feature",
    "geometry": {
       "type": "Point",
       "coordinates":  [ 121.3895375,25.0809686 ]
    },
    "properties": {
    "id":"NTT306",
    "city":"新北市",
    "type":"行道樹",
    "name":"行道樹",
    "dist":"林口區",
    "loc":"新北市林口區竹林路",
    "FIELD9":"",
    "FIELD10":null,
    "FIELD11":null
    }
  },
  {
    "type": "Feature",
    "geometry": {
       "type": "Point",
       "coordinates":  [ 121.3849849,25.0786741 ]
    },
    "properties": {
    "id":"NTT307",
    "city":"新北市",
    "type":"行道樹",
    "name":"行道樹",
    "dist":"林口區",
    "loc":"新北市林口區佳林路",
    "FIELD9":"",
    "FIELD10":null,
    "FIELD11":null
    }
  },
  {
    "type": "Feature",
    "geometry": {
       "type": "Point",
       "coordinates":  [ 121.3619039,25.0733973 ]
    },
    "properties": {
    "id":"NTT308",
    "city":"新北市",
    "type":"行道樹",
    "name":"行道樹",
    "dist":"林口區",
    "loc":"新北市林口區忠孝一路",
    "FIELD9":"",
    "FIELD10":null,
    "FIELD11":null
    }
  },
  {
    "type": "Feature",
    "geometry": {
       "type": "Point",
       "coordinates":  [ 121.3645628,25.0697321 ]
    },
    "properties": {
    "id":"NTT309",
    "city":"新北市",
    "type":"行道樹",
    "name":"行道樹",
    "dist":"林口區",
    "loc":"新北市林口區忠孝二路",
    "FIELD9":"",
    "FIELD10":null,
    "FIELD11":null
    }
  },
  {
    "type": "Feature",
    "geometry": {
       "type": "Point",
       "coordinates":  [ 121.3700031,25.070885 ]
    },
    "properties": {
    "id":"NTT310",
    "city":"新北市",
    "type":"行道樹",
    "name":"行道樹",
    "dist":"林口區",
    "loc":"新北市林口區忠孝路",
    "FIELD9":"",
    "FIELD10":null,
    "FIELD11":null
    }
  },
  {
    "type": "Feature",
    "geometry": {
       "type": "Point",
       "coordinates":  [ 121.3511796,25.0835156 ]
    },
    "properties": {
    "id":"NTT311",
    "city":"新北市",
    "type":"行道樹",
    "name":"行道樹",
    "dist":"林口區",
    "loc":"新北市林口區忠福路",
    "FIELD9":"",
    "FIELD10":null,
    "FIELD11":null
    }
  },
  {
    "type": "Feature",
    "geometry": {
       "type": "Point",
       "coordinates":  [ 121.3884435,25.0815544 ]
    },
    "properties": {
    "id":"NTT312",
    "city":"新北市",
    "type":"行道樹",
    "name":"行道樹",
    "dist":"林口區",
    "loc":"新北市林口區林口路",
    "FIELD9":"",
    "FIELD10":null,
    "FIELD11":null
    }
  },
  {
    "type": "Feature",
    "geometry": {
       "type": "Point",
       "coordinates":  [ 121.3784982,25.0803646 ]
    },
    "properties": {
    "id":"NTT313",
    "city":"新北市",
    "type":"行道樹",
    "name":"行道樹",
    "dist":"林口區",
    "loc":"新北市林口區信義路",
    "FIELD9":"",
    "FIELD10":null,
    "FIELD11":null
    }
  },
  {
    "type": "Feature",
    "geometry": {
       "type": "Point",
       "coordinates":  [ 121.3604001,25.0753748 ]
    },
    "properties": {
    "id":"NTT314",
    "city":"新北市",
    "type":"行道樹",
    "name":"行道樹",
    "dist":"林口區",
    "loc":"新北市林口區南勢一街",
    "FIELD9":"",
    "FIELD10":null,
    "FIELD11":null
    }
  },
  {
    "type": "Feature",
    "geometry": {
       "type": "Point",
       "coordinates":  [ 121.3563772,25.0786074 ]
    },
    "properties": {
    "id":"NTT315",
    "city":"新北市",
    "type":"行道樹",
    "name":"行道樹",
    "dist":"林口區",
    "loc":"新北市林口區南福路",
    "FIELD9":"",
    "FIELD10":null,
    "FIELD11":null
    }
  },
  {
    "type": "Feature",
    "geometry": {
       "type": "Point",
       "coordinates":  [ 121.3814897,25.0886114 ]
    },
    "properties": {
    "id":"NTT316",
    "city":"新北市",
    "type":"行道樹",
    "name":"行道樹",
    "dist":"林口區",
    "loc":"新北市林口區泰北路",
    "FIELD9":"",
    "FIELD10":null,
    "FIELD11":null
    }
  },
  {
    "type": "Feature",
    "geometry": {
       "type": "Point",
       "coordinates":  [ 121.3983449,25.0805036 ]
    },
    "properties": {
    "id":"NTT317",
    "city":"新北市",
    "type":"行道樹",
    "name":"行道樹",
    "dist":"林口區",
    "loc":"新北市林口區粉寮路一段",
    "FIELD9":"",
    "FIELD10":null,
    "FIELD11":null
    }
  },
  {
    "type": "Feature",
    "geometry": {
       "type": "Point",
       "coordinates":  [ 121.3740633,25.0695237 ]
    },
    "properties": {
    "id":"NTT318",
    "city":"新北市",
    "type":"行道樹",
    "name":"行道樹",
    "dist":"林口區",
    "loc":"新北市林口區麗園路",
    "FIELD9":"",
    "FIELD10":null,
    "FIELD11":null
    }
  },
  {
    "type": "Feature",
    "geometry": {
       "type": "Point",
       "coordinates":  [ 121.3751434,25.0709223 ]
    },
    "properties": {
    "id":"NTT319",
    "city":"新北市",
    "type":"行道樹",
    "name":"行道樹",
    "dist":"林口區",
    "loc":"新北市林口區麗園路2巷",
    "FIELD9":"",
    "FIELD10":null,
    "FIELD11":null
    }
  },
  {
    "type": "Feature",
    "geometry": {
       "type": "Point",
       "coordinates":  [ 121.3614173,25.0967702 ]
    },
    "properties": {
    "id":"NTT320",
    "city":"新北市",
    "type":"行道樹",
    "name":"行道樹",
    "dist":"林口區",
    "loc":"新北市林口區寶林路",
    "FIELD9":"",
    "FIELD10":null,
    "FIELD11":null
    }
  },
  {
    "type": "Feature",
    "geometry": {
       "type": "Point",
       "coordinates":  [ 121.3841916,25.0802832 ]
    },
    "properties": {
    "id":"NTT321",
    "city":"新北市",
    "type":"行道樹",
    "name":"行道樹",
    "dist":"林口區",
    "loc":"新北市林口區中山路",
    "FIELD9":"",
    "FIELD10":null,
    "FIELD11":null
    }
  },
  {
    "type": "Feature",
    "geometry": {
       "type": "Point",
       "coordinates":  [ 121.3729975,25.0747143 ]
    },
    "properties": {
    "id":"NTT322",
    "city":"新北市",
    "type":"行道樹",
    "name":"行道樹",
    "dist":"林口區",
    "loc":"新北市林口區仁愛一路",
    "FIELD9":"",
    "FIELD10":null,
    "FIELD11":null
    }
  },
  {
    "type": "Feature",
    "geometry": {
       "type": "Point",
       "coordinates":  [ 121.3938459,25.0759718 ]
    },
    "properties": {
    "id":"NTT323",
    "city":"新北市",
    "type":"行道樹",
    "name":"行道樹",
    "dist":"林口區",
    "loc":"新北市林口區仁愛路",
    "FIELD9":"",
    "FIELD10":null,
    "FIELD11":null
    }
  },
  {
    "type": "Feature",
    "geometry": {
       "type": "Point",
       "coordinates":  [ 121.3709109,25.0712588 ]
    },
    "properties": {
    "id":"NTT324",
    "city":"新北市",
    "type":"行道樹",
    "name":"行道樹",
    "dist":"林口區",
    "loc":"新北市林口區公園路",
    "FIELD9":"",
    "FIELD10":null,
    "FIELD11":null
    }
  },
  {
    "type": "Feature",
    "geometry": {
       "type": "Point",
       "coordinates":  [ 121.3881378,25.0790108 ]
    },
    "properties": {
    "id":"NTT325",
    "city":"新北市",
    "type":"行道樹",
    "name":"行道樹",
    "dist":"林口區",
    "loc":"新北市林口區文化一路",
    "FIELD9":"",
    "FIELD10":null,
    "FIELD11":null
    }
  },
  {
    "type": "Feature",
    "geometry": {
       "type": "Point",
       "coordinates":  [ 121.3679682,25.0708555 ]
    },
    "properties": {
    "id":"NTT326",
    "city":"新北市",
    "type":"行道樹",
    "name":"行道樹",
    "dist":"林口區",
    "loc":"新北市林口區文化二路",
    "FIELD9":"",
    "FIELD10":null,
    "FIELD11":null
    }
  },
  {
    "type": "Feature",
    "geometry": {
       "type": "Point",
       "coordinates":  [ 121.3609962,25.0649031 ]
    },
    "properties": {
    "id":"NTT327",
    "city":"新北市",
    "type":"行道樹",
    "name":"行道樹",
    "dist":"林口區",
    "loc":"新北市林口區文化三路",
    "FIELD9":"",
    "FIELD10":null,
    "FIELD11":null
    }
  },
  {
    "type": "Feature",
    "geometry": {
       "type": "Point",
       "coordinates":  [ 121.3646805,25.0757175 ]
    },
    "properties": {
    "id":"NTT328",
    "city":"新北市",
    "type":"行道樹",
    "name":"行道樹",
    "dist":"林口區",
    "loc":"新北市林口區文化北路",
    "FIELD9":"",
    "FIELD10":null,
    "FIELD11":null
    }
  },
  {
    "type": "Feature",
    "geometry": {
       "type": "Point",
       "coordinates":  [ 121.3700031,25.070885 ]
    },
    "properties": {
    "id":"NTT329",
    "city":"新北市",
    "type":"行道樹",
    "name":"行道樹",
    "dist":"林口區",
    "loc":"新北市林口區忠孝路",
    "FIELD9":"",
    "FIELD10":null,
    "FIELD11":null
    }
  },
  {
    "type": "Feature",
    "geometry": {
       "type": "Point",
       "coordinates":  [ 121.3802324,25.0684251 ]
    },
    "properties": {
    "id":"NTT330",
    "city":"新北市",
    "type":"行道樹",
    "name":"行道樹",
    "dist":"林口區",
    "loc":"新北市林口區麗園二街38巷",
    "FIELD9":"",
    "FIELD10":null,
    "FIELD11":null
    }
  },
  {
    "type": "Feature",
    "geometry": {
       "type": "Point",
       "coordinates":  [ 121.3809668,25.0694733 ]
    },
    "properties": {
    "id":"NTT331",
    "city":"新北市",
    "type":"行道樹",
    "name":"行道樹",
    "dist":"林口區",
    "loc":"新北市林口區麗園二街39巷",
    "FIELD9":"",
    "FIELD10":null,
    "FIELD11":null
    }
  },
  {
    "type": "Feature",
    "geometry": {
       "type": "Point",
       "coordinates":  [ 121.3740633,25.0695237 ]
    },
    "properties": {
    "id":"NTT332",
    "city":"新北市",
    "type":"行道樹",
    "name":"行道樹",
    "dist":"林口區",
    "loc":"新北市林口區麗園路",
    "FIELD9":"",
    "FIELD10":null,
    "FIELD11":null
    }
  },
  {
    "type": "Feature",
    "geometry": {
       "type": "Point",
       "coordinates":  [ 121.636599,25.222905 ]
    },
    "properties": {
    "id":"NTT333",
    "city":"新北市",
    "type":"行道樹",
    "name":"行道樹",
    "dist":"金山區",
    "loc":"新北市金山區中山路(金山國小)",
    "FIELD9":"",
    "FIELD10":null,
    "FIELD11":null
    }
  },
  {
    "type": "Feature",
    "geometry": {
       "type": "Point",
       "coordinates":  [ 121.6344246,25.2219434 ]
    },
    "properties": {
    "id":"NTT334",
    "city":"新北市",
    "type":"行道樹",
    "name":"行道樹",
    "dist":"金山區",
    "loc":"新北市金山區中正路",
    "FIELD9":"",
    "FIELD10":null,
    "FIELD11":null
    }
  },
  {
    "type": "Feature",
    "geometry": {
       "type": "Point",
       "coordinates":  [ 121.6340427,25.2448293 ]
    },
    "properties": {
    "id":"NTT335",
    "city":"新北市",
    "type":"行道樹",
    "name":"行道樹",
    "dist":"金山區",
    "loc":"新北市金山區台2線",
    "FIELD9":"",
    "FIELD10":null,
    "FIELD11":null
    }
  },
  {
    "type": "Feature",
    "geometry": {
       "type": "Point",
       "coordinates":  [ 121.6367773,25.2223616 ]
    },
    "properties": {
    "id":"NTT336",
    "city":"新北市",
    "type":"行道樹",
    "name":"行道樹",
    "dist":"金山區",
    "loc":"新北市金山區玉爐路",
    "FIELD9":"",
    "FIELD10":null,
    "FIELD11":null
    }
  },
  {
    "type": "Feature",
    "geometry": {
       "type": "Point",
       "coordinates":  [ 121.6367773,25.2223616 ]
    },
    "properties": {
    "id":"NTT337",
    "city":"新北市",
    "type":"行道樹",
    "name":"行道樹",
    "dist":"金山區",
    "loc":"新北市金山區法鼓路",
    "FIELD9":"",
    "FIELD10":null,
    "FIELD11":null
    }
  },
  {
    "type": "Feature",
    "geometry": {
       "type": "Point",
       "coordinates":  { }
    },
    "properties": {
    "id":"NTT338",
    "city":"新北市",
    "type":"行道樹",
    "name":"行道樹",
    "dist":"金山區",
    "loc":"新北市金山區信義路",
    "FIELD9":"121.6354001",
    "FIELD10":25.2211334,
    "FIELD11":null
    }
  },
  {
    "type": "Feature",
    "geometry": {
       "type": "Point",
       "coordinates":  [ 121.6340427,25.2448293 ]
    },
    "properties": {
    "id":"NTT339",
    "city":"新北市",
    "type":"行道樹",
    "name":"行道樹",
    "dist":"金山區",
    "loc":"新北市金山區台2線",
    "FIELD9":"",
    "FIELD10":null,
    "FIELD11":null
    }
  },
  {
    "type": "Feature",
    "geometry": {
       "type": "Point",
       "coordinates":  [ 121.4362517,25.0556807 ]
    },
    "properties": {
    "id":"NTT340",
    "city":"新北市",
    "type":"行道樹",
    "name":"行道樹",
    "dist":"泰山區",
    "loc":"新北市泰山區中港西路",
    "FIELD9":"",
    "FIELD10":null,
    "FIELD11":null
    }
  },
  {
    "type": "Feature",
    "geometry": {
       "type": "Point",
       "coordinates":  [ 121.4336105,25.0548126 ]
    },
    "properties": {
    "id":"NTT341",
    "city":"新北市",
    "type":"行道樹",
    "name":"行道樹",
    "dist":"泰山區",
    "loc":"新北市泰山區仁愛路100巷",
    "FIELD9":"",
    "FIELD10":null,
    "FIELD11":null
    }
  },
  {
    "type": "Feature",
    "geometry": {
       "type": "Point",
       "coordinates":  [ 121.43361,25.0528849 ]
    },
    "properties": {
    "id":"NTT342",
    "city":"新北市",
    "type":"行道樹",
    "name":"行道樹",
    "dist":"泰山區",
    "loc":"新北市泰山區仁義路",
    "FIELD9":"",
    "FIELD10":null,
    "FIELD11":null
    }
  },
  {
    "type": "Feature",
    "geometry": {
       "type": "Point",
       "coordinates":  [ 121.4337491,25.0566263 ]
    },
    "properties": {
    "id":"NTT343",
    "city":"新北市",
    "type":"行道樹",
    "name":"行道樹",
    "dist":"泰山區",
    "loc":"新北市泰山區仁德路",
    "FIELD9":"",
    "FIELD10":null,
    "FIELD11":null
    }
  },
  {
    "type": "Feature",
    "geometry": {
       "type": "Point",
       "coordinates":  [ 121.4336648,25.0491188 ]
    },
    "properties": {
    "id":"NTT344",
    "city":"新北市",
    "type":"行道樹",
    "name":"行道樹",
    "dist":"泰山區",
    "loc":"新北市泰山區文程路",
    "FIELD9":"",
    "FIELD10":null,
    "FIELD11":null
    }
  },
  {
    "type": "Feature",
    "geometry": {
       "type": "Point",
       "coordinates":  [ 121.4331455,25.0496301 ]
    },
    "properties": {
    "id":"NTT345",
    "city":"新北市",
    "type":"行道樹",
    "name":"行道樹",
    "dist":"泰山區",
    "loc":"新北市泰山區民生路",
    "FIELD9":"",
    "FIELD10":null,
    "FIELD11":null
    }
  },
  {
    "type": "Feature",
    "geometry": {
       "type": "Point",
       "coordinates":  [ 121.4298793,25.0506603 ]
    },
    "properties": {
    "id":"NTT346",
    "city":"新北市",
    "type":"行道樹",
    "name":"行道樹",
    "dist":"泰山區",
    "loc":"新北市泰山區民權街41巷",
    "FIELD9":"",
    "FIELD10":null,
    "FIELD11":null
    }
  },
  {
    "type": "Feature",
    "geometry": {
       "type": "Point",
       "coordinates":  [ 121.4280906,25.0657329 ]
    },
    "properties": {
    "id":"NTT347",
    "city":"新北市",
    "type":"行道樹",
    "name":"行道樹",
    "dist":"泰山區",
    "loc":"新北市泰山區忠孝街19巷2弄",
    "FIELD9":"",
    "FIELD10":null,
    "FIELD11":null
    }
  },
  {
    "type": "Feature",
    "geometry": {
       "type": "Point",
       "coordinates":  [ 121.4266316,25.0446324 ]
    },
    "properties": {
    "id":"NTT348",
    "city":"新北市",
    "type":"行道樹",
    "name":"行道樹",
    "dist":"泰山區",
    "loc":"新北市泰山區新民路",
    "FIELD9":"",
    "FIELD10":null,
    "FIELD11":null
    }
  },
  {
    "type": "Feature",
    "geometry": {
       "type": "Point",
       "coordinates":  [ 121.4291223,25.0445577 ]
    },
    "properties": {
    "id":"NTT349",
    "city":"新北市",
    "type":"行道樹",
    "name":"行道樹",
    "dist":"泰山區",
    "loc":"新北市泰山區新生路",
    "FIELD9":"",
    "FIELD10":null,
    "FIELD11":null
    }
  },
  {
    "type": "Feature",
    "geometry": {
       "type": "Point",
       "coordinates":  [ 121.4297636,25.0579589 ]
    },
    "properties": {
    "id":"NTT350",
    "city":"新北市",
    "type":"行道樹",
    "name":"行道樹",
    "dist":"泰山區",
    "loc":"新北市泰山區辭修路",
    "FIELD9":"",
    "FIELD10":null,
    "FIELD11":null
    }
  },
  {
    "type": "Feature",
    "geometry": {
       "type": "Point",
       "coordinates":  [ 121.9268195,25.054257 ]
    },
    "properties": {
    "id":"NTT351",
    "city":"新北市",
    "type":"行道樹",
    "name":"行道樹",
    "dist":"貢寮區",
    "loc":"新北市貢寮區仁愛路",
    "FIELD9":"",
    "FIELD10":null,
    "FIELD11":null
    }
  },
  {
    "type": "Feature",
    "geometry": {
       "type": "Point",
       "coordinates":  [ 121.46372,25.1408289 ]
    },
    "properties": {
    "id":"NTT352",
    "city":"新北市",
    "type":"行道樹",
    "name":"行道樹",
    "dist":"淡水區",
    "loc":"新北市淡水區大同路",
    "FIELD9":"",
    "FIELD10":null,
    "FIELD11":null
    }
  },
  {
    "type": "Feature",
    "geometry": {
       "type": "Point",
       "coordinates":  [ 121.4439008,25.1777837 ]
    },
    "properties": {
    "id":"NTT353",
    "city":"新北市",
    "type":"行道樹",
    "name":"行道樹",
    "dist":"淡水區",
    "loc":"新北市淡水區中山北路一 ~ 三段",
    "FIELD9":"",
    "FIELD10":null,
    "FIELD11":null
    }
  },
  {
    "type": "Feature",
    "geometry": {
       "type": "Point",
       "coordinates":  [ 121.4418132,25.1709379 ]
    },
    "properties": {
    "id":"NTT354",
    "city":"新北市",
    "type":"行道樹",
    "name":"行道樹",
    "dist":"淡水區",
    "loc":"新北市淡水區中山路",
    "FIELD9":"",
    "FIELD10":null,
    "FIELD11":null
    }
  },
  {
    "type": "Feature",
    "geometry": {
       "type": "Point",
       "coordinates":  { }
    },
    "properties": {
    "id":"NTT355",
    "city":"新北市",
    "type":"行道樹",
    "name":"行道樹",
    "dist":"淡水區",
    "loc":"新北市淡水區中正東路-中正東路1",
    "FIELD9":"25.1687226",
    "FIELD10":null,
    "FIELD11":null
    }
  },
  {
    "type": "Feature",
    "geometry": {
       "type": "Point",
       "coordinates":  [ 121.4212758,25.1872548 ]
    },
    "properties": {
    "id":"NTT356",
    "city":"新北市",
    "type":"行道樹",
    "name":"行道樹",
    "dist":"淡水區",
    "loc":"新北市淡水區中正路二段",
    "FIELD9":"",
    "FIELD10":null,
    "FIELD11":null
    }
  },
  {
    "type": "Feature",
    "geometry": {
       "type": "Point",
       "coordinates":  [ 121.4488076,25.1785773 ]
    },
    "properties": {
    "id":"NTT357",
    "city":"新北市",
    "type":"行道樹",
    "name":"行道樹",
    "dist":"淡水區",
    "loc":"新北市淡水區北新路",
    "FIELD9":"",
    "FIELD10":null,
    "FIELD11":null
    }
  },
  {
    "type": "Feature",
    "geometry": {
       "type": "Point",
       "coordinates":  [ 121.4626927,25.1433976 ]
    },
    "properties": {
    "id":"NTT358",
    "city":"新北市",
    "type":"行道樹",
    "name":"行道樹",
    "dist":"淡水區",
    "loc":"新北市淡水區竹林路",
    "FIELD9":"",
    "FIELD10":null,
    "FIELD11":null
    }
  },
  {
    "type": "Feature",
    "geometry": {
       "type": "Point",
       "coordinates":  [ 121.4245741,25.1838931 ]
    },
    "properties": {
    "id":"NTT359",
    "city":"新北市",
    "type":"行道樹",
    "name":"行道樹",
    "dist":"淡水區",
    "loc":"新北市淡水區沙崙路一~二段",
    "FIELD9":"",
    "FIELD10":null,
    "FIELD11":null
    }
  },
  {
    "type": "Feature",
    "geometry": {
       "type": "Point",
       "coordinates":  [ 121.4356901,25.1969565 ]
    },
    "properties": {
    "id":"NTT360",
    "city":"新北市",
    "type":"行道樹",
    "name":"行道樹",
    "dist":"淡水區",
    "loc":"新北市淡水區崁頂二路",
    "FIELD9":"",
    "FIELD10":null,
    "FIELD11":null
    }
  },
  {
    "type": "Feature",
    "geometry": {
       "type": "Point",
       "coordinates":  [ 121.4312573,25.1981842 ]
    },
    "properties": {
    "id":"NTT361",
    "city":"新北市",
    "type":"行道樹",
    "name":"行道樹",
    "dist":"淡水區",
    "loc":"新北市淡水區崁頂三路",
    "FIELD9":"",
    "FIELD10":null,
    "FIELD11":null
    }
  },
  {
    "type": "Feature",
    "geometry": {
       "type": "Point",
       "coordinates":  [ 121.4237961,25.1968313 ]
    },
    "properties": {
    "id":"NTT362",
    "city":"新北市",
    "type":"行道樹",
    "name":"行道樹",
    "dist":"淡水區",
    "loc":"新北市淡水區崁頂五路",
    "FIELD9":"",
    "FIELD10":null,
    "FIELD11":null
    }
  },
  {
    "type": "Feature",
    "geometry": {
       "type": "Point",
       "coordinates":  [ 121.459274,25.1662505 ]
    },
    "properties": {
    "id":"NTT363",
    "city":"新北市",
    "type":"行道樹",
    "name":"行道樹",
    "dist":"淡水區",
    "loc":"新北市淡水區淡金路一 ~ 四段",
    "FIELD9":"",
    "FIELD10":null,
    "FIELD11":null
    }
  },
  {
    "type": "Feature",
    "geometry": {
       "type": "Point",
       "coordinates":  [ 121.4331742,25.1865275 ]
    },
    "properties": {
    "id":"NTT364",
    "city":"新北市",
    "type":"行道樹",
    "name":"行道樹",
    "dist":"淡水區",
    "loc":"新北市淡水區新市一路一段",
    "FIELD9":"",
    "FIELD10":null,
    "FIELD11":null
    }
  },
  {
    "type": "Feature",
    "geometry": {
       "type": "Point",
       "coordinates":  [ 121.44845,25.183637 ]
    },
    "properties": {
    "id":"NTT365",
    "city":"新北市",
    "type":"行道樹",
    "name":"行道樹",
    "dist":"淡水區",
    "loc":"新北市淡水區新市一路二~三段",
    "FIELD9":"",
    "FIELD10":null,
    "FIELD11":null
    }
  },
  {
    "type": "Feature",
    "geometry": {
       "type": "Point",
       "coordinates":  [ 121.4238697,25.1969894 ]
    },
    "properties": {
    "id":"NTT366",
    "city":"新北市",
    "type":"行道樹",
    "name":"行道樹",
    "dist":"淡水區",
    "loc":"新北市淡水區新市二路一~四段",
    "FIELD9":"",
    "FIELD10":null,
    "FIELD11":null
    }
  },
  {
    "type": "Feature",
    "geometry": {
       "type": "Point",
       "coordinates":  [ 121.4276572,25.1980728 ]
    },
    "properties": {
    "id":"NTT367",
    "city":"新北市",
    "type":"行道樹",
    "name":"行道樹",
    "dist":"淡水區",
    "loc":"新北市淡水區新市三路一段",
    "FIELD9":"",
    "FIELD10":null,
    "FIELD11":null
    }
  },
  {
    "type": "Feature",
    "geometry": {
       "type": "Point",
       "coordinates":  [ 121.4354742,25.1958107 ]
    },
    "properties": {
    "id":"NTT368",
    "city":"新北市",
    "type":"行道樹",
    "name":"行道樹",
    "dist":"淡水區",
    "loc":"新北市淡水區新市三路二段",
    "FIELD9":"",
    "FIELD10":null,
    "FIELD11":null
    }
  },
  {
    "type": "Feature",
    "geometry": {
       "type": "Point",
       "coordinates":  [ 121.4337345,25.1990675 ]
    },
    "properties": {
    "id":"NTT369",
    "city":"新北市",
    "type":"行道樹",
    "name":"行道樹",
    "dist":"淡水區",
    "loc":"新北市淡水區新市五路一~四段",
    "FIELD9":"",
    "FIELD10":null,
    "FIELD11":null
    }
  },
  {
    "type": "Feature",
    "geometry": {
       "type": "Point",
       "coordinates":  [ 121.4329955,25.2020504 ]
    },
    "properties": {
    "id":"NTT370",
    "city":"新北市",
    "type":"行道樹",
    "name":"行道樹",
    "dist":"淡水區",
    "loc":"新北市淡水區新市六路一~二段",
    "FIELD9":"",
    "FIELD10":null,
    "FIELD11":null
    }
  },
  {
    "type": "Feature",
    "geometry": {
       "type": "Point",
       "coordinates":  [ 121.4378898,25.1894602 ]
    },
    "properties": {
    "id":"NTT371",
    "city":"新北市",
    "type":"行道樹",
    "name":"行道樹",
    "dist":"淡水區",
    "loc":"新北市淡水區義山路一~二段",
    "FIELD9":"",
    "FIELD10":null,
    "FIELD11":null
    }
  },
  {
    "type": "Feature",
    "geometry": {
       "type": "Point",
       "coordinates":  [ 121.4424005,25.1891602 ]
    },
    "properties": {
    "id":"NTT372",
    "city":"新北市",
    "type":"行道樹",
    "name":"行道樹",
    "dist":"淡水區",
    "loc":"新北市淡水區濱海路一~三段",
    "FIELD9":"",
    "FIELD10":null,
    "FIELD11":null
    }
  },
  {
    "type": "Feature",
    "geometry": {
       "type": "Point",
       "coordinates":  [ 121.4129361,25.1842972 ]
    },
    "properties": {
    "id":"NTT373",
    "city":"新北市",
    "type":"行道樹",
    "name":"行道樹",
    "dist":"淡水區",
    "loc":"新北市淡水區觀海路",
    "FIELD9":"",
    "FIELD10":null,
    "FIELD11":null
    }
  },
  {
    "type": "Feature",
    "geometry": {
       "type": "Point",
       "coordinates":  [ 121.4418132,25.1709379 ]
    },
    "properties": {
    "id":"NTT374",
    "city":"新北市",
    "type":"行道樹",
    "name":"行道樹",
    "dist":"淡水區",
    "loc":"新北市淡水區中山路",
    "FIELD9":"",
    "FIELD10":null,
    "FIELD11":null
    }
  },
  {
    "type": "Feature",
    "geometry": {
       "type": "Point",
       "coordinates":  { }
    },
    "properties": {
    "id":"NTT375",
    "city":"新北市",
    "type":"行道樹",
    "name":"行道樹",
    "dist":"淡水區",
    "loc":"新北市淡水區中正東路-中正東路1",
    "FIELD9":"25.1687226",
    "FIELD10":null,
    "FIELD11":null
    }
  },
  {
    "type": "Feature",
    "geometry": {
       "type": "Point",
       "coordinates":  [ 121.4212758,25.1872548 ]
    },
    "properties": {
    "id":"NTT376",
    "city":"新北市",
    "type":"行道樹",
    "name":"行道樹",
    "dist":"淡水區",
    "loc":"新北市淡水區中正路二段",
    "FIELD9":"",
    "FIELD10":null,
    "FIELD11":null
    }
  },
  {
    "type": "Feature",
    "geometry": {
       "type": "Point",
       "coordinates":  [ 121.4245741,25.1838931 ]
    },
    "properties": {
    "id":"NTT377",
    "city":"新北市",
    "type":"行道樹",
    "name":"行道樹",
    "dist":"淡水區",
    "loc":"新北市淡水區沙崙路一~二段",
    "FIELD9":"",
    "FIELD10":null,
    "FIELD11":null
    }
  },
  {
    "type": "Feature",
    "geometry": {
       "type": "Point",
       "coordinates":  [ 121.459274,25.1662505 ]
    },
    "properties": {
    "id":"NTT378",
    "city":"新北市",
    "type":"行道樹",
    "name":"行道樹",
    "dist":"淡水區",
    "loc":"新北市淡水區淡金路一 ~ 四段",
    "FIELD9":"",
    "FIELD10":null,
    "FIELD11":null
    }
  },
  {
    "type": "Feature",
    "geometry": {
       "type": "Point",
       "coordinates":  [ 121.4238697,25.1969894 ]
    },
    "properties": {
    "id":"NTT379",
    "city":"新北市",
    "type":"行道樹",
    "name":"行道樹",
    "dist":"淡水區",
    "loc":"新北市淡水區新市二路一~四段",
    "FIELD9":"",
    "FIELD10":null,
    "FIELD11":null
    }
  },
  {
    "type": "Feature",
    "geometry": {
       "type": "Point",
       "coordinates":  [ 121.4337345,25.1990675 ]
    },
    "properties": {
    "id":"NTT380",
    "city":"新北市",
    "type":"行道樹",
    "name":"行道樹",
    "dist":"淡水區",
    "loc":"新北市淡水區新市五路一~四段",
    "FIELD9":"",
    "FIELD10":null,
    "FIELD11":null
    }
  },
  {
    "type": "Feature",
    "geometry": {
       "type": "Point",
       "coordinates":  [ 121.4424005,25.1891602 ]
    },
    "properties": {
    "id":"NTT381",
    "city":"新北市",
    "type":"行道樹",
    "name":"行道樹",
    "dist":"淡水區",
    "loc":"新北市淡水區濱海路一~三段",
    "FIELD9":"",
    "FIELD10":null,
    "FIELD11":null
    }
  },
  {
    "type": "Feature",
    "geometry": {
       "type": "Point",
       "coordinates":  [ 121.6182979,25.0018656 ]
    },
    "properties": {
    "id":"NTT382",
    "city":"新北市",
    "type":"行道樹",
    "name":"行道樹",
    "dist":"深坑區",
    "loc":"新北市深坑區文化街",
    "FIELD9":"",
    "FIELD10":null,
    "FIELD11":null
    }
  },
  {
    "type": "Feature",
    "geometry": {
       "type": "Point",
       "coordinates":  [ 121.6006516,25.0038252 ]
    },
    "properties": {
    "id":"NTT383",
    "city":"新北市",
    "type":"行道樹",
    "name":"行道樹",
    "dist":"深坑區",
    "loc":"新北市深坑區北深路3",
    "FIELD9":"",
    "FIELD10":null,
    "FIELD11":null
    }
  },
  {
    "type": "Feature",
    "geometry": {
       "type": "Point",
       "coordinates":  [ 121.6155903,25.0003873 ]
    },
    "properties": {
    "id":"NTT384",
    "city":"新北市",
    "type":"行道樹",
    "name":"行道樹",
    "dist":"深坑區",
    "loc":"新北市深坑區平埔橋",
    "FIELD9":"",
    "FIELD10":null,
    "FIELD11":null
    }
  },
  {
    "type": "Feature",
    "geometry": {
       "type": "Point",
       "coordinates":  [ 121.6169002,25.0033792 ]
    },
    "properties": {
    "id":"NTT385",
    "city":"新北市",
    "type":"行道樹",
    "name":"行道樹",
    "dist":"深坑區",
    "loc":"新北市深坑區文山路",
    "FIELD9":"",
    "FIELD10":null,
    "FIELD11":null
    }
  },
  {
    "type": "Feature",
    "geometry": {
       "type": "Point",
       "coordinates":  [ 121.6295934,25.0068705 ]
    },
    "properties": {
    "id":"NTT386",
    "city":"新北市",
    "type":"行道樹",
    "name":"行道樹",
    "dist":"深坑區",
    "loc":"新北市深坑區文山路1段229巷(自然橋)",
    "FIELD9":"",
    "FIELD10":null,
    "FIELD11":null
    }
  },
  {
    "type": "Feature",
    "geometry": {
       "type": "Point",
       "coordinates":  [ 121.5356549,24.9718446 ]
    },
    "properties": {
    "id":"NTT387",
    "city":"新北市",
    "type":"行道樹",
    "name":"行道樹",
    "dist":"新店區",
    "loc":"新北市新店區三民路",
    "FIELD9":"",
    "FIELD10":null,
    "FIELD11":null
    }
  },
  {
    "type": "Feature",
    "geometry": {
       "type": "Point",
       "coordinates":  [ 121.5338754,24.9804223 ]
    },
    "properties": {
    "id":"NTT388",
    "city":"新北市",
    "type":"行道樹",
    "name":"行道樹",
    "dist":"新店區",
    "loc":"新北市新店區中正路",
    "FIELD9":"",
    "FIELD10":null,
    "FIELD11":null
    }
  },
  {
    "type": "Feature",
    "geometry": {
       "type": "Point",
       "coordinates":  [ 121.5395312,24.9685863 ]
    },
    "properties": {
    "id":"NTT389",
    "city":"新北市",
    "type":"行道樹",
    "name":"行道樹",
    "dist":"新店區",
    "loc":"新北市新店區中華路",
    "FIELD9":"",
    "FIELD10":null,
    "FIELD11":null
    }
  },
  {
    "type": "Feature",
    "geometry": {
       "type": "Point",
       "coordinates":  [ 121.542047,24.9633504 ]
    },
    "properties": {
    "id":"NTT390",
    "city":"新北市",
    "type":"行道樹",
    "name":"行道樹",
    "dist":"新店區",
    "loc":"新北市新店區中興路",
    "FIELD9":"",
    "FIELD10":null,
    "FIELD11":null
    }
  },
  {
    "type": "Feature",
    "geometry": {
       "type": "Point",
       "coordinates":  [ 121.5734682,24.951488 ]
    },
    "properties": {
    "id":"NTT391",
    "city":"新北市",
    "type":"行道樹",
    "name":"行道樹",
    "dist":"新店區",
    "loc":"新北市新店區北宜路",
    "FIELD9":"",
    "FIELD10":null,
    "FIELD11":null
    }
  },
  {
    "type": "Feature",
    "geometry": {
       "type": "Point",
       "coordinates":  [ 121.5394822,24.978282 ]
    },
    "properties": {
    "id":"NTT392",
    "city":"新北市",
    "type":"行道樹",
    "name":"行道樹",
    "dist":"新店區",
    "loc":"新北市新店區安一路",
    "FIELD9":"",
    "FIELD10":null,
    "FIELD11":null
    }
  },
  {
    "type": "Feature",
    "geometry": {
       "type": "Point",
       "coordinates":  [ 121.5054398,24.9581244 ]
    },
    "properties": {
    "id":"NTT393",
    "city":"新北市",
    "type":"行道樹",
    "name":"行道樹",
    "dist":"新店區",
    "loc":"新北市新店區安康路",
    "FIELD9":"",
    "FIELD10":null,
    "FIELD11":null
    }
  },
  {
    "type": "Feature",
    "geometry": {
       "type": "Point",
       "coordinates":  [ 121.4862086,24.9583587 ]
    },
    "properties": {
    "id":"NTT394",
    "city":"新北市",
    "type":"行道樹",
    "name":"行道樹",
    "dist":"新店區",
    "loc":"新北市新店區安祥路",
    "FIELD9":"",
    "FIELD10":null,
    "FIELD11":null
    }
  },
  {
    "type": "Feature",
    "geometry": {
       "type": "Point",
       "coordinates":  [ 121.5383124,24.9795296 ]
    },
    "properties": {
    "id":"NTT395",
    "city":"新北市",
    "type":"行道樹",
    "name":"行道樹",
    "dist":"新店區",
    "loc":"新北市新店區建國路",
    "FIELD9":"",
    "FIELD10":null,
    "FIELD11":null
    }
  },
  {
    "type": "Feature",
    "geometry": {
       "type": "Point",
       "coordinates":  [ 121.5472836,24.980446 ]
    },
    "properties": {
    "id":"NTT396",
    "city":"新北市",
    "type":"行道樹",
    "name":"行道樹",
    "dist":"新店區",
    "loc":"新北市新店區寶中路",
    "FIELD9":"",
    "FIELD10":null,
    "FIELD11":null
    }
  },
  {
    "type": "Feature",
    "geometry": {
       "type": "Point",
       "coordinates":  [ 121.5476401,24.9764361 ]
    },
    "properties": {
    "id":"NTT397",
    "city":"新北市",
    "type":"行道樹",
    "name":"行道樹",
    "dist":"新店區",
    "loc":"新北市新店區寶橋路",
    "FIELD9":"",
    "FIELD10":null,
    "FIELD11":null
    }
  },
  {
    "type": "Feature",
    "geometry": {
       "type": "Point",
       "coordinates":  [ 121.542047,24.9633504 ]
    },
    "properties": {
    "id":"NTT398",
    "city":"新北市",
    "type":"行道樹",
    "name":"行道樹",
    "dist":"新店區",
    "loc":"新北市新店區中興路",
    "FIELD9":"",
    "FIELD10":null,
    "FIELD11":null
    }
  },
  {
    "type": "Feature",
    "geometry": {
       "type": "Point",
       "coordinates":  [ 121.4360126,25.0364055 ]
    },
    "properties": {
    "id":"NTT399",
    "city":"新北市",
    "type":"行道樹",
    "name":"行道樹",
    "dist":"新莊區",
    "loc":"新北市新莊區三泰路",
    "FIELD9":"",
    "FIELD10":null,
    "FIELD11":null
    }
  },
  {
    "type": "Feature",
    "geometry": {
       "type": "Point",
       "coordinates":  [ 121.4520622,25.0588545 ]
    },
    "properties": {
    "id":"NTT400",
    "city":"新北市",
    "type":"行道樹",
    "name":"行道樹",
    "dist":"新莊區",
    "loc":"新北市新莊區中央路",
    "FIELD9":"",
    "FIELD10":null,
    "FIELD11":null
    }
  },
  {
    "type": "Feature",
    "geometry": {
       "type": "Point",
       "coordinates":  [ 121.444799,25.0502391 ]
    },
    "properties": {
    "id":"NTT401",
    "city":"新北市",
    "type":"行道樹",
    "name":"行道樹",
    "dist":"新莊區",
    "loc":"新北市新莊區中平路",
    "FIELD9":"",
    "FIELD10":null,
    "FIELD11":null
    }
  },
  {
    "type": "Feature",
    "geometry": {
       "type": "Point",
       "coordinates":  [ 121.4353165,25.0326676 ]
    },
    "properties": {
    "id":"NTT402",
    "city":"新北市",
    "type":"行道樹",
    "name":"行道樹",
    "dist":"新莊區",
    "loc":"新北市新莊區中正路",
    "FIELD9":"",
    "FIELD10":null,
    "FIELD11":null
    }
  },
  {
    "type": "Feature",
    "geometry": {
       "type": "Point",
       "coordinates":  [ 121.4475663,25.0469756 ]
    },
    "properties": {
    "id":"NTT403",
    "city":"新北市",
    "type":"行道樹",
    "name":"行道樹",
    "dist":"新莊區",
    "loc":"新北市新莊區中和街",
    "FIELD9":"",
    "FIELD10":null,
    "FIELD11":null
    }
  },
  {
    "type": "Feature",
    "geometry": {
       "type": "Point",
       "coordinates":  [ 121.4477757,25.0549406 ]
    },
    "properties": {
    "id":"NTT404",
    "city":"新北市",
    "type":"行道樹",
    "name":"行道樹",
    "dist":"新莊區",
    "loc":"新北市新莊區中信街",
    "FIELD9":"",
    "FIELD10":null,
    "FIELD11":null
    }
  },
  {
    "type": "Feature",
    "geometry": {
       "type": "Point",
       "coordinates":  [ 121.4631118,25.0544721 ]
    },
    "properties": {
    "id":"NTT405",
    "city":"新北市",
    "type":"行道樹",
    "name":"行道樹",
    "dist":"新莊區",
    "loc":"新北市新莊區中原東路",
    "FIELD9":"",
    "FIELD10":null,
    "FIELD11":null
    }
  },
  {
    "type": "Feature",
    "geometry": {
       "type": "Point",
       "coordinates":  [ 121.4501171,25.0543414 ]
    },
    "properties": {
    "id":"NTT406",
    "city":"新北市",
    "type":"行道樹",
    "name":"行道樹",
    "dist":"新莊區",
    "loc":"新北市新莊區中原路",
    "FIELD9":"",
    "FIELD10":null,
    "FIELD11":null
    }
  },
  {
    "type": "Feature",
    "geometry": {
       "type": "Point",
       "coordinates":  [ 121.4497943,25.0557164 ]
    },
    "properties": {
    "id":"NTT407",
    "city":"新北市",
    "type":"行道樹",
    "name":"行道樹",
    "dist":"新莊區",
    "loc":"新北市新莊區中富街",
    "FIELD9":"",
    "FIELD10":null,
    "FIELD11":null
    }
  },
  {
    "type": "Feature",
    "geometry": {
       "type": "Point",
       "coordinates":  [ 121.4492724,25.0452827 ]
    },
    "properties": {
    "id":"NTT408",
    "city":"新北市",
    "type":"行道樹",
    "name":"行道樹",
    "dist":"新莊區",
    "loc":"新北市新莊區中港一街",
    "FIELD9":"",
    "FIELD10":null,
    "FIELD11":null
    }
  },
  {
    "type": "Feature",
    "geometry": {
       "type": "Point",
       "coordinates":  [ 121.4531167,25.0490361 ]
    },
    "properties": {
    "id":"NTT409",
    "city":"新北市",
    "type":"行道樹",
    "name":"行道樹",
    "dist":"新莊區",
    "loc":"新北市新莊區中華路",
    "FIELD9":"",
    "FIELD10":null,
    "FIELD11":null
    }
  },
  {
    "type": "Feature",
    "geometry": {
       "type": "Point",
       "coordinates":  [ 121.4488927,25.0580794 ]
    },
    "properties": {
    "id":"NTT410",
    "city":"新北市",
    "type":"行道樹",
    "name":"行道樹",
    "dist":"新莊區",
    "loc":"新北市新莊區中貴路",
    "FIELD9":"",
    "FIELD10":null,
    "FIELD11":null
    }
  },
  {
    "type": "Feature",
    "geometry": {
       "type": "Point",
       "coordinates":  [ 121.4504121,25.0580805 ]
    },
    "properties": {
    "id":"NTT411",
    "city":"新北市",
    "type":"行道樹",
    "name":"行道樹",
    "dist":"新莊區",
    "loc":"新北市新莊區中德路",
    "FIELD9":"",
    "FIELD10":null,
    "FIELD11":null
    }
  },
  {
    "type": "Feature",
    "geometry": {
       "type": "Point",
       "coordinates":  [ 121.4421161,25.0413814 ]
    },
    "properties": {
    "id":"NTT412",
    "city":"新北市",
    "type":"行道樹",
    "name":"行道樹",
    "dist":"新莊區",
    "loc":"新北市新莊區中環路",
    "FIELD9":"",
    "FIELD10":null,
    "FIELD11":null
    }
  },
  {
    "type": "Feature",
    "geometry": {
       "type": "Point",
       "coordinates":  [ 121.460309,25.0659078 ]
    },
    "properties": {
    "id":"NTT413",
    "city":"新北市",
    "type":"行道樹",
    "name":"行道樹",
    "dist":"新莊區",
    "loc":"新北市新莊區五工二路",
    "FIELD9":"",
    "FIELD10":null,
    "FIELD11":null
    }
  },
  {
    "type": "Feature",
    "geometry": {
       "type": "Point",
       "coordinates":  [ 121.4581256,25.0632602 ]
    },
    "properties": {
    "id":"NTT414",
    "city":"新北市",
    "type":"行道樹",
    "name":"行道樹",
    "dist":"新莊區",
    "loc":"新北市新莊區五工路",
    "FIELD9":"",
    "FIELD10":null,
    "FIELD11":null
    }
  },
  {
    "type": "Feature",
    "geometry": {
       "type": "Point",
       "coordinates":  [ 121.4579484,25.0659594 ]
    },
    "properties": {
    "id":"NTT415",
    "city":"新北市",
    "type":"行道樹",
    "name":"行道樹",
    "dist":"新莊區",
    "loc":"新北市新莊區五權一路",
    "FIELD9":"",
    "FIELD10":null,
    "FIELD11":null
    }
  },
  {
    "type": "Feature",
    "geometry": {
       "type": "Point",
       "coordinates":  [ 121.4448663,25.0379933 ]
    },
    "properties": {
    "id":"NTT416",
    "city":"新北市",
    "type":"行道樹",
    "name":"行道樹",
    "dist":"新莊區",
    "loc":"新北市新莊區公園一路",
    "FIELD9":"",
    "FIELD10":null,
    "FIELD11":null
    }
  },
  {
    "type": "Feature",
    "geometry": {
       "type": "Point",
       "coordinates":  [ 121.4661164,25.0546819 ]
    },
    "properties": {
    "id":"NTT417",
    "city":"新北市",
    "type":"行道樹",
    "name":"行道樹",
    "dist":"新莊區",
    "loc":"新北市新莊區化成路",
    "FIELD9":"",
    "FIELD10":null,
    "FIELD11":null
    }
  },
  {
    "type": "Feature",
    "geometry": {
       "type": "Point",
       "coordinates":  [ 121.4308865,25.0206909 ]
    },
    "properties": {
    "id":"NTT418",
    "city":"新北市",
    "type":"行道樹",
    "name":"行道樹",
    "dist":"新莊區",
    "loc":"新北市新莊區民安東路",
    "FIELD9":"",
    "FIELD10":null,
    "FIELD11":null
    }
  },
  {
    "type": "Feature",
    "geometry": {
       "type": "Point",
       "coordinates":  [ 121.4301911,25.0227587 ]
    },
    "properties": {
    "id":"NTT419",
    "city":"新北市",
    "type":"行道樹",
    "name":"行道樹",
    "dist":"新莊區",
    "loc":"新北市新莊區民安路",
    "FIELD9":"",
    "FIELD10":null,
    "FIELD11":null
    }
  },
  {
    "type": "Feature",
    "geometry": {
       "type": "Point",
       "coordinates":  [ 121.4565909,25.0454724 ]
    },
    "properties": {
    "id":"NTT420",
    "city":"新北市",
    "type":"行道樹",
    "name":"行道樹",
    "dist":"新莊區",
    "loc":"新北市新莊區自立街",
    "FIELD9":"",
    "FIELD10":null,
    "FIELD11":null
    }
  },
  {
    "type": "Feature",
    "geometry": {
       "type": "Point",
       "coordinates":  [ 121.463917,25.0494884 ]
    },
    "properties": {
    "id":"NTT421",
    "city":"新北市",
    "type":"行道樹",
    "name":"行道樹",
    "dist":"新莊區",
    "loc":"新北市新莊區幸福東路",
    "FIELD9":"",
    "FIELD10":null,
    "FIELD11":null
    }
  },
  {
    "type": "Feature",
    "geometry": {
       "type": "Point",
       "coordinates":  [ 121.4512043,25.049193 ]
    },
    "properties": {
    "id":"NTT422",
    "city":"新北市",
    "type":"行道樹",
    "name":"行道樹",
    "dist":"新莊區",
    "loc":"新北市新莊區幸福路",
    "FIELD9":"",
    "FIELD10":null,
    "FIELD11":null
    }
  },
  {
    "type": "Feature",
    "geometry": {
       "type": "Point",
       "coordinates":  [ 121.4534559,25.0580587 ]
    },
    "properties": {
    "id":"NTT423",
    "city":"新北市",
    "type":"行道樹",
    "name":"行道樹",
    "dist":"新莊區",
    "loc":"新北市新莊區昌仁路",
    "FIELD9":"",
    "FIELD10":null,
    "FIELD11":null
    }
  },
  {
    "type": "Feature",
    "geometry": {
       "type": "Point",
       "coordinates":  [ 121.4545118,25.0556899 ]
    },
    "properties": {
    "id":"NTT424",
    "city":"新北市",
    "type":"行道樹",
    "name":"行道樹",
    "dist":"新莊區",
    "loc":"新北市新莊區昌平街",
    "FIELD9":"",
    "FIELD10":null,
    "FIELD11":null
    }
  },
  {
    "type": "Feature",
    "geometry": {
       "type": "Point",
       "coordinates":  [ 121.4531657,25.0563374 ]
    },
    "properties": {
    "id":"NTT425",
    "city":"新北市",
    "type":"行道樹",
    "name":"行道樹",
    "dist":"新莊區",
    "loc":"新北市新莊區昌和街",
    "FIELD9":"",
    "FIELD10":null,
    "FIELD11":null
    }
  },
  {
    "type": "Feature",
    "geometry": {
       "type": "Point",
       "coordinates":  [ 121.4554768,25.0551595 ]
    },
    "properties": {
    "id":"NTT426",
    "city":"新北市",
    "type":"行道樹",
    "name":"行道樹",
    "dist":"新莊區",
    "loc":"新北市新莊區昌智街",
    "FIELD9":"",
    "FIELD10":null,
    "FIELD11":null
    }
  },
  {
    "type": "Feature",
    "geometry": {
       "type": "Point",
       "coordinates":  [ 121.4555062,25.050868 ]
    },
    "properties": {
    "id":"NTT427",
    "city":"新北市",
    "type":"行道樹",
    "name":"行道樹",
    "dist":"新莊區",
    "loc":"新北市新莊區昌隆街",
    "FIELD9":"",
    "FIELD10":null,
    "FIELD11":null
    }
  },
  {
    "type": "Feature",
    "geometry": {
       "type": "Point",
       "coordinates":  [ 121.4562816,25.058519 ]
    },
    "properties": {
    "id":"NTT428",
    "city":"新北市",
    "type":"行道樹",
    "name":"行道樹",
    "dist":"新莊區",
    "loc":"新北市新莊區昌義路",
    "FIELD9":"",
    "FIELD10":null,
    "FIELD11":null
    }
  },
  {
    "type": "Feature",
    "geometry": {
       "type": "Point",
       "coordinates":  [ 121.454515,25.055034 ]
    },
    "properties": {
    "id":"NTT429",
    "city":"新北市",
    "type":"行道樹",
    "name":"行道樹",
    "dist":"新莊區",
    "loc":"新北市新莊區昌德街",
    "FIELD9":"",
    "FIELD10":null,
    "FIELD11":null
    }
  },
  {
    "type": "Feature",
    "geometry": {
       "type": "Point",
       "coordinates":  [ 121.4582314,25.0422792 ]
    },
    "properties": {
    "id":"NTT430",
    "city":"新北市",
    "type":"行道樹",
    "name":"行道樹",
    "dist":"新莊區",
    "loc":"新北市新莊區長青街",
    "FIELD9":"",
    "FIELD10":null,
    "FIELD11":null
    }
  },
  {
    "type": "Feature",
    "geometry": {
       "type": "Point",
       "coordinates":  [ 121.4600655,25.0491969 ]
    },
    "properties": {
    "id":"NTT431",
    "city":"新北市",
    "type":"行道樹",
    "name":"行道樹",
    "dist":"新莊區",
    "loc":"新北市新莊區思源路",
    "FIELD9":"",
    "FIELD10":null,
    "FIELD11":null
    }
  },
  {
    "type": "Feature",
    "geometry": {
       "type": "Point",
       "coordinates":  [ 121.4603624,25.0483313 ]
    },
    "properties": {
    "id":"NTT432",
    "city":"新北市",
    "type":"行道樹",
    "name":"行道樹",
    "dist":"新莊區",
    "loc":"新北市新莊區思源路192巷",
    "FIELD9":"",
    "FIELD10":null,
    "FIELD11":null
    }
  },
  {
    "type": "Feature",
    "geometry": {
       "type": "Point",
       "coordinates":  [ 121.4600664,25.0509135 ]
    },
    "properties": {
    "id":"NTT433",
    "city":"新北市",
    "type":"行道樹",
    "name":"行道樹",
    "dist":"新莊區",
    "loc":"新北市新莊區思源路332巷",
    "FIELD9":"",
    "FIELD10":null,
    "FIELD11":null
    }
  },
  {
    "type": "Feature",
    "geometry": {
       "type": "Point",
       "coordinates":  [ 121.4533228,25.057346 ]
    },
    "properties": {
    "id":"NTT434",
    "city":"新北市",
    "type":"行道樹",
    "name":"行道樹",
    "dist":"新莊區",
    "loc":"新北市新莊區富貴路",
    "FIELD9":"",
    "FIELD10":null,
    "FIELD11":null
    }
  },
  {
    "type": "Feature",
    "geometry": {
       "type": "Point",
       "coordinates":  [ 121.4491145,25.0429835 ]
    },
    "properties": {
    "id":"NTT435",
    "city":"新北市",
    "type":"行道樹",
    "name":"行道樹",
    "dist":"新莊區",
    "loc":"新北市新莊區復興路一段",
    "FIELD9":"",
    "FIELD10":null,
    "FIELD11":null
    }
  },
  {
    "type": "Feature",
    "geometry": {
       "type": "Point",
       "coordinates":  [ 121.4565507,25.044326 ]
    },
    "properties": {
    "id":"NTT436",
    "city":"新北市",
    "type":"行道樹",
    "name":"行道樹",
    "dist":"新莊區",
    "loc":"新北市新莊區復興路二段",
    "FIELD9":"",
    "FIELD10":null,
    "FIELD11":null
    }
  },
  {
    "type": "Feature",
    "geometry": {
       "type": "Point",
       "coordinates":  [ 121.4124768,25.0270077 ]
    },
    "properties": {
    "id":"NTT437",
    "city":"新北市",
    "type":"行道樹",
    "name":"行道樹",
    "dist":"新莊區",
    "loc":"新北市新莊區新北大道七段",
    "FIELD9":"",
    "FIELD10":null,
    "FIELD11":null
    }
  },
  {
    "type": "Feature",
    "geometry": {
       "type": "Point",
       "coordinates":  [ 121.4581593,25.060443 ]
    },
    "properties": {
    "id":"NTT438",
    "city":"新北市",
    "type":"行道樹",
    "name":"行道樹",
    "dist":"新莊區",
    "loc":"新北市新莊區新北大道二段",
    "FIELD9":"",
    "FIELD10":null,
    "FIELD11":null
    }
  },
  {
    "type": "Feature",
    "geometry": {
       "type": "Point",
       "coordinates":  [ 121.455601,25.0603609 ]
    },
    "properties": {
    "id":"NTT439",
    "city":"新北市",
    "type":"行道樹",
    "name":"行道樹",
    "dist":"新莊區",
    "loc":"新北市新莊區新北大道三段",
    "FIELD9":"",
    "FIELD10":null,
    "FIELD11":null
    }
  },
  {
    "type": "Feature",
    "geometry": {
       "type": "Point",
       "coordinates":  [ 121.4444073,25.0579367 ]
    },
    "properties": {
    "id":"NTT440",
    "city":"新北市",
    "type":"行道樹",
    "name":"行道樹",
    "dist":"新莊區",
    "loc":"新北市新莊區新北大道四段",
    "FIELD9":"",
    "FIELD10":null,
    "FIELD11":null
    }
  },
  {
    "type": "Feature",
    "geometry": {
       "type": "Point",
       "coordinates":  [ 121.4461305,25.0398838 ]
    },
    "properties": {
    "id":"NTT441",
    "city":"新北市",
    "type":"行道樹",
    "name":"行道樹",
    "dist":"新莊區",
    "loc":"新北市新莊區新泰路",
    "FIELD9":"",
    "FIELD10":null,
    "FIELD11":null
    }
  },
  {
    "type": "Feature",
    "geometry": {
       "type": "Point",
       "coordinates":  [ 121.4184379,25.0235907 ]
    },
    "properties": {
    "id":"NTT442",
    "city":"新北市",
    "type":"行道樹",
    "name":"行道樹",
    "dist":"新莊區",
    "loc":"新北市新莊區裕民街",
    "FIELD9":"",
    "FIELD10":null,
    "FIELD11":null
    }
  },
  {
    "type": "Feature",
    "geometry": {
       "type": "Point",
       "coordinates":  [ 121.4545118,25.0556899 ]
    },
    "properties": {
    "id":"NTT443",
    "city":"新北市",
    "type":"行道樹",
    "name":"行道樹",
    "dist":"新莊區",
    "loc":"新北市新莊區榮華路一段",
    "FIELD9":"",
    "FIELD10":null,
    "FIELD11":null
    }
  },
  {
    "type": "Feature",
    "geometry": {
       "type": "Point",
       "coordinates":  [ 121.4466666,25.0557033 ]
    },
    "properties": {
    "id":"NTT444",
    "city":"新北市",
    "type":"行道樹",
    "name":"行道樹",
    "dist":"新莊區",
    "loc":"新北市新莊區榮華路二段",
    "FIELD9":"",
    "FIELD10":null,
    "FIELD11":null
    }
  },
  {
    "type": "Feature",
    "geometry": {
       "type": "Point",
       "coordinates":  [ 121.4607004,25.0566062 ]
    },
    "properties": {
    "id":"NTT445",
    "city":"新北市",
    "type":"行道樹",
    "name":"行道樹",
    "dist":"新莊區",
    "loc":"新北市新莊區福美街",
    "FIELD9":"",
    "FIELD10":null,
    "FIELD11":null
    }
  },
  {
    "type": "Feature",
    "geometry": {
       "type": "Point",
       "coordinates":  [ 121.4625064,25.0596912 ]
    },
    "properties": {
    "id":"NTT446",
    "city":"新北市",
    "type":"行道樹",
    "name":"行道樹",
    "dist":"新莊區",
    "loc":"新北市新莊區福美街172巷",
    "FIELD9":"",
    "FIELD10":null,
    "FIELD11":null
    }
  },
  {
    "type": "Feature",
    "geometry": {
       "type": "Point",
       "coordinates":  [ 121.4625005,25.0550261 ]
    },
    "properties": {
    "id":"NTT447",
    "city":"新北市",
    "type":"行道樹",
    "name":"行道樹",
    "dist":"新莊區",
    "loc":"新北市新莊區福美街62巷",
    "FIELD9":"",
    "FIELD10":null,
    "FIELD11":null
    }
  },
  {
    "type": "Feature",
    "geometry": {
       "type": "Point",
       "coordinates":  [ 121.4580147,25.053995 ]
    },
    "properties": {
    "id":"NTT448",
    "city":"新北市",
    "type":"行道樹",
    "name":"行道樹",
    "dist":"新莊區",
    "loc":"新北市新莊區福壽街",
    "FIELD9":"",
    "FIELD10":null,
    "FIELD11":null
    }
  },
  {
    "type": "Feature",
    "geometry": {
       "type": "Point",
       "coordinates":  [ 121.4614098,25.0560659 ]
    },
    "properties": {
    "id":"NTT449",
    "city":"新北市",
    "type":"行道樹",
    "name":"行道樹",
    "dist":"新莊區",
    "loc":"新北市新莊區福德一街",
    "FIELD9":"",
    "FIELD10":null,
    "FIELD11":null
    }
  },
  {
    "type": "Feature",
    "geometry": {
       "type": "Point",
       "coordinates":  [ 121.4606824,25.0571731 ]
    },
    "properties": {
    "id":"NTT450",
    "city":"新北市",
    "type":"行道樹",
    "name":"行道樹",
    "dist":"新莊區",
    "loc":"新北市新莊區福德二街",
    "FIELD9":"",
    "FIELD10":null,
    "FIELD11":null
    }
  },
  {
    "type": "Feature",
    "geometry": {
       "type": "Point",
       "coordinates":  [ 121.461452,25.0587903 ]
    },
    "properties": {
    "id":"NTT451",
    "city":"新北市",
    "type":"行道樹",
    "name":"行道樹",
    "dist":"新莊區",
    "loc":"新北市新莊區福德三街",
    "FIELD9":"",
    "FIELD10":null,
    "FIELD11":null
    }
  },
  {
    "type": "Feature",
    "geometry": {
       "type": "Point",
       "coordinates":  [ 121.428338,25.0296672 ]
    },
    "properties": {
    "id":"NTT452",
    "city":"新北市",
    "type":"行道樹",
    "name":"行道樹",
    "dist":"新莊區",
    "loc":"新北市新莊區福營路",
    "FIELD9":"",
    "FIELD10":null,
    "FIELD11":null
    }
  },
  {
    "type": "Feature",
    "geometry": {
       "type": "Point",
       "coordinates":  [ 121.4637509,25.0523789 ]
    },
    "properties": {
    "id":"NTT453",
    "city":"新北市",
    "type":"行道樹",
    "name":"行道樹",
    "dist":"新莊區",
    "loc":"新北市新莊區頭前路",
    "FIELD9":"",
    "FIELD10":null,
    "FIELD11":null
    }
  },
  {
    "type": "Feature",
    "geometry": {
       "type": "Point",
       "coordinates":  [ 121.4208404,25.019689 ]
    },
    "properties": {
    "id":"NTT454",
    "city":"新北市",
    "type":"行道樹",
    "name":"行道樹",
    "dist":"新莊區",
    "loc":"新北市新莊區龍安路",
    "FIELD9":"",
    "FIELD10":null,
    "FIELD11":null
    }
  },
  {
    "type": "Feature",
    "geometry": {
       "type": "Point",
       "coordinates":  [ 121.4315081,25.0004941 ]
    },
    "properties": {
    "id":"NTT455",
    "city":"新北市",
    "type":"行道樹",
    "name":"行道樹",
    "dist":"新莊區",
    "loc":"新北市新莊區豐盛一街",
    "FIELD9":"",
    "FIELD10":null,
    "FIELD11":null
    }
  },
  {
    "type": "Feature",
    "geometry": {
       "type": "Point",
       "coordinates":  [ 121.4431554,25.0315807 ]
    },
    "properties": {
    "id":"NTT456",
    "city":"新北市",
    "type":"行道樹",
    "name":"行道樹",
    "dist":"新莊區",
    "loc":"新北市新莊區瓊泰路",
    "FIELD9":"",
    "FIELD10":null,
    "FIELD11":null
    }
  },
  {
    "type": "Feature",
    "geometry": {
       "type": "Point",
       "coordinates":  [ 121.4520622,25.0588545 ]
    },
    "properties": {
    "id":"NTT457",
    "city":"新北市",
    "type":"行道樹",
    "name":"行道樹",
    "dist":"新莊區",
    "loc":"新北市新莊區中央路",
    "FIELD9":"",
    "FIELD10":null,
    "FIELD11":null
    }
  },
  {
    "type": "Feature",
    "geometry": {
       "type": "Point",
       "coordinates":  [ 121.4353165,25.0326676 ]
    },
    "properties": {
    "id":"NTT458",
    "city":"新北市",
    "type":"行道樹",
    "name":"行道樹",
    "dist":"新莊區",
    "loc":"新北市新莊區中正路",
    "FIELD9":"",
    "FIELD10":null,
    "FIELD11":null
    }
  },
  {
    "type": "Feature",
    "geometry": {
       "type": "Point",
       "coordinates":  [ 121.4600655,25.0491969 ]
    },
    "properties": {
    "id":"NTT459",
    "city":"新北市",
    "type":"行道樹",
    "name":"行道樹",
    "dist":"新莊區",
    "loc":"新北市新莊區思源路",
    "FIELD9":"",
    "FIELD10":null,
    "FIELD11":null
    }
  },
  {
    "type": "Feature",
    "geometry": {
       "type": "Point",
       "coordinates":  [ 121.4124768,25.0270077 ]
    },
    "properties": {
    "id":"NTT460",
    "city":"新北市",
    "type":"行道樹",
    "name":"行道樹",
    "dist":"新莊區",
    "loc":"新北市新莊區新北大道七段",
    "FIELD9":"",
    "FIELD10":null,
    "FIELD11":null
    }
  },
  {
    "type": "Feature",
    "geometry": {
       "type": "Point",
       "coordinates":  [ 121.4637509,25.0523789 ]
    },
    "properties": {
    "id":"NTT461",
    "city":"新北市",
    "type":"行道樹",
    "name":"行道樹",
    "dist":"新莊區",
    "loc":"新北市新莊區頭前路",
    "FIELD9":"",
    "FIELD10":null,
    "FIELD11":null
    }
  },
  {
    "type": "Feature",
    "geometry": {
       "type": "Point",
       "coordinates":  [ 121.8069209,25.1073089 ]
    },
    "properties": {
    "id":"NTT462",
    "city":"新北市",
    "type":"行道樹",
    "name":"行道樹",
    "dist":"瑞芳區",
    "loc":"新北市瑞芳區中正路",
    "FIELD9":"",
    "FIELD10":null,
    "FIELD11":null
    }
  },
  {
    "type": "Feature",
    "geometry": {
       "type": "Point",
       "coordinates":  [ 121.7767452,25.1079277 ]
    },
    "properties": {
    "id":"NTT463",
    "city":"新北市",
    "type":"行道樹",
    "name":"行道樹",
    "dist":"瑞芳區",
    "loc":"新北市瑞芳區四腳亭埔路",
    "FIELD9":"",
    "FIELD10":null,
    "FIELD11":null
    }
  },
  {
    "type": "Feature",
    "geometry": {
       "type": "Point",
       "coordinates":  [ 121.802319,25.1099782 ]
    },
    "properties": {
    "id":"NTT464",
    "city":"新北市",
    "type":"行道樹",
    "name":"行道樹",
    "dist":"瑞芳區",
    "loc":"新北市瑞芳區明燈路三段",
    "FIELD9":"",
    "FIELD10":null,
    "FIELD11":null
    }
  },
  {
    "type": "Feature",
    "geometry": {
       "type": "Point",
       "coordinates":  [ 121.804494,25.107255 ]
    },
    "properties": {
    "id":"NTT465",
    "city":"新北市",
    "type":"行道樹",
    "name":"行道樹",
    "dist":"瑞芳區",
    "loc":"新北市瑞芳區龍川步道旁人行道",
    "FIELD9":"",
    "FIELD10":null,
    "FIELD11":null
    }
  },
  {
    "type": "Feature",
    "geometry": {
       "type": "Point",
       "coordinates":  [ 121.6796549,25.171926 ]
    },
    "properties": {
    "id":"NTT466",
    "city":"新北市",
    "type":"行道樹",
    "name":"行道樹",
    "dist":"萬里區",
    "loc":"新北市萬里區中福路",
    "FIELD9":"",
    "FIELD10":null,
    "FIELD11":null
    }
  },
  {
    "type": "Feature",
    "geometry": {
       "type": "Point",
       "coordinates":  [ 121.6907826,25.1800016 ]
    },
    "properties": {
    "id":"NTT467",
    "city":"新北市",
    "type":"行道樹",
    "name":"行道樹",
    "dist":"萬里區",
    "loc":"新北市萬里區瑪鋉下街",
    "FIELD9":"",
    "FIELD10":null,
    "FIELD11":null
    }
  },
  {
    "type": "Feature",
    "geometry": {
       "type": "Point",
       "coordinates":  [ 121.68805,25.1822729 ]
    },
    "properties": {
    "id":"NTT468",
    "city":"新北市",
    "type":"行道樹",
    "name":"行道樹",
    "dist":"萬里區",
    "loc":"新北市萬里區瑪鋉路",
    "FIELD9":"",
    "FIELD10":null,
    "FIELD11":null
    }
  },
  {
    "type": "Feature",
    "geometry": {
       "type": "Point",
       "coordinates":  [ 121.4198606,24.9815605 ]
    },
    "properties": {
    "id":"NTT469",
    "city":"新北市",
    "type":"行道樹",
    "name":"行道樹",
    "dist":"樹林區",
    "loc":"新北市樹林區八德路",
    "FIELD9":"",
    "FIELD10":null,
    "FIELD11":null
    }
  },
  {
    "type": "Feature",
    "geometry": {
       "type": "Point",
       "coordinates":  [ 121.4170879,25.0154712 ]
    },
    "properties": {
    "id":"NTT470",
    "city":"新北市",
    "type":"行道樹",
    "name":"行道樹",
    "dist":"樹林區",
    "loc":"新北市樹林區三俊街",
    "FIELD9":"",
    "FIELD10":null,
    "FIELD11":null
    }
  },
  {
    "type": "Feature",
    "geometry": {
       "type": "Point",
       "coordinates":  [ 121.4064886,25.0163135 ]
    },
    "properties": {
    "id":"NTT471",
    "city":"新北市",
    "type":"行道樹",
    "name":"行道樹",
    "dist":"樹林區",
    "loc":"新北市樹林區三福街",
    "FIELD9":"",
    "FIELD10":null,
    "FIELD11":null
    }
  },
  {
    "type": "Feature",
    "geometry": {
       "type": "Point",
       "coordinates":  [ 121.4265094,24.9979906 ]
    },
    "properties": {
    "id":"NTT472",
    "city":"新北市",
    "type":"行道樹",
    "name":"行道樹",
    "dist":"樹林區",
    "loc":"新北市樹林區千歲街",
    "FIELD9":"",
    "FIELD10":null,
    "FIELD11":null
    }
  },
  {
    "type": "Feature",
    "geometry": {
       "type": "Point",
       "coordinates":  [ 121.4199128,24.9948557 ]
    },
    "properties": {
    "id":"NTT473",
    "city":"新北市",
    "type":"行道樹",
    "name":"行道樹",
    "dist":"樹林區",
    "loc":"新北市樹林區大安路",
    "FIELD9":"",
    "FIELD10":null,
    "FIELD11":null
    }
  },
  {
    "type": "Feature",
    "geometry": {
       "type": "Point",
       "coordinates":  [ 121.379749,24.9471756 ]
    },
    "properties": {
    "id":"NTT474",
    "city":"新北市",
    "type":"行道樹",
    "name":"行道樹",
    "dist":"樹林區",
    "loc":"新北市樹林區大雅路",
    "FIELD9":"",
    "FIELD10":null,
    "FIELD11":null
    }
  },
  {
    "type": "Feature",
    "geometry": {
       "type": "Point",
       "coordinates":  [ 121.3775851,24.9465154 ]
    },
    "properties": {
    "id":"NTT475",
    "city":"新北市",
    "type":"行道樹",
    "name":"行道樹",
    "dist":"樹林區",
    "loc":"新北市樹林區大義路",
    "FIELD9":"",
    "FIELD10":null,
    "FIELD11":null
    }
  },
  {
    "type": "Feature",
    "geometry": {
       "type": "Point",
       "coordinates":  [ 121.4239162,24.9926446 ]
    },
    "properties": {
    "id":"NTT476",
    "city":"新北市",
    "type":"行道樹",
    "name":"行道樹",
    "dist":"樹林區",
    "loc":"新北市樹林區中山路",
    "FIELD9":"",
    "FIELD10":null,
    "FIELD11":null
    }
  },
  {
    "type": "Feature",
    "geometry": {
       "type": "Point",
       "coordinates":  [ 121.4190566,24.9811674 ]
    },
    "properties": {
    "id":"NTT477",
    "city":"新北市",
    "type":"行道樹",
    "name":"行道樹",
    "dist":"樹林區",
    "loc":"新北市樹林區中華路",
    "FIELD9":"",
    "FIELD10":null,
    "FIELD11":null
    }
  },
  {
    "type": "Feature",
    "geometry": {
       "type": "Point",
       "coordinates":  [ 121.3938098,24.9717646 ]
    },
    "properties": {
    "id":"NTT478",
    "city":"新北市",
    "type":"行道樹",
    "name":"行道樹",
    "dist":"樹林區",
    "loc":"新北市樹林區地政街",
    "FIELD9":"",
    "FIELD10":null,
    "FIELD11":null
    }
  },
  {
    "type": "Feature",
    "geometry": {
       "type": "Point",
       "coordinates":  [ 121.3911102,24.9610608 ]
    },
    "properties": {
    "id":"NTT479",
    "city":"新北市",
    "type":"行道樹",
    "name":"行道樹",
    "dist":"樹林區",
    "loc":"新北市樹林區佳園路",
    "FIELD9":"",
    "FIELD10":null,
    "FIELD11":null
    }
  },
  {
    "type": "Feature",
    "geometry": {
       "type": "Point",
       "coordinates":  [ 121.425109,25.009397 ]
    },
    "properties": {
    "id":"NTT480",
    "city":"新北市",
    "type":"行道樹",
    "name":"行道樹",
    "dist":"樹林區",
    "loc":"新北市樹林區俊保街",
    "FIELD9":"",
    "FIELD10":null,
    "FIELD11":null
    }
  },
  {
    "type": "Feature",
    "geometry": {
       "type": "Point",
       "coordinates":  [ 121.4269778,25.0062427 ]
    },
    "properties": {
    "id":"NTT481",
    "city":"新北市",
    "type":"行道樹",
    "name":"行道樹",
    "dist":"樹林區",
    "loc":"新北市樹林區俊英街",
    "FIELD9":"",
    "FIELD10":null,
    "FIELD11":null
    }
  },
  {
    "type": "Feature",
    "geometry": {
       "type": "Point",
       "coordinates":  [ 121.41128,25.0078599 ]
    },
    "properties": {
    "id":"NTT482",
    "city":"新北市",
    "type":"行道樹",
    "name":"行道樹",
    "dist":"樹林區",
    "loc":"新北市樹林區保安街",
    "FIELD9":"",
    "FIELD10":null,
    "FIELD11":null
    }
  },
  {
    "type": "Feature",
    "geometry": {
       "type": "Point",
       "coordinates":  [ 121.4288199,24.9946111 ]
    },
    "properties": {
    "id":"NTT483",
    "city":"新北市",
    "type":"行道樹",
    "name":"行道樹",
    "dist":"樹林區",
    "loc":"新北市樹林區保順街",
    "FIELD9":"",
    "FIELD10":null,
    "FIELD11":null
    }
  },
  {
    "type": "Feature",
    "geometry": {
       "type": "Point",
       "coordinates":  [ 121.4237487,24.9918386 ]
    },
    "properties": {
    "id":"NTT484",
    "city":"新北市",
    "type":"行道樹",
    "name":"行道樹",
    "dist":"樹林區",
    "loc":"新北市樹林區後站街",
    "FIELD9":"",
    "FIELD10":null,
    "FIELD11":null
    }
  },
  {
    "type": "Feature",
    "geometry": {
       "type": "Point",
       "coordinates":  [ 121.4002466,24.9582747 ]
    },
    "properties": {
    "id":"NTT485",
    "city":"新北市",
    "type":"行道樹",
    "name":"行道樹",
    "dist":"樹林區",
    "loc":"新北市樹林區柑園街",
    "FIELD9":"",
    "FIELD10":null,
    "FIELD11":null
    }
  },
  {
    "type": "Feature",
    "geometry": {
       "type": "Point",
       "coordinates":  [ 121.4246191,24.9892164 ]
    },
    "properties": {
    "id":"NTT486",
    "city":"新北市",
    "type":"行道樹",
    "name":"行道樹",
    "dist":"樹林區",
    "loc":"新北市樹林區博愛街",
    "FIELD9":"",
    "FIELD10":null,
    "FIELD11":null
    }
  },
  {
    "type": "Feature",
    "geometry": {
       "type": "Point",
       "coordinates":  [ 121.4185901,24.9889416 ]
    },
    "properties": {
    "id":"NTT487",
    "city":"新北市",
    "type":"行道樹",
    "name":"行道樹",
    "dist":"樹林區",
    "loc":"新北市樹林區復興路",
    "FIELD9":"",
    "FIELD10":null,
    "FIELD11":null
    }
  },
  {
    "type": "Feature",
    "geometry": {
       "type": "Point",
       "coordinates":  [ 121.3818801,24.9460844 ]
    },
    "properties": {
    "id":"NTT488",
    "city":"新北市",
    "type":"行道樹",
    "name":"行道樹",
    "dist":"樹林區",
    "loc":"新北市樹林區學成路",
    "FIELD9":"",
    "FIELD10":null,
    "FIELD11":null
    }
  },
  {
    "type": "Feature",
    "geometry": {
       "type": "Point",
       "coordinates":  [ 121.3790847,24.9505071 ]
    },
    "properties": {
    "id":"NTT489",
    "city":"新北市",
    "type":"行道樹",
    "name":"行道樹",
    "dist":"樹林區",
    "loc":"新北市樹林區學府路",
    "FIELD9":"",
    "FIELD10":null,
    "FIELD11":null
    }
  },
  {
    "type": "Feature",
    "geometry": {
       "type": "Point",
       "coordinates":  [ 121.3810627,24.9482959 ]
    },
    "properties": {
    "id":"NTT490",
    "city":"新北市",
    "type":"行道樹",
    "name":"行道樹",
    "dist":"樹林區",
    "loc":"新北市樹林區學勤路",
    "FIELD9":"",
    "FIELD10":null,
    "FIELD11":null
    }
  },
  {
    "type": "Feature",
    "geometry": {
       "type": "Point",
       "coordinates":  [ 121.4209037,24.9846868 ]
    },
    "properties": {
    "id":"NTT491",
    "city":"新北市",
    "type":"行道樹",
    "name":"行道樹",
    "dist":"樹林區",
    "loc":"新北市樹林區樹中二街",
    "FIELD9":"",
    "FIELD10":null,
    "FIELD11":null
    }
  },
  {
    "type": "Feature",
    "geometry": {
       "type": "Point",
       "coordinates":  [ 121.41999,24.9859806 ]
    },
    "properties": {
    "id":"NTT492",
    "city":"新北市",
    "type":"行道樹",
    "name":"行道樹",
    "dist":"樹林區",
    "loc":"新北市樹林區鎮前街",
    "FIELD9":"",
    "FIELD10":null,
    "FIELD11":null
    }
  },
  {
    "type": "Feature",
    "geometry": {
       "type": "Point",
       "coordinates":  [ 121.4199128,24.9948557 ]
    },
    "properties": {
    "id":"NTT493",
    "city":"新北市",
    "type":"行道樹",
    "name":"行道樹",
    "dist":"樹林區",
    "loc":"新北市樹林區大安路",
    "FIELD9":"",
    "FIELD10":null,
    "FIELD11":null
    }
  },
  {
    "type": "Feature",
    "geometry": {
       "type": "Point",
       "coordinates":  [ 121.3775851,24.9465154 ]
    },
    "properties": {
    "id":"NTT494",
    "city":"新北市",
    "type":"行道樹",
    "name":"行道樹",
    "dist":"樹林區",
    "loc":"新北市樹林區大義路",
    "FIELD9":"",
    "FIELD10":null,
    "FIELD11":null
    }
  },
  {
    "type": "Feature",
    "geometry": {
       "type": "Point",
       "coordinates":  [ 121.3911102,24.9610608 ]
    },
    "properties": {
    "id":"NTT495",
    "city":"新北市",
    "type":"行道樹",
    "name":"行道樹",
    "dist":"樹林區",
    "loc":"新北市樹林區佳園路",
    "FIELD9":"",
    "FIELD10":null,
    "FIELD11":null
    }
  },
  {
    "type": "Feature",
    "geometry": {
       "type": "Point",
       "coordinates":  [ 121.3818801,24.9460844 ]
    },
    "properties": {
    "id":"NTT496",
    "city":"新北市",
    "type":"行道樹",
    "name":"行道樹",
    "dist":"樹林區",
    "loc":"新北市樹林區學成路",
    "FIELD9":"",
    "FIELD10":null,
    "FIELD11":null
    }
  },
  {
    "type": "Feature",
    "geometry": {
       "type": "Point",
       "coordinates":  [ 121.3810627,24.9482959 ]
    },
    "properties": {
    "id":"NTT497",
    "city":"新北市",
    "type":"行道樹",
    "name":"行道樹",
    "dist":"樹林區",
    "loc":"新北市樹林區學勤路",
    "FIELD9":"",
    "FIELD10":null,
    "FIELD11":null
    }
  },
  {
    "type": "Feature",
    "geometry": {
       "type": "Point",
       "coordinates":  [ 121.8671806,25.0329631 ]
    },
    "properties": {
    "id":"NTT498",
    "city":"新北市",
    "type":"行道樹",
    "name":"行道樹",
    "dist":"雙溪區",
    "loc":"新北市雙溪區東榮街",
    "FIELD9":"",
    "FIELD10":null,
    "FIELD11":null
    }
  },
  {
    "type": "Feature",
    "geometry": {
       "type": "Point",
       "coordinates":  [ 121.4686055,25.0892375 ]
    },
    "properties": {
    "id":"NTT499",
    "city":"新北市",
    "type":"行道樹",
    "name":"行道樹",
    "dist":"蘆洲區",
    "loc":"新北市蘆洲區三民路",
    "FIELD9":"",
    "FIELD10":null,
    "FIELD11":null
    }
  },
  {
    "type": "Feature",
    "geometry": {
       "type": "Point",
       "coordinates":  [ 121.4738038,25.0808788 ]
    },
    "properties": {
    "id":"NTT500",
    "city":"新北市",
    "type":"行道樹",
    "name":"行道樹",
    "dist":"蘆洲區",
    "loc":"新北市蘆洲區中山一路",
    "FIELD9":"",
    "FIELD10":null,
    "FIELD11":null
    }
  },
  {
    "type": "Feature",
    "geometry": {
       "type": "Point",
       "coordinates":  [ 121.4703018,25.080222 ]
    },
    "properties": {
    "id":"NTT501",
    "city":"新北市",
    "type":"行道樹",
    "name":"行道樹",
    "dist":"蘆洲區",
    "loc":"新北市蘆洲區中山二路",
    "FIELD9":"",
    "FIELD10":null,
    "FIELD11":null
    }
  },
  {
    "type": "Feature",
    "geometry": {
       "type": "Point",
       "coordinates":  [ 121.4731231,25.083997 ]
    },
    "properties": {
    "id":"NTT502",
    "city":"新北市",
    "type":"行道樹",
    "name":"行道樹",
    "dist":"蘆洲區",
    "loc":"新北市蘆洲區中央路",
    "FIELD9":"",
    "FIELD10":null,
    "FIELD11":null
    }
  },
  {
    "type": "Feature",
    "geometry": {
       "type": "Point",
       "coordinates":  [ 121.4658387,25.0891747 ]
    },
    "properties": {
    "id":"NTT503",
    "city":"新北市",
    "type":"行道樹",
    "name":"行道樹",
    "dist":"蘆洲區",
    "loc":"新北市蘆洲區中正路",
    "FIELD9":"",
    "FIELD10":null,
    "FIELD11":null
    }
  },
  {
    "type": "Feature",
    "geometry": {
       "type": "Point",
       "coordinates":  [ 121.4821658,25.0879981 ]
    },
    "properties": {
    "id":"NTT504",
    "city":"新北市",
    "type":"行道樹",
    "name":"行道樹",
    "dist":"蘆洲區",
    "loc":"新北市蘆洲區中興街",
    "FIELD9":"",
    "FIELD10":null,
    "FIELD11":null
    }
  },
  {
    "type": "Feature",
    "geometry": {
       "type": "Point",
       "coordinates":  [ 121.4695546,25.0917124 ]
    },
    "properties": {
    "id":"NTT505",
    "city":"新北市",
    "type":"行道樹",
    "name":"行道樹",
    "dist":"蘆洲區",
    "loc":"新北市蘆洲區水湳街",
    "FIELD9":"",
    "FIELD10":null,
    "FIELD11":null
    }
  },
  {
    "type": "Feature",
    "geometry": {
       "type": "Point",
       "coordinates":  [ 121.4753067,25.0911285 ]
    },
    "properties": {
    "id":"NTT506",
    "city":"新北市",
    "type":"行道樹",
    "name":"行道樹",
    "dist":"蘆洲區",
    "loc":"新北市蘆洲區民族路",
    "FIELD9":"",
    "FIELD10":null,
    "FIELD11":null
    }
  },
  {
    "type": "Feature",
    "geometry": {
       "type": "Point",
       "coordinates":  [ 121.474101,25.0879795 ]
    },
    "properties": {
    "id":"NTT507",
    "city":"新北市",
    "type":"行道樹",
    "name":"行道樹",
    "dist":"蘆洲區",
    "loc":"新北市蘆洲區民權路",
    "FIELD9":"",
    "FIELD10":null,
    "FIELD11":null
    }
  },
  {
    "type": "Feature",
    "geometry": {
       "type": "Point",
       "coordinates":  [ 121.4672458,25.0825375 ]
    },
    "properties": {
    "id":"NTT508",
    "city":"新北市",
    "type":"行道樹",
    "name":"行道樹",
    "dist":"蘆洲區",
    "loc":"新北市蘆洲區光華路",
    "FIELD9":"",
    "FIELD10":null,
    "FIELD11":null
    }
  },
  {
    "type": "Feature",
    "geometry": {
       "type": "Point",
       "coordinates":  [ 121.4601916,25.0863428 ]
    },
    "properties": {
    "id":"NTT509",
    "city":"新北市",
    "type":"行道樹",
    "name":"行道樹",
    "dist":"蘆洲區",
    "loc":"新北市蘆洲區長榮路",
    "FIELD9":"",
    "FIELD10":null,
    "FIELD11":null
    }
  },
  {
    "type": "Feature",
    "geometry": {
       "type": "Point",
       "coordinates":  [ 121.4800102,25.0896713 ]
    },
    "properties": {
    "id":"NTT510",
    "city":"新北市",
    "type":"行道樹",
    "name":"行道樹",
    "dist":"蘆洲區",
    "loc":"新北市蘆洲區復興路",
    "FIELD9":"",
    "FIELD10":null,
    "FIELD11":null
    }
  },
  {
    "type": "Feature",
    "geometry": {
       "type": "Point",
       "coordinates":  [ 121.4813136,25.0844549 ]
    },
    "properties": {
    "id":"NTT511",
    "city":"新北市",
    "type":"行道樹",
    "name":"行道樹",
    "dist":"蘆洲區",
    "loc":"新北市蘆洲區集賢路",
    "FIELD9":"",
    "FIELD10":null,
    "FIELD11":null
    }
  },
  {
    "type": "Feature",
    "geometry": {
       "type": "Point",
       "coordinates":  [ 121.4737477,25.0974878 ]
    },
    "properties": {
    "id":"NTT512",
    "city":"新北市",
    "type":"行道樹",
    "name":"行道樹",
    "dist":"蘆洲區",
    "loc":"新北市蘆洲區環堤大道",
    "FIELD9":"",
    "FIELD10":null,
    "FIELD11":null
    }
  },
  {
    "type": "Feature",
    "geometry": {
       "type": "Point",
       "coordinates":  [ 121.4686055,25.0892375 ]
    },
    "properties": {
    "id":"NTT513",
    "city":"新北市",
    "type":"行道樹",
    "name":"行道樹",
    "dist":"蘆洲區",
    "loc":"新北市蘆洲區三民路",
    "FIELD9":"",
    "FIELD10":null,
    "FIELD11":null
    }
  },
  {
    "type": "Feature",
    "geometry": {
       "type": "Point",
       "coordinates":  [ 121.4738038,25.0808788 ]
    },
    "properties": {
    "id":"NTT514",
    "city":"新北市",
    "type":"行道樹",
    "name":"行道樹",
    "dist":"蘆洲區",
    "loc":"新北市蘆洲區中山一路",
    "FIELD9":"",
    "FIELD10":null,
    "FIELD11":null
    }
  },
  {
    "type": "Feature",
    "geometry": {
       "type": "Point",
       "coordinates":  [ 121.4731231,25.083997 ]
    },
    "properties": {
    "id":"NTT515",
    "city":"新北市",
    "type":"行道樹",
    "name":"行道樹",
    "dist":"蘆洲區",
    "loc":"新北市蘆洲區中央路",
    "FIELD9":"",
    "FIELD10":null,
    "FIELD11":null
    }
  },
  {
    "type": "Feature",
    "geometry": {
       "type": "Point",
       "coordinates":  [ 121.4813136,25.0844549 ]
    },
    "properties": {
    "id":"NTT516",
    "city":"新北市",
    "type":"行道樹",
    "name":"行道樹",
    "dist":"蘆洲區",
    "loc":"新北市蘆洲區集賢路",
    "FIELD9":"",
    "FIELD10":null,
    "FIELD11":null
    }
  },
  {
    "type": "Feature",
    "geometry": {
       "type": "Point",
       "coordinates":  [ 121.4737477,25.0974878 ]
    },
    "properties": {
    "id":"NTT517",
    "city":"新北市",
    "type":"行道樹",
    "name":"行道樹",
    "dist":"蘆洲區",
    "loc":"新北市蘆洲區環堤大道",
    "FIELD9":"",
    "FIELD10":null,
    "FIELD11":null
    }
  },
  {
    "type": "Feature",
    "geometry": {
       "type": "Point",
       "coordinates":  [ 121.3474123,24.9570391 ]
    },
    "properties": {
    "id":"NTT518",
    "city":"新北市",
    "type":"行道樹",
    "name":"行道樹",
    "dist":"鶯歌區",
    "loc":"新北市鶯歌區中山路",
    "FIELD9":"",
    "FIELD10":null,
    "FIELD11":null
    }
  },
  {
    "type": "Feature",
    "geometry": {
       "type": "Point",
       "coordinates":  [ 121.3674617,24.9573052 ]
    },
    "properties": {
    "id":"NTT519",
    "city":"新北市",
    "type":"行道樹",
    "name":"行道樹",
    "dist":"鶯歌區",
    "loc":"新北市鶯歌區中正一路",
    "FIELD9":"",
    "FIELD10":null,
    "FIELD11":null
    }
  },
  {
    "type": "Feature",
    "geometry": {
       "type": "Point",
       "coordinates":  [ 121.3427262,24.9614967 ]
    },
    "properties": {
    "id":"NTT520",
    "city":"新北市",
    "type":"行道樹",
    "name":"行道樹",
    "dist":"鶯歌區",
    "loc":"新北市鶯歌區中孝街",
    "FIELD9":"",
    "FIELD10":null,
    "FIELD11":null
    }
  },
  {
    "type": "Feature",
    "geometry": {
       "type": "Point",
       "coordinates":  [ 121.354069,24.9558892 ]
    },
    "properties": {
    "id":"NTT521",
    "city":"新北市",
    "type":"行道樹",
    "name":"行道樹",
    "dist":"鶯歌區",
    "loc":"新北市鶯歌區仁愛路",
    "FIELD9":"",
    "FIELD10":null,
    "FIELD11":null
    }
  },
  {
    "type": "Feature",
    "geometry": {
       "type": "Point",
       "coordinates":  [ 121.3547439,24.9536294 ]
    },
    "properties": {
    "id":"NTT522",
    "city":"新北市",
    "type":"行道樹",
    "name":"行道樹",
    "dist":"鶯歌區",
    "loc":"新北市鶯歌區文化路",
    "FIELD9":"",
    "FIELD10":null,
    "FIELD11":null
    }
  },
  {
    "type": "Feature",
    "geometry": {
       "type": "Point",
       "coordinates":  [ 121.3470837,24.951157 ]
    },
    "properties": {
    "id":"NTT523",
    "city":"新北市",
    "type":"行道樹",
    "name":"行道樹",
    "dist":"鶯歌區",
    "loc":"新北市鶯歌區尖山埔路",
    "FIELD9":"",
    "FIELD10":null,
    "FIELD11":null
    }
  },
  {
    "type": "Feature",
    "geometry": {
       "type": "Point",
       "coordinates":  [ 121.3527203,24.9559094 ]
    },
    "properties": {
    "id":"NTT524",
    "city":"新北市",
    "type":"行道樹",
    "name":"行道樹",
    "dist":"鶯歌區",
    "loc":"新北市鶯歌區行政路",
    "FIELD9":"",
    "FIELD10":null,
    "FIELD11":null
    }
  },
  {
    "type": "Feature",
    "geometry": {
       "type": "Point",
       "coordinates":  [ 121.3469657,24.9533969 ]
    },
    "properties": {
    "id":"NTT525",
    "city":"新北市",
    "type":"行道樹",
    "name":"行道樹",
    "dist":"鶯歌區",
    "loc":"新北市鶯歌區育英街",
    "FIELD9":"",
    "FIELD10":null,
    "FIELD11":null
    }
  },
  {
    "type": "Feature",
    "geometry": {
       "type": "Point",
       "coordinates":  [ 121.3473423,24.953413 ]
    },
    "properties": {
    "id":"NTT526",
    "city":"新北市",
    "type":"行道樹",
    "name":"行道樹",
    "dist":"鶯歌區",
    "loc":"新北市鶯歌區建國路",
    "FIELD9":"",
    "FIELD10":null,
    "FIELD11":null
    }
  },
  {
    "type": "Feature",
    "geometry": {
       "type": "Point",
       "coordinates":  [ 121.3497582,24.9516643 ]
    },
    "properties": {
    "id":"NTT527",
    "city":"新北市",
    "type":"行道樹",
    "name":"行道樹",
    "dist":"鶯歌區",
    "loc":"新北市鶯歌區重慶街",
    "FIELD9":"",
    "FIELD10":null,
    "FIELD11":null
    }
  },
  {
    "type": "Feature",
    "geometry": {
       "type": "Point",
       "coordinates":  [ 121.3429472,24.9544075 ]
    },
    "properties": {
    "id":"NTT528",
    "city":"新北市",
    "type":"行道樹",
    "name":"行道樹",
    "dist":"鶯歌區",
    "loc":"新北市鶯歌區國華路",
    "FIELD9":"",
    "FIELD10":null,
    "FIELD11":null
    }
  },
  {
    "type": "Feature",
    "geometry": {
       "type": "Point",
       "coordinates":  [ 121.3678735,24.9565445 ]
    },
    "properties": {
    "id":"NTT529",
    "city":"新北市",
    "type":"行道樹",
    "name":"行道樹",
    "dist":"鶯歌區",
    "loc":"新北市鶯歌區館前路",
    "FIELD9":"",
    "FIELD10":null,
    "FIELD11":null
    }
  },
  {
    "type": "Feature",
    "geometry": {
       "type": "Point",
       "coordinates":  [ 121.3429472,24.9544075 ]
    },
    "properties": {
    "id":"NTT530",
    "city":"新北市",
    "type":"行道樹",
    "name":"行道樹",
    "dist":"鶯歌區",
    "loc":"新北市鶯歌區國華路",
    "FIELD9":"",
    "FIELD10":null,
    "FIELD11":null
    }
  },
  {
    "type": "Feature",
    "geometry": {
       "type": "Point",
       "coordinates":  [ 121.3678735,24.9565445 ]
    },
    "properties": {
    "id":"NTT531",
    "city":"新北市",
    "type":"行道樹",
    "name":"行道樹",
    "dist":"鶯歌區",
    "loc":"新北市鶯歌區館前路",
    "FIELD9":"",
    "FIELD10":null,
    "FIELD11":null
    }
  }
]
}