{"type": "FeatureCollection", "features": [{"type": "Feature", "geometry": {"type": "Point", "coordinates": [121.481905002837, 25.079152018334]}, "properties": {"name": "麥當勞-三重三和店", "district": "三重區", "category": "速食業", "grade": "優", "tel": "02-22806398", "address": "新北市三重區三和路四段392-1號"}}, {"type": "Feature", "geometry": {"type": "Point", "coordinates": [121.475584880205, 25.071082382962]}, "properties": {"name": "麥當勞-三重愛買店", "district": "三重區", "category": "速食業", "grade": "優", "tel": "02-29711516", "address": "新北市三重區中正北路193巷45號1F"}}, {"type": "Feature", "geometry": {"type": "Point", "coordinates": [121.492059007982, 25.083502980454]}, "properties": {"name": "麥當勞-三重五華店", "district": "三重區", "category": "速食業", "grade": "優", "tel": "02-29866855", "address": "新北市三重區五華街89-1號1樓"}}, {"type": "Feature", "geometry": {"type": "Point", "coordinates": [121.497850986895, 25.062975992944]}, "properties": {"name": "麥當勞-三重正義店", "district": "三重區", "category": "速食業", "grade": "優", "tel": "02-29867525", "address": "新北市三重區正義北路15號"}}, {"type": "Feature", "geometry": {"type": "Point", "coordinates": [121.49635900813, 25.066570991216]}, "properties": {"name": "麥當勞-三重正義二店", "district": "三重區", "category": "速食業", "grade": "優", "tel": "02-29840098", "address": "新北市三重區正義北路176號1樓"}}, {"type": "Feature", "geometry": {"type": "Point", "coordinates": [121.48686851444, 25.057605707579]}, "properties": {"name": "麥當勞-三重重陽店", "district": "三重區", "category": "速食業", "grade": "優", "tel": "02-29850533", "address": "新北市三重區重陽路一段5號"}}, {"type": "Feature", "geometry": {"type": "Point", "coordinates": [121.495987019267, 25.0724910037]}, "properties": {"name": "麥當勞-三重龍門店", "district": "三重區", "category": "速食業", "grade": "優", "tel": "02-29763181", "address": "新北市三重區龍門路42號1~3樓"}}, {"type": "Feature", "geometry": {"type": "Point", "coordinates": [121.372193014888, 24.936229002167]}, "properties": {"name": "麥當勞-三峽文化店", "district": "三峽區", "category": "速食業", "grade": "優", "tel": "02-26731770", "address": "新北市三峽區文化路72號1樓"}}, {"type": "Feature", "geometry": {"type": "Point", "coordinates": [121.375449971005, 24.942374990761]}, "properties": {"name": "麥當勞-三峽學成店", "district": "三峽區", "category": "速食業", "grade": "優", "tel": "02-26728230", "address": "新北市三峽區學成路258號"}}, {"type": "Feature", "geometry": {"type": "Point", "coordinates": [121.442158017979, 24.976370020293]}, "properties": {"name": "麥當勞-土城中央店", "district": "土城區", "category": "速食業", "grade": "優", "tel": "02-22639674", "address": "新北市土城區中央路2段159號1樓"}}, {"type": "Feature", "geometry": {"type": "Point", "coordinates": [121.46605499157, 24.986536011559]}, "properties": {"name": "麥當勞-土城金城店", "district": "土城區", "category": "速食業", "grade": "優", "tel": "02-22746826", "address": "新北市土城區金城路3段54號"}}, {"type": "Feature", "geometry": {"type": "Point", "coordinates": [121.445295309554, 24.974244867724]}, "properties": {"name": "麥當勞-土城金城二店", "district": "土城區", "category": "速食業", "grade": "優", "tel": "02-22652066", "address": "新北市土城區金城路一段189號"}}, {"type": "Feature", "geometry": {"type": "Point", "coordinates": [121.480264496748, 25.005731198474]}, "properties": {"name": "麥當勞-中和中山店", "district": "中和區", "category": "速食業", "grade": "優", "tel": "02-32345535", "address": "新北市中和區中山路2段583號1樓"}}, {"type": "Feature", "geometry": {"type": "Point", "coordinates": [121.49985199864, 25.001478011255]}, "properties": {"name": "麥當勞-中和店", "district": "中和區", "category": "速食業", "grade": "優", "tel": "02-22460725", "address": "新北市中和區中和路38號"}}, {"type": "Feature", "geometry": {"type": "Point", "coordinates": [121.512878984917, 24.988543980284]}, "properties": {"name": "麥當勞-中和景新店", "district": "中和區", "category": "速食業", "grade": "優", "tel": "02-29460280", "address": "新北市中和區景新街430,432號1~2樓"}}, {"type": "Feature", "geometry": {"type": "Point", "coordinates": [121.5100029863, 24.988909012167]}, "properties": {"name": "麥當勞-中和興南店", "district": "中和區", "category": "速食業", "grade": "優", "tel": "02-86686975", "address": "新北市中和區興南路1段83號1樓"}}, {"type": "Feature", "geometry": {"type": "Point", "coordinates": [121.438488001674, 25.084742999209]}, "properties": {"name": "麥當勞-五股成泰店", "district": "五股區", "category": "速食業", "grade": "優", "tel": "02-82953733", "address": "新北市五股區成泰路2段121號1樓"}}, {"type": "Feature", "geometry": {"type": "Point", "coordinates": [121.508406988116, 25.008512020581]}, "properties": {"name": "麥當勞-永和中山店", "district": "永和區", "category": "速食業", "grade": "優", "tel": "02-86602800", "address": "新北市永和區中山路1段214號"}}, {"type": "Feature", "geometry": {"type": "Point", "coordinates": [121.51690215603, 25.006864522524]}, "properties": {"name": "麥當勞-永和中正店", "district": "永和區", "category": "速食業", "grade": "優", "tel": "02-29457965", "address": "新北市永和區中正路244號"}}, {"type": "Feature", "geometry": {"type": "Point", "coordinates": [121.510669012326, 25.002401990351]}, "properties": {"name": "麥當勞-永和永安店", "district": "永和區", "category": "速食業", "grade": "優", "tel": "02-29228242", "address": "新北市永和區中和路503號"}}, {"type": "Feature", "geometry": {"type": "Point", "coordinates": [121.51895524041, 25.005427989776]}, "properties": {"name": "麥當勞-永和永利店", "district": "永和區", "category": "速食業", "grade": "優", "tel": "02-29266279", "address": "新北市永和區永利路47號"}}, {"type": "Feature", "geometry": {"type": "Point", "coordinates": [121.515492378508, 25.01315299655]}, "properties": {"name": "麥當勞-永和店", "district": "永和區", "category": "速食業", "grade": "優", "tel": "02-29290101", "address": "新北市永和區永和路2段170號"}}, {"type": "Feature", "geometry": {"type": "Point", "coordinates": [121.525611012022, 24.999323987867]}, "properties": {"name": "麥當勞-永和得和店", "district": "永和區", "category": "速食業", "grade": "優", "tel": "02-86607029", "address": "新北市永和區得和路405號1樓"}}, {"type": "Feature", "geometry": {"type": "Point", "coordinates": [121.654185970153, 25.065541986872]}, "properties": {"name": "麥當勞-汐止大同店", "district": "汐止區", "category": "速食業", "grade": "優", "tel": "02-26497341", "address": "新北市汐止區大同路2段242號1樓"}}, {"type": "Feature", "geometry": {"type": "Point", "coordinates": [121.631940482944, 25.065511518654]}, "properties": {"name": "麥當勞-汐止中興店", "district": "汐止區", "category": "速食業", "grade": "優", "tel": "02-26946602", "address": "新北市汐止區中興路168號之10"}}, {"type": "Feature", "geometry": {"type": "Point", "coordinates": [121.654458968739, 25.062323000777]}, "properties": {"name": "麥當勞-汐止新台五店", "district": "汐止區", "category": "速食業", "grade": "優", "tel": "02-86425343", "address": "新北市汐止區新台五路1段162號"}}, {"type": "Feature", "geometry": {"type": "Point", "coordinates": [121.464423035022, 25.011040002578]}, "properties": {"name": "麥當勞-板橋遠百店", "district": "板橋區", "category": "速食業", "grade": "優", "tel": "02-89524029", "address": "新北市板橋區中山路1段152號12樓"}}, {"type": "Feature", "geometry": {"type": "Point", "coordinates": [121.477453038784, 25.017699005556]}, "properties": {"name": "麥當勞-板橋中山店", "district": "板橋區", "category": "速食業", "grade": "優", "tel": "02-29642221", "address": "新北市板橋區中山路2段257號1樓"}}, {"type": "Feature", "geometry": {"type": "Point", "coordinates": [121.470368989497, 25.027768018203]}, "properties": {"name": "麥當勞-板橋文化店", "district": "板橋區", "category": "速食業", "grade": "優", "tel": "02-22505065", "address": "新北市板橋區文化路2段173號"}}, {"type": "Feature", "geometry": {"type": "Point", "coordinates": [121.458029601835, 25.009301916806]}, "properties": {"name": "麥當勞-板橋府中店", "district": "板橋區", "category": "速食業", "grade": "優", "tel": "02-22710296", "address": "新北市板橋區府中路69及69-4號B1~5樓"}}, {"type": "Feature", "geometry": {"type": "Point", "coordinates": [121.4606419585, 25.024165015213]}, "properties": {"name": "麥當勞-板橋雨農店", "district": "板橋區", "category": "速食業", "grade": "優", "tel": "02-22504605", "address": "新北市板橋區雨農路60號1樓"}}, {"type": "Feature", "geometry": {"type": "Point", "coordinates": [121.461135987873, 25.008013003975]}, "properties": {"name": "麥當勞-板橋重慶店", "district": "板橋區", "category": "速食業", "grade": "優", "tel": "02-29612624", "address": "新北市板橋區重慶路23號"}}, {"type": "Feature", "geometry": {"type": "Point", "coordinates": [121.456198041074, 25.00257700449]}, "properties": {"name": "麥當勞-板橋愛買二店", "district": "板橋區", "category": "速食業", "grade": "優", "tel": "02-29588758", "address": "新北市板橋區貴興路101號"}}, {"type": "Feature", "geometry": {"type": "Point", "coordinates": [121.466619009835, 25.013677997055]}, "properties": {"name": "麥當勞-板橋遠百二店", "district": "板橋區", "category": "速食業", "grade": "優", "tel": "02-29646930", "address": "新北市板橋區新站路28號9樓"}}, {"type": "Feature", "geometry": {"type": "Point", "coordinates": [121.426217979162, 24.984606953788]}, "properties": {"name": "麥當勞-板橋篤行店", "district": "板橋區", "category": "速食業", "grade": "優", "tel": "02-26878197", "address": "新北市板橋區篤行路三段99號B1~2樓"}}, {"type": "Feature", "geometry": {"type": "Point", "coordinates": [121.4641372879, 25.013924834458]}, "properties": {"name": "麥當勞-板車環球店", "district": "板橋區", "category": "速食業", "grade": "優", "tel": "02-29686268", "address": "新北市板橋區縣民大道二段7號B1"}}, {"type": "Feature", "geometry": {"type": "Point", "coordinates": [121.385928020527, 25.079590014685]}, "properties": {"name": "麥當勞-林口中山店", "district": "林口區", "category": "速食業", "grade": "優", "tel": "02-26011477", "address": "新北市林口區中山路250之1號"}}, {"type": "Feature", "geometry": {"type": "Point", "coordinates": [121.3888989, 25.0770583]}, "properties": {"name": "麥當勞-林口文化店", "district": "林口區", "category": "速食業", "grade": "優", "tel": "02-26082906", "address": "新北市林口區文化ㄧ路ㄧ段33號"}}, {"type": "Feature", "geometry": {"type": "Point", "coordinates": [121.640490778554, 25.218797416994]}, "properties": {"name": "麥當勞-金山中山店", "district": "金山區", "category": "速食業", "grade": "優", "tel": "02-24980028", "address": "新北市金山區中山路88號"}}, {"type": "Feature", "geometry": {"type": "Point", "coordinates": [121.424876964383, 25.039840012342]}, "properties": {"name": "麥當勞-泰山明志店", "district": "泰山區", "category": "速食業", "grade": "優", "tel": "02-29030875", "address": "新北市泰山區明志路三段153號1~2樓"}}, {"type": "Feature", "geometry": {"type": "Point", "coordinates": [121.433610991311, 25.061163993115]}, "properties": {"name": "麥當勞-泰山泰林店", "district": "泰山區", "category": "速食業", "grade": "優", "tel": "02-22967309", "address": "新北市泰山區泰林路2段194號1樓"}}, {"type": "Feature", "geometry": {"type": "Point", "coordinates": [121.442439985202, 25.176577980247]}, "properties": {"name": "麥當勞-淡水中山店", "district": "淡水區", "category": "速食業", "grade": "優", "tel": "02-26209411", "address": "新北市淡水區中山北路1段105號1樓"}}, {"type": "Feature", "geometry": {"type": "Point", "coordinates": [121.446283003989, 25.168284003236]}, "properties": {"name": "麥當勞-淡水中正店", "district": "淡水區", "category": "速食業", "grade": "優", "tel": "02-26230207", "address": "新北市淡水區中正東路37號"}}, {"type": "Feature", "geometry": {"type": "Point", "coordinates": [121.447987966914, 25.183260997377]}, "properties": {"name": "麥當勞-淡水新市店", "district": "淡水區", "category": "速食業", "grade": "優", "tel": "02-26200051", "address": "新北市淡水區新市一路三段151號"}}, {"type": "Feature", "geometry": {"type": "Point", "coordinates": [121.536077159241, 24.975212102279]}, "properties": {"name": "麥當勞-新店中正三店", "district": "新店區", "category": "速食業", "grade": "優", "tel": "02-29103935", "address": "新北市新店區中正路331號1~3樓"}}, {"type": "Feature", "geometry": {"type": "Point", "coordinates": [121.533980007066, 24.982920980539]}, "properties": {"name": "麥當勞-新店中正二店", "district": "新店區", "category": "速食業", "grade": "優", "tel": "02-22183051", "address": "新北市新店區中正路506號1~2樓"}}, {"type": "Feature", "geometry": {"type": "Point", "coordinates": [121.546235439156, 24.975877918757]}, "properties": {"name": "麥當勞-新店家樂福店", "district": "新店區", "category": "速食業", "grade": "優", "tel": "02-29108930", "address": "新北市新店區中興路三段1之4號"}}, {"type": "Feature", "geometry": {"type": "Point", "coordinates": [121.543081999544, 24.973781981959]}, "properties": {"name": "麥當勞-新店北新店", "district": "新店區", "category": "速食業", "grade": "優", "tel": "02-29170186", "address": "新北市新店區北新路2段102號"}}, {"type": "Feature", "geometry": {"type": "Point", "coordinates": [121.54170937908, 24.980628110925]}, "properties": {"name": "麥當勞-新店北新二店", "district": "新店區", "category": "速食業", "grade": "優", "tel": "02-29102062", "address": "新北市新店區北新路3段51號"}}, {"type": "Feature", "geometry": {"type": "Point", "coordinates": [121.512552006875, 24.962497006619]}, "properties": {"name": "麥當勞-新店安康店", "district": "新店區", "category": "速食業", "grade": "優", "tel": "02-22127618", "address": "新北市新店區安德街1號1樓"}}, {"type": "Feature", "geometry": {"type": "Point", "coordinates": [121.444795970546, 25.052979986674]}, "properties": {"name": "麥當勞-新莊中平店", "district": "新莊區", "category": "速食業", "grade": "優", "tel": "02-22791722", "address": "新北市新莊區中平路346,348號"}}, {"type": "Feature", "geometry": {"type": "Point", "coordinates": [121.448451569978, 25.035391191503]}, "properties": {"name": "麥當勞-新莊中正店", "district": "新莊區", "category": "速食業", "grade": "優", "tel": "02-22768295", "address": "新北市新莊區中正路232號"}}, {"type": "Feature", "geometry": {"type": "Point", "coordinates": [121.432358734977, 25.031846987564]}, "properties": {"name": "麥當勞-新莊中正二店", "district": "新莊區", "category": "速食業", "grade": "優", "tel": "02-29022181", "address": "新北市新莊區中正路617、619號"}}, {"type": "Feature", "geometry": {"type": "Point", "coordinates": [121.417996511524, 25.02639531392]}, "properties": {"name": "麥當勞-新莊富國店", "district": "新莊區", "category": "速食業", "grade": "優", "tel": "02-29020073", "address": "新北市新莊區中正路877-5號B1~3樓"}}, {"type": "Feature", "geometry": {"type": "Point", "coordinates": [121.452685017815, 25.045179997126]}, "properties": {"name": "麥當勞-新莊二店", "district": "新莊區", "category": "速食業", "grade": "優", "tel": "02-29920498", "address": "新北市新莊區中港路306號"}}, {"type": "Feature", "geometry": {"type": "Point", "coordinates": [121.424848968827, 25.02320700559]}, "properties": {"name": "麥當勞-新莊三店", "district": "新莊區", "category": "速食業", "grade": "優", "tel": "02-22070065", "address": "新北市新莊區民安路188巷5號"}}, {"type": "Feature", "geometry": {"type": "Point", "coordinates": [121.412980026292, 25.024465003528]}, "properties": {"name": "麥當勞-新莊中山店", "district": "新莊區", "category": "速食業", "grade": "優", "tel": "02-29050070", "address": "新北市新莊區新北大道七段792號"}}, {"type": "Feature", "geometry": {"type": "Point", "coordinates": [121.801950038319, 25.106730994352]}, "properties": {"name": "麥當勞-瑞芳中山店", "district": "瑞芳區", "category": "速食業", "grade": "優", "tel": "02-24061095", "address": "新北市瑞芳區中山路168號"}}, {"type": "Feature", "geometry": {"type": "Point", "coordinates": [121.423254395567, 24.990969493515]}, "properties": {"name": "麥當勞-樹林中山店", "district": "樹林區", "category": "速食業", "grade": "優", "tel": "02-26756311", "address": "新北市樹林區中山路1段101號"}}, {"type": "Feature", "geometry": {"type": "Point", "coordinates": [121.460846979851, 25.081343005915]}, "properties": {"name": "麥當勞-蘆洲長安店", "district": "蘆洲區", "category": "速食業", "grade": "優", "tel": "02-82825129", "address": "新北市蘆洲區長安街127號1樓"}}, {"type": "Feature", "geometry": {"type": "Point", "coordinates": [121.459983206889, 25.086993996972]}, "properties": {"name": "麥當勞-蘆洲長榮店", "district": "蘆洲區", "category": "速食業", "grade": "優", "tel": "02-22885259", "address": "新北市蘆洲區長榮路376, 378號"}}, {"type": "Feature", "geometry": {"type": "Point", "coordinates": [121.352177030105, 24.951114801202]}, "properties": {"name": "麥當勞-鶯歌文化店", "district": "鶯歌區", "category": "速食業", "grade": "優", "tel": "02-26772705", "address": "新北市鶯歌區文化路363號1樓"}}, {"type": "Feature", "geometry": {"type": "Point", "coordinates": [121.332827406625, 24.964483308124]}, "properties": {"name": "麥當勞-鶯歌鶯桃店", "district": "鶯歌區", "category": "速食業", "grade": "優", "tel": "02-26771270", "address": "新北市鶯歌區鶯桃路411號"}}, {"type": "Feature", "geometry": {"type": "Point", "coordinates": [121.477334015759, 25.017637985301]}, "properties": {"name": "肯德基(板橋埔墘餐廳)", "district": "板橋區", "category": "速食業", "grade": "優", "tel": "02-29594138", "address": "新北市板橋區中山路二段249號"}}, {"type": "Feature", "geometry": {"type": "Point", "coordinates": [121.46046099321, 25.002076982056]}, "properties": {"name": "肯德基(板橋忠孝餐廳)", "district": "板橋區", "category": "速食業", "grade": "優", "tel": "02-29586112", "address": "新北市板橋區忠孝路21號"}}, {"type": "Feature", "geometry": {"type": "Point", "coordinates": [121.431307979595, 25.059063991094]}, "properties": {"name": "肯德基(泰山明志餐廳)", "district": "泰山區", "category": "速食業", "grade": "優", "tel": "02-22960659", "address": "新北市泰山區明志路1段326號"}}, {"type": "Feature", "geometry": {"type": "Point", "coordinates": [121.3994799654, 25.145365994026]}, "properties": {"name": "肯德基(新北八里餐廳)", "district": "八里區", "category": "速食業", "grade": "優", "tel": "02-26102616", "address": "新北市八里區中華路二段512號1樓"}}, {"type": "Feature", "geometry": {"type": "Point", "coordinates": [121.482372295075, 25.079204024497]}, "properties": {"name": "肯德基(三重三和餐廳)", "district": "三重區", "category": "速食業", "grade": "優", "tel": "02-22861293", "address": "新北市三重區三和路四段193-195號"}}, {"type": "Feature", "geometry": {"type": "Point", "coordinates": [121.496729991164, 25.066702000362]}, "properties": {"name": "肯德基(三重正義餐廳)", "district": "三重區", "category": "速食業", "grade": "優", "tel": "02-29887987", "address": "新北市三重區正義北路139,141號1-3樓"}}, {"type": "Feature", "geometry": {"type": "Point", "coordinates": [121.499663489638, 25.062997785892]}, "properties": {"name": "肯德基(三重重新二餐廳)", "district": "三重區", "category": "速食業", "grade": "優", "tel": "02-89828168", "address": "新北市三重區重新路二段1-1號(DT-機車店)"}}, {"type": "Feature", "geometry": {"type": "Point", "coordinates": [121.374102999165, 24.944803982482]}, "properties": {"name": "肯德基(三峽北大餐廳)", "district": "三峽區", "category": "速食業", "grade": "優", "tel": "02-26728923", "address": "新北市三峽區大學路150-3號"}}, {"type": "Feature", "geometry": {"type": "Point", "coordinates": [121.441891892553, 24.976266294241]}, "properties": {"name": "肯德基(土城中央餐廳)", "district": "土城區", "category": "速食業", "grade": "優", "tel": "02-22606887", "address": "新北市土城區中央路二段174號"}}, {"type": "Feature", "geometry": {"type": "Point", "coordinates": [121.463922300126, 24.986020817881]}, "properties": {"name": "肯德基(土城金城餐廳)", "district": "土城區", "category": "速食業", "grade": "優", "tel": "02-22730239", "address": "新北市土城區金城路2段269號"}}, {"type": "Feature", "geometry": {"type": "Point", "coordinates": [121.498871986521, 25.003006912304]}, "properties": {"name": "肯德基(中和福祥餐廳)", "district": "中和區", "category": "速食業", "grade": "優", "tel": "02-82411603", "address": "新北市中和區中山路2段228-1號(大潤發)"}}, {"type": "Feature", "geometry": {"type": "Point", "coordinates": [121.481434023698, 25.000631019939]}, "properties": {"name": "肯德基(中和員山餐廳)", "district": "中和區", "category": "速食業", "grade": "優", "tel": "02-22253293", "address": "新北市中和區員山路202,204號1,2樓"}}, {"type": "Feature", "geometry": {"type": "Point", "coordinates": [121.510051014605, 24.989063993557]}, "properties": {"name": "肯德基(中和興南餐廳)", "district": "中和區", "category": "速食業", "grade": "優", "tel": "02-29487163", "address": "新北市中和區興南路一段79號(南勢角捷運站)"}}, {"type": "Feature", "geometry": {"type": "Point", "coordinates": [121.438455982804, 25.08461400172]}, "properties": {"name": "肯德基(五股成泰餐廳)", "district": "五股區", "category": "速食業", "grade": "優", "tel": "02-22920365", "address": "新北市五股區成泰路二段113號1-4樓"}}, {"type": "Feature", "geometry": {"type": "Point", "coordinates": [121.509768963563, 25.009116020524]}, "properties": {"name": "肯德基(永和中山餐廳)", "district": "永和區", "category": "速食業", "grade": "優", "tel": "02-29271558", "address": "新北市永和區中山路一段173,175號"}}, {"type": "Feature", "geometry": {"type": "Point", "coordinates": [121.517183259836, 24.999027980957]}, "properties": {"name": "肯德基(永和中正餐廳)", "district": "永和區", "category": "速食業", "grade": "優", "tel": "02-86686971", "address": "新北市永和區中正路294號"}}, {"type": "Feature", "geometry": {"type": "Point", "coordinates": [121.6576099776, 25.067475985301]}, "properties": {"name": "肯德基(汐止大同餐廳)", "district": "汐止區", "category": "速食業", "grade": "優", "tel": "02-26428368", "address": "新北市汐止區大同路二段383號"}}, {"type": "Feature", "geometry": {"type": "Point", "coordinates": [121.630771039813, 25.066254993466]}, "properties": {"name": "肯德基(汐止中興餐廳)", "district": "汐止區", "category": "速食業", "grade": "優", "tel": "02-26931153", "address": "新北市汐止區中興路169號1-2樓"}}, {"type": "Feature", "geometry": {"type": "Point", "coordinates": [121.371850781782, 25.069793288163]}, "properties": {"name": "肯德基(林口文化餐廳)", "district": "林口區", "category": "速食業", "grade": "優", "tel": "02-26081158", "address": "新北市林口區文化一路一段78號(DT店)"}}, {"type": "Feature", "geometry": {"type": "Point", "coordinates": [121.461107740859, 25.009667382114]}, "properties": {"name": "肯德基(板橋中山二餐廳)", "district": "板橋區", "category": "速食業", "grade": "優", "tel": "02-29513899", "address": "新北市板橋區中山路一段65號"}}, {"type": "Feature", "geometry": {"type": "Point", "coordinates": [121.4662480268, 25.023132993385]}, "properties": {"name": "肯德基(板橋新埔餐廳)", "district": "板橋區", "category": "速食業", "grade": "優", "tel": "02-22507558", "address": "新北市板橋區文化路一段421巷2號1樓"}}, {"type": "Feature", "geometry": {"type": "Point", "coordinates": [121.472999901265, 25.029607510674]}, "properties": {"name": "肯德基(板橋雙十餐廳)", "district": "板橋區", "category": "速食業", "grade": "優", "tel": "02-22565226", "address": "新北市板橋區雙十路二段170 , 170-1 , 170-2 , 170-3號"}}, {"type": "Feature", "geometry": {"type": "Point", "coordinates": [121.443151022048, 25.177449991544]}, "properties": {"name": "肯德基(淡水中山餐廳)", "district": "淡水區", "category": "速食業", "grade": "優", "tel": "02-26262529", "address": "新北市淡水區中山北路一段151號"}}, {"type": "Feature", "geometry": {"type": "Point", "coordinates": [121.444491958918, 25.169693001159]}, "properties": {"name": "肯德基(淡水中山二餐廳)", "district": "淡水區", "category": "速食業", "grade": "優", "tel": "02-26206385", "address": "新北市淡水區中山路24.26號"}}, {"type": "Feature", "geometry": {"type": "Point", "coordinates": [121.46015798741, 25.140345988395]}, "properties": {"name": "肯德基(淡水竹圍餐廳)", "district": "淡水區", "category": "速食業", "grade": "優", "tel": "02-88095078", "address": "新北市淡水區民權路41號(竹圍捷運站)"}}, {"type": "Feature", "geometry": {"type": "Point", "coordinates": [121.542744292665, 24.973311715281]}, "properties": {"name": "肯德基(新店北新餐廳)", "district": "新店區", "category": "速食業", "grade": "優", "tel": "02-29189953", "address": "新北市新店區北新路二段61號(近七張捷運站)"}}, {"type": "Feature", "geometry": {"type": "Point", "coordinates": [121.53832803552, 24.959290006645]}, "properties": {"name": "肯德基(新店光明餐廳)", "district": "新店區", "category": "速食業", "grade": "優", "tel": "02-29177186", "address": "新北市新店區光明街1之1號1-5樓(新店捷運站)"}}, {"type": "Feature", "geometry": {"type": "Point", "coordinates": [121.514913021361, 24.963765020931]}, "properties": {"name": "肯德基(新店安康餐廳)", "district": "新店區", "category": "速食業", "grade": "優", "tel": "02-22111858", "address": "新北市新店區安康路二段60號1、2樓"}}, {"type": "Feature", "geometry": {"type": "Point", "coordinates": [121.433306979683, 25.032458992224]}, "properties": {"name": "肯德基(新莊輔大餐廳)", "district": "新莊區", "category": "速食業", "grade": "優", "tel": "02-29012059", "address": "新北市新莊區中正路516-3號"}}, {"type": "Feature", "geometry": {"type": "Point", "coordinates": [121.452602875164, 25.044667485657]}, "properties": {"name": "肯德基(新莊中港餐廳)", "district": "新莊區", "category": "速食業", "grade": "優", "tel": "02-29948433", "address": "新北市新莊區中港路311-313號"}}, {"type": "Feature", "geometry": {"type": "Point", "coordinates": [121.428838000367, 25.010263000154]}, "properties": {"name": "肯德基(新莊民安餐廳)", "district": "新莊區", "category": "速食業", "grade": "優", "tel": "02-22080910", "address": "新北市新莊區民安西路379號"}}, {"type": "Feature", "geometry": {"type": "Point", "coordinates": [121.447973969135, 25.04900600065]}, "properties": {"name": "肯德基(新莊幸福餐廳)", "district": "新莊區", "category": "速食業", "grade": "優", "tel": "02-29910791", "address": "新北市新莊區幸福路763之6號"}}, {"type": "Feature", "geometry": {"type": "Point", "coordinates": [121.423808020271, 24.991828009948]}, "properties": {"name": "肯德基(樹林中山餐廳)", "district": "樹林區", "category": "速食業", "grade": "優", "tel": "02-26841331", "address": "新北市樹林區中山路一段67號"}}, {"type": "Feature", "geometry": {"type": "Point", "coordinates": [121.350501990575, 24.953513995257]}, "properties": {"name": "肯德基(新北鶯歌餐廳)", "district": "鶯歌區", "category": "速食業", "grade": "優", "tel": "02-26706618", "address": "新北市鶯歌區建國路153號"}}, {"type": "Feature", "geometry": {"type": "Point", "coordinates": [121.49633302423, 25.061937014136]}, "properties": {"name": "樂多多世界股份有限公司狂一鍋三重重新營業所", "district": "三重區", "category": "一般餐廳", "grade": "優", "tel": "02-29718833", "address": "新北市三重區重新路二段79號"}}, {"type": "Feature", "geometry": {"type": "Point", "coordinates": [121.37560193491, 24.932045384744]}, "properties": {"name": "樂多多世界股份有限公司三峽介壽營業所", "district": "三峽區", "category": "一般餐廳", "grade": "優", "tel": "02-26741101", "address": "新北市三峽區介壽路1段52號"}}, {"type": "Feature", "geometry": {"type": "Point", "coordinates": [121.513449038152, 25.003923012411]}, "properties": {"name": "樂多多世界股份有限公司中和永貞營業所", "district": "中和區", "category": "一般餐廳", "grade": "優", "tel": "02-29275678", "address": "新北市中和區永貞路274號1樓"}}, {"type": "Feature", "geometry": {"type": "Point", "coordinates": [121.520685973354, 25.008268987298]}, "properties": {"name": "樂多多世界股份有限公司永和民權營業所", "district": "永和區", "category": "一般餐廳", "grade": "優", "tel": "02-22318800", "address": "新北市永和區竹林路212號"}}, {"type": "Feature", "geometry": {"type": "Point", "coordinates": [121.464074934583, 25.000338701066]}, "properties": {"name": "樂多多世界股份有限公司板橋重慶營業所", "district": "板橋區", "category": "一般餐廳", "grade": "優", "tel": "02-29558933", "address": "新北市板橋區重慶路251號"}}, {"type": "Feature", "geometry": {"type": "Point", "coordinates": [121.464297027856, 25.004280154832]}, "properties": {"name": "樂多多世界股份有限公司板橋實踐營業所", "district": "板橋區", "category": "一般餐廳", "grade": "優", "tel": "02-89518202", "address": "新北市板橋區實踐路151、153號"}}, {"type": "Feature", "geometry": {"type": "Point", "coordinates": [121.368923988831, 25.073785001912]}, "properties": {"name": "樂多多世界股份有限公司肉多多林口昕境營業所", "district": "林口區", "category": "一般餐廳", "grade": "優", "tel": "02-26002363", "address": "新北市林口區文化三路一段402巷2號3樓"}}, {"type": "Feature", "geometry": {"type": "Point", "coordinates": [121.368923988831, 25.073785001912]}, "properties": {"name": "樂多多世界股份有限公司狂一鍋林口昕境營業所", "district": "林口區", "category": "一般餐廳", "grade": "優", "tel": "02-26088346", "address": "新北市林口區文化三路一段402巷2號3樓"}}, {"type": "Feature", "geometry": {"type": "Point", "coordinates": [121.368923988831, 25.073785001912]}, "properties": {"name": "樂多多世界股份有限公司辛韓道林口昕境營業所", "district": "林口區", "category": "一般餐廳", "grade": "優", "tel": "02-26002632", "address": "新北市林口區文化三路一段402巷2號3樓"}}, {"type": "Feature", "geometry": {"type": "Point", "coordinates": [121.368923988831, 25.073785001912]}, "properties": {"name": "樂多多世界股份有限公司明水然林口昕境營業所", "district": "林口區", "category": "一般餐廳", "grade": "優", "tel": "02-26068258", "address": "新北市林口區文化三路一段402巷2號3樓"}}, {"type": "Feature", "geometry": {"type": "Point", "coordinates": [121.45998917588, 25.139095115074]}, "properties": {"name": "樂多多世界股份有限公司淡水中正營業所", "district": "淡水區", "category": "一般餐廳", "grade": "優", "tel": "02-86315055", "address": "新北市淡水區中正路53號2樓"}}, {"type": "Feature", "geometry": {"type": "Point", "coordinates": [121.448683497239, 25.177893310402]}, "properties": {"name": "樂多多世界股份有限公司淡水北新營業所", "district": "淡水區", "category": "一般餐廳", "grade": "優", "tel": "02-26297797", "address": "新北市淡水區北新路182巷16號2樓"}}, {"type": "Feature", "geometry": {"type": "Point", "coordinates": [121.53468090181, 24.974888518907]}, "properties": {"name": "樂多多世界股份有限公司狂一鍋新店三民營業所", "district": "新店區", "category": "一般餐廳", "grade": "優", "tel": "02-29175577", "address": "新北市新店區三民路169號1樓"}}, {"type": "Feature", "geometry": {"type": "Point", "coordinates": [121.425191285752, 25.022451879933]}, "properties": {"name": "樂多多世界股份有限公司狂一鍋新莊八德營業所", "district": "新莊區", "category": "一般餐廳", "grade": "優", "tel": "02-22025202", "address": "新北市新莊區八德街23號1樓"}}, {"type": "Feature", "geometry": {"type": "Point", "coordinates": [121.446039006787, 25.04114297919]}, "properties": {"name": "樂多多世界股份有限公司新莊和興營業所", "district": "新莊區", "category": "一般餐廳", "grade": "優", "tel": "02-89912020", "address": "新北市新莊區和興街69號1樓"}}, {"type": "Feature", "geometry": {"type": "Point", "coordinates": [121.446345030072, 25.041942989939]}, "properties": {"name": "樂多多世界股份有限公司狂一鍋新莊復興營業所", "district": "新莊區", "category": "一般餐廳", "grade": "優", "tel": "02-29175577", "address": "新北市新莊區復興路一段3號1樓"}}, {"type": "Feature", "geometry": {"type": "Point", "coordinates": [121.422475968219, 24.990110013164]}, "properties": {"name": "樂多多世界股份有限公司樹林中山營業所", "district": "樹林區", "category": "一般餐廳", "grade": "優", "tel": "02-26822525", "address": "新北市樹林區中山路一段146號"}}, {"type": "Feature", "geometry": {"type": "Point", "coordinates": [121.380531667443, 24.945473696545]}, "properties": {"name": "樂多多世界股份有限公司樹林學成營業所", "district": "樹林區", "category": "一般餐廳", "grade": "優", "tel": "02-89700500", "address": "新北市樹林區學成路536號2樓"}}, {"type": "Feature", "geometry": {"type": "Point", "coordinates": [121.482485114356, 25.086111680179]}, "properties": {"name": "樂多多世界股份有限公司蘆洲集賢營業所", "district": "蘆洲區", "category": "一般餐廳", "grade": "優", "tel": "02-82853123", "address": "新北市蘆洲區集賢路227號1樓"}}, {"type": "Feature", "geometry": {"type": "Point", "coordinates": [121.480089520667, 25.081482974998]}, "properties": {"name": "樂多多世界股份有限公司肉多多蘆洲集賢營業所", "district": "蘆洲區", "category": "一般餐廳", "grade": "優", "tel": "02-22858868", "address": "新北市蘆洲區集賢路401號B1"}}, {"type": "Feature", "geometry": {"type": "Point", "coordinates": [121.498225993243, 25.062599980767]}, "properties": {"name": "天仁茶業股份有限公司-三重分公司", "district": "三重區", "category": "飲料冰品店", "grade": "優", "tel": "02-29823954", "address": "新北市三重區重新路2段15-2號"}}, {"type": "Feature", "geometry": {"type": "Point", "coordinates": [121.475642969816, 25.006021172086]}, "properties": {"name": "天仁茶業股份有限公司-環球購物中心", "district": "中和區", "category": "飲料冰品店", "grade": "優", "tel": "02-77317377", "address": "新北市中和區中山路3段122號B2"}}, {"type": "Feature", "geometry": {"type": "Point", "coordinates": [121.507646078946, 25.007836481094]}, "properties": {"name": "天仁茶業股份有限公司-比漾廣場", "district": "永和區", "category": "飲料冰品店", "grade": "優", "tel": "02-82315238", "address": "新北市永和區中山路1段238號B2"}}, {"type": "Feature", "geometry": {"type": "Point", "coordinates": [121.51591298241, 25.014367995325]}, "properties": {"name": "天仁茶業股份有限公司-永和分公司", "district": "永和區", "category": "飲料冰品店", "grade": "優", "tel": "02-29210193", "address": "新北市永和區永和路2段234號"}}, {"type": "Feature", "geometry": {"type": "Point", "coordinates": [121.458255965942, 25.009051982783]}, "properties": {"name": "天仁茶業股份有限公司-板橋分公司", "district": "板橋區", "category": "飲料冰品店", "grade": "優", "tel": "02-29692626", "address": "新北市板橋區府中路55號"}}, {"type": "Feature", "geometry": {"type": "Point", "coordinates": [121.466619009835, 25.013677997055]}, "properties": {"name": "天仁茶業股份有限公司-大遠百板橋新站專櫃", "district": "板橋區", "category": "飲料冰品店", "grade": "優", "tel": "02-29525059", "address": "新北市板橋區新站路28號B1"}}, {"type": "Feature", "geometry": {"type": "Point", "coordinates": [121.363547165582, 25.071241094298]}, "properties": {"name": "天仁茶業股份有限公司-林口三井CAFFEE", "district": "林口區", "category": "飲料冰品店", "grade": "優", "tel": "02-26089185", "address": "新北市林口區文化三路一段356號1樓"}}, {"type": "Feature", "geometry": {"type": "Point", "coordinates": [121.530558011276, 24.972507010667]}, "properties": {"name": "天仁茶業股份有限公司-京站小碧潭專櫃", "district": "新店區", "category": "飲料冰品店", "grade": "優", "tel": "02-89136762", "address": "新北市新店區中央路157號5樓"}}, {"type": "Feature", "geometry": {"type": "Point", "coordinates": [121.541358009699, 24.981767002019]}, "properties": {"name": "天仁茶業股份有限公司-新店分公司", "district": "新店區", "category": "飲料冰品店", "grade": "優", "tel": "02-29127328", "address": "新北市新店區北新路3段93號"}}, {"type": "Feature", "geometry": {"type": "Point", "coordinates": [121.467123097492, 25.043069685364]}, "properties": {"name": "Mo-Mo-Paradise(重新家樂福牧場)", "district": "三重區", "category": "一般餐廳", "grade": "優", "tel": "02-22789688", "address": "新北市三重區重新路五段654號"}}, {"type": "Feature", "geometry": {"type": "Point", "coordinates": [121.475688899623, 25.006077203437]}, "properties": {"name": "Mo-Mo-Paradise(中和環球牧場)", "district": "中和區", "category": "一般餐廳", "grade": "優", "tel": "02-82286002", "address": "新北市中和區中山路三段122號4樓"}}, {"type": "Feature", "geometry": {"type": "Point", "coordinates": [121.507646078946, 25.007836481094]}, "properties": {"name": "Mo-Mo-Paradise(永和比漾牧場)", "district": "永和區", "category": "一般餐廳", "grade": "優", "tel": "02-82316388", "address": "新北市永和區中山路一段238號B2(比漾廣場)"}}, {"type": "Feature", "geometry": {"type": "Point", "coordinates": [121.466619009835, 25.013677997055]}, "properties": {"name": "Mo-Mo-Paradise(板橋大遠百牧場)", "district": "板橋區", "category": "一般餐廳", "grade": "優", "tel": "02-29623208", "address": "新北市板橋區新站路28號7樓"}}, {"type": "Feature", "geometry": {"type": "Point", "coordinates": [121.530558011276, 24.972507010667]}, "properties": {"name": "Mo-Mo-Paradise(新店小碧潭牧場)", "district": "新店區", "category": "一般餐廳", "grade": "優", "tel": "02-89112700", "address": "新北市新店區中央路157號5樓(櫃號34)"}}, {"type": "Feature", "geometry": {"type": "Point", "coordinates": [121.449451028113, 25.059944007108]}, "properties": {"name": "Mo-Mo-Paradise(新莊宏匯牧場)", "district": "新莊區", "category": "一般餐廳", "grade": "優", "tel": "02-85228611", "address": "新北市新莊區新北大道四段3號6樓"}}, {"type": "Feature", "geometry": {"type": "Point", "coordinates": [121.477251034918, 25.081287014802]}, "properties": {"name": "Mo-Mo-Paradise(蘆洲徐匯牧場)", "district": "蘆洲區", "category": "一般餐廳", "grade": "優", "tel": "02-82832588", "address": "新北市蘆洲區中山一路8號5樓"}}, {"type": "Feature", "geometry": {"type": "Point", "coordinates": [121.4803852, 25.0804585]}, "properties": {"name": "BELLINI Pasta Pasta(蘆洲徐匯店)", "district": "蘆洲區", "category": "一般餐廳", "grade": "優", "tel": "02-82838518", "address": "新北市蘆洲區中山一路8號5樓(徐匯廣場)"}}, {"type": "Feature", "geometry": {"type": "Point", "coordinates": [121.475688899623, 25.006077203437]}, "properties": {"name": "BELLINI Pasta Pasta(中和環球店)", "district": "中和區", "category": "一般餐廳", "grade": "優", "tel": "02-22215908", "address": "新北市中和區中山路三段122號4樓"}}, {"type": "Feature", "geometry": {"type": "Point", "coordinates": [121.466619009835, 25.013677997055]}, "properties": {"name": "天吉屋(板橋大遠百店)", "district": "板橋區", "category": "一般餐廳", "grade": "優", "tel": "02-89646266", "address": "新北市板橋區新站路28號B1"}}, {"type": "Feature", "geometry": {"type": "Point", "coordinates": [121.477929969075, 25.0688949996]}, "properties": {"name": "QBurger 三重三民店", "district": "三重區", "category": "早餐店", "grade": "優", "tel": "29869285", "address": "新北市三重區三民街298號"}}, {"type": "Feature", "geometry": {"type": "Point", "coordinates": [121.492757974888, 25.0678379997]}, "properties": {"name": "QBurger 三重大智店", "district": "三重區", "category": "早餐店", "grade": "優", "tel": "29883200", "address": "新北市三重區大智街55號"}}, {"type": "Feature", "geometry": {"type": "Point", "coordinates": [121.483178968301, 25.066862010894]}, "properties": {"name": "QBurger 三重中正店", "district": "三重區", "category": "早餐店", "grade": "優", "tel": "29856668", "address": "新北市三重區中正北路180號"}}, {"type": "Feature", "geometry": {"type": "Point", "coordinates": [121.493809987555, 25.059539999375]}, "properties": {"name": "QBurger 三重中正南店", "district": "三重區", "category": "早餐店", "grade": "優", "tel": "29746343", "address": "新北市三重區中正南路49號"}}, {"type": "Feature", "geometry": {"type": "Point", "coordinates": [121.468911963268, 25.060862998972]}, "properties": {"name": "QBurger 創英店", "district": "三重區", "category": "早餐店", "grade": "優", "tel": "29999589", "address": "新北市三重區中興北街236號"}}, {"type": "Feature", "geometry": {"type": "Point", "coordinates": [121.480945023466, 25.074492015445]}, "properties": {"name": "QBurger 三重永福店", "district": "三重區", "category": "早餐店", "grade": "優", "tel": "82878666", "address": "新北市三重區永福街172號"}}, {"type": "Feature", "geometry": {"type": "Point", "coordinates": [121.471071979716, 25.04917301007]}, "properties": {"name": "QBurger 三重光復店", "district": "三重區", "category": "早餐店", "grade": "優", "tel": "29990935", "address": "新北市三重區光復路一段68巷22號"}}, {"type": "Feature", "geometry": {"type": "Point", "coordinates": [121.485198001138, 25.070399006396]}, "properties": {"name": "QBurger 三重忠孝店", "district": "三重區", "category": "早餐店", "grade": "優", "tel": "29846788", "address": "新北市三重區忠孝路二段46號"}}, {"type": "Feature", "geometry": {"type": "Point", "coordinates": [121.501503987937, 25.067299001416]}, "properties": {"name": "QBurger 三重長安店", "district": "三重區", "category": "早餐店", "grade": "優", "tel": "29762393", "address": "新北市三重區長安街73號"}}, {"type": "Feature", "geometry": {"type": "Point", "coordinates": [121.4885336, 25.061008]}, "properties": {"name": "QBurger 三重重陽店", "district": "三重區", "category": "早餐店", "grade": "優", "tel": "89881667", "address": "新北市三重區重陽路43巷31號1樓"}}, {"type": "Feature", "geometry": {"type": "Point", "coordinates": [121.49157436634, 25.060117093409]}, "properties": {"name": "QBurger 三重菜寮店", "district": "三重區", "category": "早餐店", "grade": "優", "tel": "29880901", "address": "新北市三重區重新路三段93號1樓"}}, {"type": "Feature", "geometry": {"type": "Point", "coordinates": [121.492479611883, 25.064230302844]}, "properties": {"name": "QBurger 三重國隆店", "district": "三重區", "category": "早餐店", "grade": "優", "tel": "89837007", "address": "新北市三重區國隆路26號"}}, {"type": "Feature", "geometry": {"type": "Point", "coordinates": [121.477416409868, 25.066399120291]}, "properties": {"name": "QBurger 三重頂崁店", "district": "三重區", "category": "早餐店", "grade": "優", "tel": "29843557", "address": "新北市三重區頂崁街188號"}}, {"type": "Feature", "geometry": {"type": "Point", "coordinates": [121.488898024656, 25.052748981422]}, "properties": {"name": "QBurger 三重集成店", "district": "三重區", "category": "早餐店", "grade": "優", "tel": "29776785", "address": "新北市三重區集成路42號"}}, {"type": "Feature", "geometry": {"type": "Point", "coordinates": [121.485858662746, 25.079186803233]}, "properties": {"name": "QBurger 三重慈愛店", "district": "三重區", "category": "早餐店", "grade": "優", "tel": "22808853", "address": "新北市三重區慈愛街46號"}}, {"type": "Feature", "geometry": {"type": "Point", "coordinates": [121.487633027829, 25.082392001097]}, "properties": {"name": "QBurger 三重仁愛店", "district": "三重區", "category": "早餐店", "grade": "優", "tel": "29860322", "address": "新北市三重區溪尾街269號"}}, {"type": "Feature", "geometry": {"type": "Point", "coordinates": [121.492179958845, 25.079756018277]}, "properties": {"name": "QBurger 三重仁政店", "district": "三重區", "category": "早餐店", "grade": "優", "tel": "29886667", "address": "新北市三重區溪美里仁愛街349號"}}, {"type": "Feature", "geometry": {"type": "Point", "coordinates": [121.503005019158, 25.062635017122]}, "properties": {"name": "QBurger 三重福德南店", "district": "三重區", "category": "早餐店", "grade": "優", "tel": "29755550", "address": "新北市三重區福德南路40號"}}, {"type": "Feature", "geometry": {"type": "Point", "coordinates": [121.495962041195, 25.072444987051]}, "properties": {"name": "QBurger 三重龍門店", "district": "三重區", "category": "早餐店", "grade": "優", "tel": "29772611", "address": "新北市三重區龍門路40號"}}, {"type": "Feature", "geometry": {"type": "Point", "coordinates": [121.378232008488, 24.929529011682]}, "properties": {"name": "QBurger 三峽大同店", "district": "三峽區", "category": "早餐店", "grade": "優", "tel": "26740031", "address": "新北市三峽區介壽里大同路1-4號1樓"}}, {"type": "Feature", "geometry": {"type": "Point", "coordinates": [121.366674034561, 24.935843015525]}, "properties": {"name": "QBurger 三峽文化店", "district": "三峽區", "category": "早餐店", "grade": "優", "tel": "26738182", "address": "新北市三峽區文化路266之13號1樓"}}, {"type": "Feature", "geometry": {"type": "Point", "coordinates": [121.371980030728, 24.930459989668]}, "properties": {"name": "QBurger 三峽中華店", "district": "三峽區", "category": "早餐店", "grade": "優", "tel": "86719007", "address": "新北市三峽區安溪里中華路46-2號"}}, {"type": "Feature", "geometry": {"type": "Point", "coordinates": [121.467246982021, 24.983343009364]}, "properties": {"name": "QBurger 土城永豐店", "district": "土城區", "category": "早餐店", "grade": "優", "tel": "22707050", "address": "新北市土城區永豐路135巷10號1樓"}}, {"type": "Feature", "geometry": {"type": "Point", "coordinates": [121.463871002879, 24.984142014284]}, "properties": {"name": "QBurger 土城延吉店", "district": "土城區", "category": "早餐店", "grade": "優", "tel": "82610582", "address": "新北市土城區延吉街312號"}}, {"type": "Feature", "geometry": {"type": "Point", "coordinates": [121.468011998324, 24.990458993702]}, "properties": {"name": "QBurger 土城延和店", "district": "土城區", "category": "早餐店", "grade": "優", "tel": "22631515", "address": "新北市土城區延和路115號1樓"}}, {"type": "Feature", "geometry": {"type": "Point", "coordinates": [121.465576971632, 24.988758012182]}, "properties": {"name": "QBurger 土城立德店", "district": "土城區", "category": "早餐店", "grade": "優", "tel": "22632929", "address": "新北市土城區延和路54號"}}, {"type": "Feature", "geometry": {"type": "Point", "coordinates": [121.45897203193, 24.98054630355]}, "properties": {"name": "QBurger 土城青雲店", "district": "土城區", "category": "早餐店", "grade": "優", "tel": "22730363", "address": "新北市土城區青雲路238號1樓"}}, {"type": "Feature", "geometry": {"type": "Point", "coordinates": [121.442927979605, 24.977904998221]}, "properties": {"name": "QBurger 土城員林店", "district": "土城區", "category": "早餐店", "grade": "優", "tel": "82610003", "address": "新北市土城區員林街10之2號一樓"}}, {"type": "Feature", "geometry": {"type": "Point", "coordinates": [121.455468983136, 24.991471988611]}, "properties": {"name": "QBurger 土城廣興店", "district": "土城區", "category": "早餐店", "grade": "優", "tel": "89661116", "address": "新北市土城區廣興街33號1樓"}}, {"type": "Feature", "geometry": {"type": "Point", "coordinates": [121.452222504398, 24.987480107223]}, "properties": {"name": "QBurger 土城學成店", "district": "土城區", "category": "早餐店", "grade": "優", "tel": "82731862", "address": "新北市土城區學成路47號"}}, {"type": "Feature", "geometry": {"type": "Point", "coordinates": [121.517437985874, 24.993282018692]}, "properties": {"name": "QBurger 中和大仁店", "district": "中和區", "category": "早餐店", "grade": "優", "tel": "02-8668-0138", "address": "新北市中和區大仁街19巷6號1樓"}}, {"type": "Feature", "geometry": {"type": "Point", "coordinates": [121.500044028042, 24.990772979795]}, "properties": {"name": "QBurger 中和中興店", "district": "中和區", "category": "早餐店", "grade": "優", "tel": "22429011", "address": "新北市中和區中興街163號1樓"}}, {"type": "Feature", "geometry": {"type": "Point", "coordinates": [121.511461018357, 24.987078991247]}, "properties": {"name": "QBurger 中和仁愛店", "district": "中和區", "category": "早餐店", "grade": "優", "tel": "29436889", "address": "新北市中和區仁愛街102號"}}, {"type": "Feature", "geometry": {"type": "Point", "coordinates": [121.469075997113, 25.004566994032]}, "properties": {"name": "QBurger 中和民生店", "district": "中和區", "category": "早餐店", "grade": "優", "tel": "29550810", "address": "新北市中和區民生街85巷1弄2號"}}, {"type": "Feature", "geometry": {"type": "Point", "coordinates": [121.473918976949, 25.004699009007]}, "properties": {"name": "QBurger 中和環球店", "district": "中和區", "category": "早餐店", "grade": "優", "tel": "82215555", "address": "新北市中和區民享街6號"}}, {"type": "Feature", "geometry": {"type": "Point", "coordinates": [121.472927984536, 25.000387986656]}, "properties": {"name": "QBurger 中和民享店", "district": "中和區", "category": "早餐店", "grade": "優", "tel": "82282005", "address": "新北市中和區民享街86巷3號1樓"}}, {"type": "Feature", "geometry": {"type": "Point", "coordinates": [121.524089026043, 24.991219986692]}, "properties": {"name": "QBurger 中和自立店", "district": "中和區", "category": "早餐店", "grade": "優", "tel": "29488588", "address": "新北市中和區自立路76號一樓"}}, {"type": "Feature", "geometry": {"type": "Point", "coordinates": [121.526367394964, 24.99558398267]}, "properties": {"name": "QBurger 中和秀朗店", "district": "中和區", "category": "早餐店", "grade": "優", "tel": "29222380", "address": "新北市中和區秀朗路三段48號1樓"}}, {"type": "Feature", "geometry": {"type": "Point", "coordinates": [121.512791980762, 24.995887994299]}, "properties": {"name": "QBurger 中和宜安店", "district": "中和區", "category": "早餐店", "grade": "優", "tel": "86680380", "address": "新北市中和區宜安路25號"}}, {"type": "Feature", "geometry": {"type": "Point", "coordinates": [121.502753981158, 24.995434994342]}, "properties": {"name": "QBurger 中和南山店", "district": "中和區", "category": "早餐店", "grade": "優", "tel": "22439007", "address": "新北市中和區南山路161號1樓"}}, {"type": "Feature", "geometry": {"type": "Point", "coordinates": [121.488258988358, 24.9992770073]}, "properties": {"name": "QBurger 中和建一店", "district": "中和區", "category": "早餐店", "grade": "優", "tel": "82282132", "address": "新北市中和區建一路157號1樓"}}, {"type": "Feature", "geometry": {"type": "Point", "coordinates": [121.481077960451, 25.002845979763]}, "properties": {"name": "QBurger 中和員山店", "district": "中和區", "category": "早餐店", "grade": "優", "tel": "82286062", "address": "新北市中和區員山路395號"}}, {"type": "Feature", "geometry": {"type": "Point", "coordinates": [121.480070958603, 25.00618600054]}, "properties": {"name": "QBurger 中和中山店", "district": "中和區", "category": "早餐店", "grade": "優", "tel": "82211126", "address": "新北市中和區員山路454號"}}, {"type": "Feature", "geometry": {"type": "Point", "coordinates": [121.499584029196, 25.000669995789]}, "properties": {"name": "QBurger 中和泰和店", "district": "中和區", "category": "早餐店", "grade": "優", "tel": "22466060", "address": "新北市中和區泰和街22號"}}, {"type": "Feature", "geometry": {"type": "Point", "coordinates": [121.494730867389, 24.996857752104]}, "properties": {"name": "QBurger 中和板南店", "district": "中和區", "category": "早餐店", "grade": "優", "tel": "22466351", "address": "新北市中和區連城路219巷1號"}}, {"type": "Feature", "geometry": {"type": "Point", "coordinates": [121.483666040694, 24.995229009071]}, "properties": {"name": "QBurger 中和連城店", "district": "中和區", "category": "早餐店", "grade": "優", "tel": "22219606", "address": "新北市中和區連城路469巷17號"}}, {"type": "Feature", "geometry": {"type": "Point", "coordinates": [121.50402199547, 24.990314992606]}, "properties": {"name": "QBurger 中和復興店", "district": "中和區", "category": "早餐店", "grade": "優", "tel": "29462197", "address": "新北市中和區復興路54號"}}, {"type": "Feature", "geometry": {"type": "Point", "coordinates": [121.514946968069, 24.989908009297]}, "properties": {"name": "QBurger 中和景新店", "district": "中和區", "category": "早餐店", "grade": "優", "tel": "86689008", "address": "新北市中和區景平路111巷61弄21號"}}, {"type": "Feature", "geometry": {"type": "Point", "coordinates": [121.506748963849, 24.995535996275]}, "properties": {"name": "QBurger 中和景安店", "district": "中和區", "category": "早餐店", "grade": "優", "tel": "86682175", "address": "新北市中和區景新街175號1樓"}}, {"type": "Feature", "geometry": {"type": "Point", "coordinates": [121.465145974171, 24.996541992294]}, "properties": {"name": "QBurger 中和華順店", "district": "中和區", "category": "早餐店", "grade": "優", "tel": "29620685", "address": "新北市中和區華順街120號1樓"}}, {"type": "Feature", "geometry": {"type": "Point", "coordinates": [121.496790005591, 25.004669001794]}, "properties": {"name": "QBurger 中和福美店", "district": "中和區", "category": "早餐店", "grade": "優", "tel": "22490131", "address": "新北市中和區福善里福美路313號"}}, {"type": "Feature", "geometry": {"type": "Point", "coordinates": [121.502867975041, 25.001572014299]}, "properties": {"name": "QBurger 中和廣福店", "district": "中和區", "category": "早餐店", "grade": "優", "tel": "82458286", "address": "新北市中和區廣福路82號"}}, {"type": "Feature", "geometry": {"type": "Point", "coordinates": [121.506858096228, 24.985072279808]}, "properties": {"name": "QBurger 中和興南店", "district": "中和區", "category": "早餐店", "grade": "優", "tel": "86683877", "address": "新北市中和區興南路二段69號"}}, {"type": "Feature", "geometry": {"type": "Point", "coordinates": [121.433615014625, 25.087007998995]}, "properties": {"name": "QBurger 五股工商店", "district": "五股區", "category": "早餐店", "grade": "優", "tel": "22941002", "address": "新北市五股區工商路193號1樓"}}, {"type": "Feature", "geometry": {"type": "Point", "coordinates": [121.434134022069, 25.067299001416]}, "properties": {"name": "QBurger 五股成泰店", "district": "五股區", "category": "早餐店", "grade": "優", "tel": "29096663", "address": "新北市五股區成泰路一段47號"}}, {"type": "Feature", "geometry": {"type": "Point", "coordinates": [121.437924989237, 25.083173990754]}, "properties": {"name": "QBurger 五股國小店", "district": "五股區", "category": "早餐店", "grade": "優", "tel": "82922183", "address": "新北市五股區成泰路二段108號"}}, {"type": "Feature", "geometry": {"type": "Point", "coordinates": [121.445715968239, 25.092647008175]}, "properties": {"name": "QBurger 五股洲子洋店", "district": "五股區", "category": "早餐店", "grade": "優", "tel": "22921599", "address": "新北市五股區成泰路三段201號"}}, {"type": "Feature", "geometry": {"type": "Point", "coordinates": [121.450899001887, 25.102991994984]}, "properties": {"name": "QBurger 五股成洲店", "district": "五股區", "category": "早餐店", "grade": "優", "tel": "22918228", "address": "新北市五股區成泰路三段577巷43號1樓"}}, {"type": "Feature", "geometry": {"type": "Point", "coordinates": [121.449128995393, 25.097712988545]}, "properties": {"name": "QBurger 五股西雲店", "district": "五股區", "category": "早餐店", "grade": "優", "tel": "22935777", "address": "新北市五股區西雲路241號1樓"}}, {"type": "Feature", "geometry": {"type": "Point", "coordinates": [121.522894018108, 25.002853020561]}, "properties": {"name": "QBurger 永和永元店", "district": "永和區", "category": "早餐店", "grade": "優", "tel": "29265857", "address": "新北市永和區永元路124號"}}, {"type": "Feature", "geometry": {"type": "Point", "coordinates": [121.5084949981, 25.011235007556]}, "properties": {"name": "QBurger 永和永平店", "district": "永和區", "category": "早餐店", "grade": "優", "tel": "29295009", "address": "新北市永和區永平路250號"}}, {"type": "Feature", "geometry": {"type": "Point", "coordinates": [121.523469016665, 25.004789994566]}, "properties": {"name": "QBurger 永和永亨店", "district": "永和區", "category": "早餐店", "grade": "優", "tel": "29202227", "address": "新北市永和區永亨路107號"}}, {"type": "Feature", "geometry": {"type": "Point", "coordinates": [121.518488992713, 25.005801019727]}, "properties": {"name": "QBurger 永和永利店", "district": "永和區", "category": "早餐店", "grade": "優", "tel": "22320310", "address": "新北市永和區永利路3號1樓"}}, {"type": "Feature", "geometry": {"type": "Point", "coordinates": [121.508936975854, 25.007586993746]}, "properties": {"name": "QBurger 永和永貞店", "district": "永和區", "category": "早餐店", "grade": "優", "tel": "29262971", "address": "新北市永和區永貞路355巷2號"}}, {"type": "Feature", "geometry": {"type": "Point", "coordinates": [121.512256963883, 25.013863991487]}, "properties": {"name": "QBurger 永和信義店", "district": "永和區", "category": "早餐店", "grade": "優", "tel": "29214352", "address": "新北市永和區信義路93號1樓"}}, {"type": "Feature", "geometry": {"type": "Point", "coordinates": [121.519720964841, 24.999991983641]}, "properties": {"name": "QBurger 永和得和店", "district": "永和區", "category": "早餐店", "grade": "優", "tel": "86681921", "address": "新北市永和區得和路172號1樓"}}, {"type": "Feature", "geometry": {"type": "Point", "coordinates": [121.664199997515, 25.064948003304]}, "properties": {"name": "QBurger 汐止綠多店", "district": "汐止區", "category": "早餐店", "grade": "優", "tel": "26430058", "address": "新北市汐止區仁愛路162號1樓"}}, {"type": "Feature", "geometry": {"type": "Point", "coordinates": [121.659973003743, 25.062814012665]}, "properties": {"name": "QBurger 汐止秀峰店", "district": "汐止區", "category": "早餐店", "grade": "優", "tel": "26430098", "address": "新北市汐止區仁愛路26號1樓"}}, {"type": "Feature", "geometry": {"type": "Point", "coordinates": [121.630532993763, 25.07094399774]}, "properties": {"name": "QBurger 汐止明峰店", "district": "汐止區", "category": "早餐店", "grade": "優", "tel": "26932023", "address": "新北市汐止區明峰街125-3號1樓"}}, {"type": "Feature", "geometry": {"type": "Point", "coordinates": [121.630732985973, 25.065244010214]}, "properties": {"name": "QBurger 汐止福德店", "district": "汐止區", "category": "早餐店", "grade": "優", "tel": "26957300", "address": "新北市汐止區福德二路140號"}}, {"type": "Feature", "geometry": {"type": "Point", "coordinates": [121.642250978221, 25.06455099446]}, "properties": {"name": "QBurger 汐止樟樹店", "district": "汐止區", "category": "早餐店", "grade": "優", "tel": "86916631", "address": "新北市汐止區樟樹一路130號"}}, {"type": "Feature", "geometry": {"type": "Point", "coordinates": [121.455513993956, 25.017012988691]}, "properties": {"name": "QBurger 板橋大仁店", "district": "板橋區", "category": "早餐店", "grade": "優", "tel": "29666587", "address": "新北市板橋區大仁街26號1樓"}}, {"type": "Feature", "geometry": {"type": "Point", "coordinates": [121.467594411908, 25.020259090243]}, "properties": {"name": "QBurger 板橋介壽店", "district": "板橋區", "category": "早餐店", "grade": "優", "tel": "22553597", "address": "新北市板橋區介壽街17號1樓"}}, {"type": "Feature", "geometry": {"type": "Point", "coordinates": [121.478421986791, 25.027876982944]}, "properties": {"name": "QBurger 板橋文聖店", "district": "板橋區", "category": "早餐店", "grade": "優", "tel": "22500123", "address": "新北市板橋區文聖街142號"}}, {"type": "Feature", "geometry": {"type": "Point", "coordinates": [121.462657973851, 25.029859009678]}, "properties": {"name": "QBurger 板橋四維店", "district": "板橋區", "category": "早餐店", "grade": "優", "tel": "22551055", "address": "新北市板橋區四維路308號"}}, {"type": "Feature", "geometry": {"type": "Point", "coordinates": [121.479642978627, 25.033017981347]}, "properties": {"name": "QBurger 板橋民治店", "district": "板橋區", "category": "早餐店", "grade": "優", "tel": "22502901", "address": "新北市板橋區民治街63號1樓"}}, {"type": "Feature", "geometry": {"type": "Point", "coordinates": [121.474244027154, 25.019717996484]}, "properties": {"name": "QBurger 板橋永豐店", "district": "板橋區", "category": "早餐店", "grade": "優", "tel": "29580337", "address": "新北市板橋區永豐街115號"}}, {"type": "Feature", "geometry": {"type": "Point", "coordinates": [121.467477987272, 25.030879003476]}, "properties": {"name": "QBurger 板橋吳鳳店", "district": "板橋區", "category": "早餐店", "grade": "優", "tel": "22572358", "address": "新北市板橋區吳鳳路68號"}}, {"type": "Feature", "geometry": {"type": "Point", "coordinates": [121.475419002341, 25.015884784523]}, "properties": {"name": "QBurger 板橋中山店", "district": "板橋區", "category": "早餐店", "grade": "優", "tel": "29552958", "address": "新北市板橋區東丘里中山路2段90巷12號"}}, {"type": "Feature", "geometry": {"type": "Point", "coordinates": [121.43257398225, 24.990117012053]}, "properties": {"name": "QBurger 板橋金園店", "district": "板橋區", "category": "早餐店", "grade": "優", "tel": "26818787", "address": "新北市板橋區金門街171號"}}, {"type": "Feature", "geometry": {"type": "Point", "coordinates": [121.474574022682, 25.012094990822]}, "properties": {"name": "QBurger 板橋長安店", "district": "板橋區", "category": "早餐店", "grade": "優", "tel": "29590700", "address": "新北市板橋區長安街210之1號"}}, {"type": "Feature", "geometry": {"type": "Point", "coordinates": [121.460453030402, 25.024648986303]}, "properties": {"name": "QBurger 板橋英士店", "district": "板橋區", "category": "早餐店", "grade": "優", "tel": "22580533", "address": "新北市板橋區英士路70號"}}, {"type": "Feature", "geometry": {"type": "Point", "coordinates": [121.461930005561, 25.005477981179]}, "properties": {"name": "QBurger 板橋重慶店", "district": "板橋區", "category": "早餐店", "grade": "優", "tel": "89523866", "address": "新北市板橋區重慶路108號"}}, {"type": "Feature", "geometry": {"type": "Point", "coordinates": [121.46091202342, 25.018622984653]}, "properties": {"name": "QBurger 板橋國光店", "district": "板橋區", "category": "早餐店", "grade": "優", "tel": "29684685", "address": "新北市板橋區國光路183號"}}, {"type": "Feature", "geometry": {"type": "Point", "coordinates": [121.461816263134, 24.996210110838]}, "properties": {"name": "QBurger 板橋國慶店", "district": "板橋區", "category": "早餐店", "grade": "優", "tel": "29511321", "address": "新北市板橋區國慶路161之5號"}}, {"type": "Feature", "geometry": {"type": "Point", "coordinates": [121.470937198713, 25.023522709973]}, "properties": {"name": "QBurger 板橋莊敬店", "district": "板橋區", "category": "早餐店", "grade": "優", "tel": "22555663", "address": "新北市板橋區莊敬路134號"}}, {"type": "Feature", "geometry": {"type": "Point", "coordinates": [121.45850800977, 25.0048650126]}, "properties": {"name": "QBurger 板橋華興店", "district": "板橋區", "category": "早餐店", "grade": "優", "tel": "29522710", "address": "新北市板橋區華興街40號"}}, {"type": "Feature", "geometry": {"type": "Point", "coordinates": [121.44710099392, 25.011805018881]}, "properties": {"name": "QBurger 板橋僑中店", "district": "板橋區", "category": "早餐店", "grade": "優", "tel": "82752908", "address": "新北市板橋區僑中一街90號1樓"}}, {"type": "Feature", "geometry": {"type": "Point", "coordinates": [121.478877040315, 25.030631988789]}, "properties": {"name": "QBurger 板橋懷德店", "district": "板橋區", "category": "早餐店", "grade": "優", "tel": "22563030", "address": "新北市板橋區懷德街160號"}}, {"type": "Feature", "geometry": {"type": "Point", "coordinates": [121.390810982041, 25.07890999088]}, "properties": {"name": "QBurger 林口國小店", "district": "林口區", "category": "早餐店", "grade": "優", "tel": "26012712", "address": "新北市林口區中山路156-1號一樓"}}, {"type": "Feature", "geometry": {"type": "Point", "coordinates": [121.395192035192, 25.078187009822]}, "properties": {"name": "QBurger 林口中山店", "district": "林口區", "category": "早餐店", "grade": "優", "tel": "26026033", "address": "新北市林口區中山路3號1樓"}}, {"type": "Feature", "geometry": {"type": "Point", "coordinates": [121.3819430123, 25.074361006298]}, "properties": {"name": "QBurger 林口仁愛店", "district": "林口區", "category": "早餐店", "grade": "優", "tel": "26016558", "address": "新北市林口區西林里仁愛路二段150號"}}, {"type": "Feature", "geometry": {"type": "Point", "coordinates": [121.433838979077, 25.056954014607]}, "properties": {"name": "QBurger 泰山全興店", "district": "泰山區", "category": "早餐店", "grade": "優", "tel": "22970930", "address": "新北市泰山區全興路105號"}}, {"type": "Feature", "geometry": {"type": "Point", "coordinates": [121.4283589746, 25.051844993165]}, "properties": {"name": "QBurger 泰山義學店", "district": "泰山區", "category": "早餐店", "grade": "優", "tel": "29002131", "address": "新北市泰山區明志路2段101號"}}, {"type": "Feature", "geometry": {"type": "Point", "coordinates": [121.425482975983, 25.044364982771]}, "properties": {"name": "QBurger 泰山明志店", "district": "泰山區", "category": "早餐店", "grade": "優", "tel": "29081667", "address": "新北市泰山區明志路2段353號"}}, {"type": "Feature", "geometry": {"type": "Point", "coordinates": [121.43087036043, 25.056482406825]}, "properties": {"name": "QBurger 泰山泰高店", "district": "泰山區", "category": "早餐店", "grade": "優", "tel": "22960737", "address": "新北市泰山區明志路一段433號一樓"}}, {"type": "Feature", "geometry": {"type": "Point", "coordinates": [121.425160021253, 25.063874993969]}, "properties": {"name": "QBurger 泰山泰林店", "district": "泰山區", "category": "早餐店", "grade": "優", "tel": "29090097", "address": "新北市泰山區泰林路二段475號1樓"}}, {"type": "Feature", "geometry": {"type": "Point", "coordinates": [121.442992017345, 25.178130979267]}, "properties": {"name": "QBurger 淡水中山北店", "district": "淡水區", "category": "早餐店", "grade": "優", "tel": "26201186", "address": "新北市淡水區中山北路一段149巷28號"}}, {"type": "Feature", "geometry": {"type": "Point", "coordinates": [121.448565982957, 25.170241009989]}, "properties": {"name": "QBurger 淡水學府店", "district": "淡水區", "category": "早餐店", "grade": "優", "tel": "86315056", "address": "新北市淡水區學府路85號"}}, {"type": "Feature", "geometry": {"type": "Point", "coordinates": [121.540893987539, 24.980433986047]}, "properties": {"name": "QBurger 新店大豐店", "district": "新店區", "category": "早餐店", "grade": "優", "tel": "89146488", "address": "新北市新店區大豐路16巷2號"}}, {"type": "Feature", "geometry": {"type": "Point", "coordinates": [121.533721006258, 24.986409989645]}, "properties": {"name": "QBurger 新店中正店", "district": "新店區", "category": "早餐店", "grade": "優", "tel": "86673625", "address": "新北市新店區中正路546號1樓"}}, {"type": "Feature", "geometry": {"type": "Point", "coordinates": [121.540253023403, 24.967595005858]}, "properties": {"name": "QBurger 新店中華店", "district": "新店區", "category": "早餐店", "grade": "優", "tel": "29120298", "address": "新北市新店區中華路39號"}}, {"type": "Feature", "geometry": {"type": "Point", "coordinates": [121.517706961146, 24.973700006946]}, "properties": {"name": "QBurger 新店安民店", "district": "新店區", "category": "早餐店", "grade": "優", "tel": "22120652", "address": "新北市新店區安民街300號一樓"}}, {"type": "Feature", "geometry": {"type": "Point", "coordinates": [121.512730960507, 24.96215498306]}, "properties": {"name": "QBurger 新店安康店", "district": "新店區", "category": "早餐店", "grade": "優", "tel": "86663040", "address": "新北市新店區安康路二段107巷1號"}}, {"type": "Feature", "geometry": {"type": "Point", "coordinates": [121.493087970416, 24.953281984177]}, "properties": {"name": "QBurger 新店玫瑰店", "district": "新店區", "category": "早餐店", "grade": "優", "tel": "22126673", "address": "新北市新店區安康路三段30號一樓"}}, {"type": "Feature", "geometry": {"type": "Point", "coordinates": [121.537983036385, 24.979685985008]}, "properties": {"name": "QBurger 新店建國店", "district": "新店區", "category": "早餐店", "grade": "優", "tel": "22188372", "address": "新北市新店區建國路189號1樓"}}, {"type": "Feature", "geometry": {"type": "Point", "coordinates": [121.540653007822, 24.976151001163]}, "properties": {"name": "QBurger 新店建興店", "district": "新店區", "category": "早餐店", "grade": "優", "tel": "29115618", "address": "新北市新店區建國路72號"}}, {"type": "Feature", "geometry": {"type": "Point", "coordinates": [121.445343560281, 25.044785586672]}, "properties": {"name": "QBurger 新莊中平店", "district": "新莊區", "category": "早餐店", "grade": "優", "tel": "29979188", "address": "新北市新莊區中平路82巷10號"}}, {"type": "Feature", "geometry": {"type": "Point", "coordinates": [121.450853907247, 25.050926797581]}, "properties": {"name": "QBurger 新莊中信店", "district": "新莊區", "category": "早餐店", "grade": "優", "tel": "29902295", "address": "新北市新莊區中信街18號"}}, {"type": "Feature", "geometry": {"type": "Point", "coordinates": [121.454865989021, 25.041545017176]}, "properties": {"name": "QBurger 新莊中美店", "district": "新莊區", "category": "早餐店", "grade": "優", "tel": "29961570", "address": "新北市新莊區中港路179號"}}, {"type": "Feature", "geometry": {"type": "Point", "coordinates": [121.452155030077, 25.047616993565]}, "properties": {"name": "QBurger 新莊中港店", "district": "新莊區", "category": "早餐店", "grade": "優", "tel": "22791117", "address": "新北市新莊區中港路419號"}}, {"type": "Feature", "geometry": {"type": "Point", "coordinates": [121.451941040089, 25.038311991393]}, "properties": {"name": "QBurger 新莊中華店", "district": "新莊區", "category": "早餐店", "grade": "優", "tel": "29963313", "address": "新北市新莊區中華路一段45巷2號"}}, {"type": "Feature", "geometry": {"type": "Point", "coordinates": [121.459200187334, 25.066717884069]}, "properties": {"name": "QBurger 新北五工店", "district": "新莊區", "category": "早餐店", "grade": "優", "tel": "22981080", "address": "新北市新莊區五工二路95號"}}, {"type": "Feature", "geometry": {"type": "Point", "coordinates": [121.465001973074, 25.043925016673]}, "properties": {"name": "QBurger 新莊化成店", "district": "新莊區", "category": "早餐店", "grade": "優", "tel": "29906004", "address": "新北市新莊區化成路31號"}}, {"type": "Feature", "geometry": {"type": "Point", "coordinates": [121.428180020968, 25.019677008977]}, "properties": {"name": "QBurger 新莊民本店", "district": "新莊區", "category": "早餐店", "grade": "優", "tel": "22081229", "address": "新北市新莊區民本街22號"}}, {"type": "Feature", "geometry": {"type": "Point", "coordinates": [121.42595152437, 25.013455708983]}, "properties": {"name": "QBurger 新莊光明店", "district": "新莊區", "category": "早餐店", "grade": "優", "tel": "22035686", "address": "新北市新莊區民安西路256號1樓"}}, {"type": "Feature", "geometry": {"type": "Point", "coordinates": [121.444282578977, 25.050974993525]}, "properties": {"name": "QBurger 新莊立信店", "district": "新莊區", "category": "早餐店", "grade": "優", "tel": "22777909", "address": "新北市新莊區立信三街12巷12號 1樓"}}, {"type": "Feature", "geometry": {"type": "Point", "coordinates": [121.422743015654, 25.019415996512]}, "properties": {"name": "QBurger 新莊成德店", "district": "新莊區", "category": "早餐店", "grade": "優", "tel": "22080936", "address": "新北市新莊區成德街8號"}}, {"type": "Feature", "geometry": {"type": "Point", "coordinates": [121.456404990263, 25.045320980738]}, "properties": {"name": "QBurger 新莊自立店", "district": "新莊區", "category": "早餐店", "grade": "優", "tel": "29927886", "address": "新北市新莊區自立街190號"}}, {"type": "Feature", "geometry": {"type": "Point", "coordinates": [121.45683900521, 25.052411987005]}, "properties": {"name": "QBurger 新莊昌明店", "district": "新莊區", "category": "早餐店", "grade": "優", "tel": "89921802", "address": "新北市新莊區昌明街28號"}}, {"type": "Feature", "geometry": {"type": "Point", "coordinates": [121.447085990313, 25.036757986544]}, "properties": {"name": "QBurger 新莊建中店", "district": "新莊區", "category": "早餐店", "grade": "優", "tel": "29922626", "address": "新北市新莊區建中街86號"}}, {"type": "Feature", "geometry": {"type": "Point", "coordinates": [121.428779997597, 25.025431981788]}, "properties": {"name": "QBurger 新莊建安店", "district": "新莊區", "category": "早餐店", "grade": "優", "tel": "22012300", "address": "新北市新莊區建安街45號1樓"}}, {"type": "Feature", "geometry": {"type": "Point", "coordinates": [121.448081173677, 25.034169487205]}, "properties": {"name": "QBurger 新莊新豐店", "district": "新莊區", "category": "早餐店", "grade": "優", "tel": "22010220", "address": "新北市新莊區新豐街25號1樓"}}, {"type": "Feature", "geometry": {"type": "Point", "coordinates": [121.417901963656, 25.022432014822]}, "properties": {"name": "QBurger 新莊裕民店", "district": "新莊區", "category": "早餐店", "grade": "優", "tel": "29015532", "address": "新北市新莊區裕民街128號"}}, {"type": "Feature", "geometry": {"type": "Point", "coordinates": [121.465793979105, 25.05579198946]}, "properties": {"name": "QBurger 新莊頭前店", "district": "新莊區", "category": "早餐店", "grade": "優", "tel": "85213381", "address": "新北市新莊區頭前里化成路319號"}}, {"type": "Feature", "geometry": {"type": "Point", "coordinates": [121.416634116981, 25.026983681613]}, "properties": {"name": "QBurger 新莊雙鳳店", "district": "新莊區", "category": "早餐店", "grade": "優", "tel": "29081680", "address": "新北市新莊區雙鳳路23號1樓"}}, {"type": "Feature", "geometry": {"type": "Point", "coordinates": [121.40583923152, 25.016077694025]}, "properties": {"name": "QBurger 樹林三福店", "district": "樹林區", "category": "早餐店", "grade": "優", "tel": "26880015", "address": "新北市樹林區三福街144號"}}, {"type": "Feature", "geometry": {"type": "Point", "coordinates": [121.425135965191, 24.995761008466]}, "properties": {"name": "QBurger 樹林千歲店", "district": "樹林區", "category": "早餐店", "grade": "優", "tel": "26851910", "address": "新北市樹林區千歲街12號"}}, {"type": "Feature", "geometry": {"type": "Point", "coordinates": [121.383869006012, 24.9495610059]}, "properties": {"name": "QBurger 樹林大有店", "district": "樹林區", "category": "早餐店", "grade": "優", "tel": "26800083", "address": "新北市樹林區大有路118號"}}, {"type": "Feature", "geometry": {"type": "Point", "coordinates": [121.418001959761, 24.979223010586]}, "properties": {"name": "QBurger 樹林太順店", "district": "樹林區", "category": "早餐店", "grade": "優", "tel": "86860151", "address": "新北市樹林區太順街47號"}}, {"type": "Feature", "geometry": {"type": "Point", "coordinates": [121.422201963804, 24.990997991986]}, "properties": {"name": "QBurger 樹林日新店", "district": "樹林區", "category": "早餐店", "grade": "優", "tel": "26852697", "address": "新北市樹林區日新街67號"}}, {"type": "Feature", "geometry": {"type": "Point", "coordinates": [121.41918196409, 24.989537990181]}, "properties": {"name": "QBurger 樹林育英店", "district": "樹林區", "category": "早餐店", "grade": "優", "tel": "26851719", "address": "新北市樹林區育英街146號"}}, {"type": "Feature", "geometry": {"type": "Point", "coordinates": [121.415484036047, 25.00153299654]}, "properties": {"name": "QBurger 樹林保安店", "district": "樹林區", "category": "早餐店", "grade": "優", "tel": "26889990", "address": "新北市樹林區保安街二段115號1樓"}}, {"type": "Feature", "geometry": {"type": "Point", "coordinates": [121.471015988603, 25.080905009564]}, "properties": {"name": "QBurger 蘆洲中山店", "district": "蘆洲區", "category": "早餐店", "grade": "優", "tel": "22885811", "address": "新北市蘆洲區中山二路179號1樓"}}, {"type": "Feature", "geometry": {"type": "Point", "coordinates": [121.46639697322, 25.084267996756]}, "properties": {"name": "QBurger 蘆洲光華店", "district": "蘆洲區", "category": "早餐店", "grade": "優", "tel": "22853131", "address": "新北市蘆洲區中正路185巷31弄1號"}}, {"type": "Feature", "geometry": {"type": "Point", "coordinates": [121.48185798036, 25.090003984557]}, "properties": {"name": "QBurger 蘆洲中興店", "district": "蘆洲區", "category": "早餐店", "grade": "優", "tel": "82857757", "address": "新北市蘆洲區中興街181號"}}, {"type": "Feature", "geometry": {"type": "Point", "coordinates": [121.471922491431, 25.091680784287]}, "properties": {"name": "QBurger 蘆洲民族店", "district": "蘆洲區", "category": "早餐店", "grade": "優", "tel": "22888383", "address": "新北市蘆洲區民族路357號"}}, {"type": "Feature", "geometry": {"type": "Point", "coordinates": [121.468092967508, 25.089097984642]}, "properties": {"name": "QBurger 蘆洲三民店", "district": "蘆洲區", "category": "早餐店", "grade": "優", "tel": "28480213", "address": "新北市蘆洲區民族路429號"}}, {"type": "Feature", "geometry": {"type": "Point", "coordinates": [121.457507964902, 25.086790991522]}, "properties": {"name": "QBurger 蘆洲成功店", "district": "蘆洲區", "category": "早餐店", "grade": "優", "tel": "22880695", "address": "新北市蘆洲區長安街268號"}}, {"type": "Feature", "geometry": {"type": "Point", "coordinates": [121.463187961589, 25.079614992756]}, "properties": {"name": "QBurger 蘆洲長安店", "district": "蘆洲區", "category": "早餐店", "grade": "優", "tel": "22882985", "address": "新北市蘆洲區長安街53號"}}, {"type": "Feature", "geometry": {"type": "Point", "coordinates": [121.460189000452, 25.088067010552]}, "properties": {"name": "QBurger 蘆洲長興店", "district": "蘆洲區", "category": "早餐店", "grade": "優", "tel": "22882835", "address": "新北市蘆洲區長興路265號"}}, {"type": "Feature", "geometry": {"type": "Point", "coordinates": [121.479025986734, 25.084293016737]}, "properties": {"name": "QBurger 蘆洲信義店", "district": "蘆洲區", "category": "早餐店", "grade": "優", "tel": "28487578", "address": "新北市蘆洲區信義路245號"}}, {"type": "Feature", "geometry": {"type": "Point", "coordinates": [121.346584959583, 24.954145990756]}, "properties": {"name": "QBurger 鶯歌南雅店", "district": "鶯歌區", "category": "早餐店", "grade": "優", "tel": "86776886", "address": "新北市鶯歌區南雅路447號1樓"}}, {"type": "Feature", "geometry": {"type": "Point", "coordinates": [121.497046994743, 25.061745990562]}, "properties": {"name": "築間-新北三重店", "district": "三重區", "category": "一般餐廳", "grade": "優", "tel": "02-29785222", "address": "新北市三重區重新路2段92號"}}, {"type": "Feature", "geometry": {"type": "Point", "coordinates": [121.372547317935, 24.946789697254]}, "properties": {"name": "築間-三峽大學店", "district": "三峽區", "category": "一般餐廳", "grade": "優", "tel": "02-26722226", "address": "新北市三峽區大學路198號"}}, {"type": "Feature", "geometry": {"type": "Point", "coordinates": [121.445151614698, 24.979227411085]}, "properties": {"name": "築間-土城中央店", "district": "土城區", "category": "一般餐廳", "grade": "優", "tel": "02-22601555", "address": "新北市土城區中央路二段21巷128號1樓"}}, {"type": "Feature", "geometry": {"type": "Point", "coordinates": [121.460614968771, 24.982452013056]}, "properties": {"name": "築間-土城清水店", "district": "土城區", "category": "一般餐廳", "grade": "優", "tel": "02-22747799", "address": "新北市土城區立仁街52號"}}, {"type": "Feature", "geometry": {"type": "Point", "coordinates": [121.45332170718, 24.982458006117]}, "properties": {"name": "築間-土城裕民店", "district": "土城區", "category": "一般餐廳", "grade": "優", "tel": "02-22645577", "address": "新北市土城區學士路23號"}}, {"type": "Feature", "geometry": {"type": "Point", "coordinates": [121.50851402502, 24.999508012552]}, "properties": {"name": "築間-雙和中和店", "district": "中和區", "category": "一般餐廳", "grade": "優", "tel": "02-29262255", "address": "新北市中和區中和路262號1樓"}}, {"type": "Feature", "geometry": {"type": "Point", "coordinates": [121.515214015504, 25.012055009143]}, "properties": {"name": "築間-新北永和店", "district": "永和區", "category": "一般餐廳", "grade": "優", "tel": "02-29217588", "address": "新北市永和區永和路二段116號5樓"}}, {"type": "Feature", "geometry": {"type": "Point", "coordinates": [121.667114543409, 25.06752230108]}, "properties": {"name": "築間-新北汐止店", "district": "汐止區", "category": "一般餐廳", "grade": "優", "tel": "02-26487779", "address": "新北市汐止區新台五路二段12號1、2樓"}}, {"type": "Feature", "geometry": {"type": "Point", "coordinates": [121.4608065, 25.0088426]}, "properties": {"name": "築間-板誠店", "district": "板橋區", "category": "一般餐廳", "grade": "優", "tel": "02-29623456", "address": "新北市板橋區中山路一段46號(誠品B1)"}}, {"type": "Feature", "geometry": {"type": "Point", "coordinates": [121.365974537771, 25.069127014573]}, "properties": {"name": "築間-林口文化", "district": "林口區", "category": "一般餐廳", "grade": "優", "tel": "02-26085533", "address": "新北市林口區文化二路一段72號2樓"}}, {"type": "Feature", "geometry": {"type": "Point", "coordinates": [121.429569489057, 25.186830388935]}, "properties": {"name": "築間-淡水新市店", "district": "淡水區", "category": "一般餐廳", "grade": "優", "tel": "02-26229933", "address": "新北市淡水區新市一路一段8號1樓"}}, {"type": "Feature", "geometry": {"type": "Point", "coordinates": [121.530558011276, 24.972507010667]}, "properties": {"name": "築間-新店小碧潭店", "district": "新店區", "category": "一般餐廳", "grade": "優", "tel": "02-89136177", "address": "新北市新店區中央路157號5樓"}}, {"type": "Feature", "geometry": {"type": "Point", "coordinates": [121.458923568411, 25.038110992105]}, "properties": {"name": "築間-新莊中正店", "district": "新莊區", "category": "一般餐廳", "grade": "優", "tel": "02-22767522", "address": "新北市新莊區中正路72號2樓"}}, {"type": "Feature", "geometry": {"type": "Point", "coordinates": [121.444923962208, 25.05464500983]}, "properties": {"name": "築間-新莊中悅廣場店", "district": "新莊區", "category": "一般餐廳", "grade": "優", "tel": "02-89956561", "address": "新北市新莊區中原里中平路402號"}}, {"type": "Feature", "geometry": {"type": "Point", "coordinates": [121.468102019964, 25.089909981512]}, "properties": {"name": "築間-蘆洲三民店", "district": "蘆洲區", "category": "一般餐廳", "grade": "優", "tel": "02-22887337", "address": "新北市蘆洲區三民路248號"}}, {"type": "Feature", "geometry": {"type": "Point", "coordinates": [121.4982522286, 25.250398616889]}, "properties": {"name": "江山美味", "district": "三芝區", "category": "一般餐廳", "grade": "優", "tel": "02-26368289", "address": "新北市三芝區中正路三段42號"}}, {"type": "Feature", "geometry": {"type": "Point", "coordinates": [121.498766961274, 25.256229990747]}, "properties": {"name": "鮮溢小坊", "district": "三芝區", "category": "一般餐廳", "grade": "優", "tel": "02-26366862", "address": "新北市三芝區中興街2段16號1樓"}}, {"type": "Feature", "geometry": {"type": "Point", "coordinates": [121.500033969758, 25.254799996156]}, "properties": {"name": "樂日意大利麵", "district": "三芝區", "category": "一般餐廳", "grade": "優", "tel": "0979248486", "address": "新北市三芝區長勤街100號"}}, {"type": "Feature", "geometry": {"type": "Point", "coordinates": [121.470106719746, 25.05102821861]}, "properties": {"name": "想饗宅配晚餐", "district": "三重區", "category": "一般餐廳", "grade": "優", "tel": "0933817961", "address": "新北市三重區中興北街135巷12號1樓"}}, {"type": "Feature", "geometry": {"type": "Point", "coordinates": [121.370557035026, 24.936442992155]}, "properties": {"name": "食匠溫州大餛飩小吃店", "district": "三峽區", "category": "一般餐廳", "grade": "優", "tel": "02-26725333", "address": "新北市三峽區文化路140號"}}, {"type": "Feature", "geometry": {"type": "Point", "coordinates": [121.367940037217, 24.936029009957]}, "properties": {"name": "8鍋臭臭鍋", "district": "三峽區", "category": "一般餐廳", "grade": "優", "tel": "02-26738859", "address": "新北市三峽區文化路226號"}}, {"type": "Feature", "geometry": {"type": "Point", "coordinates": [121.367909024175, 24.935954997752]}, "properties": {"name": "豚將拉麵", "district": "三峽區", "category": "一般餐廳", "grade": "優", "tel": "02-26710331", "address": "新北市三峽區文化路228號"}}, {"type": "Feature", "geometry": {"type": "Point", "coordinates": [121.370282108602, 24.937267394242]}, "properties": {"name": "麻醉燙", "district": "三峽區", "category": "一般餐廳", "grade": "優", "tel": "02-26717776", "address": "新北市三峽區和平街38之1號"}}, {"type": "Feature", "geometry": {"type": "Point", "coordinates": [121.370184962344, 24.937877010059]}, "properties": {"name": "一品羊", "district": "三峽區", "category": "一般餐廳", "grade": "優", "tel": "02-26728776", "address": "新北市三峽區和平街91之2號"}}, {"type": "Feature", "geometry": {"type": "Point", "coordinates": [121.461098017851, 24.977722985194]}, "properties": {"name": "玩酷好食在", "district": "土城區", "category": "一般餐廳", "grade": "優", "tel": "02-22639099", "address": "新北市土城區明德路一段214號"}}, {"type": "Feature", "geometry": {"type": "Point", "coordinates": [121.460652016783, 24.977599980765]}, "properties": {"name": "板橋阿通肉羹", "district": "土城區", "category": "一般餐廳", "grade": "優", "tel": "0918332670", "address": "新北市土城區明德路一段226號"}}, {"type": "Feature", "geometry": {"type": "Point", "coordinates": [121.459183004433, 24.981409010934]}, "properties": {"name": "双木林甜不辣", "district": "土城區", "category": "一般餐廳", "grade": "優", "tel": "02-29510319", "address": "新北市土城區清水路146號"}}, {"type": "Feature", "geometry": {"type": "Point", "coordinates": [121.457219962709, 24.981532015363]}, "properties": {"name": "鴻莉燒臘快餐店", "district": "土城區", "category": "一般餐廳", "grade": "優", "tel": "02-82610777", "address": "新北市土城區清水路92號"}}, {"type": "Feature", "geometry": {"type": "Point", "coordinates": [121.491935961643, 24.996811009476]}, "properties": {"name": "驛膳香小吃店", "district": "中和區", "category": "一般餐廳", "grade": "優", "tel": "02-22438819", "address": "新北市中和區連城路196號"}}, {"type": "Feature", "geometry": {"type": "Point", "coordinates": [121.491906038249, 24.996683981734]}, "properties": {"name": "富田牛肉麵", "district": "中和區", "category": "一般餐廳", "grade": "優", "tel": "02-22222355", "address": "新北市中和區連城路200號"}}, {"type": "Feature", "geometry": {"type": "Point", "coordinates": [121.49174401606, 24.996332989538]}, "properties": {"name": "樂福炒飯專賣店", "district": "中和區", "category": "一般餐廳", "grade": "優", "tel": "02-22406272", "address": "新北市中和區連城路263-1號"}}, {"type": "Feature", "geometry": {"type": "Point", "coordinates": [121.489394987696, 24.996087986508]}, "properties": {"name": "乾拌高手原汁牛肉麵館", "district": "中和區", "category": "一般餐廳", "grade": "優", "tel": "02-22288747", "address": "新北市中和區連城路315號"}}, {"type": "Feature", "geometry": {"type": "Point", "coordinates": [121.488256976701, 24.995940004008]}, "properties": {"name": "大豚涮涮屋", "district": "中和區", "category": "一般餐廳", "grade": "優", "tel": "02-22230821", "address": "新北市中和區連城路343號"}}, {"type": "Feature", "geometry": {"type": "Point", "coordinates": [121.487648031436, 24.995501001829]}, "properties": {"name": "大榮華燒臘店", "district": "中和區", "category": "一般餐廳", "grade": "優", "tel": "02-22255559", "address": "新北市中和區連城路347巷4弄15號1樓"}}, {"type": "Feature", "geometry": {"type": "Point", "coordinates": [121.486283038504, 24.996079981791]}, "properties": {"name": "徐家飯捲", "district": "中和區", "category": "一般餐廳", "grade": "優", "tel": "02-82287228", "address": "新北市中和區連城路399號"}}, {"type": "Feature", "geometry": {"type": "Point", "coordinates": [121.674917, 25.010503]}, "properties": {"name": "LOFT17森活休閒園區", "district": "石碇區", "category": "一般餐廳", "grade": "優", "tel": "02-26638518", "address": "新北市石碇區中民里番子坑17號"}}, {"type": "Feature", "geometry": {"type": "Point", "coordinates": [121.6770458, 24.9653053]}, "properties": {"name": "野宴食堂", "district": "石碇區", "category": "一般餐廳", "grade": "優", "tel": "02-26634276", "address": "新北市石碇區彭山里崩山12號"}}, {"type": "Feature", "geometry": {"type": "Point", "coordinates": [121.660189005388, 25.067752001373]}, "properties": {"name": "亞杜蘭廚房", "district": "汐止區", "category": "一般餐廳", "grade": "優", "tel": "02-26489696", "address": "新北市汐止區大同路二段470號"}}, {"type": "Feature", "geometry": {"type": "Point", "coordinates": [121.466146941048, 25.011600290896]}, "properties": {"name": "星馬廚房", "district": "板橋區", "category": "一般餐廳", "grade": "優", "tel": "02-22512222", "address": "新北市板橋區中山路一段158巷10號"}}, {"type": "Feature", "geometry": {"type": "Point", "coordinates": [121.459755721356, 25.007458395828]}, "properties": {"name": "兆富飲食店", "district": "板橋區", "category": "一般餐廳", "grade": "優", "tel": "02-295560083", "address": "新北市板橋區中山路一段2號B1"}}, {"type": "Feature", "geometry": {"type": "Point", "coordinates": [121.470305035575, 25.014198010328]}, "properties": {"name": "小秘苑燒肉餐酒", "district": "板橋區", "category": "一般餐廳", "grade": "優", "tel": "02-89531810", "address": "新北市板橋區中山路一段285號1樓"}}, {"type": "Feature", "geometry": {"type": "Point", "coordinates": [121.459975429559, 25.00812251354]}, "properties": {"name": "茗香園冰室板橋店", "district": "板橋區", "category": "一般餐廳", "grade": "優", "tel": "02-29500029", "address": "新北市板橋區中山路一段7號"}}, {"type": "Feature", "geometry": {"type": "Point", "coordinates": [121.460163016552, 25.013581018436]}, "properties": {"name": "恬秘密咖啡館", "district": "板橋區", "category": "一般餐廳", "grade": "優", "tel": "0965338862", "address": "新北市板橋區文化路一段45巷8號"}}, {"type": "Feature", "geometry": {"type": "Point", "coordinates": [121.457022317432, 25.011138280393]}, "properties": {"name": "邱家油飯肉羹", "district": "板橋區", "category": "一般餐廳", "grade": "優", "tel": "02-29605635", "address": "新北市板橋區北門街42號之1"}}, {"type": "Feature", "geometry": {"type": "Point", "coordinates": [121.462422023277, 25.011294980073]}, "properties": {"name": "台北新板希爾頓酒店（悅・市集餐廳）", "district": "板橋區", "category": "一般餐廳", "grade": "優", "tel": "02-29583000", "address": "新北市板橋區民權路88號"}}, {"type": "Feature", "geometry": {"type": "Point", "coordinates": [121.462422023277, 25.011294980073]}, "properties": {"name": "台北新板希爾頓酒店（青雅中餐廳）", "district": "板橋區", "category": "一般餐廳", "grade": "優", "tel": "02-29583000", "address": "新北市板橋區民權路88號"}}, {"type": "Feature", "geometry": {"type": "Point", "coordinates": [121.45581490428, 25.011624011682]}, "properties": {"name": "定光韓食輕飲店", "district": "板橋區", "category": "一般餐廳", "grade": "優", "tel": "0909553908", "address": "新北市板橋區西門街4號"}}, {"type": "Feature", "geometry": {"type": "Point", "coordinates": [121.428163005704, 24.98515601502]}, "properties": {"name": "輝鍋", "district": "板橋區", "category": "一般餐廳", "grade": "優", "tel": "02-26756751", "address": "新北市板橋區金門街324巷3號1樓"}}, {"type": "Feature", "geometry": {"type": "Point", "coordinates": [121.428328967387, 24.984868012827]}, "properties": {"name": "炒翻天", "district": "板橋區", "category": "一般餐廳", "grade": "優", "tel": "02-26812333", "address": "新北市板橋區金門街328號"}}, {"type": "Feature", "geometry": {"type": "Point", "coordinates": [121.429131031702, 24.985359988634]}, "properties": {"name": "富田池上飯包", "district": "板橋區", "category": "一般餐廳", "grade": "優", "tel": "02-86873889", "address": "新北市板橋區金門街343號1樓"}}, {"type": "Feature", "geometry": {"type": "Point", "coordinates": [121.428765999819, 24.9849890056]}, "properties": {"name": "晴空日居", "district": "板橋區", "category": "一般餐廳", "grade": "優", "tel": "02-22573853", "address": "新北市板橋區金門街355-1號"}}, {"type": "Feature", "geometry": {"type": "Point", "coordinates": [121.642256007363, 25.220418979982]}, "properties": {"name": "福華海鮮", "district": "金山區", "category": "一般餐廳", "grade": "優", "tel": "02-24986259", "address": "新北市金山區民生路51巷1號"}}, {"type": "Feature", "geometry": {"type": "Point", "coordinates": [121.629184010266, 25.234635986963]}, "properties": {"name": "田中芳園養生食坊", "district": "金山區", "category": "一般餐廳", "grade": "優", "tel": "02-24982385", "address": "新北市金山區清水路53號"}}, {"type": "Feature", "geometry": {"type": "Point", "coordinates": [121.6364639, 25.2222701]}, "properties": {"name": "君浩美食坊", "district": "金山區", "category": "一般餐廳", "grade": "優", "tel": "02-24982655", "address": "新北市金山區萬壽里香菓園1號"}}, {"type": "Feature", "geometry": {"type": "Point", "coordinates": [121.423856970586, 25.039395981021]}, "properties": {"name": "義尤味勁小吃店", "district": "泰山區", "category": "一般餐廳", "grade": "優", "tel": "02-29068600", "address": "新北市泰山區工專路5-4號"}}, {"type": "Feature", "geometry": {"type": "Point", "coordinates": [121.424008012481, 25.039281987138]}, "properties": {"name": "品樂小吃店", "district": "泰山區", "category": "一般餐廳", "grade": "優", "tel": "02-29048138", "address": "新北市泰山區工專路5號"}}, {"type": "Feature", "geometry": {"type": "Point", "coordinates": [121.424705973558, 25.038002992532]}, "properties": {"name": "呷珍堡", "district": "泰山區", "category": "一般餐廳", "grade": "優", "tel": "02-29018437", "address": "新北市泰山區台麗街18號"}}, {"type": "Feature", "geometry": {"type": "Point", "coordinates": [121.424208004691, 25.038213001116]}, "properties": {"name": "天香小吃店/台麗鴨血臭豆腐", "district": "泰山區", "category": "一般餐廳", "grade": "優", "tel": "02-29076663", "address": "新北市泰山區台麗街2號"}}, {"type": "Feature", "geometry": {"type": "Point", "coordinates": [121.42529798738, 25.043993999736]}, "properties": {"name": "泰香便當店", "district": "泰山區", "category": "一般餐廳", "grade": "優", "tel": "02-29040556", "address": "新北市泰山區明志路2段369號1樓"}}, {"type": "Feature", "geometry": {"type": "Point", "coordinates": [121.424645037122, 25.039975002892]}, "properties": {"name": "泰志美食屋", "district": "泰山區", "category": "一般餐廳", "grade": "優", "tel": "0919001722", "address": "新北市泰山區明志路3段140號"}}, {"type": "Feature", "geometry": {"type": "Point", "coordinates": [121.42485299214, 25.039683019295]}, "properties": {"name": "二師兄肉羹麵", "district": "泰山區", "category": "一般餐廳", "grade": "優", "tel": "02-29020009", "address": "新北市泰山區明志路3段157號"}}, {"type": "Feature", "geometry": {"type": "Point", "coordinates": [121.424394837313, 25.03895890668]}, "properties": {"name": "迎客門鍋物店", "district": "泰山區", "category": "一般餐廳", "grade": "優", "tel": "02-29088780", "address": "新北市泰山區明志路3段185號"}}, {"type": "Feature", "geometry": {"type": "Point", "coordinates": [121.42194002933, 25.03536198057]}, "properties": {"name": "炭吉串烤店 龍門串燒新北泰山店", "district": "泰山區", "category": "一般餐廳", "grade": "優", "tel": "02-29041078", "address": "新北市泰山區明志路3段342號"}}, {"type": "Feature", "geometry": {"type": "Point", "coordinates": [121.424770514213, 25.042608513051]}, "properties": {"name": "鍋棧", "district": "泰山區", "category": "一般餐廳", "grade": "優", "tel": "02-29046828", "address": "新北市泰山區明志路3段38號"}}, {"type": "Feature", "geometry": {"type": "Point", "coordinates": [121.424778225564, 25.04255838927]}, "properties": {"name": "老客馥餐廳", "district": "泰山區", "category": "一般餐廳", "grade": "優", "tel": "02-29035577", "address": "新北市泰山區明志路3段40號"}}, {"type": "Feature", "geometry": {"type": "Point", "coordinates": [121.424960029044, 25.042614589931]}, "properties": {"name": "酒酒平價快炒", "district": "泰山區", "category": "一般餐廳", "grade": "優", "tel": "0980313136", "address": "新北市泰山區明志路3段4號1樓"}}, {"type": "Feature", "geometry": {"type": "Point", "coordinates": [121.424819967442, 25.041466981658]}, "properties": {"name": "福州傻瓜乾麵", "district": "泰山區", "category": "一般餐廳", "grade": "優", "tel": "02-29040556", "address": "新北市泰山區明志路3段86號"}}, {"type": "Feature", "geometry": {"type": "Point", "coordinates": [121.422572024829, 25.063513985399]}, "properties": {"name": "八方雲集國際股份有限公司-泰山黎明店", "district": "泰山區", "category": "一般餐廳", "grade": "優", "tel": "02-22970518", "address": "新北市泰山區泰林路2段561號"}}, {"type": "Feature", "geometry": {"type": "Point", "coordinates": [121.419440294346, 25.065336714063]}, "properties": {"name": "金牌滷味", "district": "泰山區", "category": "一般餐廳", "grade": "優", "tel": "0938157868", "address": "新北市泰山區泰林路3段22號"}}, {"type": "Feature", "geometry": {"type": "Point", "coordinates": [121.426350000047, 25.041767011882]}, "properties": {"name": "有一間小吃店", "district": "泰山區", "category": "一般餐廳", "grade": "優", "tel": "02-29046419", "address": "新北市泰山區貴子路17號"}}, {"type": "Feature", "geometry": {"type": "Point", "coordinates": [121.551452000417, 24.86352198518]}, "properties": {"name": "阿春美食", "district": "烏來區", "category": "一般餐廳", "grade": "優", "tel": "02-26617718", "address": "新北市烏來區烏來街109號"}}, {"type": "Feature", "geometry": {"type": "Point", "coordinates": [121.551349992655, 24.863951012894]}, "properties": {"name": "泰雅巴萊美食店", "district": "烏來區", "category": "一般餐廳", "grade": "優", "tel": "02-26616349", "address": "新北市烏來區烏來街14號"}}, {"type": "Feature", "geometry": {"type": "Point", "coordinates": [121.551296013198, 24.863887980983]}, "properties": {"name": "山地美食屋", "district": "烏來區", "category": "一般餐廳", "grade": "優", "tel": "02-26617556", "address": "新北市烏來區烏來街20號"}}, {"type": "Feature", "geometry": {"type": "Point", "coordinates": [121.551215966023, 24.863674996823]}, "properties": {"name": "阿嬤的店", "district": "烏來區", "category": "一般餐廳", "grade": "優", "tel": "02-26616422", "address": "新北市烏來區烏來街30號"}}, {"type": "Feature", "geometry": {"type": "Point", "coordinates": [121.551626899595, 24.848386270529]}, "properties": {"name": "瀑布3號", "district": "烏來區", "category": "一般餐廳", "grade": "優", "tel": "02-26618058", "address": "新北市烏來區瀑布路3號"}}, {"type": "Feature", "geometry": {"type": "Point", "coordinates": [121.551460291441, 24.848079340507]}, "properties": {"name": "泰雅的廚房", "district": "烏來區", "category": "一般餐廳", "grade": "優", "tel": "02-26617399", "address": "新北市烏來區瀑布路8號"}}, {"type": "Feature", "geometry": {"type": "Point", "coordinates": [121.421079040235, 25.180935983165]}, "properties": {"name": "讚讚原汁牛肉麵", "district": "淡水區", "category": "一般餐廳", "grade": "優", "tel": "02-28057502", "address": "新北市淡水區大庄里沙崙路12號"}}, {"type": "Feature", "geometry": {"type": "Point", "coordinates": [121.434038133097, 25.174070492002]}, "properties": {"name": "蘆洲紅燒羊肉拉麵", "district": "淡水區", "category": "一般餐廳", "grade": "優", "tel": "0963024767", "address": "新北市淡水區中正路243號"}}, {"type": "Feature", "geometry": {"type": "Point", "coordinates": [121.436165963037, 25.173020993906]}, "properties": {"name": "柴米夫妻中式麵館", "district": "淡水區", "category": "一般餐廳", "grade": "優", "tel": "0912108180", "address": "新北市淡水區中正路326號"}}, {"type": "Feature", "geometry": {"type": "Point", "coordinates": [121.436000001354, 25.173112985293]}, "properties": {"name": "香料廚房", "district": "淡水區", "category": "一般餐廳", "grade": "優", "tel": "02-26265984", "address": "新北市淡水區中正路332-1號1樓"}}, {"type": "Feature", "geometry": {"type": "Point", "coordinates": [121.435867986379, 25.173193996387]}, "properties": {"name": "燒肉眾淡水老街店", "district": "淡水區", "category": "一般餐廳", "grade": "優", "tel": "02-26296606", "address": "新北市淡水區中正路334號2樓"}}, {"type": "Feature", "geometry": {"type": "Point", "coordinates": [121.450398015534, 25.173730019095]}, "properties": {"name": "禎饌廚房", "district": "淡水區", "category": "一般餐廳", "grade": "優", "tel": "02-26203250", "address": "新北市淡水區水源街二段40號"}}, {"type": "Feature", "geometry": {"type": "Point", "coordinates": [121.450952981343, 25.173859980504]}, "properties": {"name": "幸宗壽司", "district": "淡水區", "category": "一般餐廳", "grade": "優", "tel": "0918398514", "address": "新北市淡水區水源街二段58號"}}, {"type": "Feature", "geometry": {"type": "Point", "coordinates": [121.451472994616, 25.173910984385]}, "properties": {"name": "七嘴八舌韓風滷味-淡水水源店", "district": "淡水區", "category": "一般餐廳", "grade": "優", "tel": "0903717878", "address": "新北市淡水區水源街二段74巷2號"}}, {"type": "Feature", "geometry": {"type": "Point", "coordinates": [121.451893514698, 25.174172709311]}, "properties": {"name": "布那義大利麵店", "district": "淡水區", "category": "一般餐廳", "grade": "優", "tel": "02-26293083", "address": "新北市淡水區水源街二段92巷2號"}}, {"type": "Feature", "geometry": {"type": "Point", "coordinates": [121.452060985124, 25.174211014609]}, "properties": {"name": "迦南餐廳有限公司", "district": "淡水區", "category": "一般餐廳", "grade": "優", "tel": "02-26229162", "address": "新北市淡水區水源街二段92巷5巷8號B1"}}, {"type": "Feature", "geometry": {"type": "Point", "coordinates": [121.452017902141, 25.174060098442]}, "properties": {"name": "恆凱有限公司-Come See Pizza", "district": "淡水區", "category": "一般餐廳", "grade": "優", "tel": "02-26229162", "address": "新北市淡水區水源街二段92巷8號"}}, {"type": "Feature", "geometry": {"type": "Point", "coordinates": [121.462283638056, 25.136601205513]}, "properties": {"name": "家家", "district": "淡水區", "category": "一般餐廳", "grade": "優", "tel": "02-26241513", "address": "新北市淡水區民族路31巷33號"}}, {"type": "Feature", "geometry": {"type": "Point", "coordinates": [121.46249704131, 25.135907980211]}, "properties": {"name": "男子漢拉麵食堂", "district": "淡水區", "category": "一般餐廳", "grade": "優", "tel": "02-28084883", "address": "新北市淡水區民族路33巷16-23號"}}, {"type": "Feature", "geometry": {"type": "Point", "coordinates": [121.462434260856, 25.135644788451]}, "properties": {"name": "金好菜園小吃店", "district": "淡水區", "category": "一般餐廳", "grade": "優", "tel": "02-28083343", "address": "新北市淡水區民族路35號"}}, {"type": "Feature", "geometry": {"type": "Point", "coordinates": [121.461381996731, 25.135907016292]}, "properties": {"name": "鮮拉麵", "district": "淡水區", "category": "一般餐廳", "grade": "優", "tel": "0983081782", "address": "新北市淡水區民族路50巷2弄2號(旁)"}}, {"type": "Feature", "geometry": {"type": "Point", "coordinates": [121.459813323552, 25.139179101744]}, "properties": {"name": "一雙", "district": "淡水區", "category": "一般餐廳", "grade": "優", "tel": "02-28083508", "address": "新北市淡水區民權路47號"}}, {"type": "Feature", "geometry": {"type": "Point", "coordinates": [121.424758691976, 25.184756718169]}, "properties": {"name": "艾米便當店", "district": "淡水區", "category": "一般餐廳", "grade": "優", "tel": "02-28054140", "address": "新北市淡水區沙崙路181巷6弄18號"}}, {"type": "Feature", "geometry": {"type": "Point", "coordinates": [121.424758691976, 25.184756718169]}, "properties": {"name": "悟饕池上飯包", "district": "淡水區", "category": "一般餐廳", "grade": "優", "tel": "02-28056112", "address": "新北市淡水區沙崙路181巷6弄18號"}}, {"type": "Feature", "geometry": {"type": "Point", "coordinates": [121.462767248313, 24.991726841308]}, "properties": {"name": "阿良滷味食品行", "district": "淡水區", "category": "一般餐廳", "grade": "優", "tel": "02-28058675", "address": "新北市淡水區崁頂路279巷8號1樓"}}, {"type": "Feature", "geometry": {"type": "Point", "coordinates": [121.436378863378, 25.173616318579]}, "properties": {"name": "海豆子花園餐廳", "district": "淡水區", "category": "一般餐廳", "grade": "優", "tel": "02-26256345", "address": "新北市淡水區真理街13-1號"}}, {"type": "Feature", "geometry": {"type": "Point", "coordinates": [121.438671984448, 25.173097017767]}, "properties": {"name": "蒸美味小籠湯包", "district": "淡水區", "category": "一般餐廳", "grade": "優", "tel": "02-26293338", "address": "新北市淡水區真理街2號"}}, {"type": "Feature", "geometry": {"type": "Point", "coordinates": [121.438169992267, 25.17654998469]}, "properties": {"name": "OH YA PASTA", "district": "淡水區", "category": "一般餐廳", "grade": "優", "tel": "0955559117", "address": "新北市淡水區真理街3巷28號"}}, {"type": "Feature", "geometry": {"type": "Point", "coordinates": [121.437666994258, 25.173608020495]}, "properties": {"name": "阿給店", "district": "淡水區", "category": "一般餐廳", "grade": "優", "tel": "02-26211785", "address": "新北市淡水區真理街6-1號"}}, {"type": "Feature", "geometry": {"type": "Point", "coordinates": [121.437457027583, 25.173822010483]}, "properties": {"name": "仙玉飲食店-文化阿給", "district": "淡水區", "category": "一般餐廳", "grade": "優", "tel": "02-26213004", "address": "新北市淡水區真理街6-4號1樓"}}, {"type": "Feature", "geometry": {"type": "Point", "coordinates": [121.453787731609, 25.18023341191]}, "properties": {"name": "阿娥排骨麵", "district": "淡水區", "category": "一般餐廳", "grade": "優", "tel": "02-26250228", "address": "新北市淡水區淡金路一段150-1號"}}, {"type": "Feature", "geometry": {"type": "Point", "coordinates": [121.451898040926, 25.227366990981]}, "properties": {"name": "八方雲集(淡水聖約翰店)", "district": "淡水區", "category": "一般餐廳", "grade": "優", "tel": "02-28012225", "address": "新北市淡水區淡金路四段556號"}}, {"type": "Feature", "geometry": {"type": "Point", "coordinates": [121.439295196391, 25.17535966879]}, "properties": {"name": "佬港冰室茶餐廳", "district": "淡水區", "category": "一般餐廳", "grade": "優", "tel": "02-26203883", "address": "新北市淡水區新民街11巷1號2樓"}}, {"type": "Feature", "geometry": {"type": "Point", "coordinates": [121.4373950015, 25.178155705881]}, "properties": {"name": "吉利滷味", "district": "淡水區", "category": "一般餐廳", "grade": "優", "tel": "02-26282557", "address": "新北市淡水區新民街150號"}}, {"type": "Feature", "geometry": {"type": "Point", "coordinates": [121.4370400279, 25.178675006693]}, "properties": {"name": "麻辣的誘惑食堂-真理店", "district": "淡水區", "category": "一般餐廳", "grade": "優", "tel": "02-26211008", "address": "新北市淡水區新民街170號"}}, {"type": "Feature", "geometry": {"type": "Point", "coordinates": [121.436894015147, 25.178863012781]}, "properties": {"name": "好日食堂", "district": "淡水區", "category": "一般餐廳", "grade": "優", "tel": "0918748846", "address": "新北市淡水區新民街178-6號"}}, {"type": "Feature", "geometry": {"type": "Point", "coordinates": [121.43778802894, 25.17917301747]}, "properties": {"name": "義大利麵工坊", "district": "淡水區", "category": "一般餐廳", "grade": "優", "tel": "0917908070", "address": "新北市淡水區新民街180巷26號"}}, {"type": "Feature", "geometry": {"type": "Point", "coordinates": [121.437066263257, 25.179422714365]}, "properties": {"name": "菊正小吃", "district": "淡水區", "category": "一般餐廳", "grade": "優", "tel": "0928527481", "address": "新北市淡水區新民街180巷7弄9號"}}, {"type": "Feature", "geometry": {"type": "Point", "coordinates": [121.43729198791, 25.179309013849]}, "properties": {"name": "好康廣東粥", "district": "淡水區", "category": "一般餐廳", "grade": "優", "tel": "0938312859", "address": "新北市淡水區新民街180巷9號"}}, {"type": "Feature", "geometry": {"type": "Point", "coordinates": [121.43844500251, 25.176812002983]}, "properties": {"name": "五路鍋聖淡水", "district": "淡水區", "category": "一般餐廳", "grade": "優", "tel": "02-26262233", "address": "新北市淡水區新民街92號1樓"}}, {"type": "Feature", "geometry": {"type": "Point", "coordinates": [121.439059982746, 25.174564018461]}, "properties": {"name": "新年代永和豆漿大王", "district": "淡水區", "category": "一般餐廳", "grade": "優", "tel": "02-26291962", "address": "新北市淡水區新生街74號"}}, {"type": "Feature", "geometry": {"type": "Point", "coordinates": [121.440543608577, 25.174811899252]}, "properties": {"name": "八方雲集國際股份有限公司-淡水新民店", "district": "淡水區", "category": "一般餐廳", "grade": "優", "tel": "02-26291789", "address": "新北市淡水區新生街75號"}}, {"type": "Feature", "geometry": {"type": "Point", "coordinates": [121.450055028056, 25.171948990399]}, "properties": {"name": "八方雲集餐飲股份有限公司-淡水學府店", "district": "淡水區", "category": "一般餐廳", "grade": "優", "tel": "02-26209808", "address": "新北市淡水區學府路104號"}}, {"type": "Feature", "geometry": {"type": "Point", "coordinates": [121.445603986013, 25.174298018764]}, "properties": {"name": "港式美食", "district": "淡水區", "category": "一般餐廳", "grade": "優", "tel": "02-26209718", "address": "新北市淡水區學府路151號"}}, {"type": "Feature", "geometry": {"type": "Point", "coordinates": [121.446289960968, 25.174322996835]}, "properties": {"name": "大吉祥香豆富", "district": "淡水區", "category": "一般餐廳", "grade": "優", "tel": "02-26210719", "address": "新北市淡水區學府路171號"}}, {"type": "Feature", "geometry": {"type": "Point", "coordinates": [121.446605036709, 25.175752991427]}, "properties": {"name": "學府銀記桂林米粉", "district": "淡水區", "category": "一般餐廳", "grade": "優", "tel": "0911280659", "address": "新北市淡水區學府路182號"}}, {"type": "Feature", "geometry": {"type": "Point", "coordinates": [121.446652981195, 25.175868996967]}, "properties": {"name": "淘鍋精緻百元火鍋", "district": "淡水區", "category": "一般餐廳", "grade": "優", "tel": "02-26262489", "address": "新北市淡水區學府路186號"}}, {"type": "Feature", "geometry": {"type": "Point", "coordinates": [121.446887003932, 25.176450994414]}, "properties": {"name": "老林食上", "district": "淡水區", "category": "一般餐廳", "grade": "優", "tel": "02-26260041", "address": "新北市淡水區學府路211號第三間"}}, {"type": "Feature", "geometry": {"type": "Point", "coordinates": [121.602379019187, 25.003515987193]}, "properties": {"name": "八方雲集水餃鍋貼-深坑東南店", "district": "深坑區", "category": "一般餐廳", "grade": "優", "tel": "02-26644100", "address": "新北市深坑區北深路3段170號"}}, {"type": "Feature", "geometry": {"type": "Point", "coordinates": [121.601286019013, 25.003864003813]}, "properties": {"name": "三顧茅廬-台北深坑店", "district": "深坑區", "category": "一般餐廳", "grade": "優", "tel": "02-26645579", "address": "新北市深坑區北深路3段208號1樓"}}, {"type": "Feature", "geometry": {"type": "Point", "coordinates": [121.600322435424, 25.003935501447]}, "properties": {"name": "小安一號店", "district": "深坑區", "category": "一般餐廳", "grade": "優", "tel": "02-26628253", "address": "新北市深坑區北深路3段217號"}}, {"type": "Feature", "geometry": {"type": "Point", "coordinates": [121.599672083557, 25.004398601597]}, "properties": {"name": "南方紀事小吃店", "district": "深坑區", "category": "一般餐廳", "grade": "優", "tel": "02-26625198", "address": "新北市深坑區北深路3段258號"}}, {"type": "Feature", "geometry": {"type": "Point", "coordinates": [121.446914999488, 25.057201993213]}, "properties": {"name": "新莊典華雅聚", "district": "新莊區", "category": "一般餐廳", "grade": "優", "tel": "02-88663333", "address": "新北市新莊區中央路469號2樓"}}, {"type": "Feature", "geometry": {"type": "Point", "coordinates": [121.452765987, 25.041068003066]}, "properties": {"name": "千職人", "district": "新莊區", "category": "一般餐廳", "grade": "優", "tel": "02-29909321", "address": "新北市新莊區中華路一段132號"}}, {"type": "Feature", "geometry": {"type": "Point", "coordinates": [121.448571012099, 25.03898401048]}, "properties": {"name": "鬼匠拉麵", "district": "新莊區", "category": "一般餐廳", "grade": "優", "tel": "02-22772237", "address": "新北市新莊區公園路24號"}}, {"type": "Feature", "geometry": {"type": "Point", "coordinates": [121.447260166261, 25.038693619444]}, "properties": {"name": "黑傑克原味炭烤牛排", "district": "新莊區", "category": "一般餐廳", "grade": "優", "tel": "02-29931005", "address": "新北市新莊區公園路5號"}}, {"type": "Feature", "geometry": {"type": "Point", "coordinates": [121.44661702283, 25.042132001855]}, "properties": {"name": "義倆平價義式廚房", "district": "新莊區", "category": "一般餐廳", "grade": "優", "tel": "02-29962988", "address": "新北市新莊區復興路一段37號1樓"}}, {"type": "Feature", "geometry": {"type": "Point", "coordinates": [121.44712697782, 25.042286019326]}, "properties": {"name": "阿里山便當", "district": "新莊區", "category": "一般餐廳", "grade": "優", "tel": "02-89923833", "address": "新北市新莊區復興路一段49號1樓"}}, {"type": "Feature", "geometry": {"type": "Point", "coordinates": [121.68983227652, 25.204555012847]}, "properties": {"name": "女皇餐廳", "district": "萬里區", "category": "一般餐廳", "grade": "優", "tel": "02-24922049", "address": "新北市萬里區港東路163號"}}, {"type": "Feature", "geometry": {"type": "Point", "coordinates": [121.475584880205, 25.071082382962]}, "properties": {"name": "愛買三重店", "district": "三重區", "category": "大賣場或超商等零售通路之即食熟食區", "grade": "優", "tel": "02-29883199", "address": "新北市三重區中正北路193巷45號"}}, {"type": "Feature", "geometry": {"type": "Point", "coordinates": [121.521118993927, 24.996373155717]}, "properties": {"name": "愛買永和店", "district": "永和區", "category": "大賣場或超商等零售通路之即食熟食區", "grade": "優", "tel": "02-29488988", "address": "新北市永和區民生路46巷56號"}}, {"type": "Feature", "geometry": {"type": "Point", "coordinates": [121.456198041074, 25.00257700449]}, "properties": {"name": "愛買南雅店", "district": "板橋區", "category": "大賣場或超商等零售通路之即食熟食區", "grade": "優", "tel": "02-77156188", "address": "新北市板橋區貴興路101號"}}, {"type": "Feature", "geometry": {"type": "Point", "coordinates": [121.499719983665, 25.254897980604]}, "properties": {"name": "晨光早餐", "district": "三芝區", "category": "早餐店", "grade": "優", "tel": "02-26366297", "address": "新北市三芝區中興街2段60號1樓"}}, {"type": "Feature", "geometry": {"type": "Point", "coordinates": [121.499972027494, 25.257522019212]}, "properties": {"name": "美好早餐店", "district": "三芝區", "category": "早餐店", "grade": "優", "tel": "02-26368080", "address": "新北市三芝區公正街64號"}}, {"type": "Feature", "geometry": {"type": "Point", "coordinates": [121.500015026657, 25.257839986709]}, "properties": {"name": "麥味登-三芝公正店", "district": "三芝區", "category": "早餐店", "grade": "優", "tel": "02-26369969", "address": "新北市三芝區公正街三段9樓1號"}}, {"type": "Feature", "geometry": {"type": "Point", "coordinates": [121.44864703596, 24.982706990551]}, "properties": {"name": "多來家", "district": "土城區", "category": "早餐店", "grade": "優", "tel": "02-22640512", "address": "新北市土城區明德路二段143號"}}, {"type": "Feature", "geometry": {"type": "Point", "coordinates": [121.44677803919, 24.983430013519]}, "properties": {"name": "麥味登-土城海山店", "district": "土城區", "category": "早餐店", "grade": "優", "tel": "02-82621058", "address": "新北市土城區明德路二段199號"}}, {"type": "Feature", "geometry": {"type": "Point", "coordinates": [121.459147884259, 24.979672490144]}, "properties": {"name": "元氣早餐吧", "district": "土城區", "category": "早餐店", "grade": "優", "tel": "02-82618605", "address": "新北市土城區青雲路297號"}}, {"type": "Feature", "geometry": {"type": "Point", "coordinates": [121.449851012533, 24.986274999094]}, "properties": {"name": "喜晨早餐坊", "district": "土城區", "category": "早餐店", "grade": "優", "tel": "02-22707780", "address": "新北市土城區裕民路92巷23弄1號"}}, {"type": "Feature", "geometry": {"type": "Point", "coordinates": [121.451784801414, 24.987786214327]}, "properties": {"name": "美味早餐", "district": "土城區", "category": "早餐店", "grade": "優", "tel": "02-82626119", "address": "新北市土城區學成路6號1樓"}}, {"type": "Feature", "geometry": {"type": "Point", "coordinates": [121.454249835319, 24.985518113238]}, "properties": {"name": "布朗吉早午餐", "district": "土城區", "category": "早餐店", "grade": "優", "tel": "02-82624790", "address": "新北市土城區學府路一段143巷23號"}}, {"type": "Feature", "geometry": {"type": "Point", "coordinates": [121.458108025351, 24.988358991681]}, "properties": {"name": "早安!七點一刻早餐店", "district": "土城區", "category": "早餐店", "grade": "優", "tel": "02-22703248", "address": "新北市土城區學府路一段31號"}}, {"type": "Feature", "geometry": {"type": "Point", "coordinates": [121.457113009625, 24.988505004434]}, "properties": {"name": "美而美青雲店\n(巨林美而美)", "district": "土城區", "category": "早餐店", "grade": "優", "tel": "02-22662552", "address": "新北市土城區學府路一段64號"}}, {"type": "Feature", "geometry": {"type": "Point", "coordinates": [121.456422005527, 25.014952004428]}, "properties": {"name": "萬佳鄉", "district": "板橋區", "category": "早餐店", "grade": "優", "tel": "02-29693838", "address": "新北市板橋區中正路109號1樓"}}, {"type": "Feature", "geometry": {"type": "Point", "coordinates": [121.428170968512, 24.985400012222]}, "properties": {"name": "早安陽光花園", "district": "板橋區", "category": "早餐店", "grade": "優", "tel": "02-26821003", "address": "新北市板橋區金門街324巷14號"}}, {"type": "Feature", "geometry": {"type": "Point", "coordinates": [121.428302983487, 24.984480014529]}, "properties": {"name": "晨泊早午餐", "district": "板橋區", "category": "早餐店", "grade": "優", "tel": "02-86874737", "address": "新北市板橋區金門街375號"}}, {"type": "Feature", "geometry": {"type": "Point", "coordinates": [121.473126132727, 25.02914038721]}, "properties": {"name": "餵我早餐板橋店", "district": "板橋區", "category": "早餐店", "grade": "優", "tel": "02-22523639", "address": "新北市板橋區雙十路二段225號1樓"}}, {"type": "Feature", "geometry": {"type": "Point", "coordinates": [121.635841001587, 25.223431016888]}, "properties": {"name": "QQ堡", "district": "金山區", "category": "早餐店", "grade": "優", "tel": "02-24987443", "address": "新北市金山區中山路301號"}}, {"type": "Feature", "geometry": {"type": "Point", "coordinates": [121.424183026619, 25.039556997381]}, "properties": {"name": "晨間廚房餐飲有限公司-胡迪食堂", "district": "泰山區", "category": "早餐店", "grade": "優", "tel": "0921036926", "address": "新北市泰山區工專路2號"}}, {"type": "Feature", "geometry": {"type": "Point", "coordinates": [121.423779018886, 25.039446984902]}, "properties": {"name": "拉亞漢堡-泰山明志/宥程小吃店", "district": "泰山區", "category": "早餐店", "grade": "優", "tel": "02-29040882", "address": "新北市泰山區工專路5-6號"}}, {"type": "Feature", "geometry": {"type": "Point", "coordinates": [121.422581999294, 25.040222981498]}, "properties": {"name": "瑞林美而美-工專店", "district": "泰山區", "category": "早餐店", "grade": "優", "tel": "02-29084985", "address": "新北市泰山區工專路57號"}}, {"type": "Feature", "geometry": {"type": "Point", "coordinates": [121.42300302229, 25.040354996473]}, "properties": {"name": "黑飯糰", "district": "泰山區", "category": "早餐店", "grade": "優", "tel": "0923232600", "address": "新北市泰山區工專路60號"}}, {"type": "Feature", "geometry": {"type": "Point", "coordinates": [121.422641007892, 25.040580008664]}, "properties": {"name": "尚軒早午餐", "district": "泰山區", "category": "早餐店", "grade": "優", "tel": "02-29040368", "address": "新北市泰山區工專路72號"}}, {"type": "Feature", "geometry": {"type": "Point", "coordinates": [121.425634017878, 25.043026015648]}, "properties": {"name": "YM尤麥", "district": "泰山區", "category": "早餐店", "grade": "優", "tel": "0909180915", "address": "新北市泰山區民國街24號1樓"}}, {"type": "Feature", "geometry": {"type": "Point", "coordinates": [121.425206959911, 25.044352996649]}, "properties": {"name": "晨間廚房餐飲有限公司-千享早餐店", "district": "泰山區", "category": "早餐店", "grade": "優", "tel": "02-29081600", "address": "新北市泰山區明志路2段392號"}}, {"type": "Feature", "geometry": {"type": "Point", "coordinates": [121.425347021513, 25.063898002293]}, "properties": {"name": "晨間廚房餐飲有限公司-楔煦早餐", "district": "泰山區", "category": "早餐店", "grade": "優", "tel": "0917871109", "address": "新北市泰山區泰林路2段471號"}}, {"type": "Feature", "geometry": {"type": "Point", "coordinates": [121.424243963055, 25.063702997316]}, "properties": {"name": "密仕特約翰早午餐-麥味登泰山泰林店", "district": "泰山區", "category": "早餐店", "grade": "優", "tel": "02-29000809", "address": "新北市泰山區泰林路2段513號"}}, {"type": "Feature", "geometry": {"type": "Point", "coordinates": [121.462786971341, 25.135470989689]}, "properties": {"name": "麥味登竹圍米路店", "district": "淡水區", "category": "早餐店", "grade": "優", "tel": "02-280081276", "address": "新北市淡水區民族路43號"}}, {"type": "Feature", "geometry": {"type": "Point", "coordinates": [121.46487599307, 25.133672987639]}, "properties": {"name": "弘爺漢堡-關渡埔頂店", "district": "淡水區", "category": "早餐店", "grade": "優", "tel": "02-28083633", "address": "新北市淡水區自強路387號"}}, {"type": "Feature", "geometry": {"type": "Point", "coordinates": [121.423726973147, 25.184424654522]}, "properties": {"name": "麥町吐司工房", "district": "淡水區", "category": "早餐店", "grade": "優", "tel": "02-28050215", "address": "新北市淡水區沙崙路181巷15號1樓"}}, {"type": "Feature", "geometry": {"type": "Point", "coordinates": [121.437512012868, 25.173750009934]}, "properties": {"name": "買當樂速食店", "district": "淡水區", "category": "早餐店", "grade": "優", "tel": "02-26226660", "address": "新北市淡水區真理街6-3號1樓"}}, {"type": "Feature", "geometry": {"type": "Point", "coordinates": [121.431301022615, 25.1869650023]}, "properties": {"name": "漢堡大師新市店", "district": "淡水區", "category": "早餐店", "grade": "優", "tel": "02-26250882", "address": "新北市淡水區新市一路一段105號1樓"}}, {"type": "Feature", "geometry": {"type": "Point", "coordinates": [121.430822332125, 25.187391389714]}, "properties": {"name": "麥味登-富徽餐飲店", "district": "淡水區", "category": "早餐店", "grade": "優", "tel": "02-26292238", "address": "新北市淡水區新市一路一段99巷17號1樓"}}, {"type": "Feature", "geometry": {"type": "Point", "coordinates": [121.427982962424, 25.195063806695]}, "properties": {"name": "茉檸早午餐", "district": "淡水區", "category": "早餐店", "grade": "優", "tel": "02-28058085", "address": "新北市淡水區新市二路二段108號1樓"}}, {"type": "Feature", "geometry": {"type": "Point", "coordinates": [121.427744329641, 25.195024998484]}, "properties": {"name": "咘魯詩早午餐", "district": "淡水區", "category": "早餐店", "grade": "優", "tel": "02-28053480", "address": "新北市淡水區新市二路二段98號"}}, {"type": "Feature", "geometry": {"type": "Point", "coordinates": [121.437934963702, 25.177808988457]}, "properties": {"name": "早安早鳥-馬先商行", "district": "淡水區", "category": "早餐店", "grade": "優", "tel": "02-26297759", "address": "新北市淡水區新民街120巷1號"}}, {"type": "Feature", "geometry": {"type": "Point", "coordinates": [121.437673029228, 25.179381014397]}, "properties": {"name": "鄰嘉早午餐", "district": "淡水區", "category": "早餐店", "grade": "優", "tel": "02-26282529", "address": "新北市淡水區新民街180巷17號"}}, {"type": "Feature", "geometry": {"type": "Point", "coordinates": [121.437191991805, 25.178994985846]}, "properties": {"name": "麥味登精緻早餐-真理店", "district": "淡水區", "category": "早餐店", "grade": "優", "tel": "02-26205135", "address": "新北市淡水區新民街180巷2號"}}, {"type": "Feature", "geometry": {"type": "Point", "coordinates": [121.439092001617, 25.174664014566]}, "properties": {"name": "瑞麟美而美早餐店新民一店", "district": "淡水區", "category": "早餐店", "grade": "優", "tel": "02-26210819", "address": "新北市淡水區新生街76號"}}, {"type": "Feature", "geometry": {"type": "Point", "coordinates": [121.439664988518, 25.17472599874]}, "properties": {"name": "好香早餐", "district": "淡水區", "category": "早餐店", "grade": "優", "tel": "02-26217112", "address": "新北市淡水區新生街94號"}}, {"type": "Feature", "geometry": {"type": "Point", "coordinates": [121.446682988408, 25.174608987372]}, "properties": {"name": "美之軒早餐店", "district": "淡水區", "category": "早餐店", "grade": "優", "tel": "02-26262620", "address": "新北市淡水區學府路160號"}}, {"type": "Feature", "geometry": {"type": "Point", "coordinates": [121.446492970663, 25.174892002332]}, "properties": {"name": "多朗克美式早餐", "district": "淡水區", "category": "早餐店", "grade": "優", "tel": "02-26263238", "address": "新北市淡水區學府路191號"}}, {"type": "Feature", "geometry": {"type": "Point", "coordinates": [121.60419319831, 25.002124381718]}, "properties": {"name": "咕morning早午餐", "district": "深坑區", "category": "早餐店", "grade": "優", "tel": "02-26626007", "address": "新北市深坑區北深路3段123號1樓"}}, {"type": "Feature", "geometry": {"type": "Point", "coordinates": [121.604180960732, 25.002264988144]}, "properties": {"name": "小貓咪早餐店", "district": "深坑區", "category": "早餐店", "grade": "優", "tel": "02-26647905", "address": "新北市深坑區北深路3段127號"}}, {"type": "Feature", "geometry": {"type": "Point", "coordinates": [121.604128992932, 25.002275004518]}, "properties": {"name": "幸福東南炭烤三明治", "district": "深坑區", "category": "早餐店", "grade": "優", "tel": "02-26620899", "address": "新北市深坑區北深路3段129號"}}, {"type": "Feature", "geometry": {"type": "Point", "coordinates": [121.597439982741, 25.004886009267]}, "properties": {"name": "深坑堡嘟嘟", "district": "深坑區", "category": "早餐店", "grade": "優", "tel": "02-26622872", "address": "新北市深坑區北深路3段325號"}}, {"type": "Feature", "geometry": {"type": "Point", "coordinates": [121.447144998911, 25.03946789775]}, "properties": {"name": "嘿堡哥火烤漢堡店", "district": "新莊區", "category": "早餐店", "grade": "優", "tel": "02-89929321", "address": "新北市新莊區和興街29號"}}, {"type": "Feature", "geometry": {"type": "Point", "coordinates": [121.446036995131, 25.041207980849]}, "properties": {"name": "透早日頭TOZAZTO", "district": "新莊區", "category": "早餐店", "grade": "優", "tel": "02-29947709", "address": "新北市新莊區和興街7號1樓"}}, {"type": "Feature", "geometry": {"type": "Point", "coordinates": [121.45709700019, 25.067043018093]}, "properties": {"name": "玉膳坊頂級月子餐", "district": "五股區", "category": "其他(月子餐)", "grade": "優", "tel": "02-22901518", "address": "新北市五股區五權二路21號1樓"}}, {"type": "Feature", "geometry": {"type": "Point", "coordinates": [121.376599465207, 25.082844707688]}, "properties": {"name": "月芽餐飲有限公司", "district": "林口區", "category": "其他(月子餐)", "grade": "優", "tel": "02-26039898", "address": "新北市林口區文化三路二段238號"}}, {"type": "Feature", "geometry": {"type": "Point", "coordinates": [121.392028267832, 24.972261939349]}, "properties": {"name": "米哥烘焙坊-中和門市", "district": "", "category": "其他(烘焙業)", "grade": "優", "tel": "02-22222906", "address": "新北市中和中山路三段122號B2(中和環球)"}}, {"type": "Feature", "geometry": {"type": "Point", "coordinates": [121.493555732419, 24.993744694091]}, "properties": {"name": "聖瑪莉-雙和店", "district": "中和區", "category": "其他(烘焙業)", "grade": "優", "tel": "02-22465970", "address": "新北市中和區中正路291號B1(雙和醫院)"}}, {"type": "Feature", "geometry": {"type": "Point", "coordinates": [121.511461018357, 25.002256983427]}, "properties": {"name": "聖瑪莉-永安店", "district": "中和區", "category": "其他(烘焙業)", "grade": "優", "tel": "02-29207735", "address": "新北市中和區中和路400巷12弄1號"}}, {"type": "Feature", "geometry": {"type": "Point", "coordinates": [121.505092029229, 24.994322003328]}, "properties": {"name": "聖瑪莉-景安店", "district": "中和區", "category": "其他(烘焙業)", "grade": "優", "tel": "02-22420848", "address": "新北市中和區景安路136號"}}, {"type": "Feature", "geometry": {"type": "Point", "coordinates": [121.466496969325, 25.01083301148]}, "properties": {"name": "芳堤納克菓子工房", "district": "板橋區", "category": "其他(烘焙業)", "grade": "優", "tel": "02-29628860", "address": "新北市板橋區中山路一段158巷24號1樓"}}, {"type": "Feature", "geometry": {"type": "Point", "coordinates": [121.467090994803, 25.021878012932]}, "properties": {"name": "聖瑪莉-新埔店", "district": "板橋區", "category": "其他(烘焙業)", "grade": "優", "tel": "02-22550094", "address": "新北市板橋區文化路一段389號"}}, {"type": "Feature", "geometry": {"type": "Point", "coordinates": [121.459608972752, 25.014192981186]}, "properties": {"name": "PONPIE澎派", "district": "板橋區", "category": "其他(烘焙業)", "grade": "優", "tel": "02-22722224", "address": "新北市板橋區民權路202巷4弄1號"}}, {"type": "Feature", "geometry": {"type": "Point", "coordinates": [121.458195029506, 25.015010007198]}, "properties": {"name": "奕芃手作甜點店", "district": "板橋區", "category": "其他(烘焙業)", "grade": "優", "tel": "0928709599", "address": "新北市板橋區民權路256號1樓"}}, {"type": "Feature", "geometry": {"type": "Point", "coordinates": [121.43172648802, 24.988612502342]}, "properties": {"name": "卡米亞烘焙坊", "district": "板橋區", "category": "其他(烘焙業)", "grade": "優", "tel": "02-26838585", "address": "新北市板橋區金門街263號"}}, {"type": "Feature", "geometry": {"type": "Point", "coordinates": [121.452311771667, 24.997313420753]}, "properties": {"name": "聖瑪莉-亞東店", "district": "板橋區", "category": "其他(烘焙業)", "grade": "優", "tel": "02-89666279", "address": "新北市板橋區南雅南路二段21號1樓(亞東醫院)"}}, {"type": "Feature", "geometry": {"type": "Point", "coordinates": [121.4641372879, 25.013924834458]}, "properties": {"name": "米哥烘焙坊-板橋門市", "district": "板橋區", "category": "其他(烘焙業)", "grade": "優", "tel": "02-82876689", "address": "新北市板橋區縣民大道二段7號B1"}}, {"type": "Feature", "geometry": {"type": "Point", "coordinates": [121.429447029452, 25.063201005134]}, "properties": {"name": "蘭陽山東大饅頭", "district": "泰山區", "category": "其他(烘焙業)", "grade": "優", "tel": "02-22965657", "address": "新北市泰山區泰林路2段323號"}}, {"type": "Feature", "geometry": {"type": "Point", "coordinates": [121.435867986379, 25.173193996387]}, "properties": {"name": "巴姆庫食品股份有限公司", "district": "淡水區", "category": "其他(烘焙業)", "grade": "優", "tel": "02-26218880", "address": "新北市淡水區中正路334號"}}, {"type": "Feature", "geometry": {"type": "Point", "coordinates": [121.453005038878, 25.174511002924]}, "properties": {"name": "花媽媽烘焙坊", "district": "淡水區", "category": "其他(烘焙業)", "grade": "優", "tel": "0926313076", "address": "新北市淡水區水源街二段122號"}}, {"type": "Feature", "geometry": {"type": "Point", "coordinates": [121.542686038438, 24.974765011563]}, "properties": {"name": "聖瑪莉-七張店", "district": "新店區", "category": "其他(烘焙業)", "grade": "優", "tel": "02-22681515", "address": "新北市新店區北新路二段113號"}}, {"type": "Feature", "geometry": {"type": "Point", "coordinates": [121.45848202587, 24.981456284868]}, "properties": {"name": "阿翠越南料理", "district": "土城區", "category": "其他(新住民餐飲業)", "grade": "優", "tel": "0936878951", "address": "新北市土城區清水路132號"}}, {"type": "Feature", "geometry": {"type": "Point", "coordinates": [121.6364639, 25.2222701]}, "properties": {"name": "PATTAYA泰風小吃", "district": "金山區", "category": "其他(新住民餐飲業)", "grade": "優", "tel": "02-24989191", "address": "新北市金山區香菓園1-3號左側3"}}, {"type": "Feature", "geometry": {"type": "Point", "coordinates": [121.639330974612, 25.217053017214]}, "properties": {"name": "河內越南料理", "district": "金山區", "category": "其他(新住民餐飲業)", "grade": "優", "tel": "02-24984712", "address": "新北市金山區環金路39號"}}, {"type": "Feature", "geometry": {"type": "Point", "coordinates": [121.437938128781, 25.172984888617]}, "properties": {"name": "雲泰閣雲泰料理", "district": "淡水區", "category": "其他(新住民餐飲業)", "grade": "優", "tel": "02-26261618", "address": "新北市淡水區文化路21號"}}, {"type": "Feature", "geometry": {"type": "Point", "coordinates": [121.462334013294, 25.136217481986]}, "properties": {"name": "Toko Indo Mega", "district": "淡水區", "category": "其他(新住民餐飲業)", "grade": "優", "tel": "0916100087", "address": "新北市淡水區民族路31巷9號"}}, {"type": "Feature", "geometry": {"type": "Point", "coordinates": [121.462700637739, 25.12844678719]}, "properties": {"name": "越南飯館", "district": "淡水區", "category": "其他(新住民餐飲業)", "grade": "優", "tel": "0927303800", "address": "新北市淡水區自強路88-1號"}}, {"type": "Feature", "geometry": {"type": "Point", "coordinates": [121.430833060961, 25.187466617295]}, "properties": {"name": "泰北灣餐飲", "district": "淡水區", "category": "其他(新住民餐飲業)", "grade": "優", "tel": "02-26292238", "address": "新北市淡水區新市一路一段99巷19號1樓"}}, {"type": "Feature", "geometry": {"type": "Point", "coordinates": [121.43707900375, 25.179137017196]}, "properties": {"name": "越式風情美食館", "district": "淡水區", "category": "其他(新住民餐飲業)", "grade": "優", "tel": "02-26205659", "address": "新北市淡水區新民街180巷5號1樓"}}, {"type": "Feature", "geometry": {"type": "Point", "coordinates": [121.437218981533, 25.179280012464]}, "properties": {"name": "正宗越南料理", "district": "淡水區", "category": "其他(新住民餐飲業)", "grade": "優", "tel": "02-26292268", "address": "新北市淡水區新民街180巷7號"}}, {"type": "Feature", "geometry": {"type": "Point", "coordinates": [121.601117961854, 25.003620006611]}, "properties": {"name": "零零發社", "district": "深坑區", "category": "其他(新住民餐飲業)", "grade": "優", "tel": "0970645676", "address": "新北市深坑區北深路3段189巷2號"}}, {"type": "Feature", "geometry": {"type": "Point", "coordinates": [121.447219094935, 25.038677400462]}, "properties": {"name": "佰百泰泰式小館", "district": "新莊區", "category": "其他(新住民餐飲業)", "grade": "優", "tel": "02-29939639", "address": "新北市新莊區公園路3號"}}, {"type": "Feature", "geometry": {"type": "Point", "coordinates": [121.486479929409, 25.087995387189]}, "properties": {"name": "大戶屋-蘆洲家樂福店", "district": "三重區", "category": "美食街之小型餐飲店", "grade": "優", "tel": "02-77134030", "address": "新北市三重區五華街282號4樓"}}, {"type": "Feature", "geometry": {"type": "Point", "coordinates": [121.445127474817, 24.978765484401]}, "properties": {"name": "北村豆腐家-土城日月光店", "district": "土城區", "category": "美食街之小型餐飲店", "grade": "優", "tel": "02-22633988", "address": "新北市土城區學府路二段210號1樓"}}, {"type": "Feature", "geometry": {"type": "Point", "coordinates": [121.475688899623, 25.006077203437]}, "properties": {"name": "丸龜製麵-中和環球店", "district": "中和區", "category": "美食街之小型餐飲店", "grade": "優", "tel": "02-87121726", "address": "新北市中和區中山路三段122號4樓"}}, {"type": "Feature", "geometry": {"type": "Point", "coordinates": [121.475642969816, 25.006021172086]}, "properties": {"name": "大戶屋-中和環球店", "district": "中和區", "category": "美食街之小型餐飲店", "grade": "優", "tel": "02-22216266", "address": "新北市中和區中山路三段122號B2"}}, {"type": "Feature", "geometry": {"type": "Point", "coordinates": [121.648092326544, 25.061621100205]}, "properties": {"name": "北村豆腐家-汐止遠雄店", "district": "汐止區", "category": "美食街之小型餐飲店", "grade": "優", "tel": "02-26971788", "address": "新北市汐止區新台五路一段97號B1(C棟)"}}, {"type": "Feature", "geometry": {"type": "Point", "coordinates": [121.464423035022, 25.011040002578]}, "properties": {"name": "新馬辣-板橋遠百店", "district": "板橋區", "category": "美食街之小型餐飲店", "grade": "優", "tel": "02-29512456", "address": "新北市板橋區中山路一段152號11樓"}}, {"type": "Feature", "geometry": {"type": "Point", "coordinates": [121.464423035022, 25.011040002578]}, "properties": {"name": "大戶屋-板橋遠百中山店", "district": "板橋區", "category": "美食街之小型餐飲店", "grade": "優", "tel": "02-29561238", "address": "新北市板橋區中山路一段152號12樓"}}, {"type": "Feature", "geometry": {"type": "Point", "coordinates": [121.464423035022, 25.011040002578]}, "properties": {"name": "大河屋-遠百板橋店", "district": "板橋區", "category": "美食街之小型餐飲店", "grade": "優", "tel": "02-29590188", "address": "新北市板橋區中山路一段152號12樓"}}, {"type": "Feature", "geometry": {"type": "Point", "coordinates": [121.464423035022, 25.011040002578]}, "properties": {"name": "饗食天堂-板橋店", "district": "板橋區", "category": "美食街之小型餐飲店", "grade": "優", "tel": "02-29528986", "address": "新北市板橋區中山路一段152號12樓"}}, {"type": "Feature", "geometry": {"type": "Point", "coordinates": [121.464423035022, 25.011040002578]}, "properties": {"name": "豆腐村-遠百店", "district": "板橋區", "category": "美食街之小型餐飲店", "grade": "優", "tel": "0952742218", "address": "新北市板橋區中山路一段152號13樓"}}, {"type": "Feature", "geometry": {"type": "Point", "coordinates": [121.464423035022, 25.011040002578]}, "properties": {"name": "東京牛角燒肉-板橋店", "district": "板橋區", "category": "美食街之小型餐飲店", "grade": "優", "tel": "02-29561318", "address": "新北市板橋區中山路一段152號13樓"}}, {"type": "Feature", "geometry": {"type": "Point", "coordinates": [121.464423035022, 25.011040002578]}, "properties": {"name": "開飯川食堂-板橋店", "district": "板橋區", "category": "美食街之小型餐飲店", "grade": "優", "tel": "02-29528188", "address": "新北市板橋區中山路一段152號13樓"}}, {"type": "Feature", "geometry": {"type": "Point", "coordinates": [121.456198041074, 25.00257700449]}, "properties": {"name": "大戶屋-板橋愛買店", "district": "板橋區", "category": "美食街之小型餐飲店", "grade": "優", "tel": "02-29513303", "address": "新北市板橋區貴興路101號3樓"}}, {"type": "Feature", "geometry": {"type": "Point", "coordinates": [121.466619009835, 25.013677997055]}, "properties": {"name": "媽咪雞蛋仔-板橋大遠百店", "district": "板橋區", "category": "美食街之小型餐飲店", "grade": "優", "tel": "02-29648303", "address": "新北市板橋區新站路28號10樓"}}, {"type": "Feature", "geometry": {"type": "Point", "coordinates": [121.466619009835, 25.013677997055]}, "properties": {"name": "老乾杯-大遠百板橋店", "district": "板橋區", "category": "美食街之小型餐飲店", "grade": "優", "tel": "02-29526466", "address": "新北市板橋區新站路28號11樓"}}, {"type": "Feature", "geometry": {"type": "Point", "coordinates": [121.466619009835, 25.013677997055]}, "properties": {"name": "黑毛屋本家-大遠百板橋店", "district": "板橋區", "category": "美食街之小型餐飲店", "grade": "優", "tel": "02-29524088", "address": "新北市板橋區新站路28號11樓"}}, {"type": "Feature", "geometry": {"type": "Point", "coordinates": [121.466619009835, 25.013677997055]}, "properties": {"name": "iDrip Coffee Lab", "district": "板橋區", "category": "美食街之小型餐飲店", "grade": "優", "tel": "02-29580003", "address": "新北市板橋區新站路28號1樓"}}, {"type": "Feature", "geometry": {"type": "Point", "coordinates": [121.466619009835, 25.013677997055]}, "properties": {"name": "SAKImoto-板橋大遠百店", "district": "板橋區", "category": "美食街之小型餐飲店", "grade": "優", "tel": "02-29556788", "address": "新北市板橋區新站路28號1樓"}}, {"type": "Feature", "geometry": {"type": "Point", "coordinates": [121.466619009835, 25.013677997055]}, "properties": {"name": "初魚-板橋大遠百店", "district": "板橋區", "category": "美食街之小型餐飲店", "grade": "優", "tel": "02-23660792", "address": "新北市板橋區新站路28號2樓"}}, {"type": "Feature", "geometry": {"type": "Point", "coordinates": [121.466619009835, 25.013677997055]}, "properties": {"name": "哈根達斯-板橋新城店", "district": "板橋區", "category": "美食街之小型餐飲店", "grade": "優", "tel": "02-29516088", "address": "新北市板橋區新站路28號2樓"}}, {"type": "Feature", "geometry": {"type": "Point", "coordinates": [121.466619009835, 25.013677997055]}, "properties": {"name": "星巴克-板橋大遠百門市", "district": "板橋區", "category": "美食街之小型餐飲店", "grade": "優", "tel": "02-29643733", "address": "新北市板橋區新站路28號2樓"}}, {"type": "Feature", "geometry": {"type": "Point", "coordinates": [121.466619009835, 25.013677997055]}, "properties": {"name": "B&G德國農莊複合式餐茶館-大遠百板橋店", "district": "板橋區", "category": "美食街之小型餐飲店", "grade": "優", "tel": "02-77519252", "address": "新北市板橋區新站路28號3樓"}}, {"type": "Feature", "geometry": {"type": "Point", "coordinates": [121.466619009835, 25.013677997055]}, "properties": {"name": "海底撈火鍋-板橋大遠百店", "district": "板橋區", "category": "美食街之小型餐飲店", "grade": "優", "tel": "02-29641328", "address": "新北市板橋區新站路28號5樓"}}, {"type": "Feature", "geometry": {"type": "Point", "coordinates": [121.466619009835, 25.013677997055]}, "properties": {"name": "21風味館-板橋大遠百店", "district": "板橋區", "category": "美食街之小型餐飲店", "grade": "優", "tel": "02-29529621", "address": "新北市板橋區新站路28號9樓"}}, {"type": "Feature", "geometry": {"type": "Point", "coordinates": [121.466619009835, 25.013677997055]}, "properties": {"name": "非常泰-板橋大遠百店", "district": "板橋區", "category": "美食街之小型餐飲店", "grade": "優", "tel": "02-66370038", "address": "新北市板橋區新站路28號9樓"}}, {"type": "Feature", "geometry": {"type": "Point", "coordinates": [121.466619009835, 25.013677997055]}, "properties": {"name": "山頭火-板橋大遠百店", "district": "板橋區", "category": "美食街之小型餐飲店", "grade": "優", "tel": "02-29643722", "address": "新北市板橋區新站路28號9樓"}}, {"type": "Feature", "geometry": {"type": "Point", "coordinates": [121.466619009835, 25.013677997055]}, "properties": {"name": "藍屋-板橋大遠百新站店", "district": "板橋區", "category": "美食街之小型餐飲店", "grade": "優", "tel": "02-29513595", "address": "新北市板橋區新站路28號9樓"}}, {"type": "Feature", "geometry": {"type": "Point", "coordinates": [121.466619009835, 25.013677997055]}, "properties": {"name": "古拉爵-板橋大遠百新站店", "district": "板橋區", "category": "美食街之小型餐飲店", "grade": "優", "tel": "02-29513595", "address": "新北市板橋區新站路28號9樓"}}, {"type": "Feature", "geometry": {"type": "Point", "coordinates": [121.466619009835, 25.013677997055]}, "properties": {"name": "SAIKABO妻家房-板橋大遠百店", "district": "板橋區", "category": "美食街之小型餐飲店", "grade": "優", "tel": "02-89521898", "address": "新北市板橋區新站路28號9樓"}}, {"type": "Feature", "geometry": {"type": "Point", "coordinates": [121.466619009835, 25.013677997055]}, "properties": {"name": "義饗屋-板橋大遠百店", "district": "板橋區", "category": "美食街之小型餐飲店", "grade": "優", "tel": "02-29555818", "address": "新北市板橋區新站路28號9樓"}}, {"type": "Feature", "geometry": {"type": "Point", "coordinates": [121.466619009835, 25.013677997055]}, "properties": {"name": "跳舞香水-板橋大遠百店", "district": "板橋區", "category": "美食街之小型餐飲店", "grade": "優", "tel": "02-29612323", "address": "新北市板橋區新站路28號9樓"}}, {"type": "Feature", "geometry": {"type": "Point", "coordinates": [121.466619009835, 25.013677997055]}, "properties": {"name": "Cafe at ALESSI Store-板橋店", "district": "板橋區", "category": "美食街之小型餐飲店", "grade": "優", "tel": "02-29566768", "address": "新北市板橋區新站路28號9樓"}}, {"type": "Feature", "geometry": {"type": "Point", "coordinates": [121.466619009835, 25.013677997055]}, "properties": {"name": "勝勢日式豬排-板橋大遠百店", "district": "板橋區", "category": "美食街之小型餐飲店", "grade": "優", "tel": "02-29506628", "address": "新北市板橋區新站路28號9樓"}}, {"type": "Feature", "geometry": {"type": "Point", "coordinates": [121.466619009835, 25.013677997055]}, "properties": {"name": "韓本家-板橋大遠百店", "district": "板橋區", "category": "美食街之小型餐飲店", "grade": "優", "tel": "02-77406889", "address": "新北市板橋區新站路28號B1樓"}}, {"type": "Feature", "geometry": {"type": "Point", "coordinates": [121.466619009835, 25.013677997055]}, "properties": {"name": "八番赤野-板橋大食代", "district": "板橋區", "category": "美食街之小型餐飲店", "grade": "優", "tel": "03-3609292", "address": "新北市板橋區新站路28號B1樓"}}, {"type": "Feature", "geometry": {"type": "Point", "coordinates": [121.466619009835, 25.013677997055]}, "properties": {"name": "八王子東京拉麵-板橋", "district": "板橋區", "category": "美食街之小型餐飲店", "grade": "優", "tel": "0977331056", "address": "新北市板橋區新站路28號B1樓"}}, {"type": "Feature", "geometry": {"type": "Point", "coordinates": [121.466619009835, 25.013677997055]}, "properties": {"name": "八番小雞-板橋大食代", "district": "板橋區", "category": "美食街之小型餐飲店", "grade": "優", "tel": "03-3609292", "address": "新北市板橋區新站路28號B1樓"}}, {"type": "Feature", "geometry": {"type": "Point", "coordinates": [121.466619009835, 25.013677997055]}, "properties": {"name": "惠比壽讚岐烏龍麵-板橋大遠百", "district": "板橋區", "category": "美食街之小型餐飲店", "grade": "優", "tel": "02-29646439", "address": "新北市板橋區新站路28號B1樓"}}, {"type": "Feature", "geometry": {"type": "Point", "coordinates": [121.466619009835, 25.013677997055]}, "properties": {"name": "福氣塘HOKI TEA-板橋大遠百門市", "district": "板橋區", "category": "美食街之小型餐飲店", "grade": "優", "tel": "0987447776", "address": "新北市板橋區新站路28號B1樓"}}, {"type": "Feature", "geometry": {"type": "Point", "coordinates": [121.466619009835, 25.013677997055]}, "properties": {"name": "繼光香香雞-板橋大遠百", "district": "板橋區", "category": "美食街之小型餐飲店", "grade": "優", "tel": "02-29640662", "address": "新北市板橋區新站路28號B1樓"}}, {"type": "Feature", "geometry": {"type": "Point", "coordinates": [121.466619009835, 25.013677997055]}, "properties": {"name": "饗燒", "district": "板橋區", "category": "美食街之小型餐飲店", "grade": "優", "tel": "02-89531848", "address": "新北市板橋區新站路28號B1樓"}}, {"type": "Feature", "geometry": {"type": "Point", "coordinates": [121.466619009835, 25.013677997055]}, "properties": {"name": "了凡-板橋大遠百店", "district": "板橋區", "category": "美食街之小型餐飲店", "grade": "優", "tel": "02-29566778", "address": "新北市板橋區新站路28號B1樓"}}, {"type": "Feature", "geometry": {"type": "Point", "coordinates": [121.466619009835, 25.013677997055]}, "properties": {"name": "Mister Donut-板橋大遠百門市", "district": "板橋區", "category": "美食街之小型餐飲店", "grade": "優", "tel": "02-89692237", "address": "新北市板橋區新站路28號B1樓"}}, {"type": "Feature", "geometry": {"type": "Point", "coordinates": [121.466619009835, 25.013677997055]}, "properties": {"name": "海壽司-板橋店", "district": "板橋區", "category": "美食街之小型餐飲店", "grade": "優", "tel": "02-29646978", "address": "新北市板橋區新站路28號B1樓"}}, {"type": "Feature", "geometry": {"type": "Point", "coordinates": [121.466619009835, 25.013677997055]}, "properties": {"name": "Cold Stone-板橋門市", "district": "板橋區", "category": "美食街之小型餐飲店", "grade": "優", "tel": "02-29566880", "address": "新北市板橋區新站路28號B1樓"}}, {"type": "Feature", "geometry": {"type": "Point", "coordinates": [121.466619009835, 25.013677997055]}, "properties": {"name": "岩島成-板橋遠百門市", "district": "板橋區", "category": "美食街之小型餐飲店", "grade": "優", "tel": "02-66370528", "address": "新北市板橋區新站路28號B1樓"}}, {"type": "Feature", "geometry": {"type": "Point", "coordinates": [121.466619009835, 25.013677997055]}, "properties": {"name": "詩特莉-板橋大遠百", "district": "板橋區", "category": "美食街之小型餐飲店", "grade": "優", "tel": "02-77386589", "address": "新北市板橋區新站路28號B1樓"}}, {"type": "Feature", "geometry": {"type": "Point", "coordinates": [121.466619009835, 25.013677997055]}, "properties": {"name": "饅饅好食-板橋大遠百門市", "district": "板橋區", "category": "美食街之小型餐飲店", "grade": "優", "tel": "0919919491", "address": "新北市板橋區新站路28號B1樓"}}, {"type": "Feature", "geometry": {"type": "Point", "coordinates": [121.466619009835, 25.013677997055]}, "properties": {"name": "BEARD PAPA'S-板橋大遠百店", "district": "板橋區", "category": "美食街之小型餐飲店", "grade": "優", "tel": "02-29643463", "address": "新北市板橋區新站路28號B1樓"}}, {"type": "Feature", "geometry": {"type": "Point", "coordinates": [121.466619009835, 25.013677997055]}, "properties": {"name": "蔬坊-板橋大遠百店", "district": "板橋區", "category": "美食街之小型餐飲店", "grade": "優", "tel": "0932383798", "address": "新北市板橋區新站路28號B1樓"}}, {"type": "Feature", "geometry": {"type": "Point", "coordinates": [121.466619009835, 25.013677997055]}, "properties": {"name": "添好運-板橋大遠百店", "district": "板橋區", "category": "美食街之小型餐飲店", "grade": "優", "tel": "02-29557978", "address": "新北市板橋區新站路28號B1樓"}}, {"type": "Feature", "geometry": {"type": "Point", "coordinates": [121.466619009835, 25.013677997055]}, "properties": {"name": "御園坊", "district": "板橋區", "category": "美食街之小型餐飲店", "grade": "優", "tel": "0922334811", "address": "新北市板橋區新站路28號B1樓"}}, {"type": "Feature", "geometry": {"type": "Point", "coordinates": [121.466619009835, 25.013677997055]}, "properties": {"name": "翰林茶棧-板橋新站店", "district": "板橋區", "category": "美食街之小型餐飲店", "grade": "優", "tel": "02-29520169", "address": "新北市板橋區新站路28號B1樓"}}, {"type": "Feature", "geometry": {"type": "Point", "coordinates": [121.4641372879, 25.013924834458]}, "properties": {"name": "Krispy Kreme-新北板橋店門市", "district": "板橋區", "category": "美食街之小型餐飲店", "grade": "優", "tel": "02-89691676", "address": "新北市板橋區縣民大道二段7號B1"}}, {"type": "Feature", "geometry": {"type": "Point", "coordinates": [121.4641372879, 25.013924834458]}, "properties": {"name": "樂麵屋", "district": "板橋區", "category": "美食街之小型餐飲店", "grade": "優", "tel": "02-89691757", "address": "新北市板橋區縣民大道二段7號B1"}}, {"type": "Feature", "geometry": {"type": "Point", "coordinates": [121.464032019239, 25.013858920435]}, "properties": {"name": "韓姜熙的小廚房板新店", "district": "板橋區", "category": "美食街之小型餐飲店", "grade": "優", "tel": "02-89691618", "address": "新北市板橋區縣民大道二段7號B1(環球購物中心板橋店)"}}, {"type": "Feature", "geometry": {"type": "Point", "coordinates": [121.363547165582, 25.071241094298]}, "properties": {"name": "點水樓-林口店", "district": "林口區", "category": "美食街之小型餐飲店", "grade": "優", "tel": "02-25961180", "address": "新北市林口區文化三路一段356號2樓"}}, {"type": "Feature", "geometry": {"type": "Point", "coordinates": [121.363547165582, 25.071241094298]}, "properties": {"name": "飛機河粉-林口三井店", "district": "林口區", "category": "美食街之小型餐飲店", "grade": "優", "tel": "02-66370188", "address": "新北市林口區文化三路一段356號2樓(櫃號20460)"}}, {"type": "Feature", "geometry": {"type": "Point", "coordinates": [121.546235439156, 24.975877918757]}, "properties": {"name": "大戶屋-新店家樂福店", "district": "新店區", "category": "美食街之小型餐飲店", "grade": "優", "tel": "02-29113199", "address": "新北市新店區中興路三段1號6樓"}}, {"type": "Feature", "geometry": {"type": "Point", "coordinates": [121.448563479301, 25.04920954507]}, "properties": {"name": "大戶屋-新莊佳瑪店", "district": "新莊區", "category": "美食街之小型餐飲店", "grade": "優", "tel": "02-29920355", "address": "新北市新莊區幸福路736號B1"}}, {"type": "Feature", "geometry": {"type": "Point", "coordinates": [121.448066337708, 25.049251883779]}, "properties": {"name": "涓豆腐新莊佳瑪店", "district": "新莊區", "category": "美食街之小型餐飲店", "grade": "優", "tel": "02-29907288", "address": "新北市新莊區幸福路746號2樓"}}, {"type": "Feature", "geometry": {"type": "Point", "coordinates": [121.428337936023, 24.995446687096]}, "properties": {"name": "春水堂", "district": "樹林區", "category": "美食街之小型餐飲店", "grade": "優", "tel": "02-26820209", "address": "新北市樹林區保安里樹新路40-6號2樓"}}, {"type": "Feature", "geometry": {"type": "Point", "coordinates": [121.428337936023, 24.995446687096]}, "properties": {"name": "築間幸福鍋物", "district": "樹林區", "category": "美食街之小型餐飲店", "grade": "優", "tel": "02-26860667", "address": "新北市樹林區保安里樹新路40-6號5樓"}}, {"type": "Feature", "geometry": {"type": "Point", "coordinates": [121.428337936023, 24.995446687096]}, "properties": {"name": "童鍋", "district": "樹林區", "category": "美食街之小型餐飲店", "grade": "優", "tel": "02-86752002", "address": "新北市樹林區保安里樹新路40-6號6樓"}}, {"type": "Feature", "geometry": {"type": "Point", "coordinates": [121.428337936023, 24.995446687096]}, "properties": {"name": "Mister Donut", "district": "樹林區", "category": "美食街之小型餐飲店", "grade": "優", "tel": "02-26819028", "address": "新北市樹林區保安里樹新路40-6號7樓"}}, {"type": "Feature", "geometry": {"type": "Point", "coordinates": [121.428337936023, 24.995446687096]}, "properties": {"name": "宮武讚岐烏龍麵", "district": "樹林區", "category": "美食街之小型餐飲店", "grade": "優", "tel": "02-268528770", "address": "新北市樹林區保安里樹新路40-6號7樓"}}, {"type": "Feature", "geometry": {"type": "Point", "coordinates": [121.428337936023, 24.995446687096]}, "properties": {"name": "想想咖哩", "district": "樹林區", "category": "美食街之小型餐飲店", "grade": "優", "tel": "02-26829819", "address": "新北市樹林區保安里樹新路40-6號7樓"}}, {"type": "Feature", "geometry": {"type": "Point", "coordinates": [121.428337936023, 24.995446687096]}, "properties": {"name": "食徒", "district": "樹林區", "category": "美食街之小型餐飲店", "grade": "優", "tel": "0983-670-989", "address": "新北市樹林區保安里樹新路40-6號7樓"}}, {"type": "Feature", "geometry": {"type": "Point", "coordinates": [121.428337936023, 24.995446687096]}, "properties": {"name": "北村豆腐家", "district": "樹林區", "category": "美食街之小型餐飲店", "grade": "優", "tel": "02-26875088", "address": "新北市樹林區保安里樹新路40-6號7樓"}}, {"type": "Feature", "geometry": {"type": "Point", "coordinates": [121.428337936023, 24.995446687096]}, "properties": {"name": "YAYOI彌生軒", "district": "樹林區", "category": "美食街之小型餐飲店", "grade": "優", "tel": "02-26818336", "address": "新北市樹林區保安里樹新路40-6號7樓"}}, {"type": "Feature", "geometry": {"type": "Point", "coordinates": [121.428337936023, 24.995446687096]}, "properties": {"name": "点爭鮮(樹林秀泰店)", "district": "樹林區", "category": "美食街之小型餐飲店", "grade": "優", "tel": "02-26862986", "address": "新北市樹林區保安里樹新路40-6號7樓"}}, {"type": "Feature", "geometry": {"type": "Point", "coordinates": [121.428337936023, 24.995446687096]}, "properties": {"name": "時時香", "district": "樹林區", "category": "美食街之小型餐飲店", "grade": "優", "tel": "02-26860520", "address": "新北市樹林區保安里樹新路40-6號7樓"}}, {"type": "Feature", "geometry": {"type": "Point", "coordinates": [121.428337936023, 24.995446687096]}, "properties": {"name": "瓦城", "district": "樹林區", "category": "美食街之小型餐飲店", "grade": "優", "tel": "02-26867988", "address": "新北市樹林區保安里樹新路40-6號7樓"}}, {"type": "Feature", "geometry": {"type": "Point", "coordinates": [121.47833297098, 25.081336007026]}, "properties": {"name": "樂雅樂", "district": "蘆洲區", "category": "美食街之小型餐飲店", "grade": "優", "tel": "02-82836301", "address": "新北市蘆洲區中山一路8號4樓"}}, {"type": "Feature", "geometry": {"type": "Point", "coordinates": [121.496655978959, 25.072323994279]}, "properties": {"name": "彭園會館三重館", "district": "三重區", "category": "宴席餐廳", "grade": "優", "tel": "02-89821366", "address": "新北市三重區龍門路6號3樓"}}, {"type": "Feature", "geometry": {"type": "Point", "coordinates": [121.448314022947, 24.991210096046]}, "properties": {"name": "海霸王餐廳股份有限公司-海山分公司", "district": "土城區", "category": "宴席餐廳", "grade": "優", "tel": "02-22664835", "address": "新北市土城區中央路一段22號"}}, {"type": "Feature", "geometry": {"type": "Point", "coordinates": [121.465593986896, 25.012078981387]}, "properties": {"name": "彭園會館新板館", "district": "板橋區", "category": "宴席餐廳", "grade": "優", "tel": "02-29527666", "address": "新北市板橋區中山路一段161號1樓"}}, {"type": "Feature", "geometry": {"type": "Point", "coordinates": [121.465593986896, 25.012078981387]}, "properties": {"name": "彭園會館員工餐餐廳", "district": "板橋區", "category": "宴席餐廳", "grade": "優", "tel": "02-29527666", "address": "新北市板橋區中山路一段161號8樓"}}, {"type": "Feature", "geometry": {"type": "Point", "coordinates": [121.471416978851, 25.027394017683]}, "properties": {"name": "彭園湘菜板橋店", "district": "板橋區", "category": "宴席餐廳", "grade": "優", "tel": "02-22507568", "address": "新北市板橋區文化路二段182巷3弄79號4樓"}}, {"type": "Feature", "geometry": {"type": "Point", "coordinates": [121.462422023277, 25.011294980073]}, "properties": {"name": "台北新板希爾頓酒店\n（宴會廳）", "district": "板橋區", "category": "宴席餐廳", "grade": "優", "tel": "02-29583000", "address": "新北市板橋區民權路88號"}}, {"type": "Feature", "geometry": {"type": "Point", "coordinates": [121.466619009835, 25.013677997055]}, "properties": {"name": "新葡苑-板橋大遠百店", "district": "板橋區", "category": "宴席餐廳", "grade": "優", "tel": "02-89510388", "address": "新北市板橋區新站路28號9樓"}}, {"type": "Feature", "geometry": {"type": "Point", "coordinates": [121.642664206048, 25.21954051462]}, "properties": {"name": "兄弟食堂", "district": "金山區", "category": "宴席餐廳", "grade": "優", "tel": "02-24082458", "address": "新北市金山區民生路51巷9-2號"}}, {"type": "Feature", "geometry": {"type": "Point", "coordinates": [121.540030986788, 24.985691995819]}, "properties": {"name": "彭園會館新店館", "district": "新店區", "category": "宴席餐廳", "grade": "優", "tel": "02-29115100", "address": "新北市新店區北新路三段219號2樓"}}, {"type": "Feature", "geometry": {"type": "Point", "coordinates": [121.446914999488, 25.057201993213]}, "properties": {"name": "新莊典華宴會廳", "district": "新莊區", "category": "宴席餐廳", "grade": "優", "tel": "02-85229555", "address": "新北市新莊區中央路469號"}}, {"type": "Feature", "geometry": {"type": "Point", "coordinates": [121.452104822477, 25.173839109565]}, "properties": {"name": "精品雞排", "district": "淡水區", "category": "速食業", "grade": "優", "tel": "0903536268", "address": "新北市淡水區水源街二段74巷27號"}}, {"type": "Feature", "geometry": {"type": "Point", "coordinates": [121.427667216131, 25.19154960997]}, "properties": {"name": "柵欄炸雞排", "district": "淡水區", "category": "速食業", "grade": "優", "tel": "0932179873", "address": "新北市淡水區濱海路三段148巷2號"}}, {"type": "Feature", "geometry": {"type": "Point", "coordinates": [121.367437039207, 24.935906005528]}, "properties": {"name": "芋見豆花", "district": "三峽區", "category": "飲料冰品店", "grade": "優", "tel": "02-86719266", "address": "新北市三峽區文化路246號"}}, {"type": "Feature", "geometry": {"type": "Point", "coordinates": [121.370400293437, 24.935971803468]}, "properties": {"name": "上宇林-三峽和平店", "district": "三峽區", "category": "飲料冰品店", "grade": "優", "tel": "02-86720688", "address": "新北市三峽區和平街24之3號"}}, {"type": "Feature", "geometry": {"type": "Point", "coordinates": [121.45897203193, 24.980475979382]}, "properties": {"name": "路易莎咖啡有限公司-土城青雲店", "district": "土城區", "category": "飲料冰品店", "grade": "優", "tel": "02-82731393", "address": "新北市土城區青雲路240號"}}, {"type": "Feature", "geometry": {"type": "Point", "coordinates": [121.450591972773, 24.986717982677]}, "properties": {"name": "龜記-土城裕民店", "district": "土城區", "category": "飲料冰品店", "grade": "優", "tel": "02-22708368", "address": "新北市土城區裕民路104號"}}, {"type": "Feature", "geometry": {"type": "Point", "coordinates": [121.450158041646, 24.987427007867]}, "properties": {"name": "珍煮丹-土城海山店", "district": "土城區", "category": "飲料冰品店", "grade": "優", "tel": "02-22628545", "address": "新北市土城區裕民路85號"}}, {"type": "Feature", "geometry": {"type": "Point", "coordinates": [121.451149034058, 24.984424987335]}, "properties": {"name": "土城芋頭之家", "district": "土城區", "category": "飲料冰品店", "grade": "優", "tel": "02-22600740", "address": "新北市土城區學府路一段262號1樓"}}, {"type": "Feature", "geometry": {"type": "Point", "coordinates": [121.466328995985, 25.012106013024]}, "properties": {"name": "LEE HO", "district": "板橋區", "category": "飲料冰品店", "grade": "優", "tel": "02-29589967", "address": "新北市板橋區中山路一段160-10號"}}, {"type": "Feature", "geometry": {"type": "Point", "coordinates": [121.456925003536, 25.011322011711]}, "properties": {"name": "芽米緹布丁飲料店", "district": "板橋區", "category": "飲料冰品店", "grade": "優", "tel": "02-29667060", "address": "新北市板橋區北門街48號"}}, {"type": "Feature", "geometry": {"type": "Point", "coordinates": [121.462422023277, 25.011294980073]}, "properties": {"name": "台北新板希爾頓酒店\n（逸廊）", "district": "板橋區", "category": "飲料冰品店", "grade": "優", "tel": "02-29583000", "address": "新北市板橋區民權路88號"}}, {"type": "Feature", "geometry": {"type": "Point", "coordinates": [121.430760892774, 24.98754272004]}, "properties": {"name": "淬仙冰品店", "district": "板橋區", "category": "飲料冰品店", "grade": "優", "tel": "02-26822050", "address": "新北市板橋區金門街230號"}}, {"type": "Feature", "geometry": {"type": "Point", "coordinates": [121.641165018846, 25.220876003253]}, "properties": {"name": "金山芋圓王", "district": "金山區", "category": "飲料冰品店", "grade": "優", "tel": "02-24989997", "address": "新北市金山區民生路204號"}}, {"type": "Feature", "geometry": {"type": "Point", "coordinates": [121.423616996698, 25.039548992663]}, "properties": {"name": "清原台灣九份芋圓", "district": "泰山區", "category": "飲料冰品店", "grade": "優", "tel": "0988506657", "address": "新北市泰山區工專路1號1樓"}}, {"type": "Feature", "geometry": {"type": "Point", "coordinates": [121.424095016636, 25.039000019915]}, "properties": {"name": "清心福全-泰山明志店", "district": "泰山區", "category": "飲料冰品店", "grade": "優", "tel": "02-29047979", "address": "新北市泰山區明志路3段178號"}}, {"type": "Feature", "geometry": {"type": "Point", "coordinates": [121.423834004171, 25.037893985881]}, "properties": {"name": "解渴林", "district": "泰山區", "category": "飲料冰品店", "grade": "優", "tel": "02-29061518", "address": "新北市泰山區明志路3段229號"}}, {"type": "Feature", "geometry": {"type": "Point", "coordinates": [121.424806975492, 25.063793018956]}, "properties": {"name": "秉石咖啡（木喬咖啡）", "district": "泰山區", "category": "飲料冰品店", "grade": "優", "tel": "0955824699", "address": "新北市泰山區泰林路2段493號"}}, {"type": "Feature", "geometry": {"type": "Point", "coordinates": [121.435607979743, 25.172809811855]}, "properties": {"name": "去年在馬倫巴咖啡店", "district": "淡水區", "category": "飲料冰品店", "grade": "優", "tel": "02-26219198", "address": "新北市淡水區中正路21巷8號"}}, {"type": "Feature", "geometry": {"type": "Point", "coordinates": [121.435111184341, 25.173451991367]}, "properties": {"name": "安克黑咖啡館", "district": "淡水區", "category": "飲料冰品店", "grade": "優", "tel": "02-26260336", "address": "新北市淡水區中正路233-3號2樓"}}, {"type": "Feature", "geometry": {"type": "Point", "coordinates": [121.433278816488, 25.17437798212]}, "properties": {"name": "再發咖啡店", "district": "淡水區", "category": "飲料冰品店", "grade": "優", "tel": "02-26228529", "address": "新北市淡水區中正路257號"}}, {"type": "Feature", "geometry": {"type": "Point", "coordinates": [121.461204132746, 25.136579999298]}, "properties": {"name": "Tea館", "district": "淡水區", "category": "飲料冰品店", "grade": "優", "tel": "02-28090559", "address": "新北市淡水區民族路31-8號"}}, {"type": "Feature", "geometry": {"type": "Point", "coordinates": [121.451984961262, 25.226738012967]}, "properties": {"name": "清心福全-淡水淡金店", "district": "淡水區", "category": "飲料冰品店", "grade": "優", "tel": "02-28013088", "address": "新北市淡水區淡金路四段536號"}}, {"type": "Feature", "geometry": {"type": "Point", "coordinates": [121.451889994299, 25.227460994025]}, "properties": {"name": "COCO都可", "district": "淡水區", "category": "飲料冰品店", "grade": "優", "tel": "02-28010172", "address": "新北市淡水區淡金路四段560號"}}, {"type": "Feature", "geometry": {"type": "Point", "coordinates": [121.437630030065, 25.177966987331]}, "properties": {"name": "清心福全-淡水真理店", "district": "淡水區", "category": "飲料冰品店", "grade": "優", "tel": "02-26290135", "address": "新北市淡水區新民街138號"}}, {"type": "Feature", "geometry": {"type": "Point", "coordinates": [121.437598011195, 25.178003993434]}, "properties": {"name": "阿不拉紅茶專賣店-真理店", "district": "淡水區", "category": "飲料冰品店", "grade": "優", "tel": "0912759069", "address": "新北市淡水區新民街140號"}}, {"type": "Feature", "geometry": {"type": "Point", "coordinates": [121.446525995362, 25.174334019038]}, "properties": {"name": "葉問國際有限公司", "district": "淡水區", "category": "飲料冰品店", "grade": "優", "tel": "0933206044", "address": "新北市淡水區學府路152號"}}, {"type": "Feature", "geometry": {"type": "Point", "coordinates": [121.602143990622, 25.003584006337]}, "properties": {"name": "五十嵐", "district": "深坑區", "category": "飲料冰品店", "grade": "優", "tel": "02-86626621", "address": "新北市深坑區北深路3段180號"}}, {"type": "Feature", "geometry": {"type": "Point", "coordinates": [121.601382997633, 25.003830979114]}, "properties": {"name": "路易莎咖啡有限公司-深坑東南門市", "district": "深坑區", "category": "飲料冰品店", "grade": "優", "tel": "02-26649332", "address": "新北市深坑區北深路3段204號"}}, {"type": "Feature", "geometry": {"type": "Point", "coordinates": [121.447478514839, 25.038900694362]}, "properties": {"name": "麥咖啡企業社", "district": "新莊區", "category": "飲料冰品店", "grade": "優", "tel": "02-89943737", "address": "新北市新莊區和興街3號"}}, {"type": "Feature", "geometry": {"type": "Point", "coordinates": [121.658547707489, 25.208398773926]}, "properties": {"name": "金山芋園王", "district": "萬里區", "category": "飲料冰品店", "grade": "優", "tel": "02-24989997", "address": "新北市萬里區頂社路67號"}}, {"type": "Feature", "geometry": {"type": "Point", "coordinates": [121.428337936023, 24.995446687096]}, "properties": {"name": "魏姐包心粉圓", "district": "樹林區", "category": "飲料冰品店", "grade": "優", "tel": "02-86755376", "address": "新北市樹林區保安里樹新路40-6號7樓"}}, {"type": "Feature", "geometry": {"type": "Point", "coordinates": [121.428337936023, 24.995446687096]}, "properties": {"name": "酷聖石冰淇淋", "district": "樹林區", "category": "飲料冰品店", "grade": "優", "tel": "02-26817973", "address": "新北市樹林區保安里樹新路40-6號7樓"}}, {"type": "Feature", "geometry": {"type": "Point", "coordinates": [121.428337936023, 24.995446687096]}, "properties": {"name": "沏座", "district": "樹林區", "category": "飲料冰品店", "grade": "優", "tel": "0976249760", "address": "新北市樹林區保安里樹新路40-6號7樓"}}, {"type": "Feature", "geometry": {"type": "Point", "coordinates": [121.461903015832, 25.129438994978]}, "properties": {"name": "堤摩咖啡飲料店", "district": "", "category": "飲料冰品店", "grade": "優", "tel": "02-28086860", "address": "新北勢淡水區自強路293-1號"}}, {"type": "Feature", "geometry": {"type": "Point", "coordinates": [121.547001964202, 24.870847014185]}, "properties": {"name": "山之川溫泉餐坊", "district": "烏來區", "category": "觀光旅館(含國際觀光旅館及一般觀光旅館)", "grade": "優", "tel": "02-26616969", "address": "新北市烏來區新烏路五段122號"}}, {"type": "Feature", "geometry": {"type": "Point", "coordinates": [121.54739599747, 24.869788002628]}, "properties": {"name": "馥蘭朵烏來度假酒店", "district": "烏來區", "category": "觀光旅館(含國際觀光旅館及一般觀光旅館)", "grade": "優", "tel": "02-26616555", "address": "新北市烏來區新烏路五段176號"}}, {"type": "Feature", "geometry": {"type": "Point", "coordinates": [121.549095009244, 24.86056401155]}, "properties": {"name": "山水妍溫泉會館", "district": "烏來區", "category": "觀光旅館(含國際觀光旅館及一般觀光旅館)", "grade": "優", "tel": "02-26617777", "address": "新北市烏來區環山路115號"}}, {"type": "Feature", "geometry": {"type": "Point", "coordinates": [121.548051965212, 24.864255988442]}, "properties": {"name": "驛站溫泉會館", "district": "烏來區", "category": "觀光旅館(含國際觀光旅館及一般觀光旅館)", "grade": "優", "tel": "02-26616888", "address": "新北市烏來區環山路70號"}}, {"type": "Feature", "geometry": {"type": "Point", "coordinates": [121.415489903379, 25.182101193435]}, "properties": {"name": "福容大飯店淡水漁人碼頭大廳咖啡廳", "district": "淡水區", "category": "觀光旅館(含國際觀光旅館及一般觀光旅館)", "grade": "優", "tel": "02-26287777", "address": "新北市淡水區觀海路83號"}}, {"type": "Feature", "geometry": {"type": "Point", "coordinates": [121.598695005103, 25.004284817262]}, "properties": {"name": "深坑假日飯店股份有限公司-港式悅餐廳", "district": "深坑區", "category": "觀光旅館(含國際觀光旅館及一般觀光旅館)", "grade": "優", "tel": "02-77035897", "address": "新北市深坑區北深路3段265號"}}, {"type": "Feature", "geometry": {"type": "Point", "coordinates": [121.598695005103, 25.004284817262]}, "properties": {"name": "深坑假日飯店股份有限公司café", "district": "深坑區", "category": "觀光旅館(含國際觀光旅館及一般觀光旅館)", "grade": "優", "tel": "02-77035897", "address": "新北市深坑區北深路3段265號"}}, {"type": "Feature", "geometry": {"type": "Point", "coordinates": [121.691505974946, 24.979017989235]}, "properties": {"name": "寶媽麵食館", "district": "石碇區", "category": "學校醫院附設餐廳", "grade": "優", "tel": "0939179877", "address": "新北市石碇區華梵路1號"}}, {"type": "Feature", "geometry": {"type": "Point", "coordinates": [121.422251500852, 25.040594006442]}, "properties": {"name": "明正企業社", "district": "泰山區", "category": "學校醫院附設餐廳", "grade": "優", "tel": "02-29050895", "address": "新北市泰山區工專路84號"}}, {"type": "Feature", "geometry": {"type": "Point", "coordinates": [121.425371298535, 25.191437564011]}, "properties": {"name": "轉角廚房", "district": "淡水區", "category": "學校醫院附設餐廳", "grade": "優", "tel": "0939909069", "address": "新北市淡水區濱海路三段150號B1"}}, {"type": "Feature", "geometry": {"type": "Point", "coordinates": [121.425624965423, 25.192067988772]}, "properties": {"name": "甦醒早餐", "district": "淡水區", "category": "學校醫院附設餐廳", "grade": "優", "tel": "0933152658", "address": "新北市淡水區濱海路三段150號"}}, {"type": "Feature", "geometry": {"type": "Point", "coordinates": [121.451658989047, 25.226897981589]}, "properties": {"name": "九九漢堡", "district": "淡水區", "category": "學校醫院附設餐廳", "grade": "優", "tel": "02-28013131", "address": "新北市淡水區淡金路四段499號"}}, {"type": "Feature", "geometry": {"type": "Point", "coordinates": [121.412925963017, 25.06887500876]}, "properties": {"name": "金盃美而美", "district": "泰山區", "category": "學校醫院附設餐廳", "grade": "優", "tel": "0938638710", "address": "新北市泰山區泰林路3段20號"}}, {"type": "Feature", "geometry": {"type": "Point", "coordinates": [121.499643037794, 25.254969981152]}, "properties": {"name": "豪品便當", "district": "三芝區", "category": "一般餐廳", "grade": "良", "tel": "02-26364972", "address": "新北市三芝區中興街2段54號"}}, {"type": "Feature", "geometry": {"type": "Point", "coordinates": [121.370268027005, 24.93696799266]}, "properties": {"name": "鶯歌阿婆壽司", "district": "三峽區", "category": "一般餐廳", "grade": "良", "tel": "02-26740318", "address": "新北市三峽區和平街26號"}}, {"type": "Feature", "geometry": {"type": "Point", "coordinates": [121.370260483292, 24.937062289071]}, "properties": {"name": "鮮揚滷肉飯", "district": "三峽區", "category": "一般餐廳", "grade": "良", "tel": "02-26717776", "address": "新北市三峽區和平街30號"}}, {"type": "Feature", "geometry": {"type": "Point", "coordinates": [121.459237989718, 24.980614993247]}, "properties": {"name": "八方雲集國際股份有限公司-土城青雲店", "district": "土城區", "category": "一般餐廳", "grade": "良", "tel": "02-22662626", "address": "新北市土城區青雲路265號"}}, {"type": "Feature", "geometry": {"type": "Point", "coordinates": [121.458252026447, 24.981666000086]}, "properties": {"name": "武藏田食堂", "district": "土城區", "category": "一般餐廳", "grade": "良", "tel": "0908906881", "address": "新北市土城區清水路139號"}}, {"type": "Feature", "geometry": {"type": "Point", "coordinates": [121.44798486561, 24.988335103257]}, "properties": {"name": "東部鐵道弁當", "district": "土城區", "category": "一般餐廳", "grade": "良", "tel": "02-22628545", "address": "新北市土城區裕民路34號"}}, {"type": "Feature", "geometry": {"type": "Point", "coordinates": [121.488454035245, 24.995281982699]}, "properties": {"name": "享享廚室", "district": "中和區", "category": "一般餐廳", "grade": "良", "tel": "02-22224613", "address": "新北市中和區連城路347巷19號"}}, {"type": "Feature", "geometry": {"type": "Point", "coordinates": [121.425859993988, 25.040551007279]}, "properties": {"name": "東家雞肉飯", "district": "泰山區", "category": "一般餐廳", "grade": "良", "tel": "02-29025339", "address": "新北市泰山區明志路3段145巷5弄30號1樓"}}, {"type": "Feature", "geometry": {"type": "Point", "coordinates": [121.424426437088, 25.039013682417]}, "properties": {"name": "50大道池上飯包店-明志腿庫飯", "district": "泰山區", "category": "一般餐廳", "grade": "良", "tel": "02-29048996", "address": "新北市泰山區明志路3段183號"}}, {"type": "Feature", "geometry": {"type": "Point", "coordinates": [121.424421994679, 25.038820018544]}, "properties": {"name": "八方雲集-泰山明志三店", "district": "泰山區", "category": "一般餐廳", "grade": "良", "tel": "02-29011177", "address": "新北市泰山區明志路3段187號"}}, {"type": "Feature", "geometry": {"type": "Point", "coordinates": [121.42474738016, 25.042749580481]}, "properties": {"name": "鍋御屋小火鍋", "district": "泰山區", "category": "一般餐廳", "grade": "良", "tel": "02-29020336", "address": "新北市泰山區明志路3段32號"}}, {"type": "Feature", "geometry": {"type": "Point", "coordinates": [121.451752028173, 25.173981979105]}, "properties": {"name": "Juicy-curry", "district": "淡水區", "category": "一般餐廳", "grade": "良", "tel": "0981443104", "address": "新北市淡水區水源街二段74巷17號"}}, {"type": "Feature", "geometry": {"type": "Point", "coordinates": [121.460514972667, 25.136931997322]}, "properties": {"name": "街角關東煮", "district": "淡水區", "category": "一般餐廳", "grade": "良", "tel": "0987341661", "address": "新北市淡水區民族路19號1樓"}}, {"type": "Feature", "geometry": {"type": "Point", "coordinates": [121.459952966059, 25.133858479156]}, "properties": {"name": "利御便當", "district": "淡水區", "category": "一般餐廳", "grade": "良", "tel": "02-28096000", "address": "新北市淡水區民權路185巷10號"}}, {"type": "Feature", "geometry": {"type": "Point", "coordinates": [121.422018986857, 25.182178013577]}, "properties": {"name": "貨櫃屋快炒", "district": "淡水區", "category": "一般餐廳", "grade": "良", "tel": "02-28052223", "address": "新北市淡水區沙崙路97號(左方貨櫃屋)"}}, {"type": "Feature", "geometry": {"type": "Point", "coordinates": [121.451912038704, 25.227293020686]}, "properties": {"name": "快樂餐坊", "district": "淡水區", "category": "一般餐廳", "grade": "良", "tel": "02-28012757", "address": "新北市淡水區淡金路四段552-1號"}}, {"type": "Feature", "geometry": {"type": "Point", "coordinates": [121.437564986496, 25.178040999536]}, "properties": {"name": "不一樣燒臘", "district": "淡水區", "category": "一般餐廳", "grade": "良", "tel": "02-26295116", "address": "新北市淡水區新民街142號1樓"}}, {"type": "Feature", "geometry": {"type": "Point", "coordinates": [121.446693968701, 25.175940410782]}, "properties": {"name": "十指大丼", "district": "淡水區", "category": "一般餐廳", "grade": "良", "tel": "0960772112", "address": "新北市淡水區學府路188號"}}, {"type": "Feature", "geometry": {"type": "Point", "coordinates": [121.446887003932, 25.176450994414]}, "properties": {"name": "鍋台銘時尚湯鍋-淡大店", "district": "淡水區", "category": "一般餐廳", "grade": "良", "tel": "02-2255222", "address": "新北市淡水區學府路211-10號"}}, {"type": "Feature", "geometry": {"type": "Point", "coordinates": [121.602194114403, 25.003569002731]}, "properties": {"name": "深坑一七八鵝肉", "district": "深坑區", "category": "一般餐廳", "grade": "良", "tel": "02-26625252", "address": "新北市深坑區北深路3段178號"}}, {"type": "Feature", "geometry": {"type": "Point", "coordinates": [121.602049023659, 25.003602991348]}, "properties": {"name": "鮮牛排", "district": "深坑區", "category": "一般餐廳", "grade": "良", "tel": "02-26649459", "address": "新北市深坑區北深路3段184號"}}, {"type": "Feature", "geometry": {"type": "Point", "coordinates": [121.600967003778, 25.003947990483]}, "properties": {"name": "大丈夫小吃店", "district": "深坑區", "category": "一般餐廳", "grade": "良", "tel": "0932191439", "address": "新北市深坑區北深路3段222號"}}, {"type": "Feature", "geometry": {"type": "Point", "coordinates": [121.600010963902, 25.003997988535]}, "properties": {"name": "老地方各式現炒", "district": "深坑區", "category": "一般餐廳", "grade": "良", "tel": "02-26627980", "address": "新北市深坑區北深路3段227號"}}, {"type": "Feature", "geometry": {"type": "Point", "coordinates": [121.367032025646, 24.936880988505]}, "properties": {"name": "美芝城-三峽活力大勇店", "district": "三峽區", "category": "早餐店", "grade": "良", "tel": "02-26719077", "address": "新北市三峽區大勇路52號"}}, {"type": "Feature", "geometry": {"type": "Point", "coordinates": [121.447754027996, 24.987951002544]}, "properties": {"name": "這吃早餐", "district": "土城區", "category": "早餐店", "grade": "良", "tel": "02-82626007", "address": "新北市土城區裕民路32巷7號"}}, {"type": "Feature", "geometry": {"type": "Point", "coordinates": [121.451500990173, 25.173781986895]}, "properties": {"name": "哦嗨呦布朗趣-淡大店", "district": "淡水區", "category": "早餐店", "grade": "良", "tel": "0970313122", "address": "新北市淡水區水源街二段74巷4號"}}, {"type": "Feature", "geometry": {"type": "Point", "coordinates": [121.438324973657, 25.178229005625]}, "properties": {"name": "森鹿", "district": "淡水區", "category": "早餐店", "grade": "良", "tel": "02-26250626", "address": "新北市淡水區新民街120巷23號"}}, {"type": "Feature", "geometry": {"type": "Point", "coordinates": [121.436949000432, 25.178813014728]}, "properties": {"name": "美堡寶早餐店", "district": "淡水區", "category": "早餐店", "grade": "良", "tel": "02-26215550", "address": "新北市淡水區新民街176號"}}, {"type": "Feature", "geometry": {"type": "Point", "coordinates": [121.460471973503, 24.981706987592]}, "properties": {"name": "越式餐廳", "district": "土城區", "category": "其他(新住民餐飲業)", "grade": "良", "tel": "02-82611772", "address": "新北市土城區清水路198號"}}, {"type": "Feature", "geometry": {"type": "Point", "coordinates": [121.466619009835, 25.013677997055]}, "properties": {"name": "春水堂人文茶館-板橋遠百店", "district": "板橋區", "category": "美食街之小型餐飲店", "grade": "良", "tel": "02-29560159", "address": "新北市板橋區新站路28號3樓"}}, {"type": "Feature", "geometry": {"type": "Point", "coordinates": [121.466619009835, 25.013677997055]}, "properties": {"name": "金色三麥-板橋店", "district": "板橋區", "category": "美食街之小型餐飲店", "grade": "良", "tel": "02-77385911", "address": "新北市板橋區新站路28號9樓"}}, {"type": "Feature", "geometry": {"type": "Point", "coordinates": [121.466619009835, 25.013677997055]}, "properties": {"name": "三味香", "district": "板橋區", "category": "美食街之小型餐飲店", "grade": "良", "tel": "02-29569654", "address": "新北市板橋區新站路28號B1樓"}}, {"type": "Feature", "geometry": {"type": "Point", "coordinates": [121.459822711283, 24.981509007039]}, "properties": {"name": "清心福全-土城清水店", "district": "土城區", "category": "飲料冰品店", "grade": "良", "tel": "02-22637378", "address": "新北市土城區清水路168號"}}, {"type": "Feature", "geometry": {"type": "Point", "coordinates": [121.451725960454, 24.98650998575]}, "properties": {"name": "舞茶道-土城裕民店", "district": "土城區", "category": "飲料冰品店", "grade": "良", "tel": "02-22650629", "address": "新北市土城區裕民路137之2號"}}, {"type": "Feature", "geometry": {"type": "Point", "coordinates": [121.450287039136, 24.987340003712]}, "properties": {"name": "50嵐-裕民店", "district": "土城區", "category": "飲料冰品店", "grade": "良", "tel": "02-22629816", "address": "新北市土城區裕民路89號"}}, {"type": "Feature", "geometry": {"type": "Point", "coordinates": [121.450759024104, 24.987026017619]}, "properties": {"name": "清心福全-裕生店", "district": "土城區", "category": "飲料冰品店", "grade": "良", "tel": "02-22638618", "address": "新北市土城區裕民路97號"}}, {"type": "Feature", "geometry": {"type": "Point", "coordinates": [121.454798011787, 24.987193990958]}, "properties": {"name": "COCO都可(土城廣福店)", "district": "土城區", "category": "飲料冰品店", "grade": "良", "tel": "02-22650873", "address": "新北市土城區學府路一段146號"}}, {"type": "Feature", "geometry": {"type": "Point", "coordinates": [121.639930532146, 25.219345509642]}, "properties": {"name": "85度C-中山店", "district": "金山區", "category": "飲料冰品店", "grade": "良", "tel": "02-24982888", "address": "新北市金山區中山路106號"}}, {"type": "Feature", "geometry": {"type": "Point", "coordinates": [121.424919376813, 25.041318580062]}, "properties": {"name": "粉圓厝", "district": "泰山區", "category": "飲料冰品店", "grade": "良", "tel": "02-29080760", "address": "新北市泰山區明志路3段94號"}}, {"type": "Feature", "geometry": {"type": "Point", "coordinates": [121.416801000674, 25.067395980036]}, "properties": {"name": "分享我咖啡", "district": "泰山區", "category": "飲料冰品店", "grade": "良", "tel": "0925581125", "address": "新北市泰山區泰林路3段120巷28號"}}, {"type": "Feature", "geometry": {"type": "Point", "coordinates": [121.45109698244, 25.173880013253]}, "properties": {"name": "清心福全-淡水水源店", "district": "淡水區", "category": "飲料冰品店", "grade": "良", "tel": "02-26290033", "address": "新北市淡水區水源街二段64號"}}, {"type": "Feature", "geometry": {"type": "Point", "coordinates": [121.446688771922, 25.174835801672]}, "properties": {"name": "淡水鴉片粉圓", "district": "淡水區", "category": "飲料冰品店", "grade": "良", "tel": "02-26269931", "address": "新北市淡水區學府路162號"}}, {"type": "Feature", "geometry": {"type": "Point", "coordinates": [121.601674017311, 25.003433006352]}, "properties": {"name": "清心福全-深坑北深新店", "district": "深坑區", "category": "飲料冰品店", "grade": "良", "tel": "02-86626171", "address": "新北市深坑區北深路3段171號"}}]}