{
   "type": "FeatureCollection",
   "features": [
  {
    "type": "Feature",
    "geometry": {
       "type": "Point",
       "coordinates":  [ 121.4788015,25.0178989 ]
    },
    "properties": {
    "no":1,
    "title":"埔墘福德宮",
    "county":"新北市",
    "town":"板橋區",
    "address":"中山路二段250巷1號(埔墘福德宮)",
    "tel":"(02)29645591",
    "mobile":"無"
    }
  },
  {
    "type": "Feature",
    "geometry": {
       "type": "Point",
       "coordinates":  [ 121.4612159,25.0006969 ]
    },
    "properties": {
    "no":2,
    "title":"新北市板橋區大豐里辦公處",
    "county":"新北市",
    "town":"板橋區",
    "address":"忠孝路48巷5弄4號(大豐市民活動中心)",
    "tel":"(02)29524458",
    "mobile":"無"
    }
  },
  {
    "type": "Feature",
    "geometry": {
       "type": "Point",
       "coordinates":  [ 121.4530565,25.0233687 ]
    },
    "properties": {
    "no":3,
    "title":"新北市板橋區親子服務協會",
    "county":"新北市",
    "town":"板橋區",
    "address":"中正路413巷2弄24、26號(中正市民活動中心)",
    "tel":"(02)29534297",
    "mobile":"無"
    }
  },
  {
    "type": "Feature",
    "geometry": {
       "type": "Point",
       "coordinates":  [ 121.4530565,25.0233687 ]
    },
    "properties": {
    "no":4,
    "title":"新北市板橋區十二埒社區發展協會(原:金華社區發展協會)",
    "county":"新北市",
    "town":"板橋區",
    "address":"中正路413巷2弄24號(中正市民活動中心)",
    "tel":"(02)29608956",
    "mobile":"無"
    }
  },
  {
    "type": "Feature",
    "geometry": {
       "type": "Point",
       "coordinates":  [ 121.465551,24.993075 ]
    },
    "properties": {
    "no":5,
    "title":"財團法人台灣省私立健順養護中心(新北市板橋頤安公共托老中心)",
    "county":"新北市",
    "town":"板橋區",
    "address":"廣權路130號(五權公園活動中心)",
    "tel":"(02)89533885",
    "mobile":"無"
    }
  },
  {
    "type": "Feature",
    "geometry": {
       "type": "Point",
       "coordinates":  [ 121.4601005,24.9973058 ]
    },
    "properties": {
    "no":6,
    "title":"新北市板橋區仁愛里辦公處",
    "county":"新北市",
    "town":"板橋區",
    "address":"國慶路149巷21弄16號(忠孝公園市民活動中心)",
    "tel":"(02)89533956",
    "mobile":"無"
    }
  },
  {
    "type": "Feature",
    "geometry": {
       "type": "Point",
       "coordinates":  [ 121.4605804,25.0288 ]
    },
    "properties": {
    "no":7,
    "title":"新北市板橋區仁翠里辦公處",
    "county":"新北市",
    "town":"板橋區",
    "address":"裕民街76巷14號",
    "tel":"(02)82521582",
    "mobile":"無"
    }
  },
  {
    "type": "Feature",
    "geometry": {
       "type": "Point",
       "coordinates":  [ 121.4721892,25.0179331 ]
    },
    "properties": {
    "no":8,
    "title":"新北市板橋區鶴齡服務協會",
    "county":"新北市",
    "town":"板橋區",
    "address":"臨民生路二段56號之6(2樓)",
    "tel":"(02)22595930",
    "mobile":"無"
    }
  },
  {
    "type": "Feature",
    "geometry": {
       "type": "Point",
       "coordinates":  [ 121.4758701,25.0325639 ]
    },
    "properties": {
    "no":9,
    "title":"新北市板橋區文翠里辦公處",
    "county":"新北市",
    "town":"板橋區",
    "address":"文聖街11巷12號",
    "tel":"(02)82527372",
    "mobile":"無"
    }
  },
  {
    "type": "Feature",
    "geometry": {
       "type": "Point",
       "coordinates":  [ 121.462209,25.021816 ]
    },
    "properties": {
    "no":10,
    "title":"新北市板橋區文德里辦公處",
    "county":"新北市",
    "town":"板橋區",
    "address":"新海路72巷4號1樓",
    "tel":"(02)22573307",
    "mobile":"無"
    }
  },
  {
    "type": "Feature",
    "geometry": {
       "type": "Point",
       "coordinates":  [ 121.4789114,25.0143309 ]
    },
    "properties": {
    "no":11,
    "title":"新北市板橋區正泰里辦公處",
    "county":"新北市",
    "town":"板橋區",
    "address":"三民路二段正泰二巷7號",
    "tel":"(02)29570073",
    "mobile":"無"
    }
  },
  {
    "type": "Feature",
    "geometry": {
       "type": "Point",
       "coordinates":  [ 121.4589673,25.0151055 ]
    },
    "properties": {
    "no":12,
    "title":"新北市板橋區國光社區發展協會",
    "county":"新北市",
    "town":"板橋區",
    "address":"民權路202巷7弄28號(民安活動中心)",
    "tel":"無",
    "mobile":"937002801"
    }
  },
  {
    "type": "Feature",
    "geometry": {
       "type": "Point",
       "coordinates":  [ 121.4707655,25.0082171 ]
    },
    "properties": {
    "no":13,
    "title":"新北市板橋區民族里辦公處",
    "county":"新北市",
    "town":"板橋區",
    "address":"民族路247巷7弄34號1、2樓",
    "tel":"(02)29506999",
    "mobile":"無"
    }
  },
  {
    "type": "Feature",
    "geometry": {
       "type": "Point",
       "coordinates":  [ 121.4618415,25.0114095 ]
    },
    "properties": {
    "no":14,
    "title":"新北市板橋區光仁里辦公處",
    "county":"新北市",
    "town":"板橋區",
    "address":"仁街82號",
    "tel":"(02)29611761",
    "mobile":"無"
    }
  },
  {
    "type": "Feature",
    "geometry": {
       "type": "Point",
       "coordinates":  [ 121.4849983,25.0198349 ]
    },
    "properties": {
    "no":15,
    "title":"新北市板橋區中山社區發展協會",
    "county":"新北市",
    "town":"板橋區",
    "address":"光復街133巷5號",
    "tel":"(02)29640347",
    "mobile":"無"
    }
  },
  {
    "type": "Feature",
    "geometry": {
       "type": "Point",
       "coordinates":  [ 121.454036,25.011142 ]
    },
    "properties": {
    "no":16,
    "title":"新北市板橋區光華里辦公處",
    "county":"新北市",
    "town":"板橋區",
    "address":"光華街1號1-4樓(光華市民活動中心)",
    "tel":"(02)29601222",
    "mobile":"無"
    }
  },
  {
    "type": "Feature",
    "geometry": {
       "type": "Point",
       "coordinates":  [ 121.4539064,25.0131624 ]
    },
    "properties": {
    "no":17,
    "title":"新北市板橋區光榮里辦公處",
    "county":"新北市",
    "town":"板橋區",
    "address":"光華街52號(光榮市民活動中心)",
    "tel":"(02)29685269",
    "mobile":"無"
    }
  },
  {
    "type": "Feature",
    "geometry": {
       "type": "Point",
       "coordinates":  [ 121.4708447,25.0306342 ]
    },
    "properties": {
    "no":18,
    "title":"潮和鶴齡關懷協會(板橋江子翠潮和宮)",
    "county":"新北市",
    "town":"板橋區",
    "address":"吳鳳路50巷93號",
    "tel":"(02)89552550",
    "mobile":"無"
    }
  },
  {
    "type": "Feature",
    "geometry": {
       "type": "Point",
       "coordinates":  [ 121.4533312,25.0154695 ]
    },
    "properties": {
    "no":19,
    "title":"新北市板橋區自立里辦公處",
    "county":"新北市",
    "town":"板橋區",
    "address":"大智街77號(自立市民活動中心)",
    "tel":"(02)29679914",
    "mobile":"無"
    }
  },
  {
    "type": "Feature",
    "geometry": {
       "type": "Point",
       "coordinates":  [ 121.4716371,25.0176201 ]
    },
    "properties": {
    "no":20,
    "title":"新北市板橋區板新社區發展協會",
    "county":"新北市",
    "town":"板橋區",
    "address":"民生路二段89號之1號(西安市民活動中心)",
    "tel":"(02)29535919",
    "mobile":"無"
    }
  },
  {
    "type": "Feature",
    "geometry": {
       "type": "Point",
       "coordinates":  [ 121.4622345,24.9931304 ]
    },
    "properties": {
    "no":21,
    "title":"新北市板橋區和平里辦公處",
    "county":"新北市",
    "town":"板橋區",
    "address":"和平路安樂巷51號",
    "tel":"(02)29557838",
    "mobile":"無"
    }
  },
  {
    "type": "Feature",
    "geometry": {
       "type": "Point",
       "coordinates":  [ 121.461358,25.020346 ]
    },
    "properties": {
    "no":22,
    "title":"新北市板橋區幸福里辦公處",
    "county":"新北市",
    "town":"板橋區",
    "address":"幸福路44號",
    "tel":"(02)22574424",
    "mobile":"無"
    }
  },
  {
    "type": "Feature",
    "geometry": {
       "type": "Point",
       "coordinates":  [ 121.4736182,25.028718 ]
    },
    "properties": {
    "no":23,
    "title":"新北市奉獻地方服務協會",
    "county":"新北市",
    "town":"板橋區",
    "address":"雙十路二段191號",
    "tel":"(02)22537879",
    "mobile":"無"
    }
  },
  {
    "type": "Feature",
    "geometry": {
       "type": "Point",
       "coordinates":  [ 121.4729797,25.0289151 ]
    },
    "properties": {
    "no":24,
    "title":"新北市板橋愛活樂園公共托老中心(社團法人愛福家協會)",
    "county":"新北市",
    "town":"板橋區",
    "address":"雙十路二段215號4樓",
    "tel":"(02)22506500",
    "mobile":"無"
    }
  },
  {
    "type": "Feature",
    "geometry": {
       "type": "Point",
       "coordinates":  [ 121.475103,25.0266565 ]
    },
    "properties": {
    "no":25,
    "title":"新北市板橋區忠翠里辦公處",
    "county":"新北市",
    "town":"板橋區",
    "address":"雙十路二段47巷2弄33號",
    "tel":"(02)22500277",
    "mobile":"無"
    }
  },
  {
    "type": "Feature",
    "geometry": {
       "type": "Point",
       "coordinates":  [ 121.4647562,25.0261509 ]
    },
    "properties": {
    "no":26,
    "title":"新北市板橋區宏翠社區發展協會",
    "county":"新北市",
    "town":"板橋區",
    "address":"四維路168號",
    "tel":"(02)22561965",
    "mobile":"無"
    }
  },
  {
    "type": "Feature",
    "geometry": {
       "type": "Point",
       "coordinates":  [ 121.4753988,25.0263576 ]
    },
    "properties": {
    "no":27,
    "title":"新北市板橋區關懷社會協會",
    "county":"新北市",
    "town":"板橋區",
    "address":"雙十路二段69巷5號",
    "tel":"無",
    "mobile":"910191833"
    }
  },
  {
    "type": "Feature",
    "geometry": {
       "type": "Point",
       "coordinates":  [ 121.4759522,25.0134923 ]
    },
    "properties": {
    "no":28,
    "title":"新北市板橋區三民社區發展協會",
    "county":"新北市",
    "town":"板橋區",
    "address":"民生路1段30-1號(民生公園活動中心)",
    "tel":"(02)29561159",
    "mobile":"無"
    }
  },
  {
    "type": "Feature",
    "geometry": {
       "type": "Point",
       "coordinates":  [ 121.4759522,25.0134923 ]
    },
    "properties": {
    "no":29,
    "title":"新北市萬福關懷銀髮族協會",
    "county":"新北市",
    "town":"板橋區",
    "address":"民生路1段30-1號(民生公園活動中心)",
    "tel":"(02)29552532",
    "mobile":"無"
    }
  },
  {
    "type": "Feature",
    "geometry": {
       "type": "Point",
       "coordinates":  [ 121.4728107,25.013015 ]
    },
    "properties": {
    "no":30,
    "title":"新北市板橋區東安里辦公處",
    "county":"新北市",
    "town":"板橋區",
    "address":"長安街331巷59號",
    "tel":"(02)89517389",
    "mobile":"無"
    }
  },
  {
    "type": "Feature",
    "geometry": {
       "type": "Point",
       "coordinates":  [ 121.4738442,25.0302523 ]
    },
    "properties": {
    "no":31,
    "title":"新北市板橋區松翠里辦公處",
    "county":"新北市",
    "town":"板橋區",
    "address":"松柏街15巷22-1號",
    "tel":"(02)22511124",
    "mobile":"無"
    }
  },
  {
    "type": "Feature",
    "geometry": {
       "type": "Point",
       "coordinates":  [ 121.4566471,25.0149392 ]
    },
    "properties": {
    "no":32,
    "title":"新北市板橋區老人會",
    "county":"新北市",
    "town":"板橋區",
    "address":"中正路86號",
    "tel":"(02)29692100",
    "mobile":"無"
    }
  },
  {
    "type": "Feature",
    "geometry": {
       "type": "Point",
       "coordinates":  [ 121.4568884,25.0148279 ]
    },
    "properties": {
    "no":33,
    "title":"板橋北極壇",
    "county":"新北市",
    "town":"板橋區",
    "address":"中正路80巷1弄7號",
    "tel":"(02)29680470",
    "mobile":"無"
    }
  },
  {
    "type": "Feature",
    "geometry": {
       "type": "Point",
       "coordinates":  [ 121.4552575,25.0167505 ]
    },
    "properties": {
    "no":34,
    "title":"新北市板橋區社後里辦公處",
    "county":"新北市",
    "town":"板橋區",
    "address":"大仁街33巷2號(社後里活動中心)",
    "tel":"(02)29677989",
    "mobile":"無"
    }
  },
  {
    "type": "Feature",
    "geometry": {
       "type": "Point",
       "coordinates":  [ 121.4559581,25.0200648 ]
    },
    "properties": {
    "no":35,
    "title":"新北市板橋區金華里辦公處",
    "county":"新北市",
    "town":"板橋區",
    "address":"金華街10巷4號(金華市民活動中心)",
    "tel":"(02)29693025",
    "mobile":"無"
    }
  },
  {
    "type": "Feature",
    "geometry": {
       "type": "Point",
       "coordinates":  [ 121.4799971,25.0158569 ]
    },
    "properties": {
    "no":36,
    "title":"新北市板橋區長壽里辦公處",
    "county":"新北市",
    "town":"板橋區",
    "address":"三民路二段109巷12號",
    "tel":"(02)29612968",
    "mobile":"無"
    }
  },
  {
    "type": "Feature",
    "geometry": {
       "type": "Point",
       "coordinates":  [ 121.4567657,24.9926594 ]
    },
    "properties": {
    "no":37,
    "title":"新北市板橋區信義里辦公處",
    "county":"新北市",
    "town":"板橋區",
    "address":"信義路74巷7弄3號",
    "tel":"(02)29558215",
    "mobile":"無"
    }
  },
  {
    "type": "Feature",
    "geometry": {
       "type": "Point",
       "coordinates":  [ 121.4574716,24.991704 ]
    },
    "properties": {
    "no":38,
    "title":"新北市板橋區四汴頭社區發展協會",
    "county":"新北市",
    "town":"板橋區",
    "address":"信義路150巷43號(信義公園活動中心)",
    "tel":"(02)89642428",
    "mobile":"無"
    }
  },
  {
    "type": "Feature",
    "geometry": {
       "type": "Point",
       "coordinates":  [ 121.4589499,25.0172974 ]
    },
    "properties": {
    "no":39,
    "title":"新北市板橋區建國里辦公處",
    "county":"新北市",
    "town":"板橋區",
    "address":"建國街59號",
    "tel":"(02)29698142",
    "mobile":"無"
    }
  },
  {
    "type": "Feature",
    "geometry": {
       "type": "Point",
       "coordinates":  [ 121.4624613,25.0066163 ]
    },
    "properties": {
    "no":40,
    "title":"新北市板橋區後埔里辦公處",
    "county":"新北市",
    "town":"板橋區",
    "address":"重慶路89巷9弄2號(後埔市民活動中心)",
    "tel":"(02)29565712",
    "mobile":"無"
    }
  },
  {
    "type": "Feature",
    "geometry": {
       "type": "Point",
       "coordinates":  [ 121.4622445,25.0074297 ]
    },
    "properties": {
    "no":41,
    "title":"社團法人中華民國愛與希望協會",
    "county":"新北市",
    "town":"板橋區",
    "address":"館前東路96號3樓",
    "tel":"(02)29511040",
    "mobile":"無"
    }
  },
  {
    "type": "Feature",
    "geometry": {
       "type": "Point",
       "coordinates":  [ 121.4624675,25.0072996 ]
    },
    "properties": {
    "no":42,
    "title":"新北市後埔關懷協會",
    "county":"新北市",
    "town":"板橋區",
    "address":"後埔里館前東路96-3號",
    "tel":"(02)29548562",
    "mobile":"無"
    }
  },
  {
    "type": "Feature",
    "geometry": {
       "type": "Point",
       "coordinates":  [ 121.4580935,25.0085737 ]
    },
    "properties": {
    "no":43,
    "title":"財團法人台北市基督教台灣貴格會國光教會",
    "county":"新北市",
    "town":"板橋區",
    "address":"東門街30之2號4樓",
    "tel":"(02)29694665",
    "mobile":"無"
    }
  },
  {
    "type": "Feature",
    "geometry": {
       "type": "Point",
       "coordinates":  [ 121.4677953,25.0150955 ]
    },
    "properties": {
    "no":44,
    "title":"新北市板橋區香丘里辦公處",
    "county":"新北市",
    "town":"板橋區",
    "address":"漢生東路117巷7號",
    "tel":"(02)89514121",
    "mobile":"無"
    }
  },
  {
    "type": "Feature",
    "geometry": {
       "type": "Point",
       "coordinates":  [ 121.4528215,25.0178014 ]
    },
    "properties": {
    "no":45,
    "title":"新北市板橋區香社里辦公處",
    "county":"新北市",
    "town":"板橋區",
    "address":"中正路275巷69號",
    "tel":"(02)29695810",
    "mobile":"無"
    }
  },
  {
    "type": "Feature",
    "geometry": {
       "type": "Point",
       "coordinates":  [ 121.4523022,25.0156852 ]
    },
    "properties": {
    "no":46,
    "title":"新北市板橋區香雅里辦公處",
    "county":"新北市",
    "town":"板橋區",
    "address":"南雅西路二段307號",
    "tel":"(02)29669675",
    "mobile":"無"
    }
  },
  {
    "type": "Feature",
    "geometry": {
       "type": "Point",
       "coordinates":  [ 121.4813769,25.0240088 ]
    },
    "properties": {
    "no":47,
    "title":"新北市板橋區振興里辦公處",
    "county":"新北市",
    "town":"板橋區",
    "address":"振興里9鄰翠華街6巷1弄15號",
    "tel":"(02)29635758",
    "mobile":"無"
    }
  },
  {
    "type": "Feature",
    "geometry": {
       "type": "Point",
       "coordinates":  [ 121.4490332,25.0124611 ]
    },
    "properties": {
    "no":48,
    "title":"新北市板橋區浮洲里辦公處",
    "county":"新北市",
    "town":"板橋區",
    "address":"大觀路一段28巷111弄10號",
    "tel":"無",
    "mobile":"912837753"
    }
  },
  {
    "type": "Feature",
    "geometry": {
       "type": "Point",
       "coordinates":  [ 121.4583531,25.0177504 ]
    },
    "properties": {
    "no":49,
    "title":"新北市板橋區國光里辦公處",
    "county":"新北市",
    "town":"板橋區",
    "address":"國光路76號(國光市民活動中心)",
    "tel":"(02)29694828",
    "mobile":"無"
    }
  },
  {
    "type": "Feature",
    "geometry": {
       "type": "Point",
       "coordinates":  [ 121.474006,25.02062 ]
    },
    "properties": {
    "no":50,
    "title":"新北市板橋區埤墘里辦公處",
    "county":"新北市",
    "town":"板橋區",
    "address":"縣民大道三段33之1號後門(埤墘第一市民活動中心)",
    "tel":"(02)89516381",
    "mobile":"無"
    }
  },
  {
    "type": "Feature",
    "geometry": {
       "type": "Point",
       "coordinates":  [ 121.4330962,24.9882992 ]
    },
    "properties": {
    "no":51,
    "title":"新北市板橋區溪崑社區發展協會",
    "county":"新北市",
    "town":"板橋區",
    "address":"金門街253巷10弄7號(溪崑第二市民活動中心)",
    "tel":"(02)86751123",
    "mobile":"無"
    }
  },
  {
    "type": "Feature",
    "geometry": {
       "type": "Point",
       "coordinates":  [ 121.4306349,24.9917304 ]
    },
    "properties": {
    "no":52,
    "title":"中華民國紅心字會",
    "county":"新北市",
    "town":"板橋區",
    "address":"存德街29號",
    "tel":"(02)26815518",
    "mobile":"無"
    }
  },
  {
    "type": "Feature",
    "geometry": {
       "type": "Point",
       "coordinates":  [ 121.4727899,25.0102681 ]
    },
    "properties": {
    "no":53,
    "title":"新北市板橋海山公共托老中心",
    "county":"新北市",
    "town":"板橋區",
    "address":"長安街253號",
    "tel":"(02)89520151",
    "mobile":"無"
    }
  },
  {
    "type": "Feature",
    "geometry": {
       "type": "Point",
       "coordinates":  [ 121.4709027,25.019756 ]
    },
    "properties": {
    "no":54,
    "title":"新北市板橋區莊敬里辦公處",
    "county":"新北市",
    "town":"板橋區",
    "address":"民生路二段120號(莊敬市民活動中心)",
    "tel":"(02)22542199",
    "mobile":"無"
    }
  },
  {
    "type": "Feature",
    "geometry": {
       "type": "Point",
       "coordinates":  [ 121.4464629,25.0012122 ]
    },
    "properties": {
    "no":55,
    "title":"新北市板橋區復興里辦公處",
    "county":"新北市",
    "town":"板橋區",
    "address":"大觀路二段32號(警衛室對面)",
    "tel":"(02)22753934",
    "mobile":"無"
    }
  },
  {
    "type": "Feature",
    "geometry": {
       "type": "Point",
       "coordinates":  [ 121.4464629,25.0012122 ]
    },
    "properties": {
    "no":56,
    "title":"國軍退除役官兵輔導委員會板橋榮譽國民之家",
    "county":"新北市",
    "town":"板橋區",
    "address":"大觀路二段32號",
    "tel":"(02)22755157",
    "mobile":"無"
    }
  },
  {
    "type": "Feature",
    "geometry": {
       "type": "Point",
       "coordinates":  [ 121.4593589,25.0272024 ]
    },
    "properties": {
    "no":57,
    "title":"新北市板橋區朝陽里辦公處",
    "county":"新北市",
    "town":"板橋區",
    "address":"裕民街133巷2號",
    "tel":"(02)22573257",
    "mobile":"無"
    }
  },
  {
    "type": "Feature",
    "geometry": {
       "type": "Point",
       "coordinates":  [ 121.454586,25.022634 ]
    },
    "properties": {
    "no":58,
    "title":"新北市板橋區港尾里辦公處",
    "county":"新北市",
    "town":"板橋區",
    "address":"中正路336之1號(港尾市民活動中心)",
    "tel":"(02)29690815",
    "mobile":"無"
    }
  },
  {
    "type": "Feature",
    "geometry": {
       "type": "Point",
       "coordinates":  [ 121.4806041,25.018933 ]
    },
    "properties": {
    "no":59,
    "title":"社團法人台灣樂活服務發展協會(板橋港尾站)",
    "county":"新北市",
    "town":"板橋區",
    "address":"中山路2段318巷20弄5號1樓",
    "tel":"無",
    "mobile":"926627853"
    }
  },
  {
    "type": "Feature",
    "geometry": {
       "type": "Point",
       "coordinates":  [ 121.481308,25.025907 ]
    },
    "properties": {
    "no":60,
    "title":"新北市板橋區港嘴里辦公處",
    "county":"新北市",
    "town":"板橋區",
    "address":"縣民大道三段245-1號(港嘴市民活動中心)",
    "tel":"(02)22591380",
    "mobile":"無"
    }
  },
  {
    "type": "Feature",
    "geometry": {
       "type": "Point",
       "coordinates":  [ 121.4537163,25.0051539 ]
    },
    "properties": {
    "no":61,
    "title":"新北市板橋區湳興里辦公處",
    "county":"新北市",
    "town":"板橋區",
    "address":"南雅西路一段64號(湳興市民活動中心)",
    "tel":"(02)29679900",
    "mobile":"無"
    }
  },
  {
    "type": "Feature",
    "geometry": {
       "type": "Point",
       "coordinates":  [ 121.4468154,25.0128342 ]
    },
    "properties": {
    "no":62,
    "title":"新北市板橋區華中里辦公處",
    "county":"新北市",
    "town":"板橋區",
    "address":"僑中一街102巷7弄1、3號(華中市民活動中心)",
    "tel":"(02)29680023",
    "mobile":"無"
    }
  },
  {
    "type": "Feature",
    "geometry": {
       "type": "Point",
       "coordinates":  [ 121.4713254,25.023167 ]
    },
    "properties": {
    "no":63,
    "title":"新北市板橋區埤墘社區發展協會",
    "county":"新北市",
    "town":"板橋區",
    "address":"莊敬路179號(埤墘第二市民活動中心)",
    "tel":"(02)82536683",
    "mobile":"無"
    }
  },
  {
    "type": "Feature",
    "geometry": {
       "type": "Point",
       "coordinates":  [ 121.470099,25.021944 ]
    },
    "properties": {
    "no":64,
    "title":"新北市板橋區華江里辦公處",
    "county":"新北市",
    "town":"板橋區",
    "address":"民生路二段226巷17弄9號(巡守隊旁)",
    "tel":"(02)22528366",
    "mobile":"無"
    }
  },
  {
    "type": "Feature",
    "geometry": {
       "type": "Point",
       "coordinates":  [ 121.457969,25.003089 ]
    },
    "properties": {
    "no":65,
    "title":"新北市板橋區華貴里辦公處",
    "county":"新北市",
    "town":"板橋區",
    "address":"大明街20巷19弄13號(華貴市民活動中心)",
    "tel":"(02)29510606",
    "mobile":"無"
    }
  },
  {
    "type": "Feature",
    "geometry": {
       "type": "Point",
       "coordinates":  [ 121.4584097,25.0052161 ]
    },
    "properties": {
    "no":66,
    "title":"新北市板橋區華福里辦公處",
    "county":"新北市",
    "town":"板橋區",
    "address":"東興街17號",
    "tel":"(02)29580219",
    "mobile":"無"
    }
  },
  {
    "type": "Feature",
    "geometry": {
       "type": "Point",
       "coordinates":  [ 121.4579083,25.0048792 ]
    },
    "properties": {
    "no":67,
    "title":"新北市華福關懷協會",
    "county":"新北市",
    "town":"板橋區",
    "address":"大華街居安巷31號",
    "tel":"(02)89658171",
    "mobile":"無"
    }
  },
  {
    "type": "Feature",
    "geometry": {
       "type": "Point",
       "coordinates":  [ 121.472444,25.024862 ]
    },
    "properties": {
    "no":68,
    "title":"新北市板橋區華翠里辦公處",
    "county":"新北市",
    "town":"板橋區",
    "address":"莒光路133巷42號(華翠市民活動中心)",
    "tel":"(02)22528552",
    "mobile":"無"
    }
  },
  {
    "type": "Feature",
    "geometry": {
       "type": "Point",
       "coordinates":  [ 121.4534941,24.9925294 ]
    },
    "properties": {
    "no":69,
    "title":"新北市板橋區華德里辦公處",
    "county":"新北市",
    "town":"板橋區",
    "address":"四川路二段245巷125號(華德公園活動中心)",
    "tel":"(02)89676580",
    "mobile":"無"
    }
  },
  {
    "type": "Feature",
    "geometry": {
       "type": "Point",
       "coordinates":  [ 121.4533846,24.9923213 ]
    },
    "properties": {
    "no":70,
    "title":"新北市板橋區華東社區發展協會",
    "county":"新北市",
    "town":"板橋區",
    "address":"四川路二段245巷125號",
    "tel":"無",
    "mobile":"910080339"
    }
  },
  {
    "type": "Feature",
    "geometry": {
       "type": "Point",
       "coordinates":  [ 121.4593452,25.0038065 ]
    },
    "properties": {
    "no":71,
    "title":"新北市板橋區鄉雲里辦公處",
    "county":"新北市",
    "town":"板橋區",
    "address":"大華街168號(鄉雲市民活動中心)",
    "tel":"(02)29531198",
    "mobile":"無"
    }
  },
  {
    "type": "Feature",
    "geometry": {
       "type": "Point",
       "coordinates":  [ 121.4557659,24.9966793 ]
    },
    "properties": {
    "no":72,
    "title":"社團法人中華民國天元慈善功德會",
    "county":"新北市",
    "town":"板橋區",
    "address":"四川路二段16巷5號10樓",
    "tel":"(02)89673536",
    "mobile":"無"
    }
  },
  {
    "type": "Feature",
    "geometry": {
       "type": "Point",
       "coordinates":  [ 121.4636007,25.0246818 ]
    },
    "properties": {
    "no":73,
    "title":"新北市板橋區陽明里辦公處",
    "county":"新北市",
    "town":"板橋區",
    "address":"陽明街166號",
    "tel":"(02)22573159",
    "mobile":"無"
    }
  },
  {
    "type": "Feature",
    "geometry": {
       "type": "Point",
       "coordinates":  [ 121.4559387,25.0118539 ]
    },
    "properties": {
    "no":74,
    "title":"新北市基督教女青年會",
    "county":"新北市",
    "town":"板橋區",
    "address":"北門街61號",
    "tel":"(02)29655100",
    "mobile":"無"
    }
  },
  {
    "type": "Feature",
    "geometry": {
       "type": "Point",
       "coordinates":  [ 121.4564451,25.0226118 ]
    },
    "properties": {
    "no":75,
    "title":"新北市板橋區新生里辦公處",
    "county":"新北市",
    "town":"板橋區",
    "address":"新生街23巷17號1樓(新生市民活動中心)",
    "tel":"(02)29691892",
    "mobile":"無"
    }
  },
  {
    "type": "Feature",
    "geometry": {
       "type": "Point",
       "coordinates":  [ 121.467903,25.0229669 ]
    },
    "properties": {
    "no":76,
    "title":"新北市板橋區新埔里辦公處",
    "county":"新北市",
    "town":"板橋區",
    "address":"文化路一段453巷31弄3號",
    "tel":"(02)82510593",
    "mobile":"無"
    }
  },
  {
    "type": "Feature",
    "geometry": {
       "type": "Point",
       "coordinates":  [ 121.4660778,25.0241334 ]
    },
    "properties": {
    "no":77,
    "title":"新北市板橋新埔商圈協會",
    "county":"新北市",
    "town":"板橋區",
    "address":"民有街1-2號1樓",
    "tel":"(02)82536119",
    "mobile":"無"
    }
  },
  {
    "type": "Feature",
    "geometry": {
       "type": "Point",
       "coordinates":  [ 121.4636007,25.0246818 ]
    },
    "properties": {
    "no":78,
    "title":"新北市板橋區新翠里辦公處",
    "county":"新北市",
    "town":"板橋區",
    "address":"陽明街166號",
    "tel":"(02)22563351",
    "mobile":"921145586"
    }
  },
  {
    "type": "Feature",
    "geometry": {
       "type": "Point",
       "coordinates":  [ 121.455646,25.007565 ]
    },
    "properties": {
    "no":79,
    "title":"新北市板橋區新興里辦公處",
    "county":"新北市",
    "town":"板橋區",
    "address":"中興路63號(新興市民活動中心)",
    "tel":"(02)29680816",
    "mobile":"無"
    }
  },
  {
    "type": "Feature",
    "geometry": {
       "type": "Point",
       "coordinates":  [ 121.4618415,25.0114095 ]
    },
    "properties": {
    "no":80,
    "title":"新北市板橋區溪北里辦公處",
    "county":"新北市",
    "town":"板橋區",
    "address":"崑二街45號",
    "tel":"(02)26831839",
    "mobile":"無"
    }
  },
  {
    "type": "Feature",
    "geometry": {
       "type": "Point",
       "coordinates":  [ 121.4277086,24.9892076 ]
    },
    "properties": {
    "no":81,
    "title":"新北市健康九九輔導關懷促進協會",
    "county":"新北市",
    "town":"板橋區",
    "address":"滿平街69號",
    "tel":"(02)26825630",
    "mobile":"無"
    }
  },
  {
    "type": "Feature",
    "geometry": {
       "type": "Point",
       "coordinates":  [ 121.4639535,25.0308838 ]
    },
    "properties": {
    "no":82,
    "title":"新北市板橋區滿翠里辦公處",
    "county":"新北市",
    "town":"板橋區",
    "address":"民生路三段270之1號(六里聯合活動中心)",
    "tel":"(02)22556070",
    "mobile":"無"
    }
  },
  {
    "type": "Feature",
    "geometry": {
       "type": "Point",
       "coordinates":  [ 121.4615217,25.0175313 ]
    },
    "properties": {
    "no":83,
    "title":"新北市慈光身心障礙者公益服務協會",
    "county":"新北市",
    "town":"板橋區",
    "address":"建國街132號",
    "tel":"(02)22310955",
    "mobile":"無"
    }
  },
  {
    "type": "Feature",
    "geometry": {
       "type": "Point",
       "coordinates":  [ 121.4618506,25.0105884 ]
    },
    "properties": {
    "no":84,
    "title":"新北市板橋區福丘里辦公處",
    "county":"新北市",
    "town":"板橋區",
    "address":"中山路一段115號(福丘里辦公處)",
    "tel":"(02)29539212",
    "mobile":"無"
    }
  },
  {
    "type": "Feature",
    "geometry": {
       "type": "Point",
       "coordinates":  [ 121.4604721,25.0042422 ]
    },
    "properties": {
    "no":85,
    "title":"新北市板橋區景福社區發展協會",
    "county":"新北市",
    "town":"板橋區",
    "address":"四川路一段157巷7號(福星區民活動中心)",
    "tel":"(02)29512625",
    "mobile":"無"
    }
  },
  {
    "type": "Feature",
    "geometry": {
       "type": "Point",
       "coordinates":  [ 121.4611383,25.0031792 ]
    },
    "properties": {
    "no":86,
    "title":"新北市板橋區福星里辦公處",
    "county":"新北市",
    "town":"板橋區",
    "address":"校前街39巷1號",
    "tel":"(02)29510833",
    "mobile":"無"
    }
  },
  {
    "type": "Feature",
    "geometry": {
       "type": "Point",
       "coordinates":  [ 121.480703,25.012823 ]
    },
    "properties": {
    "no":87,
    "title":"新北市板橋區福壽里辦公處",
    "county":"新北市",
    "town":"板橋區",
    "address":"三民路二段居仁巷2弄50號",
    "tel":"(02)29579873",
    "mobile":"無"
    }
  },
  {
    "type": "Feature",
    "geometry": {
       "type": "Point",
       "coordinates":  [ 121.4827607,25.0275743 ]
    },
    "properties": {
    "no":88,
    "title":"新北市板橋區福翠里辦公處",
    "county":"新北市",
    "town":"板橋區",
    "address":"萬板路812-1號(福翠市民活動中心)",
    "tel":"(02)22511102",
    "mobile":"無"
    }
  },
  {
    "type": "Feature",
    "geometry": {
       "type": "Point",
       "coordinates":  [ 121.465066,25.0046941 ]
    },
    "properties": {
    "no":89,
    "title":"新北市板橋區福泰社區發展協會",
    "county":"新北市",
    "town":"板橋區",
    "address":"忠孝路忠義巷9弄1-1號(福泰市民活動中心)",
    "tel":"(02)29513625",
    "mobile":"無"
    }
  },
  {
    "type": "Feature",
    "geometry": {
       "type": "Point",
       "coordinates":  [ 121.4432802,25.0021533 ]
    },
    "properties": {
    "no":90,
    "title":"新北市板橋區聚安里辦公處",
    "county":"新北市",
    "town":"板橋區",
    "address":"龍興街71巷12號",
    "tel":"(02)29600213",
    "mobile":"無"
    }
  },
  {
    "type": "Feature",
    "geometry": {
       "type": "Point",
       "coordinates":  [ 121.4737761,25.020182 ]
    },
    "properties": {
    "no":91,
    "title":"新北市板橋區雙新社區發展協會",
    "county":"新北市",
    "town":"板橋區",
    "address":"太和街6巷3號",
    "tel":"(02)89645966",
    "mobile":"無"
    }
  },
  {
    "type": "Feature",
    "geometry": {
       "type": "Point",
       "coordinates":  [ 121.4769495,25.0208005 ]
    },
    "properties": {
    "no":92,
    "title":"新北市新住民促進會",
    "county":"新北市",
    "town":"板橋區",
    "address":"永豐街124號(永豐公園市民活動中心)",
    "tel":"(02)29561159",
    "mobile":"無"
    }
  },
  {
    "type": "Feature",
    "geometry": {
       "type": "Point",
       "coordinates":  [ 121.4650279,24.9999711 ]
    },
    "properties": {
    "no":93,
    "title":"新北市板橋區廣德里辦公處",
    "county":"新北市",
    "town":"板橋區",
    "address":"重慶路245巷32弄18號(重慶公園活動中心)",
    "tel":"(02)29643797",
    "mobile":"無"
    }
  },
  {
    "type": "Feature",
    "geometry": {
       "type": "Point",
       "coordinates":  [ 121.4574861,25.0262993 ]
    },
    "properties": {
    "no":94,
    "title":"新北市板橋區德翠社區發展協會",
    "county":"新北市",
    "town":"板橋區",
    "address":"新海路403巷22號(新海里巡守崗亭)",
    "tel":"無",
    "mobile":"916207589"
    }
  },
  {
    "type": "Feature",
    "geometry": {
       "type": "Point",
       "coordinates":  [ 121.4552622,25.0247209 ]
    },
    "properties": {
    "no":95,
    "title":"新北市板橋區德翠里辦公處",
    "county":"新北市",
    "town":"板橋區",
    "address":"中正路372巷(玫瑰公園)",
    "tel":"無",
    "mobile":"936284321"
    }
  },
  {
    "type": "Feature",
    "geometry": {
       "type": "Point",
       "coordinates":  [ 121.4432401,25.000739 ]
    },
    "properties": {
    "no":96,
    "title":"新北市板橋區龍興社區發展協會",
    "county":"新北市",
    "town":"板橋區",
    "address":"龍興街42號B1",
    "tel":"(02)29670787",
    "mobile":"無"
    }
  },
  {
    "type": "Feature",
    "geometry": {
       "type": "Point",
       "coordinates":  [ 121.4424299,25.0012001 ]
    },
    "properties": {
    "no":97,
    "title":"新北市板橋區大浮洲發展協進會(龍安站)",
    "county":"新北市",
    "town":"板橋區",
    "address":"大觀路二段174巷118弄2號",
    "tel":"(02)29589299",
    "mobile":"無"
    }
  },
  {
    "type": "Feature",
    "geometry": {
       "type": "Point",
       "coordinates":  [ 121.479866,25.0264263 ]
    },
    "properties": {
    "no":98,
    "title":"新北市板橋大同長青關懷協會",
    "county":"新北市",
    "town":"板橋區",
    "address":"文聖街209-1號(龍翠市民活動中心)",
    "tel":"(02)22512275",
    "mobile":"無"
    }
  },
  {
    "type": "Feature",
    "geometry": {
       "type": "Point",
       "coordinates":  [ 121.4762665,25.0219577 ]
    },
    "properties": {
    "no":99,
    "title":"新北市板橋區社會奉獻服務協會",
    "county":"新北市",
    "town":"板橋區",
    "address":"富山街100號",
    "tel":"(02)22537879",
    "mobile":"無"
    }
  },
  {
    "type": "Feature",
    "geometry": {
       "type": "Point",
       "coordinates":  [ 121.4778841,25.0213506 ]
    },
    "properties": {
    "no":100,
    "title":"新北市板橋雙玉環保協會",
    "county":"新北市",
    "town":"板橋區",
    "address":"永豐街251號(雙玉里王聰震里長家)",
    "tel":"(02)29529786",
    "mobile":"無"
    }
  },
  {
    "type": "Feature",
    "geometry": {
       "type": "Point",
       "coordinates":  [ 121.4769495,25.0208005 ]
    },
    "properties": {
    "no":101,
    "title":"新北市新住民促進會",
    "county":"新北市",
    "town":"板橋區",
    "address":"永豐街124號(永豐公園市民活動中心)",
    "tel":"(02)29561159",
    "mobile":"無"
    }
  },
  {
    "type": "Feature",
    "geometry": {
       "type": "Point",
       "coordinates":  [ 121.44222,25.0044729 ]
    },
    "properties": {
    "no":102,
    "title":"新北市板橋區歡園社區發展協會",
    "county":"新北市",
    "town":"板橋區",
    "address":"大觀路一段38巷1之5號(歡園市民活動中心)",
    "tel":"(02)29642301",
    "mobile":"無"
    }
  },
  {
    "type": "Feature",
    "geometry": {
       "type": "Point",
       "coordinates":  [ 121.4495766,25.0010152 ]
    },
    "properties": {
    "no":103,
    "title":"新北市板橋區中山里辦公處",
    "county":"新北市",
    "town":"板橋區",
    "address":"大觀路二段37巷280號",
    "tel":"(02)82752345",
    "mobile":"無"
    }
  },
  {
    "type": "Feature",
    "geometry": {
       "type": "Point",
       "coordinates":  [ 121.4692848,25.0280618 ]
    },
    "properties": {
    "no":104,
    "title":"新北市板橋區文化里辦公處",
    "county":"新北市",
    "town":"板橋區",
    "address":"松江街72巷15號",
    "tel":"(02)82536211",
    "mobile":"無"
    }
  },
  {
    "type": "Feature",
    "geometry": {
       "type": "Point",
       "coordinates":  [ 121.4773212,25.024436 ]
    },
    "properties": {
    "no":105,
    "title":"新北市板橋區永安里辦公處",
    "county":"新北市",
    "town":"板橋區",
    "address":"雙十路一段25號",
    "tel":"(02)22573737",
    "mobile":"無"
    }
  },
  {
    "type": "Feature",
    "geometry": {
       "type": "Point",
       "coordinates":  [ 121.4330962,24.9882992 ]
    },
    "properties": {
    "no":106,
    "title":"新北市板橋區溪崑社區發展協會",
    "county":"新北市",
    "town":"板橋區",
    "address":"金門街253巷10弄7號",
    "tel":"(02)86751123",
    "mobile":"無"
    }
  },
  {
    "type": "Feature",
    "geometry": {
       "type": "Point",
       "coordinates":  [ 121.4614981,25.030139 ]
    },
    "properties": {
    "no":107,
    "title":"新北市板橋區宏翠里辦公處",
    "county":"新北市",
    "town":"板橋區",
    "address":"長江路一段156巷9弄5號",
    "tel":"(02)82585055",
    "mobile":"無"
    }
  },
  {
    "type": "Feature",
    "geometry": {
       "type": "Point",
       "coordinates":  [ 121.4643352,25.0219889 ]
    },
    "properties": {
    "no":108,
    "title":"新北市板橋區忠誠里辦公處",
    "county":"新北市",
    "town":"板橋區",
    "address":"陽明街29巷1弄20號",
    "tel":"(02)22558859",
    "mobile":"無"
    }
  },
  {
    "type": "Feature",
    "geometry": {
       "type": "Point",
       "coordinates":  [ 121.4794452,25.033633 ]
    },
    "properties": {
    "no":109,
    "title":"新北市板橋區青翠里辦公處",
    "county":"新北市",
    "town":"板橋區",
    "address":"民治街51巷2號",
    "tel":"(02)22596936",
    "mobile":"無"
    }
  },
  {
    "type": "Feature",
    "geometry": {
       "type": "Point",
       "coordinates":  [ 121.4724631,25.0316972 ]
    },
    "properties": {
    "no":110,
    "title":"新北市板橋區柏翠里辦公處",
    "county":"新北市",
    "town":"板橋區",
    "address":"文化路二段369巷26號",
    "tel":"(02)22500232",
    "mobile":"無"
    }
  },
  {
    "type": "Feature",
    "geometry": {
       "type": "Point",
       "coordinates":  [ 121.4821104,25.0198056 ]
    },
    "properties": {
    "no":111,
    "title":"新北市板橋區埔墘里辦公處",
    "county":"新北市",
    "town":"板橋區",
    "address":"中山路二段416巷38弄26號",
    "tel":"(02)29525320",
    "mobile":"無"
    }
  },
  {
    "type": "Feature",
    "geometry": {
       "type": "Point",
       "coordinates":  [ 121.4670607,25.0300341 ]
    },
    "properties": {
    "no":112,
    "title":"新北市板橋區純翠里辦公處",
    "county":"新北市",
    "town":"板橋區",
    "address":"光武街110巷42號",
    "tel":"(02)22586898",
    "mobile":"無"
    }
  },
  {
    "type": "Feature",
    "geometry": {
       "type": "Point",
       "coordinates":  [ 121.4670843,25.006168 ]
    },
    "properties": {
    "no":113,
    "title":"新北市板橋區國泰里辦公處",
    "county":"新北市",
    "town":"板橋區",
    "address":"國泰街75巷2弄15號",
    "tel":"(02)29627666",
    "mobile":"無"
    }
  },
  {
    "type": "Feature",
    "geometry": {
       "type": "Point",
       "coordinates":  [ 121.4705158,25.0258784 ]
    },
    "properties": {
    "no":114,
    "title":"新北市板橋區莒光里辦公處",
    "county":"新北市",
    "town":"板橋區",
    "address":"文化路二段124巷8號",
    "tel":"(02)22566699",
    "mobile":"無"
    }
  },
  {
    "type": "Feature",
    "geometry": {
       "type": "Point",
       "coordinates":  [ 121.4781955,25.0338901 ]
    },
    "properties": {
    "no":115,
    "title":"新北市板橋區嵐翠里辦公處",
    "county":"新北市",
    "town":"板橋區",
    "address":"仁化街181號",
    "tel":"(02)22511104",
    "mobile":"無"
    }
  },
  {
    "type": "Feature",
    "geometry": {
       "type": "Point",
       "coordinates":  [ 121.4604721,25.0042422 ]
    },
    "properties": {
    "no":116,
    "title":"新北市板橋區景福社區發展協會",
    "county":"新北市",
    "town":"板橋區",
    "address":"四川路一段157巷7號(福星區民活動中心)",
    "tel":"(02)29512625",
    "mobile":"無"
    }
  },
  {
    "type": "Feature",
    "geometry": {
       "type": "Point",
       "coordinates":  [ 121.4277086,24.9892076 ]
    },
    "properties": {
    "no":117,
    "title":"新北市健康九九輔導關懷促進協會",
    "county":"新北市",
    "town":"板橋區",
    "address":"滿平街69號",
    "tel":"(02)26825630",
    "mobile":"無"
    }
  },
  {
    "type": "Feature",
    "geometry": {
       "type": "Point",
       "coordinates":  [ 121.4279496,24.9848983 ]
    },
    "properties": {
    "no":118,
    "title":"新北市板橋區溪福里辦公處",
    "county":"新北市",
    "town":"板橋區",
    "address":"金門街336巷7號(溪福市民活動中心)",
    "tel":"(02)26831254",
    "mobile":"無"
    }
  },
  {
    "type": "Feature",
    "geometry": {
       "type": "Point",
       "coordinates":  [ 121.4679988,25.0324906 ]
    },
    "properties": {
    "no":119,
    "title":"新北市板橋區溪頭里辦公處",
    "county":"新北市",
    "town":"板橋區",
    "address":"長江路二段215號9樓",
    "tel":"無",
    "mobile":"936902956"
    }
  },
  {
    "type": "Feature",
    "geometry": {
       "type": "Point",
       "coordinates":  [ 121.4591644,24.9920409 ]
    },
    "properties": {
    "no":120,
    "title":"新北市板橋區廣福里辦公處",
    "county":"新北市",
    "town":"板橋區",
    "address":"信義路179之1號",
    "tel":"(02)89521120",
    "mobile":"無"
    }
  },
  {
    "type": "Feature",
    "geometry": {
       "type": "Point",
       "coordinates":  [ 121.4618415,25.0114095 ]
    },
    "properties": {
    "no":121,
    "title":"中華民國紅十字會臺灣省分會板橋老人服務中心",
    "county":"新北市",
    "town":"板橋區",
    "address":"文化路1段301號",
    "tel":"(02)22559713",
    "mobile":"無"
    }
  },
  {
    "type": "Feature",
    "geometry": {
       "type": "Point",
       "coordinates":  [ 121.465007,25.018433 ]
    },
    "properties": {
    "no":122,
    "title":"社團法人玉山菊元協會(板橋新民站)",
    "county":"新北市",
    "town":"板橋區",
    "address":"文化路一段120號5樓之1",
    "tel":"(02)22542673",
    "mobile":"無"
    }
  },
  {
    "type": "Feature",
    "geometry": {
       "type": "Point",
       "coordinates":  [ 121.4830839,25.0237484 ]
    },
    "properties": {
    "no":123,
    "title":"新北市板橋區振義里辦公處",
    "county":"新北市",
    "town":"板橋區",
    "address":"萬安街53巷30號",
    "tel":"(02)29512756",
    "mobile":"923928662"
    }
  },
  {
    "type": "Feature",
    "geometry": {
       "type": "Point",
       "coordinates":  [ 121.4475735,25.0033841 ]
    },
    "properties": {
    "no":124,
    "title":"新北市板橋區大浮洲發展協進會(大安站)",
    "county":"新北市",
    "town":"板橋區",
    "address":"大觀路二段7巷14、9號",
    "tel":"(02)29589299",
    "mobile":"無"
    }
  },
  {
    "type": "Feature",
    "geometry": {
       "type": "Point",
       "coordinates":  [ 121.44222,25.0044729 ]
    },
    "properties": {
    "no":125,
    "title":"新北市板橋區歡園社區發展協會",
    "county":"新北市",
    "town":"板橋區",
    "address":"大觀路一段38巷1之5號(歡園市民活動中心)",
    "tel":"(02)29642301",
    "mobile":"無"
    }
  },
  {
    "type": "Feature",
    "geometry": {
       "type": "Point",
       "coordinates":  [ 121.4795851,25.0287822 ]
    },
    "properties": {
    "no":126,
    "title":"新北市板橋區文聖里辦公處",
    "county":"新北市",
    "town":"板橋區",
    "address":"文聖街149巷27號(文聖市民活動中心)",
    "tel":"(02)22569320",
    "mobile":"無"
    }
  },
  {
    "type": "Feature",
    "geometry": {
       "type": "Point",
       "coordinates":  [ 121.4716371,25.0176201 ]
    },
    "properties": {
    "no":127,
    "title":"新北市板橋區板新社區發展協會",
    "county":"新北市",
    "town":"板橋區",
    "address":"民生路二段89號之1號(西安市民活動中心)",
    "tel":"(02)29535919",
    "mobile":"無"
    }
  },
  {
    "type": "Feature",
    "geometry": {
       "type": "Point",
       "coordinates":  [ 121.4592931,25.0156036 ]
    },
    "properties": {
    "no":128,
    "title":"新北市大社后愛心關懷協進會(民權站)",
    "county":"新北市",
    "town":"板橋區",
    "address":"民權路202巷9弄39號1樓(民權市民活動中心)",
    "tel":"(02)29589299",
    "mobile":"無"
    }
  },
  {
    "type": "Feature",
    "geometry": {
       "type": "Point",
       "coordinates":  [ 121.473014,25.016664 ]
    },
    "properties": {
    "no":129,
    "title":"新北市板橋區玉光里辦公處",
    "county":"新北市",
    "town":"板橋區",
    "address":"玉光里民生路2段臨56號之3(玉光里活動中心)",
    "tel":"(02)22573307",
    "mobile":"無"
    }
  },
  {
    "type": "Feature",
    "geometry": {
       "type": "Point",
       "coordinates":  [ 121.4707952,25.0186209 ]
    },
    "properties": {
    "no":130,
    "title":"新北市板橋區百壽里辦公處",
    "county":"新北市",
    "town":"板橋區",
    "address":"民生路二段臨89之5號(百壽介壽市民活動中心)",
    "tel":"(02)22561435",
    "mobile":"無"
    }
  },
  {
    "type": "Feature",
    "geometry": {
       "type": "Point",
       "coordinates":  [ 121.4574861,25.0262993 ]
    },
    "properties": {
    "no":131,
    "title":"新北市板橋區德翠社區發展協會",
    "county":"新北市",
    "town":"板橋區",
    "address":"新海路403巷22號(新海里巡守崗亭)",
    "tel":"無",
    "mobile":"916207589"
    }
  },
  {
    "type": "Feature",
    "geometry": {
       "type": "Point",
       "coordinates":  [ 121.4555936,25.0147817 ]
    },
    "properties": {
    "no":132,
    "title":"財團法人新北市自強基督教板橋浸禮聖經會",
    "county":"新北市",
    "town":"板橋區",
    "address":"大智街13號",
    "tel":"(02)29654997",
    "mobile":"無"
    }
  },
  {
    "type": "Feature",
    "geometry": {
       "type": "Point",
       "coordinates":  [ 121.4566471,25.0149392 ]
    },
    "properties": {
    "no":133,
    "title":"新北市板橋區老人會",
    "county":"新北市",
    "town":"板橋區",
    "address":"中正路86號",
    "tel":"(02)29692100",
    "mobile":"無"
    }
  },
  {
    "type": "Feature",
    "geometry": {
       "type": "Point",
       "coordinates":  [ 121.4759522,25.0134923 ]
    },
    "properties": {
    "no":134,
    "title":"新北市板橋區三民社區發展協會",
    "county":"新北市",
    "town":"板橋區",
    "address":"民生路1段30-1號(民生公園活動中心)",
    "tel":"(02)29561159",
    "mobile":"無"
    }
  },
  {
    "type": "Feature",
    "geometry": {
       "type": "Point",
       "coordinates":  [ 121.4759522,25.0134923 ]
    },
    "properties": {
    "no":135,
    "title":"新北市板橋區三民社區發展協會",
    "county":"新北市",
    "town":"板橋區",
    "address":"民生路1段30-1號(民生公園活動中心)",
    "tel":"(02)29561159",
    "mobile":"無"
    }
  },
  {
    "type": "Feature",
    "geometry": {
       "type": "Point",
       "coordinates":  [ 121.4795851,25.0287822 ]
    },
    "properties": {
    "no":136,
    "title":"新北市板橋區松柏里辦公處",
    "county":"新北市",
    "town":"板橋區",
    "address":"文聖街149巷27號(文聖市民活動中心)",
    "tel":"(02)82527365",
    "mobile":"無"
    }
  },
  {
    "type": "Feature",
    "geometry": {
       "type": "Point",
       "coordinates":  [ 121.4609539,24.9968439 ]
    },
    "properties": {
    "no":137,
    "title":"新北市板橋大後埔文化關懷協進會(重慶站)",
    "county":"新北市",
    "town":"板橋區",
    "address":"國慶路149巷3弄7號",
    "tel":"(02)29589299",
    "mobile":"無"
    }
  },
  {
    "type": "Feature",
    "geometry": {
       "type": "Point",
       "coordinates":  [ 121.4566471,25.0149392 ]
    },
    "properties": {
    "no":138,
    "title":"新北市板橋區老人會",
    "county":"新北市",
    "town":"板橋區",
    "address":"中正路86號",
    "tel":"(02)29692100",
    "mobile":"無"
    }
  },
  {
    "type": "Feature",
    "geometry": {
       "type": "Point",
       "coordinates":  [ 121.4759522,25.0134923 ]
    },
    "properties": {
    "no":139,
    "title":"新北市板橋區三民社區發展協會",
    "county":"新北市",
    "town":"板橋區",
    "address":"民生路1段30-1號(民生公園活動中心)",
    "tel":"(02)29561159",
    "mobile":"無"
    }
  },
  {
    "type": "Feature",
    "geometry": {
       "type": "Point",
       "coordinates":  [ 121.4566471,25.0149392 ]
    },
    "properties": {
    "no":140,
    "title":"新北市板橋區老人會",
    "county":"新北市",
    "town":"板橋區",
    "address":"中正路86號",
    "tel":"(02)29692100",
    "mobile":"無"
    }
  },
  {
    "type": "Feature",
    "geometry": {
       "type": "Point",
       "coordinates":  [ 121.4559232,25.0089914 ]
    },
    "properties": {
    "no":141,
    "title":"新北市板橋區留侯里辦公處",
    "county":"新北市",
    "town":"板橋區",
    "address":"福德街2巷5號",
    "tel":"(02)29690146",
    "mobile":"無"
    }
  },
  {
    "type": "Feature",
    "geometry": {
       "type": "Point",
       "coordinates":  [ 121.4530565,25.0233687 ]
    },
    "properties": {
    "no":142,
    "title":"新北市板橋區十二埒社區發展協會(原:金華社區發展協會)",
    "county":"新北市",
    "town":"板橋區",
    "address":"中正路413巷2弄24號(中正市民活動中心)",
    "tel":"無",
    "mobile":"912348902"
    }
  },
  {
    "type": "Feature",
    "geometry": {
       "type": "Point",
       "coordinates":  [ 121.4769495,25.0208005 ]
    },
    "properties": {
    "no":143,
    "title":"新北市新住民促進會",
    "county":"新北市",
    "town":"板橋區",
    "address":"永豐街124號(永豐公園市民活動中心)",
    "tel":"(02)29561159",
    "mobile":"無"
    }
  },
  {
    "type": "Feature",
    "geometry": {
       "type": "Point",
       "coordinates":  [ 121.4508621,24.9944525 ]
    },
    "properties": {
    "no":144,
    "title":"亞東新都廳社區管理委員會",
    "county":"新北市",
    "town":"板橋區",
    "address":"四川路二段98~100號",
    "tel":"(02)89674709",
    "mobile":"無"
    }
  },
  {
    "type": "Feature",
    "geometry": {
       "type": "Point",
       "coordinates":  [ 121.4496498,24.9945212 ]
    },
    "properties": {
    "no":145,
    "title":"新北市華東關懷服務協會",
    "county":"新北市",
    "town":"板橋區",
    "address":"四川路二段130巷32號(華東市民活動中心)",
    "tel":"(02)89669361",
    "mobile":"無"
    }
  },
  {
    "type": "Feature",
    "geometry": {
       "type": "Point",
       "coordinates":  [ 121.4561284,25.0028726 ]
    },
    "properties": {
    "no":146,
    "title":"財團法人新北市基督教仁愛浸信會",
    "county":"新北市",
    "town":"板橋區",
    "address":"貴興路80號地下一樓",
    "tel":"(02)29550629",
    "mobile":"無"
    }
  },
  {
    "type": "Feature",
    "geometry": {
       "type": "Point",
       "coordinates":  [ 121.4658989,25.016933 ]
    },
    "properties": {
    "no":147,
    "title":"新北市板橋區新民里辦公處",
    "county":"新北市",
    "town":"板橋區",
    "address":"漢生東路45號",
    "tel":"(02)22565287",
    "mobile":"無"
    }
  },
  {
    "type": "Feature",
    "geometry": {
       "type": "Point",
       "coordinates":  [ 121.44222,25.0044729 ]
    },
    "properties": {
    "no":148,
    "title":"新北市板橋區歡園社區發展協會",
    "county":"新北市",
    "town":"板橋區",
    "address":"大觀路一段38巷1之5號(歡園市民活動中心)",
    "tel":"(02)29642301",
    "mobile":"無"
    }
  },
  {
    "type": "Feature",
    "geometry": {
       "type": "Point",
       "coordinates":  [ 121.4434246,24.9953694 ]
    },
    "properties": {
    "no":149,
    "title":"財團法人中華民國佛教慈濟慈善事業基金會(板橋靜思堂)",
    "county":"新北市",
    "town":"板橋區",
    "address":"大觀路二段265巷15號",
    "tel":"(02)22187770",
    "mobile":"無"
    }
  },
  {
    "type": "Feature",
    "geometry": {
       "type": "Point",
       "coordinates":  [ 121.4680107,25.0273634 ]
    },
    "properties": {
    "no":150,
    "title":"新北市市敏動齡健康關懷協會(板橋文化站)",
    "county":"新北市",
    "town":"板橋區",
    "address":"光武街48巷47弄7號2樓",
    "tel":"無",
    "mobile":"963666198"
    }
  },
  {
    "type": "Feature",
    "geometry": {
       "type": "Point",
       "coordinates":  [ 121.467753,25.0258196 ]
    },
    "properties": {
    "no":151,
    "title":"新北市板橋區聯翠里辦公處",
    "county":"新北市",
    "town":"板橋區",
    "address":"光武街24巷1號1樓",
    "tel":"無",
    "mobile":"912866985"
    }
  },
  {
    "type": "Feature",
    "geometry": {
       "type": "Point",
       "coordinates":  [ 121.469066,25.005777 ]
    },
    "properties": {
    "no":152,
    "title":"新北市板橋區福祿里辦公處",
    "county":"新北市",
    "town":"板橋區",
    "address":"國泰街39巷7弄15號1、2樓",
    "tel":"(02)29570021",
    "mobile":"無"
    }
  },
  {
    "type": "Feature",
    "geometry": {
       "type": "Point",
       "coordinates":  [ 121.480652,25.029762 ]
    },
    "properties": {
    "no":153,
    "title":"新北市大新板愛心關懷協會(懷翠站)",
    "county":"新北市",
    "town":"板橋區",
    "address":"懷德街191巷26弄1號",
    "tel":"(02)29589299",
    "mobile":"無"
    }
  },
  {
    "type": "Feature",
    "geometry": {
       "type": "Point",
       "coordinates":  [ 121.4680107,25.0273634 ]
    },
    "properties": {
    "no":154,
    "title":"新北市市敏動齡健康關懷協會(板橋文化站)",
    "county":"新北市",
    "town":"板橋區",
    "address":"光武街48巷47弄7號2樓",
    "tel":"無",
    "mobile":"963666198"
    }
  },
  {
    "type": "Feature",
    "geometry": {
       "type": "Point",
       "coordinates":  [ 121.4982604,25.0649069 ]
    },
    "properties": {
    "no":155,
    "title":"新北市三重區老人會",
    "county":"新北市",
    "town":"三重區",
    "address":"信義西街1號一巷信義公園內聯歡聽",
    "tel":"(02)29817542",
    "mobile":"無"
    }
  },
  {
    "type": "Feature",
    "geometry": {
       "type": "Point",
       "coordinates":  [ 121.4982632,25.0649125 ]
    },
    "properties": {
    "no":156,
    "title":"鎮安宮",
    "county":"新北市",
    "town":"三重區",
    "address":"信義西街1號一巷信義公園內鎮安宮",
    "tel":"(02)29857672",
    "mobile":"無"
    }
  },
  {
    "type": "Feature",
    "geometry": {
       "type": "Point",
       "coordinates":  [ 121.4880593,25.057719 ]
    },
    "properties": {
    "no":157,
    "title":"社團法人新北市國度關懷協會",
    "county":"新北市",
    "town":"三重區",
    "address":"重新路四段39-1號4樓",
    "tel":"(02)29862747",
    "mobile":"無"
    }
  },
  {
    "type": "Feature",
    "geometry": {
       "type": "Point",
       "coordinates":  [ 121.4670679,25.0453847 ]
    },
    "properties": {
    "no":158,
    "title":"財團法人志浩慈善基金會",
    "county":"新北市",
    "town":"三重區",
    "address":"重新路5段609巷10號2樓之2",
    "tel":"(02)29998790",
    "mobile":"無"
    }
  },
  {
    "type": "Feature",
    "geometry": {
       "type": "Point",
       "coordinates":  [ 121.4908395,25.0817707 ]
    },
    "properties": {
    "no":159,
    "title":"新北市三重區慈祐里辦公處",
    "county":"新北市",
    "town":"三重區",
    "address":"仁愛街425巷9之1號(慈祐市民活動中心)",
    "tel":"(02)29882975",
    "mobile":"無"
    }
  },
  {
    "type": "Feature",
    "geometry": {
       "type": "Point",
       "coordinates":  [ 121.4761974,25.0714136 ]
    },
    "properties": {
    "no":160,
    "title":"新北市三重區永發里辦公處",
    "county":"新北市",
    "town":"三重區",
    "address":"中正北路193巷45號(愛買市民聯誼中心)",
    "tel":"(02)29845190",
    "mobile":"無"
    }
  },
  {
    "type": "Feature",
    "geometry": {
       "type": "Point",
       "coordinates":  [ 121.4859799,25.0727128 ]
    },
    "properties": {
    "no":161,
    "title":"新北市三重區永德里辦公處",
    "county":"新北市",
    "town":"三重區",
    "address":"自強路3段42巷11號(後竹圍市民活動中心)",
    "tel":"(02)29869999",
    "mobile":"無"
    }
  },
  {
    "type": "Feature",
    "geometry": {
       "type": "Point",
       "coordinates":  [ 121.4837082,25.0639022 ]
    },
    "properties": {
    "no":162,
    "title":"新北市三重區田安里辦公處",
    "county":"新北市",
    "town":"三重區",
    "address":"中華路125號(聯邦市民活動中心)",
    "tel":"(02)89881235",
    "mobile":"無"
    }
  },
  {
    "type": "Feature",
    "geometry": {
       "type": "Point",
       "coordinates":  [ 121.4860538,25.07035 ]
    },
    "properties": {
    "no":163,
    "title":"新北市三重區立德里辦公處",
    "county":"新北市",
    "town":"三重區",
    "address":"忠孝路二段30號(和平市民活動中心)",
    "tel":"(02)29890227",
    "mobile":"無"
    }
  },
  {
    "type": "Feature",
    "geometry": {
       "type": "Point",
       "coordinates":  [ 121.483396,25.060222 ]
    },
    "properties": {
    "no":164,
    "title":"新北市三重區光田里辦公處",
    "county":"新北市",
    "town":"三重區",
    "address":"中華路5號(興華市民活動中心)",
    "tel":"(02)29852477",
    "mobile":"無"
    }
  },
  {
    "type": "Feature",
    "geometry": {
       "type": "Point",
       "coordinates":  [ 121.4903361,25.0502208 ]
    },
    "properties": {
    "no":165,
    "title":"新北市三重區福民里辦公處",
    "county":"新北市",
    "town":"三重區",
    "address":"成功路9號1(中興橋市民活動中心)",
    "tel":"(02)29764185",
    "mobile":"無"
    }
  },
  {
    "type": "Feature",
    "geometry": {
       "type": "Point",
       "coordinates":  [ 121.4796459,25.0672801 ]
    },
    "properties": {
    "no":166,
    "title":"新北市三重區福田里辦公處",
    "county":"新北市",
    "town":"三重區",
    "address":"三民街256號(福田市民活動中心)",
    "tel":"(02)29821513",
    "mobile":"無"
    }
  },
  {
    "type": "Feature",
    "geometry": {
       "type": "Point",
       "coordinates":  [ 121.4867114,25.0614534 ]
    },
    "properties": {
    "no":167,
    "title":"新北市三重區福星里辦公處",
    "county":"新北市",
    "town":"三重區",
    "address":"中央北路26號4樓(華錦里民休閒處)",
    "tel":"(02)29753377",
    "mobile":"無"
    }
  },
  {
    "type": "Feature",
    "geometry": {
       "type": "Point",
       "coordinates":  [ 121.4832894,25.0580599 ]
    },
    "properties": {
    "no":168,
    "title":"新北市三重活躍樂齡協會",
    "county":"新北市",
    "town":"三重區",
    "address":"重陽路一段60巷101號(重陽市民活動中心)",
    "tel":"(02)29891010",
    "mobile":"無"
    }
  },
  {
    "type": "Feature",
    "geometry": {
       "type": "Point",
       "coordinates":  [ 121.4906029,25.0790117 ]
    },
    "properties": {
    "no":169,
    "title":"新北市三重區三合社區發展協會",
    "county":"新北市",
    "town":"三重區",
    "address":"自強路四段84號B1(廣一市民活動中心)",
    "tel":"(02)82873568",
    "mobile":"無"
    }
  },
  {
    "type": "Feature",
    "geometry": {
       "type": "Point",
       "coordinates":  [ 121.4906029,25.0790117 ]
    },
    "properties": {
    "no":170,
    "title":"新北市三重區溪美里辦公處",
    "county":"新北市",
    "town":"三重區",
    "address":"自強路四段84號B1(廣一市民活動中心)",
    "tel":"(02)89850578",
    "mobile":"無"
    }
  },
  {
    "type": "Feature",
    "geometry": {
       "type": "Point",
       "coordinates":  [ 121.490831,25.0778982 ]
    },
    "properties": {
    "no":171,
    "title":"新北市三重溪美公共托老中心",
    "county":"新北市",
    "town":"三重區",
    "address":"溪尾街73號4樓",
    "tel":"(02)89859771",
    "mobile":"無"
    }
  },
  {
    "type": "Feature",
    "geometry": {
       "type": "Point",
       "coordinates":  [ 121.4906688,25.0663249 ]
    },
    "properties": {
    "no":172,
    "title":"新北市三重區大同社區發展協會",
    "county":"新北市",
    "town":"三重區",
    "address":"大同北路186號(大同市民活動中心)",
    "tel":"(02)29891987",
    "mobile":"無"
    }
  },
  {
    "type": "Feature",
    "geometry": {
       "type": "Point",
       "coordinates":  [ 121.4906688,25.0663249 ]
    },
    "properties": {
    "no":173,
    "title":"新北市福齡松青會",
    "county":"新北市",
    "town":"三重區",
    "address":"大同北路186號(大同市民活動中心B1)",
    "tel":"(02)29893406",
    "mobile":"無"
    }
  },
  {
    "type": "Feature",
    "geometry": {
       "type": "Point",
       "coordinates":  [ 121.4923081,25.0623359 ]
    },
    "properties": {
    "no":174,
    "title":"新北市三重區大智社區發展協會",
    "county":"新北市",
    "town":"三重區",
    "address":"中正北路27-1號(新北市三重區中正北路高架路橋下空間)",
    "tel":"(02)29850601",
    "mobile":"無"
    }
  },
  {
    "type": "Feature",
    "geometry": {
       "type": "Point",
       "coordinates":  [ 121.4906688,25.0663249 ]
    },
    "properties": {
    "no":175,
    "title":"新北市三重區大園里辦公處",
    "county":"新北市",
    "town":"三重區",
    "address":"大同北路186號(大同市民活動中心)",
    "tel":"(02)89813827",
    "mobile":"無"
    }
  },
  {
    "type": "Feature",
    "geometry": {
       "type": "Point",
       "coordinates":  [ 121.4712371,25.0614177 ]
    },
    "properties": {
    "no":176,
    "title":"新北市三重區大德里辦公處",
    "county":"新北市",
    "town":"三重區",
    "address":"台北橋下橋孔(台北橋市民活動中心)",
    "tel":"(02)29752526",
    "mobile":"無"
    }
  },
  {
    "type": "Feature",
    "geometry": {
       "type": "Point",
       "coordinates":  [ 121.4906688,25.0663249 ]
    },
    "properties": {
    "no":177,
    "title":"新北市三重區中山里辦公處",
    "county":"新北市",
    "town":"三重區",
    "address":"大同北路186號(大同市民活動中心)",
    "tel":"(02)29850601",
    "mobile":"無"
    }
  },
  {
    "type": "Feature",
    "geometry": {
       "type": "Point",
       "coordinates":  [ 121.4926596,25.0579178 ]
    },
    "properties": {
    "no":178,
    "title":"新北市三重區中正里辦公處",
    "county":"新北市",
    "town":"三重區",
    "address":"中寮街57巷18號(菜寮市民活動中心)",
    "tel":"(02)29767086",
    "mobile":"無"
    }
  },
  {
    "type": "Feature",
    "geometry": {
       "type": "Point",
       "coordinates":  [ 121.476048,25.0505297 ]
    },
    "properties": {
    "no":179,
    "title":"新北市三重區五谷里辦公處",
    "county":"新北市",
    "town":"三重區",
    "address":"五谷王北街77號(先嗇宮文教活動中心)",
    "tel":"(02)29956721",
    "mobile":"無"
    }
  },
  {
    "type": "Feature",
    "geometry": {
       "type": "Point",
       "coordinates":  [ 121.4941483,25.084305 ]
    },
    "properties": {
    "no":180,
    "title":"新北市三重區五華里辦公處",
    "county":"新北市",
    "town":"三重區",
    "address":"仁義街228巷12號(五華市民活動中心)",
    "tel":"(02)29899369",
    "mobile":"無"
    }
  },
  {
    "type": "Feature",
    "geometry": {
       "type": "Point",
       "coordinates":  [ 121.4974055,25.0821765 ]
    },
    "properties": {
    "no":181,
    "title":"新北市三重區五順里辦公處",
    "county":"新北市",
    "town":"三重區",
    "address":"仁義街211巷13號",
    "tel":"(02)29809877",
    "mobile":"無"
    }
  },
  {
    "type": "Feature",
    "geometry": {
       "type": "Point",
       "coordinates":  [ 121.4971553,25.0853356 ]
    },
    "properties": {
    "no":182,
    "title":"新北市三重區五福里辦公處",
    "county":"新北市",
    "town":"三重區",
    "address":"環河北路三段86號(重陽橋市民活動中心)",
    "tel":"(02)29886880",
    "mobile":"無"
    }
  },
  {
    "type": "Feature",
    "geometry": {
       "type": "Point",
       "coordinates":  [ 121.4837165,25.0682247 ]
    },
    "properties": {
    "no":183,
    "title":"新北市三重區六福里辦公處",
    "county":"新北市",
    "town":"三重區",
    "address":"中正北路145巷8弄13號",
    "tel":"(02)89819197",
    "mobile":"無"
    }
  },
  {
    "type": "Feature",
    "geometry": {
       "type": "Point",
       "coordinates":  [ 121.5023237,25.0728648 ]
    },
    "properties": {
    "no":184,
    "title":"新北市三重區民俗文化協會",
    "county":"新北市",
    "town":"三重區",
    "address":"秀江街28號(龍濱市民活動中心)",
    "tel":"(02)89938693",
    "mobile":"無"
    }
  },
  {
    "type": "Feature",
    "geometry": {
       "type": "Point",
       "coordinates":  [ 121.484637,25.076315 ]
    },
    "properties": {
    "no":185,
    "title":"新北市三重區永吉里辦公處",
    "county":"新北市",
    "town":"三重區",
    "address":"車路頭街133號(永盛市民活動中心)",
    "tel":"(02)22863864",
    "mobile":"無"
    }
  },
  {
    "type": "Feature",
    "geometry": {
       "type": "Point",
       "coordinates":  [ 121.484637,25.076315 ]
    },
    "properties": {
    "no":186,
    "title":"新北市三重區永盛里辦公處",
    "county":"新北市",
    "town":"三重區",
    "address":"車路頭街133號(永盛市民活動中心)",
    "tel":"(02)22808026",
    "mobile":"無"
    }
  },
  {
    "type": "Feature",
    "geometry": {
       "type": "Point",
       "coordinates":  [ 121.4810339,25.0765291 ]
    },
    "properties": {
    "no":187,
    "title":"新北市三重區永清里辦公處",
    "county":"新北市",
    "town":"三重區",
    "address":"力行路二段162巷55號(永福市民活動中心)",
    "tel":"(02)22875312",
    "mobile":"無"
    }
  },
  {
    "type": "Feature",
    "geometry": {
       "type": "Point",
       "coordinates":  [ 121.478258,25.0746092 ]
    },
    "properties": {
    "no":188,
    "title":"新北市三重區永順里辦公處",
    "county":"新北市",
    "town":"三重區",
    "address":"永福街197巷6-1號(永豐市民活動中心)",
    "tel":"(02)22874945",
    "mobile":"無"
    }
  },
  {
    "type": "Feature",
    "geometry": {
       "type": "Point",
       "coordinates":  [ 121.4810339,25.0765291 ]
    },
    "properties": {
    "no":189,
    "title":"新北市三重區永福里辦公處",
    "county":"新北市",
    "town":"三重區",
    "address":"力行路二段162巷55號(永福市民活動中心)",
    "tel":"(02)22868660",
    "mobile":"無"
    }
  },
  {
    "type": "Feature",
    "geometry": {
       "type": "Point",
       "coordinates":  [ 121.4712371,25.0614177 ]
    },
    "properties": {
    "no":190,
    "title":"新北市三重區永興里辦公處",
    "county":"新北市",
    "town":"三重區",
    "address":"台北橋下橋孔(台北橋市民活動中心)",
    "tel":"(02)89727918",
    "mobile":"無"
    }
  },
  {
    "type": "Feature",
    "geometry": {
       "type": "Point",
       "coordinates":  [ 121.478258,25.0746092 ]
    },
    "properties": {
    "no":191,
    "title":"新北市三重區永豐里辦公處",
    "county":"新北市",
    "town":"三重區",
    "address":"永福街197巷6-1號(永豐市民活動中心)",
    "tel":"(02)82839236",
    "mobile":"無"
    }
  },
  {
    "type": "Feature",
    "geometry": {
       "type": "Point",
       "coordinates":  [ 121.483024,25.065531 ]
    },
    "properties": {
    "no":192,
    "title":"新北市三重區田中里辦公處",
    "county":"新北市",
    "town":"三重區",
    "address":"忠孝路三段40巷51號(三民市民活動中心 )",
    "tel":"(02)29809555",
    "mobile":"無"
    }
  },
  {
    "type": "Feature",
    "geometry": {
       "type": "Point",
       "coordinates":  [ 121.4837082,25.0639022 ]
    },
    "properties": {
    "no":193,
    "title":"新北市三重區田心里辦公處",
    "county":"新北市",
    "town":"三重區",
    "address":"中華路125號B1(聯邦市民活動中心)",
    "tel":"(02)29881269",
    "mobile":"無"
    }
  },
  {
    "type": "Feature",
    "geometry": {
       "type": "Point",
       "coordinates":  [ 121.4837082,25.0639022 ]
    },
    "properties": {
    "no":194,
    "title":"新北市三重區聯邦社區發展協會",
    "county":"新北市",
    "town":"三重區",
    "address":"中華路125號(聯邦市民活動中心)",
    "tel":"(02)29811910",
    "mobile":"無"
    }
  },
  {
    "type": "Feature",
    "geometry": {
       "type": "Point",
       "coordinates":  [ 121.4832894,25.0580599 ]
    },
    "properties": {
    "no":195,
    "title":"新北市三重區光陽里辦公處",
    "county":"新北市",
    "town":"三重區",
    "address":"重陽路一段60巷101號(重陽市民活動中心)",
    "tel":"(02)29809019",
    "mobile":"無"
    }
  },
  {
    "type": "Feature",
    "geometry": {
       "type": "Point",
       "coordinates":  [ 121.4991818,25.0613238 ]
    },
    "properties": {
    "no":196,
    "title":"新北市三重區光榮里辦公處",
    "county":"新北市",
    "town":"三重區",
    "address":"福裕街34號",
    "tel":"(02)29721166",
    "mobile":"無"
    }
  },
  {
    "type": "Feature",
    "geometry": {
       "type": "Point",
       "coordinates":  [ 121.4988863,25.0584804 ]
    },
    "properties": {
    "no":197,
    "title":"新北市三重區光輝社區發展協會",
    "county":"新北市",
    "town":"三重區",
    "address":"正義南路62-1號B1(光興市民活動中心)",
    "tel":"(02)29742094",
    "mobile":"無"
    }
  },
  {
    "type": "Feature",
    "geometry": {
       "type": "Point",
       "coordinates":  [ 121.4903361,25.0502208 ]
    },
    "properties": {
    "no":198,
    "title":"新北市三重區成功里辦公處",
    "county":"新北市",
    "town":"三重區",
    "address":"成功路9號1(中興橋市民活動中心)",
    "tel":"(02)89731655",
    "mobile":"無"
    }
  },
  {
    "type": "Feature",
    "geometry": {
       "type": "Point",
       "coordinates":  [ 121.4996004,25.0724677 ]
    },
    "properties": {
    "no":199,
    "title":"新北市三重區秀江里辦公處",
    "county":"新北市",
    "town":"三重區",
    "address":"公園街3號",
    "tel":"(02)29757317",
    "mobile":"無"
    }
  },
  {
    "type": "Feature",
    "geometry": {
       "type": "Point",
       "coordinates":  [ 121.488566,25.067021 ]
    },
    "properties": {
    "no":200,
    "title":"新北市三重區幸福里辦公處",
    "county":"新北市",
    "town":"三重區",
    "address":"安慶街322號",
    "tel":"(02)29850265",
    "mobile":"無"
    }
  },
  {
    "type": "Feature",
    "geometry": {
       "type": "Point",
       "coordinates":  [ 121.4983203,25.0596366 ]
    },
    "properties": {
    "no":201,
    "title":"新北市三重區忠孝里辦公處",
    "county":"新北市",
    "town":"三重區",
    "address":"正義南路89巷16號(里辦公處)",
    "tel":"(02)29730087",
    "mobile":"無"
    }
  },
  {
    "type": "Feature",
    "geometry": {
       "type": "Point",
       "coordinates":  [ 121.5011672,25.0751171 ]
    },
    "properties": {
    "no":202,
    "title":"新北市三重區承德里辦公處",
    "county":"新北市",
    "town":"三重區",
    "address":"仁壽街200號&龍門路274巷36號(三德市民活動中心)",
    "tel":"(02)29754164",
    "mobile":"無"
    }
  },
  {
    "type": "Feature",
    "geometry": {
       "type": "Point",
       "coordinates":  [ 121.502603,25.0678809 ]
    },
    "properties": {
    "no":203,
    "title":"社團法人中華民國長者照顧關懷協會",
    "county":"新北市",
    "town":"三重區",
    "address":"長江里3鄰長安街112號",
    "tel":"無",
    "mobile":"932295263"
    }
  },
  {
    "type": "Feature",
    "geometry": {
       "type": "Point",
       "coordinates":  [ 121.4908521,25.0726971 ]
    },
    "properties": {
    "no":204,
    "title":"新北市三重區厚德里辦公處",
    "county":"新北市",
    "town":"三重區",
    "address":"三和路三段170巷49號(厚德市民活動中心)",
    "tel":"(02)29822008",
    "mobile":"無"
    }
  },
  {
    "type": "Feature",
    "geometry": {
       "type": "Point",
       "coordinates":  [ 121.4974566,25.075324 ]
    },
    "properties": {
    "no":205,
    "title":"新北市三重區崇德里辦公處",
    "county":"新北市",
    "town":"三重區",
    "address":"仁福街64巷22號",
    "tel":"(02)89726351",
    "mobile":"無"
    }
  },
  {
    "type": "Feature",
    "geometry": {
       "type": "Point",
       "coordinates":  [ 121.5011672,25.0751171 ]
    },
    "properties": {
    "no":206,
    "title":"新北市三重區崇德社區發展協會",
    "county":"新北市",
    "town":"三重區",
    "address":"龍門路274巷36號(三德市民活動中心)",
    "tel":"(02)29811910",
    "mobile":"無"
    }
  },
  {
    "type": "Feature",
    "geometry": {
       "type": "Point",
       "coordinates":  [ 121.4991739,25.0747315 ]
    },
    "properties": {
    "no":207,
    "title":"新北市三重區瑞德里辦公處",
    "county":"新北市",
    "town":"三重區",
    "address":"仁昌街83號",
    "tel":"(02)29755360",
    "mobile":"無"
    }
  },
  {
    "type": "Feature",
    "geometry": {
       "type": "Point",
       "coordinates":  [ 121.4712371,25.0614177 ]
    },
    "properties": {
    "no":208,
    "title":"新北市三重區清和里辦公處",
    "county":"新北市",
    "town":"三重區",
    "address":"台北橋下橋孔(台北橋市民活動中心)",
    "tel":"(02)29701895",
    "mobile":"無"
    }
  },
  {
    "type": "Feature",
    "geometry": {
       "type": "Point",
       "coordinates":  [ 121.488363,25.0846676 ]
    },
    "properties": {
    "no":209,
    "title":"新北市三重區富福里辦公處",
    "county":"新北市",
    "town":"三重區",
    "address":"溪尾街327號(慈化市民活動中心)",
    "tel":"(02)29813097",
    "mobile":"無"
    }
  },
  {
    "type": "Feature",
    "geometry": {
       "type": "Point",
       "coordinates":  [ 121.5010913,25.0758965 ]
    },
    "properties": {
    "no":210,
    "title":"新北市三重區順德里辦公處",
    "county":"新北市",
    "town":"三重區",
    "address":"河邊北街256巷28號",
    "tel":"(02)29786144",
    "mobile":"無"
    }
  },
  {
    "type": "Feature",
    "geometry": {
       "type": "Point",
       "coordinates":  [ 121.4850054,25.0806301 ]
    },
    "properties": {
    "no":211,
    "title":"新北市三重區慈愛里辦公處",
    "county":"新北市",
    "town":"三重區",
    "address":"仁美街108巷13號(慈愛市民活動中心)",
    "tel":"(02)22879957",
    "mobile":"無"
    }
  },
  {
    "type": "Feature",
    "geometry": {
       "type": "Point",
       "coordinates":  [ 121.501084,25.0700874 ]
    },
    "properties": {
    "no":212,
    "title":"新北市三重區萬壽里辦公處",
    "county":"新北市",
    "town":"三重區",
    "address":"萬全街64號",
    "tel":"(02)29762969",
    "mobile":"無"
    }
  },
  {
    "type": "Feature",
    "geometry": {
       "type": "Point",
       "coordinates":  [ 121.488363,25.0846676 ]
    },
    "properties": {
    "no":213,
    "title":"新北市三重區福華社區發展協會",
    "county":"新北市",
    "town":"三重區",
    "address":"溪尾街327號(慈化市民活動中心)",
    "tel":"(02)29824396",
    "mobile":"無"
    }
  },
  {
    "type": "Feature",
    "geometry": {
       "type": "Point",
       "coordinates":  [ 121.4906029,25.0790117 ]
    },
    "properties": {
    "no":214,
    "title":"新北市三重區福隆里辦公處",
    "county":"新北市",
    "town":"三重區",
    "address":"自強路四段84號(廣一市民活動中心)",
    "tel":"(02)82876666",
    "mobile":"無"
    }
  },
  {
    "type": "Feature",
    "geometry": {
       "type": "Point",
       "coordinates":  [ 121.4869252,25.0783797 ]
    },
    "properties": {
    "no":215,
    "title":"新北市三重區福樂里辦公處",
    "county":"新北市",
    "town":"三重區",
    "address":"三和路四段125巷59號",
    "tel":"(02)22862250",
    "mobile":"無"
    }
  },
  {
    "type": "Feature",
    "geometry": {
       "type": "Point",
       "coordinates":  [ 121.4875811,25.0785772 ]
    },
    "properties": {
    "no":216,
    "title":"中華全齡關懷協會(三重福樂分站)",
    "county":"新北市",
    "town":"三重區",
    "address":"三和路四段125巷85號1樓",
    "tel":"無",
    "mobile":"953519101"
    }
  },
  {
    "type": "Feature",
    "geometry": {
       "type": "Point",
       "coordinates":  [ 121.4714928,25.0462488 ]
    },
    "properties": {
    "no":217,
    "title":"新北市三重區德厚里辦公處",
    "county":"新北市",
    "town":"三重區",
    "address":"重新路五段238號(重新橋第2市民活動中心)",
    "tel":"(02)29997762",
    "mobile":"無"
    }
  },
  {
    "type": "Feature",
    "geometry": {
       "type": "Point",
       "coordinates":  [ 121.4867114,25.0614534 ]
    },
    "properties": {
    "no":218,
    "title":"新北市三重區錦通里辦公處",
    "county":"新北市",
    "town":"三重區",
    "address":"中央北路26號4樓(華錦里民休閒處)",
    "tel":"(02)29728479",
    "mobile":"無"
    }
  },
  {
    "type": "Feature",
    "geometry": {
       "type": "Point",
       "coordinates":  [ 121.4975202,25.0683296 ]
    },
    "properties": {
    "no":219,
    "title":"新北市三重區雙園里辦公處",
    "county":"新北市",
    "town":"三重區",
    "address":"雙園街1號(正義市民活動中心)",
    "tel":"(02)29883277",
    "mobile":"無"
    }
  },
  {
    "type": "Feature",
    "geometry": {
       "type": "Point",
       "coordinates":  [ 121.4971553,25.0853356 ]
    },
    "properties": {
    "no":220,
    "title":"新北市三重區鶴齡協會",
    "county":"新北市",
    "town":"三重區",
    "address":"環河北路三段86號(重陽橋市民活動中心)",
    "tel":"(02)29805512",
    "mobile":"無"
    }
  },
  {
    "type": "Feature",
    "geometry": {
       "type": "Point",
       "coordinates":  [ 121.490822,25.0577209 ]
    },
    "properties": {
    "no":221,
    "title":"社團法人新北市恩典慈善協會",
    "county":"新北市",
    "town":"三重區",
    "address":"重安街46號",
    "tel":"(02)29735089",
    "mobile":"無"
    }
  },
  {
    "type": "Feature",
    "geometry": {
       "type": "Point",
       "coordinates":  [ 121.4908761,25.0538397 ]
    },
    "properties": {
    "no":222,
    "title":"新北市三重區光明里辦公處",
    "county":"新北市",
    "town":"三重區",
    "address":"集美街126巷47號1樓",
    "tel":"(02)82851391",
    "mobile":"無"
    }
  },
  {
    "type": "Feature",
    "geometry": {
       "type": "Point",
       "coordinates":  [ 121.488091,25.0632085 ]
    },
    "properties": {
    "no":223,
    "title":"新北市愛笑瑜伽協會",
    "county":"新北市",
    "town":"三重區",
    "address":"中正北路20巷3號",
    "tel":"(02)89883840",
    "mobile":"無"
    }
  },
  {
    "type": "Feature",
    "geometry": {
       "type": "Point",
       "coordinates":  [ 121.4861113,25.0549305 ]
    },
    "properties": {
    "no":224,
    "title":"新北市福祉關懷推廣協會",
    "county":"新北市",
    "town":"三重區",
    "address":"重新路四段254-1號(重新橋第1市民活動中心)",
    "tel":"(02)29774176",
    "mobile":"無"
    }
  },
  {
    "type": "Feature",
    "geometry": {
       "type": "Point",
       "coordinates":  [ 121.4746194,25.0700975 ]
    },
    "properties": {
    "no":225,
    "title":"新北市三重區大有里辦公處",
    "county":"新北市",
    "town":"三重區",
    "address":"中正北路428巷22號(里辦公處)",
    "tel":"(02)29814448",
    "mobile":"無"
    }
  },
  {
    "type": "Feature",
    "geometry": {
       "type": "Point",
       "coordinates":  [ 121.4753272,25.0665594 ]
    },
    "properties": {
    "no":226,
    "title":"新北市三重區親子協會",
    "county":"新北市",
    "town":"三重區",
    "address":"疏洪東路二段131號(二重埔市民活動中心)",
    "tel":"(02)29885909",
    "mobile":"無"
    }
  },
  {
    "type": "Feature",
    "geometry": {
       "type": "Point",
       "coordinates":  [ 121.4837082,25.0639022 ]
    },
    "properties": {
    "no":227,
    "title":"新北市三重區聯邦社區發展協會",
    "county":"新北市",
    "town":"三重區",
    "address":"中華路125號(聯邦市民活動中心)",
    "tel":"(02)29811910",
    "mobile":"無"
    }
  },
  {
    "type": "Feature",
    "geometry": {
       "type": "Point",
       "coordinates":  [ 121.4938117,25.0700134 ]
    },
    "properties": {
    "no":228,
    "title":"新北市歌藝語文發展協會(三重三安站)",
    "county":"新北市",
    "town":"三重區",
    "address":"六張街66號(六張市民活動中心)",
    "tel":"無",
    "mobile":"956128369"
    }
  },
  {
    "type": "Feature",
    "geometry": {
       "type": "Point",
       "coordinates":  [ 121.490822,25.0577209 ]
    },
    "properties": {
    "no":229,
    "title":"社團法人新北市恩典慈善協會",
    "county":"新北市",
    "town":"三重區",
    "address":"重安街46號",
    "tel":"(02)29735089",
    "mobile":"無"
    }
  },
  {
    "type": "Feature",
    "geometry": {
       "type": "Point",
       "coordinates":  [ 121.490822,25.0577209 ]
    },
    "properties": {
    "no":230,
    "title":"社團法人新北市恩典慈善協會",
    "county":"新北市",
    "town":"三重區",
    "address":"重安街46號",
    "tel":"(02)29735089",
    "mobile":"無"
    }
  },
  {
    "type": "Feature",
    "geometry": {
       "type": "Point",
       "coordinates":  [ 121.498905,25.0661984 ]
    },
    "properties": {
    "no":231,
    "title":"新北市環保志工協會",
    "county":"新北市",
    "town":"三重區",
    "address":"錦安里16鄰長生街1號1樓",
    "tel":"無",
    "mobile":"938286376"
    }
  },
  {
    "type": "Feature",
    "geometry": {
       "type": "Point",
       "coordinates":  [ 121.490822,25.0577209 ]
    },
    "properties": {
    "no":232,
    "title":"社團法人新北市恩典慈善協會",
    "county":"新北市",
    "town":"三重區",
    "address":"重安街46號",
    "tel":"(02)29735089",
    "mobile":"無"
    }
  },
  {
    "type": "Feature",
    "geometry": {
       "type": "Point",
       "coordinates":  [ 121.4875811,25.0785772 ]
    },
    "properties": {
    "no":233,
    "title":"中華全齡關懷協會(三重福樂站)",
    "county":"新北市",
    "town":"三重區",
    "address":"三和路四段125巷85號1樓",
    "tel":"無",
    "mobile":"953519101"
    }
  },
  {
    "type": "Feature",
    "geometry": {
       "type": "Point",
       "coordinates":  [ 121.4934825,25.0801228 ]
    },
    "properties": {
    "no":234,
    "title":"新北市三重區仁忠里辦公處",
    "county":"新北市",
    "town":"三重區",
    "address":"仁愛街327巷49號",
    "tel":"(02)29847778",
    "mobile":"無"
    }
  },
  {
    "type": "Feature",
    "geometry": {
       "type": "Point",
       "coordinates":  [ 121.4835972,25.0813925 ]
    },
    "properties": {
    "no":235,
    "title":"新北市三重區仁華里辦公處",
    "county":"新北市",
    "town":"三重區",
    "address":"碧華街50號",
    "tel":"(02)28578497",
    "mobile":"無"
    }
  },
  {
    "type": "Feature",
    "geometry": {
       "type": "Point",
       "coordinates":  [ 121.4959636,25.0547876 ]
    },
    "properties": {
    "no":236,
    "title":"新北市三重區仁義里辦公處",
    "county":"新北市",
    "town":"三重區",
    "address":"重安街160-1號(忠孝橋市民活動中心)",
    "tel":"(02)29722837",
    "mobile":"無"
    }
  },
  {
    "type": "Feature",
    "geometry": {
       "type": "Point",
       "coordinates":  [ 121.4963635,25.0630585 ]
    },
    "properties": {
    "no":237,
    "title":"新北市三重區仁德里辦公處",
    "county":"新北市",
    "town":"三重區",
    "address":"正義北路28巷40號1樓(重新里民活動中心)",
    "tel":"(02)29755201",
    "mobile":"無"
    }
  },
  {
    "type": "Feature",
    "geometry": {
       "type": "Point",
       "coordinates":  [ 121.4997322,25.0699588 ]
    },
    "properties": {
    "no":238,
    "title":"新北市三重區介壽里辦公處",
    "county":"新北市",
    "town":"三重區",
    "address":"萬全街22號",
    "tel":"(02)29734120",
    "mobile":"無"
    }
  },
  {
    "type": "Feature",
    "geometry": {
       "type": "Point",
       "coordinates":  [ 121.4944608,25.0591499 ]
    },
    "properties": {
    "no":239,
    "title":"新北市三重區平和里辦公處",
    "county":"新北市",
    "town":"三重區",
    "address":"中正南路80巷3號1-2樓",
    "tel":"(02)29738536",
    "mobile":"無"
    }
  },
  {
    "type": "Feature",
    "geometry": {
       "type": "Point",
       "coordinates":  [ 121.4934659,25.0666275 ]
    },
    "properties": {
    "no":240,
    "title":"新北市三重區正安里辦公處",
    "county":"新北市",
    "town":"三重區",
    "address":"大智街45-2號4樓(正安市民活動中心)",
    "tel":"(02)29829802",
    "mobile":"無"
    }
  },
  {
    "type": "Feature",
    "geometry": {
       "type": "Point",
       "coordinates":  [ 121.4959722,25.0659552 ]
    },
    "properties": {
    "no":241,
    "title":"新北市三重區正義社區發展協會",
    "county":"新北市",
    "town":"三重區",
    "address":"自強路一段158號B1(新北市立圖書館三重分館)",
    "tel":"(02)29839802",
    "mobile":"無"
    }
  },
  {
    "type": "Feature",
    "geometry": {
       "type": "Point",
       "coordinates":  [ 121.4959722,25.0659552 ]
    },
    "properties": {
    "no":242,
    "title":"新北市三重區正義社區發展協會",
    "county":"新北市",
    "town":"三重區",
    "address":"自強路一段158號B1(新北市立圖書館三重分館)",
    "tel":"(02)29839802",
    "mobile":"無"
    }
  },
  {
    "type": "Feature",
    "geometry": {
       "type": "Point",
       "coordinates":  [ 121.484637,25.076315 ]
    },
    "properties": {
    "no":243,
    "title":"新北市三重區永安里辦公處",
    "county":"新北市",
    "town":"三重區",
    "address":"車路頭街133號(永盛市民活動中心)",
    "tel":"(02)22870112",
    "mobile":"無"
    }
  },
  {
    "type": "Feature",
    "geometry": {
       "type": "Point",
       "coordinates":  [ 121.4926596,25.0579178 ]
    },
    "properties": {
    "no":244,
    "title":"新北市三重區永春里辦公處",
    "county":"新北市",
    "town":"三重區",
    "address":"中寮街57巷18號(菜寮市民活動中心)",
    "tel":"(02)29780087",
    "mobile":"無"
    }
  },
  {
    "type": "Feature",
    "geometry": {
       "type": "Point",
       "coordinates":  [ 121.4859799,25.0727128 ]
    },
    "properties": {
    "no":245,
    "title":"新北市歌藝語文發展協會(三重永煇站)",
    "county":"新北市",
    "town":"三重區",
    "address":"自強路三段42巷11號(後竹圍市民活動中心)",
    "tel":"無",
    "mobile":"956128369"
    }
  },
  {
    "type": "Feature",
    "geometry": {
       "type": "Point",
       "coordinates":  [ 121.4936662,25.0529141 ]
    },
    "properties": {
    "no":246,
    "title":"新北市三重區光正里辦公處",
    "county":"新北市",
    "town":"三重區",
    "address":"環河南路220之3號",
    "tel":"(02)29785287",
    "mobile":"無"
    }
  },
  {
    "type": "Feature",
    "geometry": {
       "type": "Point",
       "coordinates":  [ 121.501196,25.0636157 ]
    },
    "properties": {
    "no":247,
    "title":"新北市三重區光華里辦公處",
    "county":"新北市",
    "town":"三重區",
    "address":"重新路一段87號4樓(重新市民活動中心)",
    "tel":"(02)29753977",
    "mobile":"無"
    }
  },
  {
    "type": "Feature",
    "geometry": {
       "type": "Point",
       "coordinates":  [ 121.4937941,25.0577257 ]
    },
    "properties": {
    "no":248,
    "title":"新北市三重區吉利里辦公處",
    "county":"新北市",
    "town":"三重區",
    "address":"中寮街114號1-2樓",
    "tel":"(02)29772815",
    "mobile":"無"
    }
  },
  {
    "type": "Feature",
    "geometry": {
       "type": "Point",
       "coordinates":  [ 121.4959636,25.0547876 ]
    },
    "properties": {
    "no":249,
    "title":"新北市三重區同安里辦公處",
    "county":"新北市",
    "town":"三重區",
    "address":"重安街160-1號(忠孝橋市民活動中心)",
    "tel":"(02)29703252",
    "mobile":"無"
    }
  },
  {
    "type": "Feature",
    "geometry": {
       "type": "Point",
       "coordinates":  [ 121.4897197,25.0531442 ]
    },
    "properties": {
    "no":250,
    "title":"社團法人中華民國三重中央浸信協會",
    "county":"新北市",
    "town":"三重區",
    "address":"集美街148號2樓、150號4樓",
    "tel":"(02)29789262",
    "mobile":"無"
    }
  },
  {
    "type": "Feature",
    "geometry": {
       "type": "Point",
       "coordinates":  [ 121.4962375,25.0730564 ]
    },
    "properties": {
    "no":251,
    "title":"新北市玄峯愛心慈善會",
    "county":"新北市",
    "town":"三重區",
    "address":"仁愛街75號1-2樓、77號1-2樓\n新北市三重區三和路3段101巷64號",
    "tel":"無",
    "mobile":"963356789"
    }
  },
  {
    "type": "Feature",
    "geometry": {
       "type": "Point",
       "coordinates":  [ 121.4959722,25.0659552 ]
    },
    "properties": {
    "no":252,
    "title":"新北市三重區正義社區發展協會",
    "county":"新北市",
    "town":"三重區",
    "address":"自強路一段158號B1(新北市立圖書館三重分館)",
    "tel":"(02)29839802",
    "mobile":"無"
    }
  },
  {
    "type": "Feature",
    "geometry": {
       "type": "Point",
       "coordinates":  [ 121.4932025,25.0678405 ]
    },
    "properties": {
    "no":253,
    "title":"新北市三重區自強里辦公處",
    "county":"新北市",
    "town":"三重區",
    "address":"正義北路256巷133號",
    "tel":"(02)29715209",
    "mobile":"無"
    }
  },
  {
    "type": "Feature",
    "geometry": {
       "type": "Point",
       "coordinates":  [ 121.4670679,25.0453847 ]
    },
    "properties": {
    "no":254,
    "title":"財團法人志浩慈善基金會",
    "county":"新北市",
    "town":"三重區",
    "address":"重新路5段609巷10號2樓之2",
    "tel":"(02)29998790",
    "mobile":"無"
    }
  },
  {
    "type": "Feature",
    "geometry": {
       "type": "Point",
       "coordinates":  [ 121.4962375,25.0730564 ]
    },
    "properties": {
    "no":255,
    "title":"新北市玄峯愛心慈善會",
    "county":"新北市",
    "town":"三重區",
    "address":"仁愛街75號1-2樓、77號1-2樓\n新北市三重區三和路3段101巷64號",
    "tel":"無",
    "mobile":"963356789"
    }
  },
  {
    "type": "Feature",
    "geometry": {
       "type": "Point",
       "coordinates":  [ 121.502603,25.0678809 ]
    },
    "properties": {
    "no":256,
    "title":"社團法人中華民國長者照顧關懷協會",
    "county":"新北市",
    "town":"三重區",
    "address":"長江里3鄰長安街112號",
    "tel":"無",
    "mobile":"932295263"
    }
  },
  {
    "type": "Feature",
    "geometry": {
       "type": "Point",
       "coordinates":  [ 121.498905,25.0661984 ]
    },
    "properties": {
    "no":257,
    "title":"新北市環保志工協會",
    "county":"新北市",
    "town":"三重區",
    "address":"錦安里16鄰長生街1號1樓",
    "tel":"無",
    "mobile":"938286376"
    }
  },
  {
    "type": "Feature",
    "geometry": {
       "type": "Point",
       "coordinates":  [ 121.498905,25.0661984 ]
    },
    "properties": {
    "no":258,
    "title":"新北市環保志工協會",
    "county":"新北市",
    "town":"三重區",
    "address":"錦安里16鄰長生街1號1樓",
    "tel":"無",
    "mobile":"938286376"
    }
  },
  {
    "type": "Feature",
    "geometry": {
       "type": "Point",
       "coordinates":  [ 121.502603,25.0678809 ]
    },
    "properties": {
    "no":259,
    "title":"社團法人中華民國長者照顧關懷協會",
    "county":"新北市",
    "town":"三重區",
    "address":"長安街112號",
    "tel":"無",
    "mobile":"932295263"
    }
  },
  {
    "type": "Feature",
    "geometry": {
       "type": "Point",
       "coordinates":  [ 121.502603,25.0678809 ]
    },
    "properties": {
    "no":260,
    "title":"社團法人中華民國長者照顧關懷協會",
    "county":"新北市",
    "town":"三重區",
    "address":"長江里3鄰長安街112號",
    "tel":"無",
    "mobile":"932295263"
    }
  },
  {
    "type": "Feature",
    "geometry": {
       "type": "Point",
       "coordinates":  [ 121.4915893,25.0707182 ]
    },
    "properties": {
    "no":261,
    "title":"三重信安宮",
    "county":"新北市",
    "town":"三重區",
    "address":"重陽路四段114巷13號",
    "tel":"(02)29866011",
    "mobile":"無"
    }
  },
  {
    "type": "Feature",
    "geometry": {
       "type": "Point",
       "coordinates":  [ 121.4962375,25.0730564 ]
    },
    "properties": {
    "no":262,
    "title":"新北市玄峯愛心慈善會",
    "county":"新北市",
    "town":"三重區",
    "address":"仁愛街75號1-2樓、77號1-2樓\n新北市三重區三和路3段101巷64號",
    "tel":"無",
    "mobile":"963356789"
    }
  },
  {
    "type": "Feature",
    "geometry": {
       "type": "Point",
       "coordinates":  [ 121.4906688,25.0663249 ]
    },
    "properties": {
    "no":263,
    "title":"新北市三重區大同社區發展協會",
    "county":"新北市",
    "town":"三重區",
    "address":"大同北路186號(大同市民活動中心)",
    "tel":"(02)29891987",
    "mobile":"無"
    }
  },
  {
    "type": "Feature",
    "geometry": {
       "type": "Point",
       "coordinates":  [ 121.4963635,25.0630585 ]
    },
    "properties": {
    "no":264,
    "title":"新北市樂來越愛你關懷協會",
    "county":"新北市",
    "town":"三重區",
    "address":"正義北路28巷40號1樓(重新里民活動中心)",
    "tel":"無",
    "mobile":"922213490"
    }
  },
  {
    "type": "Feature",
    "geometry": {
       "type": "Point",
       "coordinates":  [ 121.4858938,25.0715396 ]
    },
    "properties": {
    "no":265,
    "title":"新北市三重區培德里辦公處",
    "county":"新北市",
    "town":"三重區",
    "address":"忠孝路2段35號B1(培德市民活動中心)",
    "tel":"無",
    "mobile":"925066800"
    }
  },
  {
    "type": "Feature",
    "geometry": {
       "type": "Point",
       "coordinates":  [ 121.4670679,25.0453847 ]
    },
    "properties": {
    "no":266,
    "title":"財團法人志浩慈善基金會",
    "county":"新北市",
    "town":"三重區",
    "address":"重新路5段609巷10號2樓之2",
    "tel":"(02)29998790",
    "mobile":"無"
    }
  },
  {
    "type": "Feature",
    "geometry": {
       "type": "Point",
       "coordinates":  [ 121.4753272,25.0665594 ]
    },
    "properties": {
    "no":267,
    "title":"新北市三重區博愛里辦公處",
    "county":"新北市",
    "town":"三重區",
    "address":"疏洪東路二段131號(二重埔市民活動中心)",
    "tel":"(02)29817675",
    "mobile":"無"
    }
  },
  {
    "type": "Feature",
    "geometry": {
       "type": "Point",
       "coordinates":  [ 121.4891613,25.0593476 ]
    },
    "properties": {
    "no":268,
    "title":"社團法人台灣多元社會福利協會(三重過田站)",
    "county":"新北市",
    "town":"三重區",
    "address":"過圳街7巷5號1樓",
    "tel":"(02)29711266",
    "mobile":"無"
    }
  },
  {
    "type": "Feature",
    "geometry": {
       "type": "Point",
       "coordinates":  [ 121.5035363,25.0666104 ]
    },
    "properties": {
    "no":269,
    "title":"新北市三重區開元里辦公處",
    "county":"新北市",
    "town":"三重區",
    "address":"開元街1號(開元市民活動中心)",
    "tel":"(02)29739075",
    "mobile":"無"
    }
  },
  {
    "type": "Feature",
    "geometry": {
       "type": "Point",
       "coordinates":  [ 121.4875811,25.0785772 ]
    },
    "properties": {
    "no":270,
    "title":"中華全齡關懷協會(三重福樂站)",
    "county":"新北市",
    "town":"三重區",
    "address":"三和路四段125巷85號1樓",
    "tel":"無",
    "mobile":"953519101"
    }
  },
  {
    "type": "Feature",
    "geometry": {
       "type": "Point",
       "coordinates":  [ 121.486527,25.0809414 ]
    },
    "properties": {
    "no":271,
    "title":"新北市三重區慈惠里辦公處",
    "county":"新北市",
    "town":"三重區",
    "address":"溪尾街218巷40號",
    "tel":"(02)22862522",
    "mobile":"無"
    }
  },
  {
    "type": "Feature",
    "geometry": {
       "type": "Point",
       "coordinates":  [ 121.4875811,25.0785772 ]
    },
    "properties": {
    "no":272,
    "title":"中華全齡關懷協會(三重福樂站)",
    "county":"新北市",
    "town":"三重區",
    "address":"三和路四段125巷85號1樓",
    "tel":"無",
    "mobile":"953519101"
    }
  },
  {
    "type": "Feature",
    "geometry": {
       "type": "Point",
       "coordinates":  [ 121.488363,25.0846676 ]
    },
    "properties": {
    "no":273,
    "title":"新北市三重區碧華里辦公處",
    "county":"新北市",
    "town":"三重區",
    "address":"溪尾街327號(慈化市民活動中心)",
    "tel":"(02)28574627",
    "mobile":"無"
    }
  },
  {
    "type": "Feature",
    "geometry": {
       "type": "Point",
       "coordinates":  [ 121.4938117,25.0700134 ]
    },
    "properties": {
    "no":274,
    "title":"新北市三重區福安里辦公處",
    "county":"新北市",
    "town":"三重區",
    "address":"六張街66號(六張市民活動中心)",
    "tel":"(02)29858098",
    "mobile":"無"
    }
  },
  {
    "type": "Feature",
    "geometry": {
       "type": "Point",
       "coordinates":  [ 121.498444,25.064038 ]
    },
    "properties": {
    "no":275,
    "title":"中華全齡關懷協會(三重文化站)",
    "county":"新北市",
    "town":"三重區",
    "address":"平安街26號",
    "tel":"無",
    "mobile":"953519101"
    }
  },
  {
    "type": "Feature",
    "geometry": {
       "type": "Point",
       "coordinates":  [ 121.4879667,25.0531069 ]
    },
    "properties": {
    "no":276,
    "title":"社團法人中華躍樂齡創新服務發展協會",
    "county":"新北市",
    "town":"三重區",
    "address":"集美街75巷27號",
    "tel":"(02)87733752",
    "mobile":"無"
    }
  },
  {
    "type": "Feature",
    "geometry": {
       "type": "Point",
       "coordinates":  [ 121.4962375,25.0730564 ]
    },
    "properties": {
    "no":277,
    "title":"新北市玄峯愛心慈善會",
    "county":"新北市",
    "town":"三重區",
    "address":"仁愛街75號1-2樓、77號1-2樓\n新北市三重區三和路3段101巷64號",
    "tel":"無",
    "mobile":"963356789"
    }
  },
  {
    "type": "Feature",
    "geometry": {
       "type": "Point",
       "coordinates":  [ 121.4990096,25.0661955 ]
    },
    "properties": {
    "no":278,
    "title":"新北市環保志工協會",
    "county":"新北市",
    "town":"三重區",
    "address":"長生街1號",
    "tel":"(02)29723223",
    "mobile":"無"
    }
  },
  {
    "type": "Feature",
    "geometry": {
       "type": "Point",
       "coordinates":  [ 121.5023237,25.0728648 ]
    },
    "properties": {
    "no":279,
    "title":"新北市三重區民俗文化協會",
    "county":"新北市",
    "town":"三重區",
    "address":"秀江街28號(龍濱市民活動中心)",
    "tel":"(02)89938693",
    "mobile":"無"
    }
  },
  {
    "type": "Feature",
    "geometry": {
       "type": "Point",
       "coordinates":  [ 121.5023237,25.0728648 ]
    },
    "properties": {
    "no":280,
    "title":"新北市三重區民俗文化協會",
    "county":"新北市",
    "town":"三重區",
    "address":"秀江街28號(龍濱市民活動中心)",
    "tel":"(02)89938693",
    "mobile":"無"
    }
  },
  {
    "type": "Feature",
    "geometry": {
       "type": "Point",
       "coordinates":  [ 121.4891613,25.0593476 ]
    },
    "properties": {
    "no":281,
    "title":"社團法人台灣多元社會福利協會(三重過田站)",
    "county":"新北市",
    "town":"三重區",
    "address":"過圳街7巷5號1樓",
    "tel":"(02)29711266",
    "mobile":"無"
    }
  },
  {
    "type": "Feature",
    "geometry": {
       "type": "Point",
       "coordinates":  [ 121.498444,25.064038 ]
    },
    "properties": {
    "no":282,
    "title":"中華全齡關懷協會(三重文化站)",
    "county":"新北市",
    "town":"三重區",
    "address":"平安街26號",
    "tel":"無",
    "mobile":"953519101"
    }
  },
  {
    "type": "Feature",
    "geometry": {
       "type": "Point",
       "coordinates":  [ 121.5113761,24.9833115 ]
    },
    "properties": {
    "no":283,
    "title":"新北市中和區東南里辦公處",
    "county":"新北市",
    "town":"中和區",
    "address":"忠孝街48號2樓(飛駝市民活動中心)",
    "tel":"(02)29451515",
    "mobile":"無"
    }
  },
  {
    "type": "Feature",
    "geometry": {
       "type": "Point",
       "coordinates":  [ 121.5195997,24.9917004 ]
    },
    "properties": {
    "no":284,
    "title":"新北市中和區秀水里辦公處",
    "county":"新北市",
    "town":"中和區",
    "address":"景平路116-2號",
    "tel":"(02)29466323",
    "mobile":"無"
    }
  },
  {
    "type": "Feature",
    "geometry": {
       "type": "Point",
       "coordinates":  [ 121.507377,24.997676 ]
    },
    "properties": {
    "no":285,
    "title":"新北市中和區泰安里辦公處",
    "county":"新北市",
    "town":"中和區",
    "address":"保健路2巷15號",
    "tel":"(02)29427002",
    "mobile":"無"
    }
  },
  {
    "type": "Feature",
    "geometry": {
       "type": "Point",
       "coordinates":  [ 121.514262,24.9969358 ]
    },
    "properties": {
    "no":286,
    "title":"新北市中和區宜安里辦公處",
    "county":"新北市",
    "town":"中和區",
    "address":"安樂路143巷3號",
    "tel":"無",
    "mobile":"939818527"
    }
  },
  {
    "type": "Feature",
    "geometry": {
       "type": "Point",
       "coordinates":  [ 121.5132247,24.9896913 ]
    },
    "properties": {
    "no":287,
    "title":"新北市中和區景本里辦公處",
    "county":"新北市",
    "town":"中和區",
    "address":"景新街399巷12號",
    "tel":"(02)29471217",
    "mobile":"無"
    }
  },
  {
    "type": "Feature",
    "geometry": {
       "type": "Point",
       "coordinates":  [ 121.511677,24.9891875 ]
    },
    "properties": {
    "no":288,
    "title":"新北市中和區興南里辦公處",
    "county":"新北市",
    "town":"中和區",
    "address":"信義街41巷12號(興南市民活動中心)",
    "tel":"(02)29431650",
    "mobile":"無"
    }
  },
  {
    "type": "Feature",
    "geometry": {
       "type": "Point",
       "coordinates":  [ 121.5185882,24.9910093 ]
    },
    "properties": {
    "no":289,
    "title":"新北市中和區秀士里辦公處",
    "county":"新北市",
    "town":"中和區",
    "address":"景德街25號(秀峰市民活動中心)",
    "tel":"(02)29444488",
    "mobile":"無"
    }
  },
  {
    "type": "Feature",
    "geometry": {
       "type": "Point",
       "coordinates":  [ 121.5027017,25.0025312 ]
    },
    "properties": {
    "no":290,
    "title":"新北市中和區福和里辦公處",
    "county":"新北市",
    "town":"中和區",
    "address":"中山路二段131巷6號(福和市民活動中心)",
    "tel":"(02)82455789",
    "mobile":"無"
    }
  },
  {
    "type": "Feature",
    "geometry": {
       "type": "Point",
       "coordinates":  [ 121.5057877,24.992246 ]
    },
    "properties": {
    "no":291,
    "title":"新北市中和區景福里辦公處",
    "county":"新北市",
    "town":"中和區",
    "address":"和平街164巷2號(景福市民活動中心)",
    "tel":"(02)29497918",
    "mobile":"無"
    }
  },
  {
    "type": "Feature",
    "geometry": {
       "type": "Point",
       "coordinates":  [ 121.5096282,24.9887674 ]
    },
    "properties": {
    "no":292,
    "title":"財團法人福智慈善基金會(中和區)",
    "county":"新北市",
    "town":"中和區",
    "address":"興南路一段108號2樓",
    "tel":"(02)77094750",
    "mobile":"無"
    }
  },
  {
    "type": "Feature",
    "geometry": {
       "type": "Point",
       "coordinates":  [ 121.5028079,25.0041296 ]
    },
    "properties": {
    "no":293,
    "title":"社團法人新北市銀髮族協會",
    "county":"新北市",
    "town":"中和區",
    "address":"中山路二段116巷2號",
    "tel":"(02)22429899",
    "mobile":"無"
    }
  },
  {
    "type": "Feature",
    "geometry": {
       "type": "Point",
       "coordinates":  [ 121.4741511,25.00354 ]
    },
    "properties": {
    "no":294,
    "title":"新北市中和區民有里辦公處",
    "county":"新北市",
    "town":"中和區",
    "address":"民享街37號2樓",
    "tel":"(02)22261299",
    "mobile":"無"
    }
  },
  {
    "type": "Feature",
    "geometry": {
       "type": "Point",
       "coordinates":  [ 121.495914,24.9977342 ]
    },
    "properties": {
    "no":295,
    "title":"新北市中和區連城里辦公處",
    "county":"新北市",
    "town":"中和區",
    "address":"安邦街18號2樓(連成市民活動中心)",
    "tel":"(02)22470797",
    "mobile":"無"
    }
  },
  {
    "type": "Feature",
    "geometry": {
       "type": "Point",
       "coordinates":  [ 121.512714,24.9919191 ]
    },
    "properties": {
    "no":296,
    "title":"新北市中和區景平里辦公處",
    "county":"新北市",
    "town":"中和區",
    "address":"景平路159巷7號",
    "tel":"(02)29411719",
    "mobile":"無"
    }
  },
  {
    "type": "Feature",
    "geometry": {
       "type": "Point",
       "coordinates":  [ 121.50705,24.995151 ]
    },
    "properties": {
    "no":297,
    "title":"新北市中和區景安里辦公處",
    "county":"新北市",
    "town":"中和區",
    "address":"景新街212號",
    "tel":"(02)29476575",
    "mobile":"無"
    }
  },
  {
    "type": "Feature",
    "geometry": {
       "type": "Point",
       "coordinates":  [ 121.5057743,25.0021774 ]
    },
    "properties": {
    "no":298,
    "title":"漳和國中",
    "county":"新北市",
    "town":"中和區",
    "address":"廣福路39號",
    "tel":"(02)22488616",
    "mobile":"無"
    }
  },
  {
    "type": "Feature",
    "geometry": {
       "type": "Point",
       "coordinates":  [ 121.4980602,25.001967 ]
    },
    "properties": {
    "no":299,
    "title":"新北市中和區連和里辦公處",
    "county":"新北市",
    "town":"中和區",
    "address":"連城路54號(連和市民活動中心)",
    "tel":"(02)22439566",
    "mobile":"無"
    }
  },
  {
    "type": "Feature",
    "geometry": {
       "type": "Point",
       "coordinates":  [ 121.4683509,24.9983934 ]
    },
    "properties": {
    "no":300,
    "title":"新北市中和區明德里辦公處",
    "county":"新北市",
    "town":"中和區",
    "address":"民德路197號2樓(民德市民活動中心)",
    "tel":"(02)29512201",
    "mobile":"無"
    }
  },
  {
    "type": "Feature",
    "geometry": {
       "type": "Point",
       "coordinates":  [ 121.5093168,24.9972501 ]
    },
    "properties": {
    "no":301,
    "title":"新北市中和區安和里辦公處",
    "county":"新北市",
    "town":"中和區",
    "address":"保健路44巷2號(安和市民活動中心)",
    "tel":"(02)29481727",
    "mobile":"無"
    }
  },
  {
    "type": "Feature",
    "geometry": {
       "type": "Point",
       "coordinates":  [ 121.499589,25.0070348 ]
    },
    "properties": {
    "no":302,
    "title":"新北市中和區福美里辦公處",
    "county":"新北市",
    "town":"中和區",
    "address":"勝利路35巷9弄4號",
    "tel":"(02)82459506",
    "mobile":"無"
    }
  },
  {
    "type": "Feature",
    "geometry": {
       "type": "Point",
       "coordinates":  [ 121.5265527,24.9918316 ]
    },
    "properties": {
    "no":303,
    "title":"新北市中和區尖山腳社區發展協會",
    "county":"新北市",
    "town":"中和區",
    "address":"成功路97巷7號2樓(尖山腳市民活動中心)",
    "tel":"(02)29426140",
    "mobile":"無"
    }
  },
  {
    "type": "Feature",
    "geometry": {
       "type": "Point",
       "coordinates":  [ 121.5053275,24.9827238 ]
    },
    "properties": {
    "no":304,
    "title":"新北市中和區頂南里辦公處",
    "county":"新北市",
    "town":"中和區",
    "address":"興南路二段159巷28號(頂南市民活動中心)",
    "tel":"(02)29455511",
    "mobile":"無"
    }
  },
  {
    "type": "Feature",
    "geometry": {
       "type": "Point",
       "coordinates":  [ 121.4881215,24.9950038 ]
    },
    "properties": {
    "no":305,
    "title":"新北市中和區中正里辦公處",
    "county":"新北市",
    "town":"中和區",
    "address":"連城路347巷16弄13號",
    "tel":"(02)22227846",
    "mobile":"無"
    }
  },
  {
    "type": "Feature",
    "geometry": {
       "type": "Point",
       "coordinates":  [ 121.4876075,24.9960492 ]
    },
    "properties": {
    "no":306,
    "title":"社團法人台灣新住民關懷協會(中正站)",
    "county":"新北市",
    "town":"中和區",
    "address":"連城路361號2樓",
    "tel":"(02)26648575",
    "mobile":"無"
    }
  },
  {
    "type": "Feature",
    "geometry": {
       "type": "Point",
       "coordinates":  [ 121.4923112,24.9875055 ]
    },
    "properties": {
    "no":307,
    "title":"新北市中和區碧湖社區發展協會(碧湖市民活動中心)",
    "county":"新北市",
    "town":"中和區",
    "address":"圓通路367巷15-5號5樓(錦昌市民活動中心)",
    "tel":"(02)22421288",
    "mobile":"無"
    }
  },
  {
    "type": "Feature",
    "geometry": {
       "type": "Point",
       "coordinates":  [ 121.4913399,24.9891332 ]
    },
    "properties": {
    "no":308,
    "title":"新北市中和區碧湖社區發展協會",
    "county":"新北市",
    "town":"中和區",
    "address":"圓通路367巷7號",
    "tel":"(02)22421288",
    "mobile":"無"
    }
  },
  {
    "type": "Feature",
    "geometry": {
       "type": "Point",
       "coordinates":  [ 121.5135023,24.9862557 ]
    },
    "properties": {
    "no":309,
    "title":"新北市中和區崇南里辦公處",
    "county":"新北市",
    "town":"中和區",
    "address":"景新街496巷35巷1-1號2樓",
    "tel":"(02)29442606",
    "mobile":"無"
    }
  },
  {
    "type": "Feature",
    "geometry": {
       "type": "Point",
       "coordinates":  [ 121.4838589,24.9954943 ]
    },
    "properties": {
    "no":310,
    "title":"新北市中和區仁和里辦公處",
    "county":"新北市",
    "town":"中和區",
    "address":"連城路469巷7弄2號",
    "tel":"(02)22238312",
    "mobile":"無"
    }
  },
  {
    "type": "Feature",
    "geometry": {
       "type": "Point",
       "coordinates":  [ 121.5185882,24.9910093 ]
    },
    "properties": {
    "no":311,
    "title":"新北市中和區秀峰里辦公處",
    "county":"新北市",
    "town":"中和區",
    "address":"景德街25號(秀峰市民活動中心)",
    "tel":"(02)29416936",
    "mobile":"無"
    }
  },
  {
    "type": "Feature",
    "geometry": {
       "type": "Point",
       "coordinates":  [ 121.4648829,24.9959113 ]
    },
    "properties": {
    "no":312,
    "title":"新北市中和區壽德里辦公處",
    "county":"新北市",
    "town":"中和區",
    "address":"華順街138號(壽德市民活動中心)",
    "tel":"(02)29647071",
    "mobile":"無"
    }
  },
  {
    "type": "Feature",
    "geometry": {
       "type": "Point",
       "coordinates":  [ 121.4853103,24.9962178 ]
    },
    "properties": {
    "no":313,
    "title":"新北市中和區民享里辦公處",
    "county":"新北市",
    "town":"中和區",
    "address":"民智街134巷10號",
    "tel":"無",
    "mobile":"983521630"
    }
  },
  {
    "type": "Feature",
    "geometry": {
       "type": "Point",
       "coordinates":  [ 121.4740416,24.9992113 ]
    },
    "properties": {
    "no":314,
    "title":"新北市中和區明穗里辦公處",
    "county":"新北市",
    "town":"中和區",
    "address":"民享街114巷9號(明穗市民活動中心)",
    "tel":"(02)22281389",
    "mobile":"無"
    }
  },
  {
    "type": "Feature",
    "geometry": {
       "type": "Point",
       "coordinates":  [ 121.4937392,24.9889186 ]
    },
    "properties": {
    "no":315,
    "title":"新北市中和區錦盛里辦公處",
    "county":"新北市",
    "town":"中和區",
    "address":"圓通路335巷37弄12號(錦盛市民活動中心)",
    "tel":"(02)22473838",
    "mobile":"無"
    }
  },
  {
    "type": "Feature",
    "geometry": {
       "type": "Point",
       "coordinates":  [ 121.4996597,24.9960878 ]
    },
    "properties": {
    "no":316,
    "title":"新北市中和大同公共托老中心",
    "county":"新北市",
    "town":"中和區",
    "address":"圓通路121巷5號4樓",
    "tel":"(02)22400662",
    "mobile":"無"
    }
  },
  {
    "type": "Feature",
    "geometry": {
       "type": "Point",
       "coordinates":  [ 121.4720469,24.9989402 ]
    },
    "properties": {
    "no":317,
    "title":"新北市中和區莒西社區發展協會",
    "county":"新北市",
    "town":"中和區",
    "address":"莒光路莒光路120巷15弄7號(莒西市民活動中心)",
    "tel":"(02)29576662",
    "mobile":"無"
    }
  },
  {
    "type": "Feature",
    "geometry": {
       "type": "Point",
       "coordinates":  [ 121.4693927,25.0008524 ]
    },
    "properties": {
    "no":318,
    "title":"新北市中和區自強里辦公處",
    "county":"新北市",
    "town":"中和區",
    "address":"國光街125號",
    "tel":"(02)29520567",
    "mobile":"無"
    }
  },
  {
    "type": "Feature",
    "geometry": {
       "type": "Point",
       "coordinates":  [ 121.4786118,24.9995473 ]
    },
    "properties": {
    "no":319,
    "title":"新北市中和區民安里辦公處",
    "county":"新北市",
    "town":"中和區",
    "address":"民安街65巷2號(民安第1市民活動中心)",
    "tel":"(02)32345533",
    "mobile":"無"
    }
  },
  {
    "type": "Feature",
    "geometry": {
       "type": "Point",
       "coordinates":  [ 121.480873,25.0066186 ]
    },
    "properties": {
    "no":320,
    "title":"新北市中和區慈心關懷協會",
    "county":"新北市",
    "town":"中和區",
    "address":"員山路466巷19號 & 新北市中和區中山路三段120-16號前",
    "tel":"(02)82287617",
    "mobile":"無"
    }
  },
  {
    "type": "Feature",
    "geometry": {
       "type": "Point",
       "coordinates":  [ 121.4973104,24.9930833 ]
    },
    "properties": {
    "no":321,
    "title":"新北市中和區德行里辦公處",
    "county":"新北市",
    "town":"中和區",
    "address":"中正路211巷13弄4號",
    "tel":"(02)22478548",
    "mobile":"無"
    }
  },
  {
    "type": "Feature",
    "geometry": {
       "type": "Point",
       "coordinates":  [ 121.4923536,24.9861195 ]
    },
    "properties": {
    "no":322,
    "title":"新北市玉皇宮",
    "county":"新北市",
    "town":"中和區",
    "address":"圓通路367巷臨66之1號",
    "tel":"(02)22470607",
    "mobile":"無"
    }
  },
  {
    "type": "Feature",
    "geometry": {
       "type": "Point",
       "coordinates":  [ 121.508354,24.9837308 ]
    },
    "properties": {
    "no":323,
    "title":"中華民國緬甸歸僑協會",
    "county":"新北市",
    "town":"中和區",
    "address":"華新街75號7樓",
    "tel":"(02)89417794",
    "mobile":"無"
    }
  },
  {
    "type": "Feature",
    "geometry": {
       "type": "Point",
       "coordinates":  [ 121.4861933,24.9728146 ]
    },
    "properties": {
    "no":324,
    "title":"新北市中和區橫路里辦公處",
    "county":"新北市",
    "town":"中和區",
    "address":"興南路3段112號",
    "tel":"無",
    "mobile":"932336215"
    }
  },
  {
    "type": "Feature",
    "geometry": {
       "type": "Point",
       "coordinates":  [ 121.5126447,25.0014761 ]
    },
    "properties": {
    "no":325,
    "title":"新北市中和區中安里辦公處",
    "county":"新北市",
    "town":"中和區",
    "address":"中安街85號",
    "tel":"無",
    "mobile":"939778896"
    }
  },
  {
    "type": "Feature",
    "geometry": {
       "type": "Point",
       "coordinates":  [ 121.5040729,24.996688 ]
    },
    "properties": {
    "no":326,
    "title":"新北市中和區景文里辦公處",
    "county":"新北市",
    "town":"中和區",
    "address":"南華路48號2樓/明禮街46號2樓(景文市民活動中心)",
    "tel":"(02)22480383",
    "mobile":"無"
    }
  },
  {
    "type": "Feature",
    "geometry": {
       "type": "Point",
       "coordinates":  [ 121.5074238,24.9901679 ]
    },
    "properties": {
    "no":327,
    "title":"新北市中和區大統星鑽社區管理委員會",
    "county":"新北市",
    "town":"中和區",
    "address":"南山路421巷1弄16號",
    "tel":"(02)29425448",
    "mobile":"無"
    }
  },
  {
    "type": "Feature",
    "geometry": {
       "type": "Point",
       "coordinates":  [ 121.514262,24.9969358 ]
    },
    "properties": {
    "no":328,
    "title":"新北市中和區宜安里辦公處",
    "county":"新北市",
    "town":"中和區",
    "address":"安樂路143巷3號",
    "tel":"無",
    "mobile":"939818527"
    }
  },
  {
    "type": "Feature",
    "geometry": {
       "type": "Point",
       "coordinates":  [ 121.5182537,24.9947291 ]
    },
    "properties": {
    "no":329,
    "title":"財團法人台北市中國基督教靈糧世界佈道會台北靈糧堂",
    "county":"新北市",
    "town":"中和區",
    "address":"大勇街78號2樓",
    "tel":"(02)29437811",
    "mobile":"無"
    }
  },
  {
    "type": "Feature",
    "geometry": {
       "type": "Point",
       "coordinates":  [ 121.4922018,24.9963134 ]
    },
    "properties": {
    "no":330,
    "title":"台貿一城公寓大廈管理委員會",
    "county":"新北市",
    "town":"中和區",
    "address":"連城路263巷3號",
    "tel":"(02)22494737",
    "mobile":"無"
    }
  },
  {
    "type": "Feature",
    "geometry": {
       "type": "Point",
       "coordinates":  [ 121.5011292,25.0014911 ]
    },
    "properties": {
    "no":331,
    "title":"新北市中和區老人會",
    "county":"新北市",
    "town":"中和區",
    "address":"廟美街6巷3號5樓",
    "tel":"(02)22492338",
    "mobile":"無"
    }
  },
  {
    "type": "Feature",
    "geometry": {
       "type": "Point",
       "coordinates":  [ 121.5053275,24.9827238 ]
    },
    "properties": {
    "no":332,
    "title":"新北市中和區頂南里辦公處",
    "county":"新北市",
    "town":"中和區",
    "address":"興南路二段159巷28號(頂南市民活動中心)",
    "tel":"(02)29455511",
    "mobile":"無"
    }
  },
  {
    "type": "Feature",
    "geometry": {
       "type": "Point",
       "coordinates":  [ 121.5132247,24.9896913 ]
    },
    "properties": {
    "no":333,
    "title":"新北市中和區景南里辦公處",
    "county":"新北市",
    "town":"中和區",
    "address":"景新街399巷12號",
    "tel":"(02)29462889",
    "mobile":"無"
    }
  },
  {
    "type": "Feature",
    "geometry": {
       "type": "Point",
       "coordinates":  [ 121.5255371,24.9946877 ]
    },
    "properties": {
    "no":334,
    "title":"新北市中和區秀義里辦公處",
    "county":"新北市",
    "town":"中和區",
    "address":"秀朗路三段66巷23號",
    "tel":"無",
    "mobile":"936119594"
    }
  },
  {
    "type": "Feature",
    "geometry": {
       "type": "Point",
       "coordinates":  [ 121.524842,24.9939725 ]
    },
    "properties": {
    "no":335,
    "title":"社團法人新北市領杭公益學會",
    "county":"新北市",
    "town":"中和區",
    "address":"秀朗路三段128巷38弄8號1樓",
    "tel":"無",
    "mobile":"936119594"
    }
  },
  {
    "type": "Feature",
    "geometry": {
       "type": "Point",
       "coordinates":  [ 121.5118657,24.9938785 ]
    },
    "properties": {
    "no":336,
    "title":"社團法人新北市易象推廣協會",
    "county":"新北市",
    "town":"中和區",
    "address":"安樂路51巷8號",
    "tel":"(02)29404080",
    "mobile":"無"
    }
  },
  {
    "type": "Feature",
    "geometry": {
       "type": "Point",
       "coordinates":  [ 121.5255371,24.9946877 ]
    },
    "properties": {
    "no":337,
    "title":"新北市中和區秀義里辦公處",
    "county":"新北市",
    "town":"中和區",
    "address":"秀朗路三段66巷23號",
    "tel":"無",
    "mobile":"936119594"
    }
  },
  {
    "type": "Feature",
    "geometry": {
       "type": "Point",
       "coordinates":  [ 121.4720469,24.9989402 ]
    },
    "properties": {
    "no":338,
    "title":"新北市中和區莒西社區發展協會",
    "county":"新北市",
    "town":"中和區",
    "address":"莒光路200號之3(莒西市民活動中心)",
    "tel":"(02)29576662",
    "mobile":"無"
    }
  },
  {
    "type": "Feature",
    "geometry": {
       "type": "Point",
       "coordinates":  [ 121.5024334,24.9910823 ]
    },
    "properties": {
    "no":339,
    "title":"新北市中和區復興里辦公處",
    "county":"新北市",
    "town":"中和區",
    "address":"復興路280巷6號",
    "tel":"(02)22425205",
    "mobile":"無"
    }
  },
  {
    "type": "Feature",
    "geometry": {
       "type": "Point",
       "coordinates":  [ 121.514262,24.9969358 ]
    },
    "properties": {
    "no":340,
    "title":"新北市中和區宜安里辦公處",
    "county":"新北市",
    "town":"中和區",
    "address":"安樂路143巷3號",
    "tel":"無",
    "mobile":"939818527"
    }
  },
  {
    "type": "Feature",
    "geometry": {
       "type": "Point",
       "coordinates":  [ 121.5065102,24.9896696 ]
    },
    "properties": {
    "no":341,
    "title":"新北市中和區原住民族發展協進會",
    "county":"新北市",
    "town":"中和區",
    "address":"南山路236號8樓",
    "tel":"無",
    "mobile":"916079000"
    }
  },
  {
    "type": "Feature",
    "geometry": {
       "type": "Point",
       "coordinates":  [ 121.4811947,24.9938593 ]
    },
    "properties": {
    "no":342,
    "title":"新北市中和區文元里辦公處",
    "county":"新北市",
    "town":"中和區",
    "address":"員山路82巷4號",
    "tel":"(02)22210377",
    "mobile":"無"
    }
  },
  {
    "type": "Feature",
    "geometry": {
       "type": "Point",
       "coordinates":  [ 121.4791594,25.0045696 ]
    },
    "properties": {
    "no":343,
    "title":"新北市中和區民安社區發展協會",
    "county":"新北市",
    "town":"中和區",
    "address":"員山路455巷10號2樓(積穗市民活動中心)",
    "tel":"無",
    "mobile":"929588883"
    }
  },
  {
    "type": "Feature",
    "geometry": {
       "type": "Point",
       "coordinates":  [ 121.5219649,24.9914001 ]
    },
    "properties": {
    "no":344,
    "title":"社團法人臺灣腦身心機能認知協會",
    "county":"新北市",
    "town":"中和區",
    "address":"景平路64巷13弄8號",
    "tel":"(02)86685760",
    "mobile":"無"
    }
  },
  {
    "type": "Feature",
    "geometry": {
       "type": "Point",
       "coordinates":  [ 121.5182537,24.9947291 ]
    },
    "properties": {
    "no":345,
    "title":"財團法人台北市中國基督教靈糧世界佈道會台北靈糧堂",
    "county":"新北市",
    "town":"中和區",
    "address":"大勇街78號2樓",
    "tel":"(02)29437811",
    "mobile":"無"
    }
  },
  {
    "type": "Feature",
    "geometry": {
       "type": "Point",
       "coordinates":  [ 121.4976654,25.0032703 ]
    },
    "properties": {
    "no":346,
    "title":"新北市多元智能老幼暨兒童教育發展協會(中和站)",
    "county":"新北市",
    "town":"中和區",
    "address":"景平路736巷5弄2號",
    "tel":"(02)22441688",
    "mobile":"無"
    }
  },
  {
    "type": "Feature",
    "geometry": {
       "type": "Point",
       "coordinates":  [ 121.4699693,25.0054754 ]
    },
    "properties": {
    "no":347,
    "title":"新北市中和區民生里辦公處",
    "county":"新北市",
    "town":"中和區",
    "address":"民生街28巷2之1號1樓及B1樓(民生市民活動中心)",
    "tel":"(02)29572233",
    "mobile":"無"
    }
  },
  {
    "type": "Feature",
    "geometry": {
       "type": "Point",
       "coordinates":  [ 121.5011292,25.0014911 ]
    },
    "properties": {
    "no":348,
    "title":"社團法人新北市健安樂活迎老服務協會",
    "county":"新北市",
    "town":"中和區",
    "address":"廟美街6巷3號1-2樓",
    "tel":"(02)22460850",
    "mobile":"無"
    }
  },
  {
    "type": "Feature",
    "geometry": {
       "type": "Point",
       "coordinates":  [ 121.4888352,24.9963943 ]
    },
    "properties": {
    "no":349,
    "title":"新北市樹墩子先鋒協會",
    "county":"新北市",
    "town":"中和區",
    "address":"連城路236號4樓",
    "tel":"無",
    "mobile":"937462298"
    }
  },
  {
    "type": "Feature",
    "geometry": {
       "type": "Point",
       "coordinates":  [ 121.4720469,24.9989402 ]
    },
    "properties": {
    "no":350,
    "title":"新北市中和區莒西社區發展協會",
    "county":"新北市",
    "town":"中和區",
    "address":"莒光路200號之3(莒西市民活動中心)",
    "tel":"(02)29576662",
    "mobile":"無"
    }
  },
  {
    "type": "Feature",
    "geometry": {
       "type": "Point",
       "coordinates":  [ 121.5040729,24.996688 ]
    },
    "properties": {
    "no":351,
    "title":"新北市中和區景文里辦公處",
    "county":"新北市",
    "town":"中和區",
    "address":"南華路48號2樓/明禮街46號2樓(景文市民活動中心)",
    "tel":"(02)22480383",
    "mobile":"無"
    }
  },
  {
    "type": "Feature",
    "geometry": {
       "type": "Point",
       "coordinates":  [ 121.5011292,25.0014911 ]
    },
    "properties": {
    "no":352,
    "title":"新北市中和區老人會",
    "county":"新北市",
    "town":"中和區",
    "address":"廟美街6巷3號5樓",
    "tel":"(02)22492338",
    "mobile":"無"
    }
  },
  {
    "type": "Feature",
    "geometry": {
       "type": "Point",
       "coordinates":  [ 121.5020577,24.9971873 ]
    },
    "properties": {
    "no":353,
    "title":"新北市中和區南山里辦公處",
    "county":"新北市",
    "town":"中和區",
    "address":"南山路123號",
    "tel":"(02)22471155",
    "mobile":"無"
    }
  },
  {
    "type": "Feature",
    "geometry": {
       "type": "Point",
       "coordinates":  [ 121.5182537,24.9947291 ]
    },
    "properties": {
    "no":354,
    "title":"財團法人台北市中國基督教靈糧世界佈道會台北靈糧堂",
    "county":"新北市",
    "town":"中和區",
    "address":"大勇街78號2樓",
    "tel":"(02)29437811",
    "mobile":"無"
    }
  },
  {
    "type": "Feature",
    "geometry": {
       "type": "Point",
       "coordinates":  [ 121.4722917,25.005948 ]
    },
    "properties": {
    "no":355,
    "title":"社團法人台灣新住民關懷協會(中和瑞穗站)",
    "county":"新北市",
    "town":"中和區",
    "address":"莒光路3巷6號",
    "tel":"(02)26648575",
    "mobile":"無"
    }
  },
  {
    "type": "Feature",
    "geometry": {
       "type": "Point",
       "coordinates":  [ 121.5033311,24.993331 ]
    },
    "properties": {
    "no":356,
    "title":"比利時社區公寓大廈管理委員會",
    "county":"新北市",
    "town":"中和區",
    "address":"中正路1號",
    "tel":"(02)22460562",
    "mobile":"無"
    }
  },
  {
    "type": "Feature",
    "geometry": {
       "type": "Point",
       "coordinates":  [ 121.5122091,24.9849934 ]
    },
    "properties": {
    "no":357,
    "title":"南山放生寺",
    "county":"新北市",
    "town":"中和區",
    "address":"忠孝街108號",
    "tel":"(02)29421997",
    "mobile":"無"
    }
  },
  {
    "type": "Feature",
    "geometry": {
       "type": "Point",
       "coordinates":  [ 121.5011292,25.0014911 ]
    },
    "properties": {
    "no":358,
    "title":"社團法人新北市健安樂活迎老服務協會",
    "county":"新北市",
    "town":"中和區",
    "address":"廟美街6巷3號1-2樓",
    "tel":"(02)22460850",
    "mobile":"無"
    }
  },
  {
    "type": "Feature",
    "geometry": {
       "type": "Point",
       "coordinates":  [ 121.4699693,25.0054754 ]
    },
    "properties": {
    "no":359,
    "title":"新北市中和區民生里辦公處",
    "county":"新北市",
    "town":"中和區",
    "address":"民生街28巷2之1號1樓及B1樓(民生市民活動中心)",
    "tel":"(02)29572233",
    "mobile":"無"
    }
  },
  {
    "type": "Feature",
    "geometry": {
       "type": "Point",
       "coordinates":  [ 121.5030553,24.9824095 ]
    },
    "properties": {
    "no":360,
    "title":"新北市中和區內南里辦公處",
    "county":"新北市",
    "town":"中和區",
    "address":"興南路2段242巷5號",
    "tel":"(02)86686688",
    "mobile":"無"
    }
  },
  {
    "type": "Feature",
    "geometry": {
       "type": "Point",
       "coordinates":  [ 121.5011292,25.0014911 ]
    },
    "properties": {
    "no":361,
    "title":"社團法人新北市健安樂活迎老服務協會",
    "county":"新北市",
    "town":"中和區",
    "address":"廟美街6巷3號1-2樓",
    "tel":"(02)22460850",
    "mobile":"無"
    }
  },
  {
    "type": "Feature",
    "geometry": {
       "type": "Point",
       "coordinates":  [ 121.5053275,24.9827238 ]
    },
    "properties": {
    "no":362,
    "title":"新北市中和區頂南里辦公處",
    "county":"新北市",
    "town":"中和區",
    "address":"興南路二段159巷28號(頂南市民活動中心)",
    "tel":"(02)29455511",
    "mobile":"無"
    }
  },
  {
    "type": "Feature",
    "geometry": {
       "type": "Point",
       "coordinates":  [ 121.5011292,25.0014911 ]
    },
    "properties": {
    "no":363,
    "title":"社團法人新北市健安樂活迎老服務協會",
    "county":"新北市",
    "town":"中和區",
    "address":"廟美街6巷3號1-2樓",
    "tel":"(02)22460850",
    "mobile":"無"
    }
  },
  {
    "type": "Feature",
    "geometry": {
       "type": "Point",
       "coordinates":  [ 121.4720469,24.9989402 ]
    },
    "properties": {
    "no":364,
    "title":"新北市中和區莒西社區發展協會",
    "county":"新北市",
    "town":"中和區",
    "address":"莒光路200號之3(莒西市民活動中心)",
    "tel":"(02)29576662",
    "mobile":"無"
    }
  },
  {
    "type": "Feature",
    "geometry": {
       "type": "Point",
       "coordinates":  [ 121.4722917,25.005948 ]
    },
    "properties": {
    "no":365,
    "title":"社團法人台灣新住民關懷協會(瑞穗站)",
    "county":"新北市",
    "town":"中和區",
    "address":"莒光路3巷6號",
    "tel":"(02)26648575",
    "mobile":"無"
    }
  },
  {
    "type": "Feature",
    "geometry": {
       "type": "Point",
       "coordinates":  [ 121.4791594,25.0045696 ]
    },
    "properties": {
    "no":366,
    "title":"新北市中和區民安社區發展協會",
    "county":"新北市",
    "town":"中和區",
    "address":"員山路455巷10號2樓(積穗市民活動中心)",
    "tel":"無",
    "mobile":"929588883"
    }
  },
  {
    "type": "Feature",
    "geometry": {
       "type": "Point",
       "coordinates":  [ 121.4786118,24.9954803 ]
    },
    "properties": {
    "no":367,
    "title":"新北市中和區嘉慶里辦公處",
    "county":"新北市",
    "town":"中和區",
    "address":"員山路143巷48號之5",
    "tel":"(02)22214414",
    "mobile":"無"
    }
  },
  {
    "type": "Feature",
    "geometry": {
       "type": "Point",
       "coordinates":  [ 121.4722917,25.005948 ]
    },
    "properties": {
    "no":368,
    "title":"社團法人台灣新住民關懷協會(瑞穗站)",
    "county":"新北市",
    "town":"中和區",
    "address":"莒光路3巷6號",
    "tel":"(02)26648575",
    "mobile":"無"
    }
  },
  {
    "type": "Feature",
    "geometry": {
       "type": "Point",
       "coordinates":  [ 121.4886802,24.9901762 ]
    },
    "properties": {
    "no":369,
    "title":"新北市中和區錦中里辦公處",
    "county":"新北市",
    "town":"中和區",
    "address":"圓通路294巷13號(錦中市民活動中心)",
    "tel":"(02)22437097",
    "mobile":"無"
    }
  },
  {
    "type": "Feature",
    "geometry": {
       "type": "Point",
       "coordinates":  [ 121.499,24.9984281 ]
    },
    "properties": {
    "no":370,
    "title":"新北市中和區世紀皇家管理委員會",
    "county":"新北市",
    "town":"中和區",
    "address":"連勝街9號",
    "tel":"(02)22466189",
    "mobile":"無"
    }
  },
  {
    "type": "Feature",
    "geometry": {
       "type": "Point",
       "coordinates":  [ 121.5093523,24.9800284 ]
    },
    "properties": {
    "no":371,
    "title":"台北瑞士琉森社區管理委員會",
    "county":"新北市",
    "town":"中和區",
    "address":"華新街109巷30號",
    "tel":"無",
    "mobile":"926914366"
    }
  },
  {
    "type": "Feature",
    "geometry": {
       "type": "Point",
       "coordinates":  [ 121.5011292,25.0014911 ]
    },
    "properties": {
    "no":372,
    "title":"新北市中和區老人會",
    "county":"新北市",
    "town":"中和區",
    "address":"廟美街6巷3號5樓",
    "tel":"(02)22492338",
    "mobile":"無"
    }
  },
  {
    "type": "Feature",
    "geometry": {
       "type": "Point",
       "coordinates":  [ 121.4791594,25.0045696 ]
    },
    "properties": {
    "no":373,
    "title":"新北市中和區積穗里辦公處",
    "county":"新北市",
    "town":"中和區",
    "address":"員山路455巷10號(積穗市民活動中心)",
    "tel":"(02)22216408",
    "mobile":"無"
    }
  },
  {
    "type": "Feature",
    "geometry": {
       "type": "Point",
       "coordinates":  [ 121.481886,25.0025049 ]
    },
    "properties": {
    "no":374,
    "title":"新北市中和區安穗里辦公處",
    "county":"新北市",
    "town":"中和區",
    "address":"員山路294巷7號(安穗市民活動中心)",
    "tel":"(02)22229736",
    "mobile":"無"
    }
  },
  {
    "type": "Feature",
    "geometry": {
       "type": "Point",
       "coordinates":  [ 121.5011292,25.0014911 ]
    },
    "properties": {
    "no":375,
    "title":"新北市中和區老人會",
    "county":"新北市",
    "town":"中和區",
    "address":"廟美街6巷3號5樓",
    "tel":"(02)22492338",
    "mobile":"無"
    }
  },
  {
    "type": "Feature",
    "geometry": {
       "type": "Point",
       "coordinates":  [ 121.5024334,24.9910823 ]
    },
    "properties": {
    "no":376,
    "title":"新北市中和區復興里辦公處",
    "county":"新北市",
    "town":"中和區",
    "address":"復興路280巷6號",
    "tel":"(02)22425205",
    "mobile":"無"
    }
  },
  {
    "type": "Feature",
    "geometry": {
       "type": "Point",
       "coordinates":  [ 121.4803082,25.0107871 ]
    },
    "properties": {
    "no":377,
    "title":"社團法人臺北市社區照護發展促進協會",
    "county":"新北市",
    "town":"中和區",
    "address":"中正路1206巷2號",
    "tel":"(02)77467520",
    "mobile":"無"
    }
  },
  {
    "type": "Feature",
    "geometry": {
       "type": "Point",
       "coordinates":  [ 121.4720469,24.9989402 ]
    },
    "properties": {
    "no":378,
    "title":"新北市中和區莒西社區發展協會",
    "county":"新北市",
    "town":"中和區",
    "address":"莒光路200號之3(莒西市民活動中心)",
    "tel":"(02)29576662",
    "mobile":"無"
    }
  },
  {
    "type": "Feature",
    "geometry": {
       "type": "Point",
       "coordinates":  [ 121.494528,25.006178 ]
    },
    "properties": {
    "no":379,
    "title":"青年市社區管理委員會",
    "county":"新北市",
    "town":"中和區",
    "address":"橋和路162號",
    "tel":"(02)22443545",
    "mobile":"無"
    }
  },
  {
    "type": "Feature",
    "geometry": {
       "type": "Point",
       "coordinates":  [ 121.5024334,24.9910823 ]
    },
    "properties": {
    "no":380,
    "title":"新北市中和區復興里辦公處",
    "county":"新北市",
    "town":"中和區",
    "address":"復興路280巷6號",
    "tel":"(02)22425205",
    "mobile":"無"
    }
  },
  {
    "type": "Feature",
    "geometry": {
       "type": "Point",
       "coordinates":  [ 121.4913399,24.9891332 ]
    },
    "properties": {
    "no":381,
    "title":"新北市中和區碧湖社區發展協會",
    "county":"新北市",
    "town":"中和區",
    "address":"圓通路367巷7號",
    "tel":"(02)22421288",
    "mobile":"無"
    }
  },
  {
    "type": "Feature",
    "geometry": {
       "type": "Point",
       "coordinates":  [ 121.4888352,24.9963943 ]
    },
    "properties": {
    "no":382,
    "title":"新北市樹墩子先鋒協會",
    "county":"新北市",
    "town":"中和區",
    "address":"連城路236號4樓",
    "tel":"無",
    "mobile":"937462298"
    }
  },
  {
    "type": "Feature",
    "geometry": {
       "type": "Point",
       "coordinates":  [ 121.4837457,25.001396 ]
    },
    "properties": {
    "no":383,
    "title":"新北市中和區平河里辦公處",
    "county":"新北市",
    "town":"中和區",
    "address":"民樂路65號",
    "tel":"(02)22233989",
    "mobile":"無"
    }
  },
  {
    "type": "Feature",
    "geometry": {
       "type": "Point",
       "coordinates":  [ 121.5075584,25.0002903 ]
    },
    "properties": {
    "no":384,
    "title":"新北市永和區雙和里辦公處",
    "county":"新北市",
    "town":"永和區",
    "address":"區中和路335巷14號  2.新北市永和區中和路335巷18弄1號",
    "tel":"(02)89234548",
    "mobile":"無"
    }
  },
  {
    "type": "Feature",
    "geometry": {
       "type": "Point",
       "coordinates":  [ 121.515566,25.0087218 ]
    },
    "properties": {
    "no":385,
    "title":"新北市永和區大新里辦公處",
    "county":"新北市",
    "town":"永和區",
    "address":"大新街45巷1-1號(大新光明市民活動中心)",
    "tel":"(02)29211945",
    "mobile":"無"
    }
  },
  {
    "type": "Feature",
    "geometry": {
       "type": "Point",
       "coordinates":  [ 121.5164053,25.0059341 ]
    },
    "properties": {
    "no":386,
    "title":"新北市永和區店街里辦公處",
    "county":"新北市",
    "town":"永和區",
    "address":"中正路465巷18號1樓、2樓",
    "tel":"無",
    "mobile":"922225885"
    }
  },
  {
    "type": "Feature",
    "geometry": {
       "type": "Point",
       "coordinates":  [ 121.5183191,25.0085335 ]
    },
    "properties": {
    "no":387,
    "title":"新北市永和區光明里辦公處",
    "county":"新北市",
    "town":"永和區",
    "address":"中正路654巷58號1、2樓",
    "tel":"(02)29286288",
    "mobile":"無"
    }
  },
  {
    "type": "Feature",
    "geometry": {
       "type": "Point",
       "coordinates":  [ 121.5080925,25.0005639 ]
    },
    "properties": {
    "no":388,
    "title":"台灣基督長老教會雙和教會",
    "county":"新北市",
    "town":"永和區",
    "address":"中和路389巷5號",
    "tel":"(02)29210855",
    "mobile":"無"
    }
  },
  {
    "type": "Feature",
    "geometry": {
       "type": "Point",
       "coordinates":  [ 121.516662,25.012258 ]
    },
    "properties": {
    "no":389,
    "title":"台灣基督長老教會永和教會",
    "county":"新北市",
    "town":"永和區",
    "address":"中興街65巷3號",
    "tel":"(02)29216289",
    "mobile":"無"
    }
  },
  {
    "type": "Feature",
    "geometry": {
       "type": "Point",
       "coordinates":  [ 121.5073454,25.0111483 ]
    },
    "properties": {
    "no":390,
    "title":"新北市永和區中溪里辦公處",
    "county":"新北市",
    "town":"永和區",
    "address":"仁愛路244-1號2樓(保安中溪市民活動中心 )",
    "tel":"(02)29298555",
    "mobile":"無"
    }
  },
  {
    "type": "Feature",
    "geometry": {
       "type": "Point",
       "coordinates":  [ 121.5073454,25.0111483 ]
    },
    "properties": {
    "no":391,
    "title":"新北市永和區中溪里辦公處",
    "county":"新北市",
    "town":"永和區",
    "address":"仁愛路244-1號2樓(保安中溪市民活動中心 )",
    "tel":"(02)29298555",
    "mobile":"無"
    }
  },
  {
    "type": "Feature",
    "geometry": {
       "type": "Point",
       "coordinates":  [ 121.5073454,25.0111483 ]
    },
    "properties": {
    "no":392,
    "title":"新北市永和區中溪里辦公處",
    "county":"新北市",
    "town":"永和區",
    "address":"仁愛路244-1號2樓(保安中溪市民活動中心 )",
    "tel":"(02)29298555",
    "mobile":"無"
    }
  },
  {
    "type": "Feature",
    "geometry": {
       "type": "Point",
       "coordinates":  [ 121.5073454,25.0111483 ]
    },
    "properties": {
    "no":393,
    "title":"新北市永和區永安里辦公處",
    "county":"新北市",
    "town":"永和區",
    "address":"仁愛路244-1號2樓(保安中溪市民活動中心)",
    "tel":"(02)29273136",
    "mobile":"無"
    }
  },
  {
    "type": "Feature",
    "geometry": {
       "type": "Point",
       "coordinates":  [ 121.512952,25.014437 ]
    },
    "properties": {
    "no":394,
    "title":"新北市永和區仁愛里辦公處",
    "county":"新北市",
    "town":"永和區",
    "address":"文化路113巷16號",
    "tel":"(02)29292637",
    "mobile":"無"
    }
  },
  {
    "type": "Feature",
    "geometry": {
       "type": "Point",
       "coordinates":  [ 121.5126521,25.0153948 ]
    },
    "properties": {
    "no":395,
    "title":"新北市永和區新廍里辦公處",
    "county":"新北市",
    "town":"永和區",
    "address":"文化路142號1樓(新廍市民活動中心)",
    "tel":"(02)29236366",
    "mobile":"無"
    }
  },
  {
    "type": "Feature",
    "geometry": {
       "type": "Point",
       "coordinates":  [ 121.5104787,25.0162752 ]
    },
    "properties": {
    "no":396,
    "title":"社團法人中華長照協會",
    "county":"新北市",
    "town":"永和區",
    "address":"文化路155號",
    "tel":"(02)29212212",
    "mobile":"無"
    }
  },
  {
    "type": "Feature",
    "geometry": {
       "type": "Point",
       "coordinates":  [ 121.5129003,25.0165468 ]
    },
    "properties": {
    "no":397,
    "title":"社團法人台灣多元社會福利協會(永和禧德站)",
    "county":"新北市",
    "town":"永和區",
    "address":"文化路90巷33號",
    "tel":"(02)29251469",
    "mobile":"無"
    }
  },
  {
    "type": "Feature",
    "geometry": {
       "type": "Point",
       "coordinates":  [ 121.5129003,25.0165468 ]
    },
    "properties": {
    "no":398,
    "title":"社團法人台灣多元社會福利協會",
    "county":"新北市",
    "town":"永和區",
    "address":"文化路90巷33號",
    "tel":"(02)29251469",
    "mobile":"無"
    }
  },
  {
    "type": "Feature",
    "geometry": {
       "type": "Point",
       "coordinates":  [ 121.519783,24.9979591 ]
    },
    "properties": {
    "no":399,
    "title":"新北市永和區民權社區發展協會",
    "county":"新北市",
    "town":"永和區",
    "address":"民權路60號4樓(民權市民活動中心)",
    "tel":"(02)29433377",
    "mobile":"無"
    }
  },
  {
    "type": "Feature",
    "geometry": {
       "type": "Point",
       "coordinates":  [ 121.519783,24.9979591 ]
    },
    "properties": {
    "no":400,
    "title":"新北市永和區民權社區發展協會",
    "county":"新北市",
    "town":"永和區",
    "address":"民權路60號4樓(民權市民活動中心)",
    "tel":"(02)29433377",
    "mobile":"無"
    }
  },
  {
    "type": "Feature",
    "geometry": {
       "type": "Point",
       "coordinates":  [ 121.519783,24.9979591 ]
    },
    "properties": {
    "no":401,
    "title":"新北市永和區民權社區發展協會",
    "county":"新北市",
    "town":"永和區",
    "address":"民權路60號4樓(民權市民活動中心)",
    "tel":"(02)29433377",
    "mobile":"無"
    }
  },
  {
    "type": "Feature",
    "geometry": {
       "type": "Point",
       "coordinates":  [ 121.5198009,24.9979887 ]
    },
    "properties": {
    "no":402,
    "title":"財團法人台灣省私立健順養護中心(新北市永和民權公共托老中心)",
    "county":"新北市",
    "town":"永和區",
    "address":"民權路60號5樓",
    "tel":"(02)29451169",
    "mobile":"無"
    }
  },
  {
    "type": "Feature",
    "geometry": {
       "type": "Point",
       "coordinates":  [ 121.50585,25.0139085 ]
    },
    "properties": {
    "no":403,
    "title":"新北市永和區大同社區發展協會",
    "county":"新北市",
    "town":"永和區",
    "address":"永平路368號(永平市民活動中心)",
    "tel":"無",
    "mobile":"928062092"
    }
  },
  {
    "type": "Feature",
    "geometry": {
       "type": "Point",
       "coordinates":  [ 121.5193921,25.005933 ]
    },
    "properties": {
    "no":404,
    "title":"社團法人台灣恩朵關懷協會",
    "county":"新北市",
    "town":"永和區",
    "address":"永亨路9號",
    "tel":"(02)29214000",
    "mobile":"無"
    }
  },
  {
    "type": "Feature",
    "geometry": {
       "type": "Point",
       "coordinates":  [ 121.514242,25.0043319 ]
    },
    "properties": {
    "no":405,
    "title":"新北市永和區永安社區發展協會",
    "county":"新北市",
    "town":"永和區",
    "address":"永和區安樂路431號2樓(永安市民活動中心)",
    "tel":"無",
    "mobile":"928253189"
    }
  },
  {
    "type": "Feature",
    "geometry": {
       "type": "Point",
       "coordinates":  [ 121.5145353,25.0103251 ]
    },
    "properties": {
    "no":406,
    "title":"新北市永和區永樂里辦公處",
    "county":"新北市",
    "town":"永和區",
    "address":"永和路1段18巷8號",
    "tel":"無",
    "mobile":"989641423"
    }
  },
  {
    "type": "Feature",
    "geometry": {
       "type": "Point",
       "coordinates":  [ 121.5153814,25.0116039 ]
    },
    "properties": {
    "no":407,
    "title":"中華民國基督教生命樹全人關懷協會",
    "county":"新北市",
    "town":"永和區",
    "address":"永和路2段92巷1號",
    "tel":"無",
    "mobile":"913585699"
    }
  },
  {
    "type": "Feature",
    "geometry": {
       "type": "Point",
       "coordinates":  [ 121.5141371,25.009345 ]
    },
    "properties": {
    "no":408,
    "title":"財團法人新北市永和區中華基督教浸信會中和堂",
    "county":"新北市",
    "town":"永和區",
    "address":"永和路一段153號",
    "tel":"(02)29213407",
    "mobile":"無"
    }
  },
  {
    "type": "Feature",
    "geometry": {
       "type": "Point",
       "coordinates":  [ 121.514338,24.999428 ]
    },
    "properties": {
    "no":409,
    "title":"新北市永和區潭墘社區發展協會",
    "county":"新北市",
    "town":"永和區",
    "address":"安樂路102號(潭墘社區活動中心)",
    "tel":"(02)29413636",
    "mobile":"無"
    }
  },
  {
    "type": "Feature",
    "geometry": {
       "type": "Point",
       "coordinates":  [ 121.514338,24.999428 ]
    },
    "properties": {
    "no":410,
    "title":"新北市永和區潭墘社區發展協會",
    "county":"新北市",
    "town":"永和區",
    "address":"安樂路102號(潭墘社區活動中心)",
    "tel":"(02)29413636",
    "mobile":"無"
    }
  },
  {
    "type": "Feature",
    "geometry": {
       "type": "Point",
       "coordinates":  [ 121.514242,25.0043319 ]
    },
    "properties": {
    "no":411,
    "title":"新北市永和區民樂里辦公處",
    "county":"新北市",
    "town":"永和區",
    "address":"安樂路431號2樓(永安市民活動中心)",
    "tel":"(02)22319635",
    "mobile":"無"
    }
  },
  {
    "type": "Feature",
    "geometry": {
       "type": "Point",
       "coordinates":  [ 121.5272938,25.0052784 ]
    },
    "properties": {
    "no":412,
    "title":"新北市永和區秀朗社區發展協會",
    "county":"新北市",
    "town":"永和區",
    "address":"成功路1段20-1號(秀朗市民活動中心)",
    "tel":"(02)22553119",
    "mobile":"無"
    }
  },
  {
    "type": "Feature",
    "geometry": {
       "type": "Point",
       "coordinates":  [ 121.5272938,25.0052784 ]
    },
    "properties": {
    "no":413,
    "title":"新北市永和區秀朗社區發展協會",
    "county":"新北市",
    "town":"永和區",
    "address":"成功路1段20-1號(秀朗市民活動中心)",
    "tel":"(02)22553119",
    "mobile":"無"
    }
  },
  {
    "type": "Feature",
    "geometry": {
       "type": "Point",
       "coordinates":  [ 121.5272938,25.0052784 ]
    },
    "properties": {
    "no":414,
    "title":"新北市永和區秀朗社區發展協會",
    "county":"新北市",
    "town":"永和區",
    "address":"成功路一段20-1號(秀朗市民活動中心)",
    "tel":"(02)22553119",
    "mobile":"無"
    }
  },
  {
    "type": "Feature",
    "geometry": {
       "type": "Point",
       "coordinates":  [ 121.5280698,25.0025306 ]
    },
    "properties": {
    "no":415,
    "title":"新北市永和區秀成里辦公處",
    "county":"新北市",
    "town":"永和區",
    "address":"成功路一段93巷20弄10號",
    "tel":"無",
    "mobile":"975655935"
    }
  },
  {
    "type": "Feature",
    "geometry": {
       "type": "Point",
       "coordinates":  [ 121.5265732,24.9981605 ]
    },
    "properties": {
    "no":416,
    "title":"新北市永和區民富里辦公處",
    "county":"新北市",
    "town":"永和區",
    "address":"成功路二段102巷2號",
    "tel":"(02)86687369",
    "mobile":"無"
    }
  },
  {
    "type": "Feature",
    "geometry": {
       "type": "Point",
       "coordinates":  [ 121.5265732,24.9981605 ]
    },
    "properties": {
    "no":417,
    "title":"新北市永和區民富里辦公處",
    "county":"新北市",
    "town":"永和區",
    "address":"成功路二段102巷2號",
    "tel":"(02)86687369",
    "mobile":"無"
    }
  },
  {
    "type": "Feature",
    "geometry": {
       "type": "Point",
       "coordinates":  [ 121.5182907,25.0113459 ]
    },
    "properties": {
    "no":418,
    "title":"新北市永和區永興里辦公處",
    "county":"新北市",
    "town":"永和區",
    "address":"竹林路124巷30號",
    "tel":"(02)29283248",
    "mobile":"無"
    }
  },
  {
    "type": "Feature",
    "geometry": {
       "type": "Point",
       "coordinates":  [ 121.5182907,25.0113459 ]
    },
    "properties": {
    "no":419,
    "title":"新北市永和區永興里辦公處",
    "county":"新北市",
    "town":"永和區",
    "address":"竹林路124巷30號",
    "tel":"(02)29283248",
    "mobile":"無"
    }
  },
  {
    "type": "Feature",
    "geometry": {
       "type": "Point",
       "coordinates":  [ 121.52025,25.0087038 ]
    },
    "properties": {
    "no":420,
    "title":"新北市永和區公所",
    "county":"新北市",
    "town":"永和區",
    "address":"竹林路202號",
    "tel":"(02)29282828",
    "mobile":"無"
    }
  },
  {
    "type": "Feature",
    "geometry": {
       "type": "Point",
       "coordinates":  [ 121.5219577,25.0080645 ]
    },
    "properties": {
    "no":421,
    "title":"新北市永和區福林里辦公處",
    "county":"新北市",
    "town":"永和區",
    "address":"福和路122號1樓",
    "tel":"無",
    "mobile":"974313443"
    }
  },
  {
    "type": "Feature",
    "geometry": {
       "type": "Point",
       "coordinates":  [ 121.52025,25.0087038 ]
    },
    "properties": {
    "no":422,
    "title":"新北市永和區公所",
    "county":"新北市",
    "town":"永和區",
    "address":"竹林路202號",
    "tel":"(02)29282828",
    "mobile":"無"
    }
  },
  {
    "type": "Feature",
    "geometry": {
       "type": "Point",
       "coordinates":  [ 121.5219794,25.012952 ]
    },
    "properties": {
    "no":423,
    "title":"新北市永和區桂林里辦公處",
    "county":"新北市",
    "town":"永和區",
    "address":"竹林路91巷60弄5號",
    "tel":"無",
    "mobile":"909062595"
    }
  },
  {
    "type": "Feature",
    "geometry": {
       "type": "Point",
       "coordinates":  [ 121.5186702,25.0143155 ]
    },
    "properties": {
    "no":424,
    "title":"新北市永和區上林里辦公處",
    "county":"新北市",
    "town":"永和區",
    "address":"竹林路39巷6弄9號(上林市民活動中心)",
    "tel":"(02)89269859",
    "mobile":"無"
    }
  },
  {
    "type": "Feature",
    "geometry": {
       "type": "Point",
       "coordinates":  [ 121.5234878,25.0015878 ]
    },
    "properties": {
    "no":425,
    "title":"台灣基督長老教會秀朗教會",
    "county":"新北市",
    "town":"永和區",
    "address":"秀林里秀朗路2段94號1樓",
    "tel":"(02)29270194",
    "mobile":"無"
    }
  },
  {
    "type": "Feature",
    "geometry": {
       "type": "Point",
       "coordinates":  [ 121.5202024,25.0019133 ]
    },
    "properties": {
    "no":426,
    "title":"新北市永和區得和社區發展協會",
    "county":"新北市",
    "town":"永和區",
    "address":"秀朗路2段24巷35號(得和市民活動中心)",
    "tel":"無",
    "mobile":"918061479"
    }
  },
  {
    "type": "Feature",
    "geometry": {
       "type": "Point",
       "coordinates":  [ 121.5202024,25.0019133 ]
    },
    "properties": {
    "no":427,
    "title":"新北市永和區得和社區發展協會",
    "county":"新北市",
    "town":"永和區",
    "address":"秀朗路2段24巷35號(得和市民活動中心)",
    "tel":"無",
    "mobile":"918061479"
    }
  },
  {
    "type": "Feature",
    "geometry": {
       "type": "Point",
       "coordinates":  [ 121.5153258,25.0167684 ]
    },
    "properties": {
    "no":428,
    "title":"新北市永和區忠孝社區發展協會",
    "county":"新北市",
    "town":"永和區",
    "address":"忠孝街26巷8號6樓(忠孝市民活動中心?)",
    "tel":"無",
    "mobile":"911297818"
    }
  },
  {
    "type": "Feature",
    "geometry": {
       "type": "Point",
       "coordinates":  [ 121.5153258,25.0167684 ]
    },
    "properties": {
    "no":429,
    "title":"新北市永和區忠孝社區發展協會",
    "county":"新北市",
    "town":"永和區",
    "address":"忠孝街26巷8號6樓(忠孝市民活動中心?)",
    "tel":"無",
    "mobile":"911297818"
    }
  },
  {
    "type": "Feature",
    "geometry": {
       "type": "Point",
       "coordinates":  [ 121.5260151,25.0066434 ]
    },
    "properties": {
    "no":430,
    "title":"新北市永和區河濱里辦公處",
    "county":"新北市",
    "town":"永和區",
    "address":"林森路10巷18弄6號(河濱第一市民活動中心)",
    "tel":"(02)29252606",
    "mobile":"無"
    }
  },
  {
    "type": "Feature",
    "geometry": {
       "type": "Point",
       "coordinates":  [ 121.5097436,25.004848 ]
    },
    "properties": {
    "no":431,
    "title":"新北市永和區水源社區發展協會",
    "county":"新北市",
    "town":"永和區",
    "address":"保平路177巷6弄2號(水源市民活動中心)",
    "tel":"(02)89232312",
    "mobile":"無"
    }
  },
  {
    "type": "Feature",
    "geometry": {
       "type": "Point",
       "coordinates":  [ 121.5086737,25.0066293 ]
    },
    "properties": {
    "no":432,
    "title":"新北市永和區和平里辦公處",
    "county":"新北市",
    "town":"永和區",
    "address":"保平路236巷12弄7號",
    "tel":"(02)29272429",
    "mobile":"無"
    }
  },
  {
    "type": "Feature",
    "geometry": {
       "type": "Point",
       "coordinates":  [ 121.5131097,25.0076535 ]
    },
    "properties": {
    "no":433,
    "title":"新北市永和區和平社區發展協會",
    "county":"新北市",
    "town":"永和區",
    "address":"保平路2號",
    "tel":"無",
    "mobile":"928062092"
    }
  },
  {
    "type": "Feature",
    "geometry": {
       "type": "Point",
       "coordinates":  [ 121.5131097,25.0076535 ]
    },
    "properties": {
    "no":434,
    "title":"新北市永和區和平社區發展協會",
    "county":"新北市",
    "town":"永和區",
    "address":"保平路2號",
    "tel":"無",
    "mobile":"928062092"
    }
  },
  {
    "type": "Feature",
    "geometry": {
       "type": "Point",
       "coordinates":  [ 121.5131097,25.0076535 ]
    },
    "properties": {
    "no":435,
    "title":"新北市永和區和平社區發展協會",
    "county":"新北市",
    "town":"永和區",
    "address":"保平路2號",
    "tel":"無",
    "mobile":"928062092"
    }
  },
  {
    "type": "Feature",
    "geometry": {
       "type": "Point",
       "coordinates":  [ 121.516413,25.0142689 ]
    },
    "properties": {
    "no":436,
    "title":"新北市健康關懷協會",
    "county":"新北市",
    "town":"永和區",
    "address":"勵行街15號",
    "tel":"(02)89213056\n",
    "mobile":"無"
    }
  },
  {
    "type": "Feature",
    "geometry": {
       "type": "Point",
       "coordinates":  [ 121.5108026,25.0118064 ]
    },
    "properties": {
    "no":437,
    "title":"中華保福西王母協會",
    "county":"新北市",
    "town":"永和區",
    "address":"保福路二段47號",
    "tel":"(02)29298555",
    "mobile":"無"
    }
  },
  {
    "type": "Feature",
    "geometry": {
       "type": "Point",
       "coordinates":  [ 121.5225646,25.0068993 ]
    },
    "properties": {
    "no":438,
    "title":"新北市永和區永福里辦公處",
    "county":"新北市",
    "town":"永和區",
    "address":"國中路150號1樓(新北市永和區永福里辦公處)",
    "tel":"無",
    "mobile":"952977889"
    }
  },
  {
    "type": "Feature",
    "geometry": {
       "type": "Point",
       "coordinates":  [ 121.5180227,25.0114382 ]
    },
    "properties": {
    "no":439,
    "title":"新北市永和中興公共托老中心",
    "county":"新北市",
    "town":"永和區",
    "address":"國光路116巷2號",
    "tel":"(02)89218765",
    "mobile":"無"
    }
  },
  {
    "type": "Feature",
    "geometry": {
       "type": "Point",
       "coordinates":  [ 121.5179696,24.9995809 ]
    },
    "properties": {
    "no":440,
    "title":"新北市永和區民治里辦公處",
    "county":"新北市",
    "town":"永和區",
    "address":"得和路104巷14號",
    "tel":"無",
    "mobile":"958800711"
    }
  },
  {
    "type": "Feature",
    "geometry": {
       "type": "Point",
       "coordinates":  [ 121.5166319,25.0164684 ]
    },
    "properties": {
    "no":441,
    "title":"新北市永和區光復里辦公處",
    "county":"新北市",
    "town":"永和區",
    "address":"光復街2巷1號(主場地)\n新北市永和區光復街2巷2號(副場地)",
    "tel":"(02)29240210",
    "mobile":"無"
    }
  },
  {
    "type": "Feature",
    "geometry": {
       "type": "Point",
       "coordinates":  [ 121.5166319,25.0164684 ]
    },
    "properties": {
    "no":442,
    "title":"新北市永和區光復里辦公處",
    "county":"新北市",
    "town":"永和區",
    "address":"光復街2巷1號(主場地)\n新北市永和區光復街2巷2號(副場地)",
    "tel":"(02)29240210",
    "mobile":"無"
    }
  },
  {
    "type": "Feature",
    "geometry": {
       "type": "Point",
       "coordinates":  [ 121.5166319,25.0164684 ]
    },
    "properties": {
    "no":443,
    "title":"新北市永和區光復里辦公處",
    "county":"新北市",
    "town":"永和區",
    "address":"光復街2巷1號(主場地)\n新北市永和區光復街2巷2號(副場地)",
    "tel":"(02)29240210",
    "mobile":"無"
    }
  },
  {
    "type": "Feature",
    "geometry": {
       "type": "Point",
       "coordinates":  [ 121.5172859,25.0136055 ]
    },
    "properties": {
    "no":444,
    "title":"新北市永和區中興社區發展協會",
    "county":"新北市",
    "town":"永和區",
    "address":"復興街88號",
    "tel":"(02)29205984",
    "mobile":"無"
    }
  },
  {
    "type": "Feature",
    "geometry": {
       "type": "Point",
       "coordinates":  [ 121.520445,25.0076081 ]
    },
    "properties": {
    "no":445,
    "title":"新北市永和區婦女會",
    "county":"新北市",
    "town":"永和區",
    "address":"福和路157號4樓",
    "tel":"(02)29293725",
    "mobile":"無"
    }
  },
  {
    "type": "Feature",
    "geometry": {
       "type": "Point",
       "coordinates":  [ 121.5171483,25.0103539 ]
    },
    "properties": {
    "no":446,
    "title":"新北市永和區正興里辦公處",
    "county":"新北市",
    "town":"永和區",
    "address":"豫溪街57巷11弄2號",
    "tel":"無",
    "mobile":"983355777"
    }
  },
  {
    "type": "Feature",
    "geometry": {
       "type": "Point",
       "coordinates":  [ 121.4482225,25.0524496 ]
    },
    "properties": {
    "no":447,
    "title":"新北市新莊區公所",
    "county":"新北市",
    "town":"新莊區",
    "address":"中信街74號2樓(黃愚市民活動中心)",
    "tel":"(02)29974293",
    "mobile":"無"
    }
  },
  {
    "type": "Feature",
    "geometry": {
       "type": "Point",
       "coordinates":  [ 121.4482225,25.0524496 ]
    },
    "properties": {
    "no":448,
    "title":"新北市新莊區中港第三社區發展協會",
    "county":"新北市",
    "town":"新莊區",
    "address":"中信街74號2樓(黃愚市民活動中心)",
    "tel":"(02)89932985",
    "mobile":"無"
    }
  },
  {
    "type": "Feature",
    "geometry": {
       "type": "Point",
       "coordinates":  [ 121.4148053,25.0300029 ]
    },
    "properties": {
    "no":449,
    "title":"社團法人國際奔享體驗教育發展協會",
    "county":"新北市",
    "town":"新莊區",
    "address":"天祥街120巷6號",
    "tel":"(02)28210269",
    "mobile":"無"
    }
  },
  {
    "type": "Feature",
    "geometry": {
       "type": "Point",
       "coordinates":  [ 121.4560233,25.0478677 ]
    },
    "properties": {
    "no":450,
    "title":"新北市新莊區公所",
    "county":"新北市",
    "town":"新莊區",
    "address":"自由街1號(聯合市民活動中心)",
    "tel":"(02)29972365",
    "mobile":"無"
    }
  },
  {
    "type": "Feature",
    "geometry": {
       "type": "Point",
       "coordinates":  [ 121.4560233,25.0478677 ]
    },
    "properties": {
    "no":451,
    "title":"新北市新莊區仁愛社區發展協會",
    "county":"新北市",
    "town":"新莊區",
    "address":"自由街1號2樓(聯合市民活動中心)",
    "tel":"(02)29946550",
    "mobile":"無"
    }
  },
  {
    "type": "Feature",
    "geometry": {
       "type": "Point",
       "coordinates":  [ 121.4578672,25.0467898 ]
    },
    "properties": {
    "no":452,
    "title":"財團法人新北市台灣基督長老教會幸福教會(幸福俱樂部)",
    "county":"新北市",
    "town":"新莊區",
    "address":"福樂街78號",
    "tel":"(02)29921041",
    "mobile":"無"
    }
  },
  {
    "type": "Feature",
    "geometry": {
       "type": "Point",
       "coordinates":  [ 121.466256,25.0482559 ]
    },
    "properties": {
    "no":453,
    "title":"新北市新莊區化成社區發展協會",
    "county":"新北市",
    "town":"新莊區",
    "address":"化成路314巷2號(化成市民活動中心)",
    "tel":"(02)29943838",
    "mobile":"無"
    }
  },
  {
    "type": "Feature",
    "geometry": {
       "type": "Point",
       "coordinates":  [ 121.4497333,25.0338165 ]
    },
    "properties": {
    "no":454,
    "title":"新北市新莊區文衡社區發展協會",
    "county":"新北市",
    "town":"新莊區",
    "address":"景德路199號2樓",
    "tel":"(02)22012311",
    "mobile":"無"
    }
  },
  {
    "type": "Feature",
    "geometry": {
       "type": "Point",
       "coordinates":  [ 121.4458834,25.0422328 ]
    },
    "properties": {
    "no":455,
    "title":"新北市新莊區立功里辦公處",
    "county":"新北市",
    "town":"新莊區",
    "address":"泰順街24號",
    "tel":"(02)29922197",
    "mobile":"無"
    }
  },
  {
    "type": "Feature",
    "geometry": {
       "type": "Point",
       "coordinates":  [ 121.4283934,25.0094499 ]
    },
    "properties": {
    "no":456,
    "title":"西盛庄福德宮",
    "county":"新北市",
    "town":"新莊區",
    "address":"民安西路410巷6號",
    "tel":"(02)82019802",
    "mobile":"無"
    }
  },
  {
    "type": "Feature",
    "geometry": {
       "type": "Point",
       "coordinates":  [ 121.447917,25.0332264 ]
    },
    "properties": {
    "no":457,
    "title":"新北市新莊區公所",
    "county":"新北市",
    "town":"新莊區",
    "address":"新莊路527號(全安市民活動中心)",
    "tel":"(02)22071610",
    "mobile":"無"
    }
  },
  {
    "type": "Feature",
    "geometry": {
       "type": "Point",
       "coordinates":  [ 121.4479672,25.0323552 ]
    },
    "properties": {
    "no":458,
    "title":"佛光山擇善寺",
    "county":"新北市",
    "town":"新莊區",
    "address":"新莊路543巷11號3樓",
    "tel":"(02)22070859",
    "mobile":"無"
    }
  },
  {
    "type": "Feature",
    "geometry": {
       "type": "Point",
       "coordinates":  [ 121.4544379,25.0450396 ]
    },
    "properties": {
    "no":459,
    "title":"中華民國樂齡生活規劃協會(中港站)",
    "county":"新北市",
    "town":"新莊區",
    "address":"中港路288巷53號",
    "tel":"(02)85210176",
    "mobile":"無"
    }
  },
  {
    "type": "Feature",
    "geometry": {
       "type": "Point",
       "coordinates":  [ 121.4312436,25.0003262 ]
    },
    "properties": {
    "no":460,
    "title":"社團法人台灣認知功能促進協會",
    "county":"新北市",
    "town":"新莊區",
    "address":"樹新路222號4樓(蒙特梭利中心)",
    "tel":"(02)27167685",
    "mobile":"無"
    }
  },
  {
    "type": "Feature",
    "geometry": {
       "type": "Point",
       "coordinates":  [ 121.4312501,25.0005347 ]
    },
    "properties": {
    "no":461,
    "title":"新北市新莊新豐公共托老中心",
    "county":"新北市",
    "town":"新莊區",
    "address":"樹新路226號4樓",
    "tel":"(02)22075800",
    "mobile":"無"
    }
  },
  {
    "type": "Feature",
    "geometry": {
       "type": "Point",
       "coordinates":  [ 121.4336092,25.0202479 ]
    },
    "properties": {
    "no":462,
    "title":"新北市新莊新樹公共托老中心",
    "county":"新北市",
    "town":"新莊區",
    "address":"新樹路222號",
    "tel":"(02)82013888",
    "mobile":"無"
    }
  },
  {
    "type": "Feature",
    "geometry": {
       "type": "Point",
       "coordinates":  [ 121.4453942,25.0372131 ]
    },
    "properties": {
    "no":463,
    "title":"新北市新莊區公所",
    "county":"新北市",
    "town":"新莊區",
    "address":"建中街116巷3弄2號(新泰市民活動中心)",
    "tel":"(02)29924125",
    "mobile":"無"
    }
  },
  {
    "type": "Feature",
    "geometry": {
       "type": "Point",
       "coordinates":  [ 121.4569777,25.0583896 ]
    },
    "properties": {
    "no":464,
    "title":"財團法人新北市私立雙連社會福利慈善事業基金會(新北市新莊昌平公共托老中心)",
    "county":"新北市",
    "town":"新莊區",
    "address":"中央路51號2-3樓",
    "tel":"(02)85217872",
    "mobile":"無"
    }
  },
  {
    "type": "Feature",
    "geometry": {
       "type": "Point",
       "coordinates":  [ 121.4576677,25.0521379 ]
    },
    "properties": {
    "no":465,
    "title":"新北市新莊區公所",
    "county":"新北市",
    "town":"新莊區",
    "address":"昌明街1號(褔壽市民活動中心)",
    "tel":"(02)29940609",
    "mobile":"無"
    }
  },
  {
    "type": "Feature",
    "geometry": {
       "type": "Point",
       "coordinates":  [ 121.4218229,25.0212417 ]
    },
    "properties": {
    "no":466,
    "title":"新北市新莊區公所",
    "county":"新北市",
    "town":"新莊區",
    "address":"四維路186巷2號(四維市民活動中心)",
    "tel":"(02)22033453",
    "mobile":"無"
    }
  },
  {
    "type": "Feature",
    "geometry": {
       "type": "Point",
       "coordinates":  [ 121.4218229,25.0212417 ]
    },
    "properties": {
    "no":467,
    "title":"新北市新莊區後港社區發展協會",
    "county":"新北市",
    "town":"新莊區",
    "address":"四維路186巷2號(四維市民活動中心)",
    "tel":"(02)22032246",
    "mobile":"無"
    }
  },
  {
    "type": "Feature",
    "geometry": {
       "type": "Point",
       "coordinates":  [ 121.4283037,25.0256729 ]
    },
    "properties": {
    "no":468,
    "title":"新北市新莊區公所",
    "county":"新北市",
    "town":"新莊區",
    "address":"建安街26巷4號(後港市民活動中心)",
    "tel":"(02)22057114",
    "mobile":"無"
    }
  },
  {
    "type": "Feature",
    "geometry": {
       "type": "Point",
       "coordinates":  [ 121.4218229,25.0212417 ]
    },
    "properties": {
    "no":469,
    "title":"新北市新莊區後港社區發展協會",
    "county":"新北市",
    "town":"新莊區",
    "address":"四維路186巷2號(四維市民活動中心)",
    "tel":"(02)22032246",
    "mobile":"無"
    }
  },
  {
    "type": "Feature",
    "geometry": {
       "type": "Point",
       "coordinates":  [ 121.4240119,25.0260716 ]
    },
    "properties": {
    "no":470,
    "title":"新北市新莊區後港社區發展協會(長青站)",
    "county":"新北市",
    "town":"新莊區",
    "address":"後港一路19號B1(新莊區老人文康活動中心)",
    "tel":"(02)22038195",
    "mobile":"無"
    }
  },
  {
    "type": "Feature",
    "geometry": {
       "type": "Point",
       "coordinates":  [ 121.4565563,25.0422521 ]
    },
    "properties": {
    "no":471,
    "title":"財團法人新北市私立雙連社會福利慈善事業基金會(頭前站)",
    "county":"新北市",
    "town":"新莊區",
    "address":"長青街30號",
    "tel":"(02)29986838",
    "mobile":"無"
    }
  },
  {
    "type": "Feature",
    "geometry": {
       "type": "Point",
       "coordinates":  [ 121.443064,25.0324354 ]
    },
    "properties": {
    "no":472,
    "title":"新北市新莊區海山社區發展協會",
    "county":"新北市",
    "town":"新莊區",
    "address":"瓊泰路211號(海山市民活動中心)",
    "tel":"(02)22014180",
    "mobile":"無"
    }
  },
  {
    "type": "Feature",
    "geometry": {
       "type": "Point",
       "coordinates":  [ 121.443064,25.0324354 ]
    },
    "properties": {
    "no":473,
    "title":"新北市熱心慈善關懷協會",
    "county":"新北市",
    "town":"新莊區",
    "address":"瓊泰路211號2樓(海山市民活動中心)",
    "tel":"(02)22058580",
    "mobile":"無"
    }
  },
  {
    "type": "Feature",
    "geometry": {
       "type": "Point",
       "coordinates":  [ 121.4431136,25.0303713 ]
    },
    "properties": {
    "no":474,
    "title":"豐年國小",
    "county":"新北市",
    "town":"新莊區",
    "address":"瓊泰路119號(豐年國小)",
    "tel":"(02)22017102",
    "mobile":"無"
    }
  },
  {
    "type": "Feature",
    "geometry": {
       "type": "Point",
       "coordinates":  [ 121.4177933,25.0220139 ]
    },
    "properties": {
    "no":475,
    "title":"新北市新莊區裕民里辦公處",
    "county":"新北市",
    "town":"新莊區",
    "address":"裕民街136號6樓(裕民行政大樓禮堂)",
    "tel":"(02)29030852",
    "mobile":"無"
    }
  },
  {
    "type": "Feature",
    "geometry": {
       "type": "Point",
       "coordinates":  [ 121.4659499,25.057656 ]
    },
    "properties": {
    "no":476,
    "title":"新北市新莊區頭前社區發展協會",
    "county":"新北市",
    "town":"新莊區",
    "address":"化成路746巷2號(福前市民活動中心)",
    "tel":"無",
    "mobile":"918008903"
    }
  },
  {
    "type": "Feature",
    "geometry": {
       "type": "Point",
       "coordinates":  [ 121.4166484,25.0250381 ]
    },
    "properties": {
    "no":477,
    "title":"社團法人中華培愛全人關懷協會",
    "county":"新北市",
    "town":"新莊區",
    "address":"中正路708-6號3、4樓",
    "tel":"(02)29031191",
    "mobile":"無"
    }
  },
  {
    "type": "Feature",
    "geometry": {
       "type": "Point",
       "coordinates":  [ 121.4113128,25.0251739 ]
    },
    "properties": {
    "no":478,
    "title":"新北市新莊區牡丹心社區發展協會",
    "county":"新北市",
    "town":"新莊區",
    "address":"新北大道7段718巷45號(丹鳳活動中心)",
    "tel":"(02)29045533",
    "mobile":"無"
    }
  },
  {
    "type": "Feature",
    "geometry": {
       "type": "Point",
       "coordinates":  [ 121.456505,25.0363924 ]
    },
    "properties": {
    "no":479,
    "title":"新北市新莊區文明社區發展協會",
    "county":"新北市",
    "town":"新莊區",
    "address":"新莊路92號",
    "tel":"(02)22772968",
    "mobile":"無"
    }
  },
  {
    "type": "Feature",
    "geometry": {
       "type": "Point",
       "coordinates":  [ 121.451335,25.0381395 ]
    },
    "properties": {
    "no":480,
    "title":"新北市新莊區興漢社區發展協會",
    "county":"新北市",
    "town":"新莊區",
    "address":"32鄰新興街76巷19號1、2樓(興漢長壽俱樂部)",
    "tel":"(02)29933778",
    "mobile":"無"
    }
  },
  {
    "type": "Feature",
    "geometry": {
       "type": "Point",
       "coordinates":  [ 121.451335,25.0381395 ]
    },
    "properties": {
    "no":481,
    "title":"新北市新莊區興漢社區發展協會",
    "county":"新北市",
    "town":"新莊區",
    "address":"32鄰新興街76巷19號1、2樓(興漢長壽俱樂部)",
    "tel":"(02)29933778",
    "mobile":"無"
    }
  },
  {
    "type": "Feature",
    "geometry": {
       "type": "Point",
       "coordinates":  [ 121.443064,25.0324354 ]
    },
    "properties": {
    "no":482,
    "title":"新北市熱心慈善關懷協會",
    "county":"新北市",
    "town":"新莊區",
    "address":"瓊泰路211號2樓(海山市民活動中心)",
    "tel":"(02)22058580",
    "mobile":"無"
    }
  },
  {
    "type": "Feature",
    "geometry": {
       "type": "Point",
       "coordinates":  [ 121.4282516,25.0097892 ]
    },
    "properties": {
    "no":483,
    "title":"新北市新莊區新光社區發展協會",
    "county":"新北市",
    "town":"新莊區",
    "address":"民安西路410巷8弄2號(西盛庄各里活動中心)",
    "tel":"(02)22034597",
    "mobile":"無"
    }
  },
  {
    "type": "Feature",
    "geometry": {
       "type": "Point",
       "coordinates":  [ 121.4428329,25.050209 ]
    },
    "properties": {
    "no":484,
    "title":"新北市光塩愛心關懷協會",
    "county":"新北市",
    "town":"新莊區",
    "address":"立信三街25之3號",
    "tel":"(02)29982723",
    "mobile":"無"
    }
  },
  {
    "type": "Feature",
    "geometry": {
       "type": "Point",
       "coordinates":  [ 121.4218229,25.0212417 ]
    },
    "properties": {
    "no":485,
    "title":"新北市新莊區後港社區發展協會",
    "county":"新北市",
    "town":"新莊區",
    "address":"四維路186巷2號(四維市民活動中心)",
    "tel":"(02)22032246",
    "mobile":"無"
    }
  },
  {
    "type": "Feature",
    "geometry": {
       "type": "Point",
       "coordinates":  [ 121.426689,25.020519 ]
    },
    "properties": {
    "no":486,
    "title":"新北市全能銀色樂活關懷協會",
    "county":"新北市",
    "town":"新莊區",
    "address":"民安西路38巷19號",
    "tel":"(02)22028475",
    "mobile":"無"
    }
  },
  {
    "type": "Feature",
    "geometry": {
       "type": "Point",
       "coordinates":  [ 121.426689,25.020519 ]
    },
    "properties": {
    "no":487,
    "title":"新北市全能銀色樂活關懷協會",
    "county":"新北市",
    "town":"新莊區",
    "address":"民安西路38巷19號",
    "tel":"(02)22028475",
    "mobile":"無"
    }
  },
  {
    "type": "Feature",
    "geometry": {
       "type": "Point",
       "coordinates":  [ 121.426689,25.020519 ]
    },
    "properties": {
    "no":488,
    "title":"新北市全能銀色樂活關懷協會",
    "county":"新北市",
    "town":"新莊區",
    "address":"民安西路38巷19號",
    "tel":"(02)22028475",
    "mobile":"無"
    }
  },
  {
    "type": "Feature",
    "geometry": {
       "type": "Point",
       "coordinates":  [ 121.426689,25.020519 ]
    },
    "properties": {
    "no":489,
    "title":"新北市全能銀色樂活關懷協會",
    "county":"新北市",
    "town":"新莊區",
    "address":"民安西路38巷19號",
    "tel":"(02)22028475",
    "mobile":"無"
    }
  },
  {
    "type": "Feature",
    "geometry": {
       "type": "Point",
       "coordinates":  [ 121.4550892,25.0418021 ]
    },
    "properties": {
    "no":490,
    "title":"新北市新莊區中港第一社區發展協會",
    "county":"新北市",
    "town":"新莊區",
    "address":"中港路172號(中港第一市民活動中心)",
    "tel":"無",
    "mobile":"935543821"
    }
  },
  {
    "type": "Feature",
    "geometry": {
       "type": "Point",
       "coordinates":  [ 121.4439193,25.0454013 ]
    },
    "properties": {
    "no":491,
    "title":"財團法人台北市基督教台灣貴格會(更新教會)",
    "county":"新北市",
    "town":"新莊區",
    "address":"中平路81巷16號",
    "tel":"無",
    "mobile":"989124252"
    }
  },
  {
    "type": "Feature",
    "geometry": {
       "type": "Point",
       "coordinates":  [ 121.4420279,25.044992 ]
    },
    "properties": {
    "no":492,
    "title":"新北市新莊區立言里辦公處",
    "county":"新北市",
    "town":"新莊區",
    "address":"中環路2段392號之1(中環市民活動中心)",
    "tel":"無",
    "mobile":"933870927"
    }
  },
  {
    "type": "Feature",
    "geometry": {
       "type": "Point",
       "coordinates":  [ 121.4420279,25.044992 ]
    },
    "properties": {
    "no":493,
    "title":"新北市新莊區立泰里辦公處",
    "county":"新北市",
    "town":"新莊區",
    "address":"中環路2段392號之1(中環市民活動中心)",
    "tel":"(02)29963958",
    "mobile":"無"
    }
  },
  {
    "type": "Feature",
    "geometry": {
       "type": "Point",
       "coordinates":  [ 121.4420279,25.044992 ]
    },
    "properties": {
    "no":494,
    "title":"社團法人新北市全民終身教育發展協會",
    "county":"新北市",
    "town":"新莊區",
    "address":"中環路2段392號之1(中環市民活動中心)",
    "tel":"(02)89943725",
    "mobile":"無"
    }
  },
  {
    "type": "Feature",
    "geometry": {
       "type": "Point",
       "coordinates":  [ 121.4550892,25.0418021 ]
    },
    "properties": {
    "no":495,
    "title":"新北市新莊區中港第一社區發展協會",
    "county":"新北市",
    "town":"新莊區",
    "address":"中港路172號(中港第一市民活動中心)",
    "tel":"無",
    "mobile":"935543821"
    }
  },
  {
    "type": "Feature",
    "geometry": {
       "type": "Point",
       "coordinates":  [ 121.4282516,25.0097892 ]
    },
    "properties": {
    "no":496,
    "title":"新北市新莊區新光社區發展協會",
    "county":"新北市",
    "town":"新莊區",
    "address":"民安西路410巷8弄2號(西盛庄各里活動中心)",
    "tel":"(02)22034597",
    "mobile":"無"
    }
  },
  {
    "type": "Feature",
    "geometry": {
       "type": "Point",
       "coordinates":  [ 121.4282516,25.0097892 ]
    },
    "properties": {
    "no":497,
    "title":"新北市新莊區新光社區發展協會",
    "county":"新北市",
    "town":"新莊區",
    "address":"民安西路410巷8弄2號(西盛庄各里活動中心)",
    "tel":"(02)22034597",
    "mobile":"無"
    }
  },
  {
    "type": "Feature",
    "geometry": {
       "type": "Point",
       "coordinates":  [ 121.4282516,25.0097892 ]
    },
    "properties": {
    "no":498,
    "title":"新北市新莊區新光社區發展協會",
    "county":"新北市",
    "town":"新莊區",
    "address":"民安西路410巷8弄2號(西盛庄各里活動中心)",
    "tel":"(02)22034597",
    "mobile":"無"
    }
  },
  {
    "type": "Feature",
    "geometry": {
       "type": "Point",
       "coordinates":  [ 121.4113128,25.0251739 ]
    },
    "properties": {
    "no":499,
    "title":"新北市新莊區牡丹心社區發展協會",
    "county":"新北市",
    "town":"新莊區",
    "address":"新北大道7段718巷45號(丹鳳活動中心)",
    "tel":"(02)29045533",
    "mobile":"無"
    }
  },
  {
    "type": "Feature",
    "geometry": {
       "type": "Point",
       "coordinates":  [ 121.4243492,25.0208967 ]
    },
    "properties": {
    "no":500,
    "title":"財團法人新北市新莊基督教後港主恩教會",
    "county":"新北市",
    "town":"新莊區",
    "address":"八德街113巷3號、5號",
    "tel":"(02)22027325",
    "mobile":"無"
    }
  },
  {
    "type": "Feature",
    "geometry": {
       "type": "Point",
       "coordinates":  [ 121.4578672,25.0467898 ]
    },
    "properties": {
    "no":501,
    "title":"財團法人新北市台灣基督長老教會幸福教會",
    "county":"新北市",
    "town":"新莊區",
    "address":"福樂街78號",
    "tel":"(02)89927648",
    "mobile":"無"
    }
  },
  {
    "type": "Feature",
    "geometry": {
       "type": "Point",
       "coordinates":  [ 121.4560233,25.0478677 ]
    },
    "properties": {
    "no":502,
    "title":"新北市新莊區仁愛社區發展協會",
    "county":"新北市",
    "town":"新莊區",
    "address":"自由街1號2樓(聯合市民活動中心)",
    "tel":"(02)29946550",
    "mobile":"無"
    }
  },
  {
    "type": "Feature",
    "geometry": {
       "type": "Point",
       "coordinates":  [ 121.4578672,25.0467898 ]
    },
    "properties": {
    "no":503,
    "title":"財團法人新北市台灣基督長老教會幸福教會",
    "county":"新北市",
    "town":"新莊區",
    "address":"福樂街78號",
    "tel":"(02)89927648",
    "mobile":"無"
    }
  },
  {
    "type": "Feature",
    "geometry": {
       "type": "Point",
       "coordinates":  [ 121.4578672,25.0467898 ]
    },
    "properties": {
    "no":504,
    "title":"財團法人新北市台灣基督長老教會幸福教會",
    "county":"新北市",
    "town":"新莊區",
    "address":"福樂街78號",
    "tel":"(02)89927648",
    "mobile":"無"
    }
  },
  {
    "type": "Feature",
    "geometry": {
       "type": "Point",
       "coordinates":  [ 121.4218229,25.0212417 ]
    },
    "properties": {
    "no":505,
    "title":"新北市新莊區後港社區發展協會",
    "county":"新北市",
    "town":"新莊區",
    "address":"四維路186巷2號(四維市民活動中心)",
    "tel":"(02)22032246",
    "mobile":"無"
    }
  },
  {
    "type": "Feature",
    "geometry": {
       "type": "Point",
       "coordinates":  [ 121.4428329,25.050209 ]
    },
    "properties": {
    "no":506,
    "title":"新北市光塩愛心關懷協會",
    "county":"新北市",
    "town":"新莊區",
    "address":"立信三街25之3號",
    "tel":"(02)29982723",
    "mobile":"無"
    }
  },
  {
    "type": "Feature",
    "geometry": {
       "type": "Point",
       "coordinates":  [ 121.4509546,25.0474429 ]
    },
    "properties": {
    "no":507,
    "title":"新北市新莊區敬老關愛長青協會",
    "county":"新北市",
    "town":"新莊區",
    "address":"中泰街24巷11號",
    "tel":"(02)29910792",
    "mobile":"無"
    }
  },
  {
    "type": "Feature",
    "geometry": {
       "type": "Point",
       "coordinates":  [ 121.4509546,25.0474429 ]
    },
    "properties": {
    "no":508,
    "title":"新北市新莊區敬老關愛長青協會",
    "county":"新北市",
    "town":"新莊區",
    "address":"中泰街24巷11號",
    "tel":"(02)29910792",
    "mobile":"無"
    }
  },
  {
    "type": "Feature",
    "geometry": {
       "type": "Point",
       "coordinates":  [ 121.4560233,25.0478677 ]
    },
    "properties": {
    "no":509,
    "title":"新北市新莊區中和里辦公處",
    "county":"新北市",
    "town":"新莊區",
    "address":"自由街1號2樓(聯合市民活動中心)",
    "tel":"無",
    "mobile":"917506868"
    }
  },
  {
    "type": "Feature",
    "geometry": {
       "type": "Point",
       "coordinates":  [ 121.4550892,25.0418021 ]
    },
    "properties": {
    "no":510,
    "title":"新北市新莊區中港第一社區發展協會",
    "county":"新北市",
    "town":"新莊區",
    "address":"中港路172號(中港第一市民活動中心)",
    "tel":"無",
    "mobile":"935543821"
    }
  },
  {
    "type": "Feature",
    "geometry": {
       "type": "Point",
       "coordinates":  [ 121.4521635,25.0454633 ]
    },
    "properties": {
    "no":511,
    "title":"台灣基督長老教會中港教會",
    "county":"新北市",
    "town":"新莊區",
    "address":"中港路341號",
    "tel":"(02)29936271",
    "mobile":"無"
    }
  },
  {
    "type": "Feature",
    "geometry": {
       "type": "Point",
       "coordinates":  [ 121.4482225,25.0524496 ]
    },
    "properties": {
    "no":512,
    "title":"新北市新莊區中港第三社區發展協會",
    "county":"新北市",
    "town":"新莊區",
    "address":"中信街74號2樓(黃愚市民活動中心)",
    "tel":"(02)89932985",
    "mobile":"無"
    }
  },
  {
    "type": "Feature",
    "geometry": {
       "type": "Point",
       "coordinates":  [ 121.4528806,25.0453511 ]
    },
    "properties": {
    "no":513,
    "title":"中國青年救國團(新莊站)",
    "county":"新北市",
    "town":"新莊區",
    "address":"中安街3號6樓",
    "tel":"(02)29924915",
    "mobile":"無"
    }
  },
  {
    "type": "Feature",
    "geometry": {
       "type": "Point",
       "coordinates":  [ 121.4529432,25.0471726 ]
    },
    "properties": {
    "no":514,
    "title":"社團法人新北市新莊區愛鄰社區服務協會(佳音站)",
    "county":"新北市",
    "town":"新莊區",
    "address":"中華路2段65號2樓",
    "tel":"(02)29925314",
    "mobile":"無"
    }
  },
  {
    "type": "Feature",
    "geometry": {
       "type": "Point",
       "coordinates":  [ 121.4482225,25.0524496 ]
    },
    "properties": {
    "no":515,
    "title":"新北市新莊區中港第三社區發展協會",
    "county":"新北市",
    "town":"新莊區",
    "address":"中信街74號2樓(黃愚市民活動中心)",
    "tel":"(02)89932985",
    "mobile":"無"
    }
  },
  {
    "type": "Feature",
    "geometry": {
       "type": "Point",
       "coordinates":  [ 121.4528806,25.0453511 ]
    },
    "properties": {
    "no":516,
    "title":"中國青年救國團(新莊站)",
    "county":"新北市",
    "town":"新莊區",
    "address":"中安街3號6樓",
    "tel":"(02)29924915",
    "mobile":"無"
    }
  },
  {
    "type": "Feature",
    "geometry": {
       "type": "Point",
       "coordinates":  [ 121.4578314,25.0522886 ]
    },
    "properties": {
    "no":517,
    "title":"新北市新莊區幸福社區發展協會",
    "county":"新北市",
    "town":"新莊區",
    "address":"昌明街1號B1(福壽市民活動中心)",
    "tel":"(02)22771768",
    "mobile":"無"
    }
  },
  {
    "type": "Feature",
    "geometry": {
       "type": "Point",
       "coordinates":  [ 121.4578314,25.0522886 ]
    },
    "properties": {
    "no":518,
    "title":"新北市新莊區幸福社區發展協會",
    "county":"新北市",
    "town":"新莊區",
    "address":"昌明街1號B1(福壽市民活動中心)",
    "tel":"(02)22771768",
    "mobile":"無"
    }
  },
  {
    "type": "Feature",
    "geometry": {
       "type": "Point",
       "coordinates":  [ 121.4578314,25.0522886 ]
    },
    "properties": {
    "no":519,
    "title":"新北市新莊區幸福社區發展協會",
    "county":"新北市",
    "town":"新莊區",
    "address":"昌明街1號B1(福壽市民活動中心)",
    "tel":"(02)22771768",
    "mobile":"無"
    }
  },
  {
    "type": "Feature",
    "geometry": {
       "type": "Point",
       "coordinates":  [ 121.4240119,25.0260716 ]
    },
    "properties": {
    "no":520,
    "title":"新北市新莊區後港社區發展協會(長青站)",
    "county":"新北市",
    "town":"新莊區",
    "address":"後港一路19號B1(新莊區老人文康活動中心)",
    "tel":"(02)22038195",
    "mobile":"無"
    }
  },
  {
    "type": "Feature",
    "geometry": {
       "type": "Point",
       "coordinates":  [ 121.4576969,25.0424421 ]
    },
    "properties": {
    "no":521,
    "title":"新北市新莊悅心公共托老中心",
    "county":"新北市",
    "town":"新莊區",
    "address":"長青街6號",
    "tel":"(02)22761136",
    "mobile":"無"
    }
  },
  {
    "type": "Feature",
    "geometry": {
       "type": "Point",
       "coordinates":  [ 121.4550892,25.0418021 ]
    },
    "properties": {
    "no":522,
    "title":"新北市新莊區中港第一社區發展協會",
    "county":"新北市",
    "town":"新莊區",
    "address":"中港路172號(中港第一市民活動中心)",
    "tel":"無",
    "mobile":"935543821"
    }
  },
  {
    "type": "Feature",
    "geometry": {
       "type": "Point",
       "coordinates":  [ 121.4479672,25.0323552 ]
    },
    "properties": {
    "no":523,
    "title":"佛光山擇善寺",
    "county":"新北市",
    "town":"新莊區",
    "address":"新莊路543巷11號3樓",
    "tel":"(02)22070859",
    "mobile":"無"
    }
  },
  {
    "type": "Feature",
    "geometry": {
       "type": "Point",
       "coordinates":  [ 121.4113128,25.0251739 ]
    },
    "properties": {
    "no":524,
    "title":"新北市新莊區牡丹心社區發展協會",
    "county":"新北市",
    "town":"新莊區",
    "address":"新北大道7段718巷45號(丹鳳活動中心)",
    "tel":"(02)29045533",
    "mobile":"無"
    }
  },
  {
    "type": "Feature",
    "geometry": {
       "type": "Point",
       "coordinates":  [ 121.4240119,25.0260716 ]
    },
    "properties": {
    "no":525,
    "title":"新北市新莊區後港社區發展協會(長青站)",
    "county":"新北市",
    "town":"新莊區",
    "address":"後港一路19號B1(新莊區老人文康活動中心)",
    "tel":"(02)22038195",
    "mobile":"無"
    }
  },
  {
    "type": "Feature",
    "geometry": {
       "type": "Point",
       "coordinates":  [ 121.4240119,25.0260716 ]
    },
    "properties": {
    "no":526,
    "title":"新北市新莊區後港社區發展協會(長青站)",
    "county":"新北市",
    "town":"新莊區",
    "address":"後港一路19號B1(新莊區老人文康活動中心)",
    "tel":"(02)22038195",
    "mobile":"無"
    }
  },
  {
    "type": "Feature",
    "geometry": {
       "type": "Point",
       "coordinates":  [ 121.4213552,25.0252371 ]
    },
    "properties": {
    "no":527,
    "title":"社團法人新北市新莊區愛鄰社區服務協會",
    "county":"新北市",
    "town":"新莊區",
    "address":"富國路100號、102號9樓",
    "tel":"(02)22082407",
    "mobile":"無"
    }
  },
  {
    "type": "Feature",
    "geometry": {
       "type": "Point",
       "coordinates":  [ 121.451335,25.0381395 ]
    },
    "properties": {
    "no":528,
    "title":"新北市新莊區興漢社區發展協會",
    "county":"新北市",
    "town":"新莊區",
    "address":"32鄰新興街76巷19號1、2樓(興漢長壽俱樂部)",
    "tel":"(02)29933778",
    "mobile":"無"
    }
  },
  {
    "type": "Feature",
    "geometry": {
       "type": "Point",
       "coordinates":  [ 121.4589123,25.0643236 ]
    },
    "properties": {
    "no":529,
    "title":"新北市新莊區福興里辦公處",
    "county":"新北市",
    "town":"新莊區",
    "address":"五工路68巷2號2樓(興化市民活動中心)",
    "tel":"無",
    "mobile":"932134720"
    }
  },
  {
    "type": "Feature",
    "geometry": {
       "type": "Point",
       "coordinates":  [ 121.4429941,25.0293188 ]
    },
    "properties": {
    "no":530,
    "title":"新北市熱心慈善關懷協會(瓊林站)",
    "county":"新北市",
    "town":"新莊區",
    "address":"瓊泰路85號2樓(綜合教室1)(瓊泰市民活動中心)",
    "tel":"(02)22058580",
    "mobile":"無"
    }
  },
  {
    "type": "Feature",
    "geometry": {
       "type": "Point",
       "coordinates":  [ 121.4500908,25.0364525 ]
    },
    "properties": {
    "no":531,
    "title":"財團法人新北市新莊區中華基督教新莊浸信會",
    "county":"新北市",
    "town":"新莊區",
    "address":"建興街4號",
    "tel":"(02)29931485",
    "mobile":"無"
    }
  },
  {
    "type": "Feature",
    "geometry": {
       "type": "Point",
       "coordinates":  [ 121.466256,25.0482559 ]
    },
    "properties": {
    "no":532,
    "title":"新北市新莊區化成社區發展協會",
    "county":"新北市",
    "town":"新莊區",
    "address":"化成路314巷2號(化成市民活動中心)",
    "tel":"(02)29943838",
    "mobile":"無"
    }
  },
  {
    "type": "Feature",
    "geometry": {
       "type": "Point",
       "coordinates":  [ 121.4113303,25.019761 ]
    },
    "properties": {
    "no":533,
    "title":"財團法人新北市私立雙連社會福利慈善事業基金會(新莊三和站)",
    "county":"新北市",
    "town":"新莊區",
    "address":"中正路929巷26號",
    "tel":"(02)29014783",
    "mobile":"無"
    }
  },
  {
    "type": "Feature",
    "geometry": {
       "type": "Point",
       "coordinates":  [ 121.4113303,25.019761 ]
    },
    "properties": {
    "no":534,
    "title":"財團法人新北市私立雙連社會福利慈善事業基金會(新莊三和站)",
    "county":"新北市",
    "town":"新莊區",
    "address":"中正路929巷26號",
    "tel":"(02)29014783",
    "mobile":"無"
    }
  },
  {
    "type": "Feature",
    "geometry": {
       "type": "Point",
       "coordinates":  [ 121.4113303,25.019761 ]
    },
    "properties": {
    "no":535,
    "title":"財團法人新北市私立雙連社會福利慈善事業基金會(新莊三和站)",
    "county":"新北市",
    "town":"新莊區",
    "address":"中正路929巷26號",
    "tel":"(02)29014783",
    "mobile":"無"
    }
  },
  {
    "type": "Feature",
    "geometry": {
       "type": "Point",
       "coordinates":  [ 121.443064,25.0324354 ]
    },
    "properties": {
    "no":536,
    "title":"新北市熱心慈善關懷協會",
    "county":"新北市",
    "town":"新莊區",
    "address":"瓊泰路211號2樓(海山市民活動中心)",
    "tel":"(02)22058580",
    "mobile":"無"
    }
  },
  {
    "type": "Feature",
    "geometry": {
       "type": "Point",
       "coordinates":  [ 121.4429941,25.0293188 ]
    },
    "properties": {
    "no":537,
    "title":"新北市熱心慈善關懷協會(瓊林站)",
    "county":"新北市",
    "town":"新莊區",
    "address":"瓊泰路85號2樓(綜合教室1)(瓊泰市民活動中心)",
    "tel":"(02)22058580",
    "mobile":"無"
    }
  },
  {
    "type": "Feature",
    "geometry": {
       "type": "Point",
       "coordinates":  [ 121.4429941,25.0293188 ]
    },
    "properties": {
    "no":538,
    "title":"新北市熱心慈善關懷協會(瓊林站)",
    "county":"新北市",
    "town":"新莊區",
    "address":"瓊泰路85號2樓(綜合教室1)(瓊泰市民活動中心)",
    "tel":"(02)22058580",
    "mobile":"無"
    }
  },
  {
    "type": "Feature",
    "geometry": {
       "type": "Point",
       "coordinates":  [ 121.5408263,24.9640538 ]
    },
    "properties": {
    "no":539,
    "title":"中華基督教新店浸信會",
    "county":"新北市",
    "town":"新店區",
    "address":"光明街286巷13號",
    "tel":"(02)29116250",
    "mobile":"無"
    }
  },
  {
    "type": "Feature",
    "geometry": {
       "type": "Point",
       "coordinates":  [ 121.503792,24.9538103 ]
    },
    "properties": {
    "no":540,
    "title":"天主教耕莘醫療財團法人耕莘醫院-安康院區",
    "county":"新北市",
    "town":"新店區",
    "address":"車子路15號",
    "tel":"(02)22123066",
    "mobile":"無"
    }
  },
  {
    "type": "Feature",
    "geometry": {
       "type": "Point",
       "coordinates":  [ 121.53356,24.9732069 ]
    },
    "properties": {
    "no":541,
    "title":"社團法人中華民國香柏樹長者社區關懷協會(大坪林據點)",
    "county":"新北市",
    "town":"新店區",
    "address":"三民路151號1、2樓",
    "tel":"(02)29111129",
    "mobile":"無"
    }
  },
  {
    "type": "Feature",
    "geometry": {
       "type": "Point",
       "coordinates":  [ 121.4686578,25.0023903 ]
    },
    "properties": {
    "no":542,
    "title":"社團法人中華麥田關懷協會",
    "county":"新北市",
    "town":"新店區",
    "address":"民德路34號",
    "tel":"(02)29133936",
    "mobile":"無"
    }
  },
  {
    "type": "Feature",
    "geometry": {
       "type": "Point",
       "coordinates":  [ 121.4686578,25.0023903 ]
    },
    "properties": {
    "no":543,
    "title":"社團法人中華麥田關懷協會",
    "county":"新北市",
    "town":"新店區",
    "address":"民德路34號",
    "tel":"(02)29133936",
    "mobile":"無"
    }
  },
  {
    "type": "Feature",
    "geometry": {
       "type": "Point",
       "coordinates":  [ 121.4686578,25.0023903 ]
    },
    "properties": {
    "no":544,
    "title":"社團法人中華麥田關懷協會",
    "county":"新北市",
    "town":"新店區",
    "address":"民德路34號",
    "tel":"(02)29133936",
    "mobile":"無"
    }
  },
  {
    "type": "Feature",
    "geometry": {
       "type": "Point",
       "coordinates":  [ 121.4686578,25.0023903 ]
    },
    "properties": {
    "no":545,
    "title":"社團法人中華麥田關懷協會",
    "county":"新北市",
    "town":"新店區",
    "address":"民德路34號",
    "tel":"(02)29133936",
    "mobile":"無"
    }
  },
  {
    "type": "Feature",
    "geometry": {
       "type": "Point",
       "coordinates":  [ 121.5410092,24.9654111 ]
    },
    "properties": {
    "no":546,
    "title":"社團法人活水泉關懷協會",
    "county":"新北市",
    "town":"新店區",
    "address":"北新路一段10號地下一樓",
    "tel":"(02)29133911",
    "mobile":"無"
    }
  },
  {
    "type": "Feature",
    "geometry": {
       "type": "Point",
       "coordinates":  [ 121.5256298,24.9621204 ]
    },
    "properties": {
    "no":547,
    "title":"社團法人新北市新店區喜樂心靈關懷協會",
    "county":"新北市",
    "town":"新店區",
    "address":"安康路一段207巷8-1號",
    "tel":"(02)86662541",
    "mobile":"無"
    }
  },
  {
    "type": "Feature",
    "geometry": {
       "type": "Point",
       "coordinates":  [ 121.5091547,24.9596224 ]
    },
    "properties": {
    "no":548,
    "title":"財團法人新北市中華基督教長老會國語禮拜堂",
    "county":"新北市",
    "town":"新店區",
    "address":"安康路二段234巷1號",
    "tel":"(02)29118102",
    "mobile":"無"
    }
  },
  {
    "type": "Feature",
    "geometry": {
       "type": "Point",
       "coordinates":  [ 121.53356,24.9732069 ]
    },
    "properties": {
    "no":549,
    "title":"財團法人新北市私立新希望基金會",
    "county":"新北市",
    "town":"新店區",
    "address":"三民路151號1、2樓",
    "tel":"(02)77517718",
    "mobile":"無"
    }
  },
  {
    "type": "Feature",
    "geometry": {
       "type": "Point",
       "coordinates":  [ 121.53356,24.9732069 ]
    },
    "properties": {
    "no":550,
    "title":"財團法人新北市私立新希望基金會",
    "county":"新北市",
    "town":"新店區",
    "address":"三民路151號1、2樓",
    "tel":"(02)77517718",
    "mobile":"無"
    }
  },
  {
    "type": "Feature",
    "geometry": {
       "type": "Point",
       "coordinates":  [ 121.53356,24.9732069 ]
    },
    "properties": {
    "no":551,
    "title":"財團法人新北市私立新希望基金會",
    "county":"新北市",
    "town":"新店區",
    "address":"三民路151號1、2樓",
    "tel":"(02)77517718",
    "mobile":"無"
    }
  },
  {
    "type": "Feature",
    "geometry": {
       "type": "Point",
       "coordinates":  [ 121.5399416,24.9679336 ]
    },
    "properties": {
    "no":552,
    "title":"財團法人福智慈善基金會(新店教室)",
    "county":"新北市",
    "town":"新店區",
    "address":"中華路53號1樓",
    "tel":"(02)29108906",
    "mobile":"無"
    }
  },
  {
    "type": "Feature",
    "geometry": {
       "type": "Point",
       "coordinates":  [ 121.5517334,24.9787272 ]
    },
    "properties": {
    "no":553,
    "title":"新北市奇布施老人養生協會(寶福站)",
    "county":"新北市",
    "town":"新店區",
    "address":"寶橋路234號",
    "tel":"無",
    "mobile":"918608832"
    }
  },
  {
    "type": "Feature",
    "geometry": {
       "type": "Point",
       "coordinates":  [ 121.4997366,24.9518344 ]
    },
    "properties": {
    "no":554,
    "title":"新北市長恩活力協會",
    "county":"新北市",
    "town":"新店區",
    "address":"僑信路19號2樓",
    "tel":"(02)22153080",
    "mobile":"無"
    }
  },
  {
    "type": "Feature",
    "geometry": {
       "type": "Point",
       "coordinates":  [ 121.5164644,24.9675476 ]
    },
    "properties": {
    "no":555,
    "title":"財團法人台灣省私立健順養護中心(新店柴埕站)",
    "county":"新北市",
    "town":"新店區",
    "address":"安民街79號4樓",
    "tel":"(02)22121753",
    "mobile":"無"
    }
  },
  {
    "type": "Feature",
    "geometry": {
       "type": "Point",
       "coordinates":  [ 121.5236485,24.9628256 ]
    },
    "properties": {
    "no":556,
    "title":"新北市新店區下城社區發展協會",
    "county":"新北市",
    "town":"新店區",
    "address":"安康路一段281巷6號(下城市民活動中心)",
    "tel":"(02)22119715",
    "mobile":"無"
    }
  },
  {
    "type": "Feature",
    "geometry": {
       "type": "Point",
       "coordinates":  [ 121.5351175,24.9911753 ]
    },
    "properties": {
    "no":557,
    "title":"新北市新店區大鵬忠孝社區發展協會",
    "county":"新北市",
    "town":"新店區",
    "address":"中正路700巷26號2-3樓",
    "tel":"(02)82181007",
    "mobile":"無"
    }
  },
  {
    "type": "Feature",
    "geometry": {
       "type": "Point",
       "coordinates":  [ 121.5336822,24.9898591 ]
    },
    "properties": {
    "no":558,
    "title":"新北市新店區大鵬忠孝社區發展協會(忠孝站)",
    "county":"新北市",
    "town":"新店區",
    "address":"中正路663巷1-2號地下室",
    "tel":"(02)82181007",
    "mobile":"無"
    }
  },
  {
    "type": "Feature",
    "geometry": {
       "type": "Point",
       "coordinates":  [ 121.4997366,24.9518344 ]
    },
    "properties": {
    "no":559,
    "title":"新北市新店區小城里辦公處",
    "county":"新北市",
    "town":"新店區",
    "address":"僑信路19號2樓",
    "tel":"(02)22141815",
    "mobile":"無"
    }
  },
  {
    "type": "Feature",
    "geometry": {
       "type": "Point",
       "coordinates":  [ 121.5275726,24.9753875 ]
    },
    "properties": {
    "no":560,
    "title":"新北市新店區中央里辦公處",
    "county":"新北市",
    "town":"新店區",
    "address":"中央五街60號2樓(中央市民活動中心)",
    "tel":"(02)22192161",
    "mobile":"無"
    }
  },
  {
    "type": "Feature",
    "geometry": {
       "type": "Point",
       "coordinates":  [ 121.5138532,24.961855 ]
    },
    "properties": {
    "no":561,
    "title":"新北市新店區公崙社區發展協會",
    "county":"新北市",
    "town":"新店區",
    "address":"安康路二段85巷30號",
    "tel":"(02)86665078",
    "mobile":"無"
    }
  },
  {
    "type": "Feature",
    "geometry": {
       "type": "Point",
       "coordinates":  [ 121.4822817,24.9485213 ]
    },
    "properties": {
    "no":562,
    "title":"新北市新店區日興里辦公處",
    "county":"新北市",
    "town":"新店區",
    "address":"安康路三段517號",
    "tel":"(02)22152321",
    "mobile":"無"
    }
  },
  {
    "type": "Feature",
    "geometry": {
       "type": "Point",
       "coordinates":  [ 121.5521753,24.9530736 ]
    },
    "properties": {
    "no":563,
    "title":"新北市新店區北宜社區發展協會",
    "county":"新北市",
    "town":"新店區",
    "address":"北宜路二段80號",
    "tel":"(02)22173808",
    "mobile":"無"
    }
  },
  {
    "type": "Feature",
    "geometry": {
       "type": "Point",
       "coordinates":  [ 121.5521753,24.9530736 ]
    },
    "properties": {
    "no":564,
    "title":"新北市新店區北宜社區發展協會",
    "county":"新北市",
    "town":"新店區",
    "address":"北宜路二段80號",
    "tel":"(02)22173808",
    "mobile":"無"
    }
  },
  {
    "type": "Feature",
    "geometry": {
       "type": "Point",
       "coordinates":  [ 121.5521753,24.9530736 ]
    },
    "properties": {
    "no":565,
    "title":"新北市新店區北宜社區發展協會",
    "county":"新北市",
    "town":"新店區",
    "address":"北宜路二段80號",
    "tel":"(02)22173808",
    "mobile":"無"
    }
  },
  {
    "type": "Feature",
    "geometry": {
       "type": "Point",
       "coordinates":  [ 121.5521753,24.9530736 ]
    },
    "properties": {
    "no":566,
    "title":"新北市新店區北宜社區發展協會",
    "county":"新北市",
    "town":"新店區",
    "address":"北宜路二段80號",
    "tel":"(02)22173808",
    "mobile":"無"
    }
  },
  {
    "type": "Feature",
    "geometry": {
       "type": "Point",
       "coordinates":  [ 121.521514,24.9871591 ]
    },
    "properties": {
    "no":567,
    "title":"新北市新店區北新社區發展協會",
    "county":"新北市",
    "town":"新店區",
    "address":"新和街109號(新和市民活動中心)",
    "tel":"(02)89112380",
    "mobile":"無"
    }
  },
  {
    "type": "Feature",
    "geometry": {
       "type": "Point",
       "coordinates":  [ 121.5124245,24.9216388 ]
    },
    "properties": {
    "no":568,
    "title":"新北市新店區平潭社區發展協會",
    "county":"新北市",
    "town":"新店區",
    "address":"新潭路二段140巷37號",
    "tel":"(02)86665580",
    "mobile":"無"
    }
  },
  {
    "type": "Feature",
    "geometry": {
       "type": "Point",
       "coordinates":  [ 121.521514,24.9871591 ]
    },
    "properties": {
    "no":569,
    "title":"新北市新店區永安里辦公處",
    "county":"新北市",
    "town":"新店區",
    "address":"新和街109號(新和市民活動中心)",
    "tel":"(02)86682400",
    "mobile":"無"
    }
  },
  {
    "type": "Feature",
    "geometry": {
       "type": "Point",
       "coordinates":  [ 121.4959303,24.9477378 ]
    },
    "properties": {
    "no":570,
    "title":"新北市新店區吉祥里辦公處",
    "county":"新北市",
    "town":"新店區",
    "address":"玫瑰路51巷2號1樓(吉祥市民活動中心)",
    "tel":"(02)22151115",
    "mobile":"無"
    }
  },
  {
    "type": "Feature",
    "geometry": {
       "type": "Point",
       "coordinates":  [ 121.5159553,24.9750654 ]
    },
    "properties": {
    "no":571,
    "title":"新北市新店區安和里辦公處",
    "county":"新北市",
    "town":"新店區",
    "address":"安興路67號(安和市民活動中心)",
    "tel":"(02)86666527",
    "mobile":"無"
    }
  },
  {
    "type": "Feature",
    "geometry": {
       "type": "Point",
       "coordinates":  [ 121.5102661,24.9609244 ]
    },
    "properties": {
    "no":572,
    "title":"新北市新店區安昌里辦公處",
    "county":"新北市",
    "town":"新店區",
    "address":"安成街22號B1",
    "tel":"(02)86660365",
    "mobile":"無"
    }
  },
  {
    "type": "Feature",
    "geometry": {
       "type": "Point",
       "coordinates":  [ 121.5374574,24.9810247 ]
    },
    "properties": {
    "no":573,
    "title":"新北市新店區江陵里辦公處",
    "county":"新北市",
    "town":"新店區",
    "address":"二十張路42號",
    "tel":"無",
    "mobile":"910223262"
    }
  },
  {
    "type": "Feature",
    "geometry": {
       "type": "Point",
       "coordinates":  [ 121.537452,24.9770742 ]
    },
    "properties": {
    "no":574,
    "title":"新北市新店區老人會",
    "county":"新北市",
    "town":"新店區",
    "address":"民族路110號(大豐社福館)",
    "tel":"(02)22198112",
    "mobile":"無"
    }
  },
  {
    "type": "Feature",
    "geometry": {
       "type": "Point",
       "coordinates":  [ 121.537452,24.9770742 ]
    },
    "properties": {
    "no":575,
    "title":"新北市新店區老人會",
    "county":"新北市",
    "town":"新店區",
    "address":"民族路110號(大豐社福館)",
    "tel":"(02)22198112",
    "mobile":"無"
    }
  },
  {
    "type": "Feature",
    "geometry": {
       "type": "Point",
       "coordinates":  [ 121.537452,24.9770742 ]
    },
    "properties": {
    "no":576,
    "title":"新北市新店區老人會",
    "county":"新北市",
    "town":"新店區",
    "address":"民族路110號(大豐社福館)",
    "tel":"(02)22198112",
    "mobile":"無"
    }
  },
  {
    "type": "Feature",
    "geometry": {
       "type": "Point",
       "coordinates":  [ 121.5450649,24.9235152 ]
    },
    "properties": {
    "no":577,
    "title":"新北市新店區屈尺社區發展協會",
    "county":"新北市",
    "town":"新店區",
    "address":"屈尺路125號(屈尺市民活動中心)",
    "tel":"(02)26668365",
    "mobile":"無"
    }
  },
  {
    "type": "Feature",
    "geometry": {
       "type": "Point",
       "coordinates":  [ 121.5025905,24.9501429 ]
    },
    "properties": {
    "no":578,
    "title":"新北市新店區明城里辦公處",
    "county":"新北市",
    "town":"新店區",
    "address":"黎明路9號B1",
    "tel":"(02)22130575",
    "mobile":"無"
    }
  },
  {
    "type": "Feature",
    "geometry": {
       "type": "Point",
       "coordinates":  [ 121.4945203,24.9468407 ]
    },
    "properties": {
    "no":579,
    "title":"新北市新店區玫瑰里辦公處",
    "county":"新北市",
    "town":"新店區",
    "address":"玫瑰路58巷18號B1",
    "tel":"(02)22104558",
    "mobile":"無"
    }
  },
  {
    "type": "Feature",
    "geometry": {
       "type": "Point",
       "coordinates":  [ 121.4949885,24.9490618 ]
    },
    "properties": {
    "no":580,
    "title":"新北市新店區玫瑰社區發展協會",
    "county":"新北市",
    "town":"新店區",
    "address":"富貴街9巷31號",
    "tel":"(02)22155106",
    "mobile":"無"
    }
  },
  {
    "type": "Feature",
    "geometry": {
       "type": "Point",
       "coordinates":  [ 121.551054,24.9341568 ]
    },
    "properties": {
    "no":581,
    "title":"新北市新店區長青會",
    "county":"新北市",
    "town":"新店區",
    "address":"花園一路一段2號B1",
    "tel":"(02)26667005",
    "mobile":"無"
    }
  },
  {
    "type": "Feature",
    "geometry": {
       "type": "Point",
       "coordinates":  [ 121.5304924,24.948886 ]
    },
    "properties": {
    "no":582,
    "title":"新北市新店區美城里辦公處",
    "county":"新北市",
    "town":"新店區",
    "address":"永業路81巷7弄1號B1",
    "tel":"(02)29148839",
    "mobile":"無"
    }
  },
  {
    "type": "Feature",
    "geometry": {
       "type": "Point",
       "coordinates":  [ 121.5383028,24.9539754 ]
    },
    "properties": {
    "no":583,
    "title":"新北市新店區國校里辦公處",
    "county":"新北市",
    "town":"新店區",
    "address":"國校路50號3樓",
    "tel":"(02)29117312",
    "mobile":"無"
    }
  },
  {
    "type": "Feature",
    "geometry": {
       "type": "Point",
       "coordinates":  [ 121.5406915,24.9752995 ]
    },
    "properties": {
    "no":584,
    "title":"新北市新店區國豐里辦公處",
    "county":"新北市",
    "town":"新店區",
    "address":"建國路58號2樓(建國游泳池2樓教室)",
    "tel":"(02)29187328",
    "mobile":"無"
    }
  },
  {
    "type": "Feature",
    "geometry": {
       "type": "Point",
       "coordinates":  [ 121.537049,24.956793 ]
    },
    "properties": {
    "no":585,
    "title":"新北市新店區張南里辦公處",
    "county":"新北市",
    "town":"新店區",
    "address":"新店路207號三樓(碧潭市民活動中心)",
    "tel":"(02)29117423",
    "mobile":"無"
    }
  },
  {
    "type": "Feature",
    "geometry": {
       "type": "Point",
       "coordinates":  [ 121.5338828,24.960455 ]
    },
    "properties": {
    "no":586,
    "title":"新北市新店區頂城里辦公處",
    "county":"新北市",
    "town":"新店區",
    "address":"安康路一段9-2號(頂城市民活動中心)",
    "tel":"(02)22117843",
    "mobile":"無"
    }
  },
  {
    "type": "Feature",
    "geometry": {
       "type": "Point",
       "coordinates":  [ 121.5038241,24.9282208 ]
    },
    "properties": {
    "no":587,
    "title":"新北市新店區華城里辦公處",
    "county":"新北市",
    "town":"新店區",
    "address":"華城一路18號2樓",
    "tel":"(02)22162663",
    "mobile":"無"
    }
  },
  {
    "type": "Feature",
    "geometry": {
       "type": "Point",
       "coordinates":  [ 121.505214,24.9426581 ]
    },
    "properties": {
    "no":588,
    "title":"新北市新店區新生里辦公處",
    "county":"新北市",
    "town":"新店區",
    "address":"達觀路6號",
    "tel":"(02)29135295",
    "mobile":"無"
    }
  },
  {
    "type": "Feature",
    "geometry": {
       "type": "Point",
       "coordinates":  [ 121.521514,24.9871591 ]
    },
    "properties": {
    "no":589,
    "title":"新北市新店區新和里辦公處",
    "county":"新北市",
    "town":"新店區",
    "address":"新和街109號(新和市民活動中心)",
    "tel":"(02)29461653",
    "mobile":"無"
    }
  },
  {
    "type": "Feature",
    "geometry": {
       "type": "Point",
       "coordinates":  [ 121.505214,24.9426581 ]
    },
    "properties": {
    "no":590,
    "title":"新北市新店區達觀里辦公處",
    "county":"新北市",
    "town":"新店區",
    "address":"達觀路6號",
    "tel":"(02)22136388",
    "mobile":"無"
    }
  },
  {
    "type": "Feature",
    "geometry": {
       "type": "Point",
       "coordinates":  [ 121.537049,24.956793 ]
    },
    "properties": {
    "no":591,
    "title":"新北市新店區廣興里辦公處",
    "county":"新北市",
    "town":"新店區",
    "address":"新店路207號3樓",
    "tel":"(02)26665969",
    "mobile":"無"
    }
  },
  {
    "type": "Feature",
    "geometry": {
       "type": "Point",
       "coordinates":  [ 121.5008167,24.9542624 ]
    },
    "properties": {
    "no":592,
    "title":"新北市新店區德安社區發展協會",
    "county":"新北市",
    "town":"新店區",
    "address":"安一路二段198-1號",
    "tel":"(02)22117266",
    "mobile":"無"
    }
  },
  {
    "type": "Feature",
    "geometry": {
       "type": "Point",
       "coordinates":  [ 121.5518721,24.9031563 ]
    },
    "properties": {
    "no":593,
    "title":"新北市新店區龜山廣興社區發展協會",
    "county":"新北市",
    "town":"新店區",
    "address":"新烏路三段136號2樓(龜山市民活動中心)",
    "tel":"(02)26660002",
    "mobile":"無"
    }
  },
  {
    "type": "Feature",
    "geometry": {
       "type": "Point",
       "coordinates":  [ 121.5518721,24.9031563 ]
    },
    "properties": {
    "no":594,
    "title":"新北市新店區龜山廣興社區發展協會",
    "county":"新北市",
    "town":"新店區",
    "address":"新烏路三段136號2樓(龜山市民活動中心)",
    "tel":"(02)26660002",
    "mobile":"無"
    }
  },
  {
    "type": "Feature",
    "geometry": {
       "type": "Point",
       "coordinates":  [ 121.5926425,24.9537648 ]
    },
    "properties": {
    "no":595,
    "title":"新北市新店區雙坑里辦公處",
    "county":"新北市",
    "town":"新店區",
    "address":"長峯路7號",
    "tel":"(02)22172582",
    "mobile":"無"
    }
  },
  {
    "type": "Feature",
    "geometry": {
       "type": "Point",
       "coordinates":  [ 121.4873319,24.9517229 ]
    },
    "properties": {
    "no":596,
    "title":"新北市新店區雙城社區發展協會",
    "county":"新北市",
    "town":"新店區",
    "address":"安康路三段237號B1",
    "tel":"無",
    "mobile":"916281709"
    }
  },
  {
    "type": "Feature",
    "geometry": {
       "type": "Point",
       "coordinates":  [ 121.514563,24.9747849 ]
    },
    "properties": {
    "no":597,
    "title":"新北市新店康園公共托老中心",
    "county":"新北市",
    "town":"新店區",
    "address":"安興路91巷31號",
    "tel":"(02)86663556",
    "mobile":"無"
    }
  },
  {
    "type": "Feature",
    "geometry": {
       "type": "Point",
       "coordinates":  [ 121.5370299,24.9553558 ]
    },
    "properties": {
    "no":598,
    "title":"新北市新店碧潭公共托老中心",
    "county":"新北市",
    "town":"新店區",
    "address":"新店路159號2樓",
    "tel":"(02)29121592",
    "mobile":"無"
    }
  },
  {
    "type": "Feature",
    "geometry": {
       "type": "Point",
       "coordinates":  [ 121.495648,24.9500974 ]
    },
    "properties": {
    "no":599,
    "title":"新店玫瑰社區福德宮",
    "county":"新北市",
    "town":"新店區",
    "address":"玫瑰路35號",
    "tel":"(02)22155900",
    "mobile":"無"
    }
  },
  {
    "type": "Feature",
    "geometry": {
       "type": "Point",
       "coordinates":  [ 121.5364777,24.9680735 ]
    },
    "properties": {
    "no":600,
    "title":"新店客家促進會",
    "county":"新北市",
    "town":"新店區",
    "address":"環河路152號之7(新店褒忠亭)",
    "tel":"(02)86656188",
    "mobile":"無"
    }
  },
  {
    "type": "Feature",
    "geometry": {
       "type": "Point",
       "coordinates":  [ 121.537452,24.9770742 ]
    },
    "properties": {
    "no":601,
    "title":"新北市新店區老人會",
    "county":"新北市",
    "town":"新店區",
    "address":"民族路110號(大豐社福館)",
    "tel":"(02)22198112",
    "mobile":"無"
    }
  },
  {
    "type": "Feature",
    "geometry": {
       "type": "Point",
       "coordinates":  [ 121.5234739,24.9793487 ]
    },
    "properties": {
    "no":602,
    "title":"新北市歡樂銀髮協會",
    "county":"新北市",
    "town":"新店區",
    "address":"溪園路387號1F",
    "tel":"無",
    "mobile":"915568183"
    }
  },
  {
    "type": "Feature",
    "geometry": {
       "type": "Point",
       "coordinates":  [ 121.5449653,24.9728155 ]
    },
    "properties": {
    "no":603,
    "title":"新北市新店區北新社區發展協會",
    "county":"新北市",
    "town":"新店區",
    "address":"張北里14鄰德正街23巷25號(張北市民活動中心)",
    "tel":"(02)89112380",
    "mobile":"無"
    }
  },
  {
    "type": "Feature",
    "geometry": {
       "type": "Point",
       "coordinates":  [ 121.5449653,24.9728155 ]
    },
    "properties": {
    "no":604,
    "title":"新北市新店區北新社區發展協會",
    "county":"新北市",
    "town":"新店區",
    "address":"張北里14鄰德正街23巷25號(張北市民活動中心)",
    "tel":"(02)89112380",
    "mobile":"無"
    }
  },
  {
    "type": "Feature",
    "geometry": {
       "type": "Point",
       "coordinates":  [ 121.5394822,24.978282 ]
    },
    "properties": {
    "no":605,
    "title":"社團法人中華麥田關懷協會(五峯站)",
    "county":"新北市",
    "town":"新店區",
    "address":"北新路1段92號2樓(馬公多功能集會中心)",
    "tel":"(02)29133936",
    "mobile":"無"
    }
  },
  {
    "type": "Feature",
    "geometry": {
       "type": "Point",
       "coordinates":  [ 121.5517334,24.9787272 ]
    },
    "properties": {
    "no":606,
    "title":"新北市奇布施老人養生協會(寶福站)",
    "county":"新北市",
    "town":"新店區",
    "address":"寶橋路234號",
    "tel":"無",
    "mobile":"918608832"
    }
  },
  {
    "type": "Feature",
    "geometry": {
       "type": "Point",
       "coordinates":  [ 121.4949885,24.9490618 ]
    },
    "properties": {
    "no":607,
    "title":"新北市新店區玫瑰社區發展協會",
    "county":"新北市",
    "town":"新店區",
    "address":"富貴街9巷31號",
    "tel":"(02)22155106",
    "mobile":"無"
    }
  },
  {
    "type": "Feature",
    "geometry": {
       "type": "Point",
       "coordinates":  [ 121.5495093,24.963063 ]
    },
    "properties": {
    "no":608,
    "title":"新北市新店區長春里辦公處",
    "county":"新北市",
    "town":"新店區",
    "address":"新坡一街39號2樓",
    "tel":"(02)29109066",
    "mobile":"無"
    }
  },
  {
    "type": "Feature",
    "geometry": {
       "type": "Point",
       "coordinates":  [ 121.5234739,24.9793487 ]
    },
    "properties": {
    "no":609,
    "title":"新北市歡樂銀髮協會",
    "county":"新北市",
    "town":"新店區",
    "address":"溪園路387號1F",
    "tel":"無",
    "mobile":"915568183"
    }
  },
  {
    "type": "Feature",
    "geometry": {
       "type": "Point",
       "coordinates":  [ 121.51597,24.9836679 ]
    },
    "properties": {
    "no":610,
    "title":"龍林天下公寓大廈管理委員會",
    "county":"新北市",
    "town":"新店區",
    "address":"永平街37巷6號",
    "tel":"(02)29479592",
    "mobile":"無"
    }
  },
  {
    "type": "Feature",
    "geometry": {
       "type": "Point",
       "coordinates":  [ 121.5399041,24.9575264 ]
    },
    "properties": {
    "no":611,
    "title":"新北市新店區文中里辦公處",
    "county":"新北市",
    "town":"新店區",
    "address":"北宜路一段39巷32號(文中廣明市民活動中心)",
    "tel":"(02)29122820",
    "mobile":"無"
    }
  },
  {
    "type": "Feature",
    "geometry": {
       "type": "Point",
       "coordinates":  [ 121.5394822,24.978282 ]
    },
    "properties": {
    "no":612,
    "title":"新北市新店區五峯里辦公處",
    "county":"新北市",
    "town":"新店區",
    "address":"北新路1段92號2樓(馬公多功能集會中心)",
    "tel":"(02)29133939",
    "mobile":"無"
    }
  },
  {
    "type": "Feature",
    "geometry": {
       "type": "Point",
       "coordinates":  [ 121.4168435,24.9837599 ]
    },
    "properties": {
    "no":613,
    "title":"新北市全民愛心推廣協會",
    "county":"新北市",
    "town":"樹林區",
    "address":"鎮前街347巷1弄4號",
    "tel":"(02)86862807",
    "mobile":"無"
    }
  },
  {
    "type": "Feature",
    "geometry": {
       "type": "Point",
       "coordinates":  [ 121.4151194,24.9840297 ]
    },
    "properties": {
    "no":614,
    "title":"新北市樹林區東昇里辦公處",
    "county":"新北市",
    "town":"樹林區",
    "address":"中山路二段80號2樓(東昇市民活動中心)",
    "tel":"(02)86856377",
    "mobile":"無"
    }
  },
  {
    "type": "Feature",
    "geometry": {
       "type": "Point",
       "coordinates":  [ 121.4125785,24.9821038 ]
    },
    "properties": {
    "no":615,
    "title":"新北市畫眉鳥晚香玉協會",
    "county":"新北市",
    "town":"樹林區",
    "address":"鎮前街467號(東陽市民活動中心)",
    "tel":"(02)26822426",
    "mobile":"無"
    }
  },
  {
    "type": "Feature",
    "geometry": {
       "type": "Point",
       "coordinates":  [ 121.3947177,24.9726611 ]
    },
    "properties": {
    "no":616,
    "title":"新北市樹林區原住民族發展協進會(新北市樹林原動力公共托老中心)",
    "county":"新北市",
    "town":"樹林區",
    "address":"中山路三段40號3樓",
    "tel":"(02)35016895",
    "mobile":"無"
    }
  },
  {
    "type": "Feature",
    "geometry": {
       "type": "Point",
       "coordinates":  [ 121.3947177,24.9726611 ]
    },
    "properties": {
    "no":617,
    "title":"新北市樹林區山佳社區發展協會",
    "county":"新北市",
    "town":"樹林區",
    "address":"中山路三段40號2樓(中山市民活動中心)",
    "tel":"無",
    "mobile":"937026392"
    }
  },
  {
    "type": "Feature",
    "geometry": {
       "type": "Point",
       "coordinates":  [ 121.4238638,25.012692 ]
    },
    "properties": {
    "no":618,
    "title":"新北市樹林區圳民里辦公處",
    "county":"新北市",
    "town":"樹林區",
    "address":"俊英街219-3號(圳安松鶴會館)",
    "tel":"(02)26885555",
    "mobile":"無"
    }
  },
  {
    "type": "Feature",
    "geometry": {
       "type": "Point",
       "coordinates":  [ 121.4275746,24.9991555 ]
    },
    "properties": {
    "no":619,
    "title":"新北市樹林區圳福里辦公處",
    "county":"新北市",
    "town":"樹林區",
    "address":"中正路21-1號",
    "tel":"(02)26830921 ",
    "mobile":"無"
    }
  },
  {
    "type": "Feature",
    "geometry": {
       "type": "Point",
       "coordinates":  [ 121.4133787,24.9869287 ]
    },
    "properties": {
    "no":620,
    "title":"新北市樹林區坡內里辦公處",
    "county":"新北市",
    "town":"樹林區",
    "address":"備內街10號之1(樹林玉明宮)",
    "tel":"(02)26867040",
    "mobile":"無"
    }
  },
  {
    "type": "Feature",
    "geometry": {
       "type": "Point",
       "coordinates":  [ 121.4002356,24.9740272 ]
    },
    "properties": {
    "no":621,
    "title":"新北市樹林區東山里辦公處",
    "county":"新北市",
    "town":"樹林區",
    "address":"新興街3-3號1樓(山佳市民活動中心)",
    "tel":"(02)26807777",
    "mobile":"無"
    }
  },
  {
    "type": "Feature",
    "geometry": {
       "type": "Point",
       "coordinates":  [ 121.403817,24.953964 ]
    },
    "properties": {
    "no":622,
    "title":"新北市樹林區東園里辦公處",
    "county":"新北市",
    "town":"樹林區",
    "address":"柑園街一段60號4樓(東園市民活動中心)",
    "tel":"(02)26687343",
    "mobile":"無"
    }
  },
  {
    "type": "Feature",
    "geometry": {
       "type": "Point",
       "coordinates":  [ 121.4292045,24.9941808 ]
    },
    "properties": {
    "no":623,
    "title":"新北市樹林區保安里辦公處",
    "county":"新北市",
    "town":"樹林區",
    "address":"保順街88號(保安市民活動中心)",
    "tel":"(02)26821723",
    "mobile":"無"
    }
  },
  {
    "type": "Feature",
    "geometry": {
       "type": "Point",
       "coordinates":  [ 121.3909011,24.9508229 ]
    },
    "properties": {
    "no":624,
    "title":"新北市樹林區南園社區發展協會",
    "county":"新北市",
    "town":"樹林區",
    "address":"佳園路三段101巷38弄23號",
    "tel":"無",
    "mobile":"933036158"
    }
  },
  {
    "type": "Feature",
    "geometry": {
       "type": "Point",
       "coordinates":  [ 121.3861852,24.9508493 ]
    },
    "properties": {
    "no":625,
    "title":"新北市樹林區南園里辦公處",
    "county":"新北市",
    "town":"樹林區",
    "address":"佳園路三段128號(柑園市民活動中心)",
    "tel":"(02)89700036",
    "mobile":"無"
    }
  },
  {
    "type": "Feature",
    "geometry": {
       "type": "Point",
       "coordinates":  [ 121.4221681,24.9799298 ]
    },
    "properties": {
    "no":626,
    "title":"新北市樹林區彭厝里辦公處",
    "county":"新北市",
    "town":"樹林區",
    "address":"彭福里國凱街65號4樓(彭厝市民活動中心)",
    "tel":"(02)86869288",
    "mobile":"無"
    }
  },
  {
    "type": "Feature",
    "geometry": {
       "type": "Point",
       "coordinates":  [ 121.4172282,24.9816376 ]
    },
    "properties": {
    "no":627,
    "title":"新北市樹林區彭厝社區發展協會",
    "county":"新北市",
    "town":"樹林區",
    "address":"太平路56巷43號2樓(大同市民活動中心)",
    "tel":"(02)86858103",
    "mobile":"無"
    }
  },
  {
    "type": "Feature",
    "geometry": {
       "type": "Point",
       "coordinates":  [ 121.4135416,25.005091 ]
    },
    "properties": {
    "no":628,
    "title":"新北市樹林區獇寮里辦公處 ",
    "county":"新北市",
    "town":"樹林區",
    "address":"保安街二段172號(獇寮市民活動中心)",
    "tel":"(02)26761194",
    "mobile":"無"
    }
  },
  {
    "type": "Feature",
    "geometry": {
       "type": "Point",
       "coordinates":  [ 121.3898499,24.973672 ]
    },
    "properties": {
    "no":629,
    "title":"新北市樹林區樂山社區發展協會",
    "county":"新北市",
    "town":"樹林區",
    "address":"中和街38號3樓(樂山市民活動中心)",
    "tel":"(02)26803491",
    "mobile":"無"
    }
  },
  {
    "type": "Feature",
    "geometry": {
       "type": "Point",
       "coordinates":  [ 121.4150366,24.9958698 ]
    },
    "properties": {
    "no":630,
    "title":"新北市樹林區潭底里辦公處",
    "county":"新北市",
    "town":"樹林區",
    "address":"保安街一段289巷8號2樓(潭底市民活動中心)",
    "tel":"(02)26819883",
    "mobile":"無"
    }
  },
  {
    "type": "Feature",
    "geometry": {
       "type": "Point",
       "coordinates":  [ 121.416889,24.9873829 ]
    },
    "properties": {
    "no":631,
    "title":"新北市樹林區樹人里辦公處",
    "county":"新北市",
    "town":"樹林區",
    "address":"復興路308巷2弄6號",
    "tel":"(02)86753127",
    "mobile":"無"
    }
  },
  {
    "type": "Feature",
    "geometry": {
       "type": "Point",
       "coordinates":  [ 121.4222073,24.9896615 ]
    },
    "properties": {
    "no":632,
    "title":"樹林耶穌聖心堂",
    "county":"新北市",
    "town":"樹林區",
    "address":"中山路一段154號",
    "tel":"(02)26811083",
    "mobile":"無"
    }
  },
  {
    "type": "Feature",
    "geometry": {
       "type": "Point",
       "coordinates":  [ 121.4203388,24.9908281 ]
    },
    "properties": {
    "no":633,
    "title":"新北市快樂銀髮族協會",
    "county":"新北市",
    "town":"樹林區",
    "address":"復興路222號(樹西市民活動中心)",
    "tel":"(02)22583550",
    "mobile":"無"
    }
  },
  {
    "type": "Feature",
    "geometry": {
       "type": "Point",
       "coordinates":  [ 121.4196752,24.9873787 ]
    },
    "properties": {
    "no":634,
    "title":"新北市樹林區育英里辦公處",
    "county":"新北市",
    "town":"樹林區",
    "address":"文化街15號2樓(文化市民活動中心)",
    "tel":"(02)26832813",
    "mobile":"無"
    }
  },
  {
    "type": "Feature",
    "geometry": {
       "type": "Point",
       "coordinates":  [ 121.419827,24.9807316 ]
    },
    "properties": {
    "no":635,
    "title":"社團法人中華慈雲慈善利生推廣協會",
    "county":"新北市",
    "town":"樹林區",
    "address":"太平路127巷14號1樓",
    "tel":"(02)86845058",
    "mobile":"無"
    }
  },
  {
    "type": "Feature",
    "geometry": {
       "type": "Point",
       "coordinates":  [ 121.4204173,24.9929445 ]
    },
    "properties": {
    "no":636,
    "title":"新北市樹林區樹德里辦公處",
    "county":"新北市",
    "town":"樹林區",
    "address":"樹德街136巷13弄2號2樓",
    "tel":"(02)26833968",
    "mobile":"無"
    }
  },
  {
    "type": "Feature",
    "geometry": {
       "type": "Point",
       "coordinates":  [ 121.4171894,24.9862285 ]
    },
    "properties": {
    "no":637,
    "title":"新北市文化發展協會",
    "county":"新北市",
    "town":"樹林區",
    "address":"備前街36巷3號3樓(中正體育活動中心)",
    "tel":"(02)26832356",
    "mobile":"無"
    }
  },
  {
    "type": "Feature",
    "geometry": {
       "type": "Point",
       "coordinates":  [ 121.4042816,25.0164661 ]
    },
    "properties": {
    "no":638,
    "title":"社團法人中華民國紳士協會",
    "county":"新北市",
    "town":"樹林區",
    "address":"福興街17號(三多市民活動中心)",
    "tel":"無",
    "mobile":"927889280"
    }
  },
  {
    "type": "Feature",
    "geometry": {
       "type": "Point",
       "coordinates":  [ 121.4042816,25.0164661 ]
    },
    "properties": {
    "no":639,
    "title":"社團法人中華民國紳士協會",
    "county":"新北市",
    "town":"樹林區",
    "address":"福興街17號(三多市民活動中心)",
    "tel":"無",
    "mobile":"927889280"
    }
  },
  {
    "type": "Feature",
    "geometry": {
       "type": "Point",
       "coordinates":  [ 121.4042816,25.0164661 ]
    },
    "properties": {
    "no":640,
    "title":"社團法人中華民國紳士協會",
    "county":"新北市",
    "town":"樹林區",
    "address":"福興街17號(三多市民活動中心)",
    "tel":"無",
    "mobile":"927889280"
    }
  },
  {
    "type": "Feature",
    "geometry": {
       "type": "Point",
       "coordinates":  [ 121.4134183,25.0190833 ]
    },
    "properties": {
    "no":641,
    "title":"新北市樹林區三龍里辦公處",
    "county":"新北市",
    "town":"樹林區",
    "address":"三龍街21號",
    "tel":"(02)86883570",
    "mobile":"無"
    }
  },
  {
    "type": "Feature",
    "geometry": {
       "type": "Point",
       "coordinates":  [ 121.3947177,24.9726611 ]
    },
    "properties": {
    "no":642,
    "title":"新北市樹林區山佳社區發展協會",
    "county":"新北市",
    "town":"樹林區",
    "address":"中山路三段40號2樓(中山市民活動中心)",
    "tel":"無",
    "mobile":"937026392"
    }
  },
  {
    "type": "Feature",
    "geometry": {
       "type": "Point",
       "coordinates":  [ 121.4161337,24.980065 ]
    },
    "properties": {
    "no":643,
    "title":"全球台北人公寓大廈管理委員會",
    "county":"新北市",
    "town":"樹林區",
    "address":"中華路323號",
    "tel":"(02)86863764",
    "mobile":"無"
    }
  },
  {
    "type": "Feature",
    "geometry": {
       "type": "Point",
       "coordinates":  [ 121.4172282,24.9816376 ]
    },
    "properties": {
    "no":644,
    "title":"新北市樹林區彭厝社區發展協會",
    "county":"新北市",
    "town":"樹林區",
    "address":"太平路56巷43號2樓(大同市民活動中心)",
    "tel":"(02)86883570",
    "mobile":"無"
    }
  },
  {
    "type": "Feature",
    "geometry": {
       "type": "Point",
       "coordinates":  [ 121.4239887,24.9991413 ]
    },
    "properties": {
    "no":645,
    "title":"新北市樹林區文林里辦公處",
    "county":"新北市",
    "town":"樹林區",
    "address":"潭興街107巷21弄6號",
    "tel":"無",
    "mobile":"910151297"
    }
  },
  {
    "type": "Feature",
    "geometry": {
       "type": "Point",
       "coordinates":  [ 121.4065995,24.960914 ]
    },
    "properties": {
    "no":646,
    "title":"新北市樹林區北園里辦公處",
    "county":"新北市",
    "town":"樹林區",
    "address":"柑園街1段60號4樓(東園市民活動中心)",
    "tel":"無",
    "mobile":"932124825"
    }
  },
  {
    "type": "Feature",
    "geometry": {
       "type": "Point",
       "coordinates":  [ 121.4042816,25.0164661 ]
    },
    "properties": {
    "no":647,
    "title":"社團法人中華民國紳士協會",
    "county":"新北市",
    "town":"樹林區",
    "address":"福興街17號(三多市民活動中心)",
    "tel":"無",
    "mobile":"927889280"
    }
  },
  {
    "type": "Feature",
    "geometry": {
       "type": "Point",
       "coordinates":  [ 121.4233619,25.0141024 ]
    },
    "properties": {
    "no":648,
    "title":"新北市樹林區圳生里辦公處",
    "county":"新北市",
    "town":"樹林區",
    "address":"圳生里三俊街287號",
    "tel":"無",
    "mobile":"939096099"
    }
  },
  {
    "type": "Feature",
    "geometry": {
       "type": "Point",
       "coordinates":  [ 121.4249888,25.0100602 ]
    },
    "properties": {
    "no":649,
    "title":"新北市樹林區圳安里辦公處",
    "county":"新北市",
    "town":"樹林區",
    "address":"俊英街222號",
    "tel":"無",
    "mobile":"933884200"
    }
  },
  {
    "type": "Feature",
    "geometry": {
       "type": "Point",
       "coordinates":  [ 121.3861852,24.9508493 ]
    },
    "properties": {
    "no":650,
    "title":"新北市樹林區南園里辦公處",
    "county":"新北市",
    "town":"樹林區",
    "address":"佳園路三段128號(柑園市民活動中心)",
    "tel":"(02)89700036",
    "mobile":"無"
    }
  },
  {
    "type": "Feature",
    "geometry": {
       "type": "Point",
       "coordinates":  [ 121.4219649,24.9816179 ]
    },
    "properties": {
    "no":651,
    "title":"新北市樹林區和平里辦公處",
    "county":"新北市",
    "town":"樹林區",
    "address":"仁愛街12巷10號",
    "tel":"無",
    "mobile":"906891865"
    }
  },
  {
    "type": "Feature",
    "geometry": {
       "type": "Point",
       "coordinates":  [ 121.415934,25.0002188 ]
    },
    "properties": {
    "no":652,
    "title":"新北市樹林區金寮里辦公處",
    "county":"新北市",
    "town":"樹林區",
    "address":"保安街2段49號",
    "tel":"無",
    "mobile":"933069169"
    }
  },
  {
    "type": "Feature",
    "geometry": {
       "type": "Point",
       "coordinates":  [ 121.3861852,24.9508493 ]
    },
    "properties": {
    "no":653,
    "title":"新北市樹林區南園里辦公處",
    "county":"新北市",
    "town":"樹林區",
    "address":"佳園路三段128號(柑園市民活動中心)",
    "tel":"(02)89700036",
    "mobile":"無"
    }
  },
  {
    "type": "Feature",
    "geometry": {
       "type": "Point",
       "coordinates":  [ 121.4216151,24.9790569 ]
    },
    "properties": {
    "no":654,
    "title":"新北市樹林區彭興里辦公處",
    "county":"新北市",
    "town":"樹林區",
    "address":"八德街231號",
    "tel":"無",
    "mobile":"933069169"
    }
  },
  {
    "type": "Feature",
    "geometry": {
       "type": "Point",
       "coordinates":  [ 121.4125785,24.9821038 ]
    },
    "properties": {
    "no":655,
    "title":"新北市畫眉鳥晚香玉協會",
    "county":"新北市",
    "town":"樹林區",
    "address":"鎮前街467號(東陽市民活動中心)",
    "tel":"(02)26822426",
    "mobile":"無"
    }
  },
  {
    "type": "Feature",
    "geometry": {
       "type": "Point",
       "coordinates":  [ 121.4125785,24.9821038 ]
    },
    "properties": {
    "no":656,
    "title":"新北市畫眉鳥晚香玉協會",
    "county":"新北市",
    "town":"樹林區",
    "address":"鎮前街467號(東陽市民活動中心)",
    "tel":"(02)26822426",
    "mobile":"無"
    }
  },
  {
    "type": "Feature",
    "geometry": {
       "type": "Point",
       "coordinates":  [ 121.4203388,24.9908281 ]
    },
    "properties": {
    "no":657,
    "title":"新北市樹林區樹福里辦公處",
    "county":"新北市",
    "town":"樹林區",
    "address":"復興路225巷2號(樹西市民活動中心)",
    "tel":"無",
    "mobile":"933037334"
    }
  },
  {
    "type": "Feature",
    "geometry": {
       "type": "Point",
       "coordinates":  [ 121.4182705,24.9919914 ]
    },
    "properties": {
    "no":658,
    "title":"新北市樹林區樹興里辦公處",
    "county":"新北市",
    "town":"樹林區",
    "address":"文德街29號1樓",
    "tel":"無",
    "mobile":"935504711"
    }
  },
  {
    "type": "Feature",
    "geometry": {
       "type": "Point",
       "coordinates":  [ 121.423072,24.9977743 ]
    },
    "properties": {
    "no":659,
    "title":"江山萬里公寓大廈管理委員會",
    "county":"新北市",
    "town":"樹林區",
    "address":"大安路111巷11號",
    "tel":"(02)26870916",
    "mobile":"無"
    }
  },
  {
    "type": "Feature",
    "geometry": {
       "type": "Point",
       "coordinates":  [ 121.3376825,24.935854 ]
    },
    "properties": {
    "no":660,
    "title":"新北市原住民族社會服務協會",
    "county":"新北市",
    "town":"鶯歌區",
    "address":"二甲路36-2號(二甲市民活動中心)",
    "tel":"(02)86872608",
    "mobile":"無"
    }
  },
  {
    "type": "Feature",
    "geometry": {
       "type": "Point",
       "coordinates":  [ 121.3377567,24.9410772 ]
    },
    "properties": {
    "no":661,
    "title":"新北市鶯歌區雙和社區發展協會",
    "county":"新北市",
    "town":"鶯歌區",
    "address":"中正三路337號(二橋市民活動中心)",
    "tel":"(02)86777438﻿",
    "mobile":"無"
    }
  },
  {
    "type": "Feature",
    "geometry": {
       "type": "Point",
       "coordinates":  [ 121.3367642,24.9776574 ]
    },
    "properties": {
    "no":662,
    "title":"新北市鶯歌國際新城才藝推廣協進會",
    "county":"新北市",
    "town":"鶯歌區",
    "address":"明圓街43號(大湖市民活動中心)",
    "tel":"無",
    "mobile":"937809583"
    }
  },
  {
    "type": "Feature",
    "geometry": {
       "type": "Point",
       "coordinates":  [ 121.3367642,24.9776574 ]
    },
    "properties": {
    "no":663,
    "title":"新北市鶯歌區大湖社區發展協會",
    "county":"新北市",
    "town":"鶯歌區",
    "address":"明圓街43號(大湖市民活動中心)",
    "tel":"(02)86777618",
    "mobile":"無"
    }
  },
  {
    "type": "Feature",
    "geometry": {
       "type": "Point",
       "coordinates":  [ 121.346234,24.9710616 ]
    },
    "properties": {
    "no":664,
    "title":"財團法人伊甸社會福利基金會(新北市鶯歌大湖公共托老中心)",
    "county":"新北市",
    "town":"鶯歌區",
    "address":"大湖路338巷2號",
    "tel":"(02)26776759",
    "mobile":"無"
    }
  },
  {
    "type": "Feature",
    "geometry": {
       "type": "Point",
       "coordinates":  [ 121.3473663,24.9728889 ]
    },
    "properties": {
    "no":665,
    "title":"新北市鶯歌區中湖里辦公處",
    "county":"新北市",
    "town":"鶯歌區",
    "address":"中湖街23號(中湖市民活動中心)",
    "tel":"無",
    "mobile":"930878340"
    }
  },
  {
    "type": "Feature",
    "geometry": {
       "type": "Point",
       "coordinates":  [ 121.3337191,24.959125 ]
    },
    "properties": {
    "no":666,
    "title":"新北市鶯歌區永吉社區發展協會",
    "county":"新北市",
    "town":"鶯歌區",
    "address":"鶯桃路德昌二街3巷1號之1(永吉市民活動中心)",
    "tel":"無",
    "mobile":"935569467"
    }
  },
  {
    "type": "Feature",
    "geometry": {
       "type": "Point",
       "coordinates":  [ 121.34223,24.949777 ]
    },
    "properties": {
    "no":667,
    "title":"新北市鶯歌區永昌社區發展協會",
    "county":"新北市",
    "town":"鶯歌區",
    "address":"永昌街36-1號(永昌市民活動中心)",
    "tel":"無",
    "mobile":"982024095"
    }
  },
  {
    "type": "Feature",
    "geometry": {
       "type": "Point",
       "coordinates":  [ 121.34223,24.949777 ]
    },
    "properties": {
    "no":668,
    "title":"新北市鶯歌區永昌里辦公處",
    "county":"新北市",
    "town":"鶯歌區",
    "address":"永昌街36-1號(永昌市民活動中心)",
    "tel":"無",
    "mobile":"919954187"
    }
  },
  {
    "type": "Feature",
    "geometry": {
       "type": "Point",
       "coordinates":  [ 121.3436991,24.9466871 ]
    },
    "properties": {
    "no":669,
    "title":"新北市鶯歌區尖山里辦公處",
    "county":"新北市",
    "town":"鶯歌區",
    "address":"尖山路211巷1號(尖山市民活動中心)",
    "tel":"無",
    "mobile":"937923006"
    }
  },
  {
    "type": "Feature",
    "geometry": {
       "type": "Point",
       "coordinates":  [ 121.3497642,24.9587212 ]
    },
    "properties": {
    "no":670,
    "title":"新北市鶯歌區老人會",
    "county":"新北市",
    "town":"鶯歌區",
    "address":"中山路138巷5-1號(鶯歌區休閒活動中心)",
    "tel":"無",
    "mobile":"938178780"
    }
  },
  {
    "type": "Feature",
    "geometry": {
       "type": "Point",
       "coordinates":  [ 121.3520292,24.9487958 ]
    },
    "properties": {
    "no":671,
    "title":"福南宮",
    "county":"新北市",
    "town":"鶯歌區",
    "address":"文化路226巷16-1號(福南宮土地廟)",
    "tel":"無",
    "mobile":"956678808"
    }
  },
  {
    "type": "Feature",
    "geometry": {
       "type": "Point",
       "coordinates":  [ 121.352819,24.9532018 ]
    },
    "properties": {
    "no":672,
    "title":"新北市鶯歌區建德社區發展協會",
    "county":"新北市",
    "town":"鶯歌區",
    "address":"中正一路建德巷22號",
    "tel":"(02)86775281",
    "mobile":"無"
    }
  },
  {
    "type": "Feature",
    "geometry": {
       "type": "Point",
       "coordinates":  [ 121.3332361,24.9674914 ]
    },
    "properties": {
    "no":673,
    "title":"新北市鶯歌區鳳鳴社區發展協會",
    "county":"新北市",
    "town":"鶯歌區",
    "address":"永和街34巷8號2樓(鳳鳴市民活動中心)",
    "tel":"無",
    "mobile":"921463298"
    }
  },
  {
    "type": "Feature",
    "geometry": {
       "type": "Point",
       "coordinates":  [ 121.3327779,24.9637427 ]
    },
    "properties": {
    "no":674,
    "title":"新北市鶯歌區鳳祥里辦公處",
    "county":"新北市",
    "town":"鶯歌區",
    "address":"鶯桃路381巷2弄15號(鳳祥市民活動中心)",
    "tel":"(02)86777028﻿",
    "mobile":"無"
    }
  },
  {
    "type": "Feature",
    "geometry": {
       "type": "Point",
       "coordinates":  [ 121.3255521,24.9716372 ]
    },
    "properties": {
    "no":675,
    "title":"新北市多元智能老幼暨兒童教育發展協會(鶯歌站)",
    "county":"新北市",
    "town":"鶯歌區",
    "address":"福隆一街14號",
    "tel":"(02)22886656",
    "mobile":"無"
    }
  },
  {
    "type": "Feature",
    "geometry": {
       "type": "Point",
       "coordinates":  [ 121.3544342,24.9558609 ]
    },
    "properties": {
    "no":676,
    "title":"新北市鶯歌區北鶯社區發展協會",
    "county":"新北市",
    "town":"鶯歌區",
    "address":"仁愛路55號(北鶯市民活動中心)",
    "tel":"(02)26700076",
    "mobile":"無"
    }
  },
  {
    "type": "Feature",
    "geometry": {
       "type": "Point",
       "coordinates":  [ 121.3451221,24.955167 ]
    },
    "properties": {
    "no":677,
    "title":"新北市鶯歌區建國里辦公處",
    "county":"新北市",
    "town":"鶯歌區",
    "address":"育智路49號",
    "tel":"(02)26796063",
    "mobile":"無"
    }
  },
  {
    "type": "Feature",
    "geometry": {
       "type": "Point",
       "coordinates":  [ 121.3367642,24.9776574 ]
    },
    "properties": {
    "no":678,
    "title":"新北市鶯歌區大湖社區發展協會",
    "county":"新北市",
    "town":"鶯歌區",
    "address":"明圓街43號(大湖市民活動中心)",
    "tel":"(02)86777618",
    "mobile":"無"
    }
  },
  {
    "type": "Feature",
    "geometry": {
       "type": "Point",
       "coordinates":  [ 121.3546061,24.9534381 ]
    },
    "properties": {
    "no":679,
    "title":"新北市鶯歌區東鶯社區發展協會",
    "county":"新北市",
    "town":"鶯歌區",
    "address":"文化路215號(東鶯市民活動中心)",
    "tel":"(02)26792501",
    "mobile":"無"
    }
  },
  {
    "type": "Feature",
    "geometry": {
       "type": "Point",
       "coordinates":  [ 121.34719,24.9513814 ]
    },
    "properties": {
    "no":680,
    "title":"新北市鶯歌區同慶里辦公處",
    "county":"新北市",
    "town":"鶯歌區",
    "address":"尖山埔路104號(同慶市民活動中心)",
    "tel":"(02)26780202",
    "mobile":"無"
    }
  },
  {
    "type": "Feature",
    "geometry": {
       "type": "Point",
       "coordinates":  [ 121.3524028,24.9540888 ]
    },
    "properties": {
    "no":681,
    "title":"新北市鶯歌區中鶯里辦公處",
    "county":"新北市",
    "town":"鶯歌區",
    "address":"中正一路62巷7號3樓(中鶯市民活動中心)",
    "tel":"無",
    "mobile":"935295916"
    }
  },
  {
    "type": "Feature",
    "geometry": {
       "type": "Point",
       "coordinates":  [ 121.3544342,24.9558609 ]
    },
    "properties": {
    "no":682,
    "title":"新北市鶯歌區北鶯社區發展協會",
    "county":"新北市",
    "town":"鶯歌區",
    "address":"仁愛路55號(北鶯市民活動中心)",
    "tel":"(02)26700076",
    "mobile":"無"
    }
  },
  {
    "type": "Feature",
    "geometry": {
       "type": "Point",
       "coordinates":  [ 121.3624597,24.9065938 ]
    },
    "properties": {
    "no":683,
    "title":"新北市三峽區二鬮里辦公處",
    "county":"新北市",
    "town":"三峽區",
    "address":"中正路二段449號(大埔二鬮市民活動中心)",
    "tel":"無",
    "mobile":"986359839"
    }
  },
  {
    "type": "Feature",
    "geometry": {
       "type": "Point",
       "coordinates":  [ 121.3692913,24.9315562 ]
    },
    "properties": {
    "no":684,
    "title":"台灣基督長老教會三峽教會",
    "county":"新北市",
    "town":"三峽區",
    "address":"民族街1號",
    "tel":"(02)26711981",
    "mobile":"無"
    }
  },
  {
    "type": "Feature",
    "geometry": {
       "type": "Point",
       "coordinates":  [ 121.3709755,24.9357215 ]
    },
    "properties": {
    "no":685,
    "title":"新北市托老互照志工協會",
    "county":"新北市",
    "town":"三峽區",
    "address":"信義街15號",
    "tel":"(02)26710900",
    "mobile":"無"
    }
  },
  {
    "type": "Feature",
    "geometry": {
       "type": "Point",
       "coordinates":  [ 121.3624597,24.9065938 ]
    },
    "properties": {
    "no":686,
    "title":"新北市三峽區大埔里辦公處",
    "county":"新北市",
    "town":"三峽區",
    "address":"中正路二段449號(大埔二鬮市民活動中心)",
    "tel":"無",
    "mobile":"922047073"
    }
  },
  {
    "type": "Feature",
    "geometry": {
       "type": "Point",
       "coordinates":  [ 121.3662151,24.9114013 ]
    },
    "properties": {
    "no":687,
    "title":"社團法人新北市德道慈善會",
    "county":"新北市",
    "town":"三峽區",
    "address":"中正路二段273號",
    "tel":"(02)26720800",
    "mobile":"無"
    }
  },
  {
    "type": "Feature",
    "geometry": {
       "type": "Point",
       "coordinates":  [ 121.3655718,24.925407 ]
    },
    "properties": {
    "no":688,
    "title":"新北市三峽區中埔里辦公處",
    "county":"新北市",
    "town":"三峽區",
    "address":"大同路266、268號(自強市民活動中心)",
    "tel":"(02)26733197﻿",
    "mobile":"無"
    }
  },
  {
    "type": "Feature",
    "geometry": {
       "type": "Point",
       "coordinates":  [ 121.3764958,24.9297894 ]
    },
    "properties": {
    "no":689,
    "title":"新北市三峽區介壽里辦公處",
    "county":"新北市",
    "town":"三峽區",
    "address":"永安街9巷5號1樓(介壽中正安溪礁溪市民活動中心)",
    "tel":"(02)26719658﻿",
    "mobile":"無"
    }
  },
  {
    "type": "Feature",
    "geometry": {
       "type": "Point",
       "coordinates":  [ 121.3865349,24.9329375 ]
    },
    "properties": {
    "no":690,
    "title":"新北市三峽區松柏長春會",
    "county":"新北市",
    "town":"三峽區",
    "address":"介壽路一段530號",
    "tel":"(02)26713193",
    "mobile":"無"
    }
  },
  {
    "type": "Feature",
    "geometry": {
       "type": "Point",
       "coordinates":  [ 121.3761849,24.9284222 ]
    },
    "properties": {
    "no":691,
    "title":"新北市三峽區中正里辦公處",
    "county":"新北市",
    "town":"三峽區",
    "address":"光明路71號6樓(光明市民活動中心)",
    "tel":"無",
    "mobile":"921994391"
    }
  },
  {
    "type": "Feature",
    "geometry": {
       "type": "Point",
       "coordinates":  [ 121.369085,24.9290369 ]
    },
    "properties": {
    "no":692,
    "title":"三峽松鶴長壽會",
    "county":"新北市",
    "town":"三峽區",
    "address":"民族街122號(八張市民活動中心)",
    "tel":"(02)26713193",
    "mobile":"無"
    }
  },
  {
    "type": "Feature",
    "geometry": {
       "type": "Point",
       "coordinates":  [ 121.366834,24.9372559 ]
    },
    "properties": {
    "no":693,
    "title":"新北市三峽區鳶山里辦公處",
    "county":"新北市",
    "town":"三峽區",
    "address":"大勇路36巷2、2之1號(鳶山里銀髮俱樂部)",
    "tel":"(02)26715961",
    "mobile":"無"
    }
  },
  {
    "type": "Feature",
    "geometry": {
       "type": "Point",
       "coordinates":  [ 121.3709755,24.9357215 ]
    },
    "properties": {
    "no":694,
    "title":"新北市托老互照志工協會",
    "county":"新北市",
    "town":"三峽區",
    "address":"信義街15號",
    "tel":"(02)26689439",
    "mobile":"無"
    }
  },
  {
    "type": "Feature",
    "geometry": {
       "type": "Point",
       "coordinates":  [ 121.444926,24.928103 ]
    },
    "properties": {
    "no":695,
    "title":"新北市三峽福松老人福利促進會",
    "county":"新北市",
    "town":"三峽區",
    "address":"建安43號",
    "tel":"無",
    "mobile":"935123274"
    }
  },
  {
    "type": "Feature",
    "geometry": {
       "type": "Point",
       "coordinates":  [ 121.3737127,24.9301084 ]
    },
    "properties": {
    "no":696,
    "title":"新北市三峽區安溪里辦公處",
    "county":"新北市",
    "town":"三峽區",
    "address":"中正路一段108巷14號",
    "tel":"無",
    "mobile":"927379355"
    }
  },
  {
    "type": "Feature",
    "geometry": {
       "type": "Point",
       "coordinates":  [ 121.37228,24.9280409 ]
    },
    "properties": {
    "no":697,
    "title":"新北市多元智能老幼暨兒童教育發展協會(三峽站)",
    "county":"新北市",
    "town":"三峽區",
    "address":"中正路一段200號",
    "tel":"(02)22886656",
    "mobile":"無"
    }
  },
  {
    "type": "Feature",
    "geometry": {
       "type": "Point",
       "coordinates":  [ 121.4188882,24.9292209 ]
    },
    "properties": {
    "no":698,
    "title":"新北市三峽區成褔里辦公處",
    "county":"新北市",
    "town":"三峽區",
    "address":"成福路44號(成福市民活動中心)",
    "tel":"(02)26726087﻿",
    "mobile":"無"
    }
  },
  {
    "type": "Feature",
    "geometry": {
       "type": "Point",
       "coordinates":  [ 121.4349364,24.90892 ]
    },
    "properties": {
    "no":699,
    "title":"新北市三峽區竹崙里辦公處",
    "county":"新北市",
    "town":"三峽區",
    "address":"竹崙路146號(竹崙市民活動中心)",
    "tel":"(02)26682221﻿",
    "mobile":"無"
    }
  },
  {
    "type": "Feature",
    "geometry": {
       "type": "Point",
       "coordinates":  [ 121.3662151,24.9114013 ]
    },
    "properties": {
    "no":700,
    "title":"社團法人新北市德道慈善會",
    "county":"新北市",
    "town":"三峽區",
    "address":"中正路二段273號",
    "tel":"(02)26720800",
    "mobile":"無"
    }
  },
  {
    "type": "Feature",
    "geometry": {
       "type": "Point",
       "coordinates":  [ 121.3978129,24.9356791 ]
    },
    "properties": {
    "no":701,
    "title":"新北市三峽區溪北里辦公處",
    "county":"新北市",
    "town":"三峽區",
    "address":"溪北街87號(溪北市民活動中心)",
    "tel":"(02)﻿﻿86762738",
    "mobile":"無"
    }
  },
  {
    "type": "Feature",
    "geometry": {
       "type": "Point",
       "coordinates":  [ 121.4075749,24.9317 ]
    },
    "properties": {
    "no":702,
    "title":"新北市三峽區溪東里辦公處",
    "county":"新北市",
    "town":"三峽區",
    "address":"溪東路218巷1號(溪東市民活動中心)",
    "tel":"(02)86763543",
    "mobile":"無"
    }
  },
  {
    "type": "Feature",
    "geometry": {
       "type": "Point",
       "coordinates":  [ 121.39233,24.93331 ]
    },
    "properties": {
    "no":703,
    "title":"新北市三峽區中興社區發展協會",
    "county":"新北市",
    "town":"三峽區",
    "address":"介壽路二段136巷63號(中興市民活動中心)",
    "tel":"無",
    "mobile":"922264609"
    }
  },
  {
    "type": "Feature",
    "geometry": {
       "type": "Point",
       "coordinates":  [ 121.3669186,24.9379987 ]
    },
    "properties": {
    "no":704,
    "title":"中華民國體育運動教練協會",
    "county":"新北市",
    "town":"三峽區",
    "address":"大勇路18之2號3樓、18之3號3樓",
    "tel":"無",
    "mobile":"910315119"
    }
  },
  {
    "type": "Feature",
    "geometry": {
       "type": "Point",
       "coordinates":  [ 121.3797916,24.9417643 ]
    },
    "properties": {
    "no":705,
    "title":"新北市三峽區龍埔社區發展協會",
    "county":"新北市",
    "town":"三峽區",
    "address":"三樹路214巷9號2樓(龍埔市民活動中心)",
    "tel":"無",
    "mobile":"937851300"
    }
  },
  {
    "type": "Feature",
    "geometry": {
       "type": "Point",
       "coordinates":  [ 121.3778783,24.9441866 ]
    },
    "properties": {
    "no":706,
    "title":"新北市三峽區龍恩里辦公處",
    "county":"新北市",
    "town":"三峽區",
    "address":"學成路396號4樓(龍學龍恩市民活動中心)",
    "tel":"(02)86721627",
    "mobile":"無"
    }
  },
  {
    "type": "Feature",
    "geometry": {
       "type": "Point",
       "coordinates":  [ 121.3709755,24.9357215 ]
    },
    "properties": {
    "no":707,
    "title":"新北市托老互照志工協會",
    "county":"新北市",
    "town":"三峽區",
    "address":"信義街15號",
    "tel":"(02)26689439",
    "mobile":"無"
    }
  },
  {
    "type": "Feature",
    "geometry": {
       "type": "Point",
       "coordinates":  [ 121.3751956,24.9033357 ]
    },
    "properties": {
    "no":708,
    "title":"新北市三峽區添福里辦公處",
    "county":"新北市",
    "town":"三峽區",
    "address":"添福57-1號(添褔市民活動中心)",
    "tel":"(02)26717068",
    "mobile":"無"
    }
  },
  {
    "type": "Feature",
    "geometry": {
       "type": "Point",
       "coordinates":  [ 121.3751956,24.9033357 ]
    },
    "properties": {
    "no":709,
    "title":"新北市三峽區添福里辦公處",
    "county":"新北市",
    "town":"三峽區",
    "address":"添福57-1號(添褔市民活動中心)",
    "tel":"(02)26717068",
    "mobile":"無"
    }
  },
  {
    "type": "Feature",
    "geometry": {
       "type": "Point",
       "coordinates":  [ 121.4044633,24.8726271 ]
    },
    "properties": {
    "no":710,
    "title":"新北市三峽區大有社區發展協會",
    "county":"新北市",
    "town":"三峽區",
    "address":"插角25-1號(大有市民活動中心)",
    "tel":"無",
    "mobile":"939649709"
    }
  },
  {
    "type": "Feature",
    "geometry": {
       "type": "Point",
       "coordinates":  [ 121.4044633,24.8726271 ]
    },
    "properties": {
    "no":711,
    "title":"新北市三峽區大有社區發展協會",
    "county":"新北市",
    "town":"三峽區",
    "address":"插角25-1號(大有市民活動中心)",
    "tel":"無",
    "mobile":"939649709"
    }
  },
  {
    "type": "Feature",
    "geometry": {
       "type": "Point",
       "coordinates":  [ 121.359463,24.8567321 ]
    },
    "properties": {
    "no":712,
    "title":"新北市五寮里辦公處",
    "county":"新北市",
    "town":"三峽區",
    "address":"五寮89之7號(五寮市民活動中心)",
    "tel":"無",
    "mobile":"972871186"
    }
  },
  {
    "type": "Feature",
    "geometry": {
       "type": "Point",
       "coordinates":  [ 121.3761849,24.9284222 ]
    },
    "properties": {
    "no":713,
    "title":"新北市三峽區中正里辦公處",
    "county":"新北市",
    "town":"三峽區",
    "address":"光明路71號6樓(光明市民活動中心)",
    "tel":"無",
    "mobile":"921994391"
    }
  },
  {
    "type": "Feature",
    "geometry": {
       "type": "Point",
       "coordinates":  [ 121.4217782,25.1824642 ]
    },
    "properties": {
    "no":714,
    "title":"新北市淡水區大庄里辦公處",
    "county":"新北市",
    "town":"淡水區",
    "address":"淡海路111號(淡海市民活動中心)",
    "tel":"(02)28053356",
    "mobile":"無"
    }
  },
  {
    "type": "Feature",
    "geometry": {
       "type": "Point",
       "coordinates":  [ 121.4856657,25.2280643 ]
    },
    "properties": {
    "no":715,
    "title":"新北市淡水區中和里辦公處",
    "county":"新北市",
    "town":"淡水區",
    "address":"小中寮19-2號",
    "tel":"(02)28013232",
    "mobile":"無"
    }
  },
  {
    "type": "Feature",
    "geometry": {
       "type": "Point",
       "coordinates":  [ 121.4432329,25.1723419 ]
    },
    "properties": {
    "no":716,
    "title":"新北市淡水區中興里辦公處",
    "county":"新北市",
    "town":"淡水區",
    "address":"水源街一段29號(中興市民活動中心)",
    "tel":"(02)26226070",
    "mobile":"無"
    }
  },
  {
    "type": "Feature",
    "geometry": {
       "type": "Point",
       "coordinates":  [ 121.4583998,25.2367678 ]
    },
    "properties": {
    "no":717,
    "title":"新北市淡水區屯山里辦公處",
    "county":"新北市",
    "town":"淡水區",
    "address":"屯山里石頭厝9-3號",
    "tel":"(02)28012408",
    "mobile":"無"
    }
  },
  {
    "type": "Feature",
    "geometry": {
       "type": "Point",
       "coordinates":  [ 121.4765516,25.1858379 ]
    },
    "properties": {
    "no":718,
    "title":"新北市淡水區水源里辦公處",
    "county":"新北市",
    "town":"淡水區",
    "address":"北新路二段15號(水源市民活動中心)",
    "tel":"(02)26211171",
    "mobile":"無"
    }
  },
  {
    "type": "Feature",
    "geometry": {
       "type": "Point",
       "coordinates":  [ 121.4442216,25.1780828 ]
    },
    "properties": {
    "no":719,
    "title":"新北市淡水區水碓里辦公處",
    "county":"新北市",
    "town":"淡水區",
    "address":"中山北路一段158號(水碓市民活動中心)",
    "tel":"(02)26213948",
    "mobile":"無"
    }
  },
  {
    "type": "Feature",
    "geometry": {
       "type": "Point",
       "coordinates":  [ 121.4483362,25.1794742 ]
    },
    "properties": {
    "no":720,
    "title":"新北市淡水區正德里辦公處",
    "county":"新北市",
    "town":"淡水區",
    "address":"北新路141巷27號",
    "tel":"(02)26250849",
    "mobile":"無"
    }
  },
  {
    "type": "Feature",
    "geometry": {
       "type": "Point",
       "coordinates":  [ 121.4615234,25.1379647 ]
    },
    "properties": {
    "no":721,
    "title":"新北市淡水區民生里辦公處",
    "county":"新北市",
    "town":"淡水區",
    "address":"民生路27號(民生市民活動中心)",
    "tel":"(02)28091583",
    "mobile":"無"
    }
  },
  {
    "type": "Feature",
    "geometry": {
       "type": "Point",
       "coordinates":  [ 121.4619464,25.1345865 ]
    },
    "properties": {
    "no":722,
    "title":"新北市淡水區民權里辦公處",
    "county":"新北市",
    "town":"淡水區",
    "address":"民族路112巷32號",
    "tel":"(02)28087612",
    "mobile":"無"
    }
  },
  {
    "type": "Feature",
    "geometry": {
       "type": "Point",
       "coordinates":  [ 121.4822164,25.158398 ]
    },
    "properties": {
    "no":723,
    "title":"新北市淡水區坪頂里辦公處",
    "county":"新北市",
    "town":"淡水區",
    "address":"坪頂路710巷1號",
    "tel":"無",
    "mobile":"910667596"
    }
  },
  {
    "type": "Feature",
    "geometry": {
       "type": "Point",
       "coordinates":  [ 121.4469789,25.169363 ]
    },
    "properties": {
    "no":724,
    "title":"新北市淡水區幸福里辦公處",
    "county":"新北市",
    "town":"淡水區",
    "address":"學府路51巷3弄10號",
    "tel":"(02)26251855",
    "mobile":"無"
    }
  },
  {
    "type": "Feature",
    "geometry": {
       "type": "Point",
       "coordinates":  [ 121.462997,25.207464 ]
    },
    "properties": {
    "no":725,
    "title":"新北市淡水區忠山里辦公處",
    "county":"新北市",
    "town":"淡水區",
    "address":"後坑子18-1號",
    "tel":"(02)26210658",
    "mobile":"無"
    }
  },
  {
    "type": "Feature",
    "geometry": {
       "type": "Point",
       "coordinates":  [ 121.474254,25.198364 ]
    },
    "properties": {
    "no":726,
    "title":"新北市淡水區忠寮社區發展協會",
    "county":"新北市",
    "town":"淡水區",
    "address":"後寮6號",
    "tel":"(02)26212923",
    "mobile":"無"
    }
  },
  {
    "type": "Feature",
    "geometry": {
       "type": "Point",
       "coordinates":  [ 121.4239121,25.1791295 ]
    },
    "properties": {
    "no":727,
    "title":"新北市淡水區油車社區發展協會",
    "county":"新北市",
    "town":"淡水區",
    "address":"淡海路32號",
    "tel":"無",
    "mobile":"910031248"
    }
  },
  {
    "type": "Feature",
    "geometry": {
       "type": "Point",
       "coordinates":  [ 121.4511697,25.1649472 ]
    },
    "properties": {
    "no":728,
    "title":"新北市淡水區竿蓁里辦公處",
    "county":"新北市",
    "town":"淡水區",
    "address":"中正東路一段3巷6號(竿蓁市民活動中心)",
    "tel":"(02)26221769",
    "mobile":"無"
    }
  },
  {
    "type": "Feature",
    "geometry": {
       "type": "Point",
       "coordinates":  [ 121.4440798,25.1842467 ]
    },
    "properties": {
    "no":729,
    "title":"社團法人台灣愛鄰社區服務協會(崁頂站)",
    "county":"新北市",
    "town":"淡水區",
    "address":"中山北路二段159~185號",
    "tel":"(02)26269995",
    "mobile":"無"
    }
  },
  {
    "type": "Feature",
    "geometry": {
       "type": "Point",
       "coordinates":  [ 121.4377493,25.1776146 ]
    },
    "properties": {
    "no":730,
    "title":"新北市淡水區新民里辦公處",
    "county":"新北市",
    "town":"淡水區",
    "address":"新民街120巷60號旁",
    "tel":"(02)86310077",
    "mobile":"無"
    }
  },
  {
    "type": "Feature",
    "geometry": {
       "type": "Point",
       "coordinates":  [ 121.4373921,25.1720531 ]
    },
    "properties": {
    "no":731,
    "title":"新北市淡水區新生里辦公處",
    "county":"新北市",
    "town":"淡水區",
    "address":"中正路207號2樓(滬尾市民活動中心)",
    "tel":"(02)26211472",
    "mobile":"無"
    }
  },
  {
    "type": "Feature",
    "geometry": {
       "type": "Point",
       "coordinates":  [ 121.4375941,25.1817471 ]
    },
    "properties": {
    "no":732,
    "title":"新北市淡水區新春里辦公處",
    "county":"新北市",
    "town":"淡水區",
    "address":"新春街46之1號",
    "tel":"(02)26262568",
    "mobile":"無"
    }
  },
  {
    "type": "Feature",
    "geometry": {
       "type": "Point",
       "coordinates":  [ 121.4436272,25.1780726 ]
    },
    "properties": {
    "no":733,
    "title":"新北市淡水區新義里辦公處",
    "county":"新北市",
    "town":"淡水區",
    "address":"大義街5號",
    "tel":"(02)26220282",
    "mobile":"無"
    }
  },
  {
    "type": "Feature",
    "geometry": {
       "type": "Point",
       "coordinates":  [ 121.4415735,25.1815473 ]
    },
    "properties": {
    "no":734,
    "title":"新北市淡水區新興里辦公處",
    "county":"新北市",
    "town":"淡水區",
    "address":"新春街138號",
    "tel":"(02)26205051",
    "mobile":"無"
    }
  },
  {
    "type": "Feature",
    "geometry": {
       "type": "Point",
       "coordinates":  [ 121.4498138,25.2069471 ]
    },
    "properties": {
    "no":735,
    "title":"新北市淡水義山公共托老中心",
    "county":"新北市",
    "town":"淡水區",
    "address":"奎柔山路3號",
    "tel":"(02)26256017",
    "mobile":"無"
    }
  },
  {
    "type": "Feature",
    "geometry": {
       "type": "Point",
       "coordinates":  [ 121.4632136,25.1275712 ]
    },
    "properties": {
    "no":736,
    "title":"新北市淡水區福德里辦公處",
    "county":"新北市",
    "town":"淡水區",
    "address":"自強路58號",
    "tel":"無",
    "mobile":"910809302"
    }
  },
  {
    "type": "Feature",
    "geometry": {
       "type": "Point",
       "coordinates":  [ 121.4516746,25.2288932 ]
    },
    "properties": {
    "no":737,
    "title":"新北市淡水區賢孝里辦公處",
    "county":"新北市",
    "town":"淡水區",
    "address":"淡金路四段600號",
    "tel":"(02)28010288",
    "mobile":"無"
    }
  },
  {
    "type": "Feature",
    "geometry": {
       "type": "Point",
       "coordinates":  [ 121.4502904,25.1723459 ]
    },
    "properties": {
    "no":738,
    "title":"新北市淡水區學府社區發展協會",
    "county":"新北市",
    "town":"淡水區",
    "address":"學府路116號",
    "tel":"無",
    "mobile":"912526336"
    }
  },
  {
    "type": "Feature",
    "geometry": {
       "type": "Point",
       "coordinates":  [ 121.4867326,25.1697709 ]
    },
    "properties": {
    "no":739,
    "title":"新北市淡水區樹興里辦公處",
    "county":"新北市",
    "town":"淡水區",
    "address":"糞箕湖25號(樹興市民活動中心)",
    "tel":"(02)86260291",
    "mobile":"無"
    }
  },
  {
    "type": "Feature",
    "geometry": {
       "type": "Point",
       "coordinates":  [ 121.4517443,25.2174668 ]
    },
    "properties": {
    "no":740,
    "title":"新北市淡水區興仁里辦公處",
    "county":"新北市",
    "town":"淡水區",
    "address":"興仁路101巷5號",
    "tel":"(02)26212461",
    "mobile":"無"
    }
  },
  {
    "type": "Feature",
    "geometry": {
       "type": "Point",
       "coordinates":  [ 121.4764083,25.2223354 ]
    },
    "properties": {
    "no":741,
    "title":"新北市淡水區蕃薯里辦公處",
    "county":"新北市",
    "town":"淡水區",
    "address":"水碓5號",
    "tel":"無",
    "mobile":"928272085"
    }
  },
  {
    "type": "Feature",
    "geometry": {
       "type": "Point",
       "coordinates":  [ 121.4428525,25.1713349 ]
    },
    "properties": {
    "no":742,
    "title":"新北市淡水區長庚里辦公處",
    "county":"新北市",
    "town":"淡水區",
    "address":"中山路72巷1弄10號(長庚市民活動中心)",
    "tel":"無",
    "mobile":"933119320"
    }
  },
  {
    "type": "Feature",
    "geometry": {
       "type": "Point",
       "coordinates":  [ 121.4399358,25.1702989 ]
    },
    "properties": {
    "no":743,
    "title":"淡水福佑宮",
    "county":"新北市",
    "town":"淡水區",
    "address":"中正路200號",
    "tel":"(02)26211731",
    "mobile":"無"
    }
  },
  {
    "type": "Feature",
    "geometry": {
       "type": "Point",
       "coordinates":  [ 121.4400717,25.1745423 ]
    },
    "properties": {
    "no":744,
    "title":"新北市淡水區協元里辦公處",
    "county":"新北市",
    "town":"淡水區",
    "address":"新生街108巷4號",
    "tel":"(02)26226162",
    "mobile":"無"
    }
  },
  {
    "type": "Feature",
    "geometry": {
       "type": "Point",
       "coordinates":  [ 121.4411931,25.1705452 ]
    },
    "properties": {
    "no":745,
    "title":"淡水清水巖",
    "county":"新北市",
    "town":"淡水區",
    "address":"清水街160號2樓",
    "tel":"(02)26212236",
    "mobile":"無"
    }
  },
  {
    "type": "Feature",
    "geometry": {
       "type": "Point",
       "coordinates":  [ 121.4411931,25.1705452 ]
    },
    "properties": {
    "no":746,
    "title":"淡水清水巖",
    "county":"新北市",
    "town":"淡水區",
    "address":"清水街160號2樓",
    "tel":"(02)26212236",
    "mobile":"無"
    }
  },
  {
    "type": "Feature",
    "geometry": {
       "type": "Point",
       "coordinates":  [ 121.4399358,25.1702989 ]
    },
    "properties": {
    "no":747,
    "title":"淡水福佑宮",
    "county":"新北市",
    "town":"淡水區",
    "address":"中正路200號",
    "tel":"(02)26211731",
    "mobile":"無"
    }
  },
  {
    "type": "Feature",
    "geometry": {
       "type": "Point",
       "coordinates":  [ 121.4383381,25.1765274 ]
    },
    "properties": {
    "no":748,
    "title":"新北市淡水區文化里辦公處",
    "county":"新北市",
    "town":"淡水區",
    "address":"新民街71號",
    "tel":"(02)86310333",
    "mobile":"無"
    }
  },
  {
    "type": "Feature",
    "geometry": {
       "type": "Point",
       "coordinates":  [ 121.4608553,25.137416 ]
    },
    "properties": {
    "no":749,
    "title":"新北市淡水區竹圍里辦公處",
    "county":"新北市",
    "town":"淡水區",
    "address":"竹圍里民生路16巷2號2樓(竹圍市民活動中心)",
    "tel":"(02)28096614",
    "mobile":"無"
    }
  },
  {
    "type": "Feature",
    "geometry": {
       "type": "Point",
       "coordinates":  [ 121.4511697,25.1649472 ]
    },
    "properties": {
    "no":750,
    "title":"新北市淡水區竿蓁里辦公處",
    "county":"新北市",
    "town":"淡水區",
    "address":"中正東路一段3巷6號(竿蓁市民活動中心)",
    "tel":"(02)26221769",
    "mobile":"無"
    }
  },
  {
    "type": "Feature",
    "geometry": {
       "type": "Point",
       "coordinates":  [ 121.4433706,25.1719805 ]
    },
    "properties": {
    "no":751,
    "title":"台灣在地安老推展協會(淡水埤島站)",
    "county":"新北市",
    "town":"淡水區",
    "address":"埤島7-5號",
    "tel":"(02)26412977",
    "mobile":"無"
    }
  },
  {
    "type": "Feature",
    "geometry": {
       "type": "Point",
       "coordinates":  [ 121.4510753,25.1713924 ]
    },
    "properties": {
    "no":752,
    "title":"新北市淡水區鄧公社區發展協會",
    "county":"新北市",
    "town":"淡水區",
    "address":"鄧公路32巷7號",
    "tel":"(02)26221599",
    "mobile":"無"
    }
  },
  {
    "type": "Feature",
    "geometry": {
       "type": "Point",
       "coordinates":  [ 121.4477396,25.1683747 ]
    },
    "properties": {
    "no":753,
    "title":"社團法人台灣愛鄰社區服務協會(幸福站)",
    "county":"新北市",
    "town":"淡水區",
    "address":"學府路28號6樓",
    "tel":"(02)26269995",
    "mobile":"無"
    }
  },
  {
    "type": "Feature",
    "geometry": {
       "type": "Point",
       "coordinates":  [ 121.4202112,25.1848241 ]
    },
    "properties": {
    "no":754,
    "title":"新北市淡水區沙崙里辦公處",
    "county":"新北市",
    "town":"淡水區",
    "address":"淡海路199號",
    "tel":"(02)28058128",
    "mobile":"無"
    }
  },
  {
    "type": "Feature",
    "geometry": {
       "type": "Point",
       "coordinates":  [ 121.4483362,25.1794742 ]
    },
    "properties": {
    "no":755,
    "title":"新北市淡水區正德里辦公處",
    "county":"新北市",
    "town":"淡水區",
    "address":"北新路141巷27號",
    "tel":"(02)26281049",
    "mobile":"無"
    }
  },
  {
    "type": "Feature",
    "geometry": {
       "type": "Point",
       "coordinates":  [ 121.4589858,25.1823272 ]
    },
    "properties": {
    "no":756,
    "title":"新北市淡水區北投里辦公處",
    "county":"新北市",
    "town":"淡水區",
    "address":"北新路一段163號",
    "tel":"(02)26205789",
    "mobile":"無"
    }
  },
  {
    "type": "Feature",
    "geometry": {
       "type": "Point",
       "coordinates":  [ 121.641677,25.0692409 ]
    },
    "properties": {
    "no":757,
    "title":"新北市原住民家庭關懷協會",
    "county":"新北市",
    "town":"汐止區",
    "address":"樟樹二路302巷10號",
    "tel":"(02)26426598",
    "mobile":"無"
    }
  },
  {
    "type": "Feature",
    "geometry": {
       "type": "Point",
       "coordinates":  [ 121.6316634,25.0624437 ]
    },
    "properties": {
    "no":758,
    "title":"新北市汐止區北峰國民小學",
    "county":"新北市",
    "town":"汐止區",
    "address":"環河街1號",
    "tel":"(02)26941817",
    "mobile":"無"
    }
  },
  {
    "type": "Feature",
    "geometry": {
       "type": "Point",
       "coordinates":  [ 121.6250869,25.0681052 ]
    },
    "properties": {
    "no":759,
    "title":"新北市汐止區北山里辦公處",
    "county":"新北市",
    "town":"汐止區",
    "address":"明峰街298巷1-2號",
    "tel":"(02)26926255",
    "mobile":"無"
    }
  },
  {
    "type": "Feature",
    "geometry": {
       "type": "Point",
       "coordinates":  [ 121.6294164,25.0683257 ]
    },
    "properties": {
    "no":760,
    "title":"新北市汐止區北峰里辦公處",
    "county":"新北市",
    "town":"汐止區",
    "address":"中興路250號2樓(北峰市民活動中心)",
    "tel":"(02)26953955",
    "mobile":"無"
    }
  },
  {
    "type": "Feature",
    "geometry": {
       "type": "Point",
       "coordinates":  [ 121.6567925,25.055363 ]
    },
    "properties": {
    "no":761,
    "title":"新北市汐止區白雲里辦公處",
    "county":"新北市",
    "town":"汐止區",
    "address":"水源路二段112號(白雲市民活動中心)",
    "tel":"無",
    "mobile":"920483759"
    }
  },
  {
    "type": "Feature",
    "geometry": {
       "type": "Point",
       "coordinates":  [ 121.660372,25.062109 ]
    },
    "properties": {
    "no":762,
    "title":"新北市汐止區秀峰社區發展協會",
    "county":"新北市",
    "town":"汐止區",
    "address":"勤進路1號(新北市政府汐止區秀山秀峰福安市民活動中心)",
    "tel":"無",
    "mobile":"933204101"
    }
  },
  {
    "type": "Feature",
    "geometry": {
       "type": "Point",
       "coordinates":  [ 121.673732,25.079018 ]
    },
    "properties": {
    "no":763,
    "title":"新北市汐止區保長里辦公處",
    "county":"新北市",
    "town":"汐止區",
    "address":"保長路51巷11、13號(保長市民活動中心)",
    "tel":"無",
    "mobile":"921950973"
    }
  },
  {
    "type": "Feature",
    "geometry": {
       "type": "Point",
       "coordinates":  [ 121.640863,25.0659879 ]
    },
    "properties": {
    "no":764,
    "title":"新北市汐止區厚德里辦公室",
    "county":"新北市",
    "town":"汐止區",
    "address":"樟樹一路137巷26弄2樓(厚德山光市民活動中心)",
    "tel":"(02)26481234",
    "mobile":"無"
    }
  },
  {
    "type": "Feature",
    "geometry": {
       "type": "Point",
       "coordinates":  [ 121.6398413,25.0677779 ]
    },
    "properties": {
    "no":765,
    "title":"新北市飛頓耐溫馨關懷協會",
    "county":"新北市",
    "town":"汐止區",
    "address":"樟樹二路251巷25號",
    "tel":"無",
    "mobile":"931287016"
    }
  },
  {
    "type": "Feature",
    "geometry": {
       "type": "Point",
       "coordinates":  [ 121.6620342,25.0734878 ]
    },
    "properties": {
    "no":766,
    "title":"社團法人新北市汐止區基督教全人關懷福音發展協會(建成站)",
    "county":"新北市",
    "town":"汐止區",
    "address":"建成路152號B1",
    "tel":"(02)26917152",
    "mobile":"無"
    }
  },
  {
    "type": "Feature",
    "geometry": {
       "type": "Point",
       "coordinates":  [ 121.6730933,25.06703 ]
    },
    "properties": {
    "no":767,
    "title":"新北市汐止佳醫公共托老中心",
    "county":"新北市",
    "town":"汐止區",
    "address":"茄苳路296號",
    "tel":"(02)86486672",
    "mobile":"無"
    }
  },
  {
    "type": "Feature",
    "geometry": {
       "type": "Point",
       "coordinates":  [ 121.666882,25.0705157 ]
    },
    "properties": {
    "no":768,
    "title":"社團法人新北市汐止區基督教全人關懷福音發展協會(崇德站)",
    "county":"新北市",
    "town":"汐止區",
    "address":"茄苳路82號(崇德橋東市民活動中心)",
    "tel":"(02)26917152",
    "mobile":"無"
    }
  },
  {
    "type": "Feature",
    "geometry": {
       "type": "Point",
       "coordinates":  [ 121.6557059,25.0646814 ]
    },
    "properties": {
    "no":769,
    "title":"新北市汐止區復興里辦公處",
    "county":"新北市",
    "town":"汐止區",
    "address":"復興路1之1號(復興市民活動中心)",
    "tel":"(02)26426123",
    "mobile":"無"
    }
  },
  {
    "type": "Feature",
    "geometry": {
       "type": "Point",
       "coordinates":  [ 121.6325656,25.0761919 ]
    },
    "properties": {
    "no":770,
    "title":"新北市汐止區湖蓮里辦公處",
    "county":"新北市",
    "town":"汐止區",
    "address":"湖前街110巷97弄24號B2(中餐廳大廳及才藝教室)",
    "tel":"(02)26908318",
    "mobile":"無"
    }
  },
  {
    "type": "Feature",
    "geometry": {
       "type": "Point",
       "coordinates":  [ 121.6649999,25.0816474 ]
    },
    "properties": {
    "no":771,
    "title":"新北市汐止區鄉長社區發展協會",
    "county":"新北市",
    "town":"汐止區",
    "address":"長江街287-1號(玉泉宮)",
    "tel":"(02)26419980",
    "mobile":"無"
    }
  },
  {
    "type": "Feature",
    "geometry": {
       "type": "Point",
       "coordinates":  [ 121.6226866,25.0441054 ]
    },
    "properties": {
    "no":772,
    "title":"迎旭大愛協會",
    "county":"新北市",
    "town":"汐止區",
    "address":"國興街22巷28號(新雪梨活動中心週邊)",
    "tel":"無",
    "mobile":"918031879"
    }
  },
  {
    "type": "Feature",
    "geometry": {
       "type": "Point",
       "coordinates":  [ 121.6247494,25.0782963 ]
    },
    "properties": {
    "no":773,
    "title":"新北市龍馬湖發展協進會",
    "county":"新北市",
    "town":"汐止區",
    "address":"忠三街8號(忠山市民活動中心)",
    "tel":"無",
    "mobile":"982397642"
    }
  },
  {
    "type": "Feature",
    "geometry": {
       "type": "Point",
       "coordinates":  [ 121.642402,25.097422 ]
    },
    "properties": {
    "no":774,
    "title":"新北市汐止區農會",
    "county":"新北市",
    "town":"汐止區",
    "address":"汐萬路三段246號",
    "tel":"(02)26416666",
    "mobile":"無"
    }
  },
  {
    "type": "Feature",
    "geometry": {
       "type": "Point",
       "coordinates":  [ 121.6617312,25.0683194 ]
    },
    "properties": {
    "no":775,
    "title":"社團法人台灣樂活服務發展協會(汐止信望站)",
    "county":"新北市",
    "town":"汐止區",
    "address":"信義路1號2樓(火車站)",
    "tel":"無",
    "mobile":"939159495"
    }
  },
  {
    "type": "Feature",
    "geometry": {
       "type": "Point",
       "coordinates":  [ 121.6201815,25.0504501 ]
    },
    "properties": {
    "no":776,
    "title":"社團法人中華關懷身心促進發展協會-宜興站",
    "county":"新北市",
    "town":"汐止區",
    "address":"橫科路119號2樓(橫科福山市民活動中心)",
    "tel":"無",
    "mobile":"980731450"
    }
  },
  {
    "type": "Feature",
    "geometry": {
       "type": "Point",
       "coordinates":  [ 121.66316,25.0711059 ]
    },
    "properties": {
    "no":777,
    "title":"社團法人中華關懷身心促進發展協會-仁德站",
    "county":"新北市",
    "town":"汐止區",
    "address":"和平街6巷1弄1號(仁德市民活動中心)",
    "tel":"無",
    "mobile":"980731450"
    }
  },
  {
    "type": "Feature",
    "geometry": {
       "type": "Point",
       "coordinates":  [ 121.6566407,25.0681465 ]
    },
    "properties": {
    "no":778,
    "title":"新北市汐止區禮門里辦公處",
    "county":"新北市",
    "town":"汐止區",
    "address":"中正路285號(禮門市民活動中心)",
    "tel":"(02)86923954",
    "mobile":"無"
    }
  },
  {
    "type": "Feature",
    "geometry": {
       "type": "Point",
       "coordinates":  [ 121.644965,25.105259 ]
    },
    "properties": {
    "no":779,
    "title":"新北市汐止區烘內里辦公處",
    "county":"新北市",
    "town":"汐止區",
    "address":"汐萬路三段252巷27號(烘內市民活動中心)",
    "tel":"(02)26461346",
    "mobile":"無"
    }
  },
  {
    "type": "Feature",
    "geometry": {
       "type": "Point",
       "coordinates":  [ 121.642402,25.097422 ]
    },
    "properties": {
    "no":780,
    "title":"新北市汐止區農會",
    "county":"新北市",
    "town":"汐止區",
    "address":"汐萬路三段246號",
    "tel":"(02)26416666",
    "mobile":"無"
    }
  },
  {
    "type": "Feature",
    "geometry": {
       "type": "Point",
       "coordinates":  [ 121.66316,25.0711059 ]
    },
    "properties": {
    "no":781,
    "title":"社團法人中華關懷身心促進發展協會-仁德站",
    "county":"新北市",
    "town":"汐止區",
    "address":"和平街6巷1弄1號(仁德市民活動中心)",
    "tel":"無",
    "mobile":"980731450"
    }
  },
  {
    "type": "Feature",
    "geometry": {
       "type": "Point",
       "coordinates":  [ 121.6342371,25.0396695 ]
    },
    "properties": {
    "no":782,
    "title":"白雲山莊社區管理委員會",
    "county":"新北市",
    "town":"汐止區",
    "address":"東勢街216巷22弄2-1號",
    "tel":"(02)26901132",
    "mobile":"無"
    }
  },
  {
    "type": "Feature",
    "geometry": {
       "type": "Point",
       "coordinates":  [ 121.642402,25.097422 ]
    },
    "properties": {
    "no":783,
    "title":"新北市汐止區農會",
    "county":"新北市",
    "town":"汐止區",
    "address":"汐萬路三段246號",
    "tel":"(02)26416666",
    "mobile":"無"
    }
  },
  {
    "type": "Feature",
    "geometry": {
       "type": "Point",
       "coordinates":  [ 121.6212049,25.0671993 ]
    },
    "properties": {
    "no":784,
    "title":"財團法人北部台灣基督長老教會七星中會(康寧街教會)",
    "county":"新北市",
    "town":"汐止區",
    "address":"康寧街141巷3號1樓",
    "tel":"(02)26953081",
    "mobile":"無"
    }
  },
  {
    "type": "Feature",
    "geometry": {
       "type": "Point",
       "coordinates":  [ 121.672058,25.069255 ]
    },
    "properties": {
    "no":785,
    "title":"社團法人大中華婦幼關懷成長協會",
    "county":"新北市",
    "town":"汐止區",
    "address":"茄苳路225巷35號1樓、3樓(茄苳市民活動中心)",
    "tel":"(02)86488662",
    "mobile":"無"
    }
  },
  {
    "type": "Feature",
    "geometry": {
       "type": "Point",
       "coordinates":  [ 121.6706008,25.0792007 ]
    },
    "properties": {
    "no":786,
    "title":"新北市汐止區長安里辦公處",
    "county":"新北市",
    "town":"汐止區",
    "address":"長興街一段50號2樓(長安市民活動中心)",
    "tel":"(02)86483938",
    "mobile":"無"
    }
  },
  {
    "type": "Feature",
    "geometry": {
       "type": "Point",
       "coordinates":  [ 121.6201815,25.0504501 ]
    },
    "properties": {
    "no":787,
    "title":"新北市汐止區橫科里辦公處",
    "county":"新北市",
    "town":"汐止區",
    "address":"橫科路119號2樓(橫科福山市民活動中心)",
    "tel":"(02)26402988",
    "mobile":"無"
    }
  },
  {
    "type": "Feature",
    "geometry": {
       "type": "Point",
       "coordinates":  [ 121.3789988,24.9293019 ]
    },
    "properties": {
    "no":788,
    "title":"社團法人台灣信望愛發展協會",
    "county":"新北市",
    "town":"汐止區",
    "address":"大同路1段324號2樓",
    "tel":"(02)26419280",
    "mobile":"無"
    }
  },
  {
    "type": "Feature",
    "geometry": {
       "type": "Point",
       "coordinates":  [ 121.6586112,25.0654186 ]
    },
    "properties": {
    "no":789,
    "title":"新北市汐止區老人會",
    "county":"新北市",
    "town":"汐止區",
    "address":"忠孝東路9號(汐止區綜合運動場)",
    "tel":"(02)86481959",
    "mobile":"無"
    }
  },
  {
    "type": "Feature",
    "geometry": {
       "type": "Point",
       "coordinates":  [ 121.672058,25.069255 ]
    },
    "properties": {
    "no":790,
    "title":"社團法人大中華婦幼關懷成長協會",
    "county":"新北市",
    "town":"汐止區",
    "address":"茄苳路225巷35號1樓、3樓(茄苳市民活動中心)",
    "tel":"(02)86488662",
    "mobile":"無"
    }
  },
  {
    "type": "Feature",
    "geometry": {
       "type": "Point",
       "coordinates":  [ 121.664162,25.067001 ]
    },
    "properties": {
    "no":791,
    "title":"社團法人台灣幸扶公益協會",
    "county":"新北市",
    "town":"汐止區",
    "address":"新台五路二段81號1樓",
    "tel":"無",
    "mobile":"975032174"
    }
  },
  {
    "type": "Feature",
    "geometry": {
       "type": "Point",
       "coordinates":  [ 121.6420731,25.0754149 ]
    },
    "properties": {
    "no":792,
    "title":"財團法人台灣省台北縣基督教汐止讚美浸信會",
    "county":"新北市",
    "town":"汐止區",
    "address":"伯爵街2巷1號",
    "tel":"(02)26439822",
    "mobile":"無"
    }
  },
  {
    "type": "Feature",
    "geometry": {
       "type": "Point",
       "coordinates":  [ 121.6339151,25.0686683 ]
    },
    "properties": {
    "no":793,
    "title":"新北市汐止區湖光里辦公處",
    "county":"新北市",
    "town":"汐止區",
    "address":"康寧街520號之1(湖光市民活動中心)",
    "tel":"無",
    "mobile":"987964009"
    }
  },
  {
    "type": "Feature",
    "geometry": {
       "type": "Point",
       "coordinates":  [ 121.642402,25.097422 ]
    },
    "properties": {
    "no":794,
    "title":"新北市汐止區農會",
    "county":"新北市",
    "town":"汐止區",
    "address":"汐萬路三段246號",
    "tel":"(02)26416666#250",
    "mobile":"無"
    }
  },
  {
    "type": "Feature",
    "geometry": {
       "type": "Point",
       "coordinates":  [ 121.654866,25.0653471 ]
    },
    "properties": {
    "no":795,
    "title":"社團法人中華關懷身心促進發展協會(大同站)",
    "county":"新北市",
    "town":"汐止區",
    "address":"大同路2段312巷16弄35號(大同市民活動中心)",
    "tel":"無",
    "mobile":"980731450"
    }
  },
  {
    "type": "Feature",
    "geometry": {
       "type": "Point",
       "coordinates":  [ 121.6560533,25.0672085 ]
    },
    "properties": {
    "no":796,
    "title":"新北市汐止區江北里辦公處",
    "county":"新北市",
    "town":"汐止區",
    "address":"汐萬路1段81號(江北市民活動中心)",
    "tel":"(02)26413009",
    "mobile":"無"
    }
  },
  {
    "type": "Feature",
    "geometry": {
       "type": "Point",
       "coordinates":  [ 121.6357834,25.0654423 ]
    },
    "properties": {
    "no":797,
    "title":"社團法人台灣厝邊有愛關懷協會(社后教會)",
    "county":"新北市",
    "town":"汐止區",
    "address":"福德一路201巷3號1樓",
    "tel":"(02)26941005",
    "mobile":"無"
    }
  },
  {
    "type": "Feature",
    "geometry": {
       "type": "Point",
       "coordinates":  [ 121.654866,25.0653471 ]
    },
    "properties": {
    "no":798,
    "title":"社團法人中華關懷身心促進發展協會(大同站)",
    "county":"新北市",
    "town":"汐止區",
    "address":"大同路2段312巷16弄35號(大同市民活動中心)",
    "tel":"無",
    "mobile":"980731450"
    }
  },
  {
    "type": "Feature",
    "geometry": {
       "type": "Point",
       "coordinates":  [ 121.637439,25.066605 ]
    },
    "properties": {
    "no":799,
    "title":"社團法人台灣新住民關懷協會(興福站)",
    "county":"新北市",
    "town":"汐止區",
    "address":"福德一路141巷52號(興福市民活動中心)",
    "tel":"(02)26648575",
    "mobile":"無"
    }
  },
  {
    "type": "Feature",
    "geometry": {
       "type": "Point",
       "coordinates":  [ 121.6318006,25.0693969 ]
    },
    "properties": {
    "no":800,
    "title":"新北市汐止區金龍里辦公處",
    "county":"新北市",
    "town":"汐止區",
    "address":"湖前街31巷2弄2號(金龍市民活動中心)",
    "tel":"(02)26925688",
    "mobile":"無"
    }
  },
  {
    "type": "Feature",
    "geometry": {
       "type": "Point",
       "coordinates":  [ 121.6878047,25.0707711 ]
    },
    "properties": {
    "no":801,
    "title":"新北市汐止區保新里辦公處",
    "county":"新北市",
    "town":"汐止區",
    "address":"保新街112之1號(保新市民活動中心)",
    "tel":"無",
    "mobile":"935740650"
    }
  },
  {
    "type": "Feature",
    "geometry": {
       "type": "Point",
       "coordinates":  [ 121.6398413,25.0677779 ]
    },
    "properties": {
    "no":802,
    "title":"新北市飛頓耐溫馨關懷協會",
    "county":"新北市",
    "town":"汐止區",
    "address":"樟樹二路251巷25號",
    "tel":"無",
    "mobile":"931287016"
    }
  },
  {
    "type": "Feature",
    "geometry": {
       "type": "Point",
       "coordinates":  [ 121.6570161,25.0629191 ]
    },
    "properties": {
    "no":803,
    "title":"新北市汐止區自強里辦公處",
    "county":"新北市",
    "town":"汐止區",
    "address":"新興路54號(自強市民活動中心)",
    "tel":"(02)26432246",
    "mobile":"無"
    }
  },
  {
    "type": "Feature",
    "geometry": {
       "type": "Point",
       "coordinates":  [ 121.663292,25.072516 ]
    },
    "properties": {
    "no":804,
    "title":"新北市汐止區城中里辦公處",
    "county":"新北市",
    "town":"汐止區",
    "address":"建成路39號(城中建成市民活動中心(2樓))",
    "tel":"(02)26472277",
    "mobile":"無"
    }
  },
  {
    "type": "Feature",
    "geometry": {
       "type": "Point",
       "coordinates":  [ 121.664162,25.067001 ]
    },
    "properties": {
    "no":805,
    "title":"社團法人台灣幸扶公益協會",
    "county":"新北市",
    "town":"汐止區",
    "address":"新台五路二段81號1樓",
    "tel":"無",
    "mobile":"975032174"
    }
  },
  {
    "type": "Feature",
    "geometry": {
       "type": "Point",
       "coordinates":  [ 121.653712,25.062882 ]
    },
    "properties": {
    "no":806,
    "title":"社團法人台灣厝邊有愛關懷協會(水源教會)",
    "county":"新北市",
    "town":"汐止區",
    "address":"連興街114號2樓",
    "tel":"(02)23640534",
    "mobile":"無"
    }
  },
  {
    "type": "Feature",
    "geometry": {
       "type": "Point",
       "coordinates":  [ 121.6645096,25.0656883 ]
    },
    "properties": {
    "no":807,
    "title":"社團法人臺北市心藝社會關懷協會(汐止福安站)",
    "county":"新北市",
    "town":"汐止區",
    "address":"仁愛路193號1樓",
    "tel":"(02)22398785",
    "mobile":"無"
    }
  },
  {
    "type": "Feature",
    "geometry": {
       "type": "Point",
       "coordinates":  [ 121.6376669,25.0693525 ]
    },
    "properties": {
    "no":808,
    "title":"社團法人中華關懷身心促進發展協會-康福站",
    "county":"新北市",
    "town":"汐止區",
    "address":"福德三路9號1樓(康福市民活動中心)",
    "tel":"無",
    "mobile":"980731450"
    }
  },
  {
    "type": "Feature",
    "geometry": {
       "type": "Point",
       "coordinates":  [ 121.672058,25.069255 ]
    },
    "properties": {
    "no":809,
    "title":"社團法人大中華婦幼關懷成長協會",
    "county":"新北市",
    "town":"汐止區",
    "address":"茄苳路225巷35號1樓、3樓(茄苳市民活動中心)",
    "tel":"(02)86488662",
    "mobile":"無"
    }
  },
  {
    "type": "Feature",
    "geometry": {
       "type": "Point",
       "coordinates":  [ 121.653712,25.062882 ]
    },
    "properties": {
    "no":810,
    "title":"社團法人台灣厝邊有愛關懷協會(水源教會)",
    "county":"新北市",
    "town":"汐止區",
    "address":"連興街114號2樓",
    "tel":"(02)23640534",
    "mobile":"無"
    }
  },
  {
    "type": "Feature",
    "geometry": {
       "type": "Point",
       "coordinates":  [ 121.8439383,25.1104251 ]
    },
    "properties": {
    "no":811,
    "title":"新北市瑞芳區慶平社區發展協會",
    "county":"新北市",
    "town":"瑞芳區",
    "address":"坑尾巷28號之1(慶平市民活動中心)",
    "tel":"(02)20214000",
    "mobile":"無"
    }
  },
  {
    "type": "Feature",
    "geometry": {
       "type": "Point",
       "coordinates":  [ 121.8256132,25.083088 ]
    },
    "properties": {
    "no":812,
    "title":"新北市瑞芳區猴硐社區發展協會",
    "county":"新北市",
    "town":"瑞芳區",
    "address":"侯硐路25號(猴硐市民活動中心)",
    "tel":"無",
    "mobile":"928285516"
    }
  },
  {
    "type": "Feature",
    "geometry": {
       "type": "Point",
       "coordinates":  [ 121.8047245,25.1078144 ]
    },
    "properties": {
    "no":813,
    "title":"瑞芳國小",
    "county":"新北市",
    "town":"瑞芳區",
    "address":"中山路2號(瑞芳國小)",
    "tel":"(02)24972058",
    "mobile":"無"
    }
  },
  {
    "type": "Feature",
    "geometry": {
       "type": "Point",
       "coordinates":  [ 121.8066368,25.1095619 ]
    },
    "properties": {
    "no":814,
    "title":"新北市瑞芳區龍潭社區發展協會",
    "county":"新北市",
    "town":"瑞芳區",
    "address":"瑞芳街23號(三里市民活動中心)",
    "tel":"(02)24970512",
    "mobile":"無"
    }
  },
  {
    "type": "Feature",
    "geometry": {
       "type": "Point",
       "coordinates":  [ 121.8043178,25.1062985 ]
    },
    "properties": {
    "no":815,
    "title":"新北市瑞芳區東和里辦公處",
    "county":"新北市",
    "town":"瑞芳區",
    "address":"中山路55號\n新北市瑞芳區中山路20號(東和市民活動中心 )",
    "tel":"(02)24972704",
    "mobile":"無"
    }
  },
  {
    "type": "Feature",
    "geometry": {
       "type": "Point",
       "coordinates":  [ 121.807685,25.106172 ]
    },
    "properties": {
    "no":816,
    "title":"新北市瑞芳區龍興社區發展協會",
    "county":"新北市",
    "town":"瑞芳區",
    "address":"民權街10號(龍興市民活動中心)",
    "tel":"無",
    "mobile":"928237825"
    }
  },
  {
    "type": "Feature",
    "geometry": {
       "type": "Point",
       "coordinates":  [ 121.8089135,25.1076136 ]
    },
    "properties": {
    "no":817,
    "title":"財團法人私立廣恩老人養護中心(瑞芳明燈站)",
    "county":"新北市",
    "town":"瑞芳區",
    "address":"明燈路三段2號2樓(瑞龍市民活動中心)",
    "tel":"(02)24063888",
    "mobile":"無"
    }
  },
  {
    "type": "Feature",
    "geometry": {
       "type": "Point",
       "coordinates":  [ 121.8089135,25.1076136 ]
    },
    "properties": {
    "no":818,
    "title":"新北市瑞芳區老人會",
    "county":"新北市",
    "town":"瑞芳區",
    "address":"明燈路三段2號3樓(瑞龍市民活動中心)",
    "tel":"(02)24972250",
    "mobile":"無"
    }
  },
  {
    "type": "Feature",
    "geometry": {
       "type": "Point",
       "coordinates":  [ 121.7822789,25.0978934 ]
    },
    "properties": {
    "no":819,
    "title":"新北市瑞芳區保安宮",
    "county":"新北市",
    "town":"瑞芳區",
    "address":"大寮路49巷5之2號",
    "tel":"無",
    "mobile":"935129036"
    }
  },
  {
    "type": "Feature",
    "geometry": {
       "type": "Point",
       "coordinates":  [ 121.823145,25.1072084 ]
    },
    "properties": {
    "no":820,
    "title":"新北市瑞芳區柑坪社區發展協會",
    "county":"新北市",
    "town":"瑞芳區",
    "address":"明燈路一段17-1號(柑坪市民活動中心)",
    "tel":"無",
    "mobile":"926264389"
    }
  },
  {
    "type": "Feature",
    "geometry": {
       "type": "Point",
       "coordinates":  [ 121.8187945,25.1071579 ]
    },
    "properties": {
    "no":821,
    "title":"新北市柑松青關懷褔利協會",
    "county":"新北市",
    "town":"瑞芳區",
    "address":"明燈路一段201巷93號",
    "tel":"無",
    "mobile":"955343576"
    }
  },
  {
    "type": "Feature",
    "geometry": {
       "type": "Point",
       "coordinates":  [ 121.8173617,25.1070487 ]
    },
    "properties": {
    "no":822,
    "title":"社團法人愛福家協會(瑞芳站)",
    "county":"新北市",
    "town":"瑞芳區",
    "address":"三爪子坑路18號",
    "tel":"(02)24967130",
    "mobile":"無"
    }
  },
  {
    "type": "Feature",
    "geometry": {
       "type": "Point",
       "coordinates":  [ 121.8137407,25.1057875 ]
    },
    "properties": {
    "no":823,
    "title":"新北市瑞芳區爪峰社區發展協會",
    "county":"新北市",
    "town":"瑞芳區",
    "address":"三爪子坑路279之1號(爪峰市民活動中心)",
    "tel":"無",
    "mobile":"916730662"
    }
  },
  {
    "type": "Feature",
    "geometry": {
       "type": "Point",
       "coordinates":  [ 121.8017306,25.1111994 ]
    },
    "properties": {
    "no":824,
    "title":"新北市瑞芳區龍安里辦公處",
    "county":"新北市",
    "town":"瑞芳區",
    "address":"瑞芳街112巷7號(龍安市民活動中心)",
    "tel":"無",
    "mobile":"910140454"
    }
  },
  {
    "type": "Feature",
    "geometry": {
       "type": "Point",
       "coordinates":  [ 121.8037846,25.1084308 ]
    },
    "properties": {
    "no":825,
    "title":"新北市瑞芳區龍川社區發展協會",
    "county":"新北市",
    "town":"瑞芳區",
    "address":"一坑路70-7號、8號(龍川市民活動中心)",
    "tel":"無",
    "mobile":"937426420"
    }
  },
  {
    "type": "Feature",
    "geometry": {
       "type": "Point",
       "coordinates":  [ 121.7643803,25.1014707 ]
    },
    "properties": {
    "no":826,
    "title":"新北市瑞芳區吉安里辦公處",
    "county":"新北市",
    "town":"瑞芳區",
    "address":"大埔路23巷20-1號(吉安市民活動中心)",
    "tel":"(02)24586316",
    "mobile":"無"
    }
  },
  {
    "type": "Feature",
    "geometry": {
       "type": "Point",
       "coordinates":  [ 121.8203866,25.120994 ]
    },
    "properties": {
    "no":827,
    "title":"新北市瑞芳區瑞濱里辦公處",
    "county":"新北市",
    "town":"瑞芳區",
    "address":"建基路一段4之2號(瑞濱市民活動中心)",
    "tel":"(02)24966599",
    "mobile":"無"
    }
  },
  {
    "type": "Feature",
    "geometry": {
       "type": "Point",
       "coordinates":  [ 121.7876493,25.1064908 ]
    },
    "properties": {
    "no":828,
    "title":"新北市瑞芳區傑魚社區發展協會",
    "county":"新北市",
    "town":"瑞芳區",
    "address":"傑魚坑路195號\n新北市瑞芳區傑魚坑路245巷之2號(傑魚市民活動中心)",
    "tel":"(02)24973228",
    "mobile":"無"
    }
  },
  {
    "type": "Feature",
    "geometry": {
       "type": "Point",
       "coordinates":  [ 121.7876493,25.1064908 ]
    },
    "properties": {
    "no":829,
    "title":"新北市瑞芳區傑魚里辦公處",
    "county":"新北市",
    "town":"瑞芳區",
    "address":"傑魚坑路245巷之2號(傑魚市民活動中心)",
    "tel":"(02)24973228",
    "mobile":"無"
    }
  },
  {
    "type": "Feature",
    "geometry": {
       "type": "Point",
       "coordinates":  [ 121.7637324,25.1030895 ]
    },
    "properties": {
    "no":830,
    "title":"新北市瑞芳區吉慶里辦公處",
    "county":"新北市",
    "town":"瑞芳區",
    "address":"瑞竹路91號",
    "tel":"無",
    "mobile":"933585561"
    }
  },
  {
    "type": "Feature",
    "geometry": {
       "type": "Point",
       "coordinates":  [ 121.8184976,25.1052615 ]
    },
    "properties": {
    "no":831,
    "title":"新北市瑞芳區新峰社區發展協會",
    "county":"新北市",
    "town":"瑞芳區",
    "address":"三爪子坑路309之2號",
    "tel":"無",
    "mobile":"975129189"
    }
  },
  {
    "type": "Feature",
    "geometry": {
       "type": "Point",
       "coordinates":  [ 121.8590153,25.1095838 ]
    },
    "properties": {
    "no":832,
    "title":"金瓜石勸濟堂",
    "county":"新北市",
    "town":"瑞芳區",
    "address":"祈堂路74-1號(金瓜石文化館)",
    "tel":"(02)24961273",
    "mobile":"無"
    }
  },
  {
    "type": "Feature",
    "geometry": {
       "type": "Point",
       "coordinates":  [ 121.8271079,25.0876309 ]
    },
    "properties": {
    "no":833,
    "title":"新北市瑞芳區光復里辦公處",
    "county":"新北市",
    "town":"瑞芳區",
    "address":"柴寮路309號(光復里活動中心)",
    "tel":"(02)24975341",
    "mobile":"無"
    }
  },
  {
    "type": "Feature",
    "geometry": {
       "type": "Point",
       "coordinates":  [ 121.8557002,25.1113147 ]
    },
    "properties": {
    "no":834,
    "title":"新北市瑞芳區石山里辦公處",
    "county":"新北市",
    "town":"瑞芳區",
    "address":"五號路170號(石山市民活動中心)",
    "tel":"(02)24962675",
    "mobile":"無"
    }
  },
  {
    "type": "Feature",
    "geometry": {
       "type": "Point",
       "coordinates":  [ 121.8440991,25.1076429 ]
    },
    "properties": {
    "no":835,
    "title":"新北市瑞芳區長樂社區發展協會",
    "county":"新北市",
    "town":"瑞芳區",
    "address":"街頂巷56之1號(長樂市民活動中心)",
    "tel":"(02)24972179",
    "mobile":"無"
    }
  },
  {
    "type": "Feature",
    "geometry": {
       "type": "Point",
       "coordinates":  [ 121.8607399,25.1222102 ]
    },
    "properties": {
    "no":836,
    "title":"臺灣金仔山愛鄉協會",
    "county":"新北市",
    "town":"瑞芳區",
    "address":"洞頂路235之1號(濂洞市民活動中心)",
    "tel":"(02)24961009",
    "mobile":"無"
    }
  },
  {
    "type": "Feature",
    "geometry": {
       "type": "Point",
       "coordinates":  [ 121.8513387,25.1075546 ]
    },
    "properties": {
    "no":837,
    "title":"新北市瑞芳區新山里辦公處",
    "county":"新北市",
    "town":"瑞芳區",
    "address":"金光路241-1號(新山市民活動中心)",
    "tel":"無",
    "mobile":"912247628"
    }
  },
  {
    "type": "Feature",
    "geometry": {
       "type": "Point",
       "coordinates":  [ 121.825523,25.082942 ]
    },
    "properties": {
    "no":838,
    "title":"新北市瑞芳區濂新社區發展協會",
    "county":"新北市",
    "town":"瑞芳區",
    "address":"長仁路50之3號(長仁市民活動中心)",
    "tel":"無",
    "mobile":"932058424"
    }
  },
  {
    "type": "Feature",
    "geometry": {
       "type": "Point",
       "coordinates":  [ 121.8468332,25.1071349 ]
    },
    "properties": {
    "no":839,
    "title":"新北市瑞芳區永慶里辦公處",
    "county":"新北市",
    "town":"瑞芳區",
    "address":"崙頂路2之3號(永慶市民活動中心)",
    "tel":"(02)24976403",
    "mobile":"無"
    }
  },
  {
    "type": "Feature",
    "geometry": {
       "type": "Point",
       "coordinates":  [ 121.8456404,25.1104757 ]
    },
    "properties": {
    "no":840,
    "title":"新北市瑞芳區基山里辦公處",
    "county":"新北市",
    "town":"瑞芳區",
    "address":"輕便路194號(基山市民活動中心)",
    "tel":"無",
    "mobile":"932074528"
    }
  },
  {
    "type": "Feature",
    "geometry": {
       "type": "Point",
       "coordinates":  [ 121.8542925,25.1067954 ]
    },
    "properties": {
    "no":841,
    "title":"新北市瑞芳區瓜山里辦公處",
    "county":"新北市",
    "town":"瑞芳區",
    "address":"金光路117-2號(瓜山社區發展協會圖書室)",
    "tel":"(02)24961283",
    "mobile":"無"
    }
  },
  {
    "type": "Feature",
    "geometry": {
       "type": "Point",
       "coordinates":  [ 121.8418002,25.1065895 ]
    },
    "properties": {
    "no":842,
    "title":"新北市瑞芳區福住里辦公處",
    "county":"新北市",
    "town":"瑞芳區",
    "address":"佛堂巷7號(福住市民活動中心)",
    "tel":"(02)24970372",
    "mobile":"無"
    }
  },
  {
    "type": "Feature",
    "geometry": {
       "type": "Point",
       "coordinates":  [ 121.8179728,25.1296657 ]
    },
    "properties": {
    "no":843,
    "title":"新北市瑞芳區碧雲宮",
    "county":"新北市",
    "town":"瑞芳區",
    "address":"深澳路67之1號(深奧市民活動中心)",
    "tel":"無",
    "mobile":"911464699"
    }
  },
  {
    "type": "Feature",
    "geometry": {
       "type": "Point",
       "coordinates":  [ 121.8271079,25.0876309 ]
    },
    "properties": {
    "no":844,
    "title":"新北市瑞芳區碩仁里辦公處",
    "county":"新北市",
    "town":"瑞芳區",
    "address":"柴寮路309號(光復市民活動中心)",
    "tel":"(02)24061650",
    "mobile":"無"
    }
  },
  {
    "type": "Feature",
    "geometry": {
       "type": "Point",
       "coordinates":  [ 121.8274974,25.0869527 ]
    },
    "properties": {
    "no":845,
    "title":"新北市瑞芳區弓橋社區發展協會",
    "county":"新北市",
    "town":"瑞芳區",
    "address":"猴硐里猴硐路55號(猴硐介壽堂)",
    "tel":"無",
    "mobile":"912573811"
    }
  },
  {
    "type": "Feature",
    "geometry": {
       "type": "Point",
       "coordinates":  [ 121.8047567,25.1115672 ]
    },
    "properties": {
    "no":846,
    "title":"新北市瑞芳區龍鎮里辦公處",
    "county":"新北市",
    "town":"瑞芳區",
    "address":"逢甲路274-2號(龍山市民活動中心)",
    "tel":"無",
    "mobile":"932302366"
    }
  },
  {
    "type": "Feature",
    "geometry": {
       "type": "Point",
       "coordinates":  [ 121.8047567,25.1115672 ]
    },
    "properties": {
    "no":847,
    "title":"新北市瑞芳區龍山里辦公處",
    "county":"新北市",
    "town":"瑞芳區",
    "address":"逢甲路274-2號(龍山市民活動中心)",
    "tel":"無",
    "mobile":"986940728"
    }
  },
  {
    "type": "Feature",
    "geometry": {
       "type": "Point",
       "coordinates":  [ 121.822098,25.103052 ]
    },
    "properties": {
    "no":848,
    "title":"新北市瑞芳區海濱社區發展協會",
    "county":"新北市",
    "town":"瑞芳區",
    "address":"海濱二路68-1號(海濱集會所)",
    "tel":"(02)24971620",
    "mobile":"無"
    }
  },
  {
    "type": "Feature",
    "geometry": {
       "type": "Point",
       "coordinates":  [ 121.8881109,25.1204995 ]
    },
    "properties": {
    "no":849,
    "title":"新北市瑞芳區南雅里辦公處",
    "county":"新北市",
    "town":"瑞芳區",
    "address":"南雅路41之1號(南雅里民休閒場所)",
    "tel":"(02)24911369",
    "mobile":"無"
    }
  },
  {
    "type": "Feature",
    "geometry": {
       "type": "Point",
       "coordinates":  [ 121.9161502,25.1238229 ]
    },
    "properties": {
    "no":850,
    "title":"新北市瑞芳區鼻頭社區發展協會",
    "county":"新北市",
    "town":"瑞芳區",
    "address":"鼻頭路101號",
    "tel":"無",
    "mobile":"912276226"
    }
  },
  {
    "type": "Feature",
    "geometry": {
       "type": "Point",
       "coordinates":  [ 121.440311,24.9767699 ]
    },
    "properties": {
    "no":851,
    "title":"新北市土城區長風社區發展協會",
    "county":"新北市",
    "town":"土城區",
    "address":"順風路27號(長風市民活動中心)",
    "tel":"(02)22606290",
    "mobile":"無"
    }
  },
  {
    "type": "Feature",
    "geometry": {
       "type": "Point",
       "coordinates":  [ 121.4534941,24.9925294 ]
    },
    "properties": {
    "no":852,
    "title":"新北市土城區瑞興里辦公處",
    "county":"新北市",
    "town":"土城區",
    "address":"四川路二段245巷125號(華德公園市民活動中心)",
    "tel":"(02)89673958",
    "mobile":"無"
    }
  },
  {
    "type": "Feature",
    "geometry": {
       "type": "Point",
       "coordinates":  [ 121.4724768,24.9644496 ]
    },
    "properties": {
    "no":853,
    "title":"新北市土城區清化里辦公處(福山天惠堂)",
    "county":"新北市",
    "town":"土城區",
    "address":"青雲路486-2號",
    "tel":"(02)22615380",
    "mobile":"無"
    }
  },
  {
    "type": "Feature",
    "geometry": {
       "type": "Point",
       "coordinates":  [ 121.4461306,24.9850927 ]
    },
    "properties": {
    "no":854,
    "title":"新北市土城區日新里辦公處",
    "county":"新北市",
    "town":"土城區",
    "address":"裕生路100巷5號(日新市民活動中心)",
    "tel":"(02)82626001",
    "mobile":"無"
    }
  },
  {
    "type": "Feature",
    "geometry": {
       "type": "Point",
       "coordinates":  [ 121.4652717,24.9812244 ]
    },
    "properties": {
    "no":855,
    "title":"新北市土城區青山里辦公處",
    "county":"新北市",
    "town":"土城區",
    "address":"明德路一段74之1號(青山市民活動中心)",
    "tel":"(02)22734192",
    "mobile":"無"
    }
  },
  {
    "type": "Feature",
    "geometry": {
       "type": "Point",
       "coordinates":  [ 121.4346176,24.9659716 ]
    },
    "properties": {
    "no":856,
    "title":"新北市土城永寧公共托老中心",
    "county":"新北市",
    "town":"土城區",
    "address":"中央路三段130-5號2樓及之6號2樓",
    "tel":"(02)22685596",
    "mobile":"無"
    }
  },
  {
    "type": "Feature",
    "geometry": {
       "type": "Point",
       "coordinates":  [ 121.409288,24.9495697 ]
    },
    "properties": {
    "no":857,
    "title":"新北市土城區媽祖田社區發展協會",
    "county":"新北市",
    "town":"土城區",
    "address":"龍泉路10-2號",
    "tel":"無",
    "mobile":"926080909"
    }
  },
  {
    "type": "Feature",
    "geometry": {
       "type": "Point",
       "coordinates":  [ 121.4118191,24.9527305 ]
    },
    "properties": {
    "no":858,
    "title":"新北市土城區祖田里辦公處",
    "county":"新北市",
    "town":"土城區",
    "address":"中央路四段283之1號2樓(祖田市民活動中心)",
    "tel":"(02)22675698",
    "mobile":"無"
    }
  },
  {
    "type": "Feature",
    "geometry": {
       "type": "Point",
       "coordinates":  [ 121.4148098,24.9578906 ]
    },
    "properties": {
    "no":859,
    "title":"新北市土城區頂褔里辦公處",
    "county":"新北市",
    "town":"土城區",
    "address":"中州路28巷28號(頂福市民活動中心)",
    "tel":"(02)22681819",
    "mobile":"無"
    }
  },
  {
    "type": "Feature",
    "geometry": {
       "type": "Point",
       "coordinates":  [ 121.4459421,24.9878072 ]
    },
    "properties": {
    "no":860,
    "title":"新北市土城區裕生里辦公處",
    "county":"新北市",
    "town":"土城區",
    "address":"中央路一段118巷1弄13號",
    "tel":"(02)22621150",
    "mobile":"無"
    }
  },
  {
    "type": "Feature",
    "geometry": {
       "type": "Point",
       "coordinates":  [ 121.4427751,24.9780444 ]
    },
    "properties": {
    "no":861,
    "title":"新北市土城區員林里辦公處",
    "county":"新北市",
    "town":"土城區",
    "address":"員林街15號(員林市民活動中心)",
    "tel":"(02)22610953",
    "mobile":"無"
    }
  },
  {
    "type": "Feature",
    "geometry": {
       "type": "Point",
       "coordinates":  [ 121.4421872,24.975145 ]
    },
    "properties": {
    "no":862,
    "title":"社團法人中華利仁社會福利協會",
    "county":"新北市",
    "town":"土城區",
    "address":"中正路1號6樓之1",
    "tel":"(02)22632256",
    "mobile":"無"
    }
  },
  {
    "type": "Feature",
    "geometry": {
       "type": "Point",
       "coordinates":  [ 121.4184513,24.957406 ]
    },
    "properties": {
    "no":863,
    "title":"新北市土城區頂埔里辦公處",
    "county":"新北市",
    "town":"土城區",
    "address":"中央路四段55之12號(頂埔市民活動中心)",
    "tel":"(02)22678936",
    "mobile":"無"
    }
  },
  {
    "type": "Feature",
    "geometry": {
       "type": "Point",
       "coordinates":  [ 121.4118191,24.9527305 ]
    },
    "properties": {
    "no":864,
    "title":"新北市土城區頂欣社區發展協會",
    "county":"新北市",
    "town":"土城區",
    "address":"中央路四段283-1號(頂新市民活動中心)",
    "tel":"(02)80763132",
    "mobile":"無"
    }
  },
  {
    "type": "Feature",
    "geometry": {
       "type": "Point",
       "coordinates":  [ 121.427605,24.9635333 ]
    },
    "properties": {
    "no":865,
    "title":"永寧褔德宮",
    "county":"新北市",
    "town":"土城區",
    "address":"永平街1號",
    "tel":"(02)22688516",
    "mobile":"無"
    }
  },
  {
    "type": "Feature",
    "geometry": {
       "type": "Point",
       "coordinates":  [ 121.4612586,24.9826101 ]
    },
    "properties": {
    "no":866,
    "title":"新北市土城區永豐里辦公處",
    "county":"新北市",
    "town":"土城區",
    "address":"清水路234巷5號(永豐市民活動中心)",
    "tel":"(02)22614311 ",
    "mobile":"無"
    }
  },
  {
    "type": "Feature",
    "geometry": {
       "type": "Point",
       "coordinates":  [ 121.454631,24.98462 ]
    },
    "properties": {
    "no":867,
    "title":"新北市土城區中正里辦公處",
    "county":"新北市",
    "town":"土城區",
    "address":"裕民路193-1號(中正市民活動中心)",
    "tel":"(02)22634905",
    "mobile":"無"
    }
  },
  {
    "type": "Feature",
    "geometry": {
       "type": "Point",
       "coordinates":  [ 121.4615801,24.9833572 ]
    },
    "properties": {
    "no":868,
    "title":"新北市土城區雲溪社區發展協會",
    "county":"新北市",
    "town":"土城區",
    "address":"清水路243號(清溪市民活動中心)",
    "tel":"(02)82603360",
    "mobile":"無"
    }
  },
  {
    "type": "Feature",
    "geometry": {
       "type": "Point",
       "coordinates":  [ 121.4404584,24.9680924 ]
    },
    "properties": {
    "no":869,
    "title":"財團法人新北市神明會義塚大墓公",
    "county":"新北市",
    "town":"土城區",
    "address":"忠義路61號",
    "tel":"(02)22676225",
    "mobile":"無"
    }
  },
  {
    "type": "Feature",
    "geometry": {
       "type": "Point",
       "coordinates":  [ 121.4691328,24.9909626 ]
    },
    "properties": {
    "no":870,
    "title":"新北市土城區延壽里辦公處",
    "county":"新北市",
    "town":"土城區",
    "address":"延和路125巷28號2樓(延壽市民活動中心)",
    "tel":"(02)22612920",
    "mobile":"無"
    }
  },
  {
    "type": "Feature",
    "geometry": {
       "type": "Point",
       "coordinates":  [ 121.438034,24.968371 ]
    },
    "properties": {
    "no":871,
    "title":"新北市土城區延吉里辦公處",
    "county":"新北市",
    "town":"土城區",
    "address":"延吉街137巷13號(延吉峯廷市民活動中心)",
    "tel":"(02)22611190",
    "mobile":"無"
    }
  },
  {
    "type": "Feature",
    "geometry": {
       "type": "Point",
       "coordinates":  [ 121.4584953,24.9823919 ]
    },
    "properties": {
    "no":872,
    "title":"新北市土城區青雲里辦公處",
    "county":"新北市",
    "town":"土城區",
    "address":"清水路141巷18號B1(青雲柑林市民活動中心)",
    "tel":"(02)22659858",
    "mobile":"無"
    }
  },
  {
    "type": "Feature",
    "geometry": {
       "type": "Point",
       "coordinates":  [ 121.443014,24.974946 ]
    },
    "properties": {
    "no":873,
    "title":"新北市土城區員福里辦公處",
    "county":"新北市",
    "town":"土城區",
    "address":"中正路18號4樓之2(土城員福員信市民活動中心(員福二))",
    "tel":"(02)22613836",
    "mobile":"無"
    }
  },
  {
    "type": "Feature",
    "geometry": {
       "type": "Point",
       "coordinates":  [ 121.443014,24.974946 ]
    },
    "properties": {
    "no":874,
    "title":"新北市土城區土城里辦公處",
    "county":"新北市",
    "town":"土城區",
    "address":"中正路18號4樓之3(土城員福員信市民活動中心(土城三))",
    "tel":"(02)82610381 ",
    "mobile":"無"
    }
  },
  {
    "type": "Feature",
    "geometry": {
       "type": "Point",
       "coordinates":  [ 121.443014,24.974946 ]
    },
    "properties": {
    "no":875,
    "title":"新北市土城區員仁里辦公處",
    "county":"新北市",
    "town":"土城區",
    "address":"中正路18號4樓之2(土城員福員信市民活動中心(員福二))",
    "tel":"(02)22705007",
    "mobile":"無"
    }
  },
  {
    "type": "Feature",
    "geometry": {
       "type": "Point",
       "coordinates":  [ 121.4586103,24.9738813 ]
    },
    "properties": {
    "no":876,
    "title":"新北市土城區清化里辦公處",
    "county":"新北市",
    "town":"土城區",
    "address":"青雲路368號4樓(清化市民活動中心)",
    "tel":"(02)22615380",
    "mobile":"無"
    }
  },
  {
    "type": "Feature",
    "geometry": {
       "type": "Point",
       "coordinates":  [ 121.443014,24.974946 ]
    },
    "properties": {
    "no":877,
    "title":"新北市土城區員信里辦公處",
    "county":"新北市",
    "town":"土城區",
    "address":"中正路18號4樓之1(土城員福員信市民活動中心(員信一))",
    "tel":"(02)22702160",
    "mobile":"無"
    }
  },
  {
    "type": "Feature",
    "geometry": {
       "type": "Point",
       "coordinates":  [ 121.4463167,24.9897229 ]
    },
    "properties": {
    "no":878,
    "title":"新北市崇德光慧經典推廣協會",
    "county":"新北市",
    "town":"土城區",
    "address":"中華路一段36號6樓",
    "tel":"無",
    "mobile":"955405593"
    }
  },
  {
    "type": "Feature",
    "geometry": {
       "type": "Point",
       "coordinates":  [ 121.4516535,24.985566 ]
    },
    "properties": {
    "no":879,
    "title":"新北市土城區樂利里辦公處",
    "county":"新北市",
    "town":"土城區",
    "address":"學府路一段228巷2弄10號(樂利市民活動中心)",
    "tel":"(02)82628828 ",
    "mobile":"無"
    }
  },
  {
    "type": "Feature",
    "geometry": {
       "type": "Point",
       "coordinates":  [ 121.4684097,24.9900466 ]
    },
    "properties": {
    "no":880,
    "title":"新北市土城區延祿里辦公處",
    "county":"新北市",
    "town":"土城區",
    "address":"延和路156巷7號(延和市民活動中心)",
    "tel":"(02)22605707",
    "mobile":"無"
    }
  },
  {
    "type": "Feature",
    "geometry": {
       "type": "Point",
       "coordinates":  [ 121.454631,24.98462 ]
    },
    "properties": {
    "no":881,
    "title":"新北市土城區復興里辦公處",
    "county":"新北市",
    "town":"土城區",
    "address":"裕民路193之1號(中正學士埤林市民活動中心)",
    "tel":"(02)89665786",
    "mobile":"無"
    }
  },
  {
    "type": "Feature",
    "geometry": {
       "type": "Point",
       "coordinates":  [ 121.442125,24.983504 ]
    },
    "properties": {
    "no":882,
    "title":"新北市土城區日和里辦公室",
    "county":"新北市",
    "town":"土城區",
    "address":"中華路一段225號(日和市民活動中心)",
    "tel":"(02)22630356",
    "mobile":"無"
    }
  },
  {
    "type": "Feature",
    "geometry": {
       "type": "Point",
       "coordinates":  [ 121.4190308,24.9635249 ]
    },
    "properties": {
    "no":883,
    "title":"新北市土城區沛陂社區發展協會",
    "county":"新北市",
    "town":"土城區",
    "address":"福安街55巷19號1F、B1",
    "tel":"(02)22684076",
    "mobile":"無"
    }
  },
  {
    "type": "Feature",
    "geometry": {
       "type": "Point",
       "coordinates":  [ 121.4194279,24.9651113 ]
    },
    "properties": {
    "no":884,
    "title":"名軒皇城社區管理委員會",
    "county":"新北市",
    "town":"土城區",
    "address":"福安街30號",
    "tel":"(02)22694073",
    "mobile":"無"
    }
  },
  {
    "type": "Feature",
    "geometry": {
       "type": "Point",
       "coordinates":  [ 121.463981,24.9873859 ]
    },
    "properties": {
    "no":885,
    "title":"新北市土城區延和里辦公處",
    "county":"新北市",
    "town":"土城區",
    "address":"立德路109號B2(延和市民活動中心 )",
    "tel":"(02)22633747",
    "mobile":"無"
    }
  },
  {
    "type": "Feature",
    "geometry": {
       "type": "Point",
       "coordinates":  [ 121.4676956,24.9840651 ]
    },
    "properties": {
    "no":886,
    "title":"新北市土城區峯廷里辦公處",
    "county":"新北市",
    "town":"土城區",
    "address":"延吉街253巷20號",
    "tel":"(02)22619796",
    "mobile":"無"
    }
  },
  {
    "type": "Feature",
    "geometry": {
       "type": "Point",
       "coordinates":  [ 121.4670834,24.9805732 ]
    },
    "properties": {
    "no":887,
    "title":"新北市土城區廷寮里辦公處",
    "county":"新北市",
    "town":"土城區",
    "address":"永豐路240-1號(廷寮市民活動中心)",
    "tel":"(02)22626089",
    "mobile":"無"
    }
  },
  {
    "type": "Feature",
    "geometry": {
       "type": "Point",
       "coordinates":  [ 121.4645625,24.9845461 ]
    },
    "properties": {
    "no":888,
    "title":"新北市土城區永富里辦公處",
    "county":"新北市",
    "town":"土城區",
    "address":"延吉街296巷8號",
    "tel":"(02)22644813",
    "mobile":"無"
    }
  },
  {
    "type": "Feature",
    "geometry": {
       "type": "Point",
       "coordinates":  [ 121.450325,24.9883708 ]
    },
    "properties": {
    "no":889,
    "title":"新北市土城區學成里辦公處",
    "county":"新北市",
    "town":"土城區",
    "address":"學成路97巷8號(學成市民活動中心 )",
    "tel":"(02)22624411",
    "mobile":"無"
    }
  },
  {
    "type": "Feature",
    "geometry": {
       "type": "Point",
       "coordinates":  [ 121.4604001,24.9781871 ]
    },
    "properties": {
    "no":890,
    "title":"財團法人新北市基督教新希望教會(土城清水站)",
    "county":"新北市",
    "town":"土城區",
    "address":"明德路一段240巷26弄5號",
    "tel":"(02)29598539",
    "mobile":"無"
    }
  },
  {
    "type": "Feature",
    "geometry": {
       "type": "Point",
       "coordinates":  [ 121.4535324,24.985922 ]
    },
    "properties": {
    "no":891,
    "title":"新北市土城區學府里辦公處",
    "county":"新北市",
    "town":"土城區",
    "address":"學府路一段155巷2號B1(學府市民活動中心)",
    "tel":"(02)82623299",
    "mobile":"無"
    }
  },
  {
    "type": "Feature",
    "geometry": {
       "type": "Point",
       "coordinates":  [ 121.4666716,24.988753 ]
    },
    "properties": {
    "no":892,
    "title":"新北市土城區安和里辦公處",
    "county":"新北市",
    "town":"土城區",
    "address":"延和路88巷10弄3號(安和市民活動中心)",
    "tel":"無",
    "mobile":"960569393"
    }
  },
  {
    "type": "Feature",
    "geometry": {
       "type": "Point",
       "coordinates":  [ 121.454631,24.98462 ]
    },
    "properties": {
    "no":893,
    "title":"新北市土城區廣興里辦公處",
    "county":"新北市",
    "town":"土城區",
    "address":"裕民路193-1號(中正學士埤林市民活動中心)",
    "tel":"(02)22625088",
    "mobile":"無"
    }
  },
  {
    "type": "Feature",
    "geometry": {
       "type": "Point",
       "coordinates":  [ 121.454631,24.98462 ]
    },
    "properties": {
    "no":894,
    "title":"新北市土城區廣福里辦公處",
    "county":"新北市",
    "town":"土城區",
    "address":"裕民路193-1號(中正學士埤林市民活動中心)",
    "tel":"無",
    "mobile":"932051404"
    }
  },
  {
    "type": "Feature",
    "geometry": {
       "type": "Point",
       "coordinates":  [ 121.454631,24.98462 ]
    },
    "properties": {
    "no":895,
    "title":"新北市土城區埤林里辦公處",
    "county":"新北市",
    "town":"土城區",
    "address":"裕民路193-1號(中正學士埤林市民活動中心)",
    "tel":"(02)22624411",
    "mobile":"無"
    }
  },
  {
    "type": "Feature",
    "geometry": {
       "type": "Point",
       "coordinates":  [ 121.4660467,24.9865091 ]
    },
    "properties": {
    "no":896,
    "title":"新北市土城區金城里辦公處",
    "county":"新北市",
    "town":"土城區",
    "address":"金城路三段52巷3號B1(金城峯廷市民活動中心)",
    "tel":"無",
    "mobile":"922757749"
    }
  },
  {
    "type": "Feature",
    "geometry": {
       "type": "Point",
       "coordinates":  [ 121.4584953,24.9823919 ]
    },
    "properties": {
    "no":897,
    "title":"新北市土城區柑林里辦公處",
    "county":"新北市",
    "town":"土城區",
    "address":"清水路141巷18號B1(青雲柑林市民活動中心)",
    "tel":"(02)82626506",
    "mobile":"無"
    }
  },
  {
    "type": "Feature",
    "geometry": {
       "type": "Point",
       "coordinates":  [ 121.4536827,24.9842961 ]
    },
    "properties": {
    "no":898,
    "title":"新北市土城區學士里辦公處",
    "county":"新北市",
    "town":"土城區",
    "address":"裕民路193-1號B1(學士市民活動中心)",
    "tel":"無",
    "mobile":"910517891"
    }
  },
  {
    "type": "Feature",
    "geometry": {
       "type": "Point",
       "coordinates":  [ 121.4502429,24.9799421 ]
    },
    "properties": {
    "no":899,
    "title":"新北市土城區明德里辦公處",
    "county":"新北市",
    "town":"土城區",
    "address":"學士路100號(明德市民活動中心 )",
    "tel":"(02)22647844",
    "mobile":"無"
    }
  },
  {
    "type": "Feature",
    "geometry": {
       "type": "Point",
       "coordinates":  [ 121.467855,25.0866746 ]
    },
    "properties": {
    "no":900,
    "title":"社團法人台灣新希望社區關懷協會(本站)",
    "county":"新北市",
    "town":"蘆洲區",
    "address":"中正路241號4樓",
    "tel":"(02)82832858",
    "mobile":"無"
    }
  },
  {
    "type": "Feature",
    "geometry": {
       "type": "Point",
       "coordinates":  [ 121.4706499,25.0813709 ]
    },
    "properties": {
    "no":901,
    "title":"功學社銀髮俱樂部",
    "county":"新北市",
    "town":"蘆洲區",
    "address":"中山二路162號2樓",
    "tel":"(02)22825151",
    "mobile":"無"
    }
  },
  {
    "type": "Feature",
    "geometry": {
       "type": "Point",
       "coordinates":  [ 121.4677116,25.0820528 ]
    },
    "properties": {
    "no":902,
    "title":"新北市蘆洲區光明里辦公處(白鷺鷥)",
    "county":"新北市",
    "town":"蘆洲區",
    "address":"光華路107巷11號",
    "tel":"(02)82851391",
    "mobile":"無"
    }
  },
  {
    "type": "Feature",
    "geometry": {
       "type": "Point",
       "coordinates":  [ 121.4743125,25.082568 ]
    },
    "properties": {
    "no":903,
    "title":"新北市蘆洲區仁復社區發展協會",
    "county":"新北市",
    "town":"蘆洲區",
    "address":"中山二路36巷7號",
    "tel":"(02)22826399",
    "mobile":"無"
    }
  },
  {
    "type": "Feature",
    "geometry": {
       "type": "Point",
       "coordinates":  [ 121.4713106,25.0910607 ]
    },
    "properties": {
    "no":904,
    "title":"新北市蘆洲區仁愛里辦公處",
    "county":"新北市",
    "town":"蘆洲區",
    "address":"民權路143號",
    "tel":"(02)28477885",
    "mobile":"無"
    }
  },
  {
    "type": "Feature",
    "geometry": {
       "type": "Point",
       "coordinates":  [ 121.4816937,25.0848229 ]
    },
    "properties": {
    "no":905,
    "title":"新北市蘆洲集賢公共托老中心",
    "county":"新北市",
    "town":"蘆洲區",
    "address":"集賢路245號3樓",
    "tel":"(02)82853333",
    "mobile":"無"
    }
  },
  {
    "type": "Feature",
    "geometry": {
       "type": "Point",
       "coordinates":  [ 121.4817925,25.0848027 ]
    },
    "properties": {
    "no":906,
    "title":"新北市蘆洲區仁義里辦公處",
    "county":"新北市",
    "town":"蘆洲區",
    "address":"集賢路245號7樓",
    "tel":"(02)22891048",
    "mobile":"無"
    }
  },
  {
    "type": "Feature",
    "geometry": {
       "type": "Point",
       "coordinates":  [ 121.4789512,25.0839268 ]
    },
    "properties": {
    "no":907,
    "title":"財團法人新北市基督徒蘆洲禮拜堂(33銀髮俱樂部)",
    "county":"新北市",
    "town":"蘆洲區",
    "address":"三民路26巷71弄2號B1",
    "tel":"(02)22816700",
    "mobile":"無"
    }
  },
  {
    "type": "Feature",
    "geometry": {
       "type": "Point",
       "coordinates":  [ 121.4730411,25.0927069 ]
    },
    "properties": {
    "no":908,
    "title":"新北市蘆洲區水河里辦公處",
    "county":"新北市",
    "town":"蘆洲區",
    "address":"民族路426巷17號(水湳市民活動中心)",
    "tel":"無",
    "mobile":"955599232"
    }
  },
  {
    "type": "Feature",
    "geometry": {
       "type": "Point",
       "coordinates":  [ 121.4713106,25.0910607 ]
    },
    "properties": {
    "no":909,
    "title":"新北市蘆洲區水湳里辦公處",
    "county":"新北市",
    "town":"蘆洲區",
    "address":"民權路143號",
    "tel":"(02)28470836",
    "mobile":"無"
    }
  },
  {
    "type": "Feature",
    "geometry": {
       "type": "Point",
       "coordinates":  [ 121.4630746,25.0876139 ]
    },
    "properties": {
    "no":910,
    "title":"新北市蘆洲區正義里辦公處",
    "county":"新北市",
    "town":"蘆洲區",
    "address":"光明路88巷5號",
    "tel":"(02)22836349",
    "mobile":"無"
    }
  },
  {
    "type": "Feature",
    "geometry": {
       "type": "Point",
       "coordinates":  [ 121.4749942,25.0773051 ]
    },
    "properties": {
    "no":911,
    "title":"新北市蘆洲區民和里辦公處",
    "county":"新北市",
    "town":"蘆洲區",
    "address":"信義路30巷100號1、2樓",
    "tel":"(02)22811803",
    "mobile":"無"
    }
  },
  {
    "type": "Feature",
    "geometry": {
       "type": "Point",
       "coordinates":  [ 121.4671203,25.0835495 ]
    },
    "properties": {
    "no":912,
    "title":"新北市蘆洲區客家傳統文化協會",
    "county":"新北市",
    "town":"蘆洲區",
    "address":"中正路185巷31弄33號",
    "tel":" (02)22882276",
    "mobile":"無"
    }
  },
  {
    "type": "Feature",
    "geometry": {
       "type": "Point",
       "coordinates":  [ 121.4591795,25.0847843 ]
    },
    "properties": {
    "no":913,
    "title":"社團法人新北市蘆洲燈塔全人關懷協會",
    "county":"新北市",
    "town":"蘆洲區",
    "address":"長安街220巷14號",
    "tel":"(02)82823442",
    "mobile":"無"
    }
  },
  {
    "type": "Feature",
    "geometry": {
       "type": "Point",
       "coordinates":  [ 121.459313,25.0903409 ]
    },
    "properties": {
    "no":914,
    "title":"新北市蘆洲區福祿壽協會",
    "county":"新北市",
    "town":"蘆洲區",
    "address":"永平街1號4樓",
    "tel":"(02)22859501",
    "mobile":"無"
    }
  },
  {
    "type": "Feature",
    "geometry": {
       "type": "Point",
       "coordinates":  [ 121.4671203,25.0835495 ]
    },
    "properties": {
    "no":915,
    "title":"新北市蘆洲區光明里辦公處",
    "county":"新北市",
    "town":"蘆洲區",
    "address":"中正路185巷31弄33號",
    "tel":"(02)82851391",
    "mobile":"無"
    }
  },
  {
    "type": "Feature",
    "geometry": {
       "type": "Point",
       "coordinates":  [ 121.4677116,25.0820528 ]
    },
    "properties": {
    "no":916,
    "title":"新北市蘆洲區光明里辦公處(白鷺鷥)",
    "county":"新北市",
    "town":"蘆洲區",
    "address":"光華路107巷11號",
    "tel":"(02)82851391",
    "mobile":"無"
    }
  },
  {
    "type": "Feature",
    "geometry": {
       "type": "Point",
       "coordinates":  [ 121.4683276,25.0835882 ]
    },
    "properties": {
    "no":917,
    "title":"新北市蘆洲區光華里辦公處",
    "county":"新北市",
    "town":"蘆洲區",
    "address":"光華路46巷21弄1號",
    "tel":"(02)22828818",
    "mobile":"無"
    }
  },
  {
    "type": "Feature",
    "geometry": {
       "type": "Point",
       "coordinates":  [ 121.4699186,25.0827403 ]
    },
    "properties": {
    "no":918,
    "title":"新北市蘆洲區體育會",
    "county":"新北市",
    "town":"蘆洲區",
    "address":"正和街16巷2號2樓",
    "tel":"(02)22898822",
    "mobile":"無"
    }
  },
  {
    "type": "Feature",
    "geometry": {
       "type": "Point",
       "coordinates":  [ 121.459313,25.0903409 ]
    },
    "properties": {
    "no":919,
    "title":"新北市蘆洲區成功里辦公處",
    "county":"新北市",
    "town":"蘆洲區",
    "address":"永平街1號4樓",
    "tel":"(02)82855838",
    "mobile":"無"
    }
  },
  {
    "type": "Feature",
    "geometry": {
       "type": "Point",
       "coordinates":  [ 121.4713106,25.0910607 ]
    },
    "properties": {
    "no":920,
    "title":"新北市蘆洲區忠孝里辦公處",
    "county":"新北市",
    "town":"蘆洲區",
    "address":"民權路143號",
    "tel":"無",
    "mobile":"921998980"
    }
  },
  {
    "type": "Feature",
    "geometry": {
       "type": "Point",
       "coordinates":  [ 121.4676886,25.0885693 ]
    },
    "properties": {
    "no":921,
    "title":"蘆洲保佑宮",
    "county":"新北市",
    "town":"蘆洲區",
    "address":"中正路192巷8號",
    "tel":"(02)22837158",
    "mobile":"無"
    }
  },
  {
    "type": "Feature",
    "geometry": {
       "type": "Point",
       "coordinates":  [ 121.4629033,25.0942245 ]
    },
    "properties": {
    "no":922,
    "title":"新北市蘆洲區保佑社區發展協會",
    "county":"新北市",
    "town":"蘆洲區",
    "address":"中正路428號",
    "tel":"(02)28487904",
    "mobile":"無"
    }
  },
  {
    "type": "Feature",
    "geometry": {
       "type": "Point",
       "coordinates":  [ 121.4713106,25.0910607 ]
    },
    "properties": {
    "no":923,
    "title":"新北市蘆洲區保新里辦公處",
    "county":"新北市",
    "town":"蘆洲區",
    "address":"民權路143號",
    "tel":"(02)82821217",
    "mobile":"無"
    }
  },
  {
    "type": "Feature",
    "geometry": {
       "type": "Point",
       "coordinates":  [ 121.4815063,25.0845748 ]
    },
    "properties": {
    "no":924,
    "title":"新北市蘆洲區信義里辦公處",
    "county":"新北市",
    "town":"蘆洲區",
    "address":"集賢路255號",
    "tel":"(02)22828721",
    "mobile":"無"
    }
  },
  {
    "type": "Feature",
    "geometry": {
       "type": "Point",
       "coordinates":  [ 121.4600058,25.0941464 ]
    },
    "properties": {
    "no":925,
    "title":"新北市蘆洲區南港里辦公處",
    "county":"新北市",
    "town":"蘆洲區",
    "address":"三民路611號",
    "tel":"(02)28489511",
    "mobile":"無"
    }
  },
  {
    "type": "Feature",
    "geometry": {
       "type": "Point",
       "coordinates":  [ 121.481851,25.0815628 ]
    },
    "properties": {
    "no":926,
    "title":"永安兒童公園",
    "county":"新北市",
    "town":"蘆洲區",
    "address":"永安北路二段42-6號",
    "tel":"(02)22811484",
    "mobile":"無"
    }
  },
  {
    "type": "Feature",
    "geometry": {
       "type": "Point",
       "coordinates":  [ 121.4728474,25.0784534 ]
    },
    "properties": {
    "no":927,
    "title":"社團法人台灣新希望社區關懷協會(得仁站)",
    "county":"新北市",
    "town":"蘆洲區",
    "address":"民生街129巷14號",
    "tel":"(02)82832858",
    "mobile":"無"
    }
  },
  {
    "type": "Feature",
    "geometry": {
       "type": "Point",
       "coordinates":  [ 121.4795098,25.0910968 ]
    },
    "properties": {
    "no":928,
    "title":"蘆洲護天宮附設鶴齡交誼中心",
    "county":"新北市",
    "town":"蘆洲區",
    "address":"復興路227巷26號",
    "tel":"(02)22829437",
    "mobile":"無"
    }
  },
  {
    "type": "Feature",
    "geometry": {
       "type": "Point",
       "coordinates":  [ 121.4765368,25.0796471 ]
    },
    "properties": {
    "no":929,
    "title":"新北市蘆洲區樹德社區發展協會",
    "county":"新北市",
    "town":"蘆洲區",
    "address":"信義路65號",
    "tel":"(02)82838995",
    "mobile":"無"
    }
  },
  {
    "type": "Feature",
    "geometry": {
       "type": "Point",
       "coordinates":  [ 121.4805362,25.0897535 ]
    },
    "properties": {
    "no":930,
    "title":"社團法人台灣多元社會福利協會(蘆洲樓厝)",
    "county":"新北市",
    "town":"蘆洲區",
    "address":"復興路274號",
    "tel":"(02)82820112",
    "mobile":"無"
    }
  },
  {
    "type": "Feature",
    "geometry": {
       "type": "Point",
       "coordinates":  [ 121.482215,25.0880107 ]
    },
    "properties": {
    "no":931,
    "title":"新北市蘆洲區樓厝里辦公處",
    "county":"新北市",
    "town":"蘆洲區",
    "address":"中興街85號",
    "tel":"(02)22813046",
    "mobile":"無"
    }
  },
  {
    "type": "Feature",
    "geometry": {
       "type": "Point",
       "coordinates":  [ 121.4761463,25.0847552 ]
    },
    "properties": {
    "no":932,
    "title":"社團法人台灣新希望社區關懷協會(鷺江站)",
    "county":"新北市",
    "town":"蘆洲區",
    "address":"民族路7號",
    "tel":"(02)82832858",
    "mobile":"無"
    }
  },
  {
    "type": "Feature",
    "geometry": {
       "type": "Point",
       "coordinates":  [ 121.4739087,25.0796423 ]
    },
    "properties": {
    "no":933,
    "title":"新北市蘆洲區樹德里辦公處",
    "county":"新北市",
    "town":"蘆洲區",
    "address":"信義路27巷7號",
    "tel":"(02)22816794",
    "mobile":"無"
    }
  },
  {
    "type": "Feature",
    "geometry": {
       "type": "Point",
       "coordinates":  [ 121.457221,25.0825706 ]
    },
    "properties": {
    "no":934,
    "title":"永安銀髮俱樂部",
    "county":"新北市",
    "town":"蘆洲區",
    "address":"永安南路二段314號",
    "tel":"(02)22811484",
    "mobile":"無"
    }
  },
  {
    "type": "Feature",
    "geometry": {
       "type": "Point",
       "coordinates":  [ 121.4619483,25.0806335 ]
    },
    "properties": {
    "no":935,
    "title":"新北市蘆洲區永德里辦公處",
    "county":"新北市",
    "town":"蘆洲區",
    "address":"長安街96號4樓(長安市民活動中心)",
    "tel":"(02)24848000",
    "mobile":"無"
    }
  },
  {
    "type": "Feature",
    "geometry": {
       "type": "Point",
       "coordinates":  [ 121.4743125,25.082568 ]
    },
    "properties": {
    "no":936,
    "title":"新北市蘆洲區仁復社區發展協會",
    "county":"新北市",
    "town":"蘆洲區",
    "address":"中山二路36巷7號",
    "tel":"(02)22826399",
    "mobile":"無"
    }
  },
  {
    "type": "Feature",
    "geometry": {
       "type": "Point",
       "coordinates":  [ 121.4634409,25.0807932 ]
    },
    "properties": {
    "no":937,
    "title":"新北市蘆洲區九芎里辦公處",
    "county":"新北市",
    "town":"蘆洲區",
    "address":"長安街68巷19號1樓",
    "tel":"(02)28477418",
    "mobile":"無"
    }
  },
  {
    "type": "Feature",
    "geometry": {
       "type": "Point",
       "coordinates":  [ 121.4677116,25.0820528 ]
    },
    "properties": {
    "no":938,
    "title":"新北市蘆洲區光明里辦公處(白鷺鷥)",
    "county":"新北市",
    "town":"蘆洲區",
    "address":"光華路107巷11號",
    "tel":"(02)82851391",
    "mobile":"無"
    }
  },
  {
    "type": "Feature",
    "geometry": {
       "type": "Point",
       "coordinates":  [ 121.4677295,25.077599 ]
    },
    "properties": {
    "no":939,
    "title":"新北市蘆洲區永安里辦公處",
    "county":"新北市",
    "town":"蘆洲區",
    "address":"永安南路二段16巷9號",
    "tel":"(02)22885918",
    "mobile":"無"
    }
  },
  {
    "type": "Feature",
    "geometry": {
       "type": "Point",
       "coordinates":  [ 121.4809204,25.0872752 ]
    },
    "properties": {
    "no":940,
    "title":"新北市蘆洲區玉清里辦公處",
    "county":"新北市",
    "town":"蘆洲區",
    "address":"中興街31號",
    "tel":"無",
    "mobile":"938153393"
    }
  },
  {
    "type": "Feature",
    "geometry": {
       "type": "Point",
       "coordinates":  [ 121.4619483,25.0806335 ]
    },
    "properties": {
    "no":941,
    "title":"新北市蘆洲區忠義里辦公處",
    "county":"新北市",
    "town":"蘆洲區",
    "address":"長安街96號4樓(長安市民活動中心)",
    "tel":"(02)82814561",
    "mobile":"無"
    }
  },
  {
    "type": "Feature",
    "geometry": {
       "type": "Point",
       "coordinates":  [ 121.4619483,25.0806335 ]
    },
    "properties": {
    "no":942,
    "title":"新北市蘆洲區長安里辦公處",
    "county":"新北市",
    "town":"蘆洲區",
    "address":"長安街96號4樓(長安市民活動中心)",
    "tel":"(02)82851500",
    "mobile":"無"
    }
  },
  {
    "type": "Feature",
    "geometry": {
       "type": "Point",
       "coordinates":  [ 121.4731435,25.0867898 ]
    },
    "properties": {
    "no":943,
    "title":"社團法人台灣新希望社區關懷協會(三民站)",
    "county":"新北市",
    "town":"蘆洲區",
    "address":"三民路96號",
    "tel":"(02)82832858",
    "mobile":"無"
    }
  },
  {
    "type": "Feature",
    "geometry": {
       "type": "Point",
       "coordinates":  [ 121.4743125,25.082568 ]
    },
    "properties": {
    "no":944,
    "title":"新北市蘆洲區保和里辦公處",
    "county":"新北市",
    "town":"蘆洲區",
    "address":"中山二路36巷7號",
    "tel":"(02)22829598",
    "mobile":"無"
    }
  },
  {
    "type": "Feature",
    "geometry": {
       "type": "Point",
       "coordinates":  [ 121.4303687,25.0713515 ]
    },
    "properties": {
    "no":945,
    "title":"新北市五股區水碓里辦公處",
    "county":"新北市",
    "town":"五股區",
    "address":"水碓二路1號2樓(水碓市民活動中心)",
    "tel":"(02)22933092",
    "mobile":"無"
    }
  },
  {
    "type": "Feature",
    "geometry": {
       "type": "Point",
       "coordinates":  [ 121.4303691,25.0713628 ]
    },
    "properties": {
    "no":946,
    "title":"財團法人私立廣恩老人養護中心(新北市五股老人公寓)",
    "county":"新北市",
    "town":"五股區",
    "address":"水碓二路1號",
    "tel":"(02)22919699",
    "mobile":"無"
    }
  },
  {
    "type": "Feature",
    "geometry": {
       "type": "Point",
       "coordinates":  [ 121.4393461,25.0823496 ]
    },
    "properties": {
    "no":947,
    "title":"社團法人中華基督教521福源全人關懷協會(中興據點)",
    "county":"新北市",
    "town":"五股區",
    "address":"中興路四段19-1號",
    "tel":"(02)22914515",
    "mobile":"無"
    }
  },
  {
    "type": "Feature",
    "geometry": {
       "type": "Point",
       "coordinates":  [ 121.4493464,25.0980847 ]
    },
    "properties": {
    "no":948,
    "title":"新北市五股區成州社區發展協會",
    "county":"新北市",
    "town":"五股區",
    "address":"西雲路267號(成州市民活動中心)",
    "tel":"(02)22933515",
    "mobile":"無"
    }
  },
  {
    "type": "Feature",
    "geometry": {
       "type": "Point",
       "coordinates":  [ 121.4571948,25.0792558 ]
    },
    "properties": {
    "no":949,
    "title":"新北市五股區更新社區發展協會",
    "county":"新北市",
    "town":"五股區",
    "address":"更洲路47號(更新市民活動中心)",
    "tel":"(02)29815101",
    "mobile":"無"
    }
  },
  {
    "type": "Feature",
    "geometry": {
       "type": "Point",
       "coordinates":  [ 121.4321007,25.0890241 ]
    },
    "properties": {
    "no":950,
    "title":"新北市五股區陸一里辦公處",
    "county":"新北市",
    "town":"五股區",
    "address":"六合街58號1樓",
    "tel":"(02)22933327",
    "mobile":"無"
    }
  },
  {
    "type": "Feature",
    "geometry": {
       "type": "Point",
       "coordinates":  [ 121.4310359,25.071018 ]
    },
    "properties": {
    "no":951,
    "title":"新北市五股區貿商社區發展協會",
    "county":"新北市",
    "town":"五股區",
    "address":"登林路貿商巷8弄10號",
    "tel":"(02)22926594",
    "mobile":"無"
    }
  },
  {
    "type": "Feature",
    "geometry": {
       "type": "Point",
       "coordinates":  [ 121.468551,25.0749893 ]
    },
    "properties": {
    "no":952,
    "title":"社團法人中華民國梅門一氣流行養生學會",
    "county":"新北市",
    "town":"五股區",
    "address":"國道路三段22號",
    "tel":"(02)22710555",
    "mobile":"無"
    }
  },
  {
    "type": "Feature",
    "geometry": {
       "type": "Point",
       "coordinates":  [ 121.4673375,25.0708978 ]
    },
    "properties": {
    "no":953,
    "title":"新北市五股區興珍社區發展協會",
    "county":"新北市",
    "town":"五股區",
    "address":"四維路6號",
    "tel":"(02)29889066",
    "mobile":"無"
    }
  },
  {
    "type": "Feature",
    "geometry": {
       "type": "Point",
       "coordinates":  [ 121.44476,25.0886758 ]
    },
    "properties": {
    "no":954,
    "title":"新北市五股賀聖宮",
    "county":"新北市",
    "town":"五股區",
    "address":"新五路三段1號(五股賀聖宮)",
    "tel":"(02)22953166",
    "mobile":"無"
    }
  },
  {
    "type": "Feature",
    "geometry": {
       "type": "Point",
       "coordinates":  [ 121.45264,25.1073739 ]
    },
    "properties": {
    "no":955,
    "title":"財團法人私立廣恩老人養護中心(新北市五股獅子頭公共托老中心)",
    "county":"新北市",
    "town":"五股區",
    "address":"孝義路30號",
    "tel":"(02)22932666",
    "mobile":"無"
    }
  },
  {
    "type": "Feature",
    "geometry": {
       "type": "Point",
       "coordinates":  [ 121.4364137,25.0802359 ]
    },
    "properties": {
    "no":956,
    "title":"社團法人台北市中國基督教靈糧世界佈道會台北靈糧堂(五股靈糧福音中心)",
    "county":"新北市",
    "town":"五股區",
    "address":"成泰路一段237-10號",
    "tel":"(02)22910336",
    "mobile":"無"
    }
  },
  {
    "type": "Feature",
    "geometry": {
       "type": "Point",
       "coordinates":  [ 121.4355963,25.0860686 ]
    },
    "properties": {
    "no":957,
    "title":"新北市五股區五股社區發展協會",
    "county":"新北市",
    "town":"五股區",
    "address":"工商路127號(五股市民活動中心)",
    "tel":"無",
    "mobile":"929004937"
    }
  },
  {
    "type": "Feature",
    "geometry": {
       "type": "Point",
       "coordinates":  [ 121.4461526,25.0944881 ]
    },
    "properties": {
    "no":958,
    "title":"新北市五股區成功里辦公處",
    "county":"新北市",
    "town":"五股區",
    "address":"西雲路163號2樓(成功市民活動中心)",
    "tel":"(02)82954913",
    "mobile":"無"
    }
  },
  {
    "type": "Feature",
    "geometry": {
       "type": "Point",
       "coordinates":  [ 121.435285,25.0894461 ]
    },
    "properties": {
    "no":959,
    "title":"新北市五股區五福里辦公處",
    "county":"新北市",
    "town":"五股區",
    "address":"五福路22巷25-1號(里民集會所)",
    "tel":"無",
    "mobile":"927219598"
    }
  },
  {
    "type": "Feature",
    "geometry": {
       "type": "Point",
       "coordinates":  [ 121.4267927,25.0708143 ]
    },
    "properties": {
    "no":960,
    "title":"新北市五股區長青會",
    "county":"新北市",
    "town":"五股區",
    "address":"登林路108號",
    "tel":"(02)82958243",
    "mobile":"無"
    }
  },
  {
    "type": "Feature",
    "geometry": {
       "type": "Point",
       "coordinates":  [ 121.43502,25.0667724 ]
    },
    "properties": {
    "no":961,
    "title":"新北市五股區德泰里辦公處",
    "county":"新北市",
    "town":"五股區",
    "address":"成泰路一段8巷4號(德泰里活動中心)",
    "tel":"無",
    "mobile":"937094346"
    }
  },
  {
    "type": "Feature",
    "geometry": {
       "type": "Point",
       "coordinates":  [ 121.4296642,25.0900901 ]
    },
    "properties": {
    "no":962,
    "title":"新北市五股區老人會",
    "county":"新北市",
    "town":"五股區",
    "address":"民義路一段218號",
    "tel":"(02)82952699",
    "mobile":"無"
    }
  },
  {
    "type": "Feature",
    "geometry": {
       "type": "Point",
       "coordinates":  [ 121.4330622,25.0905339 ]
    },
    "properties": {
    "no":963,
    "title":"新北市五股區六福里辦公處",
    "county":"新北市",
    "town":"五股區",
    "address":"五福路86巷5號",
    "tel":"(02)82925773",
    "mobile":"無"
    }
  },
  {
    "type": "Feature",
    "geometry": {
       "type": "Point",
       "coordinates":  [ 121.4296642,25.0900901 ]
    },
    "properties": {
    "no":964,
    "title":"新北市五股區老人會",
    "county":"新北市",
    "town":"五股區",
    "address":"民義路一段218號",
    "tel":"(02)82952699",
    "mobile":"無"
    }
  },
  {
    "type": "Feature",
    "geometry": {
       "type": "Point",
       "coordinates":  [ 121.4484338,25.1033468 ]
    },
    "properties": {
    "no":965,
    "title":"新北市五股區集賢里辦公處",
    "county":"新北市",
    "town":"五股區",
    "address":"天乙路3之1號(集賢里活動中心)",
    "tel":"(02)22941888",
    "mobile":"無"
    }
  },
  {
    "type": "Feature",
    "geometry": {
       "type": "Point",
       "coordinates":  [ 121.4296642,25.0900901 ]
    },
    "properties": {
    "no":966,
    "title":"新北市五股區老人會",
    "county":"新北市",
    "town":"五股區",
    "address":"民義路一段218號",
    "tel":"(02)82952699",
    "mobile":"無"
    }
  },
  {
    "type": "Feature",
    "geometry": {
       "type": "Point",
       "coordinates":  [ 121.4368288,25.0835371 ]
    },
    "properties": {
    "no":967,
    "title":"新北市五股區五股里辦公處",
    "county":"新北市",
    "town":"五股區",
    "address":"中興路4段67號之1",
    "tel":"無",
    "mobile":"911557859"
    }
  },
  {
    "type": "Feature",
    "geometry": {
       "type": "Point",
       "coordinates":  [ 121.4049073,25.0565696 ]
    },
    "properties": {
    "no":968,
    "title":"新北市泰山區大科社區發展協會",
    "county":"新北市",
    "town":"泰山區",
    "address":"大科路300號(大科市民活動中心)",
    "tel":"(02)29092746",
    "mobile":"無"
    }
  },
  {
    "type": "Feature",
    "geometry": {
       "type": "Point",
       "coordinates":  [ 121.4323652,25.0627009 ]
    },
    "properties": {
    "no":969,
    "title":"新北市泰山區山腳社區發展協會",
    "county":"新北市",
    "town":"泰山區",
    "address":"福德街14號(大科市民活動中心)",
    "tel":"(02)29096191",
    "mobile":"無"
    }
  },
  {
    "type": "Feature",
    "geometry": {
       "type": "Point",
       "coordinates":  [ 121.430563,25.0583 ]
    },
    "properties": {
    "no":970,
    "title":"新北市泰山睦鄰協會",
    "county":"新北市",
    "town":"泰山區",
    "address":"明志路一段354號6樓(泰山基督教會美門堂)",
    "tel":"(02)29094036",
    "mobile":"無"
    }
  },
  {
    "type": "Feature",
    "geometry": {
       "type": "Point",
       "coordinates":  [ 121.4307726,25.0566946 ]
    },
    "properties": {
    "no":971,
    "title":"新北市泰山區同榮社區發展協會",
    "county":"新北市",
    "town":"泰山區",
    "address":"明志路一段427號(同榮市民活動中心)",
    "tel":"(02)85312129",
    "mobile":"無"
    }
  },
  {
    "type": "Feature",
    "geometry": {
       "type": "Point",
       "coordinates":  [ 121.4236026,25.0399183 ]
    },
    "properties": {
    "no":972,
    "title":"新北市泰山區貴子社區發展協會",
    "county":"新北市",
    "town":"泰山區",
    "address":"工專路22號(貴子市民活動中心)",
    "tel":"無",
    "mobile":"931559133"
    }
  },
  {
    "type": "Feature",
    "geometry": {
       "type": "Point",
       "coordinates":  [ 121.4243739,25.0400576 ]
    },
    "properties": {
    "no":973,
    "title":"新北市泰山區中保公共托老中心",
    "county":"新北市",
    "town":"泰山區",
    "address":"明志路三段142巷8號5樓之1(泰山中保公共托老中心)",
    "tel":"(02)29085168",
    "mobile":"無"
    }
  },
  {
    "type": "Feature",
    "geometry": {
       "type": "Point",
       "coordinates":  [ 121.4222412,25.034626 ]
    },
    "properties": {
    "no":974,
    "title":"新北市泰山區貴和社區發展協會",
    "county":"新北市",
    "town":"泰山區",
    "address":"明志路三段365號(貴和市民活動中心)",
    "tel":"(02)29065998",
    "mobile":"無"
    }
  },
  {
    "type": "Feature",
    "geometry": {
       "type": "Point",
       "coordinates":  [ 121.4346806,25.0617372 ]
    },
    "properties": {
    "no":975,
    "title":"新北市泰山區楓樹里辦公處",
    "county":"新北市",
    "town":"泰山區",
    "address":"楓江路26巷26號1樓(楓樹福泰市民活動中心)",
    "tel":"(02)29097669",
    "mobile":"無"
    }
  },
  {
    "type": "Feature",
    "geometry": {
       "type": "Point",
       "coordinates":  [ 121.4279615,25.050291 ]
    },
    "properties": {
    "no":976,
    "title":"新北市泰山區義仁社區發展協會",
    "county":"新北市",
    "town":"泰山區",
    "address":"明志路二段177號(義仁市民活動中心)",
    "tel":"無",
    "mobile":"917171897"
    }
  },
  {
    "type": "Feature",
    "geometry": {
       "type": "Point",
       "coordinates":  [ 121.4209346,25.0626881 ]
    },
    "properties": {
    "no":977,
    "title":"新北市泰山區黎明社區發展協會",
    "county":"新北市",
    "town":"泰山區",
    "address":"黎明路23號(黎明市民活動中心)",
    "tel":"無",
    "mobile":"963072627"
    }
  },
  {
    "type": "Feature",
    "geometry": {
       "type": "Point",
       "coordinates":  [ 121.4346806,25.0617372 ]
    },
    "properties": {
    "no":978,
    "title":"新北市泰山區福興里辦公處",
    "county":"新北市",
    "town":"泰山區",
    "address":"楓江路26巷26號1樓(楓樹福泰市民活動中心)",
    "tel":"(02)22963466",
    "mobile":"無"
    }
  },
  {
    "type": "Feature",
    "geometry": {
       "type": "Point",
       "coordinates":  [ 121.4321829,25.0555843 ]
    },
    "properties": {
    "no":979,
    "title":"新北市市敏動齡健康關懷協會(泰山全興站)",
    "county":"新北市",
    "town":"泰山區",
    "address":"仁義路11巷1號(歡比屋休閒餐飲)",
    "tel":"無",
    "mobile":"963666198"
    }
  },
  {
    "type": "Feature",
    "geometry": {
       "type": "Point",
       "coordinates":  [ 121.4281693,25.0449261 ]
    },
    "properties": {
    "no":980,
    "title":"財團法人天主教主顧修女會(新北市泰山奇蹟之家公共托老中心)",
    "county":"新北市",
    "town":"泰山區",
    "address":"新生路4號(泰山奇蹟之家公共托老中心)",
    "tel":"(02)29062242",
    "mobile":"無"
    }
  },
  {
    "type": "Feature",
    "geometry": {
       "type": "Point",
       "coordinates":  [ 121.4248264,25.0438069 ]
    },
    "properties": {
    "no":981,
    "title":"新北市市敏動齡健康關懷協會(泰山明志站)",
    "county":"新北市",
    "town":"泰山區",
    "address":"明志路2段426號4樓(明志市民活動中心)",
    "tel":"無",
    "mobile":"963666198"
    }
  },
  {
    "type": "Feature",
    "geometry": {
       "type": "Point",
       "coordinates":  [ 121.4236026,25.0399183 ]
    },
    "properties": {
    "no":982,
    "title":"新北市泰山區貴子社區發展協會",
    "county":"新北市",
    "town":"泰山區",
    "address":"工專路22號(貴子市民活動中心)",
    "tel":"無",
    "mobile":"931559133"
    }
  },
  {
    "type": "Feature",
    "geometry": {
       "type": "Point",
       "coordinates":  [ 121.4248264,25.0438069 ]
    },
    "properties": {
    "no":983,
    "title":"新北市市敏動齡健康關懷協會(明志站)",
    "county":"新北市",
    "town":"泰山區",
    "address":"明志路2段426號4樓(明志市民活動中心)",
    "tel":"無",
    "mobile":"963666198"
    }
  },
  {
    "type": "Feature",
    "geometry": {
       "type": "Point",
       "coordinates":  [ 121.4346806,25.0617372 ]
    },
    "properties": {
    "no":984,
    "title":"泰山區老人會",
    "county":"新北市",
    "town":"泰山區",
    "address":"楓江路26巷26號2樓(楓樹福泰市民活動中心)",
    "tel":"(02)29000530",
    "mobile":"無"
    }
  },
  {
    "type": "Feature",
    "geometry": {
       "type": "Point",
       "coordinates":  [ 121.4346806,25.0617372 ]
    },
    "properties": {
    "no":985,
    "title":"泰山區老人會",
    "county":"新北市",
    "town":"泰山區",
    "address":"楓江路26巷26號2樓(楓樹福泰市民活動中心)",
    "tel":"(02)29000530",
    "mobile":"無"
    }
  },
  {
    "type": "Feature",
    "geometry": {
       "type": "Point",
       "coordinates":  [ 121.3015612,25.1188082 ]
    },
    "properties": {
    "no":986,
    "title":"新北市林口區下福里辦公處",
    "county":"新北市",
    "town":"林口區",
    "address":"下福139-13號(下福市民活動中心)",
    "tel":"無",
    "mobile":"932920691"
    }
  },
  {
    "type": "Feature",
    "geometry": {
       "type": "Point",
       "coordinates":  [ 121.3776045,25.0968169 ]
    },
    "properties": {
    "no":987,
    "title":"新北市林口區中菁社區發展協會",
    "county":"新北市",
    "town":"林口區",
    "address":"菁埔23號",
    "tel":"無",
    "mobile":"939211355"
    }
  },
  {
    "type": "Feature",
    "geometry": {
       "type": "Point",
       "coordinates":  [ 121.371987,25.0706107 ]
    },
    "properties": {
    "no":988,
    "title":"財團法人新北市基督教林口靈糧堂",
    "county":"新北市",
    "town":"林口區",
    "address":"文化一路一段93號1樓之2",
    "tel":"(02)26097836",
    "mobile":"無"
    }
  },
  {
    "type": "Feature",
    "geometry": {
       "type": "Point",
       "coordinates":  [ 121.3738478,25.0719193 ]
    },
    "properties": {
    "no":989,
    "title":"財團法人新北市大樹社會福利基金會(新北市林口仁愛公共托老中心)",
    "county":"新北市",
    "town":"林口區",
    "address":"文化一路一段137號1樓",
    "tel":"(02)26068117",
    "mobile":"無"
    }
  },
  {
    "type": "Feature",
    "geometry": {
       "type": "Point",
       "coordinates":  [ 121.364902,25.134925 ]
    },
    "properties": {
    "no":990,
    "title":"新北市林口區太平社區發展協會",
    "county":"新北市",
    "town":"林口區",
    "address":"汕頭32號(太平市民活動中心)",
    "tel":"無",
    "mobile":"936094721"
    }
  },
  {
    "type": "Feature",
    "geometry": {
       "type": "Point",
       "coordinates":  [ 121.3889482,25.0778173 ]
    },
    "properties": {
    "no":991,
    "title":"財團法人華山社會褔利慈善基金會",
    "county":"新北市",
    "town":"林口區",
    "address":"中正路280號",
    "tel":"(02)26020469",
    "mobile":"無"
    }
  },
  {
    "type": "Feature",
    "geometry": {
       "type": "Point",
       "coordinates":  [ 121.3882217,25.078638 ]
    },
    "properties": {
    "no":992,
    "title":"新北市林口區西林里辦公處",
    "county":"新北市",
    "town":"林口區",
    "address":"竹林路80-1號(西林市民活動中心)",
    "tel":"無",
    "mobile":"988319539"
    }
  },
  {
    "type": "Feature",
    "geometry": {
       "type": "Point",
       "coordinates":  [ 121.3983858,25.0773528 ]
    },
    "properties": {
    "no":993,
    "title":"新北市林口區東林社區發展協會",
    "county":"新北市",
    "town":"林口區",
    "address":"自強三街33號",
    "tel":"(02)26012221",
    "mobile":"無"
    }
  },
  {
    "type": "Feature",
    "geometry": {
       "type": "Point",
       "coordinates":  [ 121.3772962,25.0751009 ]
    },
    "properties": {
    "no":994,
    "title":"新北市林口區東南社區發展協會",
    "county":"新北市",
    "town":"林口區",
    "address":"林口區麗園ㄧ街35號2樓",
    "tel":"(02)26095928",
    "mobile":"無"
    }
  },
  {
    "type": "Feature",
    "geometry": {
       "type": "Point",
       "coordinates":  [ 121.3938869,25.0772837 ]
    },
    "properties": {
    "no":995,
    "title":"新北市林口區林口里辦公處",
    "county":"新北市",
    "town":"林口區",
    "address":"中正路100號3樓(林口市民活動中心)",
    "tel":"無",
    "mobile":"935003221"
    }
  },
  {
    "type": "Feature",
    "geometry": {
       "type": "Point",
       "coordinates":  [ 121.3589981,25.0738408 ]
    },
    "properties": {
    "no":996,
    "title":"新北市林口區南勢里辦公處",
    "county":"新北市",
    "town":"林口區",
    "address":"南勢二街154號",
    "tel":"(02)26090168",
    "mobile":"無"
    }
  },
  {
    "type": "Feature",
    "geometry": {
       "type": "Point",
       "coordinates":  [ 121.3398668,25.0923205 ]
    },
    "properties": {
    "no":997,
    "title":"新北市林口區頂福里辦公處",
    "county":"新北市",
    "town":"林口區",
    "address":"頂福里5鄰20之16號",
    "tel":"無",
    "mobile":"920977552"
    }
  },
  {
    "type": "Feature",
    "geometry": {
       "type": "Point",
       "coordinates":  [ 121.3867975,25.0961886 ]
    },
    "properties": {
    "no":998,
    "title":"新北市林口區湖北社區發展協會",
    "county":"新北市",
    "town":"林口區",
    "address":"後湖17之6號(湖北市民活動中心)",
    "tel":"無",
    "mobile":"922386766"
    }
  },
  {
    "type": "Feature",
    "geometry": {
       "type": "Point",
       "coordinates":  [ 121.377891,25.085012 ]
    },
    "properties": {
    "no":999,
    "title":"新北市林口區湖南社區發展協會",
    "county":"新北市",
    "town":"林口區",
    "address":"頭湖73號",
    "tel":"(02)26030595",
    "mobile":"無"
    }
  },
  {
    "type": "Feature",
    "geometry": {
       "type": "Point",
       "coordinates":  [ 121.3898516,25.0824876 ]
    },
    "properties": {
    "no":1000,
    "title":"竹林山觀音寺鶴齡交誼中心",
    "county":"新北市",
    "town":"林口區",
    "address":"竹林路323號",
    "tel":"(02)26015304",
    "mobile":"無"
    }
  },
  {
    "type": "Feature",
    "geometry": {
       "type": "Point",
       "coordinates":  [ 121.346766,25.118033 ]
    },
    "properties": {
    "no":1001,
    "title":"新北市林口區瑞平里辦公處",
    "county":"新北市",
    "town":"林口區",
    "address":"瑞樹坑52號之2",
    "tel":"無",
    "mobile":"958087299"
    }
  },
  {
    "type": "Feature",
    "geometry": {
       "type": "Point",
       "coordinates":  [ 121.3685366,25.1173582 ]
    },
    "properties": {
    "no":1002,
    "title":"新北市林口區嘉瑞社區發展協會",
    "county":"新北市",
    "town":"林口區",
    "address":"嘉溪雅坑22號",
    "tel":"無",
    "mobile":"933051084"
    }
  },
  {
    "type": "Feature",
    "geometry": {
       "type": "Point",
       "coordinates":  [ 121.3881378,25.0790108 ]
    },
    "properties": {
    "no":1003,
    "title":"新北市林口區嘉寶里辦公處",
    "county":"新北市",
    "town":"林口區",
    "address":"嘉溪雅坑27號",
    "tel":"(02)26051251",
    "mobile":"無"
    }
  },
  {
    "type": "Feature",
    "geometry": {
       "type": "Point",
       "coordinates":  [ 121.3675272,25.0689813 ]
    },
    "properties": {
    "no":1004,
    "title":"新北市林口區麗林里辦公處",
    "county":"新北市",
    "town":"林口區",
    "address":"公園路59號3樓(麗林市民活動中心)",
    "tel":"無",
    "mobile":"935668013"
    }
  },
  {
    "type": "Feature",
    "geometry": {
       "type": "Point",
       "coordinates":  [ 121.3735916,25.0689848 ]
    },
    "properties": {
    "no":1005,
    "title":"新北市林口區麗園里辦公室",
    "county":"新北市",
    "town":"林口區",
    "address":"忠孝路569巷17號(麗園市民活動中心)",
    "tel":"無",
    "mobile":"910024901"
    }
  },
  {
    "type": "Feature",
    "geometry": {
       "type": "Point",
       "coordinates":  [ 121.6347326,25.0099947 ]
    },
    "properties": {
    "no":1006,
    "title":"新北市深坑區土庫里辦公處",
    "county":"新北市",
    "town":"深坑區",
    "address":"北深路一段83巷8弄36號3樓(深坑第1市民活動中心)",
    "tel":"(02)26627777",
    "mobile":"無"
    }
  },
  {
    "type": "Feature",
    "geometry": {
       "type": "Point",
       "coordinates":  [ 121.6283811,25.0048311 ]
    },
    "properties": {
    "no":1007,
    "title":"新北市深坑區昇高社區發展協會",
    "county":"新北市",
    "town":"深坑區",
    "address":"旺耽路25號(昇高市民活動中心)",
    "tel":"無",
    "mobile":"958282477"
    }
  },
  {
    "type": "Feature",
    "geometry": {
       "type": "Point",
       "coordinates":  [ 121.606364,24.9991898 ]
    },
    "properties": {
    "no":1008,
    "title":"新北市深坑區阿柔社區發展協會",
    "county":"新北市",
    "town":"深坑區",
    "address":"阿柔洋66號(阿柔市民活動中心)",
    "tel":"(02)26647265",
    "mobile":"無"
    }
  },
  {
    "type": "Feature",
    "geometry": {
       "type": "Point",
       "coordinates":  [ 121.6180187,25.003595 ]
    },
    "properties": {
    "no":1009,
    "title":"新北市身心障礙多愛公益推廣協會",
    "county":"新北市",
    "town":"深坑區",
    "address":"北深路二段87號",
    "tel":"(02)27331648",
    "mobile":"無"
    }
  },
  {
    "type": "Feature",
    "geometry": {
       "type": "Point",
       "coordinates":  [ 121.6163669,25.0015306 ]
    },
    "properties": {
    "no":1010,
    "title":"深坑國小",
    "county":"新北市",
    "town":"深坑區",
    "address":"文化街45號",
    "tel":"(02)26624675",
    "mobile":"無"
    }
  },
  {
    "type": "Feature",
    "geometry": {
       "type": "Point",
       "coordinates":  [ 121.614764,25.001754 ]
    },
    "properties": {
    "no":1011,
    "title":"新北市深坑區深坑社區發展協會",
    "county":"新北市",
    "town":"深坑區",
    "address":"北深路二段166號(深坑第2市民活動中心)",
    "tel":"無",
    "mobile":"937816131"
    }
  },
  {
    "type": "Feature",
    "geometry": {
       "type": "Point",
       "coordinates":  [ 121.6042452,25.0007417 ]
    },
    "properties": {
    "no":1012,
    "title":"新北市深坑區萬順社區發展協會",
    "county":"新北市",
    "town":"深坑區",
    "address":"北深路三段107巷26號(萬順市民活動中心)",
    "tel":"無",
    "mobile":"920726033"
    }
  },
  {
    "type": "Feature",
    "geometry": {
       "type": "Point",
       "coordinates":  [ 121.6051586,25.0018416 ]
    },
    "properties": {
    "no":1013,
    "title":"新北市深坑詠靜公共托老中心",
    "county":"新北市",
    "town":"深坑區",
    "address":"北深路三段105號1樓",
    "tel":"(02)26621660",
    "mobile":"無"
    }
  },
  {
    "type": "Feature",
    "geometry": {
       "type": "Point",
       "coordinates":  [ 121.6236805,25.0056003 ]
    },
    "properties": {
    "no":1014,
    "title":"深坑慈聖宮",
    "county":"新北市",
    "town":"深坑區",
    "address":"北深路一段300號",
    "tel":"(02)26621515",
    "mobile":"無"
    }
  },
  {
    "type": "Feature",
    "geometry": {
       "type": "Point",
       "coordinates":  [ 121.6839326,24.9762422 ]
    },
    "properties": {
    "no":1015,
    "title":"新北市石碇區豐田里辦公處",
    "county":"新北市",
    "town":"石碇區",
    "address":"碇坪路二段28號(豐田里民活動中心)",
    "tel":"(02)29395196",
    "mobile":"無"
    }
  },
  {
    "type": "Feature",
    "geometry": {
       "type": "Point",
       "coordinates":  [ 121.6567292,24.9749378 ]
    },
    "properties": {
    "no":1016,
    "title":"新北市石碇區烏塗社區發展協會",
    "county":"新北市",
    "town":"石碇區",
    "address":"烏塗窟23之1號(烏塗市民活動中心)",
    "tel":"(02)26632663",
    "mobile":"無"
    }
  },
  {
    "type": "Feature",
    "geometry": {
       "type": "Point",
       "coordinates":  [ 121.679833,25.0315991 ]
    },
    "properties": {
    "no":1017,
    "title":"新北市石碇區光明里辦公處",
    "county":"新北市",
    "town":"石碇區",
    "address":"光明路12-1號(光明市民活動中心)",
    "tel":"(02)26638182",
    "mobile":"無"
    }
  },
  {
    "type": "Feature",
    "geometry": {
       "type": "Point",
       "coordinates":  [ 121.6290218,24.9542194 ]
    },
    "properties": {
    "no":1018,
    "title":"新北市石碇區格頭里辦公處",
    "county":"新北市",
    "town":"石碇區",
    "address":"北宜路五段3號(格頭市民活動中心)",
    "tel":"(02)26651723",
    "mobile":"無"
    }
  },
  {
    "type": "Feature",
    "geometry": {
       "type": "Point",
       "coordinates":  [ 121.6582095,24.9914956 ]
    },
    "properties": {
    "no":1019,
    "title":"新北市石碇區潭邊里辦公處",
    "county":"新北市",
    "town":"石碇區",
    "address":"碇坪路一段39號1樓(潭邊市民活動中心)",
    "tel":"(02)26631217",
    "mobile":"無"
    }
  },
  {
    "type": "Feature",
    "geometry": {
       "type": "Point",
       "coordinates":  [ 121.6452827,25.0098662 ]
    },
    "properties": {
    "no":1020,
    "title":"新北市石碇區彭山里辦公處",
    "county":"新北市",
    "town":"石碇區",
    "address":"崩山路33之3號",
    "tel":"(02)26631028",
    "mobile":"無"
    }
  },
  {
    "type": "Feature",
    "geometry": {
       "type": "Point",
       "coordinates":  [ 121.6411666,25.0118389 ]
    },
    "properties": {
    "no":1021,
    "title":"新北市石碇區隆盛里辦公處",
    "county":"新北市",
    "town":"石碇區",
    "address":"靜安路一段5號",
    "tel":"(02)26632113",
    "mobile":"無"
    }
  },
  {
    "type": "Feature",
    "geometry": {
       "type": "Point",
       "coordinates":  [ 121.6588786,24.9905746 ]
    },
    "properties": {
    "no":1022,
    "title":"新北市石碇區石碇國小",
    "county":"新北市",
    "town":"石碇區",
    "address":"石碇西街15號",
    "tel":"(02)26631244",
    "mobile":"無"
    }
  },
  {
    "type": "Feature",
    "geometry": {
       "type": "Point",
       "coordinates":  [ 121.6727484,25.0080792 ]
    },
    "properties": {
    "no":1023,
    "title":"新北市石碇區光明社區發展協會",
    "county":"新北市",
    "town":"石碇區",
    "address":"靜安路一段183號(中民市民活動中心)",
    "tel":"(02)26632070",
    "mobile":"無"
    }
  },
  {
    "type": "Feature",
    "geometry": {
       "type": "Point",
       "coordinates":  [ 121.655784,24.944984 ]
    },
    "properties": {
    "no":1024,
    "title":"新北市石碇區永安里辦公處",
    "county":"新北市",
    "town":"石碇區",
    "address":"北宜路六段小金瓜寮巷2-1號",
    "tel":"(02)26651786",
    "mobile":"無"
    }
  },
  {
    "type": "Feature",
    "geometry": {
       "type": "Point",
       "coordinates":  [ 121.6987976,25.0147328 ]
    },
    "properties": {
    "no":1025,
    "title":"新北市石碇區永定里辦公處",
    "county":"新北市",
    "town":"石碇區",
    "address":"靜安路一段337號",
    "tel":"無",
    "mobile":"938153672"
    }
  },
  {
    "type": "Feature",
    "geometry": {
       "type": "Point",
       "coordinates":  [ 121.6423187,25.0101241 ]
    },
    "properties": {
    "no":1026,
    "title":"新北市石碇區老人會",
    "county":"新北市",
    "town":"石碇區",
    "address":"楓子林32-1號4樓(石碇區綜合大樓)",
    "tel":"(02)26632116",
    "mobile":"無"
    }
  },
  {
    "type": "Feature",
    "geometry": {
       "type": "Point",
       "coordinates":  [ 121.6423187,25.0101241 ]
    },
    "properties": {
    "no":1027,
    "title":"財團法人老五老基金會(新北市石碇楓子林公共托老中心)",
    "county":"新北市",
    "town":"石碇區",
    "address":"楓子林32-1號3樓(石碇區綜合大樓)",
    "tel":"(02)26632885",
    "mobile":"無"
    }
  },
  {
    "type": "Feature",
    "geometry": {
       "type": "Point",
       "coordinates":  [ 121.736689,24.9609632 ]
    },
    "properties": {
    "no":1028,
    "title":"新北市坪林區漁光社區發展協會",
    "county":"新北市",
    "town":"坪林區",
    "address":"坪雙路二段2號",
    "tel":"無",
    "mobile":"919373068"
    }
  },
  {
    "type": "Feature",
    "geometry": {
       "type": "Point",
       "coordinates":  [ 121.718458,24.902171 ]
    },
    "properties": {
    "no":1029,
    "title":"新北市坪林區石𥕢里辦公處",
    "county":"新北市",
    "town":"坪林區",
    "address":"石𥕢路16號2樓(石𥕢集會所)",
    "tel":"(02)26656059",
    "mobile":"無"
    }
  },
  {
    "type": "Feature",
    "geometry": {
       "type": "Point",
       "coordinates":  [ 121.687464,24.935749 ]
    },
    "properties": {
    "no":1030,
    "title":"新北市坪林區粗窟里辦公處",
    "county":"新北市",
    "town":"坪林區",
    "address":"黃櫸皮寮2號",
    "tel":"(02)26657868",
    "mobile":"無"
    }
  },
  {
    "type": "Feature",
    "geometry": {
       "type": "Point",
       "coordinates":  [ 121.7107613,24.9350844 ]
    },
    "properties": {
    "no":1031,
    "title":"清雲殿",
    "county":"新北市",
    "town":"坪林區",
    "address":"灣潭路4號",
    "tel":"(02)26656132",
    "mobile":"無"
    }
  },
  {
    "type": "Feature",
    "geometry": {
       "type": "Point",
       "coordinates":  [ 121.7166941193235,24.91292347457179 ]
    },
    "properties": {
    "no":1032,
    "title":"新北市坪林區老人會",
    "county":"新北市",
    "town":"坪林區",
    "address":"魚堀33-17號",
    "tel":"(02)26656630",
    "mobile":"無"
    }
  },
  {
    "type": "Feature",
    "geometry": {
       "type": "Point",
       "coordinates":  [ 121.7166941193235,24.91292347457179 ]
    },
    "properties": {
    "no":1033,
    "title":"新北市坪林區大林里辦公處",
    "county":"新北市",
    "town":"坪林區",
    "address":"魚堀55-6號",
    "tel":"(02)26657612",
    "mobile":"無"
    }
  },
  {
    "type": "Feature",
    "geometry": {
       "type": "Point",
       "coordinates":  [ 121.7166941193235,24.91292347457179 ]
    },
    "properties": {
    "no":1034,
    "title":"協德宮",
    "county":"新北市",
    "town":"坪林區",
    "address":"魚堀44-1號",
    "tel":"(02)26657887",
    "mobile":"無"
    }
  },
  {
    "type": "Feature",
    "geometry": {
       "type": "Point",
       "coordinates":  [ 121.7107613,24.9350844 ]
    },
    "properties": {
    "no":1035,
    "title":"新北市坪林區水德里辦公處",
    "county":"新北市",
    "town":"坪林區",
    "address":"厚德坑8號",
    "tel":"(02)26657234",
    "mobile":"無"
    }
  },
  {
    "type": "Feature",
    "geometry": {
       "type": "Point",
       "coordinates":  [ 121.733755,24.954514 ]
    },
    "properties": {
    "no":1036,
    "title":"新北市坪林區上德里辦公處",
    "county":"新北市",
    "town":"坪林區",
    "address":"九芎坑16號之2",
    "tel":"(02)26656549",
    "mobile":"無"
    }
  },
  {
    "type": "Feature",
    "geometry": {
       "type": "Point",
       "coordinates":  [ 121.7110847,24.9363439 ]
    },
    "properties": {
    "no":1037,
    "title":"坪林國小",
    "county":"新北市",
    "town":"坪林區",
    "address":"坪林街114號",
    "tel":"(02)26656213",
    "mobile":"無"
    }
  },
  {
    "type": "Feature",
    "geometry": {
       "type": "Point",
       "coordinates":  [ 121.7120049,24.9387976 ]
    },
    "properties": {
    "no":1038,
    "title":"財團法人伊甸社會福利基金會(坪林水柳腳公共托老中心)",
    "county":"新北市",
    "town":"坪林區",
    "address":"坪碇路6號(坪林區市民活動中心)",
    "tel":"(02)26658373",
    "mobile":"無"
    }
  },
  {
    "type": "Feature",
    "geometry": {
       "type": "Point",
       "coordinates":  [ 121.5299089,25.2586728 ]
    },
    "properties": {
    "no":1039,
    "title":"新北市三芝區橫山里辦公處",
    "county":"新北市",
    "town":"三芝區",
    "address":"橫山里86號(橫山國小活動中心)",
    "tel":"(02)26362111",
    "mobile":"無"
    }
  },
  {
    "type": "Feature",
    "geometry": {
       "type": "Point",
       "coordinates":  [ 121.490923,25.247404 ]
    },
    "properties": {
    "no":1040,
    "title":"新北市三芝區錫板里辦公處",
    "county":"新北市",
    "town":"三芝區",
    "address":"海尾17號",
    "tel":"(02)26362111",
    "mobile":"無"
    }
  },
  {
    "type": "Feature",
    "geometry": {
       "type": "Point",
       "coordinates":  [ 121.513076,25.237009 ]
    },
    "properties": {
    "no":1041,
    "title":"新北市三芝區八賢里辦公處",
    "county":"新北市",
    "town":"三芝區",
    "address":"八連溪41號(八賢市民活動中心)",
    "tel":"(02)26362111",
    "mobile":"無"
    }
  },
  {
    "type": "Feature",
    "geometry": {
       "type": "Point",
       "coordinates":  [ 121.4996579,25.1597935 ]
    },
    "properties": {
    "no":1042,
    "title":"新北市三芝區店子里辦公處",
    "county":"新北市",
    "town":"三芝區",
    "address":"店子43-5號(店子里辦公處)",
    "tel":"(02)26362111",
    "mobile":"無"
    }
  },
  {
    "type": "Feature",
    "geometry": {
       "type": "Point",
       "coordinates":  [ 121.4731081,25.2539143 ]
    },
    "properties": {
    "no":1043,
    "title":"新北市三芝區後厝里辦公處",
    "county":"新北市",
    "town":"三芝區",
    "address":"北勢子20-6號(後厝市民活動中心)",
    "tel":"(02)26362536",
    "mobile":"無"
    }
  },
  {
    "type": "Feature",
    "geometry": {
       "type": "Point",
       "coordinates":  [ 121.499321,25.271535 ]
    },
    "properties": {
    "no":1044,
    "title":"八仙宮",
    "county":"新北市",
    "town":"三芝區",
    "address":"番社后31-1號",
    "tel":"(02)26360743",
    "mobile":"無"
    }
  },
  {
    "type": "Feature",
    "geometry": {
       "type": "Point",
       "coordinates":  [ 121.486279,25.265169 ]
    },
    "properties": {
    "no":1045,
    "title":"新北市三芝區古庄里辦公處",
    "county":"新北市",
    "town":"三芝區",
    "address":"茂興店83號之1",
    "tel":"(02)26362111",
    "mobile":"無"
    }
  },
  {
    "type": "Feature",
    "geometry": {
       "type": "Point",
       "coordinates":  [ 121.5299739,25.2217595 ]
    },
    "properties": {
    "no":1046,
    "title":"新北市三芝區圓山里辦公處",
    "county":"新北市",
    "town":"三芝區",
    "address":"木屐寮32-2號(圓山市民活動中心)",
    "tel":"(02)26362111",
    "mobile":"無"
    }
  },
  {
    "type": "Feature",
    "geometry": {
       "type": "Point",
       "coordinates":  [ 121.500888,25.210572 ]
    },
    "properties": {
    "no":1047,
    "title":"新北市三芝區興華里辦公處",
    "county":"新北市",
    "town":"三芝區",
    "address":"楓子林47號之1(店子興華市民活動中心)",
    "tel":"(02)26362111",
    "mobile":"無"
    }
  },
  {
    "type": "Feature",
    "geometry": {
       "type": "Point",
       "coordinates":  [ 121.503905,25.243736 ]
    },
    "properties": {
    "no":1048,
    "title":"新北市三芝區福德里辦公處",
    "county":"新北市",
    "town":"三芝區",
    "address":"埔尾9之1號(福德市民活動中心)",
    "tel":"(02)26362111",
    "mobile":"無"
    }
  },
  {
    "type": "Feature",
    "geometry": {
       "type": "Point",
       "coordinates":  [ 121.5134532,25.2548702 ]
    },
    "properties": {
    "no":1049,
    "title":"文化彌勒佛院",
    "county":"新北市",
    "town":"三芝區",
    "address":"陳厝坑61-8號(彌勒佛院)",
    "tel":"無",
    "mobile":"919977767"
    }
  },
  {
    "type": "Feature",
    "geometry": {
       "type": "Point",
       "coordinates":  [ 121.503443,25.2568557 ]
    },
    "properties": {
    "no":1050,
    "title":"財團法人新北市智成忠義宮",
    "county":"新北市",
    "town":"三芝區",
    "address":"智成街18號",
    "tel":"(02)26362218",
    "mobile":"無"
    }
  },
  {
    "type": "Feature",
    "geometry": {
       "type": "Point",
       "coordinates":  [ 121.5028496,25.2577275 ]
    },
    "properties": {
    "no":1051,
    "title":"三芝國民小學",
    "county":"新北市",
    "town":"三芝區",
    "address":"育英街22號",
    "tel":"(02)26362005",
    "mobile":"無"
    }
  },
  {
    "type": "Feature",
    "geometry": {
       "type": "Point",
       "coordinates":  [ 121.591852,25.271942 ]
    },
    "properties": {
    "no":1052,
    "title":"新北市石門區乾華里辦公處",
    "county":"新北市",
    "town":"石門區",
    "address":"茂林里社區1之1號(茂林市民活動中心)",
    "tel":"(02)26381721",
    "mobile":"無"
    }
  },
  {
    "type": "Feature",
    "geometry": {
       "type": "Point",
       "coordinates":  [ 121.5518697,25.2908123 ]
    },
    "properties": {
    "no":1053,
    "title":"新北市石門區嵩山社區發展協會",
    "county":"新北市",
    "town":"石門區",
    "address":"老崩山6-5號(山溪市民活動中心)",
    "tel":"(02)26382012",
    "mobile":"無"
    }
  },
  {
    "type": "Feature",
    "geometry": {
       "type": "Point",
       "coordinates":  [ 121.591852,25.271942 ]
    },
    "properties": {
    "no":1054,
    "title":"新北市石門區茂林里辦公處",
    "county":"新北市",
    "town":"石門區",
    "address":"茂林里社區1之1號(茂林市民活動中心)",
    "tel":"(02)26381721",
    "mobile":"無"
    }
  },
  {
    "type": "Feature",
    "geometry": {
       "type": "Point",
       "coordinates":  [ 121.540663,25.289033 ]
    },
    "properties": {
    "no":1055,
    "title":"新北市石門區富基里辦公處",
    "county":"新北市",
    "town":"石門區",
    "address":"楓林路37-6號(富基市民活動中心)",
    "tel":"(02)26381721",
    "mobile":"無"
    }
  },
  {
    "type": "Feature",
    "geometry": {
       "type": "Point",
       "coordinates":  [ 121.5671383,25.2908277 ]
    },
    "properties": {
    "no":1056,
    "title":"新北市石門區石門里辦公處",
    "county":"新北市",
    "town":"石門區",
    "address":"公地44號(老人休閒活動中心)",
    "tel":"(02)26381721",
    "mobile":"無"
    }
  },
  {
    "type": "Feature",
    "geometry": {
       "type": "Point",
       "coordinates":  [ 121.5671383,25.2908277 ]
    },
    "properties": {
    "no":1057,
    "title":"石門區老人會",
    "county":"新北市",
    "town":"石門區",
    "address":"公地44號(老人休閒活動中心)",
    "tel":"(02)26383046",
    "mobile":"無"
    }
  },
  {
    "type": "Feature",
    "geometry": {
       "type": "Point",
       "coordinates":  [ 121.5452948,25.2895041 ]
    },
    "properties": {
    "no":1058,
    "title":"新北市石門區老梅社區發展協會",
    "county":"新北市",
    "town":"石門區",
    "address":"老梅路43號(老梅市民活動中心)",
    "tel":"無",
    "mobile":"922476363"
    }
  },
  {
    "type": "Feature",
    "geometry": {
       "type": "Point",
       "coordinates":  [ 121.566697,25.291823 ]
    },
    "properties": {
    "no":1059,
    "title":"新北市石門區尖鹿里辦公處",
    "county":"新北市",
    "town":"石門區",
    "address":"中央路9-3號(尖鹿市民活動中心)",
    "tel":"(02)26381721",
    "mobile":"無"
    }
  },
  {
    "type": "Feature",
    "geometry": {
       "type": "Point",
       "coordinates":  [ 121.5188504,25.2829975 ]
    },
    "properties": {
    "no":1060,
    "title":"新北市石門區德茂里辦公處",
    "county":"新北市",
    "town":"石門區",
    "address":"下員坑33之6號(北觀處白沙灣遊客中心)",
    "tel":"(02)26381721",
    "mobile":"無"
    }
  },
  {
    "type": "Feature",
    "geometry": {
       "type": "Point",
       "coordinates":  [ 121.3488732,25.1280628 ]
    },
    "properties": {
    "no":1061,
    "title":"新北市石門區草里里辦公處",
    "county":"新北市",
    "town":"石門區",
    "address":"阿里荖33之1號(草里市民活動中心)",
    "tel":"(02)26381721",
    "mobile":"無"
    }
  },
  {
    "type": "Feature",
    "geometry": {
       "type": "Point",
       "coordinates":  [ 121.3896175,25.1283561 ]
    },
    "properties": {
    "no":1062,
    "title":"新北市八里區長坑里辦公處",
    "county":"新北市",
    "town":"八里區",
    "address":"中華路三段190號(長坑市民活動中心)",
    "tel":"(02)26104792",
    "mobile":"無"
    }
  },
  {
    "type": "Feature",
    "geometry": {
       "type": "Point",
       "coordinates":  [ 121.4510627,25.132042 ]
    },
    "properties": {
    "no":1063,
    "title":"新北市八里區龍米社區發展協會",
    "county":"新北市",
    "town":"八里區",
    "address":"龍米路一段223之1號(龍米市民活動中心)",
    "tel":"無",
    "mobile":"910915321"
    }
  },
  {
    "type": "Feature",
    "geometry": {
       "type": "Point",
       "coordinates":  [ 121.4342161,25.1588327 ]
    },
    "properties": {
    "no":1064,
    "title":"新北市八里區米倉社區發展協會",
    "county":"新北市",
    "town":"八里區",
    "address":"渡船頭街11巷8號(渡船頭市民活動中心)",
    "tel":"無",
    "mobile":"928545937"
    }
  },
  {
    "type": "Feature",
    "geometry": {
       "type": "Point",
       "coordinates":  [ 121.3984033,25.143706 ]
    },
    "properties": {
    "no":1065,
    "title":"新北市八里區荖阡里辦公處",
    "county":"新北市",
    "town":"八里區",
    "address":"荖阡坑路2-3號",
    "tel":"(02)26102621",
    "mobile":"無"
    }
  },
  {
    "type": "Feature",
    "geometry": {
       "type": "Point",
       "coordinates":  [ 121.3843137,25.1408656 ]
    },
    "properties": {
    "no":1066,
    "title":"新北市八里區下罟社區發展協會",
    "county":"新北市",
    "town":"八里區",
    "address":"中山路三段175號(下罟市民活動中心)",
    "tel":"無",
    "mobile":"928226276"
    }
  },
  {
    "type": "Feature",
    "geometry": {
       "type": "Point",
       "coordinates":  [ 121.414268,25.159761 ]
    },
    "properties": {
    "no":1067,
    "title":"新北市八里區埤頭里辦公處",
    "county":"新北市",
    "town":"八里區",
    "address":"中山路1段109號3樓(中庄市民活動中心)",
    "tel":"(02)26102151",
    "mobile":"無"
    }
  },
  {
    "type": "Feature",
    "geometry": {
       "type": "Point",
       "coordinates":  [ 121.421973,25.1589275 ]
    },
    "properties": {
    "no":1068,
    "title":"新北市八里區大崁里辦公處",
    "county":"新北市",
    "town":"八里區",
    "address":"中山路一段21號(大崁老人文康活動中心)",
    "tel":"(02)26192048",
    "mobile":"無"
    }
  },
  {
    "type": "Feature",
    "geometry": {
       "type": "Point",
       "coordinates":  [ 121.4165557,25.1572456 ]
    },
    "properties": {
    "no":1069,
    "title":"無極日月太子宮",
    "county":"新北市",
    "town":"八里區",
    "address":"大崁三街21號",
    "tel":"無",
    "mobile":"913526639"
    }
  },
  {
    "type": "Feature",
    "geometry": {
       "type": "Point",
       "coordinates":  [ 121.4014526,25.1493786 ]
    },
    "properties": {
    "no":1070,
    "title":"新北市八里區訊塘社區發展協會",
    "county":"新北市",
    "town":"八里區",
    "address":"中山路2段356巷16號(八里市民活動中心)",
    "tel":"無",
    "mobile":"910853367"
    }
  },
  {
    "type": "Feature",
    "geometry": {
       "type": "Point",
       "coordinates":  [ 121.4029181,25.1487431 ]
    },
    "properties": {
    "no":1071,
    "title":"新北市八里區舊城社區發展協會",
    "county":"新北市",
    "town":"八里區",
    "address":"中山路二段251號2樓(文化活動中心)",
    "tel":"無",
    "mobile":"918387198"
    }
  },
  {
    "type": "Feature",
    "geometry": {
       "type": "Point",
       "coordinates":  [ 121.4152966,25.1590539 ]
    },
    "properties": {
    "no":1072,
    "title":"新北市八里區大埤頂社區發展協會",
    "county":"新北市",
    "town":"八里區",
    "address":"中山路一段95號(大埤頂市民活動中心)",
    "tel":"(02)26102318",
    "mobile":"無"
    }
  },
  {
    "type": "Feature",
    "geometry": {
       "type": "Point",
       "coordinates":  [ 121.7755193,25.0421782 ]
    },
    "properties": {
    "no":1073,
    "title":"財團法人一粒麥子社會福利慈善事業基金會(平溪十分公共托老中心)",
    "county":"新北市",
    "town":"平溪區",
    "address":"十分街66巷1號",
    "tel":"(02)24958073",
    "mobile":"無"
    }
  },
  {
    "type": "Feature",
    "geometry": {
       "type": "Point",
       "coordinates":  [ 121.7156383,25.0207152 ]
    },
    "properties": {
    "no":1074,
    "title":"新北市平溪區老人會",
    "county":"新北市",
    "town":"平溪區",
    "address":"靜安路63號3樓",
    "tel":"無",
    "mobile":"925584971"
    }
  },
  {
    "type": "Feature",
    "geometry": {
       "type": "Point",
       "coordinates":  [ 121.7391559,25.0249137 ]
    },
    "properties": {
    "no":1075,
    "title":"財團法人一粒麥子社會福利慈善事業基金會(嶺腳里)",
    "county":"新北市",
    "town":"平溪區",
    "address":"中華街61號(衛生局舊址)",
    "tel":"(02)24952006",
    "mobile":"無"
    }
  },
  {
    "type": "Feature",
    "geometry": {
       "type": "Point",
       "coordinates":  [ 121.7261866,25.0236283 ]
    },
    "properties": {
    "no":1076,
    "title":"新北市平溪區菁桐社區發展協會",
    "county":"新北市",
    "town":"平溪區",
    "address":"菁桐街65-1號(菁桐市民活動中心)",
    "tel":"(02)24951511",
    "mobile":"無"
    }
  },
  {
    "type": "Feature",
    "geometry": {
       "type": "Point",
       "coordinates":  [ 121.7375108,25.0248695 ]
    },
    "properties": {
    "no":1077,
    "title":"新北市平溪區農會",
    "county":"新北市",
    "town":"平溪區",
    "address":"公園街22號4樓",
    "tel":"(02)24951052",
    "mobile":"無"
    }
  },
  {
    "type": "Feature",
    "geometry": {
       "type": "Point",
       "coordinates":  [ 121.7763198,25.0393859 ]
    },
    "properties": {
    "no":1078,
    "title":"新北市平溪區南山里辦公室",
    "county":"新北市",
    "town":"平溪區",
    "address":"靜安路三段232號(南山市民活動中心)",
    "tel":"(02)24958902",
    "mobile":"無"
    }
  },
  {
    "type": "Feature",
    "geometry": {
       "type": "Point",
       "coordinates":  [ 121.7261866,25.0236283 ]
    },
    "properties": {
    "no":1079,
    "title":"新北市平溪區菁桐社區發展協會",
    "county":"新北市",
    "town":"平溪區",
    "address":"菁桐街65-1號(菁桐市民活動中心)",
    "tel":"(02)24951511",
    "mobile":"無"
    }
  },
  {
    "type": "Feature",
    "geometry": {
       "type": "Point",
       "coordinates":  [ 121.7375108,25.0248695 ]
    },
    "properties": {
    "no":1080,
    "title":"新北市平溪區農會",
    "county":"新北市",
    "town":"平溪區",
    "address":"公園街22號4樓",
    "tel":"(02)24951052",
    "mobile":"無"
    }
  },
  {
    "type": "Feature",
    "geometry": {
       "type": "Point",
       "coordinates":  [ 121.7156383,25.0207152 ]
    },
    "properties": {
    "no":1081,
    "title":"新北市平溪區老人會",
    "county":"新北市",
    "town":"平溪區",
    "address":"靜安路63號3樓",
    "tel":"無",
    "mobile":"925584971"
    }
  },
  {
    "type": "Feature",
    "geometry": {
       "type": "Point",
       "coordinates":  [ 121.7508388,25.0053277 ]
    },
    "properties": {
    "no":1082,
    "title":"新北市平溪區紫東社區發展協會",
    "county":"新北市",
    "town":"平溪區",
    "address":"竿蓁林62之1號(東勢市民活動中心)",
    "tel":"(02)24952468",
    "mobile":"無"
    }
  },
  {
    "type": "Feature",
    "geometry": {
       "type": "Point",
       "coordinates":  [ 121.7763198,25.0393859 ]
    },
    "properties": {
    "no":1083,
    "title":"新北市平溪區南山里辦公室",
    "county":"新北市",
    "town":"平溪區",
    "address":"靜安路三段232號(南山市民活動中心)",
    "tel":"(02)24958902",
    "mobile":"無"
    }
  },
  {
    "type": "Feature",
    "geometry": {
       "type": "Point",
       "coordinates":  [ 121.7261866,25.0236283 ]
    },
    "properties": {
    "no":1084,
    "title":"新北市平溪區菁桐社區發展協會",
    "county":"新北市",
    "town":"平溪區",
    "address":"菁桐街65-1號(菁桐市民活動中心)",
    "tel":"(02)24951511",
    "mobile":"無"
    }
  },
  {
    "type": "Feature",
    "geometry": {
       "type": "Point",
       "coordinates":  [ 121.7763198,25.0393859 ]
    },
    "properties": {
    "no":1085,
    "title":"新北市平溪區南山里辦公室",
    "county":"新北市",
    "town":"平溪區",
    "address":"靜安路三段232號(南山市民活動中心)",
    "tel":"(02)24958902",
    "mobile":"無"
    }
  },
  {
    "type": "Feature",
    "geometry": {
       "type": "Point",
       "coordinates":  [ 121.835916,25.058943 ]
    },
    "properties": {
    "no":1086,
    "title":"新北市雙溪區三貂里辦公處",
    "county":"新北市",
    "town":"雙溪區",
    "address":"尪子崙坑1-6號",
    "tel":"(02)24931111",
    "mobile":"無"
    }
  },
  {
    "type": "Feature",
    "geometry": {
       "type": "Point",
       "coordinates":  [ 121.8314276,25.0281653 ]
    },
    "properties": {
    "no":1087,
    "title":"新北市雙溪區上林社區發展協會",
    "county":"新北市",
    "town":"雙溪區",
    "address":"平林60-1號(上林市民活動中心)",
    "tel":"無",
    "mobile":"933241864"
    }
  },
  {
    "type": "Feature",
    "geometry": {
       "type": "Point",
       "coordinates":  [ 121.812955,25.021857 ]
    },
    "properties": {
    "no":1088,
    "title":"新北市雙溪區外柑里辦公處",
    "county":"新北市",
    "town":"雙溪區",
    "address":"外柑腳49號(外柑市民活動中心)",
    "tel":"(02)24932611",
    "mobile":"無"
    }
  },
  {
    "type": "Feature",
    "geometry": {
       "type": "Point",
       "coordinates":  [ 121.8413791,25.0344366 ]
    },
    "properties": {
    "no":1089,
    "title":"新北市雙溪區平林社區發展協會",
    "county":"新北市",
    "town":"雙溪區",
    "address":"外平林52號( 平林市民活動中心)",
    "tel":"無",
    "mobile":"972230155"
    }
  },
  {
    "type": "Feature",
    "geometry": {
       "type": "Point",
       "coordinates":  [ 121.8671127,25.0336103 ]
    },
    "properties": {
    "no":1090,
    "title":"雙溪國小",
    "county":"新北市",
    "town":"雙溪區",
    "address":"東榮街54號",
    "tel":"(02)24931005",
    "mobile":"無"
    }
  },
  {
    "type": "Feature",
    "geometry": {
       "type": "Point",
       "coordinates":  [ 121.8656958,25.0437209 ]
    },
    "properties": {
    "no":1091,
    "title":"新北市雙溪區中正社區發展協會",
    "county":"新北市",
    "town":"雙溪區",
    "address":"中正路64號(中正市民活動中心)",
    "tel":"(02)24931111",
    "mobile":"無"
    }
  },
  {
    "type": "Feature",
    "geometry": {
       "type": "Point",
       "coordinates":  [ 121.8504435,25.0565977 ]
    },
    "properties": {
    "no":1092,
    "title":"新北市雙溪區牡丹社區發展協會",
    "county":"新北市",
    "town":"雙溪區",
    "address":"下坑36號(牡丹市民活動中心)",
    "tel":"無",
    "mobile":"919397547"
    }
  },
  {
    "type": "Feature",
    "geometry": {
       "type": "Point",
       "coordinates":  [ 121.804111,25.014873 ]
    },
    "properties": {
    "no":1093,
    "title":"新北市雙溪區長源社區發展協會",
    "county":"新北市",
    "town":"雙溪區",
    "address":"柑腳19號(長源市民活動中心)",
    "tel":"(02)24934962",
    "mobile":"無"
    }
  },
  {
    "type": "Feature",
    "geometry": {
       "type": "Point",
       "coordinates":  [ 121.8213305,24.9674596 ]
    },
    "properties": {
    "no":1094,
    "title":"壽山宮",
    "county":"新北市",
    "town":"雙溪區",
    "address":"溪尾寮46號(泰平市民活動中心)",
    "tel":"無",
    "mobile":"919918852"
    }
  },
  {
    "type": "Feature",
    "geometry": {
       "type": "Point",
       "coordinates":  [ 121.884265,25.026781 ]
    },
    "properties": {
    "no":1095,
    "title":"新北市雙溪區魚行社區發展協會",
    "county":"新北市",
    "town":"雙溪區",
    "address":"魚杭1號(保民殿)",
    "tel":"無",
    "mobile":"972813872"
    }
  },
  {
    "type": "Feature",
    "geometry": {
       "type": "Point",
       "coordinates":  [ 121.8653559,25.0375782 ]
    },
    "properties": {
    "no":1096,
    "title":"財團法人天下為公社會福利慈善事業基金會(新北市雙溪建興公共托老中心)",
    "county":"新北市",
    "town":"雙溪區",
    "address":"新基西街19號",
    "tel":"(02)86488388",
    "mobile":"無"
    }
  },
  {
    "type": "Feature",
    "geometry": {
       "type": "Point",
       "coordinates":  [ 121.8646158,25.035316 ]
    },
    "properties": {
    "no":1097,
    "title":"新北市雙溪區雙溪里辦公處",
    "county":"新北市",
    "town":"雙溪區",
    "address":"太平路50號2樓",
    "tel":"(02)24931253",
    "mobile":"無"
    }
  },
  {
    "type": "Feature",
    "geometry": {
       "type": "Point",
       "coordinates":  [ 121.822098,24.9971842 ]
    },
    "properties": {
    "no":1098,
    "title":"新北市雙溪區三港里辦公處",
    "county":"新北市",
    "town":"雙溪區",
    "address":"雙澳路46號之1",
    "tel":"(02)24933531",
    "mobile":"無"
    }
  },
  {
    "type": "Feature",
    "geometry": {
       "type": "Point",
       "coordinates":  [ 121.9237522,25.0519568 ]
    },
    "properties": {
    "no":1099,
    "title":"新北市貢寮區守望相助協會",
    "county":"新北市",
    "town":"貢寮區",
    "address":"仁義街8號(仁里第一市民活動中心)",
    "tel":"無",
    "mobile":"935154745"
    }
  },
  {
    "type": "Feature",
    "geometry": {
       "type": "Point",
       "coordinates":  [ 121.9152495,25.0748245 ]
    },
    "properties": {
    "no":1100,
    "title":"新北市貢寮區和美里辦公處",
    "county":"新北市",
    "town":"貢寮區",
    "address":"和美街35之2號(和美市民活動中心)",
    "tel":"(02)24903410",
    "mobile":"無"
    }
  },
  {
    "type": "Feature",
    "geometry": {
       "type": "Point",
       "coordinates":  [ 121.9074633,25.0224725 ]
    },
    "properties": {
    "no":1101,
    "title":"新北市貢寮區老人會",
    "county":"新北市",
    "town":"貢寮區",
    "address":"朝陽街67號",
    "tel":"(02)24942200",
    "mobile":"無"
    }
  },
  {
    "type": "Feature",
    "geometry": {
       "type": "Point",
       "coordinates":  [ 121.9454261,25.018293 ]
    },
    "properties": {
    "no":1102,
    "title":"社團法人新北市社區工作者協會(貢寮辦事處)",
    "county":"新北市",
    "town":"貢寮區",
    "address":"市貢寮區福隆街60號1樓(福隆青少年活動中心)\n龍門站: 新北市貢寮區龍門街64-1號(昭惠廟)\n貢寮站: 新北市貢寮區貢寮街29巷14-1號 \n1555工作站: 新北市貢寮區貢寮街66號",
    "tel":"(02)29534297",
    "mobile":"無"
    }
  },
  {
    "type": "Feature",
    "geometry": {
       "type": "Point",
       "coordinates":  [ 121.9074514,25.0206106 ]
    },
    "properties": {
    "no":1103,
    "title":"新北市貢寮區貢寮社區發展協會",
    "county":"新北市",
    "town":"貢寮區",
    "address":"長泰路18之2號(貢寮市民活動中心)",
    "tel":"(02)24941006",
    "mobile":"無"
    }
  },
  {
    "type": "Feature",
    "geometry": {
       "type": "Point",
       "coordinates":  [ 121.9898914,25.0120503 ]
    },
    "properties": {
    "no":1104,
    "title":"新北市貢寮區卯澳社區發展協會",
    "county":"新北市",
    "town":"貢寮區",
    "address":"福興街1號(卯澳市民活動中心)",
    "tel":"無",
    "mobile":"910322178"
    }
  },
  {
    "type": "Feature",
    "geometry": {
       "type": "Point",
       "coordinates":  [ 121.950397,25.0204732 ]
    },
    "properties": {
    "no":1105,
    "title":"東興宮",
    "county":"新北市",
    "town":"貢寮區",
    "address":"東興街3號(東興宮)",
    "tel":"(02)24991123",
    "mobile":"無"
    }
  },
  {
    "type": "Feature",
    "geometry": {
       "type": "Point",
       "coordinates":  [ 121.9454261,25.018293 ]
    },
    "properties": {
    "no":1106,
    "title":"社團法人中華民國照顧服務員專業發展協會(新北市貢寮福隆公共托老中心)",
    "county":"新北市",
    "town":"貢寮區",
    "address":"福隆街60號2樓(福隆青少年活動中心)",
    "tel":"(02)22651680",
    "mobile":"無"
    }
  },
  {
    "type": "Feature",
    "geometry": {
       "type": "Point",
       "coordinates":  [ 121.932813,25.026554 ]
    },
    "properties": {
    "no":1107,
    "title":"新北市貢寮區龍門社區發展協會",
    "county":"新北市",
    "town":"貢寮區",
    "address":"龍門街60-1號2樓(龍門市民活動中心)",
    "tel":"無",
    "mobile":"937867206"
    }
  },
  {
    "type": "Feature",
    "geometry": {
       "type": "Point",
       "coordinates":  [ 121.9049479,25.0133034 ]
    },
    "properties": {
    "no":1108,
    "title":"新北市貢寮區龍崗里辦公處",
    "county":"新北市",
    "town":"貢寮區",
    "address":"嵩陽街41-4號(龍吉市民活動中心)",
    "tel":"(02)24942666",
    "mobile":"無"
    }
  },
  {
    "type": "Feature",
    "geometry": {
       "type": "Point",
       "coordinates":  [ 121.9222016,25.0253342 ]
    },
    "properties": {
    "no":1109,
    "title":"新北市貢寮區雙玉社區發展協會",
    "county":"新北市",
    "town":"貢寮區",
    "address":"田寮洋街12-2號(雙玉第二市民活動中心)",
    "tel":"(02)24942556",
    "mobile":"無"
    }
  },
  {
    "type": "Feature",
    "geometry": {
       "type": "Point",
       "coordinates":  [ 121.8869657,25.0046308 ]
    },
    "properties": {
    "no":1110,
    "title":"新北市貢寮區吉林里辦公處",
    "county":"新北市",
    "town":"貢寮區",
    "address":"枋腳街4號(吉林派出所)",
    "tel":"(02)24941611",
    "mobile":"無"
    }
  },
  {
    "type": "Feature",
    "geometry": {
       "type": "Point",
       "coordinates":  [ 121.9130185,25.0572191 ]
    },
    "properties": {
    "no":1111,
    "title":"新北市貢寮區美豐里辦公處",
    "county":"新北市",
    "town":"貢寮區",
    "address":"丹里街16號之12(五美市民活動中心)",
    "tel":"(02)24902416",
    "mobile":"無"
    }
  },
  {
    "type": "Feature",
    "geometry": {
       "type": "Point",
       "coordinates":  [ 121.9269897,25.0552862 ]
    },
    "properties": {
    "no":1112,
    "title":"新北市貢寮區真理里辦公處",
    "county":"新北市",
    "town":"貢寮區",
    "address":"新港街26巷21-2號(澳底第二市民活動中心)",
    "tel":"(02)24901957",
    "mobile":"無"
    }
  },
  {
    "type": "Feature",
    "geometry": {
       "type": "Point",
       "coordinates":  [ 121.6367773,25.2223616 ]
    },
    "properties": {
    "no":1113,
    "title":"新北市金山區西湖里辦公處",
    "county":"新北市",
    "town":"金山區",
    "address":"尖山子5號",
    "tel":"(02)24984519",
    "mobile":"無"
    }
  },
  {
    "type": "Feature",
    "geometry": {
       "type": "Point",
       "coordinates":  [ 121.628102,25.259288 ]
    },
    "properties": {
    "no":1114,
    "title":"新北市金山區永興里辦公處",
    "county":"新北市",
    "town":"金山區",
    "address":"跳石17號",
    "tel":"(02)24082721",
    "mobile":"無"
    }
  },
  {
    "type": "Feature",
    "geometry": {
       "type": "Point",
       "coordinates":  [ 121.6318818,25.2391913 ]
    },
    "properties": {
    "no":1115,
    "title":"新北市金山區萬壽里辦公處",
    "county":"新北市",
    "town":"金山區",
    "address":"海興路116號(萬壽市民活動中心)",
    "tel":"無",
    "mobile":"988262580"
    }
  },
  {
    "type": "Feature",
    "geometry": {
       "type": "Point",
       "coordinates":  [ 121.6438183,25.2240241 ]
    },
    "properties": {
    "no":1116,
    "title":"新北市金山區金包里社區發展協會",
    "county":"新北市",
    "town":"金山區",
    "address":"磺港路171號B1(磺港市民活動中心)",
    "tel":"(02)24982703",
    "mobile":"無"
    }
  },
  {
    "type": "Feature",
    "geometry": {
       "type": "Point",
       "coordinates":  [ 121.6199849,25.2305737 ]
    },
    "properties": {
    "no":1117,
    "title":"新北市金山區六三社區發展協會",
    "county":"新北市",
    "town":"金山區",
    "address":"三界壇路101之1號(六三市民活動中心)",
    "tel":"(02)24985731",
    "mobile":"無"
    }
  },
  {
    "type": "Feature",
    "geometry": {
       "type": "Point",
       "coordinates":  [ 121.6400453,25.220441 ]
    },
    "properties": {
    "no":1118,
    "title":"財團法人新北市金包里慈護宮",
    "county":"新北市",
    "town":"金山區",
    "address":"慈護街1-1號4樓",
    "tel":"(02)24982510",
    "mobile":"無"
    }
  },
  {
    "type": "Feature",
    "geometry": {
       "type": "Point",
       "coordinates":  [ 121.610791,25.222103 ]
    },
    "properties": {
    "no":1119,
    "title":"新北市金山區重和里辦公處",
    "county":"新北市",
    "town":"金山區",
    "address":"六股林口29號(重三市民活動中心)",
    "tel":"無",
    "mobile":"939006568"
    }
  },
  {
    "type": "Feature",
    "geometry": {
       "type": "Point",
       "coordinates":  [ 121.6292219,25.2346757 ]
    },
    "properties": {
    "no":1120,
    "title":"新北市金山區清泉里辦公處",
    "county":"新北市",
    "town":"金山區",
    "address":"清水路49號(清泉市民活動中心)",
    "tel":"(02)24982619",
    "mobile":"無"
    }
  },
  {
    "type": "Feature",
    "geometry": {
       "type": "Point",
       "coordinates":  [ 121.6367773,25.2223616 ]
    },
    "properties": {
    "no":1121,
    "title":"新北市金山區兩湖里辦公處",
    "county":"新北市",
    "town":"金山區",
    "address":"33-2號",
    "tel":"(02)24986452",
    "mobile":"無"
    }
  },
  {
    "type": "Feature",
    "geometry": {
       "type": "Point",
       "coordinates":  [ 121.6467147,25.2228965 ]
    },
    "properties": {
    "no":1122,
    "title":"新北市金山區豐漁里辦公處",
    "county":"新北市",
    "town":"金山區",
    "address":"民生路190號(豐漁市民活動中心)",
    "tel":"(02)24982270",
    "mobile":"無"
    }
  },
  {
    "type": "Feature",
    "geometry": {
       "type": "Point",
       "coordinates":  [ 121.6437735,25.2241398 ]
    },
    "properties": {
    "no":1123,
    "title":"新北市金山區磺港里辦公處",
    "county":"新北市",
    "town":"金山區",
    "address":"磺港路171之1號2樓(磺港市民活動中心)",
    "tel":"(02)24081714 ",
    "mobile":"無"
    }
  },
  {
    "type": "Feature",
    "geometry": {
       "type": "Point",
       "coordinates":  [ 121.6145771,25.2231259 ]
    },
    "properties": {
    "no":1124,
    "title":"新北市金山區六股里辦公處",
    "county":"新北市",
    "town":"金山區",
    "address":"頂六股3號(六股市民活動中心)",
    "tel":"(02)24985731",
    "mobile":"無"
    }
  },
  {
    "type": "Feature",
    "geometry": {
       "type": "Point",
       "coordinates":  [ 121.636859,25.2220962 ]
    },
    "properties": {
    "no":1125,
    "title":"財團法人介惠社會福利慈善基金會(金包里公共托老中心)",
    "county":"新北市",
    "town":"金山區",
    "address":"中山路257號1樓(藝文暨老人活動中心)",
    "tel":"(02)24082114",
    "mobile":"無"
    }
  },
  {
    "type": "Feature",
    "geometry": {
       "type": "Point",
       "coordinates":  [ 121.6361971,25.2229796 ]
    },
    "properties": {
    "no":1126,
    "title":"新北市金山區老人會",
    "county":"新北市",
    "town":"金山區",
    "address":"中山路277號3樓(新北市金山區公所閒置辦公場域)",
    "tel":"(02)24988779",
    "mobile":"無"
    }
  },
  {
    "type": "Feature",
    "geometry": {
       "type": "Point",
       "coordinates":  [ 121.6361446,25.2233969 ]
    },
    "properties": {
    "no":1127,
    "title":"新北市金山區美田社區發展協會",
    "county":"新北市",
    "town":"金山區",
    "address":"中山路236號2樓(美田市民活動中心)",
    "tel":"(02)24984659",
    "mobile":"無"
    }
  },
  {
    "type": "Feature",
    "geometry": {
       "type": "Point",
       "coordinates":  [ 121.6275455,25.2186748 ]
    },
    "properties": {
    "no":1128,
    "title":"新北市金山區五南社區發展協會",
    "county":"新北市",
    "town":"金山區",
    "address":"南勢27號(五南市民活動中心)",
    "tel":"無",
    "mobile":"988690819"
    }
  },
  {
    "type": "Feature",
    "geometry": {
       "type": "Point",
       "coordinates":  [ 121.6452794,25.2138828 ]
    },
    "properties": {
    "no":1129,
    "title":"新北市萬里區加投社區發展協會",
    "county":"新北市",
    "town":"萬里區",
    "address":"加投路153-1號(加投市民活動中心)",
    "tel":"(02)24981516",
    "mobile":"無"
    }
  },
  {
    "type": "Feature",
    "geometry": {
       "type": "Point",
       "coordinates":  [ 121.64755,25.218073 ]
    },
    "properties": {
    "no":1130,
    "title":"新北市快樂姊妹花關懷協會",
    "county":"新北市",
    "town":"萬里區",
    "address":"下社33-2號(加頭社區下社老人活動中心)",
    "tel":"(02)24927080",
    "mobile":"無"
    }
  },
  {
    "type": "Feature",
    "geometry": {
       "type": "Point",
       "coordinates":  [ 121.6557406,25.2105375 ]
    },
    "properties": {
    "no":1131,
    "title":"新北市萬里區頂寮社區發展協會",
    "county":"新北市",
    "town":"萬里區",
    "address":"頂社路18-6號(頂寮市民活動中心)",
    "tel":"(02)24981951",
    "mobile":"無"
    }
  },
  {
    "type": "Feature",
    "geometry": {
       "type": "Point",
       "coordinates":  [ 121.6763856,25.1686166 ]
    },
    "properties": {
    "no":1132,
    "title":"新北市萬里區中幅社區發展協會",
    "county":"新北市",
    "town":"萬里區",
    "address":"中福路112之1號(中幅市民活動中心)",
    "tel":"(02)24922081",
    "mobile":"無"
    }
  },
  {
    "type": "Feature",
    "geometry": {
       "type": "Point",
       "coordinates":  [ 121.6835475,25.1761908 ]
    },
    "properties": {
    "no":1133,
    "title":"新北市萬里區北基社區發展協會",
    "county":"新北市",
    "town":"萬里區",
    "address":"孝五街4號地下室",
    "tel":"(02)24924758",
    "mobile":"無"
    }
  },
  {
    "type": "Feature",
    "geometry": {
       "type": "Point",
       "coordinates":  [ 121.6832891,25.175982 ]
    },
    "properties": {
    "no":1134,
    "title":"新北市社區工作者協會(萬里站)",
    "county":"新北市",
    "town":"萬里區",
    "address":"孝六街5號",
    "tel":"(02)29534297",
    "mobile":"無"
    }
  },
  {
    "type": "Feature",
    "geometry": {
       "type": "Point",
       "coordinates":  [ 121.6497511,25.1601691 ]
    },
    "properties": {
    "no":1135,
    "title":"新北市萬里區崁腳里辦公處",
    "county":"新北市",
    "town":"萬里區",
    "address":"崁腳路55號之1(崁腳市民活動中心)",
    "tel":"(02)24923392",
    "mobile":"無"
    }
  },
  {
    "type": "Feature",
    "geometry": {
       "type": "Point",
       "coordinates":  [ 121.6895281,25.2053575 ]
    },
    "properties": {
    "no":1136,
    "title":"新北市萬里區野柳國民小學",
    "county":"新北市",
    "town":"萬里區",
    "address":"港東路167號",
    "tel":"(02)24922512",
    "mobile":"無"
    }
  },
  {
    "type": "Feature",
    "geometry": {
       "type": "Point",
       "coordinates":  [ 121.6887922,25.1807789 ]
    },
    "properties": {
    "no":1137,
    "title":"新北市萬里區老人會",
    "county":"新北市",
    "town":"萬里區",
    "address":"瑪鋉路261號2樓(老人會活動中心)",
    "tel":"(02)24923737",
    "mobile":"無"
    }
  },
  {
    "type": "Feature",
    "geometry": {
       "type": "Point",
       "coordinates":  [ 121.6897431,25.1798139 ]
    },
    "properties": {
    "no":1138,
    "title":"新北市萬里區萬里社區發展協會",
    "county":"新北市",
    "town":"萬里區",
    "address":"瑪鋉路221號3樓(商業文教綜合大樓)",
    "tel":"(02)24924758",
    "mobile":"無"
    }
  },
  {
    "type": "Feature",
    "geometry": {
       "type": "Point",
       "coordinates":  [ 121.6897431,25.1798139 ]
    },
    "properties": {
    "no":1139,
    "title":"財團法人介惠社會福利慈善基金會(萬里瑪鋉公共托老中心)",
    "county":"新北市",
    "town":"萬里區",
    "address":"瑪鋉路221號3樓(商業文教綜合大樓)",
    "tel":"(02)24928312",
    "mobile":"無"
    }
  },
  {
    "type": "Feature",
    "geometry": {
       "type": "Point",
       "coordinates":  [ 121.67984,25.188777 ]
    },
    "properties": {
    "no":1140,
    "title":"新北市立仁愛之家",
    "county":"新北市",
    "town":"萬里區",
    "address":"玉田61號",
    "tel":"(02)24922511",
    "mobile":"無"
    }
  },
  {
    "type": "Feature",
    "geometry": {
       "type": "Point",
       "coordinates":  [ 121.6448303,25.1956182 ]
    },
    "properties": {
    "no":1141,
    "title":"新北市萬里區磺潭社區發展協會",
    "county":"新北市",
    "town":"萬里區",
    "address":"員潭路14-1號(磺潭市民活動中心)",
    "tel":"(02)24982816",
    "mobile":"無"
    }
  },
  {
    "type": "Feature",
    "geometry": {
       "type": "Point",
       "coordinates":  [ 121.644033,25.168326 ]
    },
    "properties": {
    "no":1142,
    "title":"新北市萬里區雙興里辦公處",
    "county":"新北市",
    "town":"萬里區",
    "address":"雙興里二坪1-1號",
    "tel":"(02)24929299",
    "mobile":"無"
    }
  },
  {
    "type": "Feature",
    "geometry": {
       "type": "Point",
       "coordinates":  [ 121.618522,25.153413 ]
    },
    "properties": {
    "no":1143,
    "title":"新北市萬里區溪底里辦公處",
    "county":"新北市",
    "town":"萬里區",
    "address":"富士坪路7-1號",
    "tel":"(02)22826423",
    "mobile":"無"
    }
  },
  {
    "type": "Feature",
    "geometry": {
       "type": "Point",
       "coordinates":  [ 121.5512595,24.8635497 ]
    },
    "properties": {
    "no":1144,
    "title":"新北市烏來區溫泉社區發展協會",
    "county":"新北市",
    "town":"烏來區",
    "address":"烏來街34號1樓(新北市烏來區民代表會)",
    "tel":"(02)26616860",
    "mobile":"無"
    }
  },
  {
    "type": "Feature",
    "geometry": {
       "type": "Point",
       "coordinates":  [ 121.5512595,24.8635497 ]
    },
    "properties": {
    "no":1145,
    "title":"新北市烏來區環山社區發展協會",
    "county":"新北市",
    "town":"烏來區",
    "address":"烏來街34號3樓(新北市烏來區民代表會)",
    "tel":"(02)26616583",
    "mobile":"無"
    }
  },
  {
    "type": "Feature",
    "geometry": {
       "type": "Point",
       "coordinates":  [ 121.5477737,24.86355 ]
    },
    "properties": {
    "no":1146,
    "title":"財團法人台灣基督長老教會泰雅爾中會烏來教會",
    "county":"新北市",
    "town":"烏來區",
    "address":"環山路82巷3號",
    "tel":"(02)26616189",
    "mobile":"無"
    }
  },
  {
    "type": "Feature",
    "geometry": {
       "type": "Point",
       "coordinates":  [ 121.54758,24.8839605 ]
    },
    "properties": {
    "no":1147,
    "title":"有限責任新北市原住民溫馨照顧服務勞動合作社",
    "county":"新北市",
    "town":"烏來區",
    "address":"忠治路76號",
    "tel":"(02)26118120",
    "mobile":"無"
    }
  },
  {
    "type": "Feature",
    "geometry": {
       "type": "Point",
       "coordinates":  [ 121.5257346,24.8355711 ]
    },
    "properties": {
    "no":1148,
    "title":"財團法人台灣基督教長老教會泰雅爾中會信賢教會",
    "county":"新北市",
    "town":"烏來區",
    "address":"信福路40號",
    "tel":"(02)26616189",
    "mobile":"無"
    }
  },
  {
    "type": "Feature",
    "geometry": {
       "type": "Point",
       "coordinates":  [ 121.5023066,24.7782926 ]
    },
    "properties": {
    "no":1149,
    "title":"新北市烏來區福山社區發展協會",
    "county":"新北市",
    "town":"烏來區",
    "address":"李茂岸51號(福山市民活動中心)",
    "tel":"(02)26616539",
    "mobile":"無"
    }
  },
  {
    "type": "Feature",
    "geometry": {
       "type": "Point",
       "coordinates":  [ 121.5512595,24.8635497 ]
    },
    "properties": {
    "no":1150,
    "title":"新北市烏來區環山社區發展協會",
    "county":"新北市",
    "town":"烏來區",
    "address":"烏來街34號3樓(新北市烏來區民代表會)",
    "tel":"(02)26616583",
    "mobile":"無"
    }
  },
  {
    "type": "Feature",
    "geometry": {
       "type": "Point",
       "coordinates":  [ 121.479192,25.0666374 ]
    },
    "properties": {
    "no":1151,
    "title":"台灣樂活社區福田公益協會",
    "county":"新北市",
    "town":"三重區",
    "address":"自由街18巷13號",
    "tel":"無",
    "mobile":"910518655"
    }
  },
  {
    "type": "Feature",
    "geometry": {
       "type": "Point",
       "coordinates":  [ 121.516815,25.012769 ]
    },
    "properties": {
    "no":1152,
    "title":"新北市永和區中興里辦公處",
    "county":"新北市",
    "town":"永和區",
    "address":"勵行街72巷5號",
    "tel":"(02)29205984",
    "mobile":"無"
    }
  },
  {
    "type": "Feature",
    "geometry": {
       "type": "Point",
       "coordinates":  [ 121.4844131,25.0798617 ]
    },
    "properties": {
    "no":1153,
    "title":"新北市三重區慈生里辦公處",
    "county":"新北市",
    "town":"三重區",
    "address":"三和路4段191巷78號(慈生市民活動中心)",
    "tel":"(02)82876626",
    "mobile":"無"
    }
  },
  {
    "type": "Feature",
    "geometry": {
       "type": "Point",
       "coordinates":  [ 121.4971553,25.0853356 ]
    },
    "properties": {
    "no":1154,
    "title":"新北市三重區富華里辦公處",
    "county":"新北市",
    "town":"三重區",
    "address":"環河北路三段86號(重陽橋市民活動中心)",
    "tel":"無",
    "mobile":"932351184"
    }
  },
  {
    "type": "Feature",
    "geometry": {
       "type": "Point",
       "coordinates":  [ 121.4730411,25.0927069 ]
    },
    "properties": {
    "no":1155,
    "title":"新北市蘆洲區老人會",
    "county":"新北市",
    "town":"蘆洲區",
    "address":"民族路426巷17號(水湳市民活動中心)",
    "tel":"無",
    "mobile":"937021838"
    }
  },
  {
    "type": "Feature",
    "geometry": {
       "type": "Point",
       "coordinates":  [ 121.5085044,25.0164038 ]
    },
    "properties": {
    "no":1156,
    "title":"財團法人新北市基督教新希望教會(環河站)",
    "county":"新北市",
    "town":"永和區",
    "address":"環河西路二段9-2號",
    "tel":"(02)29598539",
    "mobile":"無"
    }
  },
  {
    "type": "Feature",
    "geometry": {
       "type": "Point",
       "coordinates":  [ 121.5085044,25.0164038 ]
    },
    "properties": {
    "no":1157,
    "title":"財團法人新北市基督教新希望教會(環河站)",
    "county":"新北市",
    "town":"永和區",
    "address":"環河西路二段9-2號",
    "tel":"(02)29598539",
    "mobile":"無"
    }
  },
  {
    "type": "Feature",
    "geometry": {
       "type": "Point",
       "coordinates":  [ 121.5085044,25.0164038 ]
    },
    "properties": {
    "no":1158,
    "title":"財團法人新北市基督教新希望教會(環河站)",
    "county":"新北市",
    "town":"永和區",
    "address":"環河西路二段9-2號",
    "tel":"(02)29598539",
    "mobile":"無"
    }
  },
  {
    "type": "Feature",
    "geometry": {
       "type": "Point",
       "coordinates":  [ 121.4941483,25.084305 ]
    },
    "properties": {
    "no":1159,
    "title":"新北市三重區富貴里辦公處",
    "county":"新北市",
    "town":"三重區",
    "address":"仁義街228巷12號(五華市民活動中心)",
    "tel":"無",
    "mobile":"935521715"
    }
  },
  {
    "type": "Feature",
    "geometry": {
       "type": "Point",
       "coordinates":  [ 121.7483617,25.0295673 ]
    },
    "properties": {
    "no":1160,
    "title":"新北市平溪區嶺腳社區發展協會",
    "county":"新北市",
    "town":"平溪區",
    "address":"嶺腳寮14號(嶺腳市民活動中心)",
    "tel":"無",
    "mobile":"970977208"
    }
  },
  {
    "type": "Feature",
    "geometry": {
       "type": "Point",
       "coordinates":  [ 121.4618415,25.0114095 ]
    },
    "properties": {
    "no":1161,
    "title":"新北市板橋區挹秀里辦公處",
    "county":"新北市",
    "town":"板橋區",
    "address":"文化路1段52巷17號",
    "tel":"(02)29694637",
    "mobile":"無"
    }
  },
  {
    "type": "Feature",
    "geometry": {
       "type": "Point",
       "coordinates":  [ 121.5024439,25.2558123 ]
    },
    "properties": {
    "no":1162,
    "title":"新北市三芝區福成社區發展協會",
    "county":"新北市",
    "town":"三芝區",
    "address":"中山路1段16號1樓(三芝區埔頭里市民活動中心)",
    "tel":"無",
    "mobile":"928289981"
    }
  },
  {
    "type": "Feature",
    "geometry": {
       "type": "Point",
       "coordinates":  [ 121.464197,24.994635 ]
    },
    "properties": {
    "no":1163,
    "title":"新北市板橋區五權里辦公處",
    "county":"新北市",
    "town":"板橋區",
    "address":"五權街13號",
    "tel":"(02)29558949",
    "mobile":"無"
    }
  },
  {
    "type": "Feature",
    "geometry": {
       "type": "Point",
       "coordinates":  [ 121.4390844,24.9659324 ]
    },
    "properties": {
    "no":1164,
    "title":"新北市土城區大安里辦公處",
    "county":"新北市",
    "town":"土城區",
    "address":"忠承路30號(大安市民活動中心)",
    "tel":"(02)22672969",
    "mobile":"無"
    }
  },
  {
    "type": "Feature",
    "geometry": {
       "type": "Point",
       "coordinates":  [ 121.4022567,24.9724847 ]
    },
    "properties": {
    "no":1165,
    "title":"新北市陽春麵里長銀髮婦幼發展協會",
    "county":"新北市",
    "town":"樹林區",
    "address":"新興街19巷34弄27號1樓",
    "tel":"無",
    "mobile":"908858818"
    }
  },
  {
    "type": "Feature",
    "geometry": {
       "type": "Point",
       "coordinates":  [ 121.5457516,24.9813536 ]
    },
    "properties": {
    "no":1166,
    "title":"新北市新店區寶興里辦公處",
    "county":"新北市",
    "town":"新店區",
    "address":"寶中路65巷59號(寶興市民活動中心)",
    "tel":"(02)29137355",
    "mobile":"無"
    }
  },
  {
    "type": "Feature",
    "geometry": {
       "type": "Point",
       "coordinates":  [ 122.0014407,25.0138853 ]
    },
    "properties": {
    "no":1167,
    "title":"新北市三貂角文化發展協會",
    "county":"新北市",
    "town":"貢寮區",
    "address":"馬崗街31-6號",
    "tel":"無",
    "mobile":"963826101"
    }
  },
  {
    "type": "Feature",
    "geometry": {
       "type": "Point",
       "coordinates":  [ 121.9236988,25.0519752 ]
    },
    "properties": {
    "no":1168,
    "title":"新北市貢寮區仁里里辦公處",
    "county":"新北市",
    "town":"貢寮區",
    "address":"仁義街8號1-2樓(仁里里第一市民活動中心)",
    "tel":"無",
    "mobile":"952362330"
    }
  },
  {
    "type": "Feature",
    "geometry": {
       "type": "Point",
       "coordinates":  [ 121.5000634,25.071172 ]
    },
    "properties": {
    "no":1169,
    "title":"新北市愛笑瑜伽協會(奕壽站)",
    "county":"新北市",
    "town":"三重區",
    "address":"介壽路26-1號",
    "tel":"(02)29172908",
    "mobile":"無"
    }
  },
  {
    "type": "Feature",
    "geometry": {
       "type": "Point",
       "coordinates":  [ 121.5126521,25.0153948 ]
    },
    "properties": {
    "no":1170,
    "title":"新北市永和區上溪里辦公處",
    "county":"新北市",
    "town":"永和區",
    "address":"文化路142號1樓(新廍市民活動中心)",
    "tel":"無",
    "mobile":"988354225"
    }
  },
  {
    "type": "Feature",
    "geometry": {
       "type": "Point",
       "coordinates":  [ 121.50585,25.0139085 ]
    },
    "properties": {
    "no":1171,
    "title":"新北市永和區永成里辦公處",
    "county":"新北市",
    "town":"永和區",
    "address":"永平路368號(永平市民活動中心)",
    "tel":"(02)29240546",
    "mobile":"無"
    }
  },
  {
    "type": "Feature",
    "geometry": {
       "type": "Point",
       "coordinates":  [ 121.5234739,24.9793487 ]
    },
    "properties": {
    "no":1172,
    "title":"新北市歡樂銀髮協會",
    "county":"新北市",
    "town":"新店區",
    "address":"溪園路387號1F",
    "tel":"無",
    "mobile":"915568183"
    }
  },
  {
    "type": "Feature",
    "geometry": {
       "type": "Point",
       "coordinates":  [ 121.4857336,25.0635551 ]
    },
    "properties": {
    "no":1173,
    "title":"新北市三重區三民里辦公處",
    "county":"新北市",
    "town":"三重區",
    "address":"重陽路2段34巷38號1樓",
    "tel":"無",
    "mobile":"931131966"
    }
  },
  {
    "type": "Feature",
    "geometry": {
       "type": "Point",
       "coordinates":  [ 121.466712,25.0113979 ]
    },
    "properties": {
    "no":1174,
    "title":"新北市板橋區深丘里辦公處",
    "county":"新北市",
    "town":"板橋區",
    "address":"民安街22號",
    "tel":"(02)29532869",
    "mobile":"無"
    }
  },
  {
    "type": "Feature",
    "geometry": {
       "type": "Point",
       "coordinates":  [ 121.5272289,24.9960059 ]
    },
    "properties": {
    "no":1175,
    "title":"新北市永和區民本里辦公處",
    "county":"新北市",
    "town":"永和區",
    "address":"成功路2段201巷8弄7號1樓",
    "tel":"無",
    "mobile":"928506700"
    }
  },
  {
    "type": "Feature",
    "geometry": {
       "type": "Point",
       "coordinates":  [ 121.8663709,25.0385002 ]
    },
    "properties": {
    "no":1176,
    "title":"新北市雙溪區新基里辦公處",
    "county":"新北市",
    "town":"雙溪區",
    "address":"朝陽街3號",
    "tel":"無",
    "mobile":"933928555"
    }
  },
  {
    "type": "Feature",
    "geometry": {
       "type": "Point",
       "coordinates":  [ 121.4963635,25.0630585 ]
    },
    "properties": {
    "no":1177,
    "title":"新北市三重區重新社區發展協會",
    "county":"新北市",
    "town":"三重區",
    "address":"正義北路28巷40號1樓(重新里民活動中心)",
    "tel":"無",
    "mobile":"919360087"
    }
  },
  {
    "type": "Feature",
    "geometry": {
       "type": "Point",
       "coordinates":  [ 121.4002356,24.9740272 ]
    },
    "properties": {
    "no":1178,
    "title":"新北市樹林區山佳里辦公處",
    "county":"新北市",
    "town":"樹林區",
    "address":"新興街3-3號1樓(山佳市民活動中心)",
    "tel":"無",
    "mobile":"955219151"
    }
  },
  {
    "type": "Feature",
    "geometry": {
       "type": "Point",
       "coordinates":  [ 121.4482225,25.0524496 ]
    },
    "properties": {
    "no":1179,
    "title":"新北市新莊區中港里辦公處",
    "county":"新北市",
    "town":"新莊區",
    "address":"中信街74號2樓(黃愚市民活動中心)",
    "tel":"無",
    "mobile":"917879133"
    }
  },
  {
    "type": "Feature",
    "geometry": {
       "type": "Point",
       "coordinates":  [ 121.4755661,25.0507706 ]
    },
    "properties": {
    "no":1180,
    "title":"新北市愛笑瑜珈協會(五谷站)",
    "county":"新北市",
    "town":"三重區",
    "address":"五谷王北街48巷18號2樓(神農市民活動中心)",
    "tel":"無",
    "mobile":"986164560"
    }
  },
  {
    "type": "Feature",
    "geometry": {
       "type": "Point",
       "coordinates":  [ 121.4684097,24.9900466 ]
    },
    "properties": {
    "no":1181,
    "title":"新北市土城區平和社區發展協會",
    "county":"新北市",
    "town":"土城區",
    "address":"延和路156巷7號(延和市民活動中心)",
    "tel":"無",
    "mobile":"918616932"
    }
  },
  {
    "type": "Feature",
    "geometry": {
       "type": "Point",
       "coordinates":  [ 121.414268,25.159761 ]
    },
    "properties": {
    "no":1182,
    "title":"新北市八里紳士協會",
    "county":"新北市",
    "town":"八里區",
    "address":"中山路1段109號3樓(中庄市民活動中心)",
    "tel":"無",
    "mobile":"918683085"
    }
  },
  {
    "type": "Feature",
    "geometry": {
       "type": "Point",
       "coordinates":  [ 121.4575443,25.0042842 ]
    },
    "properties": {
    "no":1183,
    "title":"新北市板橋區華興里辦公處",
    "county":"新北市",
    "town":"板橋區",
    "address":"貴興路8號1樓",
    "tel":"(02)29598803",
    "mobile":"無"
    }
  },
  {
    "type": "Feature",
    "geometry": {
       "type": "Point",
       "coordinates":  [ 121.5449653,24.9728155 ]
    },
    "properties": {
    "no":1184,
    "title":"新北市新店區張北里辦公處",
    "county":"新北市",
    "town":"新店區",
    "address":"德正街23巷25號(張北市民活動中心)",
    "tel":"無",
    "mobile":"928131093"
    }
  },
  {
    "type": "Feature",
    "geometry": {
       "type": "Point",
       "coordinates":  [ 121.4193569,24.9636276 ]
    },
    "properties": {
    "no":1185,
    "title":"新北市土城區沛陂里辦公處",
    "county":"新北市",
    "town":"土城區",
    "address":"三民路23巷8弄9號1樓(沛陂市民活動中心)",
    "tel":"(02)22686607",
    "mobile":"無"
    }
  },
  {
    "type": "Feature",
    "geometry": {
       "type": "Point",
       "coordinates":  [ 121.4716371,25.0176201 ]
    },
    "properties": {
    "no":1186,
    "title":"新北市板橋區西安里辦公處",
    "county":"新北市",
    "town":"板橋區",
    "address":"民生路二段89號之1(西安市民活動中心)",
    "tel":"(02)29543958",
    "mobile":"無"
    }
  },
  {
    "type": "Feature",
    "geometry": {
       "type": "Point",
       "coordinates":  [ 121.3711715,24.9341356 ]
    },
    "properties": {
    "no":1187,
    "title":"新北市三峽區老人會(秀川站)",
    "county":"新北市",
    "town":"三峽區",
    "address":"忠孝街25之5號1、2樓",
    "tel":"無",
    "mobile":"986198672"
    }
  },
  {
    "type": "Feature",
    "geometry": {
       "type": "Point",
       "coordinates":  [ 121.3711715,24.9341356 ]
    },
    "properties": {
    "no":1188,
    "title":"新北市三峽區老人會(秀川站)",
    "county":"新北市",
    "town":"三峽區",
    "address":"忠孝街25之5號1、2樓",
    "tel":"無",
    "mobile":"986198672"
    }
  },
  {
    "type": "Feature",
    "geometry": {
       "type": "Point",
       "coordinates":  [ 121.3711715,24.9341356 ]
    },
    "properties": {
    "no":1189,
    "title":"新北市三峽區老人會(秀川站)",
    "county":"新北市",
    "town":"三峽區",
    "address":"忠孝街25之5號1、2樓",
    "tel":"無",
    "mobile":"986198672"
    }
  },
  {
    "type": "Feature",
    "geometry": {
       "type": "Point",
       "coordinates":  [ 121.4827423,25.0722567 ]
    },
    "properties": {
    "no":1190,
    "title":"新北市三重區永煇里辦公處",
    "county":"新北市",
    "town":"三重區",
    "address":"力行路2段9巷6號1樓",
    "tel":"無",
    "mobile":"932083932"
    }
  },
  {
    "type": "Feature",
    "geometry": {
       "type": "Point",
       "coordinates":  [ 121.4884014,25.0601954 ]
    },
    "properties": {
    "no":1191,
    "title":"新北市三重區過田里辦公處",
    "county":"新北市",
    "town":"三重區",
    "address":"過圳街19號(新北市三重區過圳市民活動中心)",
    "tel":"無",
    "mobile":"931325147"
    }
  },
  {
    "type": "Feature",
    "geometry": {
       "type": "Point",
       "coordinates":  [ 121.4882606,25.0691615 ]
    },
    "properties": {
    "no":1192,
    "title":"新北市三重區六合里辦公處",
    "county":"新北市",
    "town":"三重區",
    "address":"自強路二段50巷22號(新北市三重區六合市民活動中心)",
    "tel":"無",
    "mobile":"935525777"
    }
  },
  {
    "type": "Feature",
    "geometry": {
       "type": "Point",
       "coordinates":  [ 121.5339113,24.9386145 ]
    },
    "properties": {
    "no":1193,
    "title":"新北市新店區直潭里辦公處",
    "county":"新北市",
    "town":"新店區",
    "address":"直潭十街23號(直潭市民活動中心)",
    "tel":"(02)26666768",
    "mobile":"無"
    }
  },
  {
    "type": "Feature",
    "geometry": {
       "type": "Point",
       "coordinates":  [ 121.377879,24.931592 ]
    },
    "properties": {
    "no":1194,
    "title":"新北市三峽區礁溪里辦公處",
    "county":"新北市",
    "town":"三峽區",
    "address":"長泰街33巷3號1樓",
    "tel":"無",
    "mobile":"921532677"
    }
  },
  {
    "type": "Feature",
    "geometry": {
       "type": "Point",
       "coordinates":  [ 121.4807577,25.0286917 ]
    },
    "properties": {
    "no":1195,
    "title":"新北市板橋區懷翠里辦公處",
    "county":"新北市",
    "town":"板橋區",
    "address":"新北市板橋區懷德街235巷2號2樓",
    "tel":"(02)2250-5868",
    "mobile":"無"
    }
  },
  {
    "type": "Feature",
    "geometry": {
       "type": "Point",
       "coordinates":  [ 121.4778471,25.086266 ]
    },
    "properties": {
    "no":1196,
    "title":"社團法人台灣新希望社區關懷協會(鷺江站)",
    "county":"新北市",
    "town":"蘆洲區",
    "address":"新北市蘆洲區信義路319巷8號1樓",
    "tel":"無",
    "mobile":"922295129"
    }
  },
  {
    "type": "Feature",
    "geometry": {
       "type": "Point",
       "coordinates":  [ 121.5330596,25.1234101 ]
    },
    "properties": {
    "no":1197,
    "title":"台北市士林區天和社區發展協會",
    "county":"台北市",
    "town":"士林區",
    "address":"臺北市士林區天山里中山北路7段154巷 6號4樓",
    "tel":"無",
    "mobile":"0936-889263"
    }
  },
  {
    "type": "Feature",
    "geometry": {
       "type": "Point",
       "coordinates":  [ 121.5081024,25.0913621 ]
    },
    "properties": {
    "no":1198,
    "title":"臺北市三樂樂齡關懷協會",
    "county":"台北市",
    "town":"士林區",
    "address":"臺北市士林區社園里社中街226號1樓",
    "tel":"無",
    "mobile":"0937-070078"
    }
  },
  {
    "type": "Feature",
    "geometry": {
       "type": "Point",
       "coordinates":  [ 121.5330052,25.1258702 ]
    },
    "properties": {
    "no":1199,
    "title":"財團法人陽明山基督教天母禮拜堂",
    "county":"台北市",
    "town":"士林區",
    "address":"臺北市士林區天母里中山北路7段216巷 1號",
    "tel":"無",
    "mobile":"02-28711622"
    }
  },
  {
    "type": "Feature",
    "geometry": {
       "type": "Point",
       "coordinates":  [ 121.5321052,25.1224019 ]
    },
    "properties": {
    "no":1200,
    "title":"財團法人臺北市松年長春社會福利基金會(士林)",
    "county":"台北市",
    "town":"士林區",
    "address":"臺北市士林區天山里中山北路7段122號 3樓",
    "tel":"無",
    "mobile":"02-28723425"
    }
  },
  {
    "type": "Feature",
    "geometry": {
       "type": "Point",
       "coordinates":  [ 121.5086165,25.0838426 ]
    },
    "properties": {
    "no":1201,
    "title":"臺北市士林區葫蘆里辦公處",
    "county":"台北市",
    "town":"士林區",
    "address":"臺北市士林區葫蘆里葫蘆街137號",
    "tel":"無",
    "mobile":"0958-972685"
    }
  },
  {
    "type": "Feature",
    "geometry": {
       "type": "Point",
       "coordinates":  [ 121.5234851,25.1054699 ]
    },
    "properties": {
    "no":1202,
    "title":"臺北市士林區德行里里辦公處",
    "county":"台北市",
    "town":"士林區",
    "address":"臺北市士林區德行里德行西路30號",
    "tel":"無",
    "mobile":"02-88662865"
    }
  },
  {
    "type": "Feature",
    "geometry": {
       "type": "Point",
       "coordinates":  [ 121.5289939,25.1066967 ]
    },
    "properties": {
    "no":1203,
    "title":"臺北市士林區忠義社區發展協會",
    "county":"台北市",
    "town":"士林區",
    "address":"臺北市士林區忠誠里德行東路104巷9弄 8號旁里民活動中心",
    "tel":"無",
    "mobile":"02-28310943"
    }
  },
  {
    "type": "Feature",
    "geometry": {
       "type": "Point",
       "coordinates":  [ 121.5613135,25.1087676 ]
    },
    "properties": {
    "no":1204,
    "title":"財團法人台北市中華基督教浸信會慈光堂",
    "county":"台北市",
    "town":"士林區",
    "address":"臺北市士林區翠山里中社路1段43巷1號",
    "tel":"無",
    "mobile":"02-28412290"
    }
  },
  {
    "type": "Feature",
    "geometry": {
       "type": "Point",
       "coordinates":  [ 121.5322353,25.1092589 ]
    },
    "properties": {
    "no":1205,
    "title":"台灣健康社區自主發展協會",
    "county":"台北市",
    "town":"士林區",
    "address":"臺北市士林區三玉里德行東路203巷2號 1樓",
    "tel":"無",
    "mobile":"02-28369493"
    }
  },
  {
    "type": "Feature",
    "geometry": {
       "type": "Point",
       "coordinates":  [ 121.5288741,25.1036648 ]
    },
    "properties": {
    "no":1206,
    "title":"台北市士林區芝山岩社區發展協會",
    "county":"台北市",
    "town":"士林區",
    "address":"臺北市士林區名山里雨聲街68號(芝山岩區民活動中心)",
    "tel":"無",
    "mobile":"0911-328596"
    }
  },
  {
    "type": "Feature",
    "geometry": {
       "type": "Point",
       "coordinates":  [ 121.5232797,25.0940496 ]
    },
    "properties": {
    "no":1207,
    "title":"社團法人台北市士林全人關懷協會",
    "county":"台北市",
    "town":"士林區",
    "address":"臺北市士林區福德里中正路335巷9號 &11號",
    "tel":"無",
    "mobile":"02-28812746"
    }
  },
  {
    "type": "Feature",
    "geometry": {
       "type": "Point",
       "coordinates":  [ 121.5372188,25.1010597 ]
    },
    "properties": {
    "no":1208,
    "title":"財團法人台北市華夏婦女文教基金會",
    "county":"台北市",
    "town":"士林區",
    "address":"臺北市士林區岩山里至誠路1段62巷28號",
    "tel":"無",
    "mobile":"02-28318025"
    }
  },
  {
    "type": "Feature",
    "geometry": {
       "type": "Point",
       "coordinates":  [ 121.5292851,25.1212302 ]
    },
    "properties": {
    "no":1209,
    "title":"財團法人台北市天母基督教會",
    "county":"台北市",
    "town":"士林區",
    "address":"臺北市士林區天母里天玉街63.65號",
    "tel":"無",
    "mobile":"02-28714742"
    }
  },
  {
    "type": "Feature",
    "geometry": {
       "type": "Point",
       "coordinates":  [ 121.517745,25.087166 ]
    },
    "properties": {
    "no":1210,
    "title":"臺北市士林區福中里辦公處",
    "county":"台北市",
    "town":"士林區",
    "address":"臺北市士林區福中里福港街151號10樓",
    "tel":"無",
    "mobile":"02-28838207"
    }
  },
  {
    "type": "Feature",
    "geometry": {
       "type": "Point",
       "coordinates":  [ 121.5288741,25.1036648 ]
    },
    "properties": {
    "no":1211,
    "title":"臺北市士林區幸福名山社區發展協會",
    "county":"台北市",
    "town":"士林區",
    "address":"臺北市士林區名山里雨聲街68號",
    "tel":"無",
    "mobile":"0936-466316"
    }
  },
  {
    "type": "Feature",
    "geometry": {
       "type": "Point",
       "coordinates":  [ 121.5172144,25.0842964 ]
    },
    "properties": {
    "no":1212,
    "title":"台北市劍橋有愛全人關懷協會",
    "county":"台北市",
    "town":"士林區",
    "address":"臺北市士林區百齡里福港街244巷3號1樓",
    "tel":"無",
    "mobile":"02-28812424"
    }
  },
  {
    "type": "Feature",
    "geometry": {
       "type": "Point",
       "coordinates":  [ 121.5114478,25.0820854 ]
    },
    "properties": {
    "no":1213,
    "title":"臺北市士林區福順里辦公處",
    "county":"台北市",
    "town":"士林區",
    "address":"臺北市士林區福順里延平北路5段136巷 24號",
    "tel":"無",
    "mobile":"02-28160989"
    }
  },
  {
    "type": "Feature",
    "geometry": {
       "type": "Point",
       "coordinates":  [ 121.5322519,25.1227884 ]
    },
    "properties": {
    "no":1214,
    "title":"財團法人天主教遣使會-聖文生之友社區關懷據點",
    "county":"台北市",
    "town":"士林區",
    "address":"臺北市士林區天山里中山北路7段134號",
    "tel":"無",
    "mobile":"02-28763236"
    }
  },
  {
    "type": "Feature",
    "geometry": {
       "type": "Point",
       "coordinates":  [ 121.5174651,25.0913588 ]
    },
    "properties": {
    "no":1215,
    "title":"財團法人台灣聖公會(牧愛堂)",
    "county":"台北市",
    "town":"士林區",
    "address":"臺北市士林區後港里中正路511號",
    "tel":"無",
    "mobile":"02-28816317"
    }
  },
  {
    "type": "Feature",
    "geometry": {
       "type": "Point",
       "coordinates":  [ 121.5087503,25.08085 ]
    },
    "properties": {
    "no":1216,
    "title":"臺北市士林區富光里辦公處",
    "county":"台北市",
    "town":"士林區",
    "address":"臺北市士林區富光里葫蘆街62號",
    "tel":"無",
    "mobile":"02-28160879"
    }
  },
  {
    "type": "Feature",
    "geometry": {
       "type": "Point",
       "coordinates":  [ 121.5222819,25.0872006 ]
    },
    "properties": {
    "no":1217,
    "title":"財團法人新北市基督教新希望教會(百齡長青)",
    "county":"台北市",
    "town":"士林區",
    "address":"臺北市士林區前港里承德路4段190號4樓",
    "tel":"無",
    "mobile":"02-28815100"
    }
  },
  {
    "type": "Feature",
    "geometry": {
       "type": "Point",
       "coordinates":  [ 121.5351803,25.1001582 ]
    },
    "properties": {
    "no":1218,
    "title":"社團法人中華悅齡長照關懷協會",
    "county":"台北市",
    "town":"士林區",
    "address":"臺北市士林區福志里福林路377號(感恩堂)",
    "tel":"無",
    "mobile":"02-28327510"
    }
  },
  {
    "type": "Feature",
    "geometry": {
       "type": "Point",
       "coordinates":  [ 121.5185041,25.087774 ]
    },
    "properties": {
    "no":1219,
    "title":"財團法人新北市基督教新希望教會(福中)",
    "county":"台北市",
    "town":"士林區",
    "address":"臺北市士林區福中里福港街129巷10弄 12號1樓",
    "tel":"無",
    "mobile":"02-28834569"
    }
  },
  {
    "type": "Feature",
    "geometry": {
       "type": "Point",
       "coordinates":  [ 121.5107238,25.0866496 ]
    },
    "properties": {
    "no":1220,
    "title":"臺北市士林區葫東里辦公處",
    "county":"台北市",
    "town":"士林區",
    "address":"臺北市士林區葫東里中正路589號1樓",
    "tel":"無",
    "mobile":"0933-716265"
    }
  },
  {
    "type": "Feature",
    "geometry": {
       "type": "Point",
       "coordinates":  [ 121.5251501,25.1092337 ]
    },
    "properties": {
    "no":1221,
    "title":"財團法人福智慈善基金會(天母據點)",
    "county":"台北市",
    "town":"士林區",
    "address":"臺北市士林區蘭興里中山北路6段243號 1樓",
    "tel":"無",
    "mobile":"02-28382503#0"
    }
  },
  {
    "type": "Feature",
    "geometry": {
       "type": "Point",
       "coordinates":  [ 121.5303175,25.1217666 ]
    },
    "properties": {
    "no":1222,
    "title":"臺北市天母全人關懷協會",
    "county":"台北市",
    "town":"士林區",
    "address":"臺北市士林區天玉里中山北路7段81巷7號B2",
    "tel":"無",
    "mobile":"02-28746222#114"
    }
  },
  {
    "type": "Feature",
    "geometry": {
       "type": "Point",
       "coordinates":  [ 121.5233244,25.0885079 ]
    },
    "properties": {
    "no":1223,
    "title":"社團法人中華仁親社區關懷協會",
    "county":"台北市",
    "town":"士林區",
    "address":"臺北市士林區義信里基河路128號2樓",
    "tel":"無",
    "mobile":"02-77455477"
    }
  },
  {
    "type": "Feature",
    "geometry": {
       "type": "Point",
       "coordinates":  [ 121.5083523,25.0818787 ]
    },
    "properties": {
    "no":1224,
    "title":"臺北市士林海光社區發展協會",
    "county":"台北市",
    "town":"士林區",
    "address":"臺北市士林區富光里葫蘆街86號1樓",
    "tel":"無",
    "mobile":"02-28162459"
    }
  },
  {
    "type": "Feature",
    "geometry": {
       "type": "Point",
       "coordinates":  [ 121.5139329,25.0553957 ]
    },
    "properties": {
    "no":1225,
    "title":"台北市朝陽服飾材料街區發展協會",
    "county":"台北市",
    "town":"大同區",
    "address":"臺北市大同區朝陽里重慶北路46巷6號",
    "tel":"無",
    "mobile":"02-25523101"
    }
  },
  {
    "type": "Feature",
    "geometry": {
       "type": "Point",
       "coordinates":  [ 121.5115213,25.055393 ]
    },
    "properties": {
    "no":1226,
    "title":"社團法人台北市歐伊寇斯OIKOS社區關懷協會",
    "county":"台北市",
    "town":"大同區",
    "address":"臺北市大同區永樂里延平北路2段60巷2號",
    "tel":"無",
    "mobile":"0975-388979"
    }
  },
  {
    "type": "Feature",
    "geometry": {
       "type": "Point",
       "coordinates":  [ 121.5129185,25.067642 ]
    },
    "properties": {
    "no":1227,
    "title":"臺北市大同區國慶社區發展協會",
    "county":"台北市",
    "town":"大同區",
    "address":"臺北市大同區國慶里重慶北路3段136巷 18、20號",
    "tel":"無",
    "mobile":"02-25940089"
    }
  },
  {
    "type": "Feature",
    "geometry": {
       "type": "Point",
       "coordinates":  [ 121.5180203,25.0653101 ]
    },
    "properties": {
    "no":1228,
    "title":"社團法人中華萌愛關懷協會",
    "county":"台北市",
    "town":"大同區",
    "address":"臺北市大同區蓬萊里承德路3段60號B1",
    "tel":"無",
    "mobile":"02-25931138"
    }
  },
  {
    "type": "Feature",
    "geometry": {
       "type": "Point",
       "coordinates":  [ 121.5202958,25.0521949 ]
    },
    "properties": {
    "no":1229,
    "title":"財團法人台北市建成基督長老教會",
    "county":"台北市",
    "town":"大同區",
    "address":"臺北市大同區建泰里承德路1段77巷29號",
    "tel":"無",
    "mobile":"02-25580685"
    }
  },
  {
    "type": "Feature",
    "geometry": {
       "type": "Point",
       "coordinates":  [ 121.5155384,25.0705638 ]
    },
    "properties": {
    "no":1230,
    "title":"臺北市大同信望愛關懷協會(門諾)",
    "county":"台北市",
    "town":"大同區",
    "address":"臺北市大同區至聖里重慶北路3段223巷 43、45、47號",
    "tel":"無",
    "mobile":"02-25948855"
    }
  },
  {
    "type": "Feature",
    "geometry": {
       "type": "Point",
       "coordinates":  [ 121.5094468,25.064832 ]
    },
    "properties": {
    "no":1231,
    "title":"財團法人臺北市松年長春社會福利基金會(大橋)",
    "county":"台北市",
    "town":"大同區",
    "address":"臺北市大同區景星里迪化街2段65號、 67號1樓",
    "tel":"無",
    "mobile":"02-25974784"
    }
  },
  {
    "type": "Feature",
    "geometry": {
       "type": "Point",
       "coordinates":  [ 121.5170522,25.0687846 ]
    },
    "properties": {
    "no":1232,
    "title":"天主教耕莘醫療財團法人永和耕莘醫院(大龍老人住宅)",
    "county":"台北市",
    "town":"大同區",
    "address":"臺北市大同區至聖里民族西路105號4樓及4樓之1",
    "tel":"無",
    "mobile":"02-66178186"
    }
  },
  {
    "type": "Feature",
    "geometry": {
       "type": "Point",
       "coordinates":  [ 121.517115,25.075818 ]
    },
    "properties": {
    "no":1233,
    "title":"台北市大同區慶安社區發展協會",
    "county":"台北市",
    "town":"大同區",
    "address":"臺北市大同區重慶里敦煌路90-92號1樓",
    "tel":"無",
    "mobile":"0931-101838"
    }
  },
  {
    "type": "Feature",
    "geometry": {
       "type": "Point",
       "coordinates":  [ 121.5106284,25.0595187 ]
    },
    "properties": {
    "no":1234,
    "title":"台北市大同區大有里辦公處",
    "county":"台北市",
    "town":"大同區",
    "address":"臺北市大同區大有里民樂街179號1樓",
    "tel":"無",
    "mobile":"0931-903250"
    }
  },
  {
    "type": "Feature",
    "geometry": {
       "type": "Point",
       "coordinates":  [ 121.5122298,25.0647371 ]
    },
    "properties": {
    "no":1235,
    "title":"社團法人中華視障安養福利協會",
    "county":"台北市",
    "town":"大同區",
    "address":"臺北市大同區隆和里伊寧街37號1樓",
    "tel":"無",
    "mobile":"02-25952872"
    }
  },
  {
    "type": "Feature",
    "geometry": {
       "type": "Point",
       "coordinates":  [ 121.5136357,25.0495802 ]
    },
    "properties": {
    "no":1236,
    "title":"臺北市大同區圓環社區發展協會",
    "county":"台北市",
    "town":"大同區",
    "address":"臺北市大同區建功里重慶北路1段83巷 37號",
    "tel":"無",
    "mobile":"02-25564651"
    }
  },
  {
    "type": "Feature",
    "geometry": {
       "type": "Point",
       "coordinates":  [ 121.5150317,25.062729 ]
    },
    "properties": {
    "no":1237,
    "title":"臺北市大同區柴寮仔社區發展協會",
    "county":"台北市",
    "town":"大同區",
    "address":"臺北市大同區民權里民權西路172號1樓",
    "tel":"無",
    "mobile":"0932-844756"
    }
  },
  {
    "type": "Feature",
    "geometry": {
       "type": "Point",
       "coordinates":  [ 121.5183945,25.0550964 ]
    },
    "properties": {
    "no":1238,
    "title":"財團法人臺北市松年長春社會福利基金會(大同)",
    "county":"台北市",
    "town":"大同區",
    "address":"臺北市大同區光能里承德路2段33號1樓",
    "tel":"無",
    "mobile":"02-25000261"
    }
  },
  {
    "type": "Feature",
    "geometry": {
       "type": "Point",
       "coordinates":  [ 121.5382079,25.0345817 ]
    },
    "properties": {
    "no":1239,
    "title":"臺北市大安區新民炤社區發展協會",
    "county":"台北市",
    "town":"大安區",
    "address":"臺北市大安區民炤里建國南路1段286巷 48號1樓\n臺北市大安區民炤里建國南路1段286巷 35號1樓",
    "tel":"無",
    "mobile":"02-27012389"
    }
  },
  {
    "type": "Feature",
    "geometry": {
       "type": "Point",
       "coordinates":  [ 121.5346193,25.0341448 ]
    },
    "properties": {
    "no":1240,
    "title":"臺北市大安區民炤里辦公處",
    "county":"台北市",
    "town":"大安區",
    "address":"臺北市大安區民炤里信義路3段31巷5號 1樓",
    "tel":"無",
    "mobile":"02-27008406"
    }
  },
  {
    "type": "Feature",
    "geometry": {
       "type": "Point",
       "coordinates":  [ 121.5322277,25.0265933 ]
    },
    "properties": {
    "no":1241,
    "title":"社團法人台灣厝邊有愛關懷協會 (台北和平)",
    "county":"台北市",
    "town":"大安區",
    "address":"臺北市大安區龍安里和平東路1段183巷 9號",
    "tel":"無",
    "mobile":"02-23510087"
    }
  },
  {
    "type": "Feature",
    "geometry": {
       "type": "Point",
       "coordinates":  [ 121.5411633,25.0280185 ]
    },
    "properties": {
    "no":1242,
    "title":"臺北市長立健康樂活協會",
    "county":"台北市",
    "town":"大安區",
    "address":"臺北市大安區龍陣里瑞安街75號3樓(瑞安區民活動中心)",
    "tel":"無",
    "mobile":"0958-918669"
    }
  },
  {
    "type": "Feature",
    "geometry": {
       "type": "Point",
       "coordinates":  [ 121.551054,25.038636 ]
    },
    "properties": {
    "no":1243,
    "title":"財團法人台北市城東基督長老教會",
    "county":"台北市",
    "town":"大安區",
    "address":"臺北市大安區建倫里安和路1段43號2樓及45號1樓(城東教會)",
    "tel":"無",
    "mobile":"02-27711282"
    }
  },
  {
    "type": "Feature",
    "geometry": {
       "type": "Point",
       "coordinates":  [ 121.5546889,25.0344478 ]
    },
    "properties": {
    "no":1244,
    "title":"財團法人福智慈善基金會(安和據點)",
    "county":"台北市",
    "town":"大安區",
    "address":"臺北市大安區光信里信義路4段265巷21弄3號1樓\n臺北市大安區信義路4段265巷21弄1號1樓",
    "tel":"無",
    "mobile":"02-77526788"
    }
  },
  {
    "type": "Feature",
    "geometry": {
       "type": "Point",
       "coordinates":  [ 121.5245957,25.0255496 ]
    },
    "properties": {
    "no":1245,
    "title":"臺北市大安區古莊社區發展協會",
    "county":"台北市",
    "town":"大安區",
    "address":"臺北市大安區古莊里羅斯福路2段81巷 16弄1-2號2樓",
    "tel":"無",
    "mobile":"02-23696262"
    }
  },
  {
    "type": "Feature",
    "geometry": {
       "type": "Point",
       "coordinates":  [ 121.533964,25.026482 ]
    },
    "properties": {
    "no":1246,
    "title":"財團法人台灣基督長老教會大安教會",
    "county":"台北市",
    "town":"大安區",
    "address":"臺北市大安區群賢里和平東路3段1巷51號",
    "tel":"無",
    "mobile":"02-27064477"
    }
  },
  {
    "type": "Feature",
    "geometry": {
       "type": "Point",
       "coordinates":  [ 121.5438732,25.0361475 ]
    },
    "properties": {
    "no":1247,
    "title":"財團法人成長文教基金會",
    "county":"台北市",
    "town":"大安區",
    "address":"臺北市大安區仁慈里東豐街1號2樓",
    "tel":"無",
    "mobile":"02-27000657"
    }
  },
  {
    "type": "Feature",
    "geometry": {
       "type": "Point",
       "coordinates":  [ 121.5473046,25.0342045 ]
    },
    "properties": {
    "no":1248,
    "title":"財團法人全成社會福利基金會(大安老人服務暨日間照顧中心)",
    "county":"台北市",
    "town":"大安區",
    "address":"臺北市大安區德安里四維路76巷12號",
    "tel":"無",
    "mobile":"02-27086255"
    }
  },
  {
    "type": "Feature",
    "geometry": {
       "type": "Point",
       "coordinates":  [ 121.533964,25.026482 ]
    },
    "properties": {
    "no":1249,
    "title":"社團法人中華生命關愛協會",
    "county":"台北市",
    "town":"大安區",
    "address":"臺北市大安區芳和里和平東路3段212巷 12號",
    "tel":"無",
    "mobile":"0922-407837"
    }
  },
  {
    "type": "Feature",
    "geometry": {
       "type": "Point",
       "coordinates":  [ 121.545737,25.0321507 ]
    },
    "properties": {
    "no":1250,
    "title":"臺北市大安區住安社區發展協會",
    "county":"台北市",
    "town":"大安區",
    "address":"臺北市大安區住安里信義路4段30巷27弄24號1、2樓",
    "tel":"無",
    "mobile":"02-27550387"
    }
  },
  {
    "type": "Feature",
    "geometry": {
       "type": "Point",
       "coordinates":  [ 121.5258274,25.0337801 ]
    },
    "properties": {
    "no":1251,
    "title":"臺北市大安區光明里辦公處",
    "county":"台北市",
    "town":"大安區",
    "address":"臺北市大安區光明里信義路2段86巷26號",
    "tel":"無",
    "mobile":"0919-933237"
    }
  },
  {
    "type": "Feature",
    "geometry": {
       "type": "Point",
       "coordinates":  [ 121.5335436,25.0264703 ]
    },
    "properties": {
    "no":1252,
    "title":"社團法人台灣愛鄰社區服務協會",
    "county":"台北市",
    "town":"大安區",
    "address":"臺北市大安區龍門里和平東路2段24號愛鄰樓1F、愛鄰樓3F",
    "tel":"無",
    "mobile":"02-23623022"
    }
  },
  {
    "type": "Feature",
    "geometry": {
       "type": "Point",
       "coordinates":  [ 121.5221514,25.0286154 ]
    },
    "properties": {
    "no":1253,
    "title":"臺北市大安區錦華里辦公處",
    "county":"台北市",
    "town":"大安區",
    "address":"臺北市大安區杭州南路2段93巷1-1號1樓\n臺北市大安區潮州街68號",
    "tel":"無",
    "mobile":"02-23923999"
    }
  },
  {
    "type": "Feature",
    "geometry": {
       "type": "Point",
       "coordinates":  [ 121.5441092,25.0414432 ]
    },
    "properties": {
    "no":1254,
    "title":"社團法人台灣喜樂家族協會(大安)",
    "county":"台北市",
    "town":"大安區",
    "address":"臺北市大安區仁愛里忠孝東路4段126- 19號7樓",
    "tel":"無",
    "mobile":"02-87723092"
    }
  },
  {
    "type": "Feature",
    "geometry": {
       "type": "Point",
       "coordinates":  [ 121.5309527,25.0183858 ]
    },
    "properties": {
    "no":1255,
    "title":"社團法人中華民國香柏樹長者社區關懷協會(台電)",
    "county":"台北市",
    "town":"大安區",
    "address":"臺北市大安區大學里羅斯福路3段275號 3樓",
    "tel":"無",
    "mobile":"02-23636819#14"
    }
  },
  {
    "type": "Feature",
    "geometry": {
       "type": "Point",
       "coordinates":  [ 121.527565,25.0285555 ]
    },
    "properties": {
    "no":1256,
    "title":"臺北市大安區錦町社區發展協會",
    "county":"台北市",
    "town":"大安區",
    "address":"臺北市大安區錦安里潮州街130巷3號1樓",
    "tel":"無",
    "mobile":"02-23515967"
    }
  },
  {
    "type": "Feature",
    "geometry": {
       "type": "Point",
       "coordinates":  [ 121.5389947,25.0290764 ]
    },
    "properties": {
    "no":1257,
    "title":"臺北市大安區大安新龍社區發展協會",
    "county":"台北市",
    "town":"大安區",
    "address":"臺北市大安區新龍里信義路3段134巷98號1樓\n臺北市大安區新龍里信義路3段134巷82號2樓",
    "tel":"無",
    "mobile":"02-27067771"
    }
  },
  {
    "type": "Feature",
    "geometry": {
       "type": "Point",
       "coordinates":  [ 121.5532941,25.0275589 ]
    },
    "properties": {
    "no":1258,
    "title":"台北市通化玫瑰社會關懷協會",
    "county":"台北市",
    "town":"大安區",
    "address":"臺北市大安區法治里通化街178號",
    "tel":"無",
    "mobile":"02-27383514"
    }
  },
  {
    "type": "Feature",
    "geometry": {
       "type": "Point",
       "coordinates":  [ 121.5535662,25.0185119 ]
    },
    "properties": {
    "no":1259,
    "title":"社團法人台灣厝邊有愛關懷協會 (六張犁)",
    "county":"台北市",
    "town":"大安區",
    "address":"臺北市大安區黎元里臥龍街215號",
    "tel":"無",
    "mobile":"02-27329041"
    }
  },
  {
    "type": "Feature",
    "geometry": {
       "type": "Point",
       "coordinates":  [ 121.5458646,25.026519 ]
    },
    "properties": {
    "no":1260,
    "title":"臺北市大安區群英里辦公處",
    "county":"台北市",
    "town":"大安區",
    "address":"臺北市大安區群英里四維路198巷30弄9號",
    "tel":"無",
    "mobile":"02-27549339"
    }
  },
  {
    "type": "Feature",
    "geometry": {
       "type": "Point",
       "coordinates":  [ 121.5334366,25.0185872 ]
    },
    "properties": {
    "no":1261,
    "title":"社團法人中華民國香柏樹長者社區關懷協會(台大)",
    "county":"台北市",
    "town":"大安區",
    "address":"臺北市大安區大學里新生南路3段86號 4、8、9樓(真理堂)",
    "tel":"無",
    "mobile":"02-23632096"
    }
  },
  {
    "type": "Feature",
    "geometry": {
       "type": "Point",
       "coordinates":  [ 121.528429,25.030536 ]
    },
    "properties": {
    "no":1262,
    "title":"臺北市大安區永康里辦公處",
    "county":"台北市",
    "town":"大安區",
    "address":"臺北市大安區永康里金華街199巷3弄6號1樓",
    "tel":"無",
    "mobile":"0931-234954"
    }
  },
  {
    "type": "Feature",
    "geometry": {
       "type": "Point",
       "coordinates":  [ 121.5426616,25.0441944 ]
    },
    "properties": {
    "no":1263,
    "title":"臺北市大安區安東社區發展協會",
    "county":"台北市",
    "town":"大安區",
    "address":"臺北市大安區誠安里安東街31之1號\n臺北市大安區忠孝東路3段251巷12弄14號1樓",
    "tel":"無",
    "mobile":"02-27715532"
    }
  },
  {
    "type": "Feature",
    "geometry": {
       "type": "Point",
       "coordinates":  [ 121.5529248,25.0261602 ]
    },
    "properties": {
    "no":1264,
    "title":"臺北市大安區法治里辦公處",
    "county":"台北市",
    "town":"大安區",
    "address":"臺北市大安區法治里通化街192號",
    "tel":"無",
    "mobile":"0980-403536"
    }
  },
  {
    "type": "Feature",
    "geometry": {
       "type": "Point",
       "coordinates":  [ 121.5414779,25.0282259 ]
    },
    "properties": {
    "no":1265,
    "title":"社團法人臺北市永健長青促進協會",
    "county":"台北市",
    "town":"大安區",
    "address":"臺北市大安區龍陣里瑞安街71巷5弄1號 1F",
    "tel":"無",
    "mobile":"02-27097719"
    }
  },
  {
    "type": "Feature",
    "geometry": {
       "type": "Point",
       "coordinates":  [ 121.534439,25.0242363 ]
    },
    "properties": {
    "no":1266,
    "title":"中華民國紅十字會臺灣省分會（新生）",
    "county":"台北市",
    "town":"大安區",
    "address":"臺北市大安區龍坡里新生南路3段20-1號4樓",
    "tel":"無",
    "mobile":"02-23630098"
    }
  },
  {
    "type": "Feature",
    "geometry": {
       "type": "Point",
       "coordinates":  [ 121.5286527,25.022257 ]
    },
    "properties": {
    "no":1267,
    "title":"臺北市大安區古風社區發展協會",
    "county":"台北市",
    "town":"大安區",
    "address":"臺北市大安區古風里師大路117巷1號",
    "tel":"無",
    "mobile":"02-33651622"
    }
  },
  {
    "type": "Feature",
    "geometry": {
       "type": "Point",
       "coordinates":  [ 121.5411768,25.0281919 ]
    },
    "properties": {
    "no":1268,
    "title":"台北市大安區龍陣里辦公處",
    "county":"台北市",
    "town":"大安區",
    "address":"臺北市大安區龍陣里瑞安街75號3樓",
    "tel":"無",
    "mobile":"0958-918669"
    }
  },
  {
    "type": "Feature",
    "geometry": {
       "type": "Point",
       "coordinates":  [ 121.5540818,25.0262584 ]
    },
    "properties": {
    "no":1269,
    "title":"臺北醫學大學展齡服務暨研究中心",
    "county":"台北市",
    "town":"大安區",
    "address":"臺北市大安區法治里基隆路2段172-1號 9樓",
    "tel":"無",
    "mobile":"02-66382736#1062"
    }
  },
  {
    "type": "Feature",
    "geometry": {
       "type": "Point",
       "coordinates":  [ 121.5285368,25.0274561 ]
    },
    "properties": {
    "no":1270,
    "title":"國立臺灣師範大學學務處全人教育中心",
    "county":"台北市",
    "town":"大安區",
    "address":"臺北市大安區錦安里和平東路1段129號",
    "tel":"無",
    "mobile":"02-77495619"
    }
  },
  {
    "type": "Feature",
    "geometry": {
       "type": "Point",
       "coordinates":  [ 121.5242278,25.0489614 ]
    },
    "properties": {
    "no":1271,
    "title":"財團法人台北市中山基督長老教會",
    "county":"台北市",
    "town":"中山區",
    "address":"臺北市中山區正得里林森北路62號",
    "tel":"無",
    "mobile":"02-25518480#119"
    }
  },
  {
    "type": "Feature",
    "geometry": {
       "type": "Point",
       "coordinates":  [ 121.5223787,25.0577417 ]
    },
    "properties": {
    "no":1272,
    "title":"社團法人中華民國明健慈善公益協進會",
    "county":"台北市",
    "town":"中山區",
    "address":"臺北市中山區民安里民生西路6號6樓",
    "tel":"無",
    "mobile":"02-55740079"
    }
  },
  {
    "type": "Feature",
    "geometry": {
       "type": "Point",
       "coordinates":  [ 121.5281228,25.0555034 ]
    },
    "properties": {
    "no":1273,
    "title":"台北市敬老協會",
    "county":"台北市",
    "town":"中山區",
    "address":"臺北市中山區中原里新生北路2段41巷7號1樓\n臺北市中山區中原里新生北路2段53之3號2樓",
    "tel":"無",
    "mobile":"02-25819955"
    }
  },
  {
    "type": "Feature",
    "geometry": {
       "type": "Point",
       "coordinates":  [ 121.5334641,25.0531691 ]
    },
    "properties": {
    "no":1274,
    "title":"財團法人味全文化教育基金會",
    "county":"台北市",
    "town":"中山區",
    "address":"臺北市中山區中央里松江路125號4樓",
    "tel":"無",
    "mobile":"02-25065001"
    }
  },
  {
    "type": "Feature",
    "geometry": {
       "type": "Point",
       "coordinates":  [ 121.5405446,25.0475413 ]
    },
    "properties": {
    "no":1275,
    "title":"臺北市中山區朱厝崙社區發展協會",
    "county":"台北市",
    "town":"中山區",
    "address":"臺北市中山區朱崙里龍江路15號3樓(朱崙區民活動中心)",
    "tel":"無",
    "mobile":"02-27815504"
    }
  },
  {
    "type": "Feature",
    "geometry": {
       "type": "Point",
       "coordinates":  [ 121.5421459,25.0646843 ]
    },
    "properties": {
    "no":1276,
    "title":"財團法人新北市基督教新希望教會(中山五常)",
    "county":"台北市",
    "town":"中山區",
    "address":"臺北市中山區下埤里龍江路377巷20號1樓",
    "tel":"無",
    "mobile":"02-28815100"
    }
  },
  {
    "type": "Feature",
    "geometry": {
       "type": "Point",
       "coordinates":  [ 121.5427985,25.0534368 ]
    },
    "properties": {
    "no":1277,
    "title":"臺北市復華長青多元服務中心(財\n團法人台灣省私立健順養護中心)",
    "county":"台北市",
    "town":"中山區",
    "address":"臺北市中山區復華里遼寧街185巷11號",
    "tel":"無",
    "mobile":"02-27171393#16"
    }
  },
  {
    "type": "Feature",
    "geometry": {
       "type": "Point",
       "coordinates":  [ 121.5404259,25.0648629 ]
    },
    "properties": {
    "no":1278,
    "title":"財團法人臺北市松年長春社會福利基金會(中山)",
    "county":"台北市",
    "town":"中山區",
    "address":"臺北市中山區行仁里龍江路318巷7號1樓",
    "tel":"無",
    "mobile":"02-25000206"
    }
  },
  {
    "type": "Feature",
    "geometry": {
       "type": "Point",
       "coordinates":  [ 121.5405375,25.060967 ]
    },
    "properties": {
    "no":1279,
    "title":"財團法人新北市基督教新希望教會(江寧)",
    "county":"台北市",
    "town":"中山區",
    "address":"臺北市中山區江寧里龍江路286巷2號",
    "tel":"無",
    "mobile":"02-28815100"
    }
  },
  {
    "type": "Feature",
    "geometry": {
       "type": "Point",
       "coordinates":  [ 121.5543684,25.0862564 ]
    },
    "properties": {
    "no":1280,
    "title":"社團法人台北市家庭照顧者關懷協會",
    "county":"台北市",
    "town":"中山區",
    "address":"臺北市中山區北安里北安路805巷4弄5號地下",
    "tel":"無",
    "mobile":"0916-780645"
    }
  },
  {
    "type": "Feature",
    "geometry": {
       "type": "Point",
       "coordinates":  [ 121.5230588,25.0653711 ]
    },
    "properties": {
    "no":1281,
    "title":"臺北市中山區晴光里辦公處",
    "county":"台北市",
    "town":"中山區",
    "address":"臺北市中山區晴光里雙城街18巷20號",
    "tel":"無",
    "mobile":"0981-201026"
    }
  },
  {
    "type": "Feature",
    "geometry": {
       "type": "Point",
       "coordinates":  [ 121.5468823,25.0816337 ]
    },
    "properties": {
    "no":1282,
    "title":"社團法人臺北市中山區大直社區發展協會(大直一)",
    "county":"台北市",
    "town":"中山區",
    "address":"臺北市中山區大直里大直街21巷2號4樓 (大直區民活動中心)及大直街39巷3號1樓",
    "tel":"無",
    "mobile":"02-25329522"
    }
  },
  {
    "type": "Feature",
    "geometry": {
       "type": "Point",
       "coordinates":  [ 121.546735,25.082582 ]
    },
    "properties": {
    "no":1283,
    "title":"社團法人臺北市中山區大直社區發展協會",
    "county":"台北市",
    "town":"中山區",
    "address":"臺北市中山區大直街1號4樓及大直街39巷3號1樓",
    "tel":"無",
    "mobile":"02-25329522"
    }
  },
  {
    "type": "Feature",
    "geometry": {
       "type": "Point",
       "coordinates":  [ 121.5313213,25.0670215 ]
    },
    "properties": {
    "no":1284,
    "title":"財團法人新北市基督教新希望教會(新喜)",
    "county":"台北市",
    "town":"中山區",
    "address":"臺北市中山區新喜里吉林路433巷17號",
    "tel":"無",
    "mobile":"02-28815100"
    }
  },
  {
    "type": "Feature",
    "geometry": {
       "type": "Point",
       "coordinates":  [ 121.5249793,25.0545129 ]
    },
    "properties": {
    "no":1285,
    "title":"財團法人台北市台北中華基督教會",
    "county":"台北市",
    "town":"中山區",
    "address":"臺北市中山區康樂里中山北路2段45巷 39號",
    "tel":"無",
    "mobile":"02-25118021"
    }
  },
  {
    "type": "Feature",
    "geometry": {
       "type": "Point",
       "coordinates":  [ 121.5595366,25.0790991 ]
    },
    "properties": {
    "no":1286,
    "title":"財團法人基督教台灣信義會(大直真理堂)",
    "county":"台北市",
    "town":"中山區",
    "address":"臺北市中山區金泰里敬業三路162巷109號1樓",
    "tel":"無",
    "mobile":"02-85011754"
    }
  },
  {
    "type": "Feature",
    "geometry": {
       "type": "Point",
       "coordinates":  [ 121.535466,25.051681 ]
    },
    "properties": {
    "no":1287,
    "title":"財團法人政慧發展社會福利慈善事業基金會",
    "county":"台北市",
    "town":"中山區",
    "address":"臺北市中山區朱園里南京東路2段160號 7樓",
    "tel":"無",
    "mobile":"02-25172068"
    }
  },
  {
    "type": "Feature",
    "geometry": {
       "type": "Point",
       "coordinates":  [ 121.5243319,25.0582855 ]
    },
    "properties": {
    "no":1288,
    "title":"財團法人台灣老人急重症基金會 (聚盛據點)",
    "county":"台北市",
    "town":"中山區",
    "address":"臺北市中山區聚盛里民生東路1段23巷2號\n臺北市中山區民生東路1段42號7樓之3",
    "tel":"無",
    "mobile":"02-25224388"
    }
  },
  {
    "type": "Feature",
    "geometry": {
       "type": "Point",
       "coordinates":  [ 121.5417828,25.0576214 ]
    },
    "properties": {
    "no":1289,
    "title":"財團法人台灣老人急重症基金會 (龍洲據點)",
    "county":"台北市",
    "town":"中山區",
    "address":"臺北市中山區龍洲里民生東路3段88巷1號",
    "tel":"無",
    "mobile":"02-25224388"
    }
  },
  {
    "type": "Feature",
    "geometry": {
       "type": "Point",
       "coordinates":  [ 121.5465332,25.0789041 ]
    },
    "properties": {
    "no":1290,
    "title":"社團法人臺北市生命樹健康關懷協會",
    "county":"台北市",
    "town":"中山區",
    "address":"臺北市中山區永安里北安路458巷41弄 50號",
    "tel":"無",
    "mobile":"02-25327514"
    }
  },
  {
    "type": "Feature",
    "geometry": {
       "type": "Point",
       "coordinates":  [ 121.524349,25.05737 ]
    },
    "properties": {
    "no":1291,
    "title":"財團法人台灣老人急重症基金會 (中山據點)",
    "county":"台北市",
    "town":"中山區",
    "address":"臺北市中山區中山里中山北路二段77巷 14號3樓",
    "tel":"無",
    "mobile":"02-25224388"
    }
  },
  {
    "type": "Feature",
    "geometry": {
       "type": "Point",
       "coordinates":  [ 121.5297018,25.0172889 ]
    },
    "properties": {
    "no":1292,
    "title":"社團法人台灣基督教展翔天地全人發展協會",
    "county":"台北市",
    "town":"中正區",
    "address":"臺北市中正區文盛里汀州路3段101號1樓",
    "tel":"無",
    "mobile":"02-23656123"
    }
  },
  {
    "type": "Feature",
    "geometry": {
       "type": "Point",
       "coordinates":  [ 121.5216527,25.0452974 ]
    },
    "properties": {
    "no":1293,
    "title":"台北市廣西同鄉會",
    "county":"台北市",
    "town":"中正區",
    "address":"臺北市中正區梅花里忠孝東路1段35號7樓",
    "tel":"無",
    "mobile":"02-23210375"
    }
  },
  {
    "type": "Feature",
    "geometry": {
       "type": "Point",
       "coordinates":  [ 121.5104644,25.0266493 ]
    },
    "properties": {
    "no":1294,
    "title":"臺北市中正區永寬社區發展協會",
    "county":"台北市",
    "town":"中正區",
    "address":"臺北市中正區永昌里寧波西街181巷8號",
    "tel":"無",
    "mobile":"02-23014838"
    }
  },
  {
    "type": "Feature",
    "geometry": {
       "type": "Point",
       "coordinates":  [ 121.5069829,25.028344 ]
    },
    "properties": {
    "no":1295,
    "title":"社團法人臺北市臻佶祥社會服務協會",
    "county":"台北市",
    "town":"中正區",
    "address":"臺北市中正區忠勤里中華路2段315巷 14、16、18號",
    "tel":"無",
    "mobile":"02-23036281"
    }
  },
  {
    "type": "Feature",
    "geometry": {
       "type": "Point",
       "coordinates":  [ 121.5268154,25.0216107 ]
    },
    "properties": {
    "no":1296,
    "title":"台灣旺齡協會",
    "county":"台北市",
    "town":"中正區",
    "address":"臺北市中正區頂東里羅斯福路3段84巷 13、15號1樓",
    "tel":"無",
    "mobile":"02-23680690"
    }
  },
  {
    "type": "Feature",
    "geometry": {
       "type": "Point",
       "coordinates":  [ 121.5119608,25.0276511 ]
    },
    "properties": {
    "no":1297,
    "title":"財團法人台北市中國基督教靈糧世界佈道會台北靈糧堂(古亭靈糧福音中心)",
    "county":"台北市",
    "town":"中正區",
    "address":"臺北市中正區永功里三元街198號1樓",
    "tel":"無",
    "mobile":"02-23396540"
    }
  },
  {
    "type": "Feature",
    "geometry": {
       "type": "Point",
       "coordinates":  [ 121.510054,25.026537 ]
    },
    "properties": {
    "no":1298,
    "title":"臺北市永昌長青會",
    "county":"台北市",
    "town":"中正區",
    "address":"臺北市中正區永昌里寧波西街181巷24號1樓",
    "tel":"無",
    "mobile":"02-23071068"
    }
  },
  {
    "type": "Feature",
    "geometry": {
       "type": "Point",
       "coordinates":  [ 121.5324161,25.0105669 ]
    },
    "properties": {
    "no":1299,
    "title":"台北市寶藏巖文化村協會",
    "county":"台北市",
    "town":"中正區",
    "address":"臺北市中正區水源里汀州路3段230巷14弄10號",
    "tel":"無",
    "mobile":"0926-579112"
    }
  },
  {
    "type": "Feature",
    "geometry": {
       "type": "Point",
       "coordinates":  [ 121.5248845,25.0241961 ]
    },
    "properties": {
    "no":1300,
    "title":"財團法人臺北市松年長春社會福利基金會(中正)",
    "county":"台北市",
    "town":"中正區",
    "address":"臺北市中正區南福里羅斯福路1段94、 96號11樓(中央教會)",
    "tel":"無",
    "mobile":"02-23948486"
    }
  },
  {
    "type": "Feature",
    "geometry": {
       "type": "Point",
       "coordinates":  [ 121.5295905,25.0406143 ]
    },
    "properties": {
    "no":1301,
    "title":"財團法人伽耶山基金會",
    "county":"台北市",
    "town":"中正區",
    "address":"臺北市中正區文北里濟南路2段36號2樓、3樓、4樓",
    "tel":"無",
    "mobile":"02-23946800"
    }
  },
  {
    "type": "Feature",
    "geometry": {
       "type": "Point",
       "coordinates":  [ 121.5290591,25.0176349 ]
    },
    "properties": {
    "no":1302,
    "title":"財團法人環宇國際文化教育基金會",
    "county":"台北市",
    "town":"中正區",
    "address":"臺北市中正區文盛里羅斯福路3段240巷 17弄3號",
    "tel":"無",
    "mobile":"02-23660743"
    }
  },
  {
    "type": "Feature",
    "geometry": {
       "type": "Point",
       "coordinates":  [ 121.5253585,25.0166032 ]
    },
    "properties": {
    "no":1303,
    "title":"臺北市中正區新林興社區發展協會",
    "county":"台北市",
    "town":"中正區",
    "address":"臺北市中正區林興里水源路21號",
    "tel":"無",
    "mobile":"0933-213180"
    }
  },
  {
    "type": "Feature",
    "geometry": {
       "type": "Point",
       "coordinates":  [ 121.5545729,25.00046 ]
    },
    "properties": {
    "no":1304,
    "title":"財團法人耕莘文教基金會",
    "county":"台北市",
    "town":"中正區",
    "address":"臺北市中正區文盛里辛亥路1段22號4樓",
    "tel":"無",
    "mobile":"02-23655615"
    }
  },
  {
    "type": "Feature",
    "geometry": {
       "type": "Point",
       "coordinates":  [ 121.5192916,25.0243156 ]
    },
    "properties": {
    "no":1305,
    "title":"財團法人中華基督教廈門街浸信會",
    "county":"台北市",
    "town":"中正區",
    "address":"臺北市中正區螢圃里廈門街81巷20號",
    "tel":"無",
    "mobile":"02-23687582"
    }
  },
  {
    "type": "Feature",
    "geometry": {
       "type": "Point",
       "coordinates":  [ 121.513777,25.028408 ]
    },
    "properties": {
    "no":1306,
    "title":"台北市愛羊全人關懷協會",
    "county":"台北市",
    "town":"中正區",
    "address":"臺北市中正區龍光里和平西路2段17號2樓",
    "tel":"無",
    "mobile":"02-23048578"
    }
  },
  {
    "type": "Feature",
    "geometry": {
       "type": "Point",
       "coordinates":  [ 121.5204356,25.0316513 ]
    },
    "properties": {
    "no":1307,
    "title":"社團法人愛福家協會",
    "county":"台北市",
    "town":"中正區",
    "address":"臺北市中正區新營里金華街20號1樓",
    "tel":"無",
    "mobile":"02-23567317"
    }
  },
  {
    "type": "Feature",
    "geometry": {
       "type": "Point",
       "coordinates":  [ 121.5976437,25.0775115 ]
    },
    "properties": {
    "no":1308,
    "title":"臺北市內湖區紫雲社區發展協會",
    "county":"台北市",
    "town":"內湖區",
    "address":"臺北市內湖區紫雲里康寧路1段228號",
    "tel":"無",
    "mobile":"02-27913337"
    }
  },
  {
    "type": "Feature",
    "geometry": {
       "type": "Point",
       "coordinates":  [ 121.5910579,25.0620782 ]
    },
    "properties": {
    "no":1309,
    "title":"臺北市內湖區石潭社區發展協會",
    "county":"台北市",
    "town":"內湖區",
    "address":"臺北市內湖區石潭里成功路2段1號",
    "tel":"無",
    "mobile":"02-27937177"
    }
  },
  {
    "type": "Feature",
    "geometry": {
       "type": "Point",
       "coordinates":  [ 121.5899871,25.0676901 ]
    },
    "properties": {
    "no":1310,
    "title":"內湖區湖興里辦公處",
    "county":"台北市",
    "town":"內湖區",
    "address":"臺北市內湖區湖興里成功路2段320巷19號3樓",
    "tel":"無",
    "mobile":"02-27914586"
    }
  },
  {
    "type": "Feature",
    "geometry": {
       "type": "Point",
       "coordinates":  [ 121.596101,25.0811515 ]
    },
    "properties": {
    "no":1311,
    "title":"臺北市內湖區清白社區發展協會",
    "county":"台北市",
    "town":"內湖區",
    "address":"臺北市內湖區清白里星雲街168巷29號1樓\n臺北市內湖區清白里星雲街161巷3號 (清白區民活動中心)",
    "tel":"無",
    "mobile":"02-27909195"
    }
  },
  {
    "type": "Feature",
    "geometry": {
       "type": "Point",
       "coordinates":  [ 121.6106047,25.0742611 ]
    },
    "properties": {
    "no":1312,
    "title":"財團法人基督教中國佈道會",
    "county":"台北市",
    "town":"內湖區",
    "address":"臺北市內湖區康寧里康寧路3段99巷39弄66號",
    "tel":"無",
    "mobile":"02-26320867"
    }
  },
  {
    "type": "Feature",
    "geometry": {
       "type": "Point",
       "coordinates":  [ 121.5965738,25.0668288 ]
    },
    "properties": {
    "no":1313,
    "title":"內湖區寶湖里辦公處",
    "county":"台北市",
    "town":"內湖區",
    "address":"臺北市內湖區寶湖里民權東路6段208號",
    "tel":"無",
    "mobile":"0931-302823"
    }
  },
  {
    "type": "Feature",
    "geometry": {
       "type": "Point",
       "coordinates":  [ 121.5820736,25.0772459 ]
    },
    "properties": {
    "no":1314,
    "title":"財團法人台北市基督教台灣貴格會內湖慈光堂",
    "county":"台北市",
    "town":"內湖區",
    "address":"臺北市內湖區瑞陽里文德路66巷49弄5號",
    "tel":"無",
    "mobile":"02-27976651"
    }
  },
  {
    "type": "Feature",
    "geometry": {
       "type": "Point",
       "coordinates":  [ 121.5742339,25.081954 ]
    },
    "properties": {
    "no":1315,
    "title":"臺北市麗山社區關懷協會",
    "county":"台北市",
    "town":"內湖區",
    "address":"臺北市內湖區港都里麗山街348巷22號 1-2樓及24號2樓(麗山禮拜堂)",
    "tel":"無",
    "mobile":"02-26270443#20"
    }
  },
  {
    "type": "Feature",
    "geometry": {
       "type": "Point",
       "coordinates":  [ 121.5933473,25.0843044 ]
    },
    "properties": {
    "no":1316,
    "title":"財團法人福智慈善基金會(內湖據點)",
    "county":"台北市",
    "town":"內湖區",
    "address":"臺北市內湖區內湖里內湖路2段486、 488號3樓",
    "tel":"無",
    "mobile":"02-27963275"
    }
  },
  {
    "type": "Feature",
    "geometry": {
       "type": "Point",
       "coordinates":  [ 121.5919375,25.0788589 ]
    },
    "properties": {
    "no":1317,
    "title":"財團法人基督教台灣信義會(內湖思恩堂)",
    "county":"台北市",
    "town":"內湖區",
    "address":"臺北市內湖區紫星里康寧路1段62號",
    "tel":"無",
    "mobile":"02-27901497"
    }
  },
  {
    "type": "Feature",
    "geometry": {
       "type": "Point",
       "coordinates":  [ 121.5900616,25.065888 ]
    },
    "properties": {
    "no":1318,
    "title":"中華民國天使之家全人關懷協會",
    "county":"台北市",
    "town":"內湖區",
    "address":"臺北市內湖區湖興里成功路2段240-242號1樓",
    "tel":"無",
    "mobile":"02-27909454"
    }
  },
  {
    "type": "Feature",
    "geometry": {
       "type": "Point",
       "coordinates":  [ 121.5769795,25.078682 ]
    },
    "properties": {
    "no":1319,
    "title":"台北市內湖紳士協會",
    "county":"台北市",
    "town":"內湖區",
    "address":"臺北市內湖區港墘里內湖路1段552號 (港墘區民活動中心)",
    "tel":"無",
    "mobile":"0918-819089"
    }
  },
  {
    "type": "Feature",
    "geometry": {
       "type": "Point",
       "coordinates":  [ 121.6153739,25.0682158 ]
    },
    "properties": {
    "no":1320,
    "title":"財團法人福智慈善基金會(東湖據點)",
    "county":"台北市",
    "town":"內湖區",
    "address":"臺北市內湖區五分里東湖路106巷6號1樓",
    "tel":"無",
    "mobile":"0933-922709"
    }
  },
  {
    "type": "Feature",
    "geometry": {
       "type": "Point",
       "coordinates":  [ 121.590059,25.0857648 ]
    },
    "properties": {
    "no":1321,
    "title":"臺北市內湖區碧湖社區發展協會",
    "county":"台北市",
    "town":"內湖區",
    "address":"臺北市內湖區金龍里金龍路136-1號2樓",
    "tel":"無",
    "mobile":"02-87926024"
    }
  },
  {
    "type": "Feature",
    "geometry": {
       "type": "Point",
       "coordinates":  [ 121.590059,25.0857648 ]
    },
    "properties": {
    "no":1322,
    "title":"台北市內湖永續發展協會",
    "county":"台北市",
    "town":"內湖區",
    "address":"臺北市內湖區金龍里金龍路136-1號2樓臺北市內湖區金龍里金龍路67巷7號1樓",
    "tel":"無",
    "mobile":"02-27908099"
    }
  },
  {
    "type": "Feature",
    "geometry": {
       "type": "Point",
       "coordinates":  [ 121.6171464,25.0749478 ]
    },
    "properties": {
    "no":1323,
    "title":"臺北市內湖區安泰里社區發展協會",
    "county":"台北市",
    "town":"內湖區",
    "address":"臺北市內湖區安泰里安泰街65巷5號1樓",
    "tel":"無",
    "mobile":"0917-979715"
    }
  },
  {
    "type": "Feature",
    "geometry": {
       "type": "Point",
       "coordinates":  [ 121.596956,25.0675708 ]
    },
    "properties": {
    "no":1324,
    "title":"臺北市內湖區灣仔社區發展協會",
    "county":"台北市",
    "town":"內湖區",
    "address":"臺北市內湖區寶湖里民權東路6段208號 6樓(臺北市網球中心6樓)",
    "tel":"無",
    "mobile":"0961-365688"
    }
  },
  {
    "type": "Feature",
    "geometry": {
       "type": "Point",
       "coordinates":  [ 121.5683655,25.0823089 ]
    },
    "properties": {
    "no":1325,
    "title":"財團法人台灣基督教恩惠福音會",
    "county":"台北市",
    "town":"內湖區",
    "address":"臺北市內湖區港墘里內湖路1段608號",
    "tel":"無",
    "mobile":"02-27971000"
    }
  },
  {
    "type": "Feature",
    "geometry": {
       "type": "Point",
       "coordinates":  [ 121.5670711,25.083938 ]
    },
    "properties": {
    "no":1326,
    "title":"財團法人基督教救世軍(內湖隊)",
    "county":"台北市",
    "town":"內湖區",
    "address":"臺北市內湖區西湖里內湖路1段285巷63弄7號",
    "tel":"無",
    "mobile":"02-27990098"
    }
  },
  {
    "type": "Feature",
    "geometry": {
       "type": "Point",
       "coordinates":  [ 121.6017634,25.0860641 ]
    },
    "properties": {
    "no":1327,
    "title":"臺北市內湖區大湖里辦公處",
    "county":"台北市",
    "town":"內湖區",
    "address":"臺北市內湖區大湖里大湖山莊街117號4樓",
    "tel":"無",
    "mobile":"0939-020275"
    }
  },
  {
    "type": "Feature",
    "geometry": {
       "type": "Point",
       "coordinates":  [ 121.5965738,25.0668288 ]
    },
    "properties": {
    "no":1328,
    "title":"臺北市內湖社區安全與健康協進會",
    "county":"台北市",
    "town":"內湖區",
    "address":"臺北市內湖區寶湖里民權東路6段208號",
    "tel":"無",
    "mobile":"02-27934447"
    }
  },
  {
    "type": "Feature",
    "geometry": {
       "type": "Point",
       "coordinates":  [ 121.5905378,25.0603327 ]
    },
    "properties": {
    "no":1329,
    "title":"社團法人社區大學全國促進會",
    "county":"台北市",
    "town":"內湖區",
    "address":"臺北市內湖區石潭里新明路22號純美樓 3樓",
    "tel":"無",
    "mobile":"02-66050919"
    }
  },
  {
    "type": "Feature",
    "geometry": {
       "type": "Point",
       "coordinates":  [ 121.6103023,25.0716741 ]
    },
    "properties": {
    "no":1330,
    "title":"社團法人中華民國士林靈糧堂社會福利協會",
    "county":"台北市",
    "town":"內湖區",
    "address":"臺北市內湖區明湖里1鄰康寧路3段99巷 6弄12號1樓",
    "tel":"無",
    "mobile":"02-26335990"
    }
  },
  {
    "type": "Feature",
    "geometry": {
       "type": "Point",
       "coordinates":  [ 121.6095569,25.0754813 ]
    },
    "properties": {
    "no":1331,
    "title":"康寧學校財團法人康寧大學",
    "county":"台北市",
    "town":"內湖區",
    "address":"臺北市內湖區金湖里康寧路3段75巷137號",
    "tel":"無",
    "mobile":"02-26321181"
    }
  },
  {
    "type": "Feature",
    "geometry": {
       "type": "Point",
       "coordinates":  [ 121.5626204,24.9840629 ]
    },
    "properties": {
    "no":1332,
    "title":"台北市文山區順興社區發展協會",
    "county":"台北市",
    "town":"文山區",
    "address":"臺北市文山區順興里興隆路4段165巷12號1.2樓&忠順區民活動中心(忠順街2段 22號2樓)",
    "tel":"無",
    "mobile":"02-29395932"
    }
  },
  {
    "type": "Feature",
    "geometry": {
       "type": "Point",
       "coordinates":  [ 121.576501,24.988685 ]
    },
    "properties": {
    "no":1333,
    "title":"臺北市文山區老人服務中心(財團法人恆安社會福利慈善事業基金會)",
    "county":"台北市",
    "town":"文山區",
    "address":"臺北市文山區萬興里萬壽路27號6樓",
    "tel":"無",
    "mobile":"02-22344893"
    }
  },
  {
    "type": "Feature",
    "geometry": {
       "type": "Point",
       "coordinates":  [ 121.5443476,24.9976063 ]
    },
    "properties": {
    "no":1334,
    "title":"台灣迦美福音傳播協會",
    "county":"台北市",
    "town":"文山區",
    "address":"臺北市文山區景華里三福街74巷2號1樓",
    "tel":"無",
    "mobile":"02-29348952"
    }
  },
  {
    "type": "Feature",
    "geometry": {
       "type": "Point",
       "coordinates":  [ 121.5513837,25.0022154 ]
    },
    "properties": {
    "no":1335,
    "title":"臺北市文山區興旺社區發展協會",
    "county":"台北市",
    "town":"文山區",
    "address":"臺北市文山區興旺里福興路5號",
    "tel":"無",
    "mobile":"0936-048808"
    }
  },
  {
    "type": "Feature",
    "geometry": {
       "type": "Point",
       "coordinates":  [ 121.5640793,24.9842783 ]
    },
    "properties": {
    "no":1336,
    "title":"臺北市文山區順興里辦公處",
    "county":"台北市",
    "town":"文山區",
    "address":"臺北市文山區順興里興隆路4段165巷50號1樓及保儀路138巷26-28號(司法新 村)、木柵忠順廟",
    "tel":"無",
    "mobile":"0934-143675"
    }
  },
  {
    "type": "Feature",
    "geometry": {
       "type": "Point",
       "coordinates":  [ 121.5754088,24.9895496 ]
    },
    "properties": {
    "no":1337,
    "title":"財團法人台北市活石基督徒團契",
    "county":"台北市",
    "town":"文山區",
    "address":"臺北市文山區萬興里指南路2段45巷24弄17號",
    "tel":"無",
    "mobile":"02-29399784"
    }
  },
  {
    "type": "Feature",
    "geometry": {
       "type": "Point",
       "coordinates":  [ 121.5575135,24.9815419 ]
    },
    "properties": {
    "no":1338,
    "title":"台北市文山區樟林社區發展協會",
    "county":"台北市",
    "town":"文山區",
    "address":"臺北市文山區樟文里木新路3段310巷4號2樓之1",
    "tel":"無",
    "mobile":"02-29369071"
    }
  },
  {
    "type": "Feature",
    "geometry": {
       "type": "Point",
       "coordinates":  [ 121.5629351,24.9881877 ]
    },
    "properties": {
    "no":1339,
    "title":"中華民國紅心字會(興隆)",
    "county":"台北市",
    "town":"文山區",
    "address":"臺北市文山區明義里興隆路4段105巷47號1樓",
    "tel":"無",
    "mobile":"02-2367119"
    }
  },
  {
    "type": "Feature",
    "geometry": {
       "type": "Point",
       "coordinates":  [ 121.5359126,24.9958088 ]
    },
    "properties": {
    "no":1340,
    "title":"台北市文山區景慶社區發展協會",
    "county":"台北市",
    "town":"文山區",
    "address":"臺北市文山區景慶里景福街126號， 羅斯福路6段393號6.8樓",
    "tel":"無",
    "mobile":"0922-313747"
    }
  },
  {
    "type": "Feature",
    "geometry": {
       "type": "Point",
       "coordinates":  [ 121.540284,24.9922808 ]
    },
    "properties": {
    "no":1341,
    "title":"台北市梘尾關懷互助協會",
    "county":"台北市",
    "town":"文山區",
    "address":"臺北市文山區景慶里萬慶街6號",
    "tel":"無",
    "mobile":"02-89351788"
    }
  },
  {
    "type": "Feature",
    "geometry": {
       "type": "Point",
       "coordinates":  [ 121.5702677,24.9874482 ]
    },
    "properties": {
    "no":1342,
    "title":"財團法人利伯他茲教育基金會",
    "county":"台北市",
    "town":"文山區",
    "address":"臺北市文山區木新里永安街1號",
    "tel":"無",
    "mobile":"02-29394359"
    }
  },
  {
    "type": "Feature",
    "geometry": {
       "type": "Point",
       "coordinates":  [ 121.5662678,25.0011361 ]
    },
    "properties": {
    "no":1343,
    "title":"社團法人台北市基督教萬芳浸信會",
    "county":"台北市",
    "town":"文山區",
    "address":"臺北市文山區萬芳里萬美街1段19巷5號",
    "tel":"無",
    "mobile":"02-22303518"
    }
  },
  {
    "type": "Feature",
    "geometry": {
       "type": "Point",
       "coordinates":  [ 121.5697605,24.9891607 ]
    },
    "properties": {
    "no":1344,
    "title":"財團法人台北市松年長春社會福利基金會(開元)",
    "county":"台北市",
    "town":"文山區",
    "address":"臺北市文山區木新里開元街25,27號",
    "tel":"無",
    "mobile":"02-25000206"
    }
  },
  {
    "type": "Feature",
    "geometry": {
       "type": "Point",
       "coordinates":  [ 121.5734331,24.9884429 ]
    },
    "properties": {
    "no":1345,
    "title":"台灣美滿家庭社區服務協會",
    "county":"台北市",
    "town":"文山區",
    "address":"臺北市文山區萬興里指南路2段11號",
    "tel":"無",
    "mobile":"02-29390544"
    }
  },
  {
    "type": "Feature",
    "geometry": {
       "type": "Point",
       "coordinates":  [ 121.5480853,25.0012313 ]
    },
    "properties": {
    "no":1346,
    "title":"台北市文山區德芳社區發展協會",
    "county":"台北市",
    "town":"文山區",
    "address":"臺北市文山區興邦里興隆路2段153巷6弄5號1樓\n臺北市文山區興隆路2段97號4樓",
    "tel":"無",
    "mobile":"0952-858586"
    }
  },
  {
    "type": "Feature",
    "geometry": {
       "type": "Point",
       "coordinates":  [ 121.5361621,25.0019051 ]
    },
    "properties": {
    "no":1347,
    "title":"台北市文山區萬和社區發展協會",
    "county":"台北市",
    "town":"文山區",
    "address":"臺北市文山區萬和里汀州路4段251、 253號1樓、萬福區民活動中心",
    "tel":"無",
    "mobile":"02-89310117"
    }
  },
  {
    "type": "Feature",
    "geometry": {
       "type": "Point",
       "coordinates":  [ 121.5620053,24.9852731 ]
    },
    "properties": {
    "no":1348,
    "title":"臺北市文山區忠順社區發展協會",
    "county":"台北市",
    "town":"文山區",
    "address":"臺北市文山區忠順里興隆路4段145巷9弄3號\n臺北市文山區興隆路4段145巷30號",
    "tel":"無",
    "mobile":"02-29399569"
    }
  },
  {
    "type": "Feature",
    "geometry": {
       "type": "Point",
       "coordinates":  [ 121.5564657,24.9796917 ]
    },
    "properties": {
    "no":1349,
    "title":"臺北市文山區樟新社區發展協會",
    "county":"台北市",
    "town":"文山區",
    "address":"臺北市文山區樟新里一壽街22號9樓教室2",
    "tel":"無",
    "mobile":"02-29376288"
    }
  },
  {
    "type": "Feature",
    "geometry": {
       "type": "Point",
       "coordinates":  [ 121.5520065,24.9996658 ]
    },
    "properties": {
    "no":1350,
    "title":"社團法人中華民國沐光家園癌友關懷協會",
    "county":"台北市",
    "town":"文山區",
    "address":"臺北市文山區興業里興隆路2段220巷 51-1號",
    "tel":"無",
    "mobile":"02-29305747"
    }
  },
  {
    "type": "Feature",
    "geometry": {
       "type": "Point",
       "coordinates":  [ 121.5465808,24.9963223 ]
    },
    "properties": {
    "no":1351,
    "title":"社團法人台灣喜樂家族協會(靜心)",
    "county":"台北市",
    "town":"文山區",
    "address":"臺北市文山區興福里景華街121巷7弄2號",
    "tel":"無",
    "mobile":"0955-004491"
    }
  },
  {
    "type": "Feature",
    "geometry": {
       "type": "Point",
       "coordinates":  [ 121.5662228,24.9837447 ]
    },
    "properties": {
    "no":1352,
    "title":"臺北市文山區華興里辦公處",
    "county":"台北市",
    "town":"文山區",
    "address":"臺北市文山區華興里木柵路1段177號3樓之1\n臺北市文山區木柵路1段264號",
    "tel":"無",
    "mobile":"02-29361780"
    }
  },
  {
    "type": "Feature",
    "geometry": {
       "type": "Point",
       "coordinates":  [ 121.5802253,24.9857068 ]
    },
    "properties": {
    "no":1353,
    "title":"家禾認知社區關懷協會",
    "county":"台北市",
    "town":"文山區",
    "address":"臺北市文山區政大里政大1街3號1樓",
    "tel":"無",
    "mobile":"0928-591139"
    }
  },
  {
    "type": "Feature",
    "geometry": {
       "type": "Point",
       "coordinates":  [ 121.5392681,24.9993672 ]
    },
    "properties": {
    "no":1354,
    "title":"臺北市文山區景人社區發展協會",
    "county":"台北市",
    "town":"文山區",
    "address":"臺北市文山區景仁里景福街5號1樓",
    "tel":"無",
    "mobile":"0937-939606"
    }
  },
  {
    "type": "Feature",
    "geometry": {
       "type": "Point",
       "coordinates":  [ 121.562851,24.990145 ]
    },
    "properties": {
    "no":1355,
    "title":"社團法人台北市文山區明興社區發展協會",
    "county":"台北市",
    "town":"文山區",
    "address":"臺北市文山區明興里木柵路2段109巷25弄6號\n臺北市文山區明興里興隆路4段61號",
    "tel":"無",
    "mobile":"02-22340391"
    }
  },
  {
    "type": "Feature",
    "geometry": {
       "type": "Point",
       "coordinates":  [ 121.5427611,24.9952774 ]
    },
    "properties": {
    "no":1356,
    "title":"財團法人臺北市松年長春社會福利基金會(景華)",
    "county":"台北市",
    "town":"文山區",
    "address":"臺北市文山區景華里景華街49巷1號",
    "tel":"無",
    "mobile":"02-89311230"
    }
  },
  {
    "type": "Feature",
    "geometry": {
       "type": "Point",
       "coordinates":  [ 121.5391666,25.0041559 ]
    },
    "properties": {
    "no":1357,
    "title":"臺北市文山區萬盛里辦公處",
    "county":"台北市",
    "town":"文山區",
    "address":"臺北市文山區萬盛里興隆路1段15號3樓 (臺北花木批發市場)",
    "tel":"無",
    "mobile":"02-29343389"
    }
  },
  {
    "type": "Feature",
    "geometry": {
       "type": "Point",
       "coordinates":  [ 121.5467867,24.996212 ]
    },
    "properties": {
    "no":1358,
    "title":"臺北市文山區興福里辦公處",
    "county":"台北市",
    "town":"文山區",
    "address":"臺北市文山區興福里景華街121巷7弄1號",
    "tel":"無",
    "mobile":"02-29322888"
    }
  },
  {
    "type": "Feature",
    "geometry": {
       "type": "Point",
       "coordinates":  [ 121.509483,25.1190201 ]
    },
    "properties": {
    "no":1359,
    "title":"社團法人台灣守護有祢生命關懷協會(守護八禱小站)",
    "county":"台北市",
    "town":"北投區",
    "address":"臺北市北投區立農里吉利街231號1樓",
    "tel":"無",
    "mobile":"02-28942293"
    }
  },
  {
    "type": "Feature",
    "geometry": {
       "type": "Point",
       "coordinates":  [ 121.4972756,25.1372379 ]
    },
    "properties": {
    "no":1360,
    "title":"臺北市北投區硫磺谷社區發展協會",
    "county":"台北市",
    "town":"北投區",
    "address":"臺北市北投區文化里文化三路4、5樓",
    "tel":"無",
    "mobile":"0910-412056"
    }
  },
  {
    "type": "Feature",
    "geometry": {
       "type": "Point",
       "coordinates":  [ 121.517891,25.109843 ]
    },
    "properties": {
    "no":1361,
    "title":"臺北市北投區我愛石牌社區發展協會",
    "county":"台北市",
    "town":"北投區",
    "address":"臺北市北投區石牌里建民路116巷13 號",
    "tel":"無",
    "mobile":"02-28201369"
    }
  },
  {
    "type": "Feature",
    "geometry": {
       "type": "Point",
       "coordinates":  [ 121.5114263,25.1149658 ]
    },
    "properties": {
    "no":1362,
    "title":"臺北市北投區吉慶社區發展協會",
    "county":"台北市",
    "town":"北投區",
    "address":"臺北市北投區吉慶里致遠二路61巷2-2號",
    "tel":"無",
    "mobile":"02-28282002"
    }
  },
  {
    "type": "Feature",
    "geometry": {
       "type": "Point",
       "coordinates":  [ 121.5021377,25.1373166 ]
    },
    "properties": {
    "no":1363,
    "title":"社團法人中華仁親社區關懷協會 (北投好厝邊)",
    "county":"台北市",
    "town":"北投區",
    "address":"臺北市北投區中心里大業路721號1樓",
    "tel":"無",
    "mobile":"02-28914149"
    }
  },
  {
    "type": "Feature",
    "geometry": {
       "type": "Point",
       "coordinates":  [ 121.5209719,25.1115653 ]
    },
    "properties": {
    "no":1364,
    "title":"社團法人台灣愛喜樂關懷協會",
    "county":"台北市",
    "town":"北投區",
    "address":"臺北市北投區裕民里明德路161號1樓",
    "tel":"無",
    "mobile":"02-28224466"
    }
  },
  {
    "type": "Feature",
    "geometry": {
       "type": "Point",
       "coordinates":  [ 121.517753,25.1152229 ]
    },
    "properties": {
    "no":1365,
    "title":"臺北市北投區振華社區發展協會",
    "county":"台北市",
    "town":"北投區",
    "address":"臺北市北投區振華里裕民一路40巷37號 1樓",
    "tel":"無",
    "mobile":"02-28236110"
    }
  },
  {
    "type": "Feature",
    "geometry": {
       "type": "Point",
       "coordinates":  [ 121.4893527,25.1408385 ]
    },
    "properties": {
    "no":1366,
    "title":"社團法人台灣守護有祢生命關懷協會(守護復興崗小站)",
    "county":"台北市",
    "town":"北投區",
    "address":"臺北市北投區稻香里稻香路81號6樓(第一及二教室)",
    "tel":"無",
    "mobile":"02-28942293"
    }
  },
  {
    "type": "Feature",
    "geometry": {
       "type": "Point",
       "coordinates":  [ 121.510814,25.1133685 ]
    },
    "properties": {
    "no":1367,
    "title":"台北市北投區榮光社區發展協會",
    "county":"台北市",
    "town":"北投區",
    "address":"臺北市北投區榮光里石牌路1段166巷43弄15號",
    "tel":"無",
    "mobile":"02-28231593"
    }
  },
  {
    "type": "Feature",
    "geometry": {
       "type": "Point",
       "coordinates":  [ 121.5055735,25.1177274 ]
    },
    "properties": {
    "no":1368,
    "title":"臺北市北投區立群社區發展協會",
    "county":"台北市",
    "town":"北投區",
    "address":"臺北市北投區立賢里尊賢街251巷18號1樓 (里民活動場所)",
    "tel":"無",
    "mobile":"02-28225613"
    }
  },
  {
    "type": "Feature",
    "geometry": {
       "type": "Point",
       "coordinates":  [ 121.5279581,25.1262348 ]
    },
    "properties": {
    "no":1369,
    "title":"臺北市北投區幸福永和社區發展協會",
    "county":"台北市",
    "town":"北投區",
    "address":"臺北市北投區永和里行義路63號",
    "tel":"無",
    "mobile":"02-28753298"
    }
  },
  {
    "type": "Feature",
    "geometry": {
       "type": "Point",
       "coordinates":  [ 121.510814,25.1133685 ]
    },
    "properties": {
    "no":1370,
    "title":"社團法人國際奔享體驗教育發展協會(吉利真光)",
    "county":"台北市",
    "town":"北投區",
    "address":"臺北市北投區吉利里石牌路1段39巷80弄41號1樓",
    "tel":"無",
    "mobile":"02-28288884"
    }
  },
  {
    "type": "Feature",
    "geometry": {
       "type": "Point",
       "coordinates":  [ 121.475307,25.1328975 ]
    },
    "properties": {
    "no":1371,
    "title":"台北市石牌長青會",
    "county":"台北市",
    "town":"北投區",
    "address":"臺北市北投區長安里中央北路1段12號3樓及4樓",
    "tel":"無",
    "mobile":"02-28913812"
    }
  },
  {
    "type": "Feature",
    "geometry": {
       "type": "Point",
       "coordinates":  [ 121.5220992,25.1149841 ]
    },
    "properties": {
    "no":1372,
    "title":"台北市石牌全人關懷協會",
    "county":"台北市",
    "town":"北投區",
    "address":"臺北市北投區榮華里明德路283號",
    "tel":"無",
    "mobile":"02-28262602#11"
    }
  },
  {
    "type": "Feature",
    "geometry": {
       "type": "Point",
       "coordinates":  [ 121.504925,25.134963 ]
    },
    "properties": {
    "no":1373,
    "title":"社團法人台灣多元社會福利協會 (溫馨園)",
    "county":"台北市",
    "town":"北投區",
    "address":"臺北市北投區溫泉里溫泉路68-10號",
    "tel":"無",
    "mobile":"02-28927001"
    }
  },
  {
    "type": "Feature",
    "geometry": {
       "type": "Point",
       "coordinates":  [ 121.4683428,25.1208389 ]
    },
    "properties": {
    "no":1374,
    "title":"社團法人台灣喜樂家族協會(關渡據點）",
    "county":"台北市",
    "town":"北投區",
    "address":"臺北市北投區關渡里知行路260巷26號",
    "tel":"無",
    "mobile":"0975-661071"
    }
  },
  {
    "type": "Feature",
    "geometry": {
       "type": "Point",
       "coordinates":  [ 121.5090043,25.1377417 ]
    },
    "properties": {
    "no":1375,
    "title":"財團法人台北市北投文化基金會",
    "county":"台北市",
    "town":"北投區",
    "address":"臺北市北投區林泉里中山路5-12號(據點設於北投社區大學內，同為新民國中後門地址)",
    "tel":"無",
    "mobile":"02-28917453"
    }
  },
  {
    "type": "Feature",
    "geometry": {
       "type": "Point",
       "coordinates":  [ 121.5162782,25.1103163 ]
    },
    "properties": {
    "no":1376,
    "title":"臺北市北投區新石牌社區發展協會",
    "county":"台北市",
    "town":"北投區",
    "address":"臺北市北投區石牌里自強街120巷15弄8號",
    "tel":"無",
    "mobile":"02-28236699"
    }
  },
  {
    "type": "Feature",
    "geometry": {
       "type": "Point",
       "coordinates":  [ 121.5019305,25.1275781 ]
    },
    "properties": {
    "no":1377,
    "title":"臺北市北投區清江社區發展協會",
    "county":"台北市",
    "town":"北投區",
    "address":"臺北市北投區清江里清江路201號",
    "tel":"無",
    "mobile":"02-28922543"
    }
  },
  {
    "type": "Feature",
    "geometry": {
       "type": "Point",
       "coordinates":  [ 121.528045,25.129609 ]
    },
    "properties": {
    "no":1378,
    "title":"臺北市北投區永和社區發展協會",
    "county":"台北市",
    "town":"北投區",
    "address":"臺北市北投區永和里行義路138-1號1樓",
    "tel":"無",
    "mobile":"02-28765741"
    }
  },
  {
    "type": "Feature",
    "geometry": {
       "type": "Point",
       "coordinates":  [ 121.5124209,25.1104864 ]
    },
    "properties": {
    "no":1379,
    "title":"台北市北投區福興社區發展協會",
    "county":"台北市",
    "town":"北投區",
    "address":"臺北市北投區福興里自強街5巷22號",
    "tel":"無",
    "mobile":"0955-404968"
    }
  },
  {
    "type": "Feature",
    "geometry": {
       "type": "Point",
       "coordinates":  [ 121.5050066,25.1001001 ]
    },
    "properties": {
    "no":1380,
    "title":"社團法人中華健康美好生活協會 (洲美)",
    "county":"台北市",
    "town":"北投區",
    "address":"臺北市北投區洲美里福美路207號、209號1樓",
    "tel":"無",
    "mobile":"0910-302055"
    }
  },
  {
    "type": "Feature",
    "geometry": {
       "type": "Point",
       "coordinates":  [ 121.4893527,25.1408385 ]
    },
    "properties": {
    "no":1381,
    "title":"社團法人國際奔享體驗教育發展協會(稻香真光)",
    "county":"台北市",
    "town":"北投區",
    "address":"臺北市北投區稻香路81號",
    "tel":"無",
    "mobile":"02-28288884"
    }
  },
  {
    "type": "Feature",
    "geometry": {
       "type": "Point",
       "coordinates":  [ 121.5201719,25.1115098 ]
    },
    "properties": {
    "no":1382,
    "title":"臺北市北投區裕民里辦公處",
    "county":"台北市",
    "town":"北投區",
    "address":"臺北市北投區裕民里懷德街14巷17號",
    "tel":"無",
    "mobile":"0910-302055"
    }
  },
  {
    "type": "Feature",
    "geometry": {
       "type": "Point",
       "coordinates":  [ 121.507691,25.1181539 ]
    },
    "properties": {
    "no":1383,
    "title":"社團法人台北市北投區尊賢社區發展協會",
    "county":"台北市",
    "town":"北投區",
    "address":"臺北市北投區尊賢里尊賢街302巷19號1樓",
    "tel":"無",
    "mobile":"02-28270945"
    }
  },
  {
    "type": "Feature",
    "geometry": {
       "type": "Point",
       "coordinates":  [ 121.5562437,25.0475635 ]
    },
    "properties": {
    "no":1384,
    "title":"臺北市松山區建源社區發展協會",
    "county":"台北市",
    "town":"松山區",
    "address":"臺北市松山區復建里八德路3段158巷7弄47號",
    "tel":"無",
    "mobile":"02-25791689"
    }
  },
  {
    "type": "Feature",
    "geometry": {
       "type": "Point",
       "coordinates":  [ 121.5557307,25.0489529 ]
    },
    "properties": {
    "no":1385,
    "title":"財團法人伊甸社會福利基金會",
    "county":"台北市",
    "town":"松山區",
    "address":"臺北市松山區復勢里八德路3段155巷4弄35號1樓",
    "tel":"無",
    "mobile":"02-25702560"
    }
  },
  {
    "type": "Feature",
    "geometry": {
       "type": "Point",
       "coordinates":  [ 121.5546859,25.0513931 ]
    },
    "properties": {
    "no":1386,
    "title":"社團法人台北市向日葵慈善協會",
    "county":"台北市",
    "town":"松山區",
    "address":"臺北市松山區東勢里南京東路4段133巷 7弄9號1樓",
    "tel":"無",
    "mobile":"02-87706501"
    }
  },
  {
    "type": "Feature",
    "geometry": {
       "type": "Point",
       "coordinates":  [ 121.5720034,25.0496853 ]
    },
    "properties": {
    "no":1387,
    "title":"臺北市松山區慈祐里辦公處",
    "county":"台北市",
    "town":"松山區",
    "address":"臺北市松山區慈祐里八德路4段580號1樓",
    "tel":"無",
    "mobile":"0988-587216"
    }
  },
  {
    "type": "Feature",
    "geometry": {
       "type": "Point",
       "coordinates":  [ 121.5576923,25.0508432 ]
    },
    "properties": {
    "no":1388,
    "title":"財團法人雙福社會福利慈善事業基金會(蒙恩)",
    "county":"台北市",
    "town":"松山區",
    "address":"臺北市松山區復勢里光復北路112號8樓",
    "tel":"無",
    "mobile":"02-23922993"
    }
  },
  {
    "type": "Feature",
    "geometry": {
       "type": "Point",
       "coordinates":  [ 121.5624655,25.0551954 ]
    },
    "properties": {
    "no":1389,
    "title":"社團法人中國老人教育協會",
    "county":"台北市",
    "town":"松山區",
    "address":"臺北市松山區自強里三民路35巷9號",
    "tel":"無",
    "mobile":"02-27565010"
    }
  },
  {
    "type": "Feature",
    "geometry": {
       "type": "Point",
       "coordinates":  [ 121.5584521,25.0597046 ]
    },
    "properties": {
    "no":1390,
    "title":"社團法人台北市二村基石關懷協會",
    "county":"台北市",
    "town":"松山區",
    "address":"臺北市松山區東榮里民生東路5段69巷2弄10、12號",
    "tel":"無",
    "mobile":"02-27632002"
    }
  },
  {
    "type": "Feature",
    "geometry": {
       "type": "Point",
       "coordinates":  [ 121.5574266,25.0518277 ]
    },
    "properties": {
    "no":1391,
    "title":"世界潘氏宗親總會",
    "county":"台北市",
    "town":"松山區",
    "address":"臺北市松山區東光里南京東路5段29號3樓",
    "tel":"無",
    "mobile":"02-27678497"
    }
  },
  {
    "type": "Feature",
    "geometry": {
       "type": "Point",
       "coordinates":  [ 121.5661322,25.0638126 ]
    },
    "properties": {
    "no":1392,
    "title":"社團法人愛樂福關懷文創發展協會",
    "county":"台北市",
    "town":"松山區",
    "address":"臺北市松山區莊敬里撫遠街367巷4號",
    "tel":"無",
    "mobile":"02-27649475"
    }
  },
  {
    "type": "Feature",
    "geometry": {
       "type": "Point",
       "coordinates":  [ 121.5675772,25.0541612 ]
    },
    "properties": {
    "no":1393,
    "title":"財團法人中華基督教衛理公會恩友堂",
    "county":"台北市",
    "town":"松山區",
    "address":"臺北市松山區安平里寶清街123號",
    "tel":"無",
    "mobile":"02-27670760"
    }
  },
  {
    "type": "Feature",
    "geometry": {
       "type": "Point",
       "coordinates":  [ 121.5546859,25.0513931 ]
    },
    "properties": {
    "no":1394,
    "title":"社團法人台北市光鹽關懷發展協會",
    "county":"台北市",
    "town":"松山區",
    "address":"臺北市松山區東勢里南京東路4段107號 12樓",
    "tel":"無",
    "mobile":"02-27123242"
    }
  },
  {
    "type": "Feature",
    "geometry": {
       "type": "Point",
       "coordinates":  [ 121.5624655,25.0551954 ]
    },
    "properties": {
    "no":1395,
    "title":"社團法人台北市長期照護發展協會",
    "county":"台北市",
    "town":"松山區",
    "address":"臺北市松山區自強里三民路35巷9號1樓",
    "tel":"無",
    "mobile":"02-27420058"
    }
  },
  {
    "type": "Feature",
    "geometry": {
       "type": "Point",
       "coordinates":  [ 121.5546859,25.0513931 ]
    },
    "properties": {
    "no":1396,
    "title":"臺北市松山區東勢里辦公處",
    "county":"台北市",
    "town":"松山區",
    "address":"臺北市松山區東勢里南京東路4段133巷 8弄7號、17號",
    "tel":"無",
    "mobile":"02-27170369"
    }
  },
  {
    "type": "Feature",
    "geometry": {
       "type": "Point",
       "coordinates":  [ 121.5574266,25.0518277 ]
    },
    "properties": {
    "no":1397,
    "title":"財團法人中華民國佛教慈濟慈善事業基金會(松山聯絡處)",
    "county":"台北市",
    "town":"松山區",
    "address":"臺北市松山區吉祥里南京東路5段188號 16樓",
    "tel":"無",
    "mobile":"0937-903855"
    }
  },
  {
    "type": "Feature",
    "geometry": {
       "type": "Point",
       "coordinates":  [ 121.547877,25.047036 ]
    },
    "properties": {
    "no":1398,
    "title":"財團法人臺安基金會(基督復臨安息日會松山教會)",
    "county":"台北市",
    "town":"松山區",
    "address":"臺北市松山區福成里敦化南路1段78號",
    "tel":"無",
    "mobile":"02-27716823"
    }
  },
  {
    "type": "Feature",
    "geometry": {
       "type": "Point",
       "coordinates":  [ 121.5524318,25.0496452 ]
    },
    "properties": {
    "no":1399,
    "title":"臺北市體適能指導工作人員職業工會",
    "county":"台北市",
    "town":"松山區",
    "address":"臺北市松山區美仁里敦化北路3號",
    "tel":"無",
    "mobile":"0985-985586"
    }
  },
  {
    "type": "Feature",
    "geometry": {
       "type": "Point",
       "coordinates":  [ 121.5274187,25.0483776 ]
    },
    "properties": {
    "no":1400,
    "title":"臺北市松山區中正里辦公處",
    "county":"台北市",
    "town":"松山區",
    "address":"臺北市松山區中正里長安東路2段229號 12樓",
    "tel":"無",
    "mobile":"02-27717533"
    }
  },
  {
    "type": "Feature",
    "geometry": {
       "type": "Point",
       "coordinates":  [ 121.5676076,25.0531716 ]
    },
    "properties": {
    "no":1401,
    "title":"社團法人台北市銀髮族協會(松山)",
    "county":"台北市",
    "town":"松山區",
    "address":"臺北市松山區安平里寶清街42號2樓",
    "tel":"無",
    "mobile":"02-87806411"
    }
  },
  {
    "type": "Feature",
    "geometry": {
       "type": "Point",
       "coordinates":  [ 121.5676076,25.0531716 ]
    },
    "properties": {
    "no":1402,
    "title":"臺北市松山區安平社區發展協會",
    "county":"台北市",
    "town":"松山區",
    "address":"臺北市松山區安平里寶清街42號2樓",
    "tel":"無",
    "mobile":"02-27636898"
    }
  },
  {
    "type": "Feature",
    "geometry": {
       "type": "Point",
       "coordinates":  [ 121.563667,25.0606379 ]
    },
    "properties": {
    "no":1403,
    "title":"中華樂活推廣協會",
    "county":"台北市",
    "town":"松山區",
    "address":"臺北市松山區三民路136巷3號",
    "tel":"無",
    "mobile":"0937-073980"
    }
  },
  {
    "type": "Feature",
    "geometry": {
       "type": "Point",
       "coordinates":  [ 121.573946,25.0506047 ]
    },
    "properties": {
    "no":1404,
    "title":"財團法人臺北市松年長春社會福利基金會（松山）",
    "county":"台北市",
    "town":"松山區",
    "address":"臺北市松山區慈祐里饒河街105號",
    "tel":"無",
    "mobile":"0983-180401"
    }
  },
  {
    "type": "Feature",
    "geometry": {
       "type": "Point",
       "coordinates":  [ 121.5574079,25.0501986 ]
    },
    "properties": {
    "no":1405,
    "title":"財團法人台北市私立永年社會福利慈善基金會",
    "county":"台北市",
    "town":"松山區",
    "address":"臺北市松山區復勢里光復北路80巷1號1樓",
    "tel":"無",
    "mobile":"02-25773533"
    }
  },
  {
    "type": "Feature",
    "geometry": {
       "type": "Point",
       "coordinates":  [ 121.544483,25.0639844 ]
    },
    "properties": {
    "no":1406,
    "title":"財團法人弘道老人福利基金會(松山)",
    "county":"台北市",
    "town":"松山區",
    "address":"臺北市松山區民福里復興北路451號1樓",
    "tel":"無",
    "mobile":"02-66131314"
    }
  },
  {
    "type": "Feature",
    "geometry": {
       "type": "Point",
       "coordinates":  [ 121.5694235,25.0284117 ]
    },
    "properties": {
    "no":1407,
    "title":"臺北市信義區三犁里辦公處",
    "county":"台北市",
    "town":"信義區",
    "address":"臺北市信義區三犁里信義路5段150巷14弄6號1樓",
    "tel":"無",
    "mobile":"0911-822428"
    }
  },
  {
    "type": "Feature",
    "geometry": {
       "type": "Point",
       "coordinates":  [ 121.5835872,25.0391641 ]
    },
    "properties": {
    "no":1408,
    "title":"社團法人台灣厝邊有愛關懷協會 (中坡教會)",
    "county":"台北市",
    "town":"信義區",
    "address":"臺北市信義區中坡里大道路127-1號",
    "tel":"無",
    "mobile":"02-27260320"
    }
  },
  {
    "type": "Feature",
    "geometry": {
       "type": "Point",
       "coordinates":  [ 121.566819,25.0405415 ]
    },
    "properties": {
    "no":1409,
    "title":"臺北市信義松光里辦公處",
    "county":"台北市",
    "town":"信義區",
    "address":"臺北市信義區松光里忠孝東路5段492巷 32號",
    "tel":"無",
    "mobile":"02-27278925"
    }
  },
  {
    "type": "Feature",
    "geometry": {
       "type": "Point",
       "coordinates":  [ 121.5648277,25.0270495 ]
    },
    "properties": {
    "no":1410,
    "title":"財團法人台北市基督教全人福利事業基金會(吳興教會)",
    "county":"台北市",
    "town":"信義區",
    "address":"臺北市信義區三張里吳興街269巷18弄8號",
    "tel":"無",
    "mobile":"02-27589796"
    }
  },
  {
    "type": "Feature",
    "geometry": {
       "type": "Point",
       "coordinates":  [ 121.5768521,25.0394434 ]
    },
    "properties": {
    "no":1411,
    "title":"社團法人台灣厝邊有愛關懷協會 (永吉教會)",
    "county":"台北市",
    "town":"信義區",
    "address":"臺北市信義區廣居里虎林街155、157、 159號",
    "tel":"無",
    "mobile":"02-27238578"
    }
  },
  {
    "type": "Feature",
    "geometry": {
       "type": "Point",
       "coordinates":  [ 121.5653136,25.0419415 ]
    },
    "properties": {
    "no":1412,
    "title":"財團法人中華民國大同老人福利基金會",
    "county":"台北市",
    "town":"信義區",
    "address":"臺北市信義區興雅里基隆路1段155號3樓之6-9",
    "tel":"無",
    "mobile":"02-27670563"
    }
  },
  {
    "type": "Feature",
    "geometry": {
       "type": "Point",
       "coordinates":  [ 121.5653136,25.0419415 ]
    },
    "properties": {
    "no":1413,
    "title":"臺北市信義區西村里辦公處",
    "county":"台北市",
    "town":"信義區",
    "address":"臺北市信義區西村里基隆路1段364巷22號",
    "tel":"無",
    "mobile":"02-27586396"
    }
  },
  {
    "type": "Feature",
    "geometry": {
       "type": "Point",
       "coordinates":  [ 121.566819,25.0405415 ]
    },
    "properties": {
    "no":1414,
    "title":"臺北市基督教新榮耀堂福音協進會",
    "county":"台北市",
    "town":"信義區",
    "address":"臺北市信義區大道里忠孝東路5段782號",
    "tel":"無",
    "mobile":"02-27276003"
    }
  },
  {
    "type": "Feature",
    "geometry": {
       "type": "Point",
       "coordinates":  [ 121.5774477,25.0431291 ]
    },
    "properties": {
    "no":1415,
    "title":"臺北市信義區永安社區發展協會",
    "county":"台北市",
    "town":"信義區",
    "address":"臺北市信義區長春里松山路294號4樓",
    "tel":"無",
    "mobile":"0963-763236"
    }
  },
  {
    "type": "Feature",
    "geometry": {
       "type": "Point",
       "coordinates":  [ 121.5593845,25.0333496 ]
    },
    "properties": {
    "no":1416,
    "title":"台北市紅十字會",
    "county":"台北市",
    "town":"信義區",
    "address":"臺北市信義區中興里信義路4段415號5樓之3",
    "tel":"無",
    "mobile":"02-27583009"
    }
  },
  {
    "type": "Feature",
    "geometry": {
       "type": "Point",
       "coordinates":  [ 121.5746124,25.0450599 ]
    },
    "properties": {
    "no":1417,
    "title":"臺北市信義區五全里辦公處",
    "county":"台北市",
    "town":"信義區",
    "address":"臺北市信義區五全里永吉路278巷1弄13號",
    "tel":"無",
    "mobile":"02-27620007"
    }
  },
  {
    "type": "Feature",
    "geometry": {
       "type": "Point",
       "coordinates":  [ 121.5857963,25.039887 ]
    },
    "properties": {
    "no":1418,
    "title":"臺北市信義區中行里辦公處",
    "county":"台北市",
    "town":"信義區",
    "address":"臺北市信義區中行里福德街268巷32號",
    "tel":"無",
    "mobile":"02-27274777"
    }
  },
  {
    "type": "Feature",
    "geometry": {
       "type": "Point",
       "coordinates":  [ 121.5685041,25.0230002 ]
    },
    "properties": {
    "no":1419,
    "title":"臺北市信義區惠安里辦公處",
    "county":"台北市",
    "town":"信義區",
    "address":"臺北市信義區惠安里吳興街506巷21號",
    "tel":"無",
    "mobile":"02-27588650"
    }
  },
  {
    "type": "Feature",
    "geometry": {
       "type": "Point",
       "coordinates":  [ 121.5760432,25.0344075 ]
    },
    "properties": {
    "no":1420,
    "title":"臺北市信義區松友社區發展協會",
    "county":"台北市",
    "town":"信義區",
    "address":"臺北市信義區松友里信義路6段76巷2弄 22號1樓",
    "tel":"無",
    "mobile":"02-23466669"
    }
  },
  {
    "type": "Feature",
    "geometry": {
       "type": "Point",
       "coordinates":  [ 121.5577964,25.033297 ]
    },
    "properties": {
    "no":1421,
    "title":"財團法人台北市中華基督教信義會(復興堂)",
    "county":"台北市",
    "town":"信義區",
    "address":"臺北市信義區中興里信義路4段375號10樓之2",
    "tel":"無",
    "mobile":"02-27200440"
    }
  },
  {
    "type": "Feature",
    "geometry": {
       "type": "Point",
       "coordinates":  [ 121.5854371,25.0370894 ]
    },
    "properties": {
    "no":1422,
    "title":"台北市君賀人本關懷協會",
    "county":"台北市",
    "town":"信義區",
    "address":"臺北市信義區中行里福德街221巷15號\n（瑠公國中）",
    "tel":"無",
    "mobile":"02-23278616"
    }
  },
  {
    "type": "Feature",
    "geometry": {
       "type": "Point",
       "coordinates":  [ 121.5675285,25.0433306 ]
    },
    "properties": {
    "no":1423,
    "title":"中華民國紅心字會(信義)",
    "county":"台北市",
    "town":"信義區",
    "address":"臺北市信義區興雅里松隆路36號4樓",
    "tel":"無",
    "mobile":"02-87870300"
    }
  },
  {
    "type": "Feature",
    "geometry": {
       "type": "Point",
       "coordinates":  [ 121.5631423,25.0242953 ]
    },
    "properties": {
    "no":1424,
    "title":"社團法人臺北市信義區雙和社區發展協會",
    "county":"台北市",
    "town":"信義區",
    "address":"臺北市信義區雙和里吳興街284巷24弄 12號(雙和社區活動中心)",
    "tel":"無",
    "mobile":"02-27381447"
    }
  },
  {
    "type": "Feature",
    "geometry": {
       "type": "Point",
       "coordinates":  [ 121.5571725,25.0260907 ]
    },
    "properties": {
    "no":1425,
    "title":"中華民國老人福利協進會",
    "county":"台北市",
    "town":"信義區",
    "address":"臺北市信義區信安街78-80號2樓",
    "tel":"無",
    "mobile":"02-27382357"
    }
  },
  {
    "type": "Feature",
    "geometry": {
       "type": "Point",
       "coordinates":  [ 121.5786738,25.0482881 ]
    },
    "properties": {
    "no":1426,
    "title":"財團法人中華民國佛教慈濟慈善事業基金會(東區會所)",
    "county":"台北市",
    "town":"信義區",
    "address":"臺北市信義區永吉里松隆路327號",
    "tel":"無",
    "mobile":"0937-903855"
    }
  },
  {
    "type": "Feature",
    "geometry": {
       "type": "Point",
       "coordinates":  [ 121.5761703,25.0358654 ]
    },
    "properties": {
    "no":1427,
    "title":"臺北市信義區安康里辦公處",
    "county":"台北市",
    "town":"信義區",
    "address":"臺北市信義區安康里虎林街232巷55號",
    "tel":"無",
    "mobile":"02-27273989"
    }
  },
  {
    "type": "Feature",
    "geometry": {
       "type": "Point",
       "coordinates":  [ 121.5842752,25.0388254 ]
    },
    "properties": {
    "no":1428,
    "title":"社團法人台北市銀髮族協會(信義)",
    "county":"台北市",
    "town":"信義區",
    "address":"臺北市信義區中坡里中坡南路277號1樓",
    "tel":"無",
    "mobile":"02-87806411"
    }
  },
  {
    "type": "Feature",
    "geometry": {
       "type": "Point",
       "coordinates":  [ 121.5743968,25.0185873 ]
    },
    "properties": {
    "no":1429,
    "title":"臺北市信義區挹翠社區發展協會",
    "county":"台北市",
    "town":"信義區",
    "address":"臺北市信義區六合里紫雲街23號1樓",
    "tel":"無",
    "mobile":"02-27228636"
    }
  },
  {
    "type": "Feature",
    "geometry": {
       "type": "Point",
       "coordinates":  [ 121.5775774,25.0430691 ]
    },
    "properties": {
    "no":1430,
    "title":"臺北市信義區雙春社區發展協會",
    "county":"台北市",
    "town":"信義區",
    "address":"臺北市信義區長春里松山路294號2樓",
    "tel":"無",
    "mobile":"02-27695123"
    }
  },
  {
    "type": "Feature",
    "geometry": {
       "type": "Point",
       "coordinates":  [ 121.55853,25.0357461 ]
    },
    "properties": {
    "no":1431,
    "title":"財團法人雙福社會福利慈善事業基金會 (信義)",
    "county":"台北市",
    "town":"信義區",
    "address":"臺北市信義區正和里光復南路443巷9號\n／光復南路447-44號",
    "tel":"無",
    "mobile":"02-27299580"
    }
  },
  {
    "type": "Feature",
    "geometry": {
       "type": "Point",
       "coordinates":  [ 121.5769411,25.0370782 ]
    },
    "properties": {
    "no":1432,
    "title":"臺北市信義區國業里辦公處",
    "county":"台北市",
    "town":"信義區",
    "address":"臺北市信義區國業里虎林街222巷15號",
    "tel":"無",
    "mobile":"02-27262518"
    }
  },
  {
    "type": "Feature",
    "geometry": {
       "type": "Point",
       "coordinates":  [ 121.5735773,25.0002887 ]
    },
    "properties": {
    "no":1433,
    "title":"臺北醫學大學高齡健康管理學系 (大我新舍)",
    "county":"台北市",
    "town":"信義區",
    "address":"臺北市信義區黎安里和平東路3段599號",
    "tel":"無",
    "mobile":"02-27361661"
    }
  },
  {
    "type": "Feature",
    "geometry": {
       "type": "Point",
       "coordinates":  [ 121.5608387,25.0288592 ]
    },
    "properties": {
    "no":1434,
    "title":"財團法人臺北醫學大學展齡中心 (信義)",
    "county":"台北市",
    "town":"信義區",
    "address":"臺北市信義區景勤里吳興街156巷16弄7號1樓",
    "tel":"無",
    "mobile":"02-27365986"
    }
  },
  {
    "type": "Feature",
    "geometry": {
       "type": "Point",
       "coordinates":  [ 121.5921375,25.039477 ]
    },
    "properties": {
    "no":1435,
    "title":"臺北市南港區仁福社區發展協會",
    "county":"台北市",
    "town":"南港區",
    "address":"臺北市南港區仁福里福德街373巷61號1樓",
    "tel":"無",
    "mobile":"0908-279069"
    }
  },
  {
    "type": "Feature",
    "geometry": {
       "type": "Point",
       "coordinates":  [ 121.6219253,25.0379276 ]
    },
    "properties": {
    "no":1436,
    "title":"財團法人台灣基督傳道會復生教會",
    "county":"台北市",
    "town":"南港區",
    "address":"臺北市南港區舊莊里南深路21巷18號",
    "tel":"無",
    "mobile":"02-27822075"
    }
  },
  {
    "type": "Feature",
    "geometry": {
       "type": "Point",
       "coordinates":  [ 121.6155893,25.0533547 ]
    },
    "properties": {
    "no":1437,
    "title":"社團法人中華基督教加倍愛全人關懷協會",
    "county":"台北市",
    "town":"南港區",
    "address":"臺北市南港區中南里忠孝東路7段625巷 16號",
    "tel":"無",
    "mobile":"02-26538820"
    }
  },
  {
    "type": "Feature",
    "geometry": {
       "type": "Point",
       "coordinates":  [ 121.5806486,25.0503564 ]
    },
    "properties": {
    "no":1438,
    "title":"社團法人台灣厝邊有愛關懷協會\n（鍚安教會）",
    "county":"台北市",
    "town":"南港區",
    "address":"臺北市南港區玉成里玉成街20號",
    "tel":"無",
    "mobile":"02-27831891"
    }
  },
  {
    "type": "Feature",
    "geometry": {
       "type": "Point",
       "coordinates":  [ 121.6240441,25.0370335 ]
    },
    "properties": {
    "no":1439,
    "title":"臺北市南港舊莊社區發展協會",
    "county":"台北市",
    "town":"南港區",
    "address":"臺北市南港區舊莊里舊莊街1段91巷11號",
    "tel":"無",
    "mobile":"0935-633688"
    }
  },
  {
    "type": "Feature",
    "geometry": {
       "type": "Point",
       "coordinates":  [ 121.592693,25.0396894 ]
    },
    "properties": {
    "no":1440,
    "title":"臺北市南港區仁福里辦公處",
    "county":"台北市",
    "town":"南港區",
    "address":"臺北市南港區仁福里福德街443號1樓",
    "tel":"無",
    "mobile":"0919-619949"
    }
  },
  {
    "type": "Feature",
    "geometry": {
       "type": "Point",
       "coordinates":  [ 121.6158315,25.0466822 ]
    },
    "properties": {
    "no":1441,
    "title":"社團法人臺灣厝邊有愛關懷協會 (中研教會)",
    "county":"台北市",
    "town":"南港區",
    "address":"臺北市南港區中研里研究院路2段11巷5號",
    "tel":"無",
    "mobile":"02-27824636"
    }
  },
  {
    "type": "Feature",
    "geometry": {
       "type": "Point",
       "coordinates":  [ 121.5882798,25.0477391 ]
    },
    "properties": {
    "no":1442,
    "title":"台北市後山埤文化發展協會",
    "county":"台北市",
    "town":"南港區",
    "address":"臺北市南港區聯成里東新街77巷31號",
    "tel":"無",
    "mobile":"02-27851737"
    }
  },
  {
    "type": "Feature",
    "geometry": {
       "type": "Point",
       "coordinates":  [ 121.580579,25.047885 ]
    },
    "properties": {
    "no":1443,
    "title":"財團法人以琳基督徒中心",
    "county":"台北市",
    "town":"南港區",
    "address":"臺北市南港區合成里中坡北路92號2樓",
    "tel":"無",
    "mobile":"02-26511002"
    }
  },
  {
    "type": "Feature",
    "geometry": {
       "type": "Point",
       "coordinates":  [ 121.5799601,25.0503038 ]
    },
    "properties": {
    "no":1444,
    "title":"臺北市全人探索協會",
    "county":"台北市",
    "town":"南港區",
    "address":"臺北市南港區玉成里八德路4段768之1號4樓至6樓",
    "tel":"無",
    "mobile":"02-27826939"
    }
  },
  {
    "type": "Feature",
    "geometry": {
       "type": "Point",
       "coordinates":  [ 121.5865825,25.0433328 ]
    },
    "properties": {
    "no":1445,
    "title":"台北市南港區鴻福社區發展協會",
    "county":"台北市",
    "town":"南港區",
    "address":"臺北市南港區鴻福里成福路92號1樓臺北市南港區鴻福里成福路82號1樓",
    "tel":"無",
    "mobile":"02-27834848"
    }
  },
  {
    "type": "Feature",
    "geometry": {
       "type": "Point",
       "coordinates":  [ 121.613004,25.045799 ]
    },
    "properties": {
    "no":1446,
    "title":"臺北市南港區中研新村社區發展協會",
    "county":"台北市",
    "town":"南港區",
    "address":"臺北市南港區中研里研究院路2段70巷 47弄4號1樓\n臺北市南港區中研里研究院路2段70巷 12號2樓",
    "tel":"無",
    "mobile":"0986-028209"
    }
  },
  {
    "type": "Feature",
    "geometry": {
       "type": "Point",
       "coordinates":  [ 121.6145084,25.0538015 ]
    },
    "properties": {
    "no":1447,
    "title":"財團法人弘道老人福利基金會",
    "county":"台北市",
    "town":"南港區",
    "address":"臺北市南港區中南里市民大道8段588巷 18號",
    "tel":"無",
    "mobile":"0979-810136"
    }
  },
  {
    "type": "Feature",
    "geometry": {
       "type": "Point",
       "coordinates":  [ 121.61738,25.053651 ]
    },
    "properties": {
    "no":1448,
    "title":"臺北市南港區新富里辦公處",
    "county":"台北市",
    "town":"南港區",
    "address":"臺北市南港區新富里富康街25號",
    "tel":"無",
    "mobile":"02-27828495"
    }
  },
  {
    "type": "Feature",
    "geometry": {
       "type": "Point",
       "coordinates":  [ 121.617081,25.0367075 ]
    },
    "properties": {
    "no":1449,
    "title":"臺北市南港區久如社區發展協會",
    "county":"台北市",
    "town":"南港區",
    "address":"臺北市南港區九如里研究院路2段208號 1樓",
    "tel":"無",
    "mobile":"02-26516600"
    }
  },
  {
    "type": "Feature",
    "geometry": {
       "type": "Point",
       "coordinates":  [ 121.5855436,25.047211 ]
    },
    "properties": {
    "no":1450,
    "title":"社團法人中華民國我願意全人關懷協會",
    "county":"台北市",
    "town":"南港區",
    "address":"臺北市南港區萬福里東新街64巷7、 11、13號B1",
    "tel":"無",
    "mobile":"02-27826248"
    }
  },
  {
    "type": "Feature",
    "geometry": {
       "type": "Point",
       "coordinates":  [ 121.6145028,25.0453694 ]
    },
    "properties": {
    "no":1451,
    "title":"臺北市南港區好厝邊社區發展協會",
    "county":"台北市",
    "town":"南港區",
    "address":"臺北市南港區中研里研究院路2段70巷 12號2樓（中研區民活動中心）",
    "tel":"無",
    "mobile":"02-27827592"
    }
  },
  {
    "type": "Feature",
    "geometry": {
       "type": "Point",
       "coordinates":  [ 121.5921867,25.0816791 ]
    },
    "properties": {
    "no":1452,
    "title":"社團法人台灣多元社會福利協會 (瀞德)",
    "county":"台北市",
    "town":"南港區",
    "address":"臺北市南港區西新里成功路1段82巷11號",
    "tel":"無",
    "mobile":"02-26536103"
    }
  },
  {
    "type": "Feature",
    "geometry": {
       "type": "Point",
       "coordinates":  [ 121.5009717,25.0267176 ]
    },
    "properties": {
    "no":1453,
    "title":"財團法人一粒麥子社會福利慈善事業基金會",
    "county":"台北市",
    "town":"萬華區",
    "address":"臺北市萬華區新和里萬大路237巷13弄3號1樓",
    "tel":"無",
    "mobile":"02-23320669"
    }
  },
  {
    "type": "Feature",
    "geometry": {
       "type": "Point",
       "coordinates":  [ 121.4890783,25.0330062 ]
    },
    "properties": {
    "no":1454,
    "title":"臺北市萬華區華江社區發展協會",
    "county":"台北市",
    "town":"萬華區",
    "address":"臺北市萬華區華江里長順街127號(長順區民活動中心)",
    "tel":"無",
    "mobile":"02-23081454"
    }
  },
  {
    "type": "Feature",
    "geometry": {
       "type": "Point",
       "coordinates":  [ 121.5023125,25.0287637 ]
    },
    "properties": {
    "no":1455,
    "title":"臺北市萬華區新忠里辦公處",
    "county":"台北市",
    "town":"萬華區",
    "address":"臺北市萬華區新忠里西藏路125巷7號1樓(里民活動場所)",
    "tel":"無",
    "mobile":"02-23392806"
    }
  },
  {
    "type": "Feature",
    "geometry": {
       "type": "Point",
       "coordinates":  [ 121.494762,25.0249061 ]
    },
    "properties": {
    "no":1456,
    "title":"財團法人環宇國際文化教育基金會(萬華)",
    "county":"台北市",
    "town":"萬華區",
    "address":"臺北市萬華區錦德里寶興街136號1樓",
    "tel":"無",
    "mobile":"02-23098844"
    }
  },
  {
    "type": "Feature",
    "geometry": {
       "type": "Point",
       "coordinates":  [ 121.4990396,25.0217924 ]
    },
    "properties": {
    "no":1457,
    "title":"中華民國雙囍老人義務教育推廣協會",
    "county":"台北市",
    "town":"萬華區",
    "address":"臺北市萬華區壽德里萬大路411號2樓萬青區民活動中心",
    "tel":"無",
    "mobile":"02-23317158#18"
    }
  },
  {
    "type": "Feature",
    "geometry": {
       "type": "Point",
       "coordinates":  [ 121.4943937,25.0277204 ]
    },
    "properties": {
    "no":1458,
    "title":"財團法人台北市中國基督教靈糧世界佈道會台北靈糧堂(雙園靈糧福音中心)",
    "county":"台北市",
    "town":"萬華區",
    "address":"臺北市萬華區和德里西園路2段362及 364號4樓,與362號5樓",
    "tel":"無",
    "mobile":"02-23077700"
    }
  },
  {
    "type": "Feature",
    "geometry": {
       "type": "Point",
       "coordinates":  [ 121.5048448,25.0379636 ]
    },
    "properties": {
    "no":1459,
    "title":"財團法人台北市中國基督教靈糧世界佈道會台北靈糧堂(萬華靈糧福音中心)",
    "county":"台北市",
    "town":"萬華區",
    "address":"臺北市萬華區仁德里桂林路27號1樓及桂林路31號1樓",
    "tel":"無",
    "mobile":"02-23315658"
    }
  },
  {
    "type": "Feature",
    "geometry": {
       "type": "Point",
       "coordinates":  [ 121.5013573,25.0353733 ]
    },
    "properties": {
    "no":1460,
    "title":"社團法人台北市艾馨公益慈善會",
    "county":"台北市",
    "town":"萬華區",
    "address":"臺北市萬華區福音里康定路229號6樓",
    "tel":"無",
    "mobile":"02-23366516"
    }
  },
  {
    "type": "Feature",
    "geometry": {
       "type": "Point",
       "coordinates":  [ 121.4994604,25.0323563 ]
    },
    "properties": {
    "no":1461,
    "title":"財團法人天主教聖母聖心會",
    "county":"台北市",
    "town":"萬華區",
    "address":"臺北市萬華區雙園里興寧街70號",
    "tel":"無",
    "mobile":"02-23028934"
    }
  },
  {
    "type": "Feature",
    "geometry": {
       "type": "Point",
       "coordinates":  [ 121.5044075,25.026758 ]
    },
    "properties": {
    "no":1462,
    "title":"臺北市萬華區青年社區發展協會",
    "county":"台北市",
    "town":"萬華區",
    "address":"臺北市萬華區新和里中華路2段416巷9- 3、9-4號(青年社區)\n臺北市萬華區新和里青年社區30巷",
    "tel":"無",
    "mobile":"02-23031537"
    }
  },
  {
    "type": "Feature",
    "geometry": {
       "type": "Point",
       "coordinates":  [ 121.5088269,25.0241498 ]
    },
    "properties": {
    "no":1463,
    "title":"臺北市萬華區馬場町社區發展協會",
    "county":"台北市",
    "town":"萬華區",
    "address":"臺北市萬華區騰雲里國興路1巷2-4號 (騰雲里里民活動中心)",
    "tel":"無",
    "mobile":"0983-372223"
    }
  },
  {
    "type": "Feature",
    "geometry": {
       "type": "Point",
       "coordinates":  [ 121.4959856,25.0332587 ]
    },
    "properties": {
    "no":1464,
    "title":"中華民國紅十字會",
    "county":"台北市",
    "town":"萬華區",
    "address":"臺北市萬華區糖廍里艋舺大道303號1、 4樓",
    "tel":"無",
    "mobile":"02-23628232#410"
    }
  },
  {
    "type": "Feature",
    "geometry": {
       "type": "Point",
       "coordinates":  [ 121.4970914,25.0232728 ]
    },
    "properties": {
    "no":1465,
    "title":"臺北市萬華區保德社區發展協會",
    "county":"台北市",
    "town":"萬華區",
    "address":"臺北市萬華區保德里東園街140巷8號臺北市萬華區東園街140巷10號",
    "tel":"無",
    "mobile":"02-23323337"
    }
  },
  {
    "type": "Feature",
    "geometry": {
       "type": "Point",
       "coordinates":  [ 121.5010896,25.0237479 ]
    },
    "properties": {
    "no":1466,
    "title":"臺北市萬華區萬大社區發展協會",
    "county":"台北市",
    "town":"萬華區",
    "address":"臺北市萬華區壽德里萬大路329巷25號1樓\n台北市萬華區萬大路329巷27弄4號",
    "tel":"無",
    "mobile":"02-23090713"
    }
  },
  {
    "type": "Feature",
    "geometry": {
       "type": "Point",
       "coordinates":  [ 121.4921752,25.0268592 ]
    },
    "properties": {
    "no":1467,
    "title":"臺北市和德長壽健康促進協會",
    "county":"台北市",
    "town":"萬華區",
    "address":"臺北市萬華區和德里興義街25號",
    "tel":"無",
    "mobile":"02-23395285"
    }
  },
  {
    "type": "Feature",
    "geometry": {
       "type": "Point",
       "coordinates":  [ 121.5036802,25.0201451 ]
    },
    "properties": {
    "no":1468,
    "title":"臺北市萬華日祥關懷協會",
    "county":"台北市",
    "town":"萬華區",
    "address":"臺北市萬華區日祥里青年路186-1號",
    "tel":"無",
    "mobile":"02-23376359"
    }
  },
  {
    "type": "Feature",
    "geometry": {
       "type": "Point",
       "coordinates":  [ 121.4991888,25.0276236 ]
    },
    "properties": {
    "no":1469,
    "title":"財團法人天主教單國璽弱勢族群社福基金會",
    "county":"台北市",
    "town":"萬華區",
    "address":"臺北市萬華區日善里西藏路201號",
    "tel":"無",
    "mobile":"02-23045899"
    }
  }
]
}