{
   "type": "FeatureCollection",
   "features": [
  {
    "type": "Feature",
    "geometry": {
       "type": "Point",
       "coordinates":  [ 121.5484925,25.1023554 ]
    },
    "properties": {
    "year":2015,
    "scenicspot":"國立故宮博物院",
    "visits":5287867,
    "city":"taipei",
    "地址":"111台灣台北市士林區至善路二段221號",
    "行政區":"士林區"
    }
  },
  {
    "type": "Feature",
    "geometry": {
       "type": "Point",
       "coordinates":  [ 121.5381154,25.154278 ]
    },
    "properties": {
    "year":2015,
    "scenicspot":"草山行館",
    "visits":83628,
    "city":"taipei",
    "地址":"112台灣台北市北投區湖底路89號",
    "行政區":"北投區"
    }
  },
  {
    "type": "Feature",
    "geometry": {
       "type": "Point",
       "coordinates":  [ 121.5068592,25.0420139 ]
    },
    "properties": {
    "year":2015,
    "scenicspot":"西門紅樓",
    "visits":3256135,
    "city":"taipei",
    "地址":"108台灣台北市萬華區成都路10號",
    "行政區":"萬華區"
    }
  },
  {
    "type": "Feature",
    "geometry": {
       "type": "Point",
       "coordinates":  [ 121.5243691,25.0851242 ]
    },
    "properties": {
    "year":2015,
    "scenicspot":"臺北表演藝術中心",
    "visits":0,
    "city":"taipei",
    "地址":"111台灣台北市士林區劍潭路1號",
    "行政區":"士林區"
    }
  },
  {
    "type": "Feature",
    "geometry": {
       "type": "Point",
       "coordinates":  [ 121.599042,25.0526926 ]
    },
    "properties": {
    "year":2015,
    "scenicspot":"臺北流行音樂中心",
    "visits":0,
    "city":"taipei",
    "地址":"115台灣台北市南港區市民大道八段99號",
    "行政區":"南港區"
    }
  },
  {
    "type": "Feature",
    "geometry": {
       "type": "Point",
       "coordinates":  [ 121.5102169,25.0555941 ]
    },
    "properties": {
    "year":2015,
    "scenicspot":"台北霞海城隍廟",
    "visits":0,
    "city":"taipei",
    "地址":"103台灣台北市大同區迪化街一段61號",
    "行政區":"大同區"
    }
  },
  {
    "type": "Feature",
    "geometry": {
       "type": "Point",
       "coordinates":  [ 121.5155703,25.0731088 ]
    },
    "properties": {
    "year":2015,
    "scenicspot":"大龍峒保安宮",
    "visits":0,
    "city":"taipei",
    "地址":"103台灣台北市大同區哈密街61號",
    "行政區":"大同區"
    }
  },
  {
    "type": "Feature",
    "geometry": {
       "type": "Point",
       "coordinates":  [ 121.5087651,25.1369293 ]
    },
    "properties": {
    "year":2015,
    "scenicspot":"梅庭",
    "visits":240202,
    "city":"taipei",
    "地址":"112台灣台北市北投區中山路6號",
    "行政區":"北投區"
    }
  },
  {
    "type": "Feature",
    "geometry": {
       "type": "Point",
       "coordinates":  [ 121.5161793,25.0727623 ]
    },
    "properties": {
    "year":2015,
    "scenicspot":"臺北市孔廟",
    "visits":498807,
    "city":"taipei",
    "地址":"103台灣台北市大同區大龍街275號",
    "行政區":"大同區"
    }
  },
  {
    "type": "Feature",
    "geometry": {
       "type": "Point",
       "coordinates":  [ 121.5577484,25.0829319 ]
    },
    "properties": {
    "year":2015,
    "scenicspot":"美麗華百樂園摩天輪",
    "visits":330107,
    "city":"taipei",
    "地址":"10491台灣台北市中山區敬業三路20號5樓",
    "行政區":"中山區"
    }
  },
  {
    "type": "Feature",
    "geometry": {
       "type": "Point",
       "coordinates":  [ 121.5645389,25.033976 ]
    },
    "properties": {
    "year":2015,
    "scenicspot":"台北101",
    "visits":2839694,
    "city":"taipei",
    "地址":"Taipei 101, No. 7信義路五段信義區台北市台灣 110",
    "行政區":"信義區"
    }
  },
  {
    "type": "Feature",
    "geometry": {
       "type": "Point",
       "coordinates":  [ 121.5057526,25.1371098 ]
    },
    "properties": {
    "year":2015,
    "scenicspot":"凱達格蘭文化館",
    "visits":320244,
    "city":"taipei",
    "地址":"112台灣台北市北投區中山路3-1號",
    "行政區":"北投區"
    }
  },
  {
    "type": "Feature",
    "geometry": {
       "type": "Point",
       "coordinates":  [ 121.5245933,25.0731071 ]
    },
    "properties": {
    "year":2015,
    "scenicspot":"圓山別莊",
    "visits":27684,
    "city":"taipei",
    "地址":"10491台灣台北市中山區中山北路三段181-1號MAISON ACME｜圓山別邸",
    "行政區":"中山區"
    }
  },
  {
    "type": "Feature",
    "geometry": {
       "type": "Point",
       "coordinates":  [ 121.546921,25.1096252 ]
    },
    "properties": {
    "year":2015,
    "scenicspot":"林語堂故居",
    "visits":0,
    "city":"taipei",
    "地址":"111台灣台北市士林區仰德大道二段141號141號林語堂故居",
    "行政區":"士林區"
    }
  },
  {
    "type": "Feature",
    "geometry": {
       "type": "Point",
       "coordinates":  [ 121.50715,25.1365694 ]
    },
    "properties": {
    "year":2015,
    "scenicspot":"北投溫泉博物館",
    "visits":534055,
    "city":"taipei",
    "地址":"112台灣台北市北投區中山路2號",
    "行政區":"北投區"
    }
  },
  {
    "type": "Feature",
    "geometry": {
       "type": "Point",
       "coordinates":  [ 121.5189766,25.0508047 ]
    },
    "properties": {
    "year":2015,
    "scenicspot":"台北當代藝術館",
    "visits":226664,
    "city":"taipei",
    "地址":"103台灣台北市大同區長安西路39號",
    "行政區":"大同區"
    }
  },
  {
    "type": "Feature",
    "geometry": {
       "type": "Point",
       "coordinates":  [ 121.4708333,25.1188889 ]
    },
    "properties": {
    "year":2015,
    "scenicspot":"關渡自然公園",
    "visits":157730,
    "city":"taipei",
    "地址":"112台灣台北市北投區關渡路55號關渡自然公園",
    "行政區":"北投區"
    }
  },
  {
    "type": "Feature",
    "geometry": {
       "type": "Point",
       "coordinates":  [ 121.4998654,25.0373106 ]
    },
    "properties": {
    "year":2015,
    "scenicspot":"龍山寺",
    "visits":2330146,
    "city":"taipei",
    "地址":"10853台灣台北市萬華區廣州街211號",
    "行政區":"萬華區"
    }
  },
  {
    "type": "Feature",
    "geometry": {
       "type": "Point",
       "coordinates":  [ 121.5303215,25.013284 ]
    },
    "properties": {
    "year":2015,
    "scenicspot":"臺北自來水園區",
    "visits":1294621,
    "city":"taipei",
    "地址":"100台灣台北市中正區思源街1號自來水園區",
    "行政區":"中正區"
    }
  },
  {
    "type": "Feature",
    "geometry": {
       "type": "Point",
       "coordinates":  [ 121.5201832,25.035502 ]
    },
    "properties": {
    "year":2015,
    "scenicspot":"國立中正紀念堂",
    "visits":7092504,
    "city":"taipei",
    "地址":"100台灣台北市中正區",
    "行政區":"中正區"
    }
  },
  {
    "type": "Feature",
    "geometry": {
       "type": "Point",
       "coordinates":  [ 121.515564,25.040396 ]
    },
    "properties": {
    "year":2015,
    "scenicspot":"二二八紀念館",
    "visits":0,
    "city":"taipei",
    "地址":"100台灣台北市中正區凱達格蘭大道3號",
    "行政區":"中正區"
    }
  },
  {
    "type": "Feature",
    "geometry": {
       "type": "Point",
       "coordinates":  [ 121.5401001,25.1592121 ]
    },
    "properties": {
    "year":2015,
    "scenicspot":"陽明公園[陽明山]",
    "visits":1832420,
    "city":"taipei",
    "地址":"112台灣台北市北投區湖山路二段26號陽明公園",
    "行政區":"北投區"
    }
  },
  {
    "type": "Feature",
    "geometry": {
       "type": "Point",
       "coordinates":  [ 121.5519788,25.1009785 ]
    },
    "properties": {
    "year":2015,
    "scenicspot":"順益臺灣原住民博物館",
    "visits":0,
    "city":"taipei",
    "地址":"111台灣台北市士林區至善路二段282號",
    "行政區":"士林區"
    }
  },
  {
    "type": "Feature",
    "geometry": {
       "type": "Point",
       "coordinates":  [ 121.5303543,25.0723739 ]
    },
    "properties": {
    "year":2015,
    "scenicspot":"林安泰古厝民俗文物館",
    "visits":0,
    "city":"taipei",
    "地址":"10491台灣台北市中山區濱江街5號",
    "行政區":"中山區"
    }
  },
  {
    "type": "Feature",
    "geometry": {
       "type": "Point",
       "coordinates":  [ 121.5291642,25.0913793 ]
    },
    "properties": {
    "year":2015,
    "scenicspot":"士林官邸公園",
    "visits":1692010,
    "city":"taipei",
    "地址":"111台灣台北市士林區中山北路五段460巷4號士林官邸公園",
    "行政區":"士林區"
    }
  },
  {
    "type": "Feature",
    "geometry": {
       "type": "Point",
       "coordinates":  [ 121.5602452,25.0400306 ]
    },
    "properties": {
    "year":2015,
    "scenicspot":"國立國父紀念館",
    "visits":6588748,
    "city":"taipei",
    "地址":"110台灣台北市信義區仁愛路四段505號國立國父紀念館",
    "行政區":"信義區"
    }
  },
  {
    "type": "Feature",
    "geometry": {
       "type": "Point",
       "coordinates":  [ 121.5222662,25.0391377 ]
    },
    "properties": {
    "year":2015,
    "scenicspot":"青年局場館",
    "visits":193452,
    "city":"taipei",
    "地址":"100台北市中正區仁愛路一段17號1樓",
    "行政區":"中正區"
    }
  },
  {
    "type": "Feature",
    "geometry": {
       "type": "Point",
       "coordinates":  [ 121.5501199,25.0506849 ]
    },
    "properties": {
    "year":2015,
    "scenicspot":"小巨蛋",
    "visits":1407991,
    "city":"taipei",
    "地址":"105037台灣台北市松山區南京東路四段2號",
    "行政區":"松山區"
    }
  },
  {
    "type": "Feature",
    "geometry": {
       "type": "Point",
       "coordinates":  [ 121.5253585,25.0202507 ]
    },
    "properties": {
    "year":2015,
    "scenicspot":"客家文化主題公園",
    "visits":616050,
    "city":"taipei",
    "地址":"100台灣台北市中正區汀州路三段2號臺北市客家文化主題公園-場地租借、假日市集",
    "行政區":"中正區"
    }
  },
  {
    "type": "Feature",
    "geometry": {
       "type": "Point",
       "coordinates":  [ 121.5471582,25.0381871 ]
    },
    "properties": {
    "year":2015,
    "scenicspot":"兒童交通博物館",
    "visits":0,
    "city":"taipei",
    "地址":"106台灣台北市大安區仁愛路四段77號5樓",
    "行政區":"大安區"
    }
  },
  {
    "type": "Feature",
    "geometry": {
       "type": "Point",
       "coordinates":  [ 121.5332629,25.0105988 ]
    },
    "properties": {
    "year":2015,
    "scenicspot":"寶藏巖",
    "visits":254550,
    "city":"taipei",
    "地址":"100台灣台北市中正區汀州路三段230巷23號",
    "行政區":"中正區"
    }
  },
  {
    "type": "Feature",
    "geometry": {
       "type": "Point",
       "coordinates":  [ 121.5183633,25.0958186 ]
    },
    "properties": {
    "year":2015,
    "scenicspot":"市立天文科學教育館",
    "visits":524520,
    "city":"taipei",
    "地址":"111台灣台北市士林區基河路363號",
    "行政區":"士林區"
    }
  },
  {
    "type": "Feature",
    "geometry": {
       "type": "Point",
       "coordinates":  [ 121.5319248,25.1042763 ]
    },
    "properties": {
    "year":2015,
    "scenicspot":"芝山文化生態綠園",
    "visits":55669,
    "city":"taipei",
    "地址":"111台灣台北市士林區雨聲街120號芝山文化生態綠園",
    "行政區":"士林區"
    }
  },
  {
    "type": "Feature",
    "geometry": {
       "type": "Point",
       "coordinates":  [ 121.5606383,25.0438366 ]
    },
    "properties": {
    "year":2015,
    "scenicspot":"松山文創園區",
    "visits":0,
    "city":"taipei",
    "地址":"11072台灣台北市信義區光復南路133號",
    "行政區":"信義區"
    }
  },
  {
    "type": "Feature",
    "geometry": {
       "type": "Point",
       "coordinates":  [ 121.5094593,25.0318511 ]
    },
    "properties": {
    "year":2015,
    "scenicspot":"台北植物園",
    "visits":0,
    "city":"taipei",
    "地址":"100台灣台北市中正區南海路53號臺北植物園",
    "行政區":"中正區"
    }
  },
  {
    "type": "Feature",
    "geometry": {
       "type": "Point",
       "coordinates":  [ 121.5293583,25.0440698 ]
    },
    "properties": {
    "year":2015,
    "scenicspot":"華山1914文化創意產業園區",
    "visits":0,
    "city":"taipei",
    "地址":"100台灣台北市中正區八德路一段1號",
    "行政區":"中正區"
    }
  },
  {
    "type": "Feature",
    "geometry": {
       "type": "Point",
       "coordinates":  [ 121.5077445,25.0428337 ]
    },
    "properties": {
    "year":2015,
    "scenicspot":"西門町商圈",
    "visits":0,
    "city":"taipei",
    "地址":"108台灣台北市萬華區漢中街127號",
    "行政區":"萬華區"
    }
  },
  {
    "type": "Feature",
    "geometry": {
       "type": "Point",
       "coordinates":  [ 121.514951,25.0972351 ]
    },
    "properties": {
    "year":2015,
    "scenicspot":"市立兒童新樂園",
    "visits":2381327,
    "city":"taipei",
    "地址":"11169台灣台北市士林區承德路五段55號",
    "行政區":"士林區"
    }
  },
  {
    "type": "Feature",
    "geometry": {
       "type": "Point",
       "coordinates":  [ 121.5638158,25.0375241 ]
    },
    "properties": {
    "year":2015,
    "scenicspot":"台北探索館",
    "visits":340125,
    "city":"taipei",
    "地址":"110台灣台北市信義區市府路1號",
    "行政區":"信義區"
    }
  },
  {
    "type": "Feature",
    "geometry": {
       "type": "Point",
       "coordinates":  [ 121.5809857,24.9985635 ]
    },
    "properties": {
    "year":2015,
    "scenicspot":"市立動物園",
    "visits":3301427,
    "city":"taipei",
    "地址":"116台灣台北市文山區新光路二段30號",
    "行政區":"文山區"
    }
  },
  {
    "type": "Feature",
    "geometry": {
       "type": "Point",
       "coordinates":  [ 121.5111994,25.0315698 ]
    },
    "properties": {
    "year":2015,
    "scenicspot":"國立歷史博物館",
    "visits":196774,
    "city":"taipei",
    "地址":"100台灣台北市中正區南海路49號",
    "行政區":"中正區"
    }
  },
  {
    "type": "Feature",
    "geometry": {
       "type": "Point",
       "coordinates":  [ 121.5329556,25.0794115 ]
    },
    "properties": {
    "year":2015,
    "scenicspot":"國民革命忠烈祠",
    "visits":1634535,
    "city":"taipei",
    "地址":"10491台灣台北市中山區北安路139號",
    "行政區":"中山區"
    }
  },
  {
    "type": "Feature",
    "geometry": {
       "type": "Point",
       "coordinates":  [ 121.5120687,25.0322925 ]
    },
    "properties": {
    "year":2015,
    "scenicspot":"國立臺灣藝術教育館",
    "visits":390848,
    "city":"taipei",
    "地址":"100台灣台北市中正區南海路47號",
    "行政區":"中正區"
    }
  },
  {
    "type": "Feature",
    "geometry": {
       "type": "Point",
       "coordinates":  [ 121.5248102,25.0724118 ]
    },
    "properties": {
    "year":2015,
    "scenicspot":"市立美術館",
    "visits":628133,
    "city":"taipei",
    "地址":"10491台灣台北市中山區中山北路三段181號",
    "行政區":"中山區"
    }
  },
  {
    "type": "Feature",
    "geometry": {
       "type": "Point",
       "coordinates":  [ 121.5164742,25.0962609 ]
    },
    "properties": {
    "year":2015,
    "scenicspot":"國立臺灣科學教育館",
    "visits":2437875,
    "city":"taipei",
    "地址":"111台灣台北市士林區士商路189號",
    "行政區":"士林區"
    }
  },
  {
    "type": "Feature",
    "geometry": {
       "type": "Point",
       "coordinates":  [ 121.515564,25.040396 ]
    },
    "properties": {
    "year":2016,
    "scenicspot":"二二八紀念館",
    "visits":0,
    "city":"taipei",
    "地址":"100台灣台北市中正區凱達格蘭大道3號",
    "行政區":"中正區"
    }
  },
  {
    "type": "Feature",
    "geometry": {
       "type": "Point",
       "coordinates":  [ 121.5602452,25.0400306 ]
    },
    "properties": {
    "year":2016,
    "scenicspot":"國立國父紀念館",
    "visits":6246672,
    "city":"taipei",
    "地址":"110台灣台北市信義區仁愛路四段505號國立國父紀念館",
    "行政區":"信義區"
    }
  },
  {
    "type": "Feature",
    "geometry": {
       "type": "Point",
       "coordinates":  [ 121.5222662,25.0391377 ]
    },
    "properties": {
    "year":2016,
    "scenicspot":"青年局場館",
    "visits":275484,
    "city":"taipei",
    "地址":"100台北市中正區仁愛路一段17號1樓",
    "行政區":"中正區"
    }
  },
  {
    "type": "Feature",
    "geometry": {
       "type": "Point",
       "coordinates":  [ 121.5577484,25.0829319 ]
    },
    "properties": {
    "year":2016,
    "scenicspot":"美麗華百樂園摩天輪",
    "visits":317478,
    "city":"taipei",
    "地址":"10491台灣台北市中山區敬業三路20號5樓",
    "行政區":"中山區"
    }
  },
  {
    "type": "Feature",
    "geometry": {
       "type": "Point",
       "coordinates":  [ 121.5638158,25.0375241 ]
    },
    "properties": {
    "year":2016,
    "scenicspot":"台北探索館",
    "visits":197924,
    "city":"taipei",
    "地址":"110台灣台北市信義區市府路1號",
    "行政區":"信義區"
    }
  },
  {
    "type": "Feature",
    "geometry": {
       "type": "Point",
       "coordinates":  [ 121.5401001,25.1592121 ]
    },
    "properties": {
    "year":2016,
    "scenicspot":"陽明公園[陽明山]",
    "visits":1507675,
    "city":"taipei",
    "地址":"112台灣台北市北投區湖山路二段26號陽明公園",
    "行政區":"北投區"
    }
  },
  {
    "type": "Feature",
    "geometry": {
       "type": "Point",
       "coordinates":  [ 121.546921,25.1096252 ]
    },
    "properties": {
    "year":2016,
    "scenicspot":"林語堂故居",
    "visits":0,
    "city":"taipei",
    "地址":"111台灣台北市士林區仰德大道二段141號141號林語堂故居",
    "行政區":"士林區"
    }
  },
  {
    "type": "Feature",
    "geometry": {
       "type": "Point",
       "coordinates":  [ 121.5519788,25.1009785 ]
    },
    "properties": {
    "year":2016,
    "scenicspot":"順益臺灣原住民博物館",
    "visits":0,
    "city":"taipei",
    "地址":"111台灣台北市士林區至善路二段282號",
    "行政區":"士林區"
    }
  },
  {
    "type": "Feature",
    "geometry": {
       "type": "Point",
       "coordinates":  [ 121.5329556,25.0794115 ]
    },
    "properties": {
    "year":2016,
    "scenicspot":"國民革命忠烈祠",
    "visits":1625780,
    "city":"taipei",
    "地址":"10491台灣台北市中山區北安路139號",
    "行政區":"中山區"
    }
  },
  {
    "type": "Feature",
    "geometry": {
       "type": "Point",
       "coordinates":  [ 121.5645389,25.033976 ]
    },
    "properties": {
    "year":2016,
    "scenicspot":"台北101",
    "visits":2582857,
    "city":"taipei",
    "地址":"Taipei 101, No. 7信義路五段信義區台北市台灣 110",
    "行政區":"信義區"
    }
  },
  {
    "type": "Feature",
    "geometry": {
       "type": "Point",
       "coordinates":  [ 121.5164742,25.0962609 ]
    },
    "properties": {
    "year":2016,
    "scenicspot":"國立臺灣科學教育館",
    "visits":2956910,
    "city":"taipei",
    "地址":"111台灣台北市士林區士商路189號",
    "行政區":"士林區"
    }
  },
  {
    "type": "Feature",
    "geometry": {
       "type": "Point",
       "coordinates":  [ 121.5248102,25.0724118 ]
    },
    "properties": {
    "year":2016,
    "scenicspot":"市立美術館",
    "visits":682142,
    "city":"taipei",
    "地址":"10491台灣台北市中山區中山北路三段181號",
    "行政區":"中山區"
    }
  },
  {
    "type": "Feature",
    "geometry": {
       "type": "Point",
       "coordinates":  [ 121.5293583,25.0440698 ]
    },
    "properties": {
    "year":2016,
    "scenicspot":"華山1914文化創意產業園區",
    "visits":0,
    "city":"taipei",
    "地址":"100台灣台北市中正區八德路一段1號",
    "行政區":"中正區"
    }
  },
  {
    "type": "Feature",
    "geometry": {
       "type": "Point",
       "coordinates":  [ 121.5303543,25.0723739 ]
    },
    "properties": {
    "year":2016,
    "scenicspot":"林安泰古厝民俗文物館",
    "visits":0,
    "city":"taipei",
    "地址":"10491台灣台北市中山區濱江街5號",
    "行政區":"中山區"
    }
  },
  {
    "type": "Feature",
    "geometry": {
       "type": "Point",
       "coordinates":  [ 121.5484925,25.1023554 ]
    },
    "properties": {
    "year":2016,
    "scenicspot":"國立故宮博物院",
    "visits":4665725,
    "city":"taipei",
    "地址":"111台灣台北市士林區至善路二段221號",
    "行政區":"士林區"
    }
  },
  {
    "type": "Feature",
    "geometry": {
       "type": "Point",
       "coordinates":  [ 121.5243691,25.0851242 ]
    },
    "properties": {
    "year":2016,
    "scenicspot":"臺北表演藝術中心",
    "visits":0,
    "city":"taipei",
    "地址":"111台灣台北市士林區劍潭路1號",
    "行政區":"士林區"
    }
  },
  {
    "type": "Feature",
    "geometry": {
       "type": "Point",
       "coordinates":  [ 121.5291642,25.0913793 ]
    },
    "properties": {
    "year":2016,
    "scenicspot":"士林官邸公園",
    "visits":1976855,
    "city":"taipei",
    "地址":"111台灣台北市士林區中山北路五段460巷4號士林官邸公園",
    "行政區":"士林區"
    }
  },
  {
    "type": "Feature",
    "geometry": {
       "type": "Point",
       "coordinates":  [ 121.5161793,25.0727623 ]
    },
    "properties": {
    "year":2016,
    "scenicspot":"臺北市孔廟",
    "visits":456532,
    "city":"taipei",
    "地址":"103台灣台北市大同區大龍街275號",
    "行政區":"大同區"
    }
  },
  {
    "type": "Feature",
    "geometry": {
       "type": "Point",
       "coordinates":  [ 121.5094593,25.0318511 ]
    },
    "properties": {
    "year":2016,
    "scenicspot":"台北植物園",
    "visits":0,
    "city":"taipei",
    "地址":"100台灣台北市中正區南海路53號臺北植物園",
    "行政區":"中正區"
    }
  },
  {
    "type": "Feature",
    "geometry": {
       "type": "Point",
       "coordinates":  [ 121.5332629,25.0105988 ]
    },
    "properties": {
    "year":2016,
    "scenicspot":"寶藏巖",
    "visits":217517,
    "city":"taipei",
    "地址":"100台灣台北市中正區汀州路三段230巷23號",
    "行政區":"中正區"
    }
  },
  {
    "type": "Feature",
    "geometry": {
       "type": "Point",
       "coordinates":  [ 121.5183633,25.0958186 ]
    },
    "properties": {
    "year":2016,
    "scenicspot":"市立天文科學教育館",
    "visits":439528,
    "city":"taipei",
    "地址":"111台灣台北市士林區基河路363號",
    "行政區":"士林區"
    }
  },
  {
    "type": "Feature",
    "geometry": {
       "type": "Point",
       "coordinates":  [ 121.599042,25.0526926 ]
    },
    "properties": {
    "year":2016,
    "scenicspot":"臺北流行音樂中心",
    "visits":0,
    "city":"taipei",
    "地址":"115台灣台北市南港區市民大道八段99號",
    "行政區":"南港區"
    }
  },
  {
    "type": "Feature",
    "geometry": {
       "type": "Point",
       "coordinates":  [ 121.4998654,25.0373106 ]
    },
    "properties": {
    "year":2016,
    "scenicspot":"龍山寺",
    "visits":2450174,
    "city":"taipei",
    "地址":"10853台灣台北市萬華區廣州街211號",
    "行政區":"萬華區"
    }
  },
  {
    "type": "Feature",
    "geometry": {
       "type": "Point",
       "coordinates":  [ 121.5381154,25.154278 ]
    },
    "properties": {
    "year":2016,
    "scenicspot":"草山行館",
    "visits":100500,
    "city":"taipei",
    "地址":"112台灣台北市北投區湖底路89號",
    "行政區":"北投區"
    }
  },
  {
    "type": "Feature",
    "geometry": {
       "type": "Point",
       "coordinates":  [ 121.5102169,25.0555941 ]
    },
    "properties": {
    "year":2016,
    "scenicspot":"台北霞海城隍廟",
    "visits":34502,
    "city":"taipei",
    "地址":"103台灣台北市大同區迪化街一段61號",
    "行政區":"大同區"
    }
  },
  {
    "type": "Feature",
    "geometry": {
       "type": "Point",
       "coordinates":  [ 121.5245933,25.0731071 ]
    },
    "properties": {
    "year":2016,
    "scenicspot":"圓山別莊",
    "visits":31087,
    "city":"taipei",
    "地址":"10491台灣台北市中山區中山北路三段181-1號MAISON ACME｜圓山別邸",
    "行政區":"中山區"
    }
  },
  {
    "type": "Feature",
    "geometry": {
       "type": "Point",
       "coordinates":  [ 121.5319248,25.1042763 ]
    },
    "properties": {
    "year":2016,
    "scenicspot":"芝山文化生態綠園",
    "visits":60252,
    "city":"taipei",
    "地址":"111台灣台北市士林區雨聲街120號芝山文化生態綠園",
    "行政區":"士林區"
    }
  },
  {
    "type": "Feature",
    "geometry": {
       "type": "Point",
       "coordinates":  [ 121.4708333,25.1188889 ]
    },
    "properties": {
    "year":2016,
    "scenicspot":"關渡自然公園",
    "visits":133043,
    "city":"taipei",
    "地址":"112台灣台北市北投區關渡路55號關渡自然公園",
    "行政區":"北投區"
    }
  },
  {
    "type": "Feature",
    "geometry": {
       "type": "Point",
       "coordinates":  [ 121.5471582,25.0381871 ]
    },
    "properties": {
    "year":2016,
    "scenicspot":"兒童交通博物館",
    "visits":0,
    "city":"taipei",
    "地址":"106台灣台北市大安區仁愛路四段77號5樓",
    "行政區":"大安區"
    }
  },
  {
    "type": "Feature",
    "geometry": {
       "type": "Point",
       "coordinates":  [ 121.514951,25.0972351 ]
    },
    "properties": {
    "year":2016,
    "scenicspot":"市立兒童新樂園",
    "visits":1879202,
    "city":"taipei",
    "地址":"11169台灣台北市士林區承德路五段55號",
    "行政區":"士林區"
    }
  },
  {
    "type": "Feature",
    "geometry": {
       "type": "Point",
       "coordinates":  [ 121.5303215,25.013284 ]
    },
    "properties": {
    "year":2016,
    "scenicspot":"臺北自來水園區",
    "visits":1216714,
    "city":"taipei",
    "地址":"100台灣台北市中正區思源街1號自來水園區",
    "行政區":"中正區"
    }
  },
  {
    "type": "Feature",
    "geometry": {
       "type": "Point",
       "coordinates":  [ 121.5120687,25.0322925 ]
    },
    "properties": {
    "year":2016,
    "scenicspot":"國立臺灣藝術教育館",
    "visits":451626,
    "city":"taipei",
    "地址":"100台灣台北市中正區南海路47號",
    "行政區":"中正區"
    }
  },
  {
    "type": "Feature",
    "geometry": {
       "type": "Point",
       "coordinates":  [ 121.5155703,25.0731088 ]
    },
    "properties": {
    "year":2016,
    "scenicspot":"大龍峒保安宮",
    "visits":777684,
    "city":"taipei",
    "地址":"103台灣台北市大同區哈密街61號",
    "行政區":"大同區"
    }
  },
  {
    "type": "Feature",
    "geometry": {
       "type": "Point",
       "coordinates":  [ 121.5189766,25.0508047 ]
    },
    "properties": {
    "year":2016,
    "scenicspot":"台北當代藝術館",
    "visits":287517,
    "city":"taipei",
    "地址":"103台灣台北市大同區長安西路39號",
    "行政區":"大同區"
    }
  },
  {
    "type": "Feature",
    "geometry": {
       "type": "Point",
       "coordinates":  [ 121.5077445,25.0428337 ]
    },
    "properties": {
    "year":2016,
    "scenicspot":"西門町商圈",
    "visits":0,
    "city":"taipei",
    "地址":"108台灣台北市萬華區漢中街127號",
    "行政區":"萬華區"
    }
  },
  {
    "type": "Feature",
    "geometry": {
       "type": "Point",
       "coordinates":  [ 121.5606383,25.0438366 ]
    },
    "properties": {
    "year":2016,
    "scenicspot":"松山文創園區",
    "visits":0,
    "city":"taipei",
    "地址":"11072台灣台北市信義區光復南路133號",
    "行政區":"信義區"
    }
  },
  {
    "type": "Feature",
    "geometry": {
       "type": "Point",
       "coordinates":  [ 121.5809857,24.9985635 ]
    },
    "properties": {
    "year":2016,
    "scenicspot":"市立動物園",
    "visits":3236064,
    "city":"taipei",
    "地址":"116台灣台北市文山區新光路二段30號",
    "行政區":"文山區"
    }
  },
  {
    "type": "Feature",
    "geometry": {
       "type": "Point",
       "coordinates":  [ 121.5253585,25.0202507 ]
    },
    "properties": {
    "year":2016,
    "scenicspot":"客家文化主題公園",
    "visits":693023,
    "city":"taipei",
    "地址":"100台灣台北市中正區汀州路三段2號臺北市客家文化主題公園-場地租借、假日市集",
    "行政區":"中正區"
    }
  },
  {
    "type": "Feature",
    "geometry": {
       "type": "Point",
       "coordinates":  [ 121.50715,25.1365694 ]
    },
    "properties": {
    "year":2016,
    "scenicspot":"北投溫泉博物館",
    "visits":439911,
    "city":"taipei",
    "地址":"112台灣台北市北投區中山路2號",
    "行政區":"北投區"
    }
  },
  {
    "type": "Feature",
    "geometry": {
       "type": "Point",
       "coordinates":  [ 121.5057526,25.1371098 ]
    },
    "properties": {
    "year":2016,
    "scenicspot":"凱達格蘭文化館",
    "visits":474294,
    "city":"taipei",
    "地址":"112台灣台北市北投區中山路3-1號",
    "行政區":"北投區"
    }
  },
  {
    "type": "Feature",
    "geometry": {
       "type": "Point",
       "coordinates":  [ 121.5201832,25.035502 ]
    },
    "properties": {
    "year":2016,
    "scenicspot":"國立中正紀念堂",
    "visits":6953671,
    "city":"taipei",
    "地址":"100台灣台北市中正區",
    "行政區":"中正區"
    }
  },
  {
    "type": "Feature",
    "geometry": {
       "type": "Point",
       "coordinates":  [ 121.5111994,25.0315698 ]
    },
    "properties": {
    "year":2016,
    "scenicspot":"國立歷史博物館",
    "visits":330960,
    "city":"taipei",
    "地址":"100台灣台北市中正區南海路49號",
    "行政區":"中正區"
    }
  },
  {
    "type": "Feature",
    "geometry": {
       "type": "Point",
       "coordinates":  [ 121.5501199,25.0506849 ]
    },
    "properties": {
    "year":2016,
    "scenicspot":"小巨蛋",
    "visits":1133962,
    "city":"taipei",
    "地址":"105037台灣台北市松山區南京東路四段2號",
    "行政區":"松山區"
    }
  },
  {
    "type": "Feature",
    "geometry": {
       "type": "Point",
       "coordinates":  [ 121.5068592,25.0420139 ]
    },
    "properties": {
    "year":2016,
    "scenicspot":"西門紅樓",
    "visits":4094007,
    "city":"taipei",
    "地址":"108台灣台北市萬華區成都路10號",
    "行政區":"萬華區"
    }
  },
  {
    "type": "Feature",
    "geometry": {
       "type": "Point",
       "coordinates":  [ 121.5087651,25.1369293 ]
    },
    "properties": {
    "year":2016,
    "scenicspot":"梅庭",
    "visits":422715,
    "city":"taipei",
    "地址":"112台灣台北市北投區中山路6號",
    "行政區":"北投區"
    }
  },
  {
    "type": "Feature",
    "geometry": {
       "type": "Point",
       "coordinates":  [ 121.5293583,25.0440698 ]
    },
    "properties": {
    "year":2017,
    "scenicspot":"華山1914文化創意產業園區",
    "visits":0,
    "city":"taipei",
    "地址":"100台灣台北市中正區八德路一段1號",
    "行政區":"中正區"
    }
  },
  {
    "type": "Feature",
    "geometry": {
       "type": "Point",
       "coordinates":  [ 121.599042,25.0526926 ]
    },
    "properties": {
    "year":2017,
    "scenicspot":"臺北流行音樂中心",
    "visits":0,
    "city":"taipei",
    "地址":"115台灣台北市南港區市民大道八段99號",
    "行政區":"南港區"
    }
  },
  {
    "type": "Feature",
    "geometry": {
       "type": "Point",
       "coordinates":  [ 121.5068592,25.0420139 ]
    },
    "properties": {
    "year":2017,
    "scenicspot":"西門紅樓",
    "visits":2644552,
    "city":"taipei",
    "地址":"108台灣台北市萬華區成都路10號",
    "行政區":"萬華區"
    }
  },
  {
    "type": "Feature",
    "geometry": {
       "type": "Point",
       "coordinates":  [ 121.546921,25.1096252 ]
    },
    "properties": {
    "year":2017,
    "scenicspot":"林語堂故居",
    "visits":0,
    "city":"taipei",
    "地址":"111台灣台北市士林區仰德大道二段141號141號林語堂故居",
    "行政區":"士林區"
    }
  },
  {
    "type": "Feature",
    "geometry": {
       "type": "Point",
       "coordinates":  [ 121.5401001,25.1592121 ]
    },
    "properties": {
    "year":2017,
    "scenicspot":"陽明公園[陽明山]",
    "visits":1538623,
    "city":"taipei",
    "地址":"112台灣台北市北投區湖山路二段26號陽明公園",
    "行政區":"北投區"
    }
  },
  {
    "type": "Feature",
    "geometry": {
       "type": "Point",
       "coordinates":  [ 121.4708333,25.1188889 ]
    },
    "properties": {
    "year":2017,
    "scenicspot":"關渡自然公園",
    "visits":122778,
    "city":"taipei",
    "地址":"112台灣台北市北投區關渡路55號關渡自然公園",
    "行政區":"北投區"
    }
  },
  {
    "type": "Feature",
    "geometry": {
       "type": "Point",
       "coordinates":  [ 121.5381154,25.154278 ]
    },
    "properties": {
    "year":2017,
    "scenicspot":"草山行館",
    "visits":79905,
    "city":"taipei",
    "地址":"112台灣台北市北投區湖底路89號",
    "行政區":"北投區"
    }
  },
  {
    "type": "Feature",
    "geometry": {
       "type": "Point",
       "coordinates":  [ 121.5577484,25.0829319 ]
    },
    "properties": {
    "year":2017,
    "scenicspot":"美麗華百樂園摩天輪",
    "visits":273140,
    "city":"taipei",
    "地址":"10491台灣台北市中山區敬業三路20號5樓",
    "行政區":"中山區"
    }
  },
  {
    "type": "Feature",
    "geometry": {
       "type": "Point",
       "coordinates":  [ 121.5606383,25.0438366 ]
    },
    "properties": {
    "year":2017,
    "scenicspot":"松山文創園區",
    "visits":0,
    "city":"taipei",
    "地址":"11072台灣台北市信義區光復南路133號",
    "行政區":"信義區"
    }
  },
  {
    "type": "Feature",
    "geometry": {
       "type": "Point",
       "coordinates":  [ 121.5332629,25.0105988 ]
    },
    "properties": {
    "year":2017,
    "scenicspot":"寶藏巖",
    "visits":360777,
    "city":"taipei",
    "地址":"100台灣台北市中正區汀州路三段230巷23號",
    "行政區":"中正區"
    }
  },
  {
    "type": "Feature",
    "geometry": {
       "type": "Point",
       "coordinates":  [ 121.4998654,25.0373106 ]
    },
    "properties": {
    "year":2017,
    "scenicspot":"龍山寺",
    "visits":1297490,
    "city":"taipei",
    "地址":"10853台灣台北市萬華區廣州街211號",
    "行政區":"萬華區"
    }
  },
  {
    "type": "Feature",
    "geometry": {
       "type": "Point",
       "coordinates":  [ 121.5102169,25.0555941 ]
    },
    "properties": {
    "year":2017,
    "scenicspot":"台北霞海城隍廟",
    "visits":56603,
    "city":"taipei",
    "地址":"103台灣台北市大同區迪化街一段61號",
    "行政區":"大同區"
    }
  },
  {
    "type": "Feature",
    "geometry": {
       "type": "Point",
       "coordinates":  [ 121.5111994,25.0315698 ]
    },
    "properties": {
    "year":2017,
    "scenicspot":"國立歷史博物館",
    "visits":390871,
    "city":"taipei",
    "地址":"100台灣台北市中正區南海路49號",
    "行政區":"中正區"
    }
  },
  {
    "type": "Feature",
    "geometry": {
       "type": "Point",
       "coordinates":  [ 121.5319248,25.1042763 ]
    },
    "properties": {
    "year":2017,
    "scenicspot":"芝山文化生態綠園",
    "visits":54127,
    "city":"taipei",
    "地址":"111台灣台北市士林區雨聲街120號芝山文化生態綠園",
    "行政區":"士林區"
    }
  },
  {
    "type": "Feature",
    "geometry": {
       "type": "Point",
       "coordinates":  [ 121.5303215,25.013284 ]
    },
    "properties": {
    "year":2017,
    "scenicspot":"臺北自來水園區",
    "visits":1277758,
    "city":"taipei",
    "地址":"100台灣台北市中正區思源街1號自來水園區",
    "行政區":"中正區"
    }
  },
  {
    "type": "Feature",
    "geometry": {
       "type": "Point",
       "coordinates":  [ 121.5155703,25.0731088 ]
    },
    "properties": {
    "year":2017,
    "scenicspot":"大龍峒保安宮",
    "visits":782684,
    "city":"taipei",
    "地址":"103台灣台北市大同區哈密街61號",
    "行政區":"大同區"
    }
  },
  {
    "type": "Feature",
    "geometry": {
       "type": "Point",
       "coordinates":  [ 121.5077445,25.0428337 ]
    },
    "properties": {
    "year":2017,
    "scenicspot":"西門町商圈",
    "visits":0,
    "city":"taipei",
    "地址":"108台灣台北市萬華區漢中街127號",
    "行政區":"萬華區"
    }
  },
  {
    "type": "Feature",
    "geometry": {
       "type": "Point",
       "coordinates":  [ 121.5201832,25.035502 ]
    },
    "properties": {
    "year":2017,
    "scenicspot":"國立中正紀念堂",
    "visits":4493653,
    "city":"taipei",
    "地址":"100台灣台北市中正區",
    "行政區":"中正區"
    }
  },
  {
    "type": "Feature",
    "geometry": {
       "type": "Point",
       "coordinates":  [ 121.5120687,25.0322925 ]
    },
    "properties": {
    "year":2017,
    "scenicspot":"國立臺灣藝術教育館",
    "visits":337082,
    "city":"taipei",
    "地址":"100台灣台北市中正區南海路47號",
    "行政區":"中正區"
    }
  },
  {
    "type": "Feature",
    "geometry": {
       "type": "Point",
       "coordinates":  [ 121.50715,25.1365694 ]
    },
    "properties": {
    "year":2017,
    "scenicspot":"北投溫泉博物館",
    "visits":267253,
    "city":"taipei",
    "地址":"112台灣台北市北投區中山路2號",
    "行政區":"北投區"
    }
  },
  {
    "type": "Feature",
    "geometry": {
       "type": "Point",
       "coordinates":  [ 121.515564,25.040396 ]
    },
    "properties": {
    "year":2017,
    "scenicspot":"二二八紀念館",
    "visits":0,
    "city":"taipei",
    "地址":"100台灣台北市中正區凱達格蘭大道3號",
    "行政區":"中正區"
    }
  },
  {
    "type": "Feature",
    "geometry": {
       "type": "Point",
       "coordinates":  [ 121.5087651,25.1369293 ]
    },
    "properties": {
    "year":2017,
    "scenicspot":"梅庭",
    "visits":443106,
    "city":"taipei",
    "地址":"112台灣台北市北投區中山路6號",
    "行政區":"北投區"
    }
  },
  {
    "type": "Feature",
    "geometry": {
       "type": "Point",
       "coordinates":  [ 121.5189766,25.0508047 ]
    },
    "properties": {
    "year":2017,
    "scenicspot":"台北當代藝術館",
    "visits":198013,
    "city":"taipei",
    "地址":"103台灣台北市大同區長安西路39號",
    "行政區":"大同區"
    }
  },
  {
    "type": "Feature",
    "geometry": {
       "type": "Point",
       "coordinates":  [ 121.5161793,25.0727623 ]
    },
    "properties": {
    "year":2017,
    "scenicspot":"臺北市孔廟",
    "visits":428367,
    "city":"taipei",
    "地址":"103台灣台北市大同區大龍街275號",
    "行政區":"大同區"
    }
  },
  {
    "type": "Feature",
    "geometry": {
       "type": "Point",
       "coordinates":  [ 121.5243691,25.0851242 ]
    },
    "properties": {
    "year":2017,
    "scenicspot":"臺北表演藝術中心",
    "visits":0,
    "city":"taipei",
    "地址":"111台灣台北市士林區劍潭路1號",
    "行政區":"士林區"
    }
  },
  {
    "type": "Feature",
    "geometry": {
       "type": "Point",
       "coordinates":  [ 121.5164742,25.0962609 ]
    },
    "properties": {
    "year":2017,
    "scenicspot":"國立臺灣科學教育館",
    "visits":2869361,
    "city":"taipei",
    "地址":"111台灣台北市士林區士商路189號",
    "行政區":"士林區"
    }
  },
  {
    "type": "Feature",
    "geometry": {
       "type": "Point",
       "coordinates":  [ 121.5471582,25.0381871 ]
    },
    "properties": {
    "year":2017,
    "scenicspot":"兒童交通博物館",
    "visits":0,
    "city":"taipei",
    "地址":"106台灣台北市大安區仁愛路四段77號5樓",
    "行政區":"大安區"
    }
  },
  {
    "type": "Feature",
    "geometry": {
       "type": "Point",
       "coordinates":  [ 121.5809857,24.9985635 ]
    },
    "properties": {
    "year":2017,
    "scenicspot":"市立動物園",
    "visits":3047954,
    "city":"taipei",
    "地址":"116台灣台北市文山區新光路二段30號",
    "行政區":"文山區"
    }
  },
  {
    "type": "Feature",
    "geometry": {
       "type": "Point",
       "coordinates":  [ 121.5094593,25.0318511 ]
    },
    "properties": {
    "year":2017,
    "scenicspot":"台北植物園",
    "visits":0,
    "city":"taipei",
    "地址":"100台灣台北市中正區南海路53號臺北植物園",
    "行政區":"中正區"
    }
  },
  {
    "type": "Feature",
    "geometry": {
       "type": "Point",
       "coordinates":  [ 121.5183633,25.0958186 ]
    },
    "properties": {
    "year":2017,
    "scenicspot":"市立天文科學教育館",
    "visits":602440,
    "city":"taipei",
    "地址":"111台灣台北市士林區基河路363號",
    "行政區":"士林區"
    }
  },
  {
    "type": "Feature",
    "geometry": {
       "type": "Point",
       "coordinates":  [ 121.5057526,25.1371098 ]
    },
    "properties": {
    "year":2017,
    "scenicspot":"凱達格蘭文化館",
    "visits":493417,
    "city":"taipei",
    "地址":"112台灣台北市北投區中山路3-1號",
    "行政區":"北投區"
    }
  },
  {
    "type": "Feature",
    "geometry": {
       "type": "Point",
       "coordinates":  [ 121.514951,25.0972351 ]
    },
    "properties": {
    "year":2017,
    "scenicspot":"市立兒童新樂園",
    "visits":2100585,
    "city":"taipei",
    "地址":"11169台灣台北市士林區承德路五段55號",
    "行政區":"士林區"
    }
  },
  {
    "type": "Feature",
    "geometry": {
       "type": "Point",
       "coordinates":  [ 121.5245933,25.0731071 ]
    },
    "properties": {
    "year":2017,
    "scenicspot":"圓山別莊",
    "visits":29333,
    "city":"taipei",
    "地址":"10491台灣台北市中山區中山北路三段181-1號MAISON ACME｜圓山別邸",
    "行政區":"中山區"
    }
  },
  {
    "type": "Feature",
    "geometry": {
       "type": "Point",
       "coordinates":  [ 121.5638158,25.0375241 ]
    },
    "properties": {
    "year":2017,
    "scenicspot":"台北探索館",
    "visits":254328,
    "city":"taipei",
    "地址":"110台灣台北市信義區市府路1號",
    "行政區":"信義區"
    }
  },
  {
    "type": "Feature",
    "geometry": {
       "type": "Point",
       "coordinates":  [ 121.5645389,25.033976 ]
    },
    "properties": {
    "year":2017,
    "scenicspot":"台北101",
    "visits":2252457,
    "city":"taipei",
    "地址":"Taipei 101, No. 7信義路五段信義區台北市台灣 110",
    "行政區":"信義區"
    }
  },
  {
    "type": "Feature",
    "geometry": {
       "type": "Point",
       "coordinates":  [ 121.5519788,25.1009785 ]
    },
    "properties": {
    "year":2017,
    "scenicspot":"順益臺灣原住民博物館",
    "visits":0,
    "city":"taipei",
    "地址":"111台灣台北市士林區至善路二段282號",
    "行政區":"士林區"
    }
  },
  {
    "type": "Feature",
    "geometry": {
       "type": "Point",
       "coordinates":  [ 121.5329556,25.0794115 ]
    },
    "properties": {
    "year":2017,
    "scenicspot":"國民革命忠烈祠",
    "visits":1784736,
    "city":"taipei",
    "地址":"10491台灣台北市中山區北安路139號",
    "行政區":"中山區"
    }
  },
  {
    "type": "Feature",
    "geometry": {
       "type": "Point",
       "coordinates":  [ 121.5248102,25.0724118 ]
    },
    "properties": {
    "year":2017,
    "scenicspot":"市立美術館",
    "visits":510595,
    "city":"taipei",
    "地址":"10491台灣台北市中山區中山北路三段181號",
    "行政區":"中山區"
    }
  },
  {
    "type": "Feature",
    "geometry": {
       "type": "Point",
       "coordinates":  [ 121.5303543,25.0723739 ]
    },
    "properties": {
    "year":2017,
    "scenicspot":"林安泰古厝民俗文物館",
    "visits":0,
    "city":"taipei",
    "地址":"10491台灣台北市中山區濱江街5號",
    "行政區":"中山區"
    }
  },
  {
    "type": "Feature",
    "geometry": {
       "type": "Point",
       "coordinates":  [ 121.5484925,25.1023554 ]
    },
    "properties": {
    "year":2017,
    "scenicspot":"國立故宮博物院",
    "visits":4410923,
    "city":"taipei",
    "地址":"111台灣台北市士林區至善路二段221號",
    "行政區":"士林區"
    }
  },
  {
    "type": "Feature",
    "geometry": {
       "type": "Point",
       "coordinates":  [ 121.5291642,25.0913793 ]
    },
    "properties": {
    "year":2017,
    "scenicspot":"士林官邸公園",
    "visits":2481264,
    "city":"taipei",
    "地址":"111台灣台北市士林區中山北路五段460巷4號士林官邸公園",
    "行政區":"士林區"
    }
  },
  {
    "type": "Feature",
    "geometry": {
       "type": "Point",
       "coordinates":  [ 121.5602452,25.0400306 ]
    },
    "properties": {
    "year":2017,
    "scenicspot":"國立國父紀念館",
    "visits":5253356,
    "city":"taipei",
    "地址":"110台灣台北市信義區仁愛路四段505號國立國父紀念館",
    "行政區":"信義區"
    }
  },
  {
    "type": "Feature",
    "geometry": {
       "type": "Point",
       "coordinates":  [ 121.5222662,25.0391377 ]
    },
    "properties": {
    "year":2017,
    "scenicspot":"青年局場館",
    "visits":678839,
    "city":"taipei",
    "地址":"100台北市中正區仁愛路一段17號1樓",
    "行政區":"中正區"
    }
  },
  {
    "type": "Feature",
    "geometry": {
       "type": "Point",
       "coordinates":  [ 121.5501199,25.0506849 ]
    },
    "properties": {
    "year":2017,
    "scenicspot":"小巨蛋",
    "visits":1198764,
    "city":"taipei",
    "地址":"105037台灣台北市松山區南京東路四段2號",
    "行政區":"松山區"
    }
  },
  {
    "type": "Feature",
    "geometry": {
       "type": "Point",
       "coordinates":  [ 121.5253585,25.0202507 ]
    },
    "properties": {
    "year":2017,
    "scenicspot":"客家文化主題公園",
    "visits":714408,
    "city":"taipei",
    "地址":"100台灣台北市中正區汀州路三段2號臺北市客家文化主題公園-場地租借、假日市集",
    "行政區":"中正區"
    }
  },
  {
    "type": "Feature",
    "geometry": {
       "type": "Point",
       "coordinates":  [ 121.5645389,25.033976 ]
    },
    "properties": {
    "year":2018,
    "scenicspot":"台北101",
    "visits":2126050,
    "city":"taipei",
    "地址":"Taipei 101, No. 7信義路五段信義區台北市台灣 110",
    "行政區":"信義區"
    }
  },
  {
    "type": "Feature",
    "geometry": {
       "type": "Point",
       "coordinates":  [ 121.5638158,25.0375241 ]
    },
    "properties": {
    "year":2018,
    "scenicspot":"台北探索館",
    "visits":243201,
    "city":"taipei",
    "地址":"110台灣台北市信義區市府路1號",
    "行政區":"信義區"
    }
  },
  {
    "type": "Feature",
    "geometry": {
       "type": "Point",
       "coordinates":  [ 121.599042,25.0526926 ]
    },
    "properties": {
    "year":2018,
    "scenicspot":"臺北流行音樂中心",
    "visits":0,
    "city":"taipei",
    "地址":"115台灣台北市南港區市民大道八段99號",
    "行政區":"南港區"
    }
  },
  {
    "type": "Feature",
    "geometry": {
       "type": "Point",
       "coordinates":  [ 121.5087651,25.1369293 ]
    },
    "properties": {
    "year":2018,
    "scenicspot":"梅庭",
    "visits":522493,
    "city":"taipei",
    "地址":"112台灣台北市北投區中山路6號",
    "行政區":"北投區"
    }
  },
  {
    "type": "Feature",
    "geometry": {
       "type": "Point",
       "coordinates":  [ 121.5102169,25.0555941 ]
    },
    "properties": {
    "year":2018,
    "scenicspot":"台北霞海城隍廟",
    "visits":34676,
    "city":"taipei",
    "地址":"103台灣台北市大同區迪化街一段61號",
    "行政區":"大同區"
    }
  },
  {
    "type": "Feature",
    "geometry": {
       "type": "Point",
       "coordinates":  [ 121.5164742,25.0962609 ]
    },
    "properties": {
    "year":2018,
    "scenicspot":"國立臺灣科學教育館",
    "visits":2055375,
    "city":"taipei",
    "地址":"111台灣台北市士林區士商路189號",
    "行政區":"士林區"
    }
  },
  {
    "type": "Feature",
    "geometry": {
       "type": "Point",
       "coordinates":  [ 121.5155703,25.0731088 ]
    },
    "properties": {
    "year":2018,
    "scenicspot":"大龍峒保安宮",
    "visits":1039330,
    "city":"taipei",
    "地址":"103台灣台北市大同區哈密街61號",
    "行政區":"大同區"
    }
  },
  {
    "type": "Feature",
    "geometry": {
       "type": "Point",
       "coordinates":  [ 121.5161793,25.0727623 ]
    },
    "properties": {
    "year":2018,
    "scenicspot":"臺北市孔廟",
    "visits":439163,
    "city":"taipei",
    "地址":"103台灣台北市大同區大龍街275號",
    "行政區":"大同區"
    }
  },
  {
    "type": "Feature",
    "geometry": {
       "type": "Point",
       "coordinates":  [ 121.5057526,25.1371098 ]
    },
    "properties": {
    "year":2018,
    "scenicspot":"凱達格蘭文化館",
    "visits":457745,
    "city":"taipei",
    "地址":"112台灣台北市北投區中山路3-1號",
    "行政區":"北投區"
    }
  },
  {
    "type": "Feature",
    "geometry": {
       "type": "Point",
       "coordinates":  [ 121.5577484,25.0829319 ]
    },
    "properties": {
    "year":2018,
    "scenicspot":"美麗華百樂園摩天輪",
    "visits":233939,
    "city":"taipei",
    "地址":"10491台灣台北市中山區敬業三路20號5樓",
    "行政區":"中山區"
    }
  },
  {
    "type": "Feature",
    "geometry": {
       "type": "Point",
       "coordinates":  [ 121.5068592,25.0420139 ]
    },
    "properties": {
    "year":2018,
    "scenicspot":"西門紅樓",
    "visits":4211802,
    "city":"taipei",
    "地址":"108台灣台北市萬華區成都路10號",
    "行政區":"萬華區"
    }
  },
  {
    "type": "Feature",
    "geometry": {
       "type": "Point",
       "coordinates":  [ 121.5094593,25.0318511 ]
    },
    "properties": {
    "year":2018,
    "scenicspot":"台北植物園",
    "visits":0,
    "city":"taipei",
    "地址":"100台灣台北市中正區南海路53號臺北植物園",
    "行政區":"中正區"
    }
  },
  {
    "type": "Feature",
    "geometry": {
       "type": "Point",
       "coordinates":  [ 121.5329556,25.0794115 ]
    },
    "properties": {
    "year":2018,
    "scenicspot":"國民革命忠烈祠",
    "visits":1668865,
    "city":"taipei",
    "地址":"10491台灣台北市中山區北安路139號",
    "行政區":"中山區"
    }
  },
  {
    "type": "Feature",
    "geometry": {
       "type": "Point",
       "coordinates":  [ 121.5293583,25.0440698 ]
    },
    "properties": {
    "year":2018,
    "scenicspot":"華山1914文化創意產業園區",
    "visits":0,
    "city":"taipei",
    "地址":"100台灣台北市中正區八德路一段1號",
    "行政區":"中正區"
    }
  },
  {
    "type": "Feature",
    "geometry": {
       "type": "Point",
       "coordinates":  [ 121.5248102,25.0724118 ]
    },
    "properties": {
    "year":2018,
    "scenicspot":"市立美術館",
    "visits":284456,
    "city":"taipei",
    "地址":"10491台灣台北市中山區中山北路三段181號",
    "行政區":"中山區"
    }
  },
  {
    "type": "Feature",
    "geometry": {
       "type": "Point",
       "coordinates":  [ 121.5484925,25.1023554 ]
    },
    "properties": {
    "year":2018,
    "scenicspot":"國立故宮博物院",
    "visits":3860644,
    "city":"taipei",
    "地址":"111台灣台北市士林區至善路二段221號",
    "行政區":"士林區"
    }
  },
  {
    "type": "Feature",
    "geometry": {
       "type": "Point",
       "coordinates":  [ 121.5243691,25.0851242 ]
    },
    "properties": {
    "year":2018,
    "scenicspot":"臺北表演藝術中心",
    "visits":0,
    "city":"taipei",
    "地址":"111台灣台北市士林區劍潭路1號",
    "行政區":"士林區"
    }
  },
  {
    "type": "Feature",
    "geometry": {
       "type": "Point",
       "coordinates":  [ 121.5381154,25.154278 ]
    },
    "properties": {
    "year":2018,
    "scenicspot":"草山行館",
    "visits":32175,
    "city":"taipei",
    "地址":"112台灣台北市北投區湖底路89號",
    "行政區":"北投區"
    }
  },
  {
    "type": "Feature",
    "geometry": {
       "type": "Point",
       "coordinates":  [ 121.5111994,25.0315698 ]
    },
    "properties": {
    "year":2018,
    "scenicspot":"國立歷史博物館",
    "visits":187531,
    "city":"taipei",
    "地址":"100台灣台北市中正區南海路49號",
    "行政區":"中正區"
    }
  },
  {
    "type": "Feature",
    "geometry": {
       "type": "Point",
       "coordinates":  [ 121.5332629,25.0105988 ]
    },
    "properties": {
    "year":2018,
    "scenicspot":"寶藏巖",
    "visits":388136,
    "city":"taipei",
    "地址":"100台灣台北市中正區汀州路三段230巷23號",
    "行政區":"中正區"
    }
  },
  {
    "type": "Feature",
    "geometry": {
       "type": "Point",
       "coordinates":  [ 121.5319248,25.1042763 ]
    },
    "properties": {
    "year":2018,
    "scenicspot":"芝山文化生態綠園",
    "visits":49730,
    "city":"taipei",
    "地址":"111台灣台北市士林區雨聲街120號芝山文化生態綠園",
    "行政區":"士林區"
    }
  },
  {
    "type": "Feature",
    "geometry": {
       "type": "Point",
       "coordinates":  [ 121.5077445,25.0428337 ]
    },
    "properties": {
    "year":2018,
    "scenicspot":"西門町商圈",
    "visits":0,
    "city":"taipei",
    "地址":"108台灣台北市萬華區漢中街127號",
    "行政區":"萬華區"
    }
  },
  {
    "type": "Feature",
    "geometry": {
       "type": "Point",
       "coordinates":  [ 121.5606383,25.0438366 ]
    },
    "properties": {
    "year":2018,
    "scenicspot":"松山文創園區",
    "visits":0,
    "city":"taipei",
    "地址":"11072台灣台北市信義區光復南路133號",
    "行政區":"信義區"
    }
  },
  {
    "type": "Feature",
    "geometry": {
       "type": "Point",
       "coordinates":  [ 121.5519788,25.1009785 ]
    },
    "properties": {
    "year":2018,
    "scenicspot":"順益臺灣原住民博物館",
    "visits":0,
    "city":"taipei",
    "地址":"111台灣台北市士林區至善路二段282號",
    "行政區":"士林區"
    }
  },
  {
    "type": "Feature",
    "geometry": {
       "type": "Point",
       "coordinates":  [ 121.546921,25.1096252 ]
    },
    "properties": {
    "year":2018,
    "scenicspot":"林語堂故居",
    "visits":0,
    "city":"taipei",
    "地址":"111台灣台北市士林區仰德大道二段141號141號林語堂故居",
    "行政區":"士林區"
    }
  },
  {
    "type": "Feature",
    "geometry": {
       "type": "Point",
       "coordinates":  [ 121.5401001,25.1592121 ]
    },
    "properties": {
    "year":2018,
    "scenicspot":"陽明公園[陽明山]",
    "visits":1304951,
    "city":"taipei",
    "地址":"112台灣台北市北投區湖山路二段26號陽明公園",
    "行政區":"北投區"
    }
  },
  {
    "type": "Feature",
    "geometry": {
       "type": "Point",
       "coordinates":  [ 121.5602452,25.0400306 ]
    },
    "properties": {
    "year":2018,
    "scenicspot":"國立國父紀念館",
    "visits":4508896,
    "city":"taipei",
    "地址":"110台灣台北市信義區仁愛路四段505號國立國父紀念館",
    "行政區":"信義區"
    }
  },
  {
    "type": "Feature",
    "geometry": {
       "type": "Point",
       "coordinates":  [ 121.5303543,25.0723739 ]
    },
    "properties": {
    "year":2018,
    "scenicspot":"林安泰古厝民俗文物館",
    "visits":0,
    "city":"taipei",
    "地址":"10491台灣台北市中山區濱江街5號",
    "行政區":"中山區"
    }
  },
  {
    "type": "Feature",
    "geometry": {
       "type": "Point",
       "coordinates":  [ 121.5189766,25.0508047 ]
    },
    "properties": {
    "year":2018,
    "scenicspot":"台北當代藝術館",
    "visits":267125,
    "city":"taipei",
    "地址":"103台灣台北市大同區長安西路39號",
    "行政區":"大同區"
    }
  },
  {
    "type": "Feature",
    "geometry": {
       "type": "Point",
       "coordinates":  [ 121.5120687,25.0322925 ]
    },
    "properties": {
    "year":2018,
    "scenicspot":"國立臺灣藝術教育館",
    "visits":279530,
    "city":"taipei",
    "地址":"100台灣台北市中正區南海路47號",
    "行政區":"中正區"
    }
  },
  {
    "type": "Feature",
    "geometry": {
       "type": "Point",
       "coordinates":  [ 121.5222662,25.0391377 ]
    },
    "properties": {
    "year":2018,
    "scenicspot":"青年局場館",
    "visits":670747,
    "city":"taipei",
    "地址":"100台北市中正區仁愛路一段17號1樓",
    "行政區":"中正區"
    }
  },
  {
    "type": "Feature",
    "geometry": {
       "type": "Point",
       "coordinates":  [ 121.5501199,25.0506849 ]
    },
    "properties": {
    "year":2018,
    "scenicspot":"小巨蛋",
    "visits":1136216,
    "city":"taipei",
    "地址":"105037台灣台北市松山區南京東路四段2號",
    "行政區":"松山區"
    }
  },
  {
    "type": "Feature",
    "geometry": {
       "type": "Point",
       "coordinates":  [ 121.515564,25.040396 ]
    },
    "properties": {
    "year":2018,
    "scenicspot":"二二八紀念館",
    "visits":0,
    "city":"taipei",
    "地址":"100台灣台北市中正區凱達格蘭大道3號",
    "行政區":"中正區"
    }
  },
  {
    "type": "Feature",
    "geometry": {
       "type": "Point",
       "coordinates":  [ 121.5471582,25.0381871 ]
    },
    "properties": {
    "year":2018,
    "scenicspot":"兒童交通博物館",
    "visits":0,
    "city":"taipei",
    "地址":"106台灣台北市大安區仁愛路四段77號5樓",
    "行政區":"大安區"
    }
  },
  {
    "type": "Feature",
    "geometry": {
       "type": "Point",
       "coordinates":  [ 121.5245933,25.0731071 ]
    },
    "properties": {
    "year":2018,
    "scenicspot":"圓山別莊",
    "visits":28193,
    "city":"taipei",
    "地址":"10491台灣台北市中山區中山北路三段181-1號MAISON ACME｜圓山別邸",
    "行政區":"中山區"
    }
  },
  {
    "type": "Feature",
    "geometry": {
       "type": "Point",
       "coordinates":  [ 121.5253585,25.0202507 ]
    },
    "properties": {
    "year":2018,
    "scenicspot":"客家文化主題公園",
    "visits":728753,
    "city":"taipei",
    "地址":"100台灣台北市中正區汀州路三段2號臺北市客家文化主題公園-場地租借、假日市集",
    "行政區":"中正區"
    }
  },
  {
    "type": "Feature",
    "geometry": {
       "type": "Point",
       "coordinates":  [ 121.5809857,24.9985635 ]
    },
    "properties": {
    "year":2018,
    "scenicspot":"市立動物園",
    "visits":3252458,
    "city":"taipei",
    "地址":"116台灣台北市文山區新光路二段30號",
    "行政區":"文山區"
    }
  },
  {
    "type": "Feature",
    "geometry": {
       "type": "Point",
       "coordinates":  [ 121.514951,25.0972351 ]
    },
    "properties": {
    "year":2018,
    "scenicspot":"市立兒童新樂園",
    "visits":2079454,
    "city":"taipei",
    "地址":"11169台灣台北市士林區承德路五段55號",
    "行政區":"士林區"
    }
  },
  {
    "type": "Feature",
    "geometry": {
       "type": "Point",
       "coordinates":  [ 121.5303215,25.013284 ]
    },
    "properties": {
    "year":2018,
    "scenicspot":"臺北自來水園區",
    "visits":1216287,
    "city":"taipei",
    "地址":"100台灣台北市中正區思源街1號自來水園區",
    "行政區":"中正區"
    }
  },
  {
    "type": "Feature",
    "geometry": {
       "type": "Point",
       "coordinates":  [ 121.50715,25.1365694 ]
    },
    "properties": {
    "year":2018,
    "scenicspot":"北投溫泉博物館",
    "visits":85156,
    "city":"taipei",
    "地址":"112台灣台北市北投區中山路2號",
    "行政區":"北投區"
    }
  },
  {
    "type": "Feature",
    "geometry": {
       "type": "Point",
       "coordinates":  [ 121.5201832,25.035502 ]
    },
    "properties": {
    "year":2018,
    "scenicspot":"國立中正紀念堂",
    "visits":4419082,
    "city":"taipei",
    "地址":"100台灣台北市中正區",
    "行政區":"中正區"
    }
  },
  {
    "type": "Feature",
    "geometry": {
       "type": "Point",
       "coordinates":  [ 121.4998654,25.0373106 ]
    },
    "properties": {
    "year":2018,
    "scenicspot":"龍山寺",
    "visits":0,
    "city":"taipei",
    "地址":"10853台灣台北市萬華區廣州街211號",
    "行政區":"萬華區"
    }
  },
  {
    "type": "Feature",
    "geometry": {
       "type": "Point",
       "coordinates":  [ 121.5183633,25.0958186 ]
    },
    "properties": {
    "year":2018,
    "scenicspot":"市立天文科學教育館",
    "visits":846112,
    "city":"taipei",
    "地址":"111台灣台北市士林區基河路363號",
    "行政區":"士林區"
    }
  },
  {
    "type": "Feature",
    "geometry": {
       "type": "Point",
       "coordinates":  [ 121.5291642,25.0913793 ]
    },
    "properties": {
    "year":2018,
    "scenicspot":"士林官邸公園",
    "visits":2804484,
    "city":"taipei",
    "地址":"111台灣台北市士林區中山北路五段460巷4號士林官邸公園",
    "行政區":"士林區"
    }
  },
  {
    "type": "Feature",
    "geometry": {
       "type": "Point",
       "coordinates":  [ 121.4708333,25.1188889 ]
    },
    "properties": {
    "year":2018,
    "scenicspot":"關渡自然公園",
    "visits":132641,
    "city":"taipei",
    "地址":"112台灣台北市北投區關渡路55號關渡自然公園",
    "行政區":"北投區"
    }
  },
  {
    "type": "Feature",
    "geometry": {
       "type": "Point",
       "coordinates":  [ 121.5094593,25.0318511 ]
    },
    "properties": {
    "year":2019,
    "scenicspot":"台北植物園",
    "visits":0,
    "city":"taipei",
    "地址":"100台灣台北市中正區南海路53號臺北植物園",
    "行政區":"中正區"
    }
  },
  {
    "type": "Feature",
    "geometry": {
       "type": "Point",
       "coordinates":  [ 121.5401001,25.1592121 ]
    },
    "properties": {
    "year":2019,
    "scenicspot":"陽明公園[陽明山]",
    "visits":1149060,
    "city":"taipei",
    "地址":"112台灣台北市北投區湖山路二段26號陽明公園",
    "行政區":"北投區"
    }
  },
  {
    "type": "Feature",
    "geometry": {
       "type": "Point",
       "coordinates":  [ 121.5155703,25.0731088 ]
    },
    "properties": {
    "year":2019,
    "scenicspot":"大龍峒保安宮",
    "visits":886170,
    "city":"taipei",
    "地址":"103台灣台北市大同區哈密街61號",
    "行政區":"大同區"
    }
  },
  {
    "type": "Feature",
    "geometry": {
       "type": "Point",
       "coordinates":  [ 121.5111994,25.0315698 ]
    },
    "properties": {
    "year":2019,
    "scenicspot":"國立歷史博物館",
    "visits":1415826,
    "city":"taipei",
    "地址":"100台灣台北市中正區南海路49號",
    "行政區":"中正區"
    }
  },
  {
    "type": "Feature",
    "geometry": {
       "type": "Point",
       "coordinates":  [ 121.5120687,25.0322925 ]
    },
    "properties": {
    "year":2019,
    "scenicspot":"國立臺灣藝術教育館",
    "visits":328595,
    "city":"taipei",
    "地址":"100台灣台北市中正區南海路47號",
    "行政區":"中正區"
    }
  },
  {
    "type": "Feature",
    "geometry": {
       "type": "Point",
       "coordinates":  [ 121.5519788,25.1009785 ]
    },
    "properties": {
    "year":2019,
    "scenicspot":"順益臺灣原住民博物館",
    "visits":0,
    "city":"taipei",
    "地址":"111台灣台北市士林區至善路二段282號",
    "行政區":"士林區"
    }
  },
  {
    "type": "Feature",
    "geometry": {
       "type": "Point",
       "coordinates":  [ 121.5329556,25.0794115 ]
    },
    "properties": {
    "year":2019,
    "scenicspot":"國民革命忠烈祠",
    "visits":1638495,
    "city":"taipei",
    "地址":"10491台灣台北市中山區北安路139號",
    "行政區":"中山區"
    }
  },
  {
    "type": "Feature",
    "geometry": {
       "type": "Point",
       "coordinates":  [ 121.5332629,25.0105988 ]
    },
    "properties": {
    "year":2019,
    "scenicspot":"寶藏巖",
    "visits":370796,
    "city":"taipei",
    "地址":"100台灣台北市中正區汀州路三段230巷23號",
    "行政區":"中正區"
    }
  },
  {
    "type": "Feature",
    "geometry": {
       "type": "Point",
       "coordinates":  [ 121.5102169,25.0555941 ]
    },
    "properties": {
    "year":2019,
    "scenicspot":"台北霞海城隍廟",
    "visits":0,
    "city":"taipei",
    "地址":"103台灣台北市大同區迪化街一段61號",
    "行政區":"大同區"
    }
  },
  {
    "type": "Feature",
    "geometry": {
       "type": "Point",
       "coordinates":  [ 121.5201832,25.035502 ]
    },
    "properties": {
    "year":2019,
    "scenicspot":"國立中正紀念堂",
    "visits":5207998,
    "city":"taipei",
    "地址":"100台灣台北市中正區",
    "行政區":"中正區"
    }
  },
  {
    "type": "Feature",
    "geometry": {
       "type": "Point",
       "coordinates":  [ 121.5243691,25.0851242 ]
    },
    "properties": {
    "year":2019,
    "scenicspot":"臺北表演藝術中心",
    "visits":0,
    "city":"taipei",
    "地址":"111台灣台北市士林區劍潭路1號",
    "行政區":"士林區"
    }
  },
  {
    "type": "Feature",
    "geometry": {
       "type": "Point",
       "coordinates":  [ 121.5077445,25.0428337 ]
    },
    "properties": {
    "year":2019,
    "scenicspot":"西門町商圈",
    "visits":0,
    "city":"taipei",
    "地址":"108台灣台北市萬華區漢中街127號",
    "行政區":"萬華區"
    }
  },
  {
    "type": "Feature",
    "geometry": {
       "type": "Point",
       "coordinates":  [ 121.5068592,25.0420139 ]
    },
    "properties": {
    "year":2019,
    "scenicspot":"西門紅樓",
    "visits":5036969,
    "city":"taipei",
    "地址":"108台灣台北市萬華區成都路10號",
    "行政區":"萬華區"
    }
  },
  {
    "type": "Feature",
    "geometry": {
       "type": "Point",
       "coordinates":  [ 121.515564,25.040396 ]
    },
    "properties": {
    "year":2019,
    "scenicspot":"二二八紀念館",
    "visits":0,
    "city":"taipei",
    "地址":"100台灣台北市中正區凱達格蘭大道3號",
    "行政區":"中正區"
    }
  },
  {
    "type": "Feature",
    "geometry": {
       "type": "Point",
       "coordinates":  [ 121.5606383,25.0438366 ]
    },
    "properties": {
    "year":2019,
    "scenicspot":"松山文創園區",
    "visits":0,
    "city":"taipei",
    "地址":"11072台灣台北市信義區光復南路133號",
    "行政區":"信義區"
    }
  },
  {
    "type": "Feature",
    "geometry": {
       "type": "Point",
       "coordinates":  [ 121.599042,25.0526926 ]
    },
    "properties": {
    "year":2019,
    "scenicspot":"臺北流行音樂中心",
    "visits":0,
    "city":"taipei",
    "地址":"115台灣台北市南港區市民大道八段99號",
    "行政區":"南港區"
    }
  },
  {
    "type": "Feature",
    "geometry": {
       "type": "Point",
       "coordinates":  [ 121.5293583,25.0440698 ]
    },
    "properties": {
    "year":2019,
    "scenicspot":"華山1914文化創意產業園區",
    "visits":0,
    "city":"taipei",
    "地址":"100台灣台北市中正區八德路一段1號",
    "行政區":"中正區"
    }
  },
  {
    "type": "Feature",
    "geometry": {
       "type": "Point",
       "coordinates":  [ 121.5189766,25.0508047 ]
    },
    "properties": {
    "year":2019,
    "scenicspot":"台北當代藝術館",
    "visits":337381,
    "city":"taipei",
    "地址":"103台灣台北市大同區長安西路39號",
    "行政區":"大同區"
    }
  },
  {
    "type": "Feature",
    "geometry": {
       "type": "Point",
       "coordinates":  [ 121.5248102,25.0724118 ]
    },
    "properties": {
    "year":2019,
    "scenicspot":"市立美術館",
    "visits":520889,
    "city":"taipei",
    "地址":"10491台灣台北市中山區中山北路三段181號",
    "行政區":"中山區"
    }
  },
  {
    "type": "Feature",
    "geometry": {
       "type": "Point",
       "coordinates":  [ 121.5087651,25.1369293 ]
    },
    "properties": {
    "year":2019,
    "scenicspot":"梅庭",
    "visits":614229,
    "city":"taipei",
    "地址":"112台灣台北市北投區中山路6號",
    "行政區":"北投區"
    }
  },
  {
    "type": "Feature",
    "geometry": {
       "type": "Point",
       "coordinates":  [ 121.5319248,25.1042763 ]
    },
    "properties": {
    "year":2019,
    "scenicspot":"芝山文化生態綠園",
    "visits":66427,
    "city":"taipei",
    "地址":"111台灣台北市士林區雨聲街120號芝山文化生態綠園",
    "行政區":"士林區"
    }
  },
  {
    "type": "Feature",
    "geometry": {
       "type": "Point",
       "coordinates":  [ 121.5645389,25.033976 ]
    },
    "properties": {
    "year":2019,
    "scenicspot":"台北101",
    "visits":2388182,
    "city":"taipei",
    "地址":"Taipei 101, No. 7信義路五段信義區台北市台灣 110",
    "行政區":"信義區"
    }
  },
  {
    "type": "Feature",
    "geometry": {
       "type": "Point",
       "coordinates":  [ 121.5222662,25.0391377 ]
    },
    "properties": {
    "year":2019,
    "scenicspot":"青年局場館",
    "visits":676742,
    "city":"taipei",
    "地址":"100台北市中正區仁愛路一段17號1樓",
    "行政區":"中正區"
    }
  },
  {
    "type": "Feature",
    "geometry": {
       "type": "Point",
       "coordinates":  [ 121.5501199,25.0506849 ]
    },
    "properties": {
    "year":2019,
    "scenicspot":"小巨蛋",
    "visits":1208552,
    "city":"taipei",
    "地址":"105037台灣台北市松山區南京東路四段2號",
    "行政區":"松山區"
    }
  },
  {
    "type": "Feature",
    "geometry": {
       "type": "Point",
       "coordinates":  [ 121.5253585,25.0202507 ]
    },
    "properties": {
    "year":2019,
    "scenicspot":"客家文化主題公園",
    "visits":543552,
    "city":"taipei",
    "地址":"100台灣台北市中正區汀州路三段2號臺北市客家文化主題公園-場地租借、假日市集",
    "行政區":"中正區"
    }
  },
  {
    "type": "Feature",
    "geometry": {
       "type": "Point",
       "coordinates":  [ 121.5057526,25.1371098 ]
    },
    "properties": {
    "year":2019,
    "scenicspot":"凱達格蘭文化館",
    "visits":238779,
    "city":"taipei",
    "地址":"112台灣台北市北投區中山路3-1號",
    "行政區":"北投區"
    }
  },
  {
    "type": "Feature",
    "geometry": {
       "type": "Point",
       "coordinates":  [ 121.5164742,25.0962609 ]
    },
    "properties": {
    "year":2019,
    "scenicspot":"國立臺灣科學教育館",
    "visits":3000761,
    "city":"taipei",
    "地址":"111台灣台北市士林區士商路189號",
    "行政區":"士林區"
    }
  },
  {
    "type": "Feature",
    "geometry": {
       "type": "Point",
       "coordinates":  [ 121.5183633,25.0958186 ]
    },
    "properties": {
    "year":2019,
    "scenicspot":"市立天文科學教育館",
    "visits":879486,
    "city":"taipei",
    "地址":"111台灣台北市士林區基河路363號",
    "行政區":"士林區"
    }
  },
  {
    "type": "Feature",
    "geometry": {
       "type": "Point",
       "coordinates":  [ 121.4998654,25.0373106 ]
    },
    "properties": {
    "year":2019,
    "scenicspot":"龍山寺",
    "visits":0,
    "city":"taipei",
    "地址":"10853台灣台北市萬華區廣州街211號",
    "行政區":"萬華區"
    }
  },
  {
    "type": "Feature",
    "geometry": {
       "type": "Point",
       "coordinates":  [ 121.5638158,25.0375241 ]
    },
    "properties": {
    "year":2019,
    "scenicspot":"台北探索館",
    "visits":231480,
    "city":"taipei",
    "地址":"110台灣台北市信義區市府路1號",
    "行政區":"信義區"
    }
  },
  {
    "type": "Feature",
    "geometry": {
       "type": "Point",
       "coordinates":  [ 121.5245933,25.0731071 ]
    },
    "properties": {
    "year":2019,
    "scenicspot":"圓山別莊",
    "visits":20593,
    "city":"taipei",
    "地址":"10491台灣台北市中山區中山北路三段181-1號MAISON ACME｜圓山別邸",
    "行政區":"中山區"
    }
  },
  {
    "type": "Feature",
    "geometry": {
       "type": "Point",
       "coordinates":  [ 121.514951,25.0972351 ]
    },
    "properties": {
    "year":2019,
    "scenicspot":"市立兒童新樂園",
    "visits":2052414,
    "city":"taipei",
    "地址":"11169台灣台北市士林區承德路五段55號",
    "行政區":"士林區"
    }
  },
  {
    "type": "Feature",
    "geometry": {
       "type": "Point",
       "coordinates":  [ 121.5809857,24.9985635 ]
    },
    "properties": {
    "year":2019,
    "scenicspot":"市立動物園",
    "visits":3434650,
    "city":"taipei",
    "地址":"116台灣台北市文山區新光路二段30號",
    "行政區":"文山區"
    }
  },
  {
    "type": "Feature",
    "geometry": {
       "type": "Point",
       "coordinates":  [ 121.5471582,25.0381871 ]
    },
    "properties": {
    "year":2019,
    "scenicspot":"兒童交通博物館",
    "visits":0,
    "city":"taipei",
    "地址":"106台灣台北市大安區仁愛路四段77號5樓",
    "行政區":"大安區"
    }
  },
  {
    "type": "Feature",
    "geometry": {
       "type": "Point",
       "coordinates":  [ 121.5602452,25.0400306 ]
    },
    "properties": {
    "year":2019,
    "scenicspot":"國立國父紀念館",
    "visits":4715885,
    "city":"taipei",
    "地址":"110台灣台北市信義區仁愛路四段505號國立國父紀念館",
    "行政區":"信義區"
    }
  },
  {
    "type": "Feature",
    "geometry": {
       "type": "Point",
       "coordinates":  [ 121.50715,25.1365694 ]
    },
    "properties": {
    "year":2019,
    "scenicspot":"北投溫泉博物館",
    "visits":416568,
    "city":"taipei",
    "地址":"112台灣台北市北投區中山路2號",
    "行政區":"北投區"
    }
  },
  {
    "type": "Feature",
    "geometry": {
       "type": "Point",
       "coordinates":  [ 121.5303215,25.013284 ]
    },
    "properties": {
    "year":2019,
    "scenicspot":"臺北自來水園區",
    "visits":1346027,
    "city":"taipei",
    "地址":"100台灣台北市中正區思源街1號自來水園區",
    "行政區":"中正區"
    }
  },
  {
    "type": "Feature",
    "geometry": {
       "type": "Point",
       "coordinates":  [ 121.5303543,25.0723739 ]
    },
    "properties": {
    "year":2019,
    "scenicspot":"林安泰古厝民俗文物館",
    "visits":0,
    "city":"taipei",
    "地址":"10491台灣台北市中山區濱江街5號",
    "行政區":"中山區"
    }
  },
  {
    "type": "Feature",
    "geometry": {
       "type": "Point",
       "coordinates":  [ 121.5161793,25.0727623 ]
    },
    "properties": {
    "year":2019,
    "scenicspot":"臺北市孔廟",
    "visits":445313,
    "city":"taipei",
    "地址":"103台灣台北市大同區大龍街275號",
    "行政區":"大同區"
    }
  },
  {
    "type": "Feature",
    "geometry": {
       "type": "Point",
       "coordinates":  [ 121.5381154,25.154278 ]
    },
    "properties": {
    "year":2019,
    "scenicspot":"草山行館",
    "visits":32351,
    "city":"taipei",
    "地址":"112台灣台北市北投區湖底路89號",
    "行政區":"北投區"
    }
  },
  {
    "type": "Feature",
    "geometry": {
       "type": "Point",
       "coordinates":  [ 121.546921,25.1096252 ]
    },
    "properties": {
    "year":2019,
    "scenicspot":"林語堂故居",
    "visits":0,
    "city":"taipei",
    "地址":"111台灣台北市士林區仰德大道二段141號141號林語堂故居",
    "行政區":"士林區"
    }
  },
  {
    "type": "Feature",
    "geometry": {
       "type": "Point",
       "coordinates":  [ 121.5484925,25.1023554 ]
    },
    "properties": {
    "year":2019,
    "scenicspot":"國立故宮博物院",
    "visits":3832373,
    "city":"taipei",
    "地址":"111台灣台北市士林區至善路二段221號",
    "行政區":"士林區"
    }
  },
  {
    "type": "Feature",
    "geometry": {
       "type": "Point",
       "coordinates":  [ 121.5291642,25.0913793 ]
    },
    "properties": {
    "year":2019,
    "scenicspot":"士林官邸公園",
    "visits":2815012,
    "city":"taipei",
    "地址":"111台灣台北市士林區中山北路五段460巷4號士林官邸公園",
    "行政區":"士林區"
    }
  },
  {
    "type": "Feature",
    "geometry": {
       "type": "Point",
       "coordinates":  [ 121.5577484,25.0829319 ]
    },
    "properties": {
    "year":2019,
    "scenicspot":"美麗華百樂園摩天輪",
    "visits":225710,
    "city":"taipei",
    "地址":"10491台灣台北市中山區敬業三路20號5樓",
    "行政區":"中山區"
    }
  },
  {
    "type": "Feature",
    "geometry": {
       "type": "Point",
       "coordinates":  [ 121.4708333,25.1188889 ]
    },
    "properties": {
    "year":2019,
    "scenicspot":"關渡自然公園",
    "visits":121554,
    "city":"taipei",
    "地址":"112台灣台北市北投區關渡路55號關渡自然公園",
    "行政區":"北投區"
    }
  },
  {
    "type": "Feature",
    "geometry": {
       "type": "Point",
       "coordinates":  [ 121.5303215,25.013284 ]
    },
    "properties": {
    "year":2020,
    "scenicspot":"臺北自來水園區",
    "visits":1429676,
    "city":"taipei",
    "地址":"100台灣台北市中正區思源街1號自來水園區",
    "行政區":"中正區"
    }
  },
  {
    "type": "Feature",
    "geometry": {
       "type": "Point",
       "coordinates":  [ 121.5332629,25.0105988 ]
    },
    "properties": {
    "year":2020,
    "scenicspot":"寶藏巖",
    "visits":343505,
    "city":"taipei",
    "地址":"100台灣台北市中正區汀州路三段230巷23號",
    "行政區":"中正區"
    }
  },
  {
    "type": "Feature",
    "geometry": {
       "type": "Point",
       "coordinates":  [ 121.5201832,25.035502 ]
    },
    "properties": {
    "year":2020,
    "scenicspot":"國立中正紀念堂",
    "visits":1577122,
    "city":"taipei",
    "地址":"100台灣台北市中正區",
    "行政區":"中正區"
    }
  },
  {
    "type": "Feature",
    "geometry": {
       "type": "Point",
       "coordinates":  [ 121.514951,25.0972351 ]
    },
    "properties": {
    "year":2020,
    "scenicspot":"市立兒童新樂園",
    "visits":1459733,
    "city":"taipei",
    "地址":"11169台灣台北市士林區承德路五段55號",
    "行政區":"士林區"
    }
  },
  {
    "type": "Feature",
    "geometry": {
       "type": "Point",
       "coordinates":  [ 121.5183633,25.0958186 ]
    },
    "properties": {
    "year":2020,
    "scenicspot":"市立天文科學教育館",
    "visits":618336,
    "city":"taipei",
    "地址":"111台灣台北市士林區基河路363號",
    "行政區":"士林區"
    }
  },
  {
    "type": "Feature",
    "geometry": {
       "type": "Point",
       "coordinates":  [ 121.5471582,25.0381871 ]
    },
    "properties": {
    "year":2020,
    "scenicspot":"兒童交通博物館",
    "visits":0,
    "city":"taipei",
    "地址":"106台灣台北市大安區仁愛路四段77號5樓",
    "行政區":"大安區"
    }
  },
  {
    "type": "Feature",
    "geometry": {
       "type": "Point",
       "coordinates":  [ 121.5253585,25.0202507 ]
    },
    "properties": {
    "year":2020,
    "scenicspot":"客家文化主題公園",
    "visits":304279,
    "city":"taipei",
    "地址":"100台灣台北市中正區汀州路三段2號臺北市客家文化主題公園-場地租借、假日市集",
    "行政區":"中正區"
    }
  },
  {
    "type": "Feature",
    "geometry": {
       "type": "Point",
       "coordinates":  [ 121.5501199,25.0506849 ]
    },
    "properties": {
    "year":2020,
    "scenicspot":"小巨蛋",
    "visits":799179,
    "city":"taipei",
    "地址":"105037台灣台北市松山區南京東路四段2號",
    "行政區":"松山區"
    }
  },
  {
    "type": "Feature",
    "geometry": {
       "type": "Point",
       "coordinates":  [ 121.5222662,25.0391377 ]
    },
    "properties": {
    "year":2020,
    "scenicspot":"青年局場館",
    "visits":521154,
    "city":"taipei",
    "地址":"100台北市中正區仁愛路一段17號1樓",
    "行政區":"中正區"
    }
  },
  {
    "type": "Feature",
    "geometry": {
       "type": "Point",
       "coordinates":  [ 121.5602452,25.0400306 ]
    },
    "properties": {
    "year":2020,
    "scenicspot":"國立國父紀念館",
    "visits":2093050,
    "city":"taipei",
    "地址":"110台灣台北市信義區仁愛路四段505號國立國父紀念館",
    "行政區":"信義區"
    }
  },
  {
    "type": "Feature",
    "geometry": {
       "type": "Point",
       "coordinates":  [ 121.5291642,25.0913793 ]
    },
    "properties": {
    "year":2020,
    "scenicspot":"士林官邸公園",
    "visits":1598240,
    "city":"taipei",
    "地址":"111台灣台北市士林區中山北路五段460巷4號士林官邸公園",
    "行政區":"士林區"
    }
  },
  {
    "type": "Feature",
    "geometry": {
       "type": "Point",
       "coordinates":  [ 121.5484925,25.1023554 ]
    },
    "properties": {
    "year":2020,
    "scenicspot":"國立故宮博物院",
    "visits":642163,
    "city":"taipei",
    "地址":"111台灣台北市士林區至善路二段221號",
    "行政區":"士林區"
    }
  },
  {
    "type": "Feature",
    "geometry": {
       "type": "Point",
       "coordinates":  [ 121.5303543,25.0723739 ]
    },
    "properties": {
    "year":2020,
    "scenicspot":"林安泰古厝民俗文物館",
    "visits":0,
    "city":"taipei",
    "地址":"10491台灣台北市中山區濱江街5號",
    "行政區":"中山區"
    }
  },
  {
    "type": "Feature",
    "geometry": {
       "type": "Point",
       "coordinates":  [ 121.5248102,25.0724118 ]
    },
    "properties": {
    "year":2020,
    "scenicspot":"市立美術館",
    "visits":478157,
    "city":"taipei",
    "地址":"10491台灣台北市中山區中山北路三段181號",
    "行政區":"中山區"
    }
  },
  {
    "type": "Feature",
    "geometry": {
       "type": "Point",
       "coordinates":  [ 121.5120687,25.0322925 ]
    },
    "properties": {
    "year":2020,
    "scenicspot":"國立臺灣藝術教育館",
    "visits":280590,
    "city":"taipei",
    "地址":"100台灣台北市中正區南海路47號",
    "行政區":"中正區"
    }
  },
  {
    "type": "Feature",
    "geometry": {
       "type": "Point",
       "coordinates":  [ 121.5519788,25.1009785 ]
    },
    "properties": {
    "year":2020,
    "scenicspot":"順益臺灣原住民博物館",
    "visits":0,
    "city":"taipei",
    "地址":"111台灣台北市士林區至善路二段282號",
    "行政區":"士林區"
    }
  },
  {
    "type": "Feature",
    "geometry": {
       "type": "Point",
       "coordinates":  [ 121.5094593,25.0318511 ]
    },
    "properties": {
    "year":2020,
    "scenicspot":"台北植物園",
    "visits":0,
    "city":"taipei",
    "地址":"100台灣台北市中正區南海路53號臺北植物園",
    "行政區":"中正區"
    }
  },
  {
    "type": "Feature",
    "geometry": {
       "type": "Point",
       "coordinates":  [ 121.5293583,25.0440698 ]
    },
    "properties": {
    "year":2020,
    "scenicspot":"華山1914文化創意產業園區",
    "visits":0,
    "city":"taipei",
    "地址":"100台灣台北市中正區八德路一段1號",
    "行政區":"中正區"
    }
  },
  {
    "type": "Feature",
    "geometry": {
       "type": "Point",
       "coordinates":  [ 121.5401001,25.1592121 ]
    },
    "properties": {
    "year":2020,
    "scenicspot":"陽明公園[陽明山]",
    "visits":764625,
    "city":"taipei",
    "地址":"112台灣台北市北投區湖山路二段26號陽明公園",
    "行政區":"北投區"
    }
  },
  {
    "type": "Feature",
    "geometry": {
       "type": "Point",
       "coordinates":  [ 121.5606383,25.0438366 ]
    },
    "properties": {
    "year":2020,
    "scenicspot":"松山文創園區",
    "visits":0,
    "city":"taipei",
    "地址":"11072台灣台北市信義區光復南路133號",
    "行政區":"信義區"
    }
  },
  {
    "type": "Feature",
    "geometry": {
       "type": "Point",
       "coordinates":  [ 121.515564,25.040396 ]
    },
    "properties": {
    "year":2020,
    "scenicspot":"二二八紀念館",
    "visits":0,
    "city":"taipei",
    "地址":"100台灣台北市中正區凱達格蘭大道3號",
    "行政區":"中正區"
    }
  },
  {
    "type": "Feature",
    "geometry": {
       "type": "Point",
       "coordinates":  [ 121.5077445,25.0428337 ]
    },
    "properties": {
    "year":2020,
    "scenicspot":"西門町商圈",
    "visits":0,
    "city":"taipei",
    "地址":"108台灣台北市萬華區漢中街127號",
    "行政區":"萬華區"
    }
  },
  {
    "type": "Feature",
    "geometry": {
       "type": "Point",
       "coordinates":  [ 121.5329556,25.0794115 ]
    },
    "properties": {
    "year":2020,
    "scenicspot":"國民革命忠烈祠",
    "visits":166356,
    "city":"taipei",
    "地址":"10491台灣台北市中山區北安路139號",
    "行政區":"中山區"
    }
  },
  {
    "type": "Feature",
    "geometry": {
       "type": "Point",
       "coordinates":  [ 121.5319248,25.1042763 ]
    },
    "properties": {
    "year":2020,
    "scenicspot":"芝山文化生態綠園",
    "visits":58867,
    "city":"taipei",
    "地址":"111台灣台北市士林區雨聲街120號芝山文化生態綠園",
    "行政區":"士林區"
    }
  },
  {
    "type": "Feature",
    "geometry": {
       "type": "Point",
       "coordinates":  [ 121.599042,25.0526926 ]
    },
    "properties": {
    "year":2020,
    "scenicspot":"臺北流行音樂中心",
    "visits":0,
    "city":"taipei",
    "地址":"115台灣台北市南港區市民大道八段99號",
    "行政區":"南港區"
    }
  },
  {
    "type": "Feature",
    "geometry": {
       "type": "Point",
       "coordinates":  [ 121.5102169,25.0555941 ]
    },
    "properties": {
    "year":2020,
    "scenicspot":"台北霞海城隍廟",
    "visits":0,
    "city":"taipei",
    "地址":"103台灣台北市大同區迪化街一段61號",
    "行政區":"大同區"
    }
  },
  {
    "type": "Feature",
    "geometry": {
       "type": "Point",
       "coordinates":  [ 121.5189766,25.0508047 ]
    },
    "properties": {
    "year":2020,
    "scenicspot":"台北當代藝術館",
    "visits":136031,
    "city":"taipei",
    "地址":"103台灣台北市大同區長安西路39號",
    "行政區":"大同區"
    }
  },
  {
    "type": "Feature",
    "geometry": {
       "type": "Point",
       "coordinates":  [ 121.546921,25.1096252 ]
    },
    "properties": {
    "year":2020,
    "scenicspot":"林語堂故居",
    "visits":0,
    "city":"taipei",
    "地址":"111台灣台北市士林區仰德大道二段141號141號林語堂故居",
    "行政區":"士林區"
    }
  },
  {
    "type": "Feature",
    "geometry": {
       "type": "Point",
       "coordinates":  [ 121.5645389,25.033976 ]
    },
    "properties": {
    "year":2020,
    "scenicspot":"台北101",
    "visits":623419,
    "city":"taipei",
    "地址":"Taipei 101, No. 7信義路五段信義區台北市台灣 110",
    "行政區":"信義區"
    }
  },
  {
    "type": "Feature",
    "geometry": {
       "type": "Point",
       "coordinates":  [ 121.5155703,25.0731088 ]
    },
    "properties": {
    "year":2020,
    "scenicspot":"大龍峒保安宮",
    "visits":611486,
    "city":"taipei",
    "地址":"103台灣台北市大同區哈密街61號",
    "行政區":"大同區"
    }
  },
  {
    "type": "Feature",
    "geometry": {
       "type": "Point",
       "coordinates":  [ 121.5809857,24.9985635 ]
    },
    "properties": {
    "year":2020,
    "scenicspot":"市立動物園",
    "visits":2306123,
    "city":"taipei",
    "地址":"116台灣台北市文山區新光路二段30號",
    "行政區":"文山區"
    }
  },
  {
    "type": "Feature",
    "geometry": {
       "type": "Point",
       "coordinates":  [ 121.5087651,25.1369293 ]
    },
    "properties": {
    "year":2020,
    "scenicspot":"梅庭",
    "visits":227899,
    "city":"taipei",
    "地址":"112台灣台北市北投區中山路6號",
    "行政區":"北投區"
    }
  },
  {
    "type": "Feature",
    "geometry": {
       "type": "Point",
       "coordinates":  [ 121.5577484,25.0829319 ]
    },
    "properties": {
    "year":2020,
    "scenicspot":"美麗華百樂園摩天輪",
    "visits":142227,
    "city":"taipei",
    "地址":"10491台灣台北市中山區敬業三路20號5樓",
    "行政區":"中山區"
    }
  },
  {
    "type": "Feature",
    "geometry": {
       "type": "Point",
       "coordinates":  [ 121.50715,25.1365694 ]
    },
    "properties": {
    "year":2020,
    "scenicspot":"北投溫泉博物館",
    "visits":214806,
    "city":"taipei",
    "地址":"112台灣台北市北投區中山路2號",
    "行政區":"北投區"
    }
  },
  {
    "type": "Feature",
    "geometry": {
       "type": "Point",
       "coordinates":  [ 121.5161793,25.0727623 ]
    },
    "properties": {
    "year":2020,
    "scenicspot":"臺北市孔廟",
    "visits":288921,
    "city":"taipei",
    "地址":"103台灣台北市大同區大龍街275號",
    "行政區":"大同區"
    }
  },
  {
    "type": "Feature",
    "geometry": {
       "type": "Point",
       "coordinates":  [ 121.4998654,25.0373106 ]
    },
    "properties": {
    "year":2020,
    "scenicspot":"龍山寺",
    "visits":0,
    "city":"taipei",
    "地址":"10853台灣台北市萬華區廣州街211號",
    "行政區":"萬華區"
    }
  },
  {
    "type": "Feature",
    "geometry": {
       "type": "Point",
       "coordinates":  [ 121.5111994,25.0315698 ]
    },
    "properties": {
    "year":2020,
    "scenicspot":"國立歷史博物館",
    "visits":1287700,
    "city":"taipei",
    "地址":"100台灣台北市中正區南海路49號",
    "行政區":"中正區"
    }
  },
  {
    "type": "Feature",
    "geometry": {
       "type": "Point",
       "coordinates":  [ 121.5068592,25.0420139 ]
    },
    "properties": {
    "year":2020,
    "scenicspot":"西門紅樓",
    "visits":2076480,
    "city":"taipei",
    "地址":"108台灣台北市萬華區成都路10號",
    "行政區":"萬華區"
    }
  },
  {
    "type": "Feature",
    "geometry": {
       "type": "Point",
       "coordinates":  [ 121.4708333,25.1188889 ]
    },
    "properties": {
    "year":2020,
    "scenicspot":"關渡自然公園",
    "visits":116559,
    "city":"taipei",
    "地址":"112台灣台北市北投區關渡路55號關渡自然公園",
    "行政區":"北投區"
    }
  },
  {
    "type": "Feature",
    "geometry": {
       "type": "Point",
       "coordinates":  [ 121.5381154,25.154278 ]
    },
    "properties": {
    "year":2020,
    "scenicspot":"草山行館",
    "visits":42480,
    "city":"taipei",
    "地址":"112台灣台北市北投區湖底路89號",
    "行政區":"北投區"
    }
  },
  {
    "type": "Feature",
    "geometry": {
       "type": "Point",
       "coordinates":  [ 121.5245933,25.0731071 ]
    },
    "properties": {
    "year":2020,
    "scenicspot":"圓山別莊",
    "visits":0,
    "city":"taipei",
    "地址":"10491台灣台北市中山區中山北路三段181-1號MAISON ACME｜圓山別邸",
    "行政區":"中山區"
    }
  },
  {
    "type": "Feature",
    "geometry": {
       "type": "Point",
       "coordinates":  [ 121.5243691,25.0851242 ]
    },
    "properties": {
    "year":2020,
    "scenicspot":"臺北表演藝術中心",
    "visits":0,
    "city":"taipei",
    "地址":"111台灣台北市士林區劍潭路1號",
    "行政區":"士林區"
    }
  },
  {
    "type": "Feature",
    "geometry": {
       "type": "Point",
       "coordinates":  [ 121.5638158,25.0375241 ]
    },
    "properties": {
    "year":2020,
    "scenicspot":"台北探索館",
    "visits":190112,
    "city":"taipei",
    "地址":"110台灣台北市信義區市府路1號",
    "行政區":"信義區"
    }
  },
  {
    "type": "Feature",
    "geometry": {
       "type": "Point",
       "coordinates":  [ 121.5164742,25.0962609 ]
    },
    "properties": {
    "year":2020,
    "scenicspot":"國立臺灣科學教育館",
    "visits":1082345,
    "city":"taipei",
    "地址":"111台灣台北市士林區士商路189號",
    "行政區":"士林區"
    }
  },
  {
    "type": "Feature",
    "geometry": {
       "type": "Point",
       "coordinates":  [ 121.5057526,25.1371098 ]
    },
    "properties": {
    "year":2020,
    "scenicspot":"凱達格蘭文化館",
    "visits":240837,
    "city":"taipei",
    "地址":"112台灣台北市北投區中山路3-1號",
    "行政區":"北投區"
    }
  },
  {
    "type": "Feature",
    "geometry": {
       "type": "Point",
       "coordinates":  [ 121.5602452,25.0400306 ]
    },
    "properties": {
    "year":2021,
    "scenicspot":"國立國父紀念館",
    "visits":1368660,
    "city":"taipei",
    "地址":"110台灣台北市信義區仁愛路四段505號國立國父紀念館",
    "行政區":"信義區"
    }
  },
  {
    "type": "Feature",
    "geometry": {
       "type": "Point",
       "coordinates":  [ 121.5120687,25.0322925 ]
    },
    "properties": {
    "year":2021,
    "scenicspot":"國立臺灣藝術教育館",
    "visits":202570,
    "city":"taipei",
    "地址":"100台灣台北市中正區南海路47號",
    "行政區":"中正區"
    }
  },
  {
    "type": "Feature",
    "geometry": {
       "type": "Point",
       "coordinates":  [ 121.5577484,25.0829319 ]
    },
    "properties": {
    "year":2021,
    "scenicspot":"美麗華百樂園摩天輪",
    "visits":89561,
    "city":"taipei",
    "地址":"10491台灣台北市中山區敬業三路20號5樓",
    "行政區":"中山區"
    }
  },
  {
    "type": "Feature",
    "geometry": {
       "type": "Point",
       "coordinates":  [ 121.5291642,25.0913793 ]
    },
    "properties": {
    "year":2021,
    "scenicspot":"士林官邸公園",
    "visits":1564793,
    "city":"taipei",
    "地址":"111台灣台北市士林區中山北路五段460巷4號士林官邸公園",
    "行政區":"士林區"
    }
  },
  {
    "type": "Feature",
    "geometry": {
       "type": "Point",
       "coordinates":  [ 121.5245933,25.0731071 ]
    },
    "properties": {
    "year":2021,
    "scenicspot":"圓山別莊",
    "visits":700,
    "city":"taipei",
    "地址":"10491台灣台北市中山區中山北路三段181-1號MAISON ACME｜圓山別邸",
    "行政區":"中山區"
    }
  },
  {
    "type": "Feature",
    "geometry": {
       "type": "Point",
       "coordinates":  [ 121.5471582,25.0381871 ]
    },
    "properties": {
    "year":2021,
    "scenicspot":"兒童交通博物館",
    "visits":0,
    "city":"taipei",
    "地址":"106台灣台北市大安區仁愛路四段77號5樓",
    "行政區":"大安區"
    }
  },
  {
    "type": "Feature",
    "geometry": {
       "type": "Point",
       "coordinates":  [ 121.5645389,25.033976 ]
    },
    "properties": {
    "year":2021,
    "scenicspot":"台北101",
    "visits":163317,
    "city":"taipei",
    "地址":"Taipei 101, No. 7信義路五段信義區台北市台灣 110",
    "行政區":"信義區"
    }
  },
  {
    "type": "Feature",
    "geometry": {
       "type": "Point",
       "coordinates":  [ 121.5057526,25.1371098 ]
    },
    "properties": {
    "year":2021,
    "scenicspot":"凱達格蘭文化館",
    "visits":135471,
    "city":"taipei",
    "地址":"112台灣台北市北投區中山路3-1號",
    "行政區":"北投區"
    }
  },
  {
    "type": "Feature",
    "geometry": {
       "type": "Point",
       "coordinates":  [ 121.5253585,25.0202507 ]
    },
    "properties": {
    "year":2021,
    "scenicspot":"客家文化主題公園",
    "visits":257646,
    "city":"taipei",
    "地址":"100台灣台北市中正區汀州路三段2號臺北市客家文化主題公園-場地租借、假日市集",
    "行政區":"中正區"
    }
  },
  {
    "type": "Feature",
    "geometry": {
       "type": "Point",
       "coordinates":  [ 121.5183633,25.0958186 ]
    },
    "properties": {
    "year":2021,
    "scenicspot":"市立天文科學教育館",
    "visits":389821,
    "city":"taipei",
    "地址":"111台灣台北市士林區基河路363號",
    "行政區":"士林區"
    }
  },
  {
    "type": "Feature",
    "geometry": {
       "type": "Point",
       "coordinates":  [ 121.5501199,25.0506849 ]
    },
    "properties": {
    "year":2021,
    "scenicspot":"小巨蛋",
    "visits":476428,
    "city":"taipei",
    "地址":"105037台灣台北市松山區南京東路四段2號",
    "行政區":"松山區"
    }
  },
  {
    "type": "Feature",
    "geometry": {
       "type": "Point",
       "coordinates":  [ 121.546921,25.1096252 ]
    },
    "properties": {
    "year":2021,
    "scenicspot":"林語堂故居",
    "visits":0,
    "city":"taipei",
    "地址":"111台灣台北市士林區仰德大道二段141號141號林語堂故居",
    "行政區":"士林區"
    }
  },
  {
    "type": "Feature",
    "geometry": {
       "type": "Point",
       "coordinates":  [ 121.5222662,25.0391377 ]
    },
    "properties": {
    "year":2021,
    "scenicspot":"青年局場館",
    "visits":334124,
    "city":"taipei",
    "地址":"100台北市中正區仁愛路一段17號1樓",
    "行政區":"中正區"
    }
  },
  {
    "type": "Feature",
    "geometry": {
       "type": "Point",
       "coordinates":  [ 121.5638158,25.0375241 ]
    },
    "properties": {
    "year":2021,
    "scenicspot":"台北探索館",
    "visits":132962,
    "city":"taipei",
    "地址":"110台灣台北市信義區市府路1號",
    "行政區":"信義區"
    }
  },
  {
    "type": "Feature",
    "geometry": {
       "type": "Point",
       "coordinates":  [ 121.514951,25.0972351 ]
    },
    "properties": {
    "year":2021,
    "scenicspot":"市立兒童新樂園",
    "visits":910749,
    "city":"taipei",
    "地址":"11169台灣台北市士林區承德路五段55號",
    "行政區":"士林區"
    }
  },
  {
    "type": "Feature",
    "geometry": {
       "type": "Point",
       "coordinates":  [ 121.5164742,25.0962609 ]
    },
    "properties": {
    "year":2021,
    "scenicspot":"國立臺灣科學教育館",
    "visits":1158450,
    "city":"taipei",
    "地址":"111台灣台北市士林區士商路189號",
    "行政區":"士林區"
    }
  },
  {
    "type": "Feature",
    "geometry": {
       "type": "Point",
       "coordinates":  [ 121.5332629,25.0105988 ]
    },
    "properties": {
    "year":2021,
    "scenicspot":"寶藏巖",
    "visits":294169,
    "city":"taipei",
    "地址":"100台灣台北市中正區汀州路三段230巷23號",
    "行政區":"中正區"
    }
  },
  {
    "type": "Feature",
    "geometry": {
       "type": "Point",
       "coordinates":  [ 121.5809857,24.9985635 ]
    },
    "properties": {
    "year":2021,
    "scenicspot":"市立動物園",
    "visits":1772753,
    "city":"taipei",
    "地址":"116台灣台北市文山區新光路二段30號",
    "行政區":"文山區"
    }
  },
  {
    "type": "Feature",
    "geometry": {
       "type": "Point",
       "coordinates":  [ 121.5484925,25.1023554 ]
    },
    "properties": {
    "year":2021,
    "scenicspot":"國立故宮博物院",
    "visits":416836,
    "city":"taipei",
    "地址":"111台灣台北市士林區至善路二段221號",
    "行政區":"士林區"
    }
  },
  {
    "type": "Feature",
    "geometry": {
       "type": "Point",
       "coordinates":  [ 121.5319248,25.1042763 ]
    },
    "properties": {
    "year":2021,
    "scenicspot":"芝山文化生態綠園",
    "visits":43608,
    "city":"taipei",
    "地址":"111台灣台北市士林區雨聲街120號芝山文化生態綠園",
    "行政區":"士林區"
    }
  },
  {
    "type": "Feature",
    "geometry": {
       "type": "Point",
       "coordinates":  [ 121.5189766,25.0508047 ]
    },
    "properties": {
    "year":2021,
    "scenicspot":"台北當代藝術館",
    "visits":107175,
    "city":"taipei",
    "地址":"103台灣台北市大同區長安西路39號",
    "行政區":"大同區"
    }
  },
  {
    "type": "Feature",
    "geometry": {
       "type": "Point",
       "coordinates":  [ 121.5293583,25.0440698 ]
    },
    "properties": {
    "year":2021,
    "scenicspot":"華山1914文化創意產業園區",
    "visits":0,
    "city":"taipei",
    "地址":"100台灣台北市中正區八德路一段1號",
    "行政區":"中正區"
    }
  },
  {
    "type": "Feature",
    "geometry": {
       "type": "Point",
       "coordinates":  [ 121.5102169,25.0555941 ]
    },
    "properties": {
    "year":2021,
    "scenicspot":"台北霞海城隍廟",
    "visits":0,
    "city":"taipei",
    "地址":"103台灣台北市大同區迪化街一段61號",
    "行政區":"大同區"
    }
  },
  {
    "type": "Feature",
    "geometry": {
       "type": "Point",
       "coordinates":  [ 121.5201832,25.035502 ]
    },
    "properties": {
    "year":2021,
    "scenicspot":"國立中正紀念堂",
    "visits":746346,
    "city":"taipei",
    "地址":"100台灣台北市中正區",
    "行政區":"中正區"
    }
  },
  {
    "type": "Feature",
    "geometry": {
       "type": "Point",
       "coordinates":  [ 121.5401001,25.1592121 ]
    },
    "properties": {
    "year":2021,
    "scenicspot":"陽明公園[陽明山]",
    "visits":1287302,
    "city":"taipei",
    "地址":"112台灣台北市北投區湖山路二段26號陽明公園",
    "行政區":"北投區"
    }
  },
  {
    "type": "Feature",
    "geometry": {
       "type": "Point",
       "coordinates":  [ 121.50715,25.1365694 ]
    },
    "properties": {
    "year":2021,
    "scenicspot":"北投溫泉博物館",
    "visits":149584,
    "city":"taipei",
    "地址":"112台灣台北市北投區中山路2號",
    "行政區":"北投區"
    }
  },
  {
    "type": "Feature",
    "geometry": {
       "type": "Point",
       "coordinates":  [ 121.5077445,25.0428337 ]
    },
    "properties": {
    "year":2021,
    "scenicspot":"西門町商圈",
    "visits":0,
    "city":"taipei",
    "地址":"108台灣台北市萬華區漢中街127號",
    "行政區":"萬華區"
    }
  },
  {
    "type": "Feature",
    "geometry": {
       "type": "Point",
       "coordinates":  [ 121.5243691,25.0851242 ]
    },
    "properties": {
    "year":2021,
    "scenicspot":"臺北表演藝術中心",
    "visits":0,
    "city":"taipei",
    "地址":"111台灣台北市士林區劍潭路1號",
    "行政區":"士林區"
    }
  },
  {
    "type": "Feature",
    "geometry": {
       "type": "Point",
       "coordinates":  [ 121.5606383,25.0438366 ]
    },
    "properties": {
    "year":2021,
    "scenicspot":"松山文創園區",
    "visits":0,
    "city":"taipei",
    "地址":"11072台灣台北市信義區光復南路133號",
    "行政區":"信義區"
    }
  },
  {
    "type": "Feature",
    "geometry": {
       "type": "Point",
       "coordinates":  [ 121.599042,25.0526926 ]
    },
    "properties": {
    "year":2021,
    "scenicspot":"臺北流行音樂中心",
    "visits":0,
    "city":"taipei",
    "地址":"115台灣台北市南港區市民大道八段99號",
    "行政區":"南港區"
    }
  },
  {
    "type": "Feature",
    "geometry": {
       "type": "Point",
       "coordinates":  [ 121.5111994,25.0315698 ]
    },
    "properties": {
    "year":2021,
    "scenicspot":"國立歷史博物館",
    "visits":1326296,
    "city":"taipei",
    "地址":"100台灣台北市中正區南海路49號",
    "行政區":"中正區"
    }
  },
  {
    "type": "Feature",
    "geometry": {
       "type": "Point",
       "coordinates":  [ 121.515564,25.040396 ]
    },
    "properties": {
    "year":2021,
    "scenicspot":"二二八紀念館",
    "visits":0,
    "city":"taipei",
    "地址":"100台灣台北市中正區凱達格蘭大道3號",
    "行政區":"中正區"
    }
  },
  {
    "type": "Feature",
    "geometry": {
       "type": "Point",
       "coordinates":  [ 121.4708333,25.1188889 ]
    },
    "properties": {
    "year":2021,
    "scenicspot":"關渡自然公園",
    "visits":73705,
    "city":"taipei",
    "地址":"112台灣台北市北投區關渡路55號關渡自然公園",
    "行政區":"北投區"
    }
  },
  {
    "type": "Feature",
    "geometry": {
       "type": "Point",
       "coordinates":  [ 121.5155703,25.0731088 ]
    },
    "properties": {
    "year":2021,
    "scenicspot":"大龍峒保安宮",
    "visits":612302,
    "city":"taipei",
    "地址":"103台灣台北市大同區哈密街61號",
    "行政區":"大同區"
    }
  },
  {
    "type": "Feature",
    "geometry": {
       "type": "Point",
       "coordinates":  [ 121.5161793,25.0727623 ]
    },
    "properties": {
    "year":2021,
    "scenicspot":"臺北市孔廟",
    "visits":237990,
    "city":"taipei",
    "地址":"103台灣台北市大同區大龍街275號",
    "行政區":"大同區"
    }
  },
  {
    "type": "Feature",
    "geometry": {
       "type": "Point",
       "coordinates":  [ 121.5303543,25.0723739 ]
    },
    "properties": {
    "year":2021,
    "scenicspot":"林安泰古厝民俗文物館",
    "visits":0,
    "city":"taipei",
    "地址":"10491台灣台北市中山區濱江街5號",
    "行政區":"中山區"
    }
  },
  {
    "type": "Feature",
    "geometry": {
       "type": "Point",
       "coordinates":  [ 121.5248102,25.0724118 ]
    },
    "properties": {
    "year":2021,
    "scenicspot":"市立美術館",
    "visits":348594,
    "city":"taipei",
    "地址":"10491台灣台北市中山區中山北路三段181號",
    "行政區":"中山區"
    }
  },
  {
    "type": "Feature",
    "geometry": {
       "type": "Point",
       "coordinates":  [ 121.4998654,25.0373106 ]
    },
    "properties": {
    "year":2021,
    "scenicspot":"龍山寺",
    "visits":0,
    "city":"taipei",
    "地址":"10853台灣台北市萬華區廣州街211號",
    "行政區":"萬華區"
    }
  },
  {
    "type": "Feature",
    "geometry": {
       "type": "Point",
       "coordinates":  [ 121.5381154,25.154278 ]
    },
    "properties": {
    "year":2021,
    "scenicspot":"草山行館",
    "visits":3890,
    "city":"taipei",
    "地址":"112台灣台北市北投區湖底路89號",
    "行政區":"北投區"
    }
  },
  {
    "type": "Feature",
    "geometry": {
       "type": "Point",
       "coordinates":  [ 121.5303215,25.013284 ]
    },
    "properties": {
    "year":2021,
    "scenicspot":"臺北自來水園區",
    "visits":476364,
    "city":"taipei",
    "地址":"100台灣台北市中正區思源街1號自來水園區",
    "行政區":"中正區"
    }
  },
  {
    "type": "Feature",
    "geometry": {
       "type": "Point",
       "coordinates":  [ 121.5087651,25.1369293 ]
    },
    "properties": {
    "year":2021,
    "scenicspot":"梅庭",
    "visits":216713,
    "city":"taipei",
    "地址":"112台灣台北市北投區中山路6號",
    "行政區":"北投區"
    }
  },
  {
    "type": "Feature",
    "geometry": {
       "type": "Point",
       "coordinates":  [ 121.5068592,25.0420139 ]
    },
    "properties": {
    "year":2021,
    "scenicspot":"西門紅樓",
    "visits":739113,
    "city":"taipei",
    "地址":"108台灣台北市萬華區成都路10號",
    "行政區":"萬華區"
    }
  },
  {
    "type": "Feature",
    "geometry": {
       "type": "Point",
       "coordinates":  [ 121.5329556,25.0794115 ]
    },
    "properties": {
    "year":2021,
    "scenicspot":"國民革命忠烈祠",
    "visits":18136,
    "city":"taipei",
    "地址":"10491台灣台北市中山區北安路139號",
    "行政區":"中山區"
    }
  },
  {
    "type": "Feature",
    "geometry": {
       "type": "Point",
       "coordinates":  [ 121.5519788,25.1009785 ]
    },
    "properties": {
    "year":2021,
    "scenicspot":"順益臺灣原住民博物館",
    "visits":0,
    "city":"taipei",
    "地址":"111台灣台北市士林區至善路二段282號",
    "行政區":"士林區"
    }
  },
  {
    "type": "Feature",
    "geometry": {
       "type": "Point",
       "coordinates":  [ 121.5094593,25.0318511 ]
    },
    "properties": {
    "year":2021,
    "scenicspot":"台北植物園",
    "visits":0,
    "city":"taipei",
    "地址":"100台灣台北市中正區南海路53號臺北植物園",
    "行政區":"中正區"
    }
  },
  {
    "type": "Feature",
    "geometry": {
       "type": "Point",
       "coordinates":  [ 121.5243691,25.0851242 ]
    },
    "properties": {
    "year":2022,
    "scenicspot":"臺北表演藝術中心",
    "visits":0,
    "city":"taipei",
    "地址":"111台灣台北市士林區劍潭路1號",
    "行政區":"士林區"
    }
  },
  {
    "type": "Feature",
    "geometry": {
       "type": "Point",
       "coordinates":  [ 121.5577484,25.0829319 ]
    },
    "properties": {
    "year":2022,
    "scenicspot":"美麗華百樂園摩天輪",
    "visits":117085,
    "city":"taipei",
    "地址":"10491台灣台北市中山區敬業三路20號5樓",
    "行政區":"中山區"
    }
  },
  {
    "type": "Feature",
    "geometry": {
       "type": "Point",
       "coordinates":  [ 121.5161793,25.0727623 ]
    },
    "properties": {
    "year":2022,
    "scenicspot":"臺北市孔廟",
    "visits":237902,
    "city":"taipei",
    "地址":"103台灣台北市大同區大龍街275號",
    "行政區":"大同區"
    }
  },
  {
    "type": "Feature",
    "geometry": {
       "type": "Point",
       "coordinates":  [ 121.5484925,25.1023554 ]
    },
    "properties": {
    "year":2022,
    "scenicspot":"國立故宮博物院",
    "visits":552639,
    "city":"taipei",
    "地址":"111台灣台北市士林區至善路二段221號",
    "行政區":"士林區"
    }
  },
  {
    "type": "Feature",
    "geometry": {
       "type": "Point",
       "coordinates":  [ 121.5645389,25.033976 ]
    },
    "properties": {
    "year":2022,
    "scenicspot":"台北101",
    "visits":295658,
    "city":"taipei",
    "地址":"Taipei 101, No. 7信義路五段信義區台北市台灣 110",
    "行政區":"信義區"
    }
  },
  {
    "type": "Feature",
    "geometry": {
       "type": "Point",
       "coordinates":  [ 121.5248102,25.0724118 ]
    },
    "properties": {
    "year":2022,
    "scenicspot":"市立美術館",
    "visits":384712,
    "city":"taipei",
    "地址":"10491台灣台北市中山區中山北路三段181號",
    "行政區":"中山區"
    }
  },
  {
    "type": "Feature",
    "geometry": {
       "type": "Point",
       "coordinates":  [ 121.5057526,25.1371098 ]
    },
    "properties": {
    "year":2022,
    "scenicspot":"凱達格蘭文化館",
    "visits":215165,
    "city":"taipei",
    "地址":"112台灣台北市北投區中山路3-1號",
    "行政區":"北投區"
    }
  },
  {
    "type": "Feature",
    "geometry": {
       "type": "Point",
       "coordinates":  [ 121.5329556,25.0794115 ]
    },
    "properties": {
    "year":2022,
    "scenicspot":"國民革命忠烈祠",
    "visits":22459,
    "city":"taipei",
    "地址":"10491台灣台北市中山區北安路139號",
    "行政區":"中山區"
    }
  },
  {
    "type": "Feature",
    "geometry": {
       "type": "Point",
       "coordinates":  [ 121.5638158,25.0375241 ]
    },
    "properties": {
    "year":2022,
    "scenicspot":"台北探索館",
    "visits":145894,
    "city":"taipei",
    "地址":"110台灣台北市信義區市府路1號",
    "行政區":"信義區"
    }
  },
  {
    "type": "Feature",
    "geometry": {
       "type": "Point",
       "coordinates":  [ 121.5111994,25.0315698 ]
    },
    "properties": {
    "year":2022,
    "scenicspot":"國立歷史博物館",
    "visits":1120253,
    "city":"taipei",
    "地址":"100台灣台北市中正區南海路49號",
    "行政區":"中正區"
    }
  },
  {
    "type": "Feature",
    "geometry": {
       "type": "Point",
       "coordinates":  [ 121.5245933,25.0731071 ]
    },
    "properties": {
    "year":2022,
    "scenicspot":"圓山別莊",
    "visits":22204,
    "city":"taipei",
    "地址":"10491台灣台北市中山區中山北路三段181-1號MAISON ACME｜圓山別邸",
    "行政區":"中山區"
    }
  },
  {
    "type": "Feature",
    "geometry": {
       "type": "Point",
       "coordinates":  [ 121.5164742,25.0962609 ]
    },
    "properties": {
    "year":2022,
    "scenicspot":"國立臺灣科學教育館",
    "visits":1878504,
    "city":"taipei",
    "地址":"111台灣台北市士林區士商路189號",
    "行政區":"士林區"
    }
  },
  {
    "type": "Feature",
    "geometry": {
       "type": "Point",
       "coordinates":  [ 121.546921,25.1096252 ]
    },
    "properties": {
    "year":2022,
    "scenicspot":"林語堂故居",
    "visits":0,
    "city":"taipei",
    "地址":"111台灣台北市士林區仰德大道二段141號141號林語堂故居",
    "行政區":"士林區"
    }
  },
  {
    "type": "Feature",
    "geometry": {
       "type": "Point",
       "coordinates":  [ 121.5120687,25.0322925 ]
    },
    "properties": {
    "year":2022,
    "scenicspot":"國立臺灣藝術教育館",
    "visits":354235,
    "city":"taipei",
    "地址":"100台灣台北市中正區南海路47號",
    "行政區":"中正區"
    }
  },
  {
    "type": "Feature",
    "geometry": {
       "type": "Point",
       "coordinates":  [ 121.50715,25.1365694 ]
    },
    "properties": {
    "year":2022,
    "scenicspot":"北投溫泉博物館",
    "visits":186101,
    "city":"taipei",
    "地址":"112台灣台北市北投區中山路2號",
    "行政區":"北投區"
    }
  },
  {
    "type": "Feature",
    "geometry": {
       "type": "Point",
       "coordinates":  [ 121.5809857,24.9985635 ]
    },
    "properties": {
    "year":2022,
    "scenicspot":"市立動物園",
    "visits":1910344,
    "city":"taipei",
    "地址":"116台灣台北市文山區新光路二段30號",
    "行政區":"文山區"
    }
  },
  {
    "type": "Feature",
    "geometry": {
       "type": "Point",
       "coordinates":  [ 121.5087651,25.1369293 ]
    },
    "properties": {
    "year":2022,
    "scenicspot":"梅庭",
    "visits":165831,
    "city":"taipei",
    "地址":"112台灣台北市北投區中山路6號",
    "行政區":"北投區"
    }
  },
  {
    "type": "Feature",
    "geometry": {
       "type": "Point",
       "coordinates":  [ 121.5189766,25.0508047 ]
    },
    "properties": {
    "year":2022,
    "scenicspot":"台北當代藝術館",
    "visits":143113,
    "city":"taipei",
    "地址":"103台灣台北市大同區長安西路39號",
    "行政區":"大同區"
    }
  },
  {
    "type": "Feature",
    "geometry": {
       "type": "Point",
       "coordinates":  [ 121.4708333,25.1188889 ]
    },
    "properties": {
    "year":2022,
    "scenicspot":"關渡自然公園",
    "visits":91346,
    "city":"taipei",
    "地址":"112台灣台北市北投區關渡路55號關渡自然公園",
    "行政區":"北投區"
    }
  },
  {
    "type": "Feature",
    "geometry": {
       "type": "Point",
       "coordinates":  [ 121.5183633,25.0958186 ]
    },
    "properties": {
    "year":2022,
    "scenicspot":"市立天文科學教育館",
    "visits":671590,
    "city":"taipei",
    "地址":"111台灣台北市士林區基河路363號",
    "行政區":"士林區"
    }
  },
  {
    "type": "Feature",
    "geometry": {
       "type": "Point",
       "coordinates":  [ 121.4998654,25.0373106 ]
    },
    "properties": {
    "year":2022,
    "scenicspot":"龍山寺",
    "visits":0,
    "city":"taipei",
    "地址":"10853台灣台北市萬華區廣州街211號",
    "行政區":"萬華區"
    }
  },
  {
    "type": "Feature",
    "geometry": {
       "type": "Point",
       "coordinates":  [ 121.5471582,25.0381871 ]
    },
    "properties": {
    "year":2022,
    "scenicspot":"兒童交通博物館",
    "visits":0,
    "city":"taipei",
    "地址":"106台灣台北市大安區仁愛路四段77號5樓",
    "行政區":"大安區"
    }
  },
  {
    "type": "Feature",
    "geometry": {
       "type": "Point",
       "coordinates":  [ 121.5303215,25.013284 ]
    },
    "properties": {
    "year":2022,
    "scenicspot":"臺北自來水園區",
    "visits":320864,
    "city":"taipei",
    "地址":"100台灣台北市中正區思源街1號自來水園區",
    "行政區":"中正區"
    }
  },
  {
    "type": "Feature",
    "geometry": {
       "type": "Point",
       "coordinates":  [ 121.5253585,25.0202507 ]
    },
    "properties": {
    "year":2022,
    "scenicspot":"客家文化主題公園",
    "visits":252500,
    "city":"taipei",
    "地址":"100台灣台北市中正區汀州路三段2號臺北市客家文化主題公園-場地租借、假日市集",
    "行政區":"中正區"
    }
  },
  {
    "type": "Feature",
    "geometry": {
       "type": "Point",
       "coordinates":  [ 121.5201832,25.035502 ]
    },
    "properties": {
    "year":2022,
    "scenicspot":"國立中正紀念堂",
    "visits":1099300,
    "city":"taipei",
    "地址":"100台灣台北市中正區",
    "行政區":"中正區"
    }
  },
  {
    "type": "Feature",
    "geometry": {
       "type": "Point",
       "coordinates":  [ 121.5501199,25.0506849 ]
    },
    "properties": {
    "year":2022,
    "scenicspot":"小巨蛋",
    "visits":1053758,
    "city":"taipei",
    "地址":"105037台灣台北市松山區南京東路四段2號",
    "行政區":"松山區"
    }
  },
  {
    "type": "Feature",
    "geometry": {
       "type": "Point",
       "coordinates":  [ 121.515564,25.040396 ]
    },
    "properties": {
    "year":2022,
    "scenicspot":"二二八紀念館",
    "visits":0,
    "city":"taipei",
    "地址":"100台灣台北市中正區凱達格蘭大道3號",
    "行政區":"中正區"
    }
  },
  {
    "type": "Feature",
    "geometry": {
       "type": "Point",
       "coordinates":  [ 121.5222662,25.0391377 ]
    },
    "properties": {
    "year":2022,
    "scenicspot":"青年局場館",
    "visits":420593,
    "city":"taipei",
    "地址":"100台北市中正區仁愛路一段17號1樓",
    "行政區":"中正區"
    }
  },
  {
    "type": "Feature",
    "geometry": {
       "type": "Point",
       "coordinates":  [ 121.5602452,25.0400306 ]
    },
    "properties": {
    "year":2022,
    "scenicspot":"國立國父紀念館",
    "visits":1605735,
    "city":"taipei",
    "地址":"110台灣台北市信義區仁愛路四段505號國立國父紀念館",
    "行政區":"信義區"
    }
  },
  {
    "type": "Feature",
    "geometry": {
       "type": "Point",
       "coordinates":  [ 121.5401001,25.1592121 ]
    },
    "properties": {
    "year":2022,
    "scenicspot":"陽明公園[陽明山]",
    "visits":3492672,
    "city":"taipei",
    "地址":"112台灣台北市北投區湖山路二段26號陽明公園",
    "行政區":"北投區"
    }
  },
  {
    "type": "Feature",
    "geometry": {
       "type": "Point",
       "coordinates":  [ 121.5291642,25.0913793 ]
    },
    "properties": {
    "year":2022,
    "scenicspot":"士林官邸公園",
    "visits":1231168,
    "city":"taipei",
    "地址":"111台灣台北市士林區中山北路五段460巷4號士林官邸公園",
    "行政區":"士林區"
    }
  },
  {
    "type": "Feature",
    "geometry": {
       "type": "Point",
       "coordinates":  [ 121.5519788,25.1009785 ]
    },
    "properties": {
    "year":2022,
    "scenicspot":"順益臺灣原住民博物館",
    "visits":0,
    "city":"taipei",
    "地址":"111台灣台北市士林區至善路二段282號",
    "行政區":"士林區"
    }
  },
  {
    "type": "Feature",
    "geometry": {
       "type": "Point",
       "coordinates":  [ 121.514951,25.0972351 ]
    },
    "properties": {
    "year":2022,
    "scenicspot":"市立兒童新樂園",
    "visits":1266642,
    "city":"taipei",
    "地址":"11169台灣台北市士林區承德路五段55號",
    "行政區":"士林區"
    }
  },
  {
    "type": "Feature",
    "geometry": {
       "type": "Point",
       "coordinates":  [ 121.5155703,25.0731088 ]
    },
    "properties": {
    "year":2022,
    "scenicspot":"大龍峒保安宮",
    "visits":923524,
    "city":"taipei",
    "地址":"103台灣台北市大同區哈密街61號",
    "行政區":"大同區"
    }
  },
  {
    "type": "Feature",
    "geometry": {
       "type": "Point",
       "coordinates":  [ 121.5303543,25.0723739 ]
    },
    "properties": {
    "year":2022,
    "scenicspot":"林安泰古厝民俗文物館",
    "visits":0,
    "city":"taipei",
    "地址":"10491台灣台北市中山區濱江街5號",
    "行政區":"中山區"
    }
  },
  {
    "type": "Feature",
    "geometry": {
       "type": "Point",
       "coordinates":  [ 121.5068592,25.0420139 ]
    },
    "properties": {
    "year":2022,
    "scenicspot":"西門紅樓",
    "visits":1480899,
    "city":"taipei",
    "地址":"108台灣台北市萬華區成都路10號",
    "行政區":"萬華區"
    }
  },
  {
    "type": "Feature",
    "geometry": {
       "type": "Point",
       "coordinates":  [ 121.5094593,25.0318511 ]
    },
    "properties": {
    "year":2022,
    "scenicspot":"台北植物園",
    "visits":0,
    "city":"taipei",
    "地址":"100台灣台北市中正區南海路53號臺北植物園",
    "行政區":"中正區"
    }
  },
  {
    "type": "Feature",
    "geometry": {
       "type": "Point",
       "coordinates":  [ 121.5381154,25.154278 ]
    },
    "properties": {
    "year":2022,
    "scenicspot":"草山行館",
    "visits":6548,
    "city":"taipei",
    "地址":"112台灣台北市北投區湖底路89號",
    "行政區":"北投區"
    }
  },
  {
    "type": "Feature",
    "geometry": {
       "type": "Point",
       "coordinates":  [ 121.5102169,25.0555941 ]
    },
    "properties": {
    "year":2022,
    "scenicspot":"台北霞海城隍廟",
    "visits":0,
    "city":"taipei",
    "地址":"103台灣台北市大同區迪化街一段61號",
    "行政區":"大同區"
    }
  },
  {
    "type": "Feature",
    "geometry": {
       "type": "Point",
       "coordinates":  [ 121.5332629,25.0105988 ]
    },
    "properties": {
    "year":2022,
    "scenicspot":"寶藏巖",
    "visits":368143,
    "city":"taipei",
    "地址":"100台灣台北市中正區汀州路三段230巷23號",
    "行政區":"中正區"
    }
  },
  {
    "type": "Feature",
    "geometry": {
       "type": "Point",
       "coordinates":  [ 121.5293583,25.0440698 ]
    },
    "properties": {
    "year":2022,
    "scenicspot":"華山1914文化創意產業園區",
    "visits":0,
    "city":"taipei",
    "地址":"100台灣台北市中正區八德路一段1號",
    "行政區":"中正區"
    }
  },
  {
    "type": "Feature",
    "geometry": {
       "type": "Point",
       "coordinates":  [ 121.599042,25.0526926 ]
    },
    "properties": {
    "year":2022,
    "scenicspot":"臺北流行音樂中心",
    "visits":0,
    "city":"taipei",
    "地址":"115台灣台北市南港區市民大道八段99號",
    "行政區":"南港區"
    }
  },
  {
    "type": "Feature",
    "geometry": {
       "type": "Point",
       "coordinates":  [ 121.5077445,25.0428337 ]
    },
    "properties": {
    "year":2022,
    "scenicspot":"西門町商圈",
    "visits":0,
    "city":"taipei",
    "地址":"108台灣台北市萬華區漢中街127號",
    "行政區":"萬華區"
    }
  },
  {
    "type": "Feature",
    "geometry": {
       "type": "Point",
       "coordinates":  [ 121.5319248,25.1042763 ]
    },
    "properties": {
    "year":2022,
    "scenicspot":"芝山文化生態綠園",
    "visits":92301,
    "city":"taipei",
    "地址":"111台灣台北市士林區雨聲街120號芝山文化生態綠園",
    "行政區":"士林區"
    }
  },
  {
    "type": "Feature",
    "geometry": {
       "type": "Point",
       "coordinates":  [ 121.5606383,25.0438366 ]
    },
    "properties": {
    "year":2022,
    "scenicspot":"松山文創園區",
    "visits":0,
    "city":"taipei",
    "地址":"11072台灣台北市信義區光復南路133號",
    "行政區":"信義區"
    }
  },
  {
    "type": "Feature",
    "geometry": {
       "type": "Point",
       "coordinates":  [ 121.514951,25.0972351 ]
    },
    "properties": {
    "year":2023,
    "scenicspot":"市立兒童新樂園",
    "visits":1981118,
    "city":"taipei",
    "地址":"11169台灣台北市士林區承德路五段55號",
    "行政區":"士林區"
    }
  },
  {
    "type": "Feature",
    "geometry": {
       "type": "Point",
       "coordinates":  [ 121.5183633,25.0958186 ]
    },
    "properties": {
    "year":2023,
    "scenicspot":"市立天文科學教育館",
    "visits":1098409,
    "city":"taipei",
    "地址":"111台灣台北市士林區基河路363號",
    "行政區":"士林區"
    }
  },
  {
    "type": "Feature",
    "geometry": {
       "type": "Point",
       "coordinates":  [ 121.5253585,25.0202507 ]
    },
    "properties": {
    "year":2023,
    "scenicspot":"客家文化主題公園",
    "visits":908451,
    "city":"taipei",
    "地址":"100台灣台北市中正區汀州路三段2號臺北市客家文化主題公園-場地租借、假日市集",
    "行政區":"中正區"
    }
  },
  {
    "type": "Feature",
    "geometry": {
       "type": "Point",
       "coordinates":  [ 121.5501199,25.0506849 ]
    },
    "properties": {
    "year":2023,
    "scenicspot":"小巨蛋",
    "visits":1354154,
    "city":"taipei",
    "地址":"105037台灣台北市松山區南京東路四段2號",
    "行政區":"松山區"
    }
  },
  {
    "type": "Feature",
    "geometry": {
       "type": "Point",
       "coordinates":  [ 121.5602452,25.0400306 ]
    },
    "properties": {
    "year":2023,
    "scenicspot":"國立國父紀念館",
    "visits":8598830,
    "city":"taipei",
    "地址":"110台灣台北市信義區仁愛路四段505號國立國父紀念館",
    "行政區":"信義區"
    }
  },
  {
    "type": "Feature",
    "geometry": {
       "type": "Point",
       "coordinates":  [ 121.5471582,25.0381871 ]
    },
    "properties": {
    "year":2023,
    "scenicspot":"兒童交通博物館",
    "visits":0,
    "city":"taipei",
    "地址":"106台灣台北市大安區仁愛路四段77號5樓",
    "行政區":"大安區"
    }
  },
  {
    "type": "Feature",
    "geometry": {
       "type": "Point",
       "coordinates":  [ 121.5809857,24.9985635 ]
    },
    "properties": {
    "year":2023,
    "scenicspot":"市立動物園",
    "visits":3034877,
    "city":"taipei",
    "地址":"116台灣台北市文山區新光路二段30號",
    "行政區":"文山區"
    }
  },
  {
    "type": "Feature",
    "geometry": {
       "type": "Point",
       "coordinates":  [ 121.5120687,25.0322925 ]
    },
    "properties": {
    "year":2023,
    "scenicspot":"國立臺灣藝術教育館",
    "visits":410890,
    "city":"taipei",
    "地址":"100台灣台北市中正區南海路47號",
    "行政區":"中正區"
    }
  },
  {
    "type": "Feature",
    "geometry": {
       "type": "Point",
       "coordinates":  [ 121.5291642,25.0913793 ]
    },
    "properties": {
    "year":2023,
    "scenicspot":"士林官邸公園",
    "visits":1706396,
    "city":"taipei",
    "地址":"111台灣台北市士林區中山北路五段460巷4號士林官邸公園",
    "行政區":"士林區"
    }
  },
  {
    "type": "Feature",
    "geometry": {
       "type": "Point",
       "coordinates":  [ 121.5484925,25.1023554 ]
    },
    "properties": {
    "year":2023,
    "scenicspot":"國立故宮博物院",
    "visits":1552190,
    "city":"taipei",
    "地址":"111台灣台北市士林區至善路二段221號",
    "行政區":"士林區"
    }
  },
  {
    "type": "Feature",
    "geometry": {
       "type": "Point",
       "coordinates":  [ 121.5329556,25.0794115 ]
    },
    "properties": {
    "year":2023,
    "scenicspot":"國民革命忠烈祠",
    "visits":436797,
    "city":"taipei",
    "地址":"10491台灣台北市中山區北安路139號",
    "行政區":"中山區"
    }
  },
  {
    "type": "Feature",
    "geometry": {
       "type": "Point",
       "coordinates":  [ 121.5111994,25.0315698 ]
    },
    "properties": {
    "year":2023,
    "scenicspot":"國立歷史博物館",
    "visits":1405512,
    "city":"taipei",
    "地址":"100台灣台北市中正區南海路49號",
    "行政區":"中正區"
    }
  },
  {
    "type": "Feature",
    "geometry": {
       "type": "Point",
       "coordinates":  [ 121.5164742,25.0962609 ]
    },
    "properties": {
    "year":2023,
    "scenicspot":"國立臺灣科學教育館",
    "visits":2467537,
    "city":"taipei",
    "地址":"111台灣台北市士林區士商路189號",
    "行政區":"士林區"
    }
  },
  {
    "type": "Feature",
    "geometry": {
       "type": "Point",
       "coordinates":  [ 121.5248102,25.0724118 ]
    },
    "properties": {
    "year":2023,
    "scenicspot":"市立美術館",
    "visits":603499,
    "city":"taipei",
    "地址":"10491台灣台北市中山區中山北路三段181號",
    "行政區":"中山區"
    }
  },
  {
    "type": "Feature",
    "geometry": {
       "type": "Point",
       "coordinates":  [ 121.5094593,25.0318511 ]
    },
    "properties": {
    "year":2023,
    "scenicspot":"台北植物園",
    "visits":0,
    "city":"taipei",
    "地址":"100台灣台北市中正區南海路53號臺北植物園",
    "行政區":"中正區"
    }
  },
  {
    "type": "Feature",
    "geometry": {
       "type": "Point",
       "coordinates":  [ 121.5222662,25.0391377 ]
    },
    "properties": {
    "year":2023,
    "scenicspot":"青年局場館",
    "visits":679316,
    "city":"taipei",
    "地址":"100台北市中正區仁愛路一段17號1樓",
    "行政區":"中正區"
    }
  },
  {
    "type": "Feature",
    "geometry": {
       "type": "Point",
       "coordinates":  [ 121.5155703,25.0731088 ]
    },
    "properties": {
    "year":2023,
    "scenicspot":"大龍峒保安宮",
    "visits":1029836,
    "city":"taipei",
    "地址":"103台灣台北市大同區哈密街61號",
    "行政區":"大同區"
    }
  },
  {
    "type": "Feature",
    "geometry": {
       "type": "Point",
       "coordinates":  [ 121.50715,25.1365694 ]
    },
    "properties": {
    "year":2023,
    "scenicspot":"北投溫泉博物館",
    "visits":368584,
    "city":"taipei",
    "地址":"112台灣台北市北投區中山路2號",
    "行政區":"北投區"
    }
  },
  {
    "type": "Feature",
    "geometry": {
       "type": "Point",
       "coordinates":  [ 121.5245933,25.0731071 ]
    },
    "properties": {
    "year":2023,
    "scenicspot":"圓山別莊",
    "visits":26930,
    "city":"taipei",
    "地址":"10491台灣台北市中山區中山北路三段181-1號MAISON ACME｜圓山別邸",
    "行政區":"中山區"
    }
  },
  {
    "type": "Feature",
    "geometry": {
       "type": "Point",
       "coordinates":  [ 121.5638158,25.0375241 ]
    },
    "properties": {
    "year":2023,
    "scenicspot":"台北探索館",
    "visits":233700,
    "city":"taipei",
    "地址":"110台灣台北市信義區市府路1號",
    "行政區":"信義區"
    }
  },
  {
    "type": "Feature",
    "geometry": {
       "type": "Point",
       "coordinates":  [ 121.5057526,25.1371098 ]
    },
    "properties": {
    "year":2023,
    "scenicspot":"凱達格蘭文化館",
    "visits":294823,
    "city":"taipei",
    "地址":"112台灣台北市北投區中山路3-1號",
    "行政區":"北投區"
    }
  },
  {
    "type": "Feature",
    "geometry": {
       "type": "Point",
       "coordinates":  [ 121.5645389,25.033976 ]
    },
    "properties": {
    "year":2023,
    "scenicspot":"台北101",
    "visits":1289750,
    "city":"taipei",
    "地址":"Taipei 101, No. 7信義路五段信義區台北市台灣 110",
    "行政區":"信義區"
    }
  },
  {
    "type": "Feature",
    "geometry": {
       "type": "Point",
       "coordinates":  [ 121.5293583,25.0440698 ]
    },
    "properties": {
    "year":2023,
    "scenicspot":"華山1914文化創意產業園區",
    "visits":0,
    "city":"taipei",
    "地址":"100台灣台北市中正區八德路一段1號",
    "行政區":"中正區"
    }
  },
  {
    "type": "Feature",
    "geometry": {
       "type": "Point",
       "coordinates":  [ 121.5577484,25.0829319 ]
    },
    "properties": {
    "year":2023,
    "scenicspot":"美麗華百樂園摩天輪",
    "visits":175851,
    "city":"taipei",
    "地址":"10491台灣台北市中山區敬業三路20號5樓",
    "行政區":"中山區"
    }
  },
  {
    "type": "Feature",
    "geometry": {
       "type": "Point",
       "coordinates":  [ 121.5161793,25.0727623 ]
    },
    "properties": {
    "year":2023,
    "scenicspot":"臺北市孔廟",
    "visits":365971,
    "city":"taipei",
    "地址":"103台灣台北市大同區大龍街275號",
    "行政區":"大同區"
    }
  },
  {
    "type": "Feature",
    "geometry": {
       "type": "Point",
       "coordinates":  [ 121.5189766,25.0508047 ]
    },
    "properties": {
    "year":2023,
    "scenicspot":"台北當代藝術館",
    "visits":216847,
    "city":"taipei",
    "地址":"103台灣台北市大同區長安西路39號",
    "行政區":"大同區"
    }
  },
  {
    "type": "Feature",
    "geometry": {
       "type": "Point",
       "coordinates":  [ 121.5606383,25.0438366 ]
    },
    "properties": {
    "year":2023,
    "scenicspot":"松山文創園區",
    "visits":0,
    "city":"taipei",
    "地址":"11072台灣台北市信義區光復南路133號",
    "行政區":"信義區"
    }
  },
  {
    "type": "Feature",
    "geometry": {
       "type": "Point",
       "coordinates":  [ 121.5303543,25.0723739 ]
    },
    "properties": {
    "year":2023,
    "scenicspot":"林安泰古厝民俗文物館",
    "visits":0,
    "city":"taipei",
    "地址":"10491台灣台北市中山區濱江街5號",
    "行政區":"中山區"
    }
  },
  {
    "type": "Feature",
    "geometry": {
       "type": "Point",
       "coordinates":  [ 121.5077445,25.0428337 ]
    },
    "properties": {
    "year":2023,
    "scenicspot":"西門町商圈",
    "visits":0,
    "city":"taipei",
    "地址":"108台灣台北市萬華區漢中街127號",
    "行政區":"萬華區"
    }
  },
  {
    "type": "Feature",
    "geometry": {
       "type": "Point",
       "coordinates":  [ 121.5102169,25.0555941 ]
    },
    "properties": {
    "year":2023,
    "scenicspot":"台北霞海城隍廟",
    "visits":0,
    "city":"taipei",
    "地址":"103台灣台北市大同區迪化街一段61號",
    "行政區":"大同區"
    }
  },
  {
    "type": "Feature",
    "geometry": {
       "type": "Point",
       "coordinates":  [ 121.599042,25.0526926 ]
    },
    "properties": {
    "year":2023,
    "scenicspot":"臺北流行音樂中心",
    "visits":198895,
    "city":"taipei",
    "地址":"115台灣台北市南港區市民大道八段99號",
    "行政區":"南港區"
    }
  },
  {
    "type": "Feature",
    "geometry": {
       "type": "Point",
       "coordinates":  [ 121.5319248,25.1042763 ]
    },
    "properties": {
    "year":2023,
    "scenicspot":"芝山文化生態綠園",
    "visits":127115,
    "city":"taipei",
    "地址":"111台灣台北市士林區雨聲街120號芝山文化生態綠園",
    "行政區":"士林區"
    }
  },
  {
    "type": "Feature",
    "geometry": {
       "type": "Point",
       "coordinates":  [ 121.5243691,25.0851242 ]
    },
    "properties": {
    "year":2023,
    "scenicspot":"臺北表演藝術中心",
    "visits":1199539,
    "city":"taipei",
    "地址":"111台灣台北市士林區劍潭路1號",
    "行政區":"士林區"
    }
  },
  {
    "type": "Feature",
    "geometry": {
       "type": "Point",
       "coordinates":  [ 121.5332629,25.0105988 ]
    },
    "properties": {
    "year":2023,
    "scenicspot":"寶藏巖",
    "visits":474992,
    "city":"taipei",
    "地址":"100台灣台北市中正區汀州路三段230巷23號",
    "行政區":"中正區"
    }
  },
  {
    "type": "Feature",
    "geometry": {
       "type": "Point",
       "coordinates":  [ 121.5068592,25.0420139 ]
    },
    "properties": {
    "year":2023,
    "scenicspot":"西門紅樓",
    "visits":3726005,
    "city":"taipei",
    "地址":"108台灣台北市萬華區成都路10號",
    "行政區":"萬華區"
    }
  },
  {
    "type": "Feature",
    "geometry": {
       "type": "Point",
       "coordinates":  [ 121.5087651,25.1369293 ]
    },
    "properties": {
    "year":2023,
    "scenicspot":"梅庭",
    "visits":276907,
    "city":"taipei",
    "地址":"112台灣台北市北投區中山路6號",
    "行政區":"北投區"
    }
  },
  {
    "type": "Feature",
    "geometry": {
       "type": "Point",
       "coordinates":  [ 121.4708333,25.1188889 ]
    },
    "properties": {
    "year":2023,
    "scenicspot":"關渡自然公園",
    "visits":108752,
    "city":"taipei",
    "地址":"112台灣台北市北投區關渡路55號關渡自然公園",
    "行政區":"北投區"
    }
  },
  {
    "type": "Feature",
    "geometry": {
       "type": "Point",
       "coordinates":  [ 121.546921,25.1096252 ]
    },
    "properties": {
    "year":2023,
    "scenicspot":"林語堂故居",
    "visits":0,
    "city":"taipei",
    "地址":"111台灣台北市士林區仰德大道二段141號141號林語堂故居",
    "行政區":"士林區"
    }
  },
  {
    "type": "Feature",
    "geometry": {
       "type": "Point",
       "coordinates":  [ 121.5381154,25.154278 ]
    },
    "properties": {
    "year":2023,
    "scenicspot":"草山行館",
    "visits":46739,
    "city":"taipei",
    "地址":"112台灣台北市北投區湖底路89號",
    "行政區":"北投區"
    }
  },
  {
    "type": "Feature",
    "geometry": {
       "type": "Point",
       "coordinates":  [ 121.5519788,25.1009785 ]
    },
    "properties": {
    "year":2023,
    "scenicspot":"順益臺灣原住民博物館",
    "visits":0,
    "city":"taipei",
    "地址":"111台灣台北市士林區至善路二段282號",
    "行政區":"士林區"
    }
  },
  {
    "type": "Feature",
    "geometry": {
       "type": "Point",
       "coordinates":  [ 121.4998654,25.0373106 ]
    },
    "properties": {
    "year":2023,
    "scenicspot":"龍山寺",
    "visits":0,
    "city":"taipei",
    "地址":"10853台灣台北市萬華區廣州街211號",
    "行政區":"萬華區"
    }
  },
  {
    "type": "Feature",
    "geometry": {
       "type": "Point",
       "coordinates":  [ 121.5303215,25.013284 ]
    },
    "properties": {
    "year":2023,
    "scenicspot":"臺北自來水園區",
    "visits":552406,
    "city":"taipei",
    "地址":"100台灣台北市中正區思源街1號自來水園區",
    "行政區":"中正區"
    }
  },
  {
    "type": "Feature",
    "geometry": {
       "type": "Point",
       "coordinates":  [ 121.5401001,25.1592121 ]
    },
    "properties": {
    "year":2023,
    "scenicspot":"陽明公園[陽明山]",
    "visits":5859414,
    "city":"taipei",
    "地址":"112台灣台北市北投區湖山路二段26號陽明公園",
    "行政區":"北投區"
    }
  },
  {
    "type": "Feature",
    "geometry": {
       "type": "Point",
       "coordinates":  [ 121.515564,25.040396 ]
    },
    "properties": {
    "year":2023,
    "scenicspot":"二二八紀念館",
    "visits":0,
    "city":"taipei",
    "地址":"100台灣台北市中正區凱達格蘭大道3號",
    "行政區":"中正區"
    }
  },
  {
    "type": "Feature",
    "geometry": {
       "type": "Point",
       "coordinates":  [ 121.5201832,25.035502 ]
    },
    "properties": {
    "year":2023,
    "scenicspot":"國立中正紀念堂",
    "visits":3202377,
    "city":"taipei",
    "地址":"100台灣台北市中正區",
    "行政區":"中正區"
    }
  },
  {
    "type": "Feature",
    "geometry": {
       "type": "Point",
       "coordinates":  [ 121.5606383,25.0438366 ]
    },
    "properties": {
    "year":2024,
    "scenicspot":"松山文創園區",
    "visits":9804846,
    "city":"taipei",
    "地址":"11072台灣台北市信義區光復南路133號",
    "行政區":"信義區"
    }
  },
  {
    "type": "Feature",
    "geometry": {
       "type": "Point",
       "coordinates":  [ 121.5077445,25.0428337 ]
    },
    "properties": {
    "year":2024,
    "scenicspot":"西門町商圈",
    "visits":28769832,
    "city":"taipei",
    "地址":"108台灣台北市萬華區漢中街127號",
    "行政區":"萬華區"
    }
  },
  {
    "type": "Feature",
    "geometry": {
       "type": "Point",
       "coordinates":  [ 121.5319248,25.1042763 ]
    },
    "properties": {
    "year":2024,
    "scenicspot":"芝山文化生態綠園",
    "visits":90675,
    "city":"taipei",
    "地址":"111台灣台北市士林區雨聲街120號芝山文化生態綠園",
    "行政區":"士林區"
    }
  },
  {
    "type": "Feature",
    "geometry": {
       "type": "Point",
       "coordinates":  [ 121.5332629,25.0105988 ]
    },
    "properties": {
    "year":2024,
    "scenicspot":"寶藏巖",
    "visits":445855,
    "city":"taipei",
    "地址":"100台灣台北市中正區汀州路三段230巷23號",
    "行政區":"中正區"
    }
  },
  {
    "type": "Feature",
    "geometry": {
       "type": "Point",
       "coordinates":  [ 121.5381154,25.154278 ]
    },
    "properties": {
    "year":2024,
    "scenicspot":"草山行館",
    "visits":35550,
    "city":"taipei",
    "地址":"112台灣台北市北投區湖底路89號",
    "行政區":"北投區"
    }
  },
  {
    "type": "Feature",
    "geometry": {
       "type": "Point",
       "coordinates":  [ 121.5293583,25.0440698 ]
    },
    "properties": {
    "year":2024,
    "scenicspot":"華山1914文化創意產業園區",
    "visits":4199213,
    "city":"taipei",
    "地址":"100台灣台北市中正區八德路一段1號",
    "行政區":"中正區"
    }
  },
  {
    "type": "Feature",
    "geometry": {
       "type": "Point",
       "coordinates":  [ 121.5291642,25.0913793 ]
    },
    "properties": {
    "year":2024,
    "scenicspot":"士林官邸公園",
    "visits":2950477,
    "city":"taipei",
    "地址":"111台灣台北市士林區中山北路五段460巷4號士林官邸公園",
    "行政區":"士林區"
    }
  },
  {
    "type": "Feature",
    "geometry": {
       "type": "Point",
       "coordinates":  [ 121.5243691,25.0851242 ]
    },
    "properties": {
    "year":2024,
    "scenicspot":"臺北表演藝術中心",
    "visits":1803975,
    "city":"taipei",
    "地址":"111台灣台北市士林區劍潭路1號",
    "行政區":"士林區"
    }
  },
  {
    "type": "Feature",
    "geometry": {
       "type": "Point",
       "coordinates":  [ 121.4708333,25.1188889 ]
    },
    "properties": {
    "year":2024,
    "scenicspot":"關渡自然公園",
    "visits":98729,
    "city":"taipei",
    "地址":"112台灣台北市北投區關渡路55號關渡自然公園",
    "行政區":"北投區"
    }
  },
  {
    "type": "Feature",
    "geometry": {
       "type": "Point",
       "coordinates":  [ 121.514951,25.0972351 ]
    },
    "properties": {
    "year":2024,
    "scenicspot":"市立兒童新樂園",
    "visits":1977642,
    "city":"taipei",
    "地址":"11169台灣台北市士林區承德路五段55號",
    "行政區":"士林區"
    }
  },
  {
    "type": "Feature",
    "geometry": {
       "type": "Point",
       "coordinates":  [ 121.4998654,25.0373106 ]
    },
    "properties": {
    "year":2024,
    "scenicspot":"龍山寺",
    "visits":1247984,
    "city":"taipei",
    "地址":"10853台灣台北市萬華區廣州街211號",
    "行政區":"萬華區"
    }
  },
  {
    "type": "Feature",
    "geometry": {
       "type": "Point",
       "coordinates":  [ 121.5183633,25.0958186 ]
    },
    "properties": {
    "year":2024,
    "scenicspot":"市立天文科學教育館",
    "visits":1156493,
    "city":"taipei",
    "地址":"111台灣台北市士林區基河路363號",
    "行政區":"士林區"
    }
  },
  {
    "type": "Feature",
    "geometry": {
       "type": "Point",
       "coordinates":  [ 121.5303215,25.013284 ]
    },
    "properties": {
    "year":2024,
    "scenicspot":"臺北自來水園區",
    "visits":597640,
    "city":"taipei",
    "地址":"100台灣台北市中正區思源街1號自來水園區",
    "行政區":"中正區"
    }
  },
  {
    "type": "Feature",
    "geometry": {
       "type": "Point",
       "coordinates":  [ 121.5471582,25.0381871 ]
    },
    "properties": {
    "year":2024,
    "scenicspot":"兒童交通博物館",
    "visits":0,
    "city":"taipei",
    "地址":"106台灣台北市大安區仁愛路四段77號5樓",
    "行政區":"大安區"
    }
  },
  {
    "type": "Feature",
    "geometry": {
       "type": "Point",
       "coordinates":  [ 121.5201832,25.035502 ]
    },
    "properties": {
    "year":2024,
    "scenicspot":"國立中正紀念堂",
    "visits":4040564,
    "city":"taipei",
    "地址":"100台灣台北市中正區",
    "行政區":"中正區"
    }
  },
  {
    "type": "Feature",
    "geometry": {
       "type": "Point",
       "coordinates":  [ 121.5809857,24.9985635 ]
    },
    "properties": {
    "year":2024,
    "scenicspot":"市立動物園",
    "visits":2624973,
    "city":"taipei",
    "地址":"116台灣台北市文山區新光路二段30號",
    "行政區":"文山區"
    }
  },
  {
    "type": "Feature",
    "geometry": {
       "type": "Point",
       "coordinates":  [ 121.5253585,25.0202507 ]
    },
    "properties": {
    "year":2024,
    "scenicspot":"客家文化主題公園",
    "visits":1435451,
    "city":"taipei",
    "地址":"100台灣台北市中正區汀州路三段2號臺北市客家文化主題公園-場地租借、假日市集",
    "行政區":"中正區"
    }
  },
  {
    "type": "Feature",
    "geometry": {
       "type": "Point",
       "coordinates":  [ 121.5501199,25.0506849 ]
    },
    "properties": {
    "year":2024,
    "scenicspot":"小巨蛋",
    "visits":1136022,
    "city":"taipei",
    "地址":"105037台灣台北市松山區南京東路四段2號",
    "行政區":"松山區"
    }
  },
  {
    "type": "Feature",
    "geometry": {
       "type": "Point",
       "coordinates":  [ 121.5401001,25.1592121 ]
    },
    "properties": {
    "year":2024,
    "scenicspot":"陽明公園[陽明山]",
    "visits":6436602,
    "city":"taipei",
    "地址":"112台灣台北市北投區湖山路二段26號陽明公園",
    "行政區":"北投區"
    }
  },
  {
    "type": "Feature",
    "geometry": {
       "type": "Point",
       "coordinates":  [ 121.5094593,25.0318511 ]
    },
    "properties": {
    "year":2024,
    "scenicspot":"台北植物園",
    "visits":1567335,
    "city":"taipei",
    "地址":"100台灣台北市中正區南海路53號臺北植物園",
    "行政區":"中正區"
    }
  },
  {
    "type": "Feature",
    "geometry": {
       "type": "Point",
       "coordinates":  [ 121.5222662,25.0391377 ]
    },
    "properties": {
    "year":2024,
    "scenicspot":"青年局場館",
    "visits":439184,
    "city":"taipei",
    "地址":"100台北市中正區仁愛路一段17號1樓",
    "行政區":"中正區"
    }
  },
  {
    "type": "Feature",
    "geometry": {
       "type": "Point",
       "coordinates":  [ 121.5519788,25.1009785 ]
    },
    "properties": {
    "year":2024,
    "scenicspot":"順益臺灣原住民博物館",
    "visits":0,
    "city":"taipei",
    "地址":"111台灣台北市士林區至善路二段282號",
    "行政區":"士林區"
    }
  },
  {
    "type": "Feature",
    "geometry": {
       "type": "Point",
       "coordinates":  [ 121.5602452,25.0400306 ]
    },
    "properties": {
    "year":2024,
    "scenicspot":"國立國父紀念館",
    "visits":1286710,
    "city":"taipei",
    "地址":"110台灣台北市信義區仁愛路四段505號國立國父紀念館",
    "行政區":"信義區"
    }
  },
  {
    "type": "Feature",
    "geometry": {
       "type": "Point",
       "coordinates":  [ 121.5303543,25.0723739 ]
    },
    "properties": {
    "year":2024,
    "scenicspot":"林安泰古厝民俗文物館",
    "visits":230213,
    "city":"taipei",
    "地址":"10491台灣台北市中山區濱江街5號",
    "行政區":"中山區"
    }
  },
  {
    "type": "Feature",
    "geometry": {
       "type": "Point",
       "coordinates":  [ 121.515564,25.040396 ]
    },
    "properties": {
    "year":2024,
    "scenicspot":"二二八紀念館",
    "visits":0,
    "city":"taipei",
    "地址":"100台灣台北市中正區凱達格蘭大道3號",
    "行政區":"中正區"
    }
  },
  {
    "type": "Feature",
    "geometry": {
       "type": "Point",
       "coordinates":  [ 121.5189766,25.0508047 ]
    },
    "properties": {
    "year":2024,
    "scenicspot":"台北當代藝術館",
    "visits":205933,
    "city":"taipei",
    "地址":"103台灣台北市大同區長安西路39號",
    "行政區":"大同區"
    }
  },
  {
    "type": "Feature",
    "geometry": {
       "type": "Point",
       "coordinates":  [ 121.5120687,25.0322925 ]
    },
    "properties": {
    "year":2024,
    "scenicspot":"國立臺灣藝術教育館",
    "visits":395709,
    "city":"taipei",
    "地址":"100台灣台北市中正區南海路47號",
    "行政區":"中正區"
    }
  },
  {
    "type": "Feature",
    "geometry": {
       "type": "Point",
       "coordinates":  [ 121.50715,25.1365694 ]
    },
    "properties": {
    "year":2024,
    "scenicspot":"北投溫泉博物館",
    "visits":378560,
    "city":"taipei",
    "地址":"112台灣台北市北投區中山路2號",
    "行政區":"北投區"
    }
  },
  {
    "type": "Feature",
    "geometry": {
       "type": "Point",
       "coordinates":  [ 121.599042,25.0526926 ]
    },
    "properties": {
    "year":2024,
    "scenicspot":"臺北流行音樂中心",
    "visits":572251,
    "city":"taipei",
    "地址":"115台灣台北市南港區市民大道八段99號",
    "行政區":"南港區"
    }
  },
  {
    "type": "Feature",
    "geometry": {
       "type": "Point",
       "coordinates":  [ 121.5102169,25.0555941 ]
    },
    "properties": {
    "year":2024,
    "scenicspot":"台北霞海城隍廟",
    "visits":0,
    "city":"taipei",
    "地址":"103台灣台北市大同區迪化街一段61號",
    "行政區":"大同區"
    }
  },
  {
    "type": "Feature",
    "geometry": {
       "type": "Point",
       "coordinates":  [ 121.5155703,25.0731088 ]
    },
    "properties": {
    "year":2024,
    "scenicspot":"大龍峒保安宮",
    "visits":1353563,
    "city":"taipei",
    "地址":"103台灣台北市大同區哈密街61號",
    "行政區":"大同區"
    }
  },
  {
    "type": "Feature",
    "geometry": {
       "type": "Point",
       "coordinates":  [ 121.5087651,25.1369293 ]
    },
    "properties": {
    "year":2024,
    "scenicspot":"梅庭",
    "visits":122678,
    "city":"taipei",
    "地址":"112台灣台北市北投區中山路6號",
    "行政區":"北投區"
    }
  },
  {
    "type": "Feature",
    "geometry": {
       "type": "Point",
       "coordinates":  [ 121.5161793,25.0727623 ]
    },
    "properties": {
    "year":2024,
    "scenicspot":"臺北市孔廟",
    "visits":390131,
    "city":"taipei",
    "地址":"103台灣台北市大同區大龍街275號",
    "行政區":"大同區"
    }
  },
  {
    "type": "Feature",
    "geometry": {
       "type": "Point",
       "coordinates":  [ 121.5577484,25.0829319 ]
    },
    "properties": {
    "year":2024,
    "scenicspot":"美麗華百樂園摩天輪",
    "visits":164403,
    "city":"taipei",
    "地址":"10491台灣台北市中山區敬業三路20號5樓",
    "行政區":"中山區"
    }
  },
  {
    "type": "Feature",
    "geometry": {
       "type": "Point",
       "coordinates":  [ 121.5645389,25.033976 ]
    },
    "properties": {
    "year":2024,
    "scenicspot":"台北101",
    "visits":12748808,
    "city":"taipei",
    "地址":"Taipei 101, No. 7信義路五段信義區台北市台灣 110",
    "行政區":"信義區"
    }
  },
  {
    "type": "Feature",
    "geometry": {
       "type": "Point",
       "coordinates":  [ 121.5484925,25.1023554 ]
    },
    "properties": {
    "year":2024,
    "scenicspot":"國立故宮博物院",
    "visits":1874994,
    "city":"taipei",
    "地址":"111台灣台北市士林區至善路二段221號",
    "行政區":"士林區"
    }
  },
  {
    "type": "Feature",
    "geometry": {
       "type": "Point",
       "coordinates":  [ 121.5057526,25.1371098 ]
    },
    "properties": {
    "year":2024,
    "scenicspot":"凱達格蘭文化館",
    "visits":177833,
    "city":"taipei",
    "地址":"112台灣台北市北投區中山路3-1號",
    "行政區":"北投區"
    }
  },
  {
    "type": "Feature",
    "geometry": {
       "type": "Point",
       "coordinates":  [ 121.5248102,25.0724118 ]
    },
    "properties": {
    "year":2024,
    "scenicspot":"市立美術館",
    "visits":571315,
    "city":"taipei",
    "地址":"10491台灣台北市中山區中山北路三段181號",
    "行政區":"中山區"
    }
  },
  {
    "type": "Feature",
    "geometry": {
       "type": "Point",
       "coordinates":  [ 121.5638158,25.0375241 ]
    },
    "properties": {
    "year":2024,
    "scenicspot":"台北探索館",
    "visits":244420,
    "city":"taipei",
    "地址":"110台灣台北市信義區市府路1號",
    "行政區":"信義區"
    }
  },
  {
    "type": "Feature",
    "geometry": {
       "type": "Point",
       "coordinates":  [ 121.5329556,25.0794115 ]
    },
    "properties": {
    "year":2024,
    "scenicspot":"國民革命忠烈祠",
    "visits":548470,
    "city":"taipei",
    "地址":"10491台灣台北市中山區北安路139號",
    "行政區":"中山區"
    }
  },
  {
    "type": "Feature",
    "geometry": {
       "type": "Point",
       "coordinates":  [ 121.5245933,25.0731071 ]
    },
    "properties": {
    "year":2024,
    "scenicspot":"圓山別莊",
    "visits":26349,
    "city":"taipei",
    "地址":"10491台灣台北市中山區中山北路三段181-1號MAISON ACME｜圓山別邸",
    "行政區":"中山區"
    }
  },
  {
    "type": "Feature",
    "geometry": {
       "type": "Point",
       "coordinates":  [ 121.5111994,25.0315698 ]
    },
    "properties": {
    "year":2024,
    "scenicspot":"國立歷史博物館",
    "visits":307359,
    "city":"taipei",
    "地址":"100台灣台北市中正區南海路49號",
    "行政區":"中正區"
    }
  },
  {
    "type": "Feature",
    "geometry": {
       "type": "Point",
       "coordinates":  [ 121.546921,25.1096252 ]
    },
    "properties": {
    "year":2024,
    "scenicspot":"林語堂故居",
    "visits":0,
    "city":"taipei",
    "地址":"111台灣台北市士林區仰德大道二段141號141號林語堂故居",
    "行政區":"士林區"
    }
  },
  {
    "type": "Feature",
    "geometry": {
       "type": "Point",
       "coordinates":  [ 121.5164742,25.0962609 ]
    },
    "properties": {
    "year":2024,
    "scenicspot":"國立臺灣科學教育館",
    "visits":2980381,
    "city":"taipei",
    "地址":"111台灣台北市士林區士商路189號",
    "行政區":"士林區"
    }
  },
  {
    "type": "Feature",
    "geometry": {
       "type": "Point",
       "coordinates":  [ 121.5068592,25.0420139 ]
    },
    "properties": {
    "year":2024,
    "scenicspot":"西門紅樓",
    "visits":4631214,
    "city":"taipei",
    "地址":"108台灣台北市萬華區成都路10號",
    "行政區":"萬華區"
    }
  }
]
}