{
"type": "FeatureCollection",
"name": "narrow_alley_agg_villa_tp",
"crs": { "type": "name", "properties": { "name": "urn:ogc:def:crs:OGC:1.3:CRS84" } },
"features": [
{ "type": "Feature", "properties": { "COUNTY": "臺北市", "TOWN": "中山區", "VILLAGE": "正得里", "geo_iid": "臺北市中山區正得里", "size_counts": 1 }, "geometry": { "type": "Polygon", "coordinates": [ [ [ 121.52536917000009, 25.052076838000062 ], [ 121.525287797000047, 25.051781338000062 ], [ 121.525234439000087, 25.05158757100002 ], [ 121.525192323000056, 25.051434629000013 ], [ 121.525059291000048, 25.050951524000023 ], [ 121.524949028000051, 25.050551104000068 ], [ 121.524889178000095, 25.050333759000065 ], [ 121.524748506000037, 25.049822900000034 ], [ 121.524557660000028, 25.049129824000023 ], [ 121.524423306000031, 25.048647005000067 ], [ 121.524210783000044, 25.047883292000044 ], [ 121.524198807000062, 25.047840253000057 ], [ 121.523674355000026, 25.047875863000055 ], [ 121.522437941000021, 25.047949979000059 ], [ 121.521187449000081, 25.048013555000058 ], [ 121.520740967000037, 25.048030226000034 ], [ 121.521237069000108, 25.049068297000069 ], [ 121.521406539000068, 25.049422544000034 ], [ 121.521590079000021, 25.049806196000073 ], [ 121.521592768000119, 25.049811815000044 ], [ 121.521855314000064, 25.050360608000055 ], [ 121.521939238000073, 25.050536031000025 ], [ 121.52216487200009, 25.051007661000025 ], [ 121.522276353000066, 25.051240682000063 ], [ 121.522304407000092, 25.051335213000065 ], [ 121.522502220000106, 25.05200174000003 ], [ 121.522557226000117, 25.05218707900007 ], [ 121.52536917000009, 25.052076838000062 ] ] ] } },
{ "type": "Feature", "properties": { "COUNTY": "臺北市", "TOWN": "松山區", "VILLAGE": "慈祐里", "geo_iid": "臺北市松山區慈祐里", "size_counts": 1 }, "geometry": { "type": "Polygon", "coordinates": [ [ [ 121.579946165000038, 25.052615442000043 ], [ 121.5799552430001, 25.052542512000052 ], [ 121.579968746000091, 25.052409532000066 ], [ 121.579986314000053, 25.052239447000023 ], [ 121.579995775000029, 25.052147858000058 ], [ 121.580004711, 25.052044914000071 ], [ 121.580013687, 25.051950535000056 ], [ 121.580017953000038, 25.05185619600007 ], [ 121.580022500000041, 25.05182186900003 ], [ 121.580030767000039, 25.051577412000015 ], [ 121.580011135000049, 25.051410265000065 ], [ 121.580001091000099, 25.051312241000051 ], [ 121.579991286000123, 25.051230808000064 ], [ 121.579943551000056, 25.051098067000044 ], [ 121.579872101000092, 25.050931122000058 ], [ 121.579838741000117, 25.050849775000067 ], [ 121.579791230000069, 25.050764204000068 ], [ 121.579757910000026, 25.050691443000058 ], [ 121.579729384000089, 25.050635814000024 ], [ 121.579691192000055, 25.050528765000013 ], [ 121.579675997000081, 25.050477773000061 ], [ 121.579672045000066, 25.050464516000027 ], [ 121.579671679000072, 25.050387327000056 ], [ 121.579680697000057, 25.050301533000034 ], [ 121.57969923600001, 25.050237146000022 ], [ 121.579760069000031, 25.050151143000047 ], [ 121.579811501000123, 25.050069463000053 ], [ 121.579959212000063, 25.04985381300002 ], [ 121.580022785000111, 25.049760998000064 ], [ 121.580055354000024, 25.049675115000067 ], [ 121.580057482000029, 25.04966871900006 ], [ 121.580073933000122, 25.04961930200005 ], [ 121.580071804000127, 25.049528160000015 ], [ 121.580070262000035, 25.049462031000068 ], [ 121.580057866000075, 25.049461834000045 ], [ 121.579963402000104, 25.049460335000038 ], [ 121.579958837000049, 25.049501476000035 ], [ 121.579906542000103, 25.049503844000071 ], [ 121.578622484000107, 25.049474229000047 ], [ 121.578165935000015, 25.049465183000038 ], [ 121.577930402000106, 25.049471497000063 ], [ 121.57779673000006, 25.049498031000038 ], [ 121.57776904900004, 25.049503527000066 ], [ 121.57736237600011, 25.049481304000029 ], [ 121.576955681000072, 25.049456913000022 ], [ 121.576689540000075, 25.049432540000048 ], [ 121.576615536000077, 25.049425762000052 ], [ 121.5764157320001, 25.049407065000022 ], [ 121.576230219000095, 25.049394794000023 ], [ 121.576108977000118, 25.049399599000022 ], [ 121.575944932000084, 25.049400235000061 ], [ 121.575816573000125, 25.049407225000035 ], [ 121.57513297800007, 25.049423034000029 ], [ 121.575118621000129, 25.049423365000049 ], [ 121.575117551000062, 25.049423415000028 ], [ 121.574939341000132, 25.049432096000029 ], [ 121.574145631000093, 25.049435169000034 ], [ 121.574072456000053, 25.049435851000048 ], [ 121.573654715000089, 25.049439743000047 ], [ 121.57271921600011, 25.049439137000029 ], [ 121.572486991000133, 25.049438989000059 ], [ 121.572467065000055, 25.049438977000019 ], [ 121.572224822000067, 25.049434722000047 ], [ 121.571967275000034, 25.049430197000046 ], [ 121.571943914000045, 25.049430700000066 ], [ 121.571645008000019, 25.049437122000015 ], [ 121.571511665000102, 25.049439988000071 ], [ 121.571153241000047, 25.049489533000035 ], [ 121.570561994000059, 25.049411531000018 ], [ 121.570470521000075, 25.04940600500003 ], [ 121.570312051000101, 25.049396431000041 ], [ 121.569779664000066, 25.049331569000056 ], [ 121.569667856000038, 25.049310595000065 ], [ 121.569337197000095, 25.049256690000043 ], [ 121.569416958000048, 25.04939656200002 ], [ 121.569787975000054, 25.050047185000032 ], [ 121.569846823000049, 25.050150385000041 ], [ 121.570199458000047, 25.050768769000044 ], [ 121.57044751400008, 25.051203754000024 ], [ 121.570463783000037, 25.051232284000029 ], [ 121.571675580000019, 25.052125389000022 ], [ 121.571678698000042, 25.052121298000024 ], [ 121.571780426000046, 25.052044863000038 ], [ 121.571900714000108, 25.051968375000051 ], [ 121.572048884000083, 25.051900220000036 ], [ 121.572271293000099, 25.051831778000057 ], [ 121.572382538000056, 25.051806008000018 ], [ 121.572614344000044, 25.051762863000068 ], [ 121.572707145000095, 25.051762494000052 ], [ 121.572827749000126, 25.051753587000064 ], [ 121.573022592000044, 25.051744377000023 ], [ 121.573282515000059, 25.051760264000041 ], [ 121.573477475000118, 25.051776398000076 ], [ 121.573737118000068, 25.051793917000047 ], [ 121.573950922000122, 25.051808343000051 ], [ 121.574183043000048, 25.051832777000069 ], [ 121.574805128000094, 25.051897932000024 ], [ 121.575306653000098, 25.051980437000051 ], [ 121.57598358700011, 25.052097299000017 ], [ 121.576297951, 25.052142945000064 ], [ 121.576550074000025, 25.052179553000027 ], [ 121.576726515000018, 25.052204209000013 ], [ 121.577163160000069, 25.052303861000034 ], [ 121.577571884000022, 25.052386735000017 ], [ 121.5782314920001, 25.052536197000045 ], [ 121.578872542000113, 25.052685728000021 ], [ 121.579485634000079, 25.052810024000049 ], [ 121.579807646000063, 25.052886801000049 ], [ 121.579928741000117, 25.052915674000072 ], [ 121.579946165000038, 25.052615442000043 ] ] ] } },
{ "type": "Feature", "properties": { "COUNTY": "臺北市", "TOWN": "大同區", "VILLAGE": "建泰里", "geo_iid": "臺北市大同區建泰里", "size_counts": 5 }, "geometry": { "type": "Polygon", "coordinates": [ [ [ 121.516110888000071, 25.053576195000055 ], [ 121.517685186000108, 25.053222006000045 ], [ 121.517727789000119, 25.053212422000051 ], [ 121.518425794000109, 25.05305248400003 ], [ 121.518875962000038, 25.052949332000022 ], [ 121.52030097300009, 25.052638643000016 ], [ 121.520300741000014, 25.052632837000026 ], [ 121.520275190000021, 25.051994967000034 ], [ 121.520274104, 25.051738827000058 ], [ 121.520212805000043, 25.051109341000025 ], [ 121.520176813000035, 25.050917361000064 ], [ 121.52011093800003, 25.050592067000018 ], [ 121.520051268000103, 25.050346801000043 ], [ 121.520009265000112, 25.050218028000071 ], [ 121.519997160000131, 25.050180917000034 ], [ 121.519292833000023, 25.050342102000055 ], [ 121.518392409000072, 25.050548156000044 ], [ 121.518243206000065, 25.050582299000038 ], [ 121.517740667000126, 25.050697299000024 ], [ 121.517542026000115, 25.050742754000048 ], [ 121.517045270000054, 25.050856427000031 ], [ 121.51703000200007, 25.050859920000043 ], [ 121.516113186000112, 25.051069711000014 ], [ 121.515449375000117, 25.051221603000037 ], [ 121.515507430000071, 25.051431156000028 ], [ 121.515522239, 25.051484610000038 ], [ 121.51562664800008, 25.051861480000071 ], [ 121.515855776000066, 25.052688520000057 ], [ 121.515929095000047, 25.052953165000066 ], [ 121.515985165000075, 25.053155552000071 ], [ 121.516102243000077, 25.053578139000013 ], [ 121.516110888000071, 25.053576195000055 ] ] ] } },
{ "type": "Feature", "properties": { "COUNTY": "臺北市", "TOWN": "大同區", "VILLAGE": "建功里", "geo_iid": "臺北市大同區建功里", "size_counts": 6 }, "geometry": { "type": "Polygon", "coordinates": [ [ [ 121.51472689600007, 25.05416647100002 ], [ 121.514758583000102, 25.054153940000038 ], [ 121.514821913000105, 25.054128894000026 ], [ 121.514885172000049, 25.054083146000032 ], [ 121.514938064000049, 25.054013587000039 ], [ 121.514948275000037, 25.054000159000047 ], [ 121.514979653000083, 25.053917271000035 ], [ 121.514979325000013, 25.053838638000055 ], [ 121.515089813000017, 25.05381300700002 ], [ 121.515649635000059, 25.053683138000039 ], [ 121.516102243000077, 25.053578139000013 ], [ 121.515985165000075, 25.053155552000071 ], [ 121.515929095000047, 25.052953165000066 ], [ 121.515855776000066, 25.052688520000057 ], [ 121.51562664800008, 25.051861480000071 ], [ 121.515522239, 25.051484610000038 ], [ 121.515507430000071, 25.051431156000028 ], [ 121.515449375000117, 25.051221603000037 ], [ 121.514727476000076, 25.051394505000069 ], [ 121.513927213000102, 25.051586172000039 ], [ 121.513813708000029, 25.05119203900005 ], [ 121.513806953000099, 25.051169104000042 ], [ 121.513687812000057, 25.050742164000035 ], [ 121.513652386000118, 25.050624780000071 ], [ 121.513650831000064, 25.050619628000042 ], [ 121.513646760000043, 25.050605360000073 ], [ 121.513601137, 25.050445473000021 ], [ 121.51353995800001, 25.050231060000037 ], [ 121.513499743000011, 25.050090122000029 ], [ 121.513464518000106, 25.049966667000028 ], [ 121.513349980000044, 25.049562129000027 ], [ 121.513358417000077, 25.049559254000027 ], [ 121.513355114000092, 25.04941813400006 ], [ 121.512043302000066, 25.049853807000027 ], [ 121.512007592000018, 25.050051466000063 ], [ 121.511994830000035, 25.050235359000052 ], [ 121.511988012000074, 25.050333633000019 ], [ 121.511977212000033, 25.050489268000028 ], [ 121.511969373000056, 25.050596765000016 ], [ 121.511961665000058, 25.050702429000061 ], [ 121.511959126000079, 25.050735479000014 ], [ 121.511913067000023, 25.051335071000032 ], [ 121.511896536000123, 25.051550282000044 ], [ 121.511872220000114, 25.051866812000068 ], [ 121.511862828000062, 25.052048995000053 ], [ 121.512109031000023, 25.052200269000018 ], [ 121.512159384000029, 25.052231208000013 ], [ 121.512731114000076, 25.052582494000028 ], [ 121.512748422000072, 25.052593365000053 ], [ 121.513205882000079, 25.052880704000067 ], [ 121.513200065000092, 25.052936832000057 ], [ 121.513150476000064, 25.053415346000062 ], [ 121.513117446000038, 25.053704831000054 ], [ 121.513099265000065, 25.053948005000041 ], [ 121.513487835000106, 25.053969970000022 ], [ 121.514338843000019, 25.05401807100003 ], [ 121.514423940000043, 25.054080708000061 ], [ 121.514463816000088, 25.054117720000075 ], [ 121.514522840000055, 25.054142343000024 ], [ 121.514586374000046, 25.054162825000045 ], [ 121.514627184, 25.054166818000045 ], [ 121.514667994000078, 25.054170811000052 ], [ 121.51472689600007, 25.05416647100002 ] ] ] } },
{ "type": "Feature", "properties": { "COUNTY": "臺北市", "TOWN": "文山區", "VILLAGE": "木柵里", "geo_iid": "臺北市文山區木柵里", "size_counts": 2 }, "geometry": { "type": "Polygon", "coordinates": [ [ [ 121.563940414000058, 24.99582301800006 ], [ 121.564342507000106, 24.995616926000018 ], [ 121.564835665000047, 24.995737799000029 ], [ 121.56553666700006, 24.99561238700004 ], [ 121.565953248000028, 24.995310782000043 ], [ 121.566639953000049, 24.995321799000063 ], [ 121.567283064000108, 24.995592102000039 ], [ 121.568057953000107, 24.995302754000079 ], [ 121.568415575000031, 24.995165010000047 ], [ 121.56866825900012, 24.994932203000065 ], [ 121.569115314000115, 24.994766842000043 ], [ 121.569293815000037, 24.994629780000015 ], [ 121.569531947000073, 24.994478848000021 ], [ 121.569715325000061, 24.993981387000066 ], [ 121.569738354000037, 24.993918913000066 ], [ 121.570080026000028, 24.99356302700004 ], [ 121.570140136000077, 24.99326590000004 ], [ 121.570182185000021, 24.99305804800002 ], [ 121.570300907000032, 24.992907574000064 ], [ 121.570414128000053, 24.992489053000035 ], [ 121.570429444000084, 24.992432439000019 ], [ 121.570481, 24.992184617000074 ], [ 121.570531106000089, 24.991943771000017 ], [ 121.570584788000019, 24.991685730000022 ], [ 121.570602677000011, 24.991652691000059 ], [ 121.570629774000054, 24.991602651000044 ], [ 121.571100023000113, 24.991645075000061 ], [ 121.570884867000032, 24.99068012300005 ], [ 121.569191391000118, 24.989325265000037 ], [ 121.569122438000022, 24.989270098000073 ], [ 121.568706180000049, 24.988937064000019 ], [ 121.568622166000068, 24.988910330000056 ], [ 121.568610192000051, 24.988906520000054 ], [ 121.568508522000116, 24.98886570500002 ], [ 121.568613104000079, 24.988314123000059 ], [ 121.568612383000087, 24.988297078000066 ], [ 121.568583531000058, 24.987613192000016 ], [ 121.568562473000043, 24.987114098000049 ], [ 121.568339868000052, 24.986819180000051 ], [ 121.568334347000018, 24.986811866000028 ], [ 121.568307899000061, 24.986807558000056 ], [ 121.568286252000021, 24.986804851000041 ], [ 121.568274803, 24.986804850000045 ], [ 121.568195692, 24.986808032000052 ], [ 121.567947467000081, 24.986817999000031 ], [ 121.567940336000092, 24.986818450000037 ], [ 121.567930666000066, 24.986819715000014 ], [ 121.567925430000059, 24.986820691000041 ], [ 121.567916278000098, 24.986822912000026 ], [ 121.567887479000092, 24.986824635000055 ], [ 121.56778574800002, 24.986830723000018 ], [ 121.567412999000098, 24.986840217000061 ], [ 121.567211939000131, 24.986853506000038 ], [ 121.566893110000024, 24.986885597000022 ], [ 121.566423206000067, 24.986944338000058 ], [ 121.566291358000072, 24.986960423000021 ], [ 121.566146411000105, 24.986977595000038 ], [ 121.566079497000032, 24.986987224000067 ], [ 121.565848544000133, 24.987001814000042 ], [ 121.565737222000052, 24.987002237000063 ], [ 121.565654340000037, 24.987002552000028 ], [ 121.565062642000044, 24.986960629000059 ], [ 121.564716806000106, 24.986945894000019 ], [ 121.56468696200011, 24.986944622000063 ], [ 121.564506943000083, 24.987943116000046 ], [ 121.564300993000089, 24.987981723000068 ], [ 121.564260337000064, 24.987989346000056 ], [ 121.56357821000006, 24.988080713000041 ], [ 121.563874588000076, 24.988721821000063 ], [ 121.563880221000105, 24.988734005000026 ], [ 121.563114539000026, 24.989035086000051 ], [ 121.563402445000065, 24.989137974000066 ], [ 121.563596721000053, 24.989207401000041 ], [ 121.564269573000061, 24.989491445000048 ], [ 121.56436123800006, 24.989955104000035 ], [ 121.564302223000027, 24.990105456000034 ], [ 121.564231829000065, 24.990140133000065 ], [ 121.564078875000078, 24.990215480000071 ], [ 121.564093694, 24.990326660000047 ], [ 121.564112162000015, 24.990465214000032 ], [ 121.564157044000012, 24.990801946000026 ], [ 121.564202504000022, 24.991143024000042 ], [ 121.564396445000057, 24.991128646000039 ], [ 121.564546556000096, 24.991319136000065 ], [ 121.564219791000042, 24.991661558000025 ], [ 121.564220265000017, 24.991765638000054 ], [ 121.564221472000114, 24.992030030000016 ], [ 121.563835946000026, 24.992577385000054 ], [ 121.563866975000124, 24.992836570000058 ], [ 121.563793174000011, 24.993014261000035 ], [ 121.563644306000029, 24.993096710000025 ], [ 121.563465592000057, 24.993179272000074 ], [ 121.56336199600004, 24.99337072600002 ], [ 121.563288184000044, 24.993548424000036 ], [ 121.563079934000044, 24.993699333000045 ], [ 121.562782166000048, 24.99387721000004 ], [ 121.562648443000057, 24.994014086000053 ], [ 121.562678839000128, 24.994136735000037 ], [ 121.56281664100004, 24.994607176000034 ], [ 121.562830472000087, 24.994654389000054 ], [ 121.562980729000046, 24.994872019000063 ], [ 121.563312832000065, 24.995243656000063 ], [ 121.563386559000037, 24.99548418300003 ], [ 121.563476866000073, 24.995647492000042 ], [ 121.563587579000114, 24.995984668000055 ], [ 121.563776959000052, 24.995987290000063 ], [ 121.563940414000058, 24.99582301800006 ] ] ] } },
{ "type": "Feature", "properties": { "COUNTY": "臺北市", "TOWN": "文山區", "VILLAGE": "興家里", "geo_iid": "臺北市文山區興家里", "size_counts": 1 }, "geometry": { "type": "Polygon", "coordinates": [ [ [ 121.562343717000104, 24.996624323000049 ], [ 121.562354081000095, 24.99661920200003 ], [ 121.562618312000041, 24.996488637000024 ], [ 121.562710227000025, 24.996439813000048 ], [ 121.562724847000041, 24.996432047000031 ], [ 121.563003615000085, 24.99628396700006 ], [ 121.563098231000026, 24.996235473000066 ], [ 121.56324145300006, 24.996162067000043 ], [ 121.563587579000114, 24.995984668000055 ], [ 121.563476866000073, 24.995647492000042 ], [ 121.563386559000037, 24.99548418300003 ], [ 121.563312832000065, 24.995243656000063 ], [ 121.562980729000046, 24.994872019000063 ], [ 121.562830472000087, 24.994654389000054 ], [ 121.56281664100004, 24.994607176000034 ], [ 121.562678839000128, 24.994136735000037 ], [ 121.562648443000057, 24.994014086000053 ], [ 121.562453839000128, 24.993892085000024 ], [ 121.562303884000031, 24.993742643000072 ], [ 121.562213581000037, 24.993579333000064 ], [ 121.562057592000087, 24.993482685000057 ], [ 121.561929171000088, 24.993403114000042 ], [ 121.561820731, 24.993310643000022 ], [ 121.561674421000021, 24.993185878000066 ], [ 121.561345042000085, 24.992968914000066 ], [ 121.561045643000043, 24.992779119000026 ], [ 121.560999993000109, 24.992588366000053 ], [ 121.56099912600007, 24.992397443000065 ], [ 121.560932829000095, 24.992277543000053 ], [ 121.560818526000062, 24.992070821000016 ], [ 121.560535037000022, 24.992099164000024 ], [ 121.559846753000116, 24.991733539000037 ], [ 121.559824014000029, 24.991703193000021 ], [ 121.5595614140001, 24.991352762000069 ], [ 121.559362791000027, 24.991172785000053 ], [ 121.559351578000019, 24.991162626000051 ], [ 121.559316720000083, 24.991173386000071 ], [ 121.559217424000053, 24.991204036000049 ], [ 121.558993217000065, 24.991136691000062 ], [ 121.558904475000077, 24.991091604000076 ], [ 121.558695224000076, 24.991775084000036 ], [ 121.558678651000037, 24.991860498000047 ], [ 121.55866018800009, 24.991974510000031 ], [ 121.55864994500007, 24.992108308000066 ], [ 121.558653096000072, 24.992204896000025 ], [ 121.558680827000117, 24.992345992000025 ], [ 121.558775284000035, 24.99264556900004 ], [ 121.558785356000044, 24.992677515000022 ], [ 121.559022632000051, 24.993259418000033 ], [ 121.559067728000059, 24.993370017000071 ], [ 121.559135475000076, 24.993516847000013 ], [ 121.559177253000016, 24.993607395000026 ], [ 121.559205719000047, 24.993663390000044 ], [ 121.559316763000098, 24.993881820000063 ], [ 121.55942602000006, 24.994084386000043 ], [ 121.559478090000098, 24.994180926000062 ], [ 121.559549310000079, 24.994341666000022 ], [ 121.559562886000094, 24.99438526200003 ], [ 121.559587831000059, 24.994465367000025 ], [ 121.559607922000055, 24.994712995000036 ], [ 121.559680118000088, 24.995089212000035 ], [ 121.559736989000044, 24.995277115000075 ], [ 121.559781962000102, 24.995425701000034 ], [ 121.559967144000083, 24.995930685000069 ], [ 121.559979725000076, 24.995964997000037 ], [ 121.559996265000109, 24.996051586000064 ], [ 121.560018453000112, 24.996160489000026 ], [ 121.560018608000064, 24.996194615000029 ], [ 121.56017979, 24.996229289000034 ], [ 121.560624309000119, 24.996325126000045 ], [ 121.560675339000127, 24.99633612700006 ], [ 121.561125381000011, 24.996433146000065 ], [ 121.561244242000043, 24.996458771000043 ], [ 121.561530476000016, 24.996520477000033 ], [ 121.561958765000099, 24.996612804000044 ], [ 121.562115288000072, 24.996646546000068 ], [ 121.562240890000112, 24.99667513200006 ], [ 121.562343717000104, 24.996624323000049 ] ] ] } },
{ "type": "Feature", "properties": { "COUNTY": "臺北市", "TOWN": "文山區", "VILLAGE": "景慶里", "geo_iid": "臺北市文山區景慶里", "size_counts": 4 }, "geometry": { "type": "Polygon", "coordinates": [ [ [ 121.530719642000022, 24.997902081000053 ], [ 121.530766234000126, 24.997901665000022 ], [ 121.534477275000086, 24.997868650000036 ], [ 121.536803634000094, 24.996581067000019 ], [ 121.537689719000028, 24.996090625000075 ], [ 121.538199983000041, 24.99580819300007 ], [ 121.538551529000074, 24.995613610000074 ], [ 121.538616123000111, 24.995577856000061 ], [ 121.539298925000026, 24.995199917000033 ], [ 121.539567494000053, 24.995051259000029 ], [ 121.539711827000019, 24.994981821000056 ], [ 121.539745470000057, 24.994965599000054 ], [ 121.539972577000057, 24.994828089000062 ], [ 121.54056780300003, 24.994467692000054 ], [ 121.540868411000019, 24.99429928000006 ], [ 121.541105426000044, 24.994166494000066 ], [ 121.541040037000016, 24.993675775000035 ], [ 121.540898230000039, 24.99317159200006 ], [ 121.540815922000093, 24.99287894900004 ], [ 121.54065298400009, 24.99243721700002 ], [ 121.540532318000032, 24.992110082000064 ], [ 121.540247013000098, 24.992211304000016 ], [ 121.539916048, 24.99232872400005 ], [ 121.539901297000029, 24.992333957000024 ], [ 121.539735310000083, 24.992476982000017 ], [ 121.539192282000045, 24.992944880000032 ], [ 121.538901604000117, 24.993195341000042 ], [ 121.538861878000034, 24.993229572000068 ], [ 121.538719682000078, 24.993306686000032 ], [ 121.53833026700012, 24.993517867000033 ], [ 121.538076039000089, 24.993747883000029 ], [ 121.537974691000059, 24.99381746500006 ], [ 121.537129575000108, 24.99439768600007 ], [ 121.537006215000019, 24.994511287000016 ], [ 121.536911039000088, 24.994598934000056 ], [ 121.536904441000061, 24.994601850000031 ], [ 121.536481985000023, 24.994788663000062 ], [ 121.536048666000056, 24.995027509000057 ], [ 121.535941470000012, 24.995089260000036 ], [ 121.535865539000028, 24.995134529000037 ], [ 121.535736513000074, 24.995327273000044 ], [ 121.535669882000093, 24.995450241000064 ], [ 121.535585172000097, 24.995536458000053 ], [ 121.535482491000039, 24.995606380000016 ], [ 121.535357339000043, 24.995660014000059 ], [ 121.535232065000059, 24.995685004000045 ], [ 121.535146832, 24.995648493000029 ], [ 121.535083764000092, 24.995562808000042 ], [ 121.535043130000076, 24.99548522200006 ], [ 121.534984478000084, 24.995383164000028 ], [ 121.534952772000125, 24.995301456000043 ], [ 121.535067559000026, 24.995088878000036 ], [ 121.535020917000125, 24.995068865000061 ], [ 121.53497183200011, 24.995018331000036 ], [ 121.534937902000024, 24.994947157000066 ], [ 121.534865084000103, 24.994735972000054 ], [ 121.534824879000084, 24.994641844000057 ], [ 121.534801028000047, 24.994571837 ], [ 121.534754541000098, 24.994463937000024 ], [ 121.534730703000037, 24.994382454000053 ], [ 121.534704341000065, 24.994304401000068 ], [ 121.53468422200001, 24.994271096000027 ], [ 121.534661661000086, 24.994175858000059 ], [ 121.534617712000127, 24.994053043000058 ], [ 121.534577556000045, 24.993925657000023 ], [ 121.534551199000035, 24.993843017000067 ], [ 121.534534884000095, 24.993790224000062 ], [ 121.534508530000039, 24.993705294000041 ], [ 121.534484669000108, 24.993643319000054 ], [ 121.534444481000023, 24.99353771800002 ], [ 121.534424387000058, 24.99348376600005 ], [ 121.534399255000039, 24.99342981400002 ], [ 121.534354034000117, 24.99331733200005 ], [ 121.53429871700007, 24.993217444000031 ], [ 121.534161632000064, 24.99300389700004 ], [ 121.534111301000053, 24.992945324000058 ], [ 121.534058438000102, 24.992894775000014 ], [ 121.534020698000063, 24.992844253000037 ], [ 121.533965366000061, 24.992755841000069 ], [ 121.533756514000075, 24.992495162000068 ], [ 121.533684773000118, 24.992425099000055 ], [ 121.533613045000052, 24.992344699000054 ], [ 121.533562731000075, 24.992275796000051 ], [ 121.53350736400013, 24.992212635000037 ], [ 121.533439401000024, 24.99214485300006 ], [ 121.533425792000131, 24.992131754000059 ], [ 121.533370181, 24.992078229000068 ], [ 121.533316594000098, 24.992031944000065 ], [ 121.533222669000097, 24.991924893000022 ], [ 121.533210735000026, 24.991911292000044 ], [ 121.533173411, 24.991864029000048 ], [ 121.533109472000092, 24.991818142000046 ], [ 121.533064359000051, 24.991768514000047 ], [ 121.532954144000101, 24.991677596000041 ], [ 121.532796132000058, 24.99152909900004 ], [ 121.532706070000017, 24.991437850000061 ], [ 121.532628996000099, 24.991365856000066 ], [ 121.532558343000105, 24.991299481000048 ], [ 121.53248153200002, 24.991240071000043 ], [ 121.532374767000064, 24.991133072000018 ], [ 121.532274980000025, 24.991059182000065 ], [ 121.532148972000073, 24.990935332000042 ], [ 121.532090841000027, 24.990865312000036 ], [ 121.532059909000054, 24.990831468000053 ], [ 121.531873723000103, 24.990660543000036 ], [ 121.531800762000103, 24.990604514000033 ], [ 121.53172236200011, 24.990529102000025 ], [ 121.531698705000068, 24.990505769000031 ], [ 121.531715494000068, 24.990577617000046 ], [ 121.531724884000027, 24.990636022000043 ], [ 121.53170888800004, 24.990676282000031 ], [ 121.531724512000096, 24.990727751000062 ], [ 121.531731400000012, 24.990788465000033 ], [ 121.531745675000039, 24.990830785000064 ], [ 121.531753764000086, 24.990884590000057 ], [ 121.531745393000051, 24.990931666000037 ], [ 121.531743635000097, 24.99101079300004 ], [ 121.531759262000037, 24.99106226200006 ], [ 121.531758891000109, 24.991153998000065 ], [ 121.531768469000113, 24.991231894000062 ], [ 121.531763893000061, 24.991280092000064 ], [ 121.531758290000084, 24.99135235400006 ], [ 121.531753736000056, 24.991402840000028 ], [ 121.531745759000046, 24.991490044000045 ], [ 121.531736253000091, 24.991549743000053 ], [ 121.531743432000113, 24.991640270000051 ], [ 121.531730134000099, 24.991698856000024 ], [ 121.531715832000032, 24.991783817000051 ], [ 121.531706304000068, 24.991841234000045 ], [ 121.531680689000055, 24.991929729000045 ], [ 121.531659884000078, 24.991994102000028 ], [ 121.531631707000088, 24.99207802800003 ], [ 121.531602233000058, 24.992158528000054 ], [ 121.531563938000104, 24.992239107000039 ], [ 121.531535704000021, 24.992317299000032 ], [ 121.531498624000065, 24.992393278000058 ], [ 121.531438834000014, 24.992467151000024 ], [ 121.531389087000093, 24.992536351000062 ], [ 121.531377984000088, 24.992561659000035 ], [ 121.531414052000045, 24.992641629000044 ], [ 121.531476544000043, 24.992716789000038 ], [ 121.531517420000128, 24.992772646000041 ], [ 121.53156471200009, 24.992839899000042 ], [ 121.531599406000055, 24.992908414000052 ], [ 121.531636606000021, 24.992974613000044 ], [ 121.531680322000071, 24.993063681000017 ], [ 121.531717540000031, 24.993132179000035 ], [ 121.531756027000029, 24.993201795000058 ], [ 121.531766636000029, 24.993255600000051 ], [ 121.531792333000112, 24.993305840000062 ], [ 121.531798082000023, 24.99337917400003 ], [ 121.531805018000114, 24.993444476000029 ], [ 121.531804490000027, 24.993520150000045 ], [ 121.5318029230001, 24.99361877200004 ], [ 121.531789846000038, 24.993700279000048 ], [ 121.531799202000116, 24.993755244000049 ], [ 121.531786093000036, 24.99383332200005 ], [ 121.531774623000047, 24.993950367000014 ], [ 121.531762970000031, 24.994049068000034 ], [ 121.531750060000036, 24.99414776400004 ], [ 121.531731006000101, 24.994262579000058 ], [ 121.531715495000071, 24.994353296000032 ], [ 121.531701258000112, 24.994445136000024 ], [ 121.531685142, 24.994472782000049 ], [ 121.53166963000001, 24.994563492000047 ], [ 121.531659340000047, 24.994672507000065 ], [ 121.53164475100003, 24.994727656000059 ], [ 121.531623789000051, 24.994775987000022 ], [ 121.531581955000107, 24.99488181100002 ], [ 121.53154878700002, 24.994971516000071 ], [ 121.531523019000019, 24.995043958000046 ], [ 121.531494905000045, 24.995134773000068 ], [ 121.531470575000071, 24.995225547000068 ], [ 121.531432155000076, 24.995293515000064 ], [ 121.531382502000042, 24.99537302900006 ], [ 121.531366574000131, 24.995433240000057 ], [ 121.531359399000053, 24.995460360000028 ], [ 121.531329733, 24.995521369000063 ], [ 121.531288732, 24.995582474000052 ], [ 121.531259334000083, 24.995671 ], [ 121.531224794000082, 24.995749245000063 ], [ 121.531188929000109, 24.995820622000046 ], [ 121.53116224300004, 24.995928621000065 ], [ 121.531135511000116, 24.996032035000034 ], [ 121.531113922000031, 24.996145723000041 ], [ 121.531074285000031, 24.996218278000065 ], [ 121.531044569000059, 24.996273554000012 ], [ 121.531040160000074, 24.996338952000027 ], [ 121.531018024000119, 24.996396460000017 ], [ 121.530989622000106, 24.996457465000038 ], [ 121.530962783000049, 24.996549403000067 ], [ 121.530927903000034, 24.996589790000034 ], [ 121.530927876000078, 24.996589814000053 ], [ 121.530902282000071, 24.996680607000023 ], [ 121.530860659000055, 24.996808216000026 ], [ 121.530831239, 24.996894460000075 ], [ 121.530812965000109, 24.99695995900003 ], [ 121.530788188000074, 24.99700487300003 ], [ 121.530762561000088, 24.997092229000032 ], [ 121.53073442400013, 24.997180741000019 ], [ 121.53073138700006, 24.997257592000029 ], [ 121.530696065000029, 24.99738514900001 ], [ 121.530666667000105, 24.997473668000048 ], [ 121.530634637000048, 24.997550736000044 ], [ 121.530623615000081, 24.99758410000004 ], [ 121.530588788000031, 24.997632533000054 ], [ 121.530569196000116, 24.997692315000045 ], [ 121.530568017000064, 24.997699595000025 ], [ 121.530563248000021, 24.997729055000029 ], [ 121.530554959000028, 24.997784163000055 ], [ 121.530531752000101, 24.997861164000017 ], [ 121.530529082000044, 24.997903775000054 ], [ 121.530719642000022, 24.997902081000053 ] ] ] } },
{ "type": "Feature", "properties": { "COUNTY": "臺北市", "TOWN": "文山區", "VILLAGE": "景華里", "geo_iid": "臺北市文山區景華里", "size_counts": 1 }, "geometry": { "type": "Polygon", "coordinates": [ [ [ 121.54464909, 24.998022600000059 ], [ 121.54472345100011, 24.997736337000038 ], [ 121.544723004000033, 24.99770837900007 ], [ 121.544711349000082, 24.996979359000072 ], [ 121.54470776900007, 24.996755492000027 ], [ 121.544697264000106, 24.996098428000032 ], [ 121.544695413000127, 24.995982625000064 ], [ 121.544681284000035, 24.99509883100005 ], [ 121.54467313900011, 24.994513965000053 ], [ 121.544672655000127, 24.994479222000045 ], [ 121.54467235300001, 24.994457572000044 ], [ 121.54467149300001, 24.994262397000053 ], [ 121.544652637000013, 24.994139784000019 ], [ 121.544646116000095, 24.994045013000054 ], [ 121.544621095000039, 24.993905692000055 ], [ 121.544616405000056, 24.993873853000018 ], [ 121.544602212000072, 24.993777500000078 ], [ 121.54459316000009, 24.993739634000057 ], [ 121.544583562000071, 24.99369950200002 ], [ 121.544484773000022, 24.993360966000065 ], [ 121.544410249000052, 24.993153640000049 ], [ 121.544323720000094, 24.992908591000056 ], [ 121.544255940000085, 24.992763858000039 ], [ 121.544162769000067, 24.992546914000055 ], [ 121.544138768000039, 24.992491034000064 ], [ 121.543846311000038, 24.992609206000051 ], [ 121.543757861000017, 24.992632452000063 ], [ 121.543480519, 24.992705346000029 ], [ 121.543331111000043, 24.992744937000047 ], [ 121.543318839000108, 24.992748189000043 ], [ 121.543096435000066, 24.992807123000031 ], [ 121.542730495000114, 24.99286979400005 ], [ 121.542486346000032, 24.992870685000067 ], [ 121.542355932000078, 24.992884405000034 ], [ 121.542339728000115, 24.992886110000025 ], [ 121.542321625000127, 24.992888014000066 ], [ 121.541696458000033, 24.992884253000053 ], [ 121.541321926000023, 24.992881999000065 ], [ 121.541306453000061, 24.992881904000047 ], [ 121.540815922000093, 24.99287894900004 ], [ 121.540898230000039, 24.99317159200006 ], [ 121.541040037000016, 24.993675775000035 ], [ 121.541105426000044, 24.994166494000066 ], [ 121.541115865000037, 24.994161138000031 ], [ 121.541142032000053, 24.99436134800003 ], [ 121.541153280000103, 24.994523091000062 ], [ 121.541191753000035, 24.995121937000079 ], [ 121.541125984000018, 24.995915818000061 ], [ 121.541427291000105, 24.995928525000064 ], [ 121.54186254900003, 24.996481418000023 ], [ 121.541890668000065, 24.99651596700004 ], [ 121.541909855000085, 24.996539541000057 ], [ 121.542553177000073, 24.997329961000037 ], [ 121.542590935000035, 24.99734263700002 ], [ 121.542679921000072, 24.997372513000069 ], [ 121.542756875, 24.997398881000031 ], [ 121.542786683000045, 24.997423536000039 ], [ 121.543242152000076, 24.997800254000015 ], [ 121.543293988000073, 24.997817255000026 ], [ 121.543350424000081, 24.997812751000019 ], [ 121.543810772000029, 24.997647733000058 ], [ 121.543886181000062, 24.997677549000048 ], [ 121.543893396000044, 24.997697704000075 ], [ 121.543933813000081, 24.997810619000049 ], [ 121.543954649000057, 24.997862325000018 ], [ 121.543971863000024, 24.997905041000017 ], [ 121.543978099, 24.998004894000069 ], [ 121.544177071000036, 24.998009647000053 ], [ 121.544233747000021, 24.998094182000042 ], [ 121.5442852420001, 24.99814999200003 ], [ 121.54432016300008, 24.998189788000037 ], [ 121.544337529000032, 24.998209578000054 ], [ 121.544347051000045, 24.99822042900006 ], [ 121.544539215000114, 24.998445590000074 ], [ 121.54464909, 24.998022600000059 ] ] ] } },
{ "type": "Feature", "properties": { "COUNTY": "臺北市", "TOWN": "文山區", "VILLAGE": "興福里", "geo_iid": "臺北市文山區興福里", "size_counts": 1 }, "geometry": { "type": "Polygon", "coordinates": [ [ [ 121.547358981000116, 24.999184447000058 ], [ 121.547707805000087, 24.998339133000055 ], [ 121.547733913000116, 24.998275862000064 ], [ 121.547735925000097, 24.998270985000023 ], [ 121.547784441000104, 24.998092764000035 ], [ 121.547835189000025, 24.997886648000073 ], [ 121.547871714000053, 24.997737867000069 ], [ 121.547890242000108, 24.997594702000065 ], [ 121.547884643000089, 24.99739095000006 ], [ 121.547867281000109, 24.997251635000051 ], [ 121.547862956000017, 24.99721692300005 ], [ 121.547817193000014, 24.997007218000068 ], [ 121.547764791000091, 24.996837945000031 ], [ 121.547700735000035, 24.99669017300004 ], [ 121.547627347000116, 24.996555304000015 ], [ 121.54754528300009, 24.996412833000075 ], [ 121.547539804000067, 24.996403321000045 ], [ 121.547421627000077, 24.996227854000033 ], [ 121.547320133000099, 24.996108099000018 ], [ 121.547235196000088, 24.996016173000044 ], [ 121.547182236000026, 24.99596604300006 ], [ 121.547129091000116, 24.995915738000061 ], [ 121.546888803000115, 24.995738587000059 ], [ 121.546640820000121, 24.995596766000055 ], [ 121.546620458000021, 24.99558512100003 ], [ 121.546344188000035, 24.995441299000046 ], [ 121.546260391000033, 24.995397675000035 ], [ 121.546116203000111, 24.995343576000028 ], [ 121.545954644000062, 24.995282958000065 ], [ 121.545768917000032, 24.995230013000018 ], [ 121.545326150000065, 24.995166797000017 ], [ 121.545270847000097, 24.995158901000014 ], [ 121.544921703000128, 24.99512332800003 ], [ 121.544681284000035, 24.99509883100005 ], [ 121.544695413000127, 24.995982625000064 ], [ 121.544697264000106, 24.996098428000032 ], [ 121.54470776900007, 24.996755492000027 ], [ 121.544711349000082, 24.996979359000072 ], [ 121.544723004000033, 24.99770837900007 ], [ 121.54472345100011, 24.997736337000038 ], [ 121.54464909, 24.998022600000059 ], [ 121.544539215000114, 24.998445590000074 ], [ 121.544524957000021, 24.998500477000047 ], [ 121.545012779000103, 24.998621894000046 ], [ 121.545327515000068, 24.99870023100004 ], [ 121.545535147000024, 24.998751910000067 ], [ 121.545622859000105, 24.998776739000039 ], [ 121.546034825000092, 24.998893364000015 ], [ 121.54648148800004, 24.999019810000046 ], [ 121.546519066000101, 24.999032528000033 ], [ 121.546878144000061, 24.999154044000079 ], [ 121.547072020000087, 24.99923145100006 ], [ 121.547297508000042, 24.999333415000017 ], [ 121.547358981000116, 24.999184447000058 ] ] ] } },
{ "type": "Feature", "properties": { "COUNTY": "臺北市", "TOWN": "文山區", "VILLAGE": "景仁里", "geo_iid": "臺北市文山區景仁里", "size_counts": 1 }, "geometry": { "type": "Polygon", "coordinates": [ [ [ 121.540102211000104, 24.999064585000031 ], [ 121.540418438000088, 24.998275398000022 ], [ 121.54071741100006, 24.997529257000046 ], [ 121.540846288000026, 24.99713422800005 ], [ 121.540900481000108, 24.996968119000019 ], [ 121.541105573000095, 24.996144961000017 ], [ 121.541125984000018, 24.995915818000061 ], [ 121.541191753000035, 24.995121937000079 ], [ 121.541153280000103, 24.994523091000062 ], [ 121.541142032000053, 24.99436134800003 ], [ 121.541115865000037, 24.994161138000031 ], [ 121.541105426000044, 24.994166494000066 ], [ 121.540868411000019, 24.99429928000006 ], [ 121.54056780300003, 24.994467692000054 ], [ 121.539972577000057, 24.994828089000062 ], [ 121.539745470000057, 24.994965599000054 ], [ 121.539711827000019, 24.994981821000056 ], [ 121.539567494000053, 24.995051259000029 ], [ 121.539298925000026, 24.995199917000033 ], [ 121.538616123000111, 24.995577856000061 ], [ 121.538551529000074, 24.995613610000074 ], [ 121.538199983000041, 24.99580819300007 ], [ 121.537689719000028, 24.996090625000075 ], [ 121.536803634000094, 24.996581067000019 ], [ 121.534477275000086, 24.997868650000036 ], [ 121.530766234000126, 24.997901665000022 ], [ 121.530719642000022, 24.997902081000053 ], [ 121.530529082000044, 24.997903775000054 ], [ 121.530527131000099, 24.997934925000035 ], [ 121.530526289000022, 24.997948351000041 ], [ 121.53051427700008, 24.998009217000057 ], [ 121.530573682000082, 24.998105311000074 ], [ 121.530590006000011, 24.998131715000053 ], [ 121.530754928000079, 24.998398483000067 ], [ 121.530756453000109, 24.99844317500003 ], [ 121.530765693000035, 24.998516459000019 ], [ 121.530766054000097, 24.998577191000031 ], [ 121.530756342000018, 24.998636837000042 ], [ 121.530759204000105, 24.998695267000066 ], [ 121.53076953500009, 24.998739909000044 ], [ 121.53076621600006, 24.998815561000068 ], [ 121.530795511000065, 24.998876134000049 ], [ 121.530806517000087, 24.99894159900003 ], [ 121.530807253000035, 24.998945978000037 ], [ 121.530812728000114, 24.999020440000034 ], [ 121.530830660000106, 24.999074201000035 ], [ 121.530838491000068, 24.999121147000039 ], [ 121.530853869000111, 24.999168039000033 ], [ 121.530880645000025, 24.999227493000024 ], [ 121.530902333000085, 24.999277802000048 ], [ 121.530922115000052, 24.999326284000059 ], [ 121.534168738000076, 24.999013419000047 ], [ 121.535407822000039, 24.998709216000059 ], [ 121.535973390000095, 24.998494079000064 ], [ 121.53687854500005, 24.998125044000059 ], [ 121.536951984000112, 24.998278436000067 ], [ 121.536991552000032, 24.998361081000038 ], [ 121.537012200000063, 24.998405854000048 ], [ 121.53704179600004, 24.99847003200005 ], [ 121.53708193500006, 24.998542636000021 ], [ 121.537129564000125, 24.998622037000064 ], [ 121.537192053000012, 24.998685469000055 ], [ 121.537294414000044, 24.998762407000061 ], [ 121.537399154000013, 24.998812045000015 ], [ 121.537499611000058, 24.998845284000023 ], [ 121.537617730000079, 24.998884367000073 ], [ 121.537846578000099, 24.998960091000065 ], [ 121.538110389000067, 24.999047381000022 ], [ 121.539265906000082, 24.999429715000062 ], [ 121.539541894000095, 24.999521032000068 ], [ 121.539553431000058, 24.999524850000046 ], [ 121.539866463000067, 24.999628424000033 ], [ 121.540102211000104, 24.999064585000031 ] ] ] } },
{ "type": "Feature", "properties": { "COUNTY": "臺北市", "TOWN": "文山區", "VILLAGE": "興得里", "geo_iid": "臺北市文山區興得里", "size_counts": 1 }, "geometry": { "type": "Polygon", "coordinates": [ [ [ 121.554781918000103, 25.000741241000068 ], [ 121.554944740000124, 25.000682366000035 ], [ 121.555269166000016, 25.000565055000031 ], [ 121.555942698000081, 25.000210804000051 ], [ 121.556015727000059, 25.000170898000075 ], [ 121.55623987400007, 25.000046541000071 ], [ 121.556451365000058, 24.999929204000061 ], [ 121.556654006000031, 24.999816776000038 ], [ 121.557143320000037, 24.999500370000071 ], [ 121.55743579500006, 24.999295219000025 ], [ 121.557562258000075, 24.999206516000065 ], [ 121.55793897, 24.998950985000072 ], [ 121.55795149000005, 24.998942493000062 ], [ 121.558309266000037, 24.998615180000055 ], [ 121.558348414000079, 24.998579367000051 ], [ 121.558834049000097, 24.998060659000018 ], [ 121.558906955000111, 24.997982788000055 ], [ 121.55931766300013, 24.997674099000044 ], [ 121.559436480000059, 24.997567139000065 ], [ 121.559512056000031, 24.99749254500005 ], [ 121.559587608000015, 24.997412995000044 ], [ 121.559655036000095, 24.997333484000013 ], [ 121.55971970600001, 24.99724654300007 ], [ 121.559770681000046, 24.997127452000019 ], [ 121.559897255, 24.996747672000012 ], [ 121.559963274000111, 24.996549581000053 ], [ 121.560011263000106, 24.99636858600007 ], [ 121.56001887900004, 24.996254614000062 ], [ 121.560018608000064, 24.996194615000029 ], [ 121.560018453000112, 24.996160489000026 ], [ 121.559996265000109, 24.996051586000064 ], [ 121.559979725000076, 24.995964997000037 ], [ 121.559967144000083, 24.995930685000069 ], [ 121.559781962000102, 24.995425701000034 ], [ 121.559736989000044, 24.995277115000075 ], [ 121.559680118000088, 24.995089212000035 ], [ 121.559607922000055, 24.994712995000036 ], [ 121.559587831000059, 24.994465367000025 ], [ 121.559562886000094, 24.99438526200003 ], [ 121.559549310000079, 24.994341666000022 ], [ 121.559478090000098, 24.994180926000062 ], [ 121.55942602000006, 24.994084386000043 ], [ 121.559316763000098, 24.993881820000063 ], [ 121.559205719000047, 24.993663390000044 ], [ 121.559177253000016, 24.993607395000026 ], [ 121.559135475000076, 24.993516847000013 ], [ 121.559067728000059, 24.993370017000071 ], [ 121.559022632000051, 24.993259418000033 ], [ 121.558785356000044, 24.992677515000022 ], [ 121.558775284000035, 24.99264556900004 ], [ 121.558680827000117, 24.992345992000025 ], [ 121.558653096000072, 24.992204896000025 ], [ 121.55864994500007, 24.992108308000066 ], [ 121.55866018800009, 24.991974510000031 ], [ 121.558678651000037, 24.991860498000047 ], [ 121.558695224000076, 24.991775084000036 ], [ 121.558520382000111, 24.991759763000054 ], [ 121.55800290500008, 24.99171441500004 ], [ 121.55770152200013, 24.99161398900003 ], [ 121.557505549000098, 24.991443814000025 ], [ 121.557206624000059, 24.991288884000017 ], [ 121.557059389000074, 24.991252593000066 ], [ 121.556702739000102, 24.991166825000047 ], [ 121.556410836000069, 24.991134594000066 ], [ 121.556191911000042, 24.991111182000051 ], [ 121.556022753000107, 24.991096675000044 ], [ 121.555399418000093, 24.99108992300005 ], [ 121.555359842000044, 24.991135500000038 ], [ 121.555240802000071, 24.991205613000023 ], [ 121.554739367000039, 24.991028775000068 ], [ 121.554630910000014, 24.991241222000031 ], [ 121.554459422000036, 24.991444813000037 ], [ 121.554161306000083, 24.991506502000043 ], [ 121.55408268500004, 24.991718836000064 ], [ 121.553996891000097, 24.991810034000018 ], [ 121.55383125600008, 24.991840940000024 ], [ 121.553679141000089, 24.991929349000024 ], [ 121.553590096000093, 24.992035697000055 ], [ 121.553600884000048, 24.99222346800007 ], [ 121.553575794000039, 24.992544644000066 ], [ 121.553500232000033, 24.992699414000068 ], [ 121.553447864000077, 24.992851064000025 ], [ 121.552758848000053, 24.992986909000013 ], [ 121.552672877000063, 24.993038724000023 ], [ 121.552643339000042, 24.99310548000005 ], [ 121.552577381000106, 24.993184485000022 ], [ 121.552269665000054, 24.993324968000017 ], [ 121.551872984000056, 24.993589969000023 ], [ 121.551797648000061, 24.993796234000055 ], [ 121.55164340400006, 24.993961307000063 ], [ 121.551732256000051, 24.994668700000027 ], [ 121.551807414000123, 24.995267059000064 ], [ 121.551844422000045, 24.996071518000054 ], [ 121.551862796000023, 24.996470900000066 ], [ 121.551924564000046, 24.996861792000054 ], [ 121.551950939000122, 24.996991319000063 ], [ 121.552126809000015, 24.99724388300006 ], [ 121.552139188000069, 24.997261661000028 ], [ 121.55246397100008, 24.997585592000057 ], [ 121.55253446100005, 24.997655896000019 ], [ 121.55275268600009, 24.997873548000019 ], [ 121.553067774000056, 24.998187805000033 ], [ 121.553076029000067, 24.998196037000064 ], [ 121.553104441000073, 24.998224375000049 ], [ 121.553246987000094, 24.998371146000053 ], [ 121.553278710000086, 24.998412193000032 ], [ 121.553337800000023, 24.998488651000052 ], [ 121.553503443000082, 24.998802853000019 ], [ 121.55365714200002, 24.999094401000029 ], [ 121.553774848000103, 24.999317674000043 ], [ 121.554056035000016, 24.999851044000017 ], [ 121.554062315, 24.999862954000033 ], [ 121.554066335, 24.999870581000032 ], [ 121.554101980000041, 24.999937816000052 ], [ 121.554568786000118, 25.000818305000045 ], [ 121.554781918000103, 25.000741241000068 ] ] ] } },
{ "type": "Feature", "properties": { "COUNTY": "臺北市", "TOWN": "信義區", "VILLAGE": "永吉里", "geo_iid": "臺北市信義區永吉里", "size_counts": 2 }, "geometry": { "type": "Polygon", "coordinates": [ [ [ 121.579958837000049, 25.049501476000035 ], [ 121.579963402000104, 25.049460335000038 ], [ 121.580057866000075, 25.049461834000045 ], [ 121.580070262000035, 25.049462031000068 ], [ 121.580068028000028, 25.049366327000019 ], [ 121.580057674000031, 25.04916912200002 ], [ 121.58005260000003, 25.049091962000023 ], [ 121.580042698000057, 25.048873951000068 ], [ 121.580042086000049, 25.048860444000063 ], [ 121.580039072000091, 25.048831641000042 ], [ 121.58002235000005, 25.048671855000062 ], [ 121.580021438000017, 25.048478901000063 ], [ 121.579979820000062, 25.048209648000057 ], [ 121.5799851700001, 25.04814657900004 ], [ 121.580063387000109, 25.048068783000069 ], [ 121.580252394000013, 25.04787728400003 ], [ 121.580473945000108, 25.047643928000067 ], [ 121.580571723000034, 25.047548155000069 ], [ 121.580617027000031, 25.047434722000041 ], [ 121.580642911000027, 25.047369050000039 ], [ 121.580641078000113, 25.047307886000052 ], [ 121.58064046100003, 25.047287311000041 ], [ 121.580651711000101, 25.047147104000022 ], [ 121.580669046000025, 25.046931070000024 ], [ 121.580680215000044, 25.046698104000019 ], [ 121.580687213000033, 25.046514403000053 ], [ 121.580655683000032, 25.046080991000046 ], [ 121.580651032000119, 25.045959925000027 ], [ 121.580644898000074, 25.045800198000045 ], [ 121.580646811000079, 25.045632921000049 ], [ 121.580651307000039, 25.045610804000024 ], [ 121.580694361000042, 25.045399036000045 ], [ 121.580713593000027, 25.045367968000043 ], [ 121.580734069000073, 25.045334887000013 ], [ 121.580650131000098, 25.045336549000062 ], [ 121.580469753000102, 25.045340119000052 ], [ 121.579343168000051, 25.045362410000049 ], [ 121.579259050000019, 25.045364074000059 ], [ 121.578881791000086, 25.04537153800003 ], [ 121.577778853000041, 25.04539335000003 ], [ 121.577780359000045, 25.045739153000056 ], [ 121.57778349200008, 25.046458524000052 ], [ 121.577784262000037, 25.046635550000069 ], [ 121.577787197000021, 25.047309416000068 ], [ 121.577790204000053, 25.047999962000059 ], [ 121.57779673000006, 25.049498031000038 ], [ 121.577930402000106, 25.049471497000063 ], [ 121.578165935000015, 25.049465183000038 ], [ 121.578622484000107, 25.049474229000047 ], [ 121.579906542000103, 25.049503844000071 ], [ 121.579958837000049, 25.049501476000035 ] ] ] } },
{ "type": "Feature", "properties": { "COUNTY": "臺北市", "TOWN": "中正區", "VILLAGE": "光復里", "geo_iid": "臺北市中正區光復里", "size_counts": 2 }, "geometry": { "type": "Polygon", "coordinates": [ [ [ 121.513355114000092, 25.04941813400006 ], [ 121.513302977000095, 25.047191301000048 ], [ 121.513274201000058, 25.045962235000037 ], [ 121.513274073000062, 25.045956766000064 ], [ 121.513255075000075, 25.045145329000032 ], [ 121.513229156000094, 25.044038181000069 ], [ 121.513199709000119, 25.042780334000035 ], [ 121.513188249000109, 25.042290782000055 ], [ 121.511517636000022, 25.042222610000053 ], [ 121.511502289000063, 25.042222006000024 ], [ 121.510537237000108, 25.042184001000059 ], [ 121.508152762, 25.042090070000022 ], [ 121.508188781000072, 25.04218223700007 ], [ 121.508235028000072, 25.04230057900002 ], [ 121.508345272000042, 25.042700679000056 ], [ 121.508469833000049, 25.043189276000064 ], [ 121.508484214000063, 25.04324568700002 ], [ 121.508603394000033, 25.043713179000061 ], [ 121.508769204000032, 25.044403449000068 ], [ 121.50878777000004, 25.044472954000067 ], [ 121.508893902000068, 25.04482254700002 ], [ 121.508988424000123, 25.045133891000027 ], [ 121.50901301500005, 25.045214890000061 ], [ 121.509041465000124, 25.045308602000024 ], [ 121.509126081000076, 25.045587320000035 ], [ 121.509246069000042, 25.045982544000019 ], [ 121.509260647, 25.046030558000041 ], [ 121.509403588000069, 25.046501385000052 ], [ 121.509559027000023, 25.047013374000066 ], [ 121.509613492000071, 25.04719277100002 ], [ 121.509651144000046, 25.047316790000018 ], [ 121.509785371, 25.04755924800002 ], [ 121.509952478000059, 25.04770037900003 ], [ 121.510297668000021, 25.047952232000046 ], [ 121.510437572000114, 25.048088561000029 ], [ 121.510682548000105, 25.048327277000052 ], [ 121.510788315000013, 25.048347170000046 ], [ 121.510970291000035, 25.048399901000032 ], [ 121.511193465000034, 25.048489862000043 ], [ 121.511387325000101, 25.048579912000033 ], [ 121.511510783000062, 25.048659530000055 ], [ 121.511515794000047, 25.048665035000049 ], [ 121.511850072000016, 25.049428611000042 ], [ 121.512043302000066, 25.049853807000027 ], [ 121.513355114000092, 25.04941813400006 ] ] ] } },
{ "type": "Feature", "properties": { "COUNTY": "臺北市", "TOWN": "大同區", "VILLAGE": "建明里", "geo_iid": "臺北市大同區建明里", "size_counts": 2 }, "geometry": { "type": "Polygon", "coordinates": [ [ [ 121.514727476000076, 25.051394505000069 ], [ 121.515449375000117, 25.051221603000037 ], [ 121.516113186000112, 25.051069711000014 ], [ 121.51703000200007, 25.050859920000043 ], [ 121.517045270000054, 25.050856427000031 ], [ 121.517542026000115, 25.050742754000048 ], [ 121.517740667000126, 25.050697299000024 ], [ 121.518243206000065, 25.050582299000038 ], [ 121.518392409000072, 25.050548156000044 ], [ 121.519292833000023, 25.050342102000055 ], [ 121.519997160000131, 25.050180917000034 ], [ 121.519979983000113, 25.050128255000057 ], [ 121.51990290300013, 25.049925737000017 ], [ 121.51979055400011, 25.049702 ], [ 121.519704961000116, 25.049555754000032 ], [ 121.519628453000124, 25.049456 ], [ 121.51961428300001, 25.049393395000031 ], [ 121.519591815000027, 25.049361361000027 ], [ 121.519574995000085, 25.049324268000074 ], [ 121.519535581, 25.049224654000046 ], [ 121.519503657000101, 25.049163907000029 ], [ 121.519445755000106, 25.04907957000005 ], [ 121.519341731000054, 25.04895795700002 ], [ 121.519195615000058, 25.048803068000034 ], [ 121.519089754000106, 25.048694089000037 ], [ 121.51899875900007, 25.048608044000041 ], [ 121.518917525, 25.048545715000035 ], [ 121.518914117000023, 25.048543101000053 ], [ 121.518804234000072, 25.048460995000017 ], [ 121.518657908000023, 25.048367073000062 ], [ 121.51828593900008, 25.048368371000034 ], [ 121.517964177000067, 25.048395529000054 ], [ 121.517730873000133, 25.048430881000058 ], [ 121.517615860000092, 25.048416190000058 ], [ 121.517381705000048, 25.048430330000027 ], [ 121.516796708000015, 25.04855892800002 ], [ 121.515378198, 25.048896935000062 ], [ 121.514946760000043, 25.048991691000019 ], [ 121.514601035000069, 25.049072677000019 ], [ 121.514169124000105, 25.049187131000046 ], [ 121.513759054000047, 25.04929279200006 ], [ 121.513421942000036, 25.049395939000068 ], [ 121.513355114000092, 25.04941813400006 ], [ 121.513358417000077, 25.049559254000027 ], [ 121.513349980000044, 25.049562129000027 ], [ 121.513464518000106, 25.049966667000028 ], [ 121.513499743000011, 25.050090122000029 ], [ 121.51353995800001, 25.050231060000037 ], [ 121.513601137, 25.050445473000021 ], [ 121.513646760000043, 25.050605360000073 ], [ 121.513650831000064, 25.050619628000042 ], [ 121.513652386000118, 25.050624780000071 ], [ 121.513687812000057, 25.050742164000035 ], [ 121.513806953000099, 25.051169104000042 ], [ 121.513813708000029, 25.05119203900005 ], [ 121.513927213000102, 25.051586172000039 ], [ 121.514727476000076, 25.051394505000069 ] ] ] } },
{ "type": "Feature", "properties": { "COUNTY": "臺北市", "TOWN": "松山區", "VILLAGE": "吉祥里", "geo_iid": "臺北市松山區吉祥里", "size_counts": 1 }, "geometry": { "type": "Polygon", "coordinates": [ [ [ 121.558374187000027, 25.051506824000054 ], [ 121.558761232000052, 25.051497477000051 ], [ 121.559160886000072, 25.051487824000041 ], [ 121.559704491000062, 25.051474692000046 ], [ 121.559712219000076, 25.051474505000041 ], [ 121.559978276000052, 25.051468077000035 ], [ 121.559987565000043, 25.051467853000073 ], [ 121.560758464000074, 25.051449226000035 ], [ 121.560817140000054, 25.051447808000031 ], [ 121.561534377000058, 25.051430474000021 ], [ 121.562030152000034, 25.051418489000064 ], [ 121.562421100000051, 25.051409037000031 ], [ 121.562572890000069, 25.051405367000026 ], [ 121.563350402000083, 25.051386567000055 ], [ 121.563804849, 25.051375576000051 ], [ 121.563941703000069, 25.051381665000061 ], [ 121.564189913000078, 25.050740079000022 ], [ 121.564337031000051, 25.050359801000063 ], [ 121.564440463000111, 25.050092441000054 ], [ 121.56448927200006, 25.049966274000035 ], [ 121.564687906000017, 25.049452823000017 ], [ 121.564909017000105, 25.04888127100002 ], [ 121.564083967000101, 25.04879626700005 ], [ 121.563233053000076, 25.048708595000047 ], [ 121.562762877000068, 25.048660148000064 ], [ 121.562660220000112, 25.048649569000073 ], [ 121.560870370000089, 25.048465128000025 ], [ 121.560071080000057, 25.048382757000063 ], [ 121.559093112000028, 25.048281964000068 ], [ 121.558431974000086, 25.048213821000044 ], [ 121.557811238000113, 25.048149840000065 ], [ 121.557817825000029, 25.048425589000029 ], [ 121.557825150000099, 25.048732133000041 ], [ 121.557833961000014, 25.049100981000038 ], [ 121.5578340940001, 25.049106570000042 ], [ 121.557848500000105, 25.049709540000038 ], [ 121.557867236000121, 25.050493762000031 ], [ 121.557870698000102, 25.050638628000044 ], [ 121.557872294000049, 25.050705445000055 ], [ 121.557877309000091, 25.050915315000047 ], [ 121.557891721000047, 25.051518475 ], [ 121.558374187000027, 25.051506824000054 ] ] ] } },
{ "type": "Feature", "properties": { "COUNTY": "臺北市", "TOWN": "松山區", "VILLAGE": "美仁里", "geo_iid": "臺北市松山區美仁里", "size_counts": 1 }, "geometry": { "type": "Polygon", "coordinates": [ [ [ 121.552028250000049, 25.051631176000047 ], [ 121.552161051000112, 25.051628329000035 ], [ 121.552572691000023, 25.051623086000053 ], [ 121.552732014000071, 25.051621054000055 ], [ 121.553679874000082, 25.05160896700005 ], [ 121.555028637000078, 25.051576550000046 ], [ 121.555012274000092, 25.051308073000026 ], [ 121.554968107000036, 25.051240318000044 ], [ 121.554867122000033, 25.051085399000034 ], [ 121.554765910000015, 25.050879721000051 ], [ 121.554763881000113, 25.050873638000031 ], [ 121.554708727000062, 25.050708231000041 ], [ 121.554651312000033, 25.050485228000056 ], [ 121.554637436, 25.050187644000054 ], [ 121.554643400000032, 25.050118947000037 ], [ 121.554300781000066, 25.049192996000034 ], [ 121.554270692000031, 25.049055556000035 ], [ 121.5542431880001, 25.048929926000021 ], [ 121.554232830000061, 25.048760515000023 ], [ 121.55422289600007, 25.048598032000015 ], [ 121.554185721000067, 25.048328873000052 ], [ 121.554158105000056, 25.048128936000062 ], [ 121.55355454100004, 25.048131189000053 ], [ 121.553323205000083, 25.048132051000032 ], [ 121.552832014000032, 25.048133882000048 ], [ 121.552534822000098, 25.048134989000062 ], [ 121.551319561000028, 25.048139123000052 ], [ 121.55072150500007, 25.048141155000049 ], [ 121.549699144000101, 25.04814462000007 ], [ 121.548901271000105, 25.048147321000041 ], [ 121.548909621, 25.050768137000027 ], [ 121.548912584000064, 25.051697929000049 ], [ 121.552028250000049, 25.051631176000047 ] ] ] } },
{ "type": "Feature", "properties": { "COUNTY": "臺北市", "TOWN": "中山區", "VILLAGE": "力行里", "geo_iid": "臺北市中山區力行里", "size_counts": 2 }, "geometry": { "type": "Polygon", "coordinates": [ [ [ 121.53848375500003, 25.05192914100007 ], [ 121.539707713000098, 25.051904452000024 ], [ 121.540445479000027, 25.05188956600005 ], [ 121.540454144000037, 25.051889391000024 ], [ 121.542058972000078, 25.051856997000066 ], [ 121.542782190000025, 25.051842391000029 ], [ 121.543437663000077, 25.05182915000006 ], [ 121.543445387000034, 25.051828996000033 ], [ 121.544031583000105, 25.051817152000055 ], [ 121.544071011000028, 25.051816355000021 ], [ 121.543974131000041, 25.048258799000045 ], [ 121.543973118000068, 25.048221587000047 ], [ 121.543937243000073, 25.048222337000023 ], [ 121.543374159000109, 25.048234115000064 ], [ 121.542123986000092, 25.04826025800002 ], [ 121.541277998000055, 25.04827794300007 ], [ 121.540393830000099, 25.048296419000053 ], [ 121.539074712000115, 25.04832397500007 ], [ 121.539069676000054, 25.048324080000036 ], [ 121.537978277000093, 25.048346870000042 ], [ 121.536702837000021, 25.048373494000025 ], [ 121.536734933000048, 25.049649706000015 ], [ 121.536751775000084, 25.050319376000051 ], [ 121.53676668300011, 25.05091215000003 ], [ 121.536767410000053, 25.05094100600007 ], [ 121.53679311900008, 25.051963226000051 ], [ 121.53848375500003, 25.05192914100007 ] ] ] } },
{ "type": "Feature", "properties": { "COUNTY": "臺北市", "TOWN": "內湖區", "VILLAGE": "南湖里", "geo_iid": "臺北市內湖區南湖里", "size_counts": 1 }, "geometry": { "type": "Polygon", "coordinates": [ [ [ 121.611375005000014, 25.070316614000035 ], [ 121.611456535000116, 25.07025120600002 ], [ 121.611499207000051, 25.070213301000013 ], [ 121.611551408000068, 25.070163767000047 ], [ 121.611567935000025, 25.070146847000043 ], [ 121.611601782000093, 25.070112199000047 ], [ 121.611633619000017, 25.070078160000033 ], [ 121.611662890000062, 25.070046378000026 ], [ 121.611713653000038, 25.06998722500003 ], [ 121.611758123000058, 25.069928208000075 ], [ 121.611795020000059, 25.069878988000024 ], [ 121.611847196000099, 25.069749195000028 ], [ 121.611960219000025, 25.069586344000069 ], [ 121.612030289000018, 25.069371697000058 ], [ 121.612079086000108, 25.069170137000057 ], [ 121.612092547000088, 25.069036813000022 ], [ 121.61209942500011, 25.068968685000069 ], [ 121.612096363000106, 25.068829181000066 ], [ 121.612095538000062, 25.06866347600004 ], [ 121.612094921000121, 25.068539201000071 ], [ 121.61208530600004, 25.068431528000065 ], [ 121.612084313000082, 25.068426236000047 ], [ 121.612048030000111, 25.068232833000014 ], [ 121.611981214000025, 25.068064431000035 ], [ 121.611956135000014, 25.068001222000074 ], [ 121.611800427000063, 25.067711877000072 ], [ 121.611477074000064, 25.067198639000022 ], [ 121.611462011000086, 25.06717472900004 ], [ 121.61130771, 25.066900433000047 ], [ 121.611169057000097, 25.066653950000035 ], [ 121.611069603000033, 25.066424336000061 ], [ 121.611022185000024, 25.066314860000034 ], [ 121.610920073000102, 25.065851299000023 ], [ 121.610910245000014, 25.065761391 ], [ 121.610882049000097, 25.065503464000066 ], [ 121.610886851000032, 25.065255799000052 ], [ 121.607579795000106, 25.064836453000051 ], [ 121.606493716000045, 25.064698719000027 ], [ 121.605650530000048, 25.064591782000026 ], [ 121.605469040000116, 25.064568757000071 ], [ 121.605291926000078, 25.06472480300004 ], [ 121.605112785000088, 25.064869495000032 ], [ 121.604915271000095, 25.065007296000033 ], [ 121.604733832000079, 25.065099162000013 ], [ 121.604660338000031, 25.065145095000037 ], [ 121.604614405000021, 25.065186437000015 ], [ 121.604592549000031, 25.065236519000049 ], [ 121.604593735000094, 25.065280600000044 ], [ 121.604612904000092, 25.065343291000026 ], [ 121.604641966000031, 25.065397730000026 ], [ 121.604692493000016, 25.065457444000057 ], [ 121.60474761400009, 25.065524047000043 ], [ 121.604791251000037, 25.06559294800007 ], [ 121.604846408000071, 25.06569148300002 ], [ 121.604869486000084, 25.06577060700004 ], [ 121.60488267400001, 25.065866215000021 ], [ 121.604866190000052, 25.065951933000054 ], [ 121.604829924000114, 25.066021166000034 ], [ 121.604759964000095, 25.066102244000025 ], [ 121.604651869000023, 25.066217952000031 ], [ 121.604540728000075, 25.066321481000038 ], [ 121.604454084000054, 25.066406898000022 ], [ 121.604412840000023, 25.066472205000014 ], [ 121.604373256000031, 25.066555941000036 ], [ 121.604341284000057, 25.066694487000056 ], [ 121.604312169000096, 25.066789769000017 ], [ 121.604275818000019, 25.066887841000028 ], [ 121.60423978900009, 25.066964065000032 ], [ 121.604200708, 25.067011717000064 ], [ 121.604140558000054, 25.067053561000012 ], [ 121.604069946000095, 25.067086251000024 ], [ 121.603670834000013, 25.06720694400007 ], [ 121.603659889000028, 25.067212893000029 ], [ 121.603652750000037, 25.067223126000037 ], [ 121.603650125000073, 25.067236204000029 ], [ 121.603670007000119, 25.067311416000049 ], [ 121.603715331000103, 25.067355057000043 ], [ 121.603845062000104, 25.067479973000044 ], [ 121.603945246000066, 25.067576437000071 ], [ 121.604000478000103, 25.067629620000037 ], [ 121.604149518000114, 25.067703501000022 ], [ 121.604215745000047, 25.067807976000033 ], [ 121.604417874000092, 25.067986715000071 ], [ 121.604554533000055, 25.068144878000052 ], [ 121.6046175460001, 25.068204343000044 ], [ 121.60465940600011, 25.068243849000044 ], [ 121.604673171000059, 25.06825684000006 ], [ 121.604750185000057, 25.068329519000031 ], [ 121.604805283000019, 25.068365849000021 ], [ 121.604910886000084, 25.068435478000019 ], [ 121.605049893000128, 25.068555015000065 ], [ 121.605125661000102, 25.06867962800003 ], [ 121.605208474000051, 25.068815832000034 ], [ 121.605293195000073, 25.068922101000044 ], [ 121.605443784000045, 25.069059898000031 ], [ 121.605573732000053, 25.069204168000052 ], [ 121.605615324000027, 25.069281780000036 ], [ 121.605694307000022, 25.069429154000026 ], [ 121.605870999000118, 25.069490223000056 ], [ 121.60595122600013, 25.069517952000059 ], [ 121.606037761000039, 25.06957558300007 ], [ 121.606067, 25.069674596000016 ], [ 121.606225429, 25.069735672000025 ], [ 121.606383730000061, 25.069761001000067 ], [ 121.606447648000099, 25.069822674000019 ], [ 121.606507487000044, 25.069880413000075 ], [ 121.606657629000082, 25.069926560000045 ], [ 121.606818130000093, 25.069991368000036 ], [ 121.606941791000068, 25.070028740000048 ], [ 121.607238625000051, 25.069890516000036 ], [ 121.60742097900004, 25.069805599000055 ], [ 121.607660278000026, 25.069732373000075 ], [ 121.607837624000013, 25.069757133000046 ], [ 121.607993806000081, 25.069778939000049 ], [ 121.60815857700004, 25.069826495000022 ], [ 121.608203399000118, 25.069856731000066 ], [ 121.608379876000072, 25.069975777000025 ], [ 121.60872087000007, 25.070211584000038 ], [ 121.608863732000032, 25.070104913000019 ], [ 121.609031734000041, 25.069991215000066 ], [ 121.609152194000089, 25.069909691000074 ], [ 121.609563331000118, 25.069621042000044 ], [ 121.609817851000102, 25.069441895000065 ], [ 121.610267412000098, 25.069125462000038 ], [ 121.610523502000106, 25.069465728000065 ], [ 121.610668428000054, 25.069660134000053 ], [ 121.610767376000013, 25.069788604000038 ], [ 121.610887414000089, 25.069944455000037 ], [ 121.611246064000042, 25.070415326000049 ], [ 121.611375005000014, 25.070316614000035 ] ] ] } },
{ "type": "Feature", "properties": { "COUNTY": "臺北市", "TOWN": "內湖區", "VILLAGE": "葫洲里", "geo_iid": "臺北市內湖區葫洲里", "size_counts": 1 }, "geometry": { "type": "Polygon", "coordinates": [ [ [ 121.606088604000107, 25.073129759000029 ], [ 121.60627661, 25.073077225000073 ], [ 121.606419058000043, 25.073010079000017 ], [ 121.606484972000089, 25.072980896000036 ], [ 121.606894444000091, 25.072799591000031 ], [ 121.60811455300005, 25.07225935100006 ], [ 121.608131140000054, 25.072252005000042 ], [ 121.608169898000028, 25.072234844000025 ], [ 121.608843881000112, 25.071931162000048 ], [ 121.60899616100005, 25.071862548000066 ], [ 121.609063959000082, 25.071825868000072 ], [ 121.609579207000024, 25.071547111000026 ], [ 121.609594598000072, 25.07153783100005 ], [ 121.610059893000084, 25.071257299000017 ], [ 121.610070711000063, 25.07125012900007 ], [ 121.610112660000041, 25.071222320000057 ], [ 121.610251551000019, 25.071130246000049 ], [ 121.610307655000028, 25.07108985700005 ], [ 121.610438086000059, 25.070995957000026 ], [ 121.610694919000011, 25.07081966800007 ], [ 121.610856660000081, 25.070704357000061 ], [ 121.61106266000003, 25.070555732000052 ], [ 121.611246064000042, 25.070415326000049 ], [ 121.610887414000089, 25.069944455000037 ], [ 121.610767376000013, 25.069788604000038 ], [ 121.610668428000054, 25.069660134000053 ], [ 121.610523502000106, 25.069465728000065 ], [ 121.610267412000098, 25.069125462000038 ], [ 121.609817851000102, 25.069441895000065 ], [ 121.609563331000118, 25.069621042000044 ], [ 121.609152194000089, 25.069909691000074 ], [ 121.609031734000041, 25.069991215000066 ], [ 121.608863732000032, 25.070104913000019 ], [ 121.60872087000007, 25.070211584000038 ], [ 121.608379876000072, 25.069975777000025 ], [ 121.608203399000118, 25.069856731000066 ], [ 121.60815857700004, 25.069826495000022 ], [ 121.607993806000081, 25.069778939000049 ], [ 121.607837624000013, 25.069757133000046 ], [ 121.607660278000026, 25.069732373000075 ], [ 121.60742097900004, 25.069805599000055 ], [ 121.607238625000051, 25.069890516000036 ], [ 121.606941791000068, 25.070028740000048 ], [ 121.606818130000093, 25.069991368000036 ], [ 121.606657629000082, 25.069926560000045 ], [ 121.606507487000044, 25.069880413000075 ], [ 121.606447648000099, 25.069822674000019 ], [ 121.606383730000061, 25.069761001000067 ], [ 121.606225429, 25.069735672000025 ], [ 121.606067, 25.069674596000016 ], [ 121.606037761000039, 25.06957558300007 ], [ 121.60595122600013, 25.069517952000059 ], [ 121.605870999000118, 25.069490223000056 ], [ 121.605694307000022, 25.069429154000026 ], [ 121.605615324000027, 25.069281780000036 ], [ 121.605573732000053, 25.069204168000052 ], [ 121.605443784000045, 25.069059898000031 ], [ 121.605293195000073, 25.068922101000044 ], [ 121.605208474000051, 25.068815832000034 ], [ 121.605125661000102, 25.06867962800003 ], [ 121.605049893000128, 25.068555015000065 ], [ 121.604910886000084, 25.068435478000019 ], [ 121.604805283000019, 25.068365849000021 ], [ 121.604750185000057, 25.068329519000031 ], [ 121.604673171000059, 25.06825684000006 ], [ 121.60465940600011, 25.068243849000044 ], [ 121.6046175460001, 25.068204343000044 ], [ 121.604554533000055, 25.068144878000052 ], [ 121.604417874000092, 25.067986715000071 ], [ 121.604215745000047, 25.067807976000033 ], [ 121.604149518000114, 25.067703501000022 ], [ 121.604000478000103, 25.067629620000037 ], [ 121.603945246000066, 25.067576437000071 ], [ 121.603845062000104, 25.067479973000044 ], [ 121.603715331000103, 25.067355057000043 ], [ 121.603670007000119, 25.067311416000049 ], [ 121.603650125000073, 25.067236204000029 ], [ 121.603244439000051, 25.067360676000067 ], [ 121.603315422000037, 25.067590013000022 ], [ 121.603288168000077, 25.067730454000063 ], [ 121.603274935000059, 25.067749435000053 ], [ 121.60316329200009, 25.067909561000079 ], [ 121.603135476000034, 25.067935187000035 ], [ 121.603178456000037, 25.068151882000041 ], [ 121.603217644000097, 25.068428070000039 ], [ 121.603221873000052, 25.068457879000047 ], [ 121.603167480000025, 25.068764273000053 ], [ 121.602833483000055, 25.069033526000045 ], [ 121.602770241000016, 25.069087471000042 ], [ 121.603261402000044, 25.069665728000071 ], [ 121.603418237000028, 25.069949460000032 ], [ 121.603532091000034, 25.07021344300005 ], [ 121.603674191000081, 25.070415947000065 ], [ 121.604177001000039, 25.071132497000054 ], [ 121.604232997000068, 25.071212294000077 ], [ 121.604403317000106, 25.071454666000019 ], [ 121.604674808000027, 25.071841004000067 ], [ 121.604886383, 25.072142078000063 ], [ 121.605020516000081, 25.072332948000046 ], [ 121.605150457000036, 25.072517856000044 ], [ 121.605270496000117, 25.072688671000034 ], [ 121.605306601000066, 25.072740047000018 ], [ 121.605408804000035, 25.072862383000025 ], [ 121.605510557000102, 25.072965500000066 ], [ 121.605681518000111, 25.073058628000066 ], [ 121.605802455000116, 25.073088833000035 ], [ 121.605987394000067, 25.073135021000041 ], [ 121.606088604000107, 25.073129759000029 ] ] ] } },
{ "type": "Feature", "properties": { "COUNTY": "臺北市", "TOWN": "文山區", "VILLAGE": "順興里", "geo_iid": "臺北市文山區順興里", "size_counts": 1 }, "geometry": { "type": "Polygon", "coordinates": [ [ [ 121.567164876000106, 24.985134804000037 ], [ 121.569015840000034, 24.984674378000012 ], [ 121.569026700000094, 24.984605300000045 ], [ 121.569224735000034, 24.984132762000055 ], [ 121.568797391000089, 24.983953805000048 ], [ 121.568790543000091, 24.983950937000024 ], [ 121.567793844000107, 24.983616058000045 ], [ 121.567556542000034, 24.98353554800007 ], [ 121.567452056000093, 24.983499625000029 ], [ 121.566722804000065, 24.983248894000042 ], [ 121.566009130000126, 24.98300351500006 ], [ 121.5652974610001, 24.982758821000061 ], [ 121.565279168000089, 24.982754382000046 ], [ 121.565247146000061, 24.982746615000035 ], [ 121.564870005000103, 24.982655122000033 ], [ 121.564203984000088, 24.982493548000026 ], [ 121.564188802000103, 24.982489864000041 ], [ 121.563556775000052, 24.982336532000033 ], [ 121.562832706000108, 24.982160867000058 ], [ 121.56253977900009, 24.982089800000043 ], [ 121.562357117000033, 24.982601185000071 ], [ 121.56235249100007, 24.982614137000041 ], [ 121.562190059000059, 24.983068883000037 ], [ 121.562064782000121, 24.983419615000049 ], [ 121.562009133000061, 24.983575407000039 ], [ 121.561857158000066, 24.984000872000021 ], [ 121.56182380100006, 24.984094260000056 ], [ 121.561686463000115, 24.984478730000031 ], [ 121.562688473000094, 24.984637347000039 ], [ 121.562755152000037, 24.984647961000054 ], [ 121.562825314000079, 24.984659129000075 ], [ 121.562906308000038, 24.984671995000035 ], [ 121.563350598000071, 24.984742581000035 ], [ 121.563406964000023, 24.984751684000045 ], [ 121.563482178000072, 24.984763830000073 ], [ 121.564253104000031, 24.984887154000027 ], [ 121.564367098000048, 24.984905389000058 ], [ 121.564434270000106, 24.984916135000038 ], [ 121.56457088500008, 24.984937934000062 ], [ 121.565002736000096, 24.985006811000055 ], [ 121.565119772000116, 24.985022842000028 ], [ 121.565257700000075, 24.985035102000037 ], [ 121.565386384000021, 24.985040156000018 ], [ 121.565495479000106, 24.985039678000071 ], [ 121.565523597000038, 24.985038474000067 ], [ 121.565594730000043, 24.985035427000064 ], [ 121.565723401000014, 24.985024501000041 ], [ 121.56575495800007, 24.985019759000064 ], [ 121.565793593000066, 24.98500537500006 ], [ 121.565857564000098, 24.985001476000033 ], [ 121.565962659000093, 24.984995071000068 ], [ 121.566089317000092, 24.98495595800005 ], [ 121.566279354000031, 24.984906943000052 ], [ 121.566416538000112, 24.984858139000028 ], [ 121.566616913000075, 24.98476080100005 ], [ 121.566722388000017, 24.984712108000046 ], [ 121.566749360000031, 24.984745159000052 ], [ 121.566860223000063, 24.984881013000059 ], [ 121.567083784000019, 24.985154974000068 ], [ 121.567164876000106, 24.985134804000037 ] ] ] } },
{ "type": "Feature", "properties": { "COUNTY": "臺北市", "TOWN": "文山區", "VILLAGE": "樟林里", "geo_iid": "臺北市文山區樟林里", "size_counts": 2 }, "geometry": { "type": "Polygon", "coordinates": [ [ [ 121.554905530000056, 24.986660977000028 ], [ 121.554949756000028, 24.986644622000018 ], [ 121.554954730000091, 24.986642783000029 ], [ 121.555110609000067, 24.986585135000034 ], [ 121.555274611000087, 24.986509446000071 ], [ 121.555315530000044, 24.986471753000039 ], [ 121.555428131000113, 24.986386866000029 ], [ 121.555510009000059, 24.986320872000075 ], [ 121.555592005000108, 24.986283027000066 ], [ 121.555694544000062, 24.986245105000016 ], [ 121.55587929900004, 24.986216265000046 ], [ 121.556125813000122, 24.986215343000016 ], [ 121.556186227000012, 24.986200573000069 ], [ 121.556320745000107, 24.986167685000048 ], [ 121.556452671000102, 24.986190793000041 ], [ 121.55653118400005, 24.986213421000048 ], [ 121.55667879900011, 24.986275966000044 ], [ 121.55678023400003, 24.986305035000033 ], [ 121.556909246000046, 24.986325588000049 ], [ 121.557010480000031, 24.986312588000025 ], [ 121.55722208600001, 24.986269724000056 ], [ 121.557461287000024, 24.986218352000034 ], [ 121.557585543000087, 24.98620526500002 ], [ 121.557621870000048, 24.986205129000034 ], [ 121.557728276000034, 24.986204729000058 ], [ 121.557825020000109, 24.98621698800002 ], [ 121.558073918000105, 24.986274943000058 ], [ 121.558207479000089, 24.986282856000052 ], [ 121.558496567000034, 24.986304188000066 ], [ 121.558610974000089, 24.986314962000051 ], [ 121.558712969000126, 24.986323444000035 ], [ 121.558800373000068, 24.986323116000047 ], [ 121.558941107000024, 24.986309279000068 ], [ 121.559106169000074, 24.986304226000065 ], [ 121.559229273000042, 24.986313682000048 ], [ 121.559271311000103, 24.986316913000049 ], [ 121.559387977000029, 24.986347530000046 ], [ 121.559478489000071, 24.986384468000029 ], [ 121.559538768000039, 24.986409067000064 ], [ 121.559631218000035, 24.986453083000068 ], [ 121.559738197000129, 24.98648817000003 ], [ 121.559825712000034, 24.986514454000019 ], [ 121.55997145000002, 24.986531655000068 ], [ 121.560141425000111, 24.986539889000017 ], [ 121.560651636000102, 24.986594874000041 ], [ 121.560777787, 24.986608470000075 ], [ 121.560914277000052, 24.986578825000031 ], [ 121.560923303000109, 24.986576864000025 ], [ 121.561110374, 24.986062563000068 ], [ 121.561212785000052, 24.985781008000046 ], [ 121.561419404000048, 24.985212955000062 ], [ 121.561515508000085, 24.984948740000043 ], [ 121.561686463000115, 24.984478730000031 ], [ 121.561375764000118, 24.984428885000046 ], [ 121.560944871000046, 24.984359757000043 ], [ 121.560811604000023, 24.984338377000025 ], [ 121.560503829000027, 24.984286850000039 ], [ 121.560061553000068, 24.984212801000062 ], [ 121.560005949000029, 24.984203491000066 ], [ 121.559989839000082, 24.984200888000029 ], [ 121.55913738400011, 24.984063097000039 ], [ 121.558992626000091, 24.98404065600004 ], [ 121.558646512000109, 24.983995986000014 ], [ 121.558325469, 24.983933977000039 ], [ 121.558239988000082, 24.98391787000002 ], [ 121.558086272000082, 24.983888903000025 ], [ 121.557853286000068, 24.983826563000033 ], [ 121.55772105700008, 24.983792580000046 ], [ 121.557532088000031, 24.983730074000039 ], [ 121.557324185000098, 24.983650405000045 ], [ 121.557249001000045, 24.98362629800004 ], [ 121.557040753000038, 24.983559525000025 ], [ 121.556799633000082, 24.983473092000047 ], [ 121.556612391000044, 24.98340597300005 ], [ 121.556296935000077, 24.983292045000042 ], [ 121.5562659080001, 24.983280838000038 ], [ 121.555837911000012, 24.983207732000032 ], [ 121.555516923000027, 24.983157219000073 ], [ 121.555145758000108, 24.983135619000045 ], [ 121.554869005000128, 24.983130901000024 ], [ 121.55463633300009, 24.983137519000017 ], [ 121.554416263000022, 24.983149832000027 ], [ 121.554158576000077, 24.983191013000049 ], [ 121.553608798000042, 24.98324867500002 ], [ 121.553587143000087, 24.983250947000037 ], [ 121.553589455000065, 24.983258875000036 ], [ 121.553599088000055, 24.983281692000041 ], [ 121.553629671000067, 24.98335413500007 ], [ 121.553652229000022, 24.98345971600002 ], [ 121.553694923000066, 24.983590537000044 ], [ 121.553716252000058, 24.98366972500002 ], [ 121.553770248000106, 24.983831542000068 ], [ 121.55381919200012, 24.984005981000045 ], [ 121.553853072000038, 24.984129928000062 ], [ 121.553886938000119, 24.984263040000027 ], [ 121.553913287000128, 24.984362872000062 ], [ 121.553927043000058, 24.984454665000033 ], [ 121.553939541000091, 24.984541876000034 ], [ 121.553943214000029, 24.984634796000019 ], [ 121.553945635000105, 24.984719698000035 ], [ 121.553935482000043, 24.984779346000028 ], [ 121.553935461000037, 24.984797701000037 ], [ 121.553912668000066, 24.984889448000043 ], [ 121.553896199000064, 24.984965156000037 ], [ 121.553851988000034, 24.985052289000059 ], [ 121.553821673000016, 24.985111906000039 ], [ 121.553769886000055, 24.985213963000028 ], [ 121.553726988000093, 24.985256356000033 ], [ 121.553685340000015, 24.985307926000072 ], [ 121.553641178000021, 24.985354918000031 ], [ 121.553580612000019, 24.985419100000051 ], [ 121.55350868700009, 24.985500458000036 ], [ 121.553475878000086, 24.985537142000048 ], [ 121.553439285000067, 24.985574956000043 ], [ 121.553368626000065, 24.985651739000044 ], [ 121.553329514000112, 24.985688412000055 ], [ 121.553262638000106, 24.985760597000013 ], [ 121.553214668, 24.985830529000044 ], [ 121.553130108000119, 24.985935982000051 ], [ 121.5530745840001, 24.986001308000024 ], [ 121.552993804000053, 24.98610905300006 ], [ 121.552945841000124, 24.986174396000024 ], [ 121.552915533000046, 24.986228280000031 ], [ 121.552901641000076, 24.98625350300005 ], [ 121.552886493000074, 24.986276436000018 ], [ 121.552881433000039, 24.986290194000041 ], [ 121.552865020000013, 24.986317709000041 ], [ 121.552853655000021, 24.98633719900004 ], [ 121.552831587000014, 24.986371259000059 ], [ 121.553143449000103, 24.986557655000063 ], [ 121.553208760000089, 24.986596690000049 ], [ 121.553330413000026, 24.986674891000057 ], [ 121.553361633, 24.986656899000014 ], [ 121.55361851400005, 24.986490101000062 ], [ 121.553704969, 24.986433964000064 ], [ 121.554413990000057, 24.986610078000069 ], [ 121.554636884000047, 24.986577071000045 ], [ 121.55467225800011, 24.986612690000069 ], [ 121.554688021000061, 24.986637657000063 ], [ 121.554692190000083, 24.986694844000052 ], [ 121.554731090000033, 24.986699168000026 ], [ 121.554905530000056, 24.986660977000028 ] ] ] } },
{ "type": "Feature", "properties": { "COUNTY": "臺北市", "TOWN": "文山區", "VILLAGE": "木新里", "geo_iid": "臺北市文山區木新里", "size_counts": 3 }, "geometry": { "type": "Polygon", "coordinates": [ [ [ 121.572004661000051, 24.99163415400005 ], [ 121.57209418, 24.991278162000068 ], [ 121.572183484000121, 24.991082072000033 ], [ 121.572334011000081, 24.990715756000043 ], [ 121.572168011000031, 24.990389316000051 ], [ 121.572140552000064, 24.990335318000064 ], [ 121.571877199000042, 24.99011652200004 ], [ 121.570980295000041, 24.989371356000046 ], [ 121.57104150400005, 24.989195985000034 ], [ 121.571209164000052, 24.988875964000037 ], [ 121.571450601000038, 24.988658688000037 ], [ 121.57149393400006, 24.988579915000059 ], [ 121.571629508000129, 24.988333477000022 ], [ 121.572067256000068, 24.987899089000049 ], [ 121.572147645000086, 24.98777644900002 ], [ 121.572503938000068, 24.987232905000031 ], [ 121.572536285000069, 24.986913404000063 ], [ 121.57245561700006, 24.986537676000069 ], [ 121.572460442000079, 24.986362514000064 ], [ 121.572392169000054, 24.986228846000063 ], [ 121.572118169000063, 24.98584653500005 ], [ 121.57177365500003, 24.985365831000021 ], [ 121.571717706000072, 24.984828663000023 ], [ 121.571685165000062, 24.984516224000053 ], [ 121.57191872600005, 24.982582 ], [ 121.571827745000064, 24.982429451000026 ], [ 121.57180476300006, 24.98233682000005 ], [ 121.571787522000022, 24.982264771000072 ], [ 121.571719490000064, 24.982182615000045 ], [ 121.571606326000051, 24.982095478000076 ], [ 121.571530103000086, 24.982038965000068 ], [ 121.571212003000028, 24.982163954000036 ], [ 121.571043306000092, 24.982257330000028 ], [ 121.570919452000112, 24.982293864000034 ], [ 121.570716776000054, 24.982356457000023 ], [ 121.570440702000056, 24.98239357400006 ], [ 121.570006466000109, 24.982364327000024 ], [ 121.569656870000031, 24.982350211000039 ], [ 121.569528714000057, 24.982326091000054 ], [ 121.569505228000025, 24.982312663000062 ], [ 121.569084151000084, 24.982071902000026 ], [ 121.568865877, 24.982573098000039 ], [ 121.568725610000129, 24.982895171000049 ], [ 121.568706032000037, 24.982986629000028 ], [ 121.568115214000059, 24.982819836000033 ], [ 121.567977865000103, 24.98314626400002 ], [ 121.567975654000065, 24.983151519000035 ], [ 121.567892404000062, 24.983349370000042 ], [ 121.567875080000022, 24.983396249000062 ], [ 121.567793844000107, 24.983616058000045 ], [ 121.568790543000091, 24.983950937000024 ], [ 121.568797391000089, 24.983953805000048 ], [ 121.569224735000034, 24.984132762000055 ], [ 121.569026700000094, 24.984605300000045 ], [ 121.569015840000034, 24.984674378000012 ], [ 121.567164876000106, 24.985134804000037 ], [ 121.567083784000019, 24.985154974000068 ], [ 121.567426565000119, 24.985609137000033 ], [ 121.567908530000068, 24.986247701000025 ], [ 121.568139192000103, 24.986553305000022 ], [ 121.568334347000018, 24.986811866000028 ], [ 121.568339868000052, 24.986819180000051 ], [ 121.568562473000043, 24.987114098000049 ], [ 121.568583531000058, 24.987613192000016 ], [ 121.568612383000087, 24.988297078000066 ], [ 121.568613104000079, 24.988314123000059 ], [ 121.568508522000116, 24.98886570500002 ], [ 121.568610192000051, 24.988906520000054 ], [ 121.568622166000068, 24.988910330000056 ], [ 121.568706180000049, 24.988937064000019 ], [ 121.569122438000022, 24.989270098000073 ], [ 121.569191391000118, 24.989325265000037 ], [ 121.570884867000032, 24.99068012300005 ], [ 121.571100023000113, 24.991645075000061 ], [ 121.572004661000051, 24.99163415400005 ] ] ] } },
{ "type": "Feature", "properties": { "COUNTY": "臺北市", "TOWN": "文山區", "VILLAGE": "明義里", "geo_iid": "臺北市文山區明義里", "size_counts": 1 }, "geometry": { "type": "Polygon", "coordinates": [ [ [ 121.558904475000077, 24.991091604000076 ], [ 121.559005490000132, 24.990882729000074 ], [ 121.559380285000103, 24.990346100000064 ], [ 121.559415547000057, 24.990295609000036 ], [ 121.559502392000013, 24.99017106500002 ], [ 121.559584171000111, 24.990002185000034 ], [ 121.559704249000106, 24.989713378000022 ], [ 121.559816255000115, 24.989463986000022 ], [ 121.560065286000054, 24.98890948800004 ], [ 121.560151289000046, 24.988717993000023 ], [ 121.560437715000035, 24.988708046000049 ], [ 121.560645843000088, 24.988713601000022 ], [ 121.560729075000054, 24.988715823000053 ], [ 121.560750828000096, 24.988717886000064 ], [ 121.561758621000067, 24.988813459000021 ], [ 121.562953954000022, 24.988955840000067 ], [ 121.563061056000038, 24.989008693000066 ], [ 121.563114539000026, 24.989035086000051 ], [ 121.563880221000105, 24.988734005000026 ], [ 121.563874588000076, 24.988721821000063 ], [ 121.56357821000006, 24.988080713000041 ], [ 121.564260337000064, 24.987989346000056 ], [ 121.564300993000089, 24.987981723000068 ], [ 121.564506943000083, 24.987943116000046 ], [ 121.56468696200011, 24.986944622000063 ], [ 121.564374845000088, 24.986904477000049 ], [ 121.563498973000037, 24.986818271000047 ], [ 121.56267794900009, 24.986737461000068 ], [ 121.562647662000018, 24.986734480000049 ], [ 121.562642725000046, 24.986734027000061 ], [ 121.562339166000029, 24.986706282000057 ], [ 121.561778820000072, 24.986655066000015 ], [ 121.561713807000061, 24.98664912300006 ], [ 121.560923303000109, 24.986576864000025 ], [ 121.560914277000052, 24.986578825000031 ], [ 121.560777787, 24.986608470000075 ], [ 121.560651636000102, 24.986594874000041 ], [ 121.560141425000111, 24.986539889000017 ], [ 121.55997145000002, 24.986531655000068 ], [ 121.559825712000034, 24.986514454000019 ], [ 121.559738197000129, 24.98648817000003 ], [ 121.559631218000035, 24.986453083000068 ], [ 121.559538768000039, 24.986409067000064 ], [ 121.559478489000071, 24.986384468000029 ], [ 121.559387977000029, 24.986347530000046 ], [ 121.559271311000103, 24.986316913000049 ], [ 121.559229273000042, 24.986313682000048 ], [ 121.559106169000074, 24.986304226000065 ], [ 121.558941107000024, 24.986309279000068 ], [ 121.558800373000068, 24.986323116000047 ], [ 121.558712969000126, 24.986323444000035 ], [ 121.558610974000089, 24.986314962000051 ], [ 121.558496567000034, 24.986304188000066 ], [ 121.558398467000075, 24.986765259000038 ], [ 121.558380407000058, 24.986850146000045 ], [ 121.558218119000117, 24.987616408000058 ], [ 121.558198756000039, 24.987770375000022 ], [ 121.558195887000025, 24.987793180000033 ], [ 121.557884468000125, 24.988164554000026 ], [ 121.557868321000115, 24.988181614000034 ], [ 121.557781112000058, 24.988273757000051 ], [ 121.557675006000068, 24.988682782000062 ], [ 121.557760256000037, 24.988693735000027 ], [ 121.55780276400003, 24.988699194000041 ], [ 121.557915718000118, 24.988718597000052 ], [ 121.558154512000101, 24.988729599000063 ], [ 121.558484947000011, 24.988724606000048 ], [ 121.55848608700002, 24.988724589000057 ], [ 121.558473276000072, 24.989315995000027 ], [ 121.558471317000112, 24.989554888000036 ], [ 121.558468452000071, 24.989554238000043 ], [ 121.558461107000085, 24.989552576000044 ], [ 121.557719121000119, 24.989361961000039 ], [ 121.557701927000025, 24.989397741000062 ], [ 121.557719425000073, 24.989429427000058 ], [ 121.557624896000107, 24.989640135000045 ], [ 121.557216327000106, 24.989506725000066 ], [ 121.557033501000106, 24.989384374000043 ], [ 121.556872608000049, 24.989317503000045 ], [ 121.55680844100003, 24.989322845000057 ], [ 121.556772827000017, 24.989325811000064 ], [ 121.556686238000111, 24.989373768000064 ], [ 121.556647344000112, 24.989465159000069 ], [ 121.556632334000028, 24.989519249000065 ], [ 121.556616611000095, 24.989710144000068 ], [ 121.556598455000085, 24.990094915000036 ], [ 121.556612036000047, 24.990167550000013 ], [ 121.556642198000091, 24.990240139000033 ], [ 121.556712070000117, 24.990294399000042 ], [ 121.556841752000096, 24.990378731000071 ], [ 121.556918236000101, 24.990429941000052 ], [ 121.556988259000036, 24.990517523000051 ], [ 121.557058308000023, 24.990611161000061 ], [ 121.557108390000053, 24.990689734000046 ], [ 121.557118567000103, 24.990741192000019 ], [ 121.557122173000053, 24.99080479100007 ], [ 121.557132486000114, 24.990886537000041 ], [ 121.55714282800011, 24.990974342000072 ], [ 121.557059389000074, 24.991252593000066 ], [ 121.557206624000059, 24.991288884000017 ], [ 121.557505549000098, 24.991443814000025 ], [ 121.55770152200013, 24.99161398900003 ], [ 121.55800290500008, 24.99171441500004 ], [ 121.558520382000111, 24.991759763000054 ], [ 121.558695224000076, 24.991775084000036 ], [ 121.558904475000077, 24.991091604000076 ] ] ] } },
{ "type": "Feature", "properties": { "COUNTY": "臺北市", "TOWN": "文山區", "VILLAGE": "景行里", "geo_iid": "臺北市文山區景行里", "size_counts": 1 }, "geometry": { "type": "Polygon", "coordinates": [ [ [ 121.542339728000115, 24.992886110000025 ], [ 121.542355932000078, 24.992884405000034 ], [ 121.542486346000032, 24.992870685000067 ], [ 121.542730495000114, 24.99286979400005 ], [ 121.543096435000066, 24.992807123000031 ], [ 121.543318839000108, 24.992748189000043 ], [ 121.543331111000043, 24.992744937000047 ], [ 121.543480519, 24.992705346000029 ], [ 121.543757861000017, 24.992632452000063 ], [ 121.543846311000038, 24.992609206000051 ], [ 121.544138768000039, 24.992491034000064 ], [ 121.54404070300005, 24.992263735000041 ], [ 121.543965915000058, 24.992090394000051 ], [ 121.543928949000019, 24.992004711000035 ], [ 121.543785695000111, 24.991672673000028 ], [ 121.543495071000052, 24.991113328000036 ], [ 121.543468255000107, 24.991061718000019 ], [ 121.543407674000022, 24.990945119000056 ], [ 121.543185002000087, 24.990569621000073 ], [ 121.543177179000054, 24.990556428000037 ], [ 121.543170302000021, 24.990544832000058 ], [ 121.54305955700012, 24.990373619000025 ], [ 121.54288551500008, 24.990104551000041 ], [ 121.54281988000001, 24.990003081000044 ], [ 121.542724289000034, 24.989880494000026 ], [ 121.542405247000033, 24.989471349000038 ], [ 121.54239480800004, 24.98945604600004 ], [ 121.542292068000052, 24.989305428000019 ], [ 121.542216426000095, 24.989149148000021 ], [ 121.542167504000076, 24.988982993000029 ], [ 121.542159150000089, 24.988918492000032 ], [ 121.542145337000079, 24.988811847000072 ], [ 121.542142485000099, 24.988724034000022 ], [ 121.542139141, 24.988621079000037 ], [ 121.542143705000072, 24.988440050000058 ], [ 121.5421592040001, 24.988312796000052 ], [ 121.542191918000071, 24.988038116000041 ], [ 121.542133779000082, 24.988030908000034 ], [ 121.542014092000059, 24.988008972000038 ], [ 121.541925901000027, 24.987993963000054 ], [ 121.541770923000072, 24.987971985000055 ], [ 121.541614683000034, 24.987956880000066 ], [ 121.541452153000037, 24.987931453000041 ], [ 121.541306005000038, 24.987904900000039 ], [ 121.541145985000071, 24.987889800000055 ], [ 121.541007395000065, 24.987865540000026 ], [ 121.540886439000019, 24.987849340000022 ], [ 121.540793201000042, 24.987836615000042 ], [ 121.540710041, 24.987828486000062 ], [ 121.540590339000119, 24.987816867000046 ], [ 121.540427802000067, 24.987798316000063 ], [ 121.540241324000036, 24.987775161000055 ], [ 121.540136751000105, 24.987758983000045 ], [ 121.540022090000093, 24.987747373000037 ], [ 121.539935140000026, 24.987746118000072 ], [ 121.539834814000073, 24.987741227000065 ], [ 121.539821858000096, 24.98774059600003 ], [ 121.539809385000012, 24.98773998900003 ], [ 121.539614241000095, 24.988420115000046 ], [ 121.539566826000055, 24.988706830000059 ], [ 121.539540873000078, 24.988953942000016 ], [ 121.539525575000084, 24.98916642600004 ], [ 121.539542751000127, 24.989383743000069 ], [ 121.5395870870001, 24.989630600000044 ], [ 121.539664135000066, 24.989936616000016 ], [ 121.539790323000048, 24.990327419000035 ], [ 121.539801163000121, 24.99036098900006 ], [ 121.540156353000043, 24.991209433000048 ], [ 121.540159902000028, 24.991217937000034 ], [ 121.540298330000027, 24.991549551000041 ], [ 121.540532318000032, 24.992110082000064 ], [ 121.54065298400009, 24.99243721700002 ], [ 121.540815922000093, 24.99287894900004 ], [ 121.541306453000061, 24.992881904000047 ], [ 121.541321926000023, 24.992881999000065 ], [ 121.541696458000033, 24.992884253000053 ], [ 121.542321625000127, 24.992888014000066 ], [ 121.542339728000115, 24.992886110000025 ] ] ] } },
{ "type": "Feature", "properties": { "COUNTY": "臺北市", "TOWN": "文山區", "VILLAGE": "華興里", "geo_iid": "臺北市文山區華興里", "size_counts": 2 }, "geometry": { "type": "Polygon", "coordinates": [ [ [ 121.551797648000061, 24.993796234000055 ], [ 121.551872984000056, 24.993589969000023 ], [ 121.552269665000054, 24.993324968000017 ], [ 121.552577381000106, 24.993184485000022 ], [ 121.552643339000042, 24.99310548000005 ], [ 121.552672877000063, 24.993038724000023 ], [ 121.552758848000053, 24.992986909000013 ], [ 121.553447864000077, 24.992851064000025 ], [ 121.553500232000033, 24.992699414000068 ], [ 121.553575794000039, 24.992544644000066 ], [ 121.553600884000048, 24.99222346800007 ], [ 121.553590096000093, 24.992035697000055 ], [ 121.553679141000089, 24.991929349000024 ], [ 121.55383125600008, 24.991840940000024 ], [ 121.553996891000097, 24.991810034000018 ], [ 121.55408268500004, 24.991718836000064 ], [ 121.554161306000083, 24.991506502000043 ], [ 121.554459422000036, 24.991444813000037 ], [ 121.554630910000014, 24.991241222000031 ], [ 121.554739367000039, 24.991028775000068 ], [ 121.555240802000071, 24.991205613000023 ], [ 121.555359842000044, 24.991135500000038 ], [ 121.555399418000093, 24.99108992300005 ], [ 121.556022753000107, 24.991096675000044 ], [ 121.556191911000042, 24.991111182000051 ], [ 121.556410836000069, 24.991134594000066 ], [ 121.556702739000102, 24.991166825000047 ], [ 121.557059389000074, 24.991252593000066 ], [ 121.55714282800011, 24.990974342000072 ], [ 121.557132486000114, 24.990886537000041 ], [ 121.557122173000053, 24.99080479100007 ], [ 121.557118567000103, 24.990741192000019 ], [ 121.557108390000053, 24.990689734000046 ], [ 121.557058308000023, 24.990611161000061 ], [ 121.556988259000036, 24.990517523000051 ], [ 121.556918236000101, 24.990429941000052 ], [ 121.556841752000096, 24.990378731000071 ], [ 121.556712070000117, 24.990294399000042 ], [ 121.556642198000091, 24.990240139000033 ], [ 121.556612036000047, 24.990167550000013 ], [ 121.556598455000085, 24.990094915000036 ], [ 121.556616611000095, 24.989710144000068 ], [ 121.556632334000028, 24.989519249000065 ], [ 121.556647344000112, 24.989465159000069 ], [ 121.556686238000111, 24.989373768000064 ], [ 121.556772827000017, 24.989325811000064 ], [ 121.55680844100003, 24.989322845000057 ], [ 121.556872608000049, 24.989317503000045 ], [ 121.557033501000106, 24.989384374000043 ], [ 121.557216327000106, 24.989506725000066 ], [ 121.557624896000107, 24.989640135000045 ], [ 121.557719425000073, 24.989429427000058 ], [ 121.557701927000025, 24.989397741000062 ], [ 121.557719121000119, 24.989361961000039 ], [ 121.558461107000085, 24.989552576000044 ], [ 121.558468452000071, 24.989554238000043 ], [ 121.558471317000112, 24.989554888000036 ], [ 121.558473276000072, 24.989315995000027 ], [ 121.55848608700002, 24.988724589000057 ], [ 121.558484947000011, 24.988724606000048 ], [ 121.558154512000101, 24.988729599000063 ], [ 121.557915718000118, 24.988718597000052 ], [ 121.55780276400003, 24.988699194000041 ], [ 121.557760256000037, 24.988693735000027 ], [ 121.557675006000068, 24.988682782000062 ], [ 121.557781112000058, 24.988273757000051 ], [ 121.557868321000115, 24.988181614000034 ], [ 121.557884468000125, 24.988164554000026 ], [ 121.558195887000025, 24.987793180000033 ], [ 121.558198756000039, 24.987770375000022 ], [ 121.558218119000117, 24.987616408000058 ], [ 121.558380407000058, 24.986850146000045 ], [ 121.558398467000075, 24.986765259000038 ], [ 121.558496567000034, 24.986304188000066 ], [ 121.558207479000089, 24.986282856000052 ], [ 121.558073918000105, 24.986274943000058 ], [ 121.557825020000109, 24.98621698800002 ], [ 121.557728276000034, 24.986204729000058 ], [ 121.557621870000048, 24.986205129000034 ], [ 121.557585543000087, 24.98620526500002 ], [ 121.557461287000024, 24.986218352000034 ], [ 121.55722208600001, 24.986269724000056 ], [ 121.557010480000031, 24.986312588000025 ], [ 121.556909246000046, 24.986325588000049 ], [ 121.55678023400003, 24.986305035000033 ], [ 121.55667879900011, 24.986275966000044 ], [ 121.55653118400005, 24.986213421000048 ], [ 121.556452671000102, 24.986190793000041 ], [ 121.556320745000107, 24.986167685000048 ], [ 121.556186227000012, 24.986200573000069 ], [ 121.556125813000122, 24.986215343000016 ], [ 121.55587929900004, 24.986216265000046 ], [ 121.555694544000062, 24.986245105000016 ], [ 121.555592005000108, 24.986283027000066 ], [ 121.555510009000059, 24.986320872000075 ], [ 121.555428131000113, 24.986386866000029 ], [ 121.555315530000044, 24.986471753000039 ], [ 121.555274611000087, 24.986509446000071 ], [ 121.555110609000067, 24.986585135000034 ], [ 121.554954730000091, 24.986642783000029 ], [ 121.554949756000028, 24.986644622000018 ], [ 121.554905530000056, 24.986660977000028 ], [ 121.554731090000033, 24.986699168000026 ], [ 121.554692190000083, 24.986694844000052 ], [ 121.554688021000061, 24.986637657000063 ], [ 121.55467225800011, 24.986612690000069 ], [ 121.554636884000047, 24.986577071000045 ], [ 121.554413990000057, 24.986610078000069 ], [ 121.553704969, 24.986433964000064 ], [ 121.55361851400005, 24.986490101000062 ], [ 121.553361633, 24.986656899000014 ], [ 121.553330413000026, 24.986674891000057 ], [ 121.553208760000089, 24.986596690000049 ], [ 121.553143449000103, 24.986557655000063 ], [ 121.552831587000014, 24.986371259000059 ], [ 121.552828406000131, 24.986376168000049 ], [ 121.552821807000115, 24.986386074000045 ], [ 121.552799371000091, 24.986419755000036 ], [ 121.552774124000052, 24.986455267000046 ], [ 121.552756441000042, 24.986490822000061 ], [ 121.552743820000046, 24.986508004000022 ], [ 121.552727400000109, 24.986537832000064 ], [ 121.552705952000125, 24.986560742000044 ], [ 121.552700872000074, 24.986594003000047 ], [ 121.552675628000074, 24.986629541000063 ], [ 121.552626394000058, 24.986700621000065 ], [ 121.552601161000112, 24.986726977000039 ], [ 121.552559527000085, 24.986767083000075 ], [ 121.552538086000013, 24.98678427000004 ], [ 121.552504010000021, 24.986824382000059 ], [ 121.552469934000101, 24.986870237000058 ], [ 121.552435869000092, 24.986903469000023 ], [ 121.55240432800008, 24.98693326100004 ], [ 121.552369009000031, 24.98696419700007 ], [ 121.552309744000027, 24.986993956000035 ], [ 121.552289557000094, 24.987014589000065 ], [ 121.552261801000114, 24.987042083000055 ], [ 121.552215137000076, 24.987073007000042 ], [ 121.552176033000038, 24.987105100000058 ], [ 121.552116762000082, 24.987141740000016 ], [ 121.552070096000065, 24.987173810000051 ], [ 121.552034779000095, 24.987202453000062 ], [ 121.55197929400002, 24.987234519000019 ], [ 121.551937684000109, 24.987253966000019 ], [ 121.551899872000035, 24.987261961000058 ], [ 121.551819178000088, 24.987295130000057 ], [ 121.551733447000075, 24.987329467000045 ], [ 121.551679226000033, 24.987358079000046 ], [ 121.551601068000068, 24.987376344000033 ], [ 121.551507811000079, 24.987381972000026 ], [ 121.551379314000087, 24.987349711000029 ], [ 121.551247028000049, 24.987320889000042 ], [ 121.551112228000093, 24.987288617000047 ], [ 121.550995076000049, 24.987248325000046 ], [ 121.550848922000128, 24.987226376000013 ], [ 121.550789765000104, 24.987168943000018 ], [ 121.550743249000107, 24.987075971000014 ], [ 121.550700530000086, 24.986970365000037 ], [ 121.550697379000084, 24.986958406000038 ], [ 121.550688113000092, 24.986923225000048 ], [ 121.550226018000103, 24.987191765000023 ], [ 121.550162111000091, 24.987439515000052 ], [ 121.549896439000022, 24.987395943000021 ], [ 121.54977936100012, 24.987871597000037 ], [ 121.549747413000105, 24.987995471000026 ], [ 121.549693671000128, 24.988094671000049 ], [ 121.54968377900002, 24.988107102000061 ], [ 121.549634409000063, 24.988169137000046 ], [ 121.549575072000039, 24.988228762000055 ], [ 121.549515746000111, 24.988288386000072 ], [ 121.549451144000059, 24.98838267100006 ], [ 121.549424702, 24.98852632300002 ], [ 121.549423019000074, 24.988533642000036 ], [ 121.54926524400004, 24.989219934000058 ], [ 121.549229464000049, 24.989374131000023 ], [ 121.549222711000098, 24.989403235000044 ], [ 121.54916349500003, 24.989487612000055 ], [ 121.549077219000083, 24.989581976000057 ], [ 121.549052696000103, 24.989602685000015 ], [ 121.549012451000067, 24.989636673000057 ], [ 121.548936889000061, 24.989701303000054 ], [ 121.548850416000036, 24.989751123000069 ], [ 121.548742170000068, 24.989776269000057 ], [ 121.547377784000091, 24.989989202000054 ], [ 121.54728581300003, 24.990019232000058 ], [ 121.547177410000018, 24.990009736000044 ], [ 121.547085166000087, 24.98998037300003 ], [ 121.546873695000045, 24.989941546000054 ], [ 121.546816469000092, 24.989934787000031 ], [ 121.546711076000065, 24.989922344000028 ], [ 121.546429318000051, 24.989918431000024 ], [ 121.546218176000011, 24.989953856000049 ], [ 121.545893322000111, 24.990004549000037 ], [ 121.545693059000087, 24.990049838000054 ], [ 121.545465901000057, 24.990139767000066 ], [ 121.545255043000125, 24.990244489000069 ], [ 121.545098345000042, 24.990339119000048 ], [ 121.54495251700007, 24.99044360200002 ], [ 121.544806820000062, 24.990577795000029 ], [ 121.544740884000021, 24.99062882000003 ], [ 121.544882484000027, 24.990726826000067 ], [ 121.545050150000066, 24.990809848000016 ], [ 121.545161522000058, 24.991014197000016 ], [ 121.545200179000062, 24.99118997600004 ], [ 121.545298355000114, 24.991261714000071 ], [ 121.54546267000002, 24.991301495000062 ], [ 121.545529167000041, 24.99135027300002 ], [ 121.545589184000065, 24.991358703000053 ], [ 121.545665072000034, 24.991387270000068 ], [ 121.545712614000095, 24.991433237000013 ], [ 121.545769752000083, 24.991505125000057 ], [ 121.545836512000065, 24.991611584000047 ], [ 121.545883914000129, 24.991622948000042 ], [ 121.545988057000059, 24.991616797000052 ], [ 121.546032207000053, 24.991607986000073 ], [ 121.546206262000055, 24.991708281000054 ], [ 121.546367263000093, 24.991710578000035 ], [ 121.546487263000017, 24.991721676000047 ], [ 121.546591524000078, 24.991744360000038 ], [ 121.546790583000075, 24.991786891000054 ], [ 121.546926490000018, 24.991826765000035 ], [ 121.547052941000075, 24.991869563000023 ], [ 121.547264634000058, 24.991914928000018 ], [ 121.547479919000011, 24.992058331000059 ], [ 121.547650855000029, 24.992167294000058 ], [ 121.547796654000095, 24.992302305000059 ], [ 121.547872733000077, 24.99237412400003 ], [ 121.54804984700003, 24.992451339000056 ], [ 121.548305577000065, 24.992461925000043 ], [ 121.548377064000078, 24.992470451000024 ], [ 121.548634035000092, 24.992501096000066 ], [ 121.548747716000094, 24.992512206000061 ], [ 121.548826941000016, 24.992581132000048 ], [ 121.54887442200004, 24.992612682000061 ], [ 121.548972384000081, 24.992635397000072 ], [ 121.54905481500009, 24.992640883000032 ], [ 121.549177619000034, 24.99264905700004 ], [ 121.54920250300006, 24.992653834000063 ], [ 121.549442999000021, 24.992699989000069 ], [ 121.549522187000093, 24.992760256000054 ], [ 121.549601494000058, 24.992849369000044 ], [ 121.549661795000034, 24.992921243000065 ], [ 121.549747284000091, 24.992981488000051 ], [ 121.549788479000085, 24.993015950000025 ], [ 121.549814036000029, 24.993085064000066 ], [ 121.549839504000033, 24.99313400200003 ], [ 121.54990928800008, 24.993208722000062 ], [ 121.549994801000025, 24.993271856000032 ], [ 121.550143688000063, 24.993392425000025 ], [ 121.550282978000041, 24.993481314000061 ], [ 121.550317775000067, 24.993498492000064 ], [ 121.550355887000038, 24.993550262000035 ], [ 121.550416123000105, 24.993607720000057 ], [ 121.550476272000097, 24.993647870000075 ], [ 121.550616001000108, 24.993664119000062 ], [ 121.550959220000109, 24.993727561000064 ], [ 121.551102622000045, 24.993785747000054 ], [ 121.551430211000039, 24.993877948000026 ], [ 121.55164340400006, 24.993961307000063 ], [ 121.551797648000061, 24.993796234000055 ] ] ] } },
{ "type": "Feature", "properties": { "COUNTY": "臺北市", "TOWN": "文山區", "VILLAGE": "景美里", "geo_iid": "臺北市文山區景美里", "size_counts": 3 }, "geometry": { "type": "Polygon", "coordinates": [ [ [ 121.535357339000043, 24.995660014000059 ], [ 121.535482491000039, 24.995606380000016 ], [ 121.535585172000097, 24.995536458000053 ], [ 121.535669882000093, 24.995450241000064 ], [ 121.535736513000074, 24.995327273000044 ], [ 121.535865539000028, 24.995134529000037 ], [ 121.535941470000012, 24.995089260000036 ], [ 121.536048666000056, 24.995027509000057 ], [ 121.536481985000023, 24.994788663000062 ], [ 121.536904441000061, 24.994601850000031 ], [ 121.536911039000088, 24.994598934000056 ], [ 121.537006215000019, 24.994511287000016 ], [ 121.537129575000108, 24.99439768600007 ], [ 121.537974691000059, 24.99381746500006 ], [ 121.538076039000089, 24.993747883000029 ], [ 121.53833026700012, 24.993517867000033 ], [ 121.538719682000078, 24.993306686000032 ], [ 121.538861878000034, 24.993229572000068 ], [ 121.538901604000117, 24.993195341000042 ], [ 121.539192282000045, 24.992944880000032 ], [ 121.539735310000083, 24.992476982000017 ], [ 121.539901297000029, 24.992333957000024 ], [ 121.539916048, 24.99232872400005 ], [ 121.540247013000098, 24.992211304000016 ], [ 121.540532318000032, 24.992110082000064 ], [ 121.540298330000027, 24.991549551000041 ], [ 121.540159902000028, 24.991217937000034 ], [ 121.540156353000043, 24.991209433000048 ], [ 121.539801163000121, 24.99036098900006 ], [ 121.539790323000048, 24.990327419000035 ], [ 121.539664135000066, 24.989936616000016 ], [ 121.5395870870001, 24.989630600000044 ], [ 121.539542751000127, 24.989383743000069 ], [ 121.539525575000084, 24.98916642600004 ], [ 121.539540873000078, 24.988953942000016 ], [ 121.539566826000055, 24.988706830000059 ], [ 121.539614241000095, 24.988420115000046 ], [ 121.539809385000012, 24.98773998900003 ], [ 121.539772259000088, 24.987738181000044 ], [ 121.539766289000127, 24.987737890000055 ], [ 121.539636501000018, 24.987729704000049 ], [ 121.539535692000072, 24.987726140000049 ], [ 121.539455036000035, 24.987729485000042 ], [ 121.539354217000096, 24.98773625200004 ], [ 121.539250869000071, 24.987745320000037 ], [ 121.539071885000112, 24.987777233000024 ], [ 121.538890381000101, 24.987807979000021 ], [ 121.538677356000107, 24.987849026000038 ], [ 121.538587851000102, 24.987874158000054 ], [ 121.538461788000077, 24.987911873000019 ], [ 121.538313029000065, 24.987956441000044 ], [ 121.538194524000133, 24.987993 ], [ 121.538033133000113, 24.988061647000041 ], [ 121.537871739000025, 24.988131430000063 ], [ 121.537777172, 24.988173770000049 ], [ 121.537669993, 24.988221817000063 ], [ 121.537595576000058, 24.988273356000033 ], [ 121.537465701000073, 24.988332860000064 ], [ 121.537305551000031, 24.988415269000026 ], [ 121.537181953000072, 24.988493132000027 ], [ 121.537077253, 24.988573307000014 ], [ 121.536985208000047, 24.98861335500003 ], [ 121.536903245000076, 24.988652263000056 ], [ 121.536854002000041, 24.988726768000038 ], [ 121.53682240000002, 24.988800154000042 ], [ 121.536775636000016, 24.988906793000066 ], [ 121.536725078000018, 24.989022606000042 ], [ 121.536693457000055, 24.989112054000021 ], [ 121.536655526000104, 24.989206072000048 ], [ 121.536631500000126, 24.989272581 ], [ 121.536598587000071, 24.989382679000062 ], [ 121.536588401000031, 24.989462966000072 ], [ 121.536590747000105, 24.989597197000016 ], [ 121.536589323000058, 24.989722242000017 ], [ 121.536620704000015, 24.989817502000044 ], [ 121.536644531000107, 24.989907020000022 ], [ 121.536670878000123, 24.989996528000056 ], [ 121.536694718000049, 24.990074581000034 ], [ 121.536717280000076, 24.990168672000028 ], [ 121.536724726000102, 24.990257022000026 ], [ 121.536746088000072, 24.990304070000029 ], [ 121.53679253200005, 24.990446394000049 ], [ 121.536828938000099, 24.990555431000068 ], [ 121.536845212000117, 24.990638060000023 ], [ 121.536890444000051, 24.990743652000042 ], [ 121.536906740000063, 24.990812515000069 ], [ 121.536945638, 24.990939905000058 ], [ 121.53695747900008, 24.990966942000053 ], [ 121.53698333300008, 24.991025986000061 ], [ 121.53699714000004, 24.991084380000075 ], [ 121.53700965400003, 24.99113730800007 ], [ 121.537062349000067, 24.991318636000063 ], [ 121.537089933000061, 24.991428806000037 ], [ 121.537107444000071, 24.991528639000016 ], [ 121.537111095000114, 24.991630753000027 ], [ 121.537113471000112, 24.991740897000049 ], [ 121.537113372000022, 24.991818918000028 ], [ 121.537111980000091, 24.99192101200002 ], [ 121.537100425000077, 24.992085058000036 ], [ 121.537083886000104, 24.992205498000025 ], [ 121.537066139000117, 24.992286934000042 ], [ 121.53704840500005, 24.99235574600004 ], [ 121.537011709000026, 24.992472731000074 ], [ 121.5369649390001, 24.992581669000053 ], [ 121.536947212000086, 24.992644740000053 ], [ 121.536930762000111, 24.992697496000055 ], [ 121.536897865000029, 24.992797268000057 ], [ 121.536848574000018, 24.992908492000019 ], [ 121.536813199000122, 24.992976141000035 ], [ 121.536804369000052, 24.992983006000028 ], [ 121.536779071000069, 24.993056407000029 ], [ 121.536734833000082, 24.993156164000023 ], [ 121.536708270000062, 24.99322955000002 ], [ 121.536685511000101, 24.993288035000024 ], [ 121.536652655000012, 24.993357968000048 ], [ 121.536616003000077, 24.993438261000044 ], [ 121.536566736000054, 24.993529974000058 ], [ 121.536509871000021, 24.993648067000031 ], [ 121.5364442, 24.993753537000028 ], [ 121.536393675000127, 24.993842962000024 ], [ 121.536358305000022, 24.993906016000029 ], [ 121.53632672600007, 24.993962202000031 ], [ 121.536291363000032, 24.994021826000047 ], [ 121.536261037000031, 24.99408258600004 ], [ 121.536220625000055, 24.994146776000033 ], [ 121.536187816000066, 24.994180010000033 ], [ 121.5361209, 24.994272853000027 ], [ 121.536061557000053, 24.994359971000048 ], [ 121.536004766000033, 24.994420716000025 ], [ 121.535965636000014, 24.994466558000056 ], [ 121.535891175000089, 24.994549064000058 ], [ 121.535848245, 24.994610963000071 ], [ 121.535809133000043, 24.994646483000043 ], [ 121.535701897000081, 24.994733549000042 ], [ 121.535655188000092, 24.994794296000062 ], [ 121.535584519000054, 24.994866494000057 ], [ 121.53551764700002, 24.994926067000044 ], [ 121.535423020000053, 24.995009694000025 ], [ 121.53537968000002, 24.995041521000065 ], [ 121.535363730000086, 24.995053233000075 ], [ 121.535288050000062, 24.995103609000065 ], [ 121.535175846000016, 24.995133303000042 ], [ 121.535104048000122, 24.995104535000046 ], [ 121.535067559000026, 24.995088878000036 ], [ 121.534952772000125, 24.995301456000043 ], [ 121.534984478000084, 24.995383164000028 ], [ 121.535043130000076, 24.99548522200006 ], [ 121.535083764000092, 24.995562808000042 ], [ 121.535146832, 24.995648493000029 ], [ 121.535232065000059, 24.995685004000045 ], [ 121.535357339000043, 24.995660014000059 ] ] ] } },
{ "type": "Feature", "properties": { "COUNTY": "臺北市", "TOWN": "士林區", "VILLAGE": "翠山里", "geo_iid": "臺北市士林區翠山里", "size_counts": 1 }, "geometry": { "type": "Polygon", "coordinates": [ [ [ 121.5671089330001, 25.112538688000026 ], [ 121.567505473000111, 25.112361332000024 ], [ 121.567973554000105, 25.112029830000033 ], [ 121.568489729000035, 25.111687147000044 ], [ 121.568603578000079, 25.111595449000042 ], [ 121.568969587000083, 25.11130065300005 ], [ 121.569405834000023, 25.110869709000035 ], [ 121.569461021000052, 25.110815192000068 ], [ 121.569688676000055, 25.110572533000038 ], [ 121.570085102, 25.110373179000071 ], [ 121.57136065600001, 25.110203406000025 ], [ 121.571669801000112, 25.110161431000044 ], [ 121.572250463000046, 25.110082590000047 ], [ 121.572443658000111, 25.110056359000048 ], [ 121.573307252000077, 25.109338651000026 ], [ 121.573569941000059, 25.10886505000007 ], [ 121.573829303000011, 25.107677103000061 ], [ 121.573950824, 25.106729706000063 ], [ 121.573881960000094, 25.106745115000017 ], [ 121.573648963000096, 25.106776323000069 ], [ 121.573482329000058, 25.10675424500004 ], [ 121.573240011000038, 25.106573379000043 ], [ 121.572947271000103, 25.106294220000045 ], [ 121.572688019000111, 25.106052813000066 ], [ 121.572379670000032, 25.105929457000052 ], [ 121.572298839000041, 25.105897122000041 ], [ 121.571998736000083, 25.105822527000047 ], [ 121.571640453000114, 25.105770887000062 ], [ 121.571444852000027, 25.105741161000022 ], [ 121.571348820000026, 25.105726566000033 ], [ 121.57113219200005, 25.105697104000054 ], [ 121.570981928000037, 25.105614364000072 ], [ 121.570806897000011, 25.105577156000027 ], [ 121.57049850500006, 25.105510176000045 ], [ 121.570340056000063, 25.105457756000067 ], [ 121.570264766000022, 25.105382302000059 ], [ 121.570147492000046, 25.105231247000056 ], [ 121.569912978000062, 25.104936706000036 ], [ 121.569703904000121, 25.104740559000042 ], [ 121.569503085000065, 25.104529209000077 ], [ 121.569393996000017, 25.104347823000058 ], [ 121.569284417000077, 25.10406036900001 ], [ 121.569157559000018, 25.103650341000044 ], [ 121.569132255000099, 25.103568553000052 ], [ 121.569030190000035, 25.103106848000024 ], [ 121.568995829000073, 25.102879711000071 ], [ 121.568894433000082, 25.102561928000046 ], [ 121.568827332000083, 25.10245613600005 ], [ 121.568754668000125, 25.102335514000053 ], [ 121.568732522000104, 25.102298753000067 ], [ 121.568489515000024, 25.101966372000046 ], [ 121.568162723000114, 25.101520680000068 ], [ 121.568074859000049, 25.101391994000032 ], [ 121.56796152700008, 25.101226011000044 ], [ 121.567692915000066, 25.100757362000017 ], [ 121.567520271000035, 25.10040624700002 ], [ 121.567499588000032, 25.100364186000022 ], [ 121.567303513000084, 25.099890886000022 ], [ 121.567289271000035, 25.099841109000064 ], [ 121.567210419000048, 25.099565498000054 ], [ 121.567202530000031, 25.099523528000066 ], [ 121.567167736000115, 25.099338400000072 ], [ 121.567125648000101, 25.099240074000072 ], [ 121.5670435400001, 25.099158602000042 ], [ 121.567042003000111, 25.099157076000033 ], [ 121.567030182000053, 25.099149612000073 ], [ 121.566995328000061, 25.099127612000075 ], [ 121.566958498000091, 25.099104365000066 ], [ 121.566833503000112, 25.099082118000066 ], [ 121.56681982300006, 25.099082171000074 ], [ 121.566611074000093, 25.099082978000059 ], [ 121.566493463000029, 25.09908343200004 ], [ 121.566375580000113, 25.099083888000049 ], [ 121.565992553000115, 25.099077777000041 ], [ 121.565576118000095, 25.099049086000029 ], [ 121.565084612000092, 25.098990366000059 ], [ 121.564992851000071, 25.098952842000063 ], [ 121.564826159000077, 25.098915606000041 ], [ 121.564734189000092, 25.09883261800007 ], [ 121.564525378000098, 25.098689489000037 ], [ 121.564400176000049, 25.098621797000071 ], [ 121.564191785000062, 25.098569570000045 ], [ 121.563958556000117, 25.098547731000046 ], [ 121.56380053700002, 25.098586216000054 ], [ 121.563559123000118, 25.098594717000019 ], [ 121.563400793000014, 25.098565019000031 ], [ 121.563259044, 25.098520110000027 ], [ 121.563212463000013, 25.09849914100004 ], [ 121.563075491000049, 25.098437480000019 ], [ 121.562866753000094, 25.098309501000067 ], [ 121.562708498, 25.098212129000036 ], [ 121.562636333000114, 25.098176545000051 ], [ 121.562508503000132, 25.098128647000063 ], [ 121.562502380000069, 25.098126353000048 ], [ 121.562323761000016, 25.098056058000051 ], [ 121.562245643000082, 25.098031015000046 ], [ 121.56203380500007, 25.098006478000055 ], [ 121.562033772000078, 25.098006478000048 ], [ 121.561996980000117, 25.09800661600007 ], [ 121.561761933000085, 25.098443542000041 ], [ 121.561292841000068, 25.099075658000054 ], [ 121.5607759520001, 25.099579018000043 ], [ 121.559930051000038, 25.100384464000051 ], [ 121.560003503000075, 25.100640875000057 ], [ 121.560089928000025, 25.100942573000047 ], [ 121.560171983000032, 25.101687201000058 ], [ 121.55967726900009, 25.103608744000038 ], [ 121.559225380000044, 25.104570281000054 ], [ 121.558900874000088, 25.105267672000021 ], [ 121.558725669000083, 25.105644202000054 ], [ 121.558711196000118, 25.10567530600002 ], [ 121.558726092000029, 25.105724500000061 ], [ 121.558670244000041, 25.105945518000048 ], [ 121.559081038000045, 25.10632509800007 ], [ 121.559001320000107, 25.107711741000053 ], [ 121.558983689000115, 25.108018400000034 ], [ 121.558936898000056, 25.108185605000063 ], [ 121.558893843000078, 25.108314772000025 ], [ 121.558820649000026, 25.108452549000042 ], [ 121.558781899000095, 25.108538660000075 ], [ 121.55876045300009, 25.108641973000033 ], [ 121.558760844000062, 25.108727975000072 ], [ 121.558815585000048, 25.10890442100003 ], [ 121.558893843000078, 25.109081156000052 ], [ 121.558975648000114, 25.109309350000039 ], [ 121.559014398000045, 25.109438516000061 ], [ 121.559048842000038, 25.109580598000026 ], [ 121.559070370000086, 25.109714069000056 ], [ 121.559061759000087, 25.109847540000029 ], [ 121.559035926000092, 25.110006845000036 ], [ 121.558992869, 25.110148927000058 ], [ 121.558954119000077, 25.110247955000027 ], [ 121.558906758000035, 25.110338371000065 ], [ 121.558863703000043, 25.110467537000037 ], [ 121.55883398900005, 25.110622314000061 ], [ 121.558816551000078, 25.110925626000029 ], [ 121.558283799000037, 25.110927635000042 ], [ 121.557732059000031, 25.110938374000046 ], [ 121.558232702000041, 25.111643459000042 ], [ 121.558368559000101, 25.111832622000062 ], [ 121.558622313000114, 25.112096269000062 ], [ 121.558826468, 25.111957220000072 ], [ 121.558827604000044, 25.111956446000075 ], [ 121.55892640400009, 25.111974946000021 ], [ 121.55950886800008, 25.112084012000018 ], [ 121.5597863160001, 25.112192870000055 ], [ 121.560195854000085, 25.112224292000054 ], [ 121.560701078000065, 25.112112474000067 ], [ 121.561001499000113, 25.111979458000057 ], [ 121.561241009000014, 25.111692799000018 ], [ 121.561408928000105, 25.111549296000071 ], [ 121.56166123800007, 25.111427447000029 ], [ 121.561913897000053, 25.111382522000039 ], [ 121.562082619000066, 25.111414853000035 ], [ 121.562263932000064, 25.111568028000075 ], [ 121.562529987000062, 25.111819800000028 ], [ 121.562915711000073, 25.111906259000015 ], [ 121.563072588000068, 25.111982588000039 ], [ 121.564024779000079, 25.112187782000035 ], [ 121.564567080000074, 25.11228463600002 ], [ 121.565531466000053, 25.112522744000042 ], [ 121.56602534700005, 25.112564815000042 ], [ 121.566230436000083, 25.112573389000026 ], [ 121.566507090000073, 25.112584957000017 ], [ 121.5671089330001, 25.112538688000026 ] ] ] } },
{ "type": "Feature", "properties": { "COUNTY": "臺北市", "TOWN": "士林區", "VILLAGE": "臨溪里", "geo_iid": "臺北市士林區臨溪里", "size_counts": 1 }, "geometry": { "type": "Polygon", "coordinates": [ [ [ 121.556804539000026, 25.113171249000054 ], [ 121.557032026000115, 25.11288464100004 ], [ 121.557224035000104, 25.112741053000029 ], [ 121.55754834600009, 25.112563986000044 ], [ 121.557908929000064, 25.11241975400003 ], [ 121.558272826, 25.11233349300004 ], [ 121.558274639000047, 25.112333063000044 ], [ 121.558610121000029, 25.112104572000067 ], [ 121.558622313000114, 25.112096269000062 ], [ 121.558368559000101, 25.111832622000062 ], [ 121.558232702000041, 25.111643459000042 ], [ 121.557732059000031, 25.110938374000046 ], [ 121.558283799000037, 25.110927635000042 ], [ 121.558816551000078, 25.110925626000029 ], [ 121.55883398900005, 25.110622314000061 ], [ 121.558863703000043, 25.110467537000037 ], [ 121.558906758000035, 25.110338371000065 ], [ 121.558954119000077, 25.110247955000027 ], [ 121.558992869, 25.110148927000058 ], [ 121.559035926000092, 25.110006845000036 ], [ 121.559061759000087, 25.109847540000029 ], [ 121.559070370000086, 25.109714069000056 ], [ 121.559048842000038, 25.109580598000026 ], [ 121.559014398000045, 25.109438516000061 ], [ 121.558975648000114, 25.109309350000039 ], [ 121.558893843000078, 25.109081156000052 ], [ 121.558815585000048, 25.10890442100003 ], [ 121.558760844000062, 25.108727975000072 ], [ 121.55876045300009, 25.108641973000033 ], [ 121.558781899000095, 25.108538660000075 ], [ 121.558820649000026, 25.108452549000042 ], [ 121.558893843000078, 25.108314772000025 ], [ 121.558936898000056, 25.108185605000063 ], [ 121.558983689000115, 25.108018400000034 ], [ 121.559001320000107, 25.107711741000053 ], [ 121.559081038000045, 25.10632509800007 ], [ 121.558670244000041, 25.105945518000048 ], [ 121.558726092000029, 25.105724500000061 ], [ 121.558711196000118, 25.10567530600002 ], [ 121.558725669000083, 25.105644202000054 ], [ 121.558900874000088, 25.105267672000021 ], [ 121.559225380000044, 25.104570281000054 ], [ 121.55967726900009, 25.103608744000038 ], [ 121.560171983000032, 25.101687201000058 ], [ 121.560089928000025, 25.100942573000047 ], [ 121.560003503000075, 25.100640875000057 ], [ 121.559930051000038, 25.100384464000051 ], [ 121.5607759520001, 25.099579018000043 ], [ 121.561292841000068, 25.099075658000054 ], [ 121.561761933000085, 25.098443542000041 ], [ 121.561996980000117, 25.09800661600007 ], [ 121.561939087000027, 25.098006834000042 ], [ 121.561788654000125, 25.098007404000036 ], [ 121.561632741000039, 25.098028283000069 ], [ 121.561515761, 25.098033798000067 ], [ 121.561432185000058, 25.098034125000023 ], [ 121.561270584000127, 25.09802966300003 ], [ 121.561036647000037, 25.098045769000059 ], [ 121.560953281000025, 25.098091709000062 ], [ 121.560880920000031, 25.098107188000021 ], [ 121.560780793000035, 25.098143065000045 ], [ 121.560644962000083, 25.098212174000022 ], [ 121.560592327000094, 25.098224571000053 ], [ 121.560549563000109, 25.098249558000067 ], [ 121.560497674000104, 25.098268667000063 ], [ 121.560410642000093, 25.098273727000038 ], [ 121.560383354000024, 25.098273831000022 ], [ 121.560305349000032, 25.09826467400006 ], [ 121.560233778000111, 25.098241300000034 ], [ 121.560170735000042, 25.098212179000019 ], [ 121.560137429000065, 25.098186071000036 ], [ 121.560120622000127, 25.098165865000048 ], [ 121.56004805200007, 25.098135725000066 ], [ 121.559947693000026, 25.098120893000033 ], [ 121.559841809000091, 25.098116226000055 ], [ 121.559803021000107, 25.098119738000033 ], [ 121.559724850000052, 25.09812681500005 ], [ 121.559697015000097, 25.09813199500007 ], [ 121.559602967000046, 25.09815469800002 ], [ 121.559569006000075, 25.098162895000026 ], [ 121.55944059300009, 25.098212193000048 ], [ 121.559323005, 25.098273991000035 ], [ 121.55922931200007, 25.098338477000016 ], [ 121.559081153000079, 25.098481543000041 ], [ 121.558948656000098, 25.098624565000016 ], [ 121.558808166000063, 25.098731979000032 ], [ 121.558761172000132, 25.098732154000057 ], [ 121.5587218820001, 25.098703792000034 ], [ 121.558705763000049, 25.098604112000025 ], [ 121.558689610000116, 25.098497292000047 ], [ 121.558681343000103, 25.09844852000003 ], [ 121.558665464000114, 25.098354866000015 ], [ 121.558612098000012, 25.098212202000063 ], [ 121.558347814000072, 25.097963064000044 ], [ 121.558239679000053, 25.097861126000048 ], [ 121.558176470000035, 25.097829224000066 ], [ 121.558119068000124, 25.097760187000052 ], [ 121.558051682000055, 25.097587312000023 ], [ 121.558019259000048, 25.097486759000045 ], [ 121.557926225000088, 25.097198244000019 ], [ 121.557830681000056, 25.096905718000066 ], [ 121.557810443000108, 25.096843754000069 ], [ 121.557762005000086, 25.096653499000066 ], [ 121.557713293, 25.096402644000012 ], [ 121.557646380000051, 25.096333641000054 ], [ 121.557608167000012, 25.096299163000015 ], [ 121.557484446000089, 25.096290979000056 ], [ 121.55724679900004, 25.096335163000038 ], [ 121.557065996, 25.096327184000067 ], [ 121.556932646000078, 25.096293060000043 ], [ 121.556817970000097, 25.096180968000045 ], [ 121.556693226000107, 25.095947713000037 ], [ 121.556487925000056, 25.095493382000022 ], [ 121.556410989000042, 25.095311883000075 ], [ 121.556362869000068, 25.095190872000035 ], [ 121.556352529000037, 25.095009117000064 ], [ 121.556361256000059, 25.094835954000057 ], [ 121.556255895000049, 25.094680536000048 ], [ 121.556029238000065, 25.094450446000039 ], [ 121.555950045000031, 25.094370055000063 ], [ 121.555854300000078, 25.094323772000052 ], [ 121.555559120000112, 25.09418108400007 ], [ 121.555292383000065, 25.094104179000055 ], [ 121.554902207000055, 25.094079695000062 ], [ 121.554854278000107, 25.094052686000051 ], [ 121.554749597000054, 25.093993695000044 ], [ 121.554663463000125, 25.093881495000051 ], [ 121.554557519000014, 25.093596217000023 ], [ 121.554546281000057, 25.093215377000028 ], [ 121.554499006000029, 25.092822311000074 ], [ 121.554498869000099, 25.092821173000058 ], [ 121.554486963000045, 25.092722176000045 ], [ 121.554472921000084, 25.092713144000061 ], [ 121.554215791000047, 25.092547739000047 ], [ 121.553853847000028, 25.092453893000023 ], [ 121.553520640000116, 25.092403199000039 ], [ 121.553206851000027, 25.09243901100006 ], [ 121.552817031000018, 25.092492401000069 ], [ 121.552598377000095, 25.092527859000029 ], [ 121.552341396000088, 25.092502851000052 ], [ 121.552208089000032, 25.092477373000055 ], [ 121.55217261100006, 25.092405536000047 ], [ 121.552112445000034, 25.092365196000053 ], [ 121.551911531000087, 25.092114914000028 ], [ 121.551653653000031, 25.091890805000045 ], [ 121.55137721500013, 25.091770650000058 ], [ 121.551110723000079, 25.091745686000017 ], [ 121.55078753600003, 25.091807482000029 ], [ 121.550321651000104, 25.091869816000038 ], [ 121.549874559000045, 25.091880142000033 ], [ 121.549592148000102, 25.091845645000031 ], [ 121.550008973000104, 25.092749014000045 ], [ 121.550026143000082, 25.09328678800005 ], [ 121.549645397000063, 25.093994110000029 ], [ 121.549513049000083, 25.094115612000046 ], [ 121.549350928000081, 25.094183443000073 ], [ 121.548556193000096, 25.094180630000029 ], [ 121.548507478000033, 25.09446140000005 ], [ 121.548496060000048, 25.094599378000044 ], [ 121.548471510000013, 25.09459755400006 ], [ 121.548461300000113, 25.094750357000059 ], [ 121.548460907000035, 25.094756233000055 ], [ 121.548300212000072, 25.094756828000065 ], [ 121.548136272000079, 25.094723587000022 ], [ 121.547938374000069, 25.094698924000053 ], [ 121.54775906600004, 25.09468548500007 ], [ 121.547564413000046, 25.094694662000048 ], [ 121.547394525000058, 25.094715043000058 ], [ 121.547135190000063, 25.09477524000004 ], [ 121.5469160990001, 25.09484940000004 ], [ 121.546749618000035, 25.094940285000057 ], [ 121.546533921000119, 25.095082142000013 ], [ 121.546336661000055, 25.095201351000064 ], [ 121.546157854000072, 25.095300749000039 ], [ 121.546059075000016, 25.095326508000021 ], [ 121.545868015000096, 25.095451336000046 ], [ 121.545362638000043, 25.095777642000026 ], [ 121.54522688100009, 25.095828915000027 ], [ 121.545106468000085, 25.095854752000026 ], [ 121.544979981000097, 25.095905999000017 ], [ 121.544871980000039, 25.095943069000036 ], [ 121.544742222000096, 25.095952004000022 ], [ 121.544556658000047, 25.095918840000014 ], [ 121.544361793, 25.095882883000051 ], [ 121.54421334600012, 25.09585803200001 ], [ 121.543987866000066, 25.095887072000028 ], [ 121.543851933000056, 25.095898855000026 ], [ 121.543733603000092, 25.095959050000019 ], [ 121.54346649, 25.096094930000039 ], [ 121.543254145000105, 25.096298837000059 ], [ 121.543134303000087, 25.096454439000063 ], [ 121.543017682000027, 25.096641058000039 ], [ 121.542922468000015, 25.096774001000025 ], [ 121.542741243000023, 25.097025740000038 ], [ 121.542677147000063, 25.097151283000059 ], [ 121.542643158000018, 25.097209475000053 ], [ 121.542584784000042, 25.097288682000045 ], [ 121.54253867400007, 25.097345276000048 ], [ 121.542477428000083, 25.097472451000037 ], [ 121.542391434000024, 25.097596891000013 ], [ 121.542336015000046, 25.097642233000034 ], [ 121.542234164000092, 25.097673635000024 ], [ 121.542098332000037, 25.097710812000056 ], [ 121.542005623, 25.097711151000055 ], [ 121.54193465100002, 25.097736806000047 ], [ 121.541617078000058, 25.097907232000058 ], [ 121.541567675000024, 25.097918697000061 ], [ 121.541502752000056, 25.097913292000037 ], [ 121.541444138000102, 25.097936075000057 ], [ 121.541370183000026, 25.097987128000053 ], [ 121.541308514000107, 25.098018381000021 ], [ 121.541231389, 25.098049692000068 ], [ 121.541129438000098, 25.098058532000032 ], [ 121.541049005000104, 25.098039072000052 ], [ 121.540860486000042, 25.098039760000052 ], [ 121.540551600000072, 25.098080374000059 ], [ 121.540427928000085, 25.098066723000038 ], [ 121.540347510000061, 25.098052905000028 ], [ 121.540285719000067, 25.098058773000041 ], [ 121.540205473000029, 25.098081635000021 ], [ 121.540131481000131, 25.098124228000074 ], [ 121.540051370000029, 25.098178118000074 ], [ 121.539742718000056, 25.098269520000024 ], [ 121.539665715000055, 25.098329042000042 ], [ 121.53959483900006, 25.098377256000042 ], [ 121.539523962000075, 25.098422654000036 ], [ 121.53946540000004, 25.098459538000032 ], [ 121.539261844000052, 25.098556201000058 ], [ 121.539144727000021, 25.098627153000045 ], [ 121.539049162000083, 25.098683924000049 ], [ 121.538972048000119, 25.098718059000074 ], [ 121.538892036000107, 25.09879451900002 ], [ 121.538824426, 25.098882219000064 ], [ 121.53875998400008, 25.098986842000045 ], [ 121.538723154000081, 25.099046218000066 ], [ 121.538633886000085, 25.099128354000069 ], [ 121.538563143000047, 25.09920477900004 ], [ 121.538483096000064, 25.099275596000034 ], [ 121.538514577000129, 25.099588860000026 ], [ 121.538910286000046, 25.099822702000033 ], [ 121.539106067000034, 25.09993839600002 ], [ 121.539417940000021, 25.099673501000041 ], [ 121.54007854200006, 25.099308418000074 ], [ 121.541581426000093, 25.098830361000058 ], [ 121.542579113000116, 25.098464035000056 ], [ 121.54319255300004, 25.098329899000067 ], [ 121.543662485000027, 25.098416101000051 ], [ 121.543929009000067, 25.098788791000054 ], [ 121.544181893000072, 25.098798859000052 ], [ 121.544531386000031, 25.098874502000051 ], [ 121.544801191000047, 25.099129435000062 ], [ 121.544809462000103, 25.099137251000059 ], [ 121.544906754000053, 25.099356697000076 ], [ 121.544884231000097, 25.099708473000064 ], [ 121.544863469, 25.100455891000017 ], [ 121.544831879000071, 25.101478107000041 ], [ 121.544737738000109, 25.101973023000024 ], [ 121.544781207000042, 25.102099065000054 ], [ 121.544847516000118, 25.102291333000029 ], [ 121.54518609600008, 25.102619799000021 ], [ 121.546732797000104, 25.103078927000066 ], [ 121.547380318000023, 25.103271133000074 ], [ 121.548609825000071, 25.10358531300005 ], [ 121.548887489000109, 25.103749136000026 ], [ 121.549322798000063, 25.104165155000025 ], [ 121.549931007000055, 25.104794442000063 ], [ 121.550650232000066, 25.105538578000044 ], [ 121.552588018000051, 25.107351203000061 ], [ 121.553193154000041, 25.108041336000028 ], [ 121.553709158000061, 25.108828159000037 ], [ 121.554041989000083, 25.109367988000017 ], [ 121.554294201000062, 25.109552786000044 ], [ 121.554549378000033, 25.10973975600006 ], [ 121.554969592000035, 25.110131029000051 ], [ 121.555142212000078, 25.110363976000023 ], [ 121.555203411000093, 25.110583550000047 ], [ 121.555192753000028, 25.110891316000046 ], [ 121.55513334200009, 25.111067385000066 ], [ 121.555145736000114, 25.11114426500005 ], [ 121.555303748000028, 25.111473382000035 ], [ 121.555582831000038, 25.111944922000074 ], [ 121.555776729000058, 25.112218950000049 ], [ 121.556055059000073, 25.112525632000018 ], [ 121.556357524000092, 25.112843218000016 ], [ 121.556526844000032, 25.113007432000067 ], [ 121.556624118000059, 25.113215883000066 ], [ 121.556804539000026, 25.113171249000054 ] ] ] } },
{ "type": "Feature", "properties": { "COUNTY": "臺北市", "TOWN": "北投區", "VILLAGE": "長安里", "geo_iid": "臺北市北投區長安里", "size_counts": 1 }, "geometry": { "type": "Polygon", "coordinates": [ [ [ 121.501908853000046, 25.137086938000031 ], [ 121.502029237000102, 25.136952899000036 ], [ 121.502095416000074, 25.136830878000058 ], [ 121.502119609000047, 25.136632884000051 ], [ 121.502126260000068, 25.136221807000023 ], [ 121.502075634000107, 25.136069741000018 ], [ 121.502061576000088, 25.136049168000049 ], [ 121.502053490000094, 25.136019051000055 ], [ 121.502063799000112, 25.135974354000034 ], [ 121.502101897000088, 25.135888080000015 ], [ 121.502150406000041, 25.135779434000018 ], [ 121.502181719000077, 25.13574104100007 ], [ 121.502244449000045, 25.135692971000022 ], [ 121.502366704000124, 25.135663838000024 ], [ 121.502471668000112, 25.135682631000062 ], [ 121.502534917000034, 25.13575898300007 ], [ 121.502544288000081, 25.135775923000033 ], [ 121.502563903, 25.135811382000039 ], [ 121.502621411000064, 25.135960438000033 ], [ 121.502621092000012, 25.135962069000072 ], [ 121.502600710000024, 25.136066587000069 ], [ 121.50261867800009, 25.136153322000041 ], [ 121.502654011000118, 25.136178923000042 ], [ 121.502703370000063, 25.136188397000073 ], [ 121.50276322600007, 25.136181766000039 ], [ 121.502861787000029, 25.136162139000067 ], [ 121.502963815000044, 25.136129653000062 ], [ 121.503094177000108, 25.136135638000031 ], [ 121.503224696000075, 25.136176986000059 ], [ 121.503341148000118, 25.136228023000051 ], [ 121.503429519000065, 25.136301663000037 ], [ 121.503510952000056, 25.136401036000048 ], [ 121.50355276300003, 25.136433969000048 ], [ 121.503592233000063, 25.136465058000052 ], [ 121.503666337000041, 25.136493732000069 ], [ 121.503747339000043, 25.136490242000029 ], [ 121.503884530000065, 25.136441558000051 ], [ 121.50399701500011, 25.136383314000053 ], [ 121.504084964000086, 25.136354080000032 ], [ 121.504201584000043, 25.136355427000058 ], [ 121.50429986000006, 25.136356562000056 ], [ 121.504467310000123, 25.136366319000043 ], [ 121.504560609, 25.136371754000034 ], [ 121.504743785000088, 25.13637113000004 ], [ 121.50486344, 25.136341787000038 ], [ 121.505007327000058, 25.136290158000062 ], [ 121.505065159000083, 25.136366813000045 ], [ 121.505109689000051, 25.136386874000028 ], [ 121.505173780000064, 25.136394977000055 ], [ 121.50532280100002, 25.136379693000027 ], [ 121.505377631000101, 25.136374071000031 ], [ 121.505429995000114, 25.136391725000056 ], [ 121.505449834000061, 25.136447540000056 ], [ 121.505436642000063, 25.136736502000073 ], [ 121.50547251700003, 25.136797538000046 ], [ 121.505539354, 25.136837734000032 ], [ 121.505607716000085, 25.136849298000069 ], [ 121.505642702000031, 25.136855216000065 ], [ 121.505692326000016, 25.136841967000059 ], [ 121.505904457000042, 25.136609396000029 ], [ 121.505928488000123, 25.136593219000073 ], [ 121.505987892, 25.136553231000047 ], [ 121.506056575000116, 25.136536951000032 ], [ 121.506158546000037, 25.136537792000066 ], [ 121.506337800000097, 25.136575226000044 ], [ 121.506452923000083, 25.136595044000035 ], [ 121.506492150000099, 25.136597289000058 ], [ 121.506539128000099, 25.136576916000021 ], [ 121.506604257000049, 25.136519623000023 ], [ 121.506648605000024, 25.136450477000029 ], [ 121.506637214000094, 25.136396984000044 ], [ 121.506647322000035, 25.136206209000072 ], [ 121.506644012000038, 25.136164004000015 ], [ 121.506640700000062, 25.136121799000012 ], [ 121.50654879800004, 25.135975073000044 ], [ 121.506524745000092, 25.135936674000046 ], [ 121.506513643000076, 25.135863603000065 ], [ 121.506481500000064, 25.135757625000043 ], [ 121.506421366000041, 25.135696756000069 ], [ 121.506394751000016, 25.135688026000022 ], [ 121.506304955000033, 25.135658577000068 ], [ 121.506118245000053, 25.135656002000065 ], [ 121.505681418000123, 25.135654269000039 ], [ 121.505533418000013, 25.135645132000029 ], [ 121.505114849000051, 25.135532534000042 ], [ 121.504941536000047, 25.135485910000053 ], [ 121.504919794000088, 25.135480063000038 ], [ 121.504900402000089, 25.135467914000053 ], [ 121.504873875000044, 25.13545129300006 ], [ 121.504824156000041, 25.135351802000056 ], [ 121.504789624000082, 25.135273872000027 ], [ 121.504717487000121, 25.135111073000068 ], [ 121.504713158000072, 25.135102692000025 ], [ 121.504692623000111, 25.135062930000057 ], [ 121.504639560000101, 25.135008464000055 ], [ 121.504544108000118, 25.134925207000034 ], [ 121.50447305200008, 25.134863844000041 ], [ 121.504392088000031, 25.134793926000029 ], [ 121.504109168000014, 25.134524860000042 ], [ 121.503751811000043, 25.134140309000028 ], [ 121.503688758000067, 25.134066296000068 ], [ 121.503656242000034, 25.134028126000025 ], [ 121.503586750000068, 25.133956194000064 ], [ 121.503557182, 25.133925589000057 ], [ 121.50353376300005, 25.133912469000041 ], [ 121.503408893000028, 25.133842511000065 ], [ 121.503253751000116, 25.133807677000043 ], [ 121.502989422000056, 25.133776434000026 ], [ 121.502770999000077, 25.133773961000028 ], [ 121.502535171000105, 25.13381976600003 ], [ 121.502419075000049, 25.133855513000068 ], [ 121.502306448000013, 25.13388161600005 ], [ 121.502260714000059, 25.133894627000071 ], [ 121.501999196000043, 25.13357073100007 ], [ 121.501934912000024, 25.133502166000021 ], [ 121.501921713000115, 25.133488090000064 ], [ 121.501876657000011, 25.13344003200006 ], [ 121.501664875000074, 25.133259117000019 ], [ 121.501648693000121, 25.133245293000058 ], [ 121.501553638000019, 25.133392194000066 ], [ 121.500811922000025, 25.133900686000047 ], [ 121.500332270000044, 25.134224810000028 ], [ 121.499557686000131, 25.134748228000031 ], [ 121.499540465000109, 25.134759801000026 ], [ 121.499090140000021, 25.135062443000034 ], [ 121.498784324000098, 25.135267680000016 ], [ 121.498757460000078, 25.135285707000033 ], [ 121.498298642, 25.135529961000024 ], [ 121.498250137000028, 25.135552478000015 ], [ 121.497901268000078, 25.135714431000046 ], [ 121.497745221000073, 25.135786873000022 ], [ 121.497616244000028, 25.135844567000046 ], [ 121.497166505000109, 25.136045743000064 ], [ 121.497336876000077, 25.13627518700002 ], [ 121.497528628000055, 25.136454868000037 ], [ 121.497680579000075, 25.136568562000026 ], [ 121.49783910500004, 25.136676220000023 ], [ 121.498004092000087, 25.136753813000038 ], [ 121.498241635000127, 25.136855193000024 ], [ 121.498422758000061, 25.136903225000019 ], [ 121.49860587, 25.136940212000063 ], [ 121.49875768000004, 25.13695478600004 ], [ 121.498953067000116, 25.136969214000025 ], [ 121.499079083000083, 25.13697444700005 ], [ 121.499252605000038, 25.13698165300007 ], [ 121.50081246000002, 25.137046422000015 ], [ 121.50103911500004, 25.13705583100004 ], [ 121.50121321000006, 25.137063059000063 ], [ 121.501903832000039, 25.137092528000032 ], [ 121.501908853000046, 25.137086938000031 ] ] ] } },
{ "type": "Feature", "properties": { "COUNTY": "臺北市", "TOWN": "士林區", "VILLAGE": "新安里", "geo_iid": "臺北市士林區新安里", "size_counts": 1 }, "geometry": { "type": "Polygon", "coordinates": [ [ [ 121.554753404000053, 25.137891506000066 ], [ 121.555044339, 25.13779469100006 ], [ 121.555218733000061, 25.137698322000059 ], [ 121.555381174000104, 25.137538180000035 ], [ 121.555469250000115, 25.137471431000044 ], [ 121.555578621000109, 25.137388541000057 ], [ 121.555718189000117, 25.137324208000045 ], [ 121.556113971000059, 25.13721636200005 ], [ 121.556323456000086, 25.137151767000027 ], [ 121.556428978000099, 25.137125079000029 ], [ 121.556707621000101, 25.137054607000035 ], [ 121.557254764000049, 25.136914285000039 ], [ 121.557999786000096, 25.136720040000046 ], [ 121.558026492000081, 25.136708449000022 ], [ 121.558395263000079, 25.136548382000051 ], [ 121.558813634000103, 25.136421503000065 ], [ 121.558999553000049, 25.136163216000046 ], [ 121.559521241000084, 25.135555027000059 ], [ 121.559879038000076, 25.134787926000051 ], [ 121.560258728, 25.133712311000053 ], [ 121.560592238000041, 25.132732593000068 ], [ 121.559355618000041, 25.129897634000031 ], [ 121.55944519500008, 25.129089018000052 ], [ 121.559443841000089, 25.128791796000026 ], [ 121.559440842000072, 25.128132991000026 ], [ 121.559439286000043, 25.127791522000049 ], [ 121.559319452000082, 25.127068767000015 ], [ 121.559141312000051, 25.126335595000054 ], [ 121.558977003000095, 25.126080970000029 ], [ 121.558694898000127, 25.125550264000022 ], [ 121.558344384000051, 25.125349524000047 ], [ 121.557772493000016, 25.125160241000057 ], [ 121.557119321000073, 25.125035073000038 ], [ 121.557072851000044, 25.125031875000051 ], [ 121.557026205000042, 25.125036116000039 ], [ 121.556982386000072, 25.125036116000043 ], [ 121.556925845000023, 25.125031875000044 ], [ 121.55687354500003, 25.125023394000035 ], [ 121.556822658000101, 25.125014914000065 ], [ 121.55675480900004, 25.12500360600005 ], [ 121.556688374000032, 25.124979577000026 ], [ 121.556617698000082, 25.124956960000066 ], [ 121.556582359000117, 25.124941412000052 ], [ 121.556544196000118, 25.124915969000021 ], [ 121.556337821000056, 25.124747761000027 ], [ 121.556319446000089, 25.124727972000066 ], [ 121.556313791000107, 25.124701115000043 ], [ 121.556325100000095, 25.124678499000016 ], [ 121.556353370000011, 25.124654469000053 ], [ 121.556567101000056, 25.124499717000042 ], [ 121.556732167000064, 25.124374739000068 ], [ 121.556933959000034, 25.124225134000028 ], [ 121.557074220000118, 25.124111847000041 ], [ 121.557138955000013, 25.124049808000049 ], [ 121.557209085000068, 25.123960798000038 ], [ 121.557265095000062, 25.123865393000067 ], [ 121.557305182000036, 25.123768712000057 ], [ 121.557387716000108, 25.123601288000025 ], [ 121.55743487600013, 25.123485743000053 ], [ 121.557432519000031, 25.123431507000074 ], [ 121.557416013000079, 25.123374914000056 ], [ 121.557383, 25.12331832000006 ], [ 121.557340553000031, 25.123254652000067 ], [ 121.557291034000045, 25.123200416000024 ], [ 121.557208501000105, 25.123110810000075 ], [ 121.557153205000063, 25.123061691000029 ], [ 121.557112116000098, 25.123032367000057 ], [ 121.557057967000105, 25.122996268000058 ], [ 121.556826601000026, 25.122894534000068 ], [ 121.556779014000099, 25.122863357000025 ], [ 121.556751119000069, 25.122832181000032 ], [ 121.55673085, 25.122790433000031 ], [ 121.556723225000042, 25.122748495000042 ], [ 121.556728147000058, 25.122146290000043 ], [ 121.556739993000065, 25.122089506000059 ], [ 121.556762986000081, 25.122047702000021 ], [ 121.556790338000042, 25.121999858000038 ], [ 121.556814133000103, 25.121940373000022 ], [ 121.556834954000024, 25.121863040000044 ], [ 121.556834954000024, 25.121785708000058 ], [ 121.556822902000022, 25.12142771200006 ], [ 121.556815229000108, 25.121276444000038 ], [ 121.556803172000073, 25.121185463000074 ], [ 121.55678672800002, 25.121121886000015 ], [ 121.556763525000065, 25.121062832000057 ], [ 121.556846123, 25.120521696000019 ], [ 121.556998956000044, 25.119520418000036 ], [ 121.556996565000077, 25.119502504000017 ], [ 121.556977049000011, 25.119356307000022 ], [ 121.556954844000074, 25.119270107000027 ], [ 121.556947895, 25.11922410600004 ], [ 121.556948272000113, 25.119183214000028 ], [ 121.55695665800009, 25.119140093000052 ], [ 121.556964241000074, 25.119101109000034 ], [ 121.556991205000031, 25.119013616000068 ], [ 121.557001496000112, 25.118957473000012 ], [ 121.556991706000076, 25.118911568000033 ], [ 121.556927783000106, 25.118771546000058 ], [ 121.556922063000115, 25.118757370000015 ], [ 121.556920892000107, 25.118746126000076 ], [ 121.55692358500005, 25.118731317000019 ], [ 121.556935029000101, 25.118698331000072 ], [ 121.556947147000088, 25.118618224000048 ], [ 121.556951186000106, 25.118546195000071 ], [ 121.556944453000042, 25.118528693000027 ], [ 121.556936376000081, 25.118515228000028 ], [ 121.556934357000046, 25.118505804000044 ], [ 121.55693300900009, 25.118493688000054 ], [ 121.556933682000036, 25.11847753100005 ], [ 121.556930318000013, 25.118452624000042 ], [ 121.556916180000016, 25.118404156000047 ], [ 121.556898678000039, 25.118362419000043 ], [ 121.556876265000028, 25.11832348700004 ], [ 121.556854563000115, 25.118298510000038 ], [ 121.556849650000117, 25.118289502000032 ], [ 121.556850879000081, 25.118280085000027 ], [ 121.556868076000114, 25.118242415000047 ], [ 121.556868333000011, 25.118233972000034 ], [ 121.556854563000115, 25.118204746000053 ], [ 121.556845557000102, 25.118174447000055 ], [ 121.556839823000018, 25.118095014000055 ], [ 121.556831634000105, 25.118070447000033 ], [ 121.556816992000122, 25.118044817000047 ], [ 121.556777071000056, 25.118015863000036 ], [ 121.556771806000043, 25.118007527000021 ], [ 121.556770050000068, 25.117998753000048 ], [ 121.556774876000091, 25.117957955000065 ], [ 121.556770050000068, 25.117909260000033 ], [ 121.556786722000098, 25.117877674000049 ], [ 121.556789792000018, 25.117871093000073 ], [ 121.556789792000018, 25.117864512000033 ], [ 121.556770836000069, 25.117840220000051 ], [ 121.556732577000048, 25.117806060000071 ], [ 121.556668357000035, 25.117766435000075 ], [ 121.556618793000098, 25.117737816000037 ], [ 121.556579543000097, 25.117707681000066 ], [ 121.556560412000081, 25.117688552000057 ], [ 121.556544017000078, 25.117654393000056 ], [ 121.556527619, 25.117628431000067 ], [ 121.556509856000048, 25.117610668000051 ], [ 121.556496193000029, 25.117579243000019 ], [ 121.556452468000089, 25.117475398000064 ], [ 121.556445637000024, 25.117439872000027 ], [ 121.556415576000077, 25.117382484000071 ], [ 121.556389616000047, 25.117315532000067 ], [ 121.556382784000107, 25.11727317500003 ], [ 121.556388250000055, 25.117245847000042 ], [ 121.556404645000057, 25.117196657000065 ], [ 121.556410111000105, 25.117150199000029 ], [ 121.556438806000074, 25.117085981000056 ], [ 121.556475698000099, 25.117012196000072 ], [ 121.556515323000099, 25.116947976000056 ], [ 121.556530353000085, 25.116912450000026 ], [ 121.556541284000104, 25.116861894000056 ], [ 121.556539751000045, 25.11681068100005 ], [ 121.556522394000027, 25.11674171400005 ], [ 121.556489609000096, 25.11662408800003 ], [ 121.55648636, 25.116620918000017 ], [ 121.555628878000121, 25.115783756000035 ], [ 121.555218194000091, 25.114704407000023 ], [ 121.553993160000132, 25.115081082000067 ], [ 121.553921837000061, 25.115068340000043 ], [ 121.553762949000102, 25.115039954000043 ], [ 121.553647842000032, 25.115019384000043 ], [ 121.55349822800008, 25.114998954000036 ], [ 121.553359920000048, 25.114936482000072 ], [ 121.553255843000102, 25.114810896000051 ], [ 121.552839765000044, 25.114361052000046 ], [ 121.552712921000065, 25.114288048000049 ], [ 121.55256311200003, 25.114225619000013 ], [ 121.55237857800013, 25.114110829000026 ], [ 121.552216947000034, 25.113974968000033 ], [ 121.551928509000049, 25.113776587000068 ], [ 121.551697970000092, 25.113661970000063 ], [ 121.551594084000044, 25.113578378000053 ], [ 121.551433019000115, 25.113568478000047 ], [ 121.55086968500008, 25.113623062000041 ], [ 121.550283486000026, 25.113709228000054 ], [ 121.550405455000046, 25.114064682000048 ], [ 121.550654053000017, 25.114628989000035 ], [ 121.550848797000071, 25.115073703000064 ], [ 121.550911053000064, 25.115238177000037 ], [ 121.550936191000133, 25.115357858000028 ], [ 121.550949183000071, 25.115511284000021 ], [ 121.550957754000024, 25.11559359500005 ], [ 121.550934041000119, 25.115792082000034 ], [ 121.550918703000107, 25.116031704000022 ], [ 121.550919443000112, 25.116196397000063 ], [ 121.550923935000014, 25.116282471000027 ], [ 121.550957165000113, 25.116375932000036 ], [ 121.550985953, 25.116438434000024 ], [ 121.550774062000087, 25.116888262000032 ], [ 121.550543831000041, 25.118021474000038 ], [ 121.550225681000029, 25.118627881000059 ], [ 121.549981090000074, 25.118942609000033 ], [ 121.549784375000044, 25.119501563000025 ], [ 121.549645636000037, 25.119811965000046 ], [ 121.549399925000088, 25.120361695000032 ], [ 121.549370565000117, 25.120427379000031 ], [ 121.54927535700007, 25.120706479000027 ], [ 121.548925649000012, 25.121588043000028 ], [ 121.548592395000014, 25.122557571000065 ], [ 121.547749822000014, 25.124673327000036 ], [ 121.547479943000084, 25.12543722100002 ], [ 121.546987353000091, 25.126730101000074 ], [ 121.546542479000095, 25.127675794000023 ], [ 121.546964093000057, 25.127375402000037 ], [ 121.547153003000062, 25.127342616000071 ], [ 121.5474514550001, 25.127443611000039 ], [ 121.547749792000104, 25.127518352000035 ], [ 121.548651378000045, 25.127728060000027 ], [ 121.549132124000025, 25.126769151000065 ], [ 121.549310228000095, 25.126664697000013 ], [ 121.549715897000041, 25.126629868000059 ], [ 121.549919316000128, 25.126629113000035 ], [ 121.55016931900002, 25.126680041000043 ], [ 121.550475571000121, 25.126616682000069 ], [ 121.550588828000059, 25.126554040000023 ], [ 121.550645032000048, 25.126429381000033 ], [ 121.550928495000107, 25.126345369000031 ], [ 121.551119197000034, 25.126508547000064 ], [ 121.551133636000017, 25.126520902000031 ], [ 121.551055419000036, 25.126801186 ], [ 121.550845152000093, 25.128015305000066 ], [ 121.550799207000068, 25.128324691000039 ], [ 121.550957898000092, 25.12837397100003 ], [ 121.551165947000072, 25.128457988000029 ], [ 121.551483568000108, 25.128606416000018 ], [ 121.551757476000034, 25.128755014000031 ], [ 121.55211364900002, 25.128968136000015 ], [ 121.552398690000032, 25.129161570000061 ], [ 121.552749603000066, 25.129419595000048 ], [ 121.55284090300006, 25.129502238000033 ], [ 121.55289776000005, 25.129553704000049 ], [ 121.552914817000087, 25.129703250000023 ], [ 121.552904517000101, 25.12984293200002 ], [ 121.552828592000083, 25.129972885000026 ], [ 121.552720218000118, 25.13017776200007 ], [ 121.552601229000061, 25.130452503000068 ], [ 121.552482117000082, 25.130702308000014 ], [ 121.552390741000067, 25.13104178300004 ], [ 121.552326447000041, 25.131326295000065 ], [ 121.552230178000059, 25.131795446000066 ], [ 121.552075604000038, 25.132663796000021 ], [ 121.551963532000059, 25.133262683000051 ], [ 121.551936984, 25.133437329000056 ], [ 121.552004875000094, 25.133950765000055 ], [ 121.552016499000047, 25.134105326000043 ], [ 121.552182782000045, 25.134623377000022 ], [ 121.552509900000018, 25.13566447700002 ], [ 121.552648595000065, 25.13612278600004 ], [ 121.552847892000059, 25.136338700000064 ], [ 121.553038531000098, 25.136545235000021 ], [ 121.55329675400003, 25.136848493000052 ], [ 121.553461496000068, 25.13702243200003 ], [ 121.553675982000073, 25.137320860000035 ], [ 121.553890522000074, 25.137629263000058 ], [ 121.554013883000025, 25.137711059000019 ], [ 121.554386630000053, 25.137958216000069 ], [ 121.554753404000053, 25.137891506000066 ] ] ] } },
{ "type": "Feature", "properties": { "COUNTY": "臺北市", "TOWN": "北投區", "VILLAGE": "一德里", "geo_iid": "臺北市北投區一德里", "size_counts": 1 }, "geometry": { "type": "Polygon", "coordinates": [ [ [ 121.476074291000046, 25.141847941000037 ], [ 121.476675037000064, 25.139799899000014 ], [ 121.477259588000038, 25.138008284000012 ], [ 121.477321328000016, 25.137873154000026 ], [ 121.47742899800005, 25.13783815600004 ], [ 121.477539608000043, 25.137842603000021 ], [ 121.477744789000113, 25.137789073000082 ], [ 121.477907793000114, 25.137721269000046 ], [ 121.477944040000011, 25.137562557000017 ], [ 121.478012442000036, 25.137473204000056 ], [ 121.478268993000029, 25.137401351000044 ], [ 121.47835931900012, 25.137364180000077 ], [ 121.478496110000052, 25.137330099000049 ], [ 121.478611892000131, 25.13727712800004 ], [ 121.478690155000095, 25.13709411100006 ], [ 121.478858177000021, 25.136973325000032 ], [ 121.479650952000057, 25.136770336000033 ], [ 121.479682508000124, 25.136619194000041 ], [ 121.479683440000045, 25.136614733000044 ], [ 121.479551345000118, 25.136494916000057 ], [ 121.479539874000025, 25.136494012000064 ], [ 121.479535811000119, 25.136493692000041 ], [ 121.47902321200003, 25.136453309000039 ], [ 121.47899020300008, 25.136450708000027 ], [ 121.47898903600003, 25.136450616000037 ], [ 121.478678477000017, 25.136426149000037 ], [ 121.478671762000104, 25.136425620000058 ], [ 121.478491824000102, 25.136190526000057 ], [ 121.478417676000049, 25.13608014600003 ], [ 121.478522232000046, 25.135887420000067 ], [ 121.478738518000114, 25.13599253000006 ], [ 121.478963351000061, 25.135587791000024 ], [ 121.478999820000013, 25.13548666600007 ], [ 121.478788755000082, 25.13537191700004 ], [ 121.478814524000086, 25.135323534000058 ], [ 121.478929890000032, 25.135106930000056 ], [ 121.478982248000079, 25.135054119000063 ], [ 121.479140249000011, 25.134953162000038 ], [ 121.479410741000038, 25.134783246000037 ], [ 121.480185118000023, 25.133715024000022 ], [ 121.480307985000096, 25.133552925000046 ], [ 121.48037428300006, 25.133344470000051 ], [ 121.480384841000046, 25.133297887000019 ], [ 121.480531448000065, 25.133027925000075 ], [ 121.480541710000011, 25.132907856000024 ], [ 121.480568163000058, 25.132807324000048 ], [ 121.48067513500007, 25.132701629000046 ], [ 121.480763362000062, 25.132608245000021 ], [ 121.480974829000061, 25.132450760000037 ], [ 121.481189108000081, 25.132325125000015 ], [ 121.481475796000041, 25.132179645000054 ], [ 121.481692895000052, 25.132088297000053 ], [ 121.481910091000046, 25.132021444000024 ], [ 121.48208432400007, 25.13195472700005 ], [ 121.482215606000068, 25.131888152000041 ], [ 121.482357523000019, 25.131794592000059 ], [ 121.482494045000081, 25.131693701000074 ], [ 121.482767042000091, 25.131482125000041 ], [ 121.482882113000073, 25.131388653000034 ], [ 121.483007760000092, 25.131253499000021 ], [ 121.483095772000084, 25.131106218000067 ], [ 121.483215831000052, 25.130917185000033 ], [ 121.483282450000047, 25.130792021000047 ], [ 121.483493535000107, 25.130538989000055 ], [ 121.483563081000071, 25.130472614000034 ], [ 121.483662314000085, 25.130450243000041 ], [ 121.483791176000068, 25.130449823000042 ], [ 121.483888107000098, 25.130523002000064 ], [ 121.483995961000119, 25.130642696000042 ], [ 121.484106523000037, 25.130767282000075 ], [ 121.48421450100011, 25.130921271000027 ], [ 121.484279165000103, 25.130979861000064 ], [ 121.48435196700008, 25.13106046800004 ], [ 121.484478721000059, 25.131207046000043 ], [ 121.484581259000052, 25.131341455000033 ], [ 121.484691696000013, 25.131434191000032 ], [ 121.484772475000113, 25.131495172000026 ], [ 121.484815484000023, 25.131509728000019 ], [ 121.484861123000101, 25.131509579000067 ], [ 121.484906704000096, 25.131494732000075 ], [ 121.484938751000087, 25.131452981000049 ], [ 121.485002824000048, 25.131362122000038 ], [ 121.485061553000023, 25.131278636000044 ], [ 121.485125791000087, 25.131229422000047 ], [ 121.485187342, 25.13118022500003 ], [ 121.485262349000095, 25.131138333000017 ], [ 121.485364095000023, 25.131071851000051 ], [ 121.485465785000088, 25.130988216000038 ], [ 121.48549779300005, 25.130936670000036 ], [ 121.48556165400008, 25.130791912000053 ], [ 121.485583037000097, 25.130767340000023 ], [ 121.485631238000124, 25.130737787000037 ], [ 121.485711734, 25.13072772800006 ], [ 121.485736122000063, 25.130730663000058 ], [ 121.485754163000024, 25.130592845000017 ], [ 121.485767446000082, 25.130556050000049 ], [ 121.48580486700007, 25.130516726000042 ], [ 121.485938698000041, 25.130415842000048 ], [ 121.486016246000077, 25.130337196000024 ], [ 121.48604819600007, 25.130270944000063 ], [ 121.486133081000048, 25.130013420000068 ], [ 121.486199454000044, 25.129824562000064 ], [ 121.486276558000114, 25.129635668000034 ], [ 121.4863267180001, 25.129419914000032 ], [ 121.48635068100009, 25.129370841000018 ], [ 121.486390587000074, 25.129277613000053 ], [ 121.486395593000111, 25.129186946000058 ], [ 121.486385361000089, 25.128635755000055 ], [ 121.486387497, 25.128496103000028 ], [ 121.486382960000014, 25.128028196000056 ], [ 121.486393139000029, 25.127886070000038 ], [ 121.486424477, 25.12766547600005 ], [ 121.486447763000129, 25.127442453000064 ], [ 121.486474161000032, 25.127332133000031 ], [ 121.48656418600001, 25.127018249000056 ], [ 121.486622253000078, 25.126765717000058 ], [ 121.486656810000113, 25.12667985500007 ], [ 121.486704180000046, 25.12660621000003 ], [ 121.486680300000103, 25.126510736000053 ], [ 121.486623603000126, 25.126427631000062 ], [ 121.486564355000056, 25.126381277000053 ], [ 121.486421877000112, 25.126330295000056 ], [ 121.485228759000051, 25.126023076000017 ], [ 121.484745259000078, 25.125948717000028 ], [ 121.48430236600008, 25.12587630900002 ], [ 121.484275177000086, 25.125871863000036 ], [ 121.48378346100003, 25.125755871000017 ], [ 121.483205868000042, 25.125645070000072 ], [ 121.482241340000087, 25.125439975000063 ], [ 121.481467384000098, 25.125226896000068 ], [ 121.481263150000032, 25.125171215000019 ], [ 121.480900440000013, 25.125099168000073 ], [ 121.480559277000097, 25.125031399000072 ], [ 121.480247628000029, 25.124966272000037 ], [ 121.479796172000079, 25.124847689000028 ], [ 121.479041082000094, 25.124654136000057 ], [ 121.478979342000116, 25.124654336000049 ], [ 121.478909653000073, 25.124681511000059 ], [ 121.478885716000022, 25.12473793200007 ], [ 121.478850973000036, 25.124777243000032 ], [ 121.478805431000083, 25.124801892000047 ], [ 121.478708917000077, 25.124834056000051 ], [ 121.478515833000074, 25.124883675000032 ], [ 121.478389730000117, 25.12490122600007 ], [ 121.478292883000108, 25.124847651000032 ], [ 121.478067171000021, 25.124792037000063 ], [ 121.477215344000129, 25.124569390000026 ], [ 121.476390581000047, 25.124403005000023 ], [ 121.475839732000068, 25.124265141000016 ], [ 121.475521412000049, 25.124179251000044 ], [ 121.475337226000079, 25.124129555000017 ], [ 121.475170607000123, 25.12408110300003 ], [ 121.475141075000025, 25.124081198000052 ], [ 121.475106237000091, 25.124096007000038 ], [ 121.475076744000035, 25.124103451000042 ], [ 121.475001547000048, 25.124096343000076 ], [ 121.474741102000053, 25.124082481000062 ], [ 121.474684425000092, 25.124001818000053 ], [ 121.47462487100006, 25.123874613000048 ], [ 121.474605749000034, 25.123788926000021 ], [ 121.474610576000046, 25.123646809000032 ], [ 121.474652496000104, 25.12337964500005 ], [ 121.474665621000099, 25.123303659000037 ], [ 121.474630176000133, 25.123161679000077 ], [ 121.47458398400012, 25.123017280000056 ], [ 121.474494607000125, 25.122811772000027 ], [ 121.474439364000105, 25.122649329000062 ], [ 121.474436060000031, 25.122639614000029 ], [ 121.473269438000116, 25.12271434400002 ], [ 121.469548323000026, 25.122988336000041 ], [ 121.468762554000023, 25.123053984000016 ], [ 121.466858171000027, 25.123213072000048 ], [ 121.466694759000021, 25.123226722000023 ], [ 121.466394411000024, 25.123248597000032 ], [ 121.465911052000024, 25.123283800000014 ], [ 121.465612038000032, 25.123333897000055 ], [ 121.465343159000113, 25.123443972000072 ], [ 121.465164137000087, 25.123575603000063 ], [ 121.465038939000024, 25.12370161200004 ], [ 121.464985393000021, 25.12378370000004 ], [ 121.464536964000089, 25.123976620000057 ], [ 121.464322639000088, 25.124068825000041 ], [ 121.464370025000107, 25.124088837000041 ], [ 121.464530118000084, 25.124156449000047 ], [ 121.464596910000054, 25.124170313000036 ], [ 121.464744320000023, 25.124217565000038 ], [ 121.464826194000025, 25.124255523000041 ], [ 121.464822311000034, 25.124310563000044 ], [ 121.464767990000027, 25.124372413000046 ], [ 121.464730094000075, 25.124413645000057 ], [ 121.464663093000027, 25.124515610000049 ], [ 121.464630214000067, 25.124571749000037 ], [ 121.464587251000012, 25.124625593000072 ], [ 121.464569485000084, 25.124688646000031 ], [ 121.464559339000076, 25.124721891000029 ], [ 121.464600801000074, 25.124798781000031 ], [ 121.464643428000059, 25.124927297000049 ], [ 121.464687302000016, 25.12506498100003 ], [ 121.464704874000063, 25.125105136000055 ], [ 121.464714735000015, 25.125227879000068 ], [ 121.464727123000102, 25.125348309000053 ], [ 121.464720638000017, 25.125446917000026 ], [ 121.464735660000073, 25.125505436000019 ], [ 121.464719040000091, 25.125632701000015 ], [ 121.464709921, 25.12579210300003 ], [ 121.464700997, 25.125845992000052 ], [ 121.464671702000047, 25.126008806000065 ], [ 121.464656485000106, 25.126056946000055 ], [ 121.464620966000098, 25.126177310000056 ], [ 121.464605715000062, 25.126243805000055 ], [ 121.464530791, 25.126539582000078 ], [ 121.464518054000123, 25.126611810000032 ], [ 121.464473668000096, 25.126753962000059 ], [ 121.464450899000113, 25.12679406300003 ], [ 121.464422999000021, 25.126884621000038 ], [ 121.464396252000029, 25.127032521000046 ], [ 121.464355434000041, 25.127291654000025 ], [ 121.464330034000099, 25.127394826000053 ], [ 121.464318591000065, 25.127447567000043 ], [ 121.464298187000054, 25.127573690000069 ], [ 121.464309376000074, 25.127658572000026 ], [ 121.464339456000047, 25.127754943000063 ], [ 121.46436704100006, 25.127836416000033 ], [ 121.464399671000038, 25.127916744000053 ], [ 121.464449896000019, 25.128026920000018 ], [ 121.464522790000061, 25.128150890000018 ], [ 121.464666233000116, 25.128300187000029 ], [ 121.464741596000067, 25.128453980000074 ], [ 121.464769038000099, 25.128613437000059 ], [ 121.464806428000088, 25.128848600000016 ], [ 121.464826494, 25.128905965000055 ], [ 121.464869178000072, 25.129004652000042 ], [ 121.464893052000093, 25.129048272000027 ], [ 121.464935696000111, 25.129167607000053 ], [ 121.464958252000088, 25.129243335000062 ], [ 121.465005852000118, 25.129409700000046 ], [ 121.46503957100002, 25.129582916000057 ], [ 121.465062178000039, 25.129632271000048 ], [ 121.465112338000054, 25.129777980000018 ], [ 121.465131185000033, 25.129814720000066 ], [ 121.465183897000088, 25.129942094000054 ], [ 121.465191402000073, 25.129975366000046 ], [ 121.465231483000025, 25.130118786000018 ], [ 121.465275339000073, 25.130264496000045 ], [ 121.465294119000092, 25.130336780000047 ], [ 121.465326706000056, 25.13044119400007 ], [ 121.465339193000091, 25.130506581000066 ], [ 121.465368007000052, 25.130607533000038 ], [ 121.465391747, 25.130724553000043 ], [ 121.465432907000036, 25.130965445000065 ], [ 121.46546426000009, 25.131056095000076 ], [ 121.465509312000108, 25.131240804000068 ], [ 121.46554939900011, 25.131379637000062 ], [ 121.465609601000097, 25.131549465000031 ], [ 121.465713993, 25.131686083000027 ], [ 121.465759275000096, 25.131743496000066 ], [ 121.465861265000072, 25.131814738000056 ], [ 121.465911597000058, 25.131867584000069 ], [ 121.465970737000035, 25.131930747000066 ], [ 121.466032410000025, 25.131985889000067 ], [ 121.466130555000063, 25.132092688000053 ], [ 121.466213583000012, 25.132190308000066 ], [ 121.466239943000133, 25.132255686000054 ], [ 121.466283882000084, 25.132358984000053 ], [ 121.466364372000044, 25.132466904000065 ], [ 121.466431040000089, 25.132548435000036 ], [ 121.466515313000059, 25.132656361000038 ], [ 121.466600821000029, 25.132779199000016 ], [ 121.466711616000111, 25.132863080000043 ], [ 121.466881709000077, 25.132921823000057 ], [ 121.466947192000021, 25.132963190000044 ], [ 121.467023994000115, 25.133019510000043 ], [ 121.467064184000051, 25.13310443600005 ], [ 121.467101907000043, 25.133160697000047 ], [ 121.467145968000068, 25.133196302000041 ], [ 121.467208935000031, 25.133235390000028 ], [ 121.46727943100008, 25.13329397700004 ], [ 121.467336077000041, 25.133341078000047 ], [ 121.467401535, 25.133397379000023 ], [ 121.46749842700001, 25.133500734000044 ], [ 121.467582760000042, 25.133576554000058 ], [ 121.467667064000025, 25.133668419000053 ], [ 121.467724946000104, 25.133731587000053 ], [ 121.467818025000057, 25.133849841000025 ], [ 121.467873362000091, 25.133925617000035 ], [ 121.467936243000054, 25.134012882000025 ], [ 121.46799025700011, 25.134123036000055 ], [ 121.46802669200008, 25.13419190300004 ], [ 121.468192953000084, 25.134280457000038 ], [ 121.468272269000082, 25.134343665000063 ], [ 121.468337691000102, 25.13441829200007 ], [ 121.468391699000122, 25.134531911000057 ], [ 121.468446907000043, 25.134679930000054 ], [ 121.468451713000036, 25.134811825000039 ], [ 121.468421351000075, 25.134865682000047 ], [ 121.468705455000077, 25.135325992000045 ], [ 121.468794759000048, 25.135443100000032 ], [ 121.468863974000101, 25.135514309000026 ], [ 121.468957069000126, 25.135626838000061 ], [ 121.4690854790001, 25.135731383000056 ], [ 121.46917236600008, 25.135791153000067 ], [ 121.46921390600005, 25.135826754000043 ], [ 121.469378848000034, 25.135949717000067 ], [ 121.469425452000124, 25.135975020000043 ], [ 121.469543834000092, 25.136047437000052 ], [ 121.469755481000121, 25.136138347000038 ], [ 121.46987515100011, 25.136195864000051 ], [ 121.470006149000028, 25.136263718000066 ], [ 121.470200128000101, 25.136366067000029 ], [ 121.470352535000075, 25.136448858000044 ], [ 121.470549020000021, 25.136559251000044 ], [ 121.470603151000091, 25.136604047000045 ], [ 121.470740443000068, 25.136675345000057 ], [ 121.470810965000055, 25.136726749000037 ], [ 121.470915470000037, 25.136802925000033 ], [ 121.470963304000051, 25.136845405000024 ], [ 121.471060273000035, 25.136908635000051 ], [ 121.471109410000054, 25.136928214000012 ], [ 121.471210138000075, 25.137002889000026 ], [ 121.471260514000051, 25.137033931000069 ], [ 121.471402795000017, 25.137139638000054 ], [ 121.47150472400007, 25.13724874200005 ], [ 121.471576493000043, 25.137301608000026 ], [ 121.471629348000093, 25.137357874000031 ], [ 121.471667112000077, 25.137391184000016 ], [ 121.471753934000049, 25.137486505000023 ], [ 121.471772789000056, 25.137519787000027 ], [ 121.471864628000063, 25.137631160000062 ], [ 121.471964059, 25.137728790000036 ], [ 121.471985364000048, 25.137799925000014 ], [ 121.472055827000077, 25.137879174000027 ], [ 121.472137468000028, 25.138053608000057 ], [ 121.472238004000019, 25.138237231000055 ], [ 121.472279294000018, 25.138416216000049 ], [ 121.472296649000086, 25.138582531000054 ], [ 121.472335470000075, 25.138731677000063 ], [ 121.472407001000064, 25.138919863000069 ], [ 121.472489953000022, 25.13906678200004 ], [ 121.472600576000104, 25.139251576000046 ], [ 121.472671002000084, 25.139351455000046 ], [ 121.472799385000044, 25.139475506000046 ], [ 121.472917687000077, 25.139596094000062 ], [ 121.473024607000085, 25.139737321000034 ], [ 121.473174417000109, 25.139864822000039 ], [ 121.473256281000104, 25.139915398000024 ], [ 121.473340678000113, 25.139960250000058 ], [ 121.473408670000012, 25.140011954000041 ], [ 121.473629050000127, 25.140160213000051 ], [ 121.473691994000092, 25.140215351000045 ], [ 121.473804077000068, 25.140290070000038 ], [ 121.473972816000014, 25.140409567000056 ], [ 121.474100016000079, 25.140490032000045 ], [ 121.474162952000029, 25.140549769000071 ], [ 121.474303911000106, 25.140693313000035 ], [ 121.474405857000093, 25.140795528000059 ], [ 121.474545643000056, 25.140890921000047 ], [ 121.474697993000063, 25.141011572000014 ], [ 121.474861666000038, 25.141147135000036 ], [ 121.47495731000005, 25.141249341000037 ], [ 121.475017714000046, 25.14131594600007 ], [ 121.475069235000092, 25.141414655000059 ], [ 121.475100663000049, 25.141467449000057 ], [ 121.475167314000032, 25.141568477000071 ], [ 121.47520502600004, 25.141632752000074 ], [ 121.475296886000024, 25.141737255000063 ], [ 121.475353446000099, 25.141838259000046 ], [ 121.475396229, 25.141888787000013 ], [ 121.475500626000098, 25.14203344100002 ], [ 121.475543422000101, 25.142075933000047 ], [ 121.475587462000021, 25.142126458000053 ], [ 121.475659227000037, 25.142186201000065 ], [ 121.475718407000045, 25.142231013000064 ], [ 121.475824184000103, 25.142310301000055 ], [ 121.475878339000019, 25.142344795000035 ], [ 121.475920685, 25.142371616000041 ], [ 121.476074291000046, 25.141847941000037 ] ] ] } },
{ "type": "Feature", "properties": { "COUNTY": "臺北市", "TOWN": "士林區", "VILLAGE": "天母里", "geo_iid": "臺北市士林區天母里", "size_counts": 1 }, "geometry": { "type": "Polygon", "coordinates": [ [ [ 121.542381155000058, 25.142451952000037 ], [ 121.542393068000024, 25.142386798000068 ], [ 121.542397888000082, 25.142361974000032 ], [ 121.542501391000073, 25.141854552000034 ], [ 121.542456649000087, 25.141654374000037 ], [ 121.542382473000089, 25.141414243000035 ], [ 121.542513185000075, 25.141089444000041 ], [ 121.542556396, 25.141066363000039 ], [ 121.542935129000071, 25.140744437000023 ], [ 121.543153389000054, 25.140503230000029 ], [ 121.543254854000111, 25.14030252700007 ], [ 121.543325891000123, 25.139834817000061 ], [ 121.54342752200013, 25.139674172000067 ], [ 121.543499749000034, 25.139473576000054 ], [ 121.543484352000064, 25.139300008000074 ], [ 121.543293986000108, 25.139233926000024 ], [ 121.542797226000047, 25.139315883000041 ], [ 121.542606093000032, 25.139076188000043 ], [ 121.542648425000053, 25.138728781000047 ], [ 121.542588761000047, 25.138461891000066 ], [ 121.542134928000124, 25.138329994000053 ], [ 121.541724535000085, 25.137880715000044 ], [ 121.541294286000024, 25.137856307000035 ], [ 121.54112115800001, 25.137841756000046 ], [ 121.541050762000069, 25.13779491900004 ], [ 121.541007664000063, 25.137766245 ], [ 121.540784247000033, 25.137666844000016 ], [ 121.540510865000087, 25.137558506000055 ], [ 121.540350936000095, 25.137516577000039 ], [ 121.539924656000039, 25.137451318000043 ], [ 121.539658210000084, 25.137406735000067 ], [ 121.539378402000011, 25.137350050000055 ], [ 121.539055270000063, 25.137281378000065 ], [ 121.538815081000038, 25.13715166400004 ], [ 121.538567653000101, 25.136888343000059 ], [ 121.53843386800007, 25.13674001500004 ], [ 121.538300094000093, 25.136591684000049 ], [ 121.538222966000049, 25.136458342000015 ], [ 121.538192496000065, 25.136340006000058 ], [ 121.538148998000125, 25.136285500000035 ], [ 121.538128838000034, 25.136243051000061 ], [ 121.537985423, 25.136173724000042 ], [ 121.537802254000098, 25.136144020000064 ], [ 121.537592365, 25.136093152000047 ], [ 121.537439040000109, 25.136039044000025 ], [ 121.537302325000027, 25.135981843000025 ], [ 121.537068529000067, 25.135791363000056 ], [ 121.537047481000073, 25.135545446000037 ], [ 121.537070418000113, 25.135463361000063 ], [ 121.537702513000113, 25.135409434000046 ], [ 121.537991474, 25.135381764000037 ], [ 121.53806511400002, 25.135374712000036 ], [ 121.538537549000011, 25.13533958000005 ], [ 121.5392228380001, 25.135276345000019 ], [ 121.539684886000032, 25.135150145000061 ], [ 121.539883682000095, 25.134948973000053 ], [ 121.540119704000062, 25.134887372000037 ], [ 121.540349249000087, 25.134868315000048 ], [ 121.540744258000018, 25.134633021000063 ], [ 121.541052633000064, 25.134376782000057 ], [ 121.541132190000098, 25.134306632000051 ], [ 121.541171886000043, 25.134251814000031 ], [ 121.541301566000016, 25.134227045000042 ], [ 121.541457861000026, 25.134199145000014 ], [ 121.541550922000056, 25.134171468000023 ], [ 121.541594031000045, 25.134134866000064 ], [ 121.54166698500002, 25.134076901000068 ], [ 121.541776568000046, 25.134021826000033 ], [ 121.541862881000043, 25.133972922000044 ], [ 121.54195922200006, 25.133933089000035 ], [ 121.542062125000029, 25.133875006000036 ], [ 121.542118476000027, 25.133823168000035 ], [ 121.542191440000011, 25.133765204000035 ], [ 121.542264569000054, 25.13374670800005 ], [ 121.542271859000024, 25.133745695000069 ], [ 121.542354375000059, 25.133734237000045 ], [ 121.542467440000109, 25.133715595000069 ], [ 121.542553847000022, 25.133687949000031 ], [ 121.542640214000016, 25.133651187000044 ], [ 121.542693299, 25.133614547000036 ], [ 121.542730089000088, 25.133582426000029 ], [ 121.542727936, 25.133579208000068 ], [ 121.542526278000082, 25.133277790000022 ], [ 121.542404755, 25.133096149000028 ], [ 121.542076490000113, 25.132605488000014 ], [ 121.541768123000111, 25.132108536000022 ], [ 121.541707621000128, 25.131972093000051 ], [ 121.541520657000078, 25.131836111000034 ], [ 121.53992623000012, 25.12872596600004 ], [ 121.539438249000114, 25.12586330900006 ], [ 121.539299893, 25.12553631500003 ], [ 121.539302679000116, 25.125411800000045 ], [ 121.539365561000082, 25.125332604000043 ], [ 121.539435336000111, 25.125308056000044 ], [ 121.539515207000022, 25.125310797000051 ], [ 121.539621994000072, 25.125377225000022 ], [ 121.539718717000028, 25.125428504000062 ], [ 121.539778731000069, 25.125452579000065 ], [ 121.539928510000109, 25.125461141000063 ], [ 121.540121606000085, 25.125478664000067 ], [ 121.540208248000113, 25.125505676000035 ], [ 121.540271720000078, 25.125563151000041 ], [ 121.540348638000083, 25.125647906000033 ], [ 121.540418868000089, 25.125726616000065 ], [ 121.540505576000086, 25.12576881200004 ], [ 121.54057226000009, 25.125798939000045 ], [ 121.540675196000052, 25.125746940000045 ], [ 121.540764291000087, 25.125576538000068 ], [ 121.540866530000017, 25.125366607000036 ], [ 121.540895864000049, 25.125226802000039 ], [ 121.540908598000101, 25.125096166000041 ], [ 121.540904888000114, 25.125008103000017 ], [ 121.540836351000053, 25.124558879000062 ], [ 121.540819002000035, 25.124397972000047 ], [ 121.540848376000099, 25.124267277000051 ], [ 121.540897453000071, 25.124075768000051 ], [ 121.540929649000077, 25.123829648000019 ], [ 121.540942369000049, 25.123695978000047 ], [ 121.540934636000102, 25.123453047000051 ], [ 121.54092740800003, 25.123322483000031 ], [ 121.54090372600001, 25.123234493000034 ], [ 121.540880059000074, 25.123149546000025 ], [ 121.540873004000105, 25.123058461000021 ], [ 121.540869205000035, 25.122952180000024 ], [ 121.540881977000041, 25.122830644000025 ], [ 121.540911642000083, 25.122763728000042 ], [ 121.540994229000049, 25.122626761000046 ], [ 121.541268946000059, 25.12229167800006 ], [ 121.541397631000109, 25.122107061000055 ], [ 121.541411142000015, 25.122087678000067 ], [ 121.541586776000031, 25.12192 ], [ 121.541742560000102, 25.121779732000039 ], [ 121.541858463000054, 25.121651752000041 ], [ 121.54190815700008, 25.121602973000044 ], [ 121.541907166000101, 25.121378244000017 ], [ 121.541703285000054, 25.121175508000071 ], [ 121.541675377000061, 25.121095123000032 ], [ 121.54165273600006, 25.12102991000005 ], [ 121.541439583000056, 25.12089247100004 ], [ 121.541442976000098, 25.120879064000054 ], [ 121.54151227400007, 25.120605333000064 ], [ 121.541483572000075, 25.120386068000069 ], [ 121.540907134000022, 25.119645678000037 ], [ 121.540229496000066, 25.119015345000026 ], [ 121.540062651000099, 25.118914696000044 ], [ 121.539840373000061, 25.11882269900007 ], [ 121.539580377000121, 25.118562088000026 ], [ 121.539135232000021, 25.118243080000063 ], [ 121.53893701100003, 25.118155020000071 ], [ 121.539093523000034, 25.118267617000072 ], [ 121.539309870000011, 25.118628697000066 ], [ 121.539332985000101, 25.118874887000057 ], [ 121.539366466000047, 25.118975291000016 ], [ 121.539301222000077, 25.119166515000067 ], [ 121.539280323000085, 25.119422922000059 ], [ 121.539286555000103, 25.119588753000066 ], [ 121.539320278000105, 25.119744443000052 ], [ 121.539348609000058, 25.11992527000006 ], [ 121.539310285000056, 25.119975677000063 ], [ 121.539310726000039, 25.120076192000045 ], [ 121.539378417000094, 25.120442842000038 ], [ 121.53939190500013, 25.121074147000051 ], [ 121.539392269000032, 25.121091153000055 ], [ 121.539346736000084, 25.123200873000023 ], [ 121.538496846000044, 25.123197077000032 ], [ 121.53765951000004, 25.123263929000064 ], [ 121.537284305000071, 25.123328749000041 ], [ 121.536988172000065, 25.123452513000068 ], [ 121.53678985900001, 25.123685920000064 ], [ 121.536615137000027, 25.124012309000012 ], [ 121.536421610000048, 25.124279534000028 ], [ 121.536366496000028, 25.124398189000026 ], [ 121.536404784000069, 25.124673043000026 ], [ 121.5363951060001, 25.124734868000068 ], [ 121.536380829000109, 25.124826072000076 ], [ 121.536260312000095, 25.125110230000072 ], [ 121.536162643, 25.125290276000044 ], [ 121.536180421000026, 25.125309588000039 ], [ 121.5364750130001, 25.125629608000043 ], [ 121.536454586000104, 25.125698249000031 ], [ 121.536509371000079, 25.125785531000076 ], [ 121.536401155000021, 25.126237223000022 ], [ 121.536318573000017, 25.126235906000026 ], [ 121.536237635000035, 25.12623187500003 ], [ 121.536080244000118, 25.126158596000039 ], [ 121.535789263000083, 25.126011961000071 ], [ 121.535617573000081, 25.12593439100004 ], [ 121.535465037000108, 25.125882814000072 ], [ 121.535307779000036, 25.125839951000042 ], [ 121.535175240000058, 25.125828334000055 ], [ 121.535164935000012, 25.125827430000065 ], [ 121.535112895000111, 25.125901467000059 ], [ 121.534860411000054, 25.12585025300006 ], [ 121.534715100000085, 25.125813373000021 ], [ 121.534455381000043, 25.125747460000067 ], [ 121.534393380000097, 25.125717277000032 ], [ 121.534317194000096, 25.125668386000019 ], [ 121.534197669000037, 25.125591682000046 ], [ 121.533868343000094, 25.125380342000025 ], [ 121.533718748000069, 25.125288399000052 ], [ 121.533615398000052, 25.125224881000058 ], [ 121.533263145000092, 25.124993273000012 ], [ 121.533114711000039, 25.124903736000071 ], [ 121.533016298, 25.124839467000069 ], [ 121.532796083000122, 25.124714821000044 ], [ 121.532763506000052, 25.124696382000018 ], [ 121.532672679000029, 25.12446089400003 ], [ 121.532620278000067, 25.124325034000037 ], [ 121.532443060000105, 25.123859491000072 ], [ 121.532129600000076, 25.123036037000066 ], [ 121.532125409000074, 25.123025026000043 ], [ 121.531900627000027, 25.122434520000066 ], [ 121.531769738000108, 25.122090671000016 ], [ 121.531679450000055, 25.121853480000023 ], [ 121.531541116000085, 25.121490074000057 ], [ 121.530715979000092, 25.121747669000047 ], [ 121.529993559000118, 25.121976954000043 ], [ 121.529353267000047, 25.122180170000032 ], [ 121.529336090000015, 25.122181370000071 ], [ 121.5291048160001, 25.122197551000045 ], [ 121.528953021, 25.122210128000059 ], [ 121.528688052, 25.122228551000028 ], [ 121.528657434000024, 25.122230704000053 ], [ 121.528627157000088, 25.122233617000056 ], [ 121.528589521000058, 25.122238466000049 ], [ 121.528542665000032, 25.122247950000027 ], [ 121.528496895000103, 25.122261115000065 ], [ 121.528452562000098, 25.122277862000029 ], [ 121.528409999000033, 25.122298064000063 ], [ 121.528369533000031, 25.122321564000057 ], [ 121.528331469000022, 25.12234818600006 ], [ 121.52829610000002, 25.122377728000057 ], [ 121.528263694000088, 25.122409963000049 ], [ 121.528260062000072, 25.122413952000038 ], [ 121.528226749000055, 25.122461450000056 ], [ 121.528201048000028, 25.122489599000051 ], [ 121.528163587000108, 25.12249276700004 ], [ 121.527687292000124, 25.122219963000074 ], [ 121.52752952600008, 25.122129601000033 ], [ 121.527479417000109, 25.12217313200005 ], [ 121.527370765000114, 25.122247476000034 ], [ 121.527122476000045, 25.122337610000038 ], [ 121.526783973000065, 25.122239362000062 ], [ 121.52675109200004, 25.122395032000039 ], [ 121.526684990000021, 25.122617120000015 ], [ 121.526491506000085, 25.123107416000032 ], [ 121.526366365000058, 25.123291636000022 ], [ 121.526351821000063, 25.12331304700006 ], [ 121.526397203000101, 25.123390074000039 ], [ 121.52640737600008, 25.123402555000034 ], [ 121.526531097000088, 25.123554359000025 ], [ 121.52663252900004, 25.123602462000061 ], [ 121.526744660000077, 25.123660214000036 ], [ 121.526942033000083, 25.12371766100005 ], [ 121.527091354000063, 25.123751045000052 ], [ 121.527299217000063, 25.123769699000025 ], [ 121.527618818000064, 25.123754026000018 ], [ 121.527981125000096, 25.123757584000028 ], [ 121.528252920000099, 25.123776005000021 ], [ 121.528508837000118, 25.123818707000048 ], [ 121.528706170000078, 25.123866464000049 ], [ 121.528850186000113, 25.123904717000062 ], [ 121.529021024000031, 25.123986498000068 ], [ 121.529224017000047, 25.124111756000048 ], [ 121.529354606000084, 25.124184798000037 ], [ 121.529504328000044, 25.124265785000023 ], [ 121.529572899000073, 25.124331532000038 ], [ 121.529607405000093, 25.124416807000038 ], [ 121.529655200000107, 25.124614619000052 ], [ 121.529681855000021, 25.124859076000053 ], [ 121.529725664, 25.125122881000035 ], [ 121.52973493200011, 25.125293649000064 ], [ 121.529735834, 25.125326726000022 ], [ 121.529736741000079, 25.12535997600002 ], [ 121.529744977000064, 25.12566181000005 ], [ 121.529775786000073, 25.125879075000046 ], [ 121.529780770000116, 25.126045986000054 ], [ 121.529789821000023, 25.126166289000018 ], [ 121.529820096000108, 25.126259350000048 ], [ 121.529888785000011, 25.12635226400004 ], [ 121.529961523000097, 25.126394695000037 ], [ 121.530311977000125, 25.126506029000037 ], [ 121.530593994000029, 25.12658265900005 ], [ 121.530709444000095, 25.126632714000039 ], [ 121.530880580000044, 25.12672914400002 ], [ 121.531004752000072, 25.126821865000064 ], [ 121.531099165000114, 25.126941861000027 ], [ 121.531142279000051, 25.127042640000063 ], [ 121.531164471000011, 25.127127143000049 ], [ 121.531207620000046, 25.127235685000063 ], [ 121.531323757000123, 25.12744488100002 ], [ 121.531358419000057, 25.127565091000061 ], [ 121.531380328000083, 25.127697001000051 ], [ 121.531406839000056, 25.127906520000064 ], [ 121.531412296000113, 25.128182116000058 ], [ 121.531417266000076, 25.128345144000033 ], [ 121.531375173000029, 25.128481149000024 ], [ 121.531316054000058, 25.12862886900006 ], [ 121.531265789000031, 25.128799188000066 ], [ 121.531240950000097, 25.12897785500007 ], [ 121.531215875000044, 25.129102160000055 ], [ 121.531204257000013, 25.129377817000023 ], [ 121.531201763000013, 25.12978929400002 ], [ 121.531198246000031, 25.129963993000043 ], [ 121.531190244000058, 25.130088235000066 ], [ 121.531169724000051, 25.13027852000004 ], [ 121.531085551000047, 25.130576936000065 ], [ 121.531056208000109, 25.130701257000048 ], [ 121.531040156000017, 25.130938101000023 ], [ 121.530997941000024, 25.131046950000034 ], [ 121.530938656000103, 25.131155860000028 ], [ 121.530889026000068, 25.131524806000066 ], [ 121.530822171000068, 25.131858882000063 ], [ 121.530801607000072, 25.13204446200006 ], [ 121.530841123000073, 25.132300518000015 ], [ 121.53088850600011, 25.132401273000021 ], [ 121.531017473000034, 25.132614320000069 ], [ 121.531185088000015, 25.132881563000065 ], [ 121.531206763000114, 25.132959117000034 ], [ 121.531080171000099, 25.133297289000033 ], [ 121.531072468000062, 25.133459235000029 ], [ 121.531086242000029, 25.133684326000033 ], [ 121.531086793000114, 25.133812432000067 ], [ 121.531048712000029, 25.133890209000064 ], [ 121.530976352000039, 25.133937053000064 ], [ 121.530844352000031, 25.13401127600002 ], [ 121.53067817200008, 25.134077857000015 ], [ 121.530473594000128, 25.134148468000028 ], [ 121.530388445000085, 25.134199240000033 ], [ 121.530350380000087, 25.134280882000041 ], [ 121.530333757000122, 25.134385755000032 ], [ 121.530363952000016, 25.134459406000072 ], [ 121.530463690000033, 25.134823943000065 ], [ 121.530516171000059, 25.135086714000064 ], [ 121.530538579000122, 25.135335087000037 ], [ 121.53055253400008, 25.135602884000033 ], [ 121.530553267000087, 25.135773676000031 ], [ 121.530575093000039, 25.135886176000035 ], [ 121.530620394000053, 25.135977128000029 ], [ 121.53063106500008, 25.135998554000018 ], [ 121.530640622000078, 25.136007466000017 ], [ 121.530759633000116, 25.136118438000032 ], [ 121.530956848000088, 25.136319586000063 ], [ 121.531022182000015, 25.136427055000059 ], [ 121.531065317000071, 25.136531707000064 ], [ 121.531078623000084, 25.136648120000064 ], [ 121.531126310000118, 25.136818751000074 ], [ 121.531203761000043, 25.13696210900002 ], [ 121.531298234000019, 25.137093749000027 ], [ 121.531426872000125, 25.137229159000064 ], [ 121.531516878000048, 25.137314230000058 ], [ 121.531619471000113, 25.137348802000066 ], [ 121.531790245000039, 25.137355949000032 ], [ 121.53196078100008, 25.137308753000056 ], [ 121.532127018000097, 25.137253806000039 ], [ 121.532242081000064, 25.137210701000065 ], [ 121.532425709000108, 25.137229449000067 ], [ 121.532549781000057, 25.137294989000043 ], [ 121.532776595000087, 25.137430051000017 ], [ 121.532870536000019, 25.137437479000017 ], [ 121.532985751000069, 25.137429297000036 ], [ 121.533044792000041, 25.137435049000022 ], [ 121.533139482000024, 25.137444274000064 ], [ 121.533199342000103, 25.137467350000062 ], [ 121.53324218000013, 25.137466835000048 ], [ 121.533270811000079, 25.137476228000015 ], [ 121.533352206000018, 25.13752208600004 ], [ 121.533421835000013, 25.13757547800002 ], [ 121.533454039000048, 25.137600173000063 ], [ 121.533489822000092, 25.137660043000039 ], [ 121.533537423000098, 25.137781841000042 ], [ 121.533538363000062, 25.13778846700006 ], [ 121.533558361000019, 25.137929445000047 ], [ 121.533574103000078, 25.138049380000041 ], [ 121.533635521000065, 25.138169147000038 ], [ 121.533732319000038, 25.138256487000032 ], [ 121.533915250000078, 25.138311205000029 ], [ 121.534067570000047, 25.138329118000048 ], [ 121.534145871000092, 25.138346619000053 ], [ 121.534291079000013, 25.138379076000025 ], [ 121.534409155000063, 25.138417640000046 ], [ 121.534458783000119, 25.138433847000041 ], [ 121.53457064700001, 25.138484216000045 ], [ 121.534652242000107, 25.138576214000064 ], [ 121.534713540000098, 25.138668302000035 ], [ 121.534744508000031, 25.138788175000048 ], [ 121.534749764000026, 25.138829692000048 ], [ 121.53473496300002, 25.138926660000024 ], [ 121.534740517000046, 25.139037398000028 ], [ 121.534796620000051, 25.139101806000035 ], [ 121.534923790000107, 25.13917057400004 ], [ 121.535047507000058, 25.139193906000052 ], [ 121.535154098000035, 25.139198135000061 ], [ 121.535423018000074, 25.139187933000066 ], [ 121.535442389000096, 25.139186262000052 ], [ 121.535757831000069, 25.139159033000048 ], [ 121.536045142000049, 25.139176324000047 ], [ 121.536047172000067, 25.139176446000072 ], [ 121.536168946000103, 25.139171382000018 ], [ 121.536345827000119, 25.139173076000073 ], [ 121.536519126000044, 25.139174734000051 ], [ 121.536625875000013, 25.139215874000048 ], [ 121.536702887000047, 25.139285948000058 ], [ 121.536714325000048, 25.139296356000038 ], [ 121.536775404000082, 25.139337672000057 ], [ 121.536821419000034, 25.139415964000023 ], [ 121.536886467000059, 25.139501849000055 ], [ 121.536964340000054, 25.139604667000061 ], [ 121.537005119000014, 25.139646046000045 ], [ 121.537132411, 25.139742489000067 ], [ 121.537229034, 25.139788289000013 ], [ 121.537490025000025, 25.139855085000075 ], [ 121.53751354500001, 25.139861106000058 ], [ 121.537716678000038, 25.139892670000044 ], [ 121.53793493600007, 25.139901103000046 ], [ 121.537980627000024, 25.139905558000059 ], [ 121.537999282000115, 25.139911729000051 ], [ 121.53807719100007, 25.139937507000067 ], [ 121.538168781000095, 25.139992552000017 ], [ 121.538219811000104, 25.140056981000036 ], [ 121.538291364000088, 25.140172096000065 ], [ 121.538362796000129, 25.140259527000058 ], [ 121.538454365, 25.140309957000049 ], [ 121.538536908000083, 25.140332924000059 ], [ 121.538601717, 25.140350958000049 ], [ 121.538750960000016, 25.140375756000019 ], [ 121.538999665, 25.140384085000047 ], [ 121.539071496, 25.140396264000049 ], [ 121.539106319000098, 25.140402167000044 ], [ 121.539196108000056, 25.140436320000049 ], [ 121.539238487000034, 25.140452441000036 ], [ 121.539294574000095, 25.140512228000027 ], [ 121.539346054000021, 25.140678192000049 ], [ 121.539377597000112, 25.140927284000036 ], [ 121.539423983, 25.141088644000032 ], [ 121.539510804000102, 25.141212921000026 ], [ 121.539643340000111, 25.141346277000014 ], [ 121.539750196000099, 25.141410501000045 ], [ 121.539783304000011, 25.141430398000058 ], [ 121.539887581000016, 25.141493067000045 ], [ 121.540021404000058, 25.141563092000069 ], [ 121.540183984, 25.141604039000068 ], [ 121.540315951000025, 25.141608171000023 ], [ 121.540478205000113, 25.141575275000029 ], [ 121.54049373000008, 25.141568146000044 ], [ 121.540670664000132, 25.141486881000045 ], [ 121.540938939000057, 25.141328985000015 ], [ 121.541106084000049, 25.141254535000026 ], [ 121.541217713000037, 25.141249513000041 ], [ 121.541293895000095, 25.141263083000066 ], [ 121.541362586000119, 25.141302877000033 ], [ 121.541365126000059, 25.141304349000041 ], [ 121.541395740000112, 25.141341161000067 ], [ 121.541492693, 25.141460797000025 ], [ 121.541543830000037, 25.141548290000049 ], [ 121.541660795000098, 25.141603240000045 ], [ 121.541804401000036, 25.141682559000053 ], [ 121.541816106000056, 25.141689023000023 ], [ 121.541818509000109, 25.141690351000015 ], [ 121.541869439000038, 25.141731700000033 ], [ 121.54188489, 25.141782409000022 ], [ 121.541887400000064, 25.141826593000072 ], [ 121.541890395000124, 25.141879306000071 ], [ 121.541898088000039, 25.141922492000042 ], [ 121.541906006000076, 25.14196693600006 ], [ 121.541936927000066, 25.142072966000043 ], [ 121.541993182000056, 25.142169673000058 ], [ 121.542061745000083, 25.142275212000062 ], [ 121.542107623000106, 25.142321197000047 ], [ 121.542147918000083, 25.142372062000046 ], [ 121.542184177000095, 25.142417833000021 ], [ 121.542245282000053, 25.142463759000062 ], [ 121.542301249000033, 25.142495865000051 ], [ 121.542333556000031, 25.142508315000036 ], [ 121.542368392000085, 25.142521740000053 ], [ 121.542381155000058, 25.142451952000037 ] ] ] } },
{ "type": "Feature", "properties": { "COUNTY": "臺北市", "TOWN": "北投區", "VILLAGE": "永和里", "geo_iid": "臺北市北投區永和里", "size_counts": 4 }, "geometry": { "type": "Polygon", "coordinates": [ [ [ 121.528698667000072, 25.143543814000051 ], [ 121.528809326000115, 25.143374016000045 ], [ 121.528807869000048, 25.14303522800002 ], [ 121.528769132000079, 25.142662682000019 ], [ 121.528842085000065, 25.142357508000021 ], [ 121.529063831000045, 25.142119551000061 ], [ 121.529507613000092, 25.141711405000017 ], [ 121.529618358000121, 25.141617017000041 ], [ 121.529671540000095, 25.14153242400004 ], [ 121.529729517000078, 25.141430057000033 ], [ 121.529942420000111, 25.141131668000071 ], [ 121.530114794000042, 25.140464741000063 ], [ 121.529924277000077, 25.140309945000062 ], [ 121.529748169000058, 25.140110677000042 ], [ 121.529694297000106, 25.140035361000049 ], [ 121.529624612000035, 25.13968024200005 ], [ 121.529730440000094, 25.13938667900003 ], [ 121.529836640000099, 25.139177526000019 ], [ 121.529854367000084, 25.138773226000062 ], [ 121.529848539000113, 25.138551141000043 ], [ 121.529764543000056, 25.138262710000038 ], [ 121.529725300000095, 25.138191772000017 ], [ 121.529563947000057, 25.138027997000044 ], [ 121.529373148000104, 25.137806572000041 ], [ 121.52932901600002, 25.137731211000066 ], [ 121.529323669000078, 25.137620178000066 ], [ 121.529401092000057, 25.137513298000037 ], [ 121.529522447000076, 25.137432903000043 ], [ 121.529721549000115, 25.137321137000061 ], [ 121.529911255000115, 25.137289365000068 ], [ 121.530057185000032, 25.137266634000063 ], [ 121.530134924000109, 25.137230812000031 ], [ 121.530168722000113, 25.137168507000069 ], [ 121.530212213000041, 25.137092830000025 ], [ 121.53019727800006, 25.137017375000013 ], [ 121.530148258000054, 25.136937589000063 ], [ 121.530084592000108, 25.136848973000042 ], [ 121.529913615000055, 25.136707439000073 ], [ 121.529830493000091, 25.13661889400003 ], [ 121.529757097000029, 25.136530312000037 ], [ 121.529742087000045, 25.136437089000019 ], [ 121.529819835000026, 25.136405709000016 ], [ 121.529960883000058, 25.136378553000039 ], [ 121.53017981500011, 25.136351118000043 ], [ 121.530393849000021, 25.13631481700002 ], [ 121.53045695000003, 25.136274606000022 ], [ 121.530490701000076, 25.136198974000013 ], [ 121.530620394000053, 25.135977128000029 ], [ 121.530575093000039, 25.135886176000035 ], [ 121.530553267000087, 25.135773676000031 ], [ 121.53055253400008, 25.135602884000033 ], [ 121.530538579000122, 25.135335087000037 ], [ 121.530516171000059, 25.135086714000064 ], [ 121.530463690000033, 25.134823943000065 ], [ 121.530363952000016, 25.134459406000072 ], [ 121.530333757000122, 25.134385755000032 ], [ 121.530350380000087, 25.134280882000041 ], [ 121.530388445000085, 25.134199240000033 ], [ 121.530473594000128, 25.134148468000028 ], [ 121.53067817200008, 25.134077857000015 ], [ 121.530844352000031, 25.13401127600002 ], [ 121.530976352000039, 25.133937053000064 ], [ 121.531048712000029, 25.133890209000064 ], [ 121.531086793000114, 25.133812432000067 ], [ 121.531086242000029, 25.133684326000033 ], [ 121.531072468000062, 25.133459235000029 ], [ 121.531080171000099, 25.133297289000033 ], [ 121.531206763000114, 25.132959117000034 ], [ 121.531185088000015, 25.132881563000065 ], [ 121.531017473000034, 25.132614320000069 ], [ 121.53088850600011, 25.132401273000021 ], [ 121.530841123000073, 25.132300518000015 ], [ 121.530801607000072, 25.13204446200006 ], [ 121.530822171000068, 25.131858882000063 ], [ 121.530889026000068, 25.131524806000066 ], [ 121.530938656000103, 25.131155860000028 ], [ 121.530997941000024, 25.131046950000034 ], [ 121.531040156000017, 25.130938101000023 ], [ 121.531056208000109, 25.130701257000048 ], [ 121.531085551000047, 25.130576936000065 ], [ 121.531169724000051, 25.13027852000004 ], [ 121.531190244000058, 25.130088235000066 ], [ 121.531198246000031, 25.129963993000043 ], [ 121.531201763000013, 25.12978929400002 ], [ 121.531204257000013, 25.129377817000023 ], [ 121.531215875000044, 25.129102160000055 ], [ 121.531240950000097, 25.12897785500007 ], [ 121.531265789000031, 25.128799188000066 ], [ 121.531316054000058, 25.12862886900006 ], [ 121.531375173000029, 25.128481149000024 ], [ 121.531417266000076, 25.128345144000033 ], [ 121.531412296000113, 25.128182116000058 ], [ 121.531406839000056, 25.127906520000064 ], [ 121.531380328000083, 25.127697001000051 ], [ 121.531358419000057, 25.127565091000061 ], [ 121.531323757000123, 25.12744488100002 ], [ 121.531207620000046, 25.127235685000063 ], [ 121.531164471000011, 25.127127143000049 ], [ 121.531142279000051, 25.127042640000063 ], [ 121.531099165000114, 25.126941861000027 ], [ 121.531004752000072, 25.126821865000064 ], [ 121.530880580000044, 25.12672914400002 ], [ 121.530709444000095, 25.126632714000039 ], [ 121.530593994000029, 25.12658265900005 ], [ 121.530311977000125, 25.126506029000037 ], [ 121.529961523000097, 25.126394695000037 ], [ 121.529888785000011, 25.12635226400004 ], [ 121.529820096000108, 25.126259350000048 ], [ 121.529789821000023, 25.126166289000018 ], [ 121.529780770000116, 25.126045986000054 ], [ 121.529775786000073, 25.125879075000046 ], [ 121.529744977000064, 25.12566181000005 ], [ 121.529736741000079, 25.12535997600002 ], [ 121.529735834, 25.125326726000022 ], [ 121.529286016000015, 25.125342996000018 ], [ 121.528708696000066, 25.125336211000036 ], [ 121.52869877900001, 25.12533142900002 ], [ 121.528635776000101, 25.125301045000064 ], [ 121.528234633000011, 25.125152678000063 ], [ 121.528042987000049, 25.125081794000028 ], [ 121.527864670000099, 25.125020387000056 ], [ 121.527775783000052, 25.124989776000053 ], [ 121.527562311000111, 25.124986105000051 ], [ 121.527431466000053, 25.125017563000021 ], [ 121.527286293000074, 25.125102204000022 ], [ 121.52704922800001, 25.125253571000023 ], [ 121.526972400000105, 25.12526658400003 ], [ 121.526635258000056, 25.125052149000048 ], [ 121.526491715000034, 25.124953144000074 ], [ 121.526373136000061, 25.12484989700004 ], [ 121.526297769000038, 25.124754793000019 ], [ 121.52622102600003, 25.124654847000041 ], [ 121.526204101000062, 25.124632806000019 ], [ 121.526119498000071, 25.124504557000023 ], [ 121.526050747000113, 25.124365895000036 ], [ 121.525991072000025, 25.124223051000051 ], [ 121.525907452000069, 25.124108084000053 ], [ 121.5255006000001, 25.123548720000024 ], [ 121.525406457000031, 25.123498197000053 ], [ 121.525397301000098, 25.123493284000055 ], [ 121.525326698000072, 25.123452069000038 ], [ 121.525251517000029, 25.123402573000075 ], [ 121.525167191000037, 25.123338603000025 ], [ 121.525062293000019, 25.123245679000032 ], [ 121.524968778, 25.123156859000055 ], [ 121.524849496000115, 25.123043873000022 ], [ 121.524585315000081, 25.12326602100006 ], [ 121.524338560000061, 25.123468011000046 ], [ 121.524318375000021, 25.123486575000065 ], [ 121.524300086000039, 25.123503393000071 ], [ 121.524196526000082, 25.123721461000052 ], [ 121.524104141000066, 25.123900090000056 ], [ 121.523943583000118, 25.124072742000067 ], [ 121.523639578000029, 25.124179553000033 ], [ 121.523565109000046, 25.12428555100006 ], [ 121.523497254000077, 25.124356292000062 ], [ 121.523418008, 25.124418766000069 ], [ 121.523313703000113, 25.124464744000065 ], [ 121.523305227000037, 25.124467522000025 ], [ 121.523243372000039, 25.124487806000037 ], [ 121.523198157000039, 25.124537728000053 ], [ 121.522845075000077, 25.124845828000044 ], [ 121.522693577000027, 25.12497874600006 ], [ 121.522353929000019, 25.12527673400006 ], [ 121.522236198000101, 25.125372522000067 ], [ 121.522009671000092, 25.125526724000053 ], [ 121.521207847000014, 25.126091414000022 ], [ 121.521133828000089, 25.126158874000055 ], [ 121.520707709000035, 25.126547228000039 ], [ 121.520466026, 25.126879803000055 ], [ 121.520125006000058, 25.127353715000012 ], [ 121.519946848000018, 25.127665338000035 ], [ 121.519778222, 25.127963530000038 ], [ 121.51932657600004, 25.128637610000048 ], [ 121.519778045000081, 25.129050302000046 ], [ 121.520342140000025, 25.129733420000026 ], [ 121.520585752000116, 25.130464229000033 ], [ 121.520582939000079, 25.131521814000052 ], [ 121.520651583000031, 25.132239931000061 ], [ 121.521237537000047, 25.132916315000031 ], [ 121.521483010000111, 25.133447378000017 ], [ 121.521664199000043, 25.133839368000046 ], [ 121.521725476000029, 25.134537558000034 ], [ 121.522149012000128, 25.134722303000043 ], [ 121.522426963000044, 25.134954118000046 ], [ 121.522175233000112, 25.135737959000028 ], [ 121.522175040000107, 25.135738558000064 ], [ 121.522174283000027, 25.135740915000042 ], [ 121.522062894000115, 25.136087757000041 ], [ 121.522353091000014, 25.136437651000044 ], [ 121.522448785000066, 25.136656810000034 ], [ 121.522507685000051, 25.136796284000059 ], [ 121.522595769000091, 25.136942299000044 ], [ 121.523021324000055, 25.137599289000029 ], [ 121.523586365000028, 25.138488598000034 ], [ 121.523645179000027, 25.13860811000006 ], [ 121.523864610000047, 25.138786927000062 ], [ 121.52424216200005, 25.139148501000015 ], [ 121.52424519300007, 25.139151404000064 ], [ 121.524296504000077, 25.139217740000049 ], [ 121.524465287000126, 25.139483196000061 ], [ 121.524780978000081, 25.140014196000042 ], [ 121.524868869000088, 25.140113653000068 ], [ 121.525000241000043, 25.140153091000055 ], [ 121.525160630000073, 25.140159175000061 ], [ 121.525627065000094, 25.140144219000025 ], [ 121.525729289000083, 25.140183760000063 ], [ 121.525853685000016, 25.140296385000052 ], [ 121.525898182000105, 25.140475819000073 ], [ 121.52588417100003, 25.140608897000043 ], [ 121.525797162000117, 25.140715629000052 ], [ 121.525754021000012, 25.14085546300003 ], [ 121.525739983000108, 25.140981887000063 ], [ 121.525813504000084, 25.141127960000055 ], [ 121.525938158000031, 25.141300448000035 ], [ 121.526106749000064, 25.141519345000059 ], [ 121.526209107000113, 25.14159215300003 ], [ 121.526325731000028, 25.141591737000056 ], [ 121.526471116000039, 25.141498096000067 ], [ 121.526477978000116, 25.141398304000052 ], [ 121.526419148000045, 25.14127878500004 ], [ 121.526389477000066, 25.141159161000065 ], [ 121.526432986000032, 25.141105795000048 ], [ 121.526692771000057, 25.141136513000038 ], [ 121.527160579000125, 25.140925182000039 ], [ 121.527326619000064, 25.141067159000041 ], [ 121.527373576000073, 25.141301819000031 ], [ 121.527466232000037, 25.141477597000051 ], [ 121.52754991900008, 25.141703728000028 ], [ 121.527706647000073, 25.141870659000062 ], [ 121.527725682000096, 25.141903162000055 ], [ 121.527772850000019, 25.142160087000033 ], [ 121.527615022000077, 25.142239324000052 ], [ 121.527571299000115, 25.142267581000045 ], [ 121.527535607000132, 25.142306248000061 ], [ 121.526928835000035, 25.143314554000025 ], [ 121.52687827200009, 25.143406759000065 ], [ 121.526762270000049, 25.143704195000048 ], [ 121.526738475000116, 25.143778553000057 ], [ 121.5267201260001, 25.143940089000065 ], [ 121.526770686000077, 25.143931153000032 ], [ 121.52696827300008, 25.143896231000031 ], [ 121.527445975000106, 25.143889382000051 ], [ 121.528475910000097, 25.14399277700004 ], [ 121.528698667000072, 25.143543814000051 ] ] ] } },
{ "type": "Feature", "properties": { "COUNTY": "臺北市", "TOWN": "北投區", "VILLAGE": "智仁里", "geo_iid": "臺北市北投區智仁里", "size_counts": 2 }, "geometry": { "type": "Polygon", "coordinates": [ [ [ 121.493376127000047, 25.145409045000058 ], [ 121.493588377000037, 25.145380659000065 ], [ 121.493768092000096, 25.145358837000053 ], [ 121.494389420000061, 25.145283401000022 ], [ 121.495032877000085, 25.145204154000055 ], [ 121.49504388600009, 25.14520279800006 ], [ 121.495240448000118, 25.145148937000037 ], [ 121.495248445000016, 25.145146746000016 ], [ 121.495689595000059, 25.145010105000036 ], [ 121.495680006000043, 25.144958449000057 ], [ 121.495689963000032, 25.14492151100006 ], [ 121.495722619000034, 25.144868336000052 ], [ 121.495787974000123, 25.144775841000062 ], [ 121.495850865000094, 25.144697195000038 ], [ 121.495909451000117, 25.14463199600004 ], [ 121.495946504, 25.144590760000025 ], [ 121.49598420700012, 25.144537576000047 ], [ 121.496004159000108, 25.144470612000067 ], [ 121.496033987000047, 25.144343633000055 ], [ 121.49603882200006, 25.144288249000052 ], [ 121.496038617000053, 25.14423750200006 ], [ 121.496017961000021, 25.144182968000045 ], [ 121.496002837000106, 25.144143037000045 ], [ 121.495941636000111, 25.144014042000038 ], [ 121.495907943, 25.143933059000059 ], [ 121.495887789000122, 25.14382737000005 ], [ 121.495890057000096, 25.143762767000048 ], [ 121.495925444000036, 25.143638224000018 ], [ 121.49592745300005, 25.143631149000036 ], [ 121.495982505000043, 25.143492547000051 ], [ 121.496075399, 25.14333075300004 ], [ 121.496138364000103, 25.143272871000072 ], [ 121.496153733000028, 25.143261568000064 ], [ 121.496226582000077, 25.143207990000057 ], [ 121.496339943000066, 25.143106100000068 ], [ 121.496435635000012, 25.143013504000063 ], [ 121.496621917000098, 25.14281679100003 ], [ 121.496679750000112, 25.142738172000058 ], [ 121.496765345000085, 25.142650222000032 ], [ 121.496843511000066, 25.142599206000042 ], [ 121.497015272000127, 25.14256171400006 ], [ 121.497058548000055, 25.142552712000054 ], [ 121.497161777000088, 25.142531240000036 ], [ 121.49755842400009, 25.142465313000052 ], [ 121.497702440000012, 25.142441771000048 ], [ 121.497816097000069, 25.142416012000066 ], [ 121.49792213800005, 25.142381060000044 ], [ 121.498050829000022, 25.142322947000022 ], [ 121.498199658000104, 25.14224171100005 ], [ 121.498261304000025, 25.142196370000075 ], [ 121.498350894000041, 25.142130473000062 ], [ 121.498452627, 25.142048637000062 ], [ 121.498492005000131, 25.142016959000038 ], [ 121.498769055000025, 25.14175995600004 ], [ 121.498787328000063, 25.141741631000059 ], [ 121.498962927000079, 25.141565526000068 ], [ 121.499086371000104, 25.141458996000033 ], [ 121.499200900000119, 25.141355184000073 ], [ 121.499236163000106, 25.141290218000041 ], [ 121.499253705000115, 25.141233427000024 ], [ 121.499268117000042, 25.141138819000034 ], [ 121.499267842000094, 25.141071272000026 ], [ 121.499261582000031, 25.140987541000062 ], [ 121.499246125000013, 25.140825485000043 ], [ 121.499239744000079, 25.140712035000032 ], [ 121.499211086000074, 25.14050363800003 ], [ 121.49911574600003, 25.140533128000065 ], [ 121.498659105000129, 25.140634029000058 ], [ 121.498602310000038, 25.140408043000026 ], [ 121.49835043500002, 25.140479488000025 ], [ 121.498391366000092, 25.140611259000018 ], [ 121.498203017000037, 25.140641574000021 ], [ 121.498133457000108, 25.140652771000074 ], [ 121.498017512000033, 25.140588131000062 ], [ 121.497456667000037, 25.140541238000015 ], [ 121.497647771000075, 25.141034130000037 ], [ 121.497708479000025, 25.141190706000028 ], [ 121.497369296000102, 25.141283277000063 ], [ 121.496260889000041, 25.141585780000064 ], [ 121.496332081000105, 25.141859998000022 ], [ 121.496444815000018, 25.142294223000068 ], [ 121.496496674, 25.14249397300005 ], [ 121.495917, 25.142661692000047 ], [ 121.494830315000058, 25.142976100000048 ], [ 121.494236133000072, 25.14312811100006 ], [ 121.494192753000092, 25.143163555000047 ], [ 121.494168752000064, 25.14320776400006 ], [ 121.494332741000107, 25.14358661500005 ], [ 121.494456748000061, 25.143873095000057 ], [ 121.494518950000028, 25.144006308000026 ], [ 121.49334090800005, 25.144420081000074 ], [ 121.492479136000043, 25.144722761000022 ], [ 121.492479988, 25.144743270000045 ], [ 121.492476838000016, 25.144937119000073 ], [ 121.492473045000125, 25.144973027000045 ], [ 121.492674914000077, 25.145180695000075 ], [ 121.492686759000094, 25.145191427000032 ], [ 121.492763719000095, 25.145261146000049 ], [ 121.492832181000054, 25.145309362000027 ], [ 121.492960973000095, 25.14537149400007 ], [ 121.492984156000048, 25.145382679000075 ], [ 121.493070209000052, 25.145407761000051 ], [ 121.493138515000055, 25.145416760000039 ], [ 121.493227004000133, 25.14541876800007 ], [ 121.493376127000047, 25.145409045000058 ] ] ] } },
{ "type": "Feature", "properties": { "COUNTY": "臺北市", "TOWN": "文山區", "VILLAGE": "興光里", "geo_iid": "臺北市文山區興光里", "size_counts": 1 }, "geometry": { "type": "Polygon", "coordinates": [ [ [ 121.560844175000042, 25.002770883000043 ], [ 121.560863372000085, 25.002762045000043 ], [ 121.560885709000104, 25.002738585000028 ], [ 121.561107657000107, 25.002191370000034 ], [ 121.561161749, 25.002100589000058 ], [ 121.56121594800004, 25.00203318300003 ], [ 121.561273419000031, 25.001980373000034 ], [ 121.561337369000057, 25.001942149000051 ], [ 121.561398193000059, 25.001921467000042 ], [ 121.561475073000111, 25.001906567000042 ], [ 121.561560231000058, 25.001900701000064 ], [ 121.561427035000065, 25.001501132000037 ], [ 121.561426308, 25.001341130000071 ], [ 121.561688291000124, 25.001180146000017 ], [ 121.562649540000052, 25.000740148000038 ], [ 121.562698287000103, 25.00069524100007 ], [ 121.56276052300008, 25.000637909000027 ], [ 121.562711661000108, 25.000398093000051 ], [ 121.562551794000115, 25.00025323800002 ], [ 121.562487609000073, 25.000144395000056 ], [ 121.562375036000063, 24.999897551000057 ], [ 121.562413682000056, 24.999642858000062 ], [ 121.562619694000105, 24.999431165000026 ], [ 121.563007810000059, 24.999000601000034 ], [ 121.563388456000098, 24.998679160000034 ], [ 121.563569255000061, 24.998176659000013 ], [ 121.563698383000087, 24.997945504000029 ], [ 121.563829825000084, 24.997710202000061 ], [ 121.564152750000062, 24.996952616000041 ], [ 121.564158490000068, 24.996465322000063 ], [ 121.563935487000109, 24.996277574000029 ], [ 121.563587579000114, 24.995984668000055 ], [ 121.56324145300006, 24.996162067000043 ], [ 121.563098231000026, 24.996235473000066 ], [ 121.563003615000085, 24.99628396700006 ], [ 121.562724847000041, 24.996432047000031 ], [ 121.562710227000025, 24.996439813000048 ], [ 121.562618312000041, 24.996488637000024 ], [ 121.562354081000095, 24.99661920200003 ], [ 121.562343717000104, 24.996624323000049 ], [ 121.562240890000112, 24.99667513200006 ], [ 121.562115288000072, 24.996646546000068 ], [ 121.561958765000099, 24.996612804000044 ], [ 121.561530476000016, 24.996520477000033 ], [ 121.561244242000043, 24.996458771000043 ], [ 121.561125381000011, 24.996433146000065 ], [ 121.560675339000127, 24.99633612700006 ], [ 121.560624309000119, 24.996325126000045 ], [ 121.56017979, 24.996229289000034 ], [ 121.560018608000064, 24.996194615000029 ], [ 121.56001887900004, 24.996254614000062 ], [ 121.560011263000106, 24.99636858600007 ], [ 121.559963274000111, 24.996549581000053 ], [ 121.559897255, 24.996747672000012 ], [ 121.559770681000046, 24.997127452000019 ], [ 121.55971970600001, 24.99724654300007 ], [ 121.559655036000095, 24.997333484000013 ], [ 121.559587608000015, 24.997412995000044 ], [ 121.559512056000031, 24.99749254500005 ], [ 121.559436480000059, 24.997567139000065 ], [ 121.55931766300013, 24.997674099000044 ], [ 121.558906955000111, 24.997982788000055 ], [ 121.558834049000097, 24.998060659000018 ], [ 121.558348414000079, 24.998579367000051 ], [ 121.558309266000037, 24.998615180000055 ], [ 121.55795149000005, 24.998942493000062 ], [ 121.55793897, 24.998950985000072 ], [ 121.557562258000075, 24.999206516000065 ], [ 121.55743579500006, 24.999295219000025 ], [ 121.557143320000037, 24.999500370000071 ], [ 121.556654006000031, 24.999816776000038 ], [ 121.556451365000058, 24.999929204000061 ], [ 121.55623987400007, 25.000046541000071 ], [ 121.556015727000059, 25.000170898000075 ], [ 121.555942698000081, 25.000210804000051 ], [ 121.555269166000016, 25.000565055000031 ], [ 121.554944740000124, 25.000682366000035 ], [ 121.554781918000103, 25.000741241000068 ], [ 121.554568786000118, 25.000818305000045 ], [ 121.554639118000068, 25.000929325000062 ], [ 121.55474856, 25.001102085000067 ], [ 121.554892662000043, 25.001329556000023 ], [ 121.555556831000118, 25.002377961000025 ], [ 121.555741887000067, 25.002332231000018 ], [ 121.556080711000035, 25.002248500000054 ], [ 121.556607582000098, 25.002105843000034 ], [ 121.556839406000108, 25.002052413000047 ], [ 121.556790149000108, 25.001970724000042 ], [ 121.556716552000012, 25.001911450000019 ], [ 121.556732060000073, 25.001736464000029 ], [ 121.556764099000034, 25.001613526000021 ], [ 121.557521126000111, 25.001450649000045 ], [ 121.557668562000131, 25.001761528000028 ], [ 121.557797746, 25.001689333000044 ], [ 121.557948639000074, 25.001608770000072 ], [ 121.558059988000082, 25.001586530000047 ], [ 121.558195616000049, 25.001651475000063 ], [ 121.558435221000096, 25.001825124000035 ], [ 121.55869911700006, 25.002085955000034 ], [ 121.559170012000095, 25.002353274000026 ], [ 121.559429741000031, 25.002437698000048 ], [ 121.55985248900005, 25.002575109000073 ], [ 121.559950635000064, 25.002452154000018 ], [ 121.560063071000073, 25.002329713000041 ], [ 121.560243700000129, 25.00256862100002 ], [ 121.560248763000118, 25.002570418000055 ], [ 121.560821745000112, 25.002773889000018 ], [ 121.560844175000042, 25.002770883000043 ] ] ] } },
{ "type": "Feature", "properties": { "COUNTY": "臺北市", "TOWN": "文山區", "VILLAGE": "萬芳里", "geo_iid": "臺北市文山區萬芳里", "size_counts": 2 }, "geometry": { "type": "Polygon", "coordinates": [ [ [ 121.571901359000108, 25.002733265000064 ], [ 121.571900487000093, 25.00254507600004 ], [ 121.571898485000034, 25.002112342000022 ], [ 121.571909321, 25.001895924000042 ], [ 121.571959846000027, 25.001832725000035 ], [ 121.572058610000127, 25.001709185000035 ], [ 121.572074155000109, 25.001689740000071 ], [ 121.572500170000026, 25.000945390000023 ], [ 121.572796933000078, 25.000340238000021 ], [ 121.572864312000092, 25.000202839000043 ], [ 121.573047147, 25.000000105000019 ], [ 121.573159093000072, 24.999865678000042 ], [ 121.573337375000051, 24.99967028400004 ], [ 121.573533674000046, 24.999395263000039 ], [ 121.573631613000089, 24.999212744000026 ], [ 121.573645033000048, 24.999135231000022 ], [ 121.57363336700007, 24.999097584000019 ], [ 121.573628815, 24.999093746000025 ], [ 121.573598777000043, 24.999068413000025 ], [ 121.573561951000102, 24.999052846000033 ], [ 121.5734930200001, 24.999052075000062 ], [ 121.57346093700005, 24.999065795000021 ], [ 121.573385430000016, 24.999134139000031 ], [ 121.573269011000079, 24.999292641000061 ], [ 121.57323236000002, 24.999316870000026 ], [ 121.573181843000043, 24.999322292000038 ], [ 121.573144979000062, 24.999300460000018 ], [ 121.573114898000085, 24.999254515000072 ], [ 121.573078876000082, 24.999187845000044 ], [ 121.573065618000101, 24.999121008000024 ], [ 121.572991036000076, 24.998865541000029 ], [ 121.572989226000118, 24.998857629000035 ], [ 121.572902895000098, 24.998480283000038 ], [ 121.572883645000047, 24.998275992000053 ], [ 121.572866574000045, 24.998094835000067 ], [ 121.572859498000085, 24.99796600500002 ], [ 121.572835425000108, 24.997895273000026 ], [ 121.572768263000071, 24.997842410000022 ], [ 121.572653391000017, 24.997744493000024 ], [ 121.572607841000021, 24.997697451000072 ], [ 121.572527248000029, 24.99754234300007 ], [ 121.572457174000064, 24.997327195000018 ], [ 121.572352626000111, 24.997126932000068 ], [ 121.572136107, 24.996986115000027 ], [ 121.571794638000028, 24.996900867000072 ], [ 121.571418784000116, 24.996868297000038 ], [ 121.571142444000103, 24.996844349000071 ], [ 121.570871761000021, 24.996753905000041 ], [ 121.570839767000052, 24.996743215000038 ], [ 121.570761599000093, 24.996645145000048 ], [ 121.570704636000073, 24.996464370000062 ], [ 121.57067401200004, 24.996377926000029 ], [ 121.570656165000074, 24.996252089000041 ], [ 121.570652378000105, 24.996100271000035 ], [ 121.570650863000068, 24.996039634000052 ], [ 121.570675897000129, 24.995850680000043 ], [ 121.570731160000022, 24.995665538000022 ], [ 121.570812520000132, 24.995519648000023 ], [ 121.570919764000109, 24.995369713000056 ], [ 121.57101314800002, 24.995280522000023 ], [ 121.571138981000104, 24.995160341000016 ], [ 121.571410241000095, 24.995001913000063 ], [ 121.571749234000094, 24.994868500000045 ], [ 121.57176361300003, 24.994862841000032 ], [ 121.571892697000081, 24.99476791100005 ], [ 121.572155914000064, 24.994545819000045 ], [ 121.572056132000043, 24.994439482000065 ], [ 121.571908792000059, 24.994022520000041 ], [ 121.57184701100006, 24.993553038000066 ], [ 121.571736553000051, 24.992713653000056 ], [ 121.571736069000067, 24.992704017000044 ], [ 121.571713674000065, 24.992258258000042 ], [ 121.571753814000104, 24.991954444000037 ], [ 121.572004661000051, 24.99163415400005 ], [ 121.571100023000113, 24.991645075000061 ], [ 121.570629774000054, 24.991602651000044 ], [ 121.570602677000011, 24.991652691000059 ], [ 121.570584788000019, 24.991685730000022 ], [ 121.570531106000089, 24.991943771000017 ], [ 121.570481, 24.992184617000074 ], [ 121.570429444000084, 24.992432439000019 ], [ 121.570414128000053, 24.992489053000035 ], [ 121.570300907000032, 24.992907574000064 ], [ 121.570182185000021, 24.99305804800002 ], [ 121.570140136000077, 24.99326590000004 ], [ 121.570080026000028, 24.99356302700004 ], [ 121.569738354000037, 24.993918913000066 ], [ 121.569715325000061, 24.993981387000066 ], [ 121.569531947000073, 24.994478848000021 ], [ 121.569293815000037, 24.994629780000015 ], [ 121.569115314000115, 24.994766842000043 ], [ 121.56866825900012, 24.994932203000065 ], [ 121.568613705000075, 24.995065377000049 ], [ 121.568536364000011, 24.995251768000056 ], [ 121.568489843000066, 24.995529117000039 ], [ 121.568491882000103, 24.995772306000038 ], [ 121.568492913000114, 24.995781315000041 ], [ 121.568510347000029, 24.995933883000074 ], [ 121.568635500000028, 24.996167800000016 ], [ 121.568840293000122, 24.996377163000023 ], [ 121.569062550000012, 24.996529879000036 ], [ 121.569417295000122, 24.996686964000041 ], [ 121.569810302000064, 24.997017139000029 ], [ 121.570088134000116, 24.997347865000048 ], [ 121.570266996000086, 24.997610255000033 ], [ 121.570325667000034, 24.997845780000024 ], [ 121.570215374000114, 24.998056827000021 ], [ 121.569899913000086, 24.998327163000049 ], [ 121.569618202000015, 24.998492056000028 ], [ 121.569224866000013, 24.998721621000065 ], [ 121.569202411000106, 24.998743263000044 ], [ 121.569161370000074, 24.998782813000037 ], [ 121.569094675000088, 24.998876182000057 ], [ 121.569085300000111, 24.998890721000055 ], [ 121.569077351000047, 24.998905947000022 ], [ 121.569070889000059, 24.998921748000036 ], [ 121.569065963000071, 24.998938002000042 ], [ 121.56906261000006, 24.998954584000042 ], [ 121.569060499000088, 24.998971190000066 ], [ 121.569056328000102, 24.999204739000042 ], [ 121.569053397000062, 24.99936887800003 ], [ 121.569052498000019, 24.999419301000039 ], [ 121.569051718000082, 24.999430733000047 ], [ 121.569043962000038, 24.999527669000024 ], [ 121.569033791000038, 24.999605891000041 ], [ 121.569023347000098, 24.999684802000036 ], [ 121.569014395000067, 24.999718988000026 ], [ 121.568985643000019, 24.999828790000041 ], [ 121.568954875000045, 24.999926076000062 ], [ 121.568920488000117, 25.000014221000065 ], [ 121.568874305, 25.000121860000029 ], [ 121.568796453000118, 25.000289903000059 ], [ 121.568790713000098, 25.000302299000047 ], [ 121.568785075000051, 25.000315085000064 ], [ 121.568734135000128, 25.00040114800003 ], [ 121.568679253000028, 25.000493866000056 ], [ 121.568644235000065, 25.000537237000053 ], [ 121.568598390000048, 25.000591795000044 ], [ 121.568554409000043, 25.000644281000056 ], [ 121.568520245000059, 25.000685815000054 ], [ 121.568491885000086, 25.000718633000066 ], [ 121.568328258000051, 25.00088458000004 ], [ 121.56826515200008, 25.000942762000015 ], [ 121.568241061000094, 25.000963988000017 ], [ 121.568194617000032, 25.001004910000056 ], [ 121.568109530000029, 25.001076629000064 ], [ 121.567885457000116, 25.001228499000021 ], [ 121.567723477000072, 25.001321817000075 ], [ 121.56769513900008, 25.001337977000041 ], [ 121.567670473000021, 25.001351324000037 ], [ 121.56765056200004, 25.001362441000015 ], [ 121.567547804000014, 25.001415115000036 ], [ 121.567531596000094, 25.001421325000017 ], [ 121.56739247400003, 25.001496103000072 ], [ 121.567199517000063, 25.001609410000071 ], [ 121.567026924000061, 25.001756752000055 ], [ 121.567008585000053, 25.001771673000057 ], [ 121.566991740000049, 25.001787993000047 ], [ 121.566976523000108, 25.001805590000057 ], [ 121.566963046000083, 25.001824329000041 ], [ 121.566951411000105, 25.001844067000029 ], [ 121.566941708000058, 25.001864652000048 ], [ 121.566934014000026, 25.00188593100005 ], [ 121.566928381000025, 25.001907740000028 ], [ 121.566924855000039, 25.001929913000016 ], [ 121.566923465000059, 25.001952281000051 ], [ 121.566924218000054, 25.001974676000025 ], [ 121.566927111000041, 25.001996925000064 ], [ 121.566932121000036, 25.002018859000021 ], [ 121.566939209000097, 25.002040313000059 ], [ 121.566948321000041, 25.002061121000047 ], [ 121.566959390000079, 25.00208112700005 ], [ 121.566972329000023, 25.002100177000035 ], [ 121.566987666000045, 25.002118820000074 ], [ 121.567004103000059, 25.002135483000064 ], [ 121.567022070000021, 25.002150774000029 ], [ 121.56704143200011, 25.002164581000038 ], [ 121.567045631000056, 25.00216726200005 ], [ 121.567195154000032, 25.002223542000024 ], [ 121.56722025200007, 25.002252398000053 ], [ 121.567215933000071, 25.00229998400004 ], [ 121.567103602000088, 25.00255067900002 ], [ 121.567085586000076, 25.00265524800005 ], [ 121.567146409000074, 25.002758143000047 ], [ 121.567237199000047, 25.002812796000047 ], [ 121.567342938000024, 25.002839891000058 ], [ 121.56765517700002, 25.002913142000065 ], [ 121.567660149000062, 25.002914308000069 ], [ 121.568007399000081, 25.002961110000054 ], [ 121.568324355000058, 25.002980518000061 ], [ 121.5689655770001, 25.002971194000047 ], [ 121.569136997000086, 25.002959069000035 ], [ 121.569644991000018, 25.002923130000056 ], [ 121.569787642000037, 25.002913039000067 ], [ 121.570059019000041, 25.002863877000038 ], [ 121.570273632000067, 25.002778841000062 ], [ 121.570503526000024, 25.002733279000033 ], [ 121.570520665000103, 25.00273238100004 ], [ 121.570911516000024, 25.002711883000071 ], [ 121.570963622000022, 25.002709150000033 ], [ 121.571338272000062, 25.002788921000043 ], [ 121.571439376000072, 25.002810449000034 ], [ 121.57190279100007, 25.003042718000071 ], [ 121.571901359000108, 25.002733265000064 ] ] ] } },
{ "type": "Feature", "properties": { "COUNTY": "臺北市", "TOWN": "文山區", "VILLAGE": "萬興里", "geo_iid": "臺北市文山區萬興里", "size_counts": 2 }, "geometry": { "type": "Polygon", "coordinates": [ [ [ 121.597191810000041, 25.004526166000051 ], [ 121.597309913000117, 25.004473683000064 ], [ 121.597450684000023, 25.004418730000047 ], [ 121.597521057000108, 25.00438954100002 ], [ 121.597638991000039, 25.004316390000039 ], [ 121.597730570000081, 25.004258352000072 ], [ 121.597819537000092, 25.004188849000055 ], [ 121.597888513000044, 25.004142447000046 ], [ 121.597988505000103, 25.004032697000067 ], [ 121.598103540000011, 25.003911357000042 ], [ 121.598173575000033, 25.003839703000033 ], [ 121.598222236000097, 25.003775073000035 ], [ 121.598292292000124, 25.00370570800003 ], [ 121.598362327000032, 25.003634051000052 ], [ 121.59844499800009, 25.003565736000031 ], [ 121.598545199000128, 25.00348238600003 ], [ 121.598665374, 25.003373637000031 ], [ 121.598759256000122, 25.003288034000025 ], [ 121.598819403000093, 25.003241685000035 ], [ 121.598903391000022, 25.003180254000025 ], [ 121.598975043000124, 25.003153342000068 ], [ 121.599051526000039, 25.003100005000075 ], [ 121.599178219000024, 25.003018756000071 ], [ 121.599269827000072, 25.00296417300007 ], [ 121.599324952000089, 25.002920147000044 ], [ 121.599388773000086, 25.002860008000024 ], [ 121.59942336000006, 25.002828659000038 ], [ 121.599453868000083, 25.002801008000056 ], [ 121.599500101000118, 25.002759438000055 ], [ 121.599500183000032, 25.00275936600007 ], [ 121.599586364000061, 25.002656595000065 ], [ 121.599716131000037, 25.002485794000041 ], [ 121.599779663000049, 25.002388930000048 ], [ 121.599841842000046, 25.002280586000033 ], [ 121.599913801000085, 25.002133158000039 ], [ 121.599952080000094, 25.00203188100004 ], [ 121.600001353000039, 25.001885762000029 ], [ 121.600018476000074, 25.001819057000031 ], [ 121.600041701, 25.001727067000044 ], [ 121.600087747000089, 25.001650991000069 ], [ 121.600113767000025, 25.001593415000055 ], [ 121.600179827000034, 25.001497677000028 ], [ 121.600252082000111, 25.001388119000065 ], [ 121.600325789000081, 25.001302650000063 ], [ 121.600406944000056, 25.001202220000032 ], [ 121.600466511000036, 25.001082430000046 ], [ 121.600501073000032, 25.000989203000064 ], [ 121.600503102000062, 25.000927210000039 ], [ 121.600528776000047, 25.000826009000033 ], [ 121.600556845000028, 25.00070873900005 ], [ 121.600553935000121, 25.000659403000043 ], [ 121.600561729000106, 25.000529649000036 ], [ 121.600545983000075, 25.000451709000057 ], [ 121.600526225000053, 25.000345105000054 ], [ 121.600535865000111, 25.000288795000067 ], [ 121.600533850000048, 25.000193539000058 ], [ 121.600538587000074, 24.999996087000053 ], [ 121.600541767000095, 24.99976075700004 ], [ 121.600544204000016, 24.999590858000023 ], [ 121.600556543000053, 24.999397943000073 ], [ 121.60054896500003, 24.999237301000043 ], [ 121.600540066, 24.999068630000057 ], [ 121.600542902000043, 24.998949241000037 ], [ 121.600547278, 24.998865416000051 ], [ 121.600530333000052, 24.998795533000067 ], [ 121.600519384000108, 24.998686557000031 ], [ 121.60051978200012, 24.998577513000033 ], [ 121.60053563200006, 24.998509685000037 ], [ 121.600525228000024, 24.998469578000023 ], [ 121.600480168000118, 24.998351674000038 ], [ 121.600401288000072, 24.998261551000031 ], [ 121.600357982000105, 24.998218751000017 ], [ 121.600304112000131, 24.998150067000033 ], [ 121.600215727000105, 24.998110087000033 ], [ 121.600144980000096, 24.998059769000058 ], [ 121.60006542400005, 24.99801979000005 ], [ 121.600000986000055, 24.997969429000015 ], [ 121.599932733000045, 24.997907628000057 ], [ 121.599875833000056, 24.99784237800003 ], [ 121.599834092000037, 24.997789694000065 ], [ 121.599783475000095, 24.997715245000041 ], [ 121.599744254000043, 24.99766026900004 ], [ 121.599707557000116, 24.997607585000026 ], [ 121.59970368300003, 24.997566306000053 ], [ 121.599706057000049, 24.997497486000043 ], [ 121.599728631000048, 24.997436637000074 ], [ 121.599741148000021, 24.997390742000043 ], [ 121.599748618000035, 24.997346004000061 ], [ 121.599753519000046, 24.997279466000066 ], [ 121.599750897000021, 24.997233595000065 ], [ 121.599727970000131, 24.997130416000058 ], [ 121.599703882000085, 24.99707425900003 ], [ 121.599682296000083, 24.997007783000072 ], [ 121.599670791000122, 24.99693783400004 ], [ 121.599660521000047, 24.996855279000037 ], [ 121.599652871000103, 24.996817444000047 ], [ 121.599646430000021, 24.996754374000023 ], [ 121.599643796000024, 24.996705057000035 ], [ 121.599639740000057, 24.996578904000042 ], [ 121.599628208, 24.996496344000029 ], [ 121.599606564000069, 24.996403489000041 ], [ 121.599568611000123, 24.996350800000062 ], [ 121.599529400000051, 24.99630041100005 ], [ 121.599448578000093, 24.996256987000031 ], [ 121.599381663000017, 24.996228446000025 ], [ 121.59924785300008, 24.996180541000051 ], [ 121.599108984000068, 24.996125757000058 ], [ 121.599066067000081, 24.996112082000021 ], [ 121.598995332000072, 24.996066343000049 ], [ 121.598948593000046, 24.996035466000016 ], [ 121.598894264000023, 24.995994291000038 ], [ 121.59883867200007, 24.995950809000067 ], [ 121.598757785000089, 24.995878713000014 ], [ 121.598703418000028, 24.995819183000027 ], [ 121.598627553000028, 24.995733307000013 ], [ 121.598587064000071, 24.995676043000056 ], [ 121.598551612000051, 24.995614181000068 ], [ 121.598526283000069, 24.995566054000044 ], [ 121.598494618, 24.995505334000025 ], [ 121.598470551000105, 24.995458348000049 ], [ 121.598438815, 24.995364368000018 ], [ 121.598389342000019, 24.995234861000018 ], [ 121.598352552000065, 24.995136288000012 ], [ 121.598339222000064, 24.995092989000053 ], [ 121.598337053000037, 24.995085943000049 ], [ 121.598236965000083, 24.995120699000033 ], [ 121.597852472000113, 24.995254220000042 ], [ 121.59765364000009, 24.995539664000024 ], [ 121.597493195000098, 24.995770001000039 ], [ 121.597325351000109, 24.99601095700006 ], [ 121.597116083000074, 24.996073408000026 ], [ 121.596844092000097, 24.996059957000057 ], [ 121.59649503300011, 24.996260732000042 ], [ 121.596063567000101, 24.996508905000034 ], [ 121.595827255000017, 24.996571462000073 ], [ 121.595550084000038, 24.996572573000034 ], [ 121.59534928000005, 24.996462336000029 ], [ 121.595062368000086, 24.996371209000067 ], [ 121.594728237000041, 24.996265086000044 ], [ 121.59454820400002, 24.99629317100004 ], [ 121.594440413000029, 24.996309987000075 ], [ 121.59433456100011, 24.996158554000029 ], [ 121.594230029000073, 24.996002669000056 ], [ 121.594121402000056, 24.99582499000007 ], [ 121.594020708, 24.995636375000053 ], [ 121.59390380100001, 24.99539693600007 ], [ 121.593828300000041, 24.99523236900006 ], [ 121.593453225000076, 24.995004085000058 ], [ 121.593300930000055, 24.994340150000024 ], [ 121.592633827000085, 24.99158685400004 ], [ 121.592368420000071, 24.991565245000057 ], [ 121.59218698200003, 24.991550470000043 ], [ 121.592039748000047, 24.991576884000036 ], [ 121.59185397300007, 24.991719620000023 ], [ 121.591617544000087, 24.99183837900005 ], [ 121.59146369500003, 24.991915655000064 ], [ 121.59123709500011, 24.992029474000045 ], [ 121.590988311000032, 24.992154435000025 ], [ 121.590833152000087, 24.991995608000014 ], [ 121.590817562000112, 24.991783139000059 ], [ 121.590794052000092, 24.991462728000034 ], [ 121.59078005400012, 24.99127196300002 ], [ 121.590767928000105, 24.991106715000043 ], [ 121.590528926000047, 24.990906210000041 ], [ 121.590341354000074, 24.990793314000019 ], [ 121.590447805000053, 24.990534616000041 ], [ 121.590500950000092, 24.990212087000025 ], [ 121.590467982000064, 24.990012821000043 ], [ 121.590432966000094, 24.989801175000018 ], [ 121.590438958000064, 24.989540379000054 ], [ 121.590402383000082, 24.989331236000048 ], [ 121.590338288000126, 24.988964741000061 ], [ 121.590176551000013, 24.988790899000026 ], [ 121.589997745000105, 24.988862781000016 ], [ 121.589777131000133, 24.988951469000021 ], [ 121.589625242000025, 24.989189685000039 ], [ 121.589564501000027, 24.989525683000064 ], [ 121.589342836, 24.99011483400005 ], [ 121.589290856000048, 24.990379075000074 ], [ 121.589227179000076, 24.990702769000041 ], [ 121.589146133000114, 24.990932355000037 ], [ 121.589056657, 24.991185819000062 ], [ 121.588773769000113, 24.991290249000023 ], [ 121.588372451000055, 24.991519120000074 ], [ 121.58829212, 24.991312818000033 ], [ 121.588180112000032, 24.991166588000045 ], [ 121.58811482800003, 24.990977761000071 ], [ 121.588011385000087, 24.990678572000036 ], [ 121.587772929000039, 24.990591701000017 ], [ 121.587668174000086, 24.990455577000024 ], [ 121.587425954000096, 24.990329632000041 ], [ 121.587090734000071, 24.990155328000071 ], [ 121.586920731000092, 24.990161164000021 ], [ 121.586494056000106, 24.990288899000056 ], [ 121.58616282100003, 24.990489580000023 ], [ 121.58593111100005, 24.990629961000018 ], [ 121.585486112000012, 24.990661527000032 ], [ 121.585302499000022, 24.990735746000038 ], [ 121.584889547000103, 24.990902666000057 ], [ 121.584679040000083, 24.990844562000056 ], [ 121.584447279000088, 24.990863082000025 ], [ 121.584107346000096, 24.990890245000053 ], [ 121.583790399000023, 24.990984467000025 ], [ 121.583552019000095, 24.99091308600002 ], [ 121.58311534500001, 24.990857979000037 ], [ 121.582899976000036, 24.990858824000043 ], [ 121.582605268000066, 24.990798264000023 ], [ 121.582388676000051, 24.990602551000041 ], [ 121.58212684800003, 24.990365964000034 ], [ 121.581928069, 24.990278928000063 ], [ 121.581604799000047, 24.990233703000055 ], [ 121.581077812000117, 24.990256425000041 ], [ 121.580698283000061, 24.990373286000075 ], [ 121.580364159000055, 24.99035735600005 ], [ 121.580063705000029, 24.99034303300003 ], [ 121.579740895000114, 24.990395946000024 ], [ 121.579573293000067, 24.990390698000045 ], [ 121.579428913000029, 24.990311498000032 ], [ 121.579264425000034, 24.990221268000024 ], [ 121.578985558000127, 24.990068297000043 ], [ 121.578526927000112, 24.989816713000032 ], [ 121.578410617000046, 24.989665324000036 ], [ 121.578264221000055, 24.989624060000036 ], [ 121.57807540500005, 24.989600003000071 ], [ 121.577791050000087, 24.989503496000047 ], [ 121.577603078000038, 24.989452023000059 ], [ 121.577547269000078, 24.989358798000062 ], [ 121.577471467000024, 24.989232178000055 ], [ 121.577416333000087, 24.989190092000051 ], [ 121.577354156000069, 24.98914263100005 ], [ 121.577167908000078, 24.989000463000018 ], [ 121.577058168000022, 24.988823258000021 ], [ 121.57699901400008, 24.988620215000019 ], [ 121.57690898700001, 24.988599280000066 ], [ 121.5768548100001, 24.988585445000059 ], [ 121.57670920000011, 24.988525173000021 ], [ 121.576623440000049, 24.988481745000051 ], [ 121.576569365000069, 24.988446733000043 ], [ 121.576429045000069, 24.988340014000066 ], [ 121.576318476000097, 24.988250330000021 ], [ 121.576335533000034, 24.98805902700007 ], [ 121.576182202000041, 24.988003787000022 ], [ 121.576162565000132, 24.98798403100005 ], [ 121.576099492000012, 24.987963925000024 ], [ 121.576265295000098, 24.987534471000043 ], [ 121.577228238000089, 24.987349516000045 ], [ 121.577237667000091, 24.98734770500004 ], [ 121.57775384300011, 24.98724487600003 ], [ 121.577929792000077, 24.987206581000063 ], [ 121.578056171000071, 24.987174884000062 ], [ 121.578131196000058, 24.987152985000016 ], [ 121.57820355, 24.987123897000057 ], [ 121.57829763000008, 24.987073659000021 ], [ 121.578366573000054, 24.987036842000066 ], [ 121.578451988000097, 24.986982497000035 ], [ 121.578911097000059, 24.986617527000071 ], [ 121.579155817000014, 24.986409263000027 ], [ 121.57928980600002, 24.986313918000057 ], [ 121.579392365000103, 24.986261906000035 ], [ 121.579490976000116, 24.98621110800007 ], [ 121.57953695300013, 24.986178521000053 ], [ 121.579609052000038, 24.986095420000023 ], [ 121.579703710000103, 24.985957503000058 ], [ 121.579794391000064, 24.985804915000063 ], [ 121.579885109000102, 24.985468341000043 ], [ 121.579661159, 24.985523846000024 ], [ 121.579451224000096, 24.985518671000015 ], [ 121.579159970000092, 24.985511491000064 ], [ 121.578673981000065, 24.985398914000026 ], [ 121.578438746000074, 24.985328283000051 ], [ 121.578077951000068, 24.985200910000056 ], [ 121.577748821000114, 24.985144950000056 ], [ 121.577216849000024, 24.985247183000062 ], [ 121.576888387000054, 24.985334304000041 ], [ 121.576622367000027, 24.985378265000065 ], [ 121.576356135000083, 24.985379297000062 ], [ 121.576026740000103, 24.985266096000025 ], [ 121.575709951000022, 24.985071595000072 ], [ 121.574660379000079, 24.984427177000036 ], [ 121.574346182000127, 24.98421375700007 ], [ 121.574141406000081, 24.983956986000059 ], [ 121.573827280000046, 24.983757884000045 ], [ 121.573418595000021, 24.983430361000043 ], [ 121.573120262000089, 24.983259806000028 ], [ 121.572884625000043, 24.983103319000055 ], [ 121.572664659000111, 24.982946770000062 ], [ 121.572538784000017, 24.982818470000041 ], [ 121.572381060000112, 24.982575834000034 ], [ 121.572192879000113, 24.982519320000048 ], [ 121.57191872600005, 24.982582 ], [ 121.571685165000062, 24.984516224000053 ], [ 121.571717706000072, 24.984828663000023 ], [ 121.57177365500003, 24.985365831000021 ], [ 121.572118169000063, 24.98584653500005 ], [ 121.572392169000054, 24.986228846000063 ], [ 121.572460442000079, 24.986362514000064 ], [ 121.57245561700006, 24.986537676000069 ], [ 121.572536285000069, 24.986913404000063 ], [ 121.572503938000068, 24.987232905000031 ], [ 121.572147645000086, 24.98777644900002 ], [ 121.572067256000068, 24.987899089000049 ], [ 121.571629508000129, 24.988333477000022 ], [ 121.57149393400006, 24.988579915000059 ], [ 121.571450601000038, 24.988658688000037 ], [ 121.571209164000052, 24.988875964000037 ], [ 121.57104150400005, 24.989195985000034 ], [ 121.570980295000041, 24.989371356000046 ], [ 121.571877199000042, 24.99011652200004 ], [ 121.572140552000064, 24.990335318000064 ], [ 121.572168011000031, 24.990389316000051 ], [ 121.572334011000081, 24.990715756000043 ], [ 121.572183484000121, 24.991082072000033 ], [ 121.57209418, 24.991278162000068 ], [ 121.572004661000051, 24.99163415400005 ], [ 121.571753814000104, 24.991954444000037 ], [ 121.571713674000065, 24.992258258000042 ], [ 121.571736069000067, 24.992704017000044 ], [ 121.571736553000051, 24.992713653000056 ], [ 121.57184701100006, 24.993553038000066 ], [ 121.571908792000059, 24.994022520000041 ], [ 121.572056132000043, 24.994439482000065 ], [ 121.572155914000064, 24.994545819000045 ], [ 121.572411026000054, 24.994817682000072 ], [ 121.572766274000074, 24.995271807000044 ], [ 121.573308657000098, 24.995763153000034 ], [ 121.573871553000131, 24.99619748800006 ], [ 121.574412973000108, 24.996480078000037 ], [ 121.574912761000078, 24.996743841000054 ], [ 121.575246367000076, 24.997008256000061 ], [ 121.575288975000049, 24.997235833000044 ], [ 121.575165041000105, 24.997388146000034 ], [ 121.575136843000109, 24.997712642000057 ], [ 121.57513938000011, 24.997827150000028 ], [ 121.575148156000068, 24.998223270000029 ], [ 121.575377633, 24.998431146000026 ], [ 121.575822113000086, 24.998860407000045 ], [ 121.575982538000076, 24.998960203000021 ], [ 121.576152184000065, 24.99903044500007 ], [ 121.576482074000054, 24.999167032000052 ], [ 121.576877922000122, 24.999412214000067 ], [ 121.577731942000028, 24.999902345000059 ], [ 121.578226652000026, 25.000117834000029 ], [ 121.579005040000084, 25.000153914000059 ], [ 121.579461976000076, 25.000073338000046 ], [ 121.579861421000032, 24.999879979000063 ], [ 121.580159949000077, 24.999802898000041 ], [ 121.58126417600009, 25.000040401000032 ], [ 121.581687957000099, 25.000261624000071 ], [ 121.582624837000026, 25.000750691000064 ], [ 121.584034331000112, 25.001544257000027 ], [ 121.584530620000024, 25.001897452000033 ], [ 121.584992551000013, 25.002113418000071 ], [ 121.58521039500009, 25.002516295000071 ], [ 121.585992936000011, 25.002846165000044 ], [ 121.586695691000031, 25.002821203000043 ], [ 121.587033477000091, 25.002686688000033 ], [ 121.587418147000108, 25.00219015500004 ], [ 121.587499205000086, 25.002085522000069 ], [ 121.58771149800009, 25.001590282000052 ], [ 121.587957894000056, 25.000981993000035 ], [ 121.588226237000072, 25.000620335000058 ], [ 121.588431984000053, 25.000201993000072 ], [ 121.588845014000071, 24.999687945000051 ], [ 121.589279267000052, 24.999268696000051 ], [ 121.58985983500007, 24.999038653000067 ], [ 121.590357038000107, 24.998751999000028 ], [ 121.591246386000094, 24.997932377000026 ], [ 121.591639169000032, 24.997532272000051 ], [ 121.592300999000045, 24.996922322000032 ], [ 121.592694686000087, 24.996711990000044 ], [ 121.593379464, 24.996557425000038 ], [ 121.594087388000062, 24.996896220000053 ], [ 121.594100234000052, 24.996913963000047 ], [ 121.594484722000075, 24.997445008000057 ], [ 121.594529647000044, 24.998147037000017 ], [ 121.594801984000028, 24.99862040600004 ], [ 121.595073407000086, 24.99890400200006 ], [ 121.595366153000086, 24.999301373000026 ], [ 121.595389030000092, 24.99973779600003 ], [ 121.595183490000082, 25.000194099000048 ], [ 121.595227688000037, 25.000744297000029 ], [ 121.59525102200007, 25.001275602000078 ], [ 121.595385338000028, 25.001664675000022 ], [ 121.59547988100006, 25.002070332000063 ], [ 121.595630316000111, 25.00254342800002 ], [ 121.595929874000049, 25.003218949000026 ], [ 121.59600566000006, 25.003573923000026 ], [ 121.596054276000018, 25.004150706000075 ], [ 121.596067157000107, 25.004303527000044 ], [ 121.596135946000118, 25.004291467000023 ], [ 121.596184943000026, 25.00429199400002 ], [ 121.596200252, 25.004292159000038 ], [ 121.596236865000037, 25.004298782000024 ], [ 121.596277415000031, 25.004324900000029 ], [ 121.596334501000115, 25.004369260000026 ], [ 121.596424418000069, 25.004420269000029 ], [ 121.596585073000043, 25.004488003000048 ], [ 121.596754342000068, 25.004529278000053 ], [ 121.596925981000027, 25.004551004000056 ], [ 121.597086112000056, 25.004552168000025 ], [ 121.597191810000041, 25.004526166000051 ] ] ] } },
{ "type": "Feature", "properties": { "COUNTY": "臺北市", "TOWN": "文山區", "VILLAGE": "萬盛里", "geo_iid": "臺北市文山區萬盛里", "size_counts": 3 }, "geometry": { "type": "Polygon", "coordinates": [ [ [ 121.539201638, 25.008588373000059 ], [ 121.540092727000129, 25.008327251000019 ], [ 121.540558897000096, 25.008222736000047 ], [ 121.540999753000065, 25.008143698000023 ], [ 121.541323255000066, 25.008115101000033 ], [ 121.541336408000021, 25.008115466000042 ], [ 121.541509538000014, 25.008120266000041 ], [ 121.541541543000108, 25.008121154000033 ], [ 121.541665360000025, 25.008128474000035 ], [ 121.541759863000038, 25.008134061000071 ], [ 121.542166579000096, 25.008201102000033 ], [ 121.542611166000029, 25.008322831000037 ], [ 121.542912547000029, 25.008397107000061 ], [ 121.543334498000036, 25.008505204000066 ], [ 121.543537832000098, 25.008555319000035 ], [ 121.543635880000011, 25.008579485000038 ], [ 121.543745087000048, 25.008499277000055 ], [ 121.543748410000049, 25.008496837000045 ], [ 121.543965545000106, 25.008242463000034 ], [ 121.544017862000032, 25.008160024000055 ], [ 121.544167838000021, 25.008036126000032 ], [ 121.544460719000085, 25.007891128000033 ], [ 121.544535828000107, 25.007856582000045 ], [ 121.54461855600006, 25.007842574000044 ], [ 121.544723922000131, 25.007842180000061 ], [ 121.544822006000103, 25.007896648000035 ], [ 121.544935264000046, 25.007978478000037 ], [ 121.54498063500013, 25.008026288000043 ], [ 121.545185572000022, 25.008082878000028 ], [ 121.545194853000112, 25.008005317000027 ], [ 121.545412451000061, 25.00618664000006 ], [ 121.545456913000066, 25.005362622000053 ], [ 121.545408718000104, 25.005340833000041 ], [ 121.54543656400007, 25.005293126000023 ], [ 121.545496300000096, 25.005205027000041 ], [ 121.545564057000078, 25.005120565000027 ], [ 121.545627904000085, 25.005054427000051 ], [ 121.545655830000115, 25.005025027000038 ], [ 121.544530259000126, 25.004091359000025 ], [ 121.544086929000073, 25.003723601000036 ], [ 121.544042674000025, 25.003686566000045 ], [ 121.542913259000116, 25.002741415000052 ], [ 121.542982729000087, 25.002615570000042 ], [ 121.542208321000103, 25.002085865000019 ], [ 121.542155758000035, 25.002049912000068 ], [ 121.542096262000086, 25.002009215000033 ], [ 121.541983030000083, 25.001973735000025 ], [ 121.541497027000105, 25.002713056000051 ], [ 121.541383375, 25.002885943000017 ], [ 121.540856262000048, 25.003687789000022 ], [ 121.540717908000019, 25.003828791000036 ], [ 121.54071127300007, 25.003835555000023 ], [ 121.540556992, 25.003992789000048 ], [ 121.540080769000042, 25.004162956000069 ], [ 121.538773252000055, 25.004341769000053 ], [ 121.538791232000122, 25.00450973400007 ], [ 121.538797837000061, 25.004545368000027 ], [ 121.538847155000099, 25.004811466000024 ], [ 121.53885154700005, 25.004832320000048 ], [ 121.538897719000047, 25.005051614000017 ], [ 121.538908352000036, 25.005102118000018 ], [ 121.538941057000102, 25.005257447000069 ], [ 121.538958344000093, 25.005319559000039 ], [ 121.538967337000031, 25.005351867000051 ], [ 121.538972830000048, 25.005614919000035 ], [ 121.538981862000028, 25.006047564000021 ], [ 121.538975961, 25.006101808000032 ], [ 121.538948706000042, 25.006352237000037 ], [ 121.538934778000112, 25.006454684000058 ], [ 121.538867448000033, 25.006784119000024 ], [ 121.538864433000057, 25.00679887200004 ], [ 121.538706272000013, 25.007105099000047 ], [ 121.538657825000087, 25.007198902000024 ], [ 121.538602236000102, 25.007306533000062 ], [ 121.538302234000071, 25.007815668000028 ], [ 121.537987160000071, 25.008350381000071 ], [ 121.537929858000098, 25.008449206000019 ], [ 121.537964210000055, 25.008429491000072 ], [ 121.538059153000049, 25.008484002000031 ], [ 121.53818412300005, 25.00851490400003 ], [ 121.538356412000113, 25.008537790000041 ], [ 121.53850280100005, 25.008545087000066 ], [ 121.538631905000102, 25.008536784000054 ], [ 121.538748180000084, 25.008548108000063 ], [ 121.538890129000052, 25.008524086000019 ], [ 121.539066600000083, 25.008519516000032 ], [ 121.539109559000053, 25.008499762000032 ], [ 121.539135457000043, 25.008515350000032 ], [ 121.539131289, 25.008546710000068 ], [ 121.539092805000109, 25.008605631000012 ], [ 121.539075674000074, 25.008625286000029 ], [ 121.539201638, 25.008588373000059 ] ] ] } },
{ "type": "Feature", "properties": { "COUNTY": "臺北市", "TOWN": "文山區", "VILLAGE": "萬年里", "geo_iid": "臺北市文山區萬年里", "size_counts": 2 }, "geometry": { "type": "Polygon", "coordinates": [ [ [ 121.537085868000091, 25.011229384000043 ], [ 121.537131023000043, 25.011122394000033 ], [ 121.53717183500008, 25.01102569500005 ], [ 121.537190159000033, 25.010982278000018 ], [ 121.537234537000018, 25.010803930000062 ], [ 121.537337809000064, 25.010323830000047 ], [ 121.537558558000114, 25.009592668000028 ], [ 121.537589467000089, 25.009359568000029 ], [ 121.537648584000081, 25.009096808000031 ], [ 121.53775505100009, 25.008833866000021 ], [ 121.537763927000015, 25.008808582000022 ], [ 121.537852840000042, 25.008555293000022 ], [ 121.537926367000068, 25.008454016000027 ], [ 121.537929858000098, 25.008449206000019 ], [ 121.537987160000071, 25.008350381000071 ], [ 121.538302234000071, 25.007815668000028 ], [ 121.538602236000102, 25.007306533000062 ], [ 121.538657825000087, 25.007198902000024 ], [ 121.538706272000013, 25.007105099000047 ], [ 121.538864433000057, 25.00679887200004 ], [ 121.538867448000033, 25.006784119000024 ], [ 121.538934778000112, 25.006454684000058 ], [ 121.538948706000042, 25.006352237000037 ], [ 121.538975961, 25.006101808000032 ], [ 121.538981862000028, 25.006047564000021 ], [ 121.538972830000048, 25.005614919000035 ], [ 121.538967337000031, 25.005351867000051 ], [ 121.538958344000093, 25.005319559000039 ], [ 121.538941057000102, 25.005257447000069 ], [ 121.538908352000036, 25.005102118000018 ], [ 121.538897719000047, 25.005051614000017 ], [ 121.53885154700005, 25.004832320000048 ], [ 121.538847155000099, 25.004811466000024 ], [ 121.538797837000061, 25.004545368000027 ], [ 121.538791232000122, 25.00450973400007 ], [ 121.538773252000055, 25.004341769000053 ], [ 121.538732573000047, 25.004093026000074 ], [ 121.538649240000055, 25.003583462000048 ], [ 121.538648396000099, 25.003576936000044 ], [ 121.538637348000066, 25.003491607000054 ], [ 121.538639682000067, 25.003368203000029 ], [ 121.538647660000052, 25.00322115300002 ], [ 121.53865829400003, 25.003024203000052 ], [ 121.538671498000085, 25.002874270000056 ], [ 121.538678258000118, 25.002797515000047 ], [ 121.538685922000013, 25.002772398000044 ], [ 121.538290019000101, 25.002664280000023 ], [ 121.537943241000093, 25.002804831000038 ], [ 121.537479495000085, 25.002992789000068 ], [ 121.537269932000058, 25.002987203000025 ], [ 121.53719826400004, 25.002985293000048 ], [ 121.537176062000086, 25.003074791000067 ], [ 121.53707982800006, 25.003050764000019 ], [ 121.537070888000017, 25.003026665000039 ], [ 121.537080923000076, 25.002982166000031 ], [ 121.536749793000013, 25.002973339000039 ], [ 121.536711528000055, 25.003412489000024 ], [ 121.536548244000087, 25.004229779000067 ], [ 121.536537773000063, 25.004282192000055 ], [ 121.536452686000089, 25.004707216000039 ], [ 121.536251471, 25.004723804000026 ], [ 121.535720081000022, 25.004767610000041 ], [ 121.53582715000006, 25.005140352000055 ], [ 121.535927265000055, 25.005488876000062 ], [ 121.536117319000027, 25.005958047000032 ], [ 121.536232104000078, 25.006196653000067 ], [ 121.53645819200004, 25.006636914000065 ], [ 121.536464934000037, 25.00665084000007 ], [ 121.536478496000086, 25.006678847000046 ], [ 121.536421188000091, 25.006718435000032 ], [ 121.535160484000016, 25.006696071000071 ], [ 121.534084444000072, 25.006676974000062 ], [ 121.533973432000039, 25.006540997000048 ], [ 121.53392842300002, 25.006485869000073 ], [ 121.533764261000101, 25.006405069000035 ], [ 121.533531546000063, 25.00642428500003 ], [ 121.533437048000124, 25.00650338600007 ], [ 121.53333942800009, 25.00652737100005 ], [ 121.53327857400005, 25.006409439000027 ], [ 121.532717216000052, 25.00630834400004 ], [ 121.532558373000015, 25.006279739000021 ], [ 121.532555726000055, 25.006304254000035 ], [ 121.532551407000014, 25.006344255000037 ], [ 121.532558614000081, 25.006462463000044 ], [ 121.532551629000068, 25.006539434000043 ], [ 121.532523890000107, 25.006707232000053 ], [ 121.532505949000097, 25.00683592800004 ], [ 121.532496660000106, 25.006941627000053 ], [ 121.532463954000036, 25.007119788000061 ], [ 121.532440677000068, 25.007210631000074 ], [ 121.532417496000107, 25.007314113000056 ], [ 121.532387200000016, 25.007477333000043 ], [ 121.532339282000081, 25.007645244000052 ], [ 121.532279852000087, 25.00779259800003 ], [ 121.532234046000113, 25.007906543000043 ], [ 121.532173416000106, 25.00806191800006 ], [ 121.532151190000036, 25.008125213000024 ], [ 121.532115169, 25.008198913000054 ], [ 121.532082873000036, 25.008264570000041 ], [ 121.532008335000114, 25.008415435000074 ], [ 121.53194243300004, 25.008520874000048 ], [ 121.531938591000085, 25.008527021000074 ], [ 121.531916109000022, 25.008562987000058 ], [ 121.531846682000051, 25.008668648000018 ], [ 121.531914073000053, 25.00871248300006 ], [ 121.531950903000052, 25.008724519000047 ], [ 121.532212381000036, 25.008884909000063 ], [ 121.532259226000065, 25.008893876000052 ], [ 121.532520693000023, 25.009051221000043 ], [ 121.532865916000105, 25.009247839000061 ], [ 121.533232381000076, 25.009436916000016 ], [ 121.533454613000131, 25.009578341000061 ], [ 121.533616125000094, 25.009668377000022 ], [ 121.533905899000061, 25.009831295000019 ], [ 121.534186254000019, 25.010007193000025 ], [ 121.534480845000076, 25.010187366000014 ], [ 121.534765957000104, 25.010367561000056 ], [ 121.534951370000044, 25.010504971000039 ], [ 121.53507497300005, 25.010595133000034 ], [ 121.535265013000071, 25.01070664000002 ], [ 121.53537438, 25.010792543000036 ], [ 121.535588114000021, 25.010903959000068 ], [ 121.535702110000088, 25.010963957000055 ], [ 121.535882409000024, 25.011015082000021 ], [ 121.536043697000082, 25.011053332000071 ], [ 121.536266647000048, 25.011104303000021 ], [ 121.53642314, 25.011129623000038 ], [ 121.536639043000051, 25.011182245000033 ], [ 121.536809771000094, 25.01121182800005 ], [ 121.537013748000049, 25.011258559000051 ], [ 121.537065199000054, 25.011266563000049 ], [ 121.537085868000091, 25.011229384000043 ] ] ] } },
{ "type": "Feature", "properties": { "COUNTY": "臺北市", "TOWN": "文山區", "VILLAGE": "博嘉里", "geo_iid": "臺北市文山區博嘉里", "size_counts": 1 }, "geometry": { "type": "Polygon", "coordinates": [ [ [ 121.595437479000097, 25.015492968000039 ], [ 121.595570653000095, 25.015425771000018 ], [ 121.595651072000024, 25.015385193000039 ], [ 121.595809077000013, 25.015208467000029 ], [ 121.595884504000082, 25.015094964000063 ], [ 121.59602767100013, 25.014993403000055 ], [ 121.596165565000092, 25.014942537000017 ], [ 121.596358713000072, 25.01489145600004 ], [ 121.596607113000132, 25.014840139000054 ], [ 121.596660768000106, 25.014816384000021 ], [ 121.596683161000087, 25.01480647000005 ], [ 121.596965508000054, 25.014681466000063 ], [ 121.597110153000017, 25.01459912700005 ], [ 121.597211485000116, 25.014453450000072 ], [ 121.59726073700007, 25.014382645000062 ], [ 121.597253021000029, 25.014349886000041 ], [ 121.59727009900007, 25.014277457000038 ], [ 121.597354539000094, 25.014112718000028 ], [ 121.597420038000124, 25.013944669000068 ], [ 121.597488249000094, 25.013800706000037 ], [ 121.59753891700008, 25.013670643000061 ], [ 121.597564088000027, 25.01350517600001 ], [ 121.597583290000102, 25.013382228000062 ], [ 121.597566075000032, 25.013277898000062 ], [ 121.597525982000107, 25.01315077200006 ], [ 121.597483542000063, 25.013045487000049 ], [ 121.597412004000034, 25.01292776900004 ], [ 121.597331884000027, 25.012841097000027 ], [ 121.5972632390001, 25.012770422000067 ], [ 121.597196091000129, 25.012729579000041 ], [ 121.597050400000043, 25.012642231000022 ], [ 121.596961648000047, 25.012579726000055 ], [ 121.596891887000083, 25.012527418000047 ], [ 121.596827196000049, 25.012478529000074 ], [ 121.596724060000042, 25.012350709000028 ], [ 121.596620728000076, 25.012198786000052 ], [ 121.596553972000038, 25.012047744000025 ], [ 121.596507633000101, 25.011927550000046 ], [ 121.59646213800012, 25.011754548000049 ], [ 121.596442456000091, 25.011657125000053 ], [ 121.596419926000081, 25.011518401000043 ], [ 121.596403881000029, 25.011402582000066 ], [ 121.596416890000114, 25.011293455000033 ], [ 121.596429836000098, 25.011176281000061 ], [ 121.596427344000048, 25.011020198000033 ], [ 121.596426744000041, 25.010944445000053 ], [ 121.596414511000035, 25.010832051000012 ], [ 121.596398248000014, 25.010688689000052 ], [ 121.596352826000043, 25.010524868000051 ], [ 121.596305245000053, 25.010406979000027 ], [ 121.596250010000077, 25.01027767000004 ], [ 121.596179352000021, 25.010111738000028 ], [ 121.596163860000033, 25.010065938000015 ], [ 121.596116134000113, 25.00992968100007 ], [ 121.596085407000047, 25.009870208000045 ], [ 121.596053226000095, 25.009786647000045 ], [ 121.596018624000067, 25.009715729000042 ], [ 121.595992612000046, 25.009614909000046 ], [ 121.595951282000101, 25.009490090000039 ], [ 121.595934392000132, 25.009427078000041 ], [ 121.595909781000032, 25.009343461000071 ], [ 121.595891593000019, 25.009275879000022 ], [ 121.59587944700003, 25.009174958000063 ], [ 121.595863760000057, 25.009103888000016 ], [ 121.595865177000064, 25.008963858000072 ], [ 121.595869244000042, 25.00883986000002 ], [ 121.595868500000051, 25.008745737000023 ], [ 121.595867749000035, 25.008650477000057 ], [ 121.595849400000034, 25.008562230000049 ], [ 121.595844949000039, 25.008477329000065 ], [ 121.595825628000057, 25.008425803000023 ], [ 121.595804263000105, 25.008274443000055 ], [ 121.595776801000056, 25.008149525000078 ], [ 121.595768790000093, 25.00809334000007 ], [ 121.595740621000118, 25.008038454000022 ], [ 121.595730979000109, 25.007935221000022 ], [ 121.595706447000097, 25.007861921000028 ], [ 121.595700717000113, 25.007774724000058 ], [ 121.595680475000108, 25.007606144000071 ], [ 121.595653749, 25.007414649000044 ], [ 121.595661830000026, 25.007320464000024 ], [ 121.595648562000079, 25.007236773000045 ], [ 121.595640373000037, 25.007157638000013 ], [ 121.595652066000071, 25.007041618000073 ], [ 121.595669181000062, 25.006973777000034 ], [ 121.59570634100011, 25.006889721000046 ], [ 121.595789933000106, 25.00677779100004 ], [ 121.595857350000074, 25.006693523000013 ], [ 121.595902268000017, 25.006633523000051 ], [ 121.595933088000038, 25.006544916000045 ], [ 121.595950051000045, 25.006457564000065 ], [ 121.595971792000114, 25.006336892000022 ], [ 121.595973446000016, 25.006226690000059 ], [ 121.595973681000032, 25.006096981000042 ], [ 121.595986997000082, 25.006026869000035 ], [ 121.595963988000108, 25.005827319000041 ], [ 121.595959385, 25.005722892000048 ], [ 121.595957553000048, 25.005650593000031 ], [ 121.595929529000031, 25.005454517000029 ], [ 121.595931522000129, 25.005387926000022 ], [ 121.595924530000062, 25.005312957000051 ], [ 121.595920505000095, 25.005269785000042 ], [ 121.59586306000007, 25.004860415000042 ], [ 121.595876051000118, 25.004748995000046 ], [ 121.595890446000126, 25.004655912000029 ], [ 121.595905211000073, 25.004609900000037 ], [ 121.595911953000041, 25.004505401000063 ], [ 121.59593910000001, 25.004430592000055 ], [ 121.5959939910001, 25.004356751000042 ], [ 121.596009191, 25.004343872000042 ], [ 121.596054108000104, 25.004305815000066 ], [ 121.596067157000107, 25.004303527000044 ], [ 121.596054276000018, 25.004150706000075 ], [ 121.59600566000006, 25.003573923000026 ], [ 121.595929874000049, 25.003218949000026 ], [ 121.595630316000111, 25.00254342800002 ], [ 121.59547988100006, 25.002070332000063 ], [ 121.595385338000028, 25.001664675000022 ], [ 121.59525102200007, 25.001275602000078 ], [ 121.595227688000037, 25.000744297000029 ], [ 121.595183490000082, 25.000194099000048 ], [ 121.595389030000092, 24.99973779600003 ], [ 121.595366153000086, 24.999301373000026 ], [ 121.595073407000086, 24.99890400200006 ], [ 121.594801984000028, 24.99862040600004 ], [ 121.594529647000044, 24.998147037000017 ], [ 121.594484722000075, 24.997445008000057 ], [ 121.594100234000052, 24.996913963000047 ], [ 121.594087388000062, 24.996896220000053 ], [ 121.593379464, 24.996557425000038 ], [ 121.592694686000087, 24.996711990000044 ], [ 121.592300999000045, 24.996922322000032 ], [ 121.591639169000032, 24.997532272000051 ], [ 121.591246386000094, 24.997932377000026 ], [ 121.590357038000107, 24.998751999000028 ], [ 121.58985983500007, 24.999038653000067 ], [ 121.589279267000052, 24.999268696000051 ], [ 121.588845014000071, 24.999687945000051 ], [ 121.588431984000053, 25.000201993000072 ], [ 121.588226237000072, 25.000620335000058 ], [ 121.587957894000056, 25.000981993000035 ], [ 121.58771149800009, 25.001590282000052 ], [ 121.587499205000086, 25.002085522000069 ], [ 121.587418147000108, 25.00219015500004 ], [ 121.587033477000091, 25.002686688000033 ], [ 121.586695691000031, 25.002821203000043 ], [ 121.585992936000011, 25.002846165000044 ], [ 121.58521039500009, 25.002516295000071 ], [ 121.584992551000013, 25.002113418000071 ], [ 121.584530620000024, 25.001897452000033 ], [ 121.584034331000112, 25.001544257000027 ], [ 121.582624837000026, 25.000750691000064 ], [ 121.581687957000099, 25.000261624000071 ], [ 121.58126417600009, 25.000040401000032 ], [ 121.580159949000077, 24.999802898000041 ], [ 121.579861421000032, 24.999879979000063 ], [ 121.579461976000076, 25.000073338000046 ], [ 121.579005040000084, 25.000153914000059 ], [ 121.578226652000026, 25.000117834000029 ], [ 121.577731942000028, 24.999902345000059 ], [ 121.576877922000122, 24.999412214000067 ], [ 121.576482074000054, 24.999167032000052 ], [ 121.576152184000065, 24.99903044500007 ], [ 121.575982538000076, 24.998960203000021 ], [ 121.575822113000086, 24.998860407000045 ], [ 121.575377633, 24.998431146000026 ], [ 121.575148156000068, 24.998223270000029 ], [ 121.57513938000011, 24.997827150000028 ], [ 121.575136843000109, 24.997712642000057 ], [ 121.575165041000105, 24.997388146000034 ], [ 121.575288975000049, 24.997235833000044 ], [ 121.575246367000076, 24.997008256000061 ], [ 121.574912761000078, 24.996743841000054 ], [ 121.574412973000108, 24.996480078000037 ], [ 121.573871553000131, 24.99619748800006 ], [ 121.573308657000098, 24.995763153000034 ], [ 121.572766274000074, 24.995271807000044 ], [ 121.572411026000054, 24.994817682000072 ], [ 121.572155914000064, 24.994545819000045 ], [ 121.571892697000081, 24.99476791100005 ], [ 121.57176361300003, 24.994862841000032 ], [ 121.571749234000094, 24.994868500000045 ], [ 121.571410241000095, 24.995001913000063 ], [ 121.571138981000104, 24.995160341000016 ], [ 121.57101314800002, 24.995280522000023 ], [ 121.570919764000109, 24.995369713000056 ], [ 121.570812520000132, 24.995519648000023 ], [ 121.570731160000022, 24.995665538000022 ], [ 121.570675897000129, 24.995850680000043 ], [ 121.570650863000068, 24.996039634000052 ], [ 121.570652378000105, 24.996100271000035 ], [ 121.570656165000074, 24.996252089000041 ], [ 121.57067401200004, 24.996377926000029 ], [ 121.570704636000073, 24.996464370000062 ], [ 121.570761599000093, 24.996645145000048 ], [ 121.570839767000052, 24.996743215000038 ], [ 121.570871761000021, 24.996753905000041 ], [ 121.571142444000103, 24.996844349000071 ], [ 121.571418784000116, 24.996868297000038 ], [ 121.571794638000028, 24.996900867000072 ], [ 121.572136107, 24.996986115000027 ], [ 121.572352626000111, 24.997126932000068 ], [ 121.572457174000064, 24.997327195000018 ], [ 121.572527248000029, 24.99754234300007 ], [ 121.572607841000021, 24.997697451000072 ], [ 121.572653391000017, 24.997744493000024 ], [ 121.572768263000071, 24.997842410000022 ], [ 121.572835425000108, 24.997895273000026 ], [ 121.572859498000085, 24.99796600500002 ], [ 121.572866574000045, 24.998094835000067 ], [ 121.572883645000047, 24.998275992000053 ], [ 121.572902895000098, 24.998480283000038 ], [ 121.572989226000118, 24.998857629000035 ], [ 121.572991036000076, 24.998865541000029 ], [ 121.573065618000101, 24.999121008000024 ], [ 121.573078876000082, 24.999187845000044 ], [ 121.573114898000085, 24.999254515000072 ], [ 121.573144979000062, 24.999300460000018 ], [ 121.573181843000043, 24.999322292000038 ], [ 121.57323236000002, 24.999316870000026 ], [ 121.573269011000079, 24.999292641000061 ], [ 121.573385430000016, 24.999134139000031 ], [ 121.57346093700005, 24.999065795000021 ], [ 121.5734930200001, 24.999052075000062 ], [ 121.573561951000102, 24.999052846000033 ], [ 121.573598777000043, 24.999068413000025 ], [ 121.573628815, 24.999093746000025 ], [ 121.57363336700007, 24.999097584000019 ], [ 121.573645033000048, 24.999135231000022 ], [ 121.573631613000089, 24.999212744000026 ], [ 121.573533674000046, 24.999395263000039 ], [ 121.573337375000051, 24.99967028400004 ], [ 121.573159093000072, 24.999865678000042 ], [ 121.573047147, 25.000000105000019 ], [ 121.572864312000092, 25.000202839000043 ], [ 121.572796933000078, 25.000340238000021 ], [ 121.572500170000026, 25.000945390000023 ], [ 121.572074155000109, 25.001689740000071 ], [ 121.572058610000127, 25.001709185000035 ], [ 121.571959846000027, 25.001832725000035 ], [ 121.571909321, 25.001895924000042 ], [ 121.571898485000034, 25.002112342000022 ], [ 121.571900487000093, 25.00254507600004 ], [ 121.571901359000108, 25.002733265000064 ], [ 121.57190279100007, 25.003042718000071 ], [ 121.571798509000018, 25.003540773000044 ], [ 121.571693686000117, 25.003919821000061 ], [ 121.571541187000079, 25.004234141000033 ], [ 121.571435162000071, 25.004353556000058 ], [ 121.571245936000082, 25.004408388000044 ], [ 121.570654672000046, 25.004594578000017 ], [ 121.570240743000113, 25.004715167000022 ], [ 121.569874138000046, 25.004824764000023 ], [ 121.569495385000096, 25.004869487000057 ], [ 121.569104583000012, 25.004870984000028 ], [ 121.568749217000118, 25.00485070500002 ], [ 121.568576637000106, 25.00483081000004 ], [ 121.568476702000126, 25.004819292000025 ], [ 121.568145362000109, 25.004874654000041 ], [ 121.567885531000115, 25.005027101000053 ], [ 121.567741284000022, 25.005119591000032 ], [ 121.567207381000117, 25.005461929000024 ], [ 121.567060654000102, 25.005556008000031 ], [ 121.566799220000021, 25.005723636000013 ], [ 121.566353937000031, 25.006932943000034 ], [ 121.566344810000047, 25.006953164000027 ], [ 121.566259688000073, 25.007141768000047 ], [ 121.565479189000044, 25.007118658000024 ], [ 121.565367648, 25.007189490000023 ], [ 121.565037470000121, 25.007399165000034 ], [ 121.565035820000048, 25.007400212000046 ], [ 121.564859858000091, 25.007511954000041 ], [ 121.564421830000015, 25.007681397000052 ], [ 121.564275514000087, 25.00776663300007 ], [ 121.56451160600011, 25.007760853000033 ], [ 121.564678027, 25.007774882000035 ], [ 121.564898179000011, 25.007803359000029 ], [ 121.565182907, 25.007870684000057 ], [ 121.565285044, 25.00790939500007 ], [ 121.565494624000067, 25.007972118000055 ], [ 121.565815748000091, 25.008092631000057 ], [ 121.56588277700007, 25.008108182000061 ], [ 121.565900945000067, 25.008112397000041 ], [ 121.565950934000071, 25.008123994000062 ], [ 121.565960796000013, 25.008126286000049 ], [ 121.566111345000095, 25.008167306000072 ], [ 121.56634211100004, 25.00823018300002 ], [ 121.566385274000027, 25.008241944000069 ], [ 121.566580946000045, 25.008288865000047 ], [ 121.566686123000053, 25.008314086000031 ], [ 121.567169970000023, 25.008502824000054 ], [ 121.567363676, 25.008614465000043 ], [ 121.567611387000056, 25.008799218000028 ], [ 121.567745793000071, 25.00885244800002 ], [ 121.56789643500008, 25.008934941000057 ], [ 121.568100602000086, 25.008987915000027 ], [ 121.568278122000052, 25.00908007900005 ], [ 121.568358911, 25.009143302000041 ], [ 121.56846114300005, 25.009201548000071 ], [ 121.568541911000025, 25.009259874000062 ], [ 121.568803407000033, 25.009433079000065 ], [ 121.568964850000057, 25.00953019100006 ], [ 121.569034816000126, 25.009573908000039 ], [ 121.569357613000079, 25.009748574000056 ], [ 121.569546457000115, 25.009967748000062 ], [ 121.569654716000059, 25.010167673000062 ], [ 121.569692690000011, 25.010255480000062 ], [ 121.569833169000049, 25.010460182000024 ], [ 121.569930469000042, 25.010611286000024 ], [ 121.570000552000025, 25.01067943900005 ], [ 121.570092007000099, 25.010727947000074 ], [ 121.570414626000115, 25.010863530000044 ], [ 121.570522132000065, 25.01090221000004 ], [ 121.570704955000124, 25.010979690000049 ], [ 121.570893928000046, 25.011074368000031 ], [ 121.57098168500012, 25.011118336000035 ], [ 121.57104809000009, 25.011155414000015 ], [ 121.571094674000065, 25.011181424000029 ], [ 121.571245504000117, 25.011303002000023 ], [ 121.571397216000037, 25.011425403000022 ], [ 121.571498680000118, 25.011507265000031 ], [ 121.571563306000044, 25.011555884000071 ], [ 121.571680002000107, 25.011650336000049 ], [ 121.571719525000063, 25.011682325000027 ], [ 121.571767569000016, 25.011731356000034 ], [ 121.571843544000089, 25.011808893000016 ], [ 121.571897735000121, 25.01192108300005 ], [ 121.571936188000109, 25.012111498000021 ], [ 121.571974850000075, 25.012345908000032 ], [ 121.571975221000116, 25.012349691000047 ], [ 121.571997388000113, 25.012575484000017 ], [ 121.572019387000054, 25.012713370000029 ], [ 121.572030643000076, 25.012783915000046 ], [ 121.572074989000043, 25.013086708000053 ], [ 121.572082221000088, 25.013131437000016 ], [ 121.572091568000019, 25.013189256000025 ], [ 121.572113308000112, 25.013247820000057 ], [ 121.572178072000057, 25.01332575300005 ], [ 121.572184042000117, 25.013333161000041 ], [ 121.572207317000107, 25.013362041000047 ], [ 121.57235080100007, 25.013540080000038 ], [ 121.572388528000033, 25.013574144000067 ], [ 121.572517254000118, 25.013558986000071 ], [ 121.572634974000039, 25.013485242000058 ], [ 121.572790051000069, 25.013367361000057 ], [ 121.572913205000063, 25.013308250000016 ], [ 121.573030430000017, 25.013270933000047 ], [ 121.573068602000035, 25.013258780000054 ], [ 121.57312180100007, 25.01324387600004 ], [ 121.573245466000117, 25.013209229000029 ], [ 121.573486889000037, 25.01319364700003 ], [ 121.57380876000002, 25.013167956000068 ], [ 121.574141546000078, 25.013181330000048 ], [ 121.574549418000061, 25.013184629000015 ], [ 121.574627636000073, 25.013180696000052 ], [ 121.574869269000033, 25.013168552000018 ], [ 121.574986510000031, 25.013176635000033 ], [ 121.575137682000104, 25.013187057000035 ], [ 121.575229097000033, 25.01322579400005 ], [ 121.575336745000072, 25.013293792000059 ], [ 121.575374654000029, 25.013366936000061 ], [ 121.575568995000026, 25.013610508000056 ], [ 121.575693178000066, 25.013771279000014 ], [ 121.575752465000065, 25.013824802000038 ], [ 121.575957537000036, 25.014068322000064 ], [ 121.576016822000057, 25.014121847000066 ], [ 121.576140777000091, 25.014233747000045 ], [ 121.576194512000029, 25.01424820100004 ], [ 121.576298179000105, 25.014230624000039 ], [ 121.576352503000066, 25.014221414000065 ], [ 121.576489438000067, 25.014198196000045 ], [ 121.576714576000086, 25.014143561000019 ], [ 121.576875363000113, 25.014098961000055 ], [ 121.57717537900011, 25.013990290000034 ], [ 121.577298601000052, 25.013945825000061 ], [ 121.577437922000072, 25.013901308000065 ], [ 121.577613282000016, 25.01385765600002 ], [ 121.577747422, 25.013852249000017 ], [ 121.57780684300009, 25.013854966000039 ], [ 121.578042644000092, 25.013865744000043 ], [ 121.578315549000067, 25.01369854600005 ], [ 121.578636453000058, 25.013467635000037 ], [ 121.578796867000065, 25.013344842000034 ], [ 121.57912327400004, 25.013143222000046 ], [ 121.579256952000037, 25.013040087000029 ], [ 121.579502581000057, 25.012780141000057 ], [ 121.579598760000067, 25.012691813000057 ], [ 121.579855516000066, 25.012514892000059 ], [ 121.579973324000093, 25.012460670000042 ], [ 121.580150205000109, 25.012416006000016 ], [ 121.580257257000085, 25.012356952000058 ], [ 121.580278560000011, 25.01232266900006 ], [ 121.580383318000031, 25.012255182000043 ], [ 121.580414070000074, 25.012239947000054 ], [ 121.580452920000099, 25.012220701000032 ], [ 121.580554904000124, 25.012225187000066 ], [ 121.580651523000029, 25.012229696000073 ], [ 121.580659906000065, 25.012232008000066 ], [ 121.580721379000011, 25.012248966000069 ], [ 121.580780642000022, 25.012297595000057 ], [ 121.580823849000012, 25.012356065000056 ], [ 121.580904645000032, 25.012419268000027 ], [ 121.58102296200002, 25.012472558000063 ], [ 121.581108870000094, 25.012482 ], [ 121.581132561000118, 25.012481907000041 ], [ 121.581302059000109, 25.012481244000067 ], [ 121.581484517000035, 25.012480531000048 ], [ 121.581774280000118, 25.012474495000042 ], [ 121.582080234000045, 25.012487958000058 ], [ 121.582316377000097, 25.012491909000051 ], [ 121.582531240000108, 25.012535052000032 ], [ 121.582638733000067, 25.012568826000063 ], [ 121.58284853300006, 25.012675509000069 ], [ 121.582961483000076, 25.012728812000031 ], [ 121.583079936000104, 25.012811414000048 ], [ 121.583171399000094, 25.01285992400005 ], [ 121.583231909, 25.012891744000054 ], [ 121.583447086000092, 25.013020831000052 ], [ 121.583498124000016, 25.01305061600004 ], [ 121.583564828000021, 25.013089543000028 ], [ 121.583661642000038, 25.013114321000039 ], [ 121.583841013000082, 25.013106348000061 ], [ 121.58397238900011, 25.013100507000047 ], [ 121.583978338000065, 25.013100248000054 ], [ 121.584290042000021, 25.013086682000047 ], [ 121.584593881000046, 25.013072900000044 ], [ 121.58465149700011, 25.013077749000033 ], [ 121.58480808, 25.013090927000061 ], [ 121.584984392000038, 25.013120079000029 ], [ 121.585034022000045, 25.013128285000043 ], [ 121.585105311, 25.013140071000059 ], [ 121.585416656, 25.013252040000051 ], [ 121.585589687000052, 25.013326814000035 ], [ 121.586082742000016, 25.013405392000031 ], [ 121.586128838000036, 25.013412739000039 ], [ 121.586462167000036, 25.01340207600003 ], [ 121.586577717000068, 25.013398380000059 ], [ 121.587043304000062, 25.013386312000016 ], [ 121.587150923000095, 25.013383522000026 ], [ 121.587469531, 25.01337646700005 ], [ 121.587496230000042, 25.01337587600004 ], [ 121.587802985000053, 25.013396550000031 ], [ 121.587848597000075, 25.013399624000044 ], [ 121.587924634000046, 25.013411909000066 ], [ 121.588276878000102, 25.013511882000042 ], [ 121.588678316000028, 25.013686374000027 ], [ 121.58887897700005, 25.013761044000031 ], [ 121.588889971000071, 25.01376306100007 ], [ 121.589114019000021, 25.013804134000047 ], [ 121.589438640000026, 25.013802845000029 ], [ 121.589639057000113, 25.013827203000059 ], [ 121.589674141000046, 25.013831623000041 ], [ 121.589880948000101, 25.013857678000068 ], [ 121.590123108000057, 25.013944768000044 ], [ 121.590271132000112, 25.014021583000041 ], [ 121.590342858000099, 25.01405880500004 ], [ 121.590351607000116, 25.014063345000061 ], [ 121.590559297000027, 25.01416313500004 ], [ 121.590725274000093, 25.014206498000071 ], [ 121.590821970000107, 25.014206112000064 ], [ 121.590878222000029, 25.014214168000013 ], [ 121.591012775000081, 25.014233436000037 ], [ 121.591218459000075, 25.014262890000051 ], [ 121.591291967000075, 25.01427341700002 ], [ 121.591375210000024, 25.014348550000019 ], [ 121.591438070000095, 25.014492948000047 ], [ 121.591486872000019, 25.014587087000052 ], [ 121.591542582000088, 25.014681188000054 ], [ 121.591716161000022, 25.014869166000032 ], [ 121.59223598200002, 25.014757422000052 ], [ 121.592366848000111, 25.014681436000043 ], [ 121.592449368000089, 25.014605642000046 ], [ 121.592587290000097, 25.014561071000049 ], [ 121.592863383000022, 25.014522224000068 ], [ 121.59292348300005, 25.014523149000066 ], [ 121.592996245000123, 25.014524268000056 ], [ 121.593188035000026, 25.014527220000044 ], [ 121.593485208000061, 25.014563754000047 ], [ 121.593679180000095, 25.014682473000047 ], [ 121.593949671000033, 25.014914080000032 ], [ 121.594088904000046, 25.015139917000049 ], [ 121.594206777000082, 25.015233780000063 ], [ 121.594345218000058, 25.015296117000041 ], [ 121.594538793000083, 25.015333070000043 ], [ 121.59478780500001, 25.015407528000019 ], [ 121.595085227000027, 25.015494389000018 ], [ 121.595271804000049, 25.015512490000042 ], [ 121.595437479000097, 25.015492968000039 ] ] ] } },
{ "type": "Feature", "properties": { "COUNTY": "臺北市", "TOWN": "大安區", "VILLAGE": "黎和里", "geo_iid": "臺北市大安區黎和里", "size_counts": 2 }, "geometry": { "type": "Polygon", "coordinates": [ [ [ 121.55662319300005, 25.020645076000044 ], [ 121.556725453000013, 25.020547113000074 ], [ 121.557106039000018, 25.020193467000063 ], [ 121.557570153000029, 25.019758883000062 ], [ 121.55785486, 25.019496351000036 ], [ 121.558086877000051, 25.019270574000071 ], [ 121.55819830900009, 25.019176795000067 ], [ 121.55823302400006, 25.019144788000055 ], [ 121.55846150900004, 25.018949871000068 ], [ 121.558694832000029, 25.01872710300005 ], [ 121.558951073000117, 25.018457243000046 ], [ 121.558967575000125, 25.018439863000015 ], [ 121.559012008000096, 25.018393071000041 ], [ 121.559329302000037, 25.018084634000044 ], [ 121.559655887000062, 25.017759097000056 ], [ 121.559963880000041, 25.017467765000038 ], [ 121.560141076000036, 25.017270810000063 ], [ 121.560270974000105, 25.016980149000055 ], [ 121.560409693000096, 25.016569967000063 ], [ 121.560530369000048, 25.01631346900006 ], [ 121.560664428000123, 25.016101247000048 ], [ 121.56087891300001, 25.015861453000063 ], [ 121.561214657000036, 25.015493213000063 ], [ 121.561494868000068, 25.015278786000053 ], [ 121.561840297000117, 25.014978768000038 ], [ 121.562045364000028, 25.014730488000044 ], [ 121.562241019000126, 25.01447371000005 ], [ 121.562380512000118, 25.014234211000026 ], [ 121.56256651700005, 25.013917741000053 ], [ 121.562687539000095, 25.013738050000025 ], [ 121.562865036000062, 25.013609358000039 ], [ 121.563070728000085, 25.013497635000071 ], [ 121.563313868000023, 25.013377224000063 ], [ 121.563406729, 25.013189107000066 ], [ 121.563480097000038, 25.01283891100007 ], [ 121.563479457000099, 25.012431044000035 ], [ 121.563450040000035, 25.01214952500003 ], [ 121.563440195000126, 25.012047139000053 ], [ 121.563430192000055, 25.01191062700007 ], [ 121.563439093000056, 25.011808177000027 ], [ 121.563480480000067, 25.011615552000016 ], [ 121.563494149, 25.01155193400006 ], [ 121.563596225000083, 25.011329647000018 ], [ 121.563658520000118, 25.011262906000063 ], [ 121.563764106000022, 25.01114978400005 ], [ 121.564034767000066, 25.010901244000021 ], [ 121.564268253000023, 25.010721123000049 ], [ 121.564557700000037, 25.010481060000071 ], [ 121.564763344000099, 25.010360793000068 ], [ 121.565034238000067, 25.010163466000048 ], [ 121.565282274000097, 25.009995168000039 ], [ 121.565349260000062, 25.009877523000046 ], [ 121.565415858000051, 25.009676022000058 ], [ 121.565597778000097, 25.009188991000027 ], [ 121.56570064000006, 25.008864363000036 ], [ 121.56583414400005, 25.00852844600006 ], [ 121.565924831000075, 25.008226238000073 ], [ 121.565950934000071, 25.008123994000062 ], [ 121.565900945000067, 25.008112397000041 ], [ 121.56588277700007, 25.008108182000061 ], [ 121.565815748000091, 25.008092631000057 ], [ 121.565494624000067, 25.007972118000055 ], [ 121.565285044, 25.00790939500007 ], [ 121.565182907, 25.007870684000057 ], [ 121.564898179000011, 25.007803359000029 ], [ 121.564678027, 25.007774882000035 ], [ 121.56451160600011, 25.007760853000033 ], [ 121.564275514000087, 25.00776663300007 ], [ 121.564093264, 25.007811300000064 ], [ 121.563943167000048, 25.007846077000064 ], [ 121.563637583000045, 25.007910768000038 ], [ 121.563428437000084, 25.007940883000053 ], [ 121.563278293000053, 25.00796588300005 ], [ 121.563085355000112, 25.008020369000064 ], [ 121.562967546000095, 25.008074566000055 ], [ 121.562887366000055, 25.00814328500007 ], [ 121.562753951000118, 25.008305050000036 ], [ 121.562577764000025, 25.008501175000038 ], [ 121.562535214000022, 25.008584403000039 ], [ 121.562444618000086, 25.008721574000038 ], [ 121.562314102000073, 25.008906041000039 ], [ 121.562228647000083, 25.008994317000017 ], [ 121.562105717000023, 25.009102290000037 ], [ 121.561838207000051, 25.009279221000039 ], [ 121.561549480000068, 25.009509978000033 ], [ 121.56150688600006, 25.009583438000046 ], [ 121.561255901000095, 25.009853143000033 ], [ 121.561079932000084, 25.010098143000043 ], [ 121.561010438000025, 25.010157042000049 ], [ 121.560833706000039, 25.010235892000022 ], [ 121.560656750000035, 25.010265885000017 ], [ 121.56051188000005, 25.010271314000072 ], [ 121.560399208000021, 25.010276624000028 ], [ 121.5603241660001, 25.010296453000016 ], [ 121.560211810000069, 25.01037018400006 ], [ 121.560066149000036, 25.01051521700003 ], [ 121.559986146000014, 25.010623033000055 ], [ 121.559868844000121, 25.010789619000029 ], [ 121.55967145000011, 25.011044457000015 ], [ 121.559575392000056, 25.011162094000028 ], [ 121.559484565000062, 25.011250397000026 ], [ 121.559289501000094, 25.011400477000048 ], [ 121.55928669900004, 25.011402633000031 ], [ 121.559120408, 25.01151408500003 ], [ 121.559088746000043, 25.011535305000049 ], [ 121.55900844700011, 25.011579593000068 ], [ 121.558917530000045, 25.01164834900003 ], [ 121.558655402000127, 25.011830131000067 ], [ 121.55853773900003, 25.011918533000017 ], [ 121.558398951000072, 25.012080312000016 ], [ 121.55823229900011, 25.012261275000068 ], [ 121.558231308000032, 25.012260292000054 ], [ 121.558210287000065, 25.012239395000048 ], [ 121.557941290000016, 25.013102798000027 ], [ 121.557514491, 25.014472673000054 ], [ 121.557562334000067, 25.014498647000028 ], [ 121.557667688000038, 25.014581076000063 ], [ 121.557749205000064, 25.014667953000068 ], [ 121.557797284000117, 25.014746236000057 ], [ 121.5578264090001, 25.014855114000053 ], [ 121.557850778000102, 25.014968359 ], [ 121.557851330000076, 25.015090417000064 ], [ 121.557813707000022, 25.015212617000032 ], [ 121.557747431000067, 25.01533056400006 ], [ 121.55766198600007, 25.015431151000019 ], [ 121.557576402000109, 25.015501223000051 ], [ 121.557610430000068, 25.015640587000053 ], [ 121.55733469300003, 25.015872659000021 ], [ 121.557307986000083, 25.016299957000051 ], [ 121.557136718000038, 25.016418297000023 ], [ 121.557012143000065, 25.017333214000068 ], [ 121.556952527000021, 25.017771045000071 ], [ 121.556919415000053, 25.018014224000058 ], [ 121.556855564000102, 25.018483153000027 ], [ 121.556853651000097, 25.018497205000074 ], [ 121.556686416000062, 25.019725385000058 ], [ 121.556579985000113, 25.020507005000059 ], [ 121.556575501000125, 25.020539939000049 ], [ 121.556602221000048, 25.020665166000065 ], [ 121.55662319300005, 25.020645076000044 ] ] ] } },
{ "type": "Feature", "properties": { "COUNTY": "臺北市", "TOWN": "大安區", "VILLAGE": "大學里", "geo_iid": "臺北市大安區大學里", "size_counts": 1 }, "geometry": { "type": "Polygon", "coordinates": [ [ [ 121.534410724000054, 25.022362971000057 ], [ 121.534091189000051, 25.020816647000057 ], [ 121.533920786000067, 25.019992001000038 ], [ 121.533739571000069, 25.019115012000036 ], [ 121.533365762, 25.017305931000063 ], [ 121.53330153800006, 25.016995112000071 ], [ 121.53264343100011, 25.016399393000018 ], [ 121.532261779, 25.016769947000054 ], [ 121.531859161000057, 25.017151165000019 ], [ 121.531641898000103, 25.017362279000046 ], [ 121.531347859000121, 25.017626256000025 ], [ 121.530871610000091, 25.018076617000066 ], [ 121.530564936000033, 25.018387368000045 ], [ 121.530232616000035, 25.018704058000019 ], [ 121.530116140000032, 25.018810949000056 ], [ 121.529861895000082, 25.019044267000019 ], [ 121.529472122000016, 25.019431267000062 ], [ 121.529245187000015, 25.019655133000061 ], [ 121.529266472, 25.019674425000048 ], [ 121.529283331000116, 25.019689704000022 ], [ 121.529749880000068, 25.020088889000075 ], [ 121.530434264000064, 25.020674448000026 ], [ 121.530737359000113, 25.02093377400006 ], [ 121.531684633000069, 25.021744241000071 ], [ 121.531688447000064, 25.021747504000068 ], [ 121.531886031000099, 25.021892961000042 ], [ 121.532130929000118, 25.022038665000025 ], [ 121.532336400000091, 25.022140524000061 ], [ 121.532416792000063, 25.022176069000061 ], [ 121.532452964000072, 25.022188708000048 ], [ 121.532582858000069, 25.022234092000065 ], [ 121.532679269000027, 25.022264695000036 ], [ 121.532886315000027, 25.02231768800004 ], [ 121.53317526, 25.022363087000024 ], [ 121.534410724000054, 25.022362971000057 ] ] ] } },
{ "type": "Feature", "properties": { "COUNTY": "臺北市", "TOWN": "萬華區", "VILLAGE": "銘德里", "geo_iid": "臺北市萬華區銘德里", "size_counts": 1 }, "geometry": { "type": "Polygon", "coordinates": [ [ [ 121.495734777000038, 25.022572346000054 ], [ 121.495820878000018, 25.022276184000074 ], [ 121.495962103000011, 25.021790411000037 ], [ 121.495999317000042, 25.021662404000033 ], [ 121.496089644000122, 25.021351700000018 ], [ 121.495362481000029, 25.021131995000072 ], [ 121.494956603000119, 25.021009361000036 ], [ 121.494631254000083, 25.020911058000021 ], [ 121.493886441000086, 25.020686011000063 ], [ 121.493858935000034, 25.020677700000071 ], [ 121.493681510000116, 25.020624091000052 ], [ 121.493245298000048, 25.020492284000049 ], [ 121.493238630000079, 25.020489748000042 ], [ 121.492946899000117, 25.020378681000064 ], [ 121.492756077000095, 25.02030603200005 ], [ 121.488646916000121, 25.01928513700005 ], [ 121.488520935000096, 25.019253837000054 ], [ 121.488519724000071, 25.019281313000068 ], [ 121.488517246000015, 25.019337582000041 ], [ 121.488497826000057, 25.019407694000044 ], [ 121.488498454000023, 25.019465020000037 ], [ 121.488500392000105, 25.01952691900004 ], [ 121.488495859000068, 25.019573971000046 ], [ 121.488467483000022, 25.019632701000024 ], [ 121.48846676200003, 25.019682016000043 ], [ 121.488432138, 25.019746526000052 ], [ 121.488424097, 25.019818833000041 ], [ 121.488420103000067, 25.019915185000048 ], [ 121.488408038000117, 25.019965745000032 ], [ 121.488413952000101, 25.020044804000058 ], [ 121.488413356000024, 25.020105573000023 ], [ 121.488413907000108, 25.020156020000048 ], [ 121.48839716100008, 25.020239865000061 ], [ 121.488389345000101, 25.020332810000063 ], [ 121.488393844000043, 25.020398131000018 ], [ 121.488388427000018, 25.020479582000053 ], [ 121.488396712000053, 25.020544864000044 ], [ 121.488393767000062, 25.020621720000058 ], [ 121.488391810000053, 25.020673331000062 ], [ 121.488405304000011, 25.020753475000038 ], [ 121.488404281000044, 25.020789590000046 ], [ 121.488694405000061, 25.020876835000024 ], [ 121.492077250000094, 25.02189410100004 ], [ 121.492246967000014, 25.02195717700004 ], [ 121.492523596000069, 25.022059986000041 ], [ 121.492531202, 25.022062813000044 ], [ 121.493117974000029, 25.022370984000069 ], [ 121.49313179, 25.022378239000023 ], [ 121.493610914000101, 25.022448158000028 ], [ 121.494416326000064, 25.022565687000046 ], [ 121.494457139000019, 25.022571643000038 ], [ 121.495686687000102, 25.022737763000059 ], [ 121.495734777000038, 25.022572346000054 ] ] ] } },
{ "type": "Feature", "properties": { "COUNTY": "臺北市", "TOWN": "大安區", "VILLAGE": "古風里", "geo_iid": "臺北市大安區古風里", "size_counts": 1 }, "geometry": { "type": "Polygon", "coordinates": [ [ [ 121.529327324000064, 25.023536142000061 ], [ 121.529354566000052, 25.023533782000062 ], [ 121.530123480000057, 25.023467240000048 ], [ 121.530483900000036, 25.023444185000063 ], [ 121.531258413000046, 25.023257515000061 ], [ 121.531257381000046, 25.023248589000037 ], [ 121.531237653000062, 25.023077765000028 ], [ 121.531216441000083, 25.022894088000037 ], [ 121.531183080000133, 25.022605211000034 ], [ 121.531149557000049, 25.022314922000074 ], [ 121.531239413000094, 25.022220308000037 ], [ 121.531688447000064, 25.021747504000068 ], [ 121.531684633000069, 25.021744241000071 ], [ 121.530737359000113, 25.02093377400006 ], [ 121.530434264000064, 25.020674448000026 ], [ 121.529749880000068, 25.020088889000075 ], [ 121.529283331000116, 25.019689704000022 ], [ 121.529266472, 25.019674425000048 ], [ 121.529245187000015, 25.019655133000061 ], [ 121.52923699300004, 25.019663217000069 ], [ 121.529216525000038, 25.019683410000024 ], [ 121.528845896, 25.020046972000038 ], [ 121.528613920000112, 25.020279933000033 ], [ 121.528507250000075, 25.020387056000054 ], [ 121.528130076000025, 25.020721436000024 ], [ 121.527870475000086, 25.02094415800007 ], [ 121.52774163100004, 25.02105880300007 ], [ 121.527715201000092, 25.021082321000044 ], [ 121.527778550000107, 25.02130112400004 ], [ 121.527990843000097, 25.02155758900005 ], [ 121.528004465000095, 25.021574046000062 ], [ 121.528015955000129, 25.021587925000055 ], [ 121.528142480000056, 25.021740772000044 ], [ 121.528264026000102, 25.021942442000064 ], [ 121.528325270000096, 25.022153509000074 ], [ 121.528327113000046, 25.022167501000062 ], [ 121.528328788000053, 25.022180226000039 ], [ 121.528376853000054, 25.022545276000063 ], [ 121.528395149000062, 25.022725154000053 ], [ 121.528416322000112, 25.022934381000017 ], [ 121.528430861000075, 25.023078045000027 ], [ 121.528451369000095, 25.023280699000043 ], [ 121.528465386000121, 25.023419202000067 ], [ 121.528482266000097, 25.023586013000045 ], [ 121.529327324000064, 25.023536142000061 ] ] ] } },
{ "type": "Feature", "properties": { "COUNTY": "臺北市", "TOWN": "中正區", "VILLAGE": "網溪里", "geo_iid": "臺北市中正區網溪里", "size_counts": 2 }, "geometry": { "type": "Polygon", "coordinates": [ [ [ 121.517408059000104, 25.023898343000038 ], [ 121.51741405000007, 25.023898073000051 ], [ 121.517458909000084, 25.023896049000026 ], [ 121.517561355000097, 25.023891428000066 ], [ 121.518597205000106, 25.02384470200008 ], [ 121.519012727000032, 25.023825955000053 ], [ 121.519024898000112, 25.023825118000037 ], [ 121.519031031000054, 25.023824695000023 ], [ 121.520567913000022, 25.023719021000023 ], [ 121.521083089000072, 25.023683594000026 ], [ 121.521382831000111, 25.023662981000022 ], [ 121.521074657000099, 25.023190982000063 ], [ 121.520653376000041, 25.022545745000045 ], [ 121.520415286000116, 25.022181080000042 ], [ 121.520410159000122, 25.022173226000053 ], [ 121.52035565100006, 25.021617523000028 ], [ 121.520307560000106, 25.02112723000004 ], [ 121.520200367000029, 25.020933285000062 ], [ 121.519611737000105, 25.01934592800006 ], [ 121.519545713000056, 25.019388196000016 ], [ 121.519456512000033, 25.01943697200004 ], [ 121.519394997000077, 25.019477534000021 ], [ 121.519302137000068, 25.019543564000053 ], [ 121.519202851000045, 25.019593548000039 ], [ 121.519150083000113, 25.019622576000064 ], [ 121.518999265000062, 25.019698137000031 ], [ 121.51885844200001, 25.019761030000026 ], [ 121.518755335000051, 25.019806441000064 ], [ 121.518683738000064, 25.019848221000068 ], [ 121.518624722000041, 25.019885323000032 ], [ 121.518451379000112, 25.01998514600006 ], [ 121.518316803000062, 25.020039945000061 ], [ 121.518131947000043, 25.020119162000064 ], [ 121.517954644000028, 25.020196051000021 ], [ 121.517801147000128, 25.020250961000038 ], [ 121.517621239000036, 25.020317528000067 ], [ 121.517453899000088, 25.020377120000024 ], [ 121.517311730000074, 25.020428516000035 ], [ 121.517193527000018, 25.020479773000027 ], [ 121.51698328800002, 25.020538484000042 ], [ 121.516857377000065, 25.020571413000017 ], [ 121.516662275000044, 25.020630043000036 ], [ 121.516513856000088, 25.020689511000054 ], [ 121.516454585000034, 25.020692174000025 ], [ 121.51636639600008, 25.020708795000075 ], [ 121.516290948000133, 25.02074141200006 ], [ 121.516269284000032, 25.020750023000055 ], [ 121.516326312000047, 25.020905584000033 ], [ 121.516634057000033, 25.021745026000065 ], [ 121.516726988000087, 25.022235225000024 ], [ 121.516742698000044, 25.022312462000048 ], [ 121.51681135, 25.022649998000066 ], [ 121.516836709000017, 25.022785745000068 ], [ 121.516846763000103, 25.023025535000034 ], [ 121.516855059000036, 25.02322339200003 ], [ 121.516839965000031, 25.023563035000041 ], [ 121.516813926000069, 25.023862206000036 ], [ 121.516808427000129, 25.023925388000066 ], [ 121.517408059000104, 25.023898343000038 ] ] ] } },
{ "type": "Feature", "properties": { "COUNTY": "臺北市", "TOWN": "信義區", "VILLAGE": "泰和里", "geo_iid": "臺北市信義區泰和里", "size_counts": 2 }, "geometry": { "type": "Polygon", "coordinates": [ [ [ 121.570594923000044, 25.023787942000066 ], [ 121.570902028000106, 25.023514039000073 ], [ 121.570910399, 25.023504958000039 ], [ 121.571016646000089, 25.023389709000064 ], [ 121.571199422000063, 25.023191451000052 ], [ 121.57120607800006, 25.023184231000062 ], [ 121.571520910000132, 25.02293039900006 ], [ 121.571674785000027, 25.022788657000028 ], [ 121.571741205000095, 25.022727477000039 ], [ 121.571834090000053, 25.022661342000045 ], [ 121.571849276000094, 25.022650530000067 ], [ 121.572009120000089, 25.022540062000068 ], [ 121.572320928000067, 25.022324571000063 ], [ 121.572346988000064, 25.022264963000048 ], [ 121.572413589000021, 25.022112624000037 ], [ 121.573178707000025, 25.021376587000073 ], [ 121.573186901000099, 25.02136870400005 ], [ 121.573316215000105, 25.021245714000017 ], [ 121.573493098000085, 25.021077516000041 ], [ 121.573663482000029, 25.020879892000035 ], [ 121.573782430000065, 25.020380969000026 ], [ 121.573761714000057, 25.020190797000051 ], [ 121.573740214000054, 25.019993451000055 ], [ 121.573678462000075, 25.019753688000037 ], [ 121.573475492000057, 25.019569859000054 ], [ 121.573469186000011, 25.019509331000048 ], [ 121.57346698100001, 25.019488168000059 ], [ 121.573412036000036, 25.018960875000051 ], [ 121.573552277000104, 25.018838144000025 ], [ 121.573814618000029, 25.018608555000068 ], [ 121.573833372000081, 25.018294642000047 ], [ 121.573968865000097, 25.018160215000012 ], [ 121.574094906000028, 25.018035167000036 ], [ 121.574033154000048, 25.017795406000051 ], [ 121.574334252000085, 25.017351172000076 ], [ 121.574533183000085, 25.017080465000042 ], [ 121.574560442000021, 25.017019557000015 ], [ 121.574626456000033, 25.016901883000049 ], [ 121.574701528000105, 25.016754823000035 ], [ 121.574753829000088, 25.016649788000038 ], [ 121.574781137000073, 25.016599361000026 ], [ 121.574820966000075, 25.016507835000024 ], [ 121.574856081, 25.016427141000065 ], [ 121.574915062000073, 25.016275955000022 ], [ 121.57498162100002, 25.016122061000026 ], [ 121.575005900000065, 25.016065928000039 ], [ 121.575074222, 25.015950339000021 ], [ 121.575110217000088, 25.015792950000037 ], [ 121.575113994000063, 25.015618911000036 ], [ 121.575152335000098, 25.015474089000058 ], [ 121.576129861000027, 25.01441328300006 ], [ 121.576298179000105, 25.014230624000039 ], [ 121.576194512000029, 25.01424820100004 ], [ 121.576140777000091, 25.014233747000045 ], [ 121.576016822000057, 25.014121847000066 ], [ 121.575957537000036, 25.014068322000064 ], [ 121.575752465000065, 25.013824802000038 ], [ 121.575693178000066, 25.013771279000014 ], [ 121.575568995000026, 25.013610508000056 ], [ 121.575374654000029, 25.013366936000061 ], [ 121.575336745000072, 25.013293792000059 ], [ 121.575229097000033, 25.01322579400005 ], [ 121.575137682000104, 25.013187057000035 ], [ 121.574986510000031, 25.013176635000033 ], [ 121.574869269000033, 25.013168552000018 ], [ 121.574627636000073, 25.013180696000052 ], [ 121.574549418000061, 25.013184629000015 ], [ 121.574141546000078, 25.013181330000048 ], [ 121.57380876000002, 25.013167956000068 ], [ 121.573486889000037, 25.01319364700003 ], [ 121.573245466000117, 25.013209229000029 ], [ 121.57312180100007, 25.01324387600004 ], [ 121.573068602000035, 25.013258780000054 ], [ 121.573030430000017, 25.013270933000047 ], [ 121.572913205000063, 25.013308250000016 ], [ 121.572790051000069, 25.013367361000057 ], [ 121.572634974000039, 25.013485242000058 ], [ 121.572517254000118, 25.013558986000071 ], [ 121.572388528000033, 25.013574144000067 ], [ 121.57235080100007, 25.013540080000038 ], [ 121.572207317000107, 25.013362041000047 ], [ 121.572184042000117, 25.013333161000041 ], [ 121.572008929000049, 25.013374336000016 ], [ 121.569922639000097, 25.013864890000029 ], [ 121.569713489000037, 25.013914067000023 ], [ 121.568167556000034, 25.014685694000033 ], [ 121.567381907000026, 25.01507782800007 ], [ 121.567260610000062, 25.015272157000023 ], [ 121.567020623000076, 25.015656632000059 ], [ 121.566830354000118, 25.015937316000073 ], [ 121.566726323000012, 25.01620924600007 ], [ 121.566530233000094, 25.016721813000057 ], [ 121.566508572000089, 25.016778431000027 ], [ 121.56633600400005, 25.016957264000034 ], [ 121.565593443000026, 25.017726782000057 ], [ 121.566815512000062, 25.019099793000059 ], [ 121.566865378000116, 25.019149479000063 ], [ 121.566964050000024, 25.019247792000034 ], [ 121.567211452000038, 25.019458436000033 ], [ 121.567463964000012, 25.019709580000033 ], [ 121.567672099000106, 25.019956396000051 ], [ 121.567875498000049, 25.020243740000062 ], [ 121.568750909000073, 25.021684098000026 ], [ 121.56891178300009, 25.02194879000006 ], [ 121.56901485800006, 25.022118381000034 ], [ 121.569163476000071, 25.022362905000012 ], [ 121.569242948000024, 25.022493658000027 ], [ 121.569393205000097, 25.02274087600005 ], [ 121.569467685000049, 25.022863419000029 ], [ 121.569548432000019, 25.022996269000028 ], [ 121.569620382000025, 25.023114651000064 ], [ 121.569693307000094, 25.023234630000037 ], [ 121.569776885, 25.023372140000046 ], [ 121.569936533000018, 25.023634805000025 ], [ 121.570015720000029, 25.023669233000071 ], [ 121.570067896000069, 25.023691918000043 ], [ 121.570079761000102, 25.023697279000025 ], [ 121.570336693000073, 25.023835857000048 ], [ 121.570465065, 25.023884882000058 ], [ 121.570594923000044, 25.023787942000066 ] ] ] } },
{ "type": "Feature", "properties": { "COUNTY": "臺北市", "TOWN": "萬華區", "VILLAGE": "保德里", "geo_iid": "臺北市萬華區保德里", "size_counts": 2 }, "geometry": { "type": "Polygon", "coordinates": [ [ [ 121.497175885000047, 25.024373730000029 ], [ 121.497545528000046, 25.023575899000026 ], [ 121.497962811000107, 25.022675234000065 ], [ 121.498131743000059, 25.022310608000055 ], [ 121.498417547000031, 25.021693715000016 ], [ 121.49867314800008, 25.021540807000061 ], [ 121.498544063000068, 25.021344767000063 ], [ 121.498302203000108, 25.020977458000054 ], [ 121.498266097000055, 25.020922624000029 ], [ 121.498262974000113, 25.020917881000056 ], [ 121.497762272000045, 25.021188509000062 ], [ 121.497499008000091, 25.021330802000023 ], [ 121.497484900000032, 25.02133084900003 ], [ 121.497138940000013, 25.021332007000062 ], [ 121.497130225000092, 25.02133203500005 ], [ 121.496089644000122, 25.021351700000018 ], [ 121.495999317000042, 25.021662404000033 ], [ 121.495962103000011, 25.021790411000037 ], [ 121.495820878000018, 25.022276184000074 ], [ 121.495734777000038, 25.022572346000054 ], [ 121.495686687000102, 25.022737763000059 ], [ 121.495685019, 25.022743401000064 ], [ 121.495433272000028, 25.023594262000067 ], [ 121.495430181000074, 25.023601678000031 ], [ 121.495408325000085, 25.023654138000037 ], [ 121.4958826740001, 25.023849949000063 ], [ 121.496117924000032, 25.023947058000026 ], [ 121.496626973000033, 25.024157190000032 ], [ 121.497171978000097, 25.024382161000059 ], [ 121.497175885000047, 25.024373730000029 ] ] ] } },
{ "type": "Feature", "properties": { "COUNTY": "臺北市", "TOWN": "大安區", "VILLAGE": "芳和里", "geo_iid": "臺北市大安區芳和里", "size_counts": 1 }, "geometry": { "type": "Polygon", "coordinates": [ [ [ 121.552959078000072, 25.023979050000033 ], [ 121.553369600000124, 25.023629616000044 ], [ 121.55356362100008, 25.023491541000048 ], [ 121.553695704, 25.023368638000068 ], [ 121.553892141, 25.023211342000014 ], [ 121.55412418800006, 25.02299170800006 ], [ 121.554356217000077, 25.022765935000045 ], [ 121.554634661000023, 25.022497549000029 ], [ 121.55470465300003, 25.022433298000067 ], [ 121.554738647, 25.022402091000053 ], [ 121.554670134000034, 25.022332767000016 ], [ 121.5544300480001, 25.022089844000043 ], [ 121.554298189000079, 25.021956426000024 ], [ 121.55426247600009, 25.021896537000028 ], [ 121.553955792000011, 25.021382249000052 ], [ 121.553870221000011, 25.021238749000073 ], [ 121.553831282000047, 25.021191149000053 ], [ 121.553678256000012, 25.021004076000047 ], [ 121.553494923000017, 25.020882875000041 ], [ 121.553387626, 25.020811942000016 ], [ 121.553087539000089, 25.020613554000068 ], [ 121.552655258000073, 25.020327772000023 ], [ 121.552645974000029, 25.020321635000066 ], [ 121.552446112000098, 25.020193188000061 ], [ 121.552258381000115, 25.020072539000061 ], [ 121.552241552000055, 25.020059419000059 ], [ 121.552063258000089, 25.019920442000043 ], [ 121.55198939800006, 25.019862868000072 ], [ 121.55192287300008, 25.01979144500006 ], [ 121.551820277000047, 25.019681292000023 ], [ 121.551713676000077, 25.01953933500004 ], [ 121.551640963000068, 25.019427674000038 ], [ 121.55156699500003, 25.019314084000019 ], [ 121.551506543000073, 25.019221250000044 ], [ 121.551436839000075, 25.019095202000063 ], [ 121.551393421000057, 25.019016688000068 ], [ 121.551261332000081, 25.018749559000067 ], [ 121.551210999000091, 25.01864725900003 ], [ 121.551205174000089, 25.018641103000046 ], [ 121.551062547000015, 25.018490351000022 ], [ 121.550910377000037, 25.01832951200003 ], [ 121.550890378000076, 25.018288856000023 ], [ 121.550886320000018, 25.018280611000019 ], [ 121.550834888000068, 25.018176063000041 ], [ 121.549998881000079, 25.018014028000032 ], [ 121.549824092000108, 25.017957744000046 ], [ 121.549724004000041, 25.017878396000061 ], [ 121.549555117000082, 25.017748059000038 ], [ 121.549442126000045, 25.017571970000056 ], [ 121.548973559000046, 25.016936501000028 ], [ 121.548658129000046, 25.017221431000042 ], [ 121.547694567000022, 25.018091815000048 ], [ 121.547380944000125, 25.018375105000072 ], [ 121.546594372000087, 25.019085595000025 ], [ 121.54657663400009, 25.019101615000061 ], [ 121.548196383000118, 25.020480204000016 ], [ 121.548367154000061, 25.020625546000073 ], [ 121.548722955000017, 25.020940182000054 ], [ 121.549298639000099, 25.021449258000068 ], [ 121.550271559000066, 25.022309595000014 ], [ 121.550313371000016, 25.022346567000053 ], [ 121.551365554000085, 25.023276971000023 ], [ 121.552545536000039, 25.024320358000057 ], [ 121.552552609000031, 25.024328344000018 ], [ 121.552671056, 25.024331687000029 ], [ 121.552959078000072, 25.023979050000033 ] ] ] } },
{ "type": "Feature", "properties": { "COUNTY": "臺北市", "TOWN": "萬華區", "VILLAGE": "孝德里", "geo_iid": "臺北市萬華區孝德里", "size_counts": 2 }, "geometry": { "type": "Polygon", "coordinates": [ [ [ 121.495134774, 25.02426933800006 ], [ 121.495408325000085, 25.023654138000037 ], [ 121.495430181000074, 25.023601678000031 ], [ 121.495433272000028, 25.023594262000067 ], [ 121.495685019, 25.022743401000064 ], [ 121.495686687000102, 25.022737763000059 ], [ 121.494457139000019, 25.022571643000038 ], [ 121.494416326000064, 25.022565687000046 ], [ 121.493610914000101, 25.022448158000028 ], [ 121.49313179, 25.022378239000023 ], [ 121.493117974000029, 25.022370984000069 ], [ 121.492531202, 25.022062813000044 ], [ 121.492523596000069, 25.022059986000041 ], [ 121.492246967000014, 25.02195717700004 ], [ 121.492077250000094, 25.02189410100004 ], [ 121.488694405000061, 25.020876835000024 ], [ 121.488404281000044, 25.020789590000046 ], [ 121.488403539000046, 25.020815801000019 ], [ 121.488403485000063, 25.020817708000028 ], [ 121.488402799000028, 25.02087043300002 ], [ 121.488401141000054, 25.020949568000045 ], [ 121.488399408000078, 25.02102182000004 ], [ 121.488400989000084, 25.021034488000048 ], [ 121.488435521000042, 25.021141097000047 ], [ 121.488489234000099, 25.021395911000067 ], [ 121.488513529000102, 25.021509549000022 ], [ 121.488537786000066, 25.021610548000055 ], [ 121.488554479000072, 25.02171271800005 ], [ 121.488574215000085, 25.021855113000061 ], [ 121.488802164000063, 25.02192264700005 ], [ 121.491581802000042, 25.022746159000057 ], [ 121.492102863000014, 25.022969160000052 ], [ 121.49210830800007, 25.022971980000015 ], [ 121.492115175000094, 25.022975534000057 ], [ 121.492774821000012, 25.023316927000042 ], [ 121.492793412000069, 25.023326576000038 ], [ 121.493296569000123, 25.023644819000019 ], [ 121.493770347, 25.023944476000047 ], [ 121.49429492000003, 25.024320028000027 ], [ 121.494584954000061, 25.024527778000046 ], [ 121.494914798000096, 25.024764042000065 ], [ 121.495134774, 25.02426933800006 ] ] ] } },
{ "type": "Feature", "properties": { "COUNTY": "臺北市", "TOWN": "大安區", "VILLAGE": "虎嘯里", "geo_iid": "臺北市大安區虎嘯里", "size_counts": 1 }, "geometry": { "type": "Polygon", "coordinates": [ [ [ 121.547619801000124, 25.024600740000036 ], [ 121.547797807000066, 25.024590782000068 ], [ 121.548709833000103, 25.024539756000017 ], [ 121.549966815000047, 25.024470200000042 ], [ 121.550301324000088, 25.02445168600007 ], [ 121.550319232000106, 25.024450695000038 ], [ 121.550568006000063, 25.02443692700006 ], [ 121.550575553000044, 25.024436510000037 ], [ 121.551269494000067, 25.024398101000031 ], [ 121.552537428000051, 25.024327915000061 ], [ 121.552552609000031, 25.024328344000018 ], [ 121.552545536000039, 25.024320358000057 ], [ 121.551365554000085, 25.023276971000023 ], [ 121.550313371000016, 25.022346567000053 ], [ 121.550271559000066, 25.022309595000014 ], [ 121.549298639000099, 25.021449258000068 ], [ 121.548722955000017, 25.020940182000054 ], [ 121.548367154000061, 25.020625546000073 ], [ 121.548263109000132, 25.020721356000013 ], [ 121.547691657000087, 25.021487234000055 ], [ 121.547596771000016, 25.021622375000039 ], [ 121.547432352000101, 25.021845631000065 ], [ 121.547267862000012, 25.02205298900002 ], [ 121.547207173000061, 25.02210887100005 ], [ 121.546882870000104, 25.022894198000067 ], [ 121.546664524000107, 25.023422933000059 ], [ 121.546630023000048, 25.023494625000065 ], [ 121.546642655000028, 25.023687578000064 ], [ 121.546667568000089, 25.02406811600002 ], [ 121.546680366000032, 25.024263613000073 ], [ 121.546705783000121, 25.024651870000067 ], [ 121.547619801000124, 25.024600740000036 ] ] ] } },
{ "type": "Feature", "properties": { "COUNTY": "臺北市", "TOWN": "大安區", "VILLAGE": "臥龍里", "geo_iid": "臺北市大安區臥龍里", "size_counts": 1 }, "geometry": { "type": "Polygon", "coordinates": [ [ [ 121.543962277000119, 25.024803684000059 ], [ 121.544004742000084, 25.02480133500006 ], [ 121.545063750000054, 25.024742740000072 ], [ 121.546243824000044, 25.02467743700003 ], [ 121.546547536000062, 25.024660628000046 ], [ 121.546670357000053, 25.024653831000016 ], [ 121.546705783000121, 25.024651870000067 ], [ 121.546680366000032, 25.024263613000073 ], [ 121.546667568000089, 25.02406811600002 ], [ 121.546642655000028, 25.023687578000064 ], [ 121.546630023000048, 25.023494625000065 ], [ 121.546664524000107, 25.023422933000059 ], [ 121.546882870000104, 25.022894198000067 ], [ 121.547207173000061, 25.02210887100005 ], [ 121.547267862000012, 25.02205298900002 ], [ 121.547432352000101, 25.021845631000065 ], [ 121.547596771000016, 25.021622375000039 ], [ 121.547691657000087, 25.021487234000055 ], [ 121.548263109000132, 25.020721356000013 ], [ 121.548367154000061, 25.020625546000073 ], [ 121.548196383000118, 25.020480204000016 ], [ 121.54657663400009, 25.019101615000061 ], [ 121.545898248000071, 25.01979298700007 ], [ 121.545179675000099, 25.020525300000031 ], [ 121.54506367700003, 25.020634658000056 ], [ 121.544939299, 25.020728834000057 ], [ 121.544801037000084, 25.020820534000041 ], [ 121.544682107000085, 25.020891903000056 ], [ 121.544563132000022, 25.020955661000066 ], [ 121.544397071000063, 25.021032269000038 ], [ 121.544312771, 25.021064436000071 ], [ 121.544269717000034, 25.021080864000051 ], [ 121.544135699000108, 25.021120758000041 ], [ 121.544114617000105, 25.021127033000024 ], [ 121.543829245000111, 25.021188872000032 ], [ 121.543582536000045, 25.021215107000039 ], [ 121.543335726, 25.021218538000021 ], [ 121.543339323000055, 25.02163681900003 ], [ 121.543342983000116, 25.022062733000027 ], [ 121.543347961000123, 25.022641484000069 ], [ 121.543350313000033, 25.022915114000053 ], [ 121.543355784000013, 25.023551355000041 ], [ 121.543355963000053, 25.023572167000047 ], [ 121.543366834000039, 25.024836627000063 ], [ 121.543962277000119, 25.024803684000059 ] ] ] } },
{ "type": "Feature", "properties": { "COUNTY": "臺北市", "TOWN": "萬華區", "VILLAGE": "壽德里", "geo_iid": "臺北市萬華區壽德里", "size_counts": 1 }, "geometry": { "type": "Polygon", "coordinates": [ [ [ 121.501738423, 25.024453937000025 ], [ 121.501737089, 25.024445826000026 ], [ 121.501587625000084, 25.023536684000074 ], [ 121.501500562000047, 25.023007115000031 ], [ 121.50159654800008, 25.022146822000018 ], [ 121.501615272000095, 25.02197898900004 ], [ 121.501070102000085, 25.02164703000004 ], [ 121.500831738000116, 25.021501889000032 ], [ 121.500518424, 25.021311107000024 ], [ 121.50043942100001, 25.021263 ], [ 121.500323337000054, 25.021192315000061 ], [ 121.50022871300007, 25.021134697000033 ], [ 121.500153799000032, 25.021110835000048 ], [ 121.499921019000112, 25.021156198000021 ], [ 121.499846236000053, 25.021171679000076 ], [ 121.499606824000011, 25.021221242000017 ], [ 121.499354528000026, 25.021273470000036 ], [ 121.49913543400011, 25.021318824000037 ], [ 121.498991621000073, 25.02136907900006 ], [ 121.49867314800008, 25.021540807000061 ], [ 121.499356114000079, 25.022637197000051 ], [ 121.500000472000011, 25.023671586000027 ], [ 121.500006597000038, 25.023681417000031 ], [ 121.500218534000069, 25.024172398000072 ], [ 121.500223821000077, 25.024184644000048 ], [ 121.500230307000038, 25.02420872600003 ], [ 121.500288245000107, 25.024423815000027 ], [ 121.500344304000023, 25.024642846000052 ], [ 121.500389468000108, 25.024894667000058 ], [ 121.500415044000079, 25.025078529000034 ], [ 121.500421681000049, 25.025222215000039 ], [ 121.500427146000121, 25.025340547000031 ], [ 121.500724097000116, 25.025356622000054 ], [ 121.501058220000118, 25.025374709000054 ], [ 121.501724586000023, 25.025410779000019 ], [ 121.501734341000073, 25.025411308000056 ], [ 121.501738423, 25.024453937000025 ] ] ] } },
{ "type": "Feature", "properties": { "COUNTY": "臺北市", "TOWN": "大安區", "VILLAGE": "龍淵里", "geo_iid": "臺北市大安區龍淵里", "size_counts": 2 }, "geometry": { "type": "Polygon", "coordinates": [ [ [ 121.53991298000004, 25.025300158000043 ], [ 121.540255856000044, 25.025254146000055 ], [ 121.541250581000099, 25.025120654000027 ], [ 121.541382352000014, 25.025102969000038 ], [ 121.541808047000018, 25.025045838000036 ], [ 121.541968329000056, 25.02502432700004 ], [ 121.542634122000109, 25.024934970000054 ], [ 121.542882051000106, 25.024901695000036 ], [ 121.543366834000039, 25.024836627000063 ], [ 121.543355963000053, 25.023572167000047 ], [ 121.543355784000013, 25.023551355000041 ], [ 121.543350313000033, 25.022915114000053 ], [ 121.543347961000123, 25.022641484000069 ], [ 121.543342983000116, 25.022062733000027 ], [ 121.543339323000055, 25.02163681900003 ], [ 121.543335726, 25.021218538000021 ], [ 121.54106448200001, 25.021266407000027 ], [ 121.540204621000029, 25.021284521000034 ], [ 121.539569992000111, 25.021297886000063 ], [ 121.539556111000039, 25.021298179000031 ], [ 121.53943137300007, 25.021311289000032 ], [ 121.539298346000024, 25.021332040000054 ], [ 121.539201364000078, 25.021352660000044 ], [ 121.53910166300011, 25.021383419000067 ], [ 121.538977047000117, 25.021424397000025 ], [ 121.538846960000114, 25.021483136000029 ], [ 121.538727971000071, 25.021544362000043 ], [ 121.538628357000107, 25.021595389000016 ], [ 121.538531595000123, 25.021664127000058 ], [ 121.538363066000116, 25.021814197000019 ], [ 121.538841802000093, 25.022379005000058 ], [ 121.539093324000078, 25.022675748000037 ], [ 121.539332626000032, 25.022958069000016 ], [ 121.539337082000088, 25.022964369000071 ], [ 121.539529615000106, 25.023236497000021 ], [ 121.539643752000075, 25.023397821000056 ], [ 121.539688588000089, 25.02353381000005 ], [ 121.539783891000084, 25.023823912000058 ], [ 121.539635789000044, 25.024471192000078 ], [ 121.539756540000099, 25.025321152000053 ], [ 121.53991298000004, 25.025300158000043 ] ] ] } },
{ "type": "Feature", "properties": { "COUNTY": "臺北市", "TOWN": "萬華區", "VILLAGE": "忠貞里", "geo_iid": "臺北市萬華區忠貞里", "size_counts": 1 }, "geometry": { "type": "Polygon", "coordinates": [ [ [ 121.503687175000096, 25.025289859000054 ], [ 121.503735147000057, 25.025173268000053 ], [ 121.503629298000078, 25.025101321000019 ], [ 121.503555710000114, 25.025031936000055 ], [ 121.503502742000023, 25.024983906000035 ], [ 121.503282069000079, 25.024797185000061 ], [ 121.503248081000038, 25.024766371000048 ], [ 121.503099601000045, 25.024631759000037 ], [ 121.50302008200002, 25.024543652000023 ], [ 121.502987645000076, 25.02449823400007 ], [ 121.502943377000065, 25.024428748000048 ], [ 121.502919472000031, 25.024378319000043 ], [ 121.502899012000071, 25.024335160000067 ], [ 121.50286050200009, 25.024238880000038 ], [ 121.502833701000114, 25.024137197000066 ], [ 121.502815231000113, 25.023923006000071 ], [ 121.502781866000078, 25.023652619000071 ], [ 121.50277133800013, 25.02356290300002 ], [ 121.502763646000048, 25.023497352000039 ], [ 121.502691230000082, 25.022790044000022 ], [ 121.502610954000033, 25.022005942000074 ], [ 121.502575703000034, 25.022004987000049 ], [ 121.502417598000065, 25.022000708000061 ], [ 121.501823418000086, 25.021984624000016 ], [ 121.501615272000095, 25.02197898900004 ], [ 121.50159654800008, 25.022146822000018 ], [ 121.501500562000047, 25.023007115000031 ], [ 121.501587625000084, 25.023536684000074 ], [ 121.501737089, 25.024445826000026 ], [ 121.501738423, 25.024453937000025 ], [ 121.501734341000073, 25.025411308000056 ], [ 121.502412068000027, 25.025450266000053 ], [ 121.502563094000024, 25.025458948000047 ], [ 121.503133447000081, 25.025580297000033 ], [ 121.503311032000056, 25.025618079000015 ], [ 121.503532711000048, 25.025665243000041 ], [ 121.503687175000096, 25.025289859000054 ] ] ] } },
{ "type": "Feature", "properties": { "COUNTY": "臺北市", "TOWN": "大安區", "VILLAGE": "龍坡里", "geo_iid": "臺北市大安區龍坡里", "size_counts": 1 }, "geometry": { "type": "Polygon", "coordinates": [ [ [ 121.531993233000094, 25.026247969000043 ], [ 121.532005301000027, 25.026247143000028 ], [ 121.533052287000032, 25.026175575000018 ], [ 121.533460843000057, 25.026147646000027 ], [ 121.533617089000018, 25.026136964000038 ], [ 121.534181700000104, 25.026098364000063 ], [ 121.534207047000123, 25.026093860000056 ], [ 121.534257462000028, 25.026084901000043 ], [ 121.534864090000042, 25.02597710000002 ], [ 121.534794668000018, 25.025423690000018 ], [ 121.534770709000099, 25.025232714000019 ], [ 121.534733445000043, 25.024935650000028 ], [ 121.534717096, 25.024805313000055 ], [ 121.534676815, 25.024484224000037 ], [ 121.534648804000085, 25.024260917000046 ], [ 121.534410724000054, 25.022362971000057 ], [ 121.53317526, 25.022363087000024 ], [ 121.532886315000027, 25.02231768800004 ], [ 121.532679269000027, 25.022264695000036 ], [ 121.532582858000069, 25.022234092000065 ], [ 121.532452964000072, 25.022188708000048 ], [ 121.532416792000063, 25.022176069000061 ], [ 121.532336400000091, 25.022140524000061 ], [ 121.532130929000118, 25.022038665000025 ], [ 121.531886031000099, 25.021892961000042 ], [ 121.531688447000064, 25.021747504000068 ], [ 121.531239413000094, 25.022220308000037 ], [ 121.531149557000049, 25.022314922000074 ], [ 121.531183080000133, 25.022605211000034 ], [ 121.531216441000083, 25.022894088000037 ], [ 121.531237653000062, 25.023077765000028 ], [ 121.531257381000046, 25.023248589000037 ], [ 121.531258413000046, 25.023257515000061 ], [ 121.531292082000064, 25.023586033000065 ], [ 121.531294164000087, 25.023606346000054 ], [ 121.531402219000043, 25.024660628000049 ], [ 121.53142057200013, 25.024839693000043 ], [ 121.531443299000102, 25.025061431000037 ], [ 121.531518182000013, 25.025792052000039 ], [ 121.531533643000103, 25.025942896000057 ], [ 121.531567891, 25.026277040000025 ], [ 121.531993233000094, 25.026247969000043 ] ] ] } },
{ "type": "Feature", "properties": { "COUNTY": "臺北市", "TOWN": "大安區", "VILLAGE": "龍泉里", "geo_iid": "臺北市大安區龍泉里", "size_counts": 2 }, "geometry": { "type": "Polygon", "coordinates": [ [ [ 121.529314803000048, 25.026474416000031 ], [ 121.530367337000015, 25.026385857000033 ], [ 121.530440605000081, 25.026379216000059 ], [ 121.531567891, 25.026277040000025 ], [ 121.531533643000103, 25.025942896000057 ], [ 121.531518182000013, 25.025792052000039 ], [ 121.531443299000102, 25.025061431000037 ], [ 121.53142057200013, 25.024839693000043 ], [ 121.531402219000043, 25.024660628000049 ], [ 121.531294164000087, 25.023606346000054 ], [ 121.531292082000064, 25.023586033000065 ], [ 121.531258413000046, 25.023257515000061 ], [ 121.530483900000036, 25.023444185000063 ], [ 121.530123480000057, 25.023467240000048 ], [ 121.529354566000052, 25.023533782000062 ], [ 121.529327324000064, 25.023536142000061 ], [ 121.528482266000097, 25.023586013000045 ], [ 121.52851651900005, 25.023974465000034 ], [ 121.528517320000091, 25.023983550000018 ], [ 121.528581752000022, 25.024626264000059 ], [ 121.528554106000101, 25.02470927500007 ], [ 121.528359642000055, 25.025293199000025 ], [ 121.528496015000087, 25.026543301000057 ], [ 121.529314803000048, 25.026474416000031 ] ] ] } },
{ "type": "Feature", "properties": { "COUNTY": "臺北市", "TOWN": "大安區", "VILLAGE": "古莊里", "geo_iid": "臺北市大安區古莊里", "size_counts": 4 }, "geometry": { "type": "Polygon", "coordinates": [ [ [ 121.523361680000107, 25.026946390000024 ], [ 121.524165157000098, 25.026892474000075 ], [ 121.524476955000083, 25.026871549000067 ], [ 121.524605686000086, 25.02686291100002 ], [ 121.524972113000103, 25.026838319000031 ], [ 121.5250135550001, 25.026835539000039 ], [ 121.52538491200005, 25.026810616000031 ], [ 121.525885365000036, 25.026777028000012 ], [ 121.526759587000029, 25.026698765000052 ], [ 121.527973608000025, 25.026590075000051 ], [ 121.528496015000087, 25.026543301000057 ], [ 121.528359642000055, 25.025293199000025 ], [ 121.528554106000101, 25.02470927500007 ], [ 121.528581752000022, 25.024626264000059 ], [ 121.528517320000091, 25.023983550000018 ], [ 121.52851651900005, 25.023974465000034 ], [ 121.528482266000097, 25.023586013000045 ], [ 121.528465386000121, 25.023419202000067 ], [ 121.528451369000095, 25.023280699000043 ], [ 121.528430861000075, 25.023078045000027 ], [ 121.528416322000112, 25.022934381000017 ], [ 121.528395149000062, 25.022725154000053 ], [ 121.528376853000054, 25.022545276000063 ], [ 121.528328788000053, 25.022180226000039 ], [ 121.528327113000046, 25.022167501000062 ], [ 121.528325270000096, 25.022153509000074 ], [ 121.528264026000102, 25.021942442000064 ], [ 121.528142480000056, 25.021740772000044 ], [ 121.528015955000129, 25.021587925000055 ], [ 121.528004465000095, 25.021574046000062 ], [ 121.527990843000097, 25.02155758900005 ], [ 121.527778550000107, 25.02130112400004 ], [ 121.527715201000092, 25.021082321000044 ], [ 121.527659514000106, 25.021131870000026 ], [ 121.527618011000087, 25.021169298000071 ], [ 121.527288750000025, 25.021466225000033 ], [ 121.526822007000078, 25.021865170000058 ], [ 121.526630217000047, 25.022035300000024 ], [ 121.526310587, 25.022322721000016 ], [ 121.525933350000059, 25.022645404000055 ], [ 121.525652045000015, 25.022891781000045 ], [ 121.525407274000031, 25.023104003000068 ], [ 121.525281118000066, 25.023213384000023 ], [ 121.525185197000042, 25.023271441000073 ], [ 121.525096869000109, 25.023396203000058 ], [ 121.524818162000088, 25.023758096000041 ], [ 121.524138426000036, 25.024717199000062 ], [ 121.523350607000125, 25.025828788000066 ], [ 121.523350399000037, 25.025829081000033 ], [ 121.523205865000037, 25.026033013000063 ], [ 121.522517225000129, 25.027003248000021 ], [ 121.523361680000107, 25.026946390000024 ] ] ] } },
{ "type": "Feature", "properties": { "COUNTY": "臺北市", "TOWN": "信義區", "VILLAGE": "六合里", "geo_iid": "臺北市信義區六合里", "size_counts": 1 }, "geometry": { "type": "Polygon", "coordinates": [ [ [ 121.574112430000028, 25.026746065000047 ], [ 121.575597181000035, 25.026654066000045 ], [ 121.576828162000069, 25.026257157000028 ], [ 121.577701018000099, 25.025989117000048 ], [ 121.578132708000112, 25.025856550000068 ], [ 121.580059814000052, 25.025264736000047 ], [ 121.581587845000058, 25.024795456000042 ], [ 121.581635381000069, 25.024470344000061 ], [ 121.581733301000085, 25.024425136000037 ], [ 121.581978842000026, 25.024468989000063 ], [ 121.582199796000054, 25.024501735000054 ], [ 121.582421228000044, 25.024635319000019 ], [ 121.582896914000116, 25.024498656000041 ], [ 121.583548485000065, 25.024361986000024 ], [ 121.585544096000035, 25.024802399000066 ], [ 121.585473037000042, 25.024723480000031 ], [ 121.58540306700003, 25.024622524000044 ], [ 121.585227870000054, 25.024313211000038 ], [ 121.585157416000015, 25.024111035000022 ], [ 121.585072976000092, 25.02388993900006 ], [ 121.585009413000094, 25.023675087000072 ], [ 121.584974005000049, 25.023536042000039 ], [ 121.584973070000061, 25.023339921000055 ], [ 121.584994482000084, 25.023208857000039 ], [ 121.585015579000014, 25.023166047000071 ], [ 121.585029839000072, 25.023137109000054 ], [ 121.585035968000071, 25.022973578000059 ], [ 121.585035310000066, 25.022835217000068 ], [ 121.58500064700003, 25.022676596000046 ], [ 121.584985879000115, 25.022609017000033 ], [ 121.584867047000103, 25.022313908000054 ], [ 121.584720348000019, 25.021968592000064 ], [ 121.584622689000071, 25.021767734000029 ], [ 121.58460679100007, 25.021737598000069 ], [ 121.58449025400013, 25.021516700000056 ], [ 121.584434099000077, 25.021328253000028 ], [ 121.584409051000094, 25.021235011000034 ], [ 121.58434971600002, 25.021014138000041 ], [ 121.584263592000084, 25.02062618300004 ], [ 121.584172064000086, 25.020261782000027 ], [ 121.584161244000029, 25.020220237000036 ], [ 121.584101707000059, 25.019991643000015 ], [ 121.584045343000085, 25.019759173000065 ], [ 121.583975195000093, 25.019533045000053 ], [ 121.583954681000023, 25.019485319000061 ], [ 121.583889629000055, 25.01933397800007 ], [ 121.583856458000028, 25.019256806000033 ], [ 121.583758802000034, 25.019055945000041 ], [ 121.583750137000038, 25.019039423000031 ], [ 121.583640306, 25.018830007000069 ], [ 121.583577904000094, 25.018779938000016 ], [ 121.583432646, 25.018736498000059 ], [ 121.583232468, 25.018684705000048 ], [ 121.583177405000015, 25.018665653000024 ], [ 121.583058596000114, 25.018620657000039 ], [ 121.583057631000088, 25.018620231000053 ], [ 121.582739591000077, 25.018479833000061 ], [ 121.582545582000094, 25.018372618000054 ], [ 121.582276754000091, 25.018282743000043 ], [ 121.582051805000106, 25.018232481000034 ], [ 121.581895438000075, 25.018164897000073 ], [ 121.581701243000111, 25.018017893000028 ], [ 121.581474166000021, 25.017828412000025 ], [ 121.581467001000092, 25.017822433000042 ], [ 121.581450484000015, 25.017808003000024 ], [ 121.581078398000045, 25.017482965000049 ], [ 121.580909173, 25.01733586500006 ], [ 121.580539700000031, 25.017081571000052 ], [ 121.580308028000118, 25.016929037000065 ], [ 121.580113729000118, 25.016759302000022 ], [ 121.579906678000043, 25.016532775000019 ], [ 121.579793654000014, 25.016391140000046 ], [ 121.579699437000045, 25.016266480000063 ], [ 121.579420237000022, 25.015962801000054 ], [ 121.579369901000064, 25.015877746000054 ], [ 121.579301001000104, 25.015826869000012 ], [ 121.579231940000113, 25.01574188600005 ], [ 121.579025159000025, 25.015572198000022 ], [ 121.578943828000092, 25.015532729000025 ], [ 121.578793331000057, 25.015385554000034 ], [ 121.578605142000015, 25.015187381000022 ], [ 121.578529759000048, 25.015085379000016 ], [ 121.578435572000103, 25.014966386000026 ], [ 121.578399150000124, 25.014896691000036 ], [ 121.578358783000112, 25.014819453000026 ], [ 121.578334795000046, 25.014773550000026 ], [ 121.578277949000039, 25.014631689000051 ], [ 121.578195923000081, 25.014444459000057 ], [ 121.578107360000104, 25.014194736000029 ], [ 121.578081832000066, 25.014075494000046 ], [ 121.57805630200005, 25.013956242000052 ], [ 121.578042644000092, 25.013865744000043 ], [ 121.57780684300009, 25.013854966000039 ], [ 121.577747422, 25.013852249000017 ], [ 121.577613282000016, 25.01385765600002 ], [ 121.577437922000072, 25.013901308000065 ], [ 121.577298601000052, 25.013945825000061 ], [ 121.57717537900011, 25.013990290000034 ], [ 121.576875363000113, 25.014098961000055 ], [ 121.576714576000086, 25.014143561000019 ], [ 121.576489438000067, 25.014198196000045 ], [ 121.576352503000066, 25.014221414000065 ], [ 121.576298179000105, 25.014230624000039 ], [ 121.576129861000027, 25.01441328300006 ], [ 121.575152335000098, 25.015474089000058 ], [ 121.575113994000063, 25.015618911000036 ], [ 121.575110217000088, 25.015792950000037 ], [ 121.575074222, 25.015950339000021 ], [ 121.575005900000065, 25.016065928000039 ], [ 121.57498162100002, 25.016122061000026 ], [ 121.574915062000073, 25.016275955000022 ], [ 121.574856081, 25.016427141000065 ], [ 121.574820966000075, 25.016507835000024 ], [ 121.574781137000073, 25.016599361000026 ], [ 121.574753829000088, 25.016649788000038 ], [ 121.574701528000105, 25.016754823000035 ], [ 121.574626456000033, 25.016901883000049 ], [ 121.574560442000021, 25.017019557000015 ], [ 121.574533183000085, 25.017080465000042 ], [ 121.574334252000085, 25.017351172000076 ], [ 121.574033154000048, 25.017795406000051 ], [ 121.574094906000028, 25.018035167000036 ], [ 121.573968865000097, 25.018160215000012 ], [ 121.573833372000081, 25.018294642000047 ], [ 121.573814618000029, 25.018608555000068 ], [ 121.573552277000104, 25.018838144000025 ], [ 121.573412036000036, 25.018960875000051 ], [ 121.57346698100001, 25.019488168000059 ], [ 121.573469186000011, 25.019509331000048 ], [ 121.573475492000057, 25.019569859000054 ], [ 121.573678462000075, 25.019753688000037 ], [ 121.573740214000054, 25.019993451000055 ], [ 121.573761714000057, 25.020190797000051 ], [ 121.573782430000065, 25.020380969000026 ], [ 121.573663482000029, 25.020879892000035 ], [ 121.573493098000085, 25.021077516000041 ], [ 121.573316215000105, 25.021245714000017 ], [ 121.573186901000099, 25.02136870400005 ], [ 121.573178707000025, 25.021376587000073 ], [ 121.572413589000021, 25.022112624000037 ], [ 121.572346988000064, 25.022264963000048 ], [ 121.572320928000067, 25.022324571000063 ], [ 121.572009120000089, 25.022540062000068 ], [ 121.571849276000094, 25.022650530000067 ], [ 121.571834090000053, 25.022661342000045 ], [ 121.571741205000095, 25.022727477000039 ], [ 121.571674785000027, 25.022788657000028 ], [ 121.571520910000132, 25.02293039900006 ], [ 121.57120607800006, 25.023184231000062 ], [ 121.571199422000063, 25.023191451000052 ], [ 121.571016646000089, 25.023389709000064 ], [ 121.570910399, 25.023504958000039 ], [ 121.570902028000106, 25.023514039000073 ], [ 121.570594923000044, 25.023787942000066 ], [ 121.570465065, 25.023884882000058 ], [ 121.570336693000073, 25.023835857000048 ], [ 121.570079761000102, 25.023697279000025 ], [ 121.570067896000069, 25.023691918000043 ], [ 121.570000320000076, 25.023682231000056 ], [ 121.569864251, 25.023662727000037 ], [ 121.568763458000035, 25.024205738000028 ], [ 121.568740768000112, 25.024205825000017 ], [ 121.568686996000096, 25.024206031000052 ], [ 121.568457884000068, 25.024266773000068 ], [ 121.568403812000057, 25.024386710000034 ], [ 121.568211798000121, 25.024320362000026 ], [ 121.568055418000085, 25.024266328000056 ], [ 121.567463426000018, 25.024759913000022 ], [ 121.568211196000107, 25.02509886700005 ], [ 121.568594888, 25.02527278600007 ], [ 121.569023305000073, 25.025466978000047 ], [ 121.56911993700011, 25.02543536100006 ], [ 121.569267658000072, 25.025499499000031 ], [ 121.569483399000092, 25.025593172000068 ], [ 121.569899508000049, 25.025773837000028 ], [ 121.570327461000048, 25.025959644000061 ], [ 121.570433761000132, 25.025758199000048 ], [ 121.570452191000072, 25.025648981000067 ], [ 121.570480690000082, 25.025655371000017 ], [ 121.570679962000099, 25.025700055000069 ], [ 121.570684714000109, 25.025701122000036 ], [ 121.570710380000037, 25.02570687800004 ], [ 121.570783407000022, 25.025563575000028 ], [ 121.570989714, 25.025677131000059 ], [ 121.571003920000067, 25.025687850000043 ], [ 121.571013918000062, 25.025695393000028 ], [ 121.571038436000109, 25.025713895000017 ], [ 121.571454795000022, 25.026062526000029 ], [ 121.571675754000012, 25.02646193300005 ], [ 121.572289029000103, 25.02664362400002 ], [ 121.572890363000056, 25.026821776000073 ], [ 121.574112430000028, 25.026746065000047 ] ] ] } },
{ "type": "Feature", "properties": { "COUNTY": "臺北市", "TOWN": "中正區", "VILLAGE": "螢圃里", "geo_iid": "臺北市中正區螢圃里", "size_counts": 6 }, "geometry": { "type": "Polygon", "coordinates": [ [ [ 121.51716014100009, 25.026930405000016 ], [ 121.517964888000037, 25.026702395000026 ], [ 121.518972848000075, 25.026416801000028 ], [ 121.518986263000102, 25.026001047000015 ], [ 121.519017767000022, 25.025024685000055 ], [ 121.519313782000026, 25.024965663000039 ], [ 121.519478395000078, 25.024921393000049 ], [ 121.519532360000099, 25.024906877000035 ], [ 121.519920053000092, 25.02481529500005 ], [ 121.520232389000057, 25.024730485000067 ], [ 121.52032882900005, 25.02470430000005 ], [ 121.520703740000044, 25.024573760000052 ], [ 121.520814981000072, 25.02453502600002 ], [ 121.520831350000094, 25.024527170000045 ], [ 121.521329024000025, 25.024288329000051 ], [ 121.521702049000069, 25.024067890000019 ], [ 121.52160655200008, 25.023946759000069 ], [ 121.521474157000071, 25.02377882300004 ], [ 121.521382831000111, 25.023662981000022 ], [ 121.521083089000072, 25.023683594000026 ], [ 121.520567913000022, 25.023719021000023 ], [ 121.519031031000054, 25.023824695000023 ], [ 121.519024898000112, 25.023825118000037 ], [ 121.519012727000032, 25.023825955000053 ], [ 121.518597205000106, 25.02384470200008 ], [ 121.517561355000097, 25.023891428000066 ], [ 121.517458909000084, 25.023896049000026 ], [ 121.51741405000007, 25.023898073000051 ], [ 121.517408059000104, 25.023898343000038 ], [ 121.516808427000129, 25.023925388000066 ], [ 121.516736230000106, 25.024199756000019 ], [ 121.516587167000026, 25.024766251000067 ], [ 121.516555038000092, 25.02488834800004 ], [ 121.516351657000072, 25.025661253000056 ], [ 121.516346067000086, 25.025682499000023 ], [ 121.51625415400008, 25.026031788000065 ], [ 121.516247080000085, 25.026058667000026 ], [ 121.51622499500003, 25.026142601000057 ], [ 121.516095984000117, 25.026632869000018 ], [ 121.515925650000099, 25.027280166000025 ], [ 121.51716014100009, 25.026930405000016 ] ] ] } },
{ "type": "Feature", "properties": { "COUNTY": "臺北市", "TOWN": "中正區", "VILLAGE": "螢雪里", "geo_iid": "臺北市中正區螢雪里", "size_counts": 2 }, "geometry": { "type": "Polygon", "coordinates": [ [ [ 121.514723953000058, 25.027584656000037 ], [ 121.515028539000014, 25.027507479000064 ], [ 121.515925650000099, 25.027280166000025 ], [ 121.516095984000117, 25.026632869000018 ], [ 121.51622499500003, 25.026142601000057 ], [ 121.516247080000085, 25.026058667000026 ], [ 121.51625415400008, 25.026031788000065 ], [ 121.516346067000086, 25.025682499000023 ], [ 121.516351657000072, 25.025661253000056 ], [ 121.516555038000092, 25.02488834800004 ], [ 121.516587167000026, 25.024766251000067 ], [ 121.516736230000106, 25.024199756000019 ], [ 121.516808427000129, 25.023925388000066 ], [ 121.516813926000069, 25.023862206000036 ], [ 121.516839965000031, 25.023563035000041 ], [ 121.516855059000036, 25.02322339200003 ], [ 121.516846763000103, 25.023025535000034 ], [ 121.516836709000017, 25.022785745000068 ], [ 121.51681135, 25.022649998000066 ], [ 121.516742698000044, 25.022312462000048 ], [ 121.516726988000087, 25.022235225000024 ], [ 121.516634057000033, 25.021745026000065 ], [ 121.516326312000047, 25.020905584000033 ], [ 121.516269284000032, 25.020750023000055 ], [ 121.516260982000063, 25.020753323000058 ], [ 121.516185292000031, 25.020783408000053 ], [ 121.51618049, 25.020784831000061 ], [ 121.516102212000078, 25.020808028000022 ], [ 121.515995258000103, 25.020845431000048 ], [ 121.515908431000071, 25.020874669000023 ], [ 121.515812772000118, 25.020903963000016 ], [ 121.515638933000091, 25.020938348000065 ], [ 121.515556041000082, 25.020988228000071 ], [ 121.515411407000101, 25.021047675000023 ], [ 121.515281754000071, 25.021086367000056 ], [ 121.515120669000126, 25.021139027000061 ], [ 121.514964533000011, 25.021179038000067 ], [ 121.514850078000123, 25.02122566700006 ], [ 121.514690161000075, 25.021265693000029 ], [ 121.514594423000048, 25.021284667000025 ], [ 121.51455078100004, 25.021304220000044 ], [ 121.514516465000042, 25.021319595000016 ], [ 121.514334010000084, 25.021382720000066 ], [ 121.514216807000025, 25.021398363000053 ], [ 121.514080814000067, 25.021433655000063 ], [ 121.51392214100008, 25.021471383000058 ], [ 121.513742084000114, 25.021518418000017 ], [ 121.513590878000059, 25.021542323000055 ], [ 121.513525387000058, 25.021557652000059 ], [ 121.513405768000098, 25.021588239000035 ], [ 121.513296188000027, 25.021611882000052 ], [ 121.513107198000057, 25.02164519900003 ], [ 121.51293453400001, 25.021668076000019 ], [ 121.512797166000041, 25.021687303000078 ], [ 121.512706415000039, 25.021698195000052 ], [ 121.512559038000063, 25.021728956000054 ], [ 121.512403028000108, 25.021743496000045 ], [ 121.512420498000111, 25.021985111000046 ], [ 121.51242645100001, 25.022177381000059 ], [ 121.512427451, 25.022418050000049 ], [ 121.512421442000104, 25.022691268000067 ], [ 121.512415273000087, 25.022925460000064 ], [ 121.512385573000074, 25.023214111000069 ], [ 121.512341282000079, 25.023989671000031 ], [ 121.512284601000033, 25.02401304000005 ], [ 121.51223828000002, 25.024027808000021 ], [ 121.51221032300009, 25.024036722000055 ], [ 121.512257444000056, 25.024096874000065 ], [ 121.512652690000095, 25.024601420000064 ], [ 121.512884964000023, 25.024897921000047 ], [ 121.513109152000084, 25.025184102000019 ], [ 121.513117346000058, 25.025194559000045 ], [ 121.513915673000042, 25.026213623000043 ], [ 121.513930702000039, 25.026233529000017 ], [ 121.514009394000041, 25.026379176000031 ], [ 121.514201574000012, 25.026734865000034 ], [ 121.514547846000028, 25.027375741000057 ], [ 121.514579677000029, 25.027434654000036 ], [ 121.514668339000096, 25.027598747000063 ], [ 121.514723953000058, 25.027584656000037 ] ] ] } },
{ "type": "Feature", "properties": { "COUNTY": "臺北市", "TOWN": "信義區", "VILLAGE": "黎順里", "geo_iid": "臺北市信義區黎順里", "size_counts": 1 }, "geometry": { "type": "Polygon", "coordinates": [ [ [ 121.556050139000035, 25.027435991000054 ], [ 121.556033778000014, 25.027272070000034 ], [ 121.556157429000095, 25.027145882000063 ], [ 121.556179342000064, 25.027123519000039 ], [ 121.556135620000077, 25.027069533000027 ], [ 121.556111534000024, 25.026986601000022 ], [ 121.556063786000095, 25.026914582000067 ], [ 121.556178024000033, 25.026831124000061 ], [ 121.556287740000016, 25.026621335000065 ], [ 121.556524203000095, 25.026472442000053 ], [ 121.556464286000036, 25.026331885000037 ], [ 121.556697213, 25.026273250000028 ], [ 121.556581305000023, 25.025988497000064 ], [ 121.556477926000085, 25.025851713000058 ], [ 121.556433921, 25.025732754000042 ], [ 121.556803833000117, 25.025612693000021 ], [ 121.556700809000063, 25.02551935900004 ], [ 121.556834017000028, 25.025380325000068 ], [ 121.556869605000074, 25.025357775000021 ], [ 121.556907636, 25.025382080000039 ], [ 121.557161024000052, 25.025183506000076 ], [ 121.557419219000067, 25.02527084900003 ], [ 121.557589183000118, 25.025187858000034 ], [ 121.557643799000061, 25.025185156000074 ], [ 121.558329515000068, 25.025151258000044 ], [ 121.558700361000106, 25.024991087000039 ], [ 121.558724442000099, 25.024980686000042 ], [ 121.559010909000108, 25.024876038000055 ], [ 121.559038674000021, 25.024875934000072 ], [ 121.559073460000036, 25.024892712000053 ], [ 121.559187540000025, 25.024963162000056 ], [ 121.559372822000114, 25.025077581000058 ], [ 121.559734255000095, 25.025175563000062 ], [ 121.559768993000034, 25.025181771000064 ], [ 121.559949216000064, 25.025119791000062 ], [ 121.560008384000071, 25.025043708000052 ], [ 121.560257496000062, 25.02472338200004 ], [ 121.560188687000036, 25.023840157000041 ], [ 121.560333709000034, 25.023672637000054 ], [ 121.560735116000046, 25.023210795000061 ], [ 121.560903139000061, 25.023001728000036 ], [ 121.560769886000131, 25.02290654900002 ], [ 121.560658141000104, 25.022826733000041 ], [ 121.560697129000118, 25.022779551000031 ], [ 121.560934849000091, 25.022504849000022 ], [ 121.560941223000086, 25.022496992000065 ], [ 121.561077965000095, 25.022328421000047 ], [ 121.561147049000056, 25.022243256000021 ], [ 121.561564537000095, 25.021690161000031 ], [ 121.56112606100011, 25.02028366800004 ], [ 121.561122535000095, 25.020263390000018 ], [ 121.561097427000064, 25.020661185000044 ], [ 121.561086923000062, 25.020827605000068 ], [ 121.561072799000058, 25.020875692000054 ], [ 121.561027468000034, 25.021030041000071 ], [ 121.560935235000102, 25.021344076000045 ], [ 121.560842129000079, 25.021428546000028 ], [ 121.56055456300011, 25.021689437000077 ], [ 121.560333453000112, 25.021719141000055 ], [ 121.560042902000077, 25.02175817400007 ], [ 121.560035715000026, 25.021759140000022 ], [ 121.559921002000024, 25.022003213000058 ], [ 121.559849245000024, 25.022155885000071 ], [ 121.559842815000025, 25.022164775000078 ], [ 121.55970184000013, 25.022359670000064 ], [ 121.559400659000062, 25.022498737000031 ], [ 121.559398378000083, 25.022501035000058 ], [ 121.559372778000011, 25.022526815000045 ], [ 121.559339459000043, 25.022563502000018 ], [ 121.559291812000083, 25.022606203000066 ], [ 121.559290670000109, 25.022607226000044 ], [ 121.559246455000121, 25.022630755000016 ], [ 121.559112589000051, 25.022689665000026 ], [ 121.559111783000063, 25.02269009400003 ], [ 121.559104946000048, 25.022693723000025 ], [ 121.559060229000011, 25.02271747200006 ], [ 121.55902534900008, 25.022742028000028 ], [ 121.558987032000132, 25.022780401000023 ], [ 121.558946436000056, 25.022830465000016 ], [ 121.558900095000013, 25.022899665000065 ], [ 121.558878115000084, 25.022932727000061 ], [ 121.558858139000122, 25.022962776000028 ], [ 121.55881966100003, 25.02301415900007 ], [ 121.558729156000027, 25.023118568000019 ], [ 121.558693226000059, 25.023168614000031 ], [ 121.55865319800013, 25.02320745400004 ], [ 121.558606688000069, 25.023239488000055 ], [ 121.558568260000015, 25.023253436000054 ], [ 121.558469203000072, 25.023271861000072 ], [ 121.558395764000011, 25.02328169500003 ], [ 121.558257021000031, 25.02329389800007 ], [ 121.558120572, 25.023297596000074 ], [ 121.557922320000102, 25.023304713000062 ], [ 121.557753086000048, 25.023309112000039 ], [ 121.557637087000089, 25.023317701000046 ], [ 121.557372540000088, 25.023354363000063 ], [ 121.557173035000105, 25.023378900000065 ], [ 121.556948009000038, 25.023518469000063 ], [ 121.55682315300011, 25.023562871000021 ], [ 121.556796071, 25.023572502000029 ], [ 121.556779036000066, 25.023578561000068 ], [ 121.556202075000087, 25.023819328000052 ], [ 121.55619584100009, 25.023821930000047 ], [ 121.555777489000093, 25.023996507000042 ], [ 121.5555217980001, 25.02410320500007 ], [ 121.555513348000105, 25.024106732000057 ], [ 121.555427632000033, 25.024142501000014 ], [ 121.555202283000085, 25.024210728000071 ], [ 121.554889886000055, 25.024223787000032 ], [ 121.55488005100004, 25.024224352000019 ], [ 121.554406803, 25.02425161300004 ], [ 121.553910801000043, 25.024280180000058 ], [ 121.553905780000036, 25.024280471000047 ], [ 121.552902873000122, 25.024338232000041 ], [ 121.552671056, 25.024331687000029 ], [ 121.552647437000019, 25.024360605000012 ], [ 121.552623756000131, 25.02438959900007 ], [ 121.552962303000072, 25.024695318000056 ], [ 121.553353515000012, 25.025048594000047 ], [ 121.553714639000077, 25.025374677000052 ], [ 121.553751196000022, 25.02540982000005 ], [ 121.553947923, 25.025598933000023 ], [ 121.554256384000055, 25.025877460000054 ], [ 121.554778269000053, 25.026358776000045 ], [ 121.554988955000113, 25.026555814000055 ], [ 121.55543290300011, 25.026970275000043 ], [ 121.555748920000042, 25.027262423000018 ], [ 121.55594437700006, 25.027404940000046 ], [ 121.555946676000076, 25.027407076000028 ], [ 121.555992980000042, 25.027450080000044 ], [ 121.556050139000035, 25.027435991000054 ] ] ] } },
{ "type": "Feature", "properties": { "COUNTY": "臺北市", "TOWN": "大安區", "VILLAGE": "群賢里", "geo_iid": "臺北市大安區群賢里", "size_counts": 1 }, "geometry": { "type": "Polygon", "coordinates": [ [ [ 121.543864018, 25.028372042000047 ], [ 121.544092830000068, 25.028358657000062 ], [ 121.544557693000115, 25.028331463000018 ], [ 121.545055865000094, 25.028302319000026 ], [ 121.545322315000021, 25.02828673000004 ], [ 121.544882910000069, 25.028098889000027 ], [ 121.54487591900012, 25.027653997000058 ], [ 121.544875911000076, 25.027653434000051 ], [ 121.544663168000071, 25.027662386000024 ], [ 121.54431788300009, 25.027676913000043 ], [ 121.544302262000087, 25.027343475000059 ], [ 121.544290703000129, 25.027096746000034 ], [ 121.544279247000091, 25.026852193000018 ], [ 121.544262602000131, 25.026496897000065 ], [ 121.54426238300006, 25.026492238000053 ], [ 121.544257895000115, 25.025853880000053 ], [ 121.544740463000053, 25.025855842000041 ], [ 121.545161447000069, 25.025857636000062 ], [ 121.545191489000089, 25.025858518000067 ], [ 121.545165427000043, 25.025622503000012 ], [ 121.545510875000105, 25.025608279000025 ], [ 121.545675748000022, 25.025601491000028 ], [ 121.546002117000057, 25.025588052000042 ], [ 121.546314649000024, 25.025575182000054 ], [ 121.546739035000101, 25.02555770400005 ], [ 121.546765095000069, 25.025952292000049 ], [ 121.546784864000074, 25.026251652000042 ], [ 121.546791940000034, 25.026358777000034 ], [ 121.546803648000022, 25.026536060000065 ], [ 121.546829322000022, 25.026924802000046 ], [ 121.546840626000076, 25.027095960000047 ], [ 121.546857375000059, 25.027349562000033 ], [ 121.546860982000126, 25.027404175000065 ], [ 121.546870199000068, 25.027543728000065 ], [ 121.546889125, 25.02783028400005 ], [ 121.546899088000046, 25.027981151000056 ], [ 121.546903173000032, 25.028043 ], [ 121.546912581000015, 25.028185430000061 ], [ 121.547191894000093, 25.028168125000036 ], [ 121.547259273, 25.028163950000071 ], [ 121.548013342000104, 25.028117227000045 ], [ 121.548793034000042, 25.028068913000023 ], [ 121.548788950000016, 25.027895717000032 ], [ 121.548768053000117, 25.02700929500002 ], [ 121.548736168000119, 25.025656880000035 ], [ 121.548733871000096, 25.025559405000017 ], [ 121.548730703000047, 25.025425025000057 ], [ 121.54872242600004, 25.025073959000043 ], [ 121.548720900000035, 25.025009200000046 ], [ 121.548709833000103, 25.024539756000017 ], [ 121.547797807000066, 25.024590782000068 ], [ 121.547619801000124, 25.024600740000036 ], [ 121.546705783000121, 25.024651870000067 ], [ 121.546670357000053, 25.024653831000016 ], [ 121.546547536000062, 25.024660628000046 ], [ 121.546243824000044, 25.02467743700003 ], [ 121.545063750000054, 25.024742740000072 ], [ 121.544004742000084, 25.02480133500006 ], [ 121.543962277000119, 25.024803684000059 ], [ 121.543366834000039, 25.024836627000063 ], [ 121.543385279000063, 25.02572130000004 ], [ 121.543401424000081, 25.026495678000057 ], [ 121.543426551000039, 25.027333994000049 ], [ 121.543427418000078, 25.027362924000041 ], [ 121.543437857000072, 25.027711197000027 ], [ 121.543457802000049, 25.028376540000068 ], [ 121.543458377000078, 25.028395769000035 ], [ 121.543864018, 25.028372042000047 ] ] ] } },
{ "type": "Feature", "properties": { "COUNTY": "臺北市", "TOWN": "大安區", "VILLAGE": "法治里", "geo_iid": "臺北市大安區法治里", "size_counts": 2 }, "geometry": { "type": "Polygon", "coordinates": [ [ [ 121.552130062000046, 25.028409686000021 ], [ 121.552220522000084, 25.028399021000034 ], [ 121.552623465000011, 25.028285147000069 ], [ 121.552629001000028, 25.028283583000071 ], [ 121.55358894000004, 25.028042601000024 ], [ 121.553595123000022, 25.028041077000065 ], [ 121.554601693000109, 25.027792994000031 ], [ 121.554609974000073, 25.027790953000071 ], [ 121.555103242000087, 25.027669378000038 ], [ 121.555744081000057, 25.027511429000064 ], [ 121.555992980000042, 25.027450080000044 ], [ 121.555946676000076, 25.027407076000028 ], [ 121.55594437700006, 25.027404940000046 ], [ 121.555748920000042, 25.027262423000018 ], [ 121.55543290300011, 25.026970275000043 ], [ 121.554988955000113, 25.026555814000055 ], [ 121.554778269000053, 25.026358776000045 ], [ 121.554256384000055, 25.025877460000054 ], [ 121.553947923, 25.025598933000023 ], [ 121.553751196000022, 25.02540982000005 ], [ 121.553714639000077, 25.025374677000052 ], [ 121.553353515000012, 25.025048594000047 ], [ 121.552962303000072, 25.024695318000056 ], [ 121.552623756000131, 25.02438959900007 ], [ 121.552647437000019, 25.024360605000012 ], [ 121.552671056, 25.024331687000029 ], [ 121.552552609000031, 25.024328344000018 ], [ 121.55254542900002, 25.024347201000062 ], [ 121.552346228000033, 25.02487044500003 ], [ 121.551975920000018, 25.025843127000023 ], [ 121.551967090000062, 25.025866317000052 ], [ 121.55167950900011, 25.026621687000038 ], [ 121.551516133000064, 25.027050814000063 ], [ 121.551376548000022, 25.027417446000058 ], [ 121.551105269000104, 25.028129975000063 ], [ 121.551592604, 25.028303022000035 ], [ 121.551610341000014, 25.028309320000055 ], [ 121.551627711000037, 25.028314179000056 ], [ 121.55189465300009, 25.028388857000031 ], [ 121.552002207000086, 25.028407064000071 ], [ 121.55205653500002, 25.028410997000027 ], [ 121.552130062000046, 25.028409686000021 ] ] ] } },
{ "type": "Feature", "properties": { "COUNTY": "臺北市", "TOWN": "大安區", "VILLAGE": "龍生里", "geo_iid": "臺北市大安區龍生里", "size_counts": 1 }, "geometry": { "type": "Polygon", "coordinates": [ [ [ 121.539195052000082, 25.028039392000032 ], [ 121.539362860000097, 25.027931677000016 ], [ 121.540169243000037, 25.027414063000034 ], [ 121.539896961000068, 25.027078871000064 ], [ 121.539732334000078, 25.026876206000047 ], [ 121.539961522000112, 25.026758369000049 ], [ 121.54038720000004, 25.026701780000053 ], [ 121.540497580000078, 25.026687106000047 ], [ 121.541369687000056, 25.026571161000035 ], [ 121.541798081000039, 25.026514206000051 ], [ 121.541823319000073, 25.02651339100003 ], [ 121.542726260000109, 25.02650326000002 ], [ 121.543076167000109, 25.026499330000032 ], [ 121.543401424000081, 25.026495678000057 ], [ 121.543385279000063, 25.02572130000004 ], [ 121.543366834000039, 25.024836627000063 ], [ 121.542882051000106, 25.024901695000036 ], [ 121.542634122000109, 25.024934970000054 ], [ 121.541968329000056, 25.02502432700004 ], [ 121.541808047000018, 25.025045838000036 ], [ 121.541382352000014, 25.025102969000038 ], [ 121.541250581000099, 25.025120654000027 ], [ 121.540255856000044, 25.025254146000055 ], [ 121.53991298000004, 25.025300158000043 ], [ 121.539756540000099, 25.025321152000053 ], [ 121.539230961000044, 25.025394720000062 ], [ 121.538868260000072, 25.025445488000059 ], [ 121.537662624000063, 25.02561423700007 ], [ 121.537688237000111, 25.026486218000048 ], [ 121.537711559000073, 25.027280249000054 ], [ 121.537723729000049, 25.027694538000041 ], [ 121.537728480000041, 25.02785631800003 ], [ 121.537736399000096, 25.028258923000056 ], [ 121.538202471000091, 25.028252567000028 ], [ 121.538481064000052, 25.028485463000031 ], [ 121.53848933800009, 25.028492379000049 ], [ 121.539195052000082, 25.028039392000032 ] ] ] } },
{ "type": "Feature", "properties": { "COUNTY": "臺北市", "TOWN": "萬華區", "VILLAGE": "和德里", "geo_iid": "臺北市萬華區和德里", "size_counts": 1 }, "geometry": { "type": "Polygon", "coordinates": [ [ [ 121.491733231000012, 25.028783511000015 ], [ 121.491817724000057, 25.028701454000039 ], [ 121.491949306000038, 25.028614947000044 ], [ 121.492062120000028, 25.028545716000046 ], [ 121.492179709000084, 25.028493686000044 ], [ 121.492195190000075, 25.028487239000061 ], [ 121.492201028000082, 25.028484805000058 ], [ 121.492325532000123, 25.028432950000017 ], [ 121.492897861000074, 25.028506310000068 ], [ 121.493103512000076, 25.028532669000068 ], [ 121.493352264, 25.028564552000027 ], [ 121.494059904000096, 25.028655250000039 ], [ 121.494307036000023, 25.028686923000059 ], [ 121.495172964000062, 25.028797904000037 ], [ 121.495367162000107, 25.028702193000061 ], [ 121.495577375000039, 25.028598588000015 ], [ 121.495339060000106, 25.028254168000039 ], [ 121.494827962000031, 25.027812740000059 ], [ 121.494464968000102, 25.027499225000035 ], [ 121.493767237000029, 25.026896596000022 ], [ 121.493710439000097, 25.026847540000059 ], [ 121.493478302000085, 25.026651524000037 ], [ 121.492565726000066, 25.025880939000036 ], [ 121.492502073000082, 25.025827190000022 ], [ 121.491511790000104, 25.024990970000026 ], [ 121.49147723100009, 25.024961788000031 ], [ 121.490807566000072, 25.024396296000074 ], [ 121.488802404000012, 25.023691342000056 ], [ 121.488669281000057, 25.023644540000074 ], [ 121.488659688000098, 25.023667552000056 ], [ 121.488623274000034, 25.02375490300005 ], [ 121.488550867000058, 25.023919325000055 ], [ 121.488407245000076, 25.024232088000069 ], [ 121.488354824000126, 25.024353968000067 ], [ 121.488247468000068, 25.024600021000023 ], [ 121.488143823000087, 25.024828836000037 ], [ 121.488045244000105, 25.025064530000058 ], [ 121.487950344000083, 25.025274944000042 ], [ 121.487855480000022, 25.025494548000033 ], [ 121.487808007, 25.025594592000058 ], [ 121.487726757000019, 25.025754456000062 ], [ 121.487633102000018, 25.025961427000016 ], [ 121.487588280000054, 25.026059953000068 ], [ 121.48758390400009, 25.026188905000026 ], [ 121.487584995000034, 25.026284159000049 ], [ 121.487579680000067, 25.026480473000039 ], [ 121.487585851000063, 25.026579131000052 ], [ 121.487582150000108, 25.026696227000048 ], [ 121.487594846000093, 25.026814347000027 ], [ 121.487572359000069, 25.026941934000025 ], [ 121.487566885000092, 25.027014284000067 ], [ 121.487547557000084, 25.02706308900002 ], [ 121.489407236000034, 25.027492886000051 ], [ 121.489671750000085, 25.02762164500006 ], [ 121.489841231, 25.027704143000047 ], [ 121.490159171000073, 25.027858907000049 ], [ 121.490377929000033, 25.027965391000059 ], [ 121.490596683000035, 25.028071873000041 ], [ 121.490807654000037, 25.028174566000068 ], [ 121.490826131000063, 25.02818950000005 ], [ 121.491020993, 25.028347015000065 ], [ 121.491660583000126, 25.028864020000064 ], [ 121.491733231000012, 25.028783511000015 ] ] ] } },
{ "type": "Feature", "properties": { "COUNTY": "臺北市", "TOWN": "中正區", "VILLAGE": "永昌里", "geo_iid": "臺北市中正區永昌里", "size_counts": 1 }, "geometry": { "type": "Polygon", "coordinates": [ [ [ 121.508564897000056, 25.028957028000033 ], [ 121.508947912000039, 25.028450310000036 ], [ 121.509325147000027, 25.028083250000059 ], [ 121.509364989000119, 25.028044483000027 ], [ 121.509529047000115, 25.027884848000031 ], [ 121.509539186000097, 25.027874982000064 ], [ 121.509621666000029, 25.027816450000039 ], [ 121.509656929000016, 25.027791425000025 ], [ 121.509687123000049, 25.027769999000036 ], [ 121.509898685000053, 25.027619860000065 ], [ 121.510184337000055, 25.027417145000065 ], [ 121.510185660000047, 25.027416204000076 ], [ 121.510214038000072, 25.027396066000041 ], [ 121.510646756000014, 25.027156901000069 ], [ 121.510893097000022, 25.027020747000044 ], [ 121.510756722000124, 25.026612039000042 ], [ 121.510753541000113, 25.026602505000021 ], [ 121.510494538000103, 25.025826288000069 ], [ 121.51033024700007, 25.025333912000058 ], [ 121.510181534000026, 25.024888215000029 ], [ 121.510103478000019, 25.024654275000035 ], [ 121.510016822000011, 25.024678699000042 ], [ 121.509445395000057, 25.024848465000041 ], [ 121.509233143000074, 25.024907413000047 ], [ 121.509125863, 25.024937208000033 ], [ 121.509118217000037, 25.024939331000034 ], [ 121.509051175000081, 25.024957954000051 ], [ 121.508917429, 25.025092024000053 ], [ 121.508533437000096, 25.025490464000018 ], [ 121.508492132, 25.025533322000054 ], [ 121.508233627000109, 25.025792447000065 ], [ 121.507921302000128, 25.026035548000035 ], [ 121.50729865400001, 25.026571297000022 ], [ 121.5071, 25.026762317000074 ], [ 121.507292499000073, 25.02701858600005 ], [ 121.507303502000013, 25.027033233000044 ], [ 121.507649105000056, 25.027493318000026 ], [ 121.507908444, 25.027838561000053 ], [ 121.508052392000081, 25.028030190000038 ], [ 121.50806366300003, 25.028045192000025 ], [ 121.508300567000092, 25.028482669000024 ], [ 121.508560558000099, 25.028962769000024 ], [ 121.508564897000056, 25.028957028000033 ] ] ] } },
{ "type": "Feature", "properties": { "COUNTY": "臺北市", "TOWN": "中正區", "VILLAGE": "永功里", "geo_iid": "臺北市中正區永功里", "size_counts": 1 }, "geometry": { "type": "Polygon", "coordinates": [ [ [ 121.512712086000064, 25.02863720800007 ], [ 121.513132136000081, 25.028414232000035 ], [ 121.513444864, 25.02824822500002 ], [ 121.513643547000015, 25.028142755000029 ], [ 121.514668339000096, 25.027598747000063 ], [ 121.514579677000029, 25.027434654000036 ], [ 121.514547846000028, 25.027375741000057 ], [ 121.514201574000012, 25.026734865000034 ], [ 121.514009394000041, 25.026379176000031 ], [ 121.513930702000039, 25.026233529000017 ], [ 121.513915673000042, 25.026213623000043 ], [ 121.513117346000058, 25.025194559000045 ], [ 121.513109152000084, 25.025184102000019 ], [ 121.512884964000023, 25.024897921000047 ], [ 121.512652690000095, 25.024601420000064 ], [ 121.512257444000056, 25.024096874000065 ], [ 121.51221032300009, 25.024036722000055 ], [ 121.511879639000099, 25.024142165000054 ], [ 121.511572006000065, 25.024236114000072 ], [ 121.511526476000085, 25.024248870000061 ], [ 121.51110278200008, 25.024367586000036 ], [ 121.510582100000079, 25.024519378000029 ], [ 121.510159945000069, 25.024638359000047 ], [ 121.510103478000019, 25.024654275000035 ], [ 121.510181534000026, 25.024888215000029 ], [ 121.51033024700007, 25.025333912000058 ], [ 121.510494538000103, 25.025826288000069 ], [ 121.510753541000113, 25.026602505000021 ], [ 121.510756722000124, 25.026612039000042 ], [ 121.510893097000022, 25.027020747000044 ], [ 121.510901476000086, 25.027042027000043 ], [ 121.511057417000089, 25.027438065000062 ], [ 121.511079557000016, 25.027474808000079 ], [ 121.51116153100007, 25.02761084900003 ], [ 121.511367603000053, 25.027952835000054 ], [ 121.511380216000035, 25.027973766000056 ], [ 121.511444453000081, 25.028080370000048 ], [ 121.511698682000102, 25.028506486000023 ], [ 121.511752992000069, 25.028597520000059 ], [ 121.512001654000073, 25.029014323000062 ], [ 121.512712086000064, 25.02863720800007 ] ] ] } },
{ "type": "Feature", "properties": { "COUNTY": "臺北市", "TOWN": "萬華區", "VILLAGE": "日善里", "geo_iid": "臺北市萬華區日善里", "size_counts": 1 }, "geometry": { "type": "Polygon", "coordinates": [ [ [ 121.500493194000114, 25.029105573000031 ], [ 121.500490335000123, 25.028918353000041 ], [ 121.500486147000061, 25.028643966000054 ], [ 121.50048514300012, 25.028578290000038 ], [ 121.500475434, 25.027942401000072 ], [ 121.50047333100008, 25.027804706000033 ], [ 121.500472615000021, 25.027757801000057 ], [ 121.500469842000044, 25.027576152000041 ], [ 121.500460536000119, 25.026966625000053 ], [ 121.50045040100008, 25.026302852000068 ], [ 121.499834159000102, 25.026307526000036 ], [ 121.49977782100008, 25.026260096000041 ], [ 121.499774098000117, 25.026256962000037 ], [ 121.499713923000058, 25.026206302000048 ], [ 121.498961952000059, 25.025920678000031 ], [ 121.498746285000038, 25.025838759000059 ], [ 121.498672342000077, 25.025810673000013 ], [ 121.49795321900001, 25.025537519000057 ], [ 121.497536739000097, 25.025379320000066 ], [ 121.497266441000093, 25.025276647000048 ], [ 121.496833003, 25.025112005000043 ], [ 121.49682237, 25.025134372000021 ], [ 121.496529391000081, 25.025750598000059 ], [ 121.496455408000088, 25.025906206000048 ], [ 121.49638571100003, 25.026052798000016 ], [ 121.496188793000101, 25.026466975000062 ], [ 121.49609860300005, 25.026656669000019 ], [ 121.495841951000116, 25.027196474000043 ], [ 121.495339060000106, 25.028254168000039 ], [ 121.495577375000039, 25.028598588000015 ], [ 121.495748148000075, 25.028594209000051 ], [ 121.495880444000036, 25.028614586000057 ], [ 121.496008332000073, 25.028672454000052 ], [ 121.49612732300011, 25.028784493000042 ], [ 121.496173215000113, 25.02885929100005 ], [ 121.496223615000076, 25.028921588000053 ], [ 121.496296788000123, 25.02897963700007 ], [ 121.496383577000074, 25.029020985000038 ], [ 121.496566124000097, 25.029066184000037 ], [ 121.496782723000024, 25.029118166000043 ], [ 121.497319107000081, 25.029246891000064 ], [ 121.49917586100004, 25.029323379000051 ], [ 121.499393699000066, 25.029332351000043 ], [ 121.49984900600009, 25.029351103000057 ], [ 121.500083265000043, 25.029360750000016 ], [ 121.500497350000046, 25.029377802000052 ], [ 121.500493194000114, 25.029105573000031 ] ] ] } },
{ "type": "Feature", "properties": { "COUNTY": "臺北市", "TOWN": "萬華區", "VILLAGE": "新安里", "geo_iid": "臺北市萬華區新安里", "size_counts": 1 }, "geometry": { "type": "Polygon", "coordinates": [ [ [ 121.501865558000077, 25.029340305000062 ], [ 121.50190411800007, 25.029160701000023 ], [ 121.501929480000072, 25.029042565000051 ], [ 121.501942367000083, 25.028982545000069 ], [ 121.501976428000049, 25.028823890000066 ], [ 121.501981462000117, 25.028800444000062 ], [ 121.502013121000132, 25.028652978000022 ], [ 121.502025598000046, 25.028594860000045 ], [ 121.50204593300009, 25.028500139000062 ], [ 121.502065019000042, 25.028411244000036 ], [ 121.502076850000094, 25.028356135000021 ], [ 121.5021059070001, 25.028220791000017 ], [ 121.502108890000045, 25.028206897000072 ], [ 121.502140511000121, 25.028059609000021 ], [ 121.502144547000071, 25.028040804000046 ], [ 121.502181978000081, 25.027866455000026 ], [ 121.502459030000068, 25.027925402000037 ], [ 121.502666790000049, 25.02796960400007 ], [ 121.502713024000073, 25.02784525800006 ], [ 121.502971090000074, 25.027158922000062 ], [ 121.503013550000091, 25.027045999000045 ], [ 121.503117103000037, 25.026770590000059 ], [ 121.503118958000087, 25.026765659000031 ], [ 121.503324404000068, 25.026219255000051 ], [ 121.503482122000051, 25.025799789000072 ], [ 121.503532711000048, 25.025665243000041 ], [ 121.503311032000056, 25.025618079000015 ], [ 121.503133447000081, 25.025580297000033 ], [ 121.502563094000024, 25.025458948000047 ], [ 121.502412068000027, 25.025450266000053 ], [ 121.501734341000073, 25.025411308000056 ], [ 121.501724586000023, 25.025410779000019 ], [ 121.501058220000118, 25.025374709000054 ], [ 121.500724097000116, 25.025356622000054 ], [ 121.500427146000121, 25.025340547000031 ], [ 121.500427476000041, 25.02535417100005 ], [ 121.500428203000055, 25.025384312000021 ], [ 121.50045040100008, 25.026302852000068 ], [ 121.500460536000119, 25.026966625000053 ], [ 121.500469842000044, 25.027576152000041 ], [ 121.500472615000021, 25.027757801000057 ], [ 121.50047333100008, 25.027804706000033 ], [ 121.500475434, 25.027942401000072 ], [ 121.50048514300012, 25.028578290000038 ], [ 121.500486147000061, 25.028643966000054 ], [ 121.500490335000123, 25.028918353000041 ], [ 121.500493194000114, 25.029105573000031 ], [ 121.500497350000046, 25.029377802000052 ], [ 121.501184821000038, 25.02946633100003 ], [ 121.501820917000046, 25.029548242000025 ], [ 121.501865558000077, 25.029340305000062 ] ] ] } },
{ "type": "Feature", "properties": { "COUNTY": "臺北市", "TOWN": "大安區", "VILLAGE": "錦華里", "geo_iid": "臺北市大安區錦華里", "size_counts": 2 }, "geometry": { "type": "Polygon", "coordinates": [ [ [ 121.521982444000059, 25.029521991000017 ], [ 121.522327309000062, 25.02946794100006 ], [ 121.523100285000055, 25.029346792000055 ], [ 121.524012653000128, 25.029203788000068 ], [ 121.52407990800009, 25.029193247000013 ], [ 121.524256645000037, 25.029165544000012 ], [ 121.525311639000051, 25.029000178000043 ], [ 121.525550821000024, 25.028962684000067 ], [ 121.526302062000013, 25.028844923000058 ], [ 121.526222897000025, 25.02845207200005 ], [ 121.526205267, 25.028364576000047 ], [ 121.526144719000058, 25.028064109000063 ], [ 121.526141277000079, 25.028047022000063 ], [ 121.525885365000036, 25.026777028000012 ], [ 121.52538491200005, 25.026810616000031 ], [ 121.5250135550001, 25.026835539000039 ], [ 121.524972113000103, 25.026838319000031 ], [ 121.524605686000086, 25.02686291100002 ], [ 121.524476955000083, 25.026871549000067 ], [ 121.524165157000098, 25.026892474000075 ], [ 121.523361680000107, 25.026946390000024 ], [ 121.522517225000129, 25.027003248000021 ], [ 121.522498938, 25.02702901200006 ], [ 121.522462142000094, 25.027075288000038 ], [ 121.522315356000036, 25.027259894000046 ], [ 121.521744472, 25.02803971600002 ], [ 121.521697046000099, 25.028139451000069 ], [ 121.521690499000115, 25.028207918000074 ], [ 121.521725022000055, 25.028288689000078 ], [ 121.52186290600001, 25.02898166600005 ], [ 121.521900346000052, 25.029169829000065 ], [ 121.521974689000118, 25.029523207000061 ], [ 121.521982444000059, 25.029521991000017 ] ] ] } },
{ "type": "Feature", "properties": { "COUNTY": "臺北市", "TOWN": "大安區", "VILLAGE": "錦安里", "geo_iid": "臺北市大安區錦安里", "size_counts": 4 }, "geometry": { "type": "Polygon", "coordinates": [ [ [ 121.527163744000063, 25.030084418000062 ], [ 121.527782538000125, 25.02998714500006 ], [ 121.5284946270001, 25.029875203000074 ], [ 121.528540062000047, 25.029868060000066 ], [ 121.529260333000025, 25.029754829000058 ], [ 121.529492162000096, 25.029745083000016 ], [ 121.529530660000106, 25.029743465000021 ], [ 121.530630832000043, 25.029713576000059 ], [ 121.5305946000001, 25.029255992000053 ], [ 121.530576535000023, 25.029027867000021 ], [ 121.530562873, 25.028855332000024 ], [ 121.530540033000079, 25.028566894000043 ], [ 121.530520108000033, 25.028315259000056 ], [ 121.530518373000064, 25.028293345000058 ], [ 121.530486933000034, 25.027896260000031 ], [ 121.530446567000013, 25.027386482000043 ], [ 121.530398333000093, 25.026777300000045 ], [ 121.530367337000015, 25.026385857000033 ], [ 121.529314803000048, 25.026474416000031 ], [ 121.528496015000087, 25.026543301000057 ], [ 121.527973608000025, 25.026590075000051 ], [ 121.526759587000029, 25.026698765000052 ], [ 121.525885365000036, 25.026777028000012 ], [ 121.526141277000079, 25.028047022000063 ], [ 121.526144719000058, 25.028064109000063 ], [ 121.526205267, 25.028364576000047 ], [ 121.526222897000025, 25.02845207200005 ], [ 121.526302062000013, 25.028844923000058 ], [ 121.526305362000016, 25.028862372000042 ], [ 121.526362943000109, 25.029166856000064 ], [ 121.526366238000051, 25.029184279000049 ], [ 121.526449951000018, 25.029626940000071 ], [ 121.5264542110001, 25.029649467000066 ], [ 121.526551929000092, 25.030166169000037 ], [ 121.526554576000095, 25.030180175000048 ], [ 121.527163744000063, 25.030084418000062 ] ] ] } },
{ "type": "Feature", "properties": { "COUNTY": "臺北市", "TOWN": "大安區", "VILLAGE": "龍陣里", "geo_iid": "臺北市大安區龍陣里", "size_counts": 1 }, "geometry": { "type": "Polygon", "coordinates": [ [ [ 121.543484634000052, 25.029239446000073 ], [ 121.543458377000078, 25.028395769000035 ], [ 121.543457802000049, 25.028376540000068 ], [ 121.543437857000072, 25.027711197000027 ], [ 121.543427418000078, 25.027362924000041 ], [ 121.543426551000039, 25.027333994000049 ], [ 121.543401424000081, 25.026495678000057 ], [ 121.543076167000109, 25.026499330000032 ], [ 121.542726260000109, 25.02650326000002 ], [ 121.541823319000073, 25.02651339100003 ], [ 121.541798081000039, 25.026514206000051 ], [ 121.541369687000056, 25.026571161000035 ], [ 121.540497580000078, 25.026687106000047 ], [ 121.54038720000004, 25.026701780000053 ], [ 121.539961522000112, 25.026758369000049 ], [ 121.539732334000078, 25.026876206000047 ], [ 121.539896961000068, 25.027078871000064 ], [ 121.540169243000037, 25.027414063000034 ], [ 121.540520187000098, 25.02741057500003 ], [ 121.540520739000044, 25.027824410000044 ], [ 121.540733915000033, 25.028040832000038 ], [ 121.541124426000025, 25.02843728200002 ], [ 121.541188372000079, 25.028502200000037 ], [ 121.541198710000103, 25.028510793000056 ], [ 121.542076347000034, 25.029240222000052 ], [ 121.542092395000054, 25.029253559000033 ], [ 121.542102672000055, 25.02926062500006 ], [ 121.542534565000082, 25.029557533000048 ], [ 121.543132985000071, 25.029968916000023 ], [ 121.543515519000039, 25.030231885000031 ], [ 121.543484634000052, 25.029239446000073 ] ] ] } },
{ "type": "Feature", "properties": { "COUNTY": "臺北市", "TOWN": "大安區", "VILLAGE": "龍安里", "geo_iid": "臺北市大安區龍安里", "size_counts": 2 }, "geometry": { "type": "Polygon", "coordinates": [ [ [ 121.534125687000042, 25.029342431000021 ], [ 121.534341659, 25.028713088000064 ], [ 121.53449543100011, 25.028264992000057 ], [ 121.534667725000091, 25.027762920000036 ], [ 121.534923872000036, 25.027016485000036 ], [ 121.534866271000055, 25.026015027000021 ], [ 121.534864090000042, 25.02597710000002 ], [ 121.534257462000028, 25.026084901000043 ], [ 121.534207047000123, 25.026093860000056 ], [ 121.534181700000104, 25.026098364000063 ], [ 121.533617089000018, 25.026136964000038 ], [ 121.533460843000057, 25.026147646000027 ], [ 121.533052287000032, 25.026175575000018 ], [ 121.532005301000027, 25.026247143000028 ], [ 121.531993233000094, 25.026247969000043 ], [ 121.531567891, 25.026277040000025 ], [ 121.530440605000081, 25.026379216000059 ], [ 121.530367337000015, 25.026385857000033 ], [ 121.530398333000093, 25.026777300000045 ], [ 121.530446567000013, 25.027386482000043 ], [ 121.530486933000034, 25.027896260000031 ], [ 121.530518373000064, 25.028293345000058 ], [ 121.530520108000033, 25.028315259000056 ], [ 121.530540033000079, 25.028566894000043 ], [ 121.530562873, 25.028855332000024 ], [ 121.530576535000023, 25.029027867000021 ], [ 121.5305946000001, 25.029255992000053 ], [ 121.530630832000043, 25.029713576000059 ], [ 121.531543921000107, 25.029982099000041 ], [ 121.533689628000047, 25.030613084000027 ], [ 121.534125687000042, 25.029342431000021 ] ] ] } },
{ "type": "Feature", "properties": { "COUNTY": "臺北市", "TOWN": "中正區", "VILLAGE": "龍興里", "geo_iid": "臺北市中正區龍興里", "size_counts": 1 }, "geometry": { "type": "Polygon", "coordinates": [ [ [ 121.509255277000079, 25.030551336000027 ], [ 121.510987935000117, 25.029581663000034 ], [ 121.511510519, 25.02928919500004 ], [ 121.511980899000037, 25.029025941000032 ], [ 121.512001654000073, 25.029014323000062 ], [ 121.511752992000069, 25.028597520000059 ], [ 121.511698682000102, 25.028506486000023 ], [ 121.511444453000081, 25.028080370000048 ], [ 121.511380216000035, 25.027973766000056 ], [ 121.511367603000053, 25.027952835000054 ], [ 121.51116153100007, 25.02761084900003 ], [ 121.511079557000016, 25.027474808000079 ], [ 121.511057417000089, 25.027438065000062 ], [ 121.510901476000086, 25.027042027000043 ], [ 121.510893097000022, 25.027020747000044 ], [ 121.510646756000014, 25.027156901000069 ], [ 121.510214038000072, 25.027396066000041 ], [ 121.510185660000047, 25.027416204000076 ], [ 121.510184337000055, 25.027417145000065 ], [ 121.509898685000053, 25.027619860000065 ], [ 121.509687123000049, 25.027769999000036 ], [ 121.509656929000016, 25.027791425000025 ], [ 121.509621666000029, 25.027816450000039 ], [ 121.509539186000097, 25.027874982000064 ], [ 121.509529047000115, 25.027884848000031 ], [ 121.509364989000119, 25.028044483000027 ], [ 121.509325147000027, 25.028083250000059 ], [ 121.508947912000039, 25.028450310000036 ], [ 121.508564897000056, 25.028957028000033 ], [ 121.508560558000099, 25.028962769000024 ], [ 121.508270803000059, 25.029318699000036 ], [ 121.50745641900005, 25.030319062000043 ], [ 121.507188525000061, 25.030648131000071 ], [ 121.50729225900011, 25.030627816000045 ], [ 121.507343951000053, 25.030617693000067 ], [ 121.507478859000116, 25.03057610900003 ], [ 121.50765051700013, 25.030511965000059 ], [ 121.507672412000019, 25.030499364000033 ], [ 121.507713880000111, 25.030530838000054 ], [ 121.507923552000079, 25.030689980000023 ], [ 121.508347222000125, 25.031011546000052 ], [ 121.509255277000079, 25.030551336000027 ] ] ] } },
{ "type": "Feature", "properties": { "COUNTY": "臺北市", "TOWN": "中正區", "VILLAGE": "南福里", "geo_iid": "臺北市中正區南福里", "size_counts": 3 }, "geometry": { "type": "Polygon", "coordinates": [ [ [ 121.519384501000118, 25.031147919000031 ], [ 121.519463168000016, 25.03104116400004 ], [ 121.519594798000071, 25.030862531000022 ], [ 121.519640928000058, 25.030799930000047 ], [ 121.51974294, 25.030661491000039 ], [ 121.51990618100001, 25.030439961000063 ], [ 121.520032541000091, 25.030268479000021 ], [ 121.520351820000087, 25.029835187000057 ], [ 121.520380071000076, 25.029796844000025 ], [ 121.520974626000111, 25.028989968000072 ], [ 121.521497048000029, 25.028280972000054 ], [ 121.521648237000022, 25.028106041000054 ], [ 121.521744472, 25.02803971600002 ], [ 121.522315356000036, 25.027259894000046 ], [ 121.522462142000094, 25.027075288000038 ], [ 121.522498938, 25.02702901200006 ], [ 121.522517225000129, 25.027003248000021 ], [ 121.522446114000118, 25.027008035000037 ], [ 121.522276520000091, 25.027022686000059 ], [ 121.521234828000047, 25.026831651000059 ], [ 121.521111743, 25.026809078000035 ], [ 121.521100507000028, 25.026807018000049 ], [ 121.520905978000101, 25.026771342000064 ], [ 121.519797047000111, 25.026567965000023 ], [ 121.519687519000072, 25.02654787800002 ], [ 121.519060107000087, 25.026432806000056 ], [ 121.518972848000075, 25.026416801000028 ], [ 121.517964888000037, 25.026702395000026 ], [ 121.51716014100009, 25.026930405000016 ], [ 121.515925650000099, 25.027280166000025 ], [ 121.515833381000107, 25.027642519000032 ], [ 121.515642926000069, 25.028390453000032 ], [ 121.515564294000114, 25.028699240000034 ], [ 121.515518304000025, 25.028879850000056 ], [ 121.515466147000112, 25.029084672000064 ], [ 121.515461070000029, 25.02910460500004 ], [ 121.515361163000065, 25.029496941000041 ], [ 121.515293687000053, 25.029761921000041 ], [ 121.516408652000109, 25.030024497000049 ], [ 121.516426743000011, 25.030028758000064 ], [ 121.516956501000109, 25.030341460000034 ], [ 121.517447197000024, 25.030631102000026 ], [ 121.517569640000048, 25.03070337400003 ], [ 121.517967249000108, 25.030938068000061 ], [ 121.518315050000083, 25.031143358000058 ], [ 121.518724087000024, 25.031384793000029 ], [ 121.51906268200004, 25.031584647000034 ], [ 121.519384501000118, 25.031147919000031 ] ] ] } },
{ "type": "Feature", "properties": { "COUNTY": "臺北市", "TOWN": "大安區", "VILLAGE": "錦泰里", "geo_iid": "臺北市大安區錦泰里", "size_counts": 1 }, "geometry": { "type": "Polygon", "coordinates": [ [ [ 121.523466983000048, 25.032194839000049 ], [ 121.524076566000076, 25.032100924000069 ], [ 121.524097834000031, 25.032097647000054 ], [ 121.52682623900013, 25.031677257000062 ], [ 121.526825378000012, 25.031672513000036 ], [ 121.526601615000118, 25.030439400000017 ], [ 121.526554576000095, 25.030180175000048 ], [ 121.526551929000092, 25.030166169000037 ], [ 121.5264542110001, 25.029649467000066 ], [ 121.526449951000018, 25.029626940000071 ], [ 121.526366238000051, 25.029184279000049 ], [ 121.526362943000109, 25.029166856000064 ], [ 121.526305362000016, 25.028862372000042 ], [ 121.526302062000013, 25.028844923000058 ], [ 121.525550821000024, 25.028962684000067 ], [ 121.525311639000051, 25.029000178000043 ], [ 121.524256645000037, 25.029165544000012 ], [ 121.52407990800009, 25.029193247000013 ], [ 121.524012653000128, 25.029203788000068 ], [ 121.523100285000055, 25.029346792000055 ], [ 121.522327309000062, 25.02946794100006 ], [ 121.521982444000059, 25.029521991000017 ], [ 121.521974689000118, 25.029523207000061 ], [ 121.521981602000096, 25.029556069000012 ], [ 121.522046852000017, 25.029866231000025 ], [ 121.52238933700005, 25.031549698000045 ], [ 121.522527781, 25.032221869000065 ], [ 121.522528934000107, 25.032227470000052 ], [ 121.52255586800004, 25.032317463000023 ], [ 121.522560946000112, 25.032334424000052 ], [ 121.523466983000048, 25.032194839000049 ] ] ] } },
{ "type": "Feature", "properties": { "COUNTY": "臺北市", "TOWN": "信義區", "VILLAGE": "景聯里", "geo_iid": "臺北市信義區景聯里", "size_counts": 1 }, "geometry": { "type": "Polygon", "coordinates": [ [ [ 121.560426186000086, 25.03298170600004 ], [ 121.560412245000052, 25.032501810000038 ], [ 121.560412051000057, 25.03249300900006 ], [ 121.560402564000015, 25.032063157000035 ], [ 121.560332704000061, 25.031912517000016 ], [ 121.56019123800003, 25.031221675000033 ], [ 121.560485013000047, 25.031174 ], [ 121.561288293000075, 25.031043634000071 ], [ 121.561287371000049, 25.030841050000046 ], [ 121.56128681000007, 25.030717796000026 ], [ 121.561286797000108, 25.03071493900006 ], [ 121.561286681000084, 25.030689263000053 ], [ 121.561061085, 25.03054940700002 ], [ 121.560870412000099, 25.030431201000045 ], [ 121.560839029000022, 25.030411745000031 ], [ 121.561458063000032, 25.029673295000059 ], [ 121.56134760100008, 25.029612937000021 ], [ 121.561252778000039, 25.029549713000051 ], [ 121.561077840000038, 25.029433072000074 ], [ 121.560704308000041, 25.029184017000023 ], [ 121.560699461000013, 25.02918052100005 ], [ 121.560695048000056, 25.02917733900005 ], [ 121.560562926000102, 25.029082064000072 ], [ 121.560342238000089, 25.028922921000056 ], [ 121.56033877400013, 25.028920421000063 ], [ 121.55991655000004, 25.028648557000054 ], [ 121.559880859000046, 25.028633598000056 ], [ 121.559875811000111, 25.028797283000074 ], [ 121.559491448000031, 25.028993059000069 ], [ 121.559058283000013, 25.028281791000037 ], [ 121.558135416000042, 25.028714757000042 ], [ 121.558080093000072, 25.028743106000025 ], [ 121.557727341000032, 25.028923836000036 ], [ 121.558114068000023, 25.029577304000036 ], [ 121.55790633200003, 25.029685193000031 ], [ 121.5576555560001, 25.029815435000046 ], [ 121.557779972000048, 25.030022311000035 ], [ 121.557937792000075, 25.030284728000023 ], [ 121.558968248000042, 25.031998106000056 ], [ 121.559387557000051, 25.032695291000039 ], [ 121.559563399000027, 25.032987659000064 ], [ 121.560426186000086, 25.03298170600004 ] ] ] } },
{ "type": "Feature", "properties": { "COUNTY": "臺北市", "TOWN": "中正區", "VILLAGE": "廈安里", "geo_iid": "臺北市中正區廈安里", "size_counts": 1 }, "geometry": { "type": "Polygon", "coordinates": [ [ [ 121.505287340000109, 25.033393593000017 ], [ 121.505292631000103, 25.033388995000045 ], [ 121.505999846000023, 25.032791454000058 ], [ 121.50663347800004, 25.032256080000014 ], [ 121.506982246, 25.031961393000067 ], [ 121.507621347000054, 25.031379419000068 ], [ 121.507739223000058, 25.031319680000017 ], [ 121.507951512000076, 25.031212093000065 ], [ 121.508347222000125, 25.031011546000052 ], [ 121.507923552000079, 25.030689980000023 ], [ 121.507713880000111, 25.030530838000054 ], [ 121.507672412000019, 25.030499364000033 ], [ 121.50765051700013, 25.030511965000059 ], [ 121.507478859000116, 25.03057610900003 ], [ 121.507343951000053, 25.030617693000067 ], [ 121.50729225900011, 25.030627816000045 ], [ 121.507188525000061, 25.030648131000071 ], [ 121.507053400000018, 25.030637381000069 ], [ 121.506934600000022, 25.030615352000034 ], [ 121.506742055000032, 25.030578623000043 ], [ 121.506016210000084, 25.030411094000034 ], [ 121.505858298000021, 25.030374648000063 ], [ 121.504163300000073, 25.029983416000043 ], [ 121.504135420000026, 25.029978237000016 ], [ 121.504135627000082, 25.030022139000025 ], [ 121.50413708400005, 25.03033224700004 ], [ 121.504140875000061, 25.030492808000073 ], [ 121.504160478000031, 25.031323181000054 ], [ 121.504404933000046, 25.031777649000045 ], [ 121.504940564000094, 25.032773426000066 ], [ 121.505278969000088, 25.033400866000079 ], [ 121.505287340000109, 25.033393593000017 ] ] ] } },
{ "type": "Feature", "properties": { "COUNTY": "臺北市", "TOWN": "大安區", "VILLAGE": "住安里", "geo_iid": "臺北市大安區住安里", "size_counts": 1 }, "geometry": { "type": "Polygon", "coordinates": [ [ [ 121.544383129000039, 25.033311002000058 ], [ 121.544639958000062, 25.033305124000034 ], [ 121.545062322000035, 25.033295457000055 ], [ 121.545447528000068, 25.033286640000021 ], [ 121.545950258000076, 25.033275131000035 ], [ 121.545956296000114, 25.033275003000025 ], [ 121.54626403400006, 25.033268505000017 ], [ 121.547713779000119, 25.033237881000041 ], [ 121.548044982000079, 25.033230884000023 ], [ 121.548817007000025, 25.033214566000026 ], [ 121.548811421000096, 25.032985538000052 ], [ 121.548789611000061, 25.032091644000044 ], [ 121.548772661000044, 25.031396889000057 ], [ 121.548761655000035, 25.030945778000039 ], [ 121.547988579000062, 25.03095642400006 ], [ 121.547983081000083, 25.030956521000061 ], [ 121.547791510000025, 25.030959879000012 ], [ 121.546056054000019, 25.030990287000048 ], [ 121.545130518000079, 25.031006493000056 ], [ 121.543958159000127, 25.031027017000039 ], [ 121.543809406000037, 25.03082324100005 ], [ 121.543566606000013, 25.030490624000024 ], [ 121.543527720000043, 25.03043735400006 ], [ 121.543533403000097, 25.030692850000037 ], [ 121.543541538000113, 25.031058426000069 ], [ 121.543561694000118, 25.031964424000016 ], [ 121.543580153000107, 25.032794016000018 ], [ 121.543592058000058, 25.033329103000018 ], [ 121.544383129000039, 25.033311002000058 ] ] ] } },
{ "type": "Feature", "properties": { "COUNTY": "臺北市", "TOWN": "大安區", "VILLAGE": "福住里", "geo_iid": "臺北市大安區福住里", "size_counts": 1 }, "geometry": { "type": "Polygon", "coordinates": [ [ [ 121.53001995700005, 25.033761975000047 ], [ 121.530379050000064, 25.033719413000018 ], [ 121.53246368300006, 25.033643497000067 ], [ 121.532682429000033, 25.033642716000024 ], [ 121.532679599000048, 25.033549864000062 ], [ 121.532833505000099, 25.033102373000073 ], [ 121.533085419000017, 25.032369912000032 ], [ 121.533209907000014, 25.032007945000029 ], [ 121.533689628000047, 25.030613084000027 ], [ 121.531543921000107, 25.029982099000041 ], [ 121.530630832000043, 25.029713576000059 ], [ 121.529530660000106, 25.029743465000021 ], [ 121.529519236000056, 25.030123782000022 ], [ 121.529507852000052, 25.030502721000058 ], [ 121.529505095000118, 25.030594474000047 ], [ 121.52949191900008, 25.031033126000061 ], [ 121.529485832000105, 25.031235730000045 ], [ 121.529489736000087, 25.031256505000041 ], [ 121.529612776000022, 25.031911161000032 ], [ 121.529676074000022, 25.032247949000059 ], [ 121.529794534000061, 25.032878226000026 ], [ 121.52994538400003, 25.033680828000055 ], [ 121.529961928000034, 25.033768853000023 ], [ 121.53001995700005, 25.033761975000047 ] ] ] } },
{ "type": "Feature", "properties": { "COUNTY": "臺北市", "TOWN": "萬華區", "VILLAGE": "頂碩里", "geo_iid": "臺北市萬華區頂碩里", "size_counts": 2 }, "geometry": { "type": "Polygon", "coordinates": [ [ [ 121.505278969000088, 25.033400866000079 ], [ 121.504940564000094, 25.032773426000066 ], [ 121.504404933000046, 25.031777649000045 ], [ 121.504160478000031, 25.031323181000054 ], [ 121.504140875000061, 25.030492808000073 ], [ 121.50413708400005, 25.03033224700004 ], [ 121.504135627000082, 25.030022139000025 ], [ 121.504135420000026, 25.029978237000016 ], [ 121.503637039000068, 25.029885650000029 ], [ 121.502980075000096, 25.029763600000017 ], [ 121.502308790000029, 25.029638883000068 ], [ 121.50185672200007, 25.029554895000036 ], [ 121.501820917000046, 25.029548242000025 ], [ 121.501184821000038, 25.02946633100003 ], [ 121.500497350000046, 25.029377802000052 ], [ 121.500517200000104, 25.029791693000043 ], [ 121.500537839000103, 25.030222046000056 ], [ 121.500540830000091, 25.030284413000057 ], [ 121.500549498000069, 25.030465146000026 ], [ 121.500557802000102, 25.030638290000063 ], [ 121.500581908000072, 25.031145338000041 ], [ 121.500559205000059, 25.031628543000064 ], [ 121.500538129, 25.032077106000024 ], [ 121.500530264000062, 25.032244508000073 ], [ 121.500499638000065, 25.032896298000022 ], [ 121.50052740600006, 25.032898429000053 ], [ 121.500853587000051, 25.032923463000028 ], [ 121.501517300000032, 25.033077625000029 ], [ 121.502272945000072, 25.033253137000028 ], [ 121.502604010000042, 25.033330030000055 ], [ 121.503018929000078, 25.033426399000064 ], [ 121.503092123000101, 25.033446433000041 ], [ 121.503438391000046, 25.033541207000034 ], [ 121.503851474000029, 25.033610679000045 ], [ 121.50438589800001, 25.033753432000015 ], [ 121.504727830000078, 25.033879839000054 ], [ 121.505278969000088, 25.033400866000079 ] ] ] } },
{ "type": "Feature", "properties": { "COUNTY": "臺北市", "TOWN": "中正區", "VILLAGE": "新營里", "geo_iid": "臺北市中正區新營里", "size_counts": 1 }, "geometry": { "type": "Polygon", "coordinates": [ [ [ 121.518538611000039, 25.034104507000041 ], [ 121.51919164200001, 25.033816586000054 ], [ 121.52045423200002, 25.03325989800004 ], [ 121.521041772000103, 25.033000841000042 ], [ 121.521607202000041, 25.032751528000055 ], [ 121.522515448000021, 25.032351053000056 ], [ 121.522548981000099, 25.032336269000034 ], [ 121.522560946000112, 25.032334424000052 ], [ 121.52255586800004, 25.032317463000023 ], [ 121.522528934000107, 25.032227470000052 ], [ 121.522527781, 25.032221869000065 ], [ 121.52238933700005, 25.031549698000045 ], [ 121.522046852000017, 25.029866231000025 ], [ 121.521981602000096, 25.029556069000012 ], [ 121.521974689000118, 25.029523207000061 ], [ 121.521900346000052, 25.029169829000065 ], [ 121.52186290600001, 25.02898166600005 ], [ 121.521725022000055, 25.028288689000078 ], [ 121.521690499000115, 25.028207918000074 ], [ 121.521697046000099, 25.028139451000069 ], [ 121.521744472, 25.02803971600002 ], [ 121.521648237000022, 25.028106041000054 ], [ 121.521497048000029, 25.028280972000054 ], [ 121.520974626000111, 25.028989968000072 ], [ 121.520380071000076, 25.029796844000025 ], [ 121.520351820000087, 25.029835187000057 ], [ 121.520032541000091, 25.030268479000021 ], [ 121.51990618100001, 25.030439961000063 ], [ 121.51974294, 25.030661491000039 ], [ 121.519640928000058, 25.030799930000047 ], [ 121.519594798000071, 25.030862531000022 ], [ 121.519463168000016, 25.03104116400004 ], [ 121.519384501000118, 25.031147919000031 ], [ 121.51906268200004, 25.031584647000034 ], [ 121.519052888000047, 25.031598055000071 ], [ 121.518767855000078, 25.031988240000029 ], [ 121.518632739000054, 25.032173201000024 ], [ 121.518258601000056, 25.032685355000066 ], [ 121.518042235000053, 25.032981536000019 ], [ 121.517998335000016, 25.033041631000057 ], [ 121.516596261000032, 25.03496086500007 ], [ 121.518538611000039, 25.034104507000041 ] ] ] } },
{ "type": "Feature", "properties": { "COUNTY": "臺北市", "TOWN": "萬華區", "VILLAGE": "糖?里", "geo_iid": "臺北市萬華區糖?里", "size_counts": 2 }, "geometry": { "type": "Polygon", "coordinates": [ [ [ 121.494414975000055, 25.035386046000035 ], [ 121.496576992000087, 25.03532342200003 ], [ 121.496809671000051, 25.03531668000004 ], [ 121.497167032000107, 25.035306326000065 ], [ 121.497572255000023, 25.035294583000042 ], [ 121.498453631000075, 25.035269039000067 ], [ 121.4992966840001, 25.035244600000052 ], [ 121.498745649000071, 25.034379072000032 ], [ 121.497940834000033, 25.033114903000065 ], [ 121.497709322000119, 25.033111869000038 ], [ 121.497564917000076, 25.033109977000031 ], [ 121.497239680000021, 25.033073951000056 ], [ 121.496819433000041, 25.032988749000022 ], [ 121.496709091000056, 25.032951240000042 ], [ 121.496504077000054, 25.03288154800002 ], [ 121.496178455000049, 25.032749642000052 ], [ 121.49611910100009, 25.032716487000066 ], [ 121.495771174000069, 25.032522131000061 ], [ 121.495103335000067, 25.031966545000035 ], [ 121.494826819000082, 25.031736505000019 ], [ 121.494696656000087, 25.031811806000061 ], [ 121.494645077000072, 25.031818184000027 ], [ 121.49456964400008, 25.031827514000039 ], [ 121.494507419000129, 25.031837716000034 ], [ 121.494297381000038, 25.031872152000052 ], [ 121.494155078000063, 25.031896107000012 ], [ 121.49374569500003, 25.031965024000034 ], [ 121.493802827000096, 25.032236816000015 ], [ 121.493808083000076, 25.03226182200007 ], [ 121.493829084000026, 25.03236177400003 ], [ 121.493836810000062, 25.03239862100002 ], [ 121.493838901000117, 25.032408595000046 ], [ 121.493845237000059, 25.032438811000073 ], [ 121.493874899000033, 25.032579979000047 ], [ 121.493876863000082, 25.032589323000018 ], [ 121.493908273000088, 25.032738812000044 ], [ 121.493913031000034, 25.032761489000048 ], [ 121.493921758000056, 25.032803066000039 ], [ 121.49392410300004, 25.032814234000053 ], [ 121.493960699, 25.032988734000064 ], [ 121.4939801700001, 25.033081577000072 ], [ 121.493990469000096, 25.033126633000041 ], [ 121.49400960100003, 25.033231433000015 ], [ 121.493546811000101, 25.033487756000049 ], [ 121.493537710000041, 25.03347753200006 ], [ 121.493027596000061, 25.033871835000067 ], [ 121.493346326000065, 25.034228243000026 ], [ 121.493389593000089, 25.034276622000039 ], [ 121.493482836000126, 25.034380888000037 ], [ 121.494382592000079, 25.035386985000056 ], [ 121.494414975000055, 25.035386046000035 ] ] ] } },
{ "type": "Feature", "properties": { "COUNTY": "臺北市", "TOWN": "大安區", "VILLAGE": "光明里", "geo_iid": "臺北市大安區光明里", "size_counts": 2 }, "geometry": { "type": "Polygon", "coordinates": [ [ [ 121.524561536000064, 25.035441860000034 ], [ 121.524677532000055, 25.035391669000028 ], [ 121.524943551000078, 25.035253836000035 ], [ 121.526059177000093, 25.034706328000023 ], [ 121.526502578000077, 25.034486963000049 ], [ 121.527198396000017, 25.034148481000038 ], [ 121.527263588000096, 25.034140824000069 ], [ 121.527247161000119, 25.034048295000044 ], [ 121.527057328000055, 25.032978977000024 ], [ 121.52682623900013, 25.031677257000062 ], [ 121.524097834000031, 25.032097647000054 ], [ 121.524076566000076, 25.032100924000069 ], [ 121.523466983000048, 25.032194839000049 ], [ 121.522560946000112, 25.032334424000052 ], [ 121.522605211000055, 25.032482319000049 ], [ 121.522798119000072, 25.032836325000059 ], [ 121.523420151000096, 25.03389026200005 ], [ 121.524231526000122, 25.035311774000032 ], [ 121.524267298000041, 25.035374446000045 ], [ 121.524271296000038, 25.035378659000049 ], [ 121.524293193000048, 25.035401738000061 ], [ 121.524293385000092, 25.035401941000028 ], [ 121.524308499000085, 25.035417870000053 ], [ 121.524390144000094, 25.035435254000042 ], [ 121.524452186000076, 25.035448464000069 ], [ 121.524561536000064, 25.035441860000034 ] ] ] } },
{ "type": "Feature", "properties": { "COUNTY": "臺北市", "TOWN": "萬華區", "VILLAGE": "富福里", "geo_iid": "臺北市萬華區富福里", "size_counts": 1 }, "geometry": { "type": "Polygon", "coordinates": [ [ [ 121.504266879000042, 25.036498249000026 ], [ 121.504785438000098, 25.036477769000037 ], [ 121.504846226000041, 25.036475368000019 ], [ 121.504890155000112, 25.036463320000049 ], [ 121.50649687400005, 25.036022661000054 ], [ 121.506326585000011, 25.035543398000065 ], [ 121.506233077000047, 25.03530850300006 ], [ 121.506080147000048, 25.034924332000053 ], [ 121.506024358000104, 25.034786302000043 ], [ 121.505810392000058, 25.034371341000046 ], [ 121.505686687000107, 25.034146467000021 ], [ 121.505401474000109, 25.033628003000036 ], [ 121.505305928000098, 25.033450852000033 ], [ 121.505278969000088, 25.033400866000079 ], [ 121.504727830000078, 25.033879839000054 ], [ 121.50438589800001, 25.033753432000015 ], [ 121.503851474000029, 25.033610679000045 ], [ 121.503438391000046, 25.033541207000034 ], [ 121.503092123000101, 25.033446433000041 ], [ 121.503018929000078, 25.033426399000064 ], [ 121.502604010000042, 25.033330030000055 ], [ 121.502272945000072, 25.033253137000028 ], [ 121.501517300000032, 25.033077625000029 ], [ 121.500853587000051, 25.032923463000028 ], [ 121.50052740600006, 25.032898429000053 ], [ 121.500499638000065, 25.032896298000022 ], [ 121.500394118000031, 25.032896653000019 ], [ 121.499748505000071, 25.032887486000046 ], [ 121.499731409000105, 25.032889201000039 ], [ 121.4993979300001, 25.032922681000059 ], [ 121.499297264, 25.032940715000045 ], [ 121.498430273000068, 25.033096019000016 ], [ 121.497940834000033, 25.033114903000065 ], [ 121.498745649000071, 25.034379072000032 ], [ 121.4992966840001, 25.035244600000052 ], [ 121.500405939000061, 25.035225146000069 ], [ 121.500479195000025, 25.035223861000073 ], [ 121.500984679000098, 25.035214994000043 ], [ 121.501222171000109, 25.035210827000061 ], [ 121.501231208000036, 25.035210537000065 ], [ 121.501731680000049, 25.035194438000076 ], [ 121.502272857000108, 25.035177027000024 ], [ 121.502902745000029, 25.035156761000049 ], [ 121.503235436000068, 25.035146056000031 ], [ 121.50348086200006, 25.036376466000029 ], [ 121.503509305000094, 25.036519056000024 ], [ 121.503511108000126, 25.036528097000023 ], [ 121.504266879000042, 25.036498249000026 ] ] ] } },
{ "type": "Feature", "properties": { "COUNTY": "臺北市", "TOWN": "中正區", "VILLAGE": "南門里", "geo_iid": "臺北市中正區南門里", "size_counts": 1 }, "geometry": { "type": "Polygon", "coordinates": [ [ [ 121.510759650000054, 25.035672713000046 ], [ 121.510796786000014, 25.035662793000022 ], [ 121.511875818000021, 25.035374608000037 ], [ 121.512444116000083, 25.03522282300003 ], [ 121.512940262000015, 25.034382851000025 ], [ 121.514419493000119, 25.031878439000028 ], [ 121.513640581000132, 25.031678287000034 ], [ 121.509255277000079, 25.030551336000027 ], [ 121.508347222000125, 25.031011546000052 ], [ 121.507951512000076, 25.031212093000065 ], [ 121.507739223000058, 25.031319680000017 ], [ 121.507621347000054, 25.031379419000068 ], [ 121.506982246, 25.031961393000067 ], [ 121.50716709400001, 25.032158862000074 ], [ 121.507265532000034, 25.032264022000039 ], [ 121.507290450000042, 25.032563358000058 ], [ 121.507304391000034, 25.032730825000041 ], [ 121.507329802000072, 25.033036068000051 ], [ 121.507342637000093, 25.033190251000054 ], [ 121.507374497000114, 25.033571789000057 ], [ 121.507375221000075, 25.033580478000022 ], [ 121.507506564000082, 25.034377742000054 ], [ 121.507579842000041, 25.034822541000032 ], [ 121.507580664000102, 25.034827532000058 ], [ 121.50766881200002, 25.035362597000066 ], [ 121.507719376000068, 25.035669514000052 ], [ 121.507725245000074, 25.035688339000039 ], [ 121.50806637900007, 25.036782383000055 ], [ 121.510759650000054, 25.035672713000046 ] ] ] } },
{ "type": "Feature", "properties": { "COUNTY": "臺北市", "TOWN": "中正區", "VILLAGE": "愛國里", "geo_iid": "臺北市中正區愛國里", "size_counts": 1 }, "geometry": { "type": "Polygon", "coordinates": [ [ [ 121.508048728000048, 25.036789651000049 ], [ 121.50806637900007, 25.036782383000055 ], [ 121.507725245000074, 25.035688339000039 ], [ 121.507719376000068, 25.035669514000052 ], [ 121.50766881200002, 25.035362597000066 ], [ 121.507580664000102, 25.034827532000058 ], [ 121.507579842000041, 25.034822541000032 ], [ 121.507506564000082, 25.034377742000054 ], [ 121.507375221000075, 25.033580478000022 ], [ 121.507374497000114, 25.033571789000057 ], [ 121.507342637000093, 25.033190251000054 ], [ 121.507329802000072, 25.033036068000051 ], [ 121.507304391000034, 25.032730825000041 ], [ 121.507290450000042, 25.032563358000058 ], [ 121.507265532000034, 25.032264022000039 ], [ 121.50716709400001, 25.032158862000074 ], [ 121.506982246, 25.031961393000067 ], [ 121.50663347800004, 25.032256080000014 ], [ 121.505999846000023, 25.032791454000058 ], [ 121.505292631000103, 25.033388995000045 ], [ 121.505287340000109, 25.033393593000017 ], [ 121.505278969000088, 25.033400866000079 ], [ 121.505305928000098, 25.033450852000033 ], [ 121.505401474000109, 25.033628003000036 ], [ 121.505686687000107, 25.034146467000021 ], [ 121.505810392000058, 25.034371341000046 ], [ 121.506024358000104, 25.034786302000043 ], [ 121.506080147000048, 25.034924332000053 ], [ 121.506233077000047, 25.03530850300006 ], [ 121.506326585000011, 25.035543398000065 ], [ 121.50649687400005, 25.036022661000054 ], [ 121.506505688000047, 25.036047468000046 ], [ 121.506573338000081, 25.036237867000064 ], [ 121.506585872000059, 25.036275466000056 ], [ 121.506690234000089, 25.036588505000047 ], [ 121.50677019200009, 25.037007090000031 ], [ 121.506807540000068, 25.037136826000037 ], [ 121.506872394000084, 25.037241312000042 ], [ 121.506880021000029, 25.037270886000041 ], [ 121.508048728000048, 25.036789651000049 ] ] ] } },
{ "type": "Feature", "properties": { "COUNTY": "臺北市", "TOWN": "大安區", "VILLAGE": "光信里", "geo_iid": "臺北市大安區光信里", "size_counts": 1 }, "geometry": { "type": "Polygon", "coordinates": [ [ [ 121.555458303000023, 25.037701704000028 ], [ 121.555576701000064, 25.037701165000044 ], [ 121.556166458, 25.037698482000046 ], [ 121.556578019000071, 25.037696607000033 ], [ 121.556907110000125, 25.03769510700004 ], [ 121.557541589000039, 25.037692214000046 ], [ 121.557535605000112, 25.037518165000044 ], [ 121.55752530000008, 25.036897433000025 ], [ 121.557517372000021, 25.03680195500004 ], [ 121.557500070000074, 25.036290392000062 ], [ 121.557498956, 25.036044825000026 ], [ 121.557497041000047, 25.035621886000051 ], [ 121.55748772600009, 25.035219440000034 ], [ 121.557487026000103, 25.035065308000064 ], [ 121.557486871000037, 25.035031102000051 ], [ 121.557486673000085, 25.034987504000068 ], [ 121.557461505000106, 25.034381501000031 ], [ 121.557460861000095, 25.034239425000067 ], [ 121.557460664000033, 25.034196023000042 ], [ 121.557460485000092, 25.03415639900004 ], [ 121.557458847000021, 25.033794850000042 ], [ 121.557450889000066, 25.033692557000041 ], [ 121.557441170000061, 25.033201431000059 ], [ 121.55744067, 25.033091316000021 ], [ 121.557440471000078, 25.033047274000062 ], [ 121.556595720000018, 25.033068361000058 ], [ 121.556287724000072, 25.033076048000044 ], [ 121.556283332000021, 25.033471249000048 ], [ 121.556018320000035, 25.033620997000064 ], [ 121.555807869000091, 25.033739913000023 ], [ 121.554674113000019, 25.034380541000068 ], [ 121.554850772000023, 25.034489963000052 ], [ 121.555027433000078, 25.034599388000046 ], [ 121.554766562000054, 25.034889880000033 ], [ 121.554350878000022, 25.035352759000027 ], [ 121.554409134000025, 25.035414326000016 ], [ 121.554425404000099, 25.035431521000067 ], [ 121.554426558000046, 25.035562120000062 ], [ 121.554428549000022, 25.03578728900003 ], [ 121.554430397000019, 25.035996276000041 ], [ 121.554432243000065, 25.036205100000068 ], [ 121.55443400800003, 25.036404802000053 ], [ 121.554435657000113, 25.036591271000077 ], [ 121.554439280000125, 25.037001060000019 ], [ 121.554445470000019, 25.037701303000055 ], [ 121.554810145000047, 25.037701489000021 ], [ 121.555435302000092, 25.037701808000051 ], [ 121.555458303000023, 25.037701704000028 ] ] ] } },
{ "type": "Feature", "properties": { "COUNTY": "臺北市", "TOWN": "大安區", "VILLAGE": "民炤里", "geo_iid": "臺北市大安區民炤里", "size_counts": 9 }, "geometry": { "type": "Polygon", "coordinates": [ [ [ 121.532787216000088, 25.038131491000058 ], [ 121.53341596000007, 25.038122017000024 ], [ 121.53432240000005, 25.038108357000048 ], [ 121.534812866000053, 25.038100962000041 ], [ 121.535666723000091, 25.038088084000027 ], [ 121.537875365000119, 25.038054753000036 ], [ 121.537847475000049, 25.03679945500004 ], [ 121.537839125000133, 25.036423730000017 ], [ 121.537832708000124, 25.036134816000065 ], [ 121.537831118000099, 25.036063287000044 ], [ 121.53782223000006, 25.035663247000059 ], [ 121.537813253000067, 25.035259254000032 ], [ 121.537811566000073, 25.035183305000022 ], [ 121.53780551300008, 25.034910916000054 ], [ 121.53779657500003, 25.034508580000075 ], [ 121.537794130000066, 25.034398550000041 ], [ 121.537773785000027, 25.033482805000059 ], [ 121.537066279000115, 25.03349212900001 ], [ 121.535905454000044, 25.033507420000028 ], [ 121.534539742000106, 25.033525398000041 ], [ 121.532679599000048, 25.033549864000062 ], [ 121.532682429000033, 25.033642716000024 ], [ 121.532685251000089, 25.033654059000067 ], [ 121.532696343000126, 25.033698666000063 ], [ 121.532714693000116, 25.034792198000041 ], [ 121.532774443000093, 25.037540127000053 ], [ 121.532786480000027, 25.038131502000052 ], [ 121.532787216000088, 25.038131491000058 ] ] ] } },
{ "type": "Feature", "properties": { "COUNTY": "臺北市", "TOWN": "中正區", "VILLAGE": "三愛里", "geo_iid": "臺北市中正區三愛里", "size_counts": 4 }, "geometry": { "type": "Polygon", "coordinates": [ [ [ 121.530635334000067, 25.038170523000076 ], [ 121.531091794000062, 25.038162222000032 ], [ 121.53122638, 25.038159774000057 ], [ 121.531630317, 25.03815242600006 ], [ 121.531937088000063, 25.038146844000032 ], [ 121.532750048000025, 25.038132050000051 ], [ 121.532786480000027, 25.038131502000052 ], [ 121.532774443000093, 25.037540127000053 ], [ 121.532714693000116, 25.034792198000041 ], [ 121.532696343000126, 25.033698666000063 ], [ 121.532685251000089, 25.033654059000067 ], [ 121.532682429000033, 25.033642716000024 ], [ 121.53246368300006, 25.033643497000067 ], [ 121.530379050000064, 25.033719413000018 ], [ 121.53001995700005, 25.033761975000047 ], [ 121.529961928000034, 25.033768853000023 ], [ 121.529675309000027, 25.033802825000059 ], [ 121.527970396000114, 25.034039947000043 ], [ 121.527734185000114, 25.03407462900002 ], [ 121.527962518000109, 25.034902882000029 ], [ 121.528042042000024, 25.035191342000068 ], [ 121.528079737000098, 25.035328077000024 ], [ 121.528139620000047, 25.035545293000034 ], [ 121.528199932, 25.035764062000048 ], [ 121.528238112000054, 25.035902555000053 ], [ 121.528266811000108, 25.036006655000048 ], [ 121.528426473000096, 25.036145878000067 ], [ 121.528616935000073, 25.036474274000049 ], [ 121.528683480000026, 25.036589009000068 ], [ 121.528722575000074, 25.036608064000053 ], [ 121.528816049000056, 25.036758333000012 ], [ 121.528825494000102, 25.036773515000039 ], [ 121.528926301000055, 25.036935572000054 ], [ 121.529021650000104, 25.037186232000064 ], [ 121.529088266000016, 25.037361356000069 ], [ 121.529287052000086, 25.037883934000028 ], [ 121.529301463000024, 25.037921816000043 ], [ 121.529319392000062, 25.038024023000045 ], [ 121.529390109000033, 25.038193164000056 ], [ 121.530635334000067, 25.038170523000076 ] ] ] } },
{ "type": "Feature", "properties": { "COUNTY": "臺北市", "TOWN": "萬華區", "VILLAGE": "仁德里", "geo_iid": "臺北市萬華區仁德里", "size_counts": 2 }, "geometry": { "type": "Polygon", "coordinates": [ [ [ 121.504882994000013, 25.039605955000063 ], [ 121.505019580000067, 25.03958405600001 ], [ 121.505406894000089, 25.039521954000062 ], [ 121.5055032570001, 25.03950650500007 ], [ 121.50571605100005, 25.039472384000067 ], [ 121.506190031000074, 25.039396385000028 ], [ 121.506198376000043, 25.039395047000021 ], [ 121.506368082000108, 25.03936783600005 ], [ 121.507176189, 25.039238256000022 ], [ 121.507284900000059, 25.039220823000047 ], [ 121.507029207000073, 25.038371031000043 ], [ 121.506791243000066, 25.037647881000051 ], [ 121.506735332000048, 25.037480527000074 ], [ 121.506739674000073, 25.037417686000019 ], [ 121.506881925000016, 25.037320862000055 ], [ 121.506884117000027, 25.037308618000043 ], [ 121.506886425000062, 25.037295722000056 ], [ 121.506880021000029, 25.037270886000041 ], [ 121.506872394000084, 25.037241312000042 ], [ 121.506807540000068, 25.037136826000037 ], [ 121.50677019200009, 25.037007090000031 ], [ 121.506690234000089, 25.036588505000047 ], [ 121.506585872000059, 25.036275466000056 ], [ 121.506573338000081, 25.036237867000064 ], [ 121.506505688000047, 25.036047468000046 ], [ 121.50649687400005, 25.036022661000054 ], [ 121.504890155000112, 25.036463320000049 ], [ 121.504846226000041, 25.036475368000019 ], [ 121.504785438000098, 25.036477769000037 ], [ 121.504266879000042, 25.036498249000026 ], [ 121.503511108000126, 25.036528097000023 ], [ 121.503703588000022, 25.037418501000044 ], [ 121.503829310000015, 25.038000073000028 ], [ 121.503930757000049, 25.038469355000071 ], [ 121.503998951000085, 25.038784809000049 ], [ 121.504033415000094, 25.038944234000041 ], [ 121.504049556000041, 25.039018902000063 ], [ 121.504200134000044, 25.039715441000045 ], [ 121.504882994000013, 25.039605955000063 ] ] ] } },
{ "type": "Feature", "properties": { "COUNTY": "臺北市", "TOWN": "萬華區", "VILLAGE": "福音里", "geo_iid": "臺北市萬華區福音里", "size_counts": 2 }, "geometry": { "type": "Polygon", "coordinates": [ [ [ 121.503176245000077, 25.03986822000007 ], [ 121.503215676000096, 25.039862338000031 ], [ 121.504176936000022, 25.039718902000054 ], [ 121.504200134000044, 25.039715441000045 ], [ 121.504049556000041, 25.039018902000063 ], [ 121.504033415000094, 25.038944234000041 ], [ 121.503998951000085, 25.038784809000049 ], [ 121.503930757000049, 25.038469355000071 ], [ 121.503829310000015, 25.038000073000028 ], [ 121.503703588000022, 25.037418501000044 ], [ 121.503511108000126, 25.036528097000023 ], [ 121.503509305000094, 25.036519056000024 ], [ 121.50348086200006, 25.036376466000029 ], [ 121.503235436000068, 25.035146056000031 ], [ 121.502902745000029, 25.035156761000049 ], [ 121.502272857000108, 25.035177027000024 ], [ 121.501731680000049, 25.035194438000076 ], [ 121.501231208000036, 25.035210537000065 ], [ 121.501222171000109, 25.035210827000061 ], [ 121.501455382000017, 25.036569316000051 ], [ 121.501460019000092, 25.036596675000048 ], [ 121.50161590200004, 25.037516396000047 ], [ 121.501756944000022, 25.038348535000054 ], [ 121.501758205000115, 25.038357900000044 ], [ 121.501840424000079, 25.03896781100007 ], [ 121.501881249, 25.03927065200002 ], [ 121.501954549000061, 25.039814406000058 ], [ 121.501958491000096, 25.039843641000061 ], [ 121.501985749000028, 25.040045852000045 ], [ 121.503176245000077, 25.03986822000007 ] ] ] } },
{ "type": "Feature", "properties": { "COUNTY": "臺北市", "TOWN": "萬華區", "VILLAGE": "富民里", "geo_iid": "臺北市萬華區富民里", "size_counts": 1 }, "geometry": { "type": "Polygon", "coordinates": [ [ [ 121.501985749000028, 25.040045852000045 ], [ 121.501958491000096, 25.039843641000061 ], [ 121.501954549000061, 25.039814406000058 ], [ 121.501881249, 25.03927065200002 ], [ 121.501840424000079, 25.03896781100007 ], [ 121.501758205000115, 25.038357900000044 ], [ 121.501756944000022, 25.038348535000054 ], [ 121.50161590200004, 25.037516396000047 ], [ 121.501460019000092, 25.036596675000048 ], [ 121.501455382000017, 25.036569316000051 ], [ 121.501222171000109, 25.035210827000061 ], [ 121.500984679000098, 25.035214994000043 ], [ 121.500479195000025, 25.035223861000073 ], [ 121.500405939000061, 25.035225146000069 ], [ 121.4992966840001, 25.035244600000052 ], [ 121.499304757000132, 25.035468832000042 ], [ 121.499314925000022, 25.035751293000025 ], [ 121.499330843000067, 25.036193442000066 ], [ 121.499347979000063, 25.03666945700007 ], [ 121.499348481000084, 25.036683383000021 ], [ 121.499557712000069, 25.037516073000056 ], [ 121.499639057000095, 25.037839810000026 ], [ 121.499790237000084, 25.038441459000062 ], [ 121.499834774000078, 25.039373734000034 ], [ 121.499869349000036, 25.040097473000056 ], [ 121.499884427000097, 25.040098352000026 ], [ 121.500276300000124, 25.040121177000056 ], [ 121.500674601000028, 25.040144376000054 ], [ 121.501064629000084, 25.04016709200004 ], [ 121.50113985400003, 25.040171473000036 ], [ 121.50167800600002, 25.040202813000057 ], [ 121.501985749000028, 25.040045852000045 ] ] ] } },
{ "type": "Feature", "properties": { "COUNTY": "臺北市", "TOWN": "信義區", "VILLAGE": "大仁里", "geo_iid": "臺北市信義區大仁里", "size_counts": 1 }, "geometry": { "type": "Polygon", "coordinates": [ [ [ 121.582753508000124, 25.040153567000047 ], [ 121.582805399000122, 25.040042637000049 ], [ 121.582865338000033, 25.039914501000052 ], [ 121.583152392000102, 25.039300846000049 ], [ 121.583780648, 25.037957761000023 ], [ 121.583412171000077, 25.037817770000053 ], [ 121.583033334000106, 25.03767384200005 ], [ 121.582670650000082, 25.037536050000025 ], [ 121.581496399000102, 25.037089916000063 ], [ 121.581488419000038, 25.037086882000036 ], [ 121.580583466000022, 25.036746662000034 ], [ 121.580381015000057, 25.036670549000057 ], [ 121.579251113000055, 25.036245747000059 ], [ 121.579173879000109, 25.036301855000023 ], [ 121.579129908000027, 25.036333799000026 ], [ 121.579176585000027, 25.036654309000021 ], [ 121.579205360000074, 25.036851908000063 ], [ 121.579209592000097, 25.036880960000069 ], [ 121.579286423000099, 25.037408531000032 ], [ 121.579349303000086, 25.037840293000038 ], [ 121.579349186000044, 25.037878342000045 ], [ 121.57934906200002, 25.037918008000073 ], [ 121.579347905000077, 25.038290077000049 ], [ 121.579347879000011, 25.038298515000058 ], [ 121.579343917000088, 25.038317337000016 ], [ 121.579307070000041, 25.038492419000075 ], [ 121.579266617000044, 25.038684637000067 ], [ 121.579265179000132, 25.038691473000018 ], [ 121.579220697000096, 25.038902822000061 ], [ 121.579183111000035, 25.039081415000055 ], [ 121.579178782000099, 25.039091021000043 ], [ 121.579147647000013, 25.03916010700004 ], [ 121.579140903000066, 25.039251785000026 ], [ 121.579141149000066, 25.039304147000042 ], [ 121.57915941300007, 25.039376082000043 ], [ 121.579163894000104, 25.039385075000034 ], [ 121.579191966000053, 25.039441416000042 ], [ 121.579231689000025, 25.039503447000069 ], [ 121.579253942000037, 25.039533657000039 ], [ 121.579274962000113, 25.039562195000027 ], [ 121.579332519000118, 25.039604519000015 ], [ 121.579680869000086, 25.039756996000047 ], [ 121.580172755000035, 25.039948182000042 ], [ 121.580286281000099, 25.039725724000043 ], [ 121.580380991000069, 25.03954013200007 ], [ 121.580908228000126, 25.039740950000059 ], [ 121.58114963200002, 25.039832898000043 ], [ 121.581544277000049, 25.039983209000066 ], [ 121.581875059000026, 25.040109198000035 ], [ 121.582640353000102, 25.040400685000051 ], [ 121.582753508000124, 25.040153567000047 ] ] ] } },
{ "type": "Feature", "properties": { "COUNTY": "臺北市", "TOWN": "中正區", "VILLAGE": "文北里", "geo_iid": "臺北市中正區文北里", "size_counts": 1 }, "geometry": { "type": "Polygon", "coordinates": [ [ [ 121.526145343000039, 25.041548145000029 ], [ 121.52645166100001, 25.041475681000058 ], [ 121.526622618000047, 25.041435238000073 ], [ 121.526758726000025, 25.041403039000041 ], [ 121.526981769000031, 25.04135027400002 ], [ 121.52832013200009, 25.041033649000035 ], [ 121.529186549000087, 25.040828637000061 ], [ 121.530065356000023, 25.040603769000022 ], [ 121.52991341500001, 25.040083459000069 ], [ 121.529781053000079, 25.039630200000033 ], [ 121.52969242000006, 25.03932668000003 ], [ 121.529444262000084, 25.039285624000051 ], [ 121.529408761000013, 25.03927975200002 ], [ 121.529438212000059, 25.038934347000062 ], [ 121.52943874600011, 25.038928083000023 ], [ 121.529445053000018, 25.038765058000013 ], [ 121.52941538600011, 25.038375243000068 ], [ 121.529390109000033, 25.038193164000056 ], [ 121.529319392000062, 25.038024023000045 ], [ 121.529301463000024, 25.037921816000043 ], [ 121.529287052000086, 25.037883934000028 ], [ 121.529088266000016, 25.037361356000069 ], [ 121.529021650000104, 25.037186232000064 ], [ 121.528926301000055, 25.036935572000054 ], [ 121.527996469000072, 25.037158982000047 ], [ 121.527221093000108, 25.037345277000039 ], [ 121.526408269000058, 25.037540563000043 ], [ 121.525084312000104, 25.037858642000053 ], [ 121.525202252000113, 25.038277837000066 ], [ 121.525404360000024, 25.038996186000073 ], [ 121.525487138, 25.039290396000066 ], [ 121.525491584000079, 25.039306194000059 ], [ 121.525556507000047, 25.039536946000045 ], [ 121.525611455000103, 25.039732245000028 ], [ 121.525737679000045, 25.040180870000025 ], [ 121.526123813000041, 25.041553239000052 ], [ 121.526145343000039, 25.041548145000029 ] ] ] } },
{ "type": "Feature", "properties": { "COUNTY": "臺北市", "TOWN": "萬華區", "VILLAGE": "新起里", "geo_iid": "臺北市萬華區新起里", "size_counts": 1 }, "geometry": { "type": "Polygon", "coordinates": [ [ [ 121.508045021000029, 25.042199548000035 ], [ 121.508087038000085, 25.042164744000036 ], [ 121.508063298000039, 25.042086545000068 ], [ 121.508152762, 25.042090070000022 ], [ 121.50812723200012, 25.04202474200002 ], [ 121.507661145000043, 25.040452441000063 ], [ 121.507515607000073, 25.039987576000033 ], [ 121.507295981000098, 25.039257656000068 ], [ 121.507284900000059, 25.039220823000047 ], [ 121.507176189, 25.039238256000022 ], [ 121.506368082000108, 25.03936783600005 ], [ 121.506198376000043, 25.039395047000021 ], [ 121.506190031000074, 25.039396385000028 ], [ 121.50571605100005, 25.039472384000067 ], [ 121.5055032570001, 25.03950650500007 ], [ 121.505406894000089, 25.039521954000062 ], [ 121.505019580000067, 25.03958405600001 ], [ 121.504882994000013, 25.039605955000063 ], [ 121.504200134000044, 25.039715441000045 ], [ 121.504176936000022, 25.039718902000054 ], [ 121.503215676000096, 25.039862338000031 ], [ 121.503176245000077, 25.03986822000007 ], [ 121.501985749000028, 25.040045852000045 ], [ 121.502048100000025, 25.040398196000062 ], [ 121.502067283000088, 25.040506605000068 ], [ 121.502272375000075, 25.041665561000052 ], [ 121.50227469000005, 25.041678648000065 ], [ 121.502455272000034, 25.041663652000057 ], [ 121.503173691000029, 25.041603995000052 ], [ 121.5035144080001, 25.04157570000006 ], [ 121.504201362000117, 25.041518651000043 ], [ 121.504251313000054, 25.041514502000037 ], [ 121.504527346000032, 25.041491577000038 ], [ 121.505213340000083, 25.041563044000039 ], [ 121.505968801000108, 25.041641744000053 ], [ 121.506957636000053, 25.041443422000036 ], [ 121.507652414000063, 25.042285067000016 ], [ 121.508045021000029, 25.042199548000035 ] ] ] } },
{ "type": "Feature", "properties": { "COUNTY": "臺北市", "TOWN": "中正區", "VILLAGE": "建國里", "geo_iid": "臺北市中正區建國里", "size_counts": 2 }, "geometry": { "type": "Polygon", "coordinates": [ [ [ 121.513055402000063, 25.041027481000061 ], [ 121.512935005000031, 25.039884236000034 ], [ 121.513803422, 25.039773559000022 ], [ 121.513954989, 25.039754239000043 ], [ 121.515342842000095, 25.039577377000047 ], [ 121.515568062000057, 25.039536740000074 ], [ 121.515708830000122, 25.039511340000043 ], [ 121.51646325600008, 25.039309795000058 ], [ 121.517722429000059, 25.038973389000027 ], [ 121.516596261000032, 25.03496086500007 ], [ 121.514977295000122, 25.035063019000052 ], [ 121.512444116000083, 25.03522282300003 ], [ 121.511875818000021, 25.035374608000037 ], [ 121.510796786000014, 25.035662793000022 ], [ 121.510759650000054, 25.035672713000046 ], [ 121.50806637900007, 25.036782383000055 ], [ 121.508048728000048, 25.036789651000049 ], [ 121.506880021000029, 25.037270886000041 ], [ 121.506886425000062, 25.037295722000056 ], [ 121.506884117000027, 25.037308618000043 ], [ 121.506881925000016, 25.037320862000055 ], [ 121.506739674000073, 25.037417686000019 ], [ 121.506735332000048, 25.037480527000074 ], [ 121.506791243000066, 25.037647881000051 ], [ 121.507029207000073, 25.038371031000043 ], [ 121.507284900000059, 25.039220823000047 ], [ 121.507295981000098, 25.039257656000068 ], [ 121.507515607000073, 25.039987576000033 ], [ 121.507661145000043, 25.040452441000063 ], [ 121.50812723200012, 25.04202474200002 ], [ 121.508152762, 25.042090070000022 ], [ 121.510537237000108, 25.042184001000059 ], [ 121.511502289000063, 25.042222006000024 ], [ 121.511517636000022, 25.042222610000053 ], [ 121.513188249000109, 25.042290782000055 ], [ 121.513055402000063, 25.041027481000061 ] ] ] } },
{ "type": "Feature", "properties": { "COUNTY": "臺北市", "TOWN": "中正區", "VILLAGE": "東門里", "geo_iid": "臺北市中正區東門里", "size_counts": 1 }, "geometry": { "type": "Polygon", "coordinates": [ [ [ 121.520917564000115, 25.04281649100005 ], [ 121.522144749000077, 25.042518744000056 ], [ 121.522645532000084, 25.042397237000039 ], [ 121.52441440600002, 25.041968036000064 ], [ 121.526123813000041, 25.041553239000052 ], [ 121.525737679000045, 25.040180870000025 ], [ 121.525611455000103, 25.039732245000028 ], [ 121.525556507000047, 25.039536946000045 ], [ 121.525491584000079, 25.039306194000059 ], [ 121.525487138, 25.039290396000066 ], [ 121.525404360000024, 25.038996186000073 ], [ 121.525202252000113, 25.038277837000066 ], [ 121.525084312000104, 25.037858642000053 ], [ 121.52497877200004, 25.037513388000029 ], [ 121.52488780300007, 25.037215795000058 ], [ 121.524701427000082, 25.036606086000059 ], [ 121.52457055800005, 25.036177959000032 ], [ 121.524452102000055, 25.035790439000028 ], [ 121.524396682000088, 25.035609135000069 ], [ 121.524289549000059, 25.035439439000061 ], [ 121.524272563000082, 25.035412535000031 ], [ 121.524286960000055, 25.035405 ], [ 121.524293193000048, 25.035401738000061 ], [ 121.524271296000038, 25.035378659000049 ], [ 121.524267298000041, 25.035374446000045 ], [ 121.524231526000122, 25.035311774000032 ], [ 121.523420151000096, 25.03389026200005 ], [ 121.522798119000072, 25.032836325000059 ], [ 121.522605211000055, 25.032482319000049 ], [ 121.522560946000112, 25.032334424000052 ], [ 121.522548981000099, 25.032336269000034 ], [ 121.522515448000021, 25.032351053000056 ], [ 121.521607202000041, 25.032751528000055 ], [ 121.521041772000103, 25.033000841000042 ], [ 121.52045423200002, 25.03325989800004 ], [ 121.51919164200001, 25.033816586000054 ], [ 121.518538611000039, 25.034104507000041 ], [ 121.516596261000032, 25.03496086500007 ], [ 121.517722429000059, 25.038973389000027 ], [ 121.517798605000067, 25.039244793000019 ], [ 121.518936068000016, 25.043297229000064 ], [ 121.520917564000115, 25.04281649100005 ] ] ] } },
{ "type": "Feature", "properties": { "COUNTY": "臺北市", "TOWN": "萬華區", "VILLAGE": "西門里", "geo_iid": "臺北市萬華區西門里", "size_counts": 3 }, "geometry": { "type": "Polygon", "coordinates": [ [ [ 121.502851148000119, 25.044462050000043 ], [ 121.50380733900009, 25.044232819000047 ], [ 121.503819364000037, 25.044229936000075 ], [ 121.505081259, 25.043927407000059 ], [ 121.506194976000089, 25.043660392000046 ], [ 121.507119683000056, 25.043438685000062 ], [ 121.507188922000083, 25.04343121800002 ], [ 121.507203857000036, 25.04342960800005 ], [ 121.507279619000087, 25.043421437000056 ], [ 121.508402076000039, 25.04320249300001 ], [ 121.508469833000049, 25.043189276000064 ], [ 121.508345272000042, 25.042700679000056 ], [ 121.508235028000072, 25.04230057900002 ], [ 121.508188781000072, 25.04218223700007 ], [ 121.508152762, 25.042090070000022 ], [ 121.508063298000039, 25.042086545000068 ], [ 121.508087038000085, 25.042164744000036 ], [ 121.508045021000029, 25.042199548000035 ], [ 121.507652414000063, 25.042285067000016 ], [ 121.506957636000053, 25.041443422000036 ], [ 121.505968801000108, 25.041641744000053 ], [ 121.505213340000083, 25.041563044000039 ], [ 121.504527346000032, 25.041491577000038 ], [ 121.504251313000054, 25.041514502000037 ], [ 121.504201362000117, 25.041518651000043 ], [ 121.5035144080001, 25.04157570000006 ], [ 121.503173691000029, 25.041603995000052 ], [ 121.502455272000034, 25.041663652000057 ], [ 121.50227469000005, 25.041678648000065 ], [ 121.502374901000053, 25.042167948000035 ], [ 121.502480959000096, 25.042685796000054 ], [ 121.502651075000017, 25.043516404000052 ], [ 121.502684809000016, 25.043681113000044 ], [ 121.502752819000079, 25.044013175000021 ], [ 121.50284505400009, 25.044463509000025 ], [ 121.502851148000119, 25.044462050000043 ] ] ] } },
{ "type": "Feature", "properties": { "COUNTY": "臺北市", "TOWN": "萬華區", "VILLAGE": "菜園里", "geo_iid": "臺北市萬華區菜園里", "size_counts": 5 }, "geometry": { "type": "Polygon", "coordinates": [ [ [ 121.500315299000022, 25.045078698000054 ], [ 121.502363452000054, 25.044580629000041 ], [ 121.50284505400009, 25.044463509000025 ], [ 121.502752819000079, 25.044013175000021 ], [ 121.502684809000016, 25.043681113000044 ], [ 121.502651075000017, 25.043516404000052 ], [ 121.502480959000096, 25.042685796000054 ], [ 121.502374901000053, 25.042167948000035 ], [ 121.50227469000005, 25.041678648000065 ], [ 121.502272375000075, 25.041665561000052 ], [ 121.502067283000088, 25.040506605000068 ], [ 121.502048100000025, 25.040398196000062 ], [ 121.501985749000028, 25.040045852000045 ], [ 121.50167800600002, 25.040202813000057 ], [ 121.50113985400003, 25.040171473000036 ], [ 121.501064629000084, 25.04016709200004 ], [ 121.500674601000028, 25.040144376000054 ], [ 121.500276300000124, 25.040121177000056 ], [ 121.499884427000097, 25.040098352000026 ], [ 121.499869349000036, 25.040097473000056 ], [ 121.499665121000021, 25.040078996000027 ], [ 121.499319616000093, 25.040047738000045 ], [ 121.499301958000046, 25.040046139000019 ], [ 121.499097865000081, 25.040027675000026 ], [ 121.498925854000049, 25.040012155000046 ], [ 121.498536830000035, 25.039977056000044 ], [ 121.497972088000097, 25.040022787000055 ], [ 121.494087964000073, 25.042506855000052 ], [ 121.493512210000063, 25.042875074000047 ], [ 121.493519699000117, 25.042874448000074 ], [ 121.49358770400012, 25.042869844000048 ], [ 121.49365574, 25.04286523800004 ], [ 121.493838459000031, 25.042859078000046 ], [ 121.493943055000059, 25.042855879000047 ], [ 121.494110808000087, 25.042863609000047 ], [ 121.494272020000039, 25.042850741000045 ], [ 121.494443224000065, 25.042829741000038 ], [ 121.494623490000109, 25.042829332000046 ], [ 121.494776169000019, 25.042841786000036 ], [ 121.494951418000028, 25.042843713000018 ], [ 121.495139261000077, 25.04284437900003 ], [ 121.495235190000017, 25.042855028000066 ], [ 121.495330190000104, 25.042894382000039 ], [ 121.49546031400007, 25.042918514000061 ], [ 121.495601847000088, 25.042948277000047 ], [ 121.495657514000087, 25.042958917000071 ], [ 121.495670689, 25.042965263000035 ], [ 121.495897940000077, 25.043060889000049 ], [ 121.49605957100006, 25.043136088000029 ], [ 121.496241383000097, 25.043215803000056 ], [ 121.496363644000112, 25.043277670000059 ], [ 121.496408096000096, 25.043300164000069 ], [ 121.496626536000022, 25.043398111000034 ], [ 121.496789396000054, 25.043465268000027 ], [ 121.496863909000027, 25.043502900000075 ], [ 121.49703963200011, 25.043584670000023 ], [ 121.497079068000062, 25.043603021000017 ], [ 121.497103833000097, 25.043614545000011 ], [ 121.497283163, 25.043703448000024 ], [ 121.497467542000095, 25.043792336000017 ], [ 121.497668371000046, 25.043898402000025 ], [ 121.497795877000044, 25.043949599000015 ], [ 121.497906954000086, 25.043990532000056 ], [ 121.498164624000083, 25.044126218000024 ], [ 121.498364123000115, 25.044215063000017 ], [ 121.498442429000079, 25.044254957000071 ], [ 121.498663954000108, 25.044355952000039 ], [ 121.498677296000082, 25.044362035000063 ], [ 121.498833866000041, 25.044432652000065 ], [ 121.498895668000046, 25.044463292000039 ], [ 121.499013205000097, 25.044521565000018 ], [ 121.499237984000047, 25.044627521000045 ], [ 121.499407162000026, 25.044698095000051 ], [ 121.499657185000061, 25.044813138000045 ], [ 121.499842872000045, 25.044913510000068 ], [ 121.499892572000022, 25.044932328000069 ], [ 121.499929972000032, 25.04494648700005 ], [ 121.500048729000014, 25.045014944000052 ], [ 121.500203326000019, 25.045105928000055 ], [ 121.500315299000022, 25.045078698000054 ] ] ] } },
{ "type": "Feature", "properties": { "COUNTY": "臺北市", "TOWN": "大安區", "VILLAGE": "光武里", "geo_iid": "臺北市大安區光武里", "size_counts": 1 }, "geometry": { "type": "Polygon", "coordinates": [ [ [ 121.54671395700008, 25.045218719000044 ], [ 121.546751211, 25.04521420300005 ], [ 121.547252469000114, 25.04515343200006 ], [ 121.547434343000077, 25.045134692000026 ], [ 121.547794593000049, 25.045097571000039 ], [ 121.547881445000016, 25.045088623000016 ], [ 121.548174764, 25.045045972000018 ], [ 121.5483959620001, 25.045013810000054 ], [ 121.548841078000024, 25.044963228000022 ], [ 121.548885757000122, 25.044958152000042 ], [ 121.548877706000098, 25.043520939000071 ], [ 121.548875, 25.04304532500003 ], [ 121.548872305000046, 25.042571619000046 ], [ 121.548866161000106, 25.041491413000067 ], [ 121.548071631000099, 25.041509789000024 ], [ 121.547178544000076, 25.041530438000041 ], [ 121.547172346000039, 25.041530581000067 ], [ 121.546169018000114, 25.041553775000061 ], [ 121.54610298800003, 25.041555301000066 ], [ 121.545241022000027, 25.041575219000034 ], [ 121.545228413000018, 25.041575510000019 ], [ 121.544657603000033, 25.041588699000037 ], [ 121.543757768000077, 25.041609485000027 ], [ 121.543795896, 25.043038313000064 ], [ 121.543811010000027, 25.043604743000046 ], [ 121.543821599000012, 25.044001575000038 ], [ 121.543822217000084, 25.044024708000045 ], [ 121.5438336630001, 25.044453656000023 ], [ 121.543843235000068, 25.044812340000068 ], [ 121.543849852000122, 25.044904207000055 ], [ 121.544082257000014, 25.044925600000052 ], [ 121.544906512000026, 25.045037126000064 ], [ 121.544967536000073, 25.045045443000046 ], [ 121.545352988000118, 25.045097976000022 ], [ 121.545891038000022, 25.045168894000021 ], [ 121.546348956000088, 25.045229682000066 ], [ 121.546543498, 25.045239383000013 ], [ 121.54671395700008, 25.045218719000044 ] ] ] } },
{ "type": "Feature", "properties": { "COUNTY": "臺北市", "TOWN": "中正區", "VILLAGE": "幸福里", "geo_iid": "臺北市中正區幸福里", "size_counts": 1 }, "geometry": { "type": "Polygon", "coordinates": [ [ [ 121.523321249000105, 25.044762121000062 ], [ 121.52333034500009, 25.044759919000057 ], [ 121.5243822340001, 25.044505252000071 ], [ 121.52508681300003, 25.044334666000051 ], [ 121.525457366000069, 25.044244950000056 ], [ 121.526781872000029, 25.043924259000043 ], [ 121.526829795000026, 25.043911862000069 ], [ 121.528244580000106, 25.043545864000055 ], [ 121.528516488000051, 25.043475521000051 ], [ 121.528680507000104, 25.043433088000022 ], [ 121.529842314000021, 25.043132519000032 ], [ 121.529869127000097, 25.043125582000069 ], [ 121.529552580000086, 25.042060380000052 ], [ 121.5293376730001, 25.041337193000057 ], [ 121.529186549000087, 25.040828637000061 ], [ 121.52832013200009, 25.041033649000035 ], [ 121.526981769000031, 25.04135027400002 ], [ 121.526758726000025, 25.041403039000041 ], [ 121.526622618000047, 25.041435238000073 ], [ 121.52645166100001, 25.041475681000058 ], [ 121.526145343000039, 25.041548145000029 ], [ 121.526123813000041, 25.041553239000052 ], [ 121.52441440600002, 25.041968036000064 ], [ 121.522645532000084, 25.042397237000039 ], [ 121.522144749000077, 25.042518744000056 ], [ 121.520917564000115, 25.04281649100005 ], [ 121.518936068000016, 25.043297229000064 ], [ 121.519299959000037, 25.044474371000025 ], [ 121.519662712000027, 25.045647799000044 ], [ 121.523321249000105, 25.044762121000062 ] ] ] } },
{ "type": "Feature", "properties": { "COUNTY": "臺北市", "TOWN": "萬華區", "VILLAGE": "萬壽里", "geo_iid": "臺北市萬華區萬壽里", "size_counts": 4 }, "geometry": { "type": "Polygon", "coordinates": [ [ [ 121.504323938000098, 25.046242449000022 ], [ 121.504945324000118, 25.046094781000065 ], [ 121.505656197000022, 25.045925842000024 ], [ 121.506772353000073, 25.045660582000039 ], [ 121.50737577200006, 25.045517171000022 ], [ 121.507776707000062, 25.045421883000071 ], [ 121.508988424000123, 25.045133891000027 ], [ 121.508893902000068, 25.04482254700002 ], [ 121.50878777000004, 25.044472954000067 ], [ 121.508769204000032, 25.044403449000068 ], [ 121.508603394000033, 25.043713179000061 ], [ 121.508484214000063, 25.04324568700002 ], [ 121.508469833000049, 25.043189276000064 ], [ 121.508402076000039, 25.04320249300001 ], [ 121.507279619000087, 25.043421437000056 ], [ 121.507203857000036, 25.04342960800005 ], [ 121.507188922000083, 25.04343121800002 ], [ 121.507119683000056, 25.043438685000062 ], [ 121.506194976000089, 25.043660392000046 ], [ 121.505081259, 25.043927407000059 ], [ 121.503819364000037, 25.044229936000075 ], [ 121.50380733900009, 25.044232819000047 ], [ 121.502851148000119, 25.044462050000043 ], [ 121.50284505400009, 25.044463509000025 ], [ 121.502363452000054, 25.044580629000041 ], [ 121.500315299000022, 25.045078698000054 ], [ 121.500203326000019, 25.045105928000055 ], [ 121.500244564000027, 25.045130197000045 ], [ 121.500246493000077, 25.045131905000055 ], [ 121.500305286000071, 25.045183944000023 ], [ 121.500393741000039, 25.045239874000053 ], [ 121.500478446000102, 25.045302715000041 ], [ 121.500563144000012, 25.045363252000065 ], [ 121.500719905000111, 25.045477495000046 ], [ 121.500851412000102, 25.045580352000055 ], [ 121.50097025200013, 25.04566832000005 ], [ 121.501166193000032, 25.045808831000045 ], [ 121.501224375000092, 25.045857980000044 ], [ 121.501301486000102, 25.045912810000054 ], [ 121.501358364000112, 25.045951640000045 ], [ 121.501391800000093, 25.045987331000045 ], [ 121.50150522400007, 25.046108404000051 ], [ 121.501586304000043, 25.046207990000021 ], [ 121.501643333000061, 25.046282405000042 ], [ 121.501700341000074, 25.046351080000079 ], [ 121.501739643000079, 25.046406036000061 ], [ 121.501915883000038, 25.046655681000058 ], [ 121.501955215000066, 25.046717536000067 ], [ 121.502005890000078, 25.046779361000056 ], [ 121.502015164000113, 25.04679108900006 ], [ 121.504323938000098, 25.046242449000022 ] ] ] } },
{ "type": "Feature", "properties": { "COUNTY": "臺北市", "TOWN": "松山區", "VILLAGE": "復建里", "geo_iid": "臺北市松山區復建里", "size_counts": 1 }, "geometry": { "type": "Polygon", "coordinates": [ [ [ 121.557800782000072, 25.047622281000024 ], [ 121.55779155200004, 25.047156487000052 ], [ 121.557786784000086, 25.046915956000074 ], [ 121.557781611000095, 25.046654882000038 ], [ 121.55777640000008, 25.046391964000062 ], [ 121.557771412000079, 25.04614029400005 ], [ 121.557767694000049, 25.045952642000021 ], [ 121.557767122000101, 25.045923780000059 ], [ 121.557762684000068, 25.045699869000021 ], [ 121.557758738000061, 25.045500752000059 ], [ 121.557756995000105, 25.045412785000046 ], [ 121.557750818000045, 25.045286453000067 ], [ 121.557747796000058, 25.045224640000068 ], [ 121.557694705, 25.045206989000061 ], [ 121.557391030000076, 25.045136539000048 ], [ 121.556921387000102, 25.045013334000025 ], [ 121.556142653000052, 25.044849634000045 ], [ 121.555558253000086, 25.044734214000069 ], [ 121.555517895000108, 25.044726240000038 ], [ 121.555511087000014, 25.044724100000042 ], [ 121.555462706000085, 25.045081893000024 ], [ 121.555442205000077, 25.045233504000063 ], [ 121.555415803000074, 25.045428754000046 ], [ 121.555389499000057, 25.045623280000022 ], [ 121.555357757000039, 25.045858022000058 ], [ 121.555289048000091, 25.046366129000031 ], [ 121.555222790000016, 25.046856121000069 ], [ 121.555190029000073, 25.047098386000066 ], [ 121.555188103000106, 25.047112640000016 ], [ 121.555163919000066, 25.047291472000037 ], [ 121.555163172000107, 25.047296994000071 ], [ 121.555064691000098, 25.048025254000027 ], [ 121.555666946000102, 25.047979405000028 ], [ 121.555883509000068, 25.047962920000025 ], [ 121.556234221000068, 25.047996927000039 ], [ 121.556292571000085, 25.048002586000042 ], [ 121.557811238000113, 25.048149840000065 ], [ 121.557800782000072, 25.047622281000024 ] ] ] } },
{ "type": "Feature", "properties": { "COUNTY": "臺北市", "TOWN": "中山區", "VILLAGE": "朱崙里", "geo_iid": "臺北市中山區朱崙里", "size_counts": 2 }, "geometry": { "type": "Polygon", "coordinates": [ [ [ 121.537978277000093, 25.048346870000042 ], [ 121.539069676000054, 25.048324080000036 ], [ 121.539074712000115, 25.04832397500007 ], [ 121.540393830000099, 25.048296419000053 ], [ 121.541277998000055, 25.04827794300007 ], [ 121.542123986000092, 25.04826025800002 ], [ 121.543374159000109, 25.048234115000064 ], [ 121.543937243000073, 25.048222337000023 ], [ 121.543973118000068, 25.048221587000047 ], [ 121.543972883000052, 25.048212985000067 ], [ 121.543928886000131, 25.047768243000061 ], [ 121.543923267000068, 25.047565581000065 ], [ 121.543922874000017, 25.047551408000054 ], [ 121.543919008000117, 25.047550489000056 ], [ 121.542738151000094, 25.047261465000076 ], [ 121.542209995, 25.047132103000013 ], [ 121.542153264000049, 25.047118207000032 ], [ 121.541975954000023, 25.047074776000038 ], [ 121.541549437000086, 25.046970305000055 ], [ 121.54147630500006, 25.046952392000026 ], [ 121.541064111000097, 25.046851426000039 ], [ 121.540516082000067, 25.046717187000066 ], [ 121.540504340000098, 25.046714457000057 ], [ 121.539765016000061, 25.046542545 ], [ 121.539744414000111, 25.046537754000035 ], [ 121.538185172000112, 25.046293779000049 ], [ 121.538165558000074, 25.046290685000017 ], [ 121.536652994000065, 25.046052032000031 ], [ 121.536638315000104, 25.046049717000063 ], [ 121.536643100000106, 25.046222091000061 ], [ 121.536661919000025, 25.046899843000059 ], [ 121.536680141000048, 25.047556076000031 ], [ 121.536702655000113, 25.048366894000019 ], [ 121.536702837000021, 25.048373494000025 ], [ 121.537978277000093, 25.048346870000042 ] ] ] } },
{ "type": "Feature", "properties": { "COUNTY": "臺北市", "TOWN": "松山區", "VILLAGE": "復盛里", "geo_iid": "臺北市松山區復盛里", "size_counts": 4 }, "geometry": { "type": "Polygon", "coordinates": [ [ [ 121.565726864000112, 25.048378217000039 ], [ 121.565759129000057, 25.048310901000033 ], [ 121.565706872000064, 25.048294179000038 ], [ 121.565024479000044, 25.048037726000068 ], [ 121.564617865000073, 25.047908131000039 ], [ 121.56423752700006, 25.047796320000028 ], [ 121.563878498000022, 25.047670914000026 ], [ 121.563616173, 25.047588474000065 ], [ 121.563373464000051, 25.047499992000031 ], [ 121.563058586, 25.047381964000063 ], [ 121.562796207000019, 25.047287592000025 ], [ 121.562435408000056, 25.047151856000021 ], [ 121.562061430000085, 25.046998296000016 ], [ 121.561733321000034, 25.046850513000035 ], [ 121.561306791000106, 25.046661382000018 ], [ 121.560959012000026, 25.046507714000022 ], [ 121.560742422000089, 25.04640124400003 ], [ 121.560309267000108, 25.04619424100002 ], [ 121.560020507000104, 25.046058242000061 ], [ 121.559718731000089, 25.045940156000022 ], [ 121.559292211000084, 25.045751010000053 ], [ 121.558957613000075, 25.045615181000066 ], [ 121.558491883000102, 25.045444065000016 ], [ 121.558235135000032, 25.045364284000065 ], [ 121.558101312000062, 25.045342153000025 ], [ 121.557773802000042, 25.045233285000045 ], [ 121.557747882000072, 25.045224669000035 ], [ 121.557747796000058, 25.045224640000068 ], [ 121.557750818000045, 25.045286453000067 ], [ 121.557756995000105, 25.045412785000046 ], [ 121.557758738000061, 25.045500752000059 ], [ 121.557762684000068, 25.045699869000021 ], [ 121.557767122000101, 25.045923780000059 ], [ 121.557767694000049, 25.045952642000021 ], [ 121.557771412000079, 25.04614029400005 ], [ 121.55777640000008, 25.046391964000062 ], [ 121.557781611000095, 25.046654882000038 ], [ 121.557786784000086, 25.046915956000074 ], [ 121.55779155200004, 25.047156487000052 ], [ 121.557800782000072, 25.047622281000024 ], [ 121.557811238000113, 25.048149840000065 ], [ 121.558431974000086, 25.048213821000044 ], [ 121.559093112000028, 25.048281964000068 ], [ 121.560071080000057, 25.048382757000063 ], [ 121.560870370000089, 25.048465128000025 ], [ 121.562660220000112, 25.048649569000073 ], [ 121.562762877000068, 25.048660148000064 ], [ 121.563233053000076, 25.048708595000047 ], [ 121.564083967000101, 25.04879626700005 ], [ 121.564909017000105, 25.04888127100002 ], [ 121.565459124000085, 25.048936828 ], [ 121.565726864000112, 25.048378217000039 ] ] ] } },
{ "type": "Feature", "properties": { "COUNTY": "臺北市", "TOWN": "中正區", "VILLAGE": "黎明里", "geo_iid": "臺北市中正區黎明里", "size_counts": 6 }, "geometry": { "type": "Polygon", "coordinates": [ [ [ 121.513421942000036, 25.049395939000068 ], [ 121.513759054000047, 25.04929279200006 ], [ 121.514169124000105, 25.049187131000046 ], [ 121.514601035000069, 25.049072677000019 ], [ 121.514946760000043, 25.048991691000019 ], [ 121.515378198, 25.048896935000062 ], [ 121.516796708000015, 25.04855892800002 ], [ 121.517381705000048, 25.048430330000027 ], [ 121.517615860000092, 25.048416190000058 ], [ 121.517730873000133, 25.048430881000058 ], [ 121.517964177000067, 25.048395529000054 ], [ 121.51828593900008, 25.048368371000034 ], [ 121.518657908000023, 25.048367073000062 ], [ 121.518814254000048, 25.048399290000077 ], [ 121.519061796000074, 25.048425753000053 ], [ 121.519119655000054, 25.048427646000043 ], [ 121.519137961000069, 25.048416953000068 ], [ 121.519310820000086, 25.04831598100002 ], [ 121.519534963000069, 25.048185052000054 ], [ 121.519613302000053, 25.048173007000052 ], [ 121.520187058000033, 25.048084783000025 ], [ 121.520477989000014, 25.048040049000058 ], [ 121.520639970000047, 25.048034001000072 ], [ 121.520740967000037, 25.048030226000034 ], [ 121.519662712000027, 25.045647799000044 ], [ 121.519299959000037, 25.044474371000025 ], [ 121.518936068000016, 25.043297229000064 ], [ 121.517798605000067, 25.039244793000019 ], [ 121.517722429000059, 25.038973389000027 ], [ 121.51646325600008, 25.039309795000058 ], [ 121.515708830000122, 25.039511340000043 ], [ 121.515568062000057, 25.039536740000074 ], [ 121.515342842000095, 25.039577377000047 ], [ 121.513954989, 25.039754239000043 ], [ 121.513803422, 25.039773559000022 ], [ 121.512935005000031, 25.039884236000034 ], [ 121.513055402000063, 25.041027481000061 ], [ 121.513188249000109, 25.042290782000055 ], [ 121.513199709000119, 25.042780334000035 ], [ 121.513229156000094, 25.044038181000069 ], [ 121.513255075000075, 25.045145329000032 ], [ 121.513274073000062, 25.045956766000064 ], [ 121.513274201000058, 25.045962235000037 ], [ 121.513302977000095, 25.047191301000048 ], [ 121.513355114000092, 25.04941813400006 ], [ 121.513421942000036, 25.049395939000068 ] ] ] } },
{ "type": "Feature", "properties": { "COUNTY": "臺北市", "TOWN": "萬華區", "VILLAGE": "福星里", "geo_iid": "臺北市萬華區福星里", "size_counts": 3 }, "geometry": { "type": "Polygon", "coordinates": [ [ [ 121.505214313000025, 25.049487849000052 ], [ 121.505547827000086, 25.049313881000039 ], [ 121.50584344500011, 25.049160789000034 ], [ 121.506059515000061, 25.049059815000071 ], [ 121.506331979000038, 25.048954105000057 ], [ 121.50738569900011, 25.048730468000024 ], [ 121.507547454000033, 25.048696137000029 ], [ 121.507643585000096, 25.048687060000074 ], [ 121.5079223460001, 25.048655476000075 ], [ 121.508095284000092, 25.048615493000053 ], [ 121.508186517, 25.048584543000054 ], [ 121.508235599000031, 25.04856378800002 ], [ 121.508325120000109, 25.04851968000002 ], [ 121.508512362000033, 25.048428316000063 ], [ 121.508729006000067, 25.048358203000074 ], [ 121.50899255700007, 25.048287927000047 ], [ 121.509452542000076, 25.048265615000048 ], [ 121.509520163000047, 25.048270125000045 ], [ 121.509578948000012, 25.048307270000056 ], [ 121.509643664, 25.048360417000019 ], [ 121.509702449000088, 25.048397563000034 ], [ 121.509819910000047, 25.048445198000014 ], [ 121.509885872000027, 25.048462322000027 ], [ 121.51000308900008, 25.048451250000017 ], [ 121.510035969000114, 25.048439150000029 ], [ 121.510175333, 25.048387856000026 ], [ 121.510178713000073, 25.048386611000058 ], [ 121.510354406000047, 25.04833797800006 ], [ 121.51050680000003, 25.04832678300005 ], [ 121.510676828000115, 25.048326201000059 ], [ 121.510682548000105, 25.048327277000052 ], [ 121.510437572000114, 25.048088561000029 ], [ 121.510297668000021, 25.047952232000046 ], [ 121.509952478000059, 25.04770037900003 ], [ 121.509785371, 25.04755924800002 ], [ 121.509651144000046, 25.047316790000018 ], [ 121.509613492000071, 25.04719277100002 ], [ 121.509559027000023, 25.047013374000066 ], [ 121.509403588000069, 25.046501385000052 ], [ 121.509260647, 25.046030558000041 ], [ 121.509246069000042, 25.045982544000019 ], [ 121.509126081000076, 25.045587320000035 ], [ 121.509041465000124, 25.045308602000024 ], [ 121.50901301500005, 25.045214890000061 ], [ 121.508988424000123, 25.045133891000027 ], [ 121.507776707000062, 25.045421883000071 ], [ 121.50737577200006, 25.045517171000022 ], [ 121.506772353000073, 25.045660582000039 ], [ 121.505656197000022, 25.045925842000024 ], [ 121.504945324000118, 25.046094781000065 ], [ 121.504323938000098, 25.046242449000022 ], [ 121.502015164000113, 25.04679108900006 ], [ 121.502056574000108, 25.046843459000055 ], [ 121.5021038000001, 25.046904495000032 ], [ 121.502239058000114, 25.04707930600005 ], [ 121.502309948000061, 25.047152528000019 ], [ 121.502417629000092, 25.047283009000054 ], [ 121.502620245000116, 25.047510744000071 ], [ 121.502726575000111, 25.04761942500005 ], [ 121.502768334000052, 25.047658304000034 ], [ 121.502870897000108, 25.047771603000054 ], [ 121.502983610000129, 25.047899770000065 ], [ 121.503015252000068, 25.047930658000041 ], [ 121.503083658000051, 25.048013061000059 ], [ 121.503101392000076, 25.04803367400006 ], [ 121.503124194000051, 25.048061151000056 ], [ 121.503142026000106, 25.048105843000027 ], [ 121.503157685000019, 25.048232029000065 ], [ 121.503294217000089, 25.048390995000027 ], [ 121.503590919000104, 25.048639552000047 ], [ 121.503690062000032, 25.048728740000051 ], [ 121.503736731000131, 25.048770723000072 ], [ 121.503897644000077, 25.048908795000038 ], [ 121.504028336000033, 25.049037626000022 ], [ 121.504270842000082, 25.049286050000031 ], [ 121.504468058000043, 25.04950683100002 ], [ 121.504542180000058, 25.049586179000066 ], [ 121.504618657000051, 25.049720610000062 ], [ 121.504642344000104, 25.04975239000003 ], [ 121.505214313000025, 25.049487849000052 ] ] ] } },
{ "type": "Feature", "properties": { "COUNTY": "臺北市", "TOWN": "松山區", "VILLAGE": "安平里", "geo_iid": "臺北市松山區安平里", "size_counts": 4 }, "geometry": { "type": "Polygon", "coordinates": [ [ [ 121.56986185300002, 25.054247196000055 ], [ 121.57014679100007, 25.052820031000056 ], [ 121.570329319000066, 25.051905796000025 ], [ 121.570463783000037, 25.051232284000029 ], [ 121.569358158000114, 25.051257627000037 ], [ 121.569296008000052, 25.051259050000052 ], [ 121.569136985000114, 25.051262695000045 ], [ 121.569012464000039, 25.051265549000039 ], [ 121.568377088000034, 25.051280108000064 ], [ 121.567268011000024, 25.051305515000013 ], [ 121.566124403000131, 25.051331705000045 ], [ 121.565805546000092, 25.051339004000045 ], [ 121.565414164000117, 25.051347964000051 ], [ 121.565072005000061, 25.051355797000042 ], [ 121.564506450000067, 25.051368741000029 ], [ 121.563941703000069, 25.051381665000061 ], [ 121.563804849, 25.051375576000051 ], [ 121.563816050000014, 25.052204249000056 ], [ 121.563819260000074, 25.052441841000071 ], [ 121.563822512000115, 25.052682362000034 ], [ 121.563832095000066, 25.053391258000026 ], [ 121.56384189500011, 25.054116236000013 ], [ 121.5638685670001, 25.054117593000054 ], [ 121.565153860000024, 25.054182949000044 ], [ 121.565608155000064, 25.054206048000026 ], [ 121.566205559000096, 25.05424127100002 ], [ 121.567244413000026, 25.054302515000067 ], [ 121.569093519000035, 25.054411510000019 ], [ 121.569820491000087, 25.054454354000029 ], [ 121.56986185300002, 25.054247196000055 ] ] ] } },
{ "type": "Feature", "properties": { "COUNTY": "臺北市", "TOWN": "大同區", "VILLAGE": "朝陽里", "geo_iid": "臺北市大同區朝陽里", "size_counts": 1 }, "geometry": { "type": "Polygon", "coordinates": [ [ [ 121.513803134000128, 25.056542201000067 ], [ 121.513811503000071, 25.05650902200005 ], [ 121.513814859000021, 25.056495718000058 ], [ 121.513877835000017, 25.056246022000032 ], [ 121.513958163000098, 25.055927521000047 ], [ 121.51408549100006, 25.055422667000073 ], [ 121.51409806900007, 25.055372799000043 ], [ 121.514305204000038, 25.054551502000031 ], [ 121.514373676000119, 25.054280005000063 ], [ 121.514423940000043, 25.054080708000061 ], [ 121.514338843000019, 25.05401807100003 ], [ 121.513487835000106, 25.053969970000022 ], [ 121.513099265000065, 25.053948005000041 ], [ 121.513117446000038, 25.053704831000054 ], [ 121.513150476000064, 25.053415346000062 ], [ 121.513200065000092, 25.052936832000057 ], [ 121.513205882000079, 25.052880704000067 ], [ 121.512748422000072, 25.052593365000053 ], [ 121.512731114000076, 25.052582494000028 ], [ 121.512159384000029, 25.052231208000013 ], [ 121.512109031000023, 25.052200269000018 ], [ 121.511862828000062, 25.052048995000053 ], [ 121.511820342000078, 25.052749658000035 ], [ 121.511752877000049, 25.053862247000037 ], [ 121.511712197000065, 25.054533100000071 ], [ 121.511682712000052, 25.055019317000067 ], [ 121.511657640000081, 25.055432781000032 ], [ 121.511594919000117, 25.056467116000075 ], [ 121.511591720000084, 25.056519858000048 ], [ 121.51158194900006, 25.056680992000043 ], [ 121.511566938000115, 25.05692854100004 ], [ 121.512023536000015, 25.056930809000043 ], [ 121.512672374000076, 25.056934031000015 ], [ 121.513053137000043, 25.056935919000065 ], [ 121.513780073000021, 25.056939524000025 ], [ 121.513803134000128, 25.056542201000067 ] ] ] } },
{ "type": "Feature", "properties": { "COUNTY": "臺北市", "TOWN": "大同區", "VILLAGE": "星明里", "geo_iid": "臺北市大同區星明里", "size_counts": 2 }, "geometry": { "type": "Polygon", "coordinates": [ [ [ 121.518174124000112, 25.056859852000056 ], [ 121.518177322000028, 25.056344979000063 ], [ 121.518180783000048, 25.055787691000027 ], [ 121.51818107500003, 25.055740680000035 ], [ 121.51818247100006, 25.05551593400002 ], [ 121.518183753000031, 25.055309463000068 ], [ 121.518185572000107, 25.055016762000033 ], [ 121.518187379000096, 25.054725608000062 ], [ 121.517727789000119, 25.053212422000051 ], [ 121.517685186000108, 25.053222006000045 ], [ 121.516110888000071, 25.053576195000055 ], [ 121.516102243000077, 25.053578139000013 ], [ 121.515649635000059, 25.053683138000039 ], [ 121.515089813000017, 25.05381300700002 ], [ 121.514979325000013, 25.053838638000055 ], [ 121.514979653000083, 25.053917271000035 ], [ 121.514948275000037, 25.054000159000047 ], [ 121.514938064000049, 25.054013587000039 ], [ 121.514885172000049, 25.054083146000032 ], [ 121.514821913000105, 25.054128894000026 ], [ 121.514758583000102, 25.054153940000038 ], [ 121.51472689600007, 25.05416647100002 ], [ 121.514667994000078, 25.054170811000052 ], [ 121.514627184, 25.054166818000045 ], [ 121.514586374000046, 25.054162825000045 ], [ 121.514522840000055, 25.054142343000024 ], [ 121.514463816000088, 25.054117720000075 ], [ 121.514423940000043, 25.054080708000061 ], [ 121.514373676000119, 25.054280005000063 ], [ 121.514305204000038, 25.054551502000031 ], [ 121.51409806900007, 25.055372799000043 ], [ 121.51408549100006, 25.055422667000073 ], [ 121.513958163000098, 25.055927521000047 ], [ 121.513877835000017, 25.056246022000032 ], [ 121.513814859000021, 25.056495718000058 ], [ 121.513811503000071, 25.05650902200005 ], [ 121.513803134000128, 25.056542201000067 ], [ 121.513780073000021, 25.056939524000025 ], [ 121.51555595800005, 25.056988021000048 ], [ 121.515580457000056, 25.056988690000018 ], [ 121.516941025000065, 25.057160873000036 ], [ 121.517285606000087, 25.057204602000063 ], [ 121.517451149000081, 25.057225608000063 ], [ 121.518173127000054, 25.057317220000069 ], [ 121.518174124000112, 25.056859852000056 ] ] ] } },
{ "type": "Feature", "properties": { "COUNTY": "臺北市", "TOWN": "大同區", "VILLAGE": "光能里", "geo_iid": "臺北市大同區光能里", "size_counts": 2 }, "geometry": { "type": "Polygon", "coordinates": [ [ [ 121.520571282000105, 25.05682300900002 ], [ 121.520495238000095, 25.05548382500006 ], [ 121.52043857, 25.054550152000047 ], [ 121.520388768000103, 25.053867262000036 ], [ 121.520308088000093, 25.052816262000075 ], [ 121.520301756000109, 25.05265818700007 ], [ 121.52030097300009, 25.052638643000016 ], [ 121.518875962000038, 25.052949332000022 ], [ 121.518425794000109, 25.05305248400003 ], [ 121.517727789000119, 25.053212422000051 ], [ 121.518187379000096, 25.054725608000062 ], [ 121.518185572000107, 25.055016762000033 ], [ 121.518183753000031, 25.055309463000068 ], [ 121.51818247100006, 25.05551593400002 ], [ 121.51818107500003, 25.055740680000035 ], [ 121.518180783000048, 25.055787691000027 ], [ 121.518177322000028, 25.056344979000063 ], [ 121.518174124000112, 25.056859852000056 ], [ 121.518173127000054, 25.057317220000069 ], [ 121.51917850700012, 25.057441987000058 ], [ 121.519703575000108, 25.057507143000056 ], [ 121.520237505000068, 25.057573399000031 ], [ 121.520622921000054, 25.057621224000052 ], [ 121.520571282000105, 25.05682300900002 ] ] ] } },
{ "type": "Feature", "properties": { "COUNTY": "臺北市", "TOWN": "內湖區", "VILLAGE": "行善里", "geo_iid": "臺北市內湖區行善里", "size_counts": 1 }, "geometry": { "type": "Polygon", "coordinates": [ [ [ 121.57811263400005, 25.057297634000058 ], [ 121.578211054, 25.057141162000036 ], [ 121.578366197000037, 25.05689451000006 ], [ 121.578525510000077, 25.056641228000039 ], [ 121.578811036000033, 25.056187285000075 ], [ 121.579081727000016, 25.055849846000051 ], [ 121.579085099000054, 25.055840164000063 ], [ 121.579122884000071, 25.055731675000057 ], [ 121.579198649000105, 25.05551413400007 ], [ 121.579253898000047, 25.055355505000023 ], [ 121.57930362400009, 25.05521272500004 ], [ 121.579319181000074, 25.05516805600006 ], [ 121.579413535000072, 25.054897141000016 ], [ 121.579518979000127, 25.054602638000055 ], [ 121.579562191000036, 25.05448196300005 ], [ 121.579803603000073, 25.054553535000018 ], [ 121.579831577000064, 25.054561828000022 ], [ 121.580425849000108, 25.054719489000032 ], [ 121.580629841000018, 25.054109024000063 ], [ 121.580706112000044, 25.053880776000021 ], [ 121.580922784000109, 25.05312480200006 ], [ 121.580786667000098, 25.053091947000031 ], [ 121.580684018000056, 25.053067170000077 ], [ 121.580321729000048, 25.052992571000054 ], [ 121.580024483000116, 25.052934618000045 ], [ 121.579928741000117, 25.052915674000072 ], [ 121.579807646000063, 25.052886801000049 ], [ 121.579485634000079, 25.052810024000049 ], [ 121.578872542000113, 25.052685728000021 ], [ 121.5782314920001, 25.052536197000045 ], [ 121.577571884000022, 25.052386735000017 ], [ 121.577163160000069, 25.052303861000034 ], [ 121.576726515000018, 25.052204209000013 ], [ 121.576550074000025, 25.052179553000027 ], [ 121.576297951, 25.052142945000064 ], [ 121.57598358700011, 25.052097299000017 ], [ 121.575306653000098, 25.051980437000051 ], [ 121.574805128000094, 25.051897932000024 ], [ 121.574183043000048, 25.051832777000069 ], [ 121.573950922000122, 25.051808343000051 ], [ 121.573737118000068, 25.051793917000047 ], [ 121.573477475000118, 25.051776398000076 ], [ 121.573282515000059, 25.051760264000041 ], [ 121.573022592000044, 25.051744377000023 ], [ 121.572827749000126, 25.051753587000064 ], [ 121.572707145000095, 25.051762494000052 ], [ 121.572614344000044, 25.051762863000068 ], [ 121.572382538000056, 25.051806008000018 ], [ 121.572271293000099, 25.051831778000057 ], [ 121.572048884000083, 25.051900220000036 ], [ 121.571900714000108, 25.051968375000051 ], [ 121.571780426000046, 25.052044863000038 ], [ 121.571678698000042, 25.052121298000024 ], [ 121.571675580000019, 25.052125389000022 ], [ 121.571666507000032, 25.05213729300004 ], [ 121.571614131000047, 25.052206015000017 ], [ 121.571531119000042, 25.052316159000032 ], [ 121.571448421000014, 25.052493870000031 ], [ 121.5713749680001, 25.052663100000068 ], [ 121.571347675000084, 25.052781465000063 ], [ 121.571329586000061, 25.052882910000044 ], [ 121.571311497, 25.05298434600007 ], [ 121.5712754770001, 25.05322102000002 ], [ 121.571285268000111, 25.053330798000044 ], [ 121.571285897000038, 25.053465945000024 ], [ 121.571286290000117, 25.053550429000037 ], [ 121.571352981000032, 25.053921845000051 ], [ 121.57136024700003, 25.053953374000045 ], [ 121.571622094000062, 25.054123931000039 ], [ 121.574154414000091, 25.05577338300003 ], [ 121.574434281000094, 25.055955670000053 ], [ 121.575474324000083, 25.05648077100005 ], [ 121.5768242380001, 25.057162300000062 ], [ 121.577866714000024, 25.057688600000056 ], [ 121.57811263400005, 25.057297634000058 ] ] ] } },
{ "type": "Feature", "properties": { "COUNTY": "臺北市", "TOWN": "中山區", "VILLAGE": "民安里", "geo_iid": "臺北市中山區民安里", "size_counts": 5 }, "geometry": { "type": "Polygon", "coordinates": [ [ [ 121.522835627000063, 25.057517472000026 ], [ 121.522812495000053, 25.05707795000006 ], [ 121.522808273000024, 25.056997781000057 ], [ 121.522790291000106, 25.056656112000031 ], [ 121.522748092000043, 25.055854348000022 ], [ 121.522743268000113, 25.055762680000036 ], [ 121.522700783000104, 25.054955467000063 ], [ 121.522680542000117, 25.054565134000029 ], [ 121.522650137000014, 25.053978802000074 ], [ 121.522647144000075, 25.053921076000048 ], [ 121.522612796000089, 25.053258702000043 ], [ 121.52261001300009, 25.053205043000037 ], [ 121.522587811000122, 25.052776897000054 ], [ 121.522557226000117, 25.05218707900007 ], [ 121.522502220000106, 25.05200174000003 ], [ 121.522304407000092, 25.051335213000065 ], [ 121.522276353000066, 25.051240682000063 ], [ 121.52216487200009, 25.051007661000025 ], [ 121.521939238000073, 25.050536031000025 ], [ 121.521855314000064, 25.050360608000055 ], [ 121.521592768000119, 25.049811815000044 ], [ 121.521590079000021, 25.049806196000073 ], [ 121.521406539000068, 25.049422544000034 ], [ 121.521237069000108, 25.049068297000069 ], [ 121.520740967000037, 25.048030226000034 ], [ 121.520639970000047, 25.048034001000072 ], [ 121.520477989000014, 25.048040049000058 ], [ 121.520187058000033, 25.048084783000025 ], [ 121.519613302000053, 25.048173007000052 ], [ 121.519534963000069, 25.048185052000054 ], [ 121.519310820000086, 25.04831598100002 ], [ 121.519137961000069, 25.048416953000068 ], [ 121.519119655000054, 25.048427646000043 ], [ 121.519061796000074, 25.048425753000053 ], [ 121.518814254000048, 25.048399290000077 ], [ 121.518657908000023, 25.048367073000062 ], [ 121.518804234000072, 25.048460995000017 ], [ 121.518914117000023, 25.048543101000053 ], [ 121.518917525, 25.048545715000035 ], [ 121.51899875900007, 25.048608044000041 ], [ 121.519089754000106, 25.048694089000037 ], [ 121.519195615000058, 25.048803068000034 ], [ 121.519341731000054, 25.04895795700002 ], [ 121.519445755000106, 25.04907957000005 ], [ 121.519503657000101, 25.049163907000029 ], [ 121.519535581, 25.049224654000046 ], [ 121.519574995000085, 25.049324268000074 ], [ 121.519591815000027, 25.049361361000027 ], [ 121.51961428300001, 25.049393395000031 ], [ 121.519628453000124, 25.049456 ], [ 121.519704961000116, 25.049555754000032 ], [ 121.51979055400011, 25.049702 ], [ 121.51990290300013, 25.049925737000017 ], [ 121.519979983000113, 25.050128255000057 ], [ 121.519997160000131, 25.050180917000034 ], [ 121.520009265000112, 25.050218028000071 ], [ 121.520051268000103, 25.050346801000043 ], [ 121.52011093800003, 25.050592067000018 ], [ 121.520176813000035, 25.050917361000064 ], [ 121.520212805000043, 25.051109341000025 ], [ 121.520274104, 25.051738827000058 ], [ 121.520275190000021, 25.051994967000034 ], [ 121.520300741000014, 25.052632837000026 ], [ 121.52030097300009, 25.052638643000016 ], [ 121.520301756000109, 25.05265818700007 ], [ 121.520308088000093, 25.052816262000075 ], [ 121.520388768000103, 25.053867262000036 ], [ 121.52043857, 25.054550152000047 ], [ 121.520495238000095, 25.05548382500006 ], [ 121.520571282000105, 25.05682300900002 ], [ 121.520622921000054, 25.057621224000052 ], [ 121.520654865000097, 25.057625188000021 ], [ 121.520807532000049, 25.057645605000051 ], [ 121.521649911000054, 25.057758257000039 ], [ 121.521793644000027, 25.057777477000052 ], [ 121.522856795000038, 25.057919646000062 ], [ 121.522835627000063, 25.057517472000026 ] ] ] } },
{ "type": "Feature", "properties": { "COUNTY": "臺北市", "TOWN": "中山區", "VILLAGE": "中央里", "geo_iid": "臺北市中山區中央里", "size_counts": 1 }, "geometry": { "type": "Polygon", "coordinates": [ [ [ 121.533669475000011, 25.057918803000064 ], [ 121.534804818000097, 25.057869525000044 ], [ 121.536927828000088, 25.057777360000035 ], [ 121.536875323000118, 25.056187400000049 ], [ 121.53683533800006, 25.054976549000052 ], [ 121.536826987000055, 25.054723642000052 ], [ 121.53682426400006, 25.05450353500003 ], [ 121.536821811000095, 25.054303541000017 ], [ 121.536821552000092, 25.054282436000047 ], [ 121.53681965900013, 25.054128018000014 ], [ 121.536817768000091, 25.053973802000023 ], [ 121.536815410000031, 25.053781435000076 ], [ 121.536812948000033, 25.053580638000017 ], [ 121.536802105000106, 25.052696198000032 ], [ 121.536799596000037, 25.052491521000032 ], [ 121.53679311900008, 25.051963226000051 ], [ 121.534782925000059, 25.051991853000057 ], [ 121.532996537000031, 25.052017270000068 ], [ 121.533010473000104, 25.05270466200005 ], [ 121.533024737000105, 25.05340814700002 ], [ 121.533024897000033, 25.053416054000017 ], [ 121.533032866000113, 25.053809083000026 ], [ 121.533040047000114, 25.054163270000057 ], [ 121.533052573000091, 25.054781001000027 ], [ 121.533052714000078, 25.05478793300005 ], [ 121.533072306, 25.055754185000058 ], [ 121.533092389000117, 25.056744626000057 ], [ 121.533101972000054, 25.057217230000042 ], [ 121.533116685000081, 25.057942789000027 ], [ 121.533669475000011, 25.057918803000064 ] ] ] } },
{ "type": "Feature", "properties": { "COUNTY": "臺北市", "TOWN": "南港區", "VILLAGE": "東新里", "geo_iid": "臺北市南港區東新里", "size_counts": 1 }, "geometry": { "type": "Polygon", "coordinates": [ [ [ 121.60533565500009, 25.057855479000064 ], [ 121.605336828000077, 25.057850478000027 ], [ 121.605471531000035, 25.057275379000028 ], [ 121.60552372700009, 25.057052548000055 ], [ 121.605531987000063, 25.057017272000049 ], [ 121.605596904000109, 25.056740112000043 ], [ 121.605616664000081, 25.056655751000044 ], [ 121.605685636000075, 25.056361279000036 ], [ 121.605720239000107, 25.056213541000027 ], [ 121.605765002000126, 25.056022431000027 ], [ 121.605657881000084, 25.056001877000028 ], [ 121.605629609000047, 25.055996562000065 ], [ 121.605587667, 25.055988677000073 ], [ 121.605526250000025, 25.055977195000018 ], [ 121.605508216000089, 25.055973824000031 ], [ 121.605430632000093, 25.055965718000028 ], [ 121.605356788000108, 25.05596433100003 ], [ 121.605301440000062, 25.055971300000063 ], [ 121.605021018000102, 25.056009531000022 ], [ 121.604864166000084, 25.056023659000054 ], [ 121.604742326000078, 25.05602078600003 ], [ 121.604631529000017, 25.056014494000063 ], [ 121.604541746000109, 25.056001208000051 ], [ 121.604520683000018, 25.055998090000049 ], [ 121.604451756000117, 25.055982972000027 ], [ 121.604430128000104, 25.055978228000058 ], [ 121.604330337000093, 25.055956722000072 ], [ 121.604226799000131, 25.055926793000015 ], [ 121.604139825000061, 25.055883316000052 ], [ 121.604067658000062, 25.055849899000062 ], [ 121.603980674000027, 25.055804734000041 ], [ 121.603889945000105, 25.055749473000045 ], [ 121.603817714000115, 25.055702568000068 ], [ 121.603793815000017, 25.055686233000067 ], [ 121.603789438000021, 25.055683241000043 ], [ 121.60373436000009, 25.055645589000044 ], [ 121.60368611400007, 25.05559522000004 ], [ 121.603569307000043, 25.055492866000058 ], [ 121.603422868000052, 25.055370401000058 ], [ 121.60333576000005, 25.055301638000056 ], [ 121.603230192000083, 25.055229581000038 ], [ 121.603124580000099, 25.055152460000045 ], [ 121.603037549000092, 25.05509718300004 ], [ 121.603031401000081, 25.055093680000024 ], [ 121.602902404000034, 25.055020191000033 ], [ 121.602772857000119, 25.054953287000043 ], [ 121.602595263000012, 25.054878146000071 ], [ 121.602504601000078, 25.054836372000057 ], [ 121.602493255000013, 25.054831433000054 ], [ 121.60240099900011, 25.054791273000028 ], [ 121.602373421000038, 25.054782243000027 ], [ 121.602238280000037, 25.054737992000064 ], [ 121.602097742000069, 25.054691363000064 ], [ 121.601979423000117, 25.054656444000045 ], [ 121.601822345000087, 25.054621674000025 ], [ 121.601721649000069, 25.054603481000065 ], [ 121.601676367000081, 25.054595299000024 ], [ 121.601508265, 25.054572372000045 ], [ 121.601364182000111, 25.054554413000055 ], [ 121.601142567000011, 25.05453677700006 ], [ 121.601095847000011, 25.054533275000036 ], [ 121.601088828000101, 25.054532771000016 ], [ 121.60103360800008, 25.054528795000063 ], [ 121.600830464000069, 25.054512762000051 ], [ 121.600717877000065, 25.054516585000037 ], [ 121.60057946500001, 25.054525578000032 ], [ 121.600393104000091, 25.054544875000026 ], [ 121.600269534000063, 25.054568974000059 ], [ 121.60021752900002, 25.054581722000012 ], [ 121.600101745000089, 25.054610107000023 ], [ 121.599969079000061, 25.054661217000039 ], [ 121.599858538000021, 25.054707182000069 ], [ 121.599676799, 25.054537659000061 ], [ 121.599459937, 25.054358166000039 ], [ 121.599404351000089, 25.054316240000041 ], [ 121.599332203000017, 25.054286188000038 ], [ 121.599239741000019, 25.054252850000058 ], [ 121.599093684000081, 25.054207921000057 ], [ 121.59904560400004, 25.054191260000032 ], [ 121.598962416000077, 25.054169676000065 ], [ 121.598659396, 25.054115269000071 ], [ 121.598348966000131, 25.054055835000039 ], [ 121.598025910000047, 25.054055449000014 ], [ 121.597739966000063, 25.05409537600007 ], [ 121.597614728000067, 25.054095881000016 ], [ 121.597379991000039, 25.054096827000013 ], [ 121.59710892000011, 25.054160292000059 ], [ 121.596944841000095, 25.054206462000018 ], [ 121.596819451000101, 25.054235631000029 ], [ 121.596655300000066, 25.054264946000039 ], [ 121.596500358000071, 25.054292545000056 ], [ 121.596354612000027, 25.054311674000065 ], [ 121.595173864000117, 25.054466451000046 ], [ 121.595063931000027, 25.054469010000041 ], [ 121.594746930000042, 25.054476388000062 ], [ 121.594551446000068, 25.054816960000032 ], [ 121.595017122000058, 25.054865081000052 ], [ 121.595913657000096, 25.055245777000028 ], [ 121.596275035000062, 25.055399227000063 ], [ 121.596470554, 25.055481076000024 ], [ 121.596483514000056, 25.055486503000044 ], [ 121.596666934000055, 25.055563286000044 ], [ 121.597407370000056, 25.055873243000057 ], [ 121.598256007000032, 25.056232927000043 ], [ 121.598269232, 25.056238532000062 ], [ 121.598754435000046, 25.056444176000067 ], [ 121.59902355600002, 25.056565672000033 ], [ 121.599821625000118, 25.056925959000061 ], [ 121.599966936000101, 25.056985450000067 ], [ 121.599979870000084, 25.05699056100007 ], [ 121.600153482000124, 25.057059158000069 ], [ 121.600486879000087, 25.057165648 ], [ 121.600893253000081, 25.057274496000037 ], [ 121.601281699000083, 25.057378541000041 ], [ 121.601761853000099, 25.057497272000028 ], [ 121.60209225600012, 25.057567825000028 ], [ 121.602352622000012, 25.057605478000024 ], [ 121.602385851, 25.05761028400007 ], [ 121.602665302000105, 25.057645095000044 ], [ 121.603352643000107, 25.057660622000057 ], [ 121.604035405000104, 25.057675818000053 ], [ 121.604465483000013, 25.057710517000022 ], [ 121.605139059000066, 25.05782654800003 ], [ 121.60519365200004, 25.057835953000044 ], [ 121.605334475000063, 25.057860212000033 ], [ 121.60533565500009, 25.057855479000064 ] ] ] } },
{ "type": "Feature", "properties": { "COUNTY": "臺北市", "TOWN": "中山區", "VILLAGE": "江山里", "geo_iid": "臺北市中山區江山里", "size_counts": 1 }, "geometry": { "type": "Polygon", "coordinates": [ [ [ 121.537847337000031, 25.060239235000033 ], [ 121.539211504000036, 25.060220608000055 ], [ 121.540735341000072, 25.060199788000027 ], [ 121.54200534000006, 25.060182421000029 ], [ 121.542375492000033, 25.060177357000043 ], [ 121.543629488000079, 25.060160195000037 ], [ 121.54419049500008, 25.060152514000027 ], [ 121.544239842000039, 25.060151838000021 ], [ 121.544231726, 25.059770048000068 ], [ 121.544230961000054, 25.059263713000057 ], [ 121.544216962000064, 25.058716081000046 ], [ 121.544216260000098, 25.058558092000048 ], [ 121.544202110000015, 25.058071280000032 ], [ 121.544194017000109, 25.057759691000047 ], [ 121.54419284700009, 25.05771467400006 ], [ 121.544140661000029, 25.057715417000043 ], [ 121.543578161000028, 25.057710724000053 ], [ 121.543537522000079, 25.057710385000064 ], [ 121.543031803000076, 25.057706163000031 ], [ 121.543015631000131, 25.057706028000034 ], [ 121.542643919000071, 25.057702923000072 ], [ 121.542163980000069, 25.057698916000042 ], [ 121.541887004000046, 25.057703069000059 ], [ 121.540681147000086, 25.057721150000074 ], [ 121.540598861000035, 25.057722383000055 ], [ 121.539175734000082, 25.057743706000043 ], [ 121.53916511500006, 25.057743865000077 ], [ 121.537542773000055, 25.057768157000055 ], [ 121.536927828000088, 25.057777360000035 ], [ 121.536935264000022, 25.058234853000037 ], [ 121.536935871000082, 25.058272157000026 ], [ 121.536955821000106, 25.059499 ], [ 121.536964548, 25.060035665000033 ], [ 121.536968101000085, 25.060254067000063 ], [ 121.537847337000031, 25.060239235000033 ] ] ] } },
{ "type": "Feature", "properties": { "COUNTY": "臺北市", "TOWN": "南港區", "VILLAGE": "南港里", "geo_iid": "臺北市南港區南港里", "size_counts": 1 }, "geometry": { "type": "Polygon", "coordinates": [ [ [ 121.60896472900005, 25.059273523000051 ], [ 121.609145298000058, 25.058827193000063 ], [ 121.609791766000058, 25.059096913000069 ], [ 121.610048490000054, 25.057108042000024 ], [ 121.610072360000117, 25.056923119000022 ], [ 121.610121287000084, 25.056908003000039 ], [ 121.610321698000021, 25.056846088000039 ], [ 121.610598692000067, 25.05674993000002 ], [ 121.61073020400012, 25.056692386000055 ], [ 121.610810242000071, 25.05663442400003 ], [ 121.610923737000022, 25.05655223400003 ], [ 121.610994453000103, 25.056509112000057 ], [ 121.611352509000085, 25.056290772000061 ], [ 121.611452390000082, 25.056233450000033 ], [ 121.611975050000069, 25.055933490000022 ], [ 121.611980721, 25.05593073100005 ], [ 121.612030806000021, 25.05590635500004 ], [ 121.613248304000081, 25.055313822000066 ], [ 121.613331292000112, 25.055262806000027 ], [ 121.613408670000013, 25.055237715000025 ], [ 121.613798087000077, 25.055111438000033 ], [ 121.613898364000093, 25.055100026000048 ], [ 121.613948675000074, 25.055094301000047 ], [ 121.614189040000042, 25.055066948000036 ], [ 121.614386014000047, 25.055091221000051 ], [ 121.614525663000109, 25.055108429000022 ], [ 121.61483121300013, 25.055192894000069 ], [ 121.615152189000014, 25.055234431000024 ], [ 121.615245656000084, 25.055235886000041 ], [ 121.615243549000084, 25.055004652000022 ], [ 121.61481964000005, 25.054976921000044 ], [ 121.614884189, 25.054675076000024 ], [ 121.614928771000109, 25.054266871000031 ], [ 121.61493138600008, 25.054239211000031 ], [ 121.614814190000075, 25.054222148000061 ], [ 121.61448316900011, 25.054173954000071 ], [ 121.613861262000114, 25.054083408000047 ], [ 121.61374466700012, 25.05406643300006 ], [ 121.613237795000046, 25.053992632000064 ], [ 121.613096248000033, 25.053972023000018 ], [ 121.612259730000119, 25.053850223000033 ], [ 121.611438325000094, 25.053733973000075 ], [ 121.611385339000108, 25.053726473000033 ], [ 121.609319122000102, 25.053434029000059 ], [ 121.608555181000057, 25.053335814000032 ], [ 121.606488832000082, 25.053070145000039 ], [ 121.606339793000089, 25.053717318000043 ], [ 121.60619518700004, 25.05421880700003 ], [ 121.606175792000059, 25.054286073000075 ], [ 121.60600579000004, 25.055004656000047 ], [ 121.605930541000021, 25.055322719000049 ], [ 121.605807587000072, 25.05584243200007 ], [ 121.605765002000126, 25.056022431000027 ], [ 121.605720239000107, 25.056213541000027 ], [ 121.605685636000075, 25.056361279000036 ], [ 121.605616664000081, 25.056655751000044 ], [ 121.605596904000109, 25.056740112000043 ], [ 121.605531987000063, 25.057017272000049 ], [ 121.60552372700009, 25.057052548000055 ], [ 121.605471531000035, 25.057275379000028 ], [ 121.605336828000077, 25.057850478000027 ], [ 121.60533565500009, 25.057855479000064 ], [ 121.605334475000063, 25.057860212000033 ], [ 121.605067965000117, 25.058928721000026 ], [ 121.604937919, 25.059366708000017 ], [ 121.604963786000098, 25.059371236000057 ], [ 121.605312497000128, 25.059432266000037 ], [ 121.605671254000058, 25.059500697000029 ], [ 121.606335955000077, 25.059661263000066 ], [ 121.606780202000095, 25.059760407000052 ], [ 121.60679825800004, 25.059764863000048 ], [ 121.607027986000062, 25.059821544000037 ], [ 121.607271486000073, 25.059850352000062 ], [ 121.607472005000076, 25.059874074000046 ], [ 121.607873316000124, 25.059919025000053 ], [ 121.608052678000035, 25.059949356000061 ], [ 121.608155274000083, 25.059987763000031 ], [ 121.608235603000026, 25.060022680000021 ], [ 121.608401790000016, 25.06010244000003 ], [ 121.60856091200003, 25.060174028000056 ], [ 121.608594732000029, 25.060188068000052 ], [ 121.60896472900005, 25.059273523000051 ] ] ] } },
{ "type": "Feature", "properties": { "COUNTY": "臺北市", "TOWN": "中山區", "VILLAGE": "松江里", "geo_iid": "臺北市中山區松江里", "size_counts": 1 }, "geometry": { "type": "Polygon", "coordinates": [ [ [ 121.534522202000076, 25.062416744000064 ], [ 121.534890936000011, 25.062408572000031 ], [ 121.534950267000113, 25.062407257000064 ], [ 121.536446746000038, 25.062374081000019 ], [ 121.537002906000112, 25.06236174800005 ], [ 121.536993573000018, 25.061796524000037 ], [ 121.536992500000096, 25.06173157500006 ], [ 121.53698900400002, 25.061519910000065 ], [ 121.536980429000096, 25.061000589000052 ], [ 121.536968101000085, 25.060254067000063 ], [ 121.536964548, 25.060035665000033 ], [ 121.536955821000106, 25.059499 ], [ 121.536935871000082, 25.058272157000026 ], [ 121.536935264000022, 25.058234853000037 ], [ 121.536927828000088, 25.057777360000035 ], [ 121.534804818000097, 25.057869525000044 ], [ 121.533669475000011, 25.057918803000064 ], [ 121.533116685000081, 25.057942789000027 ], [ 121.533135384000047, 25.058827399000045 ], [ 121.533166731000065, 25.060310087000062 ], [ 121.533167043000063, 25.060324797000074 ], [ 121.533170695000095, 25.061899397000037 ], [ 121.533171157000083, 25.062098098000032 ], [ 121.533171965000079, 25.06244666100002 ], [ 121.534522202000076, 25.062416744000064 ] ] ] } },
{ "type": "Feature", "properties": { "COUNTY": "臺北市", "TOWN": "大同區", "VILLAGE": "隆和里", "geo_iid": "臺北市大同區隆和里", "size_counts": 2 }, "geometry": { "type": "Polygon", "coordinates": [ [ [ 121.513132412000118, 25.065873101000019 ], [ 121.513233367000112, 25.065870902000018 ], [ 121.513703019000104, 25.06586067600005 ], [ 121.513676611000051, 25.064731217000023 ], [ 121.514122189000105, 25.06474952700005 ], [ 121.514130151, 25.064749854000063 ], [ 121.5141489250001, 25.064743759000059 ], [ 121.514518502000101, 25.064623775000022 ], [ 121.514860166000076, 25.064512850000028 ], [ 121.514921451000077, 25.064492954000052 ], [ 121.515278403000025, 25.064377065000023 ], [ 121.515233038000019, 25.064257981000011 ], [ 121.515165337000113, 25.064080264000033 ], [ 121.515025212000069, 25.063712429000077 ], [ 121.514736099000061, 25.062953481000019 ], [ 121.513625814000079, 25.062954623000049 ], [ 121.513561334000087, 25.062954686000058 ], [ 121.512549814000067, 25.062917723000044 ], [ 121.512171750000121, 25.06290390800006 ], [ 121.511748449000038, 25.062888436000033 ], [ 121.51124752900013, 25.062870127000053 ], [ 121.511161362000053, 25.063859550000064 ], [ 121.511156170000049, 25.063919177000049 ], [ 121.511147135000101, 25.06402292100006 ], [ 121.511131616000057, 25.06420112000006 ], [ 121.51109792200009, 25.06458801400003 ], [ 121.511096032000083, 25.064609706000049 ], [ 121.510819626000057, 25.06460498400002 ], [ 121.510484180000063, 25.064599253000033 ], [ 121.510364548000098, 25.064597209000045 ], [ 121.510352522000062, 25.064597004000063 ], [ 121.510352958000112, 25.064615720000056 ], [ 121.510362330000035, 25.06501712500005 ], [ 121.510371123000027, 25.06539367400006 ], [ 121.510382080000113, 25.065862866000028 ], [ 121.511019235000049, 25.065885226000031 ], [ 121.511275167, 25.065894206000046 ], [ 121.511601885000118, 25.065905671000049 ], [ 121.51161499300008, 25.065906130000027 ], [ 121.513132412000118, 25.065873101000019 ] ] ] } },
{ "type": "Feature", "properties": { "COUNTY": "臺北市", "TOWN": "大同區", "VILLAGE": "蓬萊里", "geo_iid": "臺北市大同區蓬萊里", "size_counts": 3 }, "geometry": { "type": "Polygon", "coordinates": [ [ [ 121.519173777000105, 25.066007116000034 ], [ 121.519267089000081, 25.066005146000059 ], [ 121.519099346000075, 25.065202388000039 ], [ 121.518991446000072, 25.064647783000051 ], [ 121.518984865000121, 25.064441553000051 ], [ 121.519001484000114, 25.064212029000018 ], [ 121.519069611000077, 25.063683488000027 ], [ 121.519138777000094, 25.063400416000032 ], [ 121.519237080000039, 25.063074558000032 ], [ 121.519318579, 25.062869728000059 ], [ 121.519333108000069, 25.062833213000022 ], [ 121.519162674000086, 25.062837676000065 ], [ 121.518283344000125, 25.062860701000034 ], [ 121.518255025000045, 25.062861443000021 ], [ 121.518125137000098, 25.062864845000028 ], [ 121.517726145000097, 25.062875290000068 ], [ 121.517047934000061, 25.06289304400007 ], [ 121.516877130000026, 25.062897515000031 ], [ 121.516391690000091, 25.062910220000049 ], [ 121.515962498000022, 25.062921451000015 ], [ 121.515656362000072, 25.062929462000056 ], [ 121.515648096000078, 25.062929678000042 ], [ 121.514736099000061, 25.062953481000019 ], [ 121.515025212000069, 25.063712429000077 ], [ 121.515165337000113, 25.064080264000033 ], [ 121.515233038000019, 25.064257981000011 ], [ 121.515278403000025, 25.064377065000023 ], [ 121.514921451000077, 25.064492954000052 ], [ 121.514860166000076, 25.064512850000028 ], [ 121.514518502000101, 25.064623775000022 ], [ 121.5141489250001, 25.064743759000059 ], [ 121.514130151, 25.064749854000063 ], [ 121.514122189000105, 25.06474952700005 ], [ 121.513676611000051, 25.064731217000023 ], [ 121.513703019000104, 25.06586067600005 ], [ 121.514228304000085, 25.065863868000061 ], [ 121.514484084000074, 25.065865422000051 ], [ 121.515062352000086, 25.065868931000058 ], [ 121.515471729000083, 25.065871416000039 ], [ 121.515688582000053, 25.065872731000063 ], [ 121.516021861000013, 25.065874751000013 ], [ 121.516051259000051, 25.065874143000023 ], [ 121.516739344000015, 25.06585991300005 ], [ 121.517950781000067, 25.06583485100003 ], [ 121.518349875000013, 25.065826593000043 ], [ 121.518350708000085, 25.066024502000051 ], [ 121.519173777000105, 25.066007116000034 ] ] ] } },
{ "type": "Feature", "properties": { "COUNTY": "臺北市", "TOWN": "松山區", "VILLAGE": "民福里", "geo_iid": "臺北市松山區民福里", "size_counts": 2 }, "geometry": { "type": "Polygon", "coordinates": [ [ [ 121.544767117000106, 25.066622327000058 ], [ 121.545296993000079, 25.066337006000023 ], [ 121.54552217100003, 25.06620841300002 ], [ 121.547012323000104, 25.065357401000025 ], [ 121.547202612000092, 25.065248726000046 ], [ 121.547304609000093, 25.06518347400003 ], [ 121.547622269000058, 25.064628 ], [ 121.54791717500008, 25.064504581000048 ], [ 121.548313356000108, 25.064310974000016 ], [ 121.548532543000093, 25.064112714000029 ], [ 121.548572515000046, 25.064084228000063 ], [ 121.548822979000064, 25.063905730000034 ], [ 121.549285564000115, 25.063566462000033 ], [ 121.550049815000079, 25.063005941000025 ], [ 121.550205169000037, 25.062891999000037 ], [ 121.550606955000035, 25.062406497000033 ], [ 121.550795845000039, 25.062366305000058 ], [ 121.550816318000088, 25.062092622000016 ], [ 121.550620020000125, 25.061708421000045 ], [ 121.550789634, 25.061468008000077 ], [ 121.549933377000116, 25.061631680000051 ], [ 121.54834317800011, 25.061935628000068 ], [ 121.547909700000105, 25.06201847900007 ], [ 121.546643883000129, 25.062037261000054 ], [ 121.54626888100006, 25.06204282200002 ], [ 121.545612585000086, 25.062052554000037 ], [ 121.545487227000095, 25.062054412000066 ], [ 121.544960108000055, 25.062062226000016 ], [ 121.544910872000059, 25.062062955000034 ], [ 121.54427067600011, 25.062072442000041 ], [ 121.544272574000047, 25.062200772000025 ], [ 121.544274398000084, 25.062324131000022 ], [ 121.544275714000023, 25.062413201000023 ], [ 121.544277005000026, 25.062704524000022 ], [ 121.544278662000011, 25.063078006000065 ], [ 121.544290944000068, 25.063996749000065 ], [ 121.544302625000128, 25.06488340300006 ], [ 121.544314113000055, 25.065622864000026 ], [ 121.544332668000038, 25.066445600000065 ], [ 121.544342039000085, 25.066861125000049 ], [ 121.544767117000106, 25.066622327000058 ] ] ] } },
{ "type": "Feature", "properties": { "COUNTY": "臺北市", "TOWN": "中山區", "VILLAGE": "集英里", "geo_iid": "臺北市中山區集英里", "size_counts": 3 }, "geometry": { "type": "Polygon", "coordinates": [ [ [ 121.51983993500005, 25.068479898000074 ], [ 121.519896501000048, 25.068479020000034 ], [ 121.520849250000097, 25.068464226000057 ], [ 121.522846363000099, 25.068433195000058 ], [ 121.522770127000072, 25.068121399000049 ], [ 121.522435527000084, 25.066752907000016 ], [ 121.522353532000025, 25.066361767000046 ], [ 121.522269992000034, 25.065833192000067 ], [ 121.522226167000113, 25.065081782000046 ], [ 121.522233314000133, 25.064884940000063 ], [ 121.522235264000059, 25.064831232000067 ], [ 121.522353665000082, 25.063995752000029 ], [ 121.522373196000103, 25.063810122000053 ], [ 121.522423063000033, 25.063616237000073 ], [ 121.522643106000046, 25.062760696000051 ], [ 121.522646867000049, 25.062739914000069 ], [ 121.522772889000066, 25.062043549000059 ], [ 121.522828892, 25.061734090000062 ], [ 121.522967777000062, 25.06096664100005 ], [ 121.522970746000055, 25.060950240000068 ], [ 121.522970379000071, 25.060931841000063 ], [ 121.522957829, 25.060300792000067 ], [ 121.522955989000025, 25.060257418000045 ], [ 121.52295059000005, 25.060130218000033 ], [ 121.522935848000103, 25.059782793000053 ], [ 121.522856795000038, 25.057919646000062 ], [ 121.521793644000027, 25.057777477000052 ], [ 121.521649911000054, 25.057758257000039 ], [ 121.520807532000049, 25.057645605000051 ], [ 121.520654865000097, 25.057625188000021 ], [ 121.520622921000054, 25.057621224000052 ], [ 121.520625353000014, 25.057658836000027 ], [ 121.520646768, 25.057989856000059 ], [ 121.520648218000019, 25.058331382000059 ], [ 121.520656575000089, 25.058918355000049 ], [ 121.520652048000102, 25.059233235000072 ], [ 121.520641475000048, 25.059410303000043 ], [ 121.520635864000042, 25.05950427600003 ], [ 121.520578316000055, 25.059760629000031 ], [ 121.520497384, 25.060033075000032 ], [ 121.520370522, 25.060317905000023 ], [ 121.52036111300005, 25.06033902900003 ], [ 121.520352176000074, 25.06035909600006 ], [ 121.519992303000095, 25.061224854000042 ], [ 121.519666906000111, 25.061986306000044 ], [ 121.519400051000062, 25.06266496500006 ], [ 121.519333108000069, 25.062833213000022 ], [ 121.519318579, 25.062869728000059 ], [ 121.519237080000039, 25.063074558000032 ], [ 121.519138777000094, 25.063400416000032 ], [ 121.519069611000077, 25.063683488000027 ], [ 121.519001484000114, 25.064212029000018 ], [ 121.518984865000121, 25.064441553000051 ], [ 121.518991446000072, 25.064647783000051 ], [ 121.519099346000075, 25.065202388000039 ], [ 121.519267089000081, 25.066005146000059 ], [ 121.519281931000037, 25.066076172000056 ], [ 121.519308830000099, 25.066204903000024 ], [ 121.519399307000072, 25.066769192000031 ], [ 121.519514639000036, 25.06769198600005 ], [ 121.519605654000088, 25.068412083000045 ], [ 121.519614014000013, 25.068483533000052 ], [ 121.51983993500005, 25.068479898000074 ] ] ] } },
{ "type": "Feature", "properties": { "COUNTY": "臺北市", "TOWN": "內湖區", "VILLAGE": "湖興里", "geo_iid": "臺北市內湖區湖興里", "size_counts": 1 }, "geometry": { "type": "Polygon", "coordinates": [ [ [ 121.590013952000064, 25.074998345000033 ], [ 121.58999491100009, 25.074810555000049 ], [ 121.589886254000021, 25.073595711000046 ], [ 121.589878788000078, 25.073510123000055 ], [ 121.589869371000091, 25.073402152000018 ], [ 121.589846061000102, 25.073134931000023 ], [ 121.589812251000026, 25.072747316000058 ], [ 121.589774824000088, 25.072231162000026 ], [ 121.589748138000104, 25.071851547000051 ], [ 121.58974308400002, 25.07177967300003 ], [ 121.589747818000106, 25.071645072000017 ], [ 121.589760722000051, 25.071532462000043 ], [ 121.589765218000039, 25.071516940000031 ], [ 121.589789817000124, 25.07143202200006 ], [ 121.589864221000099, 25.071248205000074 ], [ 121.59001379300004, 25.070942350000056 ], [ 121.590476565000017, 25.069874164000044 ], [ 121.590879703000041, 25.068930918000028 ], [ 121.590765660000102, 25.068042551000069 ], [ 121.590753807000041, 25.067950218000075 ], [ 121.590709702000012, 25.06760664200004 ], [ 121.590699901000107, 25.067530293000061 ], [ 121.590594532000054, 25.066763124000026 ], [ 121.590563024000062, 25.066533719000059 ], [ 121.590524826000106, 25.066173715000041 ], [ 121.590513151000096, 25.066059019000068 ], [ 121.590499345000012, 25.065923374000079 ], [ 121.590465118000111, 25.065536795000064 ], [ 121.590365275000053, 25.064913855000043 ], [ 121.590363126000071, 25.064900456000018 ], [ 121.589697838000021, 25.065146979000072 ], [ 121.588729624000052, 25.065505744000056 ], [ 121.58819279600003, 25.065704658000065 ], [ 121.587687839000083, 25.065891761000039 ], [ 121.587693713, 25.06607964300002 ], [ 121.58772286600005, 25.067012169000055 ], [ 121.587742473000048, 25.067639339000035 ], [ 121.587742659000014, 25.06764527100006 ], [ 121.587761775000104, 25.068256701000049 ], [ 121.58778643200003, 25.069045364000029 ], [ 121.587251540000011, 25.069004720000066 ], [ 121.586929528000056, 25.068980251000024 ], [ 121.586006773, 25.068910129000074 ], [ 121.585234833000072, 25.068851462000048 ], [ 121.584337168000047, 25.068783236000055 ], [ 121.583159409000018, 25.069867915000021 ], [ 121.580768953000089, 25.072209516000036 ], [ 121.5804036400001, 25.072567352000071 ], [ 121.580817839000019, 25.072512925000062 ], [ 121.581039015000115, 25.072541736000058 ], [ 121.581302268000059, 25.07257602900005 ], [ 121.581820300000118, 25.07271700800003 ], [ 121.582604489000119, 25.072934942000067 ], [ 121.582889679000118, 25.073020498000055 ], [ 121.583070307000085, 25.073076122000028 ], [ 121.583272050000133, 25.073114762000042 ], [ 121.583469368000024, 25.073152555000032 ], [ 121.583788626000114, 25.073175321000065 ], [ 121.584390494000118, 25.073218261000015 ], [ 121.584955457000106, 25.073246366000031 ], [ 121.58568776200002, 25.073282183000053 ], [ 121.585857491000056, 25.073290483000044 ], [ 121.586052769000034, 25.073432723000046 ], [ 121.586224482000034, 25.07360972400004 ], [ 121.586724628000084, 25.073980435000056 ], [ 121.586745534000087, 25.07399800700005 ], [ 121.586991501000057, 25.074204727000044 ], [ 121.58718201100011, 25.074342641000037 ], [ 121.587315165000064, 25.074394115000075 ], [ 121.58762404800008, 25.074470893000061 ], [ 121.587875801000109, 25.074508895000058 ], [ 121.588403313000086, 25.074645481000054 ], [ 121.588447546000111, 25.074658747000043 ], [ 121.588659990000124, 25.07472246400004 ], [ 121.58901622700013, 25.074811292000042 ], [ 121.58951537300004, 25.07493575400002 ], [ 121.589714991000065, 25.074991294000025 ], [ 121.58988597400004, 25.075012281000053 ], [ 121.590013952000064, 25.074998345000033 ] ] ] } },
{ "type": "Feature", "properties": { "COUNTY": "臺北市", "TOWN": "大同區", "VILLAGE": "老師里", "geo_iid": "臺北市大同區老師里", "size_counts": 2 }, "geometry": { "type": "Polygon", "coordinates": [ [ [ 121.513639972000092, 25.079163191000074 ], [ 121.513932922000109, 25.077855757000055 ], [ 121.513896799, 25.076379074000041 ], [ 121.513893082000095, 25.076227083000038 ], [ 121.513884097000087, 25.075849613000052 ], [ 121.513872581000115, 25.075365780000023 ], [ 121.513863096000037, 25.074967269000062 ], [ 121.513853219000111, 25.074552295000036 ], [ 121.513841181000089, 25.074046549000052 ], [ 121.513828754000102, 25.07352452100001 ], [ 121.513820272000089, 25.073168221000053 ], [ 121.51381369, 25.072891660000039 ], [ 121.513813533000089, 25.072885036000052 ], [ 121.513801558000068, 25.072381957000054 ], [ 121.513801376000046, 25.072374306000022 ], [ 121.513797631000116, 25.072216987000044 ], [ 121.513792934000094, 25.072019665000017 ], [ 121.512660559000096, 25.072051078000065 ], [ 121.512427679000112, 25.072057539000067 ], [ 121.512306253000034, 25.072060907000033 ], [ 121.511262278000117, 25.072089859000062 ], [ 121.511195424000121, 25.07209171300007 ], [ 121.511035456000059, 25.072096149000057 ], [ 121.510900403000065, 25.072101448000062 ], [ 121.509954001000082, 25.072138744000014 ], [ 121.50975927900005, 25.072146417000045 ], [ 121.506777815000092, 25.072263874000036 ], [ 121.506600774000063, 25.072270850000052 ], [ 121.506590219000046, 25.072304727000063 ], [ 121.506566973000076, 25.072379339000058 ], [ 121.506548390000034, 25.072438984000019 ], [ 121.506500109000058, 25.072561622000013 ], [ 121.506447055000081, 25.072719584000016 ], [ 121.506441584000058, 25.072735873000052 ], [ 121.50640726000006, 25.072829863000035 ], [ 121.506384350000076, 25.072900949000019 ], [ 121.506358937000087, 25.07296628000006 ], [ 121.506338583000129, 25.073025881000028 ], [ 121.506319294000036, 25.073149747000055 ], [ 121.506315285000028, 25.073218500000046 ], [ 121.506342724000078, 25.073296183000014 ], [ 121.506334624000033, 25.073431595000038 ], [ 121.506311530000062, 25.073529078000025 ], [ 121.506290662000083, 25.073702314000055 ], [ 121.506250406000049, 25.073993715000025 ], [ 121.5062298040001, 25.074099241000049 ], [ 121.506207892000035, 25.074217385000047 ], [ 121.506174333000118, 25.074408947000052 ], [ 121.506128248000095, 25.074577514000055 ], [ 121.506078394000056, 25.074741479000064 ], [ 121.506043933000115, 25.074841220000057 ], [ 121.505976200000092, 25.075059072000045 ], [ 121.505898230000071, 25.075285844000064 ], [ 121.505895785, 25.075292954000069 ], [ 121.505856225000116, 25.075405298000064 ], [ 121.505825622000089, 25.075493979000044 ], [ 121.50581666000005, 25.075519946000039 ], [ 121.505780175000055, 25.075608576000029 ], [ 121.505765699000122, 25.075643740000032 ], [ 121.505650990000063, 25.075933741000021 ], [ 121.505624217000104, 25.076003673000056 ], [ 121.505582104000055, 25.076124041000064 ], [ 121.505533678, 25.076244406000054 ], [ 121.505433045000018, 25.076485101000056 ], [ 121.505392276000066, 25.076584811000025 ], [ 121.505346384000063, 25.07670288200006 ], [ 121.505291703000012, 25.076809444000038 ], [ 121.505184772, 25.077046677000048 ], [ 121.505138969000086, 25.077141789000045 ], [ 121.505076699000043, 25.077252920000028 ], [ 121.504981280000024, 25.077450029000026 ], [ 121.504915136000022, 25.077584094000024 ], [ 121.504859134000071, 25.077705576000017 ], [ 121.504800564000107, 25.077838524000065 ], [ 121.504798771000083, 25.077842034000064 ], [ 121.504763682000089, 25.077910718000044 ], [ 121.504747772000101, 25.077947491000028 ], [ 121.504719779000084, 25.078012194000053 ], [ 121.504707651000118, 25.078040228000077 ], [ 121.504677595000103, 25.078121260000035 ], [ 121.507568066000104, 25.078372313000035 ], [ 121.508192081000047, 25.078400238000025 ], [ 121.508227762000047, 25.078401835000012 ], [ 121.508821189000059, 25.078733667000044 ], [ 121.509618741000054, 25.078680628000022 ], [ 121.50978933600004, 25.07885259500005 ], [ 121.509795085000079, 25.078858389000057 ], [ 121.509959190000018, 25.078854424000038 ], [ 121.51023909900006, 25.078847664000016 ], [ 121.510690827000076, 25.078887279000067 ], [ 121.51116785300006, 25.078977109000043 ], [ 121.511271112000045, 25.078984593000026 ], [ 121.511408770000116, 25.078994570000074 ], [ 121.511813804000099, 25.079180984000054 ], [ 121.512557361000063, 25.079523195000032 ], [ 121.512710771000116, 25.079593799000055 ], [ 121.512930066000081, 25.079714558000028 ], [ 121.513307270000027, 25.079951020000063 ], [ 121.513639972000092, 25.079163191000074 ] ] ] } },
{ "type": "Feature", "properties": { "COUNTY": "臺北市", "TOWN": "士林區", "VILLAGE": "富光里", "geo_iid": "臺北市士林區富光里", "size_counts": 1 }, "geometry": { "type": "Polygon", "coordinates": [ [ [ 121.508048502000065, 25.082698060000027 ], [ 121.508836750000114, 25.082672510000055 ], [ 121.508913747000065, 25.082670014000026 ], [ 121.509258406000086, 25.082658840000072 ], [ 121.509971458000109, 25.08263572200007 ], [ 121.510229072000016, 25.082627370000061 ], [ 121.510337213000071, 25.082065088000029 ], [ 121.510339420000051, 25.082055689000065 ], [ 121.510590180000023, 25.080987812000036 ], [ 121.510595673000012, 25.080964418000057 ], [ 121.510604835000095, 25.080937565000053 ], [ 121.510935139000011, 25.079969391000077 ], [ 121.511042038000014, 25.079656054000047 ], [ 121.511134726000037, 25.079384366000053 ], [ 121.511271112000045, 25.078984593000026 ], [ 121.51116785300006, 25.078977109000043 ], [ 121.510690827000076, 25.078887279000067 ], [ 121.51023909900006, 25.078847664000016 ], [ 121.509959190000018, 25.078854424000038 ], [ 121.509795085000079, 25.078858389000057 ], [ 121.50978933600004, 25.07885259500005 ], [ 121.509618741000054, 25.078680628000022 ], [ 121.508821189000059, 25.078733667000044 ], [ 121.508227762000047, 25.078401835000012 ], [ 121.508192081000047, 25.078400238000025 ], [ 121.507568066000104, 25.078372313000035 ], [ 121.504677595000103, 25.078121260000035 ], [ 121.504652806000081, 25.078188093000037 ], [ 121.504608098000062, 25.078326826000019 ], [ 121.504573988000061, 25.078424007000013 ], [ 121.504563431000065, 25.07845408400004 ], [ 121.504516167000034, 25.078599685000025 ], [ 121.504459923000013, 25.078783145000038 ], [ 121.504420252000045, 25.078923042000039 ], [ 121.504373034000096, 25.079057170000052 ], [ 121.504328214000125, 25.079223448000043 ], [ 121.504246468000019, 25.079474543000057 ], [ 121.504201723000051, 25.079621301000021 ], [ 121.504168456000116, 25.079737117000025 ], [ 121.504117427000097, 25.079876978000065 ], [ 121.504052243000046, 25.080087952000031 ], [ 121.503998836000051, 25.080189923000031 ], [ 121.50395429400011, 25.080285041000014 ], [ 121.503917425000054, 25.080354925000044 ], [ 121.503870354000014, 25.080451189000023 ], [ 121.5038156170001, 25.08057152900005 ], [ 121.503729192000051, 25.08072618300001 ], [ 121.503675803000093, 25.080824715000055 ], [ 121.503624861000048, 25.080941621000076 ], [ 121.503567609000029, 25.081059640000031 ], [ 121.503464348000094, 25.081263283000045 ], [ 121.507951072000083, 25.082577557000029 ], [ 121.507909506000047, 25.082702565000023 ], [ 121.508048502000065, 25.082698060000027 ] ] ] } },
{ "type": "Feature", "properties": { "COUNTY": "臺北市", "TOWN": "內湖區", "VILLAGE": "西湖里", "geo_iid": "臺北市內湖區西湖里", "size_counts": 1 }, "geometry": { "type": "Polygon", "coordinates": [ [ [ 121.570535343000074, 25.08644779900003 ], [ 121.570202369000071, 25.084468721000057 ], [ 121.570180229, 25.084201328000052 ], [ 121.570085487000014, 25.083906437000042 ], [ 121.570069690000082, 25.083863339000061 ], [ 121.570064706000025, 25.083823471000066 ], [ 121.570064706000025, 25.083782358000057 ], [ 121.570068443000082, 25.083728785000044 ], [ 121.570083393000118, 25.083652787000052 ], [ 121.570089623000072, 25.083594230000067 ], [ 121.570095852, 25.083488332000051 ], [ 121.570103316000086, 25.08327241500006 ], [ 121.570125937000071, 25.082845199000069 ], [ 121.569135614000061, 25.082792413000043 ], [ 121.569132961000037, 25.082218795000067 ], [ 121.569110608000088, 25.082064693000056 ], [ 121.569350924000105, 25.081992034000049 ], [ 121.569571567000025, 25.081924902000015 ], [ 121.570093387000057, 25.08175147900004 ], [ 121.570847058000027, 25.081500319000032 ], [ 121.570860831000118, 25.081495729000036 ], [ 121.570876640000066, 25.081490938000048 ], [ 121.570639615000118, 25.081045824000054 ], [ 121.570310412000026, 25.080427765000014 ], [ 121.570213662000015, 25.080246080000041 ], [ 121.569840204000116, 25.079544897000059 ], [ 121.569743514000052, 25.07936328300007 ], [ 121.569528618000049, 25.078959847000075 ], [ 121.569388640000057, 25.078697004000041 ], [ 121.569183895000037, 25.078312575000034 ], [ 121.569087100000047, 25.078130807000029 ], [ 121.568803348000074, 25.077597794000042 ], [ 121.568800497000097, 25.077592180000053 ], [ 121.568796112000101, 25.077584894000037 ], [ 121.568790943000081, 25.077577582000057 ], [ 121.568784425000118, 25.077569700000016 ], [ 121.568775591000076, 25.077560769000048 ], [ 121.568696782000089, 25.077495892000051 ], [ 121.568538071000049, 25.077537825000029 ], [ 121.56772572400007, 25.077760002000044 ], [ 121.567210780000096, 25.077903280000033 ], [ 121.566806597000095, 25.078020877000021 ], [ 121.566385739000125, 25.078128458000027 ], [ 121.565832027000056, 25.078281955000016 ], [ 121.565267204000079, 25.07843045200007 ], [ 121.565018044000112, 25.07850204400005 ], [ 121.564667284000052, 25.078627454000063 ], [ 121.564440463000111, 25.078734278000059 ], [ 121.564388691000104, 25.078776876000063 ], [ 121.564702067000098, 25.079794383000031 ], [ 121.564780307000106, 25.080048384000058 ], [ 121.564964329000063, 25.080645459000031 ], [ 121.565062315000091, 25.080964089000069 ], [ 121.565147781000078, 25.081241464000065 ], [ 121.565216683000031, 25.081465031000047 ], [ 121.565429798000082, 25.082155750000016 ], [ 121.565536367000064, 25.082361092000035 ], [ 121.565535349000029, 25.082965815000016 ], [ 121.56553475200009, 25.083322905000038 ], [ 121.565533682000023, 25.083963249000078 ], [ 121.565532714000042, 25.084540759000035 ], [ 121.565529632000107, 25.086384052000021 ], [ 121.565678934000061, 25.086359297000051 ], [ 121.566467675000013, 25.086367294000066 ], [ 121.566613517000064, 25.086368773000054 ], [ 121.566821171000029, 25.086370878000015 ], [ 121.566914043000111, 25.086371903000035 ], [ 121.567533056000116, 25.086377530000043 ], [ 121.567916949000065, 25.086381020000029 ], [ 121.568048821000048, 25.086382218000033 ], [ 121.56907389800007, 25.086391526000057 ], [ 121.569140750000088, 25.08639213400004 ], [ 121.570538513000102, 25.086466641000062 ], [ 121.570535343000074, 25.08644779900003 ] ] ] } },
{ "type": "Feature", "properties": { "COUNTY": "臺北市", "TOWN": "士林區", "VILLAGE": "葫東里", "geo_iid": "臺北市士林區葫東里", "size_counts": 1 }, "geometry": { "type": "Polygon", "coordinates": [ [ [ 121.513774759000043, 25.087813540000063 ], [ 121.513847871000053, 25.087029131000058 ], [ 121.513939656000034, 25.086044349000076 ], [ 121.51398553200012, 25.085552138000015 ], [ 121.513995208000097, 25.085448303000071 ], [ 121.513990360000093, 25.085100126000036 ], [ 121.51398845700011, 25.084963399000053 ], [ 121.513997192000033, 25.08444620900007 ], [ 121.513957401000084, 25.084151896000037 ], [ 121.513942518000036, 25.084041810000024 ], [ 121.513636570000031, 25.084031838000037 ], [ 121.51235091, 25.083820493000069 ], [ 121.511971737000067, 25.083812078000044 ], [ 121.511922893000033, 25.083810993000032 ], [ 121.511672250000061, 25.083805430000034 ], [ 121.510893370000076, 25.083526195000044 ], [ 121.510852330000034, 25.08351787700007 ], [ 121.510623540000083, 25.083471508000052 ], [ 121.510082563000083, 25.083361866000065 ], [ 121.509984545000066, 25.083853231000028 ], [ 121.509937598000079, 25.084088575000049 ], [ 121.509927433000044, 25.084139532000048 ], [ 121.509860300000028, 25.084476067000015 ], [ 121.509858086, 25.084487164000056 ], [ 121.509752777000031, 25.084958276000055 ], [ 121.509742602000074, 25.085003798000052 ], [ 121.509609213000104, 25.085565941000016 ], [ 121.509574484000041, 25.085676545000062 ], [ 121.509529158000078, 25.085820892000061 ], [ 121.509314520000089, 25.086504453000028 ], [ 121.509251968000044, 25.086694644000026 ], [ 121.509854057000098, 25.086756169000065 ], [ 121.510323715000013, 25.086938398000019 ], [ 121.510546677000093, 25.087024906000057 ], [ 121.510629298000026, 25.087056962000069 ], [ 121.510994160000109, 25.087274995000026 ], [ 121.511273920000022, 25.087451234000071 ], [ 121.511453223000103, 25.08758422600004 ], [ 121.511636569000061, 25.087720218000069 ], [ 121.511831412000106, 25.087896747000052 ], [ 121.511846738000031, 25.087906958000069 ], [ 121.511862892000082, 25.087917722000039 ], [ 121.513653833000035, 25.089110951000055 ], [ 121.513774759000043, 25.087813540000063 ] ] ] } },
{ "type": "Feature", "properties": { "COUNTY": "臺北市", "TOWN": "內湖區", "VILLAGE": "湖濱里", "geo_iid": "臺北市內湖區湖濱里", "size_counts": 1 }, "geometry": { "type": "Polygon", "coordinates": [ [ [ 121.580991786000041, 25.088239489000038 ], [ 121.582066986000086, 25.087476129000038 ], [ 121.582041040000021, 25.087534363000024 ], [ 121.582004056000088, 25.087633679000074 ], [ 121.581985718000041, 25.087715824000039 ], [ 121.581989838000027, 25.087794460000051 ], [ 121.582005221000031, 25.087879885000056 ], [ 121.582031831000123, 25.087961853000017 ], [ 121.582088456000079, 25.088053958000039 ], [ 121.582148691000043, 25.088118696000031 ], [ 121.582464651000024, 25.087604515000059 ], [ 121.58248685, 25.087546288000045 ], [ 121.582519966000064, 25.087419641000047 ], [ 121.582542132000057, 25.087354579000074 ], [ 121.582594024000059, 25.087238104000043 ], [ 121.582638582000072, 25.087155865000053 ], [ 121.582701689000032, 25.087035925000063 ], [ 121.582790993000117, 25.086909047000056 ], [ 121.582939981000095, 25.086730647000017 ], [ 121.58302195400006, 25.086637996000039 ], [ 121.583234662000095, 25.086469590000029 ], [ 121.5834363230001, 25.086342272000014 ], [ 121.583638092000115, 25.086235471000055 ], [ 121.584064538000021, 25.086114108000054 ], [ 121.584069482000018, 25.086110559000073 ], [ 121.584351981000054, 25.085907797000051 ], [ 121.584609877000048, 25.08579051800006 ], [ 121.584681275000108, 25.085774416000046 ], [ 121.584856833000131, 25.085734825000028 ], [ 121.585133829000043, 25.085696112000047 ], [ 121.585230939000112, 25.085637599000048 ], [ 121.585361733000013, 25.085572107000065 ], [ 121.585443242000096, 25.085549638000028 ], [ 121.585500142000129, 25.085533951000052 ], [ 121.58564993600011, 25.085526515000016 ], [ 121.585784836000016, 25.085536247000046 ], [ 121.585908574000101, 25.085563112000045 ], [ 121.5860436910001, 25.085620710000054 ], [ 121.586167722000042, 25.085709125000047 ], [ 121.586325860000102, 25.08587948000006 ], [ 121.586623245000055, 25.086189487000066 ], [ 121.587110629000094, 25.08669375300007 ], [ 121.588108858000069, 25.08568575400005 ], [ 121.588193697000065, 25.085658667000068 ], [ 121.588290205000035, 25.08562351800003 ], [ 121.588427615000128, 25.085561457000036 ], [ 121.588509417000083, 25.085512986000019 ], [ 121.588641167000105, 25.085426309000056 ], [ 121.588818887000116, 25.085281734000031 ], [ 121.588984872000083, 25.085069768000039 ], [ 121.589055207000115, 25.084943087000052 ], [ 121.589057216000029, 25.084882249000025 ], [ 121.589071509000078, 25.084807307000059 ], [ 121.589091597000106, 25.084718961000078 ], [ 121.589123363000098, 25.084622542000023 ], [ 121.589161026000056, 25.084534126000044 ], [ 121.589192935000028, 25.084467130000061 ], [ 121.5892858630001, 25.084295573000073 ], [ 121.589411120000022, 25.084145292000066 ], [ 121.589507343000022, 25.08404861900004 ], [ 121.589632854000115, 25.083949154000035 ], [ 121.589720461000056, 25.08388996200005 ], [ 121.589793340000043, 25.083814785000065 ], [ 121.589877831000081, 25.083715477000045 ], [ 121.58992726200006, 25.083637721000052 ], [ 121.589973590000113, 25.083522529000042 ], [ 121.589993677000066, 25.083434183000062 ], [ 121.589997379000025, 25.083396038000039 ], [ 121.590004843000102, 25.08331912300002 ], [ 121.589992496000036, 25.083188114000041 ], [ 121.589980442000069, 25.08314171500006 ], [ 121.589962642000046, 25.083073216000056 ], [ 121.590029045000051, 25.082866998000039 ], [ 121.590228295000088, 25.082248379000074 ], [ 121.590310682000108, 25.081992588000038 ], [ 121.590313353000056, 25.081984449000061 ], [ 121.590454665000053, 25.081561525000037 ], [ 121.590459405000061, 25.081547336000025 ], [ 121.590685857000025, 25.080869594000031 ], [ 121.590687656000128, 25.080864207000044 ], [ 121.590779315000063, 25.080589884000055 ], [ 121.590552886000083, 25.080365137000058 ], [ 121.59023900800004, 25.080053589000045 ], [ 121.589771733000021, 25.079589779000052 ], [ 121.58941887800006, 25.079239538000014 ], [ 121.589188893000028, 25.079648774000074 ], [ 121.589080902000092, 25.079840932000018 ], [ 121.588761836000131, 25.080403007000022 ], [ 121.588664974000039, 25.080536913000053 ], [ 121.588538473000099, 25.080590825000055 ], [ 121.588363018000123, 25.08060042400006 ], [ 121.58823596600007, 25.080538616000066 ], [ 121.588108455000125, 25.08037889500002 ], [ 121.58786308300013, 25.080041601000058 ], [ 121.587725266, 25.079766199000058 ], [ 121.587577663000033, 25.079481935000043 ], [ 121.587489607000066, 25.079419973000022 ], [ 121.587402158000032, 25.079482631000069 ], [ 121.587363586000052, 25.079571799000057 ], [ 121.587198812000125, 25.079777186000051 ], [ 121.587014412000045, 25.079955949000055 ], [ 121.586980096000048, 25.079981235000048 ], [ 121.586820085000113, 25.080099143000027 ], [ 121.586625389000119, 25.080162223000045 ], [ 121.586284183000089, 25.080172474000044 ], [ 121.585969063000107, 25.080129490000044 ], [ 121.585903674000079, 25.080120569000016 ], [ 121.585542420000039, 25.080015179000036 ], [ 121.585151564000057, 25.079838700000035 ], [ 121.585024523000016, 25.079776891000037 ], [ 121.584985178000011, 25.079705834000031 ], [ 121.584770009000081, 25.079564258000062 ], [ 121.58457256500003, 25.079525642000075 ], [ 121.584457708000059, 25.079503179000017 ], [ 121.584233632000078, 25.079539669000035 ], [ 121.584117053000114, 25.079629143000023 ], [ 121.584039431000051, 25.079709563000051 ], [ 121.583942224000111, 25.079772257000052 ], [ 121.58378635400004, 25.079799576000028 ], [ 121.583630272000036, 25.079782387000016 ], [ 121.583522763000033, 25.079735964000058 ], [ 121.582956130000056, 25.079491288000032 ], [ 121.582764011000123, 25.079780740000036 ], [ 121.58275828100011, 25.079788138000026 ], [ 121.58235927900013, 25.080303394000044 ], [ 121.582346037000093, 25.080320493000034 ], [ 121.581507322000121, 25.081419510000039 ], [ 121.581161282000039, 25.081872939000043 ], [ 121.580578219, 25.081901837000025 ], [ 121.580410746000112, 25.082195720000072 ], [ 121.580378696000025, 25.082280588000049 ], [ 121.580338381000047, 25.082387342000061 ], [ 121.580242985000041, 25.082563408000048 ], [ 121.580181883, 25.082732298000046 ], [ 121.580109641000021, 25.082859550000013 ], [ 121.580104496000104, 25.082871221000051 ], [ 121.580037559000061, 25.083023076000071 ], [ 121.580027047000044, 25.083056440000057 ], [ 121.579975568000023, 25.083219820000064 ], [ 121.579971593000096, 25.083255782000034 ], [ 121.579956514000045, 25.083392212000032 ], [ 121.57995063400007, 25.083549429000069 ], [ 121.579967939000085, 25.08370656500005 ], [ 121.580005158000077, 25.083875710000022 ], [ 121.580012077000106, 25.083892850000041 ], [ 121.580068532000041, 25.084032704000034 ], [ 121.580085573000034, 25.084074913000045 ], [ 121.580212392000021, 25.084283008000046 ], [ 121.580325660000085, 25.084427670000021 ], [ 121.580425814000023, 25.08459959400005 ], [ 121.580452762000064, 25.084664348000043 ], [ 121.580455120000025, 25.084670013000043 ], [ 121.580536351000092, 25.084865197000049 ], [ 121.580586873000016, 25.085046378000065 ], [ 121.580624093000097, 25.085215524000031 ], [ 121.580654744000071, 25.085393760000041 ], [ 121.580662379000046, 25.085608370000038 ], [ 121.580647050000039, 25.085868407000074 ], [ 121.580608416000018, 25.086101335000016 ], [ 121.580543269000017, 25.086331352000052 ], [ 121.58045560000005, 25.087401849000056 ], [ 121.580358247000049, 25.088523787000032 ], [ 121.580329551000105, 25.088816540000035 ], [ 121.580658624000066, 25.089078597000015 ], [ 121.580767343000048, 25.089098691000054 ], [ 121.580991786000041, 25.088239489000038 ] ] ] } },
{ "type": "Feature", "properties": { "COUNTY": "臺北市", "TOWN": "內湖區", "VILLAGE": "港富里", "geo_iid": "臺北市內湖區港富里", "size_counts": 2 }, "geometry": { "type": "Polygon", "coordinates": [ [ [ 121.579676460000101, 25.090195009000066 ], [ 121.579784582000116, 25.09006524100004 ], [ 121.579928662000057, 25.089872157000048 ], [ 121.580065977000118, 25.089643005000021 ], [ 121.580153043000124, 25.089448203000071 ], [ 121.580188558000032, 25.089394366000075 ], [ 121.580252213000122, 25.089177635000045 ], [ 121.580308763000076, 25.088980614000025 ], [ 121.580329551000105, 25.088816540000035 ], [ 121.580358247000049, 25.088523787000032 ], [ 121.58045560000005, 25.087401849000056 ], [ 121.580543269000017, 25.086331352000052 ], [ 121.580608416000018, 25.086101335000016 ], [ 121.580647050000039, 25.085868407000074 ], [ 121.580662379000046, 25.085608370000038 ], [ 121.580654744000071, 25.085393760000041 ], [ 121.580624093000097, 25.085215524000031 ], [ 121.580586873000016, 25.085046378000065 ], [ 121.580536351000092, 25.084865197000049 ], [ 121.580455120000025, 25.084670013000043 ], [ 121.580452762000064, 25.084664348000043 ], [ 121.580425814000023, 25.08459959400005 ], [ 121.580325660000085, 25.084427670000021 ], [ 121.580212392000021, 25.084283008000046 ], [ 121.580085573000034, 25.084074913000045 ], [ 121.580068532000041, 25.084032704000034 ], [ 121.580012077000106, 25.083892850000041 ], [ 121.580005158000077, 25.083875710000022 ], [ 121.579967939000085, 25.08370656500005 ], [ 121.57995063400007, 25.083549429000069 ], [ 121.579956514000045, 25.083392212000032 ], [ 121.579971593000096, 25.083255782000034 ], [ 121.579975568000023, 25.083219820000064 ], [ 121.580027047000044, 25.083056440000057 ], [ 121.580037559000061, 25.083023076000071 ], [ 121.580104496000104, 25.082871221000051 ], [ 121.580109641000021, 25.082859550000013 ], [ 121.580181883, 25.082732298000046 ], [ 121.580242985000041, 25.082563408000048 ], [ 121.580338381000047, 25.082387342000061 ], [ 121.580378696000025, 25.082280588000049 ], [ 121.580410746000112, 25.082195720000072 ], [ 121.580578219, 25.081901837000025 ], [ 121.581161282000039, 25.081872939000043 ], [ 121.581507322000121, 25.081419510000039 ], [ 121.582346037000093, 25.080320493000034 ], [ 121.58235927900013, 25.080303394000044 ], [ 121.58275828100011, 25.079788138000026 ], [ 121.582764011000123, 25.079780740000036 ], [ 121.582956130000056, 25.079491288000032 ], [ 121.582968198000117, 25.079475614000042 ], [ 121.583143187000033, 25.079248343000064 ], [ 121.583441770000036, 25.078749984000062 ], [ 121.583613233000065, 25.078463797000037 ], [ 121.582748957000049, 25.078465452000039 ], [ 121.581587352000042, 25.078467667000037 ], [ 121.581242944000095, 25.078468323000031 ], [ 121.581165114000115, 25.078468471000058 ], [ 121.580890280000062, 25.07846899400004 ], [ 121.579562651000074, 25.078471509000046 ], [ 121.579543949000026, 25.078474426000067 ], [ 121.579271887000118, 25.078509163000028 ], [ 121.579238645000032, 25.078514809000058 ], [ 121.579042320000113, 25.078556988000045 ], [ 121.579029589000029, 25.078560241000034 ], [ 121.578878576000093, 25.078598838000055 ], [ 121.578833946000017, 25.07861024500005 ], [ 121.578722747000043, 25.078647783000058 ], [ 121.578610567000041, 25.07868565200004 ], [ 121.578275598000118, 25.078822216000042 ], [ 121.57822309800008, 25.078843652000042 ], [ 121.576842163000038, 25.079407486000033 ], [ 121.577334433000047, 25.08005418000004 ], [ 121.577588370000058, 25.080387773000034 ], [ 121.577810353000032, 25.080679391000036 ], [ 121.577826154000036, 25.080702994000024 ], [ 121.577829062000092, 25.080707338000014 ], [ 121.577944077000097, 25.080879164000056 ], [ 121.57810141800006, 25.081189517000031 ], [ 121.578165763000015, 25.081368479000044 ], [ 121.578206995000073, 25.081542252000077 ], [ 121.578219485000091, 25.081742488000032 ], [ 121.578220475000066, 25.081953313000035 ], [ 121.578215587000059, 25.082143082000066 ], [ 121.578215178000065, 25.082159223000069 ], [ 121.578206303000115, 25.082509895000044 ], [ 121.578193994000131, 25.082996264000023 ], [ 121.578188601000079, 25.083209344000068 ], [ 121.578176345000088, 25.083693560000025 ], [ 121.578169570000114, 25.083961263000045 ], [ 121.578704296000055, 25.084281190000059 ], [ 121.579009726000095, 25.08445658800002 ], [ 121.578098983000018, 25.086726245000015 ], [ 121.578195582000035, 25.086958384000063 ], [ 121.578199907000126, 25.087031023000055 ], [ 121.578159133000099, 25.08784843800003 ], [ 121.578145348000021, 25.08812475400002 ], [ 121.578141961000043, 25.088251917000029 ], [ 121.578154170000062, 25.088310001000018 ], [ 121.578166782000054, 25.088451635000059 ], [ 121.578171816000022, 25.088676862000042 ], [ 121.578145216000053, 25.089792295000041 ], [ 121.578274635000071, 25.089896667000055 ], [ 121.578373808000038, 25.089965462000055 ], [ 121.578506006000126, 25.090049176000029 ], [ 121.578664507000084, 25.090120744000039 ], [ 121.578912157000104, 25.090231083000045 ], [ 121.579133231000029, 25.090293387000024 ], [ 121.579360788000045, 25.090334613000035 ], [ 121.579535502000113, 25.090351977000065 ], [ 121.579676460000101, 25.090195009000066 ] ] ] } },
{ "type": "Feature", "properties": { "COUNTY": "臺北市", "TOWN": "士林區", "VILLAGE": "義信里", "geo_iid": "臺北市士林區義信里", "size_counts": 1 }, "geometry": { "type": "Polygon", "coordinates": [ [ [ 121.524051942000028, 25.091062893000064 ], [ 121.524159305000012, 25.090966865000034 ], [ 121.524180264000051, 25.090948119000068 ], [ 121.524160565000102, 25.090920012000023 ], [ 121.523691196000073, 25.090513786000027 ], [ 121.524296250000035, 25.09033684100006 ], [ 121.524319371000047, 25.09033033900004 ], [ 121.524838610000074, 25.090184296000071 ], [ 121.525501389000055, 25.08999787700002 ], [ 121.525229091000028, 25.08921248800004 ], [ 121.52506902100005, 25.088750795000063 ], [ 121.525066411000012, 25.088743265000058 ], [ 121.525048091000031, 25.088666684000025 ], [ 121.52503870200006, 25.088573638000067 ], [ 121.525044186000059, 25.088453167000061 ], [ 121.525195900000085, 25.08775697600003 ], [ 121.525202998000054, 25.08772441100006 ], [ 121.525210578000056, 25.087677836000058 ], [ 121.525392937000106, 25.086557533000072 ], [ 121.525433964000044, 25.086391824000028 ], [ 121.525542709000092, 25.086106433000044 ], [ 121.52566848000005, 25.085776352000035 ], [ 121.52545283500001, 25.085133783000053 ], [ 121.525441419000131, 25.084973730000051 ], [ 121.525433707000062, 25.084865586000024 ], [ 121.525347578000037, 25.084182391000063 ], [ 121.524205929000104, 25.084137462000047 ], [ 121.523718061000082, 25.084118259000025 ], [ 121.523595038000067, 25.08411341500004 ], [ 121.523530416000071, 25.08422712500003 ], [ 121.523520098000063, 25.084245281000047 ], [ 121.523458420000111, 25.084779964000059 ], [ 121.523442628000112, 25.084891372000069 ], [ 121.523417996000035, 25.085065146000023 ], [ 121.523352795000051, 25.08539601700004 ], [ 121.523308040000074, 25.085639406000034 ], [ 121.523271078000107, 25.085757351000034 ], [ 121.523221722000017, 25.085898144000048 ], [ 121.523102272000074, 25.086198798000051 ], [ 121.522908243000074, 25.086583333000064 ], [ 121.522714244000113, 25.086975470000024 ], [ 121.522557077000087, 25.087219254000043 ], [ 121.522344554000043, 25.087550621000041 ], [ 121.521978094000033, 25.088122003000024 ], [ 121.521968827000038, 25.088139560000055 ], [ 121.521602279000035, 25.088834013000039 ], [ 121.522702256000116, 25.089821210000022 ], [ 121.522803776000046, 25.089912321000043 ], [ 121.523362497000093, 25.090487176000057 ], [ 121.523944911000058, 25.091135134000069 ], [ 121.524051942000028, 25.091062893000064 ] ] ] } },
{ "type": "Feature", "properties": { "COUNTY": "臺北市", "TOWN": "士林區", "VILLAGE": "仁勇里", "geo_iid": "臺北市士林區仁勇里", "size_counts": 1 }, "geometry": { "type": "Polygon", "coordinates": [ [ [ 121.525981928000093, 25.092324908000013 ], [ 121.526503396000066, 25.091561263000067 ], [ 121.526589184000045, 25.091441321000033 ], [ 121.526633573000026, 25.091356543000071 ], [ 121.526677880000079, 25.091245759000046 ], [ 121.526687336, 25.091222126000041 ], [ 121.526846707000132, 25.090753184000047 ], [ 121.527021926000103, 25.090237603000041 ], [ 121.527040761000066, 25.090198508000068 ], [ 121.527119359000054, 25.090035349000051 ], [ 121.527262175000033, 25.089738880000024 ], [ 121.527310989000071, 25.089528113000028 ], [ 121.527312309000081, 25.089277411000065 ], [ 121.527293022000109, 25.089046584000069 ], [ 121.527247353000021, 25.08875872000004 ], [ 121.527199566000021, 25.088587501000063 ], [ 121.527139639000112, 25.088386585000016 ], [ 121.527134905000025, 25.088391291000043 ], [ 121.527049781000073, 25.08819016600005 ], [ 121.52698063600009, 25.08805659700004 ], [ 121.526886867000016, 25.087891892000066 ], [ 121.526803432000065, 25.087763870000057 ], [ 121.526788260000117, 25.087740587000035 ], [ 121.526655269000116, 25.087567101000037 ], [ 121.526507528000025, 25.087380284000059 ], [ 121.526345018000029, 25.087175679000037 ], [ 121.526128402000026, 25.086917739000047 ], [ 121.525941250000074, 25.08667753800006 ], [ 121.525798467000072, 25.086504085000051 ], [ 121.52566048600012, 25.086308312000021 ], [ 121.525542709000092, 25.086106433000044 ], [ 121.525433964000044, 25.086391824000028 ], [ 121.525392937000106, 25.086557533000072 ], [ 121.525210578000056, 25.087677836000058 ], [ 121.525202998000054, 25.08772441100006 ], [ 121.525195900000085, 25.08775697600003 ], [ 121.525044186000059, 25.088453167000061 ], [ 121.52503870200006, 25.088573638000067 ], [ 121.525048091000031, 25.088666684000025 ], [ 121.525066411000012, 25.088743265000058 ], [ 121.52506902100005, 25.088750795000063 ], [ 121.525229091000028, 25.08921248800004 ], [ 121.525501389000055, 25.08999787700002 ], [ 121.524838610000074, 25.090184296000071 ], [ 121.524319371000047, 25.09033033900004 ], [ 121.524296250000035, 25.09033684100006 ], [ 121.523691196000073, 25.090513786000027 ], [ 121.524160565000102, 25.090920012000023 ], [ 121.524180264000051, 25.090948119000068 ], [ 121.524159305000012, 25.090966865000034 ], [ 121.524051942000028, 25.091062893000064 ], [ 121.523944911000058, 25.091135134000069 ], [ 121.524288139000063, 25.091525337000053 ], [ 121.524426379000033, 25.091711583000059 ], [ 121.524439494000035, 25.09179032500003 ], [ 121.52443623300006, 25.091831135000056 ], [ 121.524433432000038, 25.091866208000049 ], [ 121.524420992000032, 25.091947955000016 ], [ 121.524500906000071, 25.091947673000046 ], [ 121.524593626000069, 25.091953177000043 ], [ 121.524660805000039, 25.091967529000041 ], [ 121.524772820000067, 25.091999236000046 ], [ 121.524891219000096, 25.092030912000034 ], [ 121.524938348000092, 25.092040860000047 ], [ 121.524945606000074, 25.092042393000035 ], [ 121.525351907000058, 25.092157153000063 ], [ 121.525756207000072, 25.09227134900004 ], [ 121.525766710000084, 25.092274315000051 ], [ 121.5259760900001, 25.092333453000027 ], [ 121.525981928000093, 25.092324908000013 ] ] ] } },
{ "type": "Feature", "properties": { "COUNTY": "臺北市", "TOWN": "中山區", "VILLAGE": "北安里", "geo_iid": "臺北市中山區北安里", "size_counts": 1 }, "geometry": { "type": "Polygon", "coordinates": [ [ [ 121.552173757000119, 25.092392730000025 ], [ 121.552198847000113, 25.092112471000057 ], [ 121.552217014, 25.091921958000054 ], [ 121.552273041000049, 25.091688024000053 ], [ 121.552385096000094, 25.091509230000035 ], [ 121.552452505000019, 25.091401675000032 ], [ 121.55270764700002, 25.091019832000026 ], [ 121.552868204000106, 25.090759538000036 ], [ 121.552950219000081, 25.09062389700005 ], [ 121.553104277000116, 25.090369109000047 ], [ 121.553264791000061, 25.090100153000037 ], [ 121.553436299000055, 25.089881121000069 ], [ 121.553482344000045, 25.089822318000071 ], [ 121.553747699000041, 25.089596252000028 ], [ 121.554102361000119, 25.08932741000006 ], [ 121.554183821000038, 25.089265661000056 ], [ 121.554612063000036, 25.08885970700004 ], [ 121.554943886000046, 25.08860741300003 ], [ 121.555304603000096, 25.088432915000048 ], [ 121.555741580000017, 25.088292764000062 ], [ 121.5563090160001, 25.088132169000058 ], [ 121.556330650000078, 25.088126045000024 ], [ 121.556546717000046, 25.08808587500004 ], [ 121.556663337000032, 25.088064194000022 ], [ 121.55702464, 25.088019549000013 ], [ 121.557157706000112, 25.087993066000017 ], [ 121.557224061000042, 25.087940880000069 ], [ 121.557271272000094, 25.087862790000028 ], [ 121.557273289000037, 25.087853419000052 ], [ 121.557289904000058, 25.087776152000057 ], [ 121.55721308900003, 25.087620623000074 ], [ 121.557069802000129, 25.087491313000033 ], [ 121.557033028000092, 25.087414119000066 ], [ 121.556954540000106, 25.087249364000055 ], [ 121.556848439000078, 25.086929470000019 ], [ 121.556847494000067, 25.086721712000038 ], [ 121.556931967000097, 25.086470354000024 ], [ 121.557205363000108, 25.085923938000054 ], [ 121.55737818800003, 25.085666253000049 ], [ 121.557482358000016, 25.08556196600005 ], [ 121.557737866000039, 25.085266675000064 ], [ 121.557718408000028, 25.085171522000049 ], [ 121.557696463000084, 25.08511633400007 ], [ 121.557670289000058, 25.085050511000073 ], [ 121.557669815000054, 25.084946635000044 ], [ 121.557716078000126, 25.084660781000014 ], [ 121.557757300000048, 25.084514508000041 ], [ 121.557762388000015, 25.084496454000025 ], [ 121.557728679000093, 25.084486599000048 ], [ 121.557621033000046, 25.084463124000017 ], [ 121.55754094200006, 25.084449849000062 ], [ 121.557493263000069, 25.084441947000073 ], [ 121.557396846000074, 25.08443319100007 ], [ 121.557224083000051, 25.084428143000014 ], [ 121.557091421000123, 25.084432063000051 ], [ 121.556967557000021, 25.084446206000042 ], [ 121.556861247000015, 25.084463704000033 ], [ 121.556730428000037, 25.084493690000038 ], [ 121.556722217000015, 25.084495571000033 ], [ 121.556451647000017, 25.084575401000048 ], [ 121.556324594000102, 25.084611836000072 ], [ 121.556202109000097, 25.084646958000054 ], [ 121.556124702000034, 25.084669155000022 ], [ 121.555218897000017, 25.084939469000052 ], [ 121.555118593000103, 25.084969403000052 ], [ 121.554398320000018, 25.085179616000055 ], [ 121.554124427000048, 25.085259552000018 ], [ 121.553883621000082, 25.085332319000024 ], [ 121.553788987000075, 25.08536091500002 ], [ 121.553284577000099, 25.085509779000049 ], [ 121.553074533000085, 25.08557176600004 ], [ 121.552977806000044, 25.085600312000054 ], [ 121.552610805000086, 25.085717337000055 ], [ 121.552537895000128, 25.085740586000032 ], [ 121.552487035, 25.085755184000043 ], [ 121.552355961000117, 25.085793256000034 ], [ 121.552318833000072, 25.085803920000028 ], [ 121.552282199000047, 25.085814077000059 ], [ 121.55222175400003, 25.085828919000047 ], [ 121.552161261000052, 25.085841720000072 ], [ 121.552112077000061, 25.085849821000064 ], [ 121.552070322000077, 25.085856675000048 ], [ 121.552020324000068, 25.085862576000061 ], [ 121.551977323000088, 25.085865507000037 ], [ 121.551936206000036, 25.085866509000024 ], [ 121.551888321000078, 25.08586564900002 ], [ 121.551839096000094, 25.085864595000032 ], [ 121.551770187000102, 25.085862143000039 ], [ 121.551730144000089, 25.085859349000032 ], [ 121.551698456000068, 25.085856254000063 ], [ 121.551663310000094, 25.085851122000051 ], [ 121.551631903000043, 25.085846372000034 ], [ 121.551602283000079, 25.08584028000006 ], [ 121.551559989000125, 25.085830660000049 ], [ 121.551476524, 25.085806840000025 ], [ 121.551361550000024, 25.085781121000014 ], [ 121.551249474000102, 25.085746374000049 ], [ 121.551141151000024, 25.085702864000041 ], [ 121.55106317700006, 25.085664841000025 ], [ 121.550888023000084, 25.085564613000027 ], [ 121.550696620000053, 25.085464300000062 ], [ 121.550393908000046, 25.08530340000004 ], [ 121.55032338, 25.085266981000075 ], [ 121.550250657000106, 25.085227538000019 ], [ 121.550190756000021, 25.085193535000027 ], [ 121.550159919000066, 25.085176496000024 ], [ 121.550141858000089, 25.085164096000018 ], [ 121.549820184000041, 25.085249442000073 ], [ 121.549755793000031, 25.085281710000057 ], [ 121.54964350300007, 25.085361136000067 ], [ 121.549459757000022, 25.085500092000064 ], [ 121.549481523000068, 25.085662707000029 ], [ 121.54948861000004, 25.085809009000059 ], [ 121.54950003700003, 25.085847011000045 ], [ 121.549534115000043, 25.085915659000019 ], [ 121.549582780000037, 25.08600912800005 ], [ 121.549618363000022, 25.08605435600003 ], [ 121.54966053200009, 25.086089835000049 ], [ 121.5494275100001, 25.086410686000065 ], [ 121.549385813000058, 25.086501386000055 ], [ 121.549359409000104, 25.086588548000062 ], [ 121.549339279000037, 25.086701533000049 ], [ 121.549184959000058, 25.088203263000018 ], [ 121.549117997000039, 25.089164491000066 ], [ 121.54909910800005, 25.089435624000021 ], [ 121.548992383000041, 25.090967612000039 ], [ 121.548973350000097, 25.091240820000049 ], [ 121.54906638600005, 25.091284933000036 ], [ 121.54923820800002, 25.091414145000037 ], [ 121.54930007300004, 25.09148113700007 ], [ 121.54938160800009, 25.091569429000049 ], [ 121.549592148000102, 25.091845645000031 ], [ 121.549874559000045, 25.091880142000033 ], [ 121.550321651000104, 25.091869816000038 ], [ 121.55078753600003, 25.091807482000029 ], [ 121.551110723000079, 25.091745686000017 ], [ 121.55137721500013, 25.091770650000058 ], [ 121.551653653000031, 25.091890805000045 ], [ 121.551911531000087, 25.092114914000028 ], [ 121.552112445000034, 25.092365196000053 ], [ 121.55217261100006, 25.092405536000047 ], [ 121.552173757000119, 25.092392730000025 ] ] ] } },
{ "type": "Feature", "properties": { "COUNTY": "臺北市", "TOWN": "中山區", "VILLAGE": "大直里", "geo_iid": "臺北市中山區大直里", "size_counts": 1 }, "geometry": { "type": "Polygon", "coordinates": [ [ [ 121.541474527000105, 25.09286824600002 ], [ 121.541562818000102, 25.09283697700004 ], [ 121.541640073000053, 25.092796510000021 ], [ 121.54170445200009, 25.092741328000034 ], [ 121.541759634000073, 25.092676949000058 ], [ 121.541836889000024, 25.092561066000023 ], [ 121.54193069900009, 25.092402878000023 ], [ 121.542057618000058, 25.092121451000022 ], [ 121.542114639000033, 25.09199085300002 ], [ 121.542184819000113, 25.091911844000027 ], [ 121.542323717000045, 25.091837919000056 ], [ 121.542504127000029, 25.091759348000036 ], [ 121.542751284000033, 25.091715164000032 ], [ 121.542998670000102, 25.091722915000044 ], [ 121.543445917000099, 25.091747243000043 ], [ 121.543864585000037, 25.091763016000066 ], [ 121.544064176, 25.091718995000058 ], [ 121.544215892000011, 25.091605896000033 ], [ 121.544414787000065, 25.091406061000036 ], [ 121.544565962000092, 25.091171783000043 ], [ 121.544688596, 25.090937608000043 ], [ 121.54476381500001, 25.090738229000056 ], [ 121.544782187, 25.090590994000021 ], [ 121.544895613000094, 25.090426098000016 ], [ 121.544961649000015, 25.090382032000022 ], [ 121.544973224000046, 25.090374308000026 ], [ 121.544999953000129, 25.090356470000064 ], [ 121.545114153000114, 25.090367588000046 ], [ 121.545171270000097, 25.090373149000065 ], [ 121.545380796000018, 25.090424307000028 ], [ 121.545694697000059, 25.09041448500005 ], [ 121.545980485000086, 25.090499993000027 ], [ 121.546241137000038, 25.090617375000068 ], [ 121.546266464000041, 25.090628779000038 ], [ 121.546485387000089, 25.090653945000039 ], [ 121.546804795000085, 25.090652763000026 ], [ 121.546818355000042, 25.090652712000068 ], [ 121.546826007000064, 25.09065268300003 ], [ 121.547294024000038, 25.090650950000043 ], [ 121.547636543000053, 25.090658330000046 ], [ 121.547912934000024, 25.090769835000057 ], [ 121.548139984000045, 25.090911623000057 ], [ 121.548146308000028, 25.090915571000028 ], [ 121.548160982000027, 25.090924735000041 ], [ 121.548323136000022, 25.091019352000036 ], [ 121.548494687000016, 25.091087962000067 ], [ 121.548666043000026, 25.091113294000014 ], [ 121.548885241000107, 25.091199043000064 ], [ 121.548970336000025, 25.091239391000041 ], [ 121.548973350000097, 25.091240820000049 ], [ 121.548992383000041, 25.090967612000039 ], [ 121.54909910800005, 25.089435624000021 ], [ 121.549117997000039, 25.089164491000066 ], [ 121.549184959000058, 25.088203263000018 ], [ 121.549339279000037, 25.086701533000049 ], [ 121.549359409000104, 25.086588548000062 ], [ 121.549385813000058, 25.086501386000055 ], [ 121.5494275100001, 25.086410686000065 ], [ 121.54966053200009, 25.086089835000049 ], [ 121.549618363000022, 25.08605435600003 ], [ 121.549582780000037, 25.08600912800005 ], [ 121.549534115000043, 25.085915659000019 ], [ 121.54950003700003, 25.085847011000045 ], [ 121.54948861000004, 25.085809009000059 ], [ 121.549481523000068, 25.085662707000029 ], [ 121.549459757000022, 25.085500092000064 ], [ 121.54964350300007, 25.085361136000067 ], [ 121.549755793000031, 25.085281710000057 ], [ 121.549820184000041, 25.085249442000073 ], [ 121.550141858000089, 25.085164096000018 ], [ 121.550108986000055, 25.085141529000047 ], [ 121.550073387000097, 25.085117105000045 ], [ 121.549991754000061, 25.085058194000048 ], [ 121.549902327000041, 25.084983341000047 ], [ 121.549812986, 25.084902845000038 ], [ 121.549723315000051, 25.084804212000048 ], [ 121.549653277000047, 25.084711132000042 ], [ 121.549616288000038, 25.084662719000043 ], [ 121.549542196000075, 25.084551184000073 ], [ 121.549479061000056, 25.084434193000043 ], [ 121.549427360000109, 25.084312637000036 ], [ 121.54941378500007, 25.084274363000063 ], [ 121.549327974000121, 25.084090384000035 ], [ 121.549000373000027, 25.082852439000064 ], [ 121.548996440000124, 25.08283758400006 ], [ 121.548798899000062, 25.082036270000053 ], [ 121.548794894000011, 25.082020028000034 ], [ 121.548570075000043, 25.081202556000051 ], [ 121.548565687000064, 25.081188100000066 ], [ 121.548534630000077, 25.081085784000031 ], [ 121.548446208000087, 25.080892896000016 ], [ 121.548409050000046, 25.080818732000061 ], [ 121.548364095000011, 25.080732204000068 ], [ 121.548315358000082, 25.080666922000031 ], [ 121.548251047, 25.080585781000021 ], [ 121.54820060100009, 25.080528944000033 ], [ 121.548163403000103, 25.080487032000061 ], [ 121.548011567000117, 25.080331907000065 ], [ 121.547877277000097, 25.080203249000078 ], [ 121.547643649000065, 25.08003098600004 ], [ 121.547416506000104, 25.079863504000048 ], [ 121.547185539000111, 25.079851870000024 ], [ 121.545968492000043, 25.079790557000017 ], [ 121.545033467000053, 25.079743445000069 ], [ 121.544807451000111, 25.079732057000047 ], [ 121.544576051000035, 25.079720396000024 ], [ 121.544612152000028, 25.081136386000015 ], [ 121.544613284000093, 25.081155789000022 ], [ 121.544633941000029, 25.081510136000077 ], [ 121.544650443000037, 25.082202582000029 ], [ 121.544639808000071, 25.082833837000063 ], [ 121.544639335000056, 25.082841786000067 ], [ 121.544580859, 25.083826967000039 ], [ 121.544562198000108, 25.08414137000004 ], [ 121.544541613000092, 25.08415012600004 ], [ 121.544105499000011, 25.084335657000054 ], [ 121.544132783000023, 25.085326798000033 ], [ 121.544141363000094, 25.085638409000058 ], [ 121.544219225, 25.088466656000033 ], [ 121.544022258000055, 25.088903176000027 ], [ 121.543861740000011, 25.089038587000058 ], [ 121.543614504000075, 25.089296882000035 ], [ 121.543380608, 25.089536744000039 ], [ 121.543287575000036, 25.089751580000033 ], [ 121.54304109400006, 25.090181463000071 ], [ 121.542210901000075, 25.090687032000055 ], [ 121.542083945000059, 25.090822320000033 ], [ 121.542080266000099, 25.09082204100002 ], [ 121.541673245000084, 25.090791178000075 ], [ 121.541594930000088, 25.090785241000045 ], [ 121.54104479800003, 25.091057201000062 ], [ 121.540377083000067, 25.091209046000067 ], [ 121.539973145000076, 25.091993287000033 ], [ 121.539924781000096, 25.092087183000039 ], [ 121.539959612000075, 25.092091087000028 ], [ 121.540301096000022, 25.092129365000055 ], [ 121.540624744000084, 25.09217146800006 ], [ 121.540758007000036, 25.092188297000064 ], [ 121.540806824000015, 25.092211581000061 ], [ 121.540832576000057, 25.09224469000003 ], [ 121.540862006000125, 25.092301711000061 ], [ 121.540880401000095, 25.09237896500002 ], [ 121.540906152000048, 25.092515081000041 ], [ 121.540957655000057, 25.092667752000057 ], [ 121.541016516, 25.092750525000039 ], [ 121.541112165000072, 25.092811225000041 ], [ 121.541240923000032, 25.092855370000049 ], [ 121.541360484000052, 25.092873764000039 ], [ 121.541474527000105, 25.09286824600002 ] ] ] } },
{ "type": "Feature", "properties": { "COUNTY": "臺北市", "TOWN": "士林區", "VILLAGE": "福德里", "geo_iid": "臺北市士林區福德里", "size_counts": 1 }, "geometry": { "type": "Polygon", "coordinates": [ [ [ 121.525957277000089, 25.09407637300006 ], [ 121.52596595600005, 25.094052228000059 ], [ 121.526398993000043, 25.092847201000037 ], [ 121.526483446000029, 25.092612183000018 ], [ 121.526487838000108, 25.092599966000016 ], [ 121.526488779000033, 25.092597341000044 ], [ 121.526948072000096, 25.091319225000063 ], [ 121.526679354000052, 25.091246160000026 ], [ 121.526677880000079, 25.091245759000046 ], [ 121.526633573000026, 25.091356543000071 ], [ 121.526589184000045, 25.091441321000033 ], [ 121.526503396000066, 25.091561263000067 ], [ 121.525981928000093, 25.092324908000013 ], [ 121.5259760900001, 25.092333453000027 ], [ 121.525766710000084, 25.092274315000051 ], [ 121.525756207000072, 25.09227134900004 ], [ 121.525351907000058, 25.092157153000063 ], [ 121.524945606000074, 25.092042393000035 ], [ 121.524938348000092, 25.092040860000047 ], [ 121.524891219000096, 25.092030912000034 ], [ 121.524772820000067, 25.091999236000046 ], [ 121.524660805000039, 25.091967529000041 ], [ 121.524593626000069, 25.091953177000043 ], [ 121.524500906000071, 25.091947673000046 ], [ 121.524420992000032, 25.091947955000016 ], [ 121.524433432000038, 25.091866208000049 ], [ 121.52443623300006, 25.091831135000056 ], [ 121.524439494000035, 25.09179032500003 ], [ 121.524426379000033, 25.091711583000059 ], [ 121.524288139000063, 25.091525337000053 ], [ 121.523944911000058, 25.091135134000069 ], [ 121.523362497000093, 25.090487176000057 ], [ 121.522803776000046, 25.089912321000043 ], [ 121.522702256000116, 25.089821210000022 ], [ 121.521602279000035, 25.088834013000039 ], [ 121.521018152000011, 25.089548471000054 ], [ 121.520814327000039, 25.08979342200006 ], [ 121.520428344000052, 25.090257282000039 ], [ 121.520363774000103, 25.09033488100004 ], [ 121.519873776000054, 25.090937029000024 ], [ 121.519784514000094, 25.09104282600002 ], [ 121.51949097400005, 25.091390735000058 ], [ 121.519378906000043, 25.091523557000063 ], [ 121.519323924000105, 25.091588725000051 ], [ 121.519030566000097, 25.091951300000058 ], [ 121.518914605000077, 25.092094620000065 ], [ 121.518639712000095, 25.092427315000059 ], [ 121.518981372000113, 25.092654275000022 ], [ 121.520048213000109, 25.093362958000053 ], [ 121.520536961000076, 25.093687616000061 ], [ 121.521032147000028, 25.094016550000042 ], [ 121.521089311000082, 25.094054522000075 ], [ 121.521193140000037, 25.094119601000045 ], [ 121.521299575000057, 25.094174974000044 ], [ 121.521453888000124, 25.094249572000013 ], [ 121.521610798000097, 25.094309618000072 ], [ 121.52179687100012, 25.094359863000015 ], [ 121.521868621000081, 25.094374146000057 ], [ 121.521969144000096, 25.094397019000031 ], [ 121.522353427000084, 25.094484460000039 ], [ 121.522679791000087, 25.094558719000066 ], [ 121.523662811000023, 25.094782388000048 ], [ 121.524011850000093, 25.094861805000047 ], [ 121.524623163000129, 25.095000892000026 ], [ 121.524637955000131, 25.095004258000067 ], [ 121.52491016700003, 25.095066146000072 ], [ 121.524964150000088, 25.095078420000046 ], [ 121.52516937900009, 25.095125079000063 ], [ 121.525549363000096, 25.095211467000066 ], [ 121.525957277000089, 25.09407637300006 ] ] ] } },
{ "type": "Feature", "properties": { "COUNTY": "臺北市", "TOWN": "內湖區", "VILLAGE": "西安里", "geo_iid": "臺北市內湖區西安里", "size_counts": 1 }, "geometry": { "type": "Polygon", "coordinates": [ [ [ 121.567294469000103, 25.098925851000033 ], [ 121.567553313000076, 25.098697509000026 ], [ 121.567768704000059, 25.098439668000019 ], [ 121.567983227000013, 25.097994012000065 ], [ 121.567982907000101, 25.097924815000042 ], [ 121.5684025380001, 25.097339983000033 ], [ 121.568714559000114, 25.096903838000053 ], [ 121.568896918000064, 25.096527503000051 ], [ 121.569047234000095, 25.096250139000055 ], [ 121.569111708000037, 25.096141159000066 ], [ 121.569370040000081, 25.095804075000039 ], [ 121.569617626000081, 25.09548679300007 ], [ 121.569843431000109, 25.095139938000038 ], [ 121.570079960000058, 25.09477328000002 ], [ 121.570316726000101, 25.094456047000044 ], [ 121.570661863000069, 25.094158161000049 ], [ 121.571017962000056, 25.093889887000042 ], [ 121.571439219, 25.093660912000068 ], [ 121.571785142000067, 25.093531065000029 ], [ 121.571599590000133, 25.093215459000078 ], [ 121.571456987000033, 25.092820604000046 ], [ 121.571335942000033, 25.092405894000013 ], [ 121.571268994000107, 25.09198109000004 ], [ 121.571244312000104, 25.091328762000035 ], [ 121.571166958000035, 25.090857327000034 ], [ 121.57106601100007, 25.090242088000021 ], [ 121.571044163000025, 25.090104871000044 ], [ 121.571012160000024, 25.089903876000047 ], [ 121.570943320000097, 25.089471511000053 ], [ 121.570843851000078, 25.089036956000026 ], [ 121.570792077000078, 25.088671459000061 ], [ 121.570743088000071, 25.088325608000044 ], [ 121.570675134000126, 25.087683333000015 ], [ 121.570649127000024, 25.086744346000032 ], [ 121.570651108000106, 25.086472642000032 ], [ 121.570538513000102, 25.086466641000062 ], [ 121.569140750000088, 25.08639213400004 ], [ 121.56907389800007, 25.086391526000057 ], [ 121.568048821000048, 25.086382218000033 ], [ 121.567916949000065, 25.086381020000029 ], [ 121.567533056000116, 25.086377530000043 ], [ 121.566914043000111, 25.086371903000035 ], [ 121.566821171000029, 25.086370878000015 ], [ 121.566613517000064, 25.086368773000054 ], [ 121.566467675000013, 25.086367294000066 ], [ 121.565678934000061, 25.086359297000051 ], [ 121.565529632000107, 25.086384052000021 ], [ 121.565201418000029, 25.086399722000063 ], [ 121.564046403000035, 25.086470395000045 ], [ 121.563857128000109, 25.086497061000042 ], [ 121.563235683000016, 25.086588755000029 ], [ 121.562827778000042, 25.086659835000027 ], [ 121.562813511000044, 25.08666232000007 ], [ 121.562645878, 25.086694744000049 ], [ 121.562548075000123, 25.08670663600002 ], [ 121.562481773000059, 25.086704007000034 ], [ 121.562371235000128, 25.086692897000031 ], [ 121.562238549000085, 25.086670352000052 ], [ 121.562086941000075, 25.08665074900005 ], [ 121.562066503000082, 25.086645922000052 ], [ 121.561966858000133, 25.086622387000023 ], [ 121.561878490000041, 25.086596758000031 ], [ 121.561862309000048, 25.086626635000066 ], [ 121.561400876000107, 25.086461907000054 ], [ 121.561245298000017, 25.086390685000016 ], [ 121.561037664000068, 25.086696399000058 ], [ 121.560965286000055, 25.086669356000066 ], [ 121.560797031000121, 25.086969541000023 ], [ 121.56078813200007, 25.086996218000017 ], [ 121.560779843000091, 25.087030297000066 ], [ 121.560779843000091, 25.087061614000046 ], [ 121.560784987000019, 25.087099231000021 ], [ 121.560842718000103, 25.087310754000036 ], [ 121.560872699000029, 25.087386420000019 ], [ 121.560894664000088, 25.087425331000073 ], [ 121.560924095000018, 25.087464943000032 ], [ 121.560971209000073, 25.087509200000053 ], [ 121.561011184000094, 25.087547747000027 ], [ 121.561041166000109, 25.08758343900006 ], [ 121.561071147, 25.087623413000067 ], [ 121.56114395800013, 25.087720495000042 ], [ 121.561175367000047, 25.087754759000056 ], [ 121.561208205000071, 25.087790451000046 ], [ 121.56129524500011, 25.087865954000044 ], [ 121.561318136000082, 25.087900381000047 ], [ 121.561329456000081, 25.087944568000061 ], [ 121.561340082000015, 25.088218731000033 ], [ 121.561329558000011, 25.088261582000023 ], [ 121.561298149000095, 25.088297274000062 ], [ 121.561252464000063, 25.088338677000024 ], [ 121.561175369000026, 25.088391501000039 ], [ 121.561103985000059, 25.088454320000036 ], [ 121.56105544400009, 25.088502860000055 ], [ 121.561018325000063, 25.088561395000045 ], [ 121.56098263300008, 25.08863135000006 ], [ 121.560949796000045, 25.088718439000036 ], [ 121.560935520000058, 25.088775546000075 ], [ 121.560935520000058, 25.088852640000017 ], [ 121.560941568000104, 25.088915288000059 ], [ 121.560949796000045, 25.088942583000058 ], [ 121.560972640000045, 25.088978275000041 ], [ 121.561009759000058, 25.089035382000063 ], [ 121.561026892000072, 25.089056797000065 ], [ 121.56103545800012, 25.08907821200005 ], [ 121.561029865000037, 25.089097835000068 ], [ 121.560958363000054, 25.089220980000047 ], [ 121.560936949000052, 25.089268093000044 ], [ 121.560925527000109, 25.089313778000076 ], [ 121.56092267300005, 25.089356608000053 ], [ 121.560896975000105, 25.08992053900004 ], [ 121.560892692000039, 25.089971935000047 ], [ 121.560884126000019, 25.090017621000069 ], [ 121.560865566000061, 25.090054740000021 ], [ 121.560857, 25.090101853000071 ], [ 121.560859856000093, 25.090156105000055 ], [ 121.560866994000094, 25.090200363000061 ], [ 121.56087984300008, 25.090247476000052 ], [ 121.560898404000127, 25.090277458000052 ], [ 121.560915536000053, 25.090301728000036 ], [ 121.560918390000111, 25.090330282000011 ], [ 121.560909723, 25.090433001000058 ], [ 121.56111459300007, 25.090451627000039 ], [ 121.561343876000038, 25.090474021000027 ], [ 121.56130493, 25.091624635000066 ], [ 121.561040077000044, 25.091620743000071 ], [ 121.560170425000024, 25.091607963000051 ], [ 121.560244644000022, 25.091641493000051 ], [ 121.560560178000074, 25.091800897000034 ], [ 121.560792185000096, 25.091918350000068 ], [ 121.560968413000069, 25.091985303000051 ], [ 121.561265119000026, 25.092077157000059 ], [ 121.561543039000085, 25.092109915000027 ], [ 121.561515801000027, 25.092228348000042 ], [ 121.561451292000015, 25.092296212000058 ], [ 121.561359132000021, 25.092389539000056 ], [ 121.561229741000034, 25.092440739000036 ], [ 121.561137233000068, 25.092457990000067 ], [ 121.560942755000056, 25.092450274000033 ], [ 121.560674287000083, 25.092459741000013 ], [ 121.560461493000062, 25.092494355000035 ], [ 121.560230245000071, 25.092545949000051 ], [ 121.560156372000037, 25.092588488000043 ], [ 121.560670856000115, 25.093736053000036 ], [ 121.56173567000009, 25.093740481000047 ], [ 121.561939437000106, 25.093756609000021 ], [ 121.562023045000046, 25.093815461000069 ], [ 121.562116211000102, 25.093941888000071 ], [ 121.562135309000041, 25.094068603000039 ], [ 121.56209877300013, 25.094178620000037 ], [ 121.562043534000054, 25.09424645000006 ], [ 121.56183092000002, 25.094323325000051 ], [ 121.561229902000036, 25.094503100000047 ], [ 121.561118902000075, 25.094528879000041 ], [ 121.561054403000085, 25.09459674400005 ], [ 121.560999385000059, 25.094715282000028 ], [ 121.560999731000038, 25.094791348000051 ], [ 121.56101852200004, 25.094850447000049 ], [ 121.561111532000041, 25.094943074000064 ], [ 121.561296793000125, 25.094959273000018 ], [ 121.56250995500011, 25.095005384000043 ], [ 121.562676389000103, 25.094954044000072 ], [ 121.562824881000097, 25.09502954800007 ], [ 121.562908866000043, 25.095172918000053 ], [ 121.562881716000092, 25.095308259000028 ], [ 121.562743218000023, 25.095393305000066 ], [ 121.562456881000116, 25.095546531000014 ], [ 121.561588533000062, 25.095989349000025 ], [ 121.561514696000017, 25.096040338000019 ], [ 121.561468898000044, 25.096150390000037 ], [ 121.561451113000103, 25.09631105700003 ], [ 121.561563224000125, 25.096530390000048 ], [ 121.562088791000065, 25.097835951000032 ], [ 121.561996980000117, 25.09800661600007 ], [ 121.562033772000078, 25.098006478000048 ], [ 121.56203380500007, 25.098006478000055 ], [ 121.562245643000082, 25.098031015000046 ], [ 121.562323761000016, 25.098056058000051 ], [ 121.562502380000069, 25.098126353000048 ], [ 121.562508503000132, 25.098128647000063 ], [ 121.562636333000114, 25.098176545000051 ], [ 121.562708498, 25.098212129000036 ], [ 121.562866753000094, 25.098309501000067 ], [ 121.563075491000049, 25.098437480000019 ], [ 121.563212463000013, 25.09849914100004 ], [ 121.563259044, 25.098520110000027 ], [ 121.563400793000014, 25.098565019000031 ], [ 121.563559123000118, 25.098594717000019 ], [ 121.56380053700002, 25.098586216000054 ], [ 121.563958556000117, 25.098547731000046 ], [ 121.564191785000062, 25.098569570000045 ], [ 121.564400176000049, 25.098621797000071 ], [ 121.564525378000098, 25.098689489000037 ], [ 121.564734189000092, 25.09883261800007 ], [ 121.564826159000077, 25.098915606000041 ], [ 121.564992851000071, 25.098952842000063 ], [ 121.565084612000092, 25.098990366000059 ], [ 121.565576118000095, 25.099049086000029 ], [ 121.565992553000115, 25.099077777000041 ], [ 121.566375580000113, 25.099083888000049 ], [ 121.566493463000029, 25.09908343200004 ], [ 121.566611074000093, 25.099082978000059 ], [ 121.56681982300006, 25.099082171000074 ], [ 121.566833503000112, 25.099082118000066 ], [ 121.566958498000091, 25.099104365000066 ], [ 121.566995328000061, 25.099127612000075 ], [ 121.567294469000103, 25.098925851000033 ] ] ] } },
{ "type": "Feature", "properties": { "COUNTY": "臺北市", "TOWN": "士林區", "VILLAGE": "福林里", "geo_iid": "臺北市士林區福林里", "size_counts": 4 }, "geometry": { "type": "Polygon", "coordinates": [ [ [ 121.537247130000083, 25.100038959000067 ], [ 121.538060740000105, 25.099516929000057 ], [ 121.538328978000109, 25.099369260000056 ], [ 121.538483096000064, 25.099275596000034 ], [ 121.538563143000047, 25.09920477900004 ], [ 121.538633886000085, 25.099128354000069 ], [ 121.538723154000081, 25.099046218000066 ], [ 121.53875998400008, 25.098986842000045 ], [ 121.538824426, 25.098882219000064 ], [ 121.538892036000107, 25.09879451900002 ], [ 121.538972048000119, 25.098718059000074 ], [ 121.539049162000083, 25.098683924000049 ], [ 121.539144727000021, 25.098627153000045 ], [ 121.539261844000052, 25.098556201000058 ], [ 121.53946540000004, 25.098459538000032 ], [ 121.539523962000075, 25.098422654000036 ], [ 121.53959483900006, 25.098377256000042 ], [ 121.539665715000055, 25.098329042000042 ], [ 121.539742718000056, 25.098269520000024 ], [ 121.540051370000029, 25.098178118000074 ], [ 121.540131481000131, 25.098124228000074 ], [ 121.540205473000029, 25.098081635000021 ], [ 121.540285719000067, 25.098058773000041 ], [ 121.540347510000061, 25.098052905000028 ], [ 121.540427928000085, 25.098066723000038 ], [ 121.540551600000072, 25.098080374000059 ], [ 121.540860486000042, 25.098039760000052 ], [ 121.541049005000104, 25.098039072000052 ], [ 121.541129438000098, 25.098058532000032 ], [ 121.541231389, 25.098049692000068 ], [ 121.541308514000107, 25.098018381000021 ], [ 121.541370183000026, 25.097987128000053 ], [ 121.541444138000102, 25.097936075000057 ], [ 121.541502752000056, 25.097913292000037 ], [ 121.541567675000024, 25.097918697000061 ], [ 121.541617078000058, 25.097907232000058 ], [ 121.54193465100002, 25.097736806000047 ], [ 121.542005623, 25.097711151000055 ], [ 121.542098332000037, 25.097710812000056 ], [ 121.542234164000092, 25.097673635000024 ], [ 121.542336015000046, 25.097642233000034 ], [ 121.542391434000024, 25.097596891000013 ], [ 121.542477428000083, 25.097472451000037 ], [ 121.54253867400007, 25.097345276000048 ], [ 121.542584784000042, 25.097288682000045 ], [ 121.542643158000018, 25.097209475000053 ], [ 121.542677147000063, 25.097151283000059 ], [ 121.542741243000023, 25.097025740000038 ], [ 121.542922468000015, 25.096774001000025 ], [ 121.543017682000027, 25.096641058000039 ], [ 121.543134303000087, 25.096454439000063 ], [ 121.543254145000105, 25.096298837000059 ], [ 121.54346649, 25.096094930000039 ], [ 121.543733603000092, 25.095959050000019 ], [ 121.543851933000056, 25.095898855000026 ], [ 121.543987866000066, 25.095887072000028 ], [ 121.54421334600012, 25.09585803200001 ], [ 121.544361793, 25.095882883000051 ], [ 121.544556658000047, 25.095918840000014 ], [ 121.544742222000096, 25.095952004000022 ], [ 121.544871980000039, 25.095943069000036 ], [ 121.544979981000097, 25.095905999000017 ], [ 121.545106468000085, 25.095854752000026 ], [ 121.54522688100009, 25.095828915000027 ], [ 121.545362638000043, 25.095777642000026 ], [ 121.545868015000096, 25.095451336000046 ], [ 121.546059075000016, 25.095326508000021 ], [ 121.546157854000072, 25.095300749000039 ], [ 121.546336661000055, 25.095201351000064 ], [ 121.546533921000119, 25.095082142000013 ], [ 121.546749618000035, 25.094940285000057 ], [ 121.5469160990001, 25.09484940000004 ], [ 121.547135190000063, 25.09477524000004 ], [ 121.547394525000058, 25.094715043000058 ], [ 121.547564413000046, 25.094694662000048 ], [ 121.54775906600004, 25.09468548500007 ], [ 121.547938374000069, 25.094698924000053 ], [ 121.548136272000079, 25.094723587000022 ], [ 121.548300212000072, 25.094756828000065 ], [ 121.548460907000035, 25.094756233000055 ], [ 121.548461300000113, 25.094750357000059 ], [ 121.548471510000013, 25.09459755400006 ], [ 121.548496060000048, 25.094599378000044 ], [ 121.548507478000033, 25.09446140000005 ], [ 121.548556193000096, 25.094180630000029 ], [ 121.549350928000081, 25.094183443000073 ], [ 121.549513049000083, 25.094115612000046 ], [ 121.549645397000063, 25.093994110000029 ], [ 121.550026143000082, 25.09328678800005 ], [ 121.550008973000104, 25.092749014000045 ], [ 121.549592148000102, 25.091845645000031 ], [ 121.54938160800009, 25.091569429000049 ], [ 121.54930007300004, 25.09148113700007 ], [ 121.54923820800002, 25.091414145000037 ], [ 121.54906638600005, 25.091284933000036 ], [ 121.548973350000097, 25.091240820000049 ], [ 121.548970336000025, 25.091239391000041 ], [ 121.548885241000107, 25.091199043000064 ], [ 121.548666043000026, 25.091113294000014 ], [ 121.548494687000016, 25.091087962000067 ], [ 121.548323136000022, 25.091019352000036 ], [ 121.548160982000027, 25.090924735000041 ], [ 121.548146308000028, 25.090915571000028 ], [ 121.548139984000045, 25.090911623000057 ], [ 121.547912934000024, 25.090769835000057 ], [ 121.547636543000053, 25.090658330000046 ], [ 121.547294024000038, 25.090650950000043 ], [ 121.546826007000064, 25.09065268300003 ], [ 121.546818355000042, 25.090652712000068 ], [ 121.546804795000085, 25.090652763000026 ], [ 121.546485387000089, 25.090653945000039 ], [ 121.546266464000041, 25.090628779000038 ], [ 121.546241137000038, 25.090617375000068 ], [ 121.545980485000086, 25.090499993000027 ], [ 121.545694697000059, 25.09041448500005 ], [ 121.545380796000018, 25.090424307000028 ], [ 121.545171270000097, 25.090373149000065 ], [ 121.545114153000114, 25.090367588000046 ], [ 121.544999953000129, 25.090356470000064 ], [ 121.544973224000046, 25.090374308000026 ], [ 121.544961649000015, 25.090382032000022 ], [ 121.544895613000094, 25.090426098000016 ], [ 121.544782187, 25.090590994000021 ], [ 121.54476381500001, 25.090738229000056 ], [ 121.544688596, 25.090937608000043 ], [ 121.544565962000092, 25.091171783000043 ], [ 121.544414787000065, 25.091406061000036 ], [ 121.544215892000011, 25.091605896000033 ], [ 121.544064176, 25.091718995000058 ], [ 121.543864585000037, 25.091763016000066 ], [ 121.543445917000099, 25.091747243000043 ], [ 121.542998670000102, 25.091722915000044 ], [ 121.542751284000033, 25.091715164000032 ], [ 121.542504127000029, 25.091759348000036 ], [ 121.542323717000045, 25.091837919000056 ], [ 121.542184819000113, 25.091911844000027 ], [ 121.542114639000033, 25.09199085300002 ], [ 121.542057618000058, 25.092121451000022 ], [ 121.54193069900009, 25.092402878000023 ], [ 121.541836889000024, 25.092561066000023 ], [ 121.541759634000073, 25.092676949000058 ], [ 121.54170445200009, 25.092741328000034 ], [ 121.541640073000053, 25.092796510000021 ], [ 121.541562818000102, 25.09283697700004 ], [ 121.541474527000105, 25.09286824600002 ], [ 121.541360484000052, 25.092873764000039 ], [ 121.541240923000032, 25.092855370000049 ], [ 121.541112165000072, 25.092811225000041 ], [ 121.541016516, 25.092750525000039 ], [ 121.540957655000057, 25.092667752000057 ], [ 121.540906152000048, 25.092515081000041 ], [ 121.540880401000095, 25.09237896500002 ], [ 121.540862006000125, 25.092301711000061 ], [ 121.540832576000057, 25.09224469000003 ], [ 121.540806824000015, 25.092211581000061 ], [ 121.540758007000036, 25.092188297000064 ], [ 121.540624744000084, 25.09217146800006 ], [ 121.540301096000022, 25.092129365000055 ], [ 121.539959612000075, 25.092091087000028 ], [ 121.539924781000096, 25.092087183000039 ], [ 121.539777586, 25.092070683000021 ], [ 121.539471968000058, 25.091973779000053 ], [ 121.538966529000064, 25.091808917000034 ], [ 121.538881581000069, 25.09179374800004 ], [ 121.538814134000063, 25.091782145000018 ], [ 121.538764777000083, 25.091775545000068 ], [ 121.538717752000025, 25.091777062000055 ], [ 121.538675278000014, 25.091774027000032 ], [ 121.538633295000068, 25.091763109000052 ], [ 121.538337004000027, 25.091649640000064 ], [ 121.538312733000112, 25.091631435000064 ], [ 121.538286946000071, 25.091602615000049 ], [ 121.538051822000057, 25.091359907000022 ], [ 121.537995220000099, 25.091315393000048 ], [ 121.537633103000076, 25.091178207000038 ], [ 121.537404286000097, 25.091066492000031 ], [ 121.537089501000096, 25.090885824000051 ], [ 121.536850992000055, 25.090722247000027 ], [ 121.536564679000108, 25.090515529000065 ], [ 121.536164092000035, 25.09028326300005 ], [ 121.535976342000026, 25.090174391000055 ], [ 121.535897037000041, 25.09012840400003 ], [ 121.535793477000084, 25.090034257000067 ], [ 121.535730067000017, 25.089976613000026 ], [ 121.53548158600006, 25.089717820000029 ], [ 121.535156882000024, 25.089433330000073 ], [ 121.534898963000046, 25.089191876000022 ], [ 121.534698350000099, 25.089002154000063 ], [ 121.534316115000024, 25.088613992000024 ], [ 121.533933582000031, 25.088156576000067 ], [ 121.533619380000104, 25.088097109000035 ], [ 121.533542976000035, 25.088028133000016 ], [ 121.533380646000069, 25.087890199000064 ], [ 121.533238968000092, 25.087838127000051 ], [ 121.533148859000107, 25.087821145000067 ], [ 121.53306107200001, 25.08779354600005 ], [ 121.532951283000088, 25.087746084000049 ], [ 121.532845808000047, 25.087682654000048 ], [ 121.532744595000068, 25.08759129100002 ], [ 121.532625710000048, 25.08746808800003 ], [ 121.532568329000014, 25.087376560000045 ], [ 121.532510774000116, 25.087245157000034 ], [ 121.532466402000082, 25.087121687000032 ], [ 121.532356127000085, 25.086962559000014 ], [ 121.532303313000057, 25.086897060000062 ], [ 121.532180080000103, 25.086781844000019 ], [ 121.532056865000072, 25.086670619000071 ], [ 121.531854424000031, 25.086483896000043 ], [ 121.531735559000026, 25.086364683000053 ], [ 121.531616624000094, 25.086229508000027 ], [ 121.531514056000105, 25.086084329000073 ], [ 121.531469842000106, 25.085996742000063 ], [ 121.53140385100005, 25.085941150000053 ], [ 121.531328349000077, 25.085714096000054 ], [ 121.5313060000001, 25.085614472000024 ], [ 121.531235160000065, 25.085451220000039 ], [ 121.531146702000115, 25.08526807600002 ], [ 121.531062347000088, 25.08513671300005 ], [ 121.531060660000094, 25.085134086000028 ], [ 121.531049612000061, 25.085116880000037 ], [ 121.530970283000102, 25.085017460000067 ], [ 121.530873473000042, 25.084930062000058 ], [ 121.530781151000042, 25.084866583000057 ], [ 121.530681649000044, 25.084804818000062 ], [ 121.530501577000123, 25.084721718000022 ], [ 121.53029517400013, 25.084630712000024 ], [ 121.530049393000013, 25.084555818000059 ], [ 121.529799211000082, 25.084476949000067 ], [ 121.529650050000114, 25.08444556500006 ], [ 121.529514122000037, 25.084434090000059 ], [ 121.529284733000068, 25.084372729000052 ], [ 121.52926399400009, 25.084367182000047 ], [ 121.529238571000064, 25.084349637000049 ], [ 121.529196464000051, 25.084328573000043 ], [ 121.529191549000075, 25.084331344000077 ], [ 121.528888410000036, 25.084502286000024 ], [ 121.528501587000036, 25.083995687000023 ], [ 121.528180750000033, 25.083715715000032 ], [ 121.527909176000094, 25.083553926000029 ], [ 121.527800085000095, 25.083381699000022 ], [ 121.527692159000026, 25.083289518000068 ], [ 121.527542507000035, 25.083161691000036 ], [ 121.526892090000047, 25.082429451000046 ], [ 121.526881665000019, 25.082338017000033 ], [ 121.526911339000108, 25.082237295000027 ], [ 121.526945971000046, 25.082122833000028 ], [ 121.526936313000078, 25.082023027000037 ], [ 121.526885752000112, 25.081931735000062 ], [ 121.526523336000096, 25.081663176000056 ], [ 121.526132693, 25.081439214000053 ], [ 121.525961291000044, 25.081366686000024 ], [ 121.525842475000104, 25.081341675000026 ], [ 121.525702743000011, 25.081326272000059 ], [ 121.525504492000081, 25.081505040000017 ], [ 121.5252551640001, 25.081932881000046 ], [ 121.525114907000088, 25.082112259000034 ], [ 121.52518248100013, 25.082247433000067 ], [ 121.525268688000097, 25.082459933000045 ], [ 121.525328066000043, 25.082646285000063 ], [ 121.525360622000107, 25.082784983000064 ], [ 121.525386103000073, 25.082923045000026 ], [ 121.525387881000029, 25.082932681000042 ], [ 121.525415307000131, 25.083119145000058 ], [ 121.525419527000054, 25.083166213000023 ], [ 121.525437865000086, 25.083370746000067 ], [ 121.525439917000099, 25.083749706000038 ], [ 121.525347578000037, 25.084182391000063 ], [ 121.525433707000062, 25.084865586000024 ], [ 121.525441419000131, 25.084973730000051 ], [ 121.52545283500001, 25.085133783000053 ], [ 121.52566848000005, 25.085776352000035 ], [ 121.525542709000092, 25.086106433000044 ], [ 121.52566048600012, 25.086308312000021 ], [ 121.525798467000072, 25.086504085000051 ], [ 121.525941250000074, 25.08667753800006 ], [ 121.526128402000026, 25.086917739000047 ], [ 121.526345018000029, 25.087175679000037 ], [ 121.526507528000025, 25.087380284000059 ], [ 121.526655269000116, 25.087567101000037 ], [ 121.526788260000117, 25.087740587000035 ], [ 121.526803432000065, 25.087763870000057 ], [ 121.526886867000016, 25.087891892000066 ], [ 121.52698063600009, 25.08805659700004 ], [ 121.527049781000073, 25.08819016600005 ], [ 121.527134905000025, 25.088391291000043 ], [ 121.527139639000112, 25.088386585000016 ], [ 121.527199566000021, 25.088587501000063 ], [ 121.527247353000021, 25.08875872000004 ], [ 121.527293022000109, 25.089046584000069 ], [ 121.527312309000081, 25.089277411000065 ], [ 121.527310989000071, 25.089528113000028 ], [ 121.527262175000033, 25.089738880000024 ], [ 121.527119359000054, 25.090035349000051 ], [ 121.527040761000066, 25.090198508000068 ], [ 121.527021926000103, 25.090237603000041 ], [ 121.526846707000132, 25.090753184000047 ], [ 121.526687336, 25.091222126000041 ], [ 121.526677880000079, 25.091245759000046 ], [ 121.526679354000052, 25.091246160000026 ], [ 121.526948072000096, 25.091319225000063 ], [ 121.526488779000033, 25.092597341000044 ], [ 121.526487838000108, 25.092599966000016 ], [ 121.526483446000029, 25.092612183000018 ], [ 121.526398993000043, 25.092847201000037 ], [ 121.52596595600005, 25.094052228000059 ], [ 121.525957277000089, 25.09407637300006 ], [ 121.525549363000096, 25.095211467000066 ], [ 121.525574137000035, 25.095217041000062 ], [ 121.525753396000027, 25.095257366000048 ], [ 121.52590613200006, 25.095291726000021 ], [ 121.526243910000048, 25.095367711000048 ], [ 121.526509737000069, 25.095427512000064 ], [ 121.527241749000041, 25.095592177000064 ], [ 121.527248266000029, 25.095593645000065 ], [ 121.527674765000029, 25.095689584000066 ], [ 121.527901466000102, 25.095745167000064 ], [ 121.527911090000089, 25.095746924000018 ], [ 121.529512718000092, 25.096039147000052 ], [ 121.531296860000111, 25.096364651000034 ], [ 121.532079177, 25.096507372000069 ], [ 121.532314388000032, 25.09655028000002 ], [ 121.532733117000021, 25.09682353200003 ], [ 121.533676312, 25.097439027000053 ], [ 121.534109332000071, 25.097721597000028 ], [ 121.534633618000043, 25.098063718000049 ], [ 121.535069633000035, 25.098348234000063 ], [ 121.536004705000096, 25.098958398000025 ], [ 121.536021566000045, 25.098969400000037 ], [ 121.536205308000035, 25.099091705000031 ], [ 121.536308102, 25.099184801000025 ], [ 121.536427237000112, 25.09931717900001 ], [ 121.536771097000056, 25.099699623000049 ], [ 121.536910842000111, 25.099872772000015 ], [ 121.537136363000059, 25.100152200000014 ], [ 121.537247130000083, 25.100038959000067 ] ] ] } },
{ "type": "Feature", "properties": { "COUNTY": "臺北市", "TOWN": "士林區", "VILLAGE": "舊佳里", "geo_iid": "臺北市士林區舊佳里", "size_counts": 2 }, "geometry": { "type": "Polygon", "coordinates": [ [ [ 121.525645908000129, 25.100331256000057 ], [ 121.526024303000099, 25.099935013000042 ], [ 121.526067439000016, 25.099906648000047 ], [ 121.526119903000108, 25.099889543000064 ], [ 121.526286392000102, 25.099944702000062 ], [ 121.52669744700006, 25.100080884000072 ], [ 121.526936176000063, 25.099221236000055 ], [ 121.527141671000081, 25.098481254000028 ], [ 121.527210473000096, 25.098233493000059 ], [ 121.527346859000104, 25.097742366000027 ], [ 121.527349317, 25.097733514000019 ], [ 121.527901466000102, 25.095745167000064 ], [ 121.527674765000029, 25.095689584000066 ], [ 121.527248266000029, 25.095593645000065 ], [ 121.527241749000041, 25.095592177000064 ], [ 121.526509737000069, 25.095427512000064 ], [ 121.526243910000048, 25.095367711000048 ], [ 121.52590613200006, 25.095291726000021 ], [ 121.525753396000027, 25.095257366000048 ], [ 121.525574137000035, 25.095217041000062 ], [ 121.525549363000096, 25.095211467000066 ], [ 121.52516937900009, 25.095125079000063 ], [ 121.524964150000088, 25.095078420000046 ], [ 121.52491016700003, 25.095066146000072 ], [ 121.524637955000131, 25.095004258000067 ], [ 121.524427531000015, 25.095762987000054 ], [ 121.524304414000071, 25.096206909000042 ], [ 121.524129806000019, 25.096836490000037 ], [ 121.524012583000058, 25.097259154000028 ], [ 121.524005948000081, 25.097283077000036 ], [ 121.524002906000078, 25.097294044000016 ], [ 121.523849431000045, 25.097882145000025 ], [ 121.523598347000075, 25.098844256000053 ], [ 121.523689720000107, 25.098848818000068 ], [ 121.523813490000052, 25.098887871000031 ], [ 121.523980566000091, 25.098938054000023 ], [ 121.524076661000109, 25.09900823100002 ], [ 121.524138767000068, 25.099078530000039 ], [ 121.52416441600009, 25.099117210000024 ], [ 121.524400019000041, 25.099472517000031 ], [ 121.524500413000069, 25.09956768000006 ], [ 121.524533434000105, 25.099598979000056 ], [ 121.524606798000036, 25.099655197000057 ], [ 121.524614035000013, 25.099660743000069 ], [ 121.524790598000081, 25.099761666000063 ], [ 121.524908760000017, 25.099933312000068 ], [ 121.52504534500008, 25.100058280000042 ], [ 121.525215875000072, 25.100214305000055 ], [ 121.525333435000107, 25.100258946000043 ], [ 121.525547067000062, 25.100340065000065 ], [ 121.525645908000129, 25.100331256000057 ] ] ] } },
{ "type": "Feature", "properties": { "COUNTY": "臺北市", "TOWN": "士林區", "VILLAGE": "福志里", "geo_iid": "臺北市士林區福志里", "size_counts": 1 }, "geometry": { "type": "Polygon", "coordinates": [ [ [ 121.534637276000026, 25.100869834000029 ], [ 121.534688603000077, 25.100869649000057 ], [ 121.534908360000031, 25.100868857000016 ], [ 121.534969806000063, 25.100831142000057 ], [ 121.535179166000034, 25.100804142000069 ], [ 121.535347564000077, 25.100803535000061 ], [ 121.535593961000018, 25.100791397000016 ], [ 121.535745859000031, 25.100772106000075 ], [ 121.535983741000095, 25.100692513000062 ], [ 121.536242020000032, 25.100579092000022 ], [ 121.536438778000047, 25.100488399000021 ], [ 121.536635552, 25.100401452000028 ], [ 121.536836488000063, 25.100325738000027 ], [ 121.536984091000022, 25.10026521300005 ], [ 121.537086645000059, 25.100234850000039 ], [ 121.537136363000059, 25.100152200000014 ], [ 121.536910842000111, 25.099872772000015 ], [ 121.536771097000056, 25.099699623000049 ], [ 121.536427237000112, 25.09931717900001 ], [ 121.536308102, 25.099184801000025 ], [ 121.536205308000035, 25.099091705000031 ], [ 121.536021566000045, 25.098969400000037 ], [ 121.536004705000096, 25.098958398000025 ], [ 121.535069633000035, 25.098348234000063 ], [ 121.534633618000043, 25.098063718000049 ], [ 121.534109332000071, 25.097721597000028 ], [ 121.533676312, 25.097439027000053 ], [ 121.532733117000021, 25.09682353200003 ], [ 121.532314388000032, 25.09655028000002 ], [ 121.532079177, 25.096507372000069 ], [ 121.531296860000111, 25.096364651000034 ], [ 121.529512718000092, 25.096039147000052 ], [ 121.527911090000089, 25.095746924000018 ], [ 121.527901466000102, 25.095745167000064 ], [ 121.527349317, 25.097733514000019 ], [ 121.527346859000104, 25.097742366000027 ], [ 121.527210473000096, 25.098233493000059 ], [ 121.527141671000081, 25.098481254000028 ], [ 121.526936176000063, 25.099221236000055 ], [ 121.52669744700006, 25.100080884000072 ], [ 121.527014991000101, 25.10018474200006 ], [ 121.527179542000113, 25.100244139000036 ], [ 121.527381063000021, 25.100303414000045 ], [ 121.527586448000079, 25.100306440000043 ], [ 121.527816482000048, 25.100309368000062 ], [ 121.527956144000072, 25.100312618000032 ], [ 121.528149060000032, 25.100281940000052 ], [ 121.528358190000077, 25.100198707000057 ], [ 121.528464817000099, 25.100160834000057 ], [ 121.528501473, 25.100089465000053 ], [ 121.528567003000035, 25.100044244000053 ], [ 121.528657074000094, 25.099976430000019 ], [ 121.528710264000097, 25.099927498000053 ], [ 121.528878915000078, 25.099861784000034 ], [ 121.529038366, 25.099813850000032 ], [ 121.52915310000003, 25.099749695000064 ], [ 121.529218490000062, 25.099674474000032 ], [ 121.529316845000039, 25.09962162600004 ], [ 121.529427586000125, 25.099583738000032 ], [ 121.529579474000116, 25.09956445400007 ], [ 121.529743880000069, 25.099590112000033 ], [ 121.529830264000125, 25.099619794000034 ], [ 121.52991267400013, 25.099679491000071 ], [ 121.529974443000015, 25.099716763000057 ], [ 121.529995471, 25.09972664900004 ], [ 121.530077338000055, 25.099765138000066 ], [ 121.530114677000043, 25.099778927000042 ], [ 121.530167844000047, 25.09979856100005 ], [ 121.530278940000017, 25.099843150000023 ], [ 121.530377655000066, 25.099876544000029 ], [ 121.530529764000107, 25.099906 ], [ 121.530589262000035, 25.099937757000077 ], [ 121.530786234000075, 25.10004289200003 ], [ 121.53094145600005, 25.10012574000006 ], [ 121.531064941000054, 25.100185289000013 ], [ 121.531130784000069, 25.100215044000038 ], [ 121.531324024000028, 25.100259348000058 ], [ 121.531513142000108, 25.100299911000029 ], [ 121.531657130000099, 25.100351883000027 ], [ 121.531723135000107, 25.100419140000042 ], [ 121.531797342000118, 25.10048261200005 ], [ 121.531871485, 25.100531089000064 ], [ 121.531920895000098, 25.10055715500004 ], [ 121.531979609000032, 25.100565403000072 ], [ 121.531998979000036, 25.100568125000038 ], [ 121.5321016810001, 25.100571502000026 ], [ 121.532196367000083, 25.10061990500003 ], [ 121.532274583000103, 25.100660873000034 ], [ 121.532356913000058, 25.100701817000061 ], [ 121.532459631000066, 25.100708942000036 ], [ 121.532570508000063, 25.100704797000045 ], [ 121.532668878000095, 25.100655702000029 ], [ 121.532752661000018, 25.100631496000052 ], [ 121.532762813000076, 25.10063007400003 ], [ 121.53282481600003, 25.100621396000058 ], [ 121.532968566, 25.100620880000054 ], [ 121.533099954000036, 25.10060916000003 ], [ 121.53323953000006, 25.100589915000047 ], [ 121.533358626000094, 25.100585740000032 ], [ 121.53346132700004, 25.10058911700002 ], [ 121.533584611000052, 25.100603669000058 ], [ 121.533679166000056, 25.100622081000033 ], [ 121.533818797000094, 25.100617823000039 ], [ 121.533900948000124, 25.100617528000036 ], [ 121.533932706000087, 25.100624654000047 ], [ 121.533999625000092, 25.100639670000074 ], [ 121.534110748000117, 25.100691759000025 ], [ 121.534201386000078, 25.100755179000025 ], [ 121.534284622000072, 25.100796992000028 ], [ 121.53429729700008, 25.100803359000043 ], [ 121.534312534000037, 25.100811013000047 ], [ 121.534435914000028, 25.100848062000058 ], [ 121.534501544000022, 25.100862337000017 ], [ 121.534571595000116, 25.100877573000048 ], [ 121.534637276000026, 25.100869834000029 ] ] ] } },
{ "type": "Feature", "properties": { "COUNTY": "臺北市", "TOWN": "內湖區", "VILLAGE": "大湖里", "geo_iid": "臺北市內湖區大湖里", "size_counts": 1 }, "geometry": { "type": "Polygon", "coordinates": [ [ [ 121.598503619000084, 25.105126792000075 ], [ 121.598729981, 25.105035870000048 ], [ 121.598995390000042, 25.104863772000041 ], [ 121.599260578000113, 25.10464668000002 ], [ 121.599417386000027, 25.104448029000022 ], [ 121.59949553100013, 25.104294689000021 ], [ 121.599435527000068, 25.104123918000024 ], [ 121.599355768, 25.103944215000066 ], [ 121.59920666700009, 25.103701798000021 ], [ 121.599206272000046, 25.103620791000015 ], [ 121.599354057000028, 25.103593191000073 ], [ 121.600704451000055, 25.103479712000016 ], [ 121.600741781000011, 25.103047513000025 ], [ 121.600778760000026, 25.102543311000023 ], [ 121.600933320000081, 25.101885616000054 ], [ 121.601020658000024, 25.10159722700006 ], [ 121.601706511000103, 25.100694345000079 ], [ 121.602088649000052, 25.10019773100003 ], [ 121.602206085000034, 25.100017239000064 ], [ 121.602421302000053, 25.09966532400005 ], [ 121.602695236000045, 25.099223161000051 ], [ 121.602822314000036, 25.098997624000042 ], [ 121.602930381000078, 25.098916177000032 ], [ 121.603126525000107, 25.098699350000054 ], [ 121.60336167800007, 25.098392358000066 ], [ 121.603537440000082, 25.098040610000051 ], [ 121.603634457000126, 25.097716177000038 ], [ 121.60367208300012, 25.097346982000019 ], [ 121.603660108000099, 25.096914983000026 ], [ 121.603599483000053, 25.096618195000069 ], [ 121.60351021200006, 25.096510549000065 ], [ 121.603450746, 25.096447785000052 ], [ 121.603400738000104, 25.096303976000055 ], [ 121.603459452000038, 25.096213720000026 ], [ 121.603537878000125, 25.096185511000034 ], [ 121.603636625000036, 25.096149994000022 ], [ 121.603833923000025, 25.096167191000056 ], [ 121.604031566000117, 25.096256402000041 ], [ 121.604120704000024, 25.096337046000023 ], [ 121.604318481000064, 25.09645325100006 ], [ 121.604575203000095, 25.09652421000003 ], [ 121.604821884000103, 25.096559207000041 ], [ 121.60505840000009, 25.096531238000061 ], [ 121.60528496400002, 25.096485309000059 ], [ 121.605540746000088, 25.096367254000022 ], [ 121.605658406000089, 25.096231762000048 ], [ 121.605765934000019, 25.096042296000054 ], [ 121.607212267000023, 25.095406312000012 ], [ 121.608739920000062, 25.095265034000075 ], [ 121.608995607000125, 25.095128963000032 ], [ 121.610932076000054, 25.094659301000032 ], [ 121.611713770000051, 25.094469704000055 ], [ 121.611978914000019, 25.094252591000032 ], [ 121.611982302000129, 25.094149265000048 ], [ 121.611996035000061, 25.093730465000068 ], [ 121.611876200000097, 25.093424924000026 ], [ 121.611785716000114, 25.093074257000062 ], [ 121.61177383800009, 25.092669261000019 ], [ 121.611840889000064, 25.092272942000012 ], [ 121.611947688000086, 25.091939470000053 ], [ 121.61213341600002, 25.091614675000066 ], [ 121.612014244000093, 25.091444153000047 ], [ 121.611914398000067, 25.091192534000065 ], [ 121.611847818000115, 25.090912272000022 ], [ 121.611843902000047, 25.090895790000044 ], [ 121.611822617000016, 25.090580849000041 ], [ 121.611870564000014, 25.090310618000039 ], [ 121.611939286000052, 25.090113088000052 ], [ 121.611967777000032, 25.090031193000065 ], [ 121.612094829000057, 25.089805640000066 ], [ 121.612202622000041, 25.089670182000063 ], [ 121.612187289000076, 25.089433751000051 ], [ 121.611806630000061, 25.088917085000048 ], [ 121.61142626100002, 25.088457990000038 ], [ 121.610981444000117, 25.087711249000048 ], [ 121.61066095700005, 25.08661849800006 ], [ 121.610657241000013, 25.085869940000059 ], [ 121.611280204000082, 25.084427805000065 ], [ 121.61131834600009, 25.084345232000032 ], [ 121.61174481400009, 25.082867306000018 ], [ 121.611107136000101, 25.081178007000059 ], [ 121.611071278000054, 25.081119700000031 ], [ 121.610892465, 25.080932060000059 ], [ 121.61071369900003, 25.08075092000006 ], [ 121.610556369000051, 25.08058917400006 ], [ 121.610341928000025, 25.080388698000029 ], [ 121.610056247000102, 25.080169025000025 ], [ 121.609799349000014, 25.080014187000071 ], [ 121.609485500000133, 25.079853082000053 ], [ 121.609321507000118, 25.079782309000041 ], [ 121.609308010000078, 25.079777160000045 ], [ 121.609136172000035, 25.079711614000072 ], [ 121.608929494000122, 25.079641016000028 ], [ 121.608886608000034, 25.07960221900003 ], [ 121.608822099000022, 25.079505045000072 ], [ 121.608785462000014, 25.07929083800007 ], [ 121.608758574000035, 25.079120519000067 ], [ 121.608741396000028, 25.079011713000053 ], [ 121.608718824000107, 25.078764973000027 ], [ 121.608689089000109, 25.078505272000022 ], [ 121.608632706000094, 25.078283235000065 ], [ 121.608607637000105, 25.07818451100006 ], [ 121.608564861000104, 25.078081776000026 ], [ 121.608479880000132, 25.077992083000012 ], [ 121.608352560000071, 25.07788969500006 ], [ 121.608225376000064, 25.07781302800003 ], [ 121.608013776, 25.077762446000055 ], [ 121.607619139, 25.077738333000067 ], [ 121.607100038000127, 25.077740459000044 ], [ 121.60709058000009, 25.077740497000022 ], [ 121.607089704000032, 25.077740500000051 ], [ 121.607087127000113, 25.078314225000039 ], [ 121.60708894000004, 25.078331187000053 ], [ 121.607089139000095, 25.078333057000059 ], [ 121.607169830000089, 25.079087886000021 ], [ 121.607201585000098, 25.079245283000031 ], [ 121.607212718000028, 25.079478609000031 ], [ 121.607212993000076, 25.080414179000051 ], [ 121.607210120000119, 25.080475890000052 ], [ 121.607200921000086, 25.080541697000051 ], [ 121.607185462000075, 25.080606523000029 ], [ 121.607179165000062, 25.080641635000053 ], [ 121.607157994000104, 25.080726526000028 ], [ 121.607128778000074, 25.080809413000043 ], [ 121.607102233000091, 25.080873765000025 ], [ 121.607088207000075, 25.080904336000049 ], [ 121.607041694000031, 25.08099454400007 ], [ 121.60646808, 25.081964547000034 ], [ 121.606353097000024, 25.082137513000067 ], [ 121.606262112000067, 25.08224769200006 ], [ 121.606187773000102, 25.082326032000026 ], [ 121.60607657900006, 25.082435010000037 ], [ 121.605967924000083, 25.082525666000031 ], [ 121.605833893000067, 25.082620426000059 ], [ 121.605691303000071, 25.082704189000019 ], [ 121.605541238000114, 25.082776315000039 ], [ 121.605384842000035, 25.08283625600005 ], [ 121.605223304000091, 25.082883554000027 ], [ 121.605057854000066, 25.082917850000047 ], [ 121.604916911000032, 25.082939607000064 ], [ 121.604401397000061, 25.083002626000045 ], [ 121.604038236000065, 25.083047014000041 ], [ 121.604032985000103, 25.083047662000066 ], [ 121.603811695000104, 25.083084058000054 ], [ 121.603751270000103, 25.083093997000045 ], [ 121.603475060000065, 25.083162516000066 ], [ 121.603206458000045, 25.083252697000031 ], [ 121.603135983000016, 25.083280485000042 ], [ 121.603128288000107, 25.083283626000018 ], [ 121.602991159000112, 25.083346504000069 ], [ 121.602872795000053, 25.083400778000048 ], [ 121.602629487000058, 25.083537763000034 ], [ 121.602255474000131, 25.083769458000052 ], [ 121.602111270000023, 25.083855375000038 ], [ 121.602065106000069, 25.08398564600002 ], [ 121.601961768000024, 25.084475721000043 ], [ 121.601826156000016, 25.085118759000061 ], [ 121.601822874000064, 25.085134328000031 ], [ 121.601736323000068, 25.085544709000029 ], [ 121.601698703, 25.08572308000004 ], [ 121.601681487000064, 25.085804772000063 ], [ 121.601677718000019, 25.085822599000036 ], [ 121.601674993000088, 25.085833075000032 ], [ 121.601669539000099, 25.085845022000054 ], [ 121.601661193000055, 25.085857189000016 ], [ 121.601643078000052, 25.085870931000034 ], [ 121.601613903000043, 25.085875139000052 ], [ 121.601603806000085, 25.085876201000072 ], [ 121.601589207000089, 25.085874726000032 ], [ 121.601571157000095, 25.085869119000041 ], [ 121.601558305000026, 25.08586426000004 ], [ 121.601544127000025, 25.085857782000058 ], [ 121.601518333000072, 25.085845988000067 ], [ 121.601428228000032, 25.085804789000054 ], [ 121.601350145000083, 25.085769328000023 ], [ 121.6013032850001, 25.085743075000032 ], [ 121.601247177000118, 25.085708188000062 ], [ 121.601195075000092, 25.085670983000053 ], [ 121.601133817000118, 25.085619593000036 ], [ 121.601121777000117, 25.085607889000062 ], [ 121.601093724000052, 25.085580619000037 ], [ 121.601053885000056, 25.085536680000065 ], [ 121.601016859000083, 25.085489956000053 ], [ 121.600966162000077, 25.085415248000054 ], [ 121.600886836000086, 25.085542819000061 ], [ 121.600876435000032, 25.085558867000021 ], [ 121.600865027000069, 25.085579286000037 ], [ 121.600812593000114, 25.085673142000072 ], [ 121.600761822000109, 25.085787010000043 ], [ 121.600720436000074, 25.085908843000023 ], [ 121.600690867000026, 25.086033497000066 ], [ 121.600673340000085, 25.086160022000055 ], [ 121.6006744660001, 25.086229640000049 ], [ 121.600675781000078, 25.086310937000061 ], [ 121.600659431000054, 25.086747614000043 ], [ 121.600658511, 25.086756281000071 ], [ 121.600657167, 25.086762249000056 ], [ 121.60065525500012, 25.086768088000035 ], [ 121.600652793000123, 25.086773754000028 ], [ 121.600649796000084, 25.086779203000042 ], [ 121.6006462900001, 25.08678439300007 ], [ 121.600642301000093, 25.086789284000069 ], [ 121.60063879300003, 25.086792947000035 ], [ 121.600634014000093, 25.086797212000075 ], [ 121.600628844000084, 25.086801081000026 ], [ 121.600623324000011, 25.086804524000058 ], [ 121.600617495000051, 25.086807516000075 ], [ 121.600612276000106, 25.086809709000072 ], [ 121.60060396900009, 25.086812363000025 ], [ 121.600597465000078, 25.086813790000058 ], [ 121.600590847000049, 25.086814694000044 ], [ 121.600584758000082, 25.086815060000042 ], [ 121.60057806600004, 25.086814954000026 ], [ 121.59960513700004, 25.086760519000041 ], [ 121.599443295000015, 25.08675145900003 ], [ 121.599387562000061, 25.086749834000031 ], [ 121.599370416000056, 25.086754598000024 ], [ 121.599364463000029, 25.086767911000027 ], [ 121.599364543000092, 25.086784332000022 ], [ 121.599364579000053, 25.086820227000022 ], [ 121.599346932000131, 25.08732657400002 ], [ 121.599346581000063, 25.087331492000025 ], [ 121.599345577000022, 25.08733790400003 ], [ 121.599343963000024, 25.087344212000058 ], [ 121.599343941000043, 25.087350374000035 ], [ 121.599338960000068, 25.087356325000023 ], [ 121.599335608000061, 25.087362037000037 ], [ 121.599331722000102, 25.087367461000042 ], [ 121.599327333000033, 25.087372557000037 ], [ 121.599322472000054, 25.087377285000056 ], [ 121.599317177000103, 25.087381610000023 ], [ 121.599311488, 25.087385498000053 ], [ 121.599305449000099, 25.08738892000002 ], [ 121.599299106000103, 25.087391849000024 ], [ 121.599292506000111, 25.087394262000025 ], [ 121.599285701000099, 25.087396144000017 ], [ 121.599278741000049, 25.087397478000064 ], [ 121.59927167900004, 25.087398254000046 ], [ 121.599247351000031, 25.087399959000034 ], [ 121.599090766000018, 25.087413461000036 ], [ 121.598851085000106, 25.087444033000047 ], [ 121.598469980000118, 25.087517965000067 ], [ 121.598097400000043, 25.087621863000031 ], [ 121.597809304000066, 25.087727996000062 ], [ 121.597736180000084, 25.087754935000067 ], [ 121.597703833000097, 25.087768517000026 ], [ 121.597698543000092, 25.087770768000034 ], [ 121.597602679000033, 25.087811536000054 ], [ 121.59725684600005, 25.087679552000047 ], [ 121.597019414000087, 25.087588939000042 ], [ 121.597006051000108, 25.087578827000069 ], [ 121.596832128000088, 25.087337977000054 ], [ 121.596712526000033, 25.087177761000071 ], [ 121.59659049000004, 25.08704660800003 ], [ 121.595280242000072, 25.089413785000023 ], [ 121.595140088000107, 25.089745076000032 ], [ 121.595149755000094, 25.090012497000028 ], [ 121.59515827700011, 25.090248273000036 ], [ 121.595175908000087, 25.090636447000062 ], [ 121.595003750000046, 25.090867205000048 ], [ 121.594768878000082, 25.091155733000036 ], [ 121.594644464000112, 25.091486951000025 ], [ 121.594616444000067, 25.092206028000074 ], [ 121.593814848000079, 25.092568723000046 ], [ 121.593186045000039, 25.092830073000066 ], [ 121.592856034000093, 25.092989563000053 ], [ 121.592415681000034, 25.093135111000027 ], [ 121.591503760000037, 25.093483863000063 ], [ 121.59111280500008, 25.09407497300003 ], [ 121.590610203000082, 25.094378943000034 ], [ 121.59046968600002, 25.094638324000066 ], [ 121.590360803000081, 25.094926352000066 ], [ 121.590330883000092, 25.095257190000037 ], [ 121.590268846000072, 25.095458750000031 ], [ 121.590245959000086, 25.095620838000059 ], [ 121.590238374000023, 25.095674557000052 ], [ 121.59027126, 25.095962010000047 ], [ 121.590461869, 25.096291979000053 ], [ 121.592964543000107, 25.095893739000061 ], [ 121.593152733000011, 25.095720435000032 ], [ 121.593435640000052, 25.09558988600002 ], [ 121.593781550000017, 25.095459086000055 ], [ 121.594159660000059, 25.095471952000018 ], [ 121.594443400000046, 25.095513949000061 ], [ 121.594742614000097, 25.095498375000027 ], [ 121.595151676000114, 25.095396073000071 ], [ 121.595513198000049, 25.095236460000017 ], [ 121.595670572, 25.095207065000061 ], [ 121.595734073000017, 25.095307461000058 ], [ 121.59568744, 25.09543706300007 ], [ 121.595467886000051, 25.095639260000034 ], [ 121.595201291000095, 25.09588477900007 ], [ 121.594887376000088, 25.096116105000078 ], [ 121.594604667000112, 25.096289791000054 ], [ 121.594258826000114, 25.096434975000012 ], [ 121.594148770000061, 25.096478553000047 ], [ 121.594275759000084, 25.096679347000073 ], [ 121.594403446000129, 25.097023944000053 ], [ 121.594404906000037, 25.097325904000051 ], [ 121.594374649000088, 25.097584846000064 ], [ 121.594312895000044, 25.097843923000017 ], [ 121.594156203000011, 25.098017102000028 ], [ 121.594503309000061, 25.098130743000059 ], [ 121.594898504000085, 25.098416740000054 ], [ 121.594997443, 25.098511854000034 ], [ 121.595151726000026, 25.098660172000045 ], [ 121.595547760000045, 25.099118713000042 ], [ 121.595738526000119, 25.099477429000046 ], [ 121.595898625000018, 25.100008817000056 ], [ 121.595994601000029, 25.100310395000061 ], [ 121.596249364000073, 25.100870164000067 ], [ 121.596440694000066, 25.101343909000029 ], [ 121.596743550000056, 25.102076024000034 ], [ 121.596855694000055, 25.102463816000061 ], [ 121.597127127, 25.103210439000058 ], [ 121.597318953, 25.103784841000042 ], [ 121.597889398, 25.104472749000021 ], [ 121.598375596000096, 25.105163313000038 ], [ 121.598503619000084, 25.105126792000075 ] ] ] } },
{ "type": "Feature", "properties": { "COUNTY": "臺北市", "TOWN": "士林區", "VILLAGE": "忠誠里", "geo_iid": "臺北市士林區忠誠里", "size_counts": 1 }, "geometry": { "type": "Polygon", "coordinates": [ [ [ 121.530288417000079, 25.108253976000064 ], [ 121.530235799000025, 25.108008396000052 ], [ 121.53018907, 25.107799393000043 ], [ 121.530162728000064, 25.107668763000042 ], [ 121.53014930900008, 25.107627037000036 ], [ 121.530129400000092, 25.107565135000065 ], [ 121.530061102000118, 25.107352767000069 ], [ 121.529974065000019, 25.107096846000037 ], [ 121.529897033000111, 25.106900499000059 ], [ 121.529890073000061, 25.106882760000069 ], [ 121.529813600000011, 25.106733950000027 ], [ 121.529777415, 25.106663538000067 ], [ 121.529742159000065, 25.106600593000049 ], [ 121.52966195700003, 25.10645740000006 ], [ 121.529477412, 25.106173073000029 ], [ 121.52935935000005, 25.106029696000064 ], [ 121.529209690000016, 25.105865514000065 ], [ 121.52895638400004, 25.105576195000022 ], [ 121.528886827000065, 25.105503871000039 ], [ 121.528880810000018, 25.105497614000051 ], [ 121.528719787000114, 25.105344758000047 ], [ 121.528545535000035, 25.105214411000066 ], [ 121.528310614000034, 25.105026835000047 ], [ 121.528233927000102, 25.10497578200005 ], [ 121.528138951000088, 25.104912555000048 ], [ 121.528017644000101, 25.10484317200007 ], [ 121.527869604000102, 25.10475846700006 ], [ 121.527766605000011, 25.104697765000012 ], [ 121.527574656000056, 25.10458464200007 ], [ 121.527545911000047, 25.104567702000043 ], [ 121.527223107000054, 25.104430983000039 ], [ 121.526885656000104, 25.104316837000045 ], [ 121.526779413000099, 25.104280898000063 ], [ 121.5265853410001, 25.104224151000032 ], [ 121.526305665000109, 25.104165397000028 ], [ 121.52603612300004, 25.104120400000049 ], [ 121.525467480000088, 25.104060310000019 ], [ 121.525383840000018, 25.104051471000041 ], [ 121.525054004000026, 25.104034257 ], [ 121.524826355000073, 25.103996929000054 ], [ 121.524814103000054, 25.104131744000021 ], [ 121.524804715000073, 25.104235019000029 ], [ 121.524827781000113, 25.105214591000042 ], [ 121.524829114000127, 25.105245515000032 ], [ 121.524843398000016, 25.105576697000053 ], [ 121.524848753000015, 25.105700900000034 ], [ 121.524889748000064, 25.106452740000059 ], [ 121.525033224000026, 25.106502609000071 ], [ 121.525179514000129, 25.106551763000024 ], [ 121.525401509000076, 25.106628274000055 ], [ 121.525434829000105, 25.106639758000025 ], [ 121.52605448700001, 25.106857176000059 ], [ 121.526185258000055, 25.10690306500004 ], [ 121.526198358000102, 25.106907662000022 ], [ 121.526364306000119, 25.106965893000055 ], [ 121.526803222000026, 25.107118588000041 ], [ 121.52690395500008, 25.107154600000051 ], [ 121.527381575000064, 25.10732534900006 ], [ 121.527387303000069, 25.107327398000045 ], [ 121.527701181000111, 25.107439609000036 ], [ 121.527861598000072, 25.107496543000018 ], [ 121.528131505000033, 25.107592338000071 ], [ 121.528466848000107, 25.107712019000068 ], [ 121.529023721000044, 25.10791076300006 ], [ 121.529057382000019, 25.107922599000059 ], [ 121.530311646000101, 25.108363644000061 ], [ 121.530288417000079, 25.108253976000064 ] ] ] } },
{ "type": "Feature", "properties": { "COUNTY": "臺北市", "TOWN": "士林區", "VILLAGE": "岩山里", "geo_iid": "臺北市士林區岩山里", "size_counts": 1 }, "geometry": { "type": "Polygon", "coordinates": [ [ [ 121.536091301000042, 25.108559365000065 ], [ 121.53620451300003, 25.108531737000074 ], [ 121.536320626000034, 25.10848503000005 ], [ 121.536433672000044, 25.108419295000029 ], [ 121.536549452000045, 25.108296367000033 ], [ 121.536843005000037, 25.107906028000052 ], [ 121.537160364000101, 25.107501969000047 ], [ 121.537207788000046, 25.107433736000065 ], [ 121.537252039, 25.107324689000045 ], [ 121.537266548000062, 25.107232082000042 ], [ 121.537248138000095, 25.107112365000024 ], [ 121.537184932000059, 25.106981932000039 ], [ 121.53708582700007, 25.106824392000068 ], [ 121.537040674000096, 25.106729284000032 ], [ 121.537001431, 25.106620531000029 ], [ 121.537000944000042, 25.10650892000006 ], [ 121.537000588000083, 25.106427254000032 ], [ 121.537006225000042, 25.106353738000049 ], [ 121.537041628000111, 25.106266499000061 ], [ 121.537169094000092, 25.106086362000038 ], [ 121.537504202000036, 25.105652311000025 ], [ 121.537631288000057, 25.105387791000048 ], [ 121.537761214000056, 25.105090599000039 ], [ 121.537926707000125, 25.104741555000029 ], [ 121.538036132000116, 25.104531546000025 ], [ 121.538234493000104, 25.10419870700002 ], [ 121.538320325000086, 25.104048675000048 ], [ 121.538417843000062, 25.103841427000074 ], [ 121.538512426000025, 25.103647805000033 ], [ 121.53874665900004, 25.103333891000034 ], [ 121.53894555300009, 25.10312355600006 ], [ 121.539043273000061, 25.102962595000061 ], [ 121.539176359000066, 25.102708939000021 ], [ 121.539329596000016, 25.102289151000029 ], [ 121.539439087000119, 25.102092755000044 ], [ 121.539587619000031, 25.101961545000044 ], [ 121.539721346000093, 25.101852172000058 ], [ 121.539870115000099, 25.10177268100005 ], [ 121.539989097000102, 25.101701468000037 ], [ 121.540027612000017, 25.101644163000046 ], [ 121.540024210000084, 25.101548895000064 ], [ 121.539978504000047, 25.101054176000037 ], [ 121.539961579000078, 25.100870979000028 ], [ 121.539955321000093, 25.100803246000048 ], [ 121.539931037000088, 25.100705336000026 ], [ 121.539850198000082, 25.100632133000037 ], [ 121.539757447000071, 25.100564409000064 ], [ 121.539108801000111, 25.099941024000017 ], [ 121.539106067000034, 25.09993839600002 ], [ 121.538910286000046, 25.099822702000033 ], [ 121.538514577000129, 25.099588860000026 ], [ 121.538483096000064, 25.099275596000034 ], [ 121.538328978000109, 25.099369260000056 ], [ 121.538060740000105, 25.099516929000057 ], [ 121.537247130000083, 25.100038959000067 ], [ 121.537136363000059, 25.100152200000014 ], [ 121.537086645000059, 25.100234850000039 ], [ 121.536984091000022, 25.10026521300005 ], [ 121.536836488000063, 25.100325738000027 ], [ 121.536635552, 25.100401452000028 ], [ 121.536438778000047, 25.100488399000021 ], [ 121.536242020000032, 25.100579092000022 ], [ 121.535983741000095, 25.100692513000062 ], [ 121.535745859000031, 25.100772106000075 ], [ 121.535593961000018, 25.100791397000016 ], [ 121.535347564000077, 25.100803535000061 ], [ 121.535179166000034, 25.100804142000069 ], [ 121.534969806000063, 25.100831142000057 ], [ 121.534908360000031, 25.100868857000016 ], [ 121.534688603000077, 25.100869649000057 ], [ 121.534637276000026, 25.100869834000029 ], [ 121.534571595000116, 25.100877573000048 ], [ 121.534501544000022, 25.100862337000017 ], [ 121.534435914000028, 25.100848062000058 ], [ 121.534312534000037, 25.100811013000047 ], [ 121.53429729700008, 25.100803359000043 ], [ 121.534284622000072, 25.100796992000028 ], [ 121.534201386000078, 25.100755179000025 ], [ 121.534110748000117, 25.100691759000025 ], [ 121.533999625000092, 25.100639670000074 ], [ 121.533932706000087, 25.100624654000047 ], [ 121.533900948000124, 25.100617528000036 ], [ 121.533818797000094, 25.100617823000039 ], [ 121.533679166000056, 25.100622081000033 ], [ 121.533584611000052, 25.100603669000058 ], [ 121.53346132700004, 25.10058911700002 ], [ 121.533358626000094, 25.100585740000032 ], [ 121.53323953000006, 25.100589915000047 ], [ 121.533099954000036, 25.10060916000003 ], [ 121.532968566, 25.100620880000054 ], [ 121.53282481600003, 25.100621396000058 ], [ 121.532762813000076, 25.10063007400003 ], [ 121.532752661000018, 25.100631496000052 ], [ 121.532902117000063, 25.101513191000038 ], [ 121.53343647500003, 25.101303609000063 ], [ 121.533559346000075, 25.101303167000019 ], [ 121.533606873000053, 25.101390992000056 ], [ 121.533600072000013, 25.101537549000053 ], [ 121.533572516000064, 25.10213156400004 ], [ 121.533542842000074, 25.102365559000074 ], [ 121.533533277000046, 25.102440976000022 ], [ 121.533524592000035, 25.102628426000024 ], [ 121.533497788000091, 25.103202558000071 ], [ 121.533487565000087, 25.103310430000072 ], [ 121.533467054000084, 25.103417081000021 ], [ 121.533460421000086, 25.103443141000064 ], [ 121.533427910000114, 25.10355099600002 ], [ 121.533385200000126, 25.103655859000057 ], [ 121.533332615000063, 25.103756933000046 ], [ 121.533270555000044, 25.103853450000027 ], [ 121.533199491000119, 25.103944675000029 ], [ 121.533167046, 25.103981290000029 ], [ 121.533148938000082, 25.104013688000066 ], [ 121.533062401000052, 25.104090790000036 ], [ 121.532968813000039, 25.104160730000043 ], [ 121.532868886000088, 25.104222977000056 ], [ 121.532763381000109, 25.104277057000036 ], [ 121.532698902000121, 25.104304939000023 ], [ 121.532586199000093, 25.104345218000038 ], [ 121.53247006800008, 25.104376398000049 ], [ 121.53237802700005, 25.104394193000072 ], [ 121.532086464000031, 25.104442364000072 ], [ 121.531421335000104, 25.104552253000055 ], [ 121.531246918000079, 25.104581623000044 ], [ 121.531151969, 25.104595036000028 ], [ 121.53123714600008, 25.105347267000067 ], [ 121.531285356000012, 25.105766065000061 ], [ 121.531412478000107, 25.105833774000075 ], [ 121.531651096000019, 25.105961585000038 ], [ 121.531706827000122, 25.106004630000022 ], [ 121.531851596000038, 25.106116442000022 ], [ 121.53188289700006, 25.10613947000007 ], [ 121.531980607000051, 25.106211357000056 ], [ 121.532074625000064, 25.106280525000042 ], [ 121.532090945000064, 25.106292532000055 ], [ 121.532216648000031, 25.106395523000053 ], [ 121.532291564000047, 25.106476922000066 ], [ 121.532358454000018, 25.106560440000056 ], [ 121.532378524000038, 25.106585496000029 ], [ 121.532444612000063, 25.10669415500006 ], [ 121.532498905000026, 25.106835518000018 ], [ 121.532536331000074, 25.106981928000035 ], [ 121.532599019000045, 25.107227154000032 ], [ 121.532614332000094, 25.107298076000056 ], [ 121.532709651000133, 25.107739526000042 ], [ 121.533351150000044, 25.107661167000057 ], [ 121.533684061000017, 25.10761791200002 ], [ 121.533911397000111, 25.107588347000043 ], [ 121.53423568900007, 25.107554940000046 ], [ 121.534434126000065, 25.107601133000053 ], [ 121.534441841000103, 25.107688226000036 ], [ 121.534493960000077, 25.107855570000019 ], [ 121.534582633000028, 25.107979520000061 ], [ 121.534657433000021, 25.108033698000039 ], [ 121.534714275000056, 25.108074327000047 ], [ 121.535383607000099, 25.108365917000064 ], [ 121.535784026000115, 25.108541418000065 ], [ 121.535888508000099, 25.108562816000077 ], [ 121.53599890200006, 25.108573313000072 ], [ 121.536091301000042, 25.108559365000065 ] ] ] } },
{ "type": "Feature", "properties": { "COUNTY": "臺北市", "TOWN": "士林區", "VILLAGE": "永福里", "geo_iid": "臺北市士林區永福里", "size_counts": 1 }, "geometry": { "type": "Polygon", "coordinates": [ [ [ 121.556365901000049, 25.116202829000024 ], [ 121.556365762000041, 25.116190100000033 ], [ 121.55637076000005, 25.116179394000028 ], [ 121.556375399000117, 25.116167615000048 ], [ 121.556378426000038, 25.116150083000029 ], [ 121.556377831000077, 25.116077535000038 ], [ 121.556371290000016, 25.116041261000074 ], [ 121.55634155700011, 25.115988336000033 ], [ 121.556321934000039, 25.115942548000071 ], [ 121.556311824000076, 25.115916384000052 ], [ 121.556308851000054, 25.115888434000052 ], [ 121.556307662000123, 25.115853945000023 ], [ 121.556321934000039, 25.115771883000036 ], [ 121.556324338000081, 25.115739630000057 ], [ 121.556289388000096, 25.115584851000044 ], [ 121.556321011, 25.115356845000061 ], [ 121.556317682000099, 25.115305252000031 ], [ 121.556287724000072, 25.115150473000021 ], [ 121.556252775000075, 25.115025653000021 ], [ 121.556246118000118, 25.11496740300003 ], [ 121.556241125000042, 25.11487753100004 ], [ 121.556270962000085, 25.114621077000027 ], [ 121.556281900000059, 25.114513071000019 ], [ 121.556273593000014, 25.114443846000022 ], [ 121.556258364000087, 25.114320627000033 ], [ 121.556254210000034, 25.114259711000042 ], [ 121.556263901000079, 25.114150335000023 ], [ 121.556281900000059, 25.11406588200003 ], [ 121.556323435000067, 25.113910820000051 ], [ 121.556342818000076, 25.113865132000051 ], [ 121.556374628000071, 25.113808349000063 ], [ 121.556488942000101, 25.113669872000056 ], [ 121.556555857000035, 25.113561135000047 ], [ 121.556582809000034, 25.113484925000016 ], [ 121.556617196000062, 25.113428234000018 ], [ 121.556804539000026, 25.113171249000054 ], [ 121.556624118000059, 25.113215883000066 ], [ 121.556526844000032, 25.113007432000067 ], [ 121.556357524000092, 25.112843218000016 ], [ 121.556055059000073, 25.112525632000018 ], [ 121.555776729000058, 25.112218950000049 ], [ 121.555582831000038, 25.111944922000074 ], [ 121.555303748000028, 25.111473382000035 ], [ 121.555145736000114, 25.11114426500005 ], [ 121.55513334200009, 25.111067385000066 ], [ 121.555192753000028, 25.110891316000046 ], [ 121.555203411000093, 25.110583550000047 ], [ 121.555142212000078, 25.110363976000023 ], [ 121.554969592000035, 25.110131029000051 ], [ 121.554549378000033, 25.10973975600006 ], [ 121.554294201000062, 25.109552786000044 ], [ 121.554041989000083, 25.109367988000017 ], [ 121.553709158000061, 25.108828159000037 ], [ 121.553193154000041, 25.108041336000028 ], [ 121.552588018000051, 25.107351203000061 ], [ 121.550650232000066, 25.105538578000044 ], [ 121.549931007000055, 25.104794442000063 ], [ 121.549322798000063, 25.104165155000025 ], [ 121.548887489000109, 25.103749136000026 ], [ 121.548609825000071, 25.10358531300005 ], [ 121.547380318000023, 25.103271133000074 ], [ 121.546732797000104, 25.103078927000066 ], [ 121.54518609600008, 25.102619799000021 ], [ 121.544847516000118, 25.102291333000029 ], [ 121.544781207000042, 25.102099065000054 ], [ 121.544737738000109, 25.101973023000024 ], [ 121.544831879000071, 25.101478107000041 ], [ 121.544863469, 25.100455891000017 ], [ 121.544884231000097, 25.099708473000064 ], [ 121.544906754000053, 25.099356697000076 ], [ 121.544809462000103, 25.099137251000059 ], [ 121.544801191000047, 25.099129435000062 ], [ 121.544531386000031, 25.098874502000051 ], [ 121.544181893000072, 25.098798859000052 ], [ 121.543929009000067, 25.098788791000054 ], [ 121.543662485000027, 25.098416101000051 ], [ 121.54319255300004, 25.098329899000067 ], [ 121.542579113000116, 25.098464035000056 ], [ 121.541581426000093, 25.098830361000058 ], [ 121.54007854200006, 25.099308418000074 ], [ 121.539417940000021, 25.099673501000041 ], [ 121.539106067000034, 25.09993839600002 ], [ 121.539108801000111, 25.099941024000017 ], [ 121.539757447000071, 25.100564409000064 ], [ 121.539850198000082, 25.100632133000037 ], [ 121.539931037000088, 25.100705336000026 ], [ 121.539955321000093, 25.100803246000048 ], [ 121.539961579000078, 25.100870979000028 ], [ 121.539978504000047, 25.101054176000037 ], [ 121.540024210000084, 25.101548895000064 ], [ 121.540027612000017, 25.101644163000046 ], [ 121.539989097000102, 25.101701468000037 ], [ 121.539870115000099, 25.10177268100005 ], [ 121.539721346000093, 25.101852172000058 ], [ 121.539587619000031, 25.101961545000044 ], [ 121.539439087000119, 25.102092755000044 ], [ 121.539329596000016, 25.102289151000029 ], [ 121.539176359000066, 25.102708939000021 ], [ 121.539043273000061, 25.102962595000061 ], [ 121.53894555300009, 25.10312355600006 ], [ 121.539367478000031, 25.103668178000063 ], [ 121.539515496000035, 25.103880221000047 ], [ 121.539662976000059, 25.103969189000043 ], [ 121.539834569000064, 25.103968556000034 ], [ 121.540177721000077, 25.10395612000007 ], [ 121.540398492000023, 25.103988881000074 ], [ 121.540509147000066, 25.10406679500004 ], [ 121.540620306000051, 25.104256591000013 ], [ 121.540645749000078, 25.104469080000047 ], [ 121.540695566000053, 25.104647904000039 ], [ 121.540868293000017, 25.10490460800002 ], [ 121.540946875000031, 25.104990996000019 ], [ 121.541040735000024, 25.105094179000044 ], [ 121.541102856000066, 25.105284154000053 ], [ 121.541203130000099, 25.105787259000063 ], [ 121.54135062200011, 25.105887393000046 ], [ 121.541449014, 25.105954191000016 ], [ 121.54187840900012, 25.106042125000037 ], [ 121.542149259000098, 25.106309654000015 ], [ 121.542408290000026, 25.106677922000067 ], [ 121.542753867000116, 25.107213694000045 ], [ 121.54290137800001, 25.107511003000063 ], [ 121.543050004000065, 25.107810558000033 ], [ 121.54306230400006, 25.107834533000062 ], [ 121.543154407000088, 25.108014045000058 ], [ 121.543215081000085, 25.10818288900003 ], [ 121.543413465000071, 25.108694336000035 ], [ 121.543551177000055, 25.10903693900007 ], [ 121.54365038200001, 25.109295154000048 ], [ 121.543710638000121, 25.109369521000069 ], [ 121.543781871000078, 25.109463737000048 ], [ 121.544023331000076, 25.109860651000073 ], [ 121.544225998000101, 25.110108528000062 ], [ 121.54436835200012, 25.110267132000047 ], [ 121.544433878000078, 25.110301694000036 ], [ 121.544570339000089, 25.110360867000043 ], [ 121.544734300000087, 25.110479605000016 ], [ 121.544914503000086, 25.110573420000033 ], [ 121.545165587000056, 25.110681898000042 ], [ 121.545596436000096, 25.110784739000042 ], [ 121.545849642000022, 25.110838378000036 ], [ 121.545896353000103, 25.110848274000031 ], [ 121.546021857000042, 25.110895462000023 ], [ 121.546158293000076, 25.11094676000004 ], [ 121.546425663000036, 25.111040253000041 ], [ 121.546891082000116, 25.11124435500005 ], [ 121.54706388000011, 25.111306697000025 ], [ 121.547363281000131, 25.11138957900004 ], [ 121.548065686000072, 25.111575938000041 ], [ 121.548826033000068, 25.111856556000067 ], [ 121.549286923000068, 25.112043812000017 ], [ 121.549758893000089, 25.112136540000041 ], [ 121.549995281000079, 25.112917915000022 ], [ 121.550050742000067, 25.113101239000049 ], [ 121.550283486000026, 25.113709228000054 ], [ 121.55086968500008, 25.113623062000041 ], [ 121.551433019000115, 25.113568478000047 ], [ 121.551594084000044, 25.113578378000053 ], [ 121.551697970000092, 25.113661970000063 ], [ 121.551928509000049, 25.113776587000068 ], [ 121.552216947000034, 25.113974968000033 ], [ 121.55237857800013, 25.114110829000026 ], [ 121.55256311200003, 25.114225619000013 ], [ 121.552712921000065, 25.114288048000049 ], [ 121.552839765000044, 25.114361052000046 ], [ 121.553255843000102, 25.114810896000051 ], [ 121.553359920000048, 25.114936482000072 ], [ 121.55349822800008, 25.114998954000036 ], [ 121.553647842000032, 25.115019384000043 ], [ 121.553762949000102, 25.115039954000043 ], [ 121.553921837000061, 25.115068340000043 ], [ 121.553993160000132, 25.115081082000067 ], [ 121.555218194000091, 25.114704407000023 ], [ 121.555628878000121, 25.115783756000035 ], [ 121.55648636, 25.116620918000017 ], [ 121.556365901000049, 25.116202829000024 ] ] ] } },
{ "type": "Feature", "properties": { "COUNTY": "臺北市", "TOWN": "士林區", "VILLAGE": "三玉里", "geo_iid": "臺北市士林區三玉里", "size_counts": 1 }, "geometry": { "type": "Polygon", "coordinates": [ [ [ 121.539075094000054, 25.11554884600001 ], [ 121.539132097000092, 25.114472932000069 ], [ 121.539144703000034, 25.113908287000061 ], [ 121.538646932, 25.11378374200007 ], [ 121.538008899000019, 25.113624099000038 ], [ 121.537349090000021, 25.113459004000042 ], [ 121.536571535, 25.113261909000073 ], [ 121.536302409000072, 25.113193689000063 ], [ 121.535755699000106, 25.113049339000035 ], [ 121.535725584000033, 25.113041389000035 ], [ 121.535461001000058, 25.112974797000042 ], [ 121.535265208000055, 25.112927258000067 ], [ 121.534551187000034, 25.112828524000058 ], [ 121.534673119000104, 25.112147720000049 ], [ 121.53476820800006, 25.111616782000048 ], [ 121.534770575000039, 25.111603604000035 ], [ 121.534866249000061, 25.111070878000071 ], [ 121.534868139000096, 25.111060688000059 ], [ 121.534869522, 25.111053238000064 ], [ 121.5349412180001, 25.110666748000021 ], [ 121.534974349000095, 25.110488152000062 ], [ 121.534975080000081, 25.110483833000036 ], [ 121.535000216000071, 25.110335332000034 ], [ 121.535000559000096, 25.110333298000047 ], [ 121.535027404000061, 25.110174699000023 ], [ 121.535077731000115, 25.109877364000049 ], [ 121.534342735000124, 25.109753002000033 ], [ 121.534127700000113, 25.109716617000061 ], [ 121.532852372000093, 25.109264468000049 ], [ 121.532698106000112, 25.109209774000075 ], [ 121.532168284000022, 25.109021927000065 ], [ 121.531765293000035, 25.108879046000016 ], [ 121.531046362000112, 25.108624146000061 ], [ 121.530311646000101, 25.108363644000061 ], [ 121.529057382000019, 25.107922599000059 ], [ 121.529023721000044, 25.10791076300006 ], [ 121.529202976000064, 25.108778667000017 ], [ 121.529328318000012, 25.109385526000032 ], [ 121.52932928700011, 25.109390234000031 ], [ 121.529488831000094, 25.110166229000061 ], [ 121.529615959000012, 25.11078454100004 ], [ 121.529617324000014, 25.110791001000045 ], [ 121.529618646, 25.11079726000002 ], [ 121.529754577000062, 25.111440462000065 ], [ 121.529757746000101, 25.111450438000077 ], [ 121.529846341000066, 25.111729319000055 ], [ 121.529881298000078, 25.111840855000015 ], [ 121.5300044170001, 25.112233680000024 ], [ 121.530575947000116, 25.112316449000037 ], [ 121.531056172000049, 25.112385993000029 ], [ 121.531096676000061, 25.112450110000047 ], [ 121.531142278000061, 25.112527984000046 ], [ 121.531248543000061, 25.112679083000039 ], [ 121.531344752000109, 25.112830211000073 ], [ 121.531446010000082, 25.11298592300005 ], [ 121.531794958000091, 25.113434509000054 ], [ 121.531941681000021, 25.113635956000049 ], [ 121.532191673000057, 25.113950786000022 ], [ 121.532290594000088, 25.114075361000051 ], [ 121.532542957000018, 25.114394480000037 ], [ 121.532634473000044, 25.114510204000052 ], [ 121.532733351000047, 25.114640487000031 ], [ 121.532922352000028, 25.114889520000066 ], [ 121.53297842500001, 25.114963400000068 ], [ 121.533201006000013, 25.115260965000061 ], [ 121.533304847000068, 25.115392277000062 ], [ 121.533544881000026, 25.115695806000073 ], [ 121.533635950000075, 25.115819423000055 ], [ 121.533737153000061, 25.115961349000024 ], [ 121.533863662000044, 25.116139916000055 ], [ 121.533964886000035, 25.116286437000038 ], [ 121.534071196000014, 25.116446716000027 ], [ 121.534182735000044, 25.116652874000064 ], [ 121.53429432300004, 25.116868213000025 ], [ 121.534306856000057, 25.116896488000059 ], [ 121.534375588000103, 25.117051532000055 ], [ 121.534461960000058, 25.11725319400005 ], [ 121.534533091000085, 25.117418186000048 ], [ 121.534594377000076, 25.117633706000049 ], [ 121.534640821000039, 25.117904360000065 ], [ 121.53465540600007, 25.11807296000006 ], [ 121.535365883000054, 25.118089068000064 ], [ 121.53576100600003, 25.118098027000023 ], [ 121.536701553000071, 25.118119345000018 ], [ 121.538192650000042, 25.118153131000035 ], [ 121.53893701100003, 25.118155020000071 ], [ 121.539075094000054, 25.11554884600001 ] ] ] } },
{ "type": "Feature", "properties": { "COUNTY": "臺北市", "TOWN": "北投區", "VILLAGE": "振華里", "geo_iid": "臺北市北投區振華里", "size_counts": 1 }, "geometry": { "type": "Polygon", "coordinates": [ [ [ 121.52142994200004, 25.118859678000028 ], [ 121.521670844000042, 25.118657649000049 ], [ 121.521767643000075, 25.11856861800004 ], [ 121.521876147000057, 25.118444931000052 ], [ 121.521949295, 25.118366798000061 ], [ 121.521994112000016, 25.118316886000059 ], [ 121.522034134000023, 25.118254018000066 ], [ 121.522085831000027, 25.118149996000049 ], [ 121.522160926000083, 25.117972350000052 ], [ 121.522273304, 25.117645310000054 ], [ 121.521879282000114, 25.117508254000022 ], [ 121.521637144, 25.117418248000028 ], [ 121.521494713000038, 25.117364671000072 ], [ 121.521349925000095, 25.117317584000027 ], [ 121.52124068900001, 25.117268216000063 ], [ 121.521126668000093, 25.117208047000066 ], [ 121.520706102000076, 25.116958582000045 ], [ 121.52049700900011, 25.116836011000022 ], [ 121.520423277000077, 25.116773534000057 ], [ 121.520403919000046, 25.116757467000063 ], [ 121.52036618800004, 25.116726147000058 ], [ 121.520320867, 25.116657080000031 ], [ 121.520287312000065, 25.116570674000055 ], [ 121.520265553000073, 25.116469076000033 ], [ 121.520257578000042, 25.116426966000056 ], [ 121.520203023000022, 25.116138941000031 ], [ 121.520140231000042, 25.115807428000032 ], [ 121.520113203000065, 25.115664729000052 ], [ 121.520080464000117, 25.115491884000043 ], [ 121.520905583000058, 25.115319774000053 ], [ 121.520920542000127, 25.115316826000026 ], [ 121.521520953000064, 25.11519848500005 ], [ 121.521753200000035, 25.115152711000064 ], [ 121.521635814000092, 25.114556118000049 ], [ 121.521699386000023, 25.114395232000039 ], [ 121.521738060000075, 25.114290543000035 ], [ 121.521774013000041, 25.114203711000069 ], [ 121.521815483000083, 25.114099013000036 ], [ 121.521834647000105, 25.114007139000016 ], [ 121.521853876000023, 25.11392801300007 ], [ 121.521842387000106, 25.113854096000065 ], [ 121.522183041000076, 25.113804443000046 ], [ 121.522144132000122, 25.113645687000023 ], [ 121.521991176000029, 25.113086074000012 ], [ 121.521923314000105, 25.112843522000041 ], [ 121.521872557000052, 25.112682750000019 ], [ 121.521837354000027, 25.112595437000028 ], [ 121.521800602000084, 25.112496079000028 ], [ 121.521782296000069, 25.112446588000061 ], [ 121.52171855600011, 25.112303736000051 ], [ 121.521639501000095, 25.112143052000075 ], [ 121.521584568000094, 25.112026008000043 ], [ 121.521527557000013, 25.111928841000061 ], [ 121.521170116, 25.111991533000033 ], [ 121.520823699000061, 25.112049185000039 ], [ 121.520535854000059, 25.112097086000059 ], [ 121.520300052000053, 25.112137377000057 ], [ 121.519727100000068, 25.112235272000063 ], [ 121.519452795000021, 25.112282140000037 ], [ 121.51956122300011, 25.112854174000063 ], [ 121.519691159000104, 25.113539664000019 ], [ 121.519766427000036, 25.113936745000039 ], [ 121.519781933000118, 25.114018548000043 ], [ 121.519813457000055, 25.114184849000022 ], [ 121.519079030000057, 25.114304298000032 ], [ 121.519038823000088, 25.114310002000018 ], [ 121.519017818000066, 25.114312981000062 ], [ 121.518982821, 25.114316796000018 ], [ 121.519048855000037, 25.114633024000046 ], [ 121.518776316000086, 25.114698348000044 ], [ 121.518510916000082, 25.114755138000074 ], [ 121.518373936000103, 25.114784447000027 ], [ 121.518184728000051, 25.114807136000014 ], [ 121.517883901000118, 25.114839367000052 ], [ 121.51784153600012, 25.114843906000029 ], [ 121.517881090000074, 25.114982664000024 ], [ 121.517890527000077, 25.115019898000064 ], [ 121.51761047300009, 25.115064915000055 ], [ 121.517659587000026, 25.115269706000038 ], [ 121.516886155000051, 25.115387594000023 ], [ 121.516781206000019, 25.115062856000058 ], [ 121.516778979000023, 25.115055961000046 ], [ 121.516714057000044, 25.114908968000059 ], [ 121.516675152000062, 25.114836689000061 ], [ 121.516648487000126, 25.114787146000019 ], [ 121.516530318000036, 25.11461932100007 ], [ 121.516379583000102, 25.114443356000042 ], [ 121.516210863000083, 25.114287254000029 ], [ 121.515871952000126, 25.114012617000061 ], [ 121.515751022000018, 25.114184521000027 ], [ 121.515685395000119, 25.114277814000037 ], [ 121.514995824000039, 25.115258047000047 ], [ 121.515278831000032, 25.115259556000058 ], [ 121.515367231000027, 25.115351894000067 ], [ 121.515575176000098, 25.115528617000042 ], [ 121.515683025000058, 25.115628634000064 ], [ 121.515946407000115, 25.116216056000038 ], [ 121.516049513000112, 25.116402478000047 ], [ 121.516124340000033, 25.116556308000035 ], [ 121.516175876000034, 25.116662713000032 ], [ 121.516196591000025, 25.116705479000071 ], [ 121.516207019000035, 25.116727916000055 ], [ 121.516284357000018, 25.116894284000065 ], [ 121.516406347000057, 25.117151705000019 ], [ 121.516482652000022, 25.117310798000055 ], [ 121.516532047000055, 25.117419980000015 ], [ 121.516576792000023, 25.117481927000025 ], [ 121.51661725200006, 25.11752105000004 ], [ 121.51669396200009, 25.11757693000003 ], [ 121.516796519000096, 25.117632601000018 ], [ 121.516976034000109, 25.11773937100002 ], [ 121.518548004000081, 25.118660771000059 ], [ 121.518683822000071, 25.118716334000052 ], [ 121.518814405000072, 25.11874622900006 ], [ 121.518883540000047, 25.118759989000061 ], [ 121.518990999000039, 25.118766618000045 ], [ 121.519116300000064, 25.118754506000059 ], [ 121.519354067000108, 25.118723322000044 ], [ 121.519745235000073, 25.118670590000079 ], [ 121.520062252000116, 25.118627452000045 ], [ 121.520213096000035, 25.118608235000057 ], [ 121.520343560000015, 25.118607777000015 ], [ 121.520468957000034, 25.118621349000019 ], [ 121.520579075000128, 25.118648976000017 ], [ 121.52068154600012, 25.11868363600006 ], [ 121.520950607000046, 25.118792425000031 ], [ 121.521307118000109, 25.118961776000045 ], [ 121.52142994200004, 25.118859678000028 ] ] ] } },
{ "type": "Feature", "properties": { "COUNTY": "臺北市", "TOWN": "北投區", "VILLAGE": "關渡里", "geo_iid": "臺北市北投區關渡里", "size_counts": 1 }, "geometry": { "type": "Polygon", "coordinates": [ [ [ 121.464536964000089, 25.123976620000057 ], [ 121.464985393000021, 25.12378370000004 ], [ 121.465038939000024, 25.12370161200004 ], [ 121.465164137000087, 25.123575603000063 ], [ 121.465343159000113, 25.123443972000072 ], [ 121.465612038000032, 25.123333897000055 ], [ 121.465911052000024, 25.123283800000014 ], [ 121.466394411000024, 25.123248597000032 ], [ 121.466694759000021, 25.123226722000023 ], [ 121.466858171000027, 25.123213072000048 ], [ 121.468762554000023, 25.123053984000016 ], [ 121.469548323000026, 25.122988336000041 ], [ 121.473269438000116, 25.12271434400002 ], [ 121.474436060000031, 25.122639614000029 ], [ 121.474327528000131, 25.122426963000063 ], [ 121.474285199000079, 25.122312407000031 ], [ 121.474200437000036, 25.122055994000046 ], [ 121.474158111000065, 25.121941437000025 ], [ 121.474085560000049, 25.121750519000042 ], [ 121.474013282000101, 25.121625134000055 ], [ 121.47400706100008, 25.121565081000021 ], [ 121.474000242000102, 25.121346644000017 ], [ 121.473993285, 25.121095442000062 ], [ 121.473950474000048, 25.120855270000046 ], [ 121.473829659000089, 25.120560738000052 ], [ 121.473690729000069, 25.120222578000032 ], [ 121.473672076000085, 25.12016377600003 ], [ 121.473642267000059, 25.120069816000068 ], [ 121.473616922000033, 25.119703982000022 ], [ 121.473509953000061, 25.118338968000035 ], [ 121.473602418000041, 25.117486687000049 ], [ 121.473787775000119, 25.115891346000055 ], [ 121.473822306000102, 25.115536243000061 ], [ 121.473933838000107, 25.114973357000046 ], [ 121.474174552, 25.113771063000048 ], [ 121.474576965000097, 25.112606492000044 ], [ 121.47525442000007, 25.111424107000055 ], [ 121.475347084000077, 25.111437445000028 ], [ 121.475295623000079, 25.111415991000047 ], [ 121.475287498000043, 25.111412604000062 ], [ 121.474891053000079, 25.111280431000058 ], [ 121.474540079, 25.111145612000023 ], [ 121.474153088000108, 25.111024962000041 ], [ 121.473533919000033, 25.110834753000056 ], [ 121.473126495000102, 25.110761059000023 ], [ 121.472693395000078, 25.110710891000043 ], [ 121.472322138000095, 25.110660516000046 ], [ 121.471636690000068, 25.11065803200005 ], [ 121.471483835000072, 25.110671167000071 ], [ 121.471239988000093, 25.110692120000063 ], [ 121.470673814000065, 25.110720075000064 ], [ 121.470617125000103, 25.110720265000051 ], [ 121.470555264000041, 25.110715776000053 ], [ 121.470225360000086, 25.110698079000024 ], [ 121.469880159000013, 25.110722621000029 ], [ 121.469437195000083, 25.110789680000028 ], [ 121.469313599000074, 25.110813507000039 ], [ 121.469081808000055, 25.110847075000034 ], [ 121.468932406000022, 25.110861615000029 ], [ 121.468613217000097, 25.110951715000056 ], [ 121.468000822, 25.111188074000037 ], [ 121.467265090000083, 25.111518585000049 ], [ 121.466885903000062, 25.111695755000024 ], [ 121.466608294000011, 25.111879473000037 ], [ 121.466114706000099, 25.112190466000065 ], [ 121.46565729800011, 25.112529464000033 ], [ 121.465292302000094, 25.112774405000025 ], [ 121.465104712000098, 25.11290995500007 ], [ 121.46474982800008, 25.113103285000012 ], [ 121.464441396000112, 25.113315230000062 ], [ 121.46406621800007, 25.113593026000043 ], [ 121.463829767000107, 25.11375786900004 ], [ 121.463546861000054, 25.113904105000071 ], [ 121.463325730000065, 25.114031388000058 ], [ 121.463144344000057, 25.114172630000038 ], [ 121.462914632000107, 25.114351500000051 ], [ 121.462410887000019, 25.114704709000012 ], [ 121.461956042000111, 25.115056039000013 ], [ 121.461791720000065, 25.115215959000061 ], [ 121.46166342000005, 25.11536170200003 ], [ 121.46142734600005, 25.115629671000075 ], [ 121.461083411000118, 25.115996448000029 ], [ 121.460929967000084, 25.116181425000033 ], [ 121.460935093000117, 25.116196287000037 ], [ 121.460889217000044, 25.116253584000045 ], [ 121.460884319000129, 25.116315560000018 ], [ 121.460866873000086, 25.116403937000019 ], [ 121.46084563700002, 25.116490032000058 ], [ 121.46080674400001, 25.116574997000029 ], [ 121.460764146000102, 25.116693262000062 ], [ 121.460736639000061, 25.11679428300004 ], [ 121.46069274100013, 25.11689647300005 ], [ 121.460656442000086, 25.117012425000034 ], [ 121.460640226, 25.117087037000029 ], [ 121.460621512000102, 25.117174270000078 ], [ 121.460593937000112, 25.117244306000025 ], [ 121.460572734000039, 25.117344167000052 ], [ 121.460530229000028, 25.117502589000019 ], [ 121.460498868000045, 25.117573782000072 ], [ 121.460483895000053, 25.117641503000062 ], [ 121.4604676780001, 25.11771611700004 ], [ 121.460427585000048, 25.117827485000074 ], [ 121.460385105000114, 25.117996224000013 ], [ 121.46035371500011, 25.118054797000063 ], [ 121.460327507000102, 25.118170727000056 ], [ 121.460282519000089, 25.118346372000062 ], [ 121.460238696000047, 25.118480682000026 ], [ 121.460223746000111, 25.118557594000031 ], [ 121.460182434000103, 25.118687320000038 ], [ 121.460164927000051, 25.118750464000062 ], [ 121.460117244000131, 25.118851509000017 ], [ 121.460058344000117, 25.119009953000042 ], [ 121.460043349000102, 25.119068492000054 ], [ 121.46003216400004, 25.119139659000034 ], [ 121.460019701000078, 25.119201639000028 ], [ 121.459983396000112, 25.119315298000053 ], [ 121.459938390000062, 25.119482899000044 ], [ 121.459923422000088, 25.119552914000042 ], [ 121.459894639000041, 25.11964704800004 ], [ 121.459892271000058, 25.119712472000053 ], [ 121.459868730000039, 25.119891517000035 ], [ 121.459843756000055, 25.119997116000029 ], [ 121.45983131200002, 25.120068276000033 ], [ 121.459808810000041, 25.120152073000035 ], [ 121.45980013000009, 25.120214069000042 ], [ 121.45978767500003, 25.120281783000046 ], [ 121.459746461000023, 25.120452819000029 ], [ 121.459728996000081, 25.120533187000028 ], [ 121.459699005000076, 25.12065026600003 ], [ 121.459700410000096, 25.120711085000032 ], [ 121.459659172000102, 25.120872930000065 ], [ 121.459624058000031, 25.120957887000021 ], [ 121.459628040000084, 25.121040525000065 ], [ 121.459589163000018, 25.121133527000033 ], [ 121.459574162000081, 25.121189773000022 ], [ 121.459520253000065, 25.121326407000023 ], [ 121.4594876970001, 25.121425140000028 ], [ 121.459467681000092, 25.121495162000031 ], [ 121.459433951000051, 25.121630605000053 ], [ 121.45941523700003, 25.121716711000026 ], [ 121.459382757000085, 25.121849868000023 ], [ 121.45936527500011, 25.121922180000062 ], [ 121.459335140000022, 25.121978456000072 ], [ 121.459289962000071, 25.122073767000071 ], [ 121.459266106000072, 25.122118551000025 ], [ 121.459219608000012, 25.122189762000058 ], [ 121.459126665000099, 25.122351681000048 ], [ 121.459104050000064, 25.122388450000066 ], [ 121.45903996100003, 25.122486079000048 ], [ 121.459003532000111, 25.122548098000024 ], [ 121.45894074300007, 25.122662940000048 ], [ 121.458874206000019, 25.122791561000035 ], [ 121.458835220000083, 25.122838662000042 ], [ 121.458803859000113, 25.122909855000035 ], [ 121.458793203000042, 25.122940125000063 ], [ 121.458921254000074, 25.122955591000036 ], [ 121.459112944000026, 25.122951864000058 ], [ 121.459188592000018, 25.122942573000039 ], [ 121.45926931200006, 25.122944761000035 ], [ 121.45933740800001, 25.122942365000029 ], [ 121.459443369000056, 25.122952537000053 ], [ 121.459592208000132, 25.12296035300005 ], [ 121.459690553000087, 25.12294988300004 ], [ 121.459776294000093, 25.12294172800005 ], [ 121.459846891000112, 25.122930159000077 ], [ 121.459959154000103, 25.122936880000044 ], [ 121.460101697000027, 25.122950440000064 ], [ 121.460154680000073, 25.122957244000077 ], [ 121.460273259, 25.122969696000037 ], [ 121.460346366000067, 25.122951241000063 ], [ 121.460438470000113, 25.122968316000016 ], [ 121.46060113700004, 25.122957745000058 ], [ 121.460696978000115, 25.122955308000027 ], [ 121.460787824000022, 25.122972402000062 ], [ 121.460882382, 25.122960780000021 ], [ 121.461110698000098, 25.122978811000046 ], [ 121.461346603000038, 25.123007156000025 ], [ 121.461421062000127, 25.123028845000071 ], [ 121.461511974, 25.123073474000016 ], [ 121.461558798000056, 25.123141102000034 ], [ 121.461543976000044, 25.123243604000027 ], [ 121.461530589000077, 25.123296603000025 ], [ 121.461542478000055, 25.123361879000065 ], [ 121.461558900000114, 25.123387320000052 ], [ 121.461576548000025, 25.123414661000016 ], [ 121.461686025000049, 25.123523769000023 ], [ 121.461765344000028, 25.123577797000046 ], [ 121.461823364000111, 25.123561826000067 ], [ 121.461989737000067, 25.123578127000023 ], [ 121.462246846000099, 25.123609474000027 ], [ 121.46248881300005, 25.123651113000047 ], [ 121.462709338000096, 25.123697318000037 ], [ 121.462850502000052, 25.12371128400002 ], [ 121.462975272000108, 25.123730975000047 ], [ 121.463077311, 25.123770118000035 ], [ 121.463329297000072, 25.123847324000049 ], [ 121.463482978000116, 25.123909479000069 ], [ 121.463611508000113, 25.123940647000037 ], [ 121.463776714000119, 25.123906473000027 ], [ 121.463853617000041, 25.123904300000042 ], [ 121.464132066000047, 25.123986126000027 ], [ 121.464208887000041, 25.124028669000033 ], [ 121.464263067000047, 25.124043666000023 ], [ 121.464322639000088, 25.124068825000041 ], [ 121.464536964000089, 25.123976620000057 ] ] ] } },
{ "type": "Feature", "properties": { "COUNTY": "臺北市", "TOWN": "士林區", "VILLAGE": "天和里", "geo_iid": "臺北市士林區天和里", "size_counts": 1 }, "geometry": { "type": "Polygon", "coordinates": [ [ [ 121.536509371000079, 25.125785531000076 ], [ 121.536454586000104, 25.125698249000031 ], [ 121.5364750130001, 25.125629608000043 ], [ 121.536180421000026, 25.125309588000039 ], [ 121.536162643, 25.125290276000044 ], [ 121.536260312000095, 25.125110230000072 ], [ 121.536380829000109, 25.124826072000076 ], [ 121.5363951060001, 25.124734868000068 ], [ 121.536404784000069, 25.124673043000026 ], [ 121.536366496000028, 25.124398189000026 ], [ 121.536421610000048, 25.124279534000028 ], [ 121.536615137000027, 25.124012309000012 ], [ 121.53678985900001, 25.123685920000064 ], [ 121.536988172000065, 25.123452513000068 ], [ 121.537284305000071, 25.123328749000041 ], [ 121.53765951000004, 25.123263929000064 ], [ 121.538496846000044, 25.123197077000032 ], [ 121.539346736000084, 25.123200873000023 ], [ 121.539392269000032, 25.121091153000055 ], [ 121.53939190500013, 25.121074147000051 ], [ 121.539378417000094, 25.120442842000038 ], [ 121.539310726000039, 25.120076192000045 ], [ 121.539310285000056, 25.119975677000063 ], [ 121.539348609000058, 25.11992527000006 ], [ 121.539320278000105, 25.119744443000052 ], [ 121.539286555000103, 25.119588753000066 ], [ 121.539280323000085, 25.119422922000059 ], [ 121.539301222000077, 25.119166515000067 ], [ 121.539366466000047, 25.118975291000016 ], [ 121.539332985000101, 25.118874887000057 ], [ 121.539309870000011, 25.118628697000066 ], [ 121.539093523000034, 25.118267617000072 ], [ 121.53893701100003, 25.118155020000071 ], [ 121.538192650000042, 25.118153131000035 ], [ 121.536701553000071, 25.118119345000018 ], [ 121.53576100600003, 25.118098027000023 ], [ 121.535365883000054, 25.118089068000064 ], [ 121.53465540600007, 25.11807296000006 ], [ 121.534567907000124, 25.118070765000027 ], [ 121.534574844000076, 25.118398149000026 ], [ 121.534453608000049, 25.118616711000069 ], [ 121.534300844000086, 25.118904587000017 ], [ 121.534252351000077, 25.118995968000032 ], [ 121.534225696000036, 25.119046201000057 ], [ 121.534183372000044, 25.119125955000065 ], [ 121.534170213000039, 25.119150755000071 ], [ 121.534120320000056, 25.11924770500007 ], [ 121.534077536000041, 25.11932657400007 ], [ 121.534047206000096, 25.119377530000062 ], [ 121.533998936000103, 25.119435103000054 ], [ 121.533950623000024, 25.119482846000032 ], [ 121.533893317000107, 25.119525691000039 ], [ 121.533744588000104, 25.119622989000042 ], [ 121.53352957200002, 25.119766441000017 ], [ 121.533383216000061, 25.119859273000021 ], [ 121.533352029000056, 25.119879055000059 ], [ 121.533316325000101, 25.119901700000057 ], [ 121.533266392000087, 25.119906966000023 ], [ 121.533179244000067, 25.120073562000066 ], [ 121.53292964000002, 25.120507695000072 ], [ 121.532901147000061, 25.120557252000015 ], [ 121.53285864100009, 25.120652244000038 ], [ 121.532829564000068, 25.12072038400003 ], [ 121.532814053000024, 25.120788483000062 ], [ 121.532834667000088, 25.120854386000069 ], [ 121.532887218000042, 25.120990267000014 ], [ 121.532923782000012, 25.121087042000045 ], [ 121.533048394000048, 25.121373771000034 ], [ 121.533064402000022, 25.121410605000044 ], [ 121.533308997000049, 25.121973412000035 ], [ 121.5333335790001, 25.122029974000039 ], [ 121.533367532000057, 25.122068546000033 ], [ 121.533414371000063, 25.122119593000029 ], [ 121.533462937000081, 25.122198441 ], [ 121.533521590000063, 25.122318850000045 ], [ 121.533532674000071, 25.12234160700006 ], [ 121.533620431000031, 25.122562269000063 ], [ 121.533681950000073, 25.122691888000062 ], [ 121.533787536000091, 25.122914355000031 ], [ 121.533837444000014, 25.123066351000027 ], [ 121.533841290000041, 25.123078063000023 ], [ 121.533886726000091, 25.123175951000061 ], [ 121.533922385000096, 25.123242043000058 ], [ 121.533951814000048, 25.123355347000018 ], [ 121.533961100000056, 25.123459216000061 ], [ 121.533955361000039, 25.123544163000069 ], [ 121.533946019000055, 25.12358726900003 ], [ 121.533895591000046, 25.123819822000026 ], [ 121.533890964000079, 25.123833085000051 ], [ 121.533883409000055, 25.12386087100003 ], [ 121.533878543000014, 25.123889152000054 ], [ 121.533876401000043, 25.12391771100004 ], [ 121.533877004000033, 25.12394633000002 ], [ 121.533880342000074, 25.123974793000048 ], [ 121.533886395000081, 25.124002882000063 ], [ 121.53389511200011, 25.124030385000022 ], [ 121.533907727000042, 25.124061007000012 ], [ 121.533919404, 25.124091965000044 ], [ 121.533937870000045, 25.124130841000056 ], [ 121.533959989000095, 25.124168107000049 ], [ 121.53407003800011, 25.124335720000026 ], [ 121.53407268, 25.124340679000056 ], [ 121.534074837000063, 25.124345831000021 ], [ 121.534076493000057, 25.124351133000051 ], [ 121.534077664000066, 25.124356727000066 ], [ 121.534078267000055, 25.124362214000023 ], [ 121.534078342000043, 25.12436772600006 ], [ 121.534075862, 25.124439963000036 ], [ 121.534075281000028, 25.12445682100002 ], [ 121.534074830000023, 25.124462288000068 ], [ 121.534073855000088, 25.124467730000042 ], [ 121.53407236200006, 25.124473075000022 ], [ 121.534070363000069, 25.124478279000066 ], [ 121.534067873000026, 25.124483306000052 ], [ 121.534064319000109, 25.124488971000059 ], [ 121.534060830000044, 25.124493477000041 ], [ 121.533968575000031, 25.124601974000026 ], [ 121.533964389000047, 25.12460594800006 ], [ 121.533957865000062, 25.124610962000077 ], [ 121.533952854000077, 25.124614056000038 ], [ 121.533947565000076, 25.12461674200005 ], [ 121.533942040000071, 25.124618996000034 ], [ 121.533862812000066, 25.12464762400003 ], [ 121.533854388, 25.124653215 ], [ 121.53384128800009, 25.124676411000049 ], [ 121.533839125000114, 25.124698789000028 ], [ 121.533835430000067, 25.124864079000073 ], [ 121.533844760000093, 25.125090485000037 ], [ 121.533844733000024, 25.125095397000045 ], [ 121.533844229000024, 25.125100462000027 ], [ 121.53384324, 25.125105467000015 ], [ 121.533841776000017, 25.125110376000062 ], [ 121.533839847000095, 25.125115149000059 ], [ 121.53383747000008, 25.125119750000064 ], [ 121.533834660000025, 25.125124147000054 ], [ 121.533718748000069, 25.125288399000052 ], [ 121.533868343000094, 25.125380342000025 ], [ 121.534197669000037, 25.125591682000046 ], [ 121.534317194000096, 25.125668386000019 ], [ 121.534393380000097, 25.125717277000032 ], [ 121.534455381000043, 25.125747460000067 ], [ 121.534715100000085, 25.125813373000021 ], [ 121.534860411000054, 25.12585025300006 ], [ 121.535112895000111, 25.125901467000059 ], [ 121.535164935000012, 25.125827430000065 ], [ 121.535175240000058, 25.125828334000055 ], [ 121.535307779000036, 25.125839951000042 ], [ 121.535465037000108, 25.125882814000072 ], [ 121.535617573000081, 25.12593439100004 ], [ 121.535789263000083, 25.126011961000071 ], [ 121.536080244000118, 25.126158596000039 ], [ 121.536237635000035, 25.12623187500003 ], [ 121.536318573000017, 25.126235906000026 ], [ 121.536401155000021, 25.126237223000022 ], [ 121.536509371000079, 25.125785531000076 ] ] ] } },
{ "type": "Feature", "properties": { "COUNTY": "臺北市", "TOWN": "北投區", "VILLAGE": "八仙里", "geo_iid": "臺北市北投區八仙里", "size_counts": 1 }, "geometry": { "type": "Polygon", "coordinates": [ [ [ 121.500846254000081, 25.12740137500003 ], [ 121.501061262000022, 25.126251541000034 ], [ 121.501085311000125, 25.126122926000043 ], [ 121.501285888000098, 25.125097465000056 ], [ 121.501379675000067, 25.124617963000045 ], [ 121.501592654000092, 25.12352907200005 ], [ 121.501976061000065, 25.123696518000024 ], [ 121.502143281000016, 25.123748150000036 ], [ 121.502254735000065, 25.123792069000043 ], [ 121.502545670000018, 25.123877788000062 ], [ 121.502638010000069, 25.123899849000043 ], [ 121.502768911000103, 25.123952546000048 ], [ 121.502859892000046, 25.12404659200006 ], [ 121.50286026300013, 25.123843829000059 ], [ 121.502989815000106, 25.123882752000032 ], [ 121.503079532000015, 25.123867817000072 ], [ 121.503037909000113, 25.123486189000051 ], [ 121.503022556000033, 25.123345428000039 ], [ 121.502966884000102, 25.123063725000055 ], [ 121.502928567000026, 25.122815894000041 ], [ 121.502882659000093, 25.122638881000046 ], [ 121.502762314000066, 25.121848005000054 ], [ 121.502749338000072, 25.121762729000057 ], [ 121.502835944000012, 25.121703996000061 ], [ 121.503083828000058, 25.121558140000044 ], [ 121.503312742000034, 25.121447155000052 ], [ 121.503548097000035, 25.121353546000016 ], [ 121.50405793500012, 25.121205915000075 ], [ 121.504095379000091, 25.121195072000024 ], [ 121.50425086100006, 25.121166319000039 ], [ 121.505213809000111, 25.12098824200006 ], [ 121.505080357000125, 25.12079316900002 ], [ 121.504843984000104, 25.120444618000075 ], [ 121.50485462000006, 25.120395071000065 ], [ 121.505006032000097, 25.120315344000062 ], [ 121.504980800000112, 25.120278767000048 ], [ 121.504951514000041, 25.120236317000032 ], [ 121.50478780200001, 25.119959615000024 ], [ 121.504279461, 25.120218799000035 ], [ 121.504225066000117, 25.120169474000072 ], [ 121.504114161000061, 25.119860228000043 ], [ 121.504104475000091, 25.119833221000068 ], [ 121.503963941000052, 25.119922814000052 ], [ 121.503791014000072, 25.120042229000028 ], [ 121.503650265000033, 25.119946533000068 ], [ 121.503617112000029, 25.119923993000032 ], [ 121.503378070000068, 25.119776276000032 ], [ 121.503138938000021, 25.119608761000048 ], [ 121.503062664000026, 25.11951000100003 ], [ 121.50297893600009, 25.119408802000059 ], [ 121.502964634000023, 25.119391515000071 ], [ 121.502898957000085, 25.119233305000016 ], [ 121.50276769200002, 25.118936692000027 ], [ 121.502679894000039, 25.118669642000032 ], [ 121.502603501000067, 25.118541181000062 ], [ 121.501855104000029, 25.119188283000017 ], [ 121.501493929000048, 25.119500567000038 ], [ 121.501195697000071, 25.119746778000032 ], [ 121.500926609000089, 25.119981 ], [ 121.500769117000132, 25.120132725000069 ], [ 121.50074890000009, 25.119351114000029 ], [ 121.500732086000085, 25.119201171000039 ], [ 121.500693138000088, 25.119068903000013 ], [ 121.500564442000041, 25.118854877000043 ], [ 121.500405273000055, 25.118489478000068 ], [ 121.500311190000062, 25.118259009000038 ], [ 121.50030274400001, 25.118170771000049 ], [ 121.500340348, 25.117972044000048 ], [ 121.500428321000058, 25.117681965000024 ], [ 121.500489859000041, 25.117404086000079 ], [ 121.500501458000016, 25.117273486000038 ], [ 121.500498797000091, 25.117117982000018 ], [ 121.500477416000095, 25.116831189000028 ], [ 121.500456098000086, 25.116585381000046 ], [ 121.500416389000065, 25.11626555000003 ], [ 121.500419350000016, 25.115994060000045 ], [ 121.500441769000076, 25.115541618000066 ], [ 121.500451593000093, 25.115446476000042 ], [ 121.500452012000082, 25.11542699000006 ], [ 121.500452515, 25.115403561000043 ], [ 121.500453293000092, 25.115367399000025 ], [ 121.500471150000081, 25.115284588000062 ], [ 121.500505104, 25.11518333500003 ], [ 121.500521096000057, 25.115139147000029 ], [ 121.500541035000097, 25.115071042000064 ], [ 121.500554759000011, 25.11496618000006 ], [ 121.500560471000099, 25.114879732000073 ], [ 121.500554026000046, 25.114785972000046 ], [ 121.50053943500005, 25.114677526000026 ], [ 121.500515517000053, 25.114601108000041 ], [ 121.500429758000109, 25.114533373000018 ], [ 121.500303840000015, 25.114439283000021 ], [ 121.500231489000043, 25.114396563000064 ], [ 121.500011617000041, 25.114345747000062 ], [ 121.499816899000052, 25.114309173000031 ], [ 121.499377229000075, 25.114230460000041 ], [ 121.499296571000059, 25.114215483000056 ], [ 121.49911970900007, 25.114182639000024 ], [ 121.498909387000026, 25.114166159000025 ], [ 121.498764999000059, 25.114158061000062 ], [ 121.498573425000018, 25.114121464000046 ], [ 121.498366156000102, 25.114084931000029 ], [ 121.498312751000071, 25.114070792000057 ], [ 121.497992164000038, 25.113948709000045 ], [ 121.497813042000061, 25.113889159000045 ], [ 121.497593136000077, 25.113829753000054 ], [ 121.497382631000036, 25.113767444000064 ], [ 121.497247514000037, 25.11372493400005 ], [ 121.496839701000127, 25.113548874000056 ], [ 121.497050156000114, 25.113467907000029 ], [ 121.496827154000016, 25.113363801000045 ], [ 121.496501268000088, 25.113237551000047 ], [ 121.496315631000016, 25.113176223000032 ], [ 121.495967184000051, 25.11308446300006 ], [ 121.495467319000113, 25.112972561000046 ], [ 121.494979345000047, 25.112824356000029 ], [ 121.494792684000103, 25.112946024000045 ], [ 121.494693092000048, 25.113010940000031 ], [ 121.493953005000094, 25.113460753000023 ], [ 121.493387543000054, 25.113803825000037 ], [ 121.492689218000024, 25.114276232000059 ], [ 121.49237927500009, 25.114473163000067 ], [ 121.492071576000058, 25.114656163000056 ], [ 121.491697194000039, 25.114839378000053 ], [ 121.491480885000101, 25.114946238000059 ], [ 121.49118119100001, 25.115045801000061 ], [ 121.490706507000027, 25.115161102000052 ], [ 121.490423394000103, 25.11523785900004 ], [ 121.489965170000133, 25.115300033000029 ], [ 121.489711376000059, 25.11531369600004 ], [ 121.489365119, 25.115332334000069 ], [ 121.489048393000076, 25.115340963000044 ], [ 121.488589780000083, 25.115304568000045 ], [ 121.48823119500004, 25.115267831000033 ], [ 121.487666661000063, 25.115139509000066 ], [ 121.487090905000059, 25.114989759000014 ], [ 121.486698622000063, 25.114862146000061 ], [ 121.48621441000013, 25.114674175000058 ], [ 121.486144894000077, 25.114650723000064 ], [ 121.485880541000029, 25.11456153500006 ], [ 121.485179576000078, 25.114366696000044 ], [ 121.483961187000091, 25.114014308000026 ], [ 121.483240022000018, 25.11382815800005 ], [ 121.482153838000045, 25.113496080000058 ], [ 121.481793187000122, 25.113403623000064 ], [ 121.481425985000115, 25.113281919000027 ], [ 121.480962169, 25.113131277000033 ], [ 121.480530610000073, 25.113003926000019 ], [ 121.479880217000073, 25.112853876000027 ], [ 121.479223368000035, 25.112698002000052 ], [ 121.477909364000084, 25.112383947000065 ], [ 121.477408800000035, 25.11221679100003 ], [ 121.47707342700005, 25.112119419000056 ], [ 121.476392178000083, 25.11187315800003 ], [ 121.475984198000106, 25.11170306900004 ], [ 121.475347084000077, 25.111437445000028 ], [ 121.47525442000007, 25.111424107000055 ], [ 121.474576965000097, 25.112606492000044 ], [ 121.474174552, 25.113771063000048 ], [ 121.473933838000107, 25.114973357000046 ], [ 121.473822306000102, 25.115536243000061 ], [ 121.473787775000119, 25.115891346000055 ], [ 121.473602418000041, 25.117486687000049 ], [ 121.473509953000061, 25.118338968000035 ], [ 121.473616922000033, 25.119703982000022 ], [ 121.473642267000059, 25.120069816000068 ], [ 121.473672076000085, 25.12016377600003 ], [ 121.473690729000069, 25.120222578000032 ], [ 121.473829659000089, 25.120560738000052 ], [ 121.473950474000048, 25.120855270000046 ], [ 121.473993285, 25.121095442000062 ], [ 121.474000242000102, 25.121346644000017 ], [ 121.47400706100008, 25.121565081000021 ], [ 121.474013282000101, 25.121625134000055 ], [ 121.474085560000049, 25.121750519000042 ], [ 121.474158111000065, 25.121941437000025 ], [ 121.474200437000036, 25.122055994000046 ], [ 121.474285199000079, 25.122312407000031 ], [ 121.474327528000131, 25.122426963000063 ], [ 121.474436060000031, 25.122639614000029 ], [ 121.474439364000105, 25.122649329000062 ], [ 121.474494607000125, 25.122811772000027 ], [ 121.47458398400012, 25.123017280000056 ], [ 121.474630176000133, 25.123161679000077 ], [ 121.474665621000099, 25.123303659000037 ], [ 121.474652496000104, 25.12337964500005 ], [ 121.474610576000046, 25.123646809000032 ], [ 121.474605749000034, 25.123788926000021 ], [ 121.47462487100006, 25.123874613000048 ], [ 121.474684425000092, 25.124001818000053 ], [ 121.474741102000053, 25.124082481000062 ], [ 121.475001547000048, 25.124096343000076 ], [ 121.475076744000035, 25.124103451000042 ], [ 121.475106237000091, 25.124096007000038 ], [ 121.475141075000025, 25.124081198000052 ], [ 121.475170607000123, 25.12408110300003 ], [ 121.475337226000079, 25.124129555000017 ], [ 121.475521412000049, 25.124179251000044 ], [ 121.475839732000068, 25.124265141000016 ], [ 121.476390581000047, 25.124403005000023 ], [ 121.477215344000129, 25.124569390000026 ], [ 121.478067171000021, 25.124792037000063 ], [ 121.478292883000108, 25.124847651000032 ], [ 121.478389730000117, 25.12490122600007 ], [ 121.478515833000074, 25.124883675000032 ], [ 121.478708917000077, 25.124834056000051 ], [ 121.478805431000083, 25.124801892000047 ], [ 121.478850973000036, 25.124777243000032 ], [ 121.478885716000022, 25.12473793200007 ], [ 121.478909653000073, 25.124681511000059 ], [ 121.478979342000116, 25.124654336000049 ], [ 121.479041082000094, 25.124654136000057 ], [ 121.479796172000079, 25.124847689000028 ], [ 121.480247628000029, 25.124966272000037 ], [ 121.480559277000097, 25.125031399000072 ], [ 121.480900440000013, 25.125099168000073 ], [ 121.481263150000032, 25.125171215000019 ], [ 121.481467384000098, 25.125226896000068 ], [ 121.482241340000087, 25.125439975000063 ], [ 121.483205868000042, 25.125645070000072 ], [ 121.48378346100003, 25.125755871000017 ], [ 121.484275177000086, 25.125871863000036 ], [ 121.48430236600008, 25.12587630900002 ], [ 121.484745259000078, 25.125948717000028 ], [ 121.485228759000051, 25.126023076000017 ], [ 121.486421877000112, 25.126330295000056 ], [ 121.486564355000056, 25.126381277000053 ], [ 121.486623603000126, 25.126427631000062 ], [ 121.486680300000103, 25.126510736000053 ], [ 121.486704180000046, 25.12660621000003 ], [ 121.486884002000011, 25.126368183000064 ], [ 121.486922272000015, 25.126350561000024 ], [ 121.48721923100004, 25.126310222000022 ], [ 121.487875494000036, 25.126246833000035 ], [ 121.488493646000066, 25.126240424000052 ], [ 121.48923162700008, 25.126237988000064 ], [ 121.489576990000032, 25.126319941000069 ], [ 121.491053712000053, 25.12650747400005 ], [ 121.491197597000109, 25.126537619000029 ], [ 121.491856864000056, 25.126711169000025 ], [ 121.492838237000129, 25.126969505000023 ], [ 121.493505336000126, 25.127216574000034 ], [ 121.493649550000086, 25.127261462000032 ], [ 121.493725616, 25.127274423000067 ], [ 121.493822466000083, 25.12730043800007 ], [ 121.494018097000108, 25.127383387000062 ], [ 121.494121698000058, 25.127435293000069 ], [ 121.494186845000058, 25.127447269000076 ], [ 121.494230273000099, 25.127442221000013 ], [ 121.494433725000036, 25.127418578000043 ], [ 121.494737383000029, 25.127415834000022 ], [ 121.495139196000096, 25.127348305000051 ], [ 121.495546815000012, 25.127296433000019 ], [ 121.495825009000114, 25.127269361000053 ], [ 121.496079630000068, 25.127261542000028 ], [ 121.496118754000022, 25.127221856000055 ], [ 121.496123467000075, 25.127168021000045 ], [ 121.496098264000025, 25.127031317000039 ], [ 121.496107762000065, 25.126941587000033 ], [ 121.496391691000113, 25.126851969000022 ], [ 121.496523983000088, 25.126822147000038 ], [ 121.496724173000089, 25.12681119400002 ], [ 121.496979497000098, 25.126857341000061 ], [ 121.497450173000061, 25.126905543000071 ], [ 121.497785356, 25.126963174000021 ], [ 121.49792339400004, 25.127002078000022 ], [ 121.498007828000041, 25.127207435000052 ], [ 121.498501611000052, 25.127304812000027 ], [ 121.498805740000066, 25.127364787000026 ], [ 121.499959630000035, 25.127592333000045 ], [ 121.50028222100002, 25.127655947000044 ], [ 121.500430302000055, 25.127685147000019 ], [ 121.500478033000036, 25.127694559000066 ], [ 121.500802968000031, 25.127758633000038 ], [ 121.500846254000081, 25.12740137500003 ] ] ] } },
{ "type": "Feature", "properties": { "COUNTY": "臺北市", "TOWN": "北投區", "VILLAGE": "中央里", "geo_iid": "臺北市北投區中央里", "size_counts": 1 }, "geometry": { "type": "Polygon", "coordinates": [ [ [ 121.502625423000026, 25.13311921200005 ], [ 121.502581926000076, 25.133034973000061 ], [ 121.502410252000118, 25.132702507000023 ], [ 121.502382227000112, 25.132648232000061 ], [ 121.502173027000026, 25.132244306000064 ], [ 121.502087799000051, 25.132167107000036 ], [ 121.501983253000049, 25.131978054000051 ], [ 121.501897439000132, 25.131754503000018 ], [ 121.501849324000091, 25.131522213000036 ], [ 121.501820528000067, 25.131401786000026 ], [ 121.501293381000096, 25.131687674000027 ], [ 121.501284891000068, 25.131628874000043 ], [ 121.501158207000117, 25.130751577000066 ], [ 121.501139290000069, 25.130620569000026 ], [ 121.501138059000027, 25.130612032000041 ], [ 121.50106304700013, 25.130089693000059 ], [ 121.501002125000014, 25.129665462000037 ], [ 121.501029587000062, 25.129458745000068 ], [ 121.501093084000104, 25.129084699000021 ], [ 121.501213838000012, 25.128373351000043 ], [ 121.500802968000031, 25.127758633000038 ], [ 121.500478033000036, 25.127694559000066 ], [ 121.500430302000055, 25.127685147000019 ], [ 121.50028222100002, 25.127655947000044 ], [ 121.499959630000035, 25.127592333000045 ], [ 121.498805740000066, 25.127364787000026 ], [ 121.498501611000052, 25.127304812000027 ], [ 121.498007828000041, 25.127207435000052 ], [ 121.49792339400004, 25.127002078000022 ], [ 121.497785356, 25.126963174000021 ], [ 121.497450173000061, 25.126905543000071 ], [ 121.496979497000098, 25.126857341000061 ], [ 121.496724173000089, 25.12681119400002 ], [ 121.496523983000088, 25.126822147000038 ], [ 121.496391691000113, 25.126851969000022 ], [ 121.496107762000065, 25.126941587000033 ], [ 121.496098264000025, 25.127031317000039 ], [ 121.496123467000075, 25.127168021000045 ], [ 121.496118754000022, 25.127221856000055 ], [ 121.496079630000068, 25.127261542000028 ], [ 121.495825009000114, 25.127269361000053 ], [ 121.495546815000012, 25.127296433000019 ], [ 121.495139196000096, 25.127348305000051 ], [ 121.494737383000029, 25.127415834000022 ], [ 121.494433725000036, 25.127418578000043 ], [ 121.494230273000099, 25.127442221000013 ], [ 121.494186845000058, 25.127447269000076 ], [ 121.494121698000058, 25.127435293000069 ], [ 121.494018097000108, 25.127383387000062 ], [ 121.493822466000083, 25.12730043800007 ], [ 121.493725616, 25.127274423000067 ], [ 121.493649550000086, 25.127261462000032 ], [ 121.493424805000018, 25.127223173000054 ], [ 121.493156683000052, 25.127206649000069 ], [ 121.492841391000084, 25.127087420000059 ], [ 121.492471360000096, 25.126961496000028 ], [ 121.492316064000079, 25.126909763000064 ], [ 121.49216066300005, 25.12683190100006 ], [ 121.492154113000083, 25.126875077000012 ], [ 121.492156547000036, 25.126904563000032 ], [ 121.492169788000083, 25.126934013000035 ], [ 121.492176890000124, 25.126972613000071 ], [ 121.492164753000125, 25.127173402000029 ], [ 121.492162014000087, 25.127260488000033 ], [ 121.492165211000042, 25.127287866000067 ], [ 121.492176852000071, 25.127303276000074 ], [ 121.492304384000022, 25.12734147500003 ], [ 121.492406359000043, 25.127359395000035 ], [ 121.492501433000044, 25.127389276000031 ], [ 121.49266417200009, 25.127445368000043 ], [ 121.492852843000037, 25.127521988000066 ], [ 121.492876095000042, 25.127545083000019 ], [ 121.492884869000036, 25.127615279000054 ], [ 121.492891974000045, 25.127654579000019 ], [ 121.492900515000088, 25.127667193000033 ], [ 121.49295281600007, 25.127693986000054 ], [ 121.493234024000117, 25.127744315000019 ], [ 121.493324443, 25.127768591000059 ], [ 121.493464689, 25.12778651900004 ], [ 121.493888463000062, 25.127878780000049 ], [ 121.493947213000084, 25.127898248000058 ], [ 121.494012964000035, 25.127931034000021 ], [ 121.494050107000021, 25.127952680000075 ], [ 121.494067941000026, 25.127972282000023 ], [ 121.494064251000054, 25.128014430000057 ], [ 121.494056606000072, 25.128041626000019 ], [ 121.493984778000041, 25.12822585200006 ], [ 121.493988015000028, 25.12826306100003 ], [ 121.493995832000124, 25.128286911000028 ], [ 121.49401756500005, 25.12831633300004 ], [ 121.494066685, 25.128360048000044 ], [ 121.494134784000053, 25.12840055000003 ], [ 121.494212892000064, 25.128434699000014 ], [ 121.494391447000126, 25.128490283000069 ], [ 121.494463725000045, 25.128508477000022 ], [ 121.494548674000043, 25.128515918000055 ], [ 121.494571834000126, 25.128515840000031 ], [ 121.494683634000012, 25.128481057000041 ], [ 121.494767800000105, 25.128485692000023 ], [ 121.494812686000046, 25.128512929000056 ], [ 121.494848811000111, 25.128534114000047 ], [ 121.494949330000054, 25.128573804000034 ], [ 121.495127968000034, 25.128649753000037 ], [ 121.49519289400007, 25.128669198000058 ], [ 121.495400649000103, 25.128775570000069 ], [ 121.495578500000093, 25.128848008000023 ], [ 121.4957730980001, 25.128861401000052 ], [ 121.495821566000018, 25.128869852000033 ], [ 121.495980825000061, 25.12892620100007 ], [ 121.496075078000104, 25.128943441000043 ], [ 121.496220417000018, 25.128993515000044 ], [ 121.496403465000071, 25.129047809000042 ], [ 121.496446842000069, 25.129099606000057 ], [ 121.496557512000095, 25.129194206000019 ], [ 121.496621061000027, 25.129272913000012 ], [ 121.496636214000091, 25.129383885000028 ], [ 121.496680561000048, 25.129441255000071 ], [ 121.496801340000047, 25.129490342000047 ], [ 121.497043589000114, 25.129591096000063 ], [ 121.49752210500003, 25.129702997000035 ], [ 121.497575399000084, 25.129716073000047 ], [ 121.497857744000058, 25.129785348000038 ], [ 121.498506654000053, 25.129941320000054 ], [ 121.499017418000108, 25.130064084000026 ], [ 121.499171599000078, 25.130101141000061 ], [ 121.499634215000029, 25.130212331000042 ], [ 121.499082395000059, 25.130801266000041 ], [ 121.498977257000092, 25.13092109900002 ], [ 121.498544571000039, 25.131414256000024 ], [ 121.498469933000024, 25.13149932400006 ], [ 121.498212108000089, 25.131793179000056 ], [ 121.498205943000016, 25.131800207000019 ], [ 121.498853235000055, 25.132253305000052 ], [ 121.498917109000089, 25.132312695000046 ], [ 121.498963844000045, 25.13235615100006 ], [ 121.49911728700009, 25.132498821000066 ], [ 121.499135540000111, 25.132515796000057 ], [ 121.499156405000022, 25.132524112000052 ], [ 121.499438619000102, 25.132626280000064 ], [ 121.499492762000045, 25.13264588200007 ], [ 121.500286505000091, 25.13293323200002 ], [ 121.500317984000034, 25.13294559500002 ], [ 121.500543887000049, 25.133034317000064 ], [ 121.5008011850001, 25.133115015000037 ], [ 121.500946537000118, 25.133140019000045 ], [ 121.50113646300008, 25.133139376000027 ], [ 121.501366180000119, 25.133125493000019 ], [ 121.501493908000043, 25.133117773000027 ], [ 121.501648693000121, 25.133245293000058 ], [ 121.501664875000074, 25.133259117000019 ], [ 121.501876657000011, 25.13344003200006 ], [ 121.501921713000115, 25.133488090000064 ], [ 121.502625423000026, 25.13311921200005 ] ] ] } },
{ "type": "Feature", "properties": { "COUNTY": "臺北市", "TOWN": "北投區", "VILLAGE": "大同里", "geo_iid": "臺北市北投區大同里", "size_counts": 1 }, "geometry": { "type": "Polygon", "coordinates": [ [ [ 121.497616244000028, 25.135844567000046 ], [ 121.497745221000073, 25.135786873000022 ], [ 121.497901268000078, 25.135714431000046 ], [ 121.498250137000028, 25.135552478000015 ], [ 121.498298642, 25.135529961000024 ], [ 121.498757460000078, 25.135285707000033 ], [ 121.498784324000098, 25.135267680000016 ], [ 121.499090140000021, 25.135062443000034 ], [ 121.499540465000109, 25.134759801000026 ], [ 121.499557686000131, 25.134748228000031 ], [ 121.500332270000044, 25.134224810000028 ], [ 121.500811922000025, 25.133900686000047 ], [ 121.501553638000019, 25.133392194000066 ], [ 121.501648693000121, 25.133245293000058 ], [ 121.501493908000043, 25.133117773000027 ], [ 121.501366180000119, 25.133125493000019 ], [ 121.50113646300008, 25.133139376000027 ], [ 121.500946537000118, 25.133140019000045 ], [ 121.5008011850001, 25.133115015000037 ], [ 121.500543887000049, 25.133034317000064 ], [ 121.500317984000034, 25.13294559500002 ], [ 121.500286505000091, 25.13293323200002 ], [ 121.499492762000045, 25.13264588200007 ], [ 121.499438619000102, 25.132626280000064 ], [ 121.499156405000022, 25.132524112000052 ], [ 121.499135540000111, 25.132515796000057 ], [ 121.49911728700009, 25.132498821000066 ], [ 121.498963844000045, 25.13235615100006 ], [ 121.498917109000089, 25.132312695000046 ], [ 121.498853235000055, 25.132253305000052 ], [ 121.498205943000016, 25.131800207000019 ], [ 121.498212108000089, 25.131793179000056 ], [ 121.498469933000024, 25.13149932400006 ], [ 121.498544571000039, 25.131414256000024 ], [ 121.498977257000092, 25.13092109900002 ], [ 121.499082395000059, 25.130801266000041 ], [ 121.499634215000029, 25.130212331000042 ], [ 121.499171599000078, 25.130101141000061 ], [ 121.499017418000108, 25.130064084000026 ], [ 121.498506654000053, 25.129941320000054 ], [ 121.497857744000058, 25.129785348000038 ], [ 121.497575399000084, 25.129716073000047 ], [ 121.49752210500003, 25.129702997000035 ], [ 121.497043589000114, 25.129591096000063 ], [ 121.496801340000047, 25.129490342000047 ], [ 121.496680561000048, 25.129441255000071 ], [ 121.496636214000091, 25.129383885000028 ], [ 121.496621061000027, 25.129272913000012 ], [ 121.496557512000095, 25.129194206000019 ], [ 121.496446842000069, 25.129099606000057 ], [ 121.496403465000071, 25.129047809000042 ], [ 121.496220417000018, 25.128993515000044 ], [ 121.496075078000104, 25.128943441000043 ], [ 121.495980825000061, 25.12892620100007 ], [ 121.495821566000018, 25.128869852000033 ], [ 121.4957730980001, 25.128861401000052 ], [ 121.495578500000093, 25.128848008000023 ], [ 121.495400649000103, 25.128775570000069 ], [ 121.49519289400007, 25.128669198000058 ], [ 121.495127968000034, 25.128649753000037 ], [ 121.494949330000054, 25.128573804000034 ], [ 121.494848811000111, 25.128534114000047 ], [ 121.494812686000046, 25.128512929000056 ], [ 121.494767800000105, 25.128485692000023 ], [ 121.494683634000012, 25.128481057000041 ], [ 121.494571834000126, 25.128515840000031 ], [ 121.494548674000043, 25.128515918000055 ], [ 121.494463725000045, 25.128508477000022 ], [ 121.494391447000126, 25.128490283000069 ], [ 121.494212892000064, 25.128434699000014 ], [ 121.494134784000053, 25.12840055000003 ], [ 121.494066685, 25.128360048000044 ], [ 121.49401756500005, 25.12831633300004 ], [ 121.493995832000124, 25.128286911000028 ], [ 121.493988015000028, 25.12826306100003 ], [ 121.493984778000041, 25.12822585200006 ], [ 121.494056606000072, 25.128041626000019 ], [ 121.494064251000054, 25.128014430000057 ], [ 121.494067941000026, 25.127972282000023 ], [ 121.494050107000021, 25.127952680000075 ], [ 121.494012964000035, 25.127931034000021 ], [ 121.493947213000084, 25.127898248000058 ], [ 121.493888463000062, 25.127878780000049 ], [ 121.493464689, 25.12778651900004 ], [ 121.493324443, 25.127768591000059 ], [ 121.493234024000117, 25.127744315000019 ], [ 121.49295281600007, 25.127693986000054 ], [ 121.492900515000088, 25.127667193000033 ], [ 121.492891974000045, 25.127654579000019 ], [ 121.492884869000036, 25.127615279000054 ], [ 121.492876095000042, 25.127545083000019 ], [ 121.492852843000037, 25.127521988000066 ], [ 121.49266417200009, 25.127445368000043 ], [ 121.492501433000044, 25.127389276000031 ], [ 121.492406359000043, 25.127359395000035 ], [ 121.492304384000022, 25.12734147500003 ], [ 121.492176852000071, 25.127303276000074 ], [ 121.492165211000042, 25.127287866000067 ], [ 121.492162014000087, 25.127260488000033 ], [ 121.492164753000125, 25.127173402000029 ], [ 121.492176890000124, 25.126972613000071 ], [ 121.492169788000083, 25.126934013000035 ], [ 121.492156547000036, 25.126904563000032 ], [ 121.492154113000083, 25.126875077000012 ], [ 121.49216066300005, 25.12683190100006 ], [ 121.492316064000079, 25.126909763000064 ], [ 121.492471360000096, 25.126961496000028 ], [ 121.492841391000084, 25.127087420000059 ], [ 121.493156683000052, 25.127206649000069 ], [ 121.493424805000018, 25.127223173000054 ], [ 121.493649550000086, 25.127261462000032 ], [ 121.493505336000126, 25.127216574000034 ], [ 121.492838237000129, 25.126969505000023 ], [ 121.491856864000056, 25.126711169000025 ], [ 121.491197597000109, 25.126537619000029 ], [ 121.491053712000053, 25.12650747400005 ], [ 121.489576990000032, 25.126319941000069 ], [ 121.48923162700008, 25.126237988000064 ], [ 121.488493646000066, 25.126240424000052 ], [ 121.487875494000036, 25.126246833000035 ], [ 121.48721923100004, 25.126310222000022 ], [ 121.486922272000015, 25.126350561000024 ], [ 121.486884002000011, 25.126368183000064 ], [ 121.486704180000046, 25.12660621000003 ], [ 121.486727868000131, 25.12667052100004 ], [ 121.486777663000112, 25.126723831000042 ], [ 121.486818379000056, 25.126760721000032 ], [ 121.486895070000045, 25.12677692700003 ], [ 121.487129529000086, 25.126792604000055 ], [ 121.487323416000095, 25.126808424000046 ], [ 121.487473402000091, 25.126804886000059 ], [ 121.4875262380001, 25.126803639000059 ], [ 121.487733604000027, 25.126807073000055 ], [ 121.487819391000016, 25.126843815000019 ], [ 121.487882743000114, 25.126909430000062 ], [ 121.488005218000026, 25.127102370000031 ], [ 121.48816422400013, 25.127414486000067 ], [ 121.488232425000106, 25.127562348000016 ], [ 121.488358929000015, 25.127635979000036 ], [ 121.488476666000111, 25.127771345000035 ], [ 121.488626177000015, 25.127964195000061 ], [ 121.488703294000061, 25.128087345000033 ], [ 121.488726228000019, 25.128185999000035 ], [ 121.488753615000078, 25.128272299000056 ], [ 121.488835227000109, 25.128391325000049 ], [ 121.48891729900005, 25.12862553900003 ], [ 121.488962496000113, 25.128654189000024 ], [ 121.489052886000081, 25.128715597000046 ], [ 121.48911637300013, 25.128810001000023 ], [ 121.489162002000057, 25.128949712000058 ], [ 121.489193055000101, 25.129146404000032 ], [ 121.489199002000078, 25.129184075000062 ], [ 121.489262774000053, 25.129352526000041 ], [ 121.489321912000051, 25.129488085000041 ], [ 121.489408064000031, 25.129615321000074 ], [ 121.489512073000014, 25.12969724900006 ], [ 121.489647629000061, 25.129779073000059 ], [ 121.489792428000115, 25.129918466000042 ], [ 121.489856300000028, 25.130111598000031 ], [ 121.489874624000109, 25.130185586000028 ], [ 121.489901847000041, 25.130230743000016 ], [ 121.489956192, 25.130292270000034 ], [ 121.490001575000065, 25.130370285000019 ], [ 121.490038289000026, 25.13053470800002 ], [ 121.490043277000041, 25.130653988000059 ], [ 121.490034443, 25.130699265000022 ], [ 121.490061798000056, 25.130777339000069 ], [ 121.490125261000117, 25.130867626000043 ], [ 121.490229107000104, 25.130908423000044 ], [ 121.490350891000034, 25.130928586000024 ], [ 121.490477139000063, 25.130936393000066 ], [ 121.490689047000046, 25.130948031000052 ], [ 121.490752243000102, 25.130968397000046 ], [ 121.490770517000101, 25.131030042000074 ], [ 121.490748698000061, 25.131211109000045 ], [ 121.490722326000096, 25.131379857000059 ], [ 121.490718093000069, 25.131449811000035 ], [ 121.490740946000059, 25.131527891000072 ], [ 121.490800056000012, 25.131655225000021 ], [ 121.49083217000009, 25.131794980000041 ], [ 121.490801336000118, 25.131976085000069 ], [ 121.490747707000082, 25.132091442000043 ], [ 121.490711935000036, 25.132165609000012 ], [ 121.490721130000111, 25.132210827000048 ], [ 121.490770960000063, 25.132272369000066 ], [ 121.490816159000019, 25.132301017000025 ], [ 121.49106883900005, 25.132361886000062 ], [ 121.491294490000101, 25.132426952000049 ], [ 121.491374372000109, 25.132463076000075 ], [ 121.491411895000056, 25.132480045000012 ], [ 121.491524643000034, 25.13249201200005 ], [ 121.491646593000041, 25.132553313000059 ], [ 121.491935376000029, 25.132622285000014 ], [ 121.492161018000047, 25.132687350000023 ], [ 121.492301007000037, 25.132748600000067 ], [ 121.492477032000011, 25.132805605000037 ], [ 121.4926349200001, 25.13283386900002 ], [ 121.492779348000113, 25.132878647000034 ], [ 121.492964314000119, 25.13291504600004 ], [ 121.493239106000033, 25.132949151000041 ], [ 121.493812912000067, 25.133196069000064 ], [ 121.493943822, 25.133240881000059 ], [ 121.494038615000036, 25.133273472000031 ], [ 121.494115322000084, 25.133289674000018 ], [ 121.494164883000039, 25.133285392000047 ], [ 121.494232598000039, 25.133309849000049 ], [ 121.494390537000072, 25.133350462000063 ], [ 121.494534933000082, 25.133387004000031 ], [ 121.494575620000106, 25.133415657000054 ], [ 121.494620721000047, 25.133419623000059 ], [ 121.494729113000062, 25.133472734000058 ], [ 121.494810389000023, 25.133505380000024 ], [ 121.494963752000103, 25.133529550000041 ], [ 121.495171194000037, 25.133549422000041 ], [ 121.495383157000106, 25.13357339600002 ], [ 121.495635708, 25.133601340000038 ], [ 121.495824705000018, 25.133601674000019 ], [ 121.495961632000117, 25.133937572000029 ], [ 121.49608424500002, 25.134159306000065 ], [ 121.496256701000107, 25.134446685000054 ], [ 121.496267233000026, 25.134465259000013 ], [ 121.496374250000031, 25.134653973000066 ], [ 121.496411891000079, 25.134720349000073 ], [ 121.496438313000098, 25.134766941000063 ], [ 121.496642611000084, 25.135124144000024 ], [ 121.496874219, 25.135547078000055 ], [ 121.497166505000109, 25.136045743000064 ], [ 121.497616244000028, 25.135844567000046 ] ] ] } },
{ "type": "Feature", "properties": { "COUNTY": "臺北市", "TOWN": "北投區", "VILLAGE": "中和里", "geo_iid": "臺北市北投區中和里", "size_counts": 1 }, "geometry": { "type": "Polygon", "coordinates": [ [ [ 121.499969402000033, 25.146753225000047 ], [ 121.500268740000024, 25.146692143000042 ], [ 121.500435221000089, 25.146691581000027 ], [ 121.500525746000108, 25.14663295400003 ], [ 121.50112410700001, 25.146134781000047 ], [ 121.501402306000045, 25.145899952000025 ], [ 121.501816900000108, 25.145549987000035 ], [ 121.502174050000022, 25.145228350000021 ], [ 121.502200608000066, 25.145204432000064 ], [ 121.502379576000067, 25.145020467000041 ], [ 121.502723957000057, 25.144719091000066 ], [ 121.50292472600006, 25.144554824000064 ], [ 121.503076784000086, 25.14443587200002 ], [ 121.503079498000048, 25.144433748000033 ], [ 121.502986746000047, 25.144281649000046 ], [ 121.502948392, 25.144218756000036 ], [ 121.502451177, 25.144429018000032 ], [ 121.502140636000036, 25.144184463000041 ], [ 121.501789319000068, 25.143841796000054 ], [ 121.501600312000065, 25.143695071000021 ], [ 121.501478681000108, 25.143572676000076 ], [ 121.501302874000103, 25.143364507000044 ], [ 121.501140475000071, 25.143144006000053 ], [ 121.501018955000077, 25.143046174000052 ], [ 121.500951120000082, 25.142911318000067 ], [ 121.500802332000035, 25.142727614000012 ], [ 121.500772183000109, 25.142701609000021 ], [ 121.500518707000097, 25.142482966000042 ], [ 121.500356812000064, 25.142385270000023 ], [ 121.500221684000053, 25.142250641000029 ], [ 121.500176949000092, 25.142202024000024 ], [ 121.50010768900006, 25.142126752000021 ], [ 121.50008650700012, 25.142103732000056 ], [ 121.499843120000023, 25.141822095000059 ], [ 121.499796218000029, 25.141764186000042 ], [ 121.499694334000083, 25.141638390000011 ], [ 121.499531843000113, 25.141393333000053 ], [ 121.499414273000085, 25.141403090000036 ], [ 121.499333, 25.141399918000047 ], [ 121.49928693600009, 25.141398122000052 ], [ 121.499200900000119, 25.141355184000073 ], [ 121.499086371000104, 25.141458996000033 ], [ 121.498962927000079, 25.141565526000068 ], [ 121.498787328000063, 25.141741631000059 ], [ 121.498769055000025, 25.14175995600004 ], [ 121.498492005000131, 25.142016959000038 ], [ 121.498452627, 25.142048637000062 ], [ 121.498350894000041, 25.142130473000062 ], [ 121.498261304000025, 25.142196370000075 ], [ 121.498199658000104, 25.14224171100005 ], [ 121.498050829000022, 25.142322947000022 ], [ 121.49792213800005, 25.142381060000044 ], [ 121.497816097000069, 25.142416012000066 ], [ 121.497702440000012, 25.142441771000048 ], [ 121.49755842400009, 25.142465313000052 ], [ 121.497161777000088, 25.142531240000036 ], [ 121.497058548000055, 25.142552712000054 ], [ 121.497015272000127, 25.14256171400006 ], [ 121.496843511000066, 25.142599206000042 ], [ 121.496765345000085, 25.142650222000032 ], [ 121.496679750000112, 25.142738172000058 ], [ 121.496621917000098, 25.14281679100003 ], [ 121.496435635000012, 25.143013504000063 ], [ 121.496339943000066, 25.143106100000068 ], [ 121.496226582000077, 25.143207990000057 ], [ 121.496153733000028, 25.143261568000064 ], [ 121.496138364000103, 25.143272871000072 ], [ 121.496075399, 25.14333075300004 ], [ 121.495982505000043, 25.143492547000051 ], [ 121.49592745300005, 25.143631149000036 ], [ 121.495925444000036, 25.143638224000018 ], [ 121.495890057000096, 25.143762767000048 ], [ 121.495887789000122, 25.14382737000005 ], [ 121.495907943, 25.143933059000059 ], [ 121.495941636000111, 25.144014042000038 ], [ 121.496002837000106, 25.144143037000045 ], [ 121.496017961000021, 25.144182968000045 ], [ 121.496038617000053, 25.14423750200006 ], [ 121.49603882200006, 25.144288249000052 ], [ 121.496033987000047, 25.144343633000055 ], [ 121.496004159000108, 25.144470612000067 ], [ 121.49598420700012, 25.144537576000047 ], [ 121.495946504, 25.144590760000025 ], [ 121.495909451000117, 25.14463199600004 ], [ 121.495850865000094, 25.144697195000038 ], [ 121.495787974000123, 25.144775841000062 ], [ 121.495722619000034, 25.144868336000052 ], [ 121.495689963000032, 25.14492151100006 ], [ 121.495680006000043, 25.144958449000057 ], [ 121.495689595000059, 25.145010105000036 ], [ 121.495941411000118, 25.144929193000046 ], [ 121.496722160000104, 25.14467829900007 ], [ 121.496728157, 25.144676372000042 ], [ 121.497336382000057, 25.144479074000053 ], [ 121.49742842700006, 25.144445722000047 ], [ 121.497484276000037, 25.144418496000064 ], [ 121.497579518000066, 25.144361102000055 ], [ 121.497702238000116, 25.144275880000063 ], [ 121.497852331000104, 25.144453556000027 ], [ 121.497988765000073, 25.144615064000043 ], [ 121.498028513, 25.144675012000043 ], [ 121.498048479000104, 25.144729013000063 ], [ 121.498105179000049, 25.144909058000049 ], [ 121.498135206000029, 25.145008084000036 ], [ 121.498165246000099, 25.145110116000055 ], [ 121.498252011000091, 25.145398223000029 ], [ 121.498344852000059, 25.145563124000024 ], [ 121.498354204000066, 25.145579689000041 ], [ 121.498465828000022, 25.145777402000068 ], [ 121.498473538000098, 25.14579105700005 ], [ 121.498586916000036, 25.145991878000068 ], [ 121.498633678000033, 25.14603471100002 ], [ 121.499121778000017, 25.14648179400006 ], [ 121.49946589000001, 25.14679698600002 ], [ 121.499689832000072, 25.14681725600007 ], [ 121.499969402000033, 25.146753225000047 ] ] ] } },
{ "type": "Feature", "properties": { "COUNTY": "臺北市", "TOWN": "北投區", "VILLAGE": "開明里", "geo_iid": "臺北市北投區開明里", "size_counts": 1 }, "geometry": { "type": "Polygon", "coordinates": [ [ [ 121.506021023, 25.147785466000069 ], [ 121.507362911000101, 25.147755762000031 ], [ 121.507408585, 25.147043996000026 ], [ 121.507454364000068, 25.146330605000056 ], [ 121.507572508000067, 25.144555550000057 ], [ 121.507418102000102, 25.144530007000064 ], [ 121.507412836000071, 25.144477103000039 ], [ 121.507367921000082, 25.144389522000033 ], [ 121.507309030000101, 25.144325525000045 ], [ 121.507217316000023, 25.144265921000049 ], [ 121.507102168000074, 25.144208545000026 ], [ 121.507005853000024, 25.144168212000064 ], [ 121.506960998000054, 25.144097749000018 ], [ 121.506897363, 25.14402093000006 ], [ 121.506824407000067, 25.143959121000016 ], [ 121.506770260000067, 25.143907946000066 ], [ 121.506746674000055, 25.143873793000061 ], [ 121.506746559000021, 25.143845978000055 ], [ 121.506758150000095, 25.143813835000049 ], [ 121.506779034000033, 25.143760264000029 ], [ 121.506762469000037, 25.143723946000019 ], [ 121.506727025000032, 25.143659870000075 ], [ 121.506688962000112, 25.143595620000035 ], [ 121.506709747000073, 25.143580229000055 ], [ 121.506779628000132, 25.143498053000027 ], [ 121.506831636000015, 25.143408254000057 ], [ 121.506816548000089, 25.14331157000003 ], [ 121.506726056000062, 25.143174989000041 ], [ 121.506767726000021, 25.143103670000063 ], [ 121.506785469000079, 25.143043374000047 ], [ 121.506797121000091, 25.142961205000056 ], [ 121.506784701, 25.142857210000042 ], [ 121.506748390000084, 25.142775207000046 ], [ 121.506910239000021, 25.142769173000026 ], [ 121.506912280000051, 25.142740758000048 ], [ 121.506922836000058, 25.142593787000056 ], [ 121.506699500000096, 25.142550882000016 ], [ 121.506710994000073, 25.142430383000022 ], [ 121.506722759000027, 25.142375588000046 ], [ 121.506674525000122, 25.142310048000063 ], [ 121.506655459000044, 25.14204729000004 ], [ 121.506673057000071, 25.141954141000038 ], [ 121.506684897000028, 25.141917637000059 ], [ 121.506658971000107, 25.141903154000026 ], [ 121.506632349000043, 25.141888277000067 ], [ 121.506527297000048, 25.141804117000046 ], [ 121.50645455900009, 25.141741891000031 ], [ 121.506373666000073, 25.141657657000046 ], [ 121.506224306000021, 25.141569972000067 ], [ 121.506022625, 25.141486133000054 ], [ 121.505901668000092, 25.141453467000066 ], [ 121.505764508000098, 25.141395145000036 ], [ 121.505659534000074, 25.141329355000032 ], [ 121.50553833000005, 25.141234225000058 ], [ 121.505453276000026, 25.141116926000045 ], [ 121.505388396000058, 25.141006906000019 ], [ 121.505299012, 25.140816125000065 ], [ 121.505273066000086, 25.140760337000067 ], [ 121.50521368900003, 25.140632677000031 ], [ 121.505202569000076, 25.140604947000035 ], [ 121.505144526000095, 25.140460198000028 ], [ 121.504850294000107, 25.140398728000033 ], [ 121.504600385000103, 25.140344453000065 ], [ 121.504422812000044, 25.140249516000033 ], [ 121.504172537000045, 25.140103383000039 ], [ 121.50393080400012, 25.14007847400006 ], [ 121.503624774000073, 25.140083189000048 ], [ 121.503391225000101, 25.140087667000039 ], [ 121.503242340000043, 25.140117567000051 ], [ 121.50304118400004, 25.140166027000063 ], [ 121.502904028000103, 25.140107694000047 ], [ 121.502769875000013, 25.139799473000032 ], [ 121.502611283000078, 25.139425186000036 ], [ 121.502352639000037, 25.13919822300004 ], [ 121.502154490000066, 25.138996785000067 ], [ 121.501944932000029, 25.138796784000075 ], [ 121.501796295000091, 25.138938804000073 ], [ 121.50165658100002, 25.139074775000033 ], [ 121.500974766000013, 25.139738311000027 ], [ 121.500950021000094, 25.139762392000016 ], [ 121.500929532000086, 25.139782332000031 ], [ 121.500836265000103, 25.139875130000053 ], [ 121.500436154000113, 25.140273230000044 ], [ 121.500207314000036, 25.140500918000033 ], [ 121.499997696000037, 25.140709478000073 ], [ 121.499767683000073, 25.140937200000046 ], [ 121.499736769000037, 25.140968113000039 ], [ 121.499431519000055, 25.141273354000077 ], [ 121.499414273000085, 25.141403090000036 ], [ 121.499531843000113, 25.141393333000053 ], [ 121.499694334000083, 25.141638390000011 ], [ 121.499796218000029, 25.141764186000042 ], [ 121.499843120000023, 25.141822095000059 ], [ 121.50008650700012, 25.142103732000056 ], [ 121.50010768900006, 25.142126752000021 ], [ 121.500176949000092, 25.142202024000024 ], [ 121.500221684000053, 25.142250641000029 ], [ 121.500356812000064, 25.142385270000023 ], [ 121.500518707000097, 25.142482966000042 ], [ 121.500772183000109, 25.142701609000021 ], [ 121.500802332000035, 25.142727614000012 ], [ 121.500951120000082, 25.142911318000067 ], [ 121.501018955000077, 25.143046174000052 ], [ 121.501140475000071, 25.143144006000053 ], [ 121.501302874000103, 25.143364507000044 ], [ 121.501478681000108, 25.143572676000076 ], [ 121.501600312000065, 25.143695071000021 ], [ 121.501789319000068, 25.143841796000054 ], [ 121.502140636000036, 25.144184463000041 ], [ 121.502451177, 25.144429018000032 ], [ 121.502948392, 25.144218756000036 ], [ 121.502986746000047, 25.144281649000046 ], [ 121.503079498000048, 25.144433748000033 ], [ 121.503219265000112, 25.144662944000054 ], [ 121.503517309, 25.145141291000069 ], [ 121.503774599000053, 25.145374431000043 ], [ 121.50409797500005, 25.145618676000023 ], [ 121.504368448000051, 25.145937328000059 ], [ 121.504689854000048, 25.14633764500007 ], [ 121.504844089000031, 25.14645453900004 ], [ 121.504896863000127, 25.14651187500003 ], [ 121.504915459000017, 25.14656454400005 ], [ 121.505035489000093, 25.147009912000033 ], [ 121.505103101000046, 25.147484219000024 ], [ 121.505151014000049, 25.147801759000053 ], [ 121.506021023, 25.147785466000069 ] ] ] } },
{ "type": "Feature", "properties": { "COUNTY": "臺北市", "TOWN": "北投區", "VILLAGE": "稻香里", "geo_iid": "臺北市北投區稻香里", "size_counts": 2 }, "geometry": { "type": "Polygon", "coordinates": [ [ [ 121.486898931000027, 25.150787623000035 ], [ 121.487360609, 25.150356422000065 ], [ 121.488286632000055, 25.149746729000061 ], [ 121.488632145000125, 25.14957328100007 ], [ 121.489177847000065, 25.149287901000037 ], [ 121.490018193000068, 25.148901027000072 ], [ 121.490477655000078, 25.148694896000045 ], [ 121.490634922000012, 25.148669250000061 ], [ 121.490809695000038, 25.148642471000066 ], [ 121.490898339000069, 25.148628888000072 ], [ 121.490949335000096, 25.148592825000026 ], [ 121.491141542000037, 25.14845219100004 ], [ 121.491220111000075, 25.148423220000033 ], [ 121.491310572000103, 25.148419336000067 ], [ 121.49140498700001, 25.14841902300002 ], [ 121.4914955160001, 25.14842949300003 ], [ 121.491641273000042, 25.148479258000062 ], [ 121.491716249000092, 25.14853644500004 ], [ 121.491763718000016, 25.148600902000048 ], [ 121.491870037000012, 25.148625674000062 ], [ 121.492035217000094, 25.14861435500006 ], [ 121.492066641000065, 25.148599896000054 ], [ 121.492133079000055, 25.148491989000028 ], [ 121.492226759000118, 25.14830860000006 ], [ 121.49230091000004, 25.148157596000026 ], [ 121.492422190000056, 25.147988477000062 ], [ 121.49266891000002, 25.147707672000017 ], [ 121.49281776600003, 25.147549233000056 ], [ 121.492911776000042, 25.14744841300006 ], [ 121.492966478000085, 25.147354899000046 ], [ 121.492985498000053, 25.147193297000054 ], [ 121.492984676000091, 25.146988691000047 ], [ 121.492903347000052, 25.146458991000024 ], [ 121.492899845000011, 25.146436181000063 ], [ 121.492855173000081, 25.146088130000059 ], [ 121.492806834, 25.145804712000029 ], [ 121.492612416000043, 25.145392546000028 ], [ 121.492489769000031, 25.145220655000053 ], [ 121.492461804000058, 25.145113063000053 ], [ 121.492473045000125, 25.144973027000045 ], [ 121.492476838000016, 25.144937119000073 ], [ 121.492479988, 25.144743270000045 ], [ 121.492479136000043, 25.144722761000022 ], [ 121.4924733900001, 25.144584471000019 ], [ 121.492466352000065, 25.144283845000071 ], [ 121.492441868000014, 25.144064953000054 ], [ 121.492334604, 25.143803272000063 ], [ 121.492080890000011, 25.143319511000062 ], [ 121.492001789000014, 25.143212087000045 ], [ 121.491705552000099, 25.142915130000056 ], [ 121.491144576000025, 25.142324703000032 ], [ 121.490663061000092, 25.14192785800002 ], [ 121.490562966000084, 25.141825010000048 ], [ 121.490398402000096, 25.141655918000019 ], [ 121.490346878000082, 25.141559175000047 ], [ 121.490200644000083, 25.141387349000063 ], [ 121.48987855200005, 25.141055242000043 ], [ 121.489829332000127, 25.141004492000032 ], [ 121.489781832000077, 25.140929265000068 ], [ 121.489749708000105, 25.140767842000052 ], [ 121.48974094200004, 25.140541730000045 ], [ 121.489724387000024, 25.140337173000031 ], [ 121.489723701000131, 25.140164877000061 ], [ 121.489758349000113, 25.139974505000051 ], [ 121.489852042000066, 25.139794719000058 ], [ 121.489969511000027, 25.139657916000033 ], [ 121.490053345000092, 25.139585391000015 ], [ 121.490102793, 25.139542613000053 ], [ 121.490291159000108, 25.139427118000057 ], [ 121.490730719000126, 25.139170799000048 ], [ 121.491342907000117, 25.13880263000004 ], [ 121.491386049000099, 25.138770176000037 ], [ 121.49143302700007, 25.138712584000071 ], [ 121.491436609000075, 25.138626427000069 ], [ 121.491353644000014, 25.138501618000067 ], [ 121.491324533000025, 25.138510744000019 ], [ 121.491281486000048, 25.13851482300003 ], [ 121.489360902000058, 25.138416516000053 ], [ 121.489018557000023, 25.138398990000038 ], [ 121.487387992000095, 25.138315506000023 ], [ 121.486747917000102, 25.138285778000053 ], [ 121.48682187100006, 25.138725741000023 ], [ 121.486890602000017, 25.139135358000026 ], [ 121.487012629000105, 25.13981896600006 ], [ 121.487021570000024, 25.139870205000015 ], [ 121.486974039000089, 25.139901427000041 ], [ 121.486912922000116, 25.139940972000026 ], [ 121.486840558000054, 25.140005398000021 ], [ 121.486795444000109, 25.140073881000031 ], [ 121.486752734000092, 25.140175486000029 ], [ 121.486743204000064, 25.14021081200007 ], [ 121.486725893000084, 25.140274973000032 ], [ 121.486701552000113, 25.140432429000036 ], [ 121.486650793000081, 25.140650677000043 ], [ 121.486641306000024, 25.140691468000053 ], [ 121.486574500000074, 25.141012660000055 ], [ 121.486567861000026, 25.141054094000019 ], [ 121.486554556000101, 25.141073034000037 ], [ 121.486228344000082, 25.140785416000018 ], [ 121.485956565000038, 25.14056360600005 ], [ 121.485784572000057, 25.140456936000071 ], [ 121.485612677000077, 25.140375019000022 ], [ 121.485676764000132, 25.140597514000024 ], [ 121.485978183000029, 25.141462598000022 ], [ 121.486204381000093, 25.141577323000032 ], [ 121.486209118000019, 25.141581244000058 ], [ 121.485996746000069, 25.141818014000012 ], [ 121.485816041000021, 25.142031893000016 ], [ 121.485351120000033, 25.142611133000052 ], [ 121.485021158000123, 25.143022223000049 ], [ 121.484828924000126, 25.143190584000017 ], [ 121.484532138000077, 25.143317875000037 ], [ 121.484103720000022, 25.143441442000032 ], [ 121.483865635000029, 25.143491920000027 ], [ 121.48362282700009, 25.143494789000037 ], [ 121.483363755000042, 25.143402450000043 ], [ 121.483084353000109, 25.143332961000052 ], [ 121.482864140000061, 25.143310892000038 ], [ 121.482755185000102, 25.143305028000036 ], [ 121.482591810000045, 25.143309704000043 ], [ 121.482381162000024, 25.143411857000046 ], [ 121.481595724000044, 25.143930031000014 ], [ 121.480538676000037, 25.144633368000022 ], [ 121.479508789000093, 25.145320054000017 ], [ 121.479167080000025, 25.145548490000063 ], [ 121.479059225000015, 25.145620592000054 ], [ 121.479090232000075, 25.145643720000059 ], [ 121.479100463, 25.145651352000066 ], [ 121.479162164000059, 25.145698476000053 ], [ 121.479286803000036, 25.145809901000057 ], [ 121.479343521000047, 25.145822603000052 ], [ 121.47945935700011, 25.145919115000023 ], [ 121.479587762000065, 25.146038565000016 ], [ 121.479654472000092, 25.146108633000036 ], [ 121.479736321000033, 25.146171824000078 ], [ 121.47986728300009, 25.146271790000061 ], [ 121.479964248000101, 25.146345343000064 ], [ 121.480194701000087, 25.146515415000064 ], [ 121.480260203000057, 25.146552209000046 ], [ 121.480342068000041, 25.146608529000044 ], [ 121.480450331000043, 25.146710746000046 ], [ 121.480513317000032, 25.14674409000002 ], [ 121.480547309000016, 25.146775126000019 ], [ 121.480612751000081, 25.146850901000043 ], [ 121.480653045000054, 25.146880779000064 ], [ 121.480768833000084, 25.147005955000051 ], [ 121.480851914000027, 25.147088663000019 ], [ 121.480893405000074, 25.147157528000029 ], [ 121.480983264000074, 25.147257553000017 ], [ 121.481007932000011, 25.147285011000061 ], [ 121.481041902000015, 25.147327484000069 ], [ 121.481153891000091, 25.147464131000039 ], [ 121.481199210000128, 25.147506630000059 ], [ 121.481322546000115, 25.14764443100005 ], [ 121.481361597000046, 25.147666287000042 ], [ 121.481430587000105, 25.14775635200003 ], [ 121.48145217900003, 25.147784540000025 ], [ 121.481560450000075, 25.147883332000038 ], [ 121.481651078000041, 25.14797635900003 ], [ 121.481685069000051, 25.148008523000037 ], [ 121.481725272000077, 25.148095738000048 ], [ 121.48176264700011, 25.148181618000017 ], [ 121.481791973000099, 25.148276710000051 ], [ 121.481813524000017, 25.148343099000037 ], [ 121.481889991000116, 25.148505733000022 ], [ 121.481912953, 25.148558427000058 ], [ 121.481947369000082, 25.148632875000029 ], [ 121.481971636000026, 25.148694757000033 ], [ 121.482011090000015, 25.148768017000062 ], [ 121.482040419000086, 25.148833312000068 ], [ 121.48209260900002, 25.148931780000048 ], [ 121.48215899700007, 25.149095611000057 ], [ 121.482232748000129, 25.14922040000004 ], [ 121.482277292000049, 25.149302835000064 ], [ 121.482324359000032, 25.149385279000054 ], [ 121.482351157000053, 25.14944942500005 ], [ 121.482414743000049, 25.149558187000018 ], [ 121.482483442000103, 25.149680698000044 ], [ 121.48256096800003, 25.149803178000067 ], [ 121.482616859000018, 25.149886733000063 ], [ 121.48265385600007, 25.149972638000055 ], [ 121.482830136000075, 25.150179672000032 ], [ 121.482864385000084, 25.150220846000021 ], [ 121.482979561000107, 25.150311083000066 ], [ 121.483018777000098, 25.150338472000033 ], [ 121.483094678000029, 25.150390985000051 ], [ 121.483138588000102, 25.150418134000056 ], [ 121.483247315000085, 25.150455632000035 ], [ 121.483439692000061, 25.150600950000054 ], [ 121.483604546000052, 25.150692100000064 ], [ 121.483691422000106, 25.150727927000041 ], [ 121.483777101000086, 25.150744232000012 ], [ 121.483899218000019, 25.150797376000064 ], [ 121.484010032000029, 25.150837857000056 ], [ 121.48440589900008, 25.150846989000051 ], [ 121.484734986000035, 25.150844434000071 ], [ 121.485100636000084, 25.150841999000072 ], [ 121.485581112000091, 25.150813466000038 ], [ 121.485985895000127, 25.150797342000033 ], [ 121.486455020000122, 25.150768780000071 ], [ 121.486558327000012, 25.15079316900005 ], [ 121.486614943000063, 25.15082891500003 ], [ 121.486749528, 25.150924575000033 ], [ 121.486750977000042, 25.150925809000054 ], [ 121.486898931000027, 25.150787623000035 ] ] ] } },
{ "type": "Feature", "properties": { "COUNTY": "臺北市", "TOWN": "士林區", "VILLAGE": "陽明里", "geo_iid": "臺北市士林區陽明里", "size_counts": 4 }, "geometry": { "type": "Polygon", "coordinates": [ [ [ 121.556573541000049, 25.155155900000057 ], [ 121.556269, 25.153609673000055 ], [ 121.555827476000118, 25.153032876000044 ], [ 121.554757533000057, 25.151635096000057 ], [ 121.554652809000103, 25.151498282000023 ], [ 121.553829768000014, 25.150515729000055 ], [ 121.553338654000072, 25.149929423000049 ], [ 121.55308068300009, 25.149501703000048 ], [ 121.552838627000014, 25.14910036600002 ], [ 121.551900114000091, 25.147544246000049 ], [ 121.551596561000125, 25.146187105000021 ], [ 121.55141004000005, 25.14439488500005 ], [ 121.551593036000099, 25.144199190000052 ], [ 121.552205275, 25.143876593000066 ], [ 121.553003044000093, 25.143383132000043 ], [ 121.553536615000098, 25.142648733000044 ], [ 121.553501270000083, 25.142079980000052 ], [ 121.552903776000107, 25.140643785000055 ], [ 121.553144517000092, 25.139851787000051 ], [ 121.553765439000031, 25.139034504000048 ], [ 121.553953422000063, 25.138708803000043 ], [ 121.554107699000042, 25.138441499000063 ], [ 121.554386630000053, 25.137958216000069 ], [ 121.554013883000025, 25.137711059000019 ], [ 121.553890522000074, 25.137629263000058 ], [ 121.553675982000073, 25.137320860000035 ], [ 121.553461496000068, 25.13702243200003 ], [ 121.55329675400003, 25.136848493000052 ], [ 121.553038531000098, 25.136545235000021 ], [ 121.552847892000059, 25.136338700000064 ], [ 121.552648595000065, 25.13612278600004 ], [ 121.552509900000018, 25.13566447700002 ], [ 121.552182782000045, 25.134623377000022 ], [ 121.552016499000047, 25.134105326000043 ], [ 121.552004875000094, 25.133950765000055 ], [ 121.551936984, 25.133437329000056 ], [ 121.551963532000059, 25.133262683000051 ], [ 121.552075604000038, 25.132663796000021 ], [ 121.552230178000059, 25.131795446000066 ], [ 121.552326447000041, 25.131326295000065 ], [ 121.552390741000067, 25.13104178300004 ], [ 121.552482117000082, 25.130702308000014 ], [ 121.552601229000061, 25.130452503000068 ], [ 121.552720218000118, 25.13017776200007 ], [ 121.552828592000083, 25.129972885000026 ], [ 121.552904517000101, 25.12984293200002 ], [ 121.552914817000087, 25.129703250000023 ], [ 121.55289776000005, 25.129553704000049 ], [ 121.55284090300006, 25.129502238000033 ], [ 121.552749603000066, 25.129419595000048 ], [ 121.552398690000032, 25.129161570000061 ], [ 121.55211364900002, 25.128968136000015 ], [ 121.551757476000034, 25.128755014000031 ], [ 121.551483568000108, 25.128606416000018 ], [ 121.551165947000072, 25.128457988000029 ], [ 121.550957898000092, 25.12837397100003 ], [ 121.550799207000068, 25.128324691000039 ], [ 121.550845152000093, 25.128015305000066 ], [ 121.551055419000036, 25.126801186 ], [ 121.551133636000017, 25.126520902000031 ], [ 121.551119197000034, 25.126508547000064 ], [ 121.550928495000107, 25.126345369000031 ], [ 121.550645032000048, 25.126429381000033 ], [ 121.550588828000059, 25.126554040000023 ], [ 121.550475571000121, 25.126616682000069 ], [ 121.55016931900002, 25.126680041000043 ], [ 121.549919316000128, 25.126629113000035 ], [ 121.549715897000041, 25.126629868000059 ], [ 121.549310228000095, 25.126664697000013 ], [ 121.549132124000025, 25.126769151000065 ], [ 121.548651378000045, 25.127728060000027 ], [ 121.547749792000104, 25.127518352000035 ], [ 121.5474514550001, 25.127443611000039 ], [ 121.547153003000062, 25.127342616000071 ], [ 121.546964093000057, 25.127375402000037 ], [ 121.546542479000095, 25.127675794000023 ], [ 121.54654052300009, 25.127679956000058 ], [ 121.546398294000014, 25.128023335000012 ], [ 121.546111933000034, 25.12869925700004 ], [ 121.546022206000089, 25.129100432000023 ], [ 121.5458063210001, 25.129187706000035 ], [ 121.545677361000102, 25.129352173000022 ], [ 121.545638249000035, 25.129448698000026 ], [ 121.545482802000038, 25.129745236000076 ], [ 121.545344402000055, 25.129921247000016 ], [ 121.545254619000048, 25.130090619000036 ], [ 121.545116327000073, 25.130291084000071 ], [ 121.545075545000046, 25.130367475000067 ], [ 121.545027288000043, 25.130545629000036 ], [ 121.54483448800012, 25.130937618000068 ], [ 121.544684496000073, 25.131157860000023 ], [ 121.544621506000112, 25.131219949000066 ], [ 121.544517816000052, 25.131737101000049 ], [ 121.544486476000088, 25.131815927000048 ], [ 121.543974523000088, 25.132492265000053 ], [ 121.543749, 25.132390400000066 ], [ 121.543524060000109, 25.132420568000036 ], [ 121.543027707000093, 25.132877191000023 ], [ 121.54276156700007, 25.13307754200002 ], [ 121.542675187000086, 25.133142568000036 ], [ 121.542683297000067, 25.133182363000049 ], [ 121.54270805200008, 25.133303833000067 ], [ 121.542730089000088, 25.133582426000029 ], [ 121.542693299, 25.133614547000036 ], [ 121.542640214000016, 25.133651187000044 ], [ 121.542553847000022, 25.133687949000031 ], [ 121.542467440000109, 25.133715595000069 ], [ 121.542354375000059, 25.133734237000045 ], [ 121.542271859000024, 25.133745695000069 ], [ 121.542264569000054, 25.13374670800005 ], [ 121.542191440000011, 25.133765204000035 ], [ 121.542118476000027, 25.133823168000035 ], [ 121.542062125000029, 25.133875006000036 ], [ 121.54195922200006, 25.133933089000035 ], [ 121.541862881000043, 25.133972922000044 ], [ 121.541776568000046, 25.134021826000033 ], [ 121.54166698500002, 25.134076901000068 ], [ 121.541594031000045, 25.134134866000064 ], [ 121.541550922000056, 25.134171468000023 ], [ 121.541457861000026, 25.134199145000014 ], [ 121.541301566000016, 25.134227045000042 ], [ 121.541171886000043, 25.134251814000031 ], [ 121.541132190000098, 25.134306632000051 ], [ 121.541052633000064, 25.134376782000057 ], [ 121.540744258000018, 25.134633021000063 ], [ 121.540349249000087, 25.134868315000048 ], [ 121.540119704000062, 25.134887372000037 ], [ 121.539883682000095, 25.134948973000053 ], [ 121.539684886000032, 25.135150145000061 ], [ 121.5392228380001, 25.135276345000019 ], [ 121.538537549000011, 25.13533958000005 ], [ 121.53806511400002, 25.135374712000036 ], [ 121.537991474, 25.135381764000037 ], [ 121.537702513000113, 25.135409434000046 ], [ 121.537070418000113, 25.135463361000063 ], [ 121.537047481000073, 25.135545446000037 ], [ 121.537068529000067, 25.135791363000056 ], [ 121.537302325000027, 25.135981843000025 ], [ 121.537439040000109, 25.136039044000025 ], [ 121.537592365, 25.136093152000047 ], [ 121.537802254000098, 25.136144020000064 ], [ 121.537985423, 25.136173724000042 ], [ 121.538128838000034, 25.136243051000061 ], [ 121.538148998000125, 25.136285500000035 ], [ 121.538192496000065, 25.136340006000058 ], [ 121.538222966000049, 25.136458342000015 ], [ 121.538300094000093, 25.136591684000049 ], [ 121.53843386800007, 25.13674001500004 ], [ 121.538567653000101, 25.136888343000059 ], [ 121.538815081000038, 25.13715166400004 ], [ 121.539055270000063, 25.137281378000065 ], [ 121.539378402000011, 25.137350050000055 ], [ 121.539658210000084, 25.137406735000067 ], [ 121.539924656000039, 25.137451318000043 ], [ 121.540350936000095, 25.137516577000039 ], [ 121.540510865000087, 25.137558506000055 ], [ 121.540784247000033, 25.137666844000016 ], [ 121.541007664000063, 25.137766245 ], [ 121.541050762000069, 25.13779491900004 ], [ 121.54112115800001, 25.137841756000046 ], [ 121.541294286000024, 25.137856307000035 ], [ 121.541724535000085, 25.137880715000044 ], [ 121.542134928000124, 25.138329994000053 ], [ 121.542588761000047, 25.138461891000066 ], [ 121.542648425000053, 25.138728781000047 ], [ 121.542606093000032, 25.139076188000043 ], [ 121.542797226000047, 25.139315883000041 ], [ 121.543293986000108, 25.139233926000024 ], [ 121.543484352000064, 25.139300008000074 ], [ 121.543499749000034, 25.139473576000054 ], [ 121.54342752200013, 25.139674172000067 ], [ 121.543325891000123, 25.139834817000061 ], [ 121.543254854000111, 25.14030252700007 ], [ 121.543153389000054, 25.140503230000029 ], [ 121.542935129000071, 25.140744437000023 ], [ 121.542556396, 25.141066363000039 ], [ 121.542513185000075, 25.141089444000041 ], [ 121.542382473000089, 25.141414243000035 ], [ 121.542456649000087, 25.141654374000037 ], [ 121.542501391000073, 25.141854552000034 ], [ 121.542397888000082, 25.142361974000032 ], [ 121.542393068000024, 25.142386798000068 ], [ 121.542381155000058, 25.142451952000037 ], [ 121.542368392000085, 25.142521740000053 ], [ 121.542393870000069, 25.142531560000062 ], [ 121.542443595, 25.14255072100007 ], [ 121.542576222000108, 25.142554537000013 ], [ 121.542585711000015, 25.142554811000018 ], [ 121.542778457000054, 25.142531030000036 ], [ 121.542945747000104, 25.142488877000055 ], [ 121.543183838000118, 25.142391089000053 ], [ 121.54333084800011, 25.142353634000067 ], [ 121.543447100000094, 25.142247055000038 ], [ 121.543492485000129, 25.142182274000042 ], [ 121.54354788000002, 25.142085157000054 ], [ 121.543719770000038, 25.141936845000028 ], [ 121.543901972000086, 25.141825421000071 ], [ 121.544020656000058, 25.141801097000041 ], [ 121.544350681000083, 25.141836806000065 ], [ 121.544574011, 25.14184520100002 ], [ 121.544650134000108, 25.141844921000022 ], [ 121.544746388000021, 25.141807651000068 ], [ 121.545009678000042, 25.14167285100006 ], [ 121.545176857000115, 25.141607620000052 ], [ 121.545349253000055, 25.141574684000027 ], [ 121.545486211000011, 25.141560329000065 ], [ 121.545684188000124, 25.14157344900007 ], [ 121.545770522000097, 25.141586970000038 ], [ 121.545831686000042, 25.141646744000063 ], [ 121.545903061000118, 25.141720320000044 ], [ 121.545943990000069, 25.14179400100004 ], [ 121.545975036000073, 25.141927727000052 ], [ 121.545967500000074, 25.14207346500006 ], [ 121.545952875, 25.142207350000039 ], [ 121.545963438000044, 25.142299623000032 ], [ 121.545989140000074, 25.142373358000036 ], [ 121.546050450000038, 25.142465435000066 ], [ 121.5460527030001, 25.142467653000033 ], [ 121.54610652000008, 25.142520605000069 ], [ 121.546238754000115, 25.142584731000053 ], [ 121.546442221, 25.142690121000047 ], [ 121.546569504000104, 25.142781952000053 ], [ 121.546681378000017, 25.142832303000031 ], [ 121.54683399300005, 25.142914815000033 ], [ 121.54701191900007, 25.142983374000039 ], [ 121.547144094000018, 25.143033651000042 ], [ 121.547270159000036, 25.143091720000019 ], [ 121.547362766000106, 25.14313437800006 ], [ 121.547654091000027, 25.143270212000051 ], [ 121.547750739000108, 25.143320618000068 ], [ 121.547893228000035, 25.143407778000032 ], [ 121.548010487000056, 25.143527327000065 ], [ 121.548071862000043, 25.143633238000053 ], [ 121.548133379000106, 25.14377147500004 ], [ 121.548235907000034, 25.144001841000026 ], [ 121.548259541000121, 25.144048237000042 ], [ 121.548348543000102, 25.144222960000032 ], [ 121.548399644000042, 25.14430122300006 ], [ 121.548476117000064, 25.14437939600003 ], [ 121.548583082000064, 25.144466687000033 ], [ 121.548623674000069, 25.144501777000066 ], [ 121.54870535200007, 25.144572384000064 ], [ 121.548818213000118, 25.144690233000052 ], [ 121.548851973000083, 25.14473588200007 ], [ 121.548879483000064, 25.144773079000053 ], [ 121.548920763000083, 25.14492522100004 ], [ 121.54891096300004, 25.145003717000055 ], [ 121.548794799, 25.145128755000016 ], [ 121.54873456100006, 25.145276656000064 ], [ 121.548705860000041, 25.145398346000032 ], [ 121.548699698000064, 25.145424476000066 ], [ 121.548695264000116, 25.145567557000042 ], [ 121.548746652000091, 25.145710433000026 ], [ 121.548894981000103, 25.145968327000038 ], [ 121.548971560000027, 25.146069573000034 ], [ 121.548975382000108, 25.146074040000023 ], [ 121.549109307000094, 25.146230590000062 ], [ 121.549207854000088, 25.146317075000063 ], [ 121.549229016000027, 25.146335646000061 ], [ 121.549297824000064, 25.146396032000034 ], [ 121.549282143000042, 25.146547129000052 ], [ 121.549171485000116, 25.146769066000036 ], [ 121.549131258000102, 25.14685228300004 ], [ 121.549096373000125, 25.146995479000044 ], [ 121.549066916000015, 25.147217125000051 ], [ 121.549083154000073, 25.147443197000026 ], [ 121.549125054000115, 25.147733798000043 ], [ 121.549176797000072, 25.147955125000063 ], [ 121.549218080000074, 25.148107274000029 ], [ 121.549255294000091, 25.14821259000006 ], [ 121.549321707000118, 25.14843139900006 ], [ 121.549380069000108, 25.148797964000032 ], [ 121.549450753000102, 25.149101436000016 ], [ 121.549464590000085, 25.149376468000067 ], [ 121.549477837000055, 25.149519684000033 ], [ 121.549497435000035, 25.149674350000048 ], [ 121.54966828900001, 25.149828447000058 ], [ 121.549794869000053, 25.149948328000036 ], [ 121.549934185000112, 25.150096808000054 ], [ 121.550010557000064, 25.15026272100004 ], [ 121.550020866000082, 25.150352007000031 ], [ 121.550038114000031, 25.150820206000041 ], [ 121.550059440000041, 25.151072623000051 ], [ 121.550085651000032, 25.151288288000046 ], [ 121.550141308000107, 25.151315626000031 ], [ 121.550191916000017, 25.151342980000031 ], [ 121.550207350000051, 25.15140719500004 ], [ 121.55023277600003, 25.151448420000051 ], [ 121.550288413000075, 25.15147116200006 ], [ 121.55035907100013, 25.151466314000061 ], [ 121.550424577000072, 25.151438524000064 ], [ 121.550485097000106, 25.151424522000067 ], [ 121.55054075300005, 25.151451859000073 ], [ 121.55063214200004, 25.151566293000023 ], [ 121.550794490000058, 25.151778107000034 ], [ 121.550825118000034, 25.151818068000061 ], [ 121.551002639000117, 25.152001037000034 ], [ 121.551210494000088, 25.152193073000031 ], [ 121.551400985000114, 25.152379035000017 ], [ 121.551507643000051, 25.152520955000053 ], [ 121.551639708000039, 25.152699496000018 ], [ 121.551827399000089, 25.15290080800002 ], [ 121.551913693000074, 25.153006068000021 ], [ 121.552086202000055, 25.153198240000041 ], [ 121.552283995000039, 25.153399506000017 ], [ 121.552456382000045, 25.153564137000039 ], [ 121.55264886000009, 25.153705724000066 ], [ 121.552815913, 25.153806097000025 ], [ 121.552979036000011, 25.153978698000056 ], [ 121.553065333000063, 25.15408396600002 ], [ 121.553080246000036, 25.15410616500002 ], [ 121.553182229000072, 25.154257984000026 ], [ 121.553217338000081, 25.154358138000074 ], [ 121.553238481000122, 25.154418453000055 ], [ 121.553284308000116, 25.154505504000031 ], [ 121.553320366000079, 25.154666059000068 ], [ 121.553334272000043, 25.154780499000022 ], [ 121.553346573000127, 25.154881731000039 ], [ 121.553349319000077, 25.154927187000048 ], [ 121.555563545000041, 25.155512615000074 ], [ 121.556573541000049, 25.155155900000057 ] ] ] } },
{ "type": "Feature", "properties": { "COUNTY": "臺北市", "TOWN": "北投區", "VILLAGE": "秀山里", "geo_iid": "臺北市北投區秀山里", "size_counts": 1 }, "geometry": { "type": "Polygon", "coordinates": [ [ [ 121.493786982000088, 25.161241172000068 ], [ 121.49385099500013, 25.161060456000019 ], [ 121.494062635000091, 25.160470978000024 ], [ 121.494575131000019, 25.159372845000053 ], [ 121.494702618, 25.159147118000067 ], [ 121.49533716800012, 25.158111652000049 ], [ 121.495589361000043, 25.157783384000023 ], [ 121.496083914000096, 25.157141892000016 ], [ 121.496172348000059, 25.157027447000068 ], [ 121.496473787000014, 25.156710776000061 ], [ 121.49647439200011, 25.156710141000076 ], [ 121.49658542600001, 25.156593498000063 ], [ 121.497126392000041, 25.156032955000043 ], [ 121.49719023800003, 25.155540085000034 ], [ 121.497247727000044, 25.155101323000046 ], [ 121.49726296200005, 25.154797868000056 ], [ 121.497328836000065, 25.153178528000065 ], [ 121.497274861000051, 25.152480289000035 ], [ 121.497274659000027, 25.152477679000061 ], [ 121.497228083000095, 25.151875148000038 ], [ 121.497193238000037, 25.151400636000059 ], [ 121.497162845000048, 25.151211495000034 ], [ 121.496967823000091, 25.150205829000068 ], [ 121.496904011000083, 25.149893630000054 ], [ 121.496836798000103, 25.149557419000075 ], [ 121.496628126000019, 25.148887538000039 ], [ 121.496543282000061, 25.148615168000038 ], [ 121.496298713000101, 25.147826672000054 ], [ 121.496300286000064, 25.14782680300004 ], [ 121.49651178000012, 25.147844482000032 ], [ 121.496981471000012, 25.147883741000044 ], [ 121.497956090000116, 25.147922531000056 ], [ 121.498440153000033, 25.147950940000033 ], [ 121.499586072000071, 25.148013164000069 ], [ 121.499757276000096, 25.148015593000018 ], [ 121.500214715000098, 25.147975003000049 ], [ 121.500849698000025, 25.147876728000018 ], [ 121.501010916000055, 25.14785515800002 ], [ 121.501129198000044, 25.147797684000057 ], [ 121.501188313000057, 25.14776143500006 ], [ 121.501220913000111, 25.147683223000048 ], [ 121.501263283000057, 25.147577939000019 ], [ 121.501285905000032, 25.147472733000019 ], [ 121.501298341000052, 25.147295453000019 ], [ 121.501284628, 25.147160322000044 ], [ 121.501237986000092, 25.147025305000053 ], [ 121.501105514000074, 25.146833502000032 ], [ 121.500828442000042, 25.146702269000052 ], [ 121.500778321000098, 25.146697359000029 ], [ 121.500709878000066, 25.14669065300005 ], [ 121.500442015000104, 25.146691558000036 ], [ 121.500435221000089, 25.146691581000027 ], [ 121.500268740000024, 25.146692143000042 ], [ 121.499969402000033, 25.146753225000047 ], [ 121.499689832000072, 25.14681725600007 ], [ 121.49946589000001, 25.14679698600002 ], [ 121.499121778000017, 25.14648179400006 ], [ 121.498633678000033, 25.14603471100002 ], [ 121.498586916000036, 25.145991878000068 ], [ 121.498473538000098, 25.14579105700005 ], [ 121.498465828000022, 25.145777402000068 ], [ 121.498354204000066, 25.145579689000041 ], [ 121.498344852000059, 25.145563124000024 ], [ 121.498252011000091, 25.145398223000029 ], [ 121.498165246000099, 25.145110116000055 ], [ 121.498135206000029, 25.145008084000036 ], [ 121.498105179000049, 25.144909058000049 ], [ 121.498048479000104, 25.144729013000063 ], [ 121.498028513, 25.144675012000043 ], [ 121.497988765000073, 25.144615064000043 ], [ 121.497852331000104, 25.144453556000027 ], [ 121.497702238000116, 25.144275880000063 ], [ 121.497579518000066, 25.144361102000055 ], [ 121.497484276000037, 25.144418496000064 ], [ 121.49742842700006, 25.144445722000047 ], [ 121.497336382000057, 25.144479074000053 ], [ 121.496728157, 25.144676372000042 ], [ 121.496722160000104, 25.14467829900007 ], [ 121.495941411000118, 25.144929193000046 ], [ 121.495689595000059, 25.145010105000036 ], [ 121.495248445000016, 25.145146746000016 ], [ 121.495240448000118, 25.145148937000037 ], [ 121.49504388600009, 25.14520279800006 ], [ 121.495032877000085, 25.145204154000055 ], [ 121.494389420000061, 25.145283401000022 ], [ 121.493768092000096, 25.145358837000053 ], [ 121.493588377000037, 25.145380659000065 ], [ 121.493376127000047, 25.145409045000058 ], [ 121.493227004000133, 25.14541876800007 ], [ 121.493138515000055, 25.145416760000039 ], [ 121.493070209000052, 25.145407761000051 ], [ 121.492984156000048, 25.145382679000075 ], [ 121.492960973000095, 25.14537149400007 ], [ 121.492832181000054, 25.145309362000027 ], [ 121.492763719000095, 25.145261146000049 ], [ 121.492686759000094, 25.145191427000032 ], [ 121.492674914000077, 25.145180695000075 ], [ 121.492473045000125, 25.144973027000045 ], [ 121.492461804000058, 25.145113063000053 ], [ 121.492489769000031, 25.145220655000053 ], [ 121.492612416000043, 25.145392546000028 ], [ 121.492806834, 25.145804712000029 ], [ 121.492855173000081, 25.146088130000059 ], [ 121.492899845000011, 25.146436181000063 ], [ 121.492903347000052, 25.146458991000024 ], [ 121.492984676000091, 25.146988691000047 ], [ 121.492985498000053, 25.147193297000054 ], [ 121.492966478000085, 25.147354899000046 ], [ 121.492911776000042, 25.14744841300006 ], [ 121.49281776600003, 25.147549233000056 ], [ 121.49266891000002, 25.147707672000017 ], [ 121.492422190000056, 25.147988477000062 ], [ 121.49230091000004, 25.148157596000026 ], [ 121.492226759000118, 25.14830860000006 ], [ 121.492133079000055, 25.148491989000028 ], [ 121.492066641000065, 25.148599896000054 ], [ 121.492035217000094, 25.14861435500006 ], [ 121.491870037000012, 25.148625674000062 ], [ 121.491763718000016, 25.148600902000048 ], [ 121.491716249000092, 25.14853644500004 ], [ 121.491641273000042, 25.148479258000062 ], [ 121.4914955160001, 25.14842949300003 ], [ 121.49140498700001, 25.14841902300002 ], [ 121.491310572000103, 25.148419336000067 ], [ 121.491220111000075, 25.148423220000033 ], [ 121.491141542000037, 25.14845219100004 ], [ 121.490949335000096, 25.148592825000026 ], [ 121.490898339000069, 25.148628888000072 ], [ 121.490809695000038, 25.148642471000066 ], [ 121.490634922000012, 25.148669250000061 ], [ 121.490477655000078, 25.148694896000045 ], [ 121.490018193000068, 25.148901027000072 ], [ 121.489177847000065, 25.149287901000037 ], [ 121.488632145000125, 25.14957328100007 ], [ 121.488286632000055, 25.149746729000061 ], [ 121.487360609, 25.150356422000065 ], [ 121.486898931000027, 25.150787623000035 ], [ 121.486750977000042, 25.150925809000054 ], [ 121.486777820000057, 25.150948662000058 ], [ 121.486873987000081, 25.151030533000032 ], [ 121.486915422000024, 25.151081162000018 ], [ 121.487037535000027, 25.151136607000058 ], [ 121.487113067000124, 25.151171252000029 ], [ 121.48719609200009, 25.151226582000039 ], [ 121.487267902000099, 25.151243996000058 ], [ 121.487337047000111, 25.151303892000044 ], [ 121.487468976000059, 25.151438572000064 ], [ 121.487512886000104, 25.151502978000046 ], [ 121.487483676000025, 25.15156489800005 ], [ 121.487455660000023, 25.151646331000048 ], [ 121.487444089000064, 25.151711741000035 ], [ 121.487423516000021, 25.151828792000057 ], [ 121.487439564000056, 25.15192986300007 ], [ 121.487513298000081, 25.152122936000062 ], [ 121.487560889000065, 25.152217210000057 ], [ 121.487592128000074, 25.152299951000032 ], [ 121.48760693700001, 25.152394134000073 ], [ 121.487595326000019, 25.152472174000014 ], [ 121.487564709000026, 25.152577712000031 ], [ 121.487546612000088, 25.152707396000032 ], [ 121.487574987, 25.152891165000021 ], [ 121.487627569000097, 25.15300152300005 ], [ 121.487750674000054, 25.153135029000051 ], [ 121.487892689000091, 25.153272048000069 ], [ 121.48799572900009, 25.153374511000031 ], [ 121.488102465000125, 25.153503384000029 ], [ 121.488144999000056, 25.153601080000033 ], [ 121.488193660000093, 25.153751615000026 ], [ 121.488239867000061, 25.153882620000036 ], [ 121.48830393500009, 25.15395282900004 ], [ 121.488446037000017, 25.154062283000023 ], [ 121.488537822000026, 25.154138313000029 ], [ 121.488638313000024, 25.15424994500005 ], [ 121.488698572000075, 25.154327025000043 ], [ 121.488755036000057, 25.154407551000073 ], [ 121.488828996000052, 25.154535178000053 ], [ 121.488943082000119, 25.154727224000045 ], [ 121.489083588000099, 25.154936560000053 ], [ 121.489175182000068, 25.155068834000069 ], [ 121.489316899000087, 25.155293091000026 ], [ 121.489369622000041, 25.155362114000066 ], [ 121.489472408000097, 25.155540348000034 ], [ 121.489575189000107, 25.155719720000032 ], [ 121.489621508000027, 25.15581858500007 ], [ 121.489667909000119, 25.155892191000071 ], [ 121.489711504000056, 25.156050740000062 ], [ 121.489754045000041, 25.156148445000035 ], [ 121.48980551800004, 25.156212877000023 ], [ 121.489985295000096, 25.156369496000018 ], [ 121.490021735000042, 25.156406336000025 ], [ 121.490070709000065, 25.156465029000053 ], [ 121.490120888000092, 25.156540921000044 ], [ 121.490178664000041, 25.156607674000036 ], [ 121.49020869200001, 25.156675482000022 ], [ 121.490365605000093, 25.156881422000026 ], [ 121.490493662000063, 25.157044784000039 ], [ 121.490541336000078, 25.157116101000032 ], [ 121.490610379000032, 25.157205837000042 ], [ 121.49065052100002, 25.15726679600003 ], [ 121.49069944300004, 25.157341556000059 ], [ 121.490814736000061, 25.157550813000054 ], [ 121.490830928000037, 25.157609404000016 ], [ 121.490929832, 25.157818625000047 ], [ 121.490993876000061, 25.157895709000048 ], [ 121.491069202000062, 25.157992358000051 ], [ 121.491185860000087, 25.158171781000075 ], [ 121.491356430000124, 25.15844088000004 ], [ 121.491499455000053, 25.158652506000063 ], [ 121.491538172000091, 25.158726657000035 ], [ 121.491585899000029, 25.158818064000052 ], [ 121.491593263000027, 25.158877779000079 ], [ 121.491619446000058, 25.158965108000071 ], [ 121.49164677400006, 25.159086877000039 ], [ 121.491696744000024, 25.159225931000027 ], [ 121.49178434800001, 25.159420192000027 ], [ 121.491836777000131, 25.159576465000033 ], [ 121.491888076, 25.159694859000062 ], [ 121.491963305, 25.15982134200004 ], [ 121.492023557000039, 25.159901880000053 ], [ 121.492152912000051, 25.160054915000032 ], [ 121.492165929000066, 25.160075206000037 ], [ 121.4922156250001, 25.160152672000034 ], [ 121.492293459000052, 25.160253906000033 ], [ 121.492366193000066, 25.160372354000053 ], [ 121.492399177000053, 25.160411754000044 ], [ 121.492465405000075, 25.16049086900005 ], [ 121.492584857000111, 25.16058993300004 ], [ 121.492632608, 25.160638273000071 ], [ 121.492699261000098, 25.160690115000012 ], [ 121.492759554000031, 25.160758013000063 ], [ 121.492940718000114, 25.160879044000065 ], [ 121.493223807000049, 25.161061200000052 ], [ 121.493360970000026, 25.16114306900004 ], [ 121.493542159000057, 25.16125607500004 ], [ 121.493659193000099, 25.161325263000034 ], [ 121.493737544000055, 25.161380741000073 ], [ 121.493786982000088, 25.161241172000068 ] ] ] } }
]
}
