no,area,name,address,latitude,longitude
1,鶯歌區,麥當勞鶯歌文化店-女廁,新北市鶯歌區南靖里文化路363號,24.951092,121.352289
2,三峽區,三峽區公有零售市場1F-男廁,新北市三峽區永館里民生街186號,24.934932,121.370673
3,三峽區,中油清溪加油站-男廁,新北市三峽區溪東里溪東89號,24.934785,121.401373
4,淡水區,麥當勞淡水中山店2F-男廁,新北市淡水區新義里中山北路1段105號,25.17652565,121.4424822
5,淡水區,麥當勞淡水中山店2F-女廁,新北市淡水區新義里中山北路1段105號,25.176545,121.442443
6,淡水區,淡水無極天元宮(天壇)-女廁,新北市淡水區水源里北新路3段36號,25.18657347,121.4849496
7,淡水區,中油竹圍加油站-女廁,新北市淡水區竹圍里民權路86號,25.133531,121.458896
8,淡水區,中油永秦加油站-女廁,新北市淡水區竿蓁里中正東路36號,25.165579,121.448802
9,淡水區,中油金滿益加油站-男廁,新北市淡水區竿蓁里淡金路101號,25.167126,121.459848
10,淡水區,中油金滿益加油站-女廁,新北市淡水區竿蓁里淡金路101號,25.167126,121.459848
11,淡水區,淡水福佑宮-女廁,新北市淡水區民安里中正路200號,25.17006,121.4399
12,淡水區,漁人碼頭南邊木棧道1-1F-女廁,新北市淡水區沙崙里觀海路199號,25.181395,121.416777
13,瑞芳區,九份遊客中心-無障礙廁所,新北市瑞芳區崇文里汽車路89號,25.10975,121.84347
14,汐止區,復興活動中心-男廁,新北市汐止區復興里復興路1-1號,25.06204,121.660393
15,三峽區,三峽祖師廟-男廁,新北市三峽區秀川里長福街1號,24.9338,121.370367
16,三峽區,中油三峽加油站-男廁,新北市三峽區礁溪里介壽路一段193號,24.930879,121.377854
17,三峽區,中油三鶯加油站-男廁,新北市三峽區鳶山里復興路316號,24.93892522,121.3660981
18,三峽區,滿月圓森林遊樂區-男廁,新北市三峽區有木里有木174-1號,24.82214572,121.4490724
19,淡水區,新埔加油站-女廁,新北市淡水區賢孝里淡金路496號,25.22548017,121.451996
20,淡水區,北基淡金路加油站-男廁,新北市淡水區興仁里淡金路3段446號,25.214888,121.450886
21,淡水區,北基淡金路加油站-女廁,新北市淡水區興仁里淡金路3段446號,25.214888,121.450886
22,淡水區,淡水無極天元宮停車場-女廁,新北市淡水區水源里北新路3段36號,25.18650551,121.4849174
23,淡水區,淡水區竹圍活動中心5F-男廁,新北市淡水區民生里民生路27號,25.13787,121.461566
24,淡水區,中油淡水加油站-男廁,新北市淡水區幸福里中正東路1號,25.168902,121.445415
25,淡水區,漁人碼頭北邊停車場4-4F-女廁,新北市淡水區沙崙里觀海路199號,25.181395,121.416777
26,汐止區,國泰綜合醫院汐止分院1F-男廁,新北市汐止區城中里建成路59巷2號,25.072937,121.661353
27,汐止區,汐止綜合運動場南側-女廁,新北市汐止區秀峰里忠孝東路9號,25.06523,121.65852
28,汐止區,台亞新台五一加油站-男廁,新北市汐止區復興里新台五路一段115號,25.061686,121.651309
29,鶯歌區,麥當勞鶯歌文化店-混合廁所,新北市鶯歌區南靖里文化路363號,24.951092,121.352289
30,三峽區,全國橫溪加油站-男廁,新北市三峽區溪北里介壽路3段114號,24.941448,121.39776
31,三峽區,中油長壽山加油站-男廁,新北市三峽區溪北里介壽路3段131號,24.942694,121.399517
32,淡水區,肯德基淡水中山店2F-女廁,新北市淡水區新義里中山北路1段151號,25.177477,121.443117
33,淡水區,淡水無極天元宮停車場-男廁,新北市淡水區水源里北新路3段36號,25.18642784,121.4848638
34,淡水區,淡水區竹圍活動中心5F-女廁,新北市淡水區民生里民生路27號,25.13787,121.461566
35,淡水區,淡水鄞山寺-男廁,新北市淡水區鄧公里鄧公路15號,25.168873,121.448244
36,汐止區,摩斯漢堡汐止台五店2F-男廁,新北市汐止區復興里新台五路一段115號,25.06298,121.655119
37,汐止區,摩斯漢堡汐止台五店2F-女廁,新北市汐止區復興里新台五路一段115號,25.06298,121.655119
38,汐止區,中油淳寶加油站-女廁,新北市汐止區茄苳里新台五路二段236號,25.06677,121.670229
39,汐止區,汐止茄苳圖書館2F-女廁,新北市汐止區茄苳里茄苳路225巷35號,25.06921,121.672178
40,汐止區,中油保長坑加油站-男廁,新北市汐止區保安里大同路三段186-1號,25.074321,121.674377
41,汐止區,中油伯爵加油站-無障礙廁所,新北市汐止區江北里汐萬路一段39號,25.068984,121.654686
42,汐止區,中油伯爵加油站-女廁,新北市汐止區江北里汐萬路一段39號,25.068984,121.654686
43,汐止區,汐止江北圖書館2F-男廁,新北市汐止區江北里汐萬路一段81號,25.069195,121.654915
44,汐止區,復興市民活動中心-女廁,新北市汐止區復興里復興路1-1號,25.064921,121.655813
45,汐止區,中油保長坑加油站-女廁,新北市汐止區保安里大同路三段186-1號,25.074321,121.674377
46,汐止區,北基汐科加油站-男廁,新北市汐止區文化里新台五路一段132號,25.061796,121.652938
47,汐止區,宜興東勢市民活動中心-女廁,新北市汐止區東勢里東勢街15-1號,25.040757,121.629745
48,汐止區,福安市民活動中心3F-男廁,新北市汐止區秀山里勤進路1號,25.062169,121.660323
49,汐止區,福安市民活動中心3F-女廁,新北市汐止區秀山里勤進路1號,25.062169,121.660323
50,瑞芳區,瑞芳市場東側-女廁,新北市瑞芳區龍興里明燈路三段6號,25.10762,121.80887
51,瑞芳區,瑞芳市場西側-女廁,新北市瑞芳區龍興里明燈路三段6號,25.10761,121.80894
52,汐止區,中油汐止加油站-男廁,新北市汐止區樟樹里大同路一段353號,25.06004,121.639541
53,汐止區,中油汐止加油站-女廁,新北市汐止區樟樹里大同路一段353號,25.06004,121.639541
54,汐止區,全國東湖加油站-女廁,新北市汐止區北山里康寧街5號,25.067496,121.617975
55,汐止區,康誥坑公園-女廁,新北市汐止區白雲里水源路二段88巷處,25.055861,121.656374
56,汐止區,白雲市民活動中心-混合廁所,新北市汐止區白雲里水源路二段112號、114號,25.055531,121.656782
57,汐止區,橫科市民活動中心2F-男廁,新北市汐止區橫科里橫科路117號,25.049524,121.621484
58,汐止區,麥當勞汐止中興店2F-女廁,新北市汐止區中興里中興路168-10號,25.065643,121.631843
59,汐止區,金龍市民活動中心-混合廁所,新北市汐止區金龍里湖前街31巷2弄2號,25.069375,121.631854
60,淡水區,屎礐渡頭-混合廁所,新北市淡水區民安里中正路73號,25.170028,121.439756
61,淡水區,漁人碼頭北邊停車場3-3F-女廁,新北市淡水區沙崙里觀海路199號,25.181395,121.416777
62,汐止區,禮門市民活動中心-女廁,新北市汐止區禮門里中正路287號,25.068146,121.656675
63,汐止區,台亞汐止大同加油站-女廁,新北市汐止區智慧里大同路二段37號,25.06313,121.647853
64,汐止區,國泰綜合醫院汐止分院1F-女廁,新北市汐止區城中里建成路59巷2號,25.072937,121.661353
65,汐止區,汐止綜合運動場南側-男廁,新北市汐止區秀峰里忠孝東路9號,25.06523,121.65852
66,汐止區,台亞新台五一加油站-女廁,新北市汐止區復興里新台五路一段115號,25.061686,121.651309
67,瑞芳區,中油海濱加油站-男廁,新北市瑞芳區海濱里海濱路157-2號,25.121335,121.828919
68,瑞芳區,鼻頭休息站-女廁,新北市瑞芳區鼻頭里鼻頭路245-1號,25.1240378,121.82054
69,土城區,土城五穀先帝廟1F-男廁,新北市土城區土城里和平路11號,24.973965,121.443298
70,土城區,大潤發土城店1F-男廁,新北市土城區永寧里永安街25號 ,24.96413,121.434034
71,板橋區,南雅公園活動中心-男廁,新北市板橋區華興里南雅雅南路2段1-1號,25.00293,121.454672
72,板橋區,信義公園活動中心-男廁,新北市板橋區信義里信義路150巷43之1號,24.9916,121.4573
73,板橋區,華中公園-男廁,新北市板橋區華中里僑中一街124巷底,25.012509,121.445853
74,永和區,中油永利加油站-男廁,新北市永和區永貞里永利路69號,25.004968,121.519653
75,鶯歌區,中油鶯歌加油站-女廁,新北市鶯歌區南靖里文化路152號,24.950427,121.352237
76,三峽區,歷史文物館-男廁,新北市三峽區永館里中山路18號,24.934526,121.369352
77,三峽區,中油民盛加油站-男廁,新北市三峽區大埔里中正路2段362號,24.909867,121.365635
78,三峽區,中油大埔加油站-男廁,新北市三峽區大埔里中正路2段165號,24.9149688,121.36638
79,三峽區,三峽圖書館1F-男廁,新北市三峽區介壽里永安街9巷5號,24.929758,121.376395
80,三峽區,台亞三峽加油站-男廁,新北市三峽區中正里中正路1段307號,24.924917,121.371545
81,淡水區,淡水行忠堂-男廁,新北市淡水區忠山里樁子林18號,25.20191242,121.4809585
82,三峽區,中山公園-性別友善廁所(山坡上),新北市三峽區鳶山里中山路與文化路口,24.93507626,121.3661807
83,三峽區,防災公園-男廁,新北市三峽區龍埔里國光街60號,24.938011,121.374431
84,三峽區,柑園三峽加油站-男廁,新北市三峽區溪南里介壽路1段385號,24.93409,121.387784
85,淡水區,新埔加油站-男廁,新北市淡水區賢孝里淡金路496號,25.225297,121.452352
86,淡水區,肯德基淡水中山店2F-男廁,新北市淡水區新義里中山北路1段151號,25.177477,121.443117
87,淡水區,中油永秦加油站-男廁,新北市淡水區竿蓁里中正東路36號,25.16491118,121.4502794
88,淡水區,淡水區立文化大樓5F-女廁,新北市淡水區新生里文化路65號,25.17278618,121.4379734
89,鶯歌區,中油鶯歌加油站-男廁,新北市鶯歌區南靖里文化路152號,24.950427,121.352237
90,三峽區,麥當勞三峽文化店2F-混合廁所,新北市三峽區永館里文化路72號,24.93623,121.372155
91,三峽區,鳶山簡易運動場-男廁,新北市三峽區永館里鳶峰路,24.932381,121.357282
92,三峽區,三峽白雞行修宮停車場-男廁,新北市三峽區嘉添里白雞155號,24.90511193,121.4002132
93,三峽區,大板根森林遊樂區-男廁,新北市三峽區插角里插角80號,24.870887,121.407312
94,淡水區,淡水無極天元宮(天壇)-男廁,新北市淡水區水源里北新路3段36號,25.18637929,121.4849925
95,淡水區,中油淡水加油站-女廁,新北市淡水區幸福里中正東路1號,25.16867881,121.445505
96,汐止區,汐科火車站北站-女廁,新北市汐止區大同里大同路二段182號,25.063745,121.651852
97,瑞芳區,中油瑞芳加油站-女廁,新北市瑞芳區東和里中山路200號,25.10686,121.80151
98,瑞芳區,九份市場-女廁,新北市瑞芳區崇文里九份市場,25.10843,121.84385
99,瑞芳區,金瓜石車站-女廁,新北市瑞芳區銅山里金瓜石車站,25.10849,121.8559
100,瑞芳區,中油林長加油站-男廁,新北市瑞芳區瑞濱里瑞濱路32-6號,25.1210863,121.8239597
101,瑞芳區,中油林長加油站-女廁,新北市瑞芳區瑞濱里瑞濱路32-6號,25.1210863,121.8239597
102,瑞芳區,鼻頭休息站-男廁,新北市瑞芳區鼻頭里鼻頭路245-1號,25.1240378,121.82054
103,永和區,麥當勞永和得和店2F-男廁,新北市永和區秀得里得和路405號,24.999331,121.525633
104,新莊區,麥當勞新莊民安店2F-男廁,新北市新莊區八德里民安路188巷5號 ,25.023237,121.424806
105,新莊區,新莊區公所1F-多功能廁所,新北市新莊區興漢里中正路176號,25.035834,121.450558
106,新莊區,四維市民活動中心1F-男廁,新北市新莊區南港里四維路186巷2號 ,25.02117,121.421825
107,新莊區,四維市民活動中心1F-無障礙廁所,新北市新莊區南港里四維路186巷2號 ,25.02117,121.421825
108,新莊區,中油永錡中正加油站-男廁,新北市新莊區丹鳳里中正路692之8號 ,25.028378,121.419732
109,新莊區,中油永錡中正加油站-女廁,新北市新莊區丹鳳里中正路692之8號 ,25.028378,121.419732
110,汐止區,長安市民活動中心1F-混合廁所,新北市汐止區長安里長興街一段50號,25.07833,121.669549
111,汐止區,保安市民活動中心-女廁,新北市汐止區保安里大同路三段340巷6號-1,25.071445,121.676652
112,汐止區,中油平安加油站-混合廁所,新北市汐止區保長里大同路三段575號,25.072893,121.683053
113,汐止區,汐止北峰圖書館2F-混合廁所,新北市汐止區中興里福德一路272巷5號,25.064535,121.631698
114,汐止區,仁德市民活動中心-混合廁所,新北市汐止區仁德里和平街6巷1弄1號,25.071187,121.663289
115,汐止區,自強市民活動中心1F-無障礙廁所,新北市汐止區自強里新興路54號,25.062869,121.657243
116,汐止區,文化市民活動中心1F-男廁,新北市汐止區文化里南興路83巷17號,25.05903,121.653735
117,汐止區,文化市民活動中心1F-女廁,新北市汐止區文化里南興路83巷18號,25.05903,121.653735
118,淡水區,淡水行忠堂-女廁,新北市淡水區忠山里樁子林18號,25.20189301,121.4809477
119,淡水區,中油竹圍加油站-男廁,新北市淡水區竹圍里民權路86號,25.133531,121.458896
120,淡水區,中油東來加油站-男廁,新北市淡水區學府里淡金路1段69號,25.174873,121.457654
121,淡水區,漁人碼頭北邊停車場2-2F-男廁,新北市淡水區沙崙里觀海路199號,25.181395,121.416777
122,淡水區,漁人碼頭北邊停車場4-4F-男廁,新北市淡水區沙崙里觀海路199號,25.181395,121.416777
123,淡水區,漁人碼頭北邊停車場1-1F-女廁,新北市淡水區沙崙里觀海路199號,25.181395,121.416777
124,淡水區,漁人碼頭南邊停車場木棧道2-2F-男廁,新北市淡水區沙崙里觀海路199號,25.181395,121.416777
125,淡水區,淡水紅毛城-男廁,新北市淡水區文化里中正路28巷1號,25.1747864,121.4332151
126,淡水區,淡水紅毛城-女廁,新北市淡水區文化里中正路28巷1號,25.17463104,121.4333761
127,淡水區,漁人碼頭北邊停車場1-1F-男廁,新北市淡水區沙崙里觀海路199號,25.181395,121.416777
128,淡水區,漁人碼頭北邊停車場2-2F-女廁,新北市淡水區沙崙里觀海路199號,25.181395,121.416777
129,淡水區,漁人碼頭南邊木棧道1-1F-男廁,新北市淡水區沙崙里觀海路199號,25.181395,121.416777
130,三重區,六合閱覽室2F-男廁,新北市三重區六合里自強路二段50巷22號,25.069162,121.488261
131,汐止區,禮門市民活動中心-男廁,新北市汐止區禮門里中正路287號,25.068146,121.656675
132,土城區,麥當勞土城中央店2F-混合廁所,新北市土城區員林里中央路2段159號,24.976195,121.442159
133,土城區,中油土城加油站1F-男廁,新北市土城區員仁里中央路2段280號,24.974083,121.440728
134,板橋區,捷運亞東醫院站-男廁,新北市板橋區華東里南雅南路2段17號,24.997779,121.452427
135,板橋區,板橋浮洲圖書館2F-男廁,新北市板橋區大安里大觀路二段163號,25.000443,121.445371
136,板橋區,台亞石油浮洲橋站-女廁,新北市板橋區崑崙里篤行路一段33號,24.993881,121.431818
137,板橋區,溪北公園(溪北路)-男廁,新北市板橋區堂春里篤行路二段133號,24.990449,121.431248
138,板橋區,板橋溪北圖書館2F-男廁,新北市板橋區堂春里篤行路二段133號,24.990449,121.431248
139,新莊區,中油聯新加油站-男廁,新北市新莊區丹鳳里新北大道七段120號 ,25.032305,121.417576
140,新莊區,中油聯新加油站-女廁,新北市新莊區丹鳳里新北大道七段120號 ,25.032305,121.417576
141,新莊區,聯合市民活動中心1F-女廁,新北市新莊區仁愛里自由街1號,25.047989,121.455969
142,新莊區,麥當勞新莊中山店1F-男廁,新北市新莊區雙鳳里新北大道7段792號,25.024467,121.413056
143,新莊區,麥當勞新莊中山店1F-女廁,新北市新莊區雙鳳里新北大道7段792號,25.024467,121.413056
144,新莊區,新北市立圖書館中港分館6F-男廁,新北市新莊區中華里中港路324-3號,25.045574,121.452522
145,新莊區,新莊文化藝術中心1F-女廁,新北市新莊區立基里中平路133號 ,25.04718,121.444723
146,新莊區,長青活動中心1F-女廁,新北市新莊區後德里後港一路19號,25.025949,121.424629
147,汐止區,台亞汐止大同加油站-男廁,新北市汐止區智慧里大同路二段37號,25.06313,121.647853
148,汐止區,汐止茄苳圖書館2F-男廁,新北市汐止區茄苳里茄苳路225巷35號,25.06921,121.672178
149,汐止區,茄苳市民活動中心1F-混合廁所,新北市汐止區茄苳里茄苳路225巷35號,25.06921,121.672178
150,汐止區,汐止長安圖書館3F-混合廁所,新北市汐止區長安里長興街一段50號,25.07833,121.669549
151,汐止區,保安市民活動中心-男廁,新北市汐止區保安里大同路三段340巷6號-1,25.071445,121.676652
152,汐止區,汐止江北圖書館2F-女廁,新北市汐止區江北里汐萬路一段81號,25.069195,121.654915
153,汐止區,好市多汐止店-男廁,新北市汐止區樟樹里大同路一段158號 ,25.056687,121.633329
154,汐止區,好市多汐止店-女廁,新北市汐止區樟樹里大同路一段158號 ,25.056687,121.633329
155,汐止區,興福市民活動中心-混合廁所,新北市汐止區興福里福德一路141巷52號,25.06663,121.637336
156,汐止區,麥當勞汐止大同店-混合廁所,新北市汐止區大同里大同路二段242號,25.06593,121.654357
157,汐止區,秀峰市民活動中心2F-女廁,新北市汐止區秀山里勤進路1號,25.062169,121.660323
158,汐止區,秀山市民活動中心1F-男廁,新北市汐止區秀山里勤進路1號,25.062169,121.660323
159,瑞芳區,瑞芳火車站-男廁,新北市瑞芳區龍潭里明燈路三段82號,25.1087,121.80867
160,瑞芳區,中油瑞芳加油站-男廁,新北市瑞芳區東和里中山路200號,25.10686,121.80151
161,瑞芳區,九份市場-男廁,新北市瑞芳區崇文里九份市場,25.10843,121.84385
162,瑞芳區,金瓜石車站-男廁,新北市瑞芳區銅山里金瓜石車站,25.10849,121.8559
163,淡水區,漁人碼頭南邊木棧道2-2F-女廁,新北市淡水區沙崙里觀海路199號,25.181395,121.416777
164,淡水區,竹圍里土地公廟-女廁,新北市淡水區竹圍里民族路17巷2號,25.136953,121.463531
165,汐止區,汐止火車站2F北側-男廁,新北市汐止區信望里信義路1號,25.068316,121.6617346
166,汐止區,汐止火車站2F北側-女廁,新北市汐止區信望里信義路1號,25.068316,121.6617346
167,汐止區,智興立體停車場1F-女廁,新北市汐止區復興里忠孝東路1號,25.064131,121.657032
168,汐止區,中油淳寶加油站-男廁,新北市汐止區茄苳里新台五路二段236號,25.06677,121.670229
169,汐止區,五堵火車站2F-女廁,新北市汐止區長安里長安路17號,25.077857,121.66763
170,汐止區,全國東湖加油站-男廁,新北市汐止區北山里康寧街5號,25.067496,121.617975
171,汐止區,汐止橫科圖書館3F-女廁,新北市汐止區橫科里橫科路117號,25.049524,121.621484
172,汐止區,中興市民活動中心1F-混合廁所,新北市汐止區中興里福德一路272巷5號,25.063989,121.631708
173,汐止區,厚德山光市民活動中心2F-男廁,新北市汐止區厚德里樟樹一路137巷29號,25.065959,121.6413
174,汐止區,厚德山光市民活動中心2F-女廁,新北市汐止區厚德里樟樹一路137巷30號,25.065959,121.6413
175,汐止區,自強市民活動中心1F-混合廁所,新北市汐止區自強里新興路54號,25.062869,121.657243
176,汐止區,大同活動中心-混合廁所,新北市汐止區大同里大同路二段312巷16弄35號,25.065289,121.654958
177,汐止區,秀山市民活動中心1F-女廁,新北市汐止區秀山里勤進路1號,25.062169,121.660323
178,淡水區,中油東來加油站-女廁,新北市淡水區學府里淡金路1段69號,25.174873,121.457654
179,淡水區,麥當勞淡水中正店2F-混合廁所,新北市淡水區幸福里中正東路37號,25.1683341,121.4462695
180,淡水區,淡水鄞山寺-女廁,新北市淡水區鄧公里鄧公路15號,25.168873,121.448244
181,淡水區,淡水福佑宮-男廁,新北市淡水區民安里中正路200號,25.17006,121.4399
182,淡水區,淡水區立文化大樓5F-男廁,新北市淡水區新生里文化路65號,25.17283351,121.4378701
183,淡水區,漁人碼頭北邊停車場3-3F-男廁,新北市淡水區沙崙里觀海路199號,25.181395,121.416777
184,瑞芳區,九份遊客中心-女廁,新北市瑞芳區崇文里汽車路89號,25.10975,121.84347
185,板橋區,華東公園-男廁,新北市板橋區華東里板城路28之1號旁,24.99666,121.450411
186,板橋區,崑崙公園-男廁,新北市板橋區崑崙里大觀路三段240號,24.992387,121.430972
187,板橋區,家樂福板橋店B1-男廁,新北市板橋區富貴里三民路2段31號,25.017844,121.479285
188,板橋區,家樂福板橋店B1-女廁,新北市板橋區富貴里三民路2段31號,25.017844,121.479285
189,三重區,山隆加油站-男廁,新北市三重區中興里重新路5段628號,25.044387,121.468357
190,新莊區,中油五工加油站-男廁,新北市新莊區福基里五工路60號 ,25.063008,121.458793
191,新莊區,麥當勞新莊民安店2F-女廁,新北市新莊區八德里民安路188巷5號 ,25.023237,121.424806
192,新莊區,瓊泰市民活動中心1F-多功能廁所,新北市新莊區瓊林里瓊泰路85號 ,25.029306,121.443139
193,新莊區,長青活動中心1F-無障礙廁所,新北市新莊區後德里後港一路19號,25.025949,121.424629
194,新莊區,摩斯漢堡新莊五權店1F-女廁,新北市新莊區福興里五權一路42號 ,25.065494,121.457685
195,新莊區,摩斯漢堡新莊中平店B1-男廁,新北市新莊區中平里中平路256號 ,25.049553,121.44495
196,新店區,中油大豐加油站-女廁,新北市新店區明德里北新路2段205號,24.978401,121.542169
197,新店區,家樂福新店店1F-男廁,新北市新店區寶興里中興路3段1號,24.976048,121.546727
198,新店區,公崙社區活動中心-男廁,新北市新店區公崙里安康路2段85巷17號,24.961891,121.514156
199,新店區,公崙社區活動中心-女廁,新北市新店區公崙里安康路2段85巷17號,24.961891,121.514156
200,新店區,中油車子路加油站-女廁,新北市新店區德安里安康路2段269號,24.957697,121.504118
201,汐止區,汐止長安圖書館4F-混合廁所,新北市汐止區長安里長興街一段50號,25.07833,121.669549
202,汐止區,中油平安加油站-無障礙廁所,新北市汐止區保長里大同路三段575號,25.072893,121.683053
203,汐止區,保長市民活動中心-男廁,新北市汐止區保長里保長路51巷11號,25.079086,121.673851
204,汐止區,中油汐止東湖加盟站-女廁,新北市汐止區北山里康寧街6號,25.067322,121.617738
205,汐止區,橫科市民活動中心2F-女廁,新北市汐止區橫科里橫科路117號,25.049524,121.621484
206,汐止區,麥當勞汐止中興店2F-男廁,新北市汐止區中興里中興路168-10號,25.065643,121.631843
207,汐止區,中油明湖加油站-女廁,新北市汐止區湖光里康寧街536號,25.069161,121.634792
208,汐止區,麥當勞汐止新台五店2F-女廁,新北市汐止區自強里新台五路一段162號,25.062558,121.654604
209,瑞芳區,中油海濱加油站-女廁,新北市瑞芳區海濱里海濱路157-2號,25.121335,121.828919
210,土城區,捷運永寧站1號出口B2-男廁,新北市土城區大安里中央路3段105號,24.966616,121.436192
211,板橋區,臺紙公園-男廁,新北市板橋區復興里大觀路二段28號,25.002557,121.445344
212,板橋區,活力廣場-男廁,新北市板橋區崑崙里沙崙街9號,24.993999,121.431738
213,新莊區,中油五工加油站-女廁,新北市新莊區福基里五工路60號 ,25.063008,121.458793
214,新莊區,台亞新莊化成加油站-女廁,新北市新莊區福基里新北大道2段167號,25.061014,121.464817
215,新莊區,中油大全加油站-男廁,新北市新莊區福興里五權三路2號,25.06165668,121.4511873
216,新莊區,新莊公園-男廁,新北市新莊區恆安里中正路82號,25.037772,121.457849
217,新莊區,福壽市民活動中心1F-女廁,新北市新莊區信義里昌明街1號 ,25.052213,121.457633
218,新莊區,福壽市民活動中心1F-無障礙廁所,新北市新莊區信義里昌明街1號 ,25.052213,121.457633
219,新莊區,思賢公園-男廁,新北市新莊區仁愛里自由街1號,25.047989,121.455969
220,新莊區,思賢公園-女廁,新北市新莊區仁愛里自由街1號,25.047989,121.455969
221,新莊區,牡丹心市民活動中心5F-女廁,新北市新莊區雙鳳里雙鳳路75號,25.027664,121.414928
222,新莊區,牡丹心市民活動中心5F-無障礙廁所,新北市新莊區雙鳳里雙鳳路75號,25.027664,121.414928
223,新莊區,黃愚市民活動中心1F-女廁,新北市新莊區中信里中信街74號 ,25.052451,121.448257
224,新店區,中油大豐加油站-男廁,新北市新店區明德里北新路2段205號,24.978401,121.542169
225,汐止區,智興立體停車場1F-男廁,新北市汐止區復興里忠孝東路1號,25.064131,121.657032
226,汐止區,五堵火車站2F-男廁,新北市汐止區長安里長安路17號,25.077857,121.66763
227,汐止區,拱北殿停車場-男廁,新北市汐止區拱北里汐萬路三段88號,25.094374,121.64189
228,汐止區,拱北殿停車場-女廁,新北市汐止區拱北里汐萬路三段88號,25.094374,121.64189
229,汐止區,中油汐止東湖加盟站-男廁,新北市汐止區北山里康寧街6號,25.067322,121.617738
230,汐止區,康誥坑公園-男廁,新北市汐止區白雲里水源路二段88巷處,25.05623496,121.6545832
231,汐止區,中油四海加油站-男廁,新北市汐止區橫科里大同路一段1號,25.055346,121.621056
232,汐止區,汐止橫科圖書館3F-男廁,新北市汐止區橫科里橫科路117號,25.049524,121.621484
233,新店區,碧潭東岸(渡船頭旁)-男廁,新北市新店區新店里碧潭東岸渡船頭旁,24.954375,121.536721
234,新店區,碧潭東岸(渡船頭旁)-女廁,新北市新店區新店里碧潭東岸渡船頭旁,24.954375,121.536721
235,新店區,捷運新店總站北側-男廁,新北市新店區張南里北宜路1段2號,24.957697,121.53766
236,新店區,肯德基新店光明店-男廁,新北市新店區廣明里光明街1-1號,24.959064,121.538191
237,三重區,開元公園-女廁,新北市三重區開元里開元街1號旁,25.066144,121.503124
238,三重區,龍濱公園-女廁,新北市三重區龍濱里龍門路嘉天宮前,25.07233469,121.5050662
239,三重區,三張公園-女廁,新北市三重區六合里三張街與大智街口,25.0704494,121.4895308
240,三重區,三重崇德圖書館2F-女廁,新北市三重區崇德里仁孝街62號,25.07437,121.497309
241,三重區,山隆加油站-女廁,新北市三重區中興里重新路5段628號,25.044815,121.468945
242,新莊區,中油大全加油站-無障礙廁所,新北市新莊區福興里五權三路2號,25.06167126,121.4511564
243,新莊區,鴻金寶麻吉影城4F-男廁,新北市新莊區八德里民安路188巷5號,25.023237,121.424806
244,新莊區,鴻金寶麻吉影城4F-女廁,新北市新莊區八德里民安路188巷5號,25.023237,121.424806
245,新莊區,鴻金寶夢幻廣場1F-男廁,新北市新莊區八德里民安路188巷5號,25.023237,121.424806
246,新莊區,摩斯漢堡新莊中港店2F-混合廁所,新北市新莊區中和里中港路319號 ,25.044823,121.452506
247,新莊區,新莊第一公有零售市場1F-男廁,新北市新莊區榮和里新莊路313巷,25.034137,121.453219
248,汐止區,北基汐科加油站-女廁,新北市汐止區文化里新台五路一段132號,25.061796,121.652938
249,汐止區,興福市民活動中心-無障礙廁所,新北市汐止區興福里福德一路141巷52號,25.06663,121.637336
250,汐止區,宜興東勢市民活動中心-男廁,新北市汐止區東勢里東勢街15-1號,25.040757,121.629745
251,瑞芳區,瑞芳市場西側-男廁,新北市瑞芳區龍興里明燈路三段6號,25.10761,121.80894
252,瑞芳區,中油瑞泉加油站-女廁,新北市瑞芳區傑魚里傑魚坑路1號,25.11039,121.79483
253,瑞芳區,猴硐火車站-男廁,新北市瑞芳區光復里柴寮路70號,25.08681,121.82753
254,瑞芳區,猴硐火車站-女廁,新北市瑞芳區光復里柴寮路70號,25.08681,121.82753
255,瑞芳區,九份舊道-男廁,新北市瑞芳區基山里九份舊道,25.11006,121.84512
256,新店區,社福館1F-女廁,新北市新店區大豐里民族路110號,24.976931,121.537558
257,新店區,信義活動中心-女廁,新北市新店區信義里寶慶街10-1號,24.98665026,121.543837
258,新店區,下城社區活動中心-男廁,新北市新店區下城里安康路一段281號,24.96249,121.523582
259,新店區,下城社區活動中心-女廁,新北市新店區下城里安康路一段281號,24.96249,121.523582
260,新店區,捷運新店總站北側-女廁,新北市新店區張南里北宜路1段2號,24.957697,121.53766
261,新店區,頂呱呱新店北新店-男廁,新北市新店區新生里北新路1段265號,24.966495,121.540845
262,新店區,頂呱呱新店北新店-女廁,新北市新店區新生里北新路1段265號,24.966495,121.540845
263,新店區,捷運新店區公所站-男廁,新北市新店區新德里北新路1段295號,24.967487,121.541147
264,新莊區,肯德基新莊中港店2F-女廁,新北市新莊區中和里中港路311號 ,25.044668,121.452603
265,新莊區,摩斯漢堡新莊中港店1F-女廁,新北市新莊區中和里中港路319號 ,25.044823,121.452506
266,新莊區,新莊第一公有零售市場1F-女廁,新北市新莊區榮和里新莊路313巷,25.034137,121.453219
267,新莊區,瓊泰市民活動中心1F-女廁,新北市新莊區瓊林里瓊泰路85號 ,25.029306,121.443139
268,新莊區,全國思源加油站-男廁,新北市新莊區思源里思源路68號 ,25.044597,121.460285
269,新莊區,全國思源加油站-女廁,新北市新莊區思源里思源路68號 ,25.044597,121.460285
270,新莊區,四維公園-性別友善廁所,新北市新莊區南港里四維路186巷2號,25.02117,121.421825
271,汐止區,中油明湖加油站-無障礙廁所,新北市汐止區湖光里康寧街536號,25.06908,121.634477
272,汐止區,湖光市民活動中心1F-混合廁所,新北市汐止區湖光里康寧街520-1號,25.070847,121.635947
273,汐止區,湖光市民活動中心2F-女廁,新北市汐止區湖光里康寧街520-1號,25.070847,121.635947
274,汐止區,忠孝市民活動中心1F-混合廁所,新北市汐止區忠孝里工建路60號,25.063092,121.641011
275,汐止區,麥當勞汐止新台五店2F-男廁,新北市汐止區自強里新台五路一段162號,25.062558,121.654604
276,汐止區,汐科火車站北站-男廁,新北市汐止區大同里大同路二段182號,25.063745,121.651852
277,汐止區,秀峰市民活動中心2F-男廁,新北市汐止區秀山里勤進路1號,25.062169,121.660323
278,瑞芳區,瑞芳火車站-女廁,新北市瑞芳區龍潭里明燈路三段82號,25.1087,121.80867
279,三重區,三重玄峰慈惠堂-男廁,新北市三重區崇德里仁愛街77號,25.073068,121.496198
280,三重區,肯德基三重三和店2F-男廁,新北市三重區慈生里三和路4段193號,25.07929,121.482355
281,三重區,三重東區圖書館B1-男廁,新北市三重區慈化里溪尾街303號,25.083572,121.48761
282,三重區,三重碧華寺-男廁,新北市三重區碧華里區碧華街236號,25.082737,121.487304
283,三重區,三重先嗇宮右側-男廁,新北市三重區五谷里五谷王北街77號,25.050394,121.476135
284,三重區,三重玄武宮-混合廁所,新北市三重區永吉里車路頭街109巷1號,25.07456,121.484493
285,三重區,228和平公園-男廁,新北市三重區立德里忠孝路2段與自強路口,25.07133374,121.4871061
286,中和區,中油嘉尤加油站-女廁,新北市中和區中原里橋和路241號,25.006917,121.494325
287,瑞芳區,九份舊道-女廁,新北市瑞芳區基山里九份舊道,25.11006,121.84512
288,瑞芳區,黃金博物館本山五坑-男廁,新北市瑞芳區銅山里金光路8號,25.10678,121.85883
289,瑞芳區,黃金博物館本山五坑-女廁,新北市瑞芳區銅山里金光路8號,25.10678,121.85883
290,板橋區,浮洲運動公園-男廁,新北市板橋區浮洲里僑中一街124巷20弄,25.012505,121.447973
291,板橋區,溪洲活動中心-男廁,新北市板橋區溪洲里溪崑二街113號,24.98894,121.426775
292,板橋區,麥當勞板橋文化店2F-男廁,新北市板橋區文化里文化路二段173號,25.027484,121.47035
293,新莊區,台亞新莊化成加油站-男廁,新北市新莊區福基里新北大道2段167號,25.061014,121.464817
294,新莊區,宜家家居百貨新莊店1F-無障礙廁所,新北市新莊區文明里中正路1號,25.04128817,121.4650393
295,新莊區,新莊體育場-男廁,新北市新莊區立德里和興街66號 ,25.0405,121.451989
296,新莊區,福壽市民活動中心1F-男廁,新北市新莊區信義里昌明街1號 ,25.052213,121.457633
297,新莊區,特力翠豐百貨新莊店-男廁,新北市新莊區丹鳳里中正路620號,25.02956,121.422534
298,新莊區,特力翠豐百貨新莊店-女廁,新北市新莊區丹鳳里中正路620號,25.02956,121.422534
299,新莊區,牡丹心市民活動中心5F-男廁,新北市新莊區雙鳳里雙鳳路75號,25.027664,121.414928
300,新莊區,中油五股工業區加油站-女廁,新北市新莊區福興里五工路99-3號,25.064408,121.456323
301,新店區,社福館1F-男廁,新北市新店區大豐里民族路110號,24.976931,121.537558
302,新莊區,新莊體育場-女廁,新北市新莊區立德里和興街66號 ,25.0405,121.451989
303,新莊區,全國新莊加油站-男廁,新北市新莊區中華里中華路2段83號,25.047917,121.452596
304,新莊區,黃愚市民活動中心1F-男廁,新北市新莊區中信里中信街74號 ,25.052451,121.448257
305,新莊區,中油五股工業區加油站-男廁,新北市新莊區福興里五工路99-3號,25.064408,121.456323
306,新莊區,摩斯漢堡新莊五權店2F-男廁,新北市新莊區福興里五權一路42號 ,25.065494,121.457685
307,新店區,建國游泳池2F-性別友善廁所,新北市新店區國豐里建國路58號,24.975387,121.540702
308,新店區,捷運大坪林站-女廁,新北市新店區寶安里北新路3段190號,24.983585,121.541468
309,新店區,碧潭西岸1-男廁,新北市新店區太平里碧潭西岸吊橋下,24.956328,121.535123
310,中和區,台塑勝利橋和路加油站-女廁,新北市中和區中原里橋和路81號,25.00535,121.489477
311,中和區,威力購物廣場2F-女廁,新北市中和區連和里中山路2段291號,25.002044,121.49582
312,中和區,威力購物廣場7F-男廁,新北市中和區連和里中山路2段291號,25.002044,121.49582
313,中和區,中和區公所1F-女廁,新北市中和區漳和里景平路634-2號,24.998456,121.500914
314,中和區,肯德基中和興南店1F-混合廁所,新北市中和區東南里興南路1段79號,24.988745,121.509823
315,中和區,北基中和加油站-男廁,新北市中和區積穗里中山路3段53號,25.005607,121.476791
316,中和區,北基中和加油站-女廁,新北市中和區積穗里中山路3段54號,25.005607,121.476791
317,新店區,摩斯漢堡新店北新店-男廁,新北市新店區寶興里北新路2段258號,24.978166,121.542874
318,新店區,信義活動中心-男廁,新北市新店區信義里寶慶街10-1號,24.98663956,121.5438659
319,新店區,碧潭東岸1-男廁,新北市新店區張南里碧潭東岸北二高橋下,24.960784,121.536992
320,新店區,小碧潭景觀-男廁,新北市新店區福民里碧潭東岸二高橋下球場旁,24.97179101,121.529088
321,新店區,小碧潭景觀-女廁,新北市新店區中華里碧潭東岸二高橋下球場旁,24.96382,121.536496
322,新店區,碧潭公有市場1F-男廁,新北市新店區新店里新店路159號,24.955207,121.536962
323,新店區,大潤發碧潭店B1-女廁,新北市新店區新生里環河路22號,24.961831,121.537182
324,新店區,馬公友誼運動公園-女廁,新北市新店區五峰里北新路1段92號,24.968144,121.542372
325,三重區,麥當勞三重正義2店2F-混合廁所,新北市三重區正安里正義北路176號,25.066523,121.496504
326,三重區,肯德基三重重新店2F-女廁,新北市三重區文化里重新路2段1-1號,25.06301,121.499476
327,三重區,果菜市場右側-男廁,新北市三重區幸福里中正北路111號,25.064978,121.486355
328,三重區,果菜市場右側-女廁,新北市三重區幸福里中正北路111號,25.064978,121.486355
329,三重區,三德閱覽室2F-女廁,新北市三重區承德里龍門路274巷36號,25.075123,121.501136
330,三重區,三德公園-女廁,新北市三重區承德里仁昌街109號,25.075089,121.501021
331,三重區,三重崇德圖書館2F-男廁,新北市三重區崇德里仁孝街62號,25.07437,121.497309
332,三重區,中油重陽加油站-女廁,新北市三重區尚德里忠孝路1段1號,25.071831,121.492563
333,新莊區,中油新莊加油站-男廁,新北市新莊區忠孝里中正路338號,25.034784,121.445265
334,新莊區,肯德基新莊中港店2F-男廁,新北市新莊區中和里中港路311號 ,25.044668,121.452603
335,金山區,統一超商金山金祥門市-女廁,新北市金山區金美里中正路145號,25.22131958,121.6320124
336,萬里區,OK超商萬里店-混合廁所,新北市萬里區萬里里瑪鋉路39號,25.17587,121.687578
337,新莊區,四維市民活動中心1F-女廁,新北市新莊區南港里四維路186巷2號 ,25.02117,121.421825
338,新莊區,中油興化加油站-男廁,新北市新莊區化成里復興路3段117號 ,25.044739,121.464986
339,新莊區,摩斯漢堡新莊中平店B1-女廁,新北市新莊區中平里中平路256號 ,25.049553,121.44495
340,新店區,摩斯漢堡新店北新店-女廁,新北市新店區寶興里北新路2段258號,24.978166,121.542874
341,三重區,三重圖書館2F-女廁,新北市三重區正義里自強路1段158號,25.066144,121.496134
342,三重區,中央市場1F-男廁 ,新北市三重區錦通里中央北路26號,25.064331,121.500822
343,三重區,龍濱閱覽室2F-女廁,新北市三重區龍濱里秀江街28號,25.072956,121.502335
344,三重區,三德閱覽室2F-男廁,新北市三重區承德里龍門路274巷36號,25.075124,121.501136
345,三重區,小永德公園-男廁,新北市三重區培德里忠孝路1段與大智街口,25.07222779,121.4896381
346,三重區,麥當勞三重三和店2F-女廁,新北市三重區永清里三和路4段392-1號,25.079336,121.481768
347,三重區,五常公園-無障礙廁所,新北市三重區五常里五華街7巷,25.080866,121.496568
348,三重區,三重碧華寺-女廁 ,新北市三重區碧華里區碧華街236號,25.082737,121.487304
349,三重區,小永德公園-女廁,新北市三重區培德里忠孝路1段與大智街口,25.07231525,121.489681
350,三重區,麥當勞三重三和店2F-男廁,新北市三重區永清里三和路4段392-1號,25.079336,121.481768
351,三重區,台亞自強加油站-男廁,新北市三重區溪美里自強路4段96號,25.079535,121.491007
352,三重區,中油重陽橋加油站-男廁,新北市三重區富貴里集賢路72號,25.088459,121.492883
353,三重區,珍豪大飯店-男廁,新北市三重區五谷里光復路1段67號,25.049364,121.472176
354,三重區,中油車容坊三重站-男廁,新北市三重區永發里中正北路237號,25.07089643,121.4757375
355,中和區,中油積穗加油站-女廁,新北市中和區中原里中山路2段550號,25.005134,121.483658
356,中和區,中油橋和加油站-女廁,新北市中和區中原里橋和路126號,25.005925,121.493069
357,三重區,中油重新路加油站-男廁,新北市三重區五谷里重新路5段495號,25.046871,121.472429
358,三重區,中油車容坊三重站-女廁,新北市三重區大有里中正北路237號,25.070658,121.475601
359,三重區,三重太璞宮(仙公廟)-女廁,新北市三重區永發里中正北路317巷1號,25.07146,121.474902
360,中和區,中油橋和加油站-男廁,新北市中和區中原里橋和路126號,25.005925,121.493069
361,中和區,全宏加油站-男廁,新北市中和區平河里中正路828號,25.003574,121.484944
362,中和區,家樂福中和店B1-男廁,新北市中和區連和里中山路2段295號,25.001947,121.496449
363,中和區,COSTCO中和店-女廁,新北市中和區連和里中山路二段347號,25.002217,121.491978
364,中和區,COSTCO中和店B1-男廁,新北市中和區連和里中山路2段347號,25.002217,121.491978
365,中和區,中和環球購物中心B2-女廁,新北市中和區員山里中山路3段122號,25.006077,121.475689
366,中和區,中和環球購物中心2F北側-女廁,新北市中和區員山里中山路3段122號,25.006077,121.475689
367,中和區,中和環球購物中心5F南側-男廁,新北市中和區員山里中山路3段122號,25.006077,121.475689
368,中和區,中和環球購物中心5F南側-女廁,新北市中和區員山里中山路3段122號,25.006077,121.475689
369,中和區,員山公園(公八)-女廁,新北市中和區嘉新里員山路455巷底,25.004203,121.480412
370,中和區,民德立體停車場南側1F-女廁,新北市中和區清穗里民德路188號,24.998952,121.468105
371,永和區,仁愛公園(保生路)-性別友善公廁,新北市永和區保安里仁愛路244號,25.01136,121.507724
372,新店區,碧潭西岸1-女廁,新北市新店區太平里碧潭西岸吊橋下,24.956328,121.535123
373,新店區,麥當勞新店安康店B1-女廁,新北市新店區公崙里安德街1號,24.962457,121.512421
374,新店區,碧潭東岸1-女廁,新北市新店區張南里碧潭東岸北二高橋下,24.960784,121.536992
375,新店區,碧潭公有市場1F-女廁,新北市新店區新店里新店路159號,24.955207,121.536962
376,新店區,新北市立圖書館新店碧潭圖書閱覽室4F-男廁,新北市新店區新店里新店路207號,24.956836,121.537021
377,新店區,馬公友誼運動公園-男廁,新北市新店區五峰里北新路1段92號,24.968144,121.542372
378,三重區,中央市場1F-女廁,新北市三重區錦通里中央北路26號,25.064331,121.500822
379,三重區,龍濱閱覽室2F-男廁,新北市三重區龍濱里秀江街28號,25.072956,121.502335
380,中和區,全宏加油站-女廁,新北市中和區平河里中正路829號,25.003574,121.484944
381,中和區,全國國揚加油站-混合廁所,新北市中和區平河里中正路830號,25.003961,121.484875
382,中和區,中油華中橋加油站-男廁,新北市中和區連和里連城路96號,25.000053,121.496394
383,中和區,中油華中橋加油站-女廁,新北市中和區連和里連城路96號,25.000053,121.496394
384,中和區,COSTCO中和店B1-女廁,新北市中和區連和里中山路2段347號,25.002217,121.491978
385,中和區,威力購物廣場4F-女廁,新北市中和區連和里中山路2段291號,25.002044,121.49582
386,中和區,威力購物廣場5F-男廁,新北市中和區連和里中山路2段291號,25.002044,121.49582
387,中和區,威力購物廣場5F-女廁,新北市中和區連和里中山路2段291號,25.002044,121.49582
388,中和區,中和福和宮1F-男廁,新北市中和區廟美里廣福路112號,25.001356,121.500988
389,中和區,枋寮活動中心2F-男廁,新北市中和區漳和里中和路74號,25.000508,121.500914
390,中和區,大潤發中和店1F-女廁,新北市中和區福善里中山路2段228號,25.002881,121.499207
391,中和區,八二三紀念公園東北側(公四)-性別友善廁所,新北市中和區安樂里安樂路公園內,25.001722,121.514533
392,中和區,八二三紀念公園東北側(公四)-女廁,新北市中和區安樂里安樂路公園內,25.001722,121.514533
393,中和區,八二三紀念公園西南側(公四)-性別友善廁所,新北市中和區安樂里中安街派出所後,24.999855,121.5114
394,瑞芳區,瑞芳市場東側-男廁,新北市瑞芳區龍興里明燈路三段6號,25.10762,121.80887
395,瑞芳區,四腳亭火車站-混合廁所,新北市瑞芳區吉慶里中央路62號,25.10279,121.76192
396,瑞芳區,中油瑞泉加油站-男廁,新北市瑞芳區傑魚里傑魚坑路1號,25.11039,121.79483
397,瑞芳區,黃金博物館環境館-男廁,新北市瑞芳區銅山里金光路8號,25.10827,121.85674
398,瑞芳區,黃金博物館環境館-女廁,新北市瑞芳區銅山里金光路8號,25.10827,121.85674
399,土城區,土城藝文館1F-男廁,新北市土城區埤塘里和平路24號,24.972915,121.443187
400,土城區,永福岩清水祖師廟1F-男廁,新北市土城區頂埔里中央路4段65號,24.958102,121.417425
401,板橋區,華德公園-男廁,新北市板橋區華德里四川路二段245巷125號,24.992598,121.453462
402,新店區,碧潭西岸2-男廁,新北市新店區頂城里碧潭西岸停車場,24.959536,121.534259
403,新店區,中油車子路加油站-男廁,新北市新店區德安里安康路2段269號,24.957697,121.504118
404,新店區,碧潭東岸(吊橋下旁)-男廁,新北市新店區新店里碧潭東岸吊橋下旁,24.956374,121.536764
405,新店區,碧潭東岸(吊橋下旁)-女廁,新北市新店區新店里碧潭東岸吊橋下旁,24.956374,121.536764
406,新店區,原野公園-男廁,新北市新店區張北里德正街19巷內,24.972598,121.54443
407,新店區,原野公園-女廁,新北市新店區張北里德正街19巷內,24.972598,121.54443
408,新店區,北新公有停車場B1B區-男廁,新北市新店區五峰里北新路1段92號,24.968144,121.542372
409,三重區,三重圖書館2F-男廁,新北市三重區正義里自強路1段158號,25.066144,121.496134
410,三重區,三德公園-男廁,新北市三重區承德里仁昌街109號,25.075089,121.501021
411,三重區,台亞自強加油站-女廁,新北市三重區溪美里自強路4段96號,25.079535,121.491007
412,三重區,五常公園-男廁,新北市三重區五常里五華街7巷,25.080866,121.496568
413,三重區,五常公園-女廁,新北市三重區五常里五華街7巷,25.080866,121.496568
414,三重區,三重五常圖書館2F-男廁,新北市三重區五常里五華街7巷30號,25.080866,121.496568
415,三重區,三重五常圖書館2F-女廁,新北市三重區五常里五華街7巷30號,25.080866,121.496568
416,三重區,三重東區圖書館1F-無障礙廁所,新北市三重區慈化里溪尾街303號,25.083572,121.48761
417,三重區,中油重陽橋加油站-女廁,新北市三重區富貴里集賢路72號,25.08852849,121.4929909
418,三重區,麥當勞三重五華店2F-男廁,新北市三重區五華里五華街85-1號,25.083232,121.492089
419,三重區,中油重新路加油站-女廁,新北市三重區五谷里重新路5段495號,25.046871,121.472429
420,三重區,三重太璞宮(仙公廟)-男廁,新北市三重區永發里中正北路317巷1號,25.07146,121.474902
421,中和區,中油積穗加油站-男廁,新北市中和區中原里中山路2段550號,25.005134,121.483658
422,中和區,威力購物廣場2F-男廁,新北市中和區連和里中山路2段291號,25.002044,121.49582
423,中和區,威力購物廣場6F-男廁,新北市中和區連和里中山路2段291號,25.002044,121.49582
424,中和區,威力購物廣場6F-女廁,新北市中和區連和里中山路2段291號,25.002044,121.49582
425,板橋區,捷運亞東醫院站-女廁,新北市板橋區華東里南雅南路2段17號,24.997779,121.452427
426,板橋區,溪洲公園-男廁,新北市板橋區溪洲里溪崑二街113號,24.98894,121.426775
427,板橋區,環河公園-男廁,新北市板橋區香雅里南雅西路二段301巷41弄,25.016595,121.451766
428,板橋區,莊敬公園活動中心-男廁,新北市板橋區莊敬里民生路2段120號,25.019713,121.470779
429,三重區,中油菜寮加油站-男廁,新北市三重區過田里重新路3段157號,25.058904,121.489644
430,新莊區,中油新莊加油站-女廁,新北市新莊區忠孝里中正路338號,25.034784,121.445265
431,新莊區,鴻金寶夢幻廣場1F-女廁,新北市新莊區八德里民安路188巷5號,25.023237,121.424806
432,中和區,中和福和宮1F-女廁,新北市中和區廟美里廣福路112號,25.001356,121.500988
433,中和區,中和廣濟宮-男廁,新北市中和區枋寮里中和路95號,25.000626,121.501296
434,中和區,中和廣濟宮-女廁,新北市中和區枋寮里中和路95號,25.000626,121.501296
435,中和區,枋寮活動中心2F-女廁,新北市中和區漳和里中和路74號,25.000508,121.500914
436,中和區,麥當勞中和店2F-混合廁所,新北市中和區廟美里中和路38號,25.001504,121.499953
437,中和區,大潤發中和店1F-男廁,新北市中和區福善里中山路2段228號,25.002881,121.499207
438,中和區,秀山公園(公7)-男廁,新北市中和區秀福里自立路15巷12號,24.995544,121.523283
439,中和區,大潤發中和景平店B1-男廁,新北市中和區秀明里景平路182號,24.992556,121.51638
440,中和區,大潤發中和店B1-男廁,新北市中和區福善里中山路2段228號,25.002881,121.499207
441,中和區,中和南山福德宮-男廁,新北市中和區內南里興南路2段399巷160-1號,24.972743,121.497713
442,中和區,中和南山福德宮-女廁,新北市中和區內南里興南路2段399巷160-1號,24.972743,121.497713
443,中和區,捷運景安站1F-女廁,新北市中和區景文里景平路486號,24.993914,121.504954
444,中和區,中和圓通禪寺東側-女廁,新北市中和區錦昌里圓通路367巷64號,24.9826,121.492974
445,中和區,中和環球購物中心2F南側-女廁,新北市中和區員山里中山路3段122號,25.006077,121.475689
446,中和區,中和環球購物中心5F北側-女廁,新北市中和區員山里中山路3段122號,25.006077,121.475689
447,中和區,嘉穗公園(公十一)-男廁,新北市中和區嘉穗里民利街9巷底,24.998602,121.480438
448,新店區,福民活動中心-無障礙廁所,新北市新店區福民里福園街8巷1號,24.973069,121.533143
449,新店區,中央公有市場東側1F-無障礙廁所,新北市新店區中央里中央五街60號,24.975418,121.527264
450,新店區,豪鼎飯店-女廁,新北市新店區復興里北新路3段205號,24.984025,121.539929
451,樹林區,樹林鎮南宮-女廁,新北市樹林區保安里千歲街2號,24.995271,121.42495
452,樹林區,潭底公園-女廁,新北市樹林區潭底里保安街1段285號,24.995962,121.417898
453,樹林區,台灣中油三多加油站-女廁,新北市樹林區猐寮里中正路433號,25.008706,121.415339
454,樹林區,車容坊城林橋加油站-男廁,新北市樹林區樹東里中華路2號,24.98427352,121.4250881
455,樹林區,車容坊城林橋加油站-女廁,新北市樹林區樹東里中華路2號,24.98427352,121.4251041
456,中和區,大潤發中和景平店B1-女廁,新北市中和區秀明里景平路182號,24.992556,121.51638
457,中和區,景新公園-男廁,新北市中和區景南里景新街467巷50弄20號山上,24.988055,121.513545
458,中和區,景新公園-女廁,新北市中和區景南里景新街467巷50弄20號山上,24.988055,121.513545
459,中和區,捷運景安站1F-男廁,新北市中和區景文里景平路486號,24.993914,121.504954
460,中和區,中和環球購物中心B3北側-男廁,新北市中和區員山里中山路3段122號,25.006077,121.475689
461,中和區,中和環球購物中心2F南側-男廁,新北市中和區員山里中山路3段122號,25.006077,121.475689
462,中和區,中和環球購物中心4F環球影城北側-男廁,新北市中和區員山里中山路3段122號,25.006077,121.475689
463,三重區,麥當勞三重正義店2F-混合廁所,新北市三重區文化里正義北路15號,25.062961,121.497716
464,三重區,三張公園-男廁,新北市三重區六合里三張街與大智街口,25.07038623,121.489445
465,三重區,三重玄峰慈惠堂-女廁,新北市三重區崇德里仁愛街77號,25.073068,121.496198
466,三重區,永福閱覽室2F-男廁,新北市三重區永福里力行路2段162巷55號,25.0756776,121.4811945
467,三重區,永福閱覽室2F-女廁,新北市三重區永福里力行路2段162巷55號,25.076518,121.481301
468,三重區,中油楓林加油站-男廁,新北市三重區福隆里仁美街2號,25.076965,121.488903
469,三重區,中油楓林加油站-混合廁所,新北市三重區福隆里仁美街2號,25.077082,121.488955
470,三重區,中油聯華三重交流道加油站-男廁,新北市三重區福隆里三和路4段81-1號,25.075426,121.489405
471,中和區,中油中和加油站-女廁,新北市中和區泰安里中和路260號,24.999383,121.507831
472,中和區,秀山公園(公7)-女廁,新北市中和區秀福里自立路15巷12號,24.995544,121.523283
473,中和區,中和圓通禪寺東側-男廁,新北市中和區錦昌里圓通路367巷64號,24.9826,121.492974
474,中和區,中和環球購物中心B3南側-男廁,新北市中和區員山里中山路3段122號,25.006077,121.475689
475,中和區,中和環球購物中心B3南側-女廁,新北市中和區員山里中山路3段122號,25.006077,121.475689
476,中和區,中和環球購物中心2F北側-男廁,新北市中和區員山里中山路3段122號,25.006077,121.475689
477,中和區,中和環球購物中心3F北側-女廁,新北市中和區員山里中山路3段122號,25.006077,121.475689
478,中和區,明德公園(公七)北側-女廁,新北市中和區清穗里民德路208號對面,24.996229,121.469457
479,中和區,中油莒光加氣站-女廁,新北市中和區明德里莒光路260號,24.994081,121.46777
480,中和區,台亞建一路加油站-男廁,新北市中和區碧河里建一路18號,25.003926,121.48778
481,中和區,台亞建一路加油站-女廁,新北市中和區碧河里建一路18號,25.003926,121.48778
482,中和區,台亞中和建康加油站-男廁,新北市中和區碧河里健康路191號,25.000397,121.49216
483,中和區,民享市場1F北側-女廁,新北市中和區民有里民享街37號,25.003072,121.474163
484,中和區,中油板和加油站-男廁,新北市中和區員富里中正路1191號,25.009721,121.480573
485,新莊區,新莊區公所1F-性別友善廁所,新北市新莊區興漢里中正路176號,25.035834,121.450558
486,新莊區,台亞新安加油站-混合廁所,新北市新莊區西盛里新樹路294號 ,25.006921,121.432765
487,金山區,統一超商金山金祥門市-混和廁所,新北市金山區金美里中正路145號,25.22130907,121.6320017
488,新莊區,中油興化加油站-混合廁所,新北市新莊區化成里復興路3段117號 ,25.044739,121.464986
489,新莊區,思賢公園-無障礙廁所,新北市新莊區仁愛里自由街1號,25.047989,121.455969
490,新莊區,聯合市民活動中心1F-男廁,新北市新莊區仁愛里自由街1號,25.047989,121.455969
491,新莊區,全國新莊加油站-女廁,新北市新莊區中華里中華路2段83號,25.047917,121.452596
492,新莊區,新北市立圖書館中港分館5F-女廁,新北市新莊區中華里中港路324-3號,25.045574,121.452522
493,新莊區,新北市立圖書館中港分館6F-無障礙廁所,新北市新莊區中華里中港路324-3號,25.045574,121.452522
494,新莊區,麥當勞新莊中正店2F-男廁,新北市新莊區文聖里中正路232號,25.035391,121.448452
495,新莊區,麥當勞新莊中正店2F-女廁,新北市新莊區文聖里中正路232號,25.035391,121.448452
496,新莊區,新莊文化藝術中心1F-男廁,新北市新莊區立基里中平路133號 ,25.04718,121.444723
497,新莊區,長青活動中心1F-男廁,新北市新莊區後德里後港一路19號,25.025949,121.424629
498,新店區,台亞中興路加油站-男廁,新北市新店區寶興里中興路3段131號,24.979212,121.544549
499,三重區,中油聯華三重交流道加油站-女廁,新北市三重區福隆里三和路4段81-1號,25.075426,121.489405
500,三重區,肯德基三重三和店2F-女廁,新北市三重區慈生里三和路4段193號,25.079229,121.482203
501,三重區,三重東區圖書館B1-女廁,新北市三重區慈化里溪尾街303號,25.083572,121.48761
502,三重區,麥當勞三重五華店2F-女廁,新北市三重區五華里五華街85-1號,25.083232,121.492089
503,三重區,珍豪大飯店-女廁,新北市三重區五谷里光復路1段67號,25.049364,121.472176
504,三重區,三重先嗇宮-女廁,新北市三重區五谷里五谷王北街77號,25.050394,121.476135
505,中和區,台塑勝利橋和路加油站-男廁,新北市中和區中原里橋和路81號,25.005371,121.489375
506,中和區,家樂福中和店B3-男廁,新北市中和區連和里中山路2段295號,25.002196,121.49587
507,中和區,中和環球購物中心5F北側-男廁,新北市中和區員山里中山路3段122號,25.006077,121.475689
508,中和區,明德公園(公七)北側-男廁,新北市中和區清穗里民德路208號對面,24.996229,121.469457
509,中和區,清穗公園(A)(公廿九)-女廁,新北市中和區自強里華順街2巷內,24.998878,121.469811
510,中和區,自強公園(公廿)-男廁,新北市中和區自強里莒光路與國光街交叉口,24.99943,121.471631
511,中和區,莒西社區1F-混合廁所,新北市中和區自強里莒光路200-3號,24.998899,121.472022
512,中和區,中油莒光加氣站-男廁,新北市中和區明德里莒光路260號,24.994081,121.46777
513,中和區,民享市場1F北側-男廁,新北市中和區民有里民享街37號,25.003072,121.474163
514,中和區,中和環球購物中心4F410櫃位旁-男廁,新北市中和區員山里中山路3段122號,25.006077,121.475689
515,中和區,中和環球購物中心4F410櫃位旁-女廁,新北市中和區員山里中山路3段122號,25.006077,121.475689
516,中和區,嘉穗公園(公十一)-女廁,新北市中和區嘉穗里民利街10巷底,24.998602,121.480438
517,中和區,清穗公園(A)(公廿九)-男廁,新北市中和區自強里華順街2巷內,24.998878,121.469811
518,中和區,自強公園(公廿)-女廁,新北市中和區自強里莒光路與國光街交叉口,24.99943,121.471631
519,中和區,台亞中和建康加油站-女廁,新北市中和區碧河里健康路191號,25.000397,121.49216
520,中和區,中油板和加油站-女廁,新北市中和區員富里中正路1191號,25.009721,121.480573
521,樹林區,柑園加油站北大站-女廁,新北市樹林區南園里佳園路三段227號,24.946021,121.385634
522,鶯歌區,新北市立圖書館鶯歌分館B1-男廁,新北市鶯歌區西鶯里中山路150號,24.957425,121.349584
523,永和區,麥當勞永和中山店2F-男廁,新北市永和區保安里中山路1段214號,25.008558,121.508392
524,五股區,五股圖書館4F-女廁,新北市五股區五股里工商路1號,25.082392,121.439872
525,三重區,永豐閱覽室2F-男廁,新北市三重區永豐里永福街197巷6-1號,25.074609,121.478258
526,五股區,中油上群加油站-女廁,新北市五股區德音里新五路2段126號,25.077961,121.438279
527,五股區,中油聯華五股站-男廁,新北市五股區成泰里成泰路二段250號,25.086734,121.44165
528,泰山區,台塑中泰加油站-男廁,新北市泰山區福泰里泰林路2段32號,25.056971,121.436047
529,新店區,台亞中興路加油站-女廁,新北市新店區寶興里中興路3段131號,24.979129,121.544582
530,新店區,寶興活動中心-(中間)-女廁,新北市新店區寶興里寶中路65巷59號,24.981459,121.545889
531,新店區,碧潭西岸2-女廁,新北市新店區頂城里碧潭西岸停車場,24.959536,121.534259
532,新店區,太平運動公園-混合廁所,新北市新店區太平里精忠路10-1號,24.958703,121.5324
533,新店區,新北市立圖書館新店碧潭圖書閱覽室4F-女廁,新北市新店區新店里新店路207號,24.956836,121.537021
534,新店區,肯德基新店光明店-女廁,新北市新店區廣明里光明街1-1號,24.959064,121.538191
535,新店區,大潤發碧潭店B1-男廁,新北市新店區新生里環河路22號,24.961831,121.537182
536,新店區,捷運新店區公所站-女廁,新北市新店區新德里北新路1段295號,24.967487,121.541147
537,永和區,國父紀念館-女廁,新北市永和區豫溪里竹林路202號,25.008704,121.520488
538,新店區,新店中央圖書館閱覽室2F-男廁,新北市新店區中央里中央五街60號,24.975418,121.527264
539,樹林區,中油永錡保安加油站-男廁,新北市樹林區潭底里大安路179號,24.996137,121.421236
540,樹林區,麥當勞樹林中山店-男廁,新北市樹林區樹西里中山路1段101號,24.990949,121.423312
541,樹林區,麥當勞樹林中山店-女廁,新北市樹林區樹西里中山路1段101號,24.99097,121.423254
542,樹林區,中油車容坊中華路加油站-男廁,新北市樹林區和平里中華路66號,24.981836,121.420216
543,樹林區,台亞俊英加油站-男廁,新北市樹林區圳民里俊英街280號,25.013269,121.424009
544,中和區,家樂福中和店B3-女廁,新北市中和區連和里中山路2段295號,25.001947,121.496449
545,中和區,COSTCO中和店-男廁,新北市中和區連和里中山路二段347號,25.002217,121.491978
546,中和區,威力購物廣場3F-男廁,新北市中和區連和里中山路2段291號,25.002044,121.49582
547,中和區,威力購物廣場3F-女廁,新北市中和區連和里中山路2段291號,25.002044,121.49582
548,中和區,威力購物廣場7F-女廁,新北市中和區連和里中山路2段291號,25.002044,121.49582
549,中和區,威力購物廣場10F-男廁,新北市中和區連和里中山路二段291號,25.002044,121.49582
550,中和區,威力購物廣場10F-女廁,新北市中和區連和里中山路二段291號,25.002044,121.49582
551,新店區,北新公有停車場B1B區-女廁,新北市新店區五峰里北新路1段92號,24.968144,121.542372
552,新店區,捷運七張站B1-男廁,新北市新店區新安里北新路2段150號,24.975024,121.543115
553,新店區,捷運七張站B1-女廁,新北市新店區新安里北新路2段150號,24.975024,121.543115
554,三重區,肯德基三重重新店2F-男廁,新北市三重區文化里重新路2段1-1號,25.06301,121.499476
555,三重區,開元公園-男廁,新北市三重區開元里開元街1號旁,25.066144,121.503124
556,三重區,龍濱公園-男廁,新北市三重區龍濱里龍門路嘉天宮前,25.073602,121.501032
557,三重區,中油重陽加油站-男廁,新北市三重區尚德里忠孝路1段1號,25.071831,121.492563
558,三重區,三重義天宮-男廁,新北市三重區永福里車路頭街150號,25.076171,121.483728
559,中和區,全宏加油站二站-女廁,新北市中和區漳和里中和路212號,24.999493,121.505743
560,中和區,中和枋寮市場1F-男廁,新北市中和區漳和里中和路74號,25.000577,121.500961
561,中和區,中和枋寮市場1F-女廁,新北市中和區漳和里中和路74號,25.000508,121.500914
562,中和區,中和區公所1F-男廁,新北市中和區漳和里景平路634-2號,24.998456,121.500914
563,中和區,大潤發中和店B2-女廁,新北市中和區福善里中山路2段228號,25.002881,121.499207
564,中和區,捷運永安市場站-女廁,新北市中和區中安里中安街388號,25.002223,121.510672
565,中和區,中油中和加油站-男廁,新北市中和區泰安里中和路260號,24.999383,121.507831
566,中和區,麥當勞中和興南店-1F男廁,新北市中和區東南里興南路1段83號,24.988745,121.509823
567,三重區,三重義天宮-女廁,新北市三重區永福里車路頭街150號,25.076171,121.483728
568,三重區,228和平公園-女廁,新北市三重區立德里忠孝路2段與自強路口,25.07102277,121.4863765
569,中和區,中油嘉尤加油站-男廁,新北市中和區中原里橋和路241號,25.006917,121.494325
570,中和區,中油嘉樂福加油站-男廁,新北市中和區平河里建八路1號,24.998754,121.485607
571,中和區,中油嘉樂福加油站-女廁,新北市中和區平河里建八路2號,24.998754,121.485607
572,中和區,家樂福中和店B1-女廁,新北市中和區連和里中山路2段295號,25.001947,121.496449
573,中和區,威力購物廣場4F-男廁,新北市中和區連和里中山路2段291號,25.002044,121.49582
574,中和區,全宏加油站二站-男廁,新北市中和區漳和里中和路212號,24.999493,121.505743
575,中和區,麥當勞中和中山店1F-男廁,新北市中和區積穗里中山路2段583號,25.005653,121.480392
576,中和區,中和環球購物中心3F南側-男廁,新北市中和區員山里中山路3段122號,25.006077,121.475689
577,中和區,中和環球購物中心3F南側-女廁,新北市中和區員山里中山路3段122號,25.006077,121.475689
578,中和區,員山公園(公八)-男廁,新北市中和區嘉新里員山路455巷底,25.004115,121.479595
579,中和區,清穗公園(B)(公廿九)-男廁,新北市中和區自強里民德路189巷口,24.998878,121.469811
580,中和區,清穗公園(B)(公廿九)-女廁,新北市中和區自強里民德路189巷口,24.998878,121.469811
581,中和區,民德立體停車場南側1F-男廁,新北市中和區清穗里民德路188號,24.998952,121.468105
582,中和區,中和國小地下停車場B1-男廁,新北市中和區漳和里景平路632-8號,24.999214,121.500667
583,中和區,中和國小地下停車場B1-女廁,新北市中和區漳和里景平路632-8號,24.999214,121.500667
584,中和區,大潤發中和店B1-女廁,新北市中和區福善里中山路2段228號,25.002881,121.499207
585,中和區,大潤發中和店B2-男廁,新北市中和區福善里中山路2段228號,25.002881,121.499207
586,中和區,八二三紀念公園西南側(公四)-女廁,新北市中和區安樂里中安街派出所後,24.999855,121.5114
587,中和區,捷運永安市場站-男廁,新北市中和區中安里中安街388號,25.002223,121.510672
588,中和區,麥當勞中和興南店1F-女廁,新北市中和區東南里興南路1段83號,24.988745,121.509823
589,中和區,中和區圖書館6F-男廁,新北市中和區外南里南山路236號,24.989694,121.506456
590,樹林區,台亞俊英加油站-女廁,新北市樹林區圳民里俊英街280號,25.013269,121.424009
591,鶯歌區,鶯歌火車站2F男廁,新北市鶯歌區東鶯里文化路68-1號,24.954349,121.355341
592,永和區,比漾廣場3F-女廁,新北市永和區保安里中山路1段238號,25.007837,121.507646
593,永和區,遠百公司永和店B1-混合廁所,新北市永和區民權里民生路46巷46號,24.996576,121.521347
594,永和區,捷運頂溪站B1-1號出口-女廁,新北市永和區勵行里永和路2段168號,25.013245,121.515333
595,五股區,信誠加油站-女廁,新北市五股區五股里新五路二段258號,25.08160278,121.4407978
596,五股區,麥當勞五股成泰店2F-男廁,新北市五股區五股里成泰路2段121號,25.084758,121.438579
597,泰山區,辭修公園-女廁,新北市泰山區同榮里辭修路48號,25.05637686,121.4246535
598,泰山區,泰山貴子圖書館3F-男廁,新北市泰山區貴子里工專路22號,25.039969,121.423446
599,泰山區,泰山貴子圖書館3F-女廁,新北市泰山區貴子里工專路22號,25.039969,121.423446
600,泰山區,中油車容坊五洲站-男廁,新北市泰山區貴和里新北大道7段2號,25.03230014,121.4207268
601,泰山區,泰山區公有市場2F東側-女廁,新北市泰山區全興里全興路212號,25.056313,121.433644
602,泰山區,泰山圖書館5F北側-無障礙廁所,新北市泰山區全興里全興路212號,25.056075,121.433783
603,深坑區,台灣中油明志加油站-男廁,新北市深坑區萬順里北深路三段25巷14號,25.000308,121.608608
604,石碇區,石碇中民公廁-男廁,新北市石碇區中民里無,25.009861,121.671964
605,中和區,中和區圖書館6F-女廁,新北市中和區外南里南山路236號,24.989694,121.506456
606,中和區,捷運南勢角站B3-男廁,新北市中和區景福里捷運路6號,24.990017,121.509276
607,中和區,捷運南勢角站B3-女廁,新北市中和區景福里捷運路6號,24.990017,121.509276
608,中和區,麥當勞中和中山店1F-女廁,新北市中和區積穗里中山路2段583號,25.005653,121.480392
609,中和區,中和環球購物中心B3北側-女廁,新北市中和區員山里中山路3段122號,25.006077,121.475689
610,中和區,中和環球購物中心B2-男廁,新北市中和區員山里中山路3段122號,25.006077,121.475689
611,中和區,中和環球購物中心3F北側-男廁,新北市中和區員山里中山路3段122號,25.006077,121.475689
612,石碇區,石碇格頭-男廁,新北市石碇區格頭里北宜路五段42號下方,24.95177036,121.6324346
613,三芝區,中油三芝加油站-女廁,新北市三芝區埔頭里埔頭15號,25.25973736,121.4951148
614,三芝區,兒一公園-男廁,新北市三芝區埔頭里長安街79號,25.25829738,121.4987559
615,三芝區,共榮社區(源興居)-女廁,新北市三芝區埔坪里埔頭坑164-2 號 (三芝遊客中心旁邊),25.24952895,121.5091619
616,三芝區,停二停車場-男廁 (中正立體停車場),新北市三芝區埔坪里中正路二段48-1號,25.25474886,121.5035378
617,三芝區,停二停車場-女廁 (中正立體停車場),新北市三芝區埔坪里中正路二段48-1號,25.25474886,121.5035378
618,三芝區,淺水灣-男廁,新北市三芝區後厝里後厝派出所旁,25.25123154,121.4698609
619,五股區,麥當勞五股成泰店2F-女廁,新北市五股區五股里成泰路2段121號,25.084758,121.438579
620,五股區,水碓觀景公園-男廁,新北市五股區水碓里外寮路2號,25.073393,121.427035
621,五股區,水碓觀景公園-女廁,新北市五股區水碓里外寮路2號,25.073393,121.427035
622,泰山區,中油泰山加油站-男廁,新北市泰山區山腳里泰林路2段424號,25.064357,121.426766
623,泰山區,顯應祖師泰山巖-女廁,新北市泰山區山腳里明志路1段254號,25.06068,121.432043
624,泰山區,泰山區綜合運動場-男廁,新北市泰山區同榮里公園路52號,25.054983,121.428349
625,泰山區,泰山區綜合運動場-女廁,新北市泰山區同榮里公園路52號,25.054983,121.428349
626,泰山區,中油泰新加油站-無障礙廁所,新北市泰山區義仁里新北大道5段1號,25.05139083,121.438719
627,石門區,石門洞停車場-男廁,新北市石門區尖鹿里無,25.29686409,121.5700078
628,三重區,六合閱覽室2F-女廁,新北市三重區六合里自強路二段50巷22號,25.069162,121.488261
629,三重區,六合閱覽室2F-無障礙廁所,新北市三重區六合里自強路二段50巷22號,25.069162,121.488261
630,平溪區,十分旅客中心1F-男廁,新北市平溪區南山里南山坪136號,25.04722775,121.7826808
631,貢寮區,福隆加油站-女廁,新北市貢寮區福隆里興隆街21-2號,25.0185853,121.9335416
632,萬里區,萬里公有市場-女廁,新北市萬里區萬里里瑪鍊路261號,25.179447,121.689488
633,烏來區,烏來台車-男廁,新北市烏來區烏來里溫泉街86巷2號,24.86034551,121.5511304
634,烏來區,烏來覽勝橋-女廁,新北市烏來區烏來里溫泉街80號對面,24.86190548,121.5509132
635,烏來區,烏來立體停車場-男廁,新北市烏來區烏來里烏來街47號,24.86535389,121.551699
636,烏來區,烏來立體停車場-女廁,新北市烏來區烏來里烏來街47號,24.86543663,121.5515623
637,板橋區,捷運府中站B1-男廁,新北市板橋區挹秀里縣民大道ㄧ段193號,25.008517,121.459302
638,板橋區,435藝文特區左側-男廁,新北市板橋區中正里中正路435號,25.02339531,121.4541364
639,板橋區,高鐵板橋站入口西區B1-女廁,新北市板橋區新民里縣民大道二段7號,25.014155,121.463803
640,板橋區,捷運新埔站B1-女廁,新北市板橋區華江里民生路3段2號,25.01565,121.472786
641,中和區,民享市場1F南側-男廁,新北市中和區民有里民享街37號,25.003072,121.474163
642,中和區,民享市場1F南側-女廁,新北市中和區民有里民享街37號,25.003573,121.47413
643,中和區,四十張加油站-女廁,新北市中和區嘉慶里連城路629號,24.991705,121.47671
644,永和區,永安公有零售市場-無障礙廁所,新北市永和區永樂里安樂路431號,25.004215,121.514267
645,永和區,永和圖書館-男廁,新北市永和區光明里國光路2號,25.008631,121.519898
646,新店區,速邁樂環河路加油站-女廁,新北市新店區中華里環河路116號,24.967171,121.537059
647,新店區,中油寶橋加油站-女廁,新北市新店區寶福里寶橋路219號,24.977315,121.548914
648,樹林區,全國大安加油站-男廁,新北市樹林區圳安里大安路2號,25.004322,121.429578
649,板橋區,八德公園-男廁,新北市板橋區忠翠里雙十路二段與萬板路交叉口,25.024912,121.476059
650,板橋區,新北市立圖書館板橋江子翠分館2F左側-女廁,新北市板橋區莒光里莊敬路62號,25.0253,121.471762
651,板橋區,新北市立圖書館板橋江子翠分館2F右側-女廁,新北市板橋區莒光里莊敬路62號,25.0253,121.471762
652,板橋區,遠東百貨板橋店4F-女廁,新北市板橋區深丘里中山路一段152號,25.011058,121.464305
653,板橋區,遠東百貨板橋店9F-男廁,新北市板橋區深丘里中山路一段152號,25.011058,121.464305
654,板橋區,遠東百貨板橋店9F-女廁,新北市板橋區深丘里中山路一段152號,25.011058,121.464305
655,板橋區,介壽公園(館前路與公園路)-男廁,新北市板橋區福丘里板橋區公園路旁板橋地政事務所對面,25.00815,121.462819
656,中和區,四十張加油站-男廁,新北市中和區嘉慶里連城路629號,24.991705,121.47671
657,永和區,國父紀念館-男廁,新北市永和區豫溪里竹林路202號,25.008704,121.520488
658,新店區,肯德基新店北新分店-男廁,新北市新店區忠誠里北新路2段61號,24.973327,121.542713
659,新店區,肯德基新店北新分店-女廁,新北市新店區忠誠里北新路2段61號,24.973327,121.542713
660,新店區,速邁樂環河路加油站-男廁,新北市新店區中華里環河路116號,24.967171,121.537059
661,新店區,新店中央圖書館閱覽室2F-女廁,新北市新店區中央里中央五街60號,24.975418,121.527264
662,新店區,中油寶橋加油站-男廁,新北市新店區寶福里寶橋路219號,24.977315,121.548914
663,樹林區,中油思源加油站-男廁,新北市樹林區三興里三興街50號,25.014519,121.39504
664,泰山區,泰山區公有市場1F東側-女廁,新北市泰山區全興里全興路212號,25.056313,121.433644
665,泰山區,泰山區公有市場1F南側-男廁,新北市泰山區全興里全興路212號,25.056075,121.433783
666,林口區,中油林口加油站-男廁,新北市林口區林口里中山路1號,25.077864,121.396947
667,中和區,秀峰里市民活動中心1F-混合廁所,新北市中和區秀峰里景德街25號,24.991088,121.51886
668,石碇區,石碇湳窟1F-男廁,新北市石碇區潭邊里無,24.991071,121.661158
669,石碇區,石碇區烏塗里烏塗窟-混和廁,新北市石碇區烏塗里烏塗窟11號,24.969254,121.643828
670,坪林區,中油坪林加油站-男廁,新北市坪林區坪林里北宜路八段61號,24.93552767,121.7048693
671,三芝區,台灣中油經國南海站-男廁,新北市三芝區埔坪里埔坪村北海路2段168號,25.261225,121.502774
672,板橋區,介壽公園(館前路與公園路)-女廁,新北市板橋區福丘里板橋區公園路旁板橋地政事務所對面,25.00815,121.462819
673,板橋區,仁愛公園-男廁,新北市板橋區重慶里國慶路149巷21弄16號 ,24.997433,121.460104
674,蘆洲區,三蘆公園-男廁,新北市蘆洲區玉清里永安北路76巷底,25.084616,121.483781
675,蘆洲區,全國蘆洲加油站-男廁,新北市蘆洲區得仁里中山一路417號,25.07651331,121.4687383
676,三重區,過田閱覽室2F-女廁,新北市三重區過田里過圳街19號,25.0593023,121.487782
677,三重區,過田閱覽室2F-無障礙廁所,新北市三重區過田里過圳街19號,25.0593023,121.487782
678,三重區,三重護山宮-女廁,新北市三重區光田里三陽路11號,25.058869,121.486043
679,中和區,華福公園(公廿一)-女廁,新北市中和區明德里華福街與平街交叉口,24.995568,121.467794
680,中和區,中和大同圖書館1F-男廁,新北市中和區正行里圓通路121巷5號,24.996108,121.499668
681,永和區,仁愛公園(保生路)-女廁,新北市永和區保安里仁愛路244號,25.01136,121.507724
682,新店區,中央公有市場東側1F-女廁,新北市新店區中央里中央五街60號,24.97537008,121.5276584
683,樹林區,中山公園-混合廁所,新北市樹林區三興里龍興街59巷2弄9-1號,25.014132,121.40232
684,樹林區,潭底公園-男廁,新北市樹林區潭底里保安街1段285號,24.9972,121.4188
685,樹林區,家樂福樹林店-男廁,新北市樹林區潭底里大安路118號,24.997108,121.421329
686,中和區,中和環球購物中心4F環球影城北側-女廁,新北市中和區員山里中山路3段122號,25.006077,121.475689
687,中和區,中和環球購物中心4F環球影城南側-男廁,新北市中和區員山里中山路3段122號,25.006077,121.475689
688,中和區,中和環球購物中心4F環球影城南側-女廁,新北市中和區員山里中山路3段122號,25.006077,121.475689
689,中和區,中油莒光加油站-男廁,新北市中和區壽德里莒光路260號,24.99395,121.467534
690,中和區,中油莒光加油站-女廁,新北市中和區壽德里莒光路260號,24.99395,121.467534
691,中和區,華福公園(公廿一)-男廁,新北市中和區明德里華福街與平街交叉口,24.995568,121.467794
692,新店區,新店三民圖書閱覽室2F-男廁,新北市新店區中正里三民路20-2號,24.970905,121.537209
693,樹林區,中油車容坊中華路加油站-女廁,新北市樹林區和平里中華路66號,24.981836,121.420216
694,樹林區,中油永錡彭厝加油站-男廁,新北市樹林區彭厝里八德街395號,24.971762,121.415527
695,樹林區,中油永錡彭厝加油站-女廁,新北市樹林區彭厝里八德街395號,24.971762,121.415527
696,樹林區,中油金樹林加油站-性別友善廁所,新北市樹林區東陽里中華路365號,24.980046,121.414188
697,樹林區,中油永錡大安加油站-女廁,新北市樹林區東昇里大安路576號,24.983651,121.411693
698,樹林區,中油上順加油站-男廁,新北市樹林區東園里柑園街一段1號之2,24.95985681,121.4081419
699,樹林區,中油山佳加油站-混合廁所,新北市樹林區山佳里中山路三段30號,24.975179,121.401563
700,石門區,老人活動中心-男廁,新北市石門區老梅里老梅里公地44號 ,25.28955492,121.5455514
701,石門區,石門老梅公地-殘障,新北市石門區老梅里公地16-1號,25.29123699,121.5457521
702,平溪區,菁桐火車站-男廁,新北市平溪區菁桐里菁桐街2號,25.023918,121.723725
703,平溪區,平溪活動中心2F-男廁,新北市平溪區石底里公園街17號,25.024719,121.737007
704,平溪區,平溪活動中心2F-女廁,新北市平溪區石底里公園街17號,25.024719,121.737007
705,雙溪區,雙溪綜合市場1F-女廁,新北市雙溪區雙溪里太平路50號,25.03551048,121.8648443
706,雙溪區,三貂運動公園-男廁,新北市雙溪區三貂里9鄰附近,25.0577181,121.8480778
707,樹林區,中油思源加油站-女廁,新北市樹林區三興里三興街50號,25.014514,121.39507
708,樹林區,全國大安加油站-女廁,新北市樹林區圳安里大安路2號,25.004322,121.42958
709,樹林區,樹林濟安宮-男廁,新北市樹林區保安里保安街一段32號,24.993711,121.42705
710,樹林區,樹林濟安宮-女廁,新北市樹林區保安里保安街一段32號,24.993711,121.42705
711,樹林區,中油永錡保安加油站-女廁,新北市樹林區潭底里大安路179號,24.996137,121.421236
712,樹林區,中油永盛加油站-男廁,新北市樹林區樹東里中華路1之1號,24.98387966,121.4251471
713,樹林區,中油永盛加油站-女廁,新北市樹林區樹東里中華路1之1號,24.984093,121.425255
714,樹林區,中油上順加油站-女廁,新北市樹林區柑園里柑園街一段1號之2,24.956454,121.39193
715,樹林區,台灣中油三多加油站-男廁,新北市樹林區猐寮里中正路433號,25.00822267,121.4114099
716,樹林區,中油柑園加油站-女廁,新北市樹林區北園里佳園路二段47號,24.962423,121.391893
717,樹林區,肯德基樹林中山店-男廁,新北市樹林區樹福里中山路1段67號,24.991901,121.423782
718,樹林區,肯德基樹林中山店-女廁,新北市樹林區樹福里中山路1段67號,24.99185139,121.423806
719,樹林區,中油和信加油站-男廁,新北市樹林區猐寮里中正路280-2號,25.008721,121.416151
720,鶯歌區,新北市立圖書館鶯歌分館3F-女廁,新北市鶯歌區西鶯里中山路150號,24.957359,121.349518
721,永和區,永安公有零售市場-男廁,新北市永和區永樂里安樂路431號,25.00431,121.514278
722,永和區,永安公有零售市場-女廁,新北市永和區永樂里安樂路431號,25.004215,121.514267
723,新店區,新店三民圖書閱覽室2F-女廁,新北市新店區中正里三民路20-2號,24.970905,121.537209
724,新店區,福民活動中心-女廁,新北市新店區福民里福園街8巷1號,24.973069,121.533143
725,新店區,豪鼎飯店-男廁,新北市新店區復興里北新路3段205號,24.984025,121.539929
726,樹林區,樹林鎮南宮-男廁,新北市樹林區保安里千歲街2號,24.995271,121.42495
727,樹林區,家樂福樹林店-女廁,新北市樹林區潭底里大安路118號,24.997108,121.421329
728,樹林區,中油金樹林加油站-女廁,新北市樹林區東陽里中華路365號,24.980046,121.414188
729,樹林區,中油永錡大安加油站-男廁,新北市樹林區東昇里大安路576號,24.983652,121.411693
730,樹林區,中油柑園加油站-男廁,新北市樹林區北園里佳園路二段47號,24.962423,121.391893
731,貢寮區,遠望坑親水公園-男廁,新北市貢寮區雙玉里無,25.00284,121.929962
732,貢寮區,遠望坑親水公園-女廁,新北市貢寮區雙玉里無,25.00284,121.929962
733,貢寮區,福隆火車站-女廁,新北市貢寮區福隆里福隆街2號 ,25.015389,121.944843
734,貢寮區,澳底公園(1)-男廁,新北市貢寮區仁里里無,25.0533763,121.9255246
735,貢寮區,澳底公園(1)-女廁,新北市貢寮區仁里里無,25.053217,121.924035
736,貢寮區,中油濱海西加油站-男廁,新北市貢寮區福連里香蘭街36號,25.0103659,121.9886043
737,烏來區,原住民主題公園-男廁,新北市烏來區烏來里環山路上(高砂義勇公園下方),24.84840052,121.5499798
738,平溪區,十分瀑布公園-女廁,新北市平溪區南山里無,25.04872,121.78674
739,永和區,比漾廣場3F-男廁,新北市永和區保安里中山路1段238號,25.007837,121.507646
740,永和區,比漾廣場5F-男廁,新北市永和區保安里中山路1段238號,25.007837,121.507646
741,五股區,指南成泰加油站-男廁,新北市五股區德音里成泰路一段170號,25.076946,121.435297
742,五股區,指南成泰加油站-女廁,新北市五股區德音里成泰路一段170號,25.076946,121.435297
743,五股區,中油聯華五股站-女廁,新北市五股區成泰里成泰路二段250號,25.086734,121.44165
744,泰山區,中油泰山加油站-女廁,新北市泰山區山腳里泰林路2段424號,25.064357,121.426766
745,泰山區,中油楓江加油站-女廁,新北市泰山區楓樹里楓江路88號,25.063452,121.437018
746,泰山區,全國五股交流道加油站-女廁,新北市泰山區楓樹里楓江路100號,25.063773,121.438422
747,永和區,永和區永安市民活動中心2F-混合廁所,新北市永和區永安里安樂路431號2樓,25.00433916,121.5141857
748,五股區,中油昇易加油站-男廁,新北市五股區德音里新五路2段129號,25.078218,121.437812
749,泰山區,全國新五路加油站-男廁,新北市泰山區楓樹里新五路1段89號,25.060908,121.441126
750,泰山區,全國新五路加油站-女廁,新北市泰山區楓樹里新五路1段89號,25.060908,121.441126
751,泰山區,泰山瓊仔湖福德宮-女廁,新北市泰山區義學里瓊仔湖18號,25.05139,121.423065
752,泰山區,泰山區公有市場2F南側-男廁,新北市泰山區全興里全興路212號,25.056075,121.433783
753,泰山區,泰山區公有市場2F南側-女廁,新北市泰山區全興里全興路212號,25.056075,121.433783
754,泰山區,泰山區公有市場2F南側-女廁,新北市泰山區全興里全興路212號,25.056075,121.433783
755,樹林區,柑園加油站北大站-男廁,新北市樹林區南園里佳園路三段227號,24.946021,121.385634
756,樹林區,中油樹林加油站-男廁,新北市樹林區圳福里樹新路207號,24.999541,121.430116
757,樹林區,中油樹林加油站-女廁,新北市樹林區圳福里樹新路207號,24.999541,121.430116
758,鶯歌區,鶯歌火車站2F-女廁,新北市鶯歌區東鶯里文化路68-1號,24.954349,121.355341
759,鶯歌區,新北市立圖書館鶯歌分館4F-男廁,新北市鶯歌區西鶯里中山路150號,24.957359,121.349518
760,永和區,捷運頂溪站B1-1號出口-男廁,新北市永和區勵行里永和路2段168號,25.013245,121.515333
761,三重區,永豐閱覽室2F-女廁,新北市三重區永豐里永福街197巷6-1號,25.074609,121.478258
762,三重區,興華閱覽室2F-女廁,新北市三重區光田里中華路5號,25.060222,121.483396
763,板橋區,國光公園-男廁,新北市板橋區香社里中正路375巷48號,25.020347,121.453538
764,板橋區,板橋火車站1F西門-男廁,新北市板橋區新民里縣民大道二段7號,25.014155,121.463803
765,板橋區,板橋火車站剪票口B1西區-女廁,新北市板橋區新民里縣民大道二段7號,25.014155,121.463803
766,板橋區,北基新海加油站-男廁,新北市板橋區幸福里新海路137號,25.023371,121.460631
767,板橋區,玫瑰公園(近綠堤街)-男廁,新北市板橋區德翠里中正路372巷,25.02551,121.45499
768,板橋區,新北市藝文中心1F-女廁,新北市板橋區莒光里莊敬路62號,25.0253,121.471762
769,樹林區,中油中信加油站-混合廁所,新北市樹林區圳福里大安路1-10號,25.002003,121.426621
770,樹林區,中油和信加油站-女廁,新北市樹林區猐寮里中正路280-2號,25.008721,121.416151
771,鶯歌區,新北市立圖書館鶯歌分館1F-女廁,新北市鶯歌區西鶯里中山路150號,24.957359,121.349518
772,永和區,比漾廣場2F-女廁,新北市永和區保安里中山路1段238號,25.007837,121.507646
773,永和區,比漾廣場2F-男廁,新北市永和區保安里中山路1段238號,25.007837,121.507646
774,永和區,溪洲市場2F-男廁,新北市永和區勵行里勵行街44號,25.013537,121.516669
775,永和區,溪洲市場2F-女廁,新北市永和區勵行里勵行街44號,25.013537,121.516669
776,永和區,麥當勞永和店2F-男廁,新北市永和區勵行里永和路2段170號,25.01324,121.515483
777,五股區,中油上群加油站-男廁,新北市五股區德音里新五路2段126號,25.077961,121.438279
778,泰山區,中油楓江加油站-男廁,新北市泰山區楓樹里楓江路88號,25.063452,121.437018
779,泰山區,全國五股交流道加油站-男廁,新北市泰山區楓樹里楓江路100號,25.063773,121.438422
780,泰山區,顯應祖師泰山巖-男廁,新北市泰山區山腳里明志路1段254號,25.06068,121.432043
781,泰山區,泰山貴子圖書館4F-女廁,新北市泰山區貴子里工專路22號,25.039866,121.423627
782,泰山區,中油泰新加油站-男廁,新北市泰山區義仁里新北大道5段1號,25.05141027,121.4386761
783,泰山區,泰山區公有市場1F南側-女廁,新北市泰山區全興里全興路212號,25.056075,121.433783
784,泰山區,泰山區公有市場1F-無障礙廁所,新北市泰山區全興里全興路212號,25.056075,121.433783
785,泰山區,中油泰新加油站-女廁,新北市泰山區義仁里新北大道5段1號,25.05139083,121.4387083
786,泰山區,泰山區公有市場1F東側-男廁,新北市泰山區全興里全興路212號,25.056313,121.433644
787,泰山區,泰山圖書館5F北側-女廁,新北市泰山區全興里全興路212號,25.056075,121.433783
788,林口區,台亞林口忠孝加油站-男廁,新北市林口區南勢里忠孝路132號,25.073297,121.366968
789,三芝區,三芝公車站-男女廁,新北市三芝區埔頭里淡金路二段4號對面,25.25919412,121.5021687
790,三芝區,停一停車場-女廁 (中山立體停車場),新北市三芝區埔頭里淡金路一段61號,25.25903745,121.5003723
791,三芝區,台灣中油經國南海站-女廁,新北市三芝區埔坪里埔坪村北海路2段168號,25.261225,121.502774
792,深坑區,正洋加油站-混合廁所,新北市深坑區阿柔里文山路三段15號,24.997925,121.61286
793,深坑區,台亞石油深坑加油站-男廁,新北市深坑區阿柔里文山路三段110號,24.99891267,121.6086917
794,石碇區,石碇登山1F-女廁,新北市石碇區潭邊里無,24.99092,121.660898
795,石碇區,石碇雙溪-男廁,新北市石碇區隆盛里無,25.011278,121.641312
796,石碇區,石碇雙溪-女廁,新北市石碇區隆盛里無,25.011278,121.641312
797,石碇區,石碇中民公廁-女廁,新北市石碇區中民里無,25.0105269,121.6687453
798,三芝區,三芝福成宮-女廁,新北市三芝區埔頭里中山路一段38號,25.25704498,121.50134
799,三芝區,共榮社區(源興居)-男廁,新北市三芝區埔坪里埔頭坑164-2 號 (三芝遊客中心旁邊),25.24952895,121.5091619
800,板橋區,新北市立圖書館板橋江子翠分館3F左側-女廁,新北市板橋區莒光里莊敬路62號,25.0253,121.471762
801,板橋區,中油光仁加油站-混合廁所,新北市板橋區雙玉里三民路一段106號,25.021104,121.478933
802,板橋區,遠東百貨板橋店7F-女廁,新北市板橋區深丘里中山路一段152號,25.011058,121.464305
803,板橋區,後埔市場-男廁,新北市板橋區鄉雲里大華街5號,25.006941,121.459283
804,板橋區,重慶公園-男廁,新北市板橋區廣德里重慶路245巷32弄18號 (擎天雙星旁),24.997777,121.464368
805,蘆洲區,柳堤公園-男廁,新北市蘆洲區正義里光榮路及長樂路交叉路口,25.09376,121.46119
806,蘆洲區,永安兒童公園-女廁,新北市蘆洲區恆德里永安北路二段與重陽一街交叉口,25.080532,121.481009
807,五股區,五股圖書館3F-女廁,新北市五股區五股里工商路1號,25.082392,121.439872
808,五股區,五股圖書館4F-男廁,新北市五股區五股里工商路1號,25.082392,121.439872
809,五股區,中油昇易加油站-女廁,新北市五股區德音里新五路2段129號,25.077696,121.437557
810,泰山區,台塑中泰加油站-女廁,新北市泰山區福泰里泰林路2段32號,25.056971,121.436047
811,泰山區,辭修公園-男廁,新北市泰山區同榮里辭修路48號,25.057922,121.425576
812,泰山區,泰山瓊仔湖福德宮-男廁,新北市泰山區義學里瓊仔湖18號,25.05139,121.423065
813,泰山區,泰山貴子圖書館4F-男廁,新北市泰山區貴子里工專路22號,25.039866,121.423627
814,泰山區,中油車容坊五洲站-女廁,新北市泰山區貴和里新北大道7段2號,25.0323293,121.4207161
815,三芝區,中油大嘉好加油站-男廁,新北市三芝區錫板里海尾14之32號,25.25992513,121.4776714
816,三芝區,中油大嘉好加油站-女廁,新北市三芝區錫板里海尾14之32號,25.25992513,121.4776714
817,三芝區,三板橋-男廁,新北市三芝區店子里三板橋旁,25.20732068,121.5181673
818,三芝區,三板橋-女廁,新北市三芝區店子里三板橋旁,25.20732068,121.5181673
819,八里區,中油車容坊關渡橋加油站-男廁,新北市八里區米倉里龍米路二段72-1號,25.14168137,121.4480317
820,八里區,中油龍形加油站–男廁,新北市八里區米倉里龍米路二段150號,25.156993,121.435929
821,八里區,中油八里加油站-男廁,新北市八里區大崁里中山路一段1號,25.158843,121.423027
822,三芝區,淺水灣-女廁,新北市三芝區後厝里後厝派出所旁,25.25123154,121.4698609
823,三芝區,芝蘭社區公園-男廁,新北市三芝區後厝里淡金公路&amp;大湖路 交叉處,25.25346467,121.4725348
824,石門區,石門洞風景區-男廁,新北市石門區尖鹿里無,25.29661189,121.5691495
825,八里區,中油獅子頭加油站-男廁,新北市八里區龍源里龍米路一段50號,25.119499,121.456706
826,平溪區,菁桐火車站-女廁,新北市平溪區菁桐里菁桐街2號,25.023918,121.723725
827,雙溪區,雙溪圖書館3F-女廁,新北市雙溪區雙溪里太平路50號,25.03542299,121.8648818
828,雙溪區,三貂運動公園-女廁,新北市雙溪區三貂里9鄰附近,25.05773268,121.849258
829,平溪區,十分旅客中心1F-女廁,新北市平溪區南山里南山坪136號,25.04722775,121.7826694
830,平溪區,十分瀑布停車場-男廁,新北市平溪區新寮里無,25.04970509,121.7852551
831,平溪區,十分瀑布停車場-女廁,新北市平溪區新寮里無,25.0497549,121.7855448
832,雙溪區,雙溪火車站-女廁,新北市雙溪區新基里朝陽街1號,25.03857493,121.8665233
833,雙溪區,慈安宮-男廁,新北市雙溪區三港里三港路7號,25.05106037,121.8766594
834,雙溪區,慈安宮-女廁,新北市雙溪區三港里三港路7號,25.05109925,121.8766916
835,貢寮區,貢寮火車站-男廁,新北市貢寮區貢寮里朝陽街33號,25.0220846,121.908674
836,貢寮區,貢寮火車站-女廁,新北市貢寮區貢寮里朝陽街33號 ,25.0220785,121.9086714
837,貢寮區,福隆加油站-男廁,新北市貢寮區福隆里興隆街21-2號,25.0186198,121.9333824
838,貢寮區,福隆火車站-男廁,新北市貢寮區福隆里福隆街2號 ,25.015389,121.944843
839,貢寮區,澳底公園(2)-女廁,新北市貢寮區仁里里無,25.053217,121.924035
840,貢寮區,中油澳底加油站-男廁,新北市貢寮區真理里美灩山街6-1號,25.06077,121.928544
841,貢寮區,台亞貢寮加油站公廁-男廁,新北市貢寮區福連里香蘭街2-1號,25.0241925,121.9718134
842,金山區,中角海濱公園-無障礙,新北市金山區萬壽里淡金公路39K號,25.23904233,121.6333455
843,萬里區,萬里公有市場-男廁,新北市萬里區萬里里瑪鍊路261號,25.179447,121.689488
844,萬里區,萬里圖書館4F-男廁,新北市萬里區萬里里萬里村瑪鍊路221號,25.179207,121.690596
845,雙溪區,長源社區市民活動中心1F-無障礙,新北市雙溪區長源里柑腳19號,25.0136051,121.8048728
846,雙溪區,長源社區市民活動中心1F-女廁,新北市雙溪區長源里柑腳19號,25.01413983,121.8051195
847,貢寮區,澳底公園(2)-男廁,新北市貢寮區仁里里無,25.053217,121.924035
848,烏來區,情人步道-男廁,新北市烏來區烏來里瀑布路125號左方550處,24.848785,121.551833
849,板橋區,板橋火車站1F西門-女廁,新北市板橋區新民里縣民大道二段7號,25.014155,121.463803
850,板橋區,捷運板橋站B1-男廁,新北市板橋區新民里站前路5號,25.014155,121.463803
851,板橋區,捷運板橋站B1-女廁,新北市板橋區新民里站前路5號,25.014155,121.463803
852,泰山區,泰山圖書館5F北側-男廁,新北市泰山區全興里全興路212號,25.056075,121.433783
853,林口區,婦幼公園-性別友善廁所,新北市林口區東勢里文化一路麗園一街旁,25.07180992,121.377393
854,石碇區,石碇湳窟1F-女廁,新北市石碇區潭邊里無,24.991071,121.661158
855,石碇區,石碇皇帝殿1F-男廁,新北市石碇區潭邊里無,24.99092,121.660898
856,石碇區,石碇皇帝殿1F-女廁,新北市石碇區潭邊里無,24.99092,121.660898
857,石碇區,石碇區烏塗里烏塗窟-無障礙廁所,新北市石碇區烏塗里烏塗窟11號,24.969254,121.643828
858,石碇區,石碇彭山-男廁,新北市石碇區彭山里無,24.974102,121.673115
859,板橋區,湳興公有市場-男廁,新北市板橋區新興里中興路63號,25.007044,121.455312
860,板橋區,湳興公有市場-女廁,新北市板橋區新興里中興路63號,25.007044,121.455312
861,泰山區,泰山區公有市場2F東側-男廁,新北市泰山區全興里全興路212號,25.056313,121.433644
862,林口區,速邁樂林口二加油站-男廁,新北市林口區東林里粉寮路一段121 號,25.080825,121.39806
863,石碇區,石碇登山1F-男廁,新北市石碇區潭邊里無,24.99092,121.660898
864,石碇區,石碇格頭-女廁,新北市石碇區格頭里北宜路五段42號下方,24.952917,121.636286
865,三芝區,中油三芝加油站-男廁,新北市三芝區埔頭里埔頭15號,25.25973736,121.4951148
866,三芝區,兒一公園-女廁,新北市三芝區埔頭里長安街79號,25.25829738,121.4987559
867,板橋區,捷運新埔站B1-男廁,新北市板橋區華江里民生路3段2號,25.01565,121.472786
868,板橋區,新北市立圖書館板橋四維分館3F-男廁,新北市板橋區新翠里陽明街166號3F,25.025883,121.462594
869,板橋區,玫瑰公園(近綠堤街)-女廁,新北市板橋區德翠里中正路372巷,25.02551,121.45499
870,板橋區,新北市藝文中心1F-男廁,新北市板橋區莒光里莊敬路62號,25.02591712,121.470809
871,板橋區,新北市立圖書館板橋江子翠分館3F右側-男廁,新北市板橋區莒光里莊敬路62號,25.0253,121.471762
872,板橋區,遠東百貨板橋店B1-男廁,新北市板橋區深丘里中山路一段152號,25.011058,121.464305
873,板橋區,遠東百貨板橋店B1-女廁,新北市板橋區深丘里中山路一段152號,25.011058,121.464305
874,石碇區,石碇彭山-女廁,新北市石碇區彭山里無,24.974102,121.673115
875,坪林區,坪林國中路-男廁,新北市坪林區坪林里國中路旁,24.938742,121.713414
876,坪林區,新北市坪林茶業博物館1F-男廁,新北市坪林區水德里水聳淒坑19-1號,24.93431157,121.7127657
877,坪林區,坪林舊橋頭-男廁,新北市坪林區水德里無,24.934087,121.711859
878,三芝區,芝蘭社區公園-女廁,新北市三芝區後厝里淡金公路&amp;大湖路 交叉處,25.25346467,121.4725348
879,三芝區,永康社區(福德里)-男女廁,新北市三芝區福德里青溪路北新路交叉處 布告欄後方,25.224992,121.515834
880,八里區,中油八仙加油站-混合廁所,新北市八里區龍源里龍米路一段51號,25.119084,121.456304
881,板橋區,遠東百貨板橋店2F-女廁,新北市板橋區深丘里中山路一段152號,25.011058,121.464305
882,板橋區,遠東百貨板橋店6F-男廁,新北市板橋區深丘里中山路一段152號,25.011058,121.464305
883,板橋區,遠東百貨板橋店6F-女廁,新北市板橋區深丘里中山路一段152號,25.0109022,121.4644575
884,板橋區,遠東百貨板橋店7F-男廁,新北市板橋區深丘里中山路一段152號,25.011058,121.464305
885,板橋區,遠東百貨板橋店10F-女廁,新北市板橋區深丘里中山路一段152號,25.011058,121.464305
886,板橋區,遠東百貨板橋店11F-女廁,新北市板橋區深丘里中山路一段152號,25.011058,121.464305
887,板橋區,麥當勞板橋重慶店-混合廁所,新北市板橋區福丘里重慶路23號,25.0078,121.461162
888,板橋區,市民廣場東側-性別友善廁所,新北市板橋區福丘里中山路一段161號,25.012883,121.464977
889,萬里區,野柳海洋世界-1F女廁,新北市萬里區野柳里港東路167-3號,25.204793,121.690383
890,萬里區,中油北基加油站-女廁,新北市萬里區大鵬里加投路19之6號,25.20945984,121.6497418
891,烏來區,烏來台車-女廁,新北市烏來區烏來里溫泉街86巷2號,24.86038445,121.551109
892,烏來區,烏來覽勝橋-男廁,新北市烏來區烏來里溫泉街80號對面,24.861877,121.550633
893,板橋區,捷運府中站B1-女廁,新北市板橋區挹秀里縣民大道ㄧ段193號,25.008517,121.459302
894,板橋區,國光公園活動中心2F-男廁,新北市板橋區香社里中正路375巷48號,25.020347,121.453538
895,板橋區,板橋火車站B1西門-男廁,新北市板橋區新民里縣民大道二段7號,25.014155,121.463803
896,八里區,中油三詠加油站-男廁,新北市八里區舊城里中華路二段39號,25.152574,121.410748
897,雙溪區,雙溪綜合市場1F-男廁,新北市雙溪區雙溪里太平路50號,25.03544972,121.8648416
898,雙溪區,雙溪圖書館3F-男廁,新北市雙溪區雙溪里太平路50號,25.03540112,121.8648362
899,貢寮區,台亞貢寮加油站公廁-女廁,新北市貢寮區福連里香蘭街2-1號,25.02419736,121.9718349
900,貢寮區,中油濱海西加油站-女廁,新北市貢寮區福連里香蘭街36號,25.0106582,121.9888239
901,萬里區,萬里圖書館4F-女廁,新北市萬里區萬里里瑪鍊路221號,25.179207,121.690596
902,萬里區,新空間國際有限公司-男廁,新北市萬里區野柳里港東路167之1號,25.20653,121.689668
903,板橋區,市民廣場西側-男廁,新北市板橋區福丘里中山路一段161號,25.012883,121.464977
904,板橋區,和平公園-男廁,新北市板橋區廣德里重慶路355號,24.997807,121.464812
905,土城區,家樂福土城店B2-男廁,新北市土城區青雲里青雲路152號,24.98325,121.458805
906,土城區,全國中華加油站1F-男廁,新北市土城區員福里中華路2段1號,24.979156,121.439812
907,土城區,捷運土城站B1-男廁,新北市土城區埤塘里金城路一段105號,24.972532,121.442873
908,蘆洲區,長安公園-男廁,新北市蘆洲區忠義里長安街102號,25.081175,121.46134
909,蘆洲區,長安公園-女廁,新北市蘆洲區忠義里長安街102號,25.081175,121.46134
910,板橋區,板橋火車站B1西門-女廁,新北市板橋區新民里縣民大道二段7號,25.014155,121.463803
911,板橋區,高鐵板橋站入口西區B1-男廁,新北市板橋區新民里縣民大道二段7號,25.014155,121.463803
912,板橋區,農村公園-男廁,新北市板橋區江翠里吳鳳路50巷46號,25.030328,121.468852
913,土城區,新北市政府警察局土城分局1F-無障礙廁所,新北市土城區埤塘里和平路22號,24.973281,121.442926
914,板橋區,捷運江子翠站B1-女廁,新北市板橋區柏翠里文化路2段319號,25.030155,121.47219
915,板橋區,台亞板橋文化加油站-混合廁所,新北市板橋區忠翠里文化路二段262號,25.028542,121.471393
916,板橋區,新北市立圖書館板橋江子翠分館3F左側-男廁,新北市板橋區莒光里莊敬路62號,25.0253,121.471762
917,萬里區,新空間國際有限公司-女廁,新北市萬里區野柳里港東路167之1號,25.20653,121.689668
918,萬里區,野柳海洋世界-1F親子廁,新北市萬里區野柳里港東路167-3號,25.204793,121.690383
919,烏來區,情人步道-女廁,新北市烏來區烏來里瀑布路125號左方550處,24.848785,121.551833
920,烏來區,原住民主題公園-女廁,新北市烏來區烏來里環山路上(高砂義勇公園下方),24.84836645,121.5499878
921,烏來區,瀑布遊客中心-男廁,新北市烏來區烏來里瀑布路34號,24.848785,121.551833
922,烏來區,瀑布遊客中心-女廁,新北市烏來區烏來里瀑布路34號,24.84763627,121.5463078
923,板橋區,板橋火車站B1東門-男廁,新北市板橋區新民里縣民大道二段7號,25.014155,121.463803
924,板橋區,中油埔墘加油站-混合廁所,新北市板橋區埔墘里中山路二段320號,25.019342,121.480957
925,板橋區,遠東百貨板橋店3F-女廁,新北市板橋區深丘里中山路一段152號,25.011058,121.464305
926,板橋區,遠東百貨板橋店5F-男廁,新北市板橋區深丘里中山路一段152號,25.011058,121.464305
927,板橋區,遠東百貨板橋店13F-女廁,新北市板橋區深丘里中山路一段152號,25.011058,121.464305
928,板橋區,尖筍東側B1-性別友善廁所,新北市板橋區福丘里中山路一段161號,25.012883,121.464977
929,蘆洲區,仁愛廣場-男廁,新北市蘆洲區水湳里民權路143號,25.09027261,121.4704281
930,蘆洲區,中油蘆洲加油站-男廁,新北市蘆洲區保和里三民路99號,25.0852,121.473388
931,板橋區,板橋火車站剪票口B1西區-男廁,新北市板橋區新民里縣民大道二段7號,25.014155,121.463803
932,板橋區,玫瑰公園(近中正路372巷)-男廁,新北市板橋區德翠里中正路372巷,25.02607,121.455466
933,板橋區,新北市立圖書館板橋江子翠分館2F左側-男廁,新北市板橋區莒光里莊敬路62號,25.0253,121.471762
934,板橋區,新北市立圖書館板橋江子翠分館3F右側-女廁,新北市板橋區莒光里莊敬路62號,25.0253,121.471762
935,板橋區,麥當勞板橋中山店2F-男廁,新北市板橋區光仁里中山路二段253號,25.017589,121.477397
936,板橋區,肯德基板橋埔墘店2F-男廁,新北市板橋區光仁里中山路二段249號,25.017589,121.477397
937,板橋區,遠東百貨板橋店10F-男廁,新北市板橋區深丘里中山路一段152號,25.011058,121.464305
938,三芝區,三芝福成宮-男廁,新北市三芝區埔頭里中山路一段38號,25.25704498,121.50134
939,石門區,中油石門加油站-男廁,新北市石門區石門里中央路1-15號 ,25.29118945,121.5609312
940,雙溪區,雙溪火車站-男廁,新北市雙溪區新基里朝陽街1號,25.03859437,121.866518
941,貢寮區,中油澳底加油站-女廁,新北市貢寮區真理里美灩山街6-1號,25.06077,121.928544
942,萬里區,中油北基加油站-男廁,新北市萬里區大鵬里加投路19-6號,25.20949381,121.6497552
943,板橋區,435藝文特區右側-男廁,新北市板橋區中正里中正路435號,25.02337587,121.4541364
944,板橋區,板橋火車站B1東門-女廁,新北市板橋區新民里縣民大道二段7號,25.014155,121.463803
945,板橋區,高鐵板橋站入口東區B1-男廁,新北市板橋區新民里縣民大道二段7號,25.014155,121.463803
946,板橋區,高鐵板橋站入口東區B1-女廁,新北市板橋區新民里縣民大道二段7號,25.014155,121.463803
947,板橋區,石雕公園-男廁,新北市板橋區江翠里吳鳳路50巷,25.030081,121.469301
948,板橋區,捷運江子翠站B1-男廁,新北市板橋區柏翠里文化路2段319號,25.030155,121.47219
949,板橋區,新北市立圖書館板橋江子翠分館2F右側-男廁,新北市板橋區莒光里莊敬路62號,25.0253,121.471762
950,板橋區,遠東百貨板橋店5F-女廁,新北市板橋區深丘里中山路一段152號,25.011114,121.464344
951,板橋區,遠東百貨板橋店8F-男廁,新北市板橋區深丘里中山路一段152號,25.011058,121.464305
952,板橋區,遠東百貨板橋店8F-女廁,新北市板橋區深丘里中山路一段152號,25.011058,121.464305
953,板橋區,遠東百貨板橋店11F-男廁,新北市板橋區深丘里中山路一段152號,25.011058,121.464305
954,板橋區,遠東百貨板橋店12F-男廁,新北市板橋區深丘里中山路一段152號,25.011058,121.464305
955,板橋區,摩斯漢堡板橋館前店2F-混合廁所,新北市板橋區景星里館前東路60號,25.007154,121.461112
956,土城區,全國美城加油站1F-男廁,新北市土城區員福里中華路2段2號,24.979316,121.439432
957,蘆洲區,永安兒童公園-男廁,新北市蘆洲區恆德里永安北路二段與重陽一街交叉口,25.080532,121.481009
958,蘆洲區,三民公園-男廁,新北市蘆洲區南港里三民路611號,25.093883,121.459974
959,蘆洲區,三民公園-女廁,新北市蘆洲區南港里三民路611號,25.093883,121.459974
960,板橋區,遠東百貨板橋店12F-女廁,新北市板橋區深丘里中山路一段152號,25.0109197,121.4645433
961,板橋區,遠東百貨板橋店13F-男廁,新北市板橋區深丘里中山路一段152號,25.011058,121.464305
962,板橋區,市民廣場西側-女廁,新北市板橋區福丘里中山路一段161號,25.012883,121.464977
963,板橋區,尖筍西側B1-性別友善廁所,新北市板橋區福丘里中山路一段161號,25.012883,121.464977
964,土城區,藝文活動中心3F-男廁,新北市土城區員信里中正路18號,24.974929,121.443016
965,土城區,新北市立圖書館土城分館7F-男廁,新北市土城區員信里中正路18號,24.974911,121.443006
966,土城區,土城區綜合體育場1F-性別友善廁所,新北市土城區中正里裕民路193之1號,24.984278,121.456343
967,蘆洲區,永平公園-男廁,新北市蘆洲區永樂里永平街1號旁,25.089858,121.458709
968,五股區,觀音山遊客中心-男廁,新北市五股區觀音里凌雲路三段130號,25.129472,121.418055
969,五股區,觀音山遊客中心-女廁,新北市五股區觀音里凌雲路三段130號,25.12944801,121.418007
970,五股區,信誠加油站-男廁,新北市五股區五股里新五路二段258號,25.08153719,121.4408326
971,三重區,過田閱覽室2F-男廁,新北市三重區過田里過圳街19號,25.0593023,121.487782
972,三重區,三重田中圖書館2F-女廁,新北市三重區田中里忠孝路三段40巷51號,25.065531,121.483024
973,三重區,三重田中圖書館2F-無障礙廁所,新北市三重區田中里忠孝路三段40巷51號,25.065531,121.483024
974,三重區,光明市場1F-男廁,新北市三重區光明里重安街70號 ,25.057105,121.49129
975,土城區,麥當勞土城金城店B1-男廁 ,新北市土城區金城里金城路3段54號,24.986288,121.466008
976,蘆洲區,柳堤公園-女廁,新北市蘆洲區正義里光榮路及長樂路交叉路口,25.09376,121.46119
977,蘆洲區,仁愛廣場-女廁,新北市蘆洲區水湳里民權路143號,25.09023374,121.4704227
978,蘆洲區,永康公園-男廁,新北市蘆洲區永康里長安街204號,25.084271,121.458547
979,蘆洲區,永康公園-女廁,新北市蘆洲區永康里長安街204號,25.084271,121.458547
980,蘆洲區,三蘆公園-女廁,新北市蘆洲區玉清里永安北路76巷底,25.084616,121.483781
981,蘆洲區,尼加拉瓜公園-男廁,新北市蘆洲區仁義里集賢路269巷旁,25.08367,121.481666
982,蘆洲區,尼加拉瓜公園-女廁,新北市蘆洲區仁義里集賢路269巷旁,25.08367,121.481666
983,三重區,三重南區圖書館3F南側-男廁,新北市三重區光明里重安街70號,25.057105,121.49129
984,三重區,中油國園加油站-男廁,新北市三重區中山里重新路3段49號,25.06144,121.492949
985,鶯歌區,鶯歌公有零售市場B1-女廁,新北市鶯歌區中鶯里建國路108號,24.954298,121.353359
986,板橋區,新北市政府B4東側-男廁,新北市板橋區福丘里中山路一段161號,25.012093,121.465589
987,三重區,新北市三重區公所1F北邊-男廁,新北市三重區過田里新北大道一段11號,25.061081,121.488476
988,三重區,新北市三重區公所1F北邊-女廁,新北市三重區過田里新北大道一段11號,25.06118775,121.4882112
989,三重區,新北市三重區公所2F北邊-男廁,新北市三重區過田里新北大道一段11號,25.06130438,121.4882112
990,三重區,新北市三重區公所2F南邊-女廁,新北市三重區過田里新北大道一段11號,25.0612655,121.4881468
991,板橋區,新北市政府3F東側-男廁,新北市板橋區福丘里中山路一段161號,25.012093,121.465589
992,板橋區,新北市政府3F東側-女廁,新北市板橋區福丘里中山路一段161號,25.012093,121.465589
993,板橋區,新北市政府4F東側-男廁,新北市板橋區福丘里中山路一段161號,25.012093,121.465589
994,三重區,新北市三重區公所3F北邊-男廁,新北市三重區過田里新北大道一段11號,25.06122663,121.4881253
995,三重區,新北市三重區公所3F北邊-無障礙廁所,新北市三重區過田里新北大道一段11號,25.061081,121.488476
996,三重區,新北市三重區公所4F-無障礙廁所,新北市三重區過田里新北大道一段11號,25.0612655,121.4881468
997,板橋區,新北市政府7F東側-女廁,新北市板橋區福丘里中山路一段161號,25.012093,121.465589
998,板橋區,新北市政府8F東側-男廁,新北市板橋區福丘里中山路一段161號,25.012093,121.465589
999,板橋區,新北市政府9F東側-女廁,新北市板橋區福丘里中山路一段161號,25.012093,121.465589
1000,三重區,新北市三重區公所6樓-無障礙廁所,新北市三重區過田里新北大道一段11號,25.06130438,121.4881468
1001,板橋區,新北市政府10F東側-男廁,新北市板橋區福丘里中山路一段161號,25.012093,121.465589
1002,三重區,新北市三重區公所10F-男廁,新北市三重區過田里新北大道一段11號,25.06128494,121.4881253
1003,板橋區,新北市政府12F東側-女廁,新北市板橋區福丘里中山路一段161號,25.012093,121.465589
1004,三重區,新北市三重區公所10F-女廁,新北市三重區過田里新北大道一段11號,25.06128494,121.4881682
1005,三重區,新北市三重區公所11F南邊-無障礙廁所,新北市三重區過田里新北大道一段11號,25.06124607,121.4881253
1006,三重區,新北市三重區戶政事務所溪美辦事處2F-女廁,新北市三重區溪美里溪尾街73號,25.077625,121.490823
1007,板橋區,新北市政府13F東側-女廁,新北市板橋區福丘里中山路一段161號,25.012093,121.465589
1008,板橋區,新北市政府15F東側-男廁,新北市板橋區福丘里中山路一段161號,25.012093,121.465589
1009,板橋區,新北市政府15F東側-女廁,新北市板橋區福丘里中山路一段161號,25.012093,121.465589
1010,板橋區,新北市政府16F東側-女廁,新北市板橋區福丘里中山路一段161號,25.012093,121.465589
1011,板橋區,新北市政府17F東側-男廁,新北市板橋區福丘里中山路一段161號,25.012093,121.465589
1012,板橋區,新北市政府18F東側-男廁,新北市板橋區福丘里中山路一段161號,25.012093,121.465589
1013,板橋區,新北市政府21F東側-女廁,新北市板橋區福丘里中山路一段161號,25.012093,121.465589
1014,板橋區,新北市政府23F東側-女廁,新北市板橋區福丘里中山路一段161號,25.012093,121.465589
1015,烏來區,烏來區衛生所1F-無障礙廁所,新北市烏來區忠治里新烏路5段109號,24.871966,121.547977
1016,中和區,中和環球購物中心3F北側-無障礙廁所,新北市中和區員山里中山路3段122號,25.006077,121.475689
1017,中和區,國立臺灣圖書館B2停車場-男廁,新北市中和區安樂里中安街85號,25.001407,121.512796
1018,烏來區,信賢里派出所-混合廁所,新北市烏來區信賢里信福路11號,24.838562,121.526561
1019,萬里區,新北巿萬里區公所1F-女廁,新北市萬里區萬里里瑪鋉路123號,25.175934,121.687788
1020,板橋區,新北市政府B1西側-男廁,新北市板橋區福丘里中山路一段161號,25.012093,121.465589
1021,板橋區,新北市政府1F西側-女廁,新北市板橋區福丘里中山路一段161號,25.012093,121.465589
1022,板橋區,新北市政府3F西側-男廁,新北市板橋區福丘里中山路一段161號,25.012093,121.465589
1023,板橋區,新北市政府4F西側-男廁,新北市板橋區福丘里中山路一段161號,25.012093,121.465589
1024,烏來區,烏來區公所2F-女廁,新北市烏來區烏來里新烏路5段111號,24.876577,121.543231
1025,板橋區,新北市政府7F西側-男廁,新北市板橋區福丘里中山路一段161號,25.012093,121.465589
1026,中和區,國立臺灣圖書館3F自修室-女廁,新北市中和區安樂里中安街85號,25.001407,121.512796
1027,中和區,國立臺灣圖書館5F中央-男廁,新北市中和區安樂里中安街85號,25.001407,121.512796
1028,板橋區,新北市政府10F西側-男廁,新北市板橋區福丘里中山路一段161號,25.012093,121.465589
1029,烏來區,烏來圖書館4F-女廁,新北市烏來區烏來里環山路82巷98號,24.863411,121.551532
1030,板橋區,新北市政府11F西側-女廁,新北市板橋區福丘里中山路一段161號,25.012093,121.465589
1031,烏來區,烏來綜合活動中心3F-女廁,新北市烏來區烏來里烏來街34號,24.863411,121.551532
1032,烏來區,內洞森林遊樂區-男廁,新北市烏來區信賢里娃娃谷路46號,24.8346385,121.5264702
1033,中和區,中和力行里福德宮-女廁,新北市中和區力行里圓通路162巷2號,24.995694,121.496877
1034,板橋區,新北市政府14F西側-女廁,新北市板橋區福丘里中山路一段161號,25.012093,121.465589
1035,板橋區,新北市政府16F西側-男廁,新北市板橋區福丘里中山路一段161號,25.012093,121.465589
1036,中和區,中和區戶政事務所5F-男廁,新北市中和區外南里南山路236號,24.989636,121.506431
1037,中和區,中和區戶政事務所5F-女廁,新北市中和區外南里南山路236號,24.989636,121.506431
1038,金山區,金山公有零售市場-男廁,新北市金山區金美里中山路188號,25.221394,121.638087
1039,中和區,中和區戶政事務所員山辦事處3F-混合廁所,新北市中和區員富里中正路1163號,25.009278,121.481924
1040,金山區,金山承天宮-男廁,新北市金山區磺港里磺港路161,25.22497547,121.644541
1041,蘆洲區,永平公園-女廁,新北市蘆洲區永樂里永平街1號旁,25.089858,121.458709
1042,蘆洲區,中油中山二路加油站-女廁,新北市蘆洲區得仁里中山二路309號,25.077286,121.468965
1043,五股區,中油五股加油站-女廁,新北市五股區五股里中興路4段21號,25.082487,121.439002
1044,三重區,中油菜寮加油站-女廁,新北市三重區過田里重新路3段157號,25.058904,121.489644
1045,坪林區,金瓜寮社區公廁-女廁,新北市坪林區粗窟里無,24.91450211,121.6802144
1046,板橋區,新北市政府B4東側-女廁,新北市板橋區福丘里中山路一段161號,25.012093,121.465589
1047,三重區,新北市三重區公所2F南邊-男廁,新北市三重區過田里新北大道一段11號,25.06122663,121.4882112
1048,金山區,中角海濱公園-男廁,新北市金山區萬壽里淡金公路39K號,25.23941353,121.633265
1049,金山區,中角海濱公園-女廁,新北市金山區萬壽里淡金公路39K號,25.23906093,121.6333294
1050,貢寮區,東北角風景區管理處-女廁,新北市貢寮區福隆里興隆街36號,25.017756,121.942732
1051,平溪區,平溪區公所1F-性別友善廁所,新北市平溪區平溪里平溪街45號,25.026624,121.738189
1052,金山區,公館崙土地公廟-男廁,新北市金山區五湖里金山老人養護中心-龜子山路-交接處,25.2135998,121.6340268
1053,金山區,公館崙土地公廟-女廁,新北市金山區五湖里金山老人養護中心-龜子山路-交接處,25.2135723,121.6340429
1054,金山區,中油金山加油站-男廁,新北市金山區美田里中山路385號,25.22488812,121.6338122
1055,板橋區,新北市政府1F東側-男廁,新北市板橋區福丘里中山路一段161號,25.012093,121.465589
1056,板橋區,新北市政府2F東側-女廁,新北市板橋區福丘里中山路一段161號,25.012093,121.465589
1057,三重區,新北市三重區公所2F北邊-無障礙廁所,新北市三重區過田里新北大道一段11號,25.06124607,121.4881253
1058,板橋區,新北市政府4F東側-女廁,新北市板橋區福丘里中山路一段161號,25.012093,121.465589
1059,三重區,新北市三重區公所3F南邊-女廁,新北市三重區過田里新北大道一段11號,25.061081,121.488476
1060,板橋區,新北市政府6F東側-女廁,新北市板橋區福丘里中山路一段161號,25.012093,121.465589
1061,三重區,新北市三重區公所4F-男廁,新北市三重區過田里新北大道一段11號,25.0612655,121.4881682
1062,金山區,中油金山加油站-女廁,新北市金山區美田里中山路385號,25.22486871,121.6338336
1063,中和區,明德公園(公七)南側-女廁,新北市中和區清穗里民德路208號對面,24.99831,121.468065
1064,永和區,永和忠孝圖書閱覽室3F-男廁,新北市永和區頂溪里忠孝街26巷8號,25.016856,121.515312
1065,八里區,八里圖書館6F-女廁,新北市八里區舊城里舊城路19號,25.146581,121.399865
1066,樹林區,樹林區公所2F左側-男廁,新北市樹林區樹東里鎮前街93號,24.990042,121.424488
1067,樹林區,樹林區公所2F左側-女廁,新北市樹林區樹東里鎮前街93號,24.990042,121.424488
1068,樹林區,樹林區公所3F左側-性別友善廁所,新北市樹林區樹東里鎮前街93號,24.990042,121.424488
1069,鶯歌區,鶯歌區公所1F-男廁,新北市鶯歌區北鶯里仁愛路55號,24.956044,121.354224
1070,板橋區,新北市政府8F東側-女廁,新北市板橋區福丘里中山路一段161號,25.012093,121.465589
1071,三重區,新北市三重區公所6F-男廁,新北市三重區過田里新北大道一段11號,25.06128494,121.4881468
1072,三重區,新北市三重區公所7F-男廁,新北市三重區過田里新北大道一段11號,25.06128494,121.4881468
1073,三重區,新北市三重區戶政事務所5F-男廁,新北市三重區過田里北大道一段9號,25.06119747,121.4881468
1074,三重區,新北市三重區戶政事務所5F-女廁,新北市三重區過田里北大道一段9號,25.06124607,121.4881253
1075,板橋區,新北市政府14F東側-女廁,新北市板橋區福丘里中山路一段161號,25.012093,121.465589
1076,板橋區,新北市政府16F東側-男廁,新北市板橋區福丘里中山路一段161號,25.012093,121.465589
1077,八里區,新北市永續環境教育中心-無障礙廁所,新北市八里區大崁里觀海大道36號,25.160579,121.430311
1078,鶯歌區,中油山隆加油站-女廁,新北市鶯歌區鳳鳴里鶯歌路276號,24.971727,121.336483
1079,鶯歌區,鶯歌自來水公司-混合廁所,新北市鶯歌區南靖里環河路57號,24.944759,121.351439
1080,石碇區,淡蘭藝文館1F-混合廁所,新北市石碇區石碇里碇坪路1段87號,24.99073,121.660714
1081,石碇區,石碇服務區左邊1F-女廁,新北市石碇區豐林里文山路1段6號,25.00902,121.645538
1082,林口區,林口區公所4F-男廁,新北市林口區西林里仁愛路一段378號,25.076775,121.388454
1083,林口區,台亞林口中山加油站-男廁,新北市林口區湖南里文化三路二段300號,25.083749,121.377386
1084,三重區,光明市場1F-女廁,新北市三重區光明里重安街70號 ,25.057105,121.49129
1085,三重區,光興閱覽室1F-男廁,新北市三重區光輝里正義南路62號,25.059039,121.498709
1086,板橋區,新北市政府B3東側-女廁,新北市板橋區福丘里新北市政府B3東側-女廁,25.012093,121.465589
1087,板橋區,新北市政府B2東側-男廁,新北市板橋區福丘里中山路一段161號,25.012093,121.465589
1088,板橋區,新北市政府B2東側-女廁,新北市板橋區福丘里中山路一段161號,25.012093,121.465589
1089,三重區,新北市三重區公所1F南邊-女廁,新北市三重區過田里新北大道一段11號,25.06124607,121.4882541
1090,板橋區,新北市政府2F東側-男廁,新北市板橋區福丘里中山路一段161號,25.012093,121.465589
1091,三重區,新北市三重區公所2F南邊-無障礙廁所,新北市三重區過田里新北大道一段11號,25.06124607,121.4881253
1092,蘆洲區,中油蘆洲加油站-女廁,新北市蘆洲區保和里三民路99號,25.0852,121.473388
1093,蘆洲區,蘆洲公有市場-混合廁所,新北市蘆洲區得勝里成功路160號,25.083329,121.471765
1094,蘆洲區,全國蘆洲加油站-女廁,新北市蘆洲區得仁里中山一路417號,25.07649388,121.4687491
1095,蘆洲區,麥當勞蘆洲長安店2F-混合廁所,新北市蘆洲區長安里長安街127號,25.081363,121.46087
1096,三重區,三重護山宮-男廁,新北市三重區光田里三陽路11號,25.058869,121.486043
1097,三重區,中油國園加油站-混合廁所,新北市三重區中山里重新路3段49號,25.06144,121.492949
1098,板橋區,新北市政府B1東側-男廁,新北市板橋區福丘里中山路一段161號,25.012093,121.465589
1099,板橋區,新北市政府B1東側-女廁,新北市板橋區福丘里中山路一段161號,25.012093,121.465589
1100,板橋區,新北市政府17F東側-女廁,新北市板橋區福丘里中山路一段161號,25.012093,121.465589
1101,板橋區,435藝文特區右側-女廁,新北市板橋區中正里中正路435號,25.02339531,121.4541578
1102,板橋區,新北市政府23F東側-男廁,新北市板橋區福丘里中山路一段161號,25.012093,121.465589
1103,板橋區,新北市政府25F東側-女廁,新北市板橋區福丘里中山路一段161號,25.012093,121.465589
1104,板橋區,新北市政府26F東側-女廁,新北市板橋區福丘里中山路一段161號,25.012093,121.465589
1105,板橋區,新北市政府28F東側-女廁,新北市板橋區福丘里中山路一段161號,25.012093,121.465589
1106,板橋區,新北市政府29F東側-男廁,新北市板橋區福丘里中山路一段161號,25.012093,121.465589
1107,烏來區,烏來區衛生所2F-男廁,新北市烏來區忠治里新烏路5段109號,24.871966,121.547977
1108,板橋區,新北市政府B4西側-女廁,新北市板橋區福丘里中山路一段161號,25.012093,121.465589
1109,中和區,國立臺灣圖書館B3停車場-男廁,新北市中和區安樂里中安街85號,25.001407,121.512796
1110,中和區,國立臺灣圖書館B1文化走廊-男廁,新北市中和區安樂里中安街85號,25.001407,121.512796
1111,中和區,國立臺灣圖書館B1文化走廊-女廁,新北市中和區安樂里中安街85號,25.001618,121.512296
1112,板橋區,新北市政府1F西側-男廁,新北市板橋區福丘里中山路一段161號,25.012093,121.465589
1113,中和區,國立臺灣圖書館2F中央-男廁,新北市中和區安樂里中安街85號,25.001407,121.512796
1114,板橋區,新北市政府4F西側-女廁,新北市板橋區福丘里中山路一段161號,25.012093,121.465589
1115,板橋區,新北市政府7F東側-男廁,新北市板橋區福丘里中山路一段161號,25.012093,121.465589
1116,板橋區,新北市政府9F東側-男廁,新北市板橋區福丘里中山路一段161號,25.012093,121.465589
1117,三重區,新北市三重區公所7F-無障礙廁所,新北市三重區過田里新北大道一段11號,25.06122663,121.4881468
1118,板橋區,新北市政府10F東側-女廁,新北市板橋區福丘里中山路一段161號,25.012093,121.465589
1119,三重區,新北市三重地政事務所9F-男廁,新北市三重區過田里新北大道一段11號,25.06124607,121.4881682
1120,板橋區,新北市政府13F東側-男廁,新北市板橋區福丘里中山路一段161號,25.012093,121.465589
1121,三重區,新北市三重區公所10F南邊-無障礙廁所,新北市三重區過田里新北大道一段11號,25.06122663,121.4881897
1122,三重區,三重昭安宮2F-男廁,新北市三重區光明里集美街207巷21號,25.053728,121.489906
1123,三重區,菜寮閱覽室2F-男廁,新北市三重區菜寮里中寮街57巷18號,25.057839,121.492878
1124,三重區,菜寮閱覽室2F-女廁,新北市三重區菜寮里中寮街57巷18號,25.057839,121.492878
1125,鶯歌區,鶯歌公有零售市場B1-男廁,新北市鶯歌區中鶯里建國路108號,24.954298,121.353359
1126,鶯歌區,鶯歌公有零售市場1F-男廁,新北市鶯歌區中鶯里建國路108號,24.954298,121.353359
1127,三重區,新北市三重區公所1F南邊-無障礙廁所,新北市三重區過田里新北大道一段11號,25.06122663,121.4882326
1128,三重區,新北市三重區公所2F北邊-女廁,新北市三重區過田里新北大道一段11號,25.06124607,121.4881682
1129,三重區,新北市三重區公所5F-男廁,新北市三重區過田里新北大道一段11號,25.06130438,121.4881468
1130,板橋區,新北市政府1F東側-女廁,新北市板橋區福丘里中山路一段161號,25.012093,121.465589
1131,三重區,新北市三重區公所3F南邊-男廁,新北市三重區過田里新北大道一段11號,25.06128494,121.4881897
1132,三重區,新北市三重區公所3F北邊-女廁,新北市三重區過田里新北大道一段11號,25.06124607,121.4881468
1133,三重區,新北市三重區公所3F南邊-無障礙廁所,新北市三重區過田里新北大道一段11號,25.0612655,121.4881253
1134,板橋區,新北市政府6樓大禮堂-性別友善廁所,新北市板橋區福丘里中山路一段161號,25.012093,121.465589
1135,三重區,新北市三重區公所6F-女廁,新北市三重區過田里新北大道一段11號,25.06124607,121.4881468
1136,三重區,新北市三重地政事務所8F-女廁,新北市三重區過田里新北大道一段11號,25.06128494,121.4881253
1137,三重區,新北市三重地政事務所8F-無障礙廁所,新北市三重區過田里新北大道一段11號,25.06124607,121.4881897
1138,板橋區,新北市政府12F東側-男廁,新北市板橋區福丘里中山路一段161號,25.012093,121.465589
1139,三重區,新北市三重區衛生所2F-女廁,新北市三重區過田里新北大道一段1號,25.061082,121.488476
1140,板橋區,新北市政府18F東側-女廁,新北市板橋區福丘里中山路一段161號,25.012093,121.465589
1141,板橋區,新北市政府20F東側-男廁,新北市板橋區福丘里中山路一段161號,25.012093,121.465589
1142,板橋區,新北市政府21F東側-男廁,新北市板橋區福丘里中山路一段161號,25.012093,121.465589
1143,板橋區,新北市政府24F東側-女廁,新北市板橋區福丘里中山路一段161號,25.012093,121.465589
1144,蘆洲區,中油中山二路加油站-男廁,新北市蘆洲區得仁里中山二路309號,25.077286,121.468965
1145,蘆洲區,麥當勞蘆洲長安店2F-混合廁所,新北市蘆洲區長安里長安街127號,25.081363,121.46087
1146,五股區,中油五股加油站-男廁,新北市五股區五股里中興路4段21號,25.082445,121.438778
1147,三重區,光興閱覽室1F-女廁,新北市三重區光輝里正義南路62號,25.059039,121.498709
1148,鶯歌區,新北市立圖書館鶯歌分館5F-女廁,新北市鶯歌區西鶯里中山路150號,24.95740563,121.3496375
1149,坪林區,金瓜寮社區公廁-男廁,新北市坪林區粗窟里無,24.91864657,121.6813624
1150,三重區,新北市三重區公所1F南邊-男廁,新北市三重區過田里新北大道一段11號,25.06132382,121.4882326
1151,烏來區,新竹林區管理處烏來工作站1F-女廁,新北市烏來區烏來里溫泉街86巷20號,24.86034065,121.55072
1152,板橋區,新北市政府5F西側-女廁,新北市板橋區福丘里中山路一段161號,25.012093,121.465589
1153,中和區,國立臺灣圖書館3F中央-男廁,新北市中和區安樂里中安街85號,25.001407,121.512796
1154,烏來區,烏來綜合活動中心1F-男廁,新北市烏來區烏來里烏來街34號,24.863411,121.551532
1155,中和區,國立臺灣圖書館3F中央-女廁,新北市中和區安樂里中安街85號,25.001407,121.512796
1156,中和區,國立臺灣圖書館6F中央-男廁,新北市中和區安樂里中安街85號,25.001407,121.512796
1157,板橋區,新北市政府13F西側-男廁,新北市板橋區福丘里中山路一段161號,25.012093,121.465589
1158,中和區,中和區衛生所1F-女廁,新北市中和區漳和里南山路4巷3號,24.998697,121.501804
1159,泰山區,泰山區公所行政大樓2F-男廁,新北市泰山區同榮里明志路1段322號,25.059278,121.431418
1160,泰山區,泰山區公所行政大樓2F-女廁,新北市泰山區同榮里明志路1段322號,25.059278,121.431418
1161,泰山區,泰山區公所行政大樓4F-無障礙廁所,新北市泰山區同榮里明志路1段322號,25.059278,121.431418
1162,瑞芳區,瑞芳區戶政事務所5F-女廁,新北市瑞芳區龍興里中正路30號,25.10731,121.80733
1163,板橋區,新北市政府27F西側-男廁,新北市板橋區福丘里中山路一段161號,25.012093,121.465589
1164,板橋區,新北市政府2F東側-無障礙廁所,新北市板橋區福丘里中山路一段161號,25.012093,121.465589
1165,板橋區,新北市政府8F東側-親子廁所 ,新北市板橋區福丘里中山路一段161號,25.012093,121.465589
1166,三重區,新北市三重區公所11F北邊-男廁,新北市三重區過田里新北大道一段11號,25.06122663,121.4881468
1167,三重區,新北市三重區戶政事務所6F-女廁,新北市三重區過田里北大道一段9號,25.06124607,121.4881253
1168,板橋區,新北市政府14F東側-男廁,新北市板橋區福丘里中山路一段161號,25.012093,121.465589
1169,板橋區,新北市政府19F東側-男廁,新北市板橋區福丘里中山路一段161號,25.012093,121.465589
1170,板橋區,新北市政府B3東側-男廁,新北市板橋區福丘里中山路一段161號,25.012093,121.465589
1171,板橋區,新北市政府22F東側-男廁,新北市板橋區福丘里中山路一段161號,25.012093,121.465589
1172,板橋區,新北市政府22F東側-女廁,新北市板橋區福丘里中山路一段161號,25.012093,121.465589
1173,三重區,新北市三重地政事務所8F-男廁,新北市三重區過田里新北大道一段11號,25.0612655,121.4881897
1174,板橋區,新北市政府11F東側-男廁,新北市板橋區福丘里中山路一段161號,25.012093,121.465589
1175,三重區,新北市三重區公所11F南邊-女廁,新北市三重區過田里新北大道一段11號,25.06130438,121.4881682
1176,三重區,新北市三重區公所11F北邊-女廁,新北市三重區過田里新北大道一段11號,25.06130438,121.4881253
1177,三重區,新北市三重區公所11F北邊-無障礙廁所,新北市三重區過田里新北大道一段11號,25.06120719,121.4881682
1178,三重區,新北市三重區戶政事務所溪美辦事處2F-男廁,新北市三重區溪美里溪尾街73號,25.077625,121.490823
1179,三重區,新北市三重區衛生所2F-男廁,新北市三重區過田里新北大道一段1號,25.061082,121.488476
1180,板橋區,新北市政府27F東側-女廁,新北市板橋區福丘里中山路一段161號,25.012093,121.465589
1181,板橋區,新北市政府28F東側-男廁,新北市板橋區福丘里中山路一段161號,25.012093,121.465589
1182,中和區,中和環球購物中心2F南側-無障礙廁所,新北市中和區員山里中山路3段122號,25.006077,121.475689
1183,中和區,中和環球購物中心2F北側-無障礙廁所,新北市中和區員山里中山路3段122號,25.006077,121.475689
1184,中和區,中和環球購物中心4F環球影城南側-無障礙廁所,新北市中和區員山里中山路3段122號,25.006077,121.475689
1185,板橋區,新北市政府B3西側-女廁,新北市板橋區福丘里中山路一段161號,25.012093,121.465589
1186,板橋區,新北市政府B2西側-男廁,新北市板橋區福丘里中山路一段161號,25.012093,121.465589
1187,三重區,新北市三重區公所1F北邊-無障礙廁所,新北市三重區過田里新北大道一段11號,25.0601284,121.4896059
1188,板橋區,新北市政府5F東側-男廁,新北市板橋區福丘里中山路一段161號,25.012093,121.465589
1189,板橋區,新北市政府5F東側-女廁,新北市板橋區福丘里中山路一段161號,25.012093,121.465589
1190,三重區,新北市三重區公所4F-女廁,新北市三重區過田里新北大道一段11號,25.06124607,121.4881468
1191,三重區,新北市三重區公所5F-女廁,新北市三重區過田里新北大道一段11號,25.061081,121.488476
1192,三重區,新北市三重區公所5F-無障礙廁所,新北市三重區過田里新北大道一段11號,25.06122663,121.4881253
1193,三重區,新北市三重區公所7F-女廁,新北市三重區過田里新北大道一段11號,25.06130438,121.4881682
1194,板橋區,新北市政府26F東側-男廁,新北市板橋區福丘里中山路一段161號,25.012093,121.465589
1195,板橋區,新北市政府30F東側-女廁,新北市板橋區福丘里中山路一段161號,25.012093,121.465589
1196,中和區,中和環球購物中心5F南側-無障礙廁所,新北市中和區員山里中山路3段122號,25.006077,121.475689
1197,中和區,國立臺灣圖書館B3停車場-女廁,新北市中和區安樂里中安街85號,25.001407,121.512796
1198,板橋區,新北市政府B2西側-女廁,新北市板橋區福丘里中山路一段161號,25.012093,121.465589
1199,板橋區,新北市政府2F西側-女廁,新北市板橋區福丘里中山路一段161號,25.012093,121.465589
1200,烏來區,孝義里派出所-混合廁所,新北市烏來區孝義里阿玉路2號,24.85004,121.586294
1201,貢寮區,貢寮火車站-無障礙廁所,新北市貢寮區貢寮里朝陽街33號,25.022077,121.9086735
1202,雙溪區,雙溪區公所2F-男廁,新北市雙溪區共和里東榮街25號,25.033729,121.866161
1203,金山區,金農加油站-男廁,新北市金山區美田里環金路462號,25.22458077,121.6303253
1204,金山區,新北市政府警察局金山分局1F-男女廁,新北市金山區大同里民生路65號,25.220302,121.640587
1205,中和區,中和圓通禪寺西側-女廁,新北市中和區錦昌里圓通路367巷64號,24.9826,121.492977
1206,金山區,金山區公所2F-男廁,新北市金山區金美里中正路11號,25.22217048,121.6366661
1207,永和區,摩斯漢堡永和竹林店2F-女廁,新北市永和區竹林里竹林路199-1號,25.00919,121.520647
1208,金山區,金山區公所3F-女廁,新北市金山區金美里中正路11號,25.22218342,121.6366768
1209,中和區,國立臺灣圖書館B2停車場-女廁,新北市中和區安樂里中安街85號,25.001407,121.512796
1210,板橋區,新北市政府2F西側-男廁,新北市板橋區福丘里中山路一段161號,25.012093,121.465589
1211,板橋區,新北市政府3F西側-女廁,新北市板橋區福丘里中山路一段161號,25.012093,121.465589
1212,烏來區,新竹林區管理處烏來工作站2F-男廁,新北市烏來區烏來里溫泉街86巷20號,24.86035281,121.5507066
1213,中和區,國立臺灣圖書館2F-女廁,新北市中和區安樂里中安街85號,25.001407,121.512796
1214,烏來區,烏來綜合活動中心B1-女廁,新北市烏來區烏來里烏來街34號,24.86347638,121.5512444
1215,板橋區,新北市政府8F西側-男廁,新北市板橋區福丘里中山路一段161號,25.012093,121.465589
1216,烏來區,烏來綜合活動中心3F-男廁,新北市烏來區烏來里烏來街34號,24.863411,121.551532
1217,板橋區,新北市政府14F西側-男廁,新北市板橋區福丘里中山路一段161號,25.012093,121.465589
1218,板橋區,新北市政府16F西側-女廁,新北市板橋區福丘里中山路一段161號,25.012093,121.465589
1219,板橋區,新北市政府17F西側-男廁,新北市板橋區福丘里中山路一段161號,25.012093,121.465589
1220,板橋區,新北市政府19F西側-男廁,新北市板橋區福丘里中山路一段161號,25.012093,121.465589
1221,金山區,金山承天宮-女廁,新北市金山區磺港里磺港路161,25.22494635,121.6445625
1222,貢寮區,東北角風景區管理處停車場-無障礙廁所,新北市貢寮區福隆里無,25.016889,121.94385
1223,貢寮區,東北角風景區管理處-男廁,新北市貢寮區福隆里興隆街36號,25.017756,121.942732
1224,板橋區,新北市政府24F東側-男廁,新北市板橋區福丘里中山路一段161號,25.012093,121.465589
1225,板橋區,新北市政府25F東側-男廁,新北市板橋區福丘里中山路一段161號,25.012093,121.465589
1226,板橋區,新北市政府29F東側-女廁,新北市板橋區福丘里中山路一段161號,25.012093,121.465589
1227,板橋區,新北市政府30F東側-男廁,新北市板橋區福丘里中山路一段161號,25.012093,121.465589
1228,烏來區,忠治派出所2F-混合廁所,新北市烏來區忠治里新烏路4段25號,24.8842369,121.5493172
1229,板橋區,新北市政府B4西側-男廁,新北市板橋區福丘里中山路一段161號,25.012093,121.465589
1230,板橋區,新北市政府B3西側-男廁,新北市板橋區福丘里中山路一段161號,25.012093,121.465589
1231,萬里區,新北巿萬里區公所1F-男廁,新北市萬里區萬里里瑪鋉路123號,25.175934,121.687788
1232,烏來區,烏來區公所1F-男廁,新北市烏來區烏來里新烏路5段111號,24.876577,121.543231
1233,烏來區,烏來區公所1F-女廁,新北市烏來區烏來里新烏路5段111號,24.876577,121.543231
1234,烏來區,烏來區公所2F-男廁,新北市烏來區烏來里新烏路5段111號,24.876577,121.543231
1235,烏來區,新竹林區管理處烏來工作站1F-男廁,新北市烏來區烏來里溫泉街86巷20號,24.86032848,121.5507174
1236,烏來區,新竹林區管理處烏來工作站2F-女廁,新北市烏來區烏來里溫泉街86巷20號,24.8602725,121.5507174
1237,板橋區,新北市政府5F西側-男廁,新北市板橋區福丘里中山路一段161號,25.012093,121.465589
1238,板橋區,新北市政府11F東側-女廁,新北市板橋區福丘里中山路一段161號,25.012093,121.465589
1239,三重區,新北市三重地政事務所9F-女廁,新北市三重區過田里新北大道一段11號,25.06124607,121.4881682
1240,三重區,新北市三重區公所10F北邊-無障礙廁所,新北市三重區過田里新北大道一段11號,25.06128494,121.4881897
1241,三重區,新北市三重區公所11F南邊-男廁,新北市三重區過田里新北大道一段11號,25.06128494,121.4881468
1242,三重區,新北市三重區戶政事務所6F-男廁,新北市三重區過田里北大道一段9號,25.06120719,121.4881682
1243,板橋區,新北市政府19F東側-女廁,新北市板橋區福丘里中山路一段161號,25.012093,121.465589
1244,板橋區,新北市政府20F東側-女廁,新北市板橋區福丘里中山路一段161號,25.012093,121.465589
1245,金山區,金山區公所4F-男廁,新北市金山區金美里中正路11號,25.222219,121.6366875
1246,八里區,八里圖書館6F-男廁,新北市八里區舊城里舊城路19號,25.146581,121.399865
1247,樹林區,樹林區公所1F左側-男廁,新北市樹林區樹東里鎮前街93號,24.990042,121.424488
1248,鶯歌區,鶯歌區公所3F-男廁,新北市鶯歌區北鶯里仁愛路55號,24.956018,121.354232
1249,鶯歌區,中油車容坊三鶯交流道加油站-女廁,新北市鶯歌區南靖里三鶯路5號,24.941004,121.35645
1250,鶯歌區,中油車容坊鳳鳴加油站-女廁,新北市鶯歌區鳳鳴里鶯桃路412號,24.964019,121.333431
1251,鶯歌區,新北市鶯歌衛生所1F-男廁,新北市鶯歌區南靖里文化路389號,24.950353,121.352287
1252,三峽區,三峽衛生所東側4F-女廁,新北市三峽區介壽里光明路71號,24.928358,121.376076
1253,烏來區,褔山里派出所-混合廁所,新北市烏來區福山里李茂岸30號,24.777909,121.502405
1254,烏來區,烏來區公所3F-女廁,新北市烏來區烏來里新烏路5段111號,24.876577,121.543231
1255,中和區,國立臺灣圖書館2F中央-女廁,新北市中和區安樂里中安街85號,25.001407,121.512796
1256,中和區,國立臺灣圖書館2F-男廁,新北市中和區安樂里中安街85號,25.001407,121.512796
1257,中和區,國立臺灣圖書館4F中央-男廁,新北市中和區安樂里中安街85號,25.001407,121.512796
1258,板橋區,新北市政府8F西側-女廁,新北市板橋區福丘里中山路一段161號,25.012093,121.465589
1259,中和區,國立臺灣圖書館4F中央-女廁,新北市中和區安樂里中安街85號,25.001407,121.512796
1260,板橋區,新北市政府12F西側-男廁,新北市板橋區福丘里中山路一段161號,25.012093,121.465589
1261,板橋區,新北市政府7F西側-女廁,新北市板橋區福丘里中山路一段161號,25.012093,121.465589
1262,中和區,國立臺灣圖書館3F自修室-男廁,新北市中和區安樂里中安街85號,25.001407,121.512796
1263,板橋區,新北市政府10F西側-女廁,新北市板橋區福丘里中山路一段161號,25.012093,121.465589
1264,中和區,國立臺灣圖書館6F中央-女廁,新北市中和區安樂里中安街85號,25.001407,121.512796
1265,烏來區,烏來立體停車場-無障礙廁所,新北市烏來區烏來里烏來街47號,24.865205,121.551768
1266,烏來區,內洞森林遊樂區-女廁,新北市烏來區信賢里娃娃谷路46號,24.834422,121.526364
1267,板橋區,新北市政府15F西側-女廁,新北市板橋區福丘里中山路一段161號,25.012093,121.465589
1268,板橋區,新北市政府17F西側-女廁,新北市板橋區福丘里中山路一段161號,25.012093,121.465589
1269,三峽區,三峽衛生所東側4F-無障礙廁所,新北市三峽區介壽里光明路71號,24.928358,121.376073
1270,三峽區,三峽區戶政事務所東側5F-無障礙廁所,新北市三峽區介壽里光明路71號,24.928493,121.37589
1271,板橋區,三猿廣場-女廁,新北市板橋區華江里文化路1段360號地下一層之16,25.023628,121.4688
1272,板橋區,三猿廣場-無障礙廁所,新北市板橋區華江里文化路1段360號地下一層之16,25.023628,121.4688
1273,石碇區,石碇區衛生所1F-混合廁所,新北市石碇區潭邊里碇坪路一段82號,24.991311,121.657372
1274,石碇區,新北市新店戶政事務所石碇區所-混合廁所,新北市石碇區潭邊里碇坪路一段88號,24.9936528,121.6537356
1275,淡水區,新北市政府警察局淡水分局1F-男廁,新北市淡水區新生里中正路229號,25.172718,121.43668
1276,林口區,林口區公所3F-男廁,新北市林口區西林里仁愛路一段378號,25.07672953,121.3885979
1277,雙溪區,雙溪區公所2F-女廁,新北市雙溪區共和里東榮街25號,25.0336222,121.8657696
1278,金山區,金山許氏祖廟旁-男廁,新北市金山區金美里忠孝一路107號,25.22150319,121.6360813
1279,永和區,永和民權圖書館7F-男廁,新北市永和區民族里民權路60號,24.99771,121.51992
1280,永和區,永和民權圖書館7F-女廁,新北市永和區民族里民權路60號,24.99771,121.51992
1281,金山區,金山區公所1F-男廁,新北市金山區金美里中正路11號,25.22221173,121.6366473
1282,永和區,永和民權圖書館8F-女廁,新北市永和區民族里民權路60號,24.998017,121.519921
1283,金山區,金山區公所1F-女廁,新北市金山區金美里中正路11號,25.22222143,121.6366446
1284,八里區,八里圖書館5F-男廁,新北市八里區舊城里舊城路19號,25.146581,121.399865
1285,林口區,林口區公所7F-男廁,新北市林口區西林里仁愛路一段378號,25.076775,121.388454
1286,林口區,林口區公所7F-女廁,新北市林口區西林里仁愛路一段378號,25.076775,121.388454
1287,林口區,台亞林口中山加油站-女廁,新北市林口區湖南里文化三路二段300號,25.083749,121.377386
1288,泰山區,泰山區公所行政大樓4F-男廁,新北市泰山區同榮里明志路1段322號,25.059278,121.431418
1289,泰山區,泰山區公所行政大樓8F-女廁,新北市泰山區同榮里明志路1段322號,25.059278,121.431418
1290,蘆洲區,蘆洲區衛生所-男廁,新北市蘆洲區保和里中央路58號,25.083781,121.473292
1291,蘆洲區,蘆洲區衛生所-女廁,新北市蘆洲區保和里中央路58號,25.083781,121.473292
1292,烏來區,烏來區衛生所1F-男廁,新北市烏來區忠治里新烏路5段109號,24.871966,121.547977
1293,板橋區,新北市政府27F東側-男廁,新北市板橋區福丘里中山路一段161號,25.012093,121.465589
1294,中和區,中和環球購物中心B2-無障礙廁,新北市中和區員山里中山路3段122號,25.006077,121.475689
1295,烏來區,烏來區衛生所2F-女廁,新北市烏來區忠治里新烏路5段109號,24.871966,121.547977
1296,中和區,中和環球購物中心3F南側-無障礙廁所,新北市中和區員山里中山路3段122號,25.006077,121.475689
1297,中和區,中和環球購物中心4F環球影城北側-無障礙廁所,新北市中和區員山里中山路3段122號,25.006077,121.475689
1298,烏來區,烏來分駐所-混合廁所,新北市烏來區烏來里烏來街45號,24.864993,121.552203
1299,新店區,捷運新店總站南側-男廁,新北市新店區張南里北宜路1段2號,24.957814,121.537392
1300,鶯歌區,鶯歌區公所2F-男廁,新北市鶯歌區北鶯里仁愛路55號,24.956022,121.354232
1301,鶯歌區,中油車容坊三鶯交流道加油站-男廁,新北市鶯歌區南靖里三鶯路5號,24.941004,121.35645
1302,鶯歌區,中油山隆加油站-男廁,新北市鶯歌區鳳鳴里鶯歌路276號,24.971727,121.336483
1303,石門區,老梅分駐所1F-混合廁所,新北市石門區老梅里老梅路26號,25.288997,121.545782
1304,石門區,乾華分駐所1F-混合廁所,新北市石門區草里里阿里荖14-1號,25.279819,121.608738
1305,石碇區,石碇圖書館1F-無障礙廁所,新北市石碇區潭邊里碇坪路1段65號,24.991367,121.660328
1306,石碇區,石碇服務區左邊1F-男廁,新北市石碇區豐林里文山路1段6號,25.00902,121.645538
1307,板橋區,新北市政府18F西側-女廁,新北市板橋區福丘里中山路一段161號,25.012093,121.465589
1308,金山區,金山圖書館2F-女廁,新北市金山區五湖里龜子山8號,25.216555,121.637728
1309,中和區,明德公園(公七)南側-男廁,新北市中和區清穗里民德路208號對面,24.99831,121.468065
1310,中和區,中和圓通禪寺西側-男廁,新北市中和區錦昌里圓通路367巷64號,24.9826,121.492977
1311,永和區,永和忠孝圖書閱覽室3F-女廁,新北市永和區頂溪里忠孝街26巷8號,25.016856,121.515311
1312,金山區,金山區公所3F-男廁,新北市金山區金美里中正路11號,25.22223842,121.636591
1313,金山區,金山區公所4F-女廁,新北市金山區金美里中正路11號,25.22226753,121.6366339
1314,八里區,八里圖書館5F-女廁,新北市八里區舊城里舊城路19號,25.146581,121.399865
1315,樹林區,樹林地政事務所1F-女廁,新北市樹林區中山里地政街12號,24.971573,121.39466
1316,鶯歌區,鶯歌區公所2F-女廁,新北市鶯歌區北鶯里仁愛路55號,24.956046,121.354246
1317,鶯歌區,鶯歌區公所3F-女廁,新北市鶯歌區北鶯里仁愛路55號,24.956021,121.354242
1318,三峽區,三峽衛生所東側4F-男廁,新北市三峽區介壽里光明路71號,24.928358,121.376073
1319,三峽區,三峽區戶政事務所東廁5F-女廁,新北市三峽區介壽里光明路71號,24.928358,121.376073
1320,石碇區,石碇區綜合大樓1F-女廁,新北市石碇區豐林里楓子林32-1號,25.010032,121.642486
1321,林口區,林口派出所-混合廁所,新北市林口區林口里中正路102號,25.077325,121.393785
1322,林口區,林口區公所4F-女廁,新北市林口區西林里仁愛路一段378號,25.076775,121.388454
1323,石碇區,石碇服務區右邊1F-男廁,新北市石碇區豐林里文山路1段6號,25.00902,121.645538
1324,石碇區,石碇服務區右邊1F-女廁,新北市石碇區豐林里文山路1段6號,25.00902,121.645538
1325,林口區,下福派出所-混合廁所,新北市林口區下福里下福村99之1號,25.109354,121.316077
1326,林口區,林口區公所1F-男廁,新北市林口區西林里仁愛路一段378號,25.07673196,121.3886006
1327,林口區,林口區公所1F-女廁,新北市林口區西林里仁愛路一段378號,25.076775,121.388454
1328,林口區,林口區公所5F-男廁,新北市林口區西林里仁愛路一段378號,25.076775,121.388454
1329,林口區,家樂福林口店B1-男廁,新北市林口區湖南里文化二路一段559號,25.077488,121.374398
1330,板橋區,新北市政府B1西側-女廁,新北市板橋區福丘里中山路一段161號,25.012093,121.465589
1331,中和區,國立臺灣圖書館1F中央-男廁,新北市中和區安樂里中安街85號,25.001407,121.512796
1332,中和區,國立臺灣圖書館1F中央-女廁,新北市中和區安樂里中安街85號,25.001407,121.512796
1333,烏來區,新北市烏來區口腔醫療站2F-男廁,新北市烏來區烏來里環山路82巷98號,24.85004,121.586294
1334,烏來區,烏來區公所3F-男廁,新北市烏來區烏來里新烏路5段111號,24.876577,121.543231
1335,鶯歌區,統一超商鶯歌鶯育門市-混合廁所,新北市鶯歌區南鶯里南雅路34、36號,24.954048,121.348997
1336,烏來區,烏來綜合活動中心B1-男廁,新北市烏來區烏來里烏來街34號,24.863411,121.551532
1337,烏來區,烏來綜合活動中心1F-女廁,新北市烏來區烏來里烏來街34號,24.863411,121.551532
1338,林口區,家樂福林口店B1-女廁,新北市林口區湖南里文化二路一段559號,25.077488,121.374398
1339,林口區,家樂福林口店B1-無障礙廁所,新北市林口區湖南里文化二路一段559號,25.077488,121.374398
1340,泰山區,泰山區公所行政大樓5F-男廁,新北市泰山區同榮里明志路1段322號,25.059241,121.431419
1341,泰山區,泰山區公所行政大樓6F-無障礙廁所,新北市泰山區同榮里明志路1段322號,25.059241,121.431419
1342,泰山區,泰山區公所行政大樓7F-男廁,新北市泰山區同榮里明志路1段322號,25.059278,121.431418
1343,泰山區,泰山區公所行政大樓7F-女廁,新北市泰山區同榮里明志路1段322號,25.059278,121.431418
1344,泰山區,泰山區公所行政大樓3F-無障礙廁所,新北市泰山區同榮里明志路1段322號,25.059241,121.431419
1345,烏來區,烏來覽勝橋-無障礙廁所,新北市烏來區烏來里溫泉街80號對面,24.862102,121.550921
1346,板橋區,新北市政府12F西側-女廁,新北市板橋區福丘里中山路一段161號,25.012093,121.465589
1347,中和區,中和力行里福德宮-男廁,新北市中和區力行里圓通路162巷2號,24.995694,121.496877
1348,板橋區,新北市政府13F西側-女廁,新北市板橋區福丘里中山路一段161號,25.012093,121.465589
1349,板橋區,新北市政府15F西側-男廁,新北市板橋區福丘里中山路一段161號,25.012093,121.465589
1350,板橋區,新北市政府18F西側-男廁,新北市板橋區福丘里中山路一段161號,25.012093,121.465589
1351,金山區,金山公有零售市場-女廁,新北市金山區金美里中山路188號,25.221394,121.638087
1352,板橋區,新北市政府9F西側-男廁,新北市板橋區福丘里中山路一段161號,25.012093,121.465589
1353,中和區,國立臺灣圖書館5F中央-女廁,新北市中和區安樂里中安街85號,25.001407,121.512796
1354,板橋區,新北市政府11F西側-男廁,新北市板橋區福丘里中山路一段161號,25.012093,121.465589
1355,烏來區,烏來圖書館4F-男廁,新北市烏來區烏來里環山路82巷98號,24.8634557,121.5485823
1356,中和區,中和區戶政事務所4F-男廁,新北市中和區外南里南山路236號,24.989636,121.506431
1357,中和區,中和區戶政事務所4F-女廁,新北市中和區外南里南山路236號,24.989636,121.506431
1358,金山區,金山慈護宮旁-男廁,新北市金山區大同里金包里11巷,25.220661,121.640366
1359,金山區,豐漁里公共浴室旁男廁,新北市金山區豐漁里民生路190號對面,25.22219636,121.6471052
1360,金山區,跳石海濱公園-男廁,新北市金山區萬壽里淡金公路及香?園交叉路口,25.24788697,121.6342655
1361,金山區,跳石海濱公園-女廁,新北市金山區萬壽里淡金公路及香?園交叉路口,25.24790556,121.6342226
1362,貢寮區,福隆火車站-無障礙廁所,新北市貢寮區福隆里福隆街2號,25.015841,121.944669
1363,雙溪區,雙溪區公所1F-男廁,新北市雙溪區共和里東榮街25號,25.03370725,121.8657723
1364,雙溪區,雙溪區公所1F-女廁,新北市雙溪區共和里東榮街25號,25.033729,121.866161
1365,金山區,金山圖書館1F-女廁,新北市金山區五湖里龜子山8號,25.216555,121.637728
1366,中和區,中和區圖書館7F-女廁,新北市中和區外南里南山路236號,24.989651,121.506428
1367,永和區,摩斯漢堡永和竹林店2F-男廁,新北市永和區竹林里竹林路199-1號,25.00919,121.520647
1368,金山區,金山區公所2F-女廁,新北市金山區金美里中正路11號,25.22217048,121.6366446
1369,新店區,捷運新店總站南側-女廁,新北市新店區張南里北宜路1段2號,24.957814,121.537392
1370,樹林區,樹林地政事務所1F-男廁,新北市樹林區中山里地政街12號,24.971573,121.39466
1371,鶯歌區,新北市鶯歌衛生所1F-女廁,新北市鶯歌區南靖里文化路389號,24.950353,121.352287
1372,石門區,石門分駐所1F-混合廁所,新北市石門區尖鹿里中山路64號,25.290864,121.567373
1373,雙溪區,清水坑公廁-女廁,新北市雙溪區外柑里三叉坑,24.998473,121.821584
1374,林口區,林口區公所2F-男廁,新北市林口區西林里仁愛路一段378號,25.076775,121.388454
1375,林口區,林口區公所2F-女廁,新北市林口區西林里仁愛路一段378號,25.076775,121.388454
1376,林口區,林口區公所3F-女廁,新北市林口區西林里仁愛路一段378號,25.076775,121.388454
1377,林口區,林口區公所6F-女廁,新北市林口區西林里仁愛路一段378號,25.076775,121.388454
1378,林口區,山隆通運林口加油站-女廁,新北市林口區中湖里文化二路二段553號,25.090537,121.383332
1379,泰山區,泰山區公所行政大樓1F-男廁,新北市泰山區同榮里明志路1段322號,25.059278,121.431418
1380,泰山區,泰山區公所行政大樓4F-女廁,新北市泰山區同榮里明志路1段322號,25.059241,121.431419
1381,泰山區,泰山區公所行政大樓8F-男廁,新北市泰山區同榮里明志路1段322號,25.059278,121.431418
1382,金山區,金山慈護宮旁-女廁,新北市金山區大同里金包里11巷,25.220661,121.640366
1383,金山區,豐漁里公共浴室旁女廁,新北市金山區豐漁里民生路190號對面,25.2220993,121.647191
1384,金山區,金山圖書館1F-男廁,新北市金山區五湖里龜子山8號,25.216555,121.637728
1385,金山區,金山圖書館2F-男廁,新北市金山區五湖里龜子山8號,25.216555,121.637728
1386,金山區,金山許氏祖廟旁-女廁,新北市金山區金美里忠孝一路107號,25.22148863,121.6360679
1387,金山區,金農加油站-女廁,新北市金山區美田里環金路462號,25.224743,121.630311
1388,中和區,中和區圖書館7F-男廁,新北市中和區外南里南山路236號,24.989651,121.506428
1389,永和區,永和民權圖書館8F-男廁,新北市永和區民族里民權路60號,24.998017,121.519921
1390,永和區,比漾廣場5F-女廁,新北市永和區保安里中山路1段238號,25.007837,121.507646
1391,樹林區,樹林區公所1F左側-女廁,新北市樹林區樹東里鎮前街93號,24.990042,121.424488
1392,樹林區,樹林區公所3F左側-女廁,新北市樹林區樹東里鎮前街93號,24.990042,121.424488
1393,鶯歌區,鶯歌區公所-1F女廁,新北市鶯歌區北鶯里仁愛路55號,24.956067,121.354122
1394,鶯歌區,中油車容坊鳳鳴加油站-男廁,新北市鶯歌區鳳鳴里鶯桃路412號,24.964019,121.333431
1395,板橋區,三猿廣場-男廁,新北市板橋區華江里文化路1段360號地下一層之16,25.023628,121.4688
1396,石碇區,石碇區公所1F-混合廁所,新北市石碇區潭邊里碇坪路一段37號,24.991503,121.65764
1397,石碇區,泰和加油站-混合廁所,新北市石碇區豐林里文山路1段8號,25.00876317,121.6443479
1398,瑞芳區,瑞芳區公所2F-女廁,新北市瑞芳區龍鎮里逢甲路82號,25.10877,121.80989
1399,瑞芳區,瑞芳地政事務所2F-女廁,新北市瑞芳區龍興里明燈路三32號,25.10791,121.80797
1400,板橋區,新北市政府19F西側-女廁,新北市板橋區福丘里中山路一段161號,25.012093,121.465589
1401,板橋區,435藝文特區左側-女廁,新北市板橋區中正里中正路435號,25.02339531,121.4541471
1402,板橋區,新北市政府25F西側-男廁,新北市板橋區福丘里中山路一段161號,25.012093,121.465589
1403,板橋區,新北市政府25F西側-女廁,新北市板橋區福丘里中山路一段161號,25.012093,121.465589
1404,板橋區,新北市政府28F西側-男廁,新北市板橋區福丘里中山路一段161號,25.012093,121.465589
1405,板橋區,新北市政府B1東側-無障礙廁所,新北市板橋區福丘里中山路一段161號,25.012093,121.465589
1406,板橋區,新北市政府7F東側-無障礙廁所,新北市板橋區福丘里中山路一段161號,25.012093,121.465589
1407,板橋區,新北市政府12F東側-無障礙廁所,新北市板橋區福丘里中山路一段161號,25.012093,121.465589
1408,板橋區,新北市政府13F東側-無障礙廁所,新北市板橋區福丘里中山路一段161號,25.012093,121.465589
1409,板橋區,新北市政府22F東側-無障礙廁所,新北市板橋區福丘里中山路一段161號,25.012093,121.465589
1410,板橋區,新北市政府23F東側-無障礙廁所,新北市板橋區福丘里中山路一段161號,25.012093,121.465589
1411,板橋區,新北市政府25F東側-無障礙廁所,新北市板橋區福丘里中山路一段161號,25.012093,121.465589
1412,林口區,林口文化派出所-混合廁所,新北市林口區東勢里麗園一街5號,25.072128,121.376361
1413,林口區,仁愛市民活動中心2F-無障礙廁所,新北市林口區仁愛里文化一路1段137號,25.071906,121.373834
1414,淡水區,淡水區衛生所1F-性別友善廁所,新北市淡水區協元里中山路158號,25.172868,121.440725
1415,林口區,林口區公所6F-男廁,新北市林口區西林里仁愛路一段378號,25.076775,121.388454
1416,林口區,山隆通運林口加油站-男廁,新北市林口區中湖里文化二路二段553號,25.090537,121.383332
1417,泰山區,泰山區公所行政大樓2F-無障礙廁所,新北市泰山區同榮里明志路1段322號,25.059278,121.431418
1418,泰山區,泰山區公所行政大樓3F-男廁,新北市泰山區同榮里明志路1段322號,25.059278,121.431418
1419,瑞芳區,瑞芳區公所1F-性別友善廁所,新北市瑞芳區龍鎮里逢甲路82號,25.10877,121.80989
1420,瑞芳區,瑞芳區公所1F-無障礙廁所,新北市瑞芳區龍鎮里逢甲路82號,25.10877,121.80989
1421,瑞芳區,新北市政府稅捐稽徵處瑞芳分處2F-男廁,新北市瑞芳區龍興里明燈路三段42號,25.10795,121.80751
1422,瑞芳區,自來水公司瑞芳營運所-男廁,新北市瑞芳區新峰里三爪子坑路13巷5號,25.10726,121.81409
1423,瑞芳區,自來水公司瑞芳營運所-女廁,新北市瑞芳區新峰里三爪子坑路13巷5號,25.10726,121.81409
1424,板橋區,新北市政府20F西側-男廁,新北市板橋區福丘里中山路一段161號,25.012093,121.465589
1425,板橋區,新北市政府20F西側-女廁,新北市板橋區福丘里中山路一段161號,25.012093,121.465589
1426,板橋區,新北市政府23F西側-女廁,新北市板橋區福丘里中山路一段161號,25.012093,121.465589
1427,板橋區,新北市政府4F東側-無障礙廁所,新北市板橋區福丘里中山路一段161號,25.012093,121.465589
1428,板橋區,新北市政府9F東側-無障礙廁所,新北市板橋區福丘里中山路一段161號,25.012093,121.465589
1429,板橋區,新北市政府26F東側-無障礙廁所,新北市板橋區福丘里中山路一段161號,25.012093,121.465589
1430,板橋區,新北市政府27F東側-無障礙廁所,新北市板橋區福丘里中山路一段161號,25.012093,121.465589
1431,板橋區,新北市政府29F東側-無障礙廁所,新北市板橋區福丘里中山路一段161號,25.012093,121.465589
1432,板橋區,板橋區公所1F-女廁,新北市板橋區挹秀里府中路30號,25.00964,121.459118
1433,林口區,林口區公所5F-女廁,新北市林口區西林里仁愛路一段378號,25.076775,121.388454
1434,泰山區,泰山區公所行政大樓1F-女廁,新北市泰山區同榮里明志路1段322號,25.059278,121.431418
1435,泰山區,泰山區公所行政大樓1F-無障礙廁所,新北市泰山區同榮里明志路1段322號,25.059278,121.431418
1436,泰山區,泰山區公所行政大樓5F-女廁,新北市泰山區同榮里明志路1段322號,25.059278,121.431418
1437,泰山區,泰山區公所行政大樓6F-女廁,新北市泰山區同榮里明志路1段322號,25.059241,121.431419
1438,瑞芳區,瑞芳區公所2F-男廁,新北市瑞芳區龍鎮里逢甲路82號,25.10877,121.80989
1439,瑞芳區,瑞芳區戶政事務所5F-男廁,新北市瑞芳區龍興里中正路30號,25.10731,121.80733
1440,瑞芳區,新北市政府稅捐稽徵處瑞芳分處2F-女廁,新北市瑞芳區龍興里明燈路三段42號,25.10795,121.80751
1441,板橋區,新北市政府21F西側-男廁,新北市板橋區福丘里中山路一段161號,25.012093,121.465589
1442,板橋區,新北市政府21F西側-女廁,新北市板橋區福丘里中山路一段161號,25.012093,121.465589
1443,板橋區,新北市政府23F西側-男廁,新北市板橋區福丘里中山路一段161號,25.012153,121.465654
1444,板橋區,新北市政府24F西側-男廁,新北市板橋區福丘里中山路一段161號,25.012093,121.465589
1445,板橋區,新北市政府26F西側-男廁,新北市板橋區福丘里中山路一段161號,25.012093,121.465589
1446,板橋區,新北市政府26F西側-女廁,新北市板橋區福丘里中山路一段161號,25.012093,121.465589
1447,板橋區,新北市政府29F西側-男廁,新北市板橋區福丘里中山路一段161號,25.012093,121.465589
1448,板橋區,新北市政府29F西側-女廁,新北市板橋區福丘里中山路一段161號,25.012093,121.465589
1449,板橋區,新北市政府3F東側-親子廁所,新北市板橋區福丘里中山路一段161號,25.012093,121.465589
1450,板橋區,新北市政府10F東側-無障礙廁所,新北市板橋區福丘里中山路一段161號,25.012093,121.465589
1451,板橋區,新北市政府17F東側-無障礙廁所,新北市板橋區福丘里中山路一段161號,25.012093,121.465589
1452,板橋區,新北市政府19F東側-無障礙廁所,新北市板橋區福丘里中山路一段161號,25.012093,121.465589
1453,板橋區,新北市政府20F東側-無障礙廁所,新北市板橋區福丘里中山路一段161號,25.012093,121.465589
1454,泰山區,泰山戶政事務所4F南側-性別友善,新北市泰山區全興里全興路212號,25.05627,121.433837
1455,淡水區,新北市政府警察局淡水分局1F-女廁,新北市淡水區新生里中正路229號,25.172718,121.43668
1456,土城區,捷運永寧站1號出口B2-女廁,新北市土城區大安里中央路3段105號,24.967205,121.436841
1457,瑞芳區,瑞芳衛生所-男廁,新北市瑞芳區龍興里明燈路三段1號,25.10739,121.80895
1458,瑞芳區,新北市政府警察局瑞芳分局1F-男廁,新北市瑞芳區龍興里明燈路三段25號,25.10763,121.80776
1459,板橋區,新北市政府22F西側-男廁,新北市板橋區福丘里中山路一段161號,25.012093,121.465589
1460,板橋區,新北市政府22F西側-女廁,新北市板橋區福丘里中山路一段161號,25.012093,121.465589
1461,泰山區,泰山區公所行政大樓3F-女廁,新北市泰山區同榮里明志路1段322號,25.059241,121.431419
1462,泰山區,泰山區公所行政大樓5F-無障礙廁所,新北市泰山區同榮里明志路1段322號,25.059278,121.431418
1463,泰山區,泰山區公所行政大樓6F-男廁,新北市泰山區同榮里明志路1段322號,25.059278,121.431418
1464,泰山區,泰山戶政事務所4F南側-男廁,新北市泰山區全興里全興路212號,25.056131,121.433653
1465,土城區,捷運土城站B1-女廁,新北市土城區埤塘里金城路一段105號,24.972532,121.442873
1466,瑞芳區,瑞芳衛生所-女廁,新北市瑞芳區龍興里明燈路三段1號,25.10739,121.80895
1467,瑞芳區,瑞芳地政事務所2F-男廁,新北市瑞芳區龍興里明燈路三32號,25.10791,121.80797
1468,瑞芳區,新北市政府警察局瑞芳分局1F-女廁,新北市瑞芳區龍興里明燈路三段25號,25.10763,121.80776
1469,板橋區,新北市政府24F西側-女廁,新北市板橋區福丘里中山路一段161號,25.012093,121.465589
1470,板橋區,新北市政府27F西側-女廁,新北市板橋區福丘里中山路一段161號,25.012093,121.465589
1471,板橋區,新北市政府1F西側-無障礙廁所,新北市板橋區福丘里中山路一段161號,25.012093,121.465589
1472,板橋區,新北市政府1F東側-無障礙廁所,新北市板橋區福丘里中山路一段161號,25.012093,121.465589
1473,板橋區,新北市政府5F東側-無障礙廁所,新北市板橋區福丘里中山路一段161號,25.012093,121.465589
1474,板橋區,新北市政府14F東側-無障礙廁所,新北市板橋區福丘里中山路一段161號,25.012093,121.465589
1475,板橋區,新北市政府11F東側-無障礙廁所,新北市板橋區福丘里中山路一段161號,25.012093,121.465589
1476,板橋區,新北市政府21F東側-無障礙廁所,新北市板橋區福丘里中山路一段161號,25.012093,121.465589
1477,板橋區,板橋區公所2F-男廁,新北市板橋區挹秀里府中路30號,25.00964,121.459118
1478,新店區,北新公有停車場B1A區-男廁,新北市新店區五峰里北新路1段92號,24.968144,121.542372
1479,新店區,家樂福新店店3F-親子廁所,新北市新店區寶興里中興路3段1號,24.9761773,121.5456963
1480,新店區,文化劇場後棟2F-男廁,新北市新店區五峰里北新路1段92號,24.968144,121.542372
1481,新店區,三民活動中心-男廁,新北市新店區中正里三民路20-2號,24.970948,121.537331
1482,新店區,三民活動中心-女廁,新北市新店區中正里三民路20-2號,24.970948,121.537331
1483,林口區,家樂福林口店B2-無障礙廁所,新北市林口區湖南里文化二路一段559號,25.07730043,121.3748127
1484,板橋區,板橋第一運動場西區-男廁,新北市板橋區深丘里漢生東路278號,25.01098484,121.4679015
1485,新店區,安康公有市場-女廁,新北市新店區公崙里安康路2段120號,24.962717,121.512842
1486,三重區,永盛閱覽室2F-無障礙廁所,新北市三重區永盛里車路頭街133號,25.075731,121.484838
1487,板橋區,國光公園-女廁,新北市板橋區香社里中正路375巷48號,25.020347,121.453538
1488,板橋區,石雕公園-女廁,新北市板橋區江翠里吳鳳路50巷,25.03027814,121.4699292
1489,板橋區,信義公園活動中心-女廁,新北市板橋區信義里信義路150巷43之1號,24.9917031,121.4575052
1490,板橋區,新北市政府30F東側-無障礙廁所,新北市板橋區福丘里中山路一段161號,25.012093,121.465589
1491,板橋區,市民廣場西側-親子廁所,新北市板橋區福丘里中山路一段161號,25.012477,121.464865
1492,板橋區,板橋區公所4F-男廁,新北市板橋區挹秀里府中路30號,25.009803,121.459007
1493,板橋區,板橋區公所4F-女廁,新北市板橋區挹秀里府中路30號,25.009803,121.459007
1494,汐止區,汐止區衛生所1F-女廁,新北市汐止區秀山里新台五路一段266號,25.063853,121.658992
1495,新店區,北新公有停車場B2D區-女廁,新北市新店區五峰里北新路一段92號,24.968144,121.542372
1496,新店區,家樂福新店店2F-親子廁所,新北市新店區寶興里中興路3段1號,24.9761773,121.5457392
1497,新店區,碧潭西岸2-無障礙廁所,新北市新店區頂城里碧潭西岸停車場,24.955919,121.535026
1498,新店區,文化劇場後棟3F-女廁,新北市新店區五峰里北新路1段92號,24.968144,121.542372
1499,新店區,新店寶興閱覽室3F-男廁,新北市新店區寶興里寶中路65巷59號,24.98030085,121.5449238
1500,新店區,新店寶興閱覽室3F-女廁,新北市新店區寶興里寶中路65巷59號,24.98049535,121.544838
1501,新店區,新店寶興閱覽室3F-無障礙廁所,新北市新店區寶興里寶中路65巷59號,24.98045645,121.5447521
1502,新店區,新店中正閱覽室-男廁,新北市新店區中正里中正路275巷17之1號,24.973499,121.537238
1503,新店區,新店龜山圖書閱覽室2F-男廁,新北市新店區龜山里新烏路3段136號,24.90165733,121.5507603
1504,新店區,捷運小碧潭站南側4F-親子廁所,新北市新店區福民里中央路151號,24.97309,121.529918
1505,新店區,捷運小碧潭站北側4F-男廁,新北市新店區福民里中央路151號,24.97309,121.529918
1506,新店區,捷運小碧潭站北側4F-女廁,新北市新店區福民里中央路151號,24.97309,121.529918
1507,八里區,新北市永續環境教育中心-男廁,新北市八里區大崁里觀海大道36號,25.16089096,121.4308012
1508,八里區,新北市永續環境教育中心-女廁,新北市八里區大崁里觀海大道36號,25.16078414,121.4309621
1509,深坑區,台亞石油深坑加油站-女廁,新北市深坑區阿柔里文山路三段110號,24.99886405,121.6086831
1510,三重區,聯邦閱覽室2F-男廁,新北市三重區田心里中華路125號,25.063851,121.484455
1511,汐止區,金龍公有零售市場(近民族六街23巷)1F-男廁,新北市汐止區北峰里中興路250號,25.068783,121.629002
1512,汐止區,汐止行政中心8F左側-男廁,新北市汐止區秀峰里新台五路一段268號,25.063853,121.658992
1513,板橋區,農村公園-女廁,新北市板橋區江翠里吳鳳路50巷46號,25.03036077,121.4705783
1514,板橋區,仁愛公園-女廁,新北市板橋區重慶里國慶路149巷21弄16號 ,24.9971583,121.460225
1515,板橋區,華德公園-女廁,新北市板橋區華德里四川路二段245巷125號,24.99249562,121.4532888
1516,板橋區,浮洲運動公園-無障礙廁所,新北市板橋區浮洲里僑中一街124巷20弄,25.012505,121.447973
1517,新莊區,宜家家居百貨新莊店B1-男廁,新北市新莊區文明里中正路1號,25.041909,121.465554
1518,新莊區,新莊區公所9F-女廁,新北市新莊區興漢里中正路176號,25.035834,121.450558
1519,板橋區,浮洲運動公園-女廁,新北市板橋區浮洲里僑中一街124巷20弄,25.012505,121.447973
1520,板橋區,中山公園-女廁,新北市板橋區華江里莊敬路179號,25.0229,121.4716
1521,泰山區,中油車容坊元泰加油站-女廁,新北市泰山區楓樹里新五路一段135號,25.063689,121.439599
1522,新莊區,新莊區公所7F-女廁,新北市新莊區興漢里中正路176號,25.035834,121.450558
1523,永和區,比漾廣場B1-女廁,新北市永和區保安里中山路1段238號,25.007837,121.507646
1524,林口區,中油車容坊文化二路加油站-女廁,新北市林口區南勢里文化二路一段413號,25.074421,121.371095
1525,淡水區,捷運紅樹林站-男廁,新北市淡水區八勢里中正東路2段68號,25.15418057,121.4590073
1526,板橋區,新北市政府28F東側-無障礙廁所,新北市板橋區福丘里中山路一段161號,25.012093,121.465589
1527,板橋區,板橋區公所3F-男廁,新北市板橋區挹秀里府中路30號,25.00864649,121.4593184
1528,新店區,北新藝術廣場-女廁,新北市新店區新德里北新路1段351號旁,24.969467,121.541866
1529,新店區,北新公有停車場B2C區-女廁,新北市新店區五峰里北新路1段92號,24.968144,121.542372
1530,新店區,中央公有市場西側1F-男廁,新北市新店區中央里中央五街60號,24.97537494,121.5276584
1531,新店區,中央公有市場西側1F-女廁,新北市新店區中央里中央五街60號,24.97536278,121.5276638
1532,新店區,碧潭西岸1-無障礙廁所,新北市新店區太平里碧潭西岸吊橋下,24.95641347,121.5348387
1533,新店區,文化劇場後棟2F-女廁,新北市新店區五峰里北新路1段92號,24.968144,121.542372
1534,板橋區,板橋區公所2F-女廁,新北市板橋區挹秀里府中路30號,25.00964,121.459118
1535,新店區,家樂福新店店3F-女廁,新北市新店區寶興里中興路3段1號,24.975878,121.546235
1536,新店區,北新藝術廣場-男廁,新北市新店區新德里北新路1段351號旁,24.969467,121.541866
1537,新店區,家樂福新店店1F-無障礙廁所,新北市新店區寶興里中興路3段1號,24.97586608,121.5459538
1538,新店區,社福館2F-男廁,新北市新店區大豐里民族路110號,24.976146,121.53548
1539,新店區,碧潭東岸(吊橋下旁)-無障礙廁所,新北市新店區新店里碧潭東岸吊橋下旁,24.95637456,121.5369415
1540,新店區,碧潭東岸(渡船頭旁)-無障礙廁所,新北市新店區新店里碧潭東岸渡船頭旁,24.95629675,121.5368986
1541,新店區,文化劇場後棟1F-女廁,新北市新店區五峰里北新路1段92號,24.968144,121.542372
1542,新店區,文化劇場後棟3樓-男廁,新北市新店區五峰里北新路一段92號,24.968144,121.542372
1543,新店區,新店柴埕圖書閱覽室3F-男廁,新北市新店區柴埕里安民街79號,24.96716142,121.5164602
1544,新店區,新店柴埕圖書閱覽室3F-無障礙廁所,新北市新店區柴埕里安民街79號,24.96731704,121.5164173
1545,新店區,捷運小碧潭站南側4F-男廁,新北市新店區福民里中央路151號,24.97309,121.529918
1546,新店區,捷運小碧潭站南側4F-女廁,新北市新店區福民里中央路151號,24.97309,121.529918
1547,林口區,家樂福林口店B2-女廁,新北市林口區湖南里文化二路一段559號,25.07730043,121.3748127
1548,三重區,捷運台北橋站B1右側-男廁,新北市三重區福星里重新路1段108號,25.063048,121.500932
1549,三重區,捷運台北橋站B1右側-女廁,新北市三重區福星里重新路1段108號,25.063165,121.500851
1550,平溪區,南山社區-混合廁所,新北市平溪區南山里無,25.03951,121.77572
1551,平溪區,東勢芊蓁林福德宮-混合廁所,新北市平溪區東勢里無,25.02017,121.75222
1552,新店區,安康公有市場-男廁,新北市新店區公崙里安康路2段120號,24.962717,121.512842
1553,新店區,安康公有市場-無障礙廁所,新北市新店區公崙里安康路2段120號,24.962717,121.512842
1554,板橋區,和平公園-女廁,新北市板橋區廣德里重慶路355號,24.99735278,121.4644307
1555,板橋區,廣福公園-女廁,新北市板橋區廣福里廣權路60號,24.9914454,121.4612228
1556,板橋區,華中公園-女廁,新北市板橋區華中里僑中一街124巷底,25.012509,121.445853
1557,新店區,新店柴埕圖書閱覽室3F-女廁,新北市新店區柴埕里安民街79號,24.96726841,121.5164495
1558,新店區,新店中正閱覽室-女廁,新北市新店區中正里中正路275巷17之1號,24.973499,121.537238
1559,新店區,新店龜山圖書閱覽室2F-女廁,新北市新店區龜山里新烏路3段136號,24.90192981,121.5506315
1560,新店區,捷運小碧潭站北側4F-親子廁所,新北市新店區福民里中央路151號,24.97309,121.529918
1561,林口區,家樂福林口店B2-男廁,新北市林口區湖南里文化二路一段559號,25.07730043,121.3748127
1562,淡水區,竹圍里土地公廟-男廁,新北市淡水區竹圍里民族路17巷2號,25.136953,121.463531
1563,深坑區,深坑衛生所公廁-女廁,新北市深坑區深坑里深坑街165號,25.00096221,121.612443
1564,板橋區,板橋第一運動場西區-女廁,新北市板橋區深丘里漢生東路278號,25.01098484,121.4679015
1565,三重區,永盛閱覽室2F-男廁,新北市三重區永盛里車路頭街133號,25.076315,121.484637
1566,三重區,培德市民活動中心B1-女廁,新北市三重區培德里忠孝路二段35號,25.071195,121.486216
1567,土城區,土城區衛生所1F-無障礙廁所,新北市土城區埤塘里和平路26號,24.972858,121.443189
1568,板橋區,玫瑰公園(近中正路372巷)-女廁,新北市板橋區德翠里中正路372巷,25.0266229,121.4549142
1569,板橋區,和平公園-無障礙廁所,新北市板橋區廣德里重慶路355號,24.99735278,121.4644307
1570,板橋區,南雅公園活動中心-女廁,新北市板橋區華興里南雅雅南路2段1-1號,25.003405,121.454672
1571,板橋區,溪洲活動中心-女廁,新北市板橋區溪洲里溪崑二街113號,24.98744865,121.426456
1572,板橋區,新北市政府28F西側-女廁,新北市板橋區福丘里中山路一段161號,25.012093,121.465589
1573,板橋區,新北市政府6F東側-無障礙廁所,新北市板橋區福丘里中山路一段161號,25.012093,121.465589
1574,板橋區,新北市政府24F東側-無障礙廁所,新北市板橋區福丘里中山路一段161號,25.012093,121.465589
1575,板橋區,板橋區公所1F-性別友善廁所,新北市板橋區挹秀里府中路30號,25.00964,121.459118
1576,板橋區,板橋區公所3F-女廁,新北市板橋區挹秀里府中路30號,25.009803,121.459007
1577,新店區,家樂福新店店2F-女廁,新北市新店區寶興里中興路3段1號,24.975878,121.546235
1578,新店區,北新公有停車場B2C區-男廁,新北市新店區五峰里北新路1段92號,24.968144,121.542372
1579,新店區,北新公有停車場B2D區-男廁,新北市新店區五峰里北新路一段92號,24.968144,121.542372
1580,新店區,大豐公有停車場B2-男廁,新北市新店區明德里民族路109號,24.97710122,121.5384007
1581,新店區,大豐公有停車場B2-女廁,新北市新店區明德里民族路109號,24.97709149,121.5384167
1582,新店區,社福館3F-男廁,新北市新店區大豐里民族路110號,24.97749996,121.5381861
1583,新店區,寶興活動中心-無障礙廁所,新北市新店區寶興里寶中路65巷59號,24.98041755,121.544795
1584,新店區,龜山活動中心2F-女廁,新北市新店區龜山里新烏路3段136號,24.90169626,121.5505457
1585,深坑區,台灣中油明志加油站-女廁,新北市深坑區萬順里北深路三段25巷14號,25.000308,121.608608
1586,深坑區,正洋加油站-無障礙廁所,新北市深坑區阿柔里文山路三段15號,24.997925,121.61286
1587,板橋區,板橋浮洲圖書館2F-女廁,新北市板橋區大安里大觀路二段163號,25.00031365,121.4450598
1588,新莊區,新莊區公所9F-男廁,新北市新莊區興漢里中正路176號,25.035834,121.450558
1589,新莊區,新莊區公所8F-男廁,新北市新莊區興漢里中正路176號,25.035834,121.450558
1590,新莊區,新莊區公所7F-男廁,新北市新莊區興漢里中正路176號,25.035834,121.450558
1591,新莊區,新莊區公所2F-男廁,新北市新莊區興漢里中正路176號,25.035834,121.450558
1592,永和區,比漾廣場B2-女廁,新北市永和區保安里中山路1段238號,25.007837,121.507646
1593,汐止區,宜興東勢市民活動中心-無障礙廁所,新北市汐止區東勢里東勢街15-1號,25.039568,121.624493
1594,淡水區,摩斯漢堡竹圍店2F - 男廁,新北市淡水區竹圍里民族路1號,25.13720388,121.4601767
1595,三重區,永盛閱覽室2F-女廁,新北市三重區永盛里車路頭街133號,25.076315,121.484637
1596,汐止區,金龍公有零售市場(近民族六街23巷)1F-女廁,新北市汐止區北峰里中興路250號,25.068783,121.629002
1597,板橋區,八德公園-女廁,新北市板橋區忠翠里雙十路二段與萬板路交叉口,25.02558269,121.4764524
1598,板橋區,臺紙公園-女廁,新北市板橋區復興里大觀路二段28號,25.00237504,121.4450169
1599,板橋區,音樂公園活動中心2F-女廁,新北市板橋區福翠里懷德街235巷2號,25.02831443,121.4811301
1600,板橋區,板橋溪北圖書館2F-女廁,新北市板橋區堂春里篤行路二段133號,24.99046325,121.4312196
1601,板橋區,中山公園-男廁,新北市板橋區華江里莊敬路179號,25.0229,121.4716
1602,淡水區,捷運淡水站(站後公園)-男廁,新北市淡水區草東里中正路1號,25.16842635,121.4443302
1603,淡水區,捷運淡水站(站後公園)-女廁,新北市淡水區草東里中正路1號,25.16830982,121.4447486
1604,三重區,三重區調解委員會1F-女廁,新北市三重區過田里新北大道一段9號,25.061082,121.488476
1605,三重區,果菜市場左側-男廁,新北市三重區幸福里中正北路111號,25.06558056,121.4851856
1606,新店區,三民公有停車場B1-男廁,新北市新店區中正里三民路20-1號,24.9708476,121.5373278
1607,三重區,介壽廣場4F-男廁,新北市三重區尚德里龍門路6號,25.071296,121.494702
1608,三重區,介壽廣場4F-女廁,新北市三重區尚德里龍門路6號,25.071296,121.494702
1609,泰山區,產業文化館(親子閱覽室)3F-女廁,新北市泰山區楓樹里楓江路26巷26號,25.0625095,121.4341593
1610,泰山區,楓樹福泰活動中心1F-女廁,新北市泰山區楓樹里楓江路26巷26號,25.06254838,121.4339876
1611,林口區,台亞林口忠孝加油站-女廁,新北市林口區南勢里忠孝路132號,25.073297,121.366968
1612,林口區,婦幼公園-女廁,新北市林口區東勢里文化一路麗園一街旁,25.072063,121.378496
1613,蘆洲區,新北市蘆洲戶政事務所8F-女廁,新北市蘆洲區仁義里集賢路245號,25.08521022,121.4810658
1614,蘆洲區,中油北基蘆洲加油站-男廁,新北市蘆洲區得仁里中山一路310號,25.077637,121.469737
1615,三重區,家樂福重新店B2-無障礙廁所,新北市三重區五谷里重新路五段654號,25.04307,121.467123
1616,三重區,家樂福重新店1F右側-男廁,新北市三重區五谷里重新路五段654號,25.04307,121.467123
1617,新莊區,新莊體育場南邊-女廁,新北市新莊區立德里和興街66號 ,25.0405,121.451989
1618,三重區,愛買三重B1-男廁,新北市三重區永發里中正北路193號,25.069705,121.477385
1619,三重區,愛買三重1F-男廁,新北市三重區永發里中正北路193號,25.069705,121.477385
1620,三重區,愛買三重1F-女廁,新北市三重區永發里中正北路193號,25.069705,121.477385
1621,三峽區,中油民盛加油站-女廁,新北市三峽區大埔里中正路2段362號,24.909867,121.365635
1622,三峽區,中油大埔加油站-女廁,新北市三峽區大埔里中正路2段165號,24.9149335,121.3663569
1623,三峽區,台亞三峽加油站-女廁,新北市三峽區中正里中正路1段307號,24.924917,121.371545
1624,三峽區,滿月圓森林遊樂區-無障礙廁所,新北市三峽區有木里有木174-1號,24.830654,121.444694
1625,三峽區,三峽圖書館2F-男廁,新北市三峽區介壽里永安街9巷5號,24.929477,121.376453
1626,五股區,成州派出所1F-混合廁所,新北市五股區成州里成泰路三段539號,25.10122582,121.4506817
1627,三峽區,歷史文物館-女廁,新北市三峽區永館里中山路18號,24.934526,121.369352
1628,三峽區,歷史文物館-無障礙廁所,新北市三峽區永館里中山路18號,24.934526,121.369352
1629,三芝區,三芝區公所5F-男廁,新北市三芝區埔頭里中山路一段32號,25.25793619,121.501004
1630,深坑區,深坑區衛生所1F-無障礙廁所,新北市深坑區深坑里深坑街165號,25.00091675,121.6125543
1631,三重區,永豐閱覽室2F-無障礙廁所,新北市三重區永豐里永福街197巷6-1號,25.074609,121.478258
1632,板橋區,板橋火車站1F東門-女廁,新北市板橋區新民里縣民大道二段7號,25.01858294,121.4652407
1633,土城區,土城戶政事務所2F-女廁,新北市土城區埤塘里和平路28號,24.9725,121.443
1634,新莊區,新莊區公所2F-女廁,新北市新莊區興漢里中正路176號,25.035834,121.450558
1635,新莊區,新莊區公所6F-男廁,新北市新莊區興漢里中正路176號,25.035834,121.450558
1636,新莊區,新莊區公所5F-男廁,新北市新莊區興漢里中正路176號,25.035834,121.450558
1637,新莊區,新莊區公所4F-男廁,新北市新莊區興漢里中正路176號,25.035834,121.450558
1638,淡水區,捷運竹圍站-男廁,新北市淡水區竹圍里民權路50號,25.13699991,121.4594793
1639,淡水區,捷運竹圍站-女廁,新北市淡水區竹圍里民權路50號,25.13694163,121.459415
1640,淡水區,摩斯漢堡竹圍店2F - 女廁,新北市淡水區竹圍里民族路1號,25.137342,121.46018
1641,三重區,光明市場1F西側-男廁,新北市三重區光明里重安街70號 ,25.0582818,121.4902711
1642,新店區,大豐公有停車場B1-男廁,新北市新店區明德里民族路109號,24.97709636,121.5383953
1643,新店區,三民公有停車場B1-女廁,新北市新店區中正里三民路20-1號,24.9708476,121.5372849
1644,三重區,新北市花漾青春館B1-男廁,新北市三重區立德里自強路二段93號,25.07020645,121.4881468
1645,三重區,新北市花漾青春館B1-女廁,新北市三重區立德里自強路二段93號,25.07024532,121.4878464
1646,三重區,三重綜合運動場-男廁,新北市三重區中山里中正北路2號,25.062646,121.490186
1647,泰山區,產業文化館(親子閱覽室)3F-男廁,新北市泰山區楓樹里楓江路26巷26號,25.06239288,121.4341164
1648,泰山區,產業文化館(娃娃館)4F-男廁,新北市泰山區楓樹里楓江路26巷26號,25.061662,121.434895
1649,泰山區,產業文化館(娃娃館)4F-無障礙廁所,新北市泰山區楓樹里楓江路26巷26號,25.061662,121.434895
1650,蘆洲區,蘆洲長安圖書館3F-男廁,新北市蘆洲區忠義里長安街96號,25.080733,121.46194
1651,蘆洲區,中油北基蘆洲加油站-女廁,新北市蘆洲區得仁里中山一路310號,25.077636,121.469736
1652,三重區,家樂福重新店1F左側-無障礙廁所,新北市三重區五谷里重新路五段654號,25.04307,121.467123
1653,三重區,家樂福重新店3F-無障礙廁所,新北市三重區中興里重新路五段654號,25.04307,121.467123
1654,三重區,家樂福重新店4F-男廁,新北市三重區五谷里重新路五段654號,25.04307,121.467123
1655,三重區,家樂福重新店5F-男廁,新北市三重區五谷里重新路五段654號,25.04307,121.467123
1656,三重區,家樂福重新店5F-無障礙廁所,新北市三重區五谷里重新路五段654號,25.04307,121.467123
1657,鶯歌區,鶯歌區公所6F西面-女廁,新北市鶯歌區北鶯里仁愛路55號,24.956054,121.354315
1658,三峽區,三峽區公有零售市場1F-女廁,新北市三峽區永館里民生街186號,24.934932,121.370673
1659,三峽區,三峽圖書館1F-女廁,新北市三峽區介壽里永安街9巷5號,24.929477,121.376453
1660,三峽區,新北市客家文化園區餐廳側1F-女廁,新北市三峽區鳶山里隆恩街239號,24.94149853,121.3599506
1661,三芝區,三芝區公所2F-男廁,新北市三芝區埔頭里中山路一段32號,25.25793619,121.501004
1662,三芝區,三芝區公所4F-男廁,新北市三芝區埔頭里中山路一段32號,25.25793619,121.501004
1663,三芝區,三芝衛生所1F-女廁,新北市三芝區埔頭里中山路一段12號,25.25847793,121.5007204
1664,三峽區,鳶山簡易運動場-無障礙廁所,新北市三峽區永館里鳶峰路,24.932062,121.36356
1665,板橋區,新北市政府15F東側-無障礙廁所,新北市板橋區福丘里中山路一段161號,25.012093,121.465589
1666,板橋區,新北市政府16F東側-無障礙廁所,新北市板橋區福丘里中山路一段161號,25.012093,121.465589
1667,板橋區,市民廣場東側-無障礙廁所,新北市板橋區福丘里中山路一段161號,25.012866,121.465594
1668,板橋區,板橋區公所6F-男廁,新北市板橋區挹秀里府中路30號,25.00964,121.459118
1669,板橋區,板橋區公所6F-女廁,新北市板橋區挹秀里府中路30號,25.00964,121.459118
1670,汐止區,汐止區衛生所1F-男廁,新北市汐止區秀山里新台五路一段266號,25.063853,121.658992
1671,新店區,家樂福新店店2F-男廁,新北市新店區寶興里中興路3段1號,24.975878,121.546235
1672,泰山區,中油車容坊元泰加油站-男廁,新北市泰山區楓樹里新五路一段135號,25.063689,121.439599
1673,新莊區,新莊區公所8F-女廁,新北市新莊區興漢里中正路176號,25.035834,121.450558
1674,永和區,比漾廣場B2-男廁,新北市永和區保安里中山路1段238號,25.007837,121.507646
1675,永和區,比漾廣場B1-男廁,新北市永和區保安里中山路1段238號,25.007837,121.507646
1676,石門區,石門洞風景區-親子廁所,新北市石門區尖鹿里無,25.29663129,121.5691656
1677,瑞芳區,水湳洞遊客中心-混合廁所,新北市瑞芳區濂洞里洞頂路155-8號,25.1219287,121.8616135
1678,淡水區,捷運淡水站(公車站旁)-男廁,新北市淡水區草東里中正路1號,25.16830011,121.4447701
1679,三峽區,防災公園-無障礙廁所,新北市三峽區龍埔里國光街60號,24.938011,121.374431
1680,新店區,家樂福新店店3F-男廁,新北市新店區寶興里中興路3段1號,24.975878,121.546235
1681,新店區,北新公有停車場B1A區-女廁,新北市新店區五峰里北新路1段92號,24.968144,121.542372
1682,新店區,中油大豐加油站-無障礙廁所,新北市新店區明德里北新路2段205號,24.97909492,121.5420055
1683,新店區,社福館2F-女廁,新北市新店區大豐里民族路110號,24.97761667,121.5384007
1684,新店區,社福館3F-女廁,新北市新店區大豐里民族路110號,24.97753886,121.5384007
1685,新店區,文化劇場後棟1F-男廁,新北市新店區五峰里北新路1段92號,24.968144,121.542372
1686,新店區,龜山活動中心2F-男廁,新北市新店區龜山里新烏路3段136號,24.90212444,121.5510178
1687,板橋區,板橋第一運動場東區-男廁,新北市板橋區深丘里漢生東路278號,25.01098484,121.4679015
1688,土城區,中油土城加油站1F-女廁,新北市土城區員仁里中央路2段280號,24.974083,121.440728
1689,深坑區,深坑區公所5F-無障礙廁所,新北市深坑區深坑里深坑街10號,25.0024,121.6159
1690,樹林區,樹林火車站-女廁,新北市樹林區樹東里鎮前街112號,24.99088139,121.4250183
1691,板橋區,活力廣場-女廁,新北市板橋區崑崙里沙崙街9號,24.9941,121.4317
1692,板橋區,溪北公園(金門街)-女廁,新北市板橋區堂春里篤行路二段133號,24.9904,121.4312
1693,土城區,土城戶政事務所1F-無障礙廁所,新北市土城區埤塘里和平路28號,24.9725,121.443
1694,土城區,土城戶政事務所2F-男廁,新北市土城區埤塘里和平路28號,24.9725,121.443
1695,土城區,土城區公所2F-男廁 ,新北市土城區埤塘里金城路1段101號,24.9727,121.4434
1696,土城區,土城區公所6F-男廁,新北市土城區埤塘里金城路1段101號,24.9727,121.4434
1697,瑞芳區,麥當勞瑞芳中山店-混合廁所,新北市瑞芳區東和里中山路168號,25.10675,121.80192
1698,泰山區,財團法人泰山巌顯應祖師-女廁,新北市泰山區明志里應化街32號,25.0438385,121.4233124
1699,新莊區,晶宴會館新莊店2F西側-女廁,新北市新莊區思源里思源路40號,25.042935,121.460241
1700,新莊區,佳瑪百貨新莊店B1-女廁,新北市新莊區中港里幸福路763號,25.049056,121.447974
1701,新莊區,新莊區戶政事務所2F-女廁,新北市新莊區榮和里中華路一段1號,25.036575,121.451839
1702,新莊區,新莊區地政事務所1F-男廁,新北市新莊區榮和里中華路一段3號,25.036923,121.451813
1703,三重區,介壽廣場2F-男廁,新北市三重區尚德里龍門路6號,25.071296,121.494702
1704,泰山區,楓樹福泰活動中心1F-無障礙廁所,新北市泰山區楓樹里楓江路26巷26號,25.061662,121.434895
1705,泰山區,楓樹福泰活動中心2F-男廁,新北市泰山區楓樹里楓江路26巷26號,25.061662,121.434895
1706,泰山區,楓樹福泰活動中心2F-女廁,新北市泰山區楓樹里楓江路26巷26號,25.061662,121.434895
1707,泰山區,楓樹福泰活動中心2F-無障礙廁所,新北市泰山區楓樹里楓江路26巷26號,25.061662,121.434895
1708,坪林區,水柳腳立體停車場1F-女廁,新北市坪林區坪林里水柳腳34-1號,24.935573,121.710232
1709,三芝區,三芝遊客中心暨名人文物館-男廁,新北市三芝區埔坪里埔頭坑164-2號,25.24872972,121.5082661
1710,三芝區,三芝遊客中心暨名人文物館-女廁,新北市三芝區埔坪里埔頭坑164-2號,25.24872972,121.5082661
1711,三重區,重新市場-女廁,新北市三重區光華里重新路一段87-6號,25.063775,121.501173
1712,新店區,寶橋公有停車場-男廁,新北市新店區張北里寶橋路10號,24.97471,121.54578
1713,三重區,小永德公園-無障礙廁所,新北市三重區培德里忠孝路1段與大智街口,25.07222779,121.4899063
1714,泰山區,產業文化館(親子閱覽室)3F-無障礙廁所,新北市泰山區楓樹里楓江路26巷26號,25.06262613,121.4337301
1715,泰山區,楓樹福泰活動中心1F-男廁,新北市泰山區楓樹里楓江路26巷26號,25.06274275,121.433816
1716,蘆洲區,蘆洲集賢圖書館4F-女廁,新北市蘆洲區仁義里集賢路245號,25.08486041,121.4818382
1717,蘆洲區,蘆洲永安圖書館2F-女廁,新北市蘆洲區延平里永安南路二段134號,25.07864144,121.4629126
1718,三芝區,淺水灣-無障礙,新北市三芝區後厝里後厝派出所旁,25.25123154,121.4698609
1719,板橋區,板橋第一運動場東區-女廁,新北市板橋區深丘里漢生東路278號,25.01098484,121.4679015
1720,三重區,聯邦閱覽室2F-女廁,新北市三重區田心里中華路125號,25.06403,121.483702
1721,三重區,三重田中圖書館4F-女廁,新北市三重區田中里忠孝路三段40巷51號,25.065531,121.483024
1722,八里區,萊爾富八里水灣店-混合廁所,新北市八里區埤頭里中山路一段125號,25.159318,121.413521
1723,平溪區,嶺腳寮社區-混合廁所,新北市平溪區嶺腳里無,25.03149,121.74778
1724,板橋區,重慶公園-女廁,新北市板橋區廣德里重慶路245巷32弄18號 (擎天雙星旁),25.00018724,121.4648277
1725,板橋區,崑崙公園-女廁,新北市板橋區崑崙里大觀路三段240號,24.99241297,121.4308065
1726,新莊區,新莊區公所5F-女廁,新北市新莊區興漢里中正路176號,25.035834,121.450558
1727,新莊區,新莊區公所4F-女廁,新北市新莊區興漢里中正路176號,25.035834,121.450558
1728,新莊區,新莊區公所3F-女廁,新北市新莊區興漢里中正路176號,25.035834,121.450558
1729,石門區,石門洞風景區-女廁,新北市石門區尖鹿里無,25.29687379,121.5687418
1730,淡水區,捷運紅樹林站-女廁,新北市淡水區八勢里中正東路2段68號,25.15418057,121.4590073
1731,淡水區,捷運淡水站(北邊站外)-女廁,新北市淡水區草東里中正路1號,25.16855258,121.4446521
1732,三重區,三重區調解委員會1F-男廁,新北市三重區過田里新北大道一段9號,25.061082,121.488476
1733,三重區,光明市場1F西側-女廁,新北市三重區光明里重安街70號 ,25.05822349,121.4902818
1734,三重區,家樂福重新店B1-無障礙廁所,新北市三重區五谷里重新路五段654號,25.04307,121.467123
1735,三重區,家樂福重新店1F左側-女廁,新北市三重區五谷里重新路五段654號,25.04307,121.467123
1736,三重區,家樂福重新店4F-女廁,新北市三重區五谷里重新路五段654號,25.04307,121.467123
1737,三重區,家樂福重新店5F-女廁,新北市三重區五谷里重新路五段654號,25.04307,121.467123
1738,三重區,愛買三重B1-無障礙廁所,新北市三重區永發里中正北路193號,25.069705,121.477385
1739,三重區,愛買三重2F-女廁,新北市三重區永發里中正北路193號,25.069705,121.477385
1740,三峽區,中油三峽加油站-女廁,新北市三峽區礁溪里介壽路一段193號,24.930879,121.377854
1741,三峽區,中油清溪加油站-女廁,新北市三峽區溪東里溪東89號,24.934785,121.401373
1742,新莊區,新莊慈祐宮-無障礙廁所,新北市新莊區榮和里新莊路218號,25.03441,121.452952
1743,新莊區,新莊三山國王廟-混合廁所,新北市新莊區文德里新莊路150號,25.035593,121.455327
1744,三峽區,成福派出所-混合廁所,新北市三峽區成福里成福路84號,24.929856,121.420782
1745,板橋區,五權公園活動中心-男廁,新北市板橋區五權里五權街77巷2號,24.993138,121.465091
1746,新店區,中油碧安加油站-無障礙廁所,新北市新店區頂城里安康路一段20號,24.961072,121.531184
1747,淡水區,淡水清水巖-男廁,新北市淡水區清文里清水街87號,25.170319,121.441099
1748,淡水區,中油淡海新市鎮加油站-男廁,新北市淡水區埤島里淡金路2段599號,25.192281,121.446498
1749,土城區,土城區公所4F-男廁 ,新北市土城區埤塘里金城路1段101號,24.9727,121.4434
1750,土城區,土城區公所5F-女廁 ,新北市土城區埤塘里金城路1段101號,24.9727,121.4434
1751,板橋區,板橋火車站B1東門-無障礙廁所,新北市板橋區新民里縣民大道二段7號,25.0139,121.464
1752,板橋區,廣福公園-男廁,新北市板橋區廣福里廣權路60號,24.9917,121.463
1753,新莊區,晶宴會館新莊店1F-男廁,新北市新莊區思源里思源路40號,25.042935,121.460241
1754,新莊區,晶宴會館新莊店1F-女廁,新北市新莊區思源里思源路40號,25.042935,121.460241
1755,新莊區,新莊區戶政事務所2F-男廁,新北市新莊區榮和里中華路一段1號,25.036575,121.451839
1756,新莊區,丹鳳派出所1F-男廁,新北市新莊區雙鳳里雙鳳路75號,25.027664,121.414928
1757,三重區,家樂福重新店B2-女廁,新北市三重區五谷里重新路五段654號,25.04307,121.467123
1758,三重區,家樂福重新店1F右側-女廁,新北市三重區五谷里重新路五段654號,25.04307,121.467123
1759,三重區,家樂福重新店1F右側-無障礙廁所,新北市三重區五谷里重新路五段654號,25.04307,121.467123
1760,三重區,家樂福重新店3F-男廁,新北市三重區五谷里重新路五段654號,25.04307,121.467123
1761,三重區,家樂福重新店3F-女廁,新北市三重區五谷里重新路五段654號,25.04307,121.467123
1762,三峽區,全國橫溪加油站-女廁,新北市三峽區溪北里介壽路3段114號,24.941261,121.397411
1763,鶯歌區,鶯歌區公所5F東面-女廁,新北市鶯歌區北鶯里仁愛路55號,24.956074,121.354212
1764,鶯歌區,鶯歌區公所5F東面-男廁,新北市鶯歌區北鶯里仁愛路55號,24.956017,121.354256
1765,三芝區,三芝農會芝農儲蓄部電梯右-男廁,新北市三芝區埔頭里中山路一段6號,25.25854567,121.5010261
1766,鶯歌區,鶯歌區公所5F西面-男廁,新北市鶯歌區北鶯里仁愛路55號,24.956071,121.354237
1767,鶯歌區,鶯歌區公所6F東面-女廁,新北市鶯歌區北鶯里仁愛路55號,24.955988,121.354243
1768,鶯歌區,鶯歌區公所-6F西面男廁,新北市鶯歌區北鶯里仁愛路55號,24.956024,121.354264
1769,三峽區,三峽圖書館3F-男廁,新北市三峽區介壽里永安街9巷5號,24.929477,121.376453
1770,五股區,成州派出所2F-混合廁所,新北市五股區成州里成泰路三段539號,25.10087606,121.4512074
1771,三峽區,新北市客家文化園區餐廳側1F-無障礙廁所,新北市三峽區鳶山里隆恩街239號,24.94152164,121.359956
1772,三芝區,三芝區公所2F-女廁,新北市三芝區埔頭里中山路一段32號,25.25793619,121.501004
1773,三重區,重新市場-無障礙廁所,新北市三重區光華里重新路一段87-6號,25.063775,121.501173
1774,新店區,寶橋公有停車場-女廁,新北市新店區張北里寶橋路10號,24.974161,121.545798
1775,三重區,三重綜合運動場-女廁,新北市三重區中山里中正北路2號,25.062646,121.490186
1776,三重區,介壽廣場2F-女廁,新北市三重區三安里龍門路6號,25.07123656,121.4948201
1777,坪林區,水柳腳立體停車場1F-男廁,新北市坪林區坪林里水柳腳34-1號,24.935573,121.710232
1778,坪林區,新北市坪林區衛生所1F-無障礙廁所,新北市坪林區坪林里坪林街104號,24.93614058,121.7104483
1779,蘆洲區,蘆洲集賢圖書館4F-男廁,新北市蘆洲區仁義里集賢路245號,25.08486041,121.481967
1780,蘆洲區,蘆洲長安圖書館3F-女廁,新北市蘆洲區忠義里長安街96號,25.080733,121.46194
1781,新莊區,福營派出所1F-混合廁所,新北市新莊區福營里福營路101號,25.032229,121.434289
1782,土城區,土城藝文館1F-無障礙廁所,新北市土城區埤塘里和平路24號,24.97307,121.443183
1783,新莊區,新莊體育館2F西邊-男廁,新北市新莊區立德里和興街66號,25.0405,121.451989
1784,新莊區,新莊體育館2F西邊-女廁,新北市新莊區立德里和興街66號,25.0405,121.451989
1785,新莊區,新莊文昌祠-男廁,新北市新莊區文德里碧江街20號,25.034353,121.454777
1786,新莊區,新莊文昌祠-女廁,新北市新莊區文德里碧江街20號,25.034353,121.454777
1787,新店區,台亞碧潭加油站-男廁,新北市新店區頂城里安康路一段35號,24.960776,121.531364
1788,新店區,中油莊敬加油站-無障礙廁所,新北市新店區復興里中正路457號,24.980449,121.533732
1789,三峽區,大板根森林遊樂區-女廁,新北市三峽區插角里插角80號,24.870774,121.407468
1790,三峽區,滿月圓森林遊樂區-女廁,新北市三峽區有木里有木174-1號,24.830654,121.444694
1791,五股區,五股分駐所1F-混合廁所,新北市五股區五股里中興路4段67號,25.08241173,121.4384079
1792,三芝區,三芝區公所1F-男廁,新北市三芝區埔頭里中山路一段32號,25.25793619,121.501004
1793,三峽區,新北市客家文化園區演藝廳側2F-女廁,新北市三峽區鳶山里隆恩街239號,24.94171742,121.3606775
1794,三芝區,三芝衛生所2F-男廁,新北市三芝區埔頭里中山路一段12號,25.25847793,121.5007204
1795,三峽區,新北市客家文化園區演藝廳側2F-親子廁所,新北市三峽區鳶山里隆恩街239號,24.94171498,121.3606882
1796,烏來區,雲仙樂園空中纜車-女廁,新北市烏來區烏來里瀑布路1-1號,24.845087,121.555842
1797,林口區,台亞林口忠孝加油站-無障礙廁所,新北市林口區南勢里忠孝路132號,25.073297,121.366968
1798,新店區,陽光運動園區B區1-男廁,新北市新店區安和里安業街陽光橋旁,24.978884,121.516099
1799,新店區,陽光運動園區(近安業街)A區3-男廁,新北市新店區安和里安業街陽光橋旁,24.978884,121.516099
1800,新店區,陽光運動園區(近安業街)A區2-性別友善廁所,新北市新店區安和里安業街陽光橋旁,24.978884,121.516099
1801,新莊區,新泰市民活動中心1F-女廁,新北市新莊區忠孝里建中街116巷3弄20號,25.037062,121.445587
1802,中和區,中和區公所右側4F-男廁,新北市中和區漳和里景平路634-2號,24.998635,121.500995
1803,中和區,崇南里活動中心1F-混合廁所,新北市中和區崇南里景新街496巷26弄2號,24.986291,121.513163
1804,中和區,板橋監理站路考場-女廁,新北市中和區員山里中山路3段116號,25.006112,121.476049
1805,中和區,板橋監理站路考場-男廁,新北市中和區員山里中山路3段116號,25.006112,121.476049
1806,中和區,碧河里活動中心2F-混合廁所,新北市中和區碧河里連勝街142號2樓,24.997107,121.494173
1807,中和區,錦和運動公園-男廁,新北市中和區錦中里錦和路350-1號,24.99192432,121.4925617
1808,中和區,衛生福利部雙和醫院1F抽血檢驗科-男廁,新北市中和區力行里中正路291號,24.993746,121.494082
1809,汐止區,福德市民活動中心2F-男廁,新北市汐止區福德里福德一路232-1號,25.065366,121.633534
1810,汐止區,福德市民活動中心1F-男廁,新北市汐止區福德里福德一路232-1號,25.065366,121.633534
1811,板橋區,莊敬公園活動中心-女廁,新北市板橋區莊敬里民生路2段120號,25.019713,121.470779
1812,板橋區,五權公園活動中心-女廁,新北市板橋區五權里五權街77巷2號,24.99438211,121.4640713
1813,新莊區,宜家家居百貨新莊店B1-女廁,新北市新莊區恆安里中正路1號,25.038018,121.457204
1814,新莊區,新莊區公所3F-男廁,新北市新莊區興漢里中正路176號,25.035834,121.450558
1815,林口區,中油車容坊文化二路加油站-男廁,新北市林口區南勢里文化二路一段413號,25.074421,121.371095
1816,淡水區,捷運淡水站(公車站旁)-女廁,新北市淡水區草東里中正路1號,25.16830011,121.4448023
1817,淡水區,捷運淡水站(北邊站外)-男廁,新北市淡水區草東里中正路1號,25.1684749,121.4444375
1818,三重區,家樂福重新店B1-男廁,新北市三重區五谷里重新路五段654號,25.04307,121.467123
1819,三重區,家樂福重新店B2-男廁,新北市三重區五谷里重新路五段654號,25.04307,121.467123
1820,三重區,家樂福重新店B1-女廁,新北市三重區五谷里重新路五段654號,25.04307,121.467123
1821,三重區,家樂福重新店4F-無障礙廁所,新北市三重區中興里重新路五段654號,25.04307,121.467123
1822,三重區,愛買三重B1-女廁,新北市三重區永發里中正北路193號,25.069705,121.477385
1823,三重區,愛買三重1F-無障礙廁所,新北市三重區永發里中正北路193號,25.069705,121.477385
1824,三峽區,中油三鶯加油站-女廁,新北市三峽區鳶山里復興路316號,24.93896738,121.3660229
1825,三峽區,柑園三峽加油站-女廁,新北市三峽區溪南里介壽路1段385號,24.93409,121.387784
1826,新店區,陽光運動園區(近安業街)A區1-男廁,新北市新店區安和里安業街陽光橋旁,24.97874481,121.5175438
1827,淡水區,淡水清水嚴-女廁,新北市淡水區清文里清水街87號,25.170319,121.441099
1828,淡水區,N128全國淡水加油站-男廁,新北市淡水區民生里民權路41號,25.140392,121.460109
1829,新店區,陽光運動園區B區-親子廁所,新北市新店區安和里安業街陽光橋旁,24.978884,121.516099
1830,新店區,陽光運動園區C區-友善無障礙廁所,新北市新店區安和里安業街陽光橋旁,24.978884,121.516099
1831,新莊區,豐年市民活動中心3F-女廁,新北市新莊區泰豐里豐年街57之5號,25.03037,121.446718
1832,新莊區,新莊公園-無障礙廁所,新北市新莊區恆安里中正路82號,25.037772,121.457849
1833,中和區,福善里活動中心1F-混合廁所,新北市中和區福善里福美路301巷25號,25.004004,121.497637
1834,三芝區,三芝區公所4F-女廁,新北市三芝區埔頭里中山路一段32號,25.25793619,121.501004
1835,三峽區,三峽區戶政事務所西側5F-男廁,新北市三峽區介壽里光明路71號,24.928358,121.376073
1836,平溪區,平溪火車站-男廁,新北市平溪區嶺腳里中華街12號,25.02562219,121.7399754
1837,雙溪區,清水坑公廁-男廁,新北市雙溪區外柑里三叉坑,24.998473,121.821584
1838,土城區,藝文活動中心3F-女廁,新北市土城區員信里中正路18號,24.975074,121.44301
1839,深坑區,台灣中油明志加油站-無障礙廁所,新北市深坑區萬順里北深路三段25巷14號,25.000308,121.608608
1840,深坑區,深坑衛生所公廁-無障礙廁所,新北市深坑區深坑里深坑衛生所公廁-無障礙廁所,25.0009627,121.6124618
1841,深坑區,深坑區衛生所1F-女廁,新北市深坑區深坑里深坑街165號,25.00092818,121.6125369
1842,土城區,青雲、柑林活動中心B1-男廁,新北市土城區青雲里青雲路141巷18號,24.98237,121.458501
1843,土城區,中正學士埤林活動中心1F-男廁,新北市土城區中正里裕民路193之1號,24.984293,121.453728
1844,土城區,員信市民活動中心4F-混合廁所,新北市土城區員信里中正路18號,24.974946,121.443014
1845,土城區,永豐市民活動中心1F-男廁,新北市土城區永豐里清水路234巷5號,24.982626,121.461282
1846,土城區,祖田市民活動中心2F-男廁,新北市土城區祖田里中央路4段283之1號,24.95230235,121.4115644
1847,土城區,學府里活動中心B1-混合廁所,新北市土城區學府里學府路1段155巷2號,24.985448,121.45388
1848,土城區,平和市民活動中心1F-混合廁所,新北市土城區平和里延和路105巷8弄7號,24.991499,121.467525
1849,三峽區,長福停車場-女廁,新北市三峽區礁溪里光明路1號,24.932178,121.372714
1850,中和區,景文里活動中心2F-混合廁所,新北市中和區南山里明禮街46號,24.996679,121.50411
1851,中和區,民德活動中心1F-男廁,新北市中和區清穗里民德路197號,24.998346,121.468406
1852,中和區,壽德里里辦公室1F-混合廁所,新北市中和區壽德里壽德街138號,24.99586,121.464661
1853,中和區,衛生福利部雙和醫院2F復健科-女廁,新北市中和區力行里中正路291號,24.993746,121.494082
1854,中和區,衛生福利部雙和醫院2F復健科-男廁,新北市中和區力行里中正路291號,24.993746,121.494082
1855,中和區,衛生福利部雙和醫院營養室B1-性別友善廁所,新北市中和區力行里中正路291號,24.993746,121.494082
1856,中和區,衛生福利部雙和醫院美食商場B1-男廁,新北市中和區力行里中正路291號,24.993746,121.494082
1857,鶯歌區,鶯歌區公所5F西面-女廁,新北市鶯歌區北鶯里仁愛路55號,24.95602,121.354203
1858,三芝區,三芝農會芝農儲蓄部電梯右-女廁,新北市三芝區埔頭里中山路一段6號,25.25854567,121.5010261
1859,鶯歌區,鶯歌區公所6F東面-男廁,新北市鶯歌區北鶯里仁愛路55號,24.95601,121.354262
1860,三峽區,麥當勞三峽文化店2F-女廁,新北市三峽區永館里文化路72號,24.93623,121.372155
1861,三峽區,三峽圖書館2F-女廁,新北市三峽區介壽里永安街9巷5號,24.929477,121.376453
1862,三峽區,三峽圖書館3F-女廁,新北市三峽區介壽里永安街9巷5號,24.929477,121.376453
1863,三芝區,三芝區公所1F-女廁,新北市三芝區埔頭里中山路一段32號,25.25793619,121.501004
1864,三芝區,三芝衛生所1F-男廁,新北市三芝區埔頭里中山路一段12號,25.25847793,121.5007204
1865,中和區,衛生福利部雙和醫院1F星巴克-男廁,新北市中和區力行里中正路291號,24.993746,121.494082
1866,中和區,連和里活動中心1F-混合廁所,新北市中和區連和里連城路54號,25.001663,121.497764
1867,中和區,板橋監理站A棟-男廁,新北市中和區員山里中山路3段116號,25.006112,121.476049
1868,土城區,清化市民活動中心4F-男廁,新北市土城區清化里青雲路368號,24.972955,121.4587498
1869,永和區,永和區公所1F-性別友善廁所,新北市永和區豫溪里竹林路200號,25.009583,121.520319
1870,三峽區,五寮派出所-混合廁所,新北市三峽區五寮里五寮154路,24.858132,121.359326
1871,三重區,新北市政府稅捐稽徵處三重分處2F-女廁,新北市三重區過田里重陽路1段115號,25.060173,121.487057
1872,三峽區,三峽區戶政事務所西側5F-女廁,新北市三峽區介壽里光明路71號,24.928358,121.376073
1873,平溪區,平溪火車站-女廁,新北市平溪區嶺腳里中華街12號,25.02561125,121.7399371
1874,土城區,全國美城加油站1F-女廁,新北市土城區員福里中華路2段2號,24.979316,121.439432
1875,土城區,麥當勞土城中央店2F-無障礙廁所,新北市土城區員林里中央路2段159號,24.976368,121.442128
1876,土城區,土城藝文館1F-女廁,新北市土城區埤塘里和平路24號,24.973054,121.443063
1877,土城區,土城區綜合體育場1F-女廁,新北市土城區中正里裕民路193之1號,24.98446315,121.4535999
1878,深坑區,深坑圖書館1F-女廁,新北市深坑區深坑里深坑街10號,25.0024,121.6159
1879,三芝區,三芝衛生所2F-兒童廁所,新北市三芝區埔頭里中山路一段12號,25.25847793,121.5007204
1880,三峽區,鳶山簡易運動場-女廁,新北市三峽區永館里鳶峰路,24.932062,121.36356
1881,土城區,家樂福土城店B2-女廁,新北市土城區青雲里青雲路152號,24.98343232,121.459136
1882,土城區,新北市立圖書館土城分館7F-女廁,新北市土城區員信里中正路18號,24.975074,121.44301
1883,土城區,永福岩清水祖師廟1F-女廁,新北市土城區頂埔里中央路4段65號,24.958361,121.417488
1884,深坑區,深坑圖書館-男廁,新北市深坑區深坑里深坑街10號,25.0024,121.6159
1885,三重區,慈愛閱覽室1F-男廁,新北市三重區慈愛里仁美街108巷13號,25.08063,121.485005
1886,板橋區,溪洲公園-女廁,新北市板橋區溪洲里溪崑二街113號,24.988571,121.426612
1887,樹林區,樹林火車站-無障礙廁所,新北市樹林區樹東里鎮前街112號,24.99055465,121.4252758
1888,板橋區,溪北公園(溪北路)-女廁,新北市板橋區堂春里篤行路二段133號,24.9904,121.4312
1889,板橋區,板橋火車站1F東門-男廁,新北市板橋區新民里縣民大道二段7號,25.01858294,121.4652407
1890,土城區,土城區公所2F-女廁 ,新北市土城區埤塘里金城路1段101號,24.9727,121.4434
1891,土城區,新北市政府警察局土城分局1F-男廁,新北市土城區埤塘里和平路22號,24.9732,121.443
1892,新莊區,晶宴會館新莊店2F西側-男廁,新北市新莊區思源里思源路40號,25.042935,121.460241
1893,新莊區,佳瑪百貨新莊店B1-男廁,新北市新莊區中港里幸福路763號,25.049056,121.447974
1894,新莊區,福營行政大樓2F-無障礙廁所,新北市新莊區四維里四維路9號,25.024294,121.423751
1895,新莊區,福營行政大樓2F-男廁,新北市新莊區四維里四維路9號,25.024294,121.423751
1896,新莊區,福營行政大樓6F-男廁,新北市新莊區四維里四維路9號,25.024294,121.423751
1897,淡水區,八勢里活動中心-男廁,新北市淡水區八勢里紅樹林路250號,25.155455,121.461142
1898,新莊區,新莊體育館司令台(左側)-女廁,新北市新莊區立德里和興街66號,25.041388,121.446441
1899,淡水區,八勢里活動中心-女廁,新北市淡水區八勢里紅樹林路250號,25.155455,121.461142
1900,三重區,過圳市民活動中心1F左側-男廁,新北市三重區過田里過圳街19號,25.060209,121.487974
1901,三重區,聯邦市民活動中心1F-男廁,新北市三重區田心里中華路125號,25.063966,121.484256
1902,三重區,五華市民活動中心1F-女廁,新北市三重區五華里仁義街228巷12號,25.084786,121.49483
1903,新莊區,新莊體育館司令台(左側)-男廁,新北市新莊區立德里和興街66號,25.041388,121.446441
1904,新莊區,新莊體育館陽光草坪-女廁,新北市新莊區立德里和興街66號,25.041388,121.446441
1905,新莊區,新莊體育館網球場(外)-女廁,新北市新莊區立德里和興街66號,25.040267,121.447407
1906,新莊區,新莊體育館網球場(外)-男廁,新北市新莊區立德里和興街66號,25.040267,121.447407
1907,三重區,重新橋第1市民活動中心-男廁,新北市三重區福德里重新路4段254-1號,25.053299,121.485757
1908,三重區,光興市民活動中心B1-女廁,新北市三重區光輝里正義南路62號,25.05898,121.498868
1909,三重區,大同社區市民活動中心-女廁,新北市三重區民生里大同北路186號,25.066295,121.490708
1910,鶯歌區,中油車容坊三鶯交流道加油站(下)-混合廁所,新北市鶯歌區南靖里三鶯路5號,24.94095,121.356622
1911,三峽區,防災公園-女廁,新北市三峽區龍埔里國光街60號,24.938011,121.374431
1912,新店區,大豐公有停車場B1-女廁,新北市新店區明德里民族路109號,24.97712067,121.538406
1913,三重區,重新市場-男廁,新北市三重區光華里重新路一段87-6號,25.063775,121.501173
1914,三重區,果菜市場左側-女廁,新北市三重區幸福里中正北路111號,25.06561944,121.4851427
1915,三重區,三德公園-無障礙廁所,新北市三重區承德里仁昌街109號,25.075188,121.500215
1916,泰山區,產業文化館(娃娃館)4F-女廁,新北市泰山區楓樹里楓江路26巷26號,25.06247063,121.4339447
1917,林口區,林口運動公園-男廁,新北市林口區仁愛里仁愛一路與公園路交叉口,25.07387011,121.3739705
1918,深坑區,深坑區公所5F-男廁,新北市深坑區深坑里深坑街10號,25.0024,121.6159
1919,深坑區,深坑區公所5F-女廁,新北市深坑區深坑里深坑街10號,25.0024,121.6159
1920,樹林區,樹林火車站-男廁,新北市樹林區樹東里鎮前街112號,24.99095919,121.4251041
1921,土城區,土城區公所3F-男廁 ,新北市土城區埤塘里金城路1段101號,24.9727,121.4434
1922,土城區,土城區公所3F-女廁 ,新北市土城區埤塘里金城路1段101號,24.9727,121.4434
1923,土城區,土城區公所6F-女廁,新北市土城區埤塘里金城路1段101號,24.9727,121.4434
1924,土城區,土城區衛生所1F-男廁 ,新北市土城區埤塘里和平路26號,24.9729,121.443
1925,土城區,土城區衛生所1F-女廁 ,新北市土城區埤塘里和平路26號,24.9729,121.443
1926,土城區,土城區公所1F-女廁,新北市土城區埤塘里金城路1段101號,24.9727,121.4434
1927,土城區,土城區公所5F-男廁 ,新北市土城區埤塘里金城路1段101號,24.9727,121.4434
1928,板橋區,音樂公園活動中心2F-男廁,新北市板橋區福翠里懷德街235巷2號,25.0287,121.4805
1929,板橋區,板城綠地-女廁,新北市板橋區湳興里南雅西路一段134號,25.007,121.4525
1930,板橋區,板橋火車站1F西門-無障礙廁所,新北市板橋區新民里縣民大道二段7號,25.0139,121.464
1931,新莊區,新莊區地政事務所1F-女廁,新北市新莊區榮和里中華路一段3號,25.036923,121.451813
1932,新莊區,新莊清潔隊1F-混合廁所,新北市新莊區泰豐里瓊林路34號,25.031174,121.448847
1933,新莊區,新莊武聖廟-女廁,新北市新莊區文衡里新莊路340號,25.033701,121.45014
1934,新莊區,新莊慈祐宮-女廁,新北市新莊區榮和里新莊路218號,25.034557,121.452823
1935,三峽區,橫溪派出所-混合廁所,新北市三峽區溪北里介壽路3段49號,24.937716,121.395272
1936,新店區,中油碧安加油站-男廁,新北市新店區頂城里安康路一段20號,24.961072,121.531184
1937,新店區,陽光運動園區(近安業街)A區-親子廁所,新北市新店區安和里安業街陽光橋旁,24.978884,121.516099
1938,土城區,捷運永寧站B2-3號出口-女廁,新北市土城區大安里中央路3段105號,24.966671,121.436632
1939,三重區,三民市民活動中心1F-男廁,新北市三重區田中里忠孝路三段40巷51號,25.065538,121.483136
1940,三重區,社教館2F-無障礙廁所,新北市三重區光明里集美街60號,25.053856,121.491125
1941,三重區,菜寮市民活動中心1F-性別友善廁所,新北市三重區菜寮里中寮街57巷18號,25.057794,121.492768
1942,三重區,菜寮市民活動中心1F-女廁,新北市三重區菜寮里中寮街57巷18號,25.057881,121.4925
1943,三重區,台北橋市民活動中心-女廁,新北市三重區永興里台北橋下橋孔,25.063905,121.503557
1944,三重區,台北橋市民活動中心-無障礙廁所,新北市三重區永興里台北橋下橋孔,25.063905,121.503557
1945,三重區,永德市民活動中心-男廁,新北市三重區永德里自強路3段43巷23號,25.07285,121.487756
1946,三重區,溪美市民活動中心(廣一廣場)B1-無障礙廁所,新北市三重區溪美里自強路4段84號,25.079025,121.490576
1947,三重區,重陽橋市民活動中心-男廁,新北市三重區五福里環河北路重陽橋孔,25.083967,121.497446
1948,蘆洲區,蘆洲區公所3F-男廁,新北市蘆洲區保和里三民路95號,25.084863,121.473869
1949,蘆洲區,蘆洲區公所大禮堂7F-女廁,新北市蘆洲區保和里三民路95號,25.084863,121.473869
1950,蘆洲區,蘆洲區公所2F-女廁,新北市蘆洲區保和里三民路95號,25.084863,121.473869
1951,蘆洲區,蘆洲區公所大禮堂7F-男廁,新北市蘆洲區保和里三民路95號,25.084863,121.473869
1952,三重區,三重圖書館3F-男廁,新北市三重區正義里自強路1段158號,25.066,121.495992
1953,板橋區,遠東百貨板橋店B1-無障礙廁所,新北市板橋區深丘里中山路一段152號,25.011058,121.464305
1954,三重區,溪美市民活動中心(廣一廣場)B1-女廁,新北市三重區溪美里自強路4段84號,25.079025,121.490576
1955,三重區,慈生市民活動中心-男廁,新北市三重區慈生里三和路四段191巷78號,25.079488,121.483227
1956,三重區,慈化市民活動中心-男廁,新北市三重區慈化里溪尾街327號,25.084738,121.488241
1957,三重區,慈生市民活動中心-女廁,新北市三重區慈生里三和路四段191巷78號,25.079488,121.483227
1958,蘆洲區,蘆洲湧蓮寺2F-男廁,新北市蘆洲區得勝里得勝街96號,25.083437,121.471212
1959,蘆洲區,蘆洲區公所1F-男廁,新北市蘆洲區保和里三民路95號,25.084863,121.473869
1960,永和區,忠孝市民活動中心5F-女廁,新北市永和區頂溪里忠孝街26巷8號,25.016856,121.515311
1961,永和區,忠孝市民活動中心4F-女廁,新北市永和區頂溪里忠孝街26巷8號,25.016856,121.515311
1962,坪林區,新北市坪林區衛生所1F-男廁,新北市坪林區坪林里坪林街104號,24.93602383,121.7109203
1963,林口區,速邁樂林口二加油站-女廁,新北市林口區東林里粉寮路一段121 號,25.080825,121.39806
1964,林口區,中油林口加油站-女廁,新北市林口區林口里中山路1號,25.077864,121.396947
1965,林口區,台亞林口中山加油站-無障礙廁所,新北市林口區湖南里文化三路二段300號,25.083749,121.377386
1966,蘆洲區,新北市蘆洲戶政事務所8F-男廁,新北市蘆洲區仁義里集賢路245號,25.08497702,121.4811516
1967,蘆洲區,蘆洲永安圖書館2F-男廁,新北市蘆洲區延平里永安南路二段134號,25.0785637,121.4630413
1968,三重區,家樂福重新店1F左側-男廁,新北市三重區五谷里重新路五段654號,25.04307,121.467123
1969,萬里區,7-11翡翠店2F-混合廁所,新北市萬里區龜吼里美崙路90號,25.18447635,121.686759
1970,淡水區,中油淡海新市鎮加油站-女廁,新北市淡水區埤島里淡金路2段599號,25.192281,121.446498
1971,新店區,陽光運動園區C區1-性別友善廁所,新北市新店區安和里安業街陽光橋旁,24.978884,121.516099
1972,中和區,錦昌里活動中心3F-女廁,新北市中和區錦昌里圓通路367巷15-1號,24.987762,121.49257
1973,中和區,明穗里活動中心1F-女廁,新北市中和區明穗里民享街114巷9號,24.999223,121.474054
1974,中和區,興南里活動中心1F-混合廁所,新北市中和區興南里信義街41巷14號,24.989157,121.511663
1975,中和區,錦和運動公園-女廁,新北市中和區錦中里錦和路350-1號,24.99240908,121.4879665
1976,板橋區,板橋火車站B1西門-無障礙廁所,新北市板橋區新民里縣民大道二段7號,25.0139,121.464
1977,新莊區,晶宴會館新莊店2F東側-女廁,新北市新莊區思源里思源路40號,25.042935,121.460241
1978,新莊區,新莊區衛生所1F-女廁,新北市新莊區榮和里中華路一段2號,25.036265,121.452162
1979,新莊區,中平派出所1F-混合廁所,新北市新莊區中平里中平路286號,25.050992,121.444897
1980,新莊區,光華派出所1F-女廁,新北市新莊區光正里民安西路141號,25.017043,121.426437
1981,新莊區,新莊地藏庵-男廁,新北市新莊區立人里中正路84號,25.037796,121.456733
1982,板橋區,國光公園活動中心-女廁,新北市板橋區香社里中正路375巷48號,25.020347,121.453538
1983,新店區,中油中正加油站-女廁,新北市新店區江陵里中正路470號,24.981024,121.533998
1984,土城區,新北市政府警察局土城分局1F-女廁,新北市土城區埤塘里和平路22號,24.9732,121.443
1985,板橋區,板城綠地-男廁,新北市板橋區湳興里南雅西路一段134號,25.007,121.4525
1986,板橋區,板橋火車站1F東門-無障礙廁所,新北市板橋區新民里縣民大道二段7號,25.0139,121.464
1987,新莊區,佳瑪百貨新莊店B1-無障礙廁所,新北市新莊區中港里幸福路763號,25.049056,121.447974
1988,永和區,得和市民活動中心左側-混合廁所,新北市永和區永元里秀朗路2段24巷35號,25.0018,121.5201
1989,新莊區,中港派出所1F-男廁,新北市新莊區中華里中港路352號,25.046364,121.451961
1990,新莊區,中港派出所1F-女廁,新北市新莊區中華里中港路352號,25.046364,121.451961
1991,板橋區,遠東百貨板橋店10F-無障礙廁所,新北市板橋區深丘里中山路一段152號,25.011058,121.464305
1992,深坑區,深坑衛生所公廁-男廁,新北市深坑區深坑里深坑街165號,25.00097595,121.6124813
1993,三峽區,三峽區公所3F-女廁,新北市三峽區永館里中山路17號,24.934238,121.368864
1994,新莊區,衛生福利部臺北醫院1F藥局旁-無障礙廁所,新北市新莊區思源里思源路127號,25.04324,121.459622
1995,中和區,中油高加加油站-女廁,新北市中和區景平里景平路177號,24.992398,121.511923
1996,中和區,中油高加加油站-男廁,新北市中和區景平里景平路177號,24.992398,121.511923
1997,中和區,南山福德宮立體停車場-女廁,新北市中和區內南里興南路2段399巷160-1號,24.9716,121.4994
1998,中和區,中和區公所右側5F-女廁,新北市中和區漳和里景平路634-2號,24.9986,121.5009
1999,新莊區,新莊福壽公園-女廁,新北市新莊區信義里昌明街1號,25.052213,121.457633
2000,三重區,三重圖書館1F-男廁,新北市三重區正義里自強路1段158號,25.066248,121.495667
2001,板橋區,遠東百貨板橋店8F-無障礙廁所,新北市板橋區深丘里中山路一段152號,25.011058,121.464305
2002,樹林區,新北市政府警察局樹林分局-混合廁所,新北市樹林區潭底里保安街1段283號,24.997174,121.418982
2003,三峽區,插角派出所-混合廁所,新北市三峽區插角里插角67-1號,24.870922,121.406479
2004,新莊區,衛生福利部臺北醫院B1餐廳旁-女廁,新北市新莊區思源里思源路127號,25.04324,121.459622
2005,新莊區,衛生福利部臺北醫院3F內科門診-女廁,新北市新莊區思源里思源路127號,25.04324,121.459622
2006,新店區,台亞碧潭加油站-女廁,新北市新店區頂城里安康路一段35號,24.960776,121.531364
2007,新店區,陽光運動園區C區1-女廁,新北市新店區安和里安業街陽光橋旁,24.97650796,121.519196
2008,新店區,陽光運動園區B區2-女廁,新北市新店區安和里安業街陽光橋旁,24.978884,121.516099
2009,新店區,陽光運動園區C區2-男廁,新北市新店區安和里安業街陽光橋旁,24.978884,121.516099
2010,新店區,陽光運動園區C區2-女廁,新北市新店區安和里安業街陽光橋旁,24.978884,121.516099
2011,新店區,陽光運動園區(近安業街)A區2-男廁,新北市新店區安和里安業街陽光橋旁,24.978884,121.516099
2012,新莊區,新北市立圖書館西盛分館1F-女廁,新北市新莊區光正里西盛街216號,25.017351,121.428005
2013,新莊區,新北市立圖書館西盛分館1F-男廁,新北市新莊區光正里西盛街216號,25.017351,121.428005
2014,中和區,衛生福利部雙和醫院1F急診-男廁,新北市中和區力行里中正路291號,24.993746,121.494082
2015,中和區,衛生福利部雙和醫院1F星巴克-女廁,新北市中和區力行里中正路291號,24.993746,121.494082
2016,中和區,衛生福利部雙和醫院美食商場B1-女廁,新北市中和區力行里中正路291號,24.993746,121.494082
2017,土城區,青雲、柑林活動中心B1-女廁,新北市土城區青雲里青雲路141巷18號,24.98237,121.458501
2018,土城區,祖田市民活動中心2F-女廁,新北市土城區祖田里中央路4段283之1號,24.95241246,121.4115107
2019,永和區,永和區公所4F-男廁,新北市永和區豫溪里竹林路200號,25.009177,121.520484
2020,三峽區,長福停車場-無障礙廁所,新北市三峽區礁溪里光明路1號,24.932178,121.372714
2021,新莊區,新莊體育場南邊-男廁,新北市新莊區立德里和興街66號 ,25.0405,121.451989
2022,三峽區,三峽白雞行修宮停車場-女廁,新北市三峽區嘉添里白雞155號,24.90515085,121.4004171
2023,三峽區,三峽區公有零售市場1F-無障礙廁所,新北市三峽區永館里民生街186號,24.934932,121.370673
2024,五股區,更寮派出所1F-混合廁所,新北市五股區更寮里中興路2段147號,25.077923,121.458423
2025,三峽區,新北市客家文化園區餐廳側1F-男廁,新北市三峽區鳶山里隆恩街239號,24.94173444,121.3607258
2026,三峽區,新北市客家文化園區展場側2F-男廁,新北市三峽區鳶山里隆恩街239號,24.94159824,121.3599694
2027,三峽區,新北市客家文化園區展場側2F-女廁,新北市三峽區鳶山里隆恩街239號,24.94151069,121.3599586
2028,新莊區,衛生福利部臺北醫院3F內科門診-男廁,新北市新莊區思源里思源路127號,25.04324,121.459622
2029,石門區,中油石門加油站-女廁,新北市石門區石門里中央路1-15號,25.291086,121.561304
2030,三峽區,中油長壽山加油站-女廁,新北市三峽區溪北里介壽路3段131號,24.942694,121.399517
2031,中和區,南山福德宮立體停車場-男廁,新北市中和區內南里興南路2段399巷160-1號,24.9716,121.4994
2032,中和區,中和區公所左側5F-女廁,新北市中和區漳和里景平路634-2號,24.9986,121.5009
2033,中和區,中和區公所左側5F-男廁,新北市中和區漳和里景平路634-2號,24.9986,121.5009
2034,樹林區,長壽親子公園-女廁,新北市樹林區樹福里樹德街35號,24.991658,121.42239
2035,新莊區,光華派出所1F-男廁,新北市新莊區光正里民安西路141號,25.017043,121.426437
2036,新莊區,新莊武聖廟-男廁,新北市新莊區文衡里新莊路340號,25.033701,121.45014
2037,新莊區,新莊慈祐宮-男廁,新北市新莊區榮和里新莊路218號,25.03441,121.452952
2038,新莊區,新莊保元宮-男廁,新北市新莊區文明里中正路143號,25.038063,121.459661
2039,新店區,陽光運動園區(近安業街)A區-無障礙廁所,新北市新店區安和里安業街陽光橋旁,24.978884,121.516099
2040,淡水區,N128全國淡水加油站-女廁,新北市淡水區民生里民權路41號,25.140392,121.460109
2041,新店區,陽光運動園區B區1-女廁,新北市新店區安和里安業街陽光橋旁,24.978884,121.516099
2042,新店區,陽光運動園區B區-無障礙廁所,新北市新店區安和里安業街陽光橋旁,24.978884,121.516099
2043,中和區,中和區公所左側6F-男廁,新北市中和區漳和里景平路634-2號,24.9986,121.5009
2044,中和區,中和區公所右側6F-男廁,新北市中和區漳和里景平路634-2號,24.998545,121.500735
2045,中和區,中和區公所右側6F-女廁,新北市中和區漳和里景平路634-2號,24.9986,121.5009
2046,樹林區,長壽親子公園-男廁,新北市樹林區樹福里樹德街35號,24.991658,121.42238
2047,板橋區,新北市政府3F東側(靠側邊樓梯)-女廁,新北市板橋區福丘里中山路一段161號,25.012093,121.465589
2048,三峽區,滿月圓森林遊樂區遊客中心-女廁,新北市三峽區有木里有木174-1號,24.829274,121.444224
2049,土城區,土城公有零售市場1F-女廁,新北市土城區員信里中正路18號,24.9749,121.4429
2050,中和區,中和區公所右側3F-男廁,新北市中和區漳和里景平路634-2號,24.998635,121.500995
2051,中和區,民德活動中心1F-女廁,新北市中和區清穗里民德路197號,24.998346,121.468406
2052,中和區,民生里活動中心1F-混合廁所,新北市中和區民生里民生街28巷2-1號,25.00562,121.470001
2053,中和區,華福活動中心1F-男廁,新北市中和區明德里民德路311號,24.994783,121.467347
2054,中和區,錦盛里活動中心1F-混合廁所,新北市中和區錦盛里圓通路335巷37弄12號,24.989026,121.494205
2055,中和區,衛生福利部雙和醫院1F急診-女廁,新北市中和區力行里中正路291號,24.993746,121.494082
2056,中和區,衛生福利部雙和醫院2F婦科門診-女廁,新北市中和區力行里中正路291號,24.993746,121.494082
2057,三芝區,三芝區公所5F-女廁,新北市三芝區埔頭里中山路一段32號,25.25793619,121.501004
2058,三重區,和平市民活動中心-女廁,新北市三重區立德里自強路2段90號,25.07115,121.487309
2059,三重區,和平市民活動中心-男廁,新北市三重區立德里自強路2段90號,25.070333,121.488345
2060,新莊區,中油興德加油站-男廁,新北市新莊區頭前里頭前路13號,25.052264,121.468036
2061,新莊區,中油興德加油站-無障礙廁所,新北市新莊區頭前里頭前路13號,25.052264,121.468036
2062,三重區,重新橋第2市民活動中心-性平友善廁所,新北市三重區德厚里重新路5段283號,25.049112,121.478604
2063,三重區,過圳市民活動中心1F左側-女廁,新北市三重區過田里過圳街19號,25.060209,121.487974
2064,三重區,三重綜合體育館1F前側-女廁1,新北市三重區中山里新北大道一段2號,25.061875,121.491836
2065,三重區,社教館2F-女廁,新北市三重區光明里集美街60號,25.053856,121.491125
2066,三重區,社教館2F-男廁,新北市三重區光明里集美街60號,25.05497,121.489442
2067,三重區,光興市民活動中心B1-男廁,新北市三重區光輝里正義南路62號,25.058805,121.498936
2068,三重區,龍濱市民活動中心1F-女廁,新北市三重區龍濱里秀江街28號,25.072904,121.502292
2069,三重區,三德市民活動中心-男廁,新北市三重區承德里龍門路274巷36號,25.075123,121.501136
2070,三重區,永德市民活動中心-女廁,新北市三重區永德里自強路3段43巷23號,25.07285,121.487756
2071,三重區,溪美市民活動中心(廣一廣場)B1-男廁,新北市三重區溪美里自強路4段84號,25.079025,121.490576
2072,中和區,中和區衛生所1F-男廁,新北市中和區漳和里南山路4巷3號,24.998691,121.501638
2073,板橋區,新北市政府3F東側(靠側邊樓梯)-男廁,新北市板橋區福丘里中山路一段161號,25.012093,121.465589
2074,永和區,永和忠孝圖書閱覽室3F-無障礙廁所,新北市永和區頂溪里忠孝街26巷8號,25.016856,121.515311
2075,永和區,比漾廣場5F-無障礙廁所,新北市永和區保安里中山路1段238號,25.007837,121.507646
2076,三重區,興華市民活動中心1F-女廁,新北市三重區光田里中華路5號,25.060222,121.483396
2077,汐止區,北峰市民活動中心2F-女廁,新北市汐止區北峰里中興路250號,25.068476,121.629263
2078,瑞芳區,九份昭靈廟-女廁,新北市瑞芳區基山里九份昭靈廟,25.110949,121.84593
2079,深坑區,土庫第一市民活動中心2F-無障礙廁所,新北市深坑區土庫里北深路一段83巷8弄36號,25.00995957,121.6346705
2080,三芝區,三芝區公所3F-性別友善廁所,新北市三芝區埔頭里中山路一段32號,25.25793619,121.501004
2081,三峽區,新北市客家文化園區演藝廳側2F-男廁,新北市三峽區鳶山里隆恩街239號,24.94170526,121.3606882
2082,三芝區,三芝衛生所2F-女廁,新北市三芝區埔頭里中山路一段12號,25.25847793,121.5007204
2083,三峽區,三峽祖師廟-女廁,新北市三峽區秀川里長福街1號,24.9338,121.370367
2084,土城區,麥當勞土城金城店B1-女廁,新北市土城區金城里金城路3段55號,24.98644701,121.4655733
2085,土城區,大潤發土城店1F-女廁,新北市土城區永寧里永安街25號 ,24.96524534,121.4330864
2086,深坑區,深坑區衛生所1F-男廁,新北市深坑區深坑里深坑街165號,25.0009204,121.6125315
2087,林口區,林口運動公園-女廁,新北市林口區仁愛里仁愛一路與公園路交叉口,25.07385067,121.373992
2088,新店區,陽光運動園區B區2-男廁,新北市新店區安和里安業街陽光橋旁,24.978884,121.516099
2089,新店區,陽光運動園區(近安業街)A區3-性別友善廁所,新北市新店區安和里安業街陽光橋旁,24.978884,121.516099
2090,新莊區,新北市立圖書館西盛分館1F-無障礙廁所,新北市新莊區光正里西盛街216號,25.017351,121.428005
2091,新莊區,新莊公園-女廁,新北市新莊區恆安里中正路82號,25.037772,121.457849
2092,中和區,中和區公所左側4F-女廁,新北市中和區漳和里景平路634-2號,24.998635,121.500995
2093,中和區,中和區公所左側4F-男廁,新北市中和區漳和里景平路634-2號,24.998635,121.500995
2094,中和區,中和區公所右側4F-女廁,新北市中和區漳和里景平路634-2號,24.998635,121.500995
2095,土城區,清和市民活動中心1F-男廁,新北市土城區清和里青雲路368號,24.973839,121.458606
2096,土城區,延吉活動中心1F-混合廁所,新北市土城區延吉里延吉街137巷13.15號,24.985819,121.471119
2097,土城區,金城峰廷市民活動中心B1-男廁,新北市土城區金城里金城路3段52巷3號,24.986593,121.465992
2098,土城區,貨饒市民活動中心3F-男廁,新北市土城區貨饒里中央路1段7-8號,24.991913,121.44926
2099,土城區,青山市民活動中心1F-混合廁,新北市土城區青山里明德路1段74之1號,24.979731,121.464344
2100,永和區,永和區公所1F-女廁,新北市永和區豫溪里竹林路200號,25.009583,121.520319
2101,永和區,永和區公所2F-男廁,新北市永和區豫溪里竹林路200號,25.009583,121.520319
2102,中和區,頂南里活動中心1F-混合廁所,新北市中和區頂南里興南路2段159巷28號,24.982645,121.505361
2103,中和區,錦昌里活動中心3F-男廁,新北市中和區錦昌里圓通路367巷15-1號,24.987458,121.492352
2104,中和區,明穗里活動中心1F-男廁,新北市中和區明穗里民享街114巷9號,24.999223,121.474054
2105,中和區,安穗里里民活動中心1F-混合廁所,新北市中和區安穗里員山路294巷7號,25.002468,121.48184
2106,中和區,民安里活動中心1F-混合廁所,新北市中和區民安里民安街65巷2號,24.999669,121.478667
2107,中和區,衛生福利部雙和醫院1F抽血檢驗科-女廁,新北市中和區力行里中正路291號,24.993746,121.494082
2108,中和區,衛生福利部雙和醫院2F健檢中心-女廁,新北市中和區力行里中正路291號,24.993746,121.494082
2109,中和區,衛生福利部雙和醫院2F健檢中心-男廁,新北市中和區力行里中正路291號,24.993746,121.494082
2110,蘆洲區,蘆洲區公所2F-男廁,新北市蘆洲區保和里三民路95號,25.084863,121.473869
2111,蘆洲區,蘆洲區公所5F-男廁,新北市蘆洲區保和里三民路95號,25.084863,121.473869
2112,蘆洲區,蘆洲區公所5F-女廁,新北市蘆洲區保和里三民路95號,25.084863,121.473869
2113,蘆洲區,新北市政府環境保護局蘆洲區清潔隊6F-男廁,新北市蘆洲區保和里三民路95號,25.084863,121.473869
2114,蘆洲區,新北市政府環境保護局蘆洲區清潔隊6F-女廁,新北市蘆洲區保和里三民路95號,25.084863,121.473869
2115,土城區,新北市立圖書館土城分館7F-無障礙廁所,新北市土城區員信里中正路18號,24.97479004,121.4428282
2116,三重區,慈祐市民活動中心1F-男廁,新北市三重區慈祐里仁愛街425巷9-1號,25.081787,121.490801
2117,三重區,慈祐市民活動中心1F-無障礙廁所,新北市三重區慈祐里仁愛街425巷9-1號,25.081787,121.490801
2118,土城區,中油土城廣福路加油站1F-男廁,新北市土城區瑞興里四川路１號,24.996041,121.455928
2119,瑞芳區,九份昭靈廟-男廁,新北市瑞芳區基山里九份昭靈廟,25.110949,121.84593
2120,樹林區,山佳火車站-男廁,新北市樹林區中山里中山路三段108號,24.972481,121.392614
2121,新店區,新店圖書館-無障礙廁,新北市新店區大同里北新路3段105巷2號3樓,24.982169,121.541029
2122,雙溪區,雙溪明天宮-男廁,新北市雙溪區共和里中山路41巷7號,25.031885,121.866133
2123,鶯歌區,尖山公園(近尖山路137巷)-性別友善廁所,新北市鶯歌區尖山里無,24.94853,121.34708
2124,三峽區,三峽區公有零售市場3F-男廁,新北市三峽區永館里民生街186號,24.934932,121.370673
2125,永和區,永和區公所2F-女廁,新北市永和區豫溪里竹林路200號,25.009583,121.520319
2126,永和區,得和市民活動中心右側-混合廁所,新北市永和區永元里秀朗路2段24巷35號,25.0018,121.5201
2127,三峽區,吉埔派出所-混合廁所,新北市三峽區大埔里中正路2段451號,24.908173,121.366136
2128,三重區,新北市政府稅捐稽徵處三重分處3F-男廁,新北市三重區過田里重陽路1段115號,25.060173,121.487057
2129,三重區,五華市民活動中心1F-男廁,新北市三重區五華里仁義街228巷12號,25.084786,121.49483
2130,新莊區,新莊體育館景觀樓-女廁,新北市新莊區立德里和興街66號,25.041388,121.446441
2131,新莊區,新莊體育館陽光草坪-男廁,新北市新莊區立德里和興街66號,25.041388,121.446441
2132,三峽區,三峽圖書館1F-無障礙廁所,新北市三峽區介壽里永安街9巷5號,24.929715,121.376464
2133,三重區,重新橋第1市民活動中心-女廁,新北市三重區福德里重新路4段254-1號,25.053298,121.485757
2134,三重區,過圳市民活動中心1F左側-無障礙廁所,新北市三重區過田里過圳街19號,25.060209,121.487974
2135,三重區,三重綜合體育館1F前側-無障礙廁所,新北市三重區中山里新北大道一段2號,25.061875,121.491836
2136,三重區,社教館1F-無障礙廁所,新北市三重區光明里集美街60號,25.053856,121.491125
2137,三重區,台北橋市民活動中心-男廁,新北市三重區永興里台北橋下橋孔,25.063905,121.503557
2138,三重區,大同社區市民活動中心-男廁,新北市三重區民生里大同北路186號,25.066295,121.490708
2139,三重區,正義市民活動中心-男廁,新北市三重區雙園里雙園街1號,25.068239,121.497535
2140,汐止區,福德市民活動中心2F-女廁,新北市汐止區福德里福德一路232-1號,25.065366,121.633534
2141,汐止區,福德市民活動中心1F-女廁,新北市汐止區福德里福德一路232-1號,25.065366,121.633534
2142,土城區,日新市民活動中心1F-混合廁所,新北市土城區日新里裕生路100巷5號,24.984991,121.44625
2143,土城區,中正學士埤林活動中心1F-女廁,新北市土城區中正里裕民路193之1號,24.984293,121.453728
2144,土城區,延和市民活動中心B2-男廁,新北市土城區延和里立德路109號,24.987416,121.46399
2145,永和區,永和區公所3F-男廁,新北市永和區豫溪里竹林路200號,25.009583,121.520319
2146,永和區,永和區公所3F-女廁,新北市永和區豫溪里竹林路200號,25.009583,121.520319
2147,永和區,永和區公所4F-女廁,新北市永和區豫溪里竹林路200號,25.009583,121.520319
2148,三峽區,長福停車場-男廁,新北市三峽區礁溪里光明路1號,24.932178,121.372714
2149,三重區,新北市政府稅捐稽徵處三重分處2F-男廁,新北市三重區過田里重陽路1段115號,25.060173,121.487057
2150,三重區,新北市政府稅捐稽徵處三重分處3F-女廁,新北市三重區過田里重陽路1段115號,25.060173,121.487057
2151,三重區,新北市三重區衛生所2F-無障礙廁所,新北市三重區過田里新北大道一段1號,25.061082,121.488476
2152,新莊區,福營行政大樓2F-女廁,新北市新莊區四維里四維路9號,25.024294,121.423751
2153,新莊區,福營行政大樓1F-無障礙廁所,新北市新莊區四維里四維路9號,25.024294,121.423751
2154,新莊區,福營行政大樓6F-無障礙廁所,新北市新莊區四維里四維路9號,25.024294,121.423751
2155,新莊區,福營行政大樓6F-女廁,新北市新莊區四維里四維路9號,25.024294,121.423751
2156,三重區,三重田中圖書館3F-男廁,新北市三重區田中里忠孝路三段40巷51號,25.065531,121.483024
2157,板橋區,遠東百貨板橋店6F-無障礙廁所,新北市板橋區深丘里中山路一段152號,25.011058,121.464305
2158,樹林區,樹林區戶政事務所-混合廁所,新北市樹林區潭底里保安街1段285號,24.996657,121.418938
2159,三峽區,三峽區公所2F-女廁,新北市三峽區永館里中山路17號,24.934238,121.368864
2160,新莊區,衛生福利部臺北醫院B1餐廳旁-男廁,新北市新莊區思源里思源路127號,25.04324,121.459622
2161,新莊區,衛生福利部臺北醫院2F內科門診-女廁,新北市新莊區思源里思源路127號,25.04324,121.459622
2162,永和區,麥當勞永和得和店2F-女廁,新北市永和區秀得里得和路405號,24.999331,121.525633
2163,中和區,COSTCO中和店B2-男廁,新北市中和區連和里中山路2段347號,25.0024,121.4923
2164,雙溪區,雙溪南天宮-女廁,新北市雙溪區新基里新基北街64號,25.039909,121.868825
2165,雙溪區,雙溪南天宮-男廁,新北市雙溪區新基里新基北街64號,25.039909,121.868825
2166,三峽區,三峽行修宮-女廁,新北市三峽區嘉添里白雞路155號,24.9050176,121.4020081
2167,三峽區,王廣坑公園-男廁,新北市三峽區中正里大同路87巷,24.923459,121.375592
2168,三峽區,王廣坑公園-女廁,新北市三峽區中正里大同路87巷,24.923459,121.375592
2169,汐止區,文化市民活動中心2F-女廁,新北市汐止區文化里南興路83巷20號,25.059195,121.65349
2170,三峽區,三峽紫微天后宮-女廁,新北市三峽區竹崙里紫薇南路50號,24.908958,121.422779
2171,三峽區,恩主公醫院復興大樓西側2F-女廁,新北市三峽區鳶山里復興路399號,24.938268,121.362805
2172,汐止區,北峰市民活動中心2F-無障礙廁所,新北市汐止區北峰里中興路250號,25.068392,121.629518
2173,蘆洲區,蘆洲區公所3F-女廁,新北市蘆洲區保和里三民路95號,25.084863,121.473869
2174,新店區,文中廣明活動中心2F-女廁,新北市新店區文中里北宜路1段39巷32號,24.957677,121.53992
2175,新店區,文中廣明活動中心3F-女廁,新北市新店區文中里北宜路1段39巷32號,24.957677,121.53992
2176,樹林區,交通部公路總局台北區監理所-女廁,新北市樹林區圳民里中正路248巷7號,25.008948,121.418212
2177,三峽區,三峽區公所2F-男廁,新北市三峽區永館里中山路17號,24.934238,121.368864
2178,三峽區,三峽區公所3F-男廁,新北市三峽區永館里中山路17號,24.934238,121.368864
2179,三峽區,三峽區公所4F-性別友善廁所,新北市三峽區永館里中山路17號,24.934238,121.368864
2180,新莊區,福營行政大樓1F-男廁,新北市新莊區四維里四維路9號,25.024294,121.423751
2181,新店區,明城活動中心2F-男廁,新北市新店區明城里黎明路9-1號,24.95025,121.502609
2182,新莊區,新莊體育館景觀樓-男廁,新北市新莊區立德里和興街66號,25.041388,121.446441
2183,新店區,明城活動中心2F-女廁,新北市新店區明城里黎明路9-1號,24.95025,121.502609
2184,新店區,大鵬活動中心2F-男廁,新北市新店區大鵬里中正路700巷26號,24.991403,121.534674
2185,三重區,三重綜合體育館1F後側-無障礙廁所,新北市三重區中山里新北大道一段2號,25.061875,121.491836
2186,三重區,三民市民活動中心1F-女廁,新北市三重區田中里忠孝路三段40巷51號,25.065538,121.483136
2187,三重區,龍濱市民活動中心1F-男廁,新北市三重區龍濱里秀江街28號,25.072904,121.502292
2188,烏來區,瀑布遊客中心-無障礙廁所,新北市烏來區烏來里瀑布路34號,24.848785,121.551833
2189,八里區,金龍餐廳-男廁,新北市八里區龍源里無,25.12611,121.452586
2190,八里區,金龍餐廳-女廁,新北市八里區龍源里無,25.12611,121.452586
2191,石碇區,中民派出所-混合廁所,新北市石碇區中民里靜安路1段236號,25.00911417,121.6667631
2192,石碇區,碧山派出所-混合廁所,新北市石碇區格頭里北宜路五段42號,24.943711,121.622605
2193,汐止區,汐止行政中心2F右側-無障礙廁所,新北市汐止區秀峰里新台五路一段268號,25.063853,121.658992
2194,汐止區,汐止行政中心3F右側-女廁,新北市汐止區秀峰里新台五路一段268號,25.063853,121.658992
2195,汐止區,汐止行政中心7F左側-男廁,新北市汐止區秀峰里新台五路一段268號,25.063853,121.658992
2196,中和區,中興公園-男廁,新北市中和區中興里中興街263巷74號對面,24.9873,121.4997
2197,板橋區,新北市政府4F東側(靠側邊樓梯)-男廁,新北市板橋區福丘里中山路一段161號,25.012093,121.465589
2198,板橋區,新北市政府6F東側-男廁,新北市板橋區福丘里中山路一段161號,25.012093,121.465589
2199,平溪區,平溪新寮-男廁,新北市平溪區新寮里無,25.05856366,121.791058
2200,永和區,忠孝市民活動中心4F-無障礙廁所,新北市永和區頂溪里忠孝街26巷8號,25.016856,121.515311
2201,三重區,興華市民活動中心1F-男廁,新北市三重區光田里中華路5號,25.060222,121.483396
2202,新店區,社福館4F-女廁,新北市新店區大豐里民族路110號,24.976931,121.537558
2203,三峽區,三峽區公有零售市場3F-女廁,新北市三峽區永館里民生街186號,24.934932,121.370673
2204,萬里區,中油萬里加油站-女廁,新北市萬里區龜吼里美崙31之1號,25.193465,121.685895
2205,板橋區,福翠里民活動中心-男廁,新北市板橋區福翠里萬板路818號之1,25.027553,121.482568
2206,三峽區,恩主公醫院復興大樓西側2F-男廁,新北市三峽區鳶山里復興路399號,24.938268,121.362805
2207,三峽區,恩主公醫院復興大樓東側2F-無障礙廁所,新北市三峽區鳶山里復興路399號,24.93817969,121.3630743
2208,石碇區,彭山里辦公處-女廁,新北市石碇區彭山里無,24.964564,121.678245
2209,新店區,碧潭東岸(吊橋下旁)03-混合廁所,新北市新店區新店里碧潭東岸吊橋下旁,24.9556353,121.5368557
2210,板橋區,華東公園-女廁,新北市板橋區華東里板城路28之1號旁,24.99581154,121.4499414
2211,板橋區,環河公園-女廁,新北市板橋區香雅里南雅西路二段301巷41弄,25.0166,121.4516
2212,板橋區,溪北公園(金門街)-男廁,新北市板橋區堂春里篤行路二段133號,24.9904,121.4312
2213,土城區,土城戶政事務所1F-女廁,新北市土城區埤塘里和平路28號,24.9725,121.443
2214,土城區,土城區公所1F-男廁,新北市土城區埤塘里金城路1段101號,24.9727,121.4434
2215,土城區,土城區公所4F-女廁 ,新北市土城區埤塘里金城路1段101號,24.9727,121.4434
2216,板橋區,華東公園-無障礙廁所,新北市板橋區華東里板城路28之1號旁,24.9947,121.449
2217,三重區,三德市民活動中心-女廁,新北市三重區承德里龍門路274巷36號,25.075123,121.501136
2218,三重區,厚德市民活動中心2F-無障礙廁所,新北市三重區厚德里三和路三段170巷49號,25.07273,121.490812
2219,三重區,慈化市民活動中心-女廁,新北市三重區慈化里溪尾街327號,25.084738,121.488241
2220,蘆洲區,蘆洲湧蓮寺2F-女廁,新北市蘆洲區得勝里得勝街96號,25.083437,121.471212
2221,永和區,忠孝市民活動中心5F-男廁,新北市永和區頂溪里忠孝街26巷8號,25.016856,121.515311
2222,新店區,文中廣明活動中心1F-男廁,新北市新店區文中里北宜路1段39巷32號,24.957677,121.53992
2223,新莊區,新莊福壽公園-男廁,新北市新莊區信義里昌明街1號,25.052213,121.457633
2224,土城區,全國中華加油站1F-女廁,新北市土城區員福里中華路2段1號,24.979156,121.439812
2225,新莊區,衛生福利部臺北醫院2F內科門診-男廁,新北市新莊區思源里思源路127號,25.04324,121.459622
2226,石門區,老人活動中心-女廁,新北市石門區老梅里公地44號,25.2895229,121.5455536
2227,永和區,麥當勞永和中山店2F-女廁,新北市永和區保安里中山路1段214號,25.008558,121.508392
2228,板橋區,新北市政府5F東側(靠側邊樓梯)-女廁,新北市板橋區福丘里中山路一段161號,25.012093,121.465589
2229,三峽區,滿月圓森林遊樂區遊客中心-男廁,新北市三峽區有木里有木174-1號,24.829274,121.444224
2230,平溪區,十分火車站-男廁,新北市平溪區十分里十分街51號,25.041118,121.775027
2231,永和區,比漾廣場2F-無障礙廁所,新北市永和區保安里中山路1段238號,25.007837,121.507646
2232,汐止區,汐止行政中心7F右側-女廁,新北市汐止區秀峰里新台五路一段268號,25.063853,121.658992
2233,深坑區,深坑區立公有停車場1F-女廁,新北市深坑區深坑里北深路二段192號,25.002098,121.613212
2234,三重區,幸福水漾公園(疏洪)-男廁,新北市三重區三民里疏洪14號,25.062253,121.486693
2235,三重區,幸福水漾公園(重新橋)-男廁,新北市三重區福祉里重新橋下,25.060718,121.47857
2236,三重區,幸福水漾公園(中山橋)-性別友善廁所,新北市三重區福祉里中山橋下,25.060718,121.47857
2237,三重區,幸福水漾公園(中山橋)-男廁,新北市三重區福祉里中山橋下,25.060718,121.47857
2238,三重區,幸福水漾公園(中山橋)-女廁,新北市三重區福祉里中山橋下,25.060718,121.47857
2239,新店區,社福館4F-男廁,新北市新店區大豐里民族路110號,24.976931,121.537558
2240,樹林區,新北市樹林區長壽親子公園-無障礙廁所,新北市樹林區樹福里樹德街35號,24.991658,121.42238
2241,雙溪區,虎豹潭風景區-混合廁,新北市雙溪區泰平里虎豹潭友善廁所,24.95483,121.822098
2242,鶯歌區,建德里活動中心-女廁,新北市鶯歌區建德里中正一路建德巷11號,24.95738,121.364599
2243,萬里區,中油萬里加油站-男廁,新北市萬里區龜吼里美崙31之1號,25.18437926,121.6870058
2244,三峽區,三峽紫微天后宮-男廁,新北市三峽區竹崙里紫薇南路50號,24.908958,121.422779
2245,三峽區,三峽紫微天后宮停車場-男廁,新北市三峽區竹崙里紫薇南路50號,24.909716,121.422921
2246,三峽區,三峽紫微天后宮停車場-無障礙廁所,新北市三峽區竹崙里紫薇南路50號,24.909716,121.422921
2247,新店區,大鵬活動中心2F-女廁,新北市新店區大鵬里中正路700巷26號,24.991403,121.534674
2248,汐止區,汐止行政中心1F右側-女廁,新北市汐止區秀峰里新台五路一段268號,25.063853,121.658992
2249,汐止區,汐止行政中心4F右側-無障礙廁所,新北市汐止區秀峰里新台五路一段268號,25.063853,121.658992
2250,汐止區,汐止行政中心6F左側-男廁,新北市汐止區秀峰里新台五路一段268號,25.063853,121.658992
2251,汐止區,汐止行政中心6F右側-無障礙廁所,新北市汐止區秀峰里新台五路一段268號,25.063853,121.658992
2252,汐止區,汐止行政中心8F右側-無障礙廁所,新北市汐止區秀峰里新台五路一段268號,25.063853,121.658992
2253,三重區,幸福水漾公園(重新橋)-性別友善廁所,新北市三重區福祉里重新橋下,25.060718,121.47857
2254,三重區,三重圖書館1F-女廁,新北市三重區正義里自強路1段158號,25.066,121.495992
2255,三重區,慈祐市民活動中心1F-女廁,新北市三重區慈祐里仁愛街425巷9-1號,25.081787,121.490801
2256,板橋區,遠東百貨板橋店9F-無障礙廁所,新北市板橋區深丘里中山路一段152號,25.011058,121.464305
2257,三峽區,三峽區公所1F-女廁,新北市三峽區永館里中山路17號,24.934238,121.368864
2258,三峽區,三峽區公所1F-男廁,新北市三峽區永館里中山路17號,24.93666593,121.3704515
2259,永和區,麥當勞永和店2F-女廁,新北市永和區勵行里永和路2段170號,25.01324,121.515483
2260,板橋區,麥當勞板橋雨農店2F-男廁,新北市板橋區新翠里雨農路60號,25.024808,121.462731
2261,板橋區,麥當勞板橋雨農店2F-女廁,新北市板橋區新翠里雨農路60號,25.024808,121.462731
2262,八里區,八里真慶宮-男廁,新北市八里區舊城里中華路二段165巷33號,25.148759,121.410695
2263,土城區,台亞土城城林橋站1F-混合廁所,新北市土城區員仁里亞洲路9號,24.9722,121.4345
2264,雙溪區,雙溪明天宮-女廁,新北市雙溪區共和里中山路41巷7號,25.031885,121.866133
2265,三峽區,三峽行修宮-男廁,新北市三峽區嘉添里白雞路155號,24.9050176,121.4020081
2266,新莊區,新莊區地政事務所1F-無障礙廁所,新北市新莊區榮和里中華路一段3號,25.036923,121.451813
2267,新莊區,光華派出所1F-無障礙廁所,新北市新莊區光正里民安西路141號,25.017043,121.426437
2268,石碇區,新店分局石碇分駐所-混合廁所,新北市石碇區潭邊里碇坪路一段79號,24.99192,121.661943
2269,泰山區,財團法人新北市泰山巌-男廁,新北市泰山區明志里應化街32號,25.04381906,121.4233124
2270,土城區,捷運永寧站B2-3號出口-男廁,新北市土城區大安里中央路3段105號,24.9666,121.4365
2271,新莊區,新莊區衛生所1F-男廁,新北市新莊區榮和里中華路一段2號,25.036265,121.452162
2272,新莊區,丹鳳派出所1F-女廁,新北市新莊區雙鳳里雙鳳路75號,25.027664,121.414928
2273,新莊區,新莊保元宮-女廁,新北市新莊區文明里中正路143號,25.038063,121.459661
2274,新莊區,新莊地藏庵-女廁,新北市新莊區立人里中正路84號,25.037796,121.456733
2275,新店區,中油中正加油站-男廁,新北市新店區江陵里中正路470號,24.981024,121.533998
2276,新店區,中油莊敬加油站-女廁,新北市新店區復興里中正路457號,24.980449,121.533732
2277,三峽區,恩主公醫院復興大樓西側B1-女廁,新北市三峽區鳶山里復興路399號,24.938268,121.362805
2278,三芝區,三芝衛生所1F-無障礙,新北市三芝區埔頭里中山路一段12號,25.25847793,121.5007204
2279,石碇區,楓子林派出所-混合廁所,新北市石碇區豐林里楓子林32號,25.00850454,121.6452599
2280,汐止區,汐止行政中心1F右側-無障礙廁所,新北市汐止區秀峰里新台五路一段268號,25.063853,121.658992
2281,汐止區,汐止行政中心2F右側-女廁,新北市汐止區秀峰里新台五路一段268號,25.063853,121.658992
2282,汐止區,汐止行政中心3F左側-男廁,新北市汐止區秀峰里新台五路一段268號,25.063853,121.658992
2283,汐止區,汐止行政中心5F左側-男廁,新北市汐止區秀峰里新台五路一段268號,25.063853,121.658992
2284,中和區,中和區公所右側5F-男廁,新北市中和區漳和里景平路634-2號,24.9986,121.5009
2285,中和區,COSTCO中和店B2-女廁,新北市中和區連和里中山路2段347號,25.0024,121.4923
2286,中和區,中興公園-女廁,新北市中和區中興里中興街263巷74號對面,24.9873,121.4997
2287,中和區,中和鎮南宮-混合廁所,新北市中和區自強里國光街81號,25.000135,121.470639
2288,板橋區,新北市政府4F東側(靠側邊樓梯)-女廁,新北市板橋區福丘里中山路一段161號,25.012093,121.465589
2289,板橋區,新北市政府6F西側-男廁,新北市板橋區福丘里中山路一段161號,25.012093,121.465589
2290,三峽區,長青活動中心-女廁,新北市三峽區永館里中山路69號,24.93468,121.367385
2291,汐止區,汐止行政中心4F左側-男廁,新北市汐止區秀峰里新台五路一段268號,25.063853,121.658992
2292,汐止區,汐止行政中心4F右側-女廁,新北市汐止區秀峰里新台五路一段268號,25.063853,121.658992
2293,新店區,家樂福新店店1F(中間)-女廁,新北市新店區寶興里中興路3段1號,24.975878,121.546235
2294,三重區,幸福水漾公園(疏洪)-女廁,新北市三重區福祉里疏洪14號,25.06436575,121.4721179
2295,三重區,幸福水漾公園(重新橋)-女廁,新北市三重區福祉里重新橋下,25.060718,121.47857
2296,三重區,幸福水漾公園(重新橋)-無障礙廁所,新北市三重區福祉里重新橋下,25.060718,121.47857
2297,三重區,幸福水漾公園(中山橋)-性別友善廁所,新北市三重區福祉里中山橋下,25.060718,121.47857
2298,汐止區,汐止行政中心7F右側-無障礙廁所,新北市汐止區秀峰里新台五路一段268號,25.063853,121.658992
2299,汐止區,汐止行政中心8F右側-女廁,新北市汐止區秀峰里新台五路一段268號,25.063853,121.658992
2300,新莊區,豐年市民活動中心2F-男廁,新北市新莊區泰豐里豐年街57之5號,25.03037,121.446718
2301,三重區,幸福水漾公園(疏洪)-親子廁所,新北市三重區三民里疏洪14號,25.062253,121.486693
2302,三重區,幸福水漾公園(重新橋)-男廁,新北市三重區福祉里重新橋下,25.05132411,121.48453
2303,三重區,幸福水漾公園(中山橋)-無障礙廁所,新北市三重區福祉里中山橋下,25.060718,121.47857
2304,坪林區,大林土地公-男廁,新北市坪林區大林里無,24.923986,121.700389
2305,新店區,陽光運動園區(近安業街)A區1-女廁,新北市新店區安和里安業街陽光橋旁,24.978884,121.516099
2306,烏來區,雲仙樂園空中纜車-男廁,新北市烏來區烏來里瀑布路1-1號,24.84411679,121.5548372
2307,三芝區,三芝遊客中心暨名人文物館-親子無障礙,新北市三芝區埔坪里埔頭坑164-2號,25.24872972,121.5082661
2308,新店區,陽光運動園區C區1-性別友善廁所,新北市新店區安和里安業街陽光橋旁,24.978884,121.516099
2309,新莊區,豐年市民活動中心1F-混合廁所,新北市新莊區豐年里豐年街57之5號,25.030595,121.446719
2310,新莊區,新泰市民活動中心1F-男廁,新北市新莊區忠孝里建中街116巷3弄20號,25.037062,121.445587
2311,中和區,中和區公所左側3F-女廁,新北市中和區漳和里景平路634-2號,24.998635,121.500995
2312,三峽區,長青活動中心-男廁,新北市三峽區永館里中山路69號,24.93468,121.367385
2313,永和區,永和民權圖書館7F-無障礙廁所,新北市永和區民族里民權路60號,24.998017,121.519921
2314,永和區,比漾廣場3F-無障礙廁所,新北市永和區保安里中山路1段238號,25.007837,121.507646
2315,三重區,三重天普雙宮寺-男廁,新北市三重區慈惠里仁美街113號,25.080962,121.485742
2316,三重區,三重天普雙宮寺-女廁,新北市三重區慈惠里仁美街113號,25.080962,121.485742
2317,汐止區,北峰市民活動中心2F-男廁,新北市汐止區北峰里中興路250號,25.068476,121.629263
2318,新店區,新店圖書館-男廁,新北市新店區大同里北新路3段105巷2號3樓,24.982169,121.541029
2319,新店區,新店圖書館-女廁,新北市新店區大同里北新路3段105巷2號3樓,24.982169,121.541029
2320,坪林區,大林土地公-女廁,新北市坪林區大林里無,24.923986,121.700389
2321,鶯歌區,東林加油站-女廁,新北市鶯歌區建德里中正一路461-5號,24.956734,121.364386
2322,新店區,國家人權博物館籌備處-女廁,新北市新店區復興里復興路131號,24.987909,121.533344
2323,萬里區,野柳海洋世界-2F性別友善廁所,新北市萬里區野柳里港東路167-3號,25.2053,121.6911
2324,貢寮區,福隆遊客服務中心1F-男廁,新北市貢寮區福隆里興隆街36號,25.017333,121.942555
2325,貢寮區,福隆遊客服務中心1F-無障礙廁所,新北市貢寮區福隆里興隆街36號,25.017333,121.942555
2326,瑞芳區,九份停車場-女廁,新北市瑞芳區崇文里豎崎路36號,25.11047,121.84309
2327,瑞芳區,五番坑公廁-男廁,新北市瑞芳區崇文里五番坑公廁,25.1072,121.84138
2328,金山區,朱銘美術館-男廁,新北市金山區西湖里西勢湖2號,25.242925,121.609855
2329,土城區,全國土城交流道加油站1F-女廁,新北市土城區永寧里中央路3段158號,24.965644,121.432334
2330,萬里區,野柳地質公園遊客中心-男廁,新北市萬里區野柳里港東路167之1號,25.205444,121.69007
2331,貢寮區,福隆遊客服務中心2F-男廁,新北市貢寮區福隆里興隆街36號,25.017333,121.942555
2332,三重區,福田閱覽室2F-無障礙廁所,新北市三重區福田里三民街256號,25.067841,121.479379
2333,雙溪區,雙溪火車站-無障礙廁所,新北市雙溪區新基里朝陽街1號,25.03857979,121.8665314
2334,板橋區,信義公園活動中心-無障礙廁所,新北市板橋區信義里信義路150巷43之1號,24.991606,121.457373
2335,中和區,中和區公所左側3F-男廁,新北市中和區漳和里景平路634-2號,24.998635,121.500995
2336,中和區,中和區公所右側3F-女廁,新北市中和區漳和里景平路634-2號,24.998635,121.500995
2337,中和區,安和里活動中心1F-混合廁所,新北市中和區安和里保健路44巷2號,24.997244,121.509311
2338,中和區,錦和里活動中心1F-混合廁所,新北市中和區錦和里圓通路369巷2號,24.989371,121.491012
2339,中和區,板橋監理站A棟-女廁,新北市中和區員山里中山路3段116號,25.006112,121.476049
2340,中和區,華福活動中心1F-女廁,新北市中和區明德里民德路311號,24.994784,121.467347
2341,中和區,錦中里活動中心1F-混合廁所,新北市中和區錦中里圓通路294巷13號,24.990162,121.488622
2342,中和區,冠穗里活動中心1F-混合廁所,新北市中和區冠穗里莒光路129巷2弄24號,25.001564,121.473192
2343,中和區,枋寮里活動中心1F-混合廁所,新北市中和區枋寮里南工路18號,25.000443,121.505628
2344,土城區,長風市民活動中心1F-混合廁所,新北市土城區長風里順風路27號,24.97677,121.440311
2345,土城區,學成市民活動中心1F-混合廁所,新北市土城區學成里學成路97巷8號,24.988476,121.450208
2346,土城區,安和活動中心1F-混合廁所,新北市土城區安和里安和路88巷10弄3號,24.989711,121.466317
2347,土城區,延壽活動中心2F-混合廁所,新北市土城區延壽里延和路125巷28號,24.990929,121.468655
2348,土城區,永富活動中心2F-混合廁所 ,新北市土城區永富里明德路1段74之1號,24.98307366,121.4652085
2349,新莊區,福營行政大樓1F-女廁,新北市新莊區四維里四維路9號,25.024294,121.423751
2350,新莊區,新莊體育館司令台(右側)-男廁,新北市新莊區立德里和興街66號,25.041388,121.446441
2351,深坑區,土庫第一市民活動中心2F-混合廁所,新北市深坑區土庫里北深路一段83巷8弄36號,25.00995665,121.6346705
2352,汐止區,文化市民活動中心2F-男廁,新北市汐止區文化里南興路83巷19號,25.059195,121.65349
2353,板橋區,福翠里民活動中心-女廁,新北市板橋區福翠里萬板路818號之1,25.027553,121.482568
2354,汐止區,汐止地政事務所1F左側-男廁,新北市汐止區秀山里新台五路一段262號,25.06369,121.65837
2355,汐止區,汐止行政中心5F右側-女廁,新北市汐止區秀峰里新台五路一段268號,25.063853,121.658992
2356,深坑區,深坑區立公有停車場1F-男廁,新北市深坑區深坑里北深路二段192號,25.002098,121.61321
2357,板橋區,社後、香雅、香社里民活動中心-混合廁所,新北市板橋區社後里大仁街33巷2號,25.017099,121.456053
2358,鶯歌區,中油峰沅加油站-混合廁所,新北市鶯歌區西鶯里中正一路225號,24.95735,121.354191
2359,新莊區,新莊體育館司令台(右側)-女廁,新北市新莊區立德里和興街66號,25.041388,121.446441
2360,三重區,中山橋市民活動中心-混合廁所,新北市三重區頂崁里光復路2段175號之3,25.061663,121.472495
2361,三重區,三重綜合體育館1F後側-男廁,新北市三重區中山里新北大道一段2號,25.061875,121.491836
2362,三重區,聯邦市民活動中心1F-女廁,新北市三重區田心里中華路125號,25.063966,121.484256
2363,三重區,社教館1F-女廁,新北市三重區光明里集美街60號,25.053856,121.491125
2364,三重區,社教館-1F男廁,新北市三重區光明里集美街60號,25.053856,121.491125
2365,三重區,正義市民活動中心-女廁,新北市三重區雙園里雙園街1號,25.068239,121.497535
2366,三重區,六張市民活動中心-男廁,新北市三重區福安里六張街66號,25.069639,121.491931
2367,三重區,六張市民活動中心-女廁,新北市三重區福安里六張街66號,25.069639,121.491931
2368,三重區,永盛市民活動中心1F-女廁,新北市三重區永盛里車路頭街133號,25.076315,121.484637
2369,三重區,永盛市民活動中心1F-男廁,新北市三重區永盛里車路頭街133號,25.076315,121.484637
2370,三重區,重陽橋市民活動中心-女廁,新北市三重區五福里環河北路重陽橋孔,25.083967,121.497446
2371,三重區,慈化市民活動中心-無障礙廁所,新北市三重區慈化里溪尾街327號,25.084738,121.488241
2372,蘆洲區,中原公園-女廁,新北市蘆洲區光明里長興路50巷與長樂路交叉口,25.083507,121.464038
2373,蘆洲區,中原公園-男廁,新北市蘆洲區光明里長興路50巷與長樂路交叉口,25.083507,121.464038
2374,蘆洲區,蘆洲區公所1F-女廁,新北市蘆洲區保和里三民路95號,25.084863,121.473869
2375,永和區,忠孝市民活動中心4F-男廁,新北市永和區頂溪里忠孝街26巷8號,25.016856,121.515311
2376,新店區,文中廣明活動中心1F-女廁,新北市新店區文中里北宜路1段39巷32號,24.957677,121.53992
2377,新店區,文中廣明活動中心2F-男廁,新北市新店區文中里北宜路1段39巷32號,24.957677,121.53992
2378,新店區,文中廣明活動中心3F-男廁,新北市新店區文中里北宜路1段39巷32號,24.957677,121.53992
2379,三重區,三重圖書館3F-女廁,新北市三重區正義里自強路1段158號,25.066,121.495992
2380,鶯歌區,同慶萬善堂-女廁,新北市鶯歌區同慶里中正二路45巷1號,24.950859,121.350706
2381,鶯歌區,同慶萬善堂-男廁,新北市鶯歌區同慶里中正二路45巷1號,24.9507,121.3503
2382,板橋區,遠東百貨板橋店13F-無障礙廁所,新北市板橋區深丘里中山路一段152號,25.011058,121.464305
2383,板橋區,遠東百貨板橋店12F-無障礙廁所,新北市板橋區深丘里中山路一段152號,25.011058,121.464305
2384,樹林區,交通部公路總局台北區監理所-男廁,新北市樹林區圳民里中正路248巷7號,25.008948,121.418212
2385,永和區,永和圖書館-女廁,新北市永和區光明里國光路2號,25.008631,121.519898
2386,新莊區,衛生福利部臺北醫院1F藥局旁-女廁,新北市新莊區思源里思源路127號,25.04324,121.459622
2387,新莊區,衛生福利部臺北醫院1F藥局旁-男廁,新北市新莊區思源里思源路127號,25.04324,121.459622
2388,石門區,石門洞停車場-女廁,新北市石門區尖鹿里無,25.29686894,121.5699971
2389,中和區,中和區公所左側6F-女廁,新北市中和區漳和里景平路634-2號,24.998545,121.500735
2390,板橋區,新北市政府5F東側(靠側邊樓梯)-男廁,新北市板橋區福丘里中山路一段161號,25.012093,121.465589
2391,三重區,幸福水漾公園(中山橋)-性別友善廁所,新北市三重區福祉里中山橋下,25.060718,121.47857
2392,三重區,三重昭安宮2F-女廁,新北市三重區光明里集美街207巷21號,25.0542,121.4924
2393,平溪區,平石社區-男廁,新北市平溪區平溪里無,25.02558,121.73849
2394,新店區,國家人權博物館籌備處-親子廁所,新北市新店區復興里復興路131號,24.987909,121.533344
2395,萬里區,野柳海洋世界-2F女廁,新北市萬里區野柳里港東路167-3號,25.2053,121.6911
2396,萬里區,新北巿萬里衛生所2F-女廁,新北市萬里區萬里里瑪鋉路157號,25.181891,121.688229
2397,平溪區,菁桐火車站-無障礙廁所,新北市平溪區菁桐里菁桐街2號,25.024082,121.723835
2398,平溪區,十分火車站-無障礙廁所,新北市平溪區十分里十分街51號,25.0411,121.775
2399,板橋區,板橋第二運動場D棟-男廁,新北市板橋區社後里民權路117號,25.014033,121.457208
2400,坪林區,新北市坪林茶業博物館1F-女廁,新北市坪林區水德里水聳淒坑19-1號,24.93433103,121.7127657
2401,鶯歌區,中油裕進加油站-男廁,新北市鶯歌區尖山里八德路1-2號,24.947814,121.34031
2402,三重區,家樂福蘆洲店1F-男廁,新北市三重區碧華里五華街282號,25.087875,121.486777
2403,三重區,家樂福蘆洲店4F-男廁,新北市三重區碧華里五華街282號,25.087875,121.486777
2404,三重區,家樂福蘆洲店7F-女廁,新北市三重區碧華里五華街282號,25.087875,121.486777
2405,三重區,介壽公園-男廁,新北市三重區尚德里三和路三段高速公路匝道旁,25.072325,121.493983
2406,新店區,中油屈尺加油站-女廁,新北市新店區屈尺里新烏路2段202號,24.916366,121.547454
2407,三峽區,三峽派出所-混合廁所,新北市三峽區三峽里民權街38號,24.933737,121.369657
2408,土城區,土城公有零售市場1F-男廁,新北市土城區員信里中正路18號,24.9749,121.4429
2409,平溪區,嶺腳火車站-男廁,新北市平溪區嶺腳里嶺腳寮22號,25.03013,121.74811
2410,永和區,永和民權圖書館8F-無障礙廁所,新北市永和區民族里民權路60號,24.998017,121.519921
2411,永和區,忠孝市民活動中心5F-無障礙廁所,新北市永和區頂溪里忠孝街26巷8號,25.016856,121.515311
2412,永和區,比漾廣場3F-親子廁所,新北市永和區保安里中山路1段238號,25.007837,121.507646
2413,樹林區,山佳火車站-女廁,新北市樹林區中山里中山路三段108號,24.972481,121.392614
2414,三重區,中央市場4F-無障礙廁所 ,新北市三重區錦通里中央北路26號,25.064323,121.5008
2415,新店區,二叭子植物園-男廁,新北市新店區雙城里雙城路279號,24.935644,121.499242
2416,鶯歌區,鶯歌碧龍宮-男廁,新北市鶯歌區建德里碧龍巷33號,24.959086,121.366364
2417,鶯歌區,鶯歌碧龍宮-女廁,新北市鶯歌區建德里碧龍巷33號,24.959086,121.366364
2418,三重區,家樂福蘆洲店B1-男廁,新北市三重區碧華里五華街282號,25.087875,121.486777
2419,新店區,新店玫瑰里福德宮-男廁,新北市新店區玫瑰里玫瑰路35號,24.950402,121.495712
2420,石門區,富貴角公園-親子廁,新北市石門區富基里富貴角段203地號,25.29095907,121.5399322
2421,平溪區,十分火車站-女廁,新北市平溪區十分里十分街51號,25.041118,121.775027
2422,新店區,大鵬活動中心3F-男廁,新北市新店區大鵬里中正路700巷26號,24.99170796,121.5347529
2423,新店區,大鵬活動中心3F-女廁,新北市新店區大鵬里中正路700巷26號,24.99169824,121.5347797
2424,鶯歌區,中油峰沅加油站-無障礙廁所,新北市鶯歌區西鶯里中正一路225號,24.95735,121.354191
2425,鶯歌區,東林加油站-男廁,新北市鶯歌區建德里中正一路461-5號,24.956734,121.364386
2426,土城區,大潤發土城店1F-無障礙廁所,新北市土城區永寧里永安街25號 ,24.964152,121.433543
2427,萬里區,新北巿萬里衛生所1F-男廁,新北市萬里區萬里里瑪鋉路157號,25.181891,121.688229
2428,萬里區,萬里衛生所3F-男廁,新北市萬里區萬里里瑪鋉路157號,25.181891,121.688229
2429,平溪區,平溪火車站-無障礙廁所,新北市平溪區嶺腳里中華街12號,25.0256,121.74
2430,八里區,長坑土地公廟-混合廁所,新北市八里區長坑里長坑里26號,25.114119,121.394184
2431,八里區,八里真慶宮-女廁,新北市八里區舊城里中華路二段165巷33號,25.148759,121.410695
2432,淡水區,淡水保安廟-混合廁所,新北市淡水區沙崙里淡海路198巷25號,25.18457,121.419753
2433,三峽區,三峽區公有零售市場3F-無障礙廁所,新北市三峽區永館里民生街186號,24.934932,121.370673
2434,三峽區,三峽紫微天后宮停車場-女廁,新北市三峽區竹崙里紫薇南路50號,24.909716,121.422921
2435,新莊區,新莊區衛生所1F-多功能廁所,新北市新莊區榮和里中華路一段2號,25.036265,121.452162
2436,石碇區,彭山里辦公處-男廁,新北市石碇區彭山里無,24.96441276,121.6735733
2437,石碇區,豐田派出所-混合廁所,新北市石碇區豐田里碇坪路2段22號,24.988477,121.702445
2438,新店區,碧潭東岸(吊橋下旁)02-混合廁所,新北市新店區新店里碧潭東岸吊橋下旁,24.95567421,121.5368342
2439,汐止區,汐止地政事務所1F左側-女廁,新北市汐止區秀山里新台五路一段262號,25.06369,121.65837
2440,汐止區,汐止行政中心1F左側-男廁,新北市汐止區秀峰里新台五路一段268號,25.063853,121.658992
2441,汐止區,汐止行政中心2F左側-男廁,新北市汐止區秀峰里新台五路一段268號,25.063853,121.658992
2442,汐止區,汐止行政中心3F右側-無障礙廁所,新北市汐止區秀峰里新台五路一段268號,25.063853,121.658992
2443,汐止區,汐止行政中心5F右側-無障礙廁所,新北市汐止區秀峰里新台五路一段268號,25.063853,121.658992
2444,汐止區,汐止行政中心6F右側-女廁,新北市汐止區秀峰里新台五路一段268號,25.063853,121.658992
2445,汐止區,汐止行政中心9F左側-男廁,新北市汐止區秀峰里新台五路一段268號,25.063853,121.658992
2446,汐止區,汐止行政中心9F右側-女廁,新北市汐止區秀峰里新台五路一段268號,25.063853,121.658992
2447,汐止區,汐止行政中心9F右側-無障礙廁所,新北市汐止區秀峰里新台五路一段268號,25.063853,121.658992
2448,三重區,幸福水漾公園(重新橋)-性別友善廁所,新北市三重區福祉里重新橋下,25.060718,121.47857
2449,三重區,幸福水漾公園(疏洪)-男廁,新北市三重區福祉里疏洪14號,25.06465488,121.4721206
2450,金山區,朱銘美術館-女廁,新北市金山區西湖里西勢湖2號,25.242925,121.609855
2451,金山區,朱銘展覽館兒童藝術中心-男廁,新北市金山區西湖里西勢湖2號,25.242925,121.609855
2452,金山區,朱銘展覽館兒童藝術中心-女廁,新北市金山區西湖里西勢湖2號,25.242925,121.609855
2453,萬里區,野柳地質公園遊客中心-女廁,新北市萬里區野柳里港東路167之1號,25.205444,121.69007
2454,萬里區,野柳地質公園(出口)-女廁,新北市萬里區野柳里港東路167號,25.205205,121.689341
2455,萬里區,野柳地質公園(出口)-無障礙廁所,新北市萬里區野柳里港東路167號,25.205291,121.689928
2456,貢寮區,中油濱海東加油站-女廁,新北市貢寮區福連里香蘭街35號,25.0142185,121.9912086
2457,貢寮區,福隆遊客服務中心1F-女廁,新北市貢寮區福隆里興隆街36號,25.017333,121.942555
2458,瑞芳區,五番坑公廁-女廁,新北市瑞芳區崇文里五番坑公廁,25.1072,121.84138
2459,貢寮區,舊草嶺隧道北口-女廁,新北市貢寮區福隆里外隆林街15-1號旁,25.004678,121.958329
2460,土城區,貨饒市民活動中心3F-女廁,新北市土城區貨饒里中央路1段7-8號,24.991184,121.448746
2461,萬里區,萬里衛生所3F-女廁,新北市萬里區萬里里瑪鋉路157號,25.181891,121.688229
2462,萬里區,野柳地質公園(出口)-男廁,新北市萬里區野柳里港東路167號,25.20637936,121.6924265
2463,瑞芳區,九份停車場-男廁,新北市瑞芳區崇文里豎崎路36號,25.11047,121.84309
2464,板橋區,板橋第二運動場D棟-女廁,新北市板橋區社後里民權路117號,25.014033,121.457208
2465,貢寮區,舊草嶺隧道北口-男廁,新北市貢寮區福隆里外隆林街15-1號旁,25.004678,121.958329
2466,坪林區,坪林國中路-女廁,新北市坪林區坪林里國中路旁,24.936987,121.712689
2467,板橋區,板橋第二運動場A棟-男廁,新北市板橋區社後里民權路117號,25.014033,121.457208
2468,三重區,興華閱覽室2F-男廁,新北市三重區光田里中華路5號,25.060222,121.483396
2469,鶯歌區,統一超商鶯歌長虹門市-混合廁所,新北市鶯歌區鳳鳴里鶯桃路432號,24.964638,121.333005
2470,三重區,家樂福蘆洲店4F-女廁,新北市三重區碧華里五華街282號,25.087875,121.486777
2471,新店區,新店玫瑰里福德宮-女廁,新北市新店區玫瑰里玫瑰路35號,24.950402,121.495712
2472,石門區,北觀處行政中心1F-男廁,新北市石門區德茂里下員坑33-6號,25.28246843,121.5193355
2473,石門區,北觀處行政中心1F-女廁,新北市石門區德茂里下員坑33-6號,25.28241992,121.5193731
2474,三重區,三重昭安宮2F-無障礙廁所,新北市三重區光明里集美街207巷21號,25.0542,121.4924
2475,土城區,全國土城交流道加油站1F-男廁,新北市土城區永寧里中央路3段158號,24.965644,121.432334
2476,平溪區,平石社區-女廁,新北市平溪區平溪里無,25.02558,121.73849
2477,新店區,國家人權博物館籌備處-男廁,新北市新店區復興里復興路131號,24.987909,121.533344
2478,萬里區,新北巿萬里衛生所1F-女廁,新北市萬里區萬里里瑪鋉路157號,25.181891,121.688229
2479,萬里區,新北巿萬里衛生所1F-多功能廁所,新北市萬里區萬里里瑪鋉路157號,25.181891,121.688229
2480,萬里區,新北巿萬里衛生所2F-男廁,新北市萬里區萬里里瑪鋉路157號,25.181891,121.688229
2481,平溪區,嶺腳火車站-無障礙廁所,新北市平溪區嶺腳里嶺腳寮22號,25.03013,121.74811
2482,板橋區,後埔市場-女廁,新北市板橋區鄉雲里大華街5號,25.000934,121.458507
2483,新店區,新店大香山慈音巖-男廁,新北市新店區美潭里長春路252號,24.962197,121.56034
2484,鶯歌區,全家便利商店鶯歌正鶯店-混合廁所,新北市鶯歌區北鶯里中正一路371號,24.957128,121.358189
2485,鶯歌區,鶯歌福德宮-混合廁所,新北市鶯歌區東鶯里文化路325巷3號,24.951955,121.352559
2486,淡水區,淡水文化機車停車場-男廁,新北市淡水區新生里文化路57號,25.172813,121.43823
2487,三重區,家樂福蘆洲店1F-女廁,新北市三重區碧華里五華街282號,25.087875,121.486777
2488,三重區,家樂福蘆洲店1F-無障礙廁所,新北市三重區碧華里五華街282號,25.087875,121.486777
2489,三重區,介壽公園-無障礙廁所,新北市三重區尚德里三和路三段高速公路匝道旁,25.072325,121.493983
2490,平溪區,平溪新寮-女廁,新北市平溪區新寮里無,25.05860314,121.7909997
2491,烏來區,雲仙樂園入口-男廁,新北市烏來區烏來里瀑布路1-1號,24.84359591,121.5490115
2492,瑞芳區,秀崎山公廁-男廁,新北市瑞芳區龍鎮里岳王路240號,25.11213,121.81395
2493,烏來區,雲仙樂園射箭場-男廁,新北市烏來區烏來里瀑布路1-1號,24.845087,121.555842
2494,三重區,福田閱覽室2F-男廁,新北市三重區福田里三民街256號,25.067841,121.479379
2495,五股區,五股區公所1F-女廁,新北市五股區五股里中興路4段50號,25.083061,121.438062
2496,五股區,五股區公所5F-女廁,新北市五股區五股里中興路4段50號,25.083061,121.438062
2497,五股區,五股區公所6F-男廁,新北市五股區五股里中興路4段50號,25.083061,121.438062
2498,石門區,富貴角公園-女廁,新北市石門區富基里富貴角段203地號,25.29101485,121.5398061
2499,石門區,北觀處行政中心1F-無障礙廁所,新北市石門區德茂里下員坑33-6號,25.28244418,121.5194589
2500,烏來區,雲仙樂園珠寶店-男廁,新北市烏來區烏來里瀑布路1-1號,24.845087,121.555842
2501,烏來區,雲仙樂園葉綠素-男廁,新北市烏來區烏來里瀑布路1-1號,24.845087,121.555842
2502,八里區,中油三詠加油站-女廁,新北市八里區舊城里中華路二段39號,25.152574,121.410748
2503,泰山區,新北市公有楓樹腳地下停車場B2-男廁,新北市泰山區楓樹里楓江路26巷26號,25.062111,121.434606
2504,八里區,全家便利商店八里龍王店-混合廁所,新北市八里區埤頭里中山路一段131號,25.1592,121.41335
2505,貢寮區,中油濱海東加油站-男廁,新北市貢寮區福連里香蘭街35號,25.010761,121.9889057
2506,貢寮區,福隆遊客服務中心2F-女廁,新北市貢寮區福隆里興隆街36號,25.017333,121.942555
2507,板橋區,板橋第二運動場A棟-女廁,新北市板橋區社後里民權路117號,25.014033,121.457208
2508,板橋區,板橋第二運動場B棟-男廁,新北市板橋區社後里民權路117號,25.014033,121.457208
2509,板橋區,板橋第二運動場B棟-女廁,新北市板橋區社後里民權路117號,25.014033,121.457208
2510,新店區,建國游泳池2F-無障礙廁所,新北市新店區國豐里建國路58號,24.975387,121.540702
2511,新店區,新店大香山慈音巖-女廁,新北市新店區美潭里長春路252號,24.962197,121.56034
2512,新店區,二叭子植物園-女廁,新北市新店區雙城里雙城路279號,24.935644,121.499242
2513,五股區,五股區公所6F-女廁,新北市五股區五股里中興路4段50號,25.083061,121.438062
2514,新莊區,台北捷運新莊區段(輔大站)B1站內-女廁,新北市新莊區營盤里中正路510之1號,25.035196,121.432019
2515,中和區,衛生福利部雙和醫院2F-親子廁所,新北市中和區力行里中正路291號,24.993746,121.494082
2516,泰山區,老人文康活動中心-女廁,新北市泰山區同興里明志路1段427號,25.056787,121.430824
2517,林口區,麗林福德宮-男廁,新北市林口區麗林里公園路87-89對面,25.06967,121.368321
2518,板橋區,四維公園-女廁,新北市板橋區新翠里陽明街166號,25.025883,121.462594
2519,板橋區,遠東百貨板橋店7F-無障礙廁所,新北市板橋區深丘里中山路一段152號,25.01104,121.464423
2520,板橋區,板橋環球購物中心2F東內側-女廁,新北市板橋區新民里縣民大道二段7號,25.014334,121.463374
2521,板橋區,板橋大遠百2F北側-女廁,新北市板橋區福丘里新站路28號,25.014543,121.465541
2522,板橋區,板橋大遠百7F北側-男廁,新北市板橋區福丘里新站路28號,25.014543,121.465541
2523,板橋區,板橋大遠百3F南側-男廁,新北市板橋區福丘里新站路28號,25.014543,121.465541
2524,板橋區,板橋大遠百6F南側-男廁,新北市板橋區福丘里新站路28號,25.014543,121.465541
2525,板橋區,板橋大遠百8F南側-女廁,新北市板橋區福丘里新站路28號,25.014543,121.465541
2526,板橋區,板橋大遠百9F南側-男廁,新北市板橋區福丘里新站路28號,25.014543,121.465541
2527,板橋區,板橋大遠百B2-男廁,新北市板橋區福丘里新站路28號,25.014543,121.465541
2528,五股區,五股區公所4F-女廁,新北市五股區五股里中興路4段50號,25.083061,121.438062
2529,五股區,五股區公所7F-男廁,新北市五股區五股里中興路4段50號,25.083061,121.438062
2530,五股區,五股區公所8F-女廁,新北市五股區五股里中興路4段50號,25.083061,121.438062
2531,林口區,統一超商林口霖口門市-混合廁所,新北市林口區菁湖里中山路250號250之3號,25.07958,121.385985
2532,八里區,南山公園-女廁,新北市八里區大崁里無,25.15841952,121.4187098
2533,深坑區,台亞石油深坑加油站-無障礙廁所,新北市深坑區阿柔里文山路三段110號,24.99891548,121.6087024
2534,平溪區,平溪南山籃球場-男廁,新北市平溪區南山里南山坪115號旁,25.043951,121.782922
2535,板橋區,板橋大遠百6F北側-無障礙廁所,新北市板橋區福丘里新站路28號,25.014543,121.465541
2536,金山區,統一超商金山金全門市-男廁,新北市金山區清泉里清水路52號,25.23475847,121.6300678
2537,樹林區,停七活動中心-女廁,新北市樹林區樹興里復興路202號,24.991129,121.419193
2538,新莊區,台北捷運新莊區段(頭前庄站)B1站內-女廁,新北市新莊區思源里思源路18號,25.039587,121.460731
2539,新莊區,台北捷運新莊區段(新莊站)B1站外-男廁,新北市新莊區榮和里中正路138號,25.03632,121.452478
2540,三重區,捷運菜寮站B1-男廁,新北市三重區菜寮里重新路3段150號,25.059454,121.491432
2541,三重區,捷運菜寮站B1-親子廁所,新北市三重區菜寮里重新路3段150號,25.059454,121.491432
2542,三重區,三重培德圖書館1F-無障礙廁所,新北市三重區培德里忠孝路二段35號,25.071509,121.485966
2543,中和區,衛生福利部雙和醫院B2-男廁,新北市中和區力行里中正路291號,24.993746,121.494082
2544,板橋區,板橋環球購物中心2F西內側-女廁,新北市板橋區新民里縣民大道二段7號,25.014334,121.463374
2545,板橋區,板橋大遠百5F北側-女廁,新北市板橋區福丘里新站路28號,25.014543,121.465541
2546,板橋區,板橋大遠百6F北側-男廁,新北市板橋區福丘里新站路28號,25.014543,121.465541
2547,板橋區,板橋大遠百2F南側-男廁,新北市板橋區福丘里新站路28號,25.014543,121.465541
2548,板橋區,板橋大遠百8F南側-男廁,新北市板橋區福丘里新站路28號,25.014543,121.465541
2549,板橋區,板橋大遠百B4-男廁,新北市板橋區福丘里新站路28號,25.014543,121.465541
2550,坪林區,坪林舊橋頭-女廁,新北市坪林區水德里無,24.927406,121.736644
2551,鶯歌區,中油裕進加油站-男女廁,新北市鶯歌區尖山里八德路1-2號,24.947814,121.34031
2552,三重區,介壽公園-女廁,新北市三重區尚德里三和路三段高速公路匝道旁,25.072325,121.493983
2553,烏來區,雲仙樂園入口-女廁,新北市烏來區烏來里瀑布路1-1號,24.845087,121.555842
2554,樹林區,統一超商樹林御昇門市-混合廁所,新北市樹林區北園里佳園路二段30號,24.959997,121.390801
2555,樹林區,統一超商樹林大智通門市-混合廁所,新北市樹林區北園里佳園路二段70-1號,24.959562,121.390565
2556,樹林區,山佳火車站-無障礙廁所,新北市樹林區中山里中山路三段108號,24.972606,121.392827
2557,三重區,三重培德圖書館2F-女廁,新北市三重區培德里忠孝路二段35號,25.071509,121.485966
2558,三重區,捷運三和國中站B1-女廁,新北市三重區福隆里三和路四段107號,25.077168,121.486944
2559,三重區,捷運三和國中站B1-親子廁所,新北市三重區福隆里三和路四段107號,25.077168,121.486944
2560,樹林區,台亞俊英加油站-無障礙廁所,新北市樹林區圳民里俊英街280號,25.013273,121.424021
2561,鶯歌區,鶯歌區公所1F-無障礙廁所,新北市鶯歌區北鶯里仁愛路55號,24.956041,121.354243
2562,中和區,新北市政府稅捐稽徵處中和分處-1F男廁,新北市中和區復興里復興路278號,24.990556,121.502356
2563,中和區,新北市政府稅捐稽徵處中和分處-3F女廁,新北市中和區復興里復興路278號,24.990789,121.502318
2564,中和區,新北市中和地政事務所1F-女廁,新北市中和區復興里復興路280號,24.990298,121.502206
2565,鶯歌區,鶯歌宏德宮-女廁,新北市鶯歌區北鶯里中正一路303巷1號,24.958061,121.356425
2566,鶯歌區,鶯歌宏德宮-男廁,新北市鶯歌區北鶯里中正一路303巷1號,24.958061,121.356425
2567,三重區,家樂福蘆洲店B1-女廁,新北市三重區碧華里五華街282號,25.087875,121.486777
2568,三重區,家樂福蘆洲店7F-男廁,新北市三重區碧華里五華街282號,25.087875,121.486777
2569,石門區,富基活動中心-男廁,新北市石門區富基里楓林路37-6號,25.28163,121.540365
2570,石門區,富基活動中心-女廁,新北市石門區富基里楓林路37-6號,25.28163,121.540365
2571,石門區,富貴角公園-男廁,新北市石門區富基里富貴角段203地號,25.29101485,121.5398973
2572,樹林區,樹林火車站後站-女廁,新北市樹林區樹東里鎮前街112號,24.99103698,121.42519
2573,板橋區,板橋大遠百B4-女廁,新北市板橋區福丘里新站路28號,25.014543,121.465541
2574,三芝區,三村福德宮-男女廁-三芝遊客中心對面,新北市三芝區福德里中山路三段 ,25.24897617,121.507072
2575,三重區,捷運台北橋站B1右側-親子廁所,新北市三重區福星里重新路1段108號,25.063048,121.500932
2576,三重區,捷運三重站B3內站-女廁,新北市三重區福祉里捷運路36號,25.055628,121.484481
2577,三重區,捷運三重國小站B1外站-男廁,新北市三重區奕壽里三和路三段5號,25.070745,121.4965
2578,三重區,捷運三重國小站B1外站--親子廁所,新北市三重區奕壽里三和路三段5號,25.070745,121.4965
2579,中和區,新北市政府稅捐稽徵處中和分處-2F男廁,新北市中和區復興里復興路278號,24.990556,121.502356
2580,樹林區,摩斯漢堡樹林店-男廁,新北市樹林區樹西里中山路1段102號,24.991044,121.423032
2581,烏來區,烏來勇士廣場-男廁,新北市烏來區烏來里瀑布路18號旁,24.84713489,121.5509024
2582,樹林區,摩斯漢堡樹林學成店-女廁,新北市樹林區南園里學成路762號,24.946128,121.383028
2583,貢寮區,龍洞社區公廁-男廁,新北市貢寮區和美里龍洞街41號旁,25.11313819,121.9125903
2584,貢寮區,龍洞社區公廁-女廁,新北市貢寮區和美里龍洞街41號旁,25.11313819,121.9125795
2585,蘆洲區,蘆洲兒童親子圖書館2F-女廁,新北市蘆洲區樓厝里集賢路221巷11號,25.085719,121.483695
2586,蘆洲區,徐匯廣場B2-女廁,新北市蘆洲區恆德里中山一路8號,25.080429,121.480455
2587,蘆洲區,徐匯廣場3F-男廁,新北市蘆洲區恆德里中山一路8號,25.080429,121.480455
2588,平溪區,十分旅客中心1F-無障礙廁所,新北市平溪區南山里南山坪136號,25.04721986,121.7826567
2589,烏來區,雲仙樂園葉綠素-女廁,新北市烏來區烏來里瀑布路1-1號,24.845087,121.555842
2590,烏來區,雲仙樂園餐廳-男廁,新北市烏來區烏來里瀑布路1-1號,24.845087,121.555842
2591,烏來區,雲仙樂園餐廳-女廁,新北市烏來區烏來里瀑布路1-1號,24.845087,121.555842
2592,雙溪區,上林橋河濱公園-男廁,新北市雙溪區上林里上林橋,25.027431,121.831947
2593,新店區,親情河濱公園-女廁,新北市新店區中華里環河路100號對面,24.965558,121.535244
2594,泰山區,新北市公有楓樹腳地下停車場B2-女廁,新北市泰山區楓樹里楓江路26巷26號,25.062111,121.434606
2595,新店區,中油屈尺加油站-男廁,新北市新店區屈尺里新烏路2段202號,24.916366,121.547454
2596,樹林區,樹林火車站後站-男廁,新北市樹林區樹東里鎮前街112號,24.9905391,121.4250183
2597,烏來區,雲仙樂園珠寶店-女廁,新北市烏來區烏來里瀑布路1-1號,24.845087,121.555842
2598,新店區,親情河濱公園-男廁,新北市新店區中華里環河路100號對面,24.965558,121.535244
2599,八里區,統一超商八里左岸門市-混合廁所,新北市八里區米倉里龍米路二段230-1號,25.158799,121.431652
2600,五股區,五股區公所3F-男廁,新北市五股區五股里中興路4段50號,25.083061,121.438062
2601,五股區,五股區公所3F-女廁,新北市五股區五股里中興路4段50號,25.083061,121.438062
2602,新店區,吉祥里活動中心-女廁,新北市新店區吉祥里玫瑰路51巷2號,24.946216,121.497397
2603,八里區,統一超商八里神州門市-混合廁所,新北市八里區龍源里龍米路一段113號,25.126108,121.452447
2604,八里區,統一超商八里門市-混合廁所,新北市八里區訊塘里中山路二段343號,25.147106,121.399459
2605,八里區,統一超商八里長坑門市-混合廁所,新北市八里區長坑里中華路三段168號,25.129022,121.392115
2606,五股區,五股區公所4F-男廁,新北市五股區五股里中興路4段50號,25.083061,121.438062
2607,五股區,五股區公所7F-女廁,新北市五股區五股里中興路4段50號,25.083061,121.438062
2608,五股區,五股區公所8F-男廁,新北市五股區五股里中興路4段50號,25.083061,121.438062
2609,中和區,新北市中和地政事務所2F-無障礙廁所,新北市中和區復興里復興路280號,24.990298,121.502206
2610,中和區,新北市中和地政事務所3F-男廁,新北市中和區復興里復興路280號,24.990298,121.502206
2611,樹林區,摩斯漢堡樹林學成店-男廁,新北市樹林區南園里學成路762號,24.946128,121.383028
2612,貢寮區,龍洞社區停車場-混合廁所,新北市貢寮區和美里龍洞街1-9號,25.11223229,121.9193468
2613,蘆洲區,徐匯廣場2F-女廁,新北市蘆洲區恆德里中山一路8號,25.080429,121.480455
2614,蘆洲區,捷運蘆洲站B1-站外男廁,新北市蘆洲區保新里三民路386號,25.091554,121.464471
2615,三峽區,臺北大學復興路側停車場B3-男廁,新北市三峽區龍恩里大學路151號,24.93900321,121.3629614
2616,三峽區,臺北大學復興路側停車場B3-女廁,新北市三峽區龍恩里大學路151號,24.93900564,121.3629574
2617,樹林區,樹林火車站後站-無障礙廁所,新北市樹林區樹東里鎮前街112號,24.99095919,121.42519
2618,瑞芳區,秀崎山公廁-女廁,新北市瑞芳區龍鎮里岳王路240號,25.11213,121.81395
2619,鶯歌區,統一超商鶯歌元町門市-混合廁所,新北市鶯歌區建國里光明街128、130號,24.955933,121.345364
2620,三重區,家樂福蘆洲店6F-男廁,新北市三重區碧華里五華街282號,25.087875,121.486777
2621,三重區,家樂福蘆洲店6F-女廁,新北市三重區碧華里五華街282號,25.087875,121.486777
2622,雙溪區,上林橋河濱公園-女廁,新北市雙溪區上林里上林橋,25.027431,121.831947
2623,烏來區,雲仙樂園射箭場-女廁,新北市烏來區烏來里瀑布路1-1號,24.845087,121.555842
2624,樹林區,全家便利商店樹林新中店-混合廁所,新北市樹林區山佳里中山路三段107號,24.974574,121.399858
2625,蘆洲區,捷運三民高中站B1-男廁,新北市蘆洲區保和里三民路105號,25.085621,121.47294
2626,蘆洲區,捷運三民高中站B1-女廁,新北市蘆洲區保和里三民路105號,25.085621,121.47294
2627,三峽區,臺北大學復興路側停車場B2-女廁,新北市三峽區龍恩里大學路151號,24.93899591,121.3629466
2628,瑞芳區,東和里活動中心2F-女廁,新北市瑞芳區東和里中山路20號,25.10632,121.80432
2629,瑞芳區,東和里活動中心2F-無障礙廁所,新北市瑞芳區東和里中山路20號,25.10632,121.80432
2630,板橋區,四維公園活動中心-男廁,新北市板橋區新翠里陽明街166號,25.0245,121.4633
2631,汐止區,台亞汐止好市多加油站-女廁,新北市汐止區樟樹里大同路一段154號,25.055672,121.632413
2632,瑞芳區,員山子分洪道-女廁,新北市瑞芳區柑坪里明燈路一段瑞柑新村1-2號,26.10642,121.828985
2633,瑞芳區,水湳洞展演藝廊-男廁,新北市瑞芳區濂洞里無,25.1224263,121.8613162
2634,瑞芳區,水湳洞展演藝廊-女廁,新北市瑞芳區濂洞里無,25.1224263,121.8613162
2635,瑞芳區,猴硐煤礦園區烘沙室-女廁,新北市瑞芳區光復里猴硐煤礦園區烘沙室,25.0822,121.82457
2636,瑞芳區,瑞芳美食街-女廁,新北市瑞芳區龍興里民生街35巷2號,25.10667,121.80564
2637,瑞芳區,全家便利商店瑞芳龍川店-混合廁所,新北市瑞芳區龍川里一坑路11-1號,25.10852,121.80418
2638,汐止區,好市多汐止店B1出口-男廁,新北市汐止區樟樹里大同路一段158號,25.056653,121.633118
2639,汐止區,好市多汐止店2F出口-女廁,新北市汐止區樟樹里大同路一段163號,25.056653,121.633118
2640,瑞芳區,中油瑞芳加油站-無障礙廁所,新北市瑞芳區東和里中山路200號,25.10686,121.80151
2641,汐止區,北基汐科加油站-無障礙廁所,新北市汐止區文化里新台五路一段132號,25.061688,121.65271
2642,雙溪區,平林里活動中心-混合廁所,新北市雙溪區平林里外平林39號,25.03412768,121.8488503
2643,樹林區,家樂福北大店-男廁,新北市樹林區南園里大雅路288號,24.947338,121.379912
2644,樹林區,家樂福北大店-女廁,新北市樹林區南園里大雅路288號,24.947338,121.379912
2645,汐止區,保新市民活動中心1F-女廁,新北市汐止區保新里保新街112-1號,25.070576,121.687853
2646,瑞芳區,瑞芳勸濟堂-女廁,新北市瑞芳區銅山里瑞芳勸濟堂,25.11013,121.85971
2647,汐止區,城中建成市民活動中心2F-男廁,新北市汐止區城中里建成路59巷39號,25.072706,121.663227
2648,樹林區,中油山佳加油站-無障礙廁所,新北市樹林區中山里中山路三段30號,24.972833,121.3953
2649,泰山區,新北市公有楓樹腳地下停車場B2-無障礙廁所,新北市泰山區楓樹里楓江路26巷26號,25.062111,121.434606
2650,三重區,福田閱覽室2F-女廁,新北市三重區福田里三民街256號,25.067841,121.479379
2651,五股區,五股區公所1F-男廁,新北市五股區五股里中興路4段50號,25.083061,121.438062
2652,新店區,台亞中興加油站-無障礙廁所,新北市新店區寶興里中興路3段131號,24.979129,121.544582
2653,五股區,五股區公所2F-無障礙廁所,新北市五股區五股里中興路4段50號,25.083061,121.438062
2654,五股區,五股區公所5F-男廁,新北市五股區五股里中興路4段50號,25.083171,121.437903
2655,平溪區,平溪南山籃球場-女廁,新北市平溪區南山里南山坪115號附近,25.043977,121.783015
2656,平溪區,白石市民活動中心-無障礙廁所,新北市平溪區白石里靜安路二段241號,25.022133,121.724746
2657,板橋區,板橋區公所5F-男廁,新北市板橋區挹秀里府中路30號,25.00964,121.459118
2658,板橋區,板橋大遠百3F北側-男廁,新北市板橋區福丘里新站路28號,25.014543,121.465541
2659,板橋區,板橋大遠百3F南側-女廁,新北市板橋區福丘里新站路28號,25.014543,121.465541
2660,板橋區,板橋大遠百7F南側-男廁,新北市板橋區福丘里新站路28號,25.014543,121.465541
2661,板橋區,板橋大遠百B3-女廁,新北市板橋區福丘里新站路28號,25.014543,121.465541
2662,林口區,萊爾富林口清梅門市-混合廁所,新北市林口區湖北里湖北里湖子路48之1號,25.094182,121.386193
2663,林口區,統一超商林口貝比門市-混合廁所,新北市林口區湖南里頭湖70-9號,25.084292,121.374175
2664,新莊區,台北捷運新莊區段(輔大站)B1站外-男廁,新北市新莊區營盤里中正路510之1號,25.035196,121.432019
2665,中和區,衛生福利部雙和醫院B2-女廁,新北市中和區力行里中正路291號,24.993746,121.494082
2666,林口區,麗林福德宮-女廁,新北市林口區麗林里公園路87-89對面,25.06967,121.368321
2667,板橋區,板橋區公所5F-女廁,新北市板橋區挹秀里府中路30號,25.00964,121.459118
2668,板橋區,永安公園活動中心-女廁,新北市板橋區永安里雙十路一段25號,25.02390085,121.4779759
2669,石門區,山溪里活動中心B1-女廁,新北市石門區山溪里老崩山6-5號,25.29084024,121.5516186
2670,樹林區,家樂福樹林店B1-女廁,新北市樹林區潭底里大安路118號,24.99668,121.421019
2671,石門區,石門區公所1F-無障礙廁所,新北市石門區尖鹿里中山路66號,25.291248,121.567631
2672,汐止區,烘內市民活動中心-混合廁所,新北市汐止區烘內里汐萬路三段252巷27號,25.105293,121.644949
2673,汐止區,汐科火車站北站-無障礙廁所,新北市汐止區大同里大同路二段182號,25.063745,121.651852
2674,汐止區,台亞汐止好市多加油站-無障礙廁所,新北市汐止區樟樹里大同路一段154號,25.055672,121.632413
2675,樹林區,樹林區公所1F左側-無障礙廁所,新北市樹林區樹東里鎮前街93號,24.990041,121.424488
2676,雙溪區,牡丹火車站-混合廁所,新北市雙溪區牡丹里牡丹51號,25.057158,121.85305
2677,瑞芳區,傑魚里活動中心2F-男廁,新北市瑞芳區傑魚里傑魚坑路245巷2-1號,25.10646,121.78811
2678,瑞芳區,瑞芳吉安宮-男廁,新北市瑞芳區吉慶里瑞竹路98號,25.10309,121.76377
2679,瑞芳區,瑞芳市場西側-無障礙廁所,新北市瑞芳區龍興里明燈路三段6號,25.10761,121.80894
2680,汐止區,崇德橋東市民活動中心1F-男廁,新北市汐止區崇德里茄苳路82號,25.070627,121.666921
2681,新店區,全國安和路加油站-男廁,新北市新店區柴埕里安和路2段121號,24.971661,121.518945
2682,瑞芳區,四腳亭火車站-無障礙廁所,新北市瑞芳區吉慶里中央路62號,25.10279,121.76192
2683,汐止區,汐科火車站南站2F-女廁,新北市汐止區大同里大同路二段182號,25.063745,121.651852
2684,八里區,統一超商八里觀海門市-混合廁所,新北市八里區龍源里龍米路一段140號,25.125729,121.452924
2685,新店區,中油車子路加油站-無障礙廁所,新北市新店區德安里安康路2段269號,24.957842,121.504569
2686,林口區,統一超商林口興林門市-混合廁所,新北市林口區南勢里南勢街280號,25.076301,121.35776
2687,新莊區,台北捷運新莊區段(輔大站)B1站外-女廁,新北市新莊區營盤里中正路510之1號,25.035196,121.432019
2688,新莊區,中美市場-男廁,新北市新莊區中美里中華路一段186號,25.042081,121.453098
2689,泰山區,老人文康活動中心-無障礙廁所,新北市泰山區同興里明志路1段427號,25.056787,121.430824
2690,板橋區,永安公園活動中心-男廁,新北市板橋區永安里雙十路一段25號,25.02401751,121.4780617
2691,八里區,南山公園-男廁,新北市八里區大崁里無,25.15842559,121.4187259
2692,平溪區,白石社區東側-混合廁所,新北市平溪區白石里無,25.02196,121.72403
2693,新莊區,台北捷運新莊區段(輔大站)B1站內-男廁,新北市新莊區營盤里中正路510之1號,25.035196,121.432019
2694,新莊區,中美市場-女廁,新北市新莊區中美里中華路一段186號,25.042081,121.453098
2695,泰山區,老人文康活動中心-男廁,新北市泰山區同興里明志路1段427號,25.056787,121.430824
2696,板橋區,四維公園-男廁,新北市板橋區新翠里陽明街166號,25.025883,121.462594
2697,板橋區,板橋環球購物中心2F東外側-多功能廁所,新北市板橋區新民里縣民大道二段7號,25.014334,121.463374
2698,板橋區,板橋大遠百3F北側-女廁,新北市板橋區福丘里新站路28號,25.014543,121.465541
2699,板橋區,板橋大遠百9F北側-無障礙廁所,新北市板橋區福丘里新站路28號,25.014543,121.465541
2700,板橋區,板橋大遠百B1北側-無障礙廁所,新北市板橋區福丘里新站路28號,25.014543,121.465541
2701,三芝區,三芝福安宮-男女廁,新北市三芝區福德里北新路經福德路過去上斜坡,25.24888775,121.5012392
2702,三芝區,三芝龜山橋-男女廁,新北市三芝區店子里龜子山橋公車站旁,25.20985049,121.5108878
2703,新莊區,台北捷運新莊區段(頭前庄站)B1站外-男廁,新北市新莊區思源里思源路18號,25.039587,121.460731
2704,新莊區,台北捷運新莊區段(新莊站)B1站外-女廁,新北市新莊區榮和里中正路138號,25.03632,121.452478
2705,三重區,捷運三重站B3內站-親子廁所,新北市三重區福祉里捷運路36號,25.055628,121.484481
2706,三重區,捷運先嗇宮站B1-親子廁所,新北市三重區中興里重新路5段515號,25.046489,121.471576
2707,三重區,永福立體停車場B1-女廁,新北市三重區永福里永福街66號,25.077591,121.480169
2708,三重區,永福立體停車場B1-男廁,新北市三重區永福里永福街66號,25.077591,121.480169
2709,三重區,永福立體停車場B1-無障礙廁所,新北市三重區永福里永福街66號,25.077591,121.480169
2710,三重區,培德市民活動中心B1-男廁,新北市三重區培德里忠孝路二段35號,25.07126571,121.4853251
2711,三重區,捷運三重國小站B1外站--女廁,新北市三重區奕壽里三和路三段5號,25.070745,121.4965
2712,樹林區,全國大安加油站-無障礙廁所,新北市樹林區圳安里大安路2號,25.004322,121.42958
2713,鶯歌區,圓頂藝術空間-女廁,新北市鶯歌區東鶯里館前路300號,24.952745,121.358423
2714,板橋區,板橋公車站B1-男廁,新北市板橋區新民里板橋區縣民大道二段7號,25.013243,121.46251
2715,板橋區,板橋公車站B1-女廁,新北市板橋區新民里板橋區縣民大道二段7號,25.013074,121.46271
2716,板橋區,板橋環球購物中心2F西外側-多功能廁所,新北市板橋區新民里縣民大道二段7號,25.014334,121.463374
2717,板橋區,板橋大遠百B1北側顧客-男廁,新北市板橋區福丘里新站路28號,25.014543,121.465541
2718,板橋區,板橋大遠百4F南側-男廁,新北市板橋區福丘里新站路28號,25.014543,121.465541
2719,板橋區,板橋大遠百4F南側-女廁,新北市板橋區福丘里新站路28號,25.014543,121.465541
2720,板橋區,板橋大遠百-5F南側男廁,新北市板橋區福丘里新站路28號,25.014543,121.465541
2721,樹林區,樹林區公所1F右側-女廁,新北市樹林區樹東里鎮前街93號,24.990042,121.424488
2722,五股區,觀音山遊客中心-多功能廁所,新北市五股區觀音里凌雲路三段130號,25.129439,121.418008
2723,林口區,統一超商林口愛鄉門市-混合廁所,新北市林口區西林里仁愛路二段140號,25.07453,121.382371
2724,林口區,統一超商林口未來門市-混合廁所,新北市林口區湖南里文化二路一段571號,25.07822,121.375485
2725,鶯歌區,全家便利商店鶯歌永明店-混合廁所,新北市鶯歌區永昌里永明街78號,24.955856,121.341222
2726,永和區,秀朗國小停車場(民權路)B1-3號梯出入口-男廁,新北市永和區民權里民權路1號,24.998797,121.520419
2727,新莊區,新莊國中地下停車場B2-女廁,新北市新莊區興漢里景德路138號,25.034382,121.45138
2728,汐止區,汐科火車站南站2F-無障礙廁所,新北市汐止區大同里大同路二段182號,25.063745,121.651852
2729,八里區,中油獅子頭加油站-女廁,新北市八里區龍源里龍米路一段50號,25.119499,121.456706
2730,八里區,中油八里加油站-無障礙廁所,新北市八里區大崁里中山路一段1號,25.158843,121.423027
2731,八里區,中油龍形加油站–女廁,新北市八里區米倉里龍米路二段150號,25.156993,121.435929
2732,八里區,八里左岸景觀-男廁,新北市八里區米倉里無,25.138937,121.44905
2733,樹林區,樹林區公所1F右側-男廁,新北市樹林區樹東里鎮前街93號,24.990042,121.424488
2734,林口區,全家便利商店林口洪福門市-混合廁所,新北市林口區下福里下福147號之1,25.116562,121.299682
2735,板橋區,板橋大遠百4F北側-男廁,新北市板橋區福丘里新站路28號,25.014543,121.465541
2736,板橋區,板橋大遠百9F北側-男廁,新北市板橋區福丘里新站路28號,25.014543,121.465541
2737,板橋區,板橋大遠百2F南側-女廁,新北市板橋區福丘里新站路28號,25.014543,121.465541
2738,板橋區,板橋大遠百5F南側-女廁,新北市板橋區福丘里新站路28號,25.014543,121.465541
2739,板橋區,板橋大遠百6F南側-女廁,新北市板橋區福丘里新站路28號,25.014543,121.465541
2740,板橋區,板橋大遠百B2-女廁,新北市板橋區福丘里新站路28號,25.014543,121.465541
2741,板橋區,板橋大遠百5F北側-無障礙廁所,新北市板橋區福丘里新站路28號,25.014543,121.465541
2742,板橋區,臺紙公園-無障礙廁所,新北市板橋區復興里大觀路二段28號,25.002996,121.446577
2743,板橋區,板橋大遠百B1北側顧客-女廁,新北市板橋區福丘里新站路28號,25.014543,121.465541
2744,板橋區,板橋大遠百2F北側-男廁,新北市板橋區福丘里新站路28號,25.014543,121.465541
2745,板橋區,板橋大遠百4F北側-女廁,新北市板橋區福丘里新站路28號,25.014543,121.465541
2746,板橋區,板橋大遠百5F北側-男廁,新北市板橋區福丘里新站路28號,25.014543,121.465541
2747,板橋區,板橋大遠百6F北側-女廁,新北市板橋區福丘里新站路28號,25.014543,121.465541
2748,板橋區,板橋大遠百7F北側-女廁,新北市板橋區福丘里新站路28號,25.014543,121.465541
2749,板橋區,板橋大遠百9F南側-女廁,新北市板橋區福丘里新站路28號,25.014543,121.465541
2750,板橋區,板橋大遠百B3-男廁,新北市板橋區福丘里新站路28號,25.014543,121.465541
2751,板橋區,板橋大遠百2F北側-無障礙廁所,新北市板橋區福丘里新站路28號,25.014543,121.465541
2752,板橋區,板橋大遠百7F北側-無障礙廁所,新北市板橋區福丘里新站路28號,25.014543,121.465541
2753,樹林區,停七活動中心-無障礙廁所,新北市樹林區樹興里復興路202號,24.991129,121.419193
2754,新莊區,台北捷運新莊區段(頭前庄站)B1站內-男廁,新北市新莊區思源里思源路18號,25.039587,121.460731
2755,新莊區,台北捷運新莊區段(新莊站)B1站內-女廁,新北市新莊區榮和里中正路138號,25.03632,121.452478
2756,蘆洲區,蘆洲國小地下停車場B1-無障礙廁所,新北市蘆洲區保和里中正路100號,25.084152,121.469935
2757,三重區,正義國小地下停車場B1-男廁,新北市三重區正義里信義西街31號,25.064554,121.496152
2758,烏來區,烏來遊客中心2F-男廁,新北市烏來區烏來里烏來街45之1號,24.86496452,121.5520746
2759,貢寮區,卯澳社區-女廁,新北市貢寮區福連里福興街1號旁,25.0120045,121.9899481
2760,三芝區,三芝錫板智成堂-男廁,新北市三芝區錫板里海尾17號,25.25701464,121.4789616
2761,蘆洲區,捷運環保公園-男廁,新北市蘆洲區正義里三民路底成蘆橋第一橋孔右側,25.0923422,121.4629018
2762,板橋區,正隆公園-男廁,新北市板橋區福壽里三民路二段26-1號,25.012411,121.476922
2763,板橋區,八德公園(近萬板路)-無障礙廁所,新北市板橋區忠翠里雙十路二段1巷12號,25.02472,121.475909
2764,金山區,統一超商金山金全門市-女廁,新北市金山區清泉里清水路52號,25.23494772,121.6301107
2765,金山區,全家便利商店金山金美店-混合廁所,新北市金山區美田里中山路252號,25.22392401,121.6356683
2766,新莊區,台北捷運新莊區段(頭前庄站)B1站外-女廁,新北市新莊區思源里思源路18號,25.039587,121.460731
2767,新莊區,台北捷運新莊區段(新莊站)B1站內-男廁,新北市新莊區榮和里中正路138號,25.03632,121.452478
2768,八里區,北河公園-男廁,新北市八里區大崁里無,25.16090067,121.4203405
2769,八里區,八里下庄市民活動中心4F-女廁,新北市八里區舊城里舊城路19號,25.14650833,121.3996768
2770,八里區,八里下庄市民活動中心4F-無障礙廁所,新北市八里區舊城里舊城路19號,25.14650833,121.3996768
2771,鶯歌區,圓頂藝術空間-男廁,新北市鶯歌區東鶯里館前路300號,24.952745,121.358423
2772,鶯歌區,圓頂藝術空間-無障礙,新北市鶯歌區東鶯里館前路300號,24.952745,121.358423
2773,中和區,新北市政府稅捐稽徵處中和分處-1F女廁,新北市中和區復興里復興路278號,24.990556,121.502356
2774,中和區,新北市政府稅捐稽徵處中和分處-1F無障礙廁所,新北市中和區復興里復興路278號,24.990556,121.502356
2775,中和區,新北市政府稅捐稽徵處中和分處-2F女廁,新北市中和區復興里復興路278號,24.990556,121.502356
2776,中和區,新北市中和地政事務所1F-男廁,新北市中和區復興里復興路280號,24.990298,121.502206
2777,中和區,新北市中和地政事務所5F-男廁,新北市中和區復興里復興路280號,24.990298,121.502206
2778,汐止區,汐止區衛生所1F-無障礙廁所,新北市汐止區秀山里新台五路一段266號,25.063853,121.658992
2779,板橋區,麥當勞板橋府中店2F-女廁,新北市板橋區挹秀里府中路69號,25.009445,121.457831
2780,鶯歌區,全國三鶯加油站-女廁,新北市鶯歌區南靖里文化路669號,24.946642,121.352832
2781,永和區,秀朗國小停車場(民權路)B1-3號梯出入口-女廁,新北市永和區民權里民權路1號,24.998797,121.520419
2782,貢寮區,中油澳底加油站-無障礙廁所,新北市貢寮區真理里美灩山街6-1號,25.06077,121.928544
2783,貢寮區,澳底群體醫療中心1F-女廁,新北市貢寮區真理里仁愛路128號,25.054257,121.92682
2784,貢寮區,澳底群體醫療中心1F-無障礙廁所,新北市貢寮區真理里仁愛路128號,25.054257,121.92682
2785,板橋區,五權公園活動中心-無障礙廁所,新北市板橋區五權里五權街77巷2號,24.9931,121.4651
2786,板橋區,浮洲簡易車站-女廁,新北市板橋區僑中里僑中二街156號,25.004192,121.444737
2787,板橋區,浮洲簡易車站-無障礙廁所,新北市板橋區僑中里僑中二街156號,25.004192,121.444737
2788,樹林區,中油車容坊佳園加油站-男廁,新北市樹林區柑園里佳園路三段9號,24.955278,121.388482
2789,樹林區,中油車容坊佳園加油站-女廁,新北市樹林區柑園里佳園路三段9號,24.955278,121.388482
2790,樹林區,中油車容坊佳園加油站-無障礙廁所,新北市樹林區柑園里佳園路三段9號,24.955278,121.388482
2791,板橋區,忠孝公園活動中心-男廁,新北市板橋區重慶里國慶路149巷21弄16號,24.997358,121.460397
2792,八里區,北河公園-女廁,新北市八里區大崁里無,25.16090067,121.4202118
2793,三重區,捷運三重站B3內站-男廁,新北市三重區福祉里捷運路36號,25.055628,121.484481
2794,三重區,捷運先嗇宮站B1-女廁,新北市三重區中興里重新路5段515號,25.04658,121.47129
2795,板橋區,板樹體育館1F-女廁,新北市板橋區溪福里溪城路90號,24.980258,121.428239
2796,三重區,捷運三和國中站B1-男廁,新北市三重區福隆里三和路三段5號,25.077168,121.486944
2797,中和區,新北市中和地政事務所2F-男廁,新北市中和區復興里復興路280號,24.990298,121.502206
2798,中和區,新北市中和地政事務所2F-女廁,新北市中和區復興里復興路280號,24.990504,121.502403
2799,中和區,新北市中和地政事務所5F-女廁,新北市中和區復興里復興路280號,24.990298,121.502206
2800,板橋區,板橋大遠百9F北側-女廁,新北市板橋區福丘里新站路28號,25.014543,121.465541
2801,板橋區,板橋大遠百7F南側-女廁,新北市板橋區福丘里新站路28號,25.014543,121.465541
2802,板橋區,板橋大遠百3F北側-無障礙廁所,新北市板橋區福丘里新站路28號,25.014543,121.465541
2803,板橋區,板橋大遠百4F北側-無障礙廁所,新北市板橋區福丘里新站路28號,25.014543,121.465541
2804,樹林區,停七活動中心-男廁,新北市樹林區樹興里復興路202號,24.991129,121.419193
2805,八里區,八里下庄市民活動中心4F-男廁,新北市八里區舊城里舊城路19號,25.146581,121.399865
2806,三重區,捷運台北橋站B1左側-女廁,新北市三重區福星里重新路1段108號,25.063048,121.500932
2807,三重區,捷運台北橋站B1左側-男廁,新北市三重區福星里重新路1段108號,25.063048,121.500932
2808,板橋區,板樹體育館1F-男廁,新北市板橋區溪福里溪城路90號,24.980258,121.428239
2809,板橋區,板樹體育館2F-男廁,新北市板橋區溪福里溪城路90號,24.980258,121.428239
2810,板橋區,板樹體育館2F-女廁,新北市板橋區溪福里溪城路90號,24.980258,121.428239
2811,三重區,三重培德圖書館1F-女廁,新北市三重區培德里忠孝路二段35號,25.071509,121.485966
2812,中和區,新北市政府稅捐稽徵處中和分處-2F無障礙廁所,新北市中和區復興里復興路278號,24.990556,121.502356
2813,中和區,新北市政府稅捐稽徵處中和分處-3F男廁,新北市中和區復興里復興路278號,24.990556,121.502356
2814,板橋區,新北市立圖書館(忠孝分館)2F-女廁,新北市板橋區重慶里國慶路149巷21弄16號,24.997358,121.460397
2815,蘆洲區,永平公園-無障礙,新北市蘆洲區永樂里永平街1號旁,25.089802,121.458733
2816,新莊區,龍鳳公園-多功能廁所,新北市新莊區龍鳳里丹鳳高中前,25.021763,121.416464
2817,板橋區,板橋國小地下停車場B1-女廁,新北市板橋區黃石里文化路一段23號,25.010842,121.458265
2818,板橋區,新北市立圖書館板橋分館3F-男廁,新北市板橋區黃石里文化路一段23號,25.010842,121.458265
2819,板橋區,萬坪公園-男廁,新北市板橋區新民里文化路一段與民權路口,25.0125113,121.4606515
2820,板橋區,民生公園活動中心2F-女廁,新北市板橋區東丘里民生路1段30號,25.013332,121.475955
2821,烏來區,烏來遊客中心2F-女廁,新北市烏來區烏來里烏來街45之1號,24.864968,121.551986
2822,中和區,民享公園地下停車場B2-男廁,新北市中和區民有里自治街67號,25.003487,121.475601
2823,蘆洲區,統一超商蘆洲民欣門市-混合廁所,新北市蘆洲區正義里蘆洲區光榮路63號,25.088487,121.461174
2824,新店區,統一精工新店安坑加油站-混合廁所,新北市新店區公崙里安康路2段5號,24.963576,121.515379
2825,板橋區,新北市政府消防局-無障礙廁所,新北市板橋區華東里南雅南路二段15號,25.000334,121.453325
2826,板橋區,頂呱呱板橋新埔店2F-混合廁所,新北市板橋區新埔里文化路一段409號,25.02237,121.467362
2827,板橋區,八德公園-無障礙廁所,新北市板橋區忠翠里雙十路二段與萬板路交叉口,25.02472,121.475909
2828,烏來區,烏來勇士廣場-無障礙廁所,新北市烏來區烏來里瀑布路18號旁,24.84715679,121.5509024
2829,蘆洲區,徐匯廣場B1-男廁,新北市蘆洲區恆德里中山一路8號,25.080429,121.480455
2830,蘆洲區,捷運蘆洲站B1-站內女廁,新北市蘆洲區保新里三民路386號,25.091554,121.464471
2831,三峽區,臺北大學復興路側停車場B2-無障礙廁所,新北市三峽區龍恩里大學路151號,24.93900078,121.3629507
2832,三峽區,臺北大學復興路側停車場B3-無障礙廁所,新北市三峽區龍恩里大學路151號,24.93900199,121.3629493
2833,瑞芳區,東和里活動中心2F-男廁,新北市瑞芳區東和里中山路20號,25.10632,121.80432
2834,瑞芳區,員山子分洪道-無障礙廁所,新北市瑞芳區柑坪里明燈路一段瑞柑新村1-2號,26.10642,121.828985
2835,烏來區,烏來勇士廣場-女廁,新北市烏來區烏來里瀑布路18號旁,24.847613,121.551104
2836,蘆洲區,徐匯廣場B1-女廁,新北市蘆洲區恆德里中山一路8號,25.080429,121.480455
2837,蘆洲區,徐匯廣場2F-男廁,新北市蘆洲區恆德里中山一路8號,25.080429,121.480455
2838,蘆洲區,捷運蘆洲站B1-站內男廁,新北市蘆洲區保新里三民路386號,25.091554,121.464471
2839,蘆洲區,捷運蘆洲站B1-站外女廁,新北市蘆洲區保新里三民路386號,25.091554,121.464471
2840,汐止區,國泰綜合醫院汐止分院急診室1F-無障礙廁所,新北市汐止區城中里建成路59巷2號,25.072923,121.661061
2841,瑞芳區,鼻頭漁港-男廁,新北市瑞芳區鼻頭里無,25.12417,121.91618
2842,瑞芳區,鼻頭漁港-女廁,新北市瑞芳區鼻頭里無,25.12417,121.91618
2843,三重區,捷運菜寮站B1-女廁,新北市三重區菜寮里重新路3段150號,25.059529,121.491326
2844,三重區,捷運先嗇宮站B1-男廁,新北市三重區中興里重新路5段515號,25.04658,121.47129
2845,三重區,三重培德圖書館2F-男廁,新北市三重區培德里忠孝路二段35號,25.071509,121.485966
2846,中和區,新北市中和地政事務所3F-無障礙廁所,新北市中和區復興里復興路280號,24.990298,121.502206
2847,樹林區,摩斯漢堡樹林店-女廁,新北市樹林區樹西里中山路1段102號,24.991044,121.423032
2848,蘆洲區,徐匯廣場B2-男廁,新北市蘆洲區恆德里中山一路8號,25.080429,121.480455
2849,瑞芳區,瑞芳東和圖書閱覽室3F-男廁,新北市瑞芳區東和里中山路20號,25.106331,121.80432
2850,板橋區,新北市立圖書館板橋四維分館2F-男廁,新北市板橋區新翠里陽明街166號2F,25.0245,121.4633
2851,板橋區,北基新海加油站-女廁,新北市板橋區幸福里新海路137號,25.023371,121.460631
2852,板橋區,台亞石油浮洲橋站-男廁,新北市板橋區崑崙里篤行路一段33號,24.9943,121.4322
2853,新店區,美城里管理委員會B1-混合廁所,新北市新店區美城里永業路81巷7弄,24.948856,121.530469
2854,新店區,統一超商百豐門市-混合廁所,新北市新店區下城里安康路一段168號,24.963118,121.526018
2855,板橋區,介壽公園(館前路與公園路)-多功能廁所,新北市板橋區福丘里板橋區公園路旁板橋地政事務所對面,25.008,121.4628
2856,蘆洲區,中原公園-無障礙廁所,新北市蘆洲區光明里長興路50巷與長樂路交叉口,25.083507,121.464038
2857,板橋區,重慶公園活動中心-男廁,新北市板橋區廣德里重慶路245巷32弄18號,25.000141,121.465293
2858,中和區,新北市政府稅捐稽徵處中和分處-3F無障礙廁所,新北市中和區復興里復興路278號,24.990556,121.502356
2859,中和區,新北市中和地政事務所1F-無障礙廁所,新北市中和區復興里復興路280號,24.990298,121.502206
2860,中和區,新北市中和地政事務所3F-女廁,新北市中和區復興里復興路280號,24.990298,121.502206
2861,中和區,新北市中和地政事務所4F-男廁,新北市中和區復興里復興路280號,24.990298,121.502206
2862,中和區,新北市中和地政事務所4F-女廁,新北市中和區復興里復興路280號,24.990298,121.502206
2863,蘆洲區,蘆洲兒童親子圖書館2F-男廁,新北市蘆洲區樓厝里集賢路221巷11號,25.085719,121.483695
2864,蘆洲區,徐匯廣場3F-女廁,新北市蘆洲區恆德里中山一路8號,25.080429,121.480455
2865,八里區,八里左岸景觀-無障礙-1,新北市八里區米倉里無,25.138937,121.44905
2866,八里區,八里左岸景觀-無障礙-2,新北市八里區米倉里無,25.138937,121.44905
2867,三重區,小巨蛋地下停車場B1-女廁,新北市三重區過田里新北大道一段2號,25.060881,121.488336
2868,林口區,林口東勢市場1F-男廁,新北市林口區東勢里麗園一街35號,25.068977,121.377679
2869,鶯歌區,新北市鶯歌衛生所1F-無障礙廁所,新北市鶯歌區南靖里文化路389號,24.950582,121.352538
2870,新莊區,新莊國民運動中心2F-無障礙廁所,新北市新莊區立德里公園路11號,25.039066,121.447886
2871,新莊區,新莊國民運動中心2F-親子廁所,新北市新莊區立德里公園路11號,25.039066,121.447886
2872,板橋區,八德公園(近萬板路)-女廁,新北市板橋區忠翠里雙十路二段1巷12號,25.02472,121.475909
2873,瑞芳區,猴硐文字牆-男廁,新北市瑞芳區猴硐里侯硐路,25.08531,121.82775
2874,瑞芳區,黃金博物館本山五坑-無障礙廁所,新北市瑞芳區銅山里金光路8號,25.10678,121.85883
2875,汐止區,國泰綜合醫院汐止分院1F-無障礙廁所,新北市汐止區城中里建成路59巷2號,25.073109,121.661469
2876,汐止區,茄苳市民活動中心3F-混合廁所,新北市汐止區茄苳里茄苳路225巷35號,25.069255,121.672058
2877,汐止區,好市多汐止店2F入口-男廁,新北市汐止區樟樹里大同路一段164號,25.056653,121.633118
2878,坪林區,胡桶古道-女廁,新北市坪林區上德里無,24.940047,121.751666
2879,瑞芳區,瑞芳瑞慈宮-男廁,新北市瑞芳區爪峯里三爪子坑路106巷190號,25.10366,121.80876
2880,瑞芳區,猴硐煤礦園區烘沙室-男廁,新北市瑞芳區光復里猴硐煤礦園區烘沙室,25.0822,121.82457
2881,瑞芳區,黃金博物館煉金樓-女廁,新北市瑞芳區銅山里金光路8號,25.10815,121.85745
2882,瑞芳區,黃金博物館金采賣店旁-男廁,新北市瑞芳區銅山里金光路8號,25.10617,121.85956
2883,瑞芳區,黃金博物館金采賣店旁-女廁,新北市瑞芳區銅山里金光路8號,25.10617,121.85956
2884,汐止區,國泰綜合醫院汐止分院急診室1F-女廁,新北市汐止區城中里建成路59巷2號,25.07273312,121.6611385
2885,瑞芳區,猴硐文字牆-女廁,新北市瑞芳區猴硐里侯硐路,25.08531,121.82775
2886,汐止區,汐止火車站2F南側-男廁,新北市汐止區信望里信義路1號,25.068316,121.6617346
2887,新店區,新和活動中心3F-女廁,新北市新店區新和里新和街109號,24.987144,121.521365
2888,瑞芳區,猴硐煤礦園區願景館-女廁,新北市瑞芳區光復里柴寮路36之1號,25.08688,121.82791
2889,瑞芳區,猴硐遊客中心-性別友善廁所,新北市瑞芳區光復里猴硐遊客中心,25.09198,121.83141
2890,瑞芳區,五番坑公廁-無障礙廁所,新北市瑞芳區崇文里五番坑公廁,25.1072,121.84138
2891,瑞芳區,金瓜石車站-無障礙廁所,新北市瑞芳區銅山里金瓜石車站,25.10849,121.8559
2892,瑞芳區,黃金博物館環境館-無障礙廁所,新北市瑞芳區銅山里金光路8號,25.10827,121.85674
2893,瑞芳區,黃金博物館煉金樓-男廁,新北市瑞芳區銅山里金光路8號,25.10815,121.856745
2894,汐止區,城中建成市民活動中心2F-女廁,新北市汐止區城中里建成路59巷39號,25.072706,121.663227
2895,石門區,白日夢咖啡-女廁,新北市石門區草里里阿里荖47-2號,25.27916,121.605928
2896,汐止區,忠山市民活動中心-無障礙廁所,新北市汐止區忠山里忠三街8號,25.078356,121.624411
2897,瑞芳區,三貂嶺火車站-女廁,新北市瑞芳區碩仁里魚寮路1號,25.06584,121.82241
2898,八里區,中油八里加油站-女廁,新北市八里區大崁里中山路一段1號,25.158843,121.423027
2899,汐止區,環河市民活動中心-女廁,新北市汐止區環河里南陽街123-1號,25.063647,121.624315
2900,汐止區,環河市民活動中心-無障礙廁所,新北市汐止區環河里南陽街123-1號,25.063647,121.624315
2901,林口區,統一超商林口至富門市-混合廁所,新北市林口區中湖里中湖里14鄰中湖40號之9,25.091498,121.383298
2902,板橋區,重慶公園活動中心-女廁,新北市板橋區廣德里重慶路245巷32弄18號,25.000141,121.465293
2903,板橋區,新北市立圖書館板橋分館1F-無障礙廁所,新北市板橋區黃石里文化路一段23號,25.010842,121.458265
2904,板橋區,民生公園活動中心2F-男廁,新北市板橋區東丘里民生路1段30號,25.013332,121.475955
2905,三重區,小巨蛋地下停車場B1-男廁,新北市三重區過田里新北大道一段2號,25.060881,121.488336
2906,三重區,聯邦地下停車場B1-女廁,新北市三重區田心里中華路125號,25.06403,121.483702
2907,鶯歌區,中油車容坊鳳鳴加油站-無障礙廁所,新北市鶯歌區鳳鳴里鶯桃路412號,24.964019,121.333431
2908,新莊區,新莊國民運動中心1F-親子廁所,新北市新莊區立德里公園路11號,25.039066,121.447886
2909,瑞芳區,瑞芳美食街-男廁,新北市瑞芳區龍興里民生街35巷2號,25.10667,121.80564
2910,瑞芳區,九份遊客中心-男廁,新北市瑞芳區崇文里汽車路89號,25.10975,121.84347
2911,汐止區,好市多汐止店B1出口-女廁,新北市汐止區樟樹里大同路一段159號,25.056653,121.633118
2912,汐止區,好市多汐止店2F出口-男廁,新北市汐止區樟樹里大同路一段162號,25.056653,121.633118
2913,汐止區,好市多汐止店2F入口-女廁,新北市汐止區樟樹里大同路一段165號,25.056653,121.633118
2914,雙溪區,魚行社區活動中心1F-混合廁所,新北市雙溪區共和里新店26號,25.03230986,121.8701148
2915,坪林區,胡桶古道-男廁,新北市坪林區上德里無,24.940047,121.751666
2916,瑞芳區,傑魚里活動中心2F-女廁,新北市瑞芳區傑魚里傑魚坑路245巷2-1號,25.10646,121.78811
2917,瑞芳區,瑞芳福德宮-混合廁所,新北市瑞芳區傑魚里傑魚坑路262-1號,25.10938,121.78933
2918,汐止區,忠山市民活動中心-男廁,新北市汐止區忠山里忠三街8號,25.078356,121.624411
2919,瑞芳區,瑞芳吉安宮-女廁,新北市瑞芳區吉慶里瑞竹路98號,25.10309,121.76377
2920,瑞芳區,瑞芳瑞慈宮-女廁,新北市瑞芳區爪峯里三爪子坑路106巷190號,25.10366,121.80876
2921,汐止區,崇德橋東市民活動中心1F-無障礙廁所,新北市汐止區崇德里茄苳路82號,25.070627,121.666921
2922,汐止區,崇德橋東市民活動中心1F-女廁,新北市汐止區崇德里茄苳路82號,25.070627,121.666921
2923,石門區,石門妙濟寺-男廁,新北市石門區乾華里阿里磅1號,25.248888,121.582432
2924,石門區,石門妙濟寺-女廁,新北市石門區乾華里阿里磅1號,25.248888,121.582432
2925,林口區,統一超商林口興都門市-混合廁所,新北市林口區仁愛里文化二路一段378號之一,25.076278,121.374239
2926,林口區,麥當勞林口文化店-女廁,新北市林口區麗林里文化二路一段33號,25.06884105,121.3700277
2927,鶯歌區,全國三鶯加油站-無障礙廁所,新北市鶯歌區南靖里文化路669號,24.946642,121.352832
2928,板橋區,肯德基板橋新埔店3F-混合廁所,新北市板橋區新埔里文化路一段421巷2號,25.022744,121.467339
2929,永和區,秀朗國小停車場(民權路)B1-3號梯出入口-無障礙廁所,新北市永和區民權里民權路1號,24.998797,121.520419
2930,永和區,秀朗國小停車場(民權路)B2-3號梯出入口-男廁,新北市永和區民權里民權路1號,24.998797,121.520419
2931,永和區,秀朗國小停車場(民權路)B2-3號梯出入口-女廁,新北市永和區民權里民權路1號,24.998797,121.520419
2932,蘆洲區,蘆洲成功地下停車場B1-男廁,新北市蘆洲區永康里長安街222號,25.084676,121.458213
2933,蘆洲區,捷運徐匯中學站B3-男廁,新北市蘆洲區溪墘里中山一路6號,25.08046836,121.4798887
2934,蘆洲區,捷運徐匯中學站B3-女廁,新北市蘆洲區溪墘里中山一路6號,25.080363,121.479806
2935,三峽區,臺北大學復興路側停車場B2-男廁,新北市三峽區龍恩里大學路151號,24.93895213,121.3629735
2936,瑞芳區,員山子分洪道-男廁,新北市瑞芳區柑坪里明燈路一段瑞柑新村1-2號,26.10642,121.828985
2937,板橋區,八德公園(近萬板路)-男廁,新北市板橋區忠翠里雙十路二段1巷12號,25.02472,121.475909
2938,板橋區,新北市立圖書館板橋四維分館閱覽室1F-男廁,新北市板橋區新翠里陽明街166號,25.0245,121.4633
2939,新店區,新和活動中心3F-男廁,新北市新店區新和里新和街109號,24.987144,121.521365
2940,瑞芳區,猴硐煤礦園區願景館-男廁,新北市瑞芳區光復里柴寮路36之1號,25.08688,121.82791
2941,汐止區,統一超商汐止東晴店-混合廁所,新北市汐止區福安里新台五路二段80號,25.065799,121.662345
2942,新店區,三民活動中心-無障礙,新北市新店區中正里三民路20-1號,24.970909,121.537294
2943,瑞芳區,瑞芳圖書館-男廁,新北市瑞芳區龍興里民權街17號,25.107501,121.808248
2944,瑞芳區,猴硐火車站-無障礙廁所,新北市瑞芳區光復里柴寮路70號,25.08681,121.82753
2945,瑞芳區,瑞芳火車站-無障礙廁所,新北市瑞芳區龍潭里明燈路三段82號,25.1087,121.80867
2946,雙溪區,外柑社區活動中心1F-混合廁所,新北市雙溪區外柑里外柑腳49號,25.019642,121.810049
2947,汐止區,忠山市民活動中心-女廁,新北市汐止區忠山里忠三街8號,25.078356,121.624411
2948,汐止區,福山市民活動中心4F-男廁,新北市汐止區橫科里橫科路117號,25.050522,121.620148
2949,瑞芳區,瑞芳區戶政事務所5F-無障礙廁所,新北市瑞芳區龍興里中正路30號,25.10731,121.80733
2950,泰山區,義學立體停車場-無障礙廁所,新北市泰山區義學里明志路2段188號,25.050053,121.427471
2951,貢寮區,澳底群體醫療中心1F-男廁,新北市貢寮區真理里仁愛路128號,25.054257,121.92682
2952,蘆洲區,蘆洲國小地下停車場B1-男廁,新北市蘆洲區保和里中正路100號,25.08405,121.470016
2953,蘆洲區,蘆洲國小地下停車場B1-女廁,新北市蘆洲區保和里中正路100號,25.084152,121.469935
2954,三重區,三重中山立體停車場2F-女廁,新北市三重區過田里中山路6號,25.061082,121.488476
2955,蘆洲區,蘆洲成功地下停車場B1-女廁,新北市蘆洲區永康里長安街222號,25.084676,121.458213
2956,新店區,中油屈尺加油站-無障礙廁所,新北市新店區屈尺里新烏路2段202號,24.916366,121.547454
2957,汐止區,台亞汐止好市多加油站-男廁,新北市汐止區樟樹里大同路一段154號,25.055672,121.632413
2958,汐止區,國泰綜合醫院汐止分院急診室1F-男廁,新北市汐止區城中里建成路59巷2號,25.07269425,121.6613102
2959,汐止區,汐止火車站2F南側-女廁,新北市汐止區信望里信義路1號,25.068316,121.6617346
2960,瑞芳區,瑞芳圖書館-女廁,新北市瑞芳區龍興里民權街17號,25.107501,121.808248
2961,瑞芳區,瑞芳圖書館-無障礙廁所,新北市瑞芳區龍興里民權街17號,25.107501,121.808248
2962,瑞芳區,猴硐煤礦園區烘沙室-無障礙廁所,新北市瑞芳區光復里猴硐煤礦園區烘沙室,25.0822,121.82457
2963,汐止區,好市多汐止店B1入口-男廁,新北市汐止區樟樹里大同路一段160號,25.056653,121.633118
2964,石門區,白日夢咖啡-男廁,新北市石門區草里里阿里荖47-2號,25.27916,121.605928
2965,樹林區,統一超商樹林山佳門市-混合廁所,新北市樹林區山佳里中山路三段87號,24.974708,121.400112
2966,新店區,全國安和路加油站-女廁,新北市新店區柴埕里安和路2段121號,24.971661,121.518945
2967,瑞芳區,三貂嶺火車站-男廁,新北市瑞芳區碩仁里魚寮路1號,25.06584,121.82241
2968,瑞芳區,中油瑞泉加油站-無障礙廁所,新北市瑞芳區傑魚里傑魚坑路1號,25.11039,121.79483
2969,八里區,中油獅子頭加油站-無障礙廁所,新北市八里區龍源里龍米路一段50號,25.119499,121.456706
2970,八里區,中油車容坊關渡橋加油站-女廁,新北市八里區米倉里龍米路二段72-1號,25.14185,121.447923
2971,八里區,八里左岸景觀-性別友善-1,新北市八里區米倉里無,25.138937,121.44905
2972,汐止區,福山市民活動中心4F-女廁,新北市汐止區橫科里橫科路117號,25.050522,121.620148
2973,汐止區,崇德橋東市民活動中心2F-女廁,新北市汐止區崇德里茄苳路82號,25.070627,121.666921
2974,石門區,石門區公所1F-男廁,新北市石門區尖鹿里中山路66號,25.291248,121.567631
2975,瑞芳區,三貂嶺火車站-無障礙廁所,新北市瑞芳區碩仁里魚寮路1號,25.06584,121.82241
2976,新店區,吉祥里活動中心-男廁,新北市新店區吉祥里玫瑰路51巷2號,24.946216,121.497397
2977,瑞芳區,中油海濱加油站-無障礙,新北市瑞芳區海濱里海濱路157-2號,25.121335,121.828919
2978,瑞芳區,中油林長加油站-無障礙廁所,新北市瑞芳區瑞濱里瑞濱路32-6號,25.1210863,121.8239597
2979,汐止區,台亞汐止大同加油站-無障礙廁所,新北市汐止區智慧里大同路二段37號,25.06313,121.647853
2980,汐止區,福德市民活動中心1F-無障礙廁所,新北市汐止區福德里福德一路232-1號,25.065366,121.633534
2981,汐止區,厚德山光市民活動中心2F-無障礙廁所,新北市汐止區厚德里樟樹一路137巷31號,25.065988,121.640863
2982,新莊區,台北捷運新莊區段(丹鳳站)B1站內1-女廁,新北市新莊區丹鳳里中正路624之1號,25.028919,121.422201
2983,新莊區,台北捷運新莊區段(丹鳳站)B1站內2-多功能廁所,新北市新莊區丹鳳里中正路624之1號,25.028919,121.422201
2984,新莊區,台北捷運新莊區段(迴龍站)B1站內-男廁,新北市新莊區雙鳳里中正路758之1號,25.021628,121.410867
2985,五股區,統一超商利客來門市-混合廁所,新北市五股區成州里統一超商利客來門市-混合廁所 成泰路3段419號,25.095842,121.448552
2986,板橋區,板橋高中地下停車場B1-女廁,新北市板橋區黃石里文化路ㄧ段25號,25.011678,121.45908
2987,新店區,開山福德宮-女廁,新北市新店區文明里檳榔路36巷11號,24.963577,121.541588
2988,汐止區,好市多汐止店B1入口-女廁,新北市汐止區樟樹里大同路一段161號,25.056653,121.633118
2989,汐止區,中油四海加油站-女廁,新北市汐止區橫科里大同路一段1號,25.055346,121.621056
2990,汐止區,文化市民活動中心1F-無障礙廁所,新北市汐止區文化里南興路83巷21號,25.059195,121.65349
2991,坪林區,大林土地公-無障礙廁所,新北市坪林區大林里無,24.923986,121.700389
2992,坪林區,坪林九芎林-男廁,新北市坪林區大林里無,24.933327,121.704966
2993,坪林區,坪林九芎林-女廁,新北市坪林區大林里無,24.933327,121.704966
2994,汐止區,中油淳寶加油站-無障礙廁所,新北市汐止區茄苳里新台五路二段236號,25.06677,121.670229
2995,瑞芳區,瑞芳勸濟堂-男廁,新北市瑞芳區銅山里瑞芳勸濟堂,25.11013,121.85971
2996,新店區,全國安和路加油站-無障礙廁所,新北市新店區柴埕里安和路2段121號,24.971696,121.518975
2997,板橋區,新北市政府消防局-女廁,新北市板橋區華東里南雅南路二段15號,25.000334,121.453325
2998,蘆洲區,幸福小站蘆洲站-女廁,新北市蘆洲區南港里三民路611號,25.094098,121.460042
2999,板橋區,正隆公園-女廁,新北市板橋區福壽里三民路二段26-1號,25.012411,121.476922
3000,板橋區,民生公園活動中心1F-無障礙廁所,新北市板橋區東丘里民生路1段30號,25.013332,121.475955
3001,板橋區,永安公園活動中心-無障礙廁所,新北市板橋區永安里雙十路一段25號,25.02452498,121.4772141
3002,板橋區,統一超商板信門市-混合廁所,新北市板橋區信義里信義路142號144號146號,24.991846,121.458697
3003,新莊區,新莊國民運動中心B2-男廁,新北市新莊區立德里公園路11號,25.039066,121.447886
3004,新莊區,新莊國民運動中心B2-女廁,新北市新莊區立德里公園路11號,25.039066,121.447886
3005,汐止區,汐止茄苳圖書館4F-女廁,新北市汐止區茄苳里茄苳路225巷35號,25.069151,121.672036
3006,新莊區,台北捷運新莊區段(迴龍站)B1站內-女廁,新北市新莊區雙鳳里中正路758之1號,25.021628,121.410867
3007,板橋區,埤墘地區活動中心-男廁,新北市板橋區埤墘里縣民大道3段33-1號,25.020724,121.473967
3008,板橋區,板橋高中地下停車場B1-男廁,新北市板橋區黃石里文化路ㄧ段25號,25.011678,121.45908
3009,板橋區,廣新里活動中心2F-男廁,新北市板橋區廣新里民生路2段臨56之4號,25.017935,121.471835
3010,土城區,神明會大墓公1F-女廁,新北市土城區埤塘里忠義路61號,24.968054,121.440714
3011,蘆洲區,柳堤公園-無障礙廁所,新北市蘆洲區正義里光榮路及長樂路交叉路口,25.088373,121.459679
3012,板橋區,和平公園活動中心2樓-男廁,新北市板橋區廣德里重慶路355號2F,24.997756,121.464388
3013,板橋區,和平公園活動中心2樓-女廁,新北市板橋區廣德里重慶路355號2F,24.997807,121.464811
3014,板橋區,和平公園活動中心2樓-無障礙,新北市板橋區廣德里重慶路355號2F,24.997756,121.464388
3015,新莊區,建福公園-男廁,新北市新莊區建福里建福路53號,25.027598,121.426751
3016,板橋區,萬坪公園-女廁,新北市板橋區新民里文化路一段與民權路口,25.01242623,121.4607695
3017,板橋區,民生公園活動中心1F-男廁,新北市板橋區東丘里民生路1段30號,25.013332,121.475955
3018,土城區,永寧市民活動中心2F-女廁,新北市土城區永寧里永寧路32巷10弄10號,24.961655,121.429188
3019,土城區,廣興市民活動中心2F-混合廁所,新北市土城區廣福里學府路1段99巷底,24.987113,121.456678
3020,土城區,延和市民活動中心B2-女廁,新北市土城區延和里立德路109號,24.987416,121.46399
3021,瑞芳區,瑞芳福山宮-男廁,新北市瑞芳區永慶里崙頂路1號,25.1073,121.84682
3022,瑞芳區,瑞芳福山宮-女廁,新北市瑞芳區永慶里崙頂路1號,25.10748,121.84682
3023,鶯歌區,東鶯里活動中心-女廁,新北市鶯歌區東鶯里文化路215號,24.953499,121.354657
3024,鶯歌區,鳳祥里活動中心-混合廁所,新北市鶯歌區鳳祥里鶯桃路381巷2弄15-17號,24.963902,121.332772
3025,淡水區,馬偕紀念醫院淡水分院馬偕樓1F中間-女廁,新北市淡水區民生里民生路45號,25.139758,121.460475
3026,瑞芳區,猴硐文字牆-無障礙廁所,新北市瑞芳區猴硐里侯硐路,25.08531,121.82775
3027,汐止區,崇德橋東市民活動中心2F-男廁,新北市汐止區崇德里茄苳路82號,25.070627,121.666921
3028,石門區,山溪里活動中心B1-男廁,新北市石門區山溪里老崩山6-5號,25.29085479,121.5516293
3029,樹林區,家樂福樹林店B1-男廁,新北市樹林區潭底里大安路118號,24.99668,121.421019
3030,樹林區,家樂福樹林店B1-無障礙廁所,新北市樹林區潭底里大安路118號,24.99668,121.421019
3031,石門區,石門區公所1F-女廁,新北市石門區尖鹿里中山路66號,25.291248,121.567631
3032,汐止區,汐止火車站2F北側-無障礙廁所,新北市汐止區信望里信義路1號,25.068316,121.6617346
3033,八里區,八里左岸景觀-性別友善-2,新北市八里區米倉里無,25.138937,121.44905
3034,汐止區,環河市民活動中心-男廁,新北市汐止區環河里南陽街123-1號,25.063647,121.624315
3035,樹林區,樹林區公所2F左側-無障礙廁所,新北市樹林區樹東里鎮前街93號,24.990042,121.424488
3036,板橋區,麥當勞板橋府中店2F-男廁,新北市板橋區挹秀里府中路69號,25.009445,121.457831
3037,鶯歌區,全國三鶯加油站-男廁,新北市鶯歌區南靖里文化路669號,24.946642,121.352832
3038,貢寮區,澳底群體醫療中心2F-男廁,新北市貢寮區真理里仁愛路128號,25.054257,121.92682
3039,三重區,正義國小地下停車場B1-女廁,新北市三重區正義里信義西街31號,25.064554,121.496152
3040,板橋區,後埔里活動中心-混合廁所,新北市板橋區後埔里重慶路89巷9弄2號,25.00634,121.462385
3041,板橋區,板橋區戶政事務所-男廁,新北市板橋區社後里中正路6號,25.012692,121.456524
3042,板橋區,板橋區戶政事務所-無障礙廁所,新北市板橋區社後里中正路6號,25.012692,121.456524
3043,八里區,八里左岸景觀-女廁-2,新北市八里區米倉里無,25.138937,121.44905
3044,永和區,福和國中地下停車場(永亨路)B1-1號出口-女廁,新北市永和區秀和里永亨路96號,25.004428,121.522352
3045,鶯歌區,東林加油站-無障礙廁所,新北市鶯歌區建德里中正一路461-5號,24.956734,121.364386
3046,新莊區,新莊國民運動中心3F-男廁,新北市新莊區立德里公園路11號,25.039066,121.447886
3047,汐止區,全國東湖加油站-無障礙廁所,新北市汐止區北山里康寧街6號,25.067496,121.617975
3048,八里區,中油八仙加油站-無障礙廁所,新北市八里區龍源里龍米路一段51號,25.119084,121.456304
3049,八里區,八里左岸景觀-性別友善-3,新北市八里區米倉里無,25.138937,121.44905
3050,汐止區,保新市民活動中心1F-男廁,新北市汐止區保新里保新街112-1號,25.070576,121.687853
3051,瑞芳區,瑞芳蝙蝠洞-男廁,新北市瑞芳區海濱里無,25.12608,121.83173
3052,瑞芳區,瑞芳蝙蝠洞-女廁,新北市瑞芳區海濱里無,25.12608,121.83173
3053,新莊區,西歐民安西路加油站-男廁,新北市新莊區西盛里民安西路452號,25.00854805,121.4305852
3054,新莊區,西歐民安西路加油站-無障礙廁所,新北市新莊區西盛里民安西路452號,25.008419,121.430862
3055,淡水區,淡海市民活動中心1F-無障礙廁所,新北市淡水區大庄里淡海路111號,25.182487,121.4217
3056,瑞芳區,爪峰活動中心-男廁,新北市瑞芳區爪峯里三爪子坑路279之1號,25.105838,121.813512
3057,瑞芳區,爪峰活動中心-女廁,新北市瑞芳區爪峯里三爪子坑路279之1號,25.105838,121.813512
3058,板橋區,港尾里活動中心-混合廁所,新北市板橋區港尾里中正路336-1號,25.022464,121.455168
3059,板橋區,金華市民活動中心-混合廁所,新北市板橋區金華里金華街10巷2號,25.020076,121.455892
3060,板橋區,龍翠里活動中心-男廁,新北市板橋區龍翠里文聖街209-1號,25.027425,121.478808
3061,板橋區,香丘里辦公室-混合廁所,新北市板橋區香丘里漢生東路117巷7號,25.01501,121.467798
3062,板橋區,鄉雲里活動中心-混合廁所,新北市板橋區鄉雲里大華街168號,25.00344461,121.4598012
3063,板橋區,廣福里市民活動中心-混合廁所,新北市板橋區廣福里和平路安樂巷6弄14、16號,24.99414,121.460921
3064,板橋區,歡園市民活動中心-女廁,新北市板橋區歡園里大觀路1段38巷1-7 號,25.004492,121.442817
3065,永和區,大新光明市民活動中心1F-無障礙廁所,新北市永和區大新里大新街45巷1-1號,25.00874,121.515578
3066,永和區,大新光明市民活動中心1F-無障礙廁所,新北市永和區大新里大新街45巷1-1號,25.00874,121.515578
3067,永和區,大新光明市民活動中心2F-女廁,新北市永和區大新里大新街45巷1-1號,25.00874,121.515578
3068,永和區,大新光明市民活動中心2F-女廁,新北市永和區大新里大新街45巷1-1號,25.00874,121.515578
3069,烏來區,烏來遊客中心2F-無障礙廁所,新北市烏來區烏來里烏來街45之1號,24.864968,121.551986
3070,中和區,民享公園地下停車場B2-女廁,新北市中和區民有里自治街67號,25.003487,121.475601
3071,蘆洲區,蘆洲監理站-女廁,新北市蘆洲區得勝里中山二路163號,25.081528,121.471457
3072,貢寮區,卯澳社區-無障礙廁所,新北市貢寮區福連里福興街1號旁,25.0120045,121.9899481
3073,新店區,中油中正加油站-無障礙廁所,新北市新店區江陵里中正路470號,24.981024,121.533998
3074,板橋區,六里市民活動中心-男廁,新北市板橋區滿翠里板橋區民生路三段270-1號,25.032736,121.463213
3075,板橋區,六里市民活動中心-女廁,新北市板橋區滿翠里民生路三段270-1號,25.032736,121.463213
3076,土城區,員林市民活動中心1F-女廁,新北市土城區員林里員林街15號,24.978142,121.442719
3077,淡水區,淡水觀光漁市-女廁,新北市淡水區沙崙里觀海路199號,25.183719,121.411406
3078,五股區,五股圖書館3F-無障礙廁所,新北市五股區五股里工商路1號,25.085477,121.437229
3079,五股區,水碓觀景公園-無障礙廁所,新北市五股區水碓里外寮路2號,25.07242,121.429535
3080,樹林區,樹林樂山圖書閱覽室1F-男廁,新北市樹林區樂山里中和街38號1F,24.973637,121.389858
3081,瑞芳區,三里市民活動中心-混合廁所,新北市瑞芳區龍潭里瑞芳街21號,25.1094,121.80663
3082,鶯歌區,東鶯里活動中心-無障礙廁所,新北市鶯歌區東鶯里文化路215號,24.953499,121.354657
3083,深坑區,土庫第一市民活動中心4F-女廁,新北市深坑區土庫里北深路一段83巷8弄36號,25.00999263,121.634649
3084,汐止區,汐止火車站2F南側-無障礙廁所,新北市汐止區信望里信義路1號,25.068316,121.6617346
3085,樹林區,柑園加油站北大站-無障礙廁所,新北市樹林區南園里佳園路三段227號,24.946021,121.385634
3086,汐止區,汐科火車站南站2F-男廁,新北市汐止區大同里大同路二段182號,25.063745,121.651852
3087,汐止區,復興市民活動中心-無障礙廁所,新北市汐止區復興里復興路1-1號,25.064921,121.655813
3088,新莊區,西歐民安西路加油站-女廁,新北市新莊區西盛里民安西路452號,25.008419,121.430862
3089,林口區,麥當勞林口文化店-男廁,新北市林口區麗林里文化二路一段33號,25.06879732,121.3699579
3090,貢寮區,金沙灣海濱公園-混合廁所,新北市貢寮區和美里和美街71號對面,25.075469,121.915962
3091,永和區,永和保生圖書館6F-女廁,新北市永和區新生里新生路218號,25.013132,121.505472
3092,新莊區,後港市民活動中心B1-男廁,新北市新莊區後港里建安街26巷4號,25.025821,121.428299
3093,新莊區,中平公園-無障礙廁所,新北市新莊區立基里新泰路502巷附近,25.046268,121.442673
3094,新店區,特力屋新店店4F-無障礙廁所,新北市新店區寶興里中興路3段1號,24.975878,121.546235
3095,新店區,中油華城加油站-男廁,新北市新店區下城里安康路一段319號,24.963636,121.52211
3096,鶯歌區,中鶯里集會中心-混合廁所,新北市鶯歌區中鶯里建國路118號,24.954193,121.352872
3097,板橋區,新北市政府環境保護局3F左側-女廁,新北市板橋區深丘里板橋區民族路57號,25.009065,121.464847
3098,板橋區,新北市政府環境保護局3F右側-女廁,新北市板橋區深丘里板橋區民族路57號,25.009065,121.464847
3099,板橋區,誠品生活新板店3F-男廁,新北市板橋區福丘里縣民大道二段66號,25.012251,121.463246
3100,板橋區,誠品生活新板店3F-女廁,新北市板橋區福丘里縣民大道二段66號,25.012251,121.463246
3101,淡水區,金色水岸-女廁1,新北市淡水區新生里中正路201號,25.171943,121.437568
3102,新莊區,台北捷運新莊區段(丹鳳站)B1站內1-男廁,新北市新莊區丹鳳里中正路624之1號,25.028919,121.422201
3103,新莊區,台北捷運新莊區段(丹鳳站)B1站內2-男廁,新北市新莊區丹鳳里中正路624之1號,25.028919,121.422201
3104,新莊區,台北捷運新莊區段(迴龍站)B1站內-多功能廁所,新北市新莊區雙鳳里中正路758之1號,25.021628,121.410867
3105,淡水區,油車里活動中心-女廁,新北市淡水區油車里淡海路32號,25.180983,121.423024
3106,板橋區,新北市政府消防局-男廁,新北市板橋區華東里南雅南路二段15號,25.000334,121.453325
3107,板橋區,板橋區衛生所-男廁,新北市板橋區德翠里英士路192號,25.023252,121.458209
3108,三芝區,三芝錫板智成堂-女廁,新北市三芝區錫板里海尾17號,25.25701464,121.4789616
3109,蘆洲區,蘆洲集賢公共托老中心3F-男廁,新北市蘆洲區仁義里集賢路245號,25.084842,121.481687
3110,蘆洲區,蘆洲集賢公共托老中心3F-女廁,新北市蘆洲區仁義里集賢路245號,25.084842,121.481687
3111,蘆洲區,蘆洲區重陽市民活動中心-男廁,新北市蘆洲區樓厝里集賢路221巷11號,25.085719,121.483695
3112,板橋區,統一超商成合門市-混合廁所,新北市板橋區崑崙里金門街40號,24.993807,121.433255
3113,樹林區,潭底里活動中心-混合廁所,新北市樹林區潭底里保安街1段285號,24.996643,121.418949
3114,永和區,秀朗國小停車場(民權路)B3-3號梯出入口-女廁,新北市永和區民權里民權路1號,24.998797,121.520419
3115,三重區,正義國小地下停車場B1-無障礙廁所,新北市三重區正義里信義西街31號,25.064554,121.496152
3116,三重區,二重國中地下停車場B1-女廁,新北市三重區二重里忠孝路3段87號,25.065663,121.48039
3117,三重區,三重中山立體停車場2F-男廁,新北市三重區過田里中山路6號,25.061082,121.488476
3118,貢寮區,澳底群體醫療中心2F-女廁,新北市貢寮區真理里仁愛路128號,25.054257,121.92682
3119,三重區,厚德國小地下停車場B1-男廁,新北市三重區立德里忠孝路1段70號,25.071876,121.48906
3120,三重區,厚德國小地下停車場B1-女廁,新北市三重區立德里忠孝路1段70號,25.071876,121.48906
3121,三重區,厚德國小地下停車場B1-無障礙廁所,新北市三重區立德里忠孝路1段70號,25.071876,121.48906
3122,貢寮區,舊草嶺隧道北口-無障礙廁所,新北市貢寮區福隆里外隆林街15號旁,25.004678,121.958329
3123,永和區,秀朗國小停車場(民權路)B3-3號梯出入口-男廁,新北市永和區民權里民權路1號,24.998797,121.520419
3124,泰山區,義學立體停車場-男廁,新北市泰山區義學里明志路2段188號,25.050053,121.427471
3125,板橋區,板橋國小地下停車場B1-無障礙廁所,新北市板橋區黃石里文化路一段23號,25.010842,121.458265
3126,三重區,二重國中地下停車場B1-男廁,新北市三重區二重里忠孝路3段87號,25.065663,121.48039
3127,新莊區,新莊國中地下停車場B2-男廁,新北市新莊區興漢里景德路138號,25.034382,121.45138
3128,貢寮區,卯澳社區-男廁,新北市貢寮區福連里福興街1號旁,25.0134824,121.9901424
3129,瑞芳區,光復里景觀公廁-男廁,新北市瑞芳區光復里柴寮路,25.08495,121.824605
3130,八里區,中油龍形加油站–無障礙廁所,新北市八里區米倉里龍米路二段150號,25.156993,121.435929
3131,板橋區,新興里活動中心2F-性別友善廁所,新北市板橋區新興里中興路63號,25.00762801,121.4552817
3132,板橋區,光華里活動中心1F-混合廁所,新北市板橋區光華里光華街1號,25.011142,121.454036
3133,板橋區,福星里活動中心-混合廁所,新北市板橋區福星里四川路一段157巷7、9號,25.004255,121.460546
3134,板橋區,華貴里活動中心-混合廁所,新北市板橋區華貴里大明明街20巷19弄13號,25.003089,121.457969
3135,三重區,統一超商三重五華門市-混合廁所,新北市三重區慈化里五華街150號,25.082176,121.489129
3136,烏來區,雲仙樂園青年活動中心-男廁,新北市烏來區烏來里瀑布路1-1號 (整修中),24.845087,121.555842
3137,貢寮區,台亞貢寮加油站公廁-無障礙廁所,新北市貢寮區福連里香蘭街2-1號,25.0241925,121.9718349
3138,貢寮區,福隆加油站-無障礙廁所,新北市貢寮區福隆里興隆街21-2號,25.018644,121.933117
3139,三芝區,統一超商三芝金芝店-男女廁,新北市三芝區埔頭里中興街一段2號,25.2596545,121.49765
3140,石碇區,二格公園-男廁,新北市石碇區格頭里無,24.9566761,121.6239202
3141,林口區,林口贊天宮-女廁,新北市林口區東林里自強三街28號,25.077557,121.398088
3142,泰山區,泰山區衛生所3F南側-男廁,新北市泰山區全興里全興路212號,25.05489,121.43446
3143,泰山區,摩斯漢堡泰山明志店-女廁,新北市泰山區貴賢里明志路3段77號,25.041901,121.425058
3144,淡水區,油車里活動中心-無障礙廁所,新北市淡水區油車里淡海路33號,25.180983,121.423024
3145,淡水區,北投里福德宮-無障礙廁所,新北市淡水區北投里北新路213號,25.18038,121.451953
3146,三重區,後竹圍街閱覽室2F-女廁,新北市三重區永德里自強路三段42巷11號,25.07264,121.485967
3147,板橋區,華江市民活動中心2F-混合廁所,新北市板橋區華江里民生路2段56號之6,25.020833,121.470051
3148,板橋區,廣新里活動中心2F-女廁,新北市板橋區廣新里民生路2段臨56之4號,25.017935,121.471835
3149,新店區,德安活動中心2F-混合廁所,新北市新店區德安里安康路2段183巷13之4號,24.993985,121.478344
3150,新店區,開山福德宮-男廁,新北市新店區文明里檳榔路36巷11號,24.963577,121.541588
3151,蘆洲區,捷運環保公園-無障礙廁所,新北市蘆洲區正義里三民路底成蘆橋第一橋孔右側,25.0923422,121.4629018
3152,板橋區,和平公園活動中心3樓-男廁,新北市板橋區廣德里重慶路355號3F,24.997756,121.464388
3153,板橋區,重慶公園活動中心-無障礙廁所,新北市板橋區廣德里重慶路245巷32弄18號,25.000141,121.465293
3154,板橋區,新北市立圖書館(忠孝分館)3F-男廁,新北市板橋區重慶里國慶路149巷21弄16號,24.997358,121.460397
3155,新莊區,建安公園-男廁,新北市新莊區建安里建安街41巷內,25.025456,121.428945
3156,新莊區,建安公園-親子廁所,新北市新莊區建安里建安街41巷內,25.025456,121.428945
3157,新莊區,建福公園-女廁,新北市新莊區建福里建福路53號,25.027598,121.426751
3158,板橋區,板橋國小地下停車場B1-男廁,新北市板橋區黃石里文化路一段23號,25.010842,121.458265
3159,中和區,中和大同圖書館1F-女廁,新北市中和區正行里圓通路121巷5號,24.996108,121.499668
3160,永和區,永利市民活動中心5F-女廁,新北市永和區福和里永利路72號,25.004128,121.520288
3161,永和區,永利市民活動中心5F-無障礙廁所,新北市永和區福和里永利路72號,25.004128,121.520288
3162,永和區,正興里活動中心-混合廁所,新北市永和區正興里中正路702巷20弄2-1號,25.010498,121.516566
3163,新莊區,新莊體育館停車場B1-混合廁所,新北市新莊區中華里中華路75號,25.047642,121.452727
3164,新莊區,中平公園-女廁,新北市新莊區立基里新泰路502巷附近,25.046268,121.442673
3165,板橋區,新北市政府環境保護局1F-女廁,新北市板橋區深丘里板橋區民族路57號,25.009065,121.464847
3166,五股區,水碓市民活動中心2F-男廁,新北市五股區水碓里水碓二路1號,25.071275,121.430461
3167,土城區,新北地方法院租賃區6F-男廁,新北市土城區青雲里青雲路152號,24.983386,121.459012
3168,土城區,新北地方法院租賃區6F-女廁,新北市土城區青雲里青雲路152號,24.983386,121.459012
3169,土城區,HOLA特力和樂台北土城店3F-女廁,新北市土城區青雲里青雲路152號,24.983386,121.459012
3170,淡水區,中正觀光市場-男廁,新北市淡水區民安里中正路115號,25.170069,121.439786
3171,汐止區,忠厚公有零售市場1F-無障礙廁所,新北市汐止區厚德里樟樹一路137巷28號,25.065988,121.640863
3172,汐止區,五堵火車站2F-無障礙廁所,新北市汐止區長安里長安路17號,25.077857,121.66763
3173,萬里區,崁腳里活動中心-無障礙2,新北市萬里區崁腳里崁腳路55之1號,25.161127,121.650279
3174,土城區,埤林廣福宮1F-混合廁所,新北市土城區埤林里學享街8號,24.986635,121.452228
3175,土城區,神明會大墓公1F-男廁,新北市土城區埤塘里忠義路61號,24.968054,121.440714
3176,土城區,員林市民活動中心1F-男廁,新北市土城區員林里員林街15號,24.978142,121.442719
3177,土城區,樂利市民活動中心1F-混合廁所,新北市土城區樂利里學府路1段228巷2弄10號,24.985643,121.451769
3178,五股區,車容坊五股加油站-無障礙廁所,新北市五股區成泰里新五路二段279號,25.086138,121.4428
3179,淡水區,淡海市民活動中心1F-女廁,新北市淡水區大庄里淡海路111號,25.182487,121.4217
3180,新莊區,新莊區公所10F-女廁,新北市新莊區興漢里中正路176號,25.035848,121.450543
3181,瑞芳區,濂洞里景觀公廁-男廁,新北市瑞芳區濂洞里無,25.1216595,121.8617674
3182,板橋區,新北市立圖書館板橋分館1F-男廁,新北市板橋區黃石里文化路一段23號,25.010842,121.458265
3183,板橋區,民生公園活動中心1F-女廁,新北市板橋區東丘里民生路1段30號,25.013332,121.475955
3184,板橋區,板橋區戶政事務所-女廁,新北市板橋區社後里中正路6號,25.012716,121.45645
3185,永和區,福和國中地下停車場(永亨路)B1-1號出口-男廁,新北市永和區秀和里永亨路96號,25.004428,121.522352
3186,林口區,林口東勢市場1F-無障礙廁所,新北市林口區東勢里麗園一街35號,25.068977,121.377679
3187,新莊區,新莊國民運動中心3F-女廁,新北市新莊區立德里公園路11號,25.039066,121.447886
3188,新莊區,新莊國民運動中心2F-男廁,新北市新莊區立德里公園路11號,25.039066,121.447886
3189,新莊區,新莊國民運動中心1F-無障礙廁所,新北市新莊區立德里公園路11號,25.039066,121.447886
3190,新店區,中油寶橋加油站-無障礙廁所,新北市新店區寶福里寶橋路219號,24.977383,121.548829
3191,板橋區,大豐里市民活動中心-混合廁所,新北市板橋區大豐里忠孝路48巷5弄4、6號,25.00059,121.461177
3192,板橋區,國光里活動中心-混合廁所,新北市板橋區國光里國光路76號,25.018239,121.459485
3193,板橋區,板橋區衛生所-女廁,新北市板橋區德翠里英士路192號,25.023252,121.458209
3194,三重區,三重南區圖書館3F南側-女廁,新北市三重區光明里重安街70號,25.0571,121.4912
3195,蘆洲區,捷運環保公園-女廁,新北市蘆洲區正義里三民路底成蘆橋第一橋孔右側,25.0923422,121.4629018
3196,蘆洲區,中路活動中心-女廁,新北市蘆洲區中華里光華路107巷11號,25.082038,121.467521
3197,萬里區,中幅里活動中心-無障礙,新北市萬里區中幅里中福路112之1號,25.171923,121.679601
3198,新店區,頂城活動中心-男廁,新北市新店區頂城里安康路一段9-2號,24.960441,121.533729
3199,新莊區,新莊鳳山宮-混合廁所,新北市新莊區化成里化成路116號,25.044515,121.465552
3200,淡水區,統一超商淡水真善美門市-混合廁所,新北市淡水區北投里新市一路3段141號,25.183243,121.447568
3201,石碇區,潭邊里民活動中心1F-混合廁所,新北市石碇區潭邊里碇坪路1段39號,24.99146252,121.6582933
3202,五股區,全家便利商店五股御雲店2F-混合廁所,新北市五股區成泰里西雲路2號,25.089845,121.442464
3203,板橋區,誠品生活板橋店5F-男廁,新北市板橋區景星里中山路一段46號,25.00873,121.46066
3204,板橋區,誠品生活板橋店3F-男廁,新北市板橋區景星里中山路一段46號,25.00873,121.46066
3205,板橋區,新北市政府環境保護局1F-無障礙廁所,新北市板橋區深丘里板橋區民族路57號,25.009065,121.464847
3206,新店區,特力屋新店店4F-男廁,新北市新店區寶興里中興路3段1號,24.975878,121.546235
3207,鶯歌區,鶯歌區戶政事務所-女廁,新北市鶯歌區北鶯里仁愛路53號,24.956186,121.354163
3208,鶯歌區,同慶里活動中心-男廁,新北市鶯歌區同慶里尖山埔路104號,24.951253,121.347237
3209,鶯歌區,統一超商聖陶門市-混合廁所,新北市鶯歌區南靖里文化路407號,24.94925657,121.3529179
3210,鶯歌區,中湖里活動中心-性別友善廁所,新北市鶯歌區中湖里中湖街25號,24.972946,121.34732
3211,新店區,麥當勞新店中正三店-混合廁所,新北市新店區百忍里中正路331號,24.975055,121.535866
3212,蘆洲區,統一超商蘆洲美禎門市-混合廁所,新北市蘆洲區樓厝里復興路322號,25.090257,121.481822
3213,新店區,捷運大坪林站-親子廁所,新北市新店區寶安里北新路3段190號,24.983585,121.541468
3214,板橋區,板橋區衛生所-無障礙廁所,新北市板橋區德翠里英士路192號,25.023252,121.458209
3215,蘆洲區,幸福小站蘆洲站-男廁,新北市蘆洲區南港里三民路611號,25.094098,121.460042
3216,蘆洲區,蘆洲區重陽市民活動中心-女廁,新北市蘆洲區樓厝里集賢路221巷11號,25.085719,121.483695
3217,蘆洲區,中路活動中心-男廁,新北市蘆洲區中華里光華路107巷11號,25.082038,121.467521
3218,三重區,興華閱覽室2F-無障礙廁所,新北市三重區光田里中華路5號,25.060269,121.48348
3219,板橋區,統一超商金園門市-混合廁所,新北市板橋區成和里金門街175號,24.990209,121.432628
3220,瑞芳區,濂洞里景觀公廁-女廁,新北市瑞芳區濂洞里無,25.1216595,121.8617674
3221,汐止區,金龍山北峰寺-女廁,新北市汐止區湖蓮里湖前街110巷101號,25.074224,121.631301
3222,八里區,統一超商八里喜城門市-混合廁所,新北市八里區訊塘里中華路二段562號,25.143547,121.39663
3223,板橋區,中正里市民活動中心-性別友善廁所,新北市板橋區中正里中正路413巷2弄24號,25.022818,121.453963
3224,板橋區,玉光里活動中心-男廁,新北市板橋區玉光里民生路二段56號之3,25.017677,121.472036
3225,板橋區,玉光里活動中心-女廁,新北市板橋區玉光里民生路二段56號之3,25.017677,121.472036
3226,板橋區,板橋第一運動場場內簡報室-女廁,新北市板橋區深丘里漢生東路278號,25.010554,121.469072
3227,板橋區,光榮里活動中心-混合廁所,新北市板橋區光榮里光華街52號,25.01313,121.453807
3228,金山區,萬壽社區活動中心-女廁,新北市金山區萬壽里海興路116號,25.23823927,121.6318837
3229,林口區,東湖福德宮-男廁,新北市林口區西林里仁愛路二段148-1號,25.074431,121.382113
3230,泰山區,泰山區衛生所3F南側-無障礙廁所,新北市泰山區全興里全興路212號,25.05489,121.43446
3231,蘆洲區,統一超商蘆洲蘆永門市-女廁,新北市蘆洲區永安里永安南路二段18號,25.076602,121.468278
3232,土城區,迪斯尼購物中心停車場B3-男廁,新北市土城區青雲里青雲路152號,24.983386,121.459012
3233,土城區,大魯閣土城家樂福館4F-女廁,新北市土城區青雲里青雲路152號,24.983386,121.459012
3234,瑞芳區,統一超商瑞芳瑞濱門市2F-混合廁所,新北市瑞芳區海濱里海濱路157號,25.12184,121.82943
3235,淡水區,中正觀光市場-無障礙廁所,新北市淡水區民安里中正路115號,25.170069,121.439786
3236,板橋區,板橋體育館B1-男廁1,新北市板橋區社後里中正路 8號,25.013238,121.45655
3237,板橋區,板橋體育館B1-無障礙廁所,新北市板橋區社後里中正路 8號,25.013238,121.45655
3238,五股區,五股更新閱覽室3F-無障礙廁所,新北市五股區更寮里更洲路47號,25.07918,121.457882
3239,五股區,五股成功分館4F-女廁,新北市五股區成功里西雲路165號,25.094785,121.446836
3240,新店區,統一超商新店碧興門市-男女廁,新北市新店區國校里北宜路1段122號,24.954926,121.539118
3241,新店區,青少年圖書館3F-男廁,新北市新店區德安里安康路2段151號旁,24.959673,121.510777
3242,石門區,新北市立圖書館(石門分館)2F-男廁,新北市石門區尖鹿里中央路9-3號,25.293317,121.567982
3243,板橋區,浮洲簡易車站-男廁,新北市板橋區僑中里僑中二街156號,25.004192,121.444737
3244,板橋區,萊爾富板橋民仁店-混合廁所,新北市板橋區青翠里仁化街186號,25.03412,121.478797
3245,樹林區,猐寮里市民活動中心-男廁,新北市樹林區猐寮里保安街2段172號,25.005269,121.413118
3246,樹林區,猐寮里市民活動中心-女廁,新北市樹林區猐寮里保安街2段172號,25.005269,121.413118
3247,板橋區,和平公園活動中心3樓-女廁,新北市板橋區廣德里重慶路355號3F,24.997756,121.464388
3248,板橋區,忠孝公園活動中心-無障礙廁所,新北市板橋區重慶里國慶路149巷21弄16號,24.997358,121.460397
3249,板橋區,新北市立圖書館(忠孝分館)3F-女廁,新北市板橋區重慶里國慶路149巷21弄16號,24.997358,121.460397
3250,板橋區,溪福市民活動中心-性別友善廁所,新北市板橋區溪福里金門街336巷7號,24.984958,121.427935
3251,三重區,中興橋市民活動中心-女廁,新北市三重區成功里成功路9號之1,25.050319,121.490503
3252,三重區,三民公園-女廁,新北市三重區田中里忠孝路3段40巷51號,25.065538,121.483136
3253,中和區,中和區嘉新里集會所1F-女廁,新北市中和區嘉新里民安街148號,25.000032,121.477701
3254,永和區,民權市民活動中心4F-女廁,新北市永和區民族里民權路60號,24.998018,121.519921
3255,永和區,大新光明市民活動中心5F-混合廁所,新北市永和區大新里大新街45巷1-1號,25.00874,121.515578
3256,永和區,大新光明市民活動中心5F-混合廁所,新北市永和區大新里大新街45巷1-1號,25.00874,121.515578
3257,永和區,永利市民活動中心5F-男廁,新北市永和區福和里永利路72號,25.004128,121.520288
3258,板橋區,統一超商溪州門市-混合廁所,新北市板橋區溪洲里溪崑二街108號,24.988702,121.426475
3259,樹林區,猐寮里市民活動中心-無障礙廁所,新北市樹林區猐寮里保安街2段172號,25.005269,121.413118
3260,蘆洲區,萊爾富蘆洲光榮店-混合廁所,新北市蘆洲區正義里蘆洲區光榮路68號,25.088514,121.46183
3261,新店區,國校里活動中心-混合廁所,新北市新店區國校里北宜路1段115巷8弄3-1號,24.954505,121.541024
3262,板橋區,忠孝公園活動中心-女廁,新北市板橋區重慶里國慶路149巷21弄16號,24.997358,121.460397
3263,板橋區,新北市立圖書館(忠孝分館)3F-無障礙廁所,新北市板橋區重慶里國慶路149巷21弄16號,24.997358,121.460397
3264,板橋區,新北市立圖書館板橋分館2F-女廁,新北市板橋區黃石里文化路一段23號,25.010842,121.458265
3265,石門區,新北市立圖書館(石門分館)2F-女廁,新北市石門區尖鹿里中央路9-3號,25.293317,121.567982
3266,石門區,富基漁港魚產品銷售中心B棟-女廁,新北市石門區富基里楓林15.16號,25.293215,121.53518
3267,石門區,富基漁港魚產品銷售中心B棟-無障礙廁所,新北市石門區富基里楓林15.16號,25.293215,121.53518
3268,蘆洲區,永平公有零售市場-女廁,新北市蘆洲區永樂里永平街1號,25.090359,121.459174
3269,中和區,中和納骨堂-男廁,新北市中和區橫路里興南路3段52巷38號,24.976516,121.493258
3270,中和區,民享藝文特區1F-男廁,新北市中和區民有里自治街67號,25.003487,121.475601
3271,中和區,中和區公所B1右側-男廁,新北市中和區漳和里景平路634-2號,24.99863,121.500754
3272,中和區,碧湖活動中心4F-混合廁所,新北市中和區錦昌里圓通路367巷15-1號,24.987762,121.49257
3273,汐止區,金龍公有零售市場(近中興路246巷)1F-無障礙廁所,新北市汐止區北峰里中興路250號,25.068783,121.629002
3274,瑞芳區,瑞芳礦工醫院-男廁,新北市瑞芳區龍川里一坑路71-2號,25.10862,121.80217
3275,瑞芳區,瑞芳礦工醫院-無障礙廁所,新北市瑞芳區龍川里一坑路71-2號,25.10862,121.80217
3276,瑞芳區,瑞隆加油站-男廁,新北市瑞芳區傑魚里傑魚坑路356號,25.10305,121.78542
3277,萬里區,崁腳里活動中心-無障礙1,新北市萬里區崁腳里崁腳路55之1號,25.161127,121.650279
3278,新店區,全家便利商店新店中欣分店-混合廁所,新北市新店區五峰里中正路3號,24.969211,121.545681
3279,新店區,頂城活動中心-女廁,新北市新店區頂城里安康路一段9-2號,24.960441,121.533729
3280,石碇區,潭邊里民活動中心1F-女廁,新北市石碇區潭邊里碇坪路1段39號,25,121.65
3281,板橋區,新北市立圖書館(忠孝分館)2F-男廁,新北市板橋區重慶里國慶路149巷21弄16號,24.997358,121.460397
3282,新莊區,龍鳳公園-男廁,新北市新莊區龍鳳里丹鳳高中前,25.021763,121.416464
3283,板橋區,民生公園活動中心3F-男廁,新北市板橋區東丘里民生路1段30號,25.013332,121.475955
3284,板橋區,民生公園活動中心3F-女廁,新北市板橋區東丘里民生路1段30號,25.013332,121.475955
3285,板橋區,板新醫院-混合廁所,新北市板橋區社後里中正路189號,25.016877,121.456495
3286,板橋區,社後地區社區發展協會-混合廁所,新北市板橋區社後里中正路80巷1弄7號,25.01471,121.457149
3287,八里區,八里左岸景觀-性別友善-4,新北市八里區米倉里無,25.138937,121.44905
3288,新莊區,家樂福中平店B1-女廁,新北市新莊區立基里中平路108號,25.045631,121.445024
3289,汐止區,汐止茄苳圖書館4F-男廁,新北市汐止區茄苳里茄苳路225巷35號,25.069151,121.672036
3290,淡水區,金色水岸-女廁2,新北市淡水區新生里中正路201號,25.171943,121.437568
3291,三重區,後竹圍街閱覽室2F-無障礙廁所,新北市三重區永德里自強路三段42巷11號,25.07264,121.485967
3292,板橋區,埤墘地區活動中心-女廁,新北市板橋區埤墘里縣民大道3段33-1號,25.020724,121.473967
3293,板橋區,民安里活動中心-混合廁所,新北市板橋區民安里民權路202巷7弄28號,25.015056,121.459009
3294,板橋區,民權里活動中心-男女廁,新北市板橋區民權里民權路202巷4弄1號,25.015642,121.460631
3295,永和區,永和保生圖書館5F-女廁,新北市永和區新生里新生路218號,25.013132,121.505472
3296,板橋區,新北市政府環境保護局1F-男廁,新北市板橋區深丘里板橋區民族路57號,25.009065,121.464847
3297,鶯歌區,鶯歌區公所4F-男廁,新北市鶯歌區北鶯里仁愛路55號,24.956037,121.354192
3298,鶯歌區,同慶里活動中心-女廁,新北市鶯歌區同慶里尖山埔路104號,24.951253,121.347237
3299,板橋區,新北市政府環境保護局2F右側-女廁,新北市板橋區深丘里板橋區民族路57號,25.009065,121.464847
3300,板橋區,新北市政府環境保護局3F左側-男廁,新北市板橋區深丘里板橋區民族路57號,25.009065,121.464847
3301,鶯歌區,中湖里活動中心-無障礙,新北市鶯歌區中湖里中湖街25號,24.972946,121.34732
3302,中和區,山北市民活動中心1F-無障礙廁所,新北市中和區福美里莊敬路49巷29弄2號,25.006149,121.501556
3303,平溪區,成安宮-女廁,新北市平溪區十分里十分街189號,25.04412,121.77791
3304,板橋區,新北市政府稅捐稽徵處-1F女廁,新北市板橋區福丘里中山路一段143號,25.011477,121.464191
3305,板橋區,新北市政府稅捐稽徵處-3F女廁,新北市板橋區福丘里中山路一段143號,25.011477,121.464191
3306,板橋區,新北市政府稅捐稽徵處-4F男廁,新北市板橋區福丘里中山路一段143號,25.011477,121.464191
3307,板橋區,新北市政府稅捐稽徵處-5F女廁,新北市板橋區福丘里中山路一段143號,25.011477,121.464191
3308,板橋區,新北市政府稅捐稽徵處-7F無障礙廁所,新北市板橋區福丘里中山路一段143號,25.011477,121.464191
3309,烏來區,台車站瀑布B2-男廁,新北市烏來區烏來里瀑布路1之2號旁,24.85221,121.55257
3310,烏來區,台車站瀑布B2-女廁,新北市烏來區烏來里瀑布路1之2號旁,24.85221,121.55257
3311,鶯歌區,鳳福里活動中心-男廁,新北市鶯歌區鳳福里鳳吉一街167之1號,24.975442,121.329102
3312,新店區,新店彭園會館2F-男廁,新北市新店區復興里北新路3段219號,24.985693,121.540034
3313,五股區,全家便利商店五股高亞店-混合廁所,新北市五股區興珍里中興路1段142號,25.073694,121.465033
3314,板橋區,誠品生活板橋店4F-女廁,新北市板橋區景星里中山路一段46號,25.00873,121.46066
3315,板橋區,誠品生活板橋店B1-男廁,新北市板橋區景星里中山路一段46號,25.008888,121.46086
3316,平溪區,十分瀑布公園-男廁,新北市平溪區南山里無,25.04872,121.78674
3317,板橋區,民生公園活動中心3F-無障礙廁所,新北市板橋區東丘里民生路1段30號,25.013332,121.475955
3318,板橋區,社後地區社區發展協會-無障礙廁所,新北市板橋區社後里中正路80巷1弄7號,25.01471,121.457149
3319,林口區,林口東勢市場1F-女廁,新北市林口區東勢里麗園一街35號,25.068977,121.377679
3320,新莊區,新莊國民運動中心1F-男廁,新北市新莊區立德里公園路11號,25.039066,121.447886
3321,新莊區,家樂福中平店B1-男廁,新北市新莊區立基里中平路108號,25.045631,121.445024
3322,汐止區,汐止江北圖書館2F-無障礙廁所,新北市汐止區江北里汐萬路一段81號,25.070078,121.654495
3323,新莊區,台北捷運新莊區段(丹鳳站)B1站內2-女廁,新北市新莊區丹鳳里中正路624之1號,25.028919,121.422201
3324,板橋區,自立里活動中心-混合廁所,新北市板橋區自立里大智街77號,25.015628,121.453394
3325,土城區,永豐市民活動中心1F-女廁,新北市土城區永豐里清水路234巷5號,24.982626,121.461282
3326,樹林區,樹林樂山圖書閱覽室1F-女廁,新北市樹林區樂山里中和街38號1F,24.973637,121.389858
3327,鶯歌區,東鶯里活動中心-男廁,新北市鶯歌區東鶯里文化路215號,24.953499,121.354657
3328,平溪區,天燈館1F-無障礙廁所,新北市平溪區菁桐里靜安路二段141號,25.023512,121.722701
3329,新莊區,新莊區公所10F-無障礙廁所,新北市新莊區興漢里中正路176號,25.035848,121.450543
3330,深坑區,土庫第一市民活動中心4F-男廁,新北市深坑區土庫里北深路一段83巷8弄36號,25.00997075,121.634649
3331,烏來區,雲仙樂園別墅區-女廁,新北市烏來區烏來里瀑布路1-1號 (整修中),24.845087,121.555842
3332,金山區,萬壽社區活動中心-男廁,新北市金山區萬壽里海興路116號,25.23823442,121.6318837
3333,泰山區,麥當勞泰山明志店2F-男廁,新北市泰山區貴賢里明志路3段153號,25.040705,121.425122
3334,泰山區,麥當勞泰山明志店2F-女廁,新北市泰山區貴賢里明志路3段153號,25.040705,121.425122
3335,五股區,水碓市民活動中心2F-女廁,新北市五股區水碓里水碓二路1號,25.071275,121.430461
3336,土城區,迪斯尼購物中心停車場B3-女廁,新北市土城區青雲里青雲路152號,24.983386,121.459012
3337,土城區,特力屋土城店2F-男廁,新北市土城區青雲里青雲路152號,24.983386,121.459012
3338,土城區,廣福市民活動中心1F-女廁,新北市土城區廣福里學府路1段99巷底,24.987827,121.456319
3339,板橋區,新北市政府稅捐稽徵處-9F無障礙廁所,新北市板橋區福丘里中山路一段143號,25.011477,121.464191
3340,板橋區,新北市政府稅捐稽徵處-10F男廁,新北市板橋區福丘里中山路一段143號,25.011477,121.464191
3341,板橋區,新北市政府稅捐稽徵處-10F女廁,新北市板橋區福丘里中山路一段143號,25.011477,121.464191
3342,板橋區,新北地方法院板橋院區6F-女廁,新北市板橋區東丘里民生路1段30號1號,25.014391,121.475912
3343,板橋區,萊爾富超商板橋僑興門市-混合廁所,新北市板橋區僑中里僑中二街104巷2號,25.007964,121.445887
3344,板橋區,亞東醫院中1-男廁,新北市板橋區華東里南雅南路2段21號,24.997265,121.452771
3345,板橋區,亞東醫院中2-女廁,新北市板橋區華東里南雅南路2段21號,24.997265,121.452771
3346,八里區,八里左岸景觀-女廁-1,新北市八里區米倉里無,25.159483,121.433293
3347,三重區,聯邦地下停車場B1-男廁,新北市三重區田心里中華路125號,25.06403,121.483702
3348,八里區,中油車容坊關渡橋加油站-無障礙廁所,新北市八里區米倉里龍米路二段72-1號,25.14185,121.447923
3349,鶯歌區,中油鶯歌加油站-無障礙廁所,新北市鶯歌區南靖里文化路152號,24.950327,121.352077
3350,新莊區,新莊國民運動中心R1露天平台-男廁,新北市新莊區立德里公園路11號,25.039066,121.447886
3351,新莊區,新莊國民運動中心R1露天平台-女廁,新北市新莊區立德里公園路11號,25.039066,121.447886
3352,新莊區,新莊國民運動中心2F-女廁,新北市新莊區立德里公園路11號,25.039066,121.447886
3353,深坑區,深坑集順廟B1-女廁,新北市深坑區深坑里深坑街135號,25.001209,121.613298
3354,汐止區,金龍山北峰寺-男廁,新北市汐止區湖蓮里湖前街110巷101號,25.074224,121.631301
3355,八里區,統一超商八里觀景門市2F-男廁,新北市八里區大崁里觀海大道53號,25.161933,121.426206
3356,板橋區,光華里活動中心2F-混合廁所,新北市板橋區光華里光華街1號,25.011142,121.454036
3357,板橋區,光華里活動中心3F-混合廁所,新北市板橋區光華里光華街1號,25.011142,121.454036
3358,板橋區,板橋地政事務所1F-男廁,新北市板橋區深丘里實踐路1號,25.008706,121.463605
3359,板橋區,板橋地政事務所1F-女廁,新北市板橋區深丘里實踐路1號,25.008706,121.463605
3360,板橋區,板橋地政事務所2F-無障礙廁所,新北市板橋區深丘里實踐路1號,25.008706,121.463605
3361,土城區,廣福市民活動中心1F-男廁,新北市土城區廣福里學府路1段99巷底,24.987827,121.456319
3362,土城區,中油車容坊頂埔加油站1F-女廁,新北市土城區頂埔里中央路4段43號,24.961702,121.422754
3363,汐止區,金龍公有零售市場(近中興路246巷)1F-女廁,新北市汐止區北峰里中興路250號,25.068783,121.629002
3364,汐止區,金龍公有零售市場(近民族六街23巷)1F-無障礙廁所,新北市汐止區北峰里中興路250號,25.068783,121.629002
3365,三重區,慈愛閱覽室1F-女廁,新北市三重區慈愛里仁美街108巷13號,25.08063,121.485005
3366,瑞芳區,瑞芳礦工醫院-女廁,新北市瑞芳區龍川里一坑路71-2號,25.10862,121.80217
3367,瑞芳區,瑞芳東和圖書閱覽室3F-女廁,新北市瑞芳區東和里中山路20號,25.10632,121.80432
3368,石門區,草里里里民活動中心3F-女廁,新北市石門區草里里阿里荖33-1號,25.270269,121.607659
3369,板橋區,誠品生活板橋店B1-女廁,新北市板橋區景星里中山路一段46號,25.00873,121.46066
3370,板橋區,溪北公園(金門街)-無障礙廁所,新北市板橋區堂春里篤行路二段133號,24.990228,121.43157
3371,板橋區,板橋溪北圖書館2F-無障礙廁所,新北市板橋區堂春里篤行路二段133號,24.984668,121.426309
3372,板橋區,板橋體育館B1-女廁2,新北市板橋區社後里中正路 8號,25.013202,121.456495
3373,板橋區,板橋體育館B1-男廁3,新北市板橋區社後里中正路 8號,25.013202,121.456495
3374,五股區,五股更新閱覽室3F-男廁,新北市五股區更寮里更洲路47號,25.07918,121.457882
3375,五股區,五股成功分館5F-男廁,新北市五股區成功里西雲路165號,25.094785,121.446836
3376,板橋區,華東里市民活動中心-混合廁所,新北市板橋區華東里南雅南路2段130巷32號,24.994448,121.44965
3377,板橋區,崑崙公園-無障礙廁所,新北市板橋區崑崙里大觀路三段240號,24.993106,121.429448
3378,三重區,中興橋市民活動中心-男廁,新北市三重區成功里成功路9號之1,25.050319,121.490503
3379,三重區,三民公園-男廁,新北市三重區田中里忠孝路3段40巷51號,25.065531,121.483024
3380,三重區,聚善祠-混合廁所,新北市三重區溪美里仁愛街266號,25.078345,121.492984
3381,三重區,萊爾富便利商店三重慈化門市-混合廁所,新北市三重區溪美里仁愛街382號,25.0807,121.491
3382,三重區,溪美立體停車場B1-男廁,新北市三重區溪美里自強路4段55號,25.078282,121.490793
3383,三重區,慈愛市民活動中心1F-無障礙廁所,新北市三重區慈愛里仁美街108巷13號,25.080684,121.485111
3384,板橋區,亞東醫院東2-女廁,新北市板橋區華東里南雅南路2段21號,24.997265,121.452771
3385,板橋區,亞東醫院東3-無障礙廁所,新北市板橋區華東里南雅南路2段21號,24.997265,121.452771
3386,板橋區,亞東醫院東4-男廁,新北市板橋區華東里南雅南路2段21號,24.997265,121.452771
3387,金山區,北觀處金山遊客中心-男廁,新北市金山區磺港里磺港路171-2號,25.223219,121.64453
3388,新莊區,新北市立圖書館新莊分館5F-女廁,新北市新莊區榮和里中華路1段2號,25.036408,121.452248
3389,新莊區,新北市立圖書館聯合分館3F-男廁,新北市新莊區仁愛里自由街1號,25.047901,121.456028
3390,新莊區,新北市立圖書館福營分館4F-無障礙廁所,新北市新莊區四維里四維路9號3-5樓,25.024294,121.423751
3391,淡水區,油車里活動中心-男廁,新北市淡水區油車里淡海路32號,25.180983,121.423024
3392,板橋區,板橋高中地下停車場B1-無障礙廁所,新北市板橋區黃石里文化路ㄧ段25號,25.011678,121.45908
3393,板橋區,埤墘地區活動中心-無障礙廁所,新北市板橋區埤墘里縣民大道3段33-1號,25.020724,121.473967
3394,新店區,統一超商新贊門市-混合廁所,新北市新店區中興里北新路1段14號,24.965574,121.541128
3395,平溪區,東勢里市民活動中心-混合廁所,新北市平溪區東勢里芊蓁林62之1號,25.00537,121.75083
3396,土城區,廷寮市民活動中心1F-男廁,新北市土城區廷寮里永豐路240之1號,24.97793,121.470871
3397,土城區,員褔市民活動中心4F-混合廁所,新北市土城區員信里中正路18號,24.974946,121.443014
3398,三重區,慈愛市民活動中心1F-女廁,新北市三重區慈愛里仁美街108巷13號,25.080684,121.485111
3399,永和區,民權市民活動中心4F-無障礙廁所,新北市永和區民族里民權路60號,24.998018,121.519921
3400,永和區,潭墘社區活動中心-混合廁所,新北市永和區潭墘里安樂路102號,24.999481,121.514264
3401,永和區,大新光明市民活動中心4F-女廁,新北市永和區大新里大新街45巷1-1號,25.00874,121.515578
3402,永和區,大新光明市民活動中心4F-女廁,新北市永和區大新里大新街45巷1-1號,25.00874,121.515578
3403,永和區,永和保生圖書館6F-男廁,新北市永和區新生里新生路218號,25.013132,121.505472
3404,永和區,新廍里活動中心-混合廁所,新北市永和區新廍里文化路142號,25.015404,121.51264
3405,新莊區,中平公園-男廁,新北市新莊區立基里新泰路502巷附近,25.046268,121.442673
3406,五股區,五股成功分館5F-女廁,新北市五股區成功里西雲路165號,25.094785,121.446836
3407,新店區,丹堤咖啡新店中正店1F-男女廁,新北市新店區百和里中正路368號,24.976713,121.535024
3408,新店區,丹堤咖啡新店中正店2F-男女廁,新北市新店區百和里中正路368號,24.976713,121.535024
3409,新店區,欣欣加油站-男廁,新北市新店區永平里安和路3段35號,24.981418,121.517275
3410,石門區,新北市立圖書館(石門分館)3F-女廁,新北市石門區尖鹿里中央路9-3號,25.293317,121.567982
3411,貢寮區,新北市立圖書館貢寮分館3F-男廁,新北市貢寮區真理里仁愛路79號,25.054257,121.926819
3412,石門區,富基漁港魚產品銷售中心A棟-男廁,新北市石門區富基里楓林15.16號,25.293215,121.53518
3413,貢寮區,澳底公有零售市場1F-女廁,新北市貢寮區真理里仁愛路79號,25.054257,121.926819
3414,新莊區,統一超商新莊長青門市1F-混合廁所,新北市新莊區思源里長青街5號,25.042283,121.459273
3415,五股區,五股龍鳳巖-女廁,新北市五股區民義里民義路1段107巷23號,25.085375,121.433181
3416,板橋區,正隆加油站-混合廁所,新北市板橋區福壽里三民路2段257號,25.011587,121.479045
3417,板橋區,溪洲活動中心-無障礙廁所,新北市板橋區溪洲里溪崑二街113號,24.987999,121.426222
3418,板橋區,板橋體育館B1-女廁3,新北市板橋區社後里中正路 8號,25.013202,121.456495
3419,平溪區,新北市立圖書館平溪分館3F-男廁,新北市平溪區石底里公園街17號,25.02471,121.73729
3420,五股區,五股水碓分館4F-女廁,新北市五股區水碓里明德路10號,25.071385,121.433284
3421,新莊區,新莊國民運動中心1F-女廁,新北市新莊區立德里公園路11號,25.039066,121.447886
3422,新莊區,新莊國民運動中心B3-男廁,新北市新莊區立德里公園路11號,25.039066,121.447886
3423,新莊區,新莊國民運動中心B3-女廁,新北市新莊區立德里公園路11號,25.039066,121.447886
3424,板橋區,麥當勞板橋篤行店2F-男廁,新北市板橋區溪福里篤行路三段99號,24.98463,121.426259
3425,板橋區,麥當勞板橋篤行店2F-女廁,新北市板橋區溪福里篤行路三段99號,24.984668,121.426309
3426,板橋區,誠品生活新板店1F-無障礙廁所,新北市板橋區福丘里縣民大道二段66號,25.012251,121.463246
3427,板橋區,誠品生活新板店2F-男廁,新北市板橋區福丘里縣民大道二段66號,25.012251,121.463246
3428,新莊區,新北市立圖書館福營分館5F-女廁,新北市新莊區四維里四維路9號3-5樓,25.024294,121.423751
3429,新莊區,新北市立圖書館裕民分館5F-女廁,新北市新莊區裕民里裕民街136號,25.022603,121.418093
3430,新莊區,新北市立圖書館裕民分館5F-無障礙廁所,新北市新莊區裕民里裕民街136號,25.021885,121.417779
3431,永和區,7-11永和和和店-混合廁所,新北市永和區秀元里秀朗路2段128號,25.001494,121.52491
3432,板橋區,萬板親子圖書閱覽室-女廁,新北市板橋區埤墘里萬板路28號,25.02231,121.472261
3433,板橋區,新北市藝文中心B1-女廁,新北市板橋區莒光里莊敬路62號,25.0253,121.471762
3434,瑞芳區,九份明聖宮管理委員會-男廁,新北市瑞芳區基山里坑尾巷37-1號,25.11109,121.84433
3435,三峽區,統一超商三峽福峽門市-混合廁所,新北市三峽區介壽里介壽路1段286號,24.929034,121.380184
3436,板橋區,新北市政府環境保護局2F左側-女廁,新北市板橋區深丘里板橋區民族路57號,25.009065,121.464847
3437,新店區,全家便利商店新店城泰分店-混合廁所,新北市新店區雙城里安康路3段311號,24.952957,121.485715
3438,鶯歌區,鶯歌區戶政事務所-男廁,新北市鶯歌區北鶯里仁愛路53號,24.956186,121.354163
3439,鶯歌區,鶯歌區公所4F-女廁,新北市鶯歌區北鶯里仁愛路55號,24.956029,121.354213
3440,鶯歌區,同慶里活動中心-無障礙廁所,新北市鶯歌區同慶里尖山埔路104號,24.951253,121.347237
3441,板橋區,新北市政府環境保護局4F-男廁,新北市板橋區深丘里板橋區民族路57號,25.009065,121.464847
3442,金山區,跳石海濱公園-無障礙,新北市金山區萬壽里淡金公路及香?園交叉路口,25.2478902,121.634236
3443,新店區,耕莘醫院安康院區1F-男廁,新北市新店區德安里車子路15號,24.953422,121.503908
3444,新店區,星巴克新店建國門市-混合廁所,新北市新店區復興里民權路78號,24.976496,121.540673
3445,新店區,台北慈濟醫院-男廁,新北市新店區復興里建國路289號,24.985975,121.535855
3446,新店區,台北慈濟醫院-女廁,新北市新店區復興里建國路289號,24.985975,121.535855
3447,新店區,台亞安坑交流道站-女廁,新北市新店區下城里安康路一段308號,24.964388,121.517445
3448,貢寮區,新北市立圖書館貢寮分館3F-女廁,新北市貢寮區真理里仁愛路79號,25.054257,121.926819
3449,石門區,富基漁港魚產品銷售中心A棟-女廁,新北市石門區富基里楓林15.16號,25.293215,121.53518
3450,貢寮區,澳底公有零售市場1F-男廁,新北市貢寮區真理里仁愛路79號,25.054257,121.926819
3451,貢寮區,澳底公有零售市場1F-無障礙廁所,新北市貢寮區真理里仁愛路79號,25.054257,121.926819
3452,中和區,和東市民活動中心2F-女廁,新北市中和區建和里連城路263巷4號,24.995836,121.491613
3453,中和區,和東市民活動中心1F-男廁,新北市中和區建和里連城路263巷4號,24.995836,121.491613
3454,平溪區,成安宮-男廁,新北市平溪區十分里十分街189號,25.04412,121.77791
3455,樹林區,新北市立圖書館樹林大安圖書閱覽室1F-男廁,新北市樹林區潭底里大安路118-1號,24.99734792,121.4216709
3456,樹林區,新北市立圖書館樹林柑園圖書閱覽室2F-男廁,新北市樹林區南園里柑園街三段128號,24.950849,121.386185
3457,樹林區,新北市立圖書館樹林柑園圖書閱覽室2F-女廁,新北市樹林區南園里柑園街三段128號,24.950849,121.386185
3458,中和區,飛駝市民活動中心2F-男廁,新北市中和區華南里忠孝街48號,24.983384,121.511234
3459,中和區,積穗市民活動中心-女廁,新北市中和區積穗里員山路455巷10號1樓及地下室,25.004517,121.479209
3460,中和區,德穗國華市民活動中心1F-男廁,新北市中和區自強里國光街1號,25.000086,121.472471
3461,中和區,復興大樓8F-男廁,新北市中和區外南里南山路236號,24.989655,121.506503
3462,平溪區,成安宮-無障礙廁所,新北市平溪區十分里十分街189號,25.04412,121.77791
3463,樹林區,新北市立圖書館樹林三多圖書閱覽室2F-男廁,新北市樹林區三福里福興街17號,25.016611,121.40434
3464,樹林區,新北市立圖書館樹林三多圖書閱覽室2F-女廁,新北市樹林區三福里福興街17號,25.016611,121.404343
3465,新莊區,全家便利商店新莊學輔店1F-混合廁所,新北市新莊區福營里建國一路2號,25.032112,121.433556
3466,雙溪區,長源社區活動中心1F-男廁,新北市雙溪區長源里柑腳19號,25.014873,121.804111
3467,林口區,東湖福德宮-女廁,新北市林口區西林里仁愛路二段148-1號,25.074431,121.382113
3468,林口區,中油林口加油站-無障礙廁所,新北市林口區林口里中山路1號,25.077864,121.396947
3469,泰山區,麥當勞泰山明志店1F-無障礙廁所,新北市泰山區貴賢里明志路3段153號,25.040705,121.425122
3470,蘆洲區,統一超商蘆洲蘆永門市-男廁,新北市蘆洲區永安里永安南路二段18號,25.076602,121.468278
3471,蘆洲區,統一超商蘆洲永樂門市-混合廁所,新北市蘆洲區永樂里永樂街35號,25.089008,121.455973
3472,蘆洲區,統一超商蘆洲前進門市-混合廁所,新北市蘆洲區中原里中正路185巷50號,25.084841,121.467061
3473,泰山區,7-11泰山貴鳳門市-混合廁所所,新北市泰山區貴和里貴鳳街2號,25.031576,121.421044
3474,泰山區,7-11泰山滿泰店-混合廁所,新北市泰山區楓樹里明志路1段28號,25.06548,121.433489
3475,萬里區,大鵬停車場-女廁,新北市萬里區大鵬里萬里加投路83-1號,25.21237675,121.6477919
3476,土城區,統一超商志城門市1F-混合廁所,新北市土城區延壽里金城路3段243、245、247號,24.99057683,121.4711309
3477,土城區,摩斯漢堡土城裕民店2F-女廁,新北市土城區學府里裕民路179號,24.984808,121.453498
3478,土城區,摩斯漢堡土城金城店1F-男廁,新北市土城區金城里金城路3段58號,24.986694,121.466164
3479,金山區,麥當勞金山中山店-女廁,新北市金山區和平里中山路88號,25.21861157,121.6405821
3480,土城區,特力屋土城店2F-女廁,新北市土城區青雲里青雲路152號,24.983386,121.459012
3481,土城區,HOLA特力和樂台北土城店3F-男廁,新北市土城區青雲里青雲路152號,24.983386,121.459012
3482,土城區,中油車容坊頂埔加油站1F-男廁,新北市土城區頂埔里中央路4段43號,24.961745,121.422596
3483,瑞芳區,統一超商瑞芳瑞濱門市2F-女廁,新北市瑞芳區海濱里海濱路157號,25.12184,121.82943
3484,樹林區,頂呱呱樹林店1F-混合廁所,新北市樹林區樹福里中山路1段12號,24.99282625,121.4241332
3485,石門區,草里里里民活動中心3F-男廁,新北市石門區草里里阿里荖33-1號,25.270269,121.607659
3486,石門區,草里里里民活動中心1F-無障礙廁所,新北市石門區草里里阿里荖33-1號,25.270269,121.607659
3487,五股區,車容坊五股加油站-女廁,新北市五股區成泰里新五路二段279號,25.086138,121.4428
3488,五股區,中油五股加油站-無障礙,新北市五股區五股里中興路4段21號,25.083171,121.437903
3489,瑞芳區,瑞濱市民活動中心-混合廁所,新北市瑞芳區瑞濱里建基路一段4號,25.12117,121.82054
3490,平溪區,天燈館1F-女廁,新北市平溪區菁桐里靜安路二段141號,25.023512,121.722701
3491,淡水區,淡海市民活動中心1F-男廁,新北市淡水區大庄里淡海路111號,25.182487,121.4217
3492,瑞芳區,光復里景觀公廁-女廁,新北市瑞芳區光復里柴寮路,25.08495,121.82605
3493,板橋區,湳興里活動中心-混合廁所,新北市板橋區湳興里南雅西路一段64號,25.005161,121.453723
3494,蘆洲區,統一超商蘆洲蘆華門市-混合廁所,新北市蘆洲區忠義里長安街140號,25.082145,121.460184
3495,蘆洲區,統一超商蘆洲蘆正門市-混合廁所,新北市蘆洲區中原里中正路261號,25.087215,121.467417
3496,蘆洲區,統一超商蘆洲華安門市-混合廁所,新北市蘆洲區長安里長安街107號,25.080863,121.461486
3497,蘆洲區,統一超商蘆洲飛龍門市-混合廁所,新北市蘆洲區永康里環堤大道2號,25.082905,121.456161
3498,板橋區,新北市政府稅捐稽徵處-2F女廁,新北市板橋區福丘里中山路一段143號,25.011477,121.464191
3499,板橋區,新北市政府稅捐稽徵處-3F男廁,新北市板橋區福丘里中山路一段143號,25.011477,121.464191
3500,板橋區,新北市政府稅捐稽徵處-6F男廁,新北市板橋區福丘里中山路一段143號,25.011477,121.464191
3501,瑞芳區,瑞隆加油站-女廁,新北市瑞芳區傑魚里傑魚坑路356號,25.10305,121.78542
3502,瑞芳區,瑞隆加油站-無障礙廁所,新北市瑞芳區傑魚里傑魚坑路356號,25.10305,121.78542
3503,萬里區,崁腳里活動中心-男廁,新北市萬里區崁腳里崁腳路55之1號,25.161127,121.650279
3504,石碇區,全家便利商店石碇雙溪店1F-混合廁所,新北市石碇區隆盛里碇坪路一段8號,25.012673,121.645274
3505,新店區,統一超商新店統和門市-混合廁所,新北市新店區安和里安民街355號,24.974797,121.517149
3506,新店區,萊爾富新店天廈門市-混合廁所,新北市新店區安和里安和路2段205巷6號,24.975018,121.517306
3507,鶯歌區,鳳福里活動中心-女廁,新北市鶯歌區鳳福里鳳吉一街167之1號,24.975442,121.329102
3508,新莊區,統一超商新莊品嘉門市-混合廁所,新北市新莊區國泰里新樹路69之4號之5號,25.0298504,121.4388845
3509,八里區,台亞八里台北港加油站-男廁,新北市八里區舊城里中華路二段341號,25.145855,121.400891
3510,板橋區,新北市政府稅捐稽徵處-2F無障礙廁所,新北市板橋區福丘里中山路一段143號,25.011477,121.464191
3511,板橋區,新北市政府稅捐稽徵處-4F無障礙廁所,新北市板橋區福丘里中山路一段143號,25.011477,121.464191
3512,板橋區,新北市政府稅捐稽徵處-6F女廁,新北市板橋區福丘里中山路一段143號,25.011477,121.464191
3513,板橋區,新北市政府稅捐稽徵處-8F男廁,新北市板橋區福丘里中山路一段143號,25.011477,121.464191
3514,板橋區,新北市政府稅捐稽徵處-8F無障礙廁所,新北市板橋區福丘里中山路一段143號,25.011477,121.464191
3515,板橋區,光華里活動中心4F-混合廁所,新北市板橋區光華里光華街1號,25.011142,121.454036
3516,板橋區,龍翠里活動中心-女廁,新北市板橋區龍翠里文聖街209-1號,25.027425,121.478808
3517,板橋區,龍翠里活動中心-無障礙廁所,新北市板橋區龍翠里文聖街209-1號,25.027425,121.478808
3518,板橋區,板橋第一運動場場內辦公處-男廁,新北市板橋區深丘里漢生東路278號,25.010554,121.469072
3519,板橋區,板橋第一運動場場內辦公處-女廁,新北市板橋區深丘里漢生東路278號,25.010554,121.469072
3520,板橋區,全家便利板橋新光仁店-混合廁所,新北市板橋區西安里中山路二段25號,25.015259,121.472617
3521,板橋區,新生里活動中心-混合廁所,新北市板橋區新生里新生街23巷17號,25.022632,121.456434
3522,中和區,統一超商中和頂新門市1F-混合廁所,新北市中和區正南里興南路2段49-51號,24.985292,121.507282
3523,中和區,統一超商中和福真門市1F-混合廁所,新北市中和區福真里景平路679號,25.0029,121.496501
3524,土城區,員林市民活動中心1F-無障礙廁所,新北市土城區員林里員林街15號,24.978142,121.442719
3525,土城區,新北市立圖書館土城親子分館4F-親子廁所,新北市土城區頂福里中洲路28巷30號,24.958066,121.414709
3526,土城區,新北市立圖書館柑林埤分館3F-男廁,新北市土城區埤林里學享街55號,24.987034,121.45197
3527,永和區,永和國小停車場(中正路)B1-1行人出入口-男廁,新北市永和區潭墘里中正路299號,25.00353,121.517096
3528,新店區,碧潭活動中心3F-女廁,新北市新店區新店里新店路207號,24.956793,121.537049
3529,淡水區,淡水中山公有零售市場-無障礙廁所,新北市淡水區清文里中山路77號,25.170408,121.442713
3530,五股區,統一超商五股泰股門市-混合廁所,新北市五股區成德里成泰路3段577巷24號,25.102875,121.451572
3531,五股區,統一超商五股福臨門市-混合廁所,新北市五股區民義里工商路150號,25.08748,121.433282
3532,五股區,統一超商福泰門市-混合廁所,新北市五股區六福里五福路49號,25.089573,121.43353
3533,五股區,全家便利商店五股新五義店-混合廁所,新北市五股區民義里民義路1段109號,25.086429,121.434058
3534,板橋區,新北市立圖書館板橋四維分館2F-無障礙廁所,新北市板橋區新翠里陽明街166號,25.024684,121.463635
3535,板橋區,家樂福板橋店B1-無障礙廁所,新北市板橋區富貴里三民路2段31號,25.01781,121.479412
3536,板橋區,誠品生活板橋店4F-男廁,新北市板橋區景星里中山路一段46號,25.00873,121.46066
3537,板橋區,新北市政府稅捐稽徵處-9F男廁,新北市板橋區福丘里中山路一段143號,25.011477,121.464191
3538,板橋區,新北地方法院板橋院區6F-男廁,新北市板橋區東丘里民生路1段30號1號,25.014391,121.475912
3539,板橋區,全家板橋僑二店-混合廁所,新北市板橋區僑中里大觀路二段116巷1號,25.006347,121.445478
3540,板橋區,新北市藝文中心1F-多功能廁所,新北市板橋區莒光里莊敬路62號,25.0253,121.471762
3541,永和區,仁愛公園地下停車場(仁愛路)B1-戊-男廁,新北市永和區保安里仁愛路244-1號,25.011142,121.507001
3542,金山區,中油金山加油站-無障礙廁所,新北市金山區美田里中山路385號,25.225104,121.633674
3543,新莊區,新北市立圖書館聯合分館3F-女廁,新北市新莊區仁愛里自由街1號,25.047901,121.456028
3544,板橋區,板橋區溪崑聯合服務中心4F-男廁,新北市板橋區堂春里溪北路111號,24.988407,121.430322
3545,板橋區,歡仔園市民活動中心-男廁,新北市板橋區歡園里大觀路1段38巷1-5號,25.004492,121.442817
3546,板橋區,歡園市民活動中心-男廁,新北市板橋區歡園里大觀路1段38巷1-7號,25.004492,121.442817
3547,三重區,溪美立體停車場B1-女廁,新北市三重區溪美里自強路4段55號,25.078282,121.490793
3548,中和區,中和區嘉新里集會所1F-男廁,新北市中和區嘉新里民安街148號,25.000032,121.477701
3549,永和區,民權市民活動中心4F-男廁,新北市永和區民族里民權路60號,24.998018,121.519921
3550,永和區,大新光明市民活動中心3F-男廁,新北市永和區大新里大新街45巷1-1號,25.00874,121.515578
3551,板橋區,新北市政府稅捐稽徵處-10F無障礙廁所,新北市板橋區福丘里中山路一段143號,25.011477,121.464191
3552,板橋區,新北市政府稅捐稽徵處-B1男廁,新北市板橋區福丘里中山路一段143號,25.011477,121.464191
3553,板橋區,新北市政府稅捐稽徵處-B1女廁,新北市板橋區福丘里中山路一段143號,25.011477,121.464191
3554,板橋區,統一超商板橋園林門市-男女廁,新北市板橋區光榮里南雅西路2段102.104號,25.011817,121.452314
3555,板橋區,亞東醫院北2-女廁,新北市板橋區華東里南雅南路2段21號,24.997265,121.452771
3556,永和區,仁愛公園地下停車場(仁愛路)B1-戊-女廁,新北市永和區保安里仁愛路244-1號,25.011142,121.507001
3557,新莊區,新北市立圖書館新莊分館6F-男廁,新北市新莊區榮和里中華路1段2號,25.036408,121.452248
3558,板橋區,誠品生活新板店2F-女廁,新北市板橋區福丘里縣民大道二段66號,25.012251,121.463246
3559,淡水區,金色水岸-男廁1,新北市淡水區新生里中正路201號,25.17147654,121.4375912
3560,淡水區,金色水岸-男廁2,新北市淡水區新生里中正路201號,25.1712855,121.4373216
3561,板橋區,華翠里活動中心-混合廁所,新北市板橋區華翠里莒光路133巷42號,25.024773,121.47231
3562,板橋區,福壽里市民活動中心-混合廁所,新北市板橋區福壽里三民路二段居仁巷2弄48號,25.012845,121.480658
3563,板橋區,西安里活動中心-男廁,新北市板橋區西安里民生路二段89號之1,25.015875,121.472629
3564,板橋區,西安里活動中心-女廁,新北市板橋區西安里民生路二段89號之1,25.015875,121.472629
3565,淡水區,淡水中山公有零售市場-男廁,新北市淡水區清文里中山路77號,25.170408,121.442713
3566,五股區,準園休閒農場-女廁,新北市五股區水碓里新五路2段70號,25.074074,121.43841
3567,五股區,台北園外園1F-女廁,新北市五股區水碓里新五路2段70號,25.074074,121.43841
3568,五股區,台北園外園1F-無障礙廁所,新北市五股區水碓里新五路2段70號,25.074074,121.43841
3569,八里區,大崁里銀髮俱樂部-男廁,新北市八里區大崁里中山路一段21號,25.158924,121.422099
3570,八里區,埤頭里銀髮俱樂部3F-男廁,新北市八里區埤頭里中山路一段109號,25.15977,121.414107
3571,林口區,麥當勞林口文化店-無障礙廁所,新北市林口區麗林里文化二路一段33號,25.06886535,121.3699794
3572,板橋區,誠品生活板橋店2F-男廁,新北市板橋區景星里中山路一段46號,25.00873,121.46066
3573,板橋區,誠品生活板橋店2F-女廁,新北市板橋區景星里中山路一段46號,25.00873,121.46066
3574,板橋區,溪北公園(溪北路)-無障礙廁所,新北市板橋區堂春里篤行路二段133號,24.990228,121.43157
3575,板橋區,板橋體育館B1-男廁4,新北市板橋區社後里中正路 8號,25.013238,121.45655
3576,平溪區,新北市立圖書館平溪分館3F-無障礙廁所,新北市平溪區石底里公園街17號,25.02471,121.73729
3577,平溪區,新北市立圖書館平溪分館3F-女廁,新北市平溪區石底里公園街17號,25.02471,121.73729
3578,樹林區,樹林垃圾焚化廠2F-女廁,新北市樹林區樂山里中山路三段212號,24.972179,121.391743
3579,永和區,大新光明市民活動中心3F-男廁,新北市永和區大新里大新街45巷1-1號,25.00874,121.515578
3580,永和區,永和保生圖書館6F-無障礙廁所,新北市永和區新生里新生路218號,25.013132,121.505472
3581,板橋區,新北市政府環境保護局2F右側-男廁,新北市板橋區深丘里板橋區民族路57號,25.009065,121.464847
3582,新店區,中油華城加油站-女廁,新北市新店區下城里安康路一段319號,24.963678,121.521903
3583,新店區,統一超商新店新福德門市-男女廁,新北市新店區福德里中央路179號,24.970103,121.534984
3584,板橋區,新北市政府環境保護局3F右側-男廁,新北市板橋區深丘里板橋區民族路57號,25.009065,121.464847
3585,板橋區,新北市政府環境保護局4F-女廁,新北市板橋區深丘里板橋區民族路57號,25.009065,121.464847
3586,板橋區,新北市藝文中心演奏廳-女廁,新北市板橋區莒光里莊敬路62號,25.0253,121.471762
3587,瑞芳區,金山寺停車場-男廁,新北市瑞芳區頌德里汽車路142號,25.11106,121.83855
3588,新莊區,台北捷運新莊區段(輔大站)B1站內-多功能廁所,新北市新莊區營盤里中正路510之1號,25.032913,121.435392
3589,泰山區,7-11泰山公園賞店-混合廁所,新北市泰山區全興里仁愛路66號,25.055783,121.434066
3590,泰山區,7-11泰山泰陽店-混合廁所,新北市泰山區貴和里新北大道6段470號,25.032439,121.421281
3591,土城區,裕生立體停車場1F-男廁,新北市土城區日新里裕生路106號,24.98447,121.446841
3592,土城區,統一超商太陽城門市1F-混合廁所,新北市土城區頂新里中央路4段281之8號,24.953819,121.412515
3593,樹林區,樹林垃圾焚化廠3F-性別友善廁所,新北市樹林區樂山里中山路三段212號,24.972179,121.391743
3594,樹林區,樹林垃圾焚化廠3F-女廁,新北市樹林區樂山里中山路三段212號,24.972179,121.391743
3595,五股區,五股水碓分館4F-無障礙廁所,新北市五股區水碓里明德路10號,25.071385,121.433284
3596,五股區,五股成功分館4F-無障礙廁所,新北市五股區成功里西雲路165號,25.094785,121.446836
3597,新店區,五大加油站-無障礙廁所,新北市新店區安和里安和路2段192號,24.974522,121.518881
3598,新店區,耕莘醫院安康院區2F-女廁,新北市新店區德安里車子路15號,24.953422,121.503908
3599,新店區,台亞安坑交流道站-男廁,新北市新店區下城里安康路一段308號,24.964388,121.517445
3600,三芝區,慈雲寺-男廁,新北市三芝區興華里楓子林47之1號,25.20674935,121.5018092
3601,平溪區,統一超商平溪門市-混合廁所,新北市平溪區石底里靜安路二段338至340號,25.02426,121.73762
3602,瑞芳區,龍嚴宮-無障礙廁所,新北市瑞芳區龍川里明燈路3段152號,25.10872,121.80404
3603,汐止區,康福市民活動中心1F-無障礙廁所,新北市汐止區康福里福德三路9號,25.06943,121.637758
3604,三重區,龍濱公園-無障礙廁所,新北市三重區龍濱里龍門路嘉天宮前,25.073605,121.50172
3605,新莊區,行政院新莊聯合辦公大樓南棟10F西邊-男廁,新北市新莊區中原里中平路439號,25.055999,121.443165
3606,新莊區,行政院新莊聯合辦公大樓B3西邊-男廁,新北市新莊區中原里中平路439號,25.055999,121.443165
3607,新莊區,新北市立圖書館聯合分館4F-女廁,新北市新莊區仁愛里自由街1號,25.047901,121.456028
3608,新莊區,新北市立圖書館福營分館3F-女廁,新北市新莊區四維里四維路9號3-5樓,25.024294,121.423751
3609,新莊區,新北市立圖書館裕民分館4F-男廁,新北市新莊區裕民里裕民街136號,25.021885,121.417779
3610,新莊區,新北市立圖書館裕民分館4F-無障礙廁所,新北市新莊區裕民里裕民街136號,25.021885,121.417779
3611,永和區,星巴克永和愛買門市-混合廁所,新北市永和區民權里民生路46巷50號,24.99649,121.521027
3612,板橋區,華中市民活動中心-混合廁所,新北市板橋區華中里僑中一街102巷7弄1號,25.012855,121.446756
3613,永和區,仁愛公園(仁愛路)-性別友善公廁,新北市永和區保安里仁愛路244號,25.01136,121.507724
3614,瑞芳區,金山寺-女廁,新北市瑞芳區頌德里汽車路142號,25.11106,121.83855
3615,烏來區,雲仙樂園青年活動中心-女廁,新北市烏來區烏來里瀑布路1-1號 (整修中),24.845087,121.555842
3616,烏來區,情人步道-無障礙廁所,新北市烏來區烏來里瀑布路125號左方551處,24.85300294,121.5518466
3617,金山區,聖德宮-女廁,新北市金山區三界里三界壇路72號,25.23106729,121.6198003
3618,貢寮區,貢寮區和美里公廁-男廁,新北市貢寮區和美里和美街20-1號對面,25.082428,121.911852
3619,八里區,八里圖書館6F-無障礙廁所,新北市八里區舊城里舊城路19號,25.14555655,121.4000523
3620,三芝區,停一停車場-男廁 (中山立體停車場),新北市三芝區埔頭里淡金路一段61號,25.25903745,121.5003723
3621,石碇區,二格公園-女廁,新北市石碇區格頭里無,24.95666637,121.6239524
3622,土城區,廷寮市民活動中心1F-女廁,新北市土城區廷寮里永豐路240之1號,24.97793,121.470871
3623,土城區,永寧市民活動中心2F-男廁,新北市土城區永寧里永寧路32巷10弄10號,24.961655,121.429188
3624,土城區,土城市民活動中心4F-女廁,新北市土城區員信里中正路18號,24.974946,121.443014
3625,淡水區,淡水觀光漁市-男廁,新北市淡水區沙崙里觀海路199號,25.183719,121.411406
3626,五股區,車容坊五股加油站-男廁,新北市五股區成泰里新五路二段279號,25.086138,121.4428
3627,瑞芳區,柑坪里公廁-混合廁所,新北市瑞芳區柑坪里明燈路一段201巷103號,25.106734,121.818827
3628,鶯歌區,鶯歌建國里老人會館-混合廁所,新北市鶯歌區建國里育智路98-2號,24.95387954,121.3450885
3629,平溪區,天燈館1F-男廁,新北市平溪區菁桐里靜安路二段141號,25.023512,121.722701
3630,石門區,新北市立圖書館(石門分館)3F-男廁,新北市石門區尖鹿里中央路9-3號,25.293317,121.567982
3631,八里區,龍源派出所-混合廁所,新北市八里區龍源里龍米路一段225號,25.125591,121.45293
3632,中和區,中和納骨堂-無障礙廁所,新北市中和區橫路里興南路3段52巷38號,24.976516,121.493258
3633,中和區,飛駝市民活動中心2F-女廁,新北市中和區華南里忠孝街48號,24.983412,121.511103
3634,中和區,德穗國華市民活動中心1F-女廁,新北市中和區自強里國光街1號,25.000086,121.472471
3635,中和區,中和區公所B1右側-女廁,新北市中和區漳和里景平路634-2號,24.99863,121.500754
3636,中和區,和東市民活動中心2F-男廁,新北市中和區建和里連城路263巷4號,24.995836,121.491613
3637,樹林區,新北市立圖書館樹林彭厝圖書閱覽室3F-男廁,新北市樹林區彭福里國凱街65號,24.97993,121.422168
3638,蘆洲區,摩斯漢堡長榮店-男廁,新北市蘆洲區忠義里長榮路21號,25.082386,121.463269
3639,蘆洲區,統一超商蘆洲統吉門市-混合廁所,新北市蘆洲區南港里永平街32巷12弄1號,25.091519,121.459227
3640,新莊區,全家便利商店新莊新建店1F-混合廁所,新北市新莊區龍鳳里中正路新建巷40號,25.021483,121.414536
3641,新莊區,大魯閣棒壘球打擊場新莊館1F-女廁,新北市新莊區福營里中正路621號,25.03170715,121.4321146
3642,八里區,台亞八里台北港加油站-女廁,新北市八里區舊城里中華路二段341號,25.145855,121.400891
3643,板橋區,新北市政府稅捐稽徵處-2F男廁,新北市板橋區福丘里中山路一段143號,25.011477,121.464191
3644,土城區,統一超商隆城門市1F-混合廁所,新北市土城區學士里學士路17號,24.982725,121.453539
3645,土城區,統一超商泳豐門市1F-混合廁所,新北市土城區廷寮里永豐路264之1號,24.978808,121.469552
3646,土城區,頂呱呱土城裕民店1F-混合廁所,新北市土城區學府里裕民路190號,24.984956,121.452887
3647,林口區,全家便利商店林口麗林店-混合廁所,新北市林口區湖南里中山路520號,25.08357,121.378802
3648,中和區,萊爾富中和員山店1F-混合廁所,新北市中和區員山里員山路507-7號,25.007891,121.479642
3649,中和區,萊爾富中和員山二店1F-混合廁所,新北市中和區員富里員山路581巷2號,25.008734,121.478788
3650,中和區,統一超商中和壽德門市1F-混合廁所,新北市中和區壽德里壽德街11號,24.995885,121.465106
3651,新莊區,行政院新莊聯合辦公大樓B1西邊-女廁,新北市新莊區中原里中平路439號,25.055999,121.443165
3652,新莊區,行政院新莊聯合辦公大樓B1西邊-男廁,新北市新莊區中原里中平路439號,25.055999,121.443165
3653,土城區,清化市民活動中心4F-女廁,新北市土城區清化里青雲路368號,24.97259203,121.4587498
3654,板橋區,愛買概念店南雅店3F-男廁,新北市板橋區華貴里貴興路101號,25.002668,121.456215
3655,板橋區,新北市立圖書館總館1F-男廁,新北市板橋區華貴里貴興路139號,25.001391,121.455094
3656,板橋區,新北市立圖書館總館3F西側-女廁,新北市板橋區華貴里貴興路139號,25.001391,121.455094
3657,板橋區,新北市立圖書館總館6F西側-女廁,新北市板橋區華貴里貴興路139號,25.001391,121.455094
3658,板橋區,新北市政府稅捐稽徵處-4F女廁,新北市板橋區福丘里中山路一段143號,25.011477,121.464191
3659,板橋區,新北市政府稅捐稽徵處-5F無障礙廁所,新北市板橋區福丘里中山路一段143號,25.011477,121.464191
3660,板橋區,新北市政府稅捐稽徵處-6F無障礙廁所,新北市板橋區福丘里中山路一段143號,25.011477,121.464191
3661,板橋區,新北市政府稅捐稽徵處-8F女廁,新北市板橋區福丘里中山路一段143號,25.011477,121.464191
3662,板橋區,亞東醫院中3-無障礙廁所,新北市板橋區華東里南雅南路2段21號,24.997265,121.452771
3663,板橋區,亞東醫院東1-男廁,新北市板橋區華東里南雅南路2段21號,24.997265,121.452771
3664,板橋區,亞東醫院北1-男廁,新北市板橋區華東里南雅南路2段21號,24.997265,121.452771
3665,泰山區,泰山區衛生所3F南側-女廁,新北市泰山區全興里全興路212號,25.056131,121.433653
3666,土城區,中油北基土城交流道加油站1F-男廁,新北市土城區永寧里中央路3段164號,24.965578,121.431499
3667,淡水區,中正觀光市場-女廁,新北市淡水區民安里中正路115號,25.170069,121.439786
3668,汐止區,忠厚公有零售市場1F-女廁,新北市汐止區厚德里樟樹一路137巷27號,25.065988,121.640863
3669,平溪區,石底社區-混合廁所,新北市平溪區石底里靜安路二段416號旁,25.024312,121.739057
3670,平溪區,石底社區-無障礙廁所,新北市平溪區石底里區靜安路二段416號旁,25.024312,121.739057
3671,石碇區,統一超商錠富門市2F-混合廁所,新北市石碇區隆盛里碇坪路一段2號,25.012673,121.645274
3672,板橋區,新北市立圖書館總館6F東側-男廁,新北市板橋區華貴里貴興路139號,25.001391,121.455094
3673,板橋區,新北市立圖書館總館7F東側-男廁,新北市板橋區華貴里貴興路139號,25.001391,121.455094
3674,板橋區,新北市立圖書館總館7F東側-女廁,新北市板橋區華貴里貴興路139號,25.001391,121.455094
3675,板橋區,新北市立圖書館總館8F西側-男廁,新北市板橋區華貴里貴興路139號,25.001391,121.455094
3676,板橋區,新北市立圖書館總館9F西側-女廁,新北市板橋區華貴里貴興路139號,25.001391,121.455094
3677,板橋區,新北市立圖書館總館9F東側-男廁,新北市板橋區華貴里貴興路139號,25.001391,121.455094
3678,板橋區,新北市立圖書館總館9F東側-女廁,新北市板橋區華貴里貴興路139號,25.001391,121.455094
3679,林口區,肯德基林口文化店2F-男廁,新北市林口區麗園里文化一路一段78號,25.069793,121.371851
3680,瑞芳區,金山寺停車場-女廁,新北市瑞芳區頌德里汽車路142號,25.11106,121.83855
3681,泰山區,全家超商泰山貴子店-混合廁所,新北市泰山區貴賢里貴子路38號,25.041819,121.425958
3682,深坑區,深坑地下停車場B1-男廁,新北市深坑區深坑里平埔街22巷,25.001176,121.615641
3683,坪林區,新北市立圖書館坪林分館1F-無障礙廁所,新北市坪林區坪林里國中路3號,24.93738584,121.7122507
3684,三重區,三重東區圖書館3F-女廁,新北市三重區慈化里溪尾街303號,25.083572,121.48761
3685,三重區,三重東區圖書館4F-男廁,新北市三重區慈化里溪尾街303號,25.083572,121.48761
3686,三重區,三重東區圖書館4F-女廁,新北市三重區慈化里溪尾街303號,25.083572,121.48761
3687,萬里區,北部展示館-1F女廁,新北市萬里區野柳里八斗子60號,25.206578,121.658766
3688,淡水區,馬偕紀念醫院淡水分院馬偕樓1F中間-男廁,新北市淡水區民生里民生路45號,25.139758,121.460475
3689,淡水區,馬偕紀念醫院淡水分院馬偕樓1F中間-無障礙廁所,新北市淡水區民生里民生路45號,25.139758,121.460475
3690,新莊區,新莊區公所10F-男廁,新北市新莊區興漢里中正路176號,25.035834,121.450558
3691,深坑區,深坑集順廟B1-男廁,新北市深坑區深坑里深坑街135號,25.001209,121.613298
3692,蘆洲區,全家便利商店蘆洲新民生店-混合廁所,新北市蘆洲區得仁里民生街123號,25.078973,121.472821
3693,八里區,統一超商八里觀景門市2F-女廁1,新北市八里區大崁里觀海大道53號,25.161933,121.426206
3694,八里區,統一超商八里觀景門市2F-女廁2,新北市八里區大崁里觀海大道53號,25.161933,121.426206
3695,新莊區,新北市立圖書館新莊分館6F-女廁,新北市新莊區榮和里中華路1段2號,25.036408,121.452248
3696,新莊區,新北市立圖書館新莊分館6F-無障礙廁所,新北市新莊區榮和里中華路1段2號,25.036408,121.452248
3697,新莊區,新北市立圖書館聯合分館4F-男廁,新北市新莊區仁愛里自由街1號,25.047901,121.456028
3698,新莊區,新北市立圖書館福營分館3F-無障礙廁所,新北市新莊區四維里四維路9號3-5樓,25.024294,121.423751
3699,新莊區,新北市立圖書館福營分館4F-男廁,新北市新莊區四維里四維路9號3-5樓,25.024294,121.423751
3700,新莊區,新北市立圖書館福營分館4F-女廁,新北市新莊區四維里四維路9號3-5樓,25.024294,121.423751
3701,新莊區,新北市立圖書館裕民分館4F-女廁,新北市新莊區裕民里裕民街136號,25.021885,121.417779
3702,新莊區,新北市立圖書館裕民分館5F-男廁,新北市新莊區裕民里裕民街136號,25.022603,121.418093
3703,石門區,青山瀑布-女廁,新北市石門區老梅里青山瀑布旁停車場,25.283292,121.548204
3704,金山區,金山運動休閒廣場-男廁,新北市金山區五湖里南勢53號,25.220505,121.628037
3705,金山區,金山運動休閒廣場-女廁,新北市金山區五湖里南勢53號,25.220505,121.628037
3706,金山區,金山運動休閒廣場(籃球場)-男廁,新北市金山區五湖里南勢53號,25.220505,121.628037
3707,金山區,金山運動休閒廣場(籃球場)-女廁,新北市金山區五湖里南勢53號,25.220505,121.628037
3708,三重區,三重國民運動中心2F-男廁,新北市三重區福祉里集美街55號,25.054758,121.488199
3709,三重區,三重國民運動中心4F-無障礙廁所,新北市三重區福祉里集美街55號,25.054758,121.488199
3710,板橋區,百壽、介壽里活動中心2F-混合廁所,新北市板橋區介壽里民生路2段89號之5,25.018923,121.470723
3711,板橋區,板橋第一運動場場內簡報室-男廁,新北市板橋區深丘里漢生東路278號,25.010554,121.469072
3712,板橋區,板橋地政事務所2F-女廁,新北市板橋區深丘里實踐路1號,25.008706,121.463605
3713,板橋區,歡仔園市民活動中心-女廁,新北市板橋區歡園里大觀路1段38巷1-5號,25.004492,121.442817
3714,三重區,三重田中圖書館4F-男廁,新北市三重區田中里忠孝路三段40巷51號,25.065531,121.483024
3715,三重區,統一超商三重分子尾門市-混合廁所,新北市三重區富福里仁愛街479之1號,25.084132,121.491112
3716,中和區,福和里活動中心1F-混合廁所,新北市中和區福和里中山路2段131巷6號,25.002545,121.502686
3717,新莊區,後港市民活動中心B1-女廁,新北市新莊區後港里建安街26巷4號,25.025821,121.428299
3718,新店區,統一超商新店凡賽斯門市-混合廁所,新北市新店區安和里安民街335號,24.973382,121.517713
3719,石碇區,石碇里民活動中心-男廁,新北市石碇區石碇里石碇西街61號,24.99103,121.659655
3720,鶯歌區,中油車容坊板新加油站-男廁,新北市鶯歌區南靖里三鶯路5-1號,24.94064974,121.3560399
3721,鶯歌區,中油車容坊板新加油站-女廁,新北市鶯歌區南靖里三鶯路5-1號,24.94068379,121.3560721
3722,新店區,行遍天下大樓管理委員會-男廁,新北市新店區寶興里中興路3段3號,24.976919,121.545983
3723,五股區,萊爾富便利商店五泰店-混合廁所,新北市五股區成泰里西雲路1號,25.089872,121.442441
3724,五股區,統一超商五股水碓門市-混合廁所,新北市五股區水碓里水碓路14號,25.07231,121.433813
3725,土城區,新北市立圖書館土城親子分館4F-女廁,新北市土城區頂福里中洲路28巷30號,24.958066,121.414709
3726,土城區,新北市立圖書館柑林埤分館3F-女廁,新北市土城區埤林里學享街55號,24.987034,121.45197
3727,土城區,新北市立圖書館柑林埤分館3F-親子廁所,新北市土城區埤林里學享街55號,24.987034,121.45197
3728,三重區,家樂福蘆洲店5F-女廁,新北市三重區碧華里五華街282號,25.087875,121.486777
3729,鶯歌區,麥當勞鶯歌鶯桃店2F-女廁,新北市鶯歌區鳳祥里鶯桃路411號,24.964483,121.332826
3730,五股區,準園休閒農場-男廁,新北市五股區水碓里新五路2段70號,25.074074,121.43841
3731,五股區,台北園外園2F-男廁,新北市五股區水碓里新五路2段70號,25.074074,121.43841
3732,中和區,復興大樓8F-女廁,新北市中和區外南里南山路236號,24.989655,121.506503
3733,三峽區,三峽區公有零售市場2F-女廁,新北市三峽區永館里民生街186號,24.934932,121.370673
3734,板橋區,國光圖書閱覽室3F-女廁,新北市板橋區香社里中正路375巷48號,25.020347,121.453538
3735,板橋區,臺紙公園-親子廁所,新北市板橋區復興里大觀路2段28號,25.002459,121.445736
3736,板橋區,新北市藝文中心演奏廳-男廁,新北市板橋區莒光里莊敬路62號,25.0253,121.471762
3737,板橋區,新北市藝文中心演奏廳-無障礙廁所,新北市板橋區莒光里莊敬路62號,25.0253,121.471762
3738,瑞芳區,金山寺-男廁,新北市瑞芳區頌德里汽車路142號,25.11106,121.83855
3739,三峽區,統一超商三峽豐康店-混合廁所,新北市三峽區成福里成福路241號,24.92567,121.42685
3740,三芝區,番婆林休閒農場 -男女廁,新北市三芝區錫板里番婆林44號,25.23797474,121.4943899
3741,八里區,大崁里銀髮俱樂部-無障礙廁所,新北市八里區大崁里中山路一段21號,25.158924,121.422099
3742,瑞芳區,龍嚴宮-男廁,新北市瑞芳區龍川里明燈路3段152號,25.10872,121.80404
3743,鶯歌區,西鶯里活動中心2F-男廁,新北市鶯歌區西鶯里中正一路203號,24.957222,121.353554
3744,板橋區,新北市立聯合醫院(板橋院區)-女廁,新北市板橋區德翠里英士路198號,25.023583,121.457669
3745,板橋區,新北市立聯合醫院(板橋院區)-無障礙廁所,新北市板橋區德翠里英士路198號,25.023583,121.457669
3746,三重區,重陽市民活動中心1F-男廁,新北市三重區光陽里重陽路一段60巷101號,25.058137,121.483692
3747,三重區,六合市民活動中心1F-無障礙廁所,新北市三重區六合里自強路二段50巷22號,25.069162,121.488261
3748,三重區,三重國民運動中心5F-男廁,新北市三重區福祉里集美街55號,25.054758,121.488199
3749,三重區,三重國民運動中心5F-女廁,新北市三重區福祉里無,25.054758,121.488199
3750,三重區,三重國民運動中心5F-無障礙廁所,新北市三重區福祉里集美街55號,25.054758,121.488199
3751,林口區,星巴克文化三門市2F-混合廁所,新北市林口區南勢里文化三路一段359號,25.073251,121.365871
3752,林口區,統一超商林口德園門市-混合廁所,新北市林口區麗林里文化二路一段120巷1-1號,25.070878,121.367705
3753,林口區,全家便利商店林口新高中門市-混合廁所,新北市林口區西林里仁愛路二段156號,25.074065,121.381408
3754,林口區,星巴克林口文化門市-混合廁所,新北市林口區湖南里文化二路一段551號,25.077111,121.374742
3755,土城區,裕生立體停車場1F-女廁,新北市土城區日新里裕生路106號,24.98447,121.446841
3756,土城區,統一超商承天門市1F-混合廁所,新北市土城區大安里承天路1號,24.966336,121.435911
3757,土城區,統一超商聖運門市1F-混合廁所,新北市土城區明德里明德路2段159號,24.982946,121.448158
3758,土城區,全家便利商店立雲店1F-混合廁所,新北市土城區柑林里金城路2段258之5號,24.983356,121.457362
3759,土城區,統一超商文青門市1F-混合廁所,新北市土城區清水里青雲路243.245號,24.981105,121.459227
3760,土城區,摩斯漢堡土城裕民店2F-男廁,新北市土城區學府里裕民路179號,24.984808,121.453498
3761,林口區,統一超商林口新林口門市-混合廁所,新北市林口區林口里中正路90-92號,25.077506,121.395802
3762,五股區,統一超商五股新圓山門市-混合廁所,新北市五股區德音里成泰路1段191號,25.076566,121.434944
3763,板橋區,正隆加油站-女廁,新北市板橋區福壽里三民路二段257號,25.011587,121.479045
3764,板橋區,莊敬公園活動中心-無障礙廁所,新北市板橋區莊敬里民生路2段120號,25.019687,121.470861
3765,板橋區,誠品生活板橋店2F-無障礙廁所,新北市板橋區景星里中山路一段46號,25.00873,121.46066
3766,板橋區,板橋體育館B1-女廁1,新北市板橋區社後里中正路 8號,25.013202,121.456495
3767,板橋區,板橋體育館B1-男廁2,新北市板橋區社後里中正路 8號,25.013202,121.456495
3768,樹林區,樹林垃圾焚化廠1F-無障礙廁所,新北市樹林區樂山里中山路三段212號,24.972179,121.391743
3769,新莊區,後港市民活動中心B1-無障礙廁所,新北市新莊區後港里建安街26巷4號,25.025821,121.428299
3770,板橋區,新北市政府環境保護局2F左側-男廁,新北市板橋區深丘里板橋區民族路57號,25.009065,121.464847
3771,新店區,特力屋新店店4F-女廁,新北市新店區寶興里中興路3段1號,24.975878,121.546235
3772,鶯歌區,二甲里活動中心-性別友善廁所,新北市鶯歌區二甲里二甲路288號,24.935846,121.337687
3773,鶯歌區,萊爾富超商鶯歌鶯國門市-混合廁所,新北市鶯歌區大湖里大湖路534號,24.972919,121.337316
3774,板橋區,新北市政府環境保護局4F-無障礙廁所,新北市板橋區深丘里板橋區民族路57號,25.009065,121.464847
3775,平溪區,全家便利商店平溪平安店-混合廁所,新北市平溪區石底里靜安路二段388號,25.02448,121.73853
3776,林口區,統一超商林口工林門市-混合廁所,新北市林口區東林里工六路76號,25.077285,121.400364
3777,林口區,全家便利商店林口中正店-混合廁所,新北市林口區西林里中正路266號,25.077763,121.389416
3778,林口區,萊爾富林口麗園店-混合廁所,新北市林口區麗園里文化一路一段52號,25.069515,121.371578
3779,永和區,肯德基永和中正店2F-無障礙廁所,新北市永和區民治里中正路294號,24.999028,121.517183
3780,鶯歌區,寶雅鶯歌建國店-混合廁所,新北市鶯歌區建國里建國路280號,24.953178,121.345894
3781,三重區,統一超商三重清茂門市-混合廁所,新北市三重區成功里成功路106號,25.051461,121.487228
3782,三重區,統一超商三重頂崁門市-混合廁所,新北市三重區中興里光復路一段82號,25.050226,121.471686
3783,三峽區,OK超商三峽介壽店-混合廁所,新北市三峽區介壽里介壽路1段320號,24.930121,121.38099
3784,泰山區,全家泰山辭修店-混合廁所,新北市泰山區同榮里明志路1段374號,25.057787,121.430677
3785,泰山區,7-11泰山泰山店-混合廁所,新北市泰山區楓樹里楓江路24號,25.064421,121.43892
3786,泰山區,7-11泰山季欣店-混合廁所,新北市泰山區福興里全興路109號,25.056822,121.433845
3787,坪林區,新北市立圖書館坪林分館1F-男廁,新北市坪林區坪林里國中路3號,24.9376777,121.7121649
3788,坪林區,新北市立圖書館坪林分館1F-女廁,新北市坪林區坪林里國中路3號,24.93768743,121.7123687
3789,土城區,中油北基土城交流道加油站1F-無障礙廁所,新北市土城區永寧里中央路3段164號,24.965541,121.431526
3790,新莊區,行政院新莊聯合辦公大樓北棟1F-多功能廁所,新北市新莊區中原里中平路439號,25.055999,121.443165
3791,新莊區,行政院新莊聯合辦公大樓綠廊2F東邊-女廁,新北市新莊區中原里中平路439號,25.055999,121.443165
3792,新莊區,行政院新莊聯合辦公大樓B2西邊-女廁,新北市新莊區中原里中平路439號,25.055999,121.443165
3793,新莊區,行政院新莊聯合辦公大樓B3東邊-女廁,新北市新莊區中原里中平路439號,25.055999,121.443165
3794,五股區,坑口公園-男廁,新北市五股區五股里成泰路1段91巷21號旁,25.084684,121.437127
3795,坪林區,下坑子口-男廁,新北市坪林區坪林里無,24.94304774,121.7114278
3796,坪林區,大林橋頭-男廁,新北市坪林區大林里無,24.932365,121.70525
3797,三重區,統一超商三重愛家門市-混合廁所,新北市三重區中興里中興北街42巷11號,25.049355,121.469126
3798,三重區,萊爾富便利商店三重商工門市-混合廁所,新北市三重區田中里中正北路282號,25.068609,121.480583
3799,三重區,萊爾富便利商店三重重賓門市-混合廁所,新北市三重區大有里中正北路415號,25.07227638,121.4704067
3800,三重區,統一超商三重虹諭門市-混合廁所,新北市三重區永發里中正北路193巷21弄43號,25.070985,121.479046
3801,三重區,統一超商三重大興門市-混合廁所,新北市三重區仁華里仁華街80巷27號,25.08397,121.484416
3802,三重區,統一超商三重重樂門市-混合廁所,新北市三重區碧華里三信路196號,25.086086,121.487984
3803,三重區,三重國民運動中心1F-無障礙廁所,新北市三重區福祉里集美街55號,25.054758,121.488199
3804,烏來區,雲仙樂園別墅區-男廁,新北市烏來區烏來里瀑布路1-1號 (整修中),24.845087,121.555842
3805,烏來區,原住民主題公園-無障礙廁所,新北市烏來區烏來里環山路上,24.84833724,121.5500307
3806,金山區,聖德宮-男廁,新北市金山區三界里三界壇路72號,25.23105759,121.6198111
3807,貢寮區,貢寮區和美里公廁-女廁,新北市貢寮區和美里和美街20-1號對面,25.082428,121.911852
3808,雙溪區,統一超商雙溪門市-混合廁所,新北市雙溪區新基里自強路7號,25.039117,121.866192
3809,八里區,八里圖書館5F-無障礙廁所,新北市八里區舊城里舊城路19號,25.146731,121.400036
3810,林口區,林口贊天宮-男廁,新北市林口區東林里自強三街28號,25.077557,121.398088
3811,泰山區,摩斯漢堡泰山明志店-混合廁所,新北市泰山區貴賢里明志路3段77號,25.041901,121.425058
3812,三峽區,白雞商圈-無障礙廁所,新北市三峽區嘉添里白雞153-1號,24.90532,121.4000273
3813,中和區,統一超商中和福勝門市1F-混合廁所,新北市中和區福美里福祥路158號,25.007573,121.49861
3814,平溪區,白石社區西側-混合廁所,新北市平溪區白石里無,25.014558,121.720971
3815,土城區,新北市立圖書館土城親子分館4F-男廁,新北市土城區頂福里中洲路28巷30號,24.958066,121.414709
3816,土城區,新北市立圖書館柑林埤分館4F-男廁,新北市土城區埤林里學享街55號,24.987034,121.45197
3817,三峽區,三峽區公有零售市場2F-男廁,新北市三峽區永館里民生街186號,24.934932,121.370673
3818,淡水區,淡水文化機車停車場-女廁,新北市淡水區新生里文化路57號,25.172813,121.43823
3819,坪林區,大林橋頭-無障礙廁所,新北市坪林區大林里無,24.932365,121.70525
3820,三重區,龍濱市民活動中心1F-無障礙廁所,新北市三重區龍濱里秀江街28號,25.072957,121.502376
3821,板橋區,愛買概念店南雅店B1-女廁,新北市板橋區華貴里貴興路101號,25.002668,121.456215
3822,板橋區,新北市立圖書館總館3F東側-女廁,新北市板橋區華貴里貴興路139號,25.001391,121.455094
3823,板橋區,新北市立圖書館總館5F西側-男廁,新北市板橋區華貴里貴興路139號,25.001391,121.455094
3824,板橋區,新北市立圖書館總館5F西側-女廁,新北市板橋區華貴里貴興路139號,25.001391,121.455094
3825,板橋區,新北市立圖書館總館7F西側-女廁,新北市板橋區華貴里貴興路139號,25.001391,121.455094
3826,板橋區,新北市立圖書館總館8F西側-無障礙廁所,新北市板橋區華貴里貴興路139號,25.001391,121.455094
3827,土城區,延吉立體停車場1F-男廁,新北市土城區延吉里德峯街65號,24.98684689,121.4699721
3828,土城區,統一超商立金門市1F-混合廁所,新北市土城區延和里立德路70.72號,24.986735,121.464062
3829,林口區,統一超商林口辛福市門市-混合廁所,新北市林口區湖南里文化三路二段302號,25.084183,121.37779
3830,三峽區,白雞商圈-女廁,新北市三峽區嘉添里白雞153-1號,24.90532,121.4000273
3831,中和區,統一超商中和連城門市1F-混合廁所,新北市中和區連城里連城路89巷3-1號.5-1號,24.999686,121.497083
3832,土城區,新北市立圖書館祖田圖書閱覽室4F-女廁,新北市土城區頂新里中央路4段283-1號,24.953947,121.412755
3833,永和區,永和國小停車場(中正路)B1-1行人出入口-女廁,新北市永和區潭墘里中正路299號,25.00353,121.517096
3834,蘆洲區,蘆洲監理站-男廁,新北市蘆洲區得勝里中山二路163號,25.081528,121.471457
3835,土城區,大魯閣土城家樂福館4F-男廁,新北市土城區青雲里青雲路152號,24.983386,121.459012
3836,土城區,中油連城加油站1F-女廁,新北市土城區延壽里金城路三段283號,24.99076,121.473445
3837,土城區,中油連城加油站1F-男廁,新北市土城區延壽里金城路三段283號,24.99076,121.473445
3838,土城區,中油北基土城交流道加油站1F-女廁,新北市土城區永寧里中央路3段164號,24.965578,121.431499
3839,汐止區,金龍公有零售市場(近中興路246巷)1F-男廁,新北市汐止區北峰里中興路250號,25.068783,121.629002
3840,三重區,後竹圍街閱覽室2F-男廁,新北市三重區永德里自強路三段42巷11號,25.07264,121.485967
3841,樹林區,樹林垃圾焚化廠2F-男廁,新北市樹林區樂山里中山路三段212號,24.972179,121.391743
3842,五股區,五股成州閱覽室2F-男廁,新北市五股區成州里西雲路267號,25.098099,121.449355
3843,五股區,五股成州閱覽室2F-女廁,新北市五股區成州里西雲路267號,25.098099,121.449355
3844,五股區,五股更新閱覽室3F-女廁,新北市五股區更寮里更洲路47號,25.07918,121.457882
3845,五股區,五股成功分館4F-男廁,新北市五股區成功里西雲路165號,25.094785,121.446836
3846,汐止區,統一超商汐止白雲門市-混合廁所,新北市汐止區福山里民權街二段79號,25.04781398,121.619339
3847,新店區,全家便利商店新店忠誠分店-男女廁,新北市新店區忠誠里北新路2段119號,24.97495,121.542685
3848,平溪區,瑞芳戶政事務所平溪區所-混合廁所,新北市平溪區平溪里平溪街43號,25.02632,121.73839
3849,板橋區,埔墘福德宮-男廁,新北市板橋區九如里中山路二段250巷1號,25.017775,121.478774
3850,淡水區,淡水區市民聯合服務中心2F-無障礙廁所,新北市淡水區崁頂里中山北路2段375號,25.187069,121.443938
3851,淡水區,淡水區市民聯合服務中心1F-男廁,新北市淡水區崁頂里中山北路2段375號,25.187069,121.443938
3852,淡水區,淡水區市民聯合服務中心1F-女廁,新北市淡水區崁頂里中山北路2段375號,25.187069,121.443938
3853,淡水區,淡水區市民聯合服務中心3F-無障礙廁所,新北市淡水區崁頂里中山北路2段375號,25.187069,121.443938
3854,泰山區,7-11泰山羚陽門市-混合廁所所,新北市泰山區山腳里泰林路2段302號,25.063308,121.429564
3855,淡水區,淡水區市民聯合服務中心4F-無障礙廁所,新北市淡水區崁頂里中山北路2段375號,25.187069,121.443938
3856,樹林區,樹林區停七停車場-女廁,新北市樹林區樹西里復興路202號,24.990801,121.419906
3857,淡水區,竿蓁市民活動中心-女廁,新北市淡水區竿蓁里中正東路1段3巷6號,25.164848,121.451057
3858,汐止區,汐止區秀豐市場-女廁,新北市汐止區秀峰里水源路一段150號,25.066378,121.659251
3859,汐止區,汐止區秀豐市場-無障礙廁所,新北市汐止區秀峰里水源路一段150號,25.066378,121.659251
3860,林口區,山隆通運林口加油站-無障礙廁所,新北市林口區中湖里文化二路二段553號,25.090537,121.383332
3861,土城區,捷運頂埔站B3-3號出口-男廁,新北市土城區頂埔里中央路4段51號之6,24.95947,121.419446
3862,三重區,三重國民運動中心4F-女廁,新北市三重區福祉里集美街55號,25.054642,121.488156
3863,三芝區,埔頭里市民活動中心-男女廁,新北市三芝區埔頭里中山路一段16號,25.25807203,121.501002
3864,五股區,台北園外園2F-女廁,新北市五股區水碓里新五路2段70號,25.074074,121.43841
3865,雙溪區,平林休閒農場-男廁,新北市雙溪區平林里外平林35號,25.034989,121.863723
3866,鶯歌區,西鶯里活動中心1F-性別友善廁所,新北市鶯歌區西鶯里中正一路203號,24.95711,121.353501
3867,鶯歌區,西鶯里活動中心1F-無障礙廁所,新北市鶯歌區西鶯里中正一路203號,24.957222,121.353554
3868,汐止區,康福市民活動中心2F-女廁,新北市汐止區康福里福德三路9號,25.06943,121.637758
3869,三重區,重陽市民活動中心1F-女廁,新北市三重區光陽里重陽路一段60巷101號,25.058137,121.483692
3870,三重區,六合市民活動中心1F-男廁,新北市三重區六合里自強路二段50巷22號,25.069162,121.488261
3871,淡水區,淡水文化機車停車場-無障礙廁所,新北市淡水區新生里文化路57號,25.172813,121.43823
3872,淡水區,麥當勞淡水新市店-女廁,新北市淡水區北投里新市一路3段151號,25.1831123,121.4480227
3873,三重區,家樂福蘆洲店5F-男廁,新北市三重區碧華里五華街282號,25.087875,121.486777
3874,林口區,中油車容坊文化二路加油站-無障礙廁所,新北市林口區南勢里文化二路一段413號,25.074421,121.371095
3875,金山區,武英殿-男女廁,新北市金山區美田里文化二路4號,25.224618,121.636727
3876,鶯歌區,麥當勞鶯歌鶯桃店2F-男廁,新北市鶯歌區鳳祥里鶯桃路411號,24.96453,121.332819
3877,鶯歌區,麥當勞鶯歌鶯桃店2F-無障礙廁所,新北市鶯歌區鳳祥里鶯桃路411號,24.964483,121.332826
3878,汐止區,忠厚公有零售市場1F-男廁,新北市汐止區厚德里樟樹一路137巷26號,25.065988,121.640863
3879,新店區,碧潭東岸(吊橋下旁)01-混合廁所,新北市新店區新店里碧潭東岸吊橋下旁,24.956372,121.53663
3880,萬里區,中幅里活動中心-男女廁,新北市萬里區中幅里中福路112之1號,25.171923,121.679601
3881,石碇區,石碇里民活動中心-無障礙廁所,新北市石碇區石碇里石碇西街61號,24.99103,121.659655
3882,鶯歌區,中油車容坊板新加油站-無障礙廁所,新北市鶯歌區南靖里三鶯路5-1號,24.94061569,121.3560534
3883,新店區,新店彭園會館2F-女廁,新北市新店區復興里北新路3段219號,24.985693,121.540034
3884,新店區,行遍天下大樓管理委員會-女廁,新北市新店區寶興里中興路3段3號,24.976919,121.545983
3885,新店區,行遍天下大樓管理委員會-無障礙廁所,新北市新店區寶興里中興路3段3號,24.976919,121.545983
3886,中和區,復興公園管理室1F-混合廁所,新北市中和區復興里復興路280巷6號,24.991015,121.502435
3887,中和區,中和納骨堂-女廁,新北市中和區橫路里興南路3段52巷38號,24.976516,121.493258
3888,中和區,民享藝文特區1F-女廁,新北市中和區民有里自治街68號,25.003487,121.475601
3889,中和區,和東市民活動中心1F-女廁,新北市中和區建和里連城路263巷4號,24.995836,121.491613
3890,中和區,山北市民活動中心1F-男廁,新北市中和區福美里莊敬路49巷29弄2號,25.00646,121.501681
3891,樹林區,新北市立圖書館樹林東昇分館4F-女廁,新北市樹林區東昇里中山路二段80號,24.98403,121.415119
3892,樹林區,新北市立圖書館樹林彭厝圖書閱覽室3F-女廁,新北市樹林區彭福里國凱街65號,24.97993,121.422168
3893,三重區,三重國民運動中心7F-無障礙廁所,新北市三重區福祉里集美街55號,25.054758,121.488199
3894,林口區,85度C林口竹林店-混合廁所,新北市林口區西林里竹林路35號,25.077262,121.386754
3895,林口區,摩斯漢堡林口仁愛店-男廁,新北市林口區湖南里仁愛路二段512號,25.078209,121.372796
3896,貢寮區,龍門社區公廁-男廁,新北市貢寮區龍門里龍門街62-5號旁,25.025557,121.932761
3897,林口區,統一超商林口觀林門市-混合廁所,新北市林口區菁湖里林口路78號82號,25.080866,121.388975
3898,三重區,萊爾富便利商店三重重高門市-混合廁所,新北市三重區光明里集美街211號,25.054529,121.491833
3899,三重區,統一超商三重復貴門市-混合廁所,新北市三重區頂崁里光復路二段146號,25.060249,121.471842
3900,淡水區,淡水區市民聯合服務中心5F-無障礙廁所,新北市淡水區崁頂里中山北路2段375號,25.187069,121.443938
3901,淡水區,淡水區市民聯合服務中心7F-男廁,新北市淡水區崁頂里中山北路2段375號,25.187069,121.443938
3902,淡水區,淡水區市民聯合服務中心8F-無障礙廁所,新北市淡水區崁頂里中山北路2段375號,25.187069,121.443938
3903,淡水區,淡水區市民聯合服務中心8F大禮堂-男廁,新北市淡水區崁頂里中山北路2段375號,25.187069,121.443938
3904,淡水區,淡水區市民聯合服務中心8F大禮堂-女廁,新北市淡水區崁頂里中山北路2段375號,25.187069,121.443938
3905,林口區,昕境廣場林口店2F-女廁,新北市林口區南勢里文化三路1段402巷2號,25.074034,121.36877
3906,新莊區,麥當勞新莊富國店1F-混合廁所,新北市新莊區裕民里中正路877-5號,25.026395,121.417996
3907,三芝區,新庄里市民活動中心-混和廁所,新北市三芝區新庄里番社后3-1號,25.26728422,121.5017643
3908,五股區,台北園外園2F-無障礙廁所,新北市五股區水碓里新五路2段70號,25.074074,121.43841
3909,雙溪區,平林休閒農場-女廁,新北市雙溪區平林里外平林35號,25.034989,121.863723
3910,土城區,裕生市民活動中心1F-混合廁所,新北市土城區裕生里中央路1段189巷2號,24.987731,121.445917
3911,金山區,萬壽社區活動中心-無障礙,新北市金山區萬壽里海興路116號,25.23822471,121.6318944
3912,八里區,埤頭里銀髮俱樂部3F-女廁,新北市八里區埤頭里中山路一段109號,25.15977,121.414107
3913,八里區,埤頭里銀髮俱樂部3F-無障礙廁所,新北市八里區埤頭里中山路一段109號,25.15977,121.414107
3914,鶯歌區,西鶯里活動中心2F-女廁,新北市鶯歌區西鶯里中正一路203號,24.957222,121.353554
3915,三重區,六合市民活動中心1F-女廁,新北市三重區六合里自強路二段50巷22號,25.069162,121.488261
3916,金山區,磺港公共浴室旁-女廁,新北市金山區磺港里磺港路310號對面,25.22769305,121.6440046
3917,新莊區,行政院新莊聯合辦公大樓南棟1F-女廁,新北市新莊區中原里中平路439號,25.055999,121.443165
3918,新莊區,行政院新莊聯合辦公大樓南棟1F-多功能廁所,新北市新莊區中原里中平路439號,25.055999,121.443165
3919,新莊區,行政院新莊聯合辦公大樓北棟10F東邊-女廁,新北市新莊區中原里中平路439號,25.055999,121.443165
3920,新莊區,行政院新莊聯合辦公大樓北棟1F-男廁,新北市新莊區中原里中平路439號,25.055999,121.443165
3921,新莊區,行政院新莊聯合辦公大樓B2東邊-男廁,新北市新莊區中原里中平路439號,25.055999,121.443165
3922,三重區,統一超商三重登頂門市-混合廁所,新北市三重區中興里光復路二段2號,25.05342,121.471891
3923,三重區,全家便利商店三重頂崁門市-混合廁所,新北市三重區博愛里頂崁街210巷31號,25.068308,121.475622
3924,三重區,統一超商三重下竹圍門市-混合廁所,新北市三重區永豐里下竹圍街26號,25.075523,121.480961
3925,三重區,全家便利商店三重信安門市-混合廁所,新北市三重區信安里重陽路四段55號,25.070222,121.492238
3926,三重區,全家便利商店三重三安門市-混合廁所,新北市三重區三安里三和路三段40號,25.070746,121.496013
3927,三重區,統一超商三重龍濱門市-混合廁所,新北市三重區龍濱里龍濱路21號,25.071817,121.502021
3928,土城區,全家便利商店城堡店1F-混合廁所,新北市土城區員仁里褔仁街50巷1號,24.975084,121.439516
3929,五股區,統一超商五股成泰門市-混合廁所,新北市五股區五股里成泰路二段84號,25.084468,121.438472
3930,五股區,統一超商五股登福門市-混合廁所,新北市五股區貿商里登林路76-3號,25.069503,121.430628
3931,五股區,五股龍鳳巖-男廁,新北市五股區民義里民義路1段107巷23號,25.085375,121.433181
3932,板橋區,埔墘派出所-混合廁所,新北市板橋區埔墘里中山路二段286號,25.018712,121.479627
3933,板橋區,誠品生活板橋店5F-女廁,新北市板橋區景星里中山路一段46號,25.00873,121.46066
3934,板橋區,誠品生活板橋店3F-女廁,新北市板橋區景星里中山路一段46號,25.00873,121.46066
3935,板橋區,板橋區公所6F-無障礙廁所,新北市板橋區挹秀里府中路30號,25.00964,121.459118
3936,樹林區,新北市立圖書館樹林彭厝圖書閱覽室3F-無障礙廁所,新北市樹林區彭福里國凱街65號,24.97993,121.422168
3937,蘆洲區,統一超商蘆洲雙捷門市-混合廁所,新北市蘆洲區仁義里信義路162號,25.084624,121.480174
3938,蘆洲區,統一超商蘆洲民仁門市-混合廁所,新北市蘆洲區水河里仁愛街58號60號,25.093783,121.471623
3939,烏來區,信賢公園-男女廁,新北市烏來區信賢里信福路169之2號旁,24.834569,121.522818
3940,新莊區,大魯閣棒壘球打擊場新莊館1F-男廁,新北市新莊區福營里中正路621號,25.03170715,121.4321146
3941,樹林區,樹林地政事務所1F-無障礙廁所,新北市樹林區中山里地政街12號,24.971573,121.394664
3942,板橋區,新北市政府稅捐稽徵處-1F男廁,新北市板橋區福丘里中山路一段143號,25.011477,121.464191
3943,淡水區,家樂福淡新店B1-男廁,新北市淡水區崁頂里中山北路2段383號,25.188175,121.443601
3944,淡水區,家樂福淡新店B1-女廁,新北市淡水區崁頂里中山北路2段383號,25.188175,121.443601
3945,淡水區,家樂福淡新店2F-女廁,新北市淡水區崁頂里中山北路2段383號,25.188175,121.443601
3946,淡水區,家樂福淡新店3F-女廁,新北市淡水區崁頂里中山北路2段383號,25.188175,121.443601
3947,三峽區,統一超商岩昇門市-混合廁所,新北市三峽區溪東里溪東300號,24.93055,121.409786
3948,鶯歌區,新北市立圖書館鶯歌分館B1-親子廁所,新北市鶯歌區西鶯里中山路150號,24.957359,121.349518
3949,萬里區,磺潭里活動中心-混合廁所,新北市萬里區磺潭里員潭路14之1號,25.196921,121.646621
3950,金山區,磺港公共浴室旁-男廁,新北市金山區磺港里磺港路310號對面,25.22766717,121.6439939
3951,新莊區,行政院新莊聯合辦公大樓南棟1F-男廁,新北市新莊區中原里中平路439號,25.055999,121.443165
3952,新莊區,行政院新莊聯合辦公大樓綠廊2F東邊-男廁,新北市新莊區中原里中平路439號,25.055999,121.443165
3953,新莊區,行政院新莊聯合辦公大樓B2西邊-男廁,新北市新莊區中原里中平路439號,25.055999,121.443165
3954,新莊區,行政院新莊聯合辦公大樓B4東邊-男廁,新北市新莊區中原里中平路439號,25.055999,121.443165
3955,新莊區,行政院新莊聯合辦公大樓B4西邊-男廁,新北市新莊區中原里中平路439號,25.055999,121.443165
3956,新莊區,行政院新莊聯合辦公大樓B1東邊-女廁,新北市新莊區中原里中平路439號,25.055999,121.443165
3957,三重區,永福市民活動中心1F-男廁,新北市三重區永福里力行路2段162巷55號,25.076529,121.481034
3958,林口區,統一超商林口麗寶門市-混合廁所,新北市林口區南勢里文化北路一段301號,25.071742,121.358815
3959,淡水區,淡水區市民聯合服務中心B2-男廁,新北市淡水區崁頂里中山北路2段375號,25.187069,121.443938
3960,淡水區,淡水區市民聯合服務中心B2-女廁,新北市淡水區崁頂里中山北路2段375號,25.187069,121.443938
3961,淡水區,淡水區市民聯合服務中心1F-無障礙廁所,新北市淡水區崁頂里中山北路2段375號,25.187069,121.443938
3962,淡水區,淡水區市民聯合服務中心8F-女廁,新北市淡水區崁頂里中山北路2段375號,25.187069,121.443938
3963,淡水區,淡水區市民聯合服務中心10F-男廁,新北市淡水區崁頂里中山北路2段375號,25.187069,121.443938
3964,板橋區,新北市政府稅捐稽徵處-1F無障礙廁所,新北市板橋區福丘里中山路一段143號,25.011477,121.464191
3965,板橋區,新北市政府稅捐稽徵處-3F無障礙廁所,新北市板橋區福丘里中山路一段143號,25.011477,121.464191
3966,板橋區,新北市政府稅捐稽徵處-7F男廁,新北市板橋區福丘里中山路一段143號,25.011477,121.464191
3967,金山區,北觀處金山遊客中心-女廁,新北市金山區磺港里磺港路171-2號,25.223219,121.64453
3968,新莊區,新北市立圖書館新莊分館5F-男廁,新北市新莊區榮和里中華路1段2號,25.036408,121.452248
3969,新莊區,新北市立圖書館福營分館3F-男廁,新北市新莊區四維里四維路9號3-5樓,25.024294,121.423751
3970,新莊區,新北市立圖書館福營分館5F-男廁,新北市新莊區四維里四維路9號3-5樓,25.024294,121.423751
3971,板橋區,板橋體育館B1-女廁4,新北市板橋區社後里中正路 8號,25.013202,121.456495
3972,樹林區,樹林垃圾焚化廠1F-性別友善廁所,新北市樹林區樂山里中山路三段212號,24.972179,121.391743
3973,五股區,五股水碓分館4F-男廁,新北市五股區水碓里明德路10號,25.071385,121.433284
3974,新店區,欣欣加油站-女廁,新北市新店區永平里安和路3段35號,24.981418,121.517275
3975,新店區,五大加油站-男廁,新北市新店區安和里安和路2段192號,24.974522,121.518881
3976,新店區,五大加油站-女廁,新北市新店區安和里安和路2段192號,24.974522,121.518881
3977,新店區,青少年圖書館3F-女廁,新北市新店區德安里安康路2段151號旁,24.959673,121.510777
3978,板橋區,逢元宮-男廁,新北市板橋區振義里中山路2段565巷29號,25.022731,121.483859
3979,石碇區,豐田里民活動中心-女廁,新北市石碇區豐田里無,24.974715,121.682308
3980,樹林區,彭厝市民活動中心4F-無障礙廁所,新北市樹林區彭福里國凱街65號,24.97993,121.422168
3981,雙溪區,上林荷花園-無障礙廁所,新北市雙溪區上林里內平林120之10號斜對面,25.03011,121.829191
3982,鶯歌區,三鶯龍窯橋(近環河路)-親子廁所,新北市鶯歌區南靖里無,24.95018,121.35614
3983,樹林區,保安市民活動中心-女廁,新北市樹林區保安里保順街88號,24.994369,121.42919
3984,板橋區,麥當勞板橋文化店2F-女廁,新北市板橋區文化里文化路二段173號,25.027484,121.47035
3985,蘆洲區,得仁市民活動中心6F-女廁,新北市蘆洲區得仁里中山一路415號,25.076715,121.46888
3986,新莊區,行政院新莊聯合辦公大樓B4西邊-女廁,新北市新莊區中原里中平路439號,25.055999,121.443165
3987,石碇區,聖興宮-女廁,新北市石碇區永定里大湖格23號,25.014666,121.698689
3988,石碇區,聖興宮-男廁,新北市石碇區永定里大湖格23號,25.014666,121.698689
3989,坪林區,金瓜寮-無障礙廁所,新北市坪林區粗窟里無,24.898208,121.672668
3990,土城區,清和市民活動中心1F-女廁,新北市土城區清和里青雲路368號,24.973802,121.458661
3991,土城區,金城峰廷市民活動中心B1-女廁,新北市土城區金城里金城路3段52巷3號,24.986484,121.466055
3992,板橋區,愛買概念店南雅店1F-男廁,新北市板橋區華貴里貴興路101號,25.002668,121.456215
3993,板橋區,新北市立圖書館總館1F-女廁,新北市板橋區華貴里貴興路139號,25.001391,121.455094
3994,新店區,青少年圖書館3F-無障礙廁所,新北市新店區德安里安康路2段151號旁,24.959673,121.510777
3995,新店區,統一超商新店安佳門市-混合廁所,新北市新店區香坡里安祥路111號,24.956927,121.475217
3996,新店區,星巴克新店中正門市-混合廁所,新北市新店區中正里中正路265號,24.973979,121.537972
3997,新店區,耕莘醫院-男廁,新北市新店區百和里中正路362號,24.976293,121.535752
3998,新店區,耕莘醫院-女廁,新北市新店區百和里中正路362號,24.976293,121.535752
3999,石門區,新北市立圖書館(石門分館)2F-無障礙廁所,新北市石門區尖鹿里中央路9-3號,25.293317,121.567982
4000,石門區,富基漁港魚產品銷售中心A棟-無障礙廁所,新北市石門區富基里楓林15.16號,25.293215,121.53518
4001,平溪區,十分瀑布公園觀景台-男廁,新北市平溪區南山里南山坪136號,25.04883,121.78639
4002,平溪區,十分瀑布公園觀景台-女廁,新北市平溪區南山里南山坪136號,25.047253,121.782904
4003,板橋區,華江公園-男廁,新北市板橋區莊敬里民生路2段與縣民大道2段,25.0201,121.4703
4004,板橋區,華江公園-女廁,新北市板橋區莊敬里民生路2段與縣民大道2段,25.0201,121.4703
4005,林口區,昕境廣場林口店3F-親子廁所,新北市林口區南勢里文化三路1段402巷2號,25.074034,121.36877
4006,淡水區,家樂福淡新店3F-無障礙廁所,新北市淡水區崁頂里中山北路2段383號,25.188175,121.443601
4007,三峽區,統一超商橫溪門市-混合廁所,新北市三峽區溪北里溪北街109號,24.935501,121.398476
4008,新莊區,行政院新莊聯合辦公大樓B1西邊-多功能廁所,新北市新莊區中原里中平路439號,25.055999,121.443165
4009,五股區,坑口公園-女廁,新北市五股區五股里成泰路1段91巷21號旁,25.084684,121.437127
4010,坪林區,金瓜寮-男廁,新北市坪林區粗窟里無,24.91866147,121.6813517
4011,鶯歌區,全家便利商店新南雅店-混合廁所,新北市鶯歌區建國里南雅路442號,24.95387,121.346719
4012,鶯歌區,統一超商三靖門市-混合廁所,新北市鶯歌區南靖里三鶯路52號,24.942214,121.357137
4013,三峽區,麥當勞三峽學成店-女廁,新北市三峽區龍恩里學成路258號,24.942329,121.375385
4014,板橋區,愛買概念店南雅店B1-男廁,新北市板橋區華貴里貴興路101號,25.002668,121.456215
4015,板橋區,新北市立圖書館總館1F-無障礙廁所,新北市板橋區華貴里貴興路139號,25.001391,121.455094
4016,板橋區,新北市立圖書館總館2F-男廁,新北市板橋區華貴里貴興路139號,25.001391,121.455094
4017,板橋區,新北市立圖書館總館3F東側-男廁,新北市板橋區華貴里貴興路139號,25.001391,121.455094
4018,板橋區,新北市立圖書館總館6F東側-女廁,新北市板橋區華貴里貴興路139號,25.001391,121.455094
4019,板橋區,新北市立圖書館總館7F西側-男廁,新北市板橋區華貴里貴興路139號,25.001391,121.455094
4020,板橋區,新北市立圖書館總館8F東側-男廁,新北市板橋區華貴里貴興路139號,25.001391,121.455094
4021,板橋區,新北市立圖書館總館9F西側-男廁,新北市板橋區華貴里貴興路139號,25.001391,121.455094
4022,三重區,全家便利商店三重田心門市-混合廁所,新北市三重區田心里忠孝路三段50巷82號,25.064616,121.483043
4023,鶯歌區,鶯歌火車站2F-無障礙廁所,新北市鶯歌區東鶯里文化路68-1號,24.954349,121.355341
4024,金山區,陽明山天籟渡假酒店1F-女廁,新北市金山區重和里名流路1號,25.20178299,121.5951991
4025,板橋區,高鐵板橋站入口東區B1-無障礙廁所,新北市板橋區新民里縣民大道二段7號,25.014155,121.463803
4026,蘆洲區,福安宮-混合廁所,新北市蘆洲區福安里民權路70號,25.087256,121.47515
4027,新莊區,新莊體育館2F北邊-女廁,新北市新莊區立德里和興街66號,25.0405,121.451989
4028,新莊區,西盛公園-無障礙廁所,新北市新莊區光正里西盛街216號,25.017184,121.428004
4029,八里區,台亞八里加油站-無障礙廁所,新北市八里區荖阡里中華路二段381號,25.143829,121.398094
4030,淡水區,淡水藝術工坊-男廁,新北市淡水區新生里中正路298號,25.1722276,121.4374422
4031,板橋區,435藝文特區右側-無障礙廁所,新北市板橋區中正里中正路435號,25.023119,121.454107
4032,板橋區,萬板親子圖書閱覽室-男廁,新北市板橋區埤墘里萬板路28號,25.02231,121.472261
4033,板橋區,國光圖書閱覽室3F-男廁,新北市板橋區香社里中正路375巷48號,25.020347,121.453538
4034,新莊區,台北捷運新莊區段(新莊站)B1站內-多功能廁所,新北市新莊區榮和里中正路138號,25.03632,121.452478
4035,新莊區,台北捷運新莊區段(頭前庄站)B1站外-多功能廁所,新北市新莊區思源里思源路18號,25.039587,121.460731
4036,三重區,三重東區圖書館1F-男廁,新北市三重區慈化里溪尾街303號,25.083572,121.48761
4037,萬里區,大鵬停車場-男廁,新北市萬里區大鵬里萬里加投路83-1號,25.21227969,121.6478133
4038,土城區,延吉立體停車場1F-無障礙廁所,新北市土城區延吉里德峯街65號,24.98733157,121.4696892
4039,石門區,富基漁港魚產品銷售中心B棟-男廁,新北市石門區富基里楓林15.16號,25.293215,121.53518
4040,永和區,觀光夜市發展協會-混合廁所,新北市永和區前溪里保福路1段34號,25.009103,121.512849
4041,蘆洲區,永平公有零售市場-男廁,新北市蘆洲區永樂里永平街1號,25.090359,121.459174
4042,中和區,積穗市民活動中心-男廁,新北市中和區積穗里員山路455巷10號1樓及地下室,25.004517,121.479209
4043,中和區,民享藝文特區1F-無障礙廁所,新北市中和區民有里自治街69號,25.003487,121.475601
4044,樹林區,新北市立圖書館樹林大安圖書閱覽室1F-女廁,新北市樹林區潭底里大安路118-1號,24.99710482,121.4214349
4045,樹林區,新北市立圖書館樹林東昇分館3F-男廁,新北市樹林區東昇里中山路二段80號,24.98403,121.415119
4046,蘆洲區,摩斯漢堡長榮店-女廁,新北市蘆洲區忠義里長榮路21號,25.082386,121.463269
4047,貢寮區,桃源谷公廁-混合廁,新北市貢寮區吉林里無,24.971234,121.89118
4048,永和區,溪洲市民活動中心3F-女廁,新北市永和區中興里復興街43號,25.013055,121.516345
4049,板橋區,新北市華福關懷協會-混合廁所,新北市板橋區華福里華福街居安巷31號,25.004967,121.457978
4050,樹林區,樹西市民活動中心-混合廁所,新北市樹林區樹西里復興路225巷2號,24.990857,121.420272
4051,樹林區,文化市民活動中心-混合廁所,新北市樹林區育英里文化街15號2F,24.987171,121.42033
4052,樹林區,柑園市民活動中心-男廁,新北市樹林區南園里佳園路三段128號,24.950831,121.386183
4053,樹林區,圳安松鶴二會-混合廁所,新北市樹林區圳民里俊英街219-3號,25.011061,121.419737
4054,板橋區,新北市立圖書館總館2F-女廁,新北市板橋區華貴里貴興路139號,25.001391,121.455094
4055,板橋區,新北市立圖書館總館4F西側-男廁,新北市板橋區華貴里貴興路139號,25.001391,121.455094
4056,板橋區,新北市立圖書館總館5F西側-無障礙廁所,新北市板橋區華貴里貴興路139號,25.001391,121.455094
4057,板橋區,新北市立圖書館總館5F東側-男廁,新北市板橋區華貴里貴興路139號,25.001391,121.455094
4058,板橋區,新北市立圖書館總館5F東側-女廁,新北市板橋區華貴里貴興路139號,25.001391,121.455094
4059,板橋區,新北市立圖書館總館7F西側-無障礙廁所,新北市板橋區華貴里貴興路139號,25.001391,121.455094
4060,板橋區,新北市立圖書館總館8F東側-女廁,新北市板橋區華貴里貴興路139號,25.001391,121.455094
4061,樹林區,樹林區停七停車場-男廁,新北市樹林區樹西里復興路202號,24.990801,121.419906
4062,林口區,摩斯漢堡林口竹林店-女廁,新北市林口區西林里竹林路31號,25.077262,121.386754
4063,三重區,龍門公園地下停車場1F-男廁,新北市三重區瑞德里公園街32號,25.07428,121.498771
4064,三重區,龍門公園地下停車場1F-女廁,新北市三重區瑞德里公園街32號,25.07428,121.498771
4065,新莊區,台亞新樹路加油站-男廁,新北市新莊區西盛里新樹路271號,25.020755,121.434274
4066,新莊區,台亞新樹路加油站-無障礙廁所,新北市新莊區西盛里新樹路271號,25.020669,121.434242
4067,土城區,捷運頂埔站B3-3號出口-多功能廁所,新北市土城區頂埔里中央路4段51號之6,24.95947,121.419446
4068,三重區,三重國民運動中心3F-女廁,新北市三重區福祉里集美街55號,25.054758,121.488199
4069,淡水區,淡水藝術工坊-女廁,新北市淡水區新生里中正路298號,25.17230553,121.4374101
4070,貢寮區,中油濱海東加油站-無障礙廁所,新北市貢寮區福連里香蘭街35號,25.0109524,121.9885816
4071,新店區,安和市民活動中心-男廁,新北市新店區安和里安興路67號,24.975,121.516162
4072,新店區,安和市民活動中心-女廁,新北市新店區安和里安興路67號,24.975,121.516162
4073,蘆洲區,長安市民活動中心4F-女廁,新北市蘆洲區忠義里長安街96號,25.080732,121.46194
4074,新莊區,新泰市民活動中心2F-女廁,新北市新莊區忠孝里建中街116巷3弄2號,25.037213,121.445394
4075,新莊區,福壽市民活動中心2F-女廁,新北市新莊區信義里昌明街1號,25.052213,121.457633
4076,金山區,永民社區活動中心-男廁,新北市金山區永興里金山區永興里8鄰跳石17號,25.25745384,121.6326186
4077,樹林區,柑園市民活動中心-女廁,新北市樹林區南園里佳園路三段128號,24.950831,121.386183
4078,淡水區,樹興里市民活動中心-混合廁所,新北市淡水區樹興里糞箕湖25號,25.169566,121.486741
4079,鶯歌區,三鶯龍窯橋(近環河路)-無障礙廁所,新北市鶯歌區南靖里無,24.95018,121.35614
4080,蘆洲區,溪墘湧蓮市民活動中心3F-男廁,新北市蘆洲區溪墘里信義路65號,25.079593,121.47655
4081,貢寮區,遠望坑親水公園-無障礙廁所,新北市貢寮區雙玉里無,25.00284,121.929962
4082,新店區,肯德基新店北新店-無障礙廁所,新北市新店區忠誠里北新路2段61號,24.973354,121.5427427
4083,新莊區,新莊體育場北邊-女廁,新北市新莊區立德里和興街66號,25.0405,121.451989
4084,新莊區,西盛公園-女廁,新北市新莊區光正里西盛街216號,25.017184,121.428004
4085,淡水區,竿蓁市民活動中心-男廁,新北市淡水區竿蓁里中正東路1段3巷6號,25.163513,121.451437
4086,林口區,麥當勞林口中山店-女廁,新北市林口區菁湖里中山路250-1號,25.079591,121.385937
4087,汐止區,汐止區秀豐市場-男廁,新北市汐止區秀峰里水源路一段150號,25.066378,121.659251
4088,新莊區,台亞新樹路加油站-女廁,新北市新莊區西盛里新樹路271號,25.020669,121.434242
4089,石門區,全家便利商店(石門粽香店)-混合廁所,新北市石門區尖鹿里中央路24號,25.29207037,121.5678936
4090,三重區,三重國民運動中心3F-無障礙廁所,新北市三重區福祉里集美街55號,25.054643,121.488156
4091,三重區,三重國民運動中心4F-男廁,新北市三重區福祉里集美街55號,25.054758,121.488199
4092,土城區,金城立體停車場1F-男廁,新北市土城區青雲里金城路2段266號,24.983621,121.458553
4093,土城區,統一超商忠華門市1F-混合廁所,新北市土城區日新里中華路1段185、187號,24.98553,121.443581
4094,土城區,摩斯漢堡土城金城店1F-女廁,新北市土城區金城里金城路3段58號,24.986694,121.466164
4095,金山區,麥當勞金山中山店-無障礙,新北市金山區和平里中山路88號,25.21859862,121.6406357
4096,金山區,麥當勞金山中山店-男廁,新北市金山區和平里中山路88號,25.21860833,121.6406357
4097,三峽區,白雞商圈-男廁,新北市三峽區嘉添里白雞153-1號,24.90532,121.4000273
4098,土城區,新北市立圖書館祖田圖書閱覽室5F-女廁,新北市土城區頂新里中央路4段283-1號,24.953947,121.412755
4099,平溪區,嶺腳火車站-女廁,新北市平溪區嶺腳里嶺腳寮22號,25.03013,121.74811
4100,三重區,三重國民運動中心7F-女廁,新北市三重區福祉里集美街55號,25.054758,121.488199
4101,林口區,摩斯漢堡林口仁愛店-女廁,新北市林口區湖南里仁愛路二段512號,25.078209,121.372796
4102,林口區,統一超商林口粉寮門市-混合廁所,新北市林口區東林里粉寮路二段36號,25.086695,121.403352
4103,林口區,全家便利商店林口工六店-混合廁所,新北市林口區東林里工六路78號,25.077285,121.400364
4104,深坑區,統一超商深坑平埔門市-男女廁,新北市深坑區埔新里文化街82號,25.002031,121.617863
4105,三重區,統一超商三重新陽門市-混合廁所,新北市三重區光陽里三陽路62號,25.058722,121.484101
4106,三重區,統一超商三重重富門市-混合廁所,新北市三重區慈化里溪尾街321號,25.084338,121.487972
4107,金山區,永民社區活動中心-女廁,新北市金山區永興里金山區永興里8鄰跳石17號,25.2574781,121.6326159
4108,三芝區,後厝市民活動中心1F-無障礙空間廁所,新北市三芝區後厝里北勢子20-6號,25.2539604,121.4731512
4109,萬里區,下社老人活動中心-男廁,新北市萬里區大鵬里下社33之2號旁,25.216928,121.649768
4110,三峽區,三峽區公有零售市場4F-女廁,新北市三峽區永館里民生街186號,24.934932,121.370673
4111,三峽區,添福市民活動中心-女廁,新北市三峽區添福里添福57號,24.904028,121.375404
4112,三峽區,龍學龍恩市民活動中心4F-男廁,新北市三峽區龍學里學成路388號,24.944196,121.377771
4113,三峽區,大寮茶文館-女廁,新北市三峽區竹崙里竹崙路142巷3號,24.909214,121.43438
4114,林口區,全家便利商店林口影城店門市-混合廁所,新北市林口區南勢里文化三路一段406號,25.072585,121.36489
4115,貢寮區,龍門社區公廁-女廁,新北市貢寮區龍門里龍門街62-5號旁,25.025557,121.932761
4116,林口區,全家便利商店林口隆林店-混合廁所,新北市林口區湖南里文化二路二段90號,25.081798,121.379173
4117,林口區,全家便利商店林口忠孝店-混合廁所,新北市林口區東勢里忠孝路601號,25.068456,121.377987
4118,林口區,全家便利商店林口南勢店-混合廁所,新北市林口區南勢里南勢街228號,25.076139,121.357773
4119,三重區,萊爾富便利商店三重重富門市-混合廁所,新北市三重區五谷里光復路一段85號,25.050359,121.472457
4120,三重區,統一超商三重日揚門市-混合廁所,新北市三重區錦田里中正北路18之2號,25.063158,121.488508
4121,貢寮區,貢寮市民活動中心公廁-女廁,新北市貢寮區貢寮里朝陽街18-2號,25.019561,121.907432
4122,貢寮區,貢寮市民活動中心公廁-男無障礙,新北市貢寮區貢寮里長泰路18之2號,25.019561,121.907432
4123,貢寮區,美豐里公廁-混合廁所,新北市貢寮區美豐里雞母嶺街7號旁,25.065776,121.902548
4124,萬里區,野柳活動中心-女廁,新北市萬里區野柳里港東,25.203461,121.685664
4125,永和區,仁愛里活動中心-混合廁所,新北市永和區仁愛里文化路113巷16號,25.014451,121.512981
4126,永和區,永德宮-混合廁所,新北市永和區桂林里竹林路91巷64號,25.013547,121.52175
4127,板橋區,浮洲福德宮--男廁,新北市板橋區大安里大觀路2段161號,25.000574,121.445359
4128,蘆洲區,鷺江公有停車場-女廁,新北市蘆洲區鷺江里民權路26號,25.086032,121.476683
4129,蘆洲區,統一超商蘆洲蘆三門市-混合廁所,新北市蘆洲區恆德里三民路6號,25.082174,121.476098
4130,蘆洲區,全家蘆洲保佑店-混合廁所,新北市蘆洲區保佑里民族路425號,25.089219,121.468221
4131,八里區,台亞八里台北港加油站-無障礙廁所,新北市八里區舊城里中華路二段341號,25.145855,121.400891
4132,板橋區,新北市政府稅捐稽徵處-5F男廁,新北市板橋區福丘里中山路一段143號,25.011477,121.464191
4133,板橋區,新北市政府稅捐稽徵處-7F女廁,新北市板橋區福丘里中山路一段143號,25.011477,121.464191
4134,板橋區,新北市政府稅捐稽徵處-9F女廁,新北市板橋區福丘里中山路一段143號,25.011477,121.464191
4135,板橋區,亞東醫院東5-女廁,新北市板橋區華東里南雅南路2段21號,24.997265,121.452771
4136,八里區,統一超商八里龍米門市-混合廁所,新北市八里區米倉里龍米路二段46號,25.14064395,121.4481745
4137,雙溪區,中正市民活動中心1F-混合廁所,新北市雙溪區牡丹里中正路64號,25.043655,121.865281
4138,蘆洲區,仁德市民活動中心-混合廁所,新北市蘆洲區仁德里三民路26巷31弄10~12號,25.083387,121.476876
4139,蘆洲區,溪墘湧蓮市民活動中心1F-男廁,新北市蘆洲區溪墘里信義路65號,25.079577,121.476556
4140,蘆洲區,溪墘湧蓮市民活動中心1F-女廁,新北市蘆洲區溪墘里信義路65號,25.079577,121.476556
4141,蘆洲區,溪墘湧蓮市民活動中心1F-無障礙廁所,新北市蘆洲區溪墘里信義路65號,25.079577,121.476556
4142,金山區,聖母大樓1F-男女廁,新北市金山區和平里金包里街1號之3,25.22032309,121.6403353
4143,新店區,碧潭活動中心3F-男廁,新北市新店區新店里新店路207號,24.956793,121.537049
4144,淡水區,麥當勞淡水新市店-男廁,新北市淡水區北投里新市一路3段151號,25.1831123,121.4480227
4145,新莊區,中誠立體停車場-混合廁所 ,新北市新莊區中誠里中誠街53巷1號,25.047818,121.451371
4146,金山區,鎮天宮-男廁,新北市金山區清泉里法鼓路118號,25.23433469,121.6248536
4147,貢寮區,龍門露營區-男廁,新北市貢寮區福隆里興隆街100號,25.0192103,121.9345943
4148,貢寮區,龍門露營區-無障礙廁所,新北市貢寮區福隆里興隆街100號,25.0193562,121.9347433
4149,八里區,大崁里銀髮俱樂部-女廁,新北市八里區大崁里中山路一段21號,25.15780286,121.4220572
4150,三重區,統一超商三重慈佑門市-混合廁所,新北市三重區慈祐里溪尾街189號,25.080634,121.488731
4151,淡水區,淡水區市民聯合服務中心2F-男廁,新北市淡水區崁頂里中山北路2段375號,25.187069,121.443938
4152,淡水區,淡水區市民聯合服務中心3F-男廁,新北市淡水區崁頂里中山北路2段375號,25.187069,121.443938
4153,淡水區,淡水區市民聯合服務中心4F-女廁,新北市淡水區崁頂里中山北路2段375號,25.187069,121.443938
4154,淡水區,淡水區市民聯合服務中心7F-無障礙廁所,新北市淡水區崁頂里中山北路2段375號,25.187069,121.443938
4155,淡水區,淡水區市民聯合服務中心9F-無障礙廁所,新北市淡水區崁頂里中山北路2段375號,25.187069,121.443938
4156,淡水區,淡水區市民聯合服務中心10F-女廁,新北市淡水區崁頂里中山北路2段375號,25.187069,121.443938
4157,三重區,統一超商三重重華門市-混合廁所,新北市三重區富貴里五華街181號,25.085436,121.490256
4158,三重區,統一超商三重三好門市-混合廁所,新北市三重區溪美里自強路四段102號,25.079814,121.491268
4159,淡水區,淡水區市民聯合服務中心B1-混合廁所,新北市淡水區崁頂里中山北路2段375號,25.187069,121.443938
4160,淡水區,淡水區市民聯合服務中心2F-女廁,新北市淡水區崁頂里中山北路2段375號,25.187069,121.443938
4161,淡水區,淡水區市民聯合服務中心4F-男廁,新北市淡水區崁頂里中山北路2段375號,25.187069,121.443938
4162,淡水區,淡水區市民聯合服務中心6F-女廁,新北市淡水區崁頂里中山北路2段375號,25.187069,121.443938
4163,淡水區,淡水區市民聯合服務中心6F-無障礙廁所,新北市淡水區崁頂里中山北路2段375號,25.187069,121.443938
4164,五股區,更新市民活動中心1F-混合廁所,新北市五股區更寮里更洲路47號,25.078695,121.458391
4165,五股區,五股區體健防災公園-女廁,新北市五股區成德里五股區成泰路3段與成州八路,25.101006,121.451721
4166,板橋區,仁翠里辦公處-混合廁所,新北市板橋區仁翠里裕民街76巷14號,25.028867,121.460539
4167,板橋區,台亞石油板橋區信義路加油站-男廁,新北市板橋區廣福里信義路267號,24.990048,121.460776
4168,林口區,永善寺-男廁,新北市林口區中湖里佳林路74號,25.080762,121.385871
4169,林口區,新北市政府稅捐稽徵處林口分處3F-男廁,新北市林口區南勢里忠孝二路55號,25.069685,121.364089
4170,林口區,新北市政府稅捐稽徵處林口分處3F-女廁,新北市林口區南勢里忠孝二路55號,25.069685,121.364089
4171,永和區,永和加油站-混合廁所,新北市永和區安和里中和路573號,25.003778,121.51176
4172,板橋區,永豐公園活動中心-男廁,新北市板橋區廣新里永豐街124號,25.021,121.477
4173,林口區,昕境廣場林口店1F-男廁,新北市林口區南勢里文化三路1段402巷2號,25.074034,121.36877
4174,林口區,昕境廣場林口店3F-無障礙廁所,新北市林口區南勢里文化三路1段402巷2號,25.074034,121.36877
4175,三峽區,麥當勞三峽學成店-無障礙廁所,新北市三峽區龍恩里學成路258號,24.942241,121.375384
4176,淡水區,竿蓁市民活動中心-混合廁所,新北市淡水區竿蓁里中正東路1段3巷6號,25.165817,121.452111
4177,淡水區,家樂福淡新店1F-女廁,新北市淡水區崁頂里中山北路2段383號,25.188175,121.443601
4178,淡水區,家樂福淡新店1F-無障礙廁所,新北市淡水區崁頂里中山北路2段383號,25.188175,121.443601
4179,板橋區,新北市立圖書館板橋江子翠分館2F左側-多功能廁所,新北市板橋區莒光里莊敬路62號,25.0253,121.471762
4180,新莊區,新北市立圖書館聯合分館5F-男廁,新北市新莊區仁愛里自由街1號,25.047901,121.456028
4181,新莊區,新北市立圖書館聯合分館5F-女廁,新北市新莊區仁愛里自由街1號,25.047901,121.456028
4182,新莊區,新北市立圖書館福營分館5F-無障礙廁所,新北市新莊區四維里四維路9號3-5樓,25.024294,121.423751
4183,永和區,85℃永和得和店-混合廁所,新北市永和區民生里得和路320號,24.999528,121.522994
4184,板橋區,新北市藝文中心B1-男廁,新北市板橋區莒光里莊敬路62號,25.0253,121.471762
4185,永和區,7-11永和昇陽門市2F-混合廁所,新北市永和區雙和里中和路417號、419號,25.000699,121.50913
4186,永和區,仁愛公園(仁愛路)-女廁,新北市永和區保安里仁愛路244號,25.01136,121.507724
4187,淡水區,淡水區市民聯合服務中心7F-女廁,新北市淡水區崁頂里中山北路2段375號,25.187069,121.443938
4188,淡水區,淡水區市民聯合服務中心8F-男廁,新北市淡水區崁頂里中山北路2段375號,25.187069,121.443938
4189,淡水區,淡水區市民聯合服務中心9F-女廁,新北市淡水區崁頂里中山北路2段375號,25.187069,121.443938
4190,平溪區,平溪活動中心2F-無障礙廁所,新北市平溪區石底里公園街17號,25.025104,121.737981
4191,林口區,昕境廣場林口店3F-男廁,新北市林口區南勢里文化三路1段402巷2號,25.074034,121.36877
4192,林口區,昕境廣場林口店3F-女廁,新北市林口區南勢里文化三路1段402巷2號,25.074034,121.36877
4193,新莊區,麥當勞新莊中平店-男廁,新北市新莊區中原里中平路346號,25.052982,121.44479
4194,瑞芳區,自來水公司瑞芳營運所-無障礙廁所,新北市瑞芳區新峰里三爪子坑路13巷5號,25.10726,121.81409
4195,瑞芳區,來來超商瑞芳逢甲店-混合廁所,新北市瑞芳區龍鎮里逢甲路198號,25.11017,121.80697
4196,瑞芳區,龍嚴宮-女廁,新北市瑞芳區龍川里明燈路3段152號,25.10872,121.80404
4197,鶯歌區,南靖里活動中心1F-男廁,新北市鶯歌區南靖里文化路395號,24.950284,121.352776
4198,汐止區,康福市民活動中心1F-女廁,新北市汐止區康福里福德三路9號,25.06943,121.637758
4199,新莊區,行政院新莊聯合辦公大樓南棟10F東邊-女廁,新北市新莊區中原里中平路439號,25.055999,121.443165
4200,新莊區,行政院新莊聯合辦公大樓北棟10F東邊-男廁,新北市新莊區中原里中平路439號,25.055999,121.443165
4201,新莊區,行政院新莊聯合辦公大樓北棟10F西邊-女廁,新北市新莊區中原里中平路439號,25.055999,121.443165
4202,金山區,朱銘美術館-親子廁所,新北市金山區西湖里西勢湖2號,25.242606,121.617048
4203,三峽區,自強市民活動中心-混合廁所,新北市三峽區中埔里大同路268號,24.925377,121.365514
4204,新店區,社福館5F-女廁,新北市新店區大豐里民族路110號,24.976931,121.537558
4205,三峽區,溪北市民活動中心-性別友善廁所,新北市三峽區溪北里溪北街87號,24.935679,121.39797
4206,三峽區,安山寺-女廁,新北市三峽區安坑里建安73-4號,24.926818,121.448916
4207,貢寮區,福隆社區公廁-男廁,新北市貢寮區福隆里東興街3號旁,25.020741,121.95229
4208,貢寮區,福隆社區公廁-無障礙廁所,新北市貢寮區福隆里東興街3號旁,25.020741,121.95229
4209,三重區,永豐市民活動中心1F-男廁,新北市三重區永豐里永福街197巷6-1號,25.074609,121.478258
4210,淡水區,公二十三號公園-男廁,新北市淡水區崁頂里新市五路二段,25.200062,121.428495
4211,泰山區,黎明市民活動中心-混合廁所,新北市泰山區黎明里黎明路23號,25.06241231,121.4228189
4212,金山區,重三市民活動中心-男女廁,新北市金山區重和里六股林口53-2號,25.22,121.602097
4213,永和區,河濱第一市民活動中心-混合廁所,新北市永和區河濱里林森森路10巷18弄6號,25.006643,121.526015
4214,三芝區,福德宮活動中心1F-男廁,新北市三芝區古庄里茂興87號,25.2673669,121.4895155
4215,淡水區,新興里福德宮-混合廁所,新北市淡水區新民里新民街99號,25.180944,121.436078
4216,板橋區,自強里辦公處-混合廁所,新北市板橋區自強里中正路25巷3號,25.012693,121.45529
4217,鶯歌區,三鶯龍窯橋(近環河路)-男廁,新北市鶯歌區南靖里無,24.95018,121.35614
4218,新莊區,麥當勞新莊中平店-女廁,新北市新莊區中原里中平路346號,25.052982,121.44479
4219,板橋區,溪頭公園-男廁,新北市板橋區溪頭里溪頭街365號旁,25.032916,121.46855
4220,板橋區,溪頭公園-女廁,新北市板橋區溪頭里溪頭街365號旁,25.032916,121.46855
4221,淡水區,家樂福淡新店1F-男廁,新北市淡水區崁頂里中山北路2段383號,25.188175,121.443601
4222,淡水區,家樂福淡新店2F-男廁,新北市淡水區崁頂里中山北路2段383號,25.188175,121.443601
4223,淡水區,公二十三號公園-女廁,新北市淡水區崁頂里新市五路二段,25.200062,121.428495
4224,鶯歌區,鳳鳴活動中心-男廁,新北市鶯歌區鳳鳴里永和街34巷8號,24.967461,121.333353
4225,樹林區,全家便利商店樹林大安門市-混合廁所,新北市樹林區樹人里大安路507號,24.98594376,121.4144746
4226,三重區,桃園捷運A2三重站3F-親子廁所,新北市三重區福祉里捷運路36號,25.055286,121.484101
4227,新莊區,桃園捷運A3新北產業園區站1F站內-男廁,新北市新莊區福基里五工路37號,25.061719,121.459188
4228,泰山區,桃園捷運A5泰山站4F-男廁,新北市泰山區義仁里新北大道4段431號,25.053113,121.439576
4229,林口區,桃園捷運A9林口站3F-女廁,新北市林口區南勢里八德路290號,25.06593,121.361471
4230,三峽區,新北市立圖書館三峽北大分館3F-男廁,新北市三峽區龍學里學成路388號,24.944196,121.377771
4231,三峽區,新北市立圖書館三峽北大分館3F-女廁,新北市三峽區龍學里學成路388號,24.944196,121.377771
4232,三重區,永豐市民活動中心1F-女廁,新北市三重區永豐里永福街197巷6-1號,25.074609,121.478258
4233,淡水區,忠寮里辦公處-混合廁所,新北市淡水區忠寮里破瓦厝子3號之2,25.197737,121.471763
4234,淡水區,中和里辦公處-混合廁所,新北市淡水區中和里小中寮19之7號,25.231474,121.485295
4235,深坑區,阿柔社區發展協會1F-混合廁所,新北市深坑區阿柔里無,24.99923141,121.6063678
4236,板橋區,香雅里辦公處-混合廁所,新北市板橋區香雅里南雅西路二段307號,25.015762,121.452258
4237,中和區,嘉慶里辦公處1F-混合廁所,新北市中和區嘉慶里連城路569巷9弄32號,24.993725,121.479422
4238,五股區,成泰市民活動中心-混合廁所,新北市五股區成泰里御史路1之5號,25.090513,121.442033
4239,瑞芳區,九份明聖宮管理委員會-女廁,新北市瑞芳區基山里坑尾巷37-1號,25.11109,121.84433
4240,新店區,全家新店龜山店-混合廁所,新北市新店區龜山里新烏路3段144-146號,24.90240665,121.5514729
4241,三峽區,麥當勞三峽學成店-男廁,新北市三峽區龍恩里學成路258號,24.942329,121.375385
4242,泰山區,7-11泰山仁泰店-混合廁所,新北市泰山區義仁里明志路2段1號,25.053802,121.430246
4243,泰山區,7-11泰山奕真店-混合廁所,新北市泰山區義仁里明志路2段185號,25.048692,121.427348
4244,深坑區,深坑地下停車場B1-女廁,新北市深坑區深坑里平埔街22巷,25.001176,121.615641
4245,深坑區,深坑地下停車場B1-無障礙廁所,新北市深坑區深坑里平埔街22巷,25.001176,121.615641
4246,三重區,三重東區圖書館2F-女廁,新北市三重區慈化里溪尾街303號,25.08360693,121.4876801
4247,新莊區,行政院新莊聯合辦公大樓北棟10F西邊-男廁,新北市新莊區中原里中平路439號,25.055999,121.443165
4248,新莊區,行政院新莊聯合辦公大樓北棟1F-女廁,新北市新莊區中原里中平路439號,25.056183,121.443855
4249,新莊區,行政院新莊聯合辦公大樓綠廊2F西邊-男廁,新北市新莊區中原里中平路439號,25.055999,121.443165
4250,新莊區,行政院新莊聯合辦公大樓綠廊2F西邊-多功能廁所,新北市新莊區中原里中平路439號,25.055999,121.443165
4251,新莊區,行政院新莊聯合辦公大樓B2東邊-女廁,新北市新莊區中原里中平路439號,25.055999,121.443165
4252,新莊區,行政院新莊聯合辦公大樓B3西邊-女廁,新北市新莊區中原里中平路439號,25.055999,121.443165
4253,新莊區,新莊福德宮-混合廁所,新北市新莊區光華里民安西路410巷6號,25.009613,121.428473
4254,石門區,尖鹿市民活動中心1F-女廁,新北市石門區尖鹿里中央路9-3號,25.293308,121.568003
4255,鶯歌區,統一超商鶯歌樂陶門市-混合廁所,新北市鶯歌區尖山里尖山路276號,24.944905,121.340649
4256,八里區,八里區長坑里銀髮俱樂部-男廁,新北市八里區長坑里中華路三段190號,25.12754,121.390636
4257,八里區,八里區長坑里銀髮俱樂部-女廁,新北市八里區長坑里中華路三段190號,25.12754,121.390636
4258,土城區,廷寮市民活動中心1F-無障礙廁所,新北市土城區廷寮里永豐路240之1號,24.975613,121.474582
4259,新店區,張北市民活動中心-男廁,新北市新店區張北里德正街23巷25號,24.971646,121.545596
4260,中和區,景新立體停車場1F-男廁,新北市中和區景本里景新街399巷12號,24.989811,121.512927
4261,五股區,成州市民活動中心1F-無障礙廁所,新北市五股區成州里西雲路267號,25.09809,121.449341
4262,五股區,五股區體健防災公園-男廁,新北市五股區成德里五股區成泰路3段與成州八路,25.101006,121.451721
4263,五股區,觀音市民活動中心-男廁,新北市五股區觀音里凌雲路三段17之2號,25.103159,121.439185
4264,五股區,集福市民活動中心1F-女廁,新北市五股區集福里孝義路55巷10號,25.106281,121.452456
4265,板橋區,新海里巡守崗亭-混合廁,新北市板橋區新海里新海路403巷22號,25.026304,121.45752
4266,新店區,小碧潭景觀-男女廁,新北市新店區福民里碧潭東岸二高橋下球場旁,24.97179101,121.529088
4267,泰山區,新北市泰山區山腳社區發展協會-男廁,新北市泰山區山腳里福德街14號,25.062547,121.432339
4268,泰山區,新北市泰山區山腳社區發展協會-無障礙廁所,新北市泰山區山腳里福德街14號,25.062547,121.432339
4269,萬里區,薆悅酒店野柳渡假館-2F女廁,新北市萬里區野柳里港東路162號之2,25.204111,121.6878043
4270,萬里區,薆悅酒店野柳渡假館-2F男廁,新北市萬里區野柳里港東路162號之2,25.204111,121.6878043
4271,新莊區,新莊體育館2F南邊-男廁,新北市新莊區立德里和興街66號,25.0405,121.451989
4272,新莊區,西盛公園-男廁,新北市新莊區光正里西盛街216號,25.017184,121.428004
4273,土城區,中油中央路加油站1F-女廁,新北市土城區大安里中央路3段84號,24.968198,121.43837
4274,新莊區,福壽市民活動中心2F-男廁,新北市新莊區信義里昌明街1號,25.052213,121.457633
4275,板橋區,捷運江子翠站B1-親子廁所,新北市板橋區柏翠里文化路2段319號,25.030155,121.47219
4276,萬里區,北基里活動中心-混合廁所,新北市萬里區北基里孝五街4號,25.176198,121.683564
4277,永和區,溪洲市民活動中心3F-男廁,新北市永和區中興里復興街43號,25.013055,121.516345
4278,三芝區,福德宮活動中心1F-女廁,新北市三芝區古庄里茂興87號,25.2673669,121.4895155
4279,石碇區,豐田里民活動中心-男廁,新北市石碇區豐田里無,24.974715,121.682308
4280,淡水區,大庄里福德廟-混合廁所,新北市淡水區大庄里新民街1段136號,25.188458,121.427791
4281,樹林區,南樹林站-女廁,新北市樹林區東山里中山路二段230號,24.977818,121.404917
4282,樹林區,南樹林站-無障礙廁所,新北市樹林區東山里中山路二段230號,24.977818,121.404917
4283,板橋區,福泰市民活動中心-混合廁所,新北市板橋區福德里忠孝路忠義巷9弄1之1號,25.004556,121.465129
4284,板橋區,長安里活動中心、巡守隊 、資源回收站服務處-混合廁所,新北市板橋區長安里長安街331巷60號,25.013179,121.472989
4285,板橋區,明翠里里辦公處-混合廁,新北市板橋區明翠里四維路112巷45號,25.02615627,121.4648652
4286,三芝區,後厝市民活動中心1F-男廁,新北市三芝區後厝里北勢子20-6號,25.2539604,121.4731512
4287,三芝區,後厝市民活動中心1F-女廁,新北市三芝區後厝里後厝里 北勢子20-6號,25.2539604,121.4731512
4288,三峽區,溪東市民活動中心-男廁,新北市三峽區溪東里溪東218巷1號,24.931181,121.407794
4289,三峽區,溪東市民活動中心-女廁,新北市三峽區溪東里溪東218巷1號,24.931181,121.407794
4290,八里區,統一超商八里西雅圖門市-混合廁所,新北市八里區舊城里中山路二段153號,25.153126,121.406314
4291,林口區,麥當勞林口中山店-無障礙廁所,新北市林口區菁湖里中山路250-1號,25.079581,121.386061
4292,坪林區,下坑子口-女廁,新北市坪林區坪林里無,24.9430137,121.7114096
4293,坪林區,石曹橋-無障礙廁所,新北市坪林區石曹里無,24.902254,121.718489
4294,三峽區,全家便利商店三峽新介壽店-混合廁所,新北市三峽區溪北里介壽路3段176號,24.94400231,121.4024971
4295,土城區,清化市民活動中心4F-無障礙廁所,新北市土城區清化里青雲路368號,24.97255313,121.4586425
4296,土城區,肯德基土城金城店B1-混合廁所,新北市土城區清溪里金城路2段269號,24.986032,121.463588
4297,淡水區,長庚里辦公室-混合廁所,新北市淡水區長庚里中山路72巷1弄10號,25.171026,121.443233
4298,淡水區,新春里辦公室-混合廁所,新北市淡水區新春里新春街61號,25.182104,121.4382
4299,平溪區,薯榔活動中心1F-男廁,新北市平溪區薯榔里靜安路二段63號,25.02074,121.71541
4300,平溪區,薯榔活動中心1F-女廁,新北市平溪區薯榔里靜安路二段63號,25.02074,121.71541
4301,鶯歌區,鶯歌北鶯公園(近中正一路401號)-無障礙廁所,新北市鶯歌區北鶯里無,24.95743,121.35993
4302,三峽區,龍埔里市民活動中心2F-女廁,新北市三峽區龍埔里三樹路214巷9號,24.941911,121.379876
4303,三峽區,中興市民活動中心-混合廁所,新北市三峽區溪南里介壽路2段63號,24.9331925,121.3926354
4304,三重區,三重東區圖書館3F-男廁,新北市三重區慈化里溪尾街303號,25.083572,121.48761
4305,土城區,延吉立體停車場1F-女廁,新北市土城區延吉里德峯街65號,24.98727283,121.4696583
4306,土城區,金城立體停車場1F-女廁,新北市土城區青雲里金城路2段266號,24.983621,121.458553
4307,土城區,統一超商城運門市1F-混合廁所,新北市土城區大安里承天路10號,24.964907,121.437291
4308,中和區,萊爾富中和飛和店-混合廁所,新北市中和區中原里中版路27號,25.011846,121.483593
4309,中和區,統一超商中和橋安門市1F-混合廁所,新北市中和區中原里橋安街20號,25.005324,121.492372
4310,土城區,新北市立圖書館土城親子分館4F-無障礙廁所,新北市土城區頂福里中洲路28巷30號,24.958066,121.414709
4311,土城區,新北市立圖書館祖田圖書閱覽室4F-無障礙廁所,新北市土城區頂新里中央路4段283-1號,24.953947,121.412755
4312,板橋區,台亞石油板橋區信義路加油站-無障礙廁所,新北市板橋區廣福里信義路267號,24.990048,121.460776
4313,板橋區,新北市立圖書館板橋江子翠分館2F右側-多功能廁所,新北市板橋區莒光里莊敬路62號,25.0253,121.471762
4314,樹林區,興仁花園夜市1號公廁-混合廁所,新北市樹林區金寮里保安街2段70號,25.003408,121.416943
4315,林口區,林口區衛生所-男廁,新北市林口區南勢里忠孝二路55號,25.069685,121.364089
4316,林口區,林口區衛生所-女廁,新北市林口區南勢里忠孝二路55號,25.069685,121.364089
4317,樹林區,統一超商樹復門市-混合廁所,新北市樹林區樹南里復興路340號,24.986435,121.416137
4318,三重區,桃園捷運A2三重站3F-男廁,新北市三重區福祉里捷運路36號,25.055286,121.484101
4319,三峽區,大寮茶文館-男廁,新北市三峽區竹崙里竹崙路142巷3號,24.909214,121.43438
4320,貢寮區,龍吉市民活動中心公廁-混合廁所,新北市貢寮區龍崗里嵩陽街41-1號旁,25.015456,121.906097
4321,貢寮區,福隆社區公廁-女廁,新北市貢寮區福隆里東興街3號旁,25.020741,121.95229
4322,萬里區,野柳活動中心-男廁,新北市萬里區野柳里港東路1-5號,25.203461,121.685664
4323,板橋區,景星里辦公處-混合廁所,新北市板橋區景星里景福路11號,25.005478,121.461021
4324,板橋區,浮洲福德宮--女廁,新北市板橋區大安里大觀路2段161號,25.000574,121.445359
4325,蘆洲區,忠義廟-女廁,新北市蘆洲區忠義里長安街106號,25.081354,121.461131
4326,五股區,成州市民活動中心1F-男廁,新北市五股區成州里西雲路267號,25.09809,121.449341
4327,土城區,摩斯漢堡土城永寧店1F-混合廁所,新北市土城區大安里中央路3段84號,24.967184,121.436245
4328,板橋區,新北市立圖書館總館3F西側-男廁,新北市板橋區華貴里貴興路139號,25.001391,121.455094
4329,板橋區,新北市立圖書館總館3F西側-無障礙廁所,新北市板橋區華貴里貴興路139號,25.001391,121.455094
4330,板橋區,新北市立圖書館總館4F西側-無障礙廁所,新北市板橋區華貴里貴興路139號,25.001391,121.455094
4331,板橋區,新北市立圖書館總館4F東側-男廁,新北市板橋區華貴里貴興路139號,25.001391,121.455094
4332,板橋區,新北市立圖書館總館6F西側-男廁,新北市板橋區華貴里貴興路139號,25.001391,121.455094
4333,板橋區,新北市立圖書館總館6F西側-無障礙廁所,新北市板橋區華貴里貴興路139號,25.001391,121.455094
4334,板橋區,新北市立圖書館總館8F西側-女廁,新北市板橋區華貴里貴興路139號,25.001391,121.455094
4335,蘆洲區,水湳活動中心-男廁,新北市蘆洲區水湳里民族路426巷17號,25.092897,121.472915
4336,永和區,水源社區活動中心-男廁,新北市永和區水源里保平路177巷6弄2號,25.004843,121.509839
4337,永和區,水源社區活動中心-女廁,新北市永和區水源里保平路177巷6弄2號,25.004843,121.509839
4338,五股區,新北市勞工活動中心5F-女廁,新北市五股區興珍里五工六路9號,25.06146,121.450801
4339,蘆洲區,福佑宮-男廁,新北市蘆洲區保佑里中正路192巷12號,25.088618,121.467847
4340,土城區,員仁福德宮1F-混合廁所,新北市土城區員仁里中華路2段90號,24.97567,121.438434
4341,萬里區,北部展示館-1F無障礙廁所,新北市萬里區野柳里八斗子60號,25.20652951,121.6586615
4342,汐止區,保長市民活動中心-女廁,新北市汐止區保長里保長路51巷11號,25.079086,121.673851
4343,新莊區,新莊體育館2F南邊-女廁,新北市新莊區立德里和興街66號,25.0405,121.451989
4344,新莊區,新莊體育館2F北邊-男廁,新北市新莊區立德里和興街66號,25.0405,121.451989
4345,板橋區,板橋體育館B1-親子廁所,新北市板橋區社後里中正路 8號,25.0132377,121.4565501
4346,八里區,台亞八里加油站-男廁,新北市八里區荖阡里中華路二段381號,25.143829,121.398094
4347,土城區,中油中央路加油站1F-無障礙廁所,新北市土城區大安里中央路3段105號,24.96814417,121.4384057
4348,淡水區,民生里辦公處-混合廁所,新北市淡水區民生里民生路113巷1弄70號,25.13855111,121.4623497
4349,土城區,中油北基冠軍加油站1F-男廁,新北市土城區貨饒里中央路一段7之1號,24.992172,121.449473
4350,五股區,成州市民活動中心1F-女廁,新北市五股區成州里西雲路267號,25.09809,121.449341
4351,五股區,觀音市民活動中心-女廁,新北市五股區觀音里凌雲路三段17之2號,25.103159,121.439185
4352,板橋區,華江公園-無障礙廁所,新北市板橋區莊敬里民生路2段與縣民大道2段,25.0201,121.4703
4353,泰山區,新北市泰山區山腳社區發展協會-女廁,新北市泰山區山腳里福德街14號,25.062547,121.432339
4354,蘆洲區,新北市蘆洲區民生市民活動中心-混合廁所,新北市蘆洲區得仁里民生街129巷14.16號,25.078361,121.472841
4355,板橋區,台亞石油板橋區信義路加油站-女廁,新北市板橋區廣福里信義路267號,24.990048,121.460776
4356,板橋區,新北市立圖書館板橋江子翠分館3F左側-多功能廁所,新北市板橋區莒光里莊敬路62號,25.0253,121.471762
4357,土城區,新北市立圖書館祖田圖書閱覽室5F-男廁,新北市土城區頂新里中央路4段283-1號,24.953947,121.412755
4358,土城區,新北市立圖書館柑林埤分館4F-女廁,新北市土城區埤林里學享街55號,24.987034,121.45197
4359,淡水區,淡水中山公有零售市場-女廁,新北市淡水區清文里中山路77號,25.170408,121.442713
4360,中和區,麥當勞中和景新店1F-混合廁所,新北市中和區景南里景新街430號,24.98692,121.515185
4361,中和區,麥當勞中和景新店2F-混合廁所,新北市中和區景南里景新街430號,24.98692,121.515185
4362,金山區,鎮天宮-女廁,新北市金山區清泉里法鼓路118號,25.23434763,121.6248751
4363,五股區,台北園外園1F-男廁,新北市五股區水碓里新五路2段70號,25.074074,121.43841
4364,貢寮區,龍門露營區-女廁,新北市貢寮區福隆里興隆街100號,25.0193562,121.9347433
4365,林口區,麥當勞林口中山店-男廁,新北市林口區菁湖里中山路250-1號,25.079591,121.385937
4366,林口區,摩斯漢堡林口竹林店-男廁,新北市林口區西林里竹林路31號,25.077262,121.386754
4367,土城區,永寧市民活動中心2F-無障礙廁所,新北市土城區永寧里永寧路32巷10弄10號,24.961098,121.42864
4368,三峽區,中油大埔加油站-無障礙廁所,新北市三峽區大埔里中正路2段165號,24.9149778,121.3664492
4369,土城區,捷運頂埔站B3-3號出口-女廁,新北市土城區頂埔里中央路4段51號之6,24.95947,121.419446
4370,土城區,捷運頂埔站B3站內-多功能廁所,新北市土城區頂埔里中央路4段51號之6,24.95947,121.419446
4371,石門區,青山瀑布-男廁,新北市石門區老梅里青山瀑布旁停車場,25.283292,121.548204
4372,林口區,林口市立圖書館4F-男廁,新北市林口區南勢里忠孝二路55號,25.069685,121.364089
4373,樹林區,統一超商樹林昌聖門市,新北市樹林區樹人里文化街21號,24.98861668,121.4171314
4374,新莊區,桃園捷運A4新莊副都心站4F站內-男廁,新北市新莊區中原里新北大道四段188號,25.059391,121.44596
4375,泰山區,桃園捷運A6泰山貴和站4F-男廁,新北市泰山區貴和里新北大道6段460號,25.034259,121.424119
4376,泰山區,桃園捷運A6泰山貴和站4F-親子廁所,新北市泰山區貴和里新北大道6段460號,25.034259,121.424119
4377,三峽區,新北市立圖書館三峽北大分館4F-無障礙廁所,新北市三峽區龍學里學成路388號,24.944196,121.377771
4378,石門區,觀航寺公廁-男廁,新北市石門區德茂里下員坑33-1號,25.283196,121.519115
4379,泰山區,桃園捷運A6泰山貴和站4F-女廁,新北市泰山區貴和里新北大道6段460號,25.034259,121.424119
4380,蘆洲區,台灣中油蘆洲三民路站-無障礙廁所,新北市蘆洲區正義里三民路550-6號,25.09344,121.461834
4381,板橋區,和平公園活動中心3樓-無障礙,新北市板橋區廣德里重慶路355號3F,24.997705,121.464296
4382,五股區,觀音山遊客中心A棟-男廁,新北市五股區觀音里凌雲路三段130號,25.1158101,121.4299122
4383,石門區,石門區社福大樓3F-男廁,新北市石門區石門里中山路34號,25.290064,121.566181
4384,石門區,老梅市民活動中心1F-男廁,新北市石門區老梅里老梅路43號,25.289509,121.545329
4385,石門區,老梅市民活動中心1F-女廁,新北市石門區老梅里老梅路43號,25.289509,121.545329
4386,萬里區,北部展示館-2F男廁,新北市萬里區野柳里八斗子60號,25.20664235,121.6588372
4387,萬里區,北部展示館停車場-女廁,新北市萬里區野柳里八斗子60號,25.20548719,121.6588855
4388,新莊區,新泰綜合醫院5F-女廁,新北市新莊區西盛里新樹路176號,25.021455,121.434326
4389,新莊區,新泰綜合醫院5F-無障礙廁所,新北市新莊區西盛里新樹路176號,25.021455,121.434326
4390,汐止區,國軍示範公墓服務大樓1F-男廁,新北市汐止區烘內里汐萬路三段500號,25.135805,121.615852
4391,汐止區,國軍示範公墓忠靈殿2F-無障礙廁所,新北市汐止區烘內里汐萬路三段500號,25.135576,121.61585
4392,林口區,麗園市民活動中心2F-男廁,新北市林口區麗園里忠孝路569巷17號,25.06912,121.37347
4393,金山區,金山運動休閒廣場-無障礙,新北市金山區五湖里南勢53號,25.220505,121.628037
4394,土城區,統一超商頂埔門市1F-混合廁所,新北市土城區頂福里中央路4段274號,24.956767,121.414556
4395,林口區,統一超商林口旺來門市-混合廁所,新北市林口區湖南里文化三路二段20號,25.079276,121.372689
4396,三重區,三重國民運動中心1F-男廁,新北市三重區福祉里集美街55號,25.054758,121.488199
4397,三重區,三重國民運動中心2F-女廁,新北市三重區福祉里集美街55號,25.054758,121.488199
4398,三重區,三重國民運動中心2F-無障礙廁所,新北市三重區福祉里集美街55號,25.054642,121.488156
4399,林口區,統一超商林口佳林門市-混合廁所,新北市林口區菁湖里林口路197號,25.082706,121.387572
4400,三芝區,慈雲寺-女廁,新北市三芝區興華里楓子林47之1號,25.20674935,121.5018092
4401,鶯歌區,南靖里活動中心1F-女廁,新北市鶯歌區南靖里文化路395號,24.950284,121.352776
4402,板橋區,新北市立聯合醫院(板橋院區)-男廁,新北市板橋區德翠里英士路198號,25.023583,121.457669
4403,三重區,新北市立聯合醫院門診大樓1F-性別友善廁所,新北市三重區中山里新北大道1段3號,25.060869,121.49084
4404,汐止區,康福市民活動中心2F-男廁,新北市汐止區康福里福德三路9號,25.06943,121.637758
4405,永和區,7-11永和竹林門市2F-混合廁所,新北市永和區福林里竹林路211號,25.008926,121.520787
4406,新莊區,行政院新莊聯合辦公大樓南棟10F東邊-男廁,新北市新莊區中原里中平路439號,25.055999,121.443165
4407,新莊區,行政院新莊聯合辦公大樓南棟10F西邊-女廁,新北市新莊區中原里中平路439號,25.055999,121.443165
4408,土城區,中油北基冠軍加油站1F-女廁,新北市土城區貨饒里中央路一段7之1號,24.992172,121.449473
4409,三重區,愛買三重2F-男廁,新北市三重區永發里中正北路193號,25.069705,121.477385
4410,新店區,安和市民活動中心-無障礙廁所,新北市新店區安和里安興路67號,24.975,121.516162
4411,雙溪區,中正市民活動中心1F-無障礙廁所,新北市雙溪區牡丹里中正路64號,25.043655,121.865281
4412,樹林區,潭底里活動中心2F-混合廁所,新北市樹林區潭底里保安街1段285號,24.996643,121.41895
4413,永和區,忠孝市民活動中心6F-混合廁所,新北市永和區頂溪里忠孝街26巷8號,25.016856,121.515311
4414,新店區,社福館5F-男廁,新北市新店區大豐里民族路110號,24.976931,121.537558
4415,三峽區,溪北市民活動中心-女廁(作廢),新北市三峽區溪北里溪北街87號,24.935679,121.39797
4416,林口區,南勢市民活動中心1F-女廁,新北市林口區南勢里南勢二街154號,25.07379,121.35903
4417,萬里區,龜吼停車場-親子廁所,新北市萬里區龜吼里漁澳路86-1號,25.19600036,121.6866839
4418,金山區,台大醫院金山分院1F-女廁,新北市金山區五湖里玉爐路7號,25.219722,121.628452
4419,金山區,台大醫院金山分院門診區2F-女廁,新北市金山區五湖里玉爐路7號,25.219722,121.628452
4420,金山區,台大醫院金山分院門診區2F-無障礙廁所,新北市金山區五湖里玉爐路7號,25.219722,121.628452
4421,八里區,十三行博物館北南側1-1F-女廁,新北市八里區頂罟里博物館路200號,25.156842,121.405074
4422,八里區,十三行博物館北南側1-1F-無障礙廁所,新北市八里區頂罟里博物館路200號,25.156842,121.405074
4423,林口區,全家便利商店林口文園店-混合廁所,新北市林口區仁愛里公園路178號,25.072748,121.372817
4424,林口區,全家便利商店林口幸福店-混合廁所,新北市林口區南勢里文化三路一段35號,25.06669575,121.3610101
4425,林口區,萊爾富林口香澄店-混合廁所,新北市林口區南勢里文化三路一段一段613號,25.074331,121.367772
4426,三重區,全家便利商店三重成功門市-混合廁所,新北市三重區福德里成功路145巷45號,25.053376,121.487929
4427,三重區,萊爾富便利商店三重中興北門市-混合廁所,新北市三重區中興里中興北街134號,25.055684,121.468876
4428,三重區,全家便利商店三重金勇門市-混合廁所,新北市三重區大有里中正北路378號,25.069624,121.47672
4429,三重區,統一超商三重修德門市-混合廁所,新北市三重區民生里重陽路三段11號,25.066542,121.489416
4430,石門區,石門區社福大樓3F-女廁,新北市石門區石門里中山路34號,25.290064,121.566181
4431,萬里區,雙和宮-混合廁所,新北市萬里區雙興里太和7之2號,25.174014,121.658764
4432,萬里區,溪底市民活動中心-無障礙,新北市萬里區溪底里富士坪7之1號,25.16878563,121.6209603
4433,新店區,張北市民活動中心-無障礙廁所,新北市新店區張北里德正街23巷25號,24.971646,121.545596
4434,板橋區,埔墘福德宮-女廁,新北市板橋區九如里中山路二段250巷1號,25.017775,121.478774
4435,金山區,福德宮(三福宮)-混和廁所 (六三市民活動中心後方),新北市金山區三界里三界壇路101之1號,25.23015,121.620871
4436,板橋區,板橋區青翠、柏翠、嵐翠 市民活動中心-女廁,新北市板橋區柏翠里文化路2段654之11號,25.035563,121.478626
4437,新莊區,行政院新莊聯合辦公大樓綠廊2F東邊-多功能廁所,新北市新莊區中原里中平路439號,25.055999,121.443165
4438,新莊區,行政院新莊聯合辦公大樓綠廊2F西邊-女廁,新北市新莊區中原里中平路439號,25.055999,121.443165
4439,新莊區,行政院新莊聯合辦公大樓B3東邊-男廁,新北市新莊區中原里中平路439號,25.055999,121.443165
4440,新莊區,行政院新莊聯合辦公大樓B4東邊-女廁,新北市新莊區中原里中平路439號,25.055999,121.443165
4441,新莊區,行政院新莊聯合辦公大樓B1東邊-男廁,新北市新莊區中原里中平路439號,25.055999,121.443165
4442,新莊區,行政院新莊聯合辦公大樓B1東邊-多功能廁所,新北市新莊區中原里中平路439號,25.055999,121.443165
4443,坪林區,石曹橋-男廁,新北市坪林區石曹里無,24.902254,121.718489
4444,石門區,茂林市民活動中心-女廁,新北市石門區茂林里茂林社區1-1號,25.27188,121.591831
4445,泰山區,新北市泰山區貴和市民活動中心-男廁,新北市泰山區貴和里明志路3段365號,25.03487,121.421755
4446,板橋區,和平里辦公處-混合廁所,新北市板橋區和平里和平路安樂巷51 號,24.993132,121.462221
4447,板橋區,六里市民活動中心-無障礙廁所,新北市板橋區滿翠里民生路三段270-1號,25.03006,121.464064
4448,金山區,新北巿金山區西湖里辦公處-混和廁所,新北市金山區西湖里西勢湖1號,25.24765811,121.6122177
4449,中和區,華新里辦公處1F-混合廁所,新北市中和區華新里華新街145號,24.981605,121.506331
4450,石碇區,失落村莊-男女廁,新北市石碇區永安里北宜公路六段直潭巷27號,24.947957,121.657802
4451,鶯歌區,鶯歌陶瓷博物館B1-無障礙廁所,新北市鶯歌區南靖里文化路200號,24.94944869,121.3524914
4452,瑞芳區,瑞芳鼻頭漁港廣場-女廁,新北市瑞芳區鼻頭里鼻頭路165號,25.122294,121.915712
4453,石門區,石門老梅公地-女廁,新北市石門區老梅里公地16-1號,25.29126318,121.5457467
4454,石門區,風箏公園停車場-女廁,新北市石門區山溪里大溪墘2-1號斜對面,25.29019515,121.5482819
4455,八里區,八里渡船頭-混合廁所2,新北市八里區米倉里無,25.15743,121.43649
4456,八里區,八里渡船頭-無障礙廁所,新北市八里區米倉里無,25.15743,121.43649
4457,新店區,新店高中停車場B1-無障礙廁所,新北市新店區福民里三民路161號,24.97539147,121.5320578
4458,三峽區,長福宮-女廁(作廢),新北市三峽區成福里成福路250號,24.923414,121.427649
4459,三峽區,安山寺-男廁,新北市三峽區安坑里建安73-4號,24.926818,121.448916
4460,蘆洲區,忠義廟-男廁,新北市蘆洲區忠義里長安街106號,25.081354,121.461131
4461,板橋區,民族里辦公處-混合廁所,新北市板橋區民族里漢生東路326巷2弄11號,25.008253,121.470698
4462,五股區,觀音市民活動中心-無障礙廁所,新北市五股區觀音里凌雲路三段17之2號,25.103159,121.439185
4463,蘆洲區,捷運三民高中站B1-多功能廁所,新北市蘆洲區保和里三民路105號,25.085596,121.472996
4464,樹林區,興仁花園夜市2號公廁-混合廁所,新北市樹林區金寮里保安街2段70號,25.003145,121.415892
4465,林口區,永善寺-女廁,新北市林口區中湖里佳林路74號,25.080762,121.385871
4466,三重區,統一超商三重高仁門市-混合廁所,新北市三重區溪美里仁愛街274號,25.078651,121.492742
4467,板橋區,板橋第二運動場C棟-男廁,新北市板橋區社後里民權路117號,25.014033,121.457208
4468,板橋區,板橋第二運動場C棟-女廁,新北市板橋區社後里民權路117號,25.014033,121.457208
4469,三重區,捷運三重站B3外站-男廁,新北市三重區福祉里捷運路36號,25.055286,121.484848
4470,三重區,捷運三重站B3外站-女廁,新北市三重區福祉里捷運路36號,25.055286,121.484848
4471,淡水區,淡水區市民聯合服務中心3F-女廁,新北市淡水區崁頂里中山北路2段375號,25.187069,121.443938
4472,泰山區,7-11泰山新陽光門市-混合廁所所,新北市泰山區山腳里泰林路2段368號,25.063822,121.428456
4473,淡水區,淡水區市民聯合服務中心5F-男廁,新北市淡水區崁頂里中山北路2段375號,25.187069,121.443938
4474,鶯歌區,鶯歌北鶯公園(近中正一路401號)-混合廁所,新北市鶯歌區北鶯里無,24.95802329,121.3588911
4475,三峽區,龍埔里市民活動中心2F-男廁,新北市三峽區龍埔里三樹路214巷9號,24.941911,121.379876
4476,蘆洲區,麥當勞蘆洲長榮店-無障礙廁所,新北市蘆洲區正義里長榮路376-378號,25.087312,121.459973
4477,淡水區,楓樹湖園區1號公廁-混合廁所,新北市淡水區水源里楓樹湖3號之5,25.187201,121.502274
4478,淡水區,楓樹湖園區2號公廁-無障礙廁所,新北市淡水區水源里楓樹湖3號之5,25.186314,121.503061
4479,淡水區,楓樹湖園區3號公廁-混合廁所,新北市淡水區水源里楓樹湖3號之5,25.191637,121.492209
4480,淡水區,楓樹湖園區4號公廁-混合廁所,新北市淡水區水源里楓樹湖3號之5,25.191637,121.492209
4481,鶯歌區,全家便利商店鶯歌國慶店-男女廁,新北市鶯歌區南鶯里建國路122號,24.954221,121.352003
4482,板橋區,愛買概念店南雅店1F-女廁,新北市板橋區華貴里貴興路101號,25.002668,121.456215
4483,板橋區,愛買概念店南雅店2F-無障礙廁所,新北市板橋區華貴里貴興路101號,25.002668,121.456215
4484,板橋區,愛買概念店南雅店3F-女廁,新北市板橋區華貴里貴興路101號,25.002668,121.456215
4485,板橋區,新北市立圖書館總館2F-無障礙廁所,新北市板橋區華貴里貴興路139號,25.001391,121.455094
4486,板橋區,新北市立圖書館總館4F西側-女廁,新北市板橋區華貴里貴興路139號,25.001391,121.455094
4487,板橋區,新北市立圖書館總館4F東側-女廁,新北市板橋區華貴里貴興路139號,25.001391,121.455094
4488,板橋區,新北市立圖書館總館9F西側-無障礙廁所,新北市板橋區華貴里貴興路139號,25.001391,121.455094
4489,三峽區,弘道里市民活動中心-混合廁所,新北市三峽區弘道里弘道路102-2號,24.91793623,121.3536446
4490,蘆洲區,麥當勞蘆洲長榮店-女廁,新北市蘆洲區正義里長榮路376-378號,25.087312,121.459973
4491,五股區,五股區衛生所3F-無障礙廁所,新北市五股區成功里新城三路11號,25.094237,121.447639
4492,蘆洲區,水湳活動中心-無障礙廁所,新北市蘆洲區水湳里民族路426巷17號,25.092897,121.472915
4493,五股區,新北市勞工活動中心2F-男廁,新北市五股區興珍里五工六路9號,25.06146,121.450801
4494,五股區,新北市勞工活動中心3F-女廁,新北市五股區興珍里五工六路9號,25.06146,121.450801
4495,土城區,土城瑞坤宮1F-混合廁所,新北市土城區瑞興里四川路29巷34-1號,24.995009,121.454803
4496,林口區,新北市政府稅捐稽徵處林口分處3F-無障礙廁所,新北市林口區南勢里忠孝二路55號,25.069685,121.364089
4497,新莊區,桃園捷運A3新北產業園區站1F站內-女廁,新北市新莊區福基里五工路37號,25.061719,121.459188
4498,新莊區,桃園捷運A3新北產業園區站1F站內-多功能廁所,新北市新莊區福基里五工路37號,25.061719,121.459188
4499,新莊區,桃園捷運A4新莊副都心站4F站內-女廁,新北市新莊區中原里新北大道四段188號,25.059391,121.44596
4500,林口區,桃園捷運A9林口站3F-男廁,新北市林口區南勢里八德路290號,25.06593,121.361471
4501,蘆洲區,中油中山二路加油站-無障礙廁所,新北市蘆洲區得仁里中山二路309號,25.077184,121.468878
4502,五股區,觀音山遊客中心A棟-女廁,新北市五股區觀音里凌雲路三段130號,25.1158101,121.4299122
4503,淡水區,車容坊淡海加油站-女廁,新北市淡水區竿蓁里淡金路132號,25.164605,121.457943
4504,萬里區,獅子公園-男廁,新北市萬里區萬里里臺二線與基隆市界,25.174858,121.706263
4505,八里區,統一超商八里海神門市-混合廁所,新北市八里區頂罟里中山路二段6號,25.157103,121.40998
4506,中和區,自強里辦公處1F-混合廁所,新北市中和區自強里國光街125號,25.00091554,121.4691964
4507,泰山區,新北市泰山區貴子兒童公園北側-無障礙廁所-1,新北市泰山區貴子里明志路3段74巷底,25.04176056,121.423829
4508,板橋區,聯后宮-混合廁所,新北市板橋區聯翠里光武街24巷2號,25.02562474,121.4677352
4509,三重區,大園里里辦公室-混合廁所,新北市三重區大園里大同北路167巷47號,25.06518721,121.4938642
4510,平溪區,十分瀑布公園觀景台-無障礙廁所,新北市平溪區南山里南山坪136號,25.04773039,121.7881293
4511,板橋區,板橋花市-男廁,新北市板橋區華江里文化路北二高橋下,25.021215,121.470052
4512,板橋區,板橋花市-無障礙廁所,新北市板橋區華江里文化路北二高橋下,25.020833,121.470051
4513,板橋區,永豐公園活動中心-女廁,新北市板橋區廣新里永豐街124號,25.021,121.477
4514,林口區,昕境廣場林口店1F-女廁,新北市林口區南勢里文化三路1段402巷2號,25.074034,121.36877
4515,林口區,昕境廣場林口店1F-無障礙廁所,新北市林口區南勢里文化三路1段402巷2號,25.074034,121.36877
4516,林口區,昕境廣場林口店2F-男廁,新北市林口區南勢里文化三路1段402巷2號,25.074034,121.36877
4517,林口區,昕境廣場林口店4F-男廁,新北市林口區南勢里文化三路1段402巷2號,25.074034,121.36877
4518,林口區,肯德基林口文化店2F-女廁,新北市林口區麗園里文化一路一段78號,25.068535,121.376133
4519,八里區,八里水興公固定式-混合廁所,新北市八里區大崁里無,25.161968,121.425041
4520,土城區,捷運頂埔站B3站內-女廁,新北市土城區頂埔里中央路4段51號之6,24.95947,121.419446
4521,土城區,捷運頂埔站B3站內-男廁,新北市土城區頂埔里中央路4段51號之6,24.95947,121.419446
4522,三重區,三重國民運動中心1F-女廁,新北市三重區福祉里集美街55號,25.054758,121.488199
4523,三重區,三重國民運動中心3F-男廁,新北市三重區福祉里集美街55號,25.054758,121.488199
4524,三重區,三重國民運動中心7F-男廁,新北市三重區福祉里集美街55號,25.054758,121.488199
4525,萬里區,北部展示館-1F男廁,新北市萬里區野柳里八斗子60號,25.20647369,121.6586897
4526,萬里區,北部展示館停車場-無障礙廁所,新北市萬里區野柳里八斗子60號,25.20547506,121.6587353
4527,新莊區,新泰綜合醫院3F-女廁,新北市新莊區西盛里新樹路176號,25.021455,121.434326
4528,新莊區,新泰綜合醫院3F-無障礙廁所,新北市新莊區西盛里新樹路176號,25.021455,121.434326
4529,林口區,林口東勢閱覽室2F-男廁,新北市林口區東勢里麗園一街35號,25.06863,121.3774
4530,汐止區,國軍示範公墓忠靈殿3F-女廁,新北市汐止區烘內里汐萬路三段500號,25.135576,121.61585
4531,林口區,湖南市民活動中心-女廁,新北市林口區湖南里民權路165號,25.0844,121.37416
4532,五股區,觀音山遊客中心A棟-無障礙廁所,新北市五股區觀音里凌雲路三段130號,25.1158101,121.4299122
4533,三重區,力行地下停車場B1-男廁,新北市三重區永福里永福街10巷8號,25.077788,121.482897
4534,萬里區,溪底市民活動中心-男廁,新北市萬里區溪底里富士坪7之2號,25.169342,121.620319
4535,石門區,茂林市民活動中心-男廁,新北市石門區茂林里茂林社區1-1號,25.27188,121.591831
4536,八里區,八里區龍源里銀髮俱樂部-男廁,新北市八里區龍源里龍米路一段223-1號,25.131879,121.45145
4537,八里區,八里區龍源里銀髮俱樂部-女廁,新北市八里區龍源里龍米路一段223-1號,25.131947,121.450926
4538,新店區,張北市民活動中心-女廁,新北市新店區張北里德正街23巷25號,24.971646,121.545596
4539,淡水區,家樂福淡新店B2-男廁,新北市淡水區崁頂里中山北路2段383號,25.188175,121.443601
4540,淡水區,家樂福淡新店B2-女廁,新北市淡水區崁頂里中山北路2段383號,25.188175,121.443601
4541,淡水區,家樂福淡新店3F-男廁,新北市淡水區崁頂里中山北路2段383號,25.188175,121.443601
4542,八里區,八里區龍源里藍球場-男廁,新北市八里區龍源里無,25.13199531,121.4506897
4543,八里區,八里區龍源里藍球場-女廁,新北市八里區龍源里無,25.13197467,121.4506978
4544,泰山區,黎明市民活動中心-無障礙廁所,新北市泰山區黎明里黎明路23號,25.062661,121.420983
4545,鶯歌區,鶯歌區尖山里活動中心-性別友善,新北市鶯歌區尖山里尖山路211巷1號,24.94675,121.343802
4546,林口區,星巴克文化三門市1F-混合廁所,新北市林口區南勢里文化三路一段359號,25.07285459,121.3651139
4547,永和區,肯德基永和中正店2F-混合廁所,新北市永和區民治里中正路294號,24.999028,121.517183
4548,三重區,全家便利商店三重興富門市-混合廁所,新北市三重區中興里光復路一段70號,25.049392,121.471931
4549,三重區,統一超商三重正孝門市-混合廁所,新北市三重區六福里中正北路153號,25.067689,121.482522
4550,三重區,萊爾富便利商店三重溪美門市-混合廁所,新北市三重區溪美里仁愛街331號,25.079649,121.492227
4551,三重區,全家便利商店三重龍門門市-混合廁所,新北市三重區承德里龍門路276號,25.074221,121.501718
4552,永和區,捷運頂溪站B1-1號出口-親子廁所,新北市永和區勵行里永和路2段168號,25.013014,121.51551
4553,板橋區,幸福里辦公處-混合廁所,新北市板橋區幸福里幸福路44號,25.02023497,121.4614368
4554,鶯歌區,永昌里永福宮-男廁,新北市鶯歌區永昌里鶯桃路94巷33-11號,24.954668,121.341643
4555,三重區,三重自強金獅團-混合廁所,新北市三重區自強里正義北路256巷135號,25.06773294,121.4931357
4556,三重區,光明里里辦公室-混合廁所,新北市三重區光明里集美街112巷45弄1號,25.05387731,121.4906498
4557,土城區,延和廣場1F-無障礙廁所,新北市土城區延和里延和路12巷,24.98766089,121.4641888
4558,新莊區,四維立體停車場-無障礙廁所,新北市新莊區四維里四維路95號,25.02377495,121.4235367
4559,八里區,新北考古公園-男廁,新北市八里區頂罟里博物館路200號旁,25.15605437,121.4044597
4560,林口區,林口福滿宮-女廁,新北市林口區嘉寶里寶斗厝38號,25.11777685,121.3402391
4561,永和區,水源社區活動中心-無障礙廁所,新北市永和區水源里保平路177巷6弄2號,25.004843,121.509839
4562,五股區,新北市勞工活動中心2F-女廁,新北市五股區興珍里五工六路9號,25.06146,121.450801
4563,五股區,新北市勞工活動中心6F-女廁,新北市五股區興珍里五工六路9號,25.06146,121.450801
4564,萬里區,北部展示館停車場-男廁,新北市萬里區野柳里八斗子60號,25.20544593,121.6587393
4565,新莊區,新泰綜合醫院1F-男廁,新北市新莊區西盛里新樹路176號,25.021455,121.434326
4566,八里區,八里垃圾焚化廠-男廁,新北市八里區下罟里中山路三段409號,25.134847,121.367748
4567,金山區,統一超商金美門巿-混合廁所,新北市金山區金美里中山路143號,25.220131,121.6389
4568,板橋區,逢元宮-女廁,新北市板橋區振義里中山路2段565巷29號,25.022731,121.483859
4569,樹林區,彭厝市民活動中心4F-女廁,新北市樹林區彭福里國凱街65號,24.97993,121.422168
4570,萬里區,龜吼保民宮-女廁,新北市萬里區龜吼里鼓亭路14號,25.190101,121.683733
4571,雙溪區,上林荷花園-男廁,新北市雙溪區上林里內平林120之10號斜對面,25.03011,121.829191
4572,鶯歌區,三鶯龍窯橋(近環河路)-女廁,新北市鶯歌區南靖里無,24.95018,121.35614
4573,樹林區,保安市民活動中心-男廁,新北市樹林區保安里保順街88號,24.994369,121.42919
4574,萬里區,龜吼停車場-女廁,新北市萬里區龜吼里漁澳路86-1號,25.19609016,121.6866732
4575,林口區,湖南市民活動中心-無障礙廁所,新北市林口區湖南里民權路165號,25.0844,121.37416
4576,林口區,南勢市民活動中心2F-女廁,新北市林口區南勢里南勢二街154號,25.07379,121.35903
4577,金山區,金山老人藝文活動中心1F-男廁,新北市金山區金美里中山路257號,25.22211224,121.6368806
4578,金山區,金山老人藝文活動中心1F-女廁,新北市金山區金美里中山路257號,25.22210658,121.636878
4579,金山區,台大醫院金山分院急診室-男廁,新北市金山區五湖里玉爐路7號,25.219722,121.628452
4580,金山區,台大醫院金山分院急診室-無障礙,新北市金山區五湖里玉爐路7號,25.219722,121.628452
4581,八里區,十三行博物館北南側1-1F-男廁,新北市八里區頂罟里博物館路200號,25.1569713,121.4049811
4582,三重區,永福市民活動中心1F-女廁,新北市三重區永福里力行路2段162巷55號,25.076529,121.481034
4583,淡水區,淡水區市民聯合服務中心5F-女廁,新北市淡水區崁頂里中山北路2段375號,25.187069,121.443938
4584,淡水區,淡水區市民聯合服務中心6F-男廁,新北市淡水區崁頂里中山北路2段375號,25.187069,121.443938
4585,淡水區,淡水區市民聯合服務中心9F-男廁,新北市淡水區崁頂里中山北路2段375號,25.187069,121.443938
4586,淡水區,淡水區市民聯合服務中心10F-無障礙廁所,新北市淡水區崁頂里中山北路2段375號,25.187069,121.443938
4587,板橋區,板橋花市-女廁,新北市板橋區華江里文化路北二高橋下,25.021072,121.469846
4588,林口區,昕境廣場林口店4F-女廁,新北市林口區南勢里文化三路1段402巷2號,25.074034,121.36877
4589,板橋區,板橋區青翠、柏翠、嵐翠市民活動中心-男廁,新北市板橋區柏翠里文化路2段654之11號,25.035563,121.478626
4590,板橋區,新民里巡守崗哨-混合廁,新北市板橋區新民里漢生東路93巷27號旁,25.016763,121.467614
4591,平溪區,薯榔活動中心1F-無障礙廁所,新北市平溪區薯榔里靜安路二段63號,25.02074,121.71541
4592,林口區,仁愛市民活動中心2F-男廁,新北市林口區仁愛里文化一路1段137號,25.071906,121.373834
4593,林口區,仁愛市民活動中心2F-女廁,新北市林口區仁愛里文化一路1段137號,25.071906,121.373834
4594,三峽區,藍染公園-混合廁所,新北市三峽區三峽里仁愛街47號,24.932797,121.368647
4595,蘆洲區,麥當勞蘆洲長榮店-男廁,新北市蘆洲區正義里長榮路376-378號,25.087312,121.459973
4596,蘆洲區,溪墘湧蓮市民活動中心3F-女廁,新北市蘆洲區溪墘里信義路65號,25.079593,121.47655
4597,蘆洲區,得仁市民活動中心6F-男廁,新北市蘆洲區得仁里中山一路415號,25.076715,121.46888
4598,鶯歌區,東鶯里活動中心2F-男廁,新北市鶯歌區東鶯里文化路215號,24.953499,121.354657
4599,樹林區,南樹林站-男廁,新北市樹林區東山里中山路二段230號,24.977818,121.404917
4600,萬里區,薆悅酒店野柳渡假館-1F女廁,新北市萬里區野柳里港東路162號之2,25.204111,121.6878043
4601,金山區,陽明山天籟渡假酒店1F-男廁,新北市金山區重和里名流路1號,25.20178299,121.5951991
4602,貢寮區,仁里里活動中心-男廁,新北市貢寮區仁里里仁義街8號,25.0520758,121.9237084
4603,烏來區,烏來泰雅民族博物館B1-男廁,新北市烏來區烏來里烏來街12號,24.863927,121.551704
4604,烏來區,烏來泰雅民族博物館1F-性別友善廁所,新北市烏來區烏來里烏來街12號,24.863927,121.551704
4605,烏來區,烏來泰雅民族博物館3F-女廁,新北市烏來區烏來里烏來街12號,24.864309,121.551704
4606,鶯歌區,鶯歌陶瓷博物館B1-男廁,新北市鶯歌區南靖里文化路200號,24.94957515,121.352427
4607,鶯歌區,鶯歌陶瓷博物館2F-男廁,新北市鶯歌區南靖里文化路200號,24.9494876,121.3522768
4608,瑞芳區,鼻頭漁港公園-女廁,新北市瑞芳區鼻頭里無,25.1253708,121.915598
4609,瑞芳區,昇平戲院-女廁,新北市瑞芳區崇文里輕便路137號,25.10868,121.84361
4610,林口區,昕境廣場林口店4F-親子廁所,新北市林口區南勢里文化三路1段402巷2號,25.074034,121.36877
4611,林口區,昕境廣場林口店4F-無障礙廁所,新北市林口區南勢里文化三路1段402巷2號,25.074034,121.36877
4612,新莊區,麥當勞新莊中平店-無障礙廁所,新北市新莊區中原里中平路346號,25.052982,121.44479
4613,淡水區,家樂福淡新店2F-無障礙廁所,新北市淡水區崁頂里中山北路2段383號,25.188175,121.443601
4614,三峽區,統一超商天下門市-混合廁所,新北市三峽區安溪里中正路1段106號,24.92959,121.373983
4615,三峽區,統一超商新峽門市-混合廁所,新北市三峽區八張里民權街184號,24.92966257,121.3677449
4616,三重區,厚德市民活動中心1F-混合廁所,新北市三重區厚德里三和路三段170巷49號,25.07273,121.490812
4617,新店區,福民活動中心-男廁,新北市新店區福民里福園街8巷1號,24.97308665,121.5331515
4618,貢寮區,龍門運動公園1-混合廁所,新北市貢寮區龍門里無,25.02970118,121.9287134
4619,鶯歌區,新北市鶯歌衛生所3F-混合廁所,新北市鶯歌區南靖里文化路389號,24.950565,121.352461
4620,雙溪區,雙溪兒童公園公廁-男廁,新北市雙溪區共和里兒童公園,25.03258205,121.8675399
4621,永和區,仁愛公園(仁愛路)-無障礙廁所,新北市永和區保安里仁愛路244號,25.01138833,121.5062892
4622,新店區,安康森林公園公廁2-男廁,新北市新店區德安里安康路2段151號旁,24.956348,121.504371
4623,新店區,安康森林公園公廁2-女廁,新北市新店區德安里安康路2段151號旁,24.956348,121.504371
4624,貢寮區,仁里里活動中心-女廁,新北市貢寮區仁里里仁義街8號,25.0520758,121.9237084
4625,板橋區,高鐵板橋站入口西區B1-無障礙廁所,新北市板橋區新民里縣民大道二段7號,25.014155,121.463803
4626,金山區,北觀處金山遊客中心-無障礙,新北市金山區磺港里磺港路171-2號,25.223219,121.64453
4627,新莊區,新莊體育場北邊-男廁,新北市新莊區立德里和興街66號,25.0405,121.451989
4628,板橋區,捷運新埔站B1-親子廁所,新北市板橋區華江里民生路3段2號,25.02326488,121.4681567
4629,貢寮區,中油濱海西加油站-無障礙廁所,新北市貢寮區福連里香蘭街36號,25.0106582,121.9888239
4630,板橋區,市民廣場地下停車場B1-男廁,新北市板橋區福丘里中山路一段143號,25.0129097,121.4652517
4631,汐止區,國軍示範公墓服務大樓1F-無障礙廁所,新北市汐止區烘內里汐萬路三段500號,25.135576,121.61585
4632,汐止區,國軍示範公墓服務大樓1F-親子廁所,新北市汐止區烘內里汐萬路三段500號,25.135576,121.61585
4633,汐止區,國軍示範公墓忠靈殿3F-無障礙廁所,新北市汐止區烘內里汐萬路三段500號,25.135576,121.61585
4634,蘆洲區,捷運蘆洲站B1-站內多功能廁所,新北市蘆洲區保新里三民路386號,25.091554,121.464471
4635,鶯歌區,鳳鳴公園(近鳳鳴路)-無障礙廁所,新北市鶯歌區鳳鳴里無,24.96741187,121.3351911
4636,金山區,金山老人藝文活動中心2F-女廁,新北市金山區金美里中山路257號,25.22211305,121.6368538
4637,金山區,台大醫院金山分院急診室-女廁,新北市金山區五湖里五湖里玉爐路7號,25.219722,121.628452
4638,中和區,文元里辦公處1F-混合廁所,新北市中和區文元里員山路132巷24號,24.996207,121.482375
4639,蘆洲區,永安老人活動中心-男廁,新北市蘆洲區延平里永安南路二段134號,25.078679,121.462692
4640,蘆洲區,集善宮-混合廁所,新北市蘆洲區光華里光華路46巷21弄1號,25.08317,121.468583
4641,淡水區,學府里辦公室-混合廁所,新北市淡水區學府里英專路212號,25.173044,121.449415
4642,五股區,新北市勞工活動中心3F-男廁,新北市五股區興珍里五工六路9號,25.06146,121.450801
4643,五股區,新北市勞工活動中心4F-男廁,新北市五股區興珍里五工六路9號,25.06146,121.450801
4644,新莊區,新泰綜合醫院1F-女廁,新北市新莊區西盛里新樹路176號,25.021455,121.434326
4645,林口區,林口東勢閱覽室2F-女廁,新北市林口區東勢里麗園一街35號,25.06863,121.3774
4646,樹林區,彭厝市民活動中心4F-男廁,新北市樹林區彭福里國凱街65號,24.97993,121.422168
4647,萬里區,龜吼保民宮-男廁,新北市萬里區龜吼里鼓亭路14號,25.18944724,121.6834223
4648,雙溪區,上林荷花園-女廁,新北市雙溪區上林里內平林120之10號斜對面,25.03011,121.829191
4649,泰山區,泰山戶政事務所4F南側-無障礙廁所,新北市泰山區全興里全興路212號,25.05627,121.433837
4650,萬里區,龜吼停車場-男廁,新北市萬里區龜吼里漁澳路86-1號,25.19602948,121.6866303
4651,蘆洲區,溪墘湧蓮市民活動中心2F-無障礙廁所,新北市蘆洲區溪墘里信義路65號,25.079593,121.47655
4652,蘆洲區,得仁市民活動中心6F-無障礙廁所,新北市蘆洲區得仁里中山一路415號,25.076715,121.46888
4653,蘆洲區,李氏古厝-男廁,新北市蘆洲區中原里中正路243巷19號,25.085375,121.466655
4654,蘆洲區,李氏古厝-女廁,新北市蘆洲區中原里中正路243巷19號,25.085375,121.466655
4655,石門區,風箏公園-男廁,新北市石門區山溪里大溪墘2-1號斜對面,25.29024851,121.5487862
4656,石門區,風箏公園-女廁,新北市石門區山溪里大溪墘2-1號斜對面,25.29025336,121.5487754
4657,金山區,南屏公廁-女廁,新北市金山區磺港里磺港路盡頭,25.23097994,121.6487789
4658,三重區,河濱公園萬姓宮旁-混合廁所,新北市三重區富貴里河濱公園旁,25.0883,121.495103
4659,三重區,河濱公園萬姓宮旁-無障礙廁所,新北市三重區富貴里河濱公園旁,25.0883,121.495103
4660,板橋區,市民廣場地下停車場B1-女廁,新北市板橋區福丘里中山路一段143號,25.01312869,121.4652193
4661,土城區,中油土城廣福路加油站1F-女廁,新北市土城區瑞興里四川路１號,24.996041,121.455928
4662,新店區,磺窟福德宮B1-混合廁所,新北市新店區塗潭里新潭路2段62巷11弄,24.927225,121.525929
4663,蘆洲區,三民公園-無障礙廁所,新北市蘆洲區南港里三民路611號,25.093883,121.459974
4664,蘆洲區,尼加拉瓜公園-無障礙廁所,新北市蘆洲區仁義里集賢路269巷旁,25.08367,121.481666
4665,蘆洲區,長安市民活動中心4F-男廁,新北市蘆洲區忠義里長安街96號,25.080733,121.46194
4666,新莊區,新泰市民活動中心2F-男廁,新北市新莊區忠孝里建中街116巷3弄2號,25.037213,121.445394
4667,新店區,二叭子植物園公廁4-女廁,新北市新店區雙城里公廁1 旁邊的路上去,24.950073,121.489994
4668,雙溪區,雙溪兒童公園公廁-無障礙廁所,新北市雙溪區共和里兒童公園,25.032549,121.8675506
4669,三芝區,三芝興華驛站-男廁,新北市三芝區興華里無,25.20466449,121.5013298
4670,板橋區,新北市政府6F西側-女廁,新北市板橋區福丘里中山路一段143號,25.012081,121.465624
4671,三峽區,三峽老街景觀公廁1-性別友善廁所,新北市三峽區三峽里民權街36號,24.933962,121.369699
4672,三峽區,三峽老街景觀公廁2-女廁,新北市三峽區三峽里民權街36號,24.933962,121.369699
4673,新店區,漢堡王七張店-男廁,新北市新店區忠誠里北新路2段83號,24.973952,121.54274
4674,新莊區,黃愚市民活動中心2F-女廁,新北市新莊區中信里中信街74號,25.052451,121.448257
4675,三峽區,添福市民活動中心-混合廁所,新北市三峽區添福里添福57號,24.904028,121.375404
4676,貢寮區,貢寮市民活動中心公廁-男廁,新北市貢寮區貢寮里朝陽街18-2號,25.019561,121.907432
4677,淡水區,興仁里活動中心-混合廁所,新北市淡水區興仁里興仁路95號,25.217837,121.451582
4678,深坑區,昇高社區發展協會1F-混合廁所,新北市深坑區昇高里旺耽路25號,25.00540093,121.628834
4679,深坑區,萬福里大坑路-混合廁所,新北市深坑區萬福里無,25.01219143,121.6041899
4680,板橋區,埔墘第1市民活動中心2F-女廁,新北市板橋區埔墘里光復街2號,25.019317,121.4811
4681,蘆洲區,鷺江公有停車場-男廁,新北市蘆洲區鷺江里民權路26號,25.086032,121.476683
4682,鶯歌區,統一超商鶯歌二甲門市-男女廁,新北市鶯歌區二橋里中正三路167號,24.939969,121.336527
4683,萬里區,薆悅酒店野柳渡假館-1F男廁,新北市萬里區野柳里港東路162號之2,25.204111,121.6878043
4684,萬里區,薆悅酒店野柳渡假館-1F無障礙廁所,新北市萬里區野柳里港東路162號之2,25.204111,121.6878043
4685,貢寮區,龍崗里戲棚旁-混合廁所,新北市貢寮區龍崗里無,24.9861957,121.9073937
4686,八里區,台亞八里加油站-女廁,新北市八里區荖阡里中華路二段381號,25.143829,121.398094
4687,土城區,中油中央路加油站1F-男廁,新北市土城區大安里中央路3段83號,24.96811296,121.4383605
4688,蘆洲區,三蘆公園-無障礙廁所,新北市蘆洲區玉清里永安北路76巷底,25.084616,121.483781
4689,汐止區,國軍示範公墓忠靈殿3F-男廁,新北市汐止區烘內里汐萬路三段500號,25.135576,121.61585
4690,林口區,麗園市民活動中心2F-女廁,新北市林口區麗園里忠孝路569巷17號,25.06912,121.37347
4691,林口區,湖南市民活動中心-男廁,新北市林口區湖南里民權路165號,25.0844,121.37416
4692,金山區,老街口停車場-男廁,新北市金山區美田里文化二路2號旁,25.223766,121.637538
4693,金山區,老街口停車場-女廁,新北市金山區美田里文化二路2號旁,25.223766,121.637538
4694,金山區,金山老人藝文活動中心2F-男廁,新北市金山區金美里中山路257號,25.22211952,121.6368699
4695,烏來區,烏來泰雅民族博物館B1-女廁,新北市烏來區烏來里烏來街12號,24.863927,121.551704
4696,金山區,台大醫院金山分院門診區2F-男廁,新北市金山區五湖里玉爐路7號,25.219722,121.628452
4697,八里區,十三行博物館北南側2-1F-男廁,新北市八里區頂罟里博物館路200號,25.156842,121.405074
4698,鶯歌區,鶯歌陶瓷博物館B2-男廁,新北市鶯歌區南靖里文化路200號,24.94944869,121.3524914
4699,鶯歌區,鶯歌陶瓷博物館B2-女廁,新北市鶯歌區南靖里文化路200號,24.94956542,121.3524485
4700,鶯歌區,鶯歌陶瓷博物館2F-無障礙廁所,新北市鶯歌區南靖里文化路200號,24.94956542,121.3524056
4701,鶯歌區,鶯歌陶瓷博物館3F-女廁,新北市鶯歌區南靖里文化路200號,24.94960433,121.3523626
4702,石門區,北觀處白沙灣-男廁,新北市石門區德茂里下員坑33-6號,25.28371987,121.5196681
4703,瑞芳區,瑞芳區金瓜石地質公園-親子廁所,新北市瑞芳區瓜山里瑞芳區金瓜石地質公園,25.10098,121.85451
4704,新莊區,青年公園1-混合廁所,新北市新莊區丹鳳里壽山路,25.028903,121.42088
4705,新莊區,青年公園1-無障礙廁所,新北市新莊區丹鳳里壽山路,25.028903,121.42088
4706,石門區,風車公園-無障礙廁所,新北市石門區尖鹿里無,25.292931,121.58414
4707,板橋區,肯德基板橋中山二店-混合廁所,新北市板橋區福丘里中山路一段65號,25.009667,121.461108
4708,土城區,中油土城廣福路加油站1F-無障礙廁所,新北市土城區瑞興里四川路１號,24.996041,121.455928
4709,八里區,挖子尾自然保留區-混合廁所1,新北市八里區埤頭里無,25.163304,121.41648
4710,新店區,漢堡王七張店-女廁,新北市新店區忠誠里北新路2段83號,24.973952,121.54274
4711,林口區,環球購物中心林口A9店2F-男廁,新北市林口區南勢里文化三路1段2號,25.066148,121.361399
4712,雙溪區,泰平市民活動中心1F-女廁,新北市雙溪區泰平里溪尾寮46號,24.967448,121.82135
4713,永和區,頂溪國小地下停車場(文化路135巷)B1-男廁,新北市永和區文化里文化路133號,25.015162,121.510584
4714,板橋區,柏壽公園-男廁,新北市板橋區留侯里西門街69號,25.008878,121.454394
4715,板橋區,柏壽公園-女廁,新北市板橋區留侯里西門街69號,25.008878,121.454394
4716,板橋區,柏壽公園-無障礙廁所,新北市板橋區留侯里西門街69號,25.008878,121.454394
4717,新莊區,黃愚市民活動中心2F-男廁,新北市新莊區中信里中信街74號,25.052451,121.448257
4718,新莊區,新北市立圖書館中港分館5F-男廁,新北市新莊區中華里中港路350號,25.046313,121.451967
4719,金山區,福德宮-男女廁 (下六股福德宮),新北市金山區六股里三界壇路111巷往賴家兄弟地瓜田路上,25.2250887,121.6167748
4720,萬里區,下社老人活動中心-女廁,新北市萬里區大鵬里下社33之3號旁,25.216928,121.649768
4721,三峽區,三峽區公有零售市場4F-男廁,新北市三峽區永館里民生街186號,24.934932,121.370673
4722,三峽區,五寮市民活動中心-混合廁所,新北市三峽區五寮里五寮詩朗路,24.856662,121.359511
4723,三峽區,五寮市民活動中心-女廁,新北市三峽區五寮里五寮詩朗路,24.856662,121.359511
4724,鶯歌區,鶯歌陶瓷博物館B1-女廁,新北市鶯歌區南靖里文化路200號,24.94968215,121.3525021
4725,鶯歌區,鶯歌陶瓷博物館2F-女廁,新北市鶯歌區南靖里文化路200號2F,24.94956542,121.3524056
4726,鶯歌區,鶯歌陶瓷博物館3F-男廁,新北市鶯歌區南靖里文化路200號,24.94964324,121.3524914
4727,瑞芳區,昇平戲院-親子廁所,新北市瑞芳區崇文里輕便路137號,25.10868,121.84361
4728,蘆洲區,蘆洲仁愛市民活動中心-男廁,新北市蘆洲區水湳里民權路143號,25.09076,121.471424
4729,蘆洲區,蘆洲仁愛停車場5F-無障礙廁所,新北市蘆洲區水湳里民權路143號,25.09076,121.471424
4730,蘆洲區,蘆洲仁愛智慧圖書館2F-女廁,新北市蘆洲區水湳里民權路143號,25.09076,121.471424
4731,三峽區,龍學龍恩市民活動中心4F-女廁,新北市三峽區龍學里學成路388號,24.944196,121.377771
4732,三峽區,八張市民活動中心-混合廁所,新北市三峽區八張里民族街120號,24.928855,121.369291
4733,三峽區,長福宮-男廁,新北市三峽區成福里成福路250號,24.923414,121.427649
4734,深坑區,萬順社區發展協會1F-混合廁所,新北市深坑區萬順里北深路三段107巷26號,25.000742,121.604245
4735,鶯歌區,大湖市民活動中心-混合廁所,新北市鶯歌區大湖里明圓街43號,24.977633,121.33669
4736,板橋區,埔墘第1市民活動中心2F-男廁,新北市板橋區埔墘里光復街2號,25.019317,121.4811
4737,八里區,八里區下罟里銀髮俱樂部-混合廁所,新北市八里區下罟里中山路三段175號,25.140899,121.384467
4738,石門區,北觀處白沙灣-女廁,新北市石門區德茂里下員坑33-6號,25.28374897,121.5196735
4739,石門區,風箏公園-無障礙廁所,新北市石門區山溪里大溪墘2-1號斜對面,25.2901418,121.548872
4740,蘆洲區,李氏古厝-無障礙廁所,新北市蘆洲區中原里中正路243巷19號,25.085375,121.466655
4741,蘆洲區,蘆洲仁愛市民活動中心-女廁,新北市蘆洲區水湳里民權路143號,25.09076,121.471424
4742,蘆洲區,蘆洲仁愛智慧圖書館2F-男廁,新北市蘆洲區水湳里民權路143號,25.09076,121.471424
4743,蘆洲區,蘆洲仁愛智慧圖書館2F-無障礙廁所,新北市蘆洲區水湳里民權路143號,25.09076,121.471424
4744,金山區,南屏公廁-男廁,新北市金山區磺港里磺港路盡頭,25.23097994,121.6487682
4745,八里區,挖子尾自然保留區-混合廁所2,新北市八里區埤頭里無,25.163304,121.41648
4746,板橋區,溪洲公園-無障礙廁所,新北市板橋區溪洲里溪崑二街113號,24.98703049,121.4256277
4747,中和區,仁和里辦公處1F-混合廁所,新北市中和區仁和里連城路469巷7弄2號,24.99574833,121.4836643
4748,平溪區,平溪十分全家-混合廁所,新北市平溪區十分里靜安路三段331號,25.04697613,121.7809088
4749,蘆洲區,護天宮-男廁,新北市蘆洲區復興里復興路227巷26號,25.09152506,121.4805529
4750,蘆洲區,護天宮-女廁,新北市蘆洲區復興里復興路227巷26號,25.09148522,121.4807053
4751,新店區,新和活動中心5F-女廁,新北市新店區新和里新和街109號,24.9868924,121.5217109
4752,三重區,三重空軍一村2F-女廁,新北市三重區光輝里正義南路86巷10號,25.05772831,121.4992061
4753,板橋區,港德里辦公處-混合廁,新北市板橋區港德里中正路250巷23號,25.01942877,121.4566314
4754,五股區,德泰市民活動中心1F-混合廁所,新北市五股區德泰里成泰路1段8巷,25.067187,121.434187
4755,汐止區,宏國大鎮閱覽室-混合廁所,新北市汐止區智慧里大同路二段285號,25.064139,121.6511
4756,樹林區,興仁花園夜市3號公廁-混合廁所,新北市樹林區金寮里保安街2段70號,25.002448,121.417262
4757,樹林區,統一超商樹安門市-混合廁所,新北市樹林區樹人里大安路530號,24.988643,121.415089
4758,三重區,桃園捷運A2三重站3F-女廁,新北市三重區福祉里捷運路36號,25.055286,121.484101
4759,新莊區,桃園捷運A4新莊副都心站4F站內-多功能廁所,新北市新莊區中原里新北大道四段188號,25.059391,121.44596
4760,泰山區,桃園捷運A5泰山站4F-女廁,新北市泰山區義仁里新北大道4段431號,25.053113,121.439576
4761,永和區,永福橋旁自來水水管橋下公廁-女廁,新北市永和區福林里無,25.008621,121.524272
4762,瑞芳區,深澳里市民活動中心-混合廁所,新北市瑞芳區深澳里深澳路67-1號,25.130072,121.818129
4763,板橋區,流芳里辦公室-混合廁所,新北市板橋區流芳里大東街26號,25.009019,121.456495
4764,五股區,五股市民活動中心3F-混合廁所,新北市五股區民義里工商路127號,25.086096,121.435608
4765,中和區,力行里集會所-混合廁所,新北市中和區力行里板南路與圓通路交叉口,24.99461549,121.4972706
4766,淡水區,新義里活動中心5F-男廁,新北市淡水區新義里大義街18號,25.178396,121.443054
4767,蘆洲區,九芎里辦公處-混合廁所,新北市蘆洲區九芎里長安街22巷35號,25.0801,121.464776
4768,樹林區,圳安里民集會所-混合廁所,新北市樹林區圳安里俊英街98-1號,25.005208,121.42803
4769,八里區,八里渡船頭-混合廁所1,新北市八里區米倉里無,25.15743,121.43649
4770,五股區,五股濕地-混合廁所,新北市五股區成德里五股溼地區停車場前,25.09835,121.4575
4771,新店區,新店高中停車場B1-男廁,新北市新店區福民里三民路161號,24.97533312,121.5320792
4772,八里區,八里水興公遊戲區-混合廁所1,新北市八里區大崁里無,25.162051,121.425627
4773,八里區,八里文化公園-混合廁所2,新北市八里區埤頭里無,25.163299,121.412702
4774,瑞芳區,瑞芳區金瓜石地質公園-混合廁所,新北市瑞芳區瓜山里瑞芳區金瓜石地質公園,25.10098,121.85451
4775,新莊區,青年公園2-女廁,新北市新莊區丹鳳里壽山路,25.037342,121.409756
4776,三重區,三重空軍一村1F-無障礙廁所,新北市三重區光輝里正義南路86巷10號,25.05773317,121.4992243
4777,新店區,日興市民活動中心3F-女廁,新北市新店區日興里安康路3段580號,24.94879985,121.4811902
4778,新店區,日興市民活動中心3F-無障礙廁所,新北市新店區日興里安康路3段580號,24.94875511,121.4811988
4779,三重區,台灣基督長老三重埔教會B1-女廁,新北市三重區中央里自強路一段65號,25.06720523,121.4976262
4780,平溪區,菁桐市民活動中心-男廁,新北市平溪區菁桐里菁桐街65之1號,25.02360652,121.726137
4781,鶯歌區,鶯歌區二橋里活動中心-無障礙廁所,新北市鶯歌區二橋里中正三路337號,24.935039,121.327682
4782,五股區,貿商社區活動中心1F-女廁,新北市五股區貿商里登林路貿商巷8弄10號,25.07090785,121.4312335
4783,泰山區,桃園捷運A5泰山站4F-親子廁所,新北市泰山區義仁里新北大道4段431號,25.053113,121.439576
4784,三峽區,新北市立圖書館三峽北大分館3F-無障礙廁所,新北市三峽區龍學里學成路388號,24.944196,121.377771
4785,三重區,力行地下停車場B1-女廁,新北市三重區永福里永福街10巷8號,25.077788,121.482897
4786,三重區,力行地下停車場B1-無障礙廁所,新北市三重區永福里永福街10巷8號,25.077788,121.482897
4787,石門區,觀航寺公廁-女廁,新北市石門區德茂里下員坑33-1號,25.283196,121.519115
4788,石門區,尖鹿市民活動中心1F-無障礙廁所,新北市石門區尖鹿里中央路9-3號,25.293308,121.568003
4789,三重區,忠孝橋市民活動中心-性別友善廁所,新北市三重區同安里重安街160之1號,25.05478,121.495959
4790,蘆洲區,成蘆橋下-混合廁所1,新北市蘆洲區正義里五股區疏洪四路（成蘆橋下柱p25旁）,25.09704,121.45846
4791,新店區,新店高中停車場B1-女廁,新北市新店區福民里三民路161號,24.97530589,121.5321093
4792,八里區,八里水興公遊戲區-混合廁所2,新北市八里區大崁里無,25.162051,121.425627
4793,八里區,八里水興公遊戲區-無障礙廁所,新北市八里區大崁里無,25.162051,121.425627
4794,八里區,八里文化公園-混合廁所1,新北市八里區埤頭里無,25.163299,121.412702
4795,新莊區,青年公園2-男廁,新北市新莊區丹鳳里壽山路,25.037342,121.409756
4796,石門區,風車公園-男廁,新北市石門區尖鹿里無,25.292931,121.58414
4797,五股區,集福市民活動中心1F-男廁,新北市五股區集福里孝義路55巷10號,25.106281,121.452456
4798,泰山區,新北市泰山區義仁里活動中心-混合廁所,新北市泰山區義仁里明志路2段177號,25.05013,121.428012
4799,林口區,林口市立圖書館4F-女廁,新北市林口區南勢里忠孝二路55號,25.069685,121.364089
4800,林口區,林口市立圖書館4F-無障礙廁所,新北市林口區南勢里忠孝二路55號,25.069685,121.364089
4801,林口區,桃園捷運A9林口站3F-無障礙廁所,新北市林口區南勢里八德路290號,25.06593,121.361471
4802,新莊區,新莊區公所6F-女廁,新北市新莊區興漢里中正路176號,25.035834,121.450558
4803,石門區,尖鹿市民活動中心1F-男廁,新北市石門區石門里中央路9-3號,25.292022,121.566842
4804,鶯歌區,鶯歌區休閒活動中心(羽球館)廁所-男廁,新北市鶯歌區西鶯里中山路138巷5-1號,24.95839,121.349771
4805,三重區,正安市民活動中心4F-混合廁所,新北市三重區正義里大智街45-2號,25.066603,121.49344
4806,新店區,雙城市民活動中心5F-無障礙廁所,新北市新店區雙城里安康路3段2號,24.953824,121.493742
4807,中和區,環狀線秀朗橋站4F-女廁,新北市中和區秀景里景平路2號,24.990511,121.525188
4808,中和區,環狀線中和站1F-女廁,新北市中和區連和里中山路2段271號,25.002227,121.49651
4809,板橋區,環狀線板新站2F-親子廁所,新北市板橋區長安里板新路109號,25.01424,121.472455
4810,板橋區,環狀線板橋站3F-女廁,新北市板橋區新民里新站路66號,25.014973,121.46529
4811,新莊區,台北捷運環狀線(幸福站)3F站外-多功能廁所,新北市新莊區頭前里思源路292號,25.049945,121.460254
4812,五股區,肯德基五股成泰店2F-混合廁所,新北市五股區五股里成泰路2段113號,25.084638,121.438487
4813,中和區,景安里辦公處2F-混合廁所,新北市中和區景安里景新街212號,24.99519844,121.5070467
4814,新莊區,興化公園-男廁,新北市新莊區福興里五工三路興化國小旁,25.0648614,121.4610758
4815,泰山區,新北市泰山區貴子兒童公園-女廁,新北市泰山區貴子里明志路3段74巷底,25.0418393,121.4238124
4816,雙溪區,共和市民活動中心1F-無障礙廁所,新北市雙溪區共和里中山路41巷6號,25.03216878,121.8662776
4817,板橋區,宏翠里辦公處-混合廁所,新北市板橋區宏翠里長江路一段156巷9弄5號,25.02995041,121.4615366
4818,新店區,日興市民活動中心3F-男廁,新北市新店區日興里安康路3段580號,24.94879523,121.4812004
4819,淡水區,義山里辦公室-混合廁所,新北市淡水區義山里淡金路3段274號,25.20682267,121.4489168
4820,中和區,秀水里辦公處1F-混合廁所,新北市中和區秀水里大仁街10巷33號,24.99247934,121.5194122
4821,樹林區,東昇里-無障礙廁所,新北市樹林區東昇里中山路二段80號,24.98405252,121.4152824
4822,鶯歌區,永昌里活動中心-男廁,新北市鶯歌區永昌里永昌街36-1號,24.950088,121.342658
4823,鶯歌區,永昌里活動中心-女廁,新北市鶯歌區永昌里永昌街36-1號,24.950088,121.342658
4824,新莊區,四維立體停車場-女廁,新北市新莊區四維里四維路95號,25.02376571,121.4235463
4825,八里區,新北考古公園-女廁,新北市八里區頂罟里博物館路200號旁,25.15613934,121.4044597
4826,林口區,林口福滿宮-男廁,新北市林口區嘉寶里寶斗厝38號,25.11779628,121.340282
4827,土城區,斬龍山遺址文化公園1F-女廁,新北市土城區柑林里金城路2段,24.97695864,121.4482194
4828,中和區,景新立體停車場1F-女廁,新北市中和區景本里景新街399巷12號,24.989811,121.512927
4829,板橋區,廣玄宮-混合廁所,新北市板橋區東安里漢生東路193巷97號,25.012163,121.473214
4830,蘆洲區,普庵寺-混合廁所,新北市蘆洲區樓厝里中興街85號,25.088147,121.482244
4831,五股區,五股區衛生所3F-男廁,新北市五股區成功里新城三路11號,25.09406,121.44775
4832,蘆洲區,永安老人活動中心-無障礙廁所,新北市蘆洲區延平里永安南路二段134號,25.078679,121.462692
4833,蘆洲區,水湳活動中心-女廁,新北市蘆洲區水湳里民族路426巷17號,25.092897,121.472915
4834,五股區,新北市勞工活動中心4F-女廁,新北市五股區興珍里五工六路9號,25.06146,121.450801
4835,蘆洲區,福佑宮-女廁,新北市蘆洲區保佑里中正路192巷12號,25.088618,121.467847
4836,石門區,風車公園-女廁,新北市石門區尖鹿里無,25.292931,121.58414
4837,泰山區,KFC泰山明志分公司2F-混合廁所,新北市泰山區同榮里明志路1段326號,25.059058,121.431365
4838,三重區,肯德基正義北路店2F-混合廁所,新北市三重區中央里正義北路139號,25.066692,121.496663
4839,板橋區,肯德基板橋中山二店2F-女廁,新北市板橋區福丘里中山路一段65號,25.009667,121.461108
4840,金山區,新北市金山區豐漁市民活動中心-女廁,新北市金山區豐漁里民生路190號,25.22270236,121.6467018
4841,金山區,新北市金山區豐漁市民活動中心-無障礙,新北市金山區豐漁里民生路190號,25.22278001,121.6467233
4842,蘆洲區,蘆洲區公所1F- 親子廁所,新北市蘆洲區保和里三民路95號,25.0846447,121.4737423
4843,蘆洲區,保新里辦公處- 混合廁所,新北市蘆洲區保新里民族路391號,25.09008022,121.4693965
4844,石門區,老梅市民活動中心1F-無障礙廁所,新北市石門區老梅里老梅路43號,25.289509,121.545329
4845,中和區,內南里集會所1F-混合廁所,新北市中和區內南里興南路2段242巷5號,24.982694,121.502655
4846,泰山區,新北市泰山區貴和市民活動中心-女廁,新北市泰山區貴和里明志路3段365號,25.03487,121.421755
4847,板橋區,特專三停車場旁-男廁,新北市板橋區新民里漢生東路46號旁,25.01639,121.466025
4848,板橋區,特專三停車場旁-女廁,新北市板橋區新民里漢生東路46號旁,25.01639,121.466025
4849,三重區,忠孝橋市民活動中心-無障礙廁所,新北市三重區同安里重安街160之1號,25.05478,121.495959
4850,中和區,景新立體停車場1F-無障礙廁所,新北市中和區景本里景新街399巷12號,24.989811,121.512927
4851,新店區,環狀線十四張站-男廁,新北市新店區中山里民權路282號,24.984655,121.5276
4852,新店區,環狀線十四張站-親子廁所,新北市新店區中山里民權路282號,24.984655,121.5276
4853,三峽區,成福里活動中心B1-混合廁所,新北市三峽區成福里成福路44號,24.929223,121.418933
4854,新店區,環狀線大坪林站-男廁,新北市新店區寶安里北新路3段190號,24.983585,121.541467
4855,新店區,環狀線大坪林站-女廁,新北市新店區寶安里北新路3段190號,24.983585,121.541467
4856,八里區,新北市八里區衛生所1F-無障礙廁所,新北市八里區舊城里舊城路16號,25.147095,121.40006
4857,泰山區,7-11泰山明貴門市-混合廁所所,新北市泰山區貴子里明志路3段44號,25.042445,121.424761
4858,泰山區,泰山區綜合運動場-親子廁所,新北市泰山區同榮里公園路52號,25.054983,121.428349
4859,汐止區,汐止綜合運動場北側-男厠,新北市汐止區秀峰里忠孝東路9號,25.06425484,121.6574712
4860,板橋區,板橋慈惠宮-無障礙廁所,新北市板橋區流芳里南門街8號,25.009143,121.457402
4861,三峽區,新北市客家文化園區停車場B1-女廁,新北市三峽區鳶山里隆恩街239號,24.94184145,121.3605165
4862,三峽區,新北市客家文化園區停車場B1-男廁,新北市三峽區鳶山里隆恩街239號,24.94182199,121.3604522
4863,雙溪區,雙溪兒童公園公廁-女廁,新北市雙溪區共和里兒童公園,25.03254122,121.8675667
4864,新店區,馬公公園體育館-女廁,新北市新店區五峰里北新路1段92號,24.968885,121.543696
4865,新店區,安康森林公園公廁1-男廁,新北市新店區德安里安康路2段151號旁,24.956348,121.504371
4866,新店區,安康森林公園公廁1-女廁,新北市新店區德安里安康路2段151號旁,24.956348,121.504371
4867,新店區,交通公園-無障礙廁所,新北市新店區明德里民族路109號,24.976675,121.538529
4868,泰山區,新北市泰山區貴子兒童公園-男廁,新北市泰山區貴子里明志路3段74巷底,25.041762,121.423951
4869,雙溪區,共和市民活動中心1F-女廁,新北市雙溪區共和里中山路41巷6號,25.03213123,121.8662583
4870,板橋區,華福里銀髮俱樂部-混合廁所,新北市板橋區華福里東興街17號,25.00528012,121.4583818
4871,新店區,美潭里辦公處-混合廁所,新北市新店區美潭里北宜路2段205號,24.95340011,121.5529184
4872,新莊區,裕民市民活動中心2F-男廁,新北市新莊區裕民里中正路新生巷66號,25.022677,121.417299
4873,三重區,台灣基督長老三重埔教會B1-男廁,新北市三重區中央里自強路一段65號,25.06720135,121.4976434
4874,新店區,雙城市民活動中心5F-男廁,新北市新店區雙城里安康路3段2號,24.953824,121.493742
4875,板橋區,仁愛國宅社區活動中心-混合廁所,新北市板橋區仁愛里仁愛路86巷22號對面,24.998698,121.460879
4876,三重區,先嗇宮社教館2F-女廁,新北市三重區谷王里五谷王北街46-1號,25.05010493,121.475843
4877,平溪區,菁桐市民活動中心-女廁,新北市平溪區菁桐里菁桐街65之1號,25.02357249,121.7261907
4878,鶯歌區,鶯歌區尖山里活動中心-無障礙廁所,新北市鶯歌區尖山里尖山路211巷1號,24.94668261,121.3437324
4879,土城區,頂埔市民活動中心1F-男廁,新北市土城區頂埔里中央路4段55-12號,24.95741803,121.4183713
4880,土城區,頂埔市民活動中心1F-女廁,新北市土城區頂埔里中央路4段55-12號,24.95739931,121.418375
4881,蘆洲區,中山立體停車場-男廁,新北市蘆洲區仁復里得勝街107號,25.08341866,121.4730996
4882,林口區,林口運動公園-無障礙廁所,新北市林口區仁愛里仁愛一路與公園路交叉口,25.07390898,121.3739115
4883,樹林區,新北市立圖書館樹林分館-3F男廁,新北市樹林區保安里樹新路40之7號,24.99614,121.42852
4884,樹林區,新北市立圖書館樹林分館-4F男廁,新北市樹林區保安里樹新路40之7號,24.99614,121.42852
4885,土城區,新北市立土城醫院B1餐飲區-男廁,新北市土城區埤塘里金城路二段6號,24.976437,121.44873
4886,土城區,新北市立土城醫院1F醫事櫃台旁-男廁,新北市土城區埤塘里金城路二段6號,24.976437,121.44873
4887,土城區,新北市立土城醫院1F醫事櫃台旁-親子廁所,新北市土城區埤塘里金城路二段6號,24.976437,121.44873
4888,三重區,二重埔市民活動中心1F-男廁,新北市三重區二重里疏洪東路二段131號,25.0665524,121.4754438
4889,石碇區,五坑土地公廟1F-混合廁所,新北市石碇區光明里無,25.022926,121.695203
4890,三峽區,竹崙里市民活動中心-男女混和廁,新北市三峽區竹崙里竹崙路146號,24.909681,121.43476
4891,五股區,五股區衛生所3F-女廁,新北市五股區成功里五股區衛生所3F-女廁 新城三路11號,25.09406,121.44775
4892,中和區,國光里辦公處1F-混合廁所,新北市中和區國光里民德路25巷10號,25.002738,121.469519
4893,蘆洲區,永安老人活動中心-女廁,新北市蘆洲區延平里永安南路二段134號,25.078679,121.462692
4894,五股區,新北市勞工活動中心1F-男廁,新北市五股區興珍里五工六路9號,25.06146,121.450801
4895,五股區,新北市勞工活動中心1F-女廁,新北市五股區興珍里五工六路9號,25.06146,121.450801
4896,萬里區,北部展示館-2F女廁,新北市萬里區野柳里八斗子60號,25.20665085,121.6589069
4897,新莊區,新泰綜合醫院2F-男廁,新北市新莊區西盛里新樹路176號,25.021455,121.434326
4898,新莊區,新泰綜合醫院2F-女廁,新北市新莊區西盛里新樹路176號,25.021455,121.434326
4899,新莊區,新泰綜合醫院2F-無障礙廁所,新北市新莊區西盛里新樹路176號,25.021455,121.434326
4900,新莊區,新泰綜合醫院3F-男廁,新北市新莊區西盛里新樹路176號,25.021455,121.434326
4901,汐止區,國軍示範公墓服務大樓1F-女廁,新北市汐止區烘內里汐萬路三段500號,25.135576,121.61585
4902,汐止區,國軍示範公墓忠靈殿2F-男廁,新北市汐止區烘內里汐萬路三段500號,25.135576,121.61585
4903,汐止區,國軍示範公墓忠靈殿2F-女廁,新北市汐止區烘內里汐萬路三段500號,25.135576,121.61585
4904,新店區,雙城市民活動中心5F-女廁,新北市新店區雙城里安康路3段2號,24.953824,121.493742
4905,平溪區,菁桐市民活動中心-無障礙廁所,新北市平溪區菁桐里菁桐街65之1號,25.02358088,121.7261778
4906,鶯歌區,鶯歌區二橋里活動中心-男廁,新北市鶯歌區二橋里中正三路337號,24.935039,121.327682
4907,土城區,頂埔市民活動中心1F-無障礙廁所,新北市土城區頂埔里中央路4段55-12號,24.95740855,121.418375
4908,板橋區,文翠里辦公室-混合廁所,新北市板橋區文翠里文聖街11巷10號,25.03256188,121.4758242
4909,永和區,後溪里辦公處-混合廁所,新北市永和區後溪里信義路25巷30弄3號,25.0117657,121.5125903
4910,三重區,港漧公園-無障礙廁所,新北市三重區福利里福德南路152號旁,25.05811828,121.5006491
4911,三芝區,三芝興華驛站-無障礙廁所,新北市三芝區興華里無,25.20362095,121.5013218
4912,板橋區,中油民族加油站-混合廁所,新北市板橋區深丘里民族路90號,25.009155,121.463426
4913,林口區,環球購物中心林口A9店2F-無障礙廁所,新北市林口區南勢里文化三路1段2號,25.066148,121.361399
4914,三重區,中油重陽加油站-無障礙廁所,新北市三重區尚德里忠孝路1段1號,25.071831,121.492563
4915,八里區,新北市八里區行政中心2F-男廁,新北市八里區頂罟里八里大道18號,25.15390865,121.4041293
4916,八里區,新北市八里區行政中心2F-女廁,新北市八里區頂罟里八里大道18號,25.15375,121.40423
4917,永和區,永和保生圖書館5F-男廁,新北市永和區新生里新生路218號,25.012968,121.50523
4918,三重區,二重埔閱覽室2F-男廁,新北市三重區博愛里疏洪東路二段131號,25.067769,121.475896
4919,坪林區,新北市坪林茶業博物館B1-男廁,新北市坪林區水德里水聳淒坑19-1號,24.934335,121.712761
4920,三重區,雙園里里辦公室-混合廁所,新北市三重區雙園里雙園街10-2號,25.068118,121.497607
4921,汐止區,自強市民活動中心2F-混合廁所,新北市汐止區自強里新興路54號,25.062916,121.657174
4922,板橋區,麥當勞板橋中山店2F-女廁,新北市板橋區光仁里中山路二段253號,25.01765,121.477368
4923,瑞芳區,龍山里福德宮-混合廁所,新北市瑞芳區龍山里逢甲路350之1號,25.11226,121.80132
4924,深坑區,深坑區公所2F-性別友善廁所,新北市深坑區深坑里深坑街10號,25.002523,121.615966
4925,板橋區,高鐵板橋站入口西區B1-親子廁所,新北市板橋區新民里縣民大道二段7號,25.01457249,121.4636099
4926,五股區,新北市勞工活動中心5F-男廁,新北市五股區興珍里五工六路9號,25.06146,121.450801
4927,五股區,新北市勞工活動中心6F-男廁,新北市五股區興珍里五工六路9號,25.06146,121.450801
4928,中和區,瓦磘里辦公處1F-混合廁所,新北市中和區瓦磘里中山路2段3巷22弄32號,25.00429,121.505702
4929,淡水區,草東里公明街-男廁,新北市淡水區草東里公明街37巷1號,25.169187,121.443283
4930,淡水區,草東里公明街-女廁,新北市淡水區草東里公明街37巷1號,25.169187,121.443283
4931,新莊區,新泰綜合醫院1F-無障礙廁所,新北市新莊區西盛里新樹路176號,25.021455,121.434326
4932,林口區,林口東勢閱覽室2F-無障礙廁所,新北市林口區東勢里麗園一街35號,25.06863,121.3774
4933,三重區,南聖宮辦公室-男廁,新北市三重區國隆里大同北路132巷6號,25.06488412,121.4924485
4934,八里區,新北考古公園-無障礙廁所,新北市八里區頂罟里博物館路200號旁,25.15601989,121.4044404
4935,汐止區,汐止綜合運動場北側-女廁,新北市汐止區秀峰里忠孝東路9號,25.06426837,121.6575051
4936,新店區,二叭子植物園公廁1-女廁,新北市新店區雙城里雙城路279號,24.950073,121.489994
4937,三芝區,三芝興華驛站-女廁,新北市三芝區興華里無,25.20361124,121.501236
4938,三峽區,三峽老街景觀公廁2-男廁,新北市三峽區三峽里民權街36號,24.933962,121.369699
4939,林口區,環球購物中心林口A9店2F-女廁,新北市林口區南勢里文化三路1段2號,25.066148,121.361399
4940,蘆洲區,中山立體停車場-女廁,新北市蘆洲區仁復里得勝街107號,25.08343081,121.4730991
4941,三重區,南聖宮辦公室-女廁,新北市三重區國隆里大同北路132巷6號,25.0648908,121.4923804
4942,新莊區,四維立體停車場-男廁,新北市新莊區四維里四維路95號,25.02372099,121.4235227
4943,中和區,員富里辦公處1F-混合廁所,新北市中和區員富里員山路530號,25.01045203,121.4787762
4944,深坑區,尾坑福德宮-混合廁所,新北市深坑區萬福里萬福路16巷26-1號,25.00747196,121.6048765
4945,土城區,斬龍山遺址文化公園1F-男廁,新北市土城區柑林里金城路2段,24.97702186,121.4483535
4946,汐止區,汐止綜合運動場南側-無障礙廁所,新北市汐止區秀峰里忠孝東路9號,25.06429092,121.6575929
4947,板橋區,板橋慈惠宮-女廁,新北市板橋區流芳里南門街8號,25.00939905,121.4574462
4948,林口區,南勢市民活動中心1F-男廁,新北市林口區南勢里南勢二街154號,25.07379,121.35903
4949,瑞芳區,龍安里辦公處-混合廁所,新北市瑞芳區龍安里瑞芳街50號,25.10985,121.80592
4950,金山區,台大醫院金山分院1F-男廁,新北市金山區五湖里玉爐路7號,25.219722,121.628452
4951,金山區,台大醫院金山分院1F-無障礙廁所,新北市金山區五湖里玉爐路7號,25.219722,121.628452
4952,瑞芳區,吉安里市民活動中心-混合廁所,新北市瑞芳區吉安里大埔路20號23巷之1號,25.10153,121.76428
4953,八里區,十三行博物館西東側2F-男廁,新北市八里區頂罟里博物館路200號,25.156842,121.405074
4954,烏來區,烏來泰雅民族博物館2F-男廁,新北市烏來區烏來里烏來街12號,24.863927,121.551704
4955,林口區,環球購物中心林口A9店3F-女廁,新北市林口區南勢里文化三路1段2號,25.066148,121.361399
4956,板橋區,板橋公車站B1-無障礙廁所,新北市板橋區新民里板橋區縣民大道二段7號,25.014331,121.463636
4957,泰山區,義學立體停車場-3F女廁,新北市泰山區義學里明志路2段188號,25.05006,121.427391
4958,永和區,頂溪國小地下停車場(文化路135巷)B1-無障礙廁所,新北市永和區文化里文化路133號,25.015162,121.510584
4959,淡水區,淡水藝術工坊-無障礙廁所,新北市淡水區新生里中正路298號,25.172268,121.437424
4960,三重區,福樂里里辦公室-混合廁所,新北市三重區福樂里三和路四段125巷59號,25.078405,121.486936
4961,平溪區,十分社區-女廁,新北市平溪區十分里十分老街停車場旁邊,25.04193,121.775806
4962,淡水區,將捷金鬱金香酒店-女廁,新北市淡水區油車里中正路1段2號,25.17645647,121.4296317
4963,三重區,二重公園地下停車場B1-無障礙廁所,新北市三重區二重里疏洪東路二段131號,25.06659614,121.4746875
4964,三重區,光興國小地下停車場B1-無障礙廁所,新北市三重區光輝里正義南路62號,25.058881,121.498908
4965,淡水區,捷運淡水站(公車站旁)-親子廁所,新北市淡水區草東里中正路1號,25.16841178,121.4445555
4966,貢寮區,福隆市民活動中心-混合廁所,新北市貢寮區福隆里東興街70號,25.0175694,121.947927
4967,三重區,新北市政府稅捐稽徵處三重分處1F-女廁,新北市三重區過田里重陽路1段115號,25.06013,121.486994
4968,三重區,三重五常圖書館3F-女廁,新北市三重區五常里五華街7巷30號,25.080795,121.496095
4969,中和區,中和區衛生所2F-女廁,新北市中和區漳和里南山路4巷3號,24.9912198,121.484753
4970,中和區,中和區衛生所3F-男廁,新北市中和區漳和里南山路4巷3號,24.998691,121.501638
4971,新店區,二叭子植物園公廁3-混合廁所,新北市新店區雙城里雙城路279號,24.950073,121.489994
4972,林口區,環球購物中心林口A9店3F-男廁,新北市林口區南勢里文化三路1段2號,25.066148,121.361399
4973,雙溪區,泰平市民活動中心1F-男廁,新北市雙溪區泰平里溪尾寮46號,24.967448,121.82135
4974,三重區,開元公園-無障礙廁所,新北市三重區開元里開元街1號旁,25.066144,121.503124
4975,鶯歌區,鶯歌陶瓷博物館國際駐村研習中心B1-女廁,新北市鶯歌區南靖里文化路200號,24.949328,121.352214
4976,永和區,永和親子圖書閱覽室2F-混合廁所,新北市永和區文化里保安路132號,25.015394,121.508869
4977,蘆洲區,成蘆橋下-女廁,新北市蘆洲區正義里五股區疏洪四路（成蘆橋下柱p25旁）,25.09704,121.45846
4978,中和區,錦和運動公園-無障礙廁所,新北市中和區錦中里錦和路350-1號,24.992412,121.4879494
4979,雙溪區,威惠廟-男廁,新北市雙溪區長源里柑腳21號,25.006516,121.794541
4980,板橋區,民生公園-女廁,新北市板橋區東丘里民生路1段30號,25.013522,121.476056
4981,五股區,五股市民活動中心1F-無障礙廁所,新北市五股區民義里工商路127號,25.086096,121.435608
4982,五股區,五股市民活動中心2F-男廁,新北市五股區民義里工商路127號,25.086096,121.435608
4983,新莊區,新泰綜合醫院5F-男廁,新北市新莊區西盛里新樹路176號,25.021455,121.434326
4984,八里區,八里垃圾焚化廠-女廁,新北市八里區下罟里中山路三段409號,25.134847,121.367748
4985,蘆洲區,捷運徐匯中學站B3-多功能廁所,新北市蘆洲區溪墘里中山一路6號,25.08046836,121.4798887
4986,林口區,南勢市民活動中心1F-無障礙廁所,新北市林口區南勢里南勢二街154號,25.07379,121.35903
4987,林口區,南勢市民活動中心2F-男廁,新北市林口區南勢里南勢二街154號,25.07379,121.35903
4988,八里區,十三行博物館北南側2-1F-女廁,新北市八里區頂罟里博物館路200號,25.156842,121.405074
4989,八里區,十三行博物館西東側2F-女廁,新北市八里區頂罟里博物館路200號,25.156842,121.405074
4990,鶯歌區,鶯歌陶瓷博物館1F-女廁,新北市鶯歌區南靖里文化路200號,24.94944869,121.3523197
4991,鶯歌區,鶯歌陶瓷博物館1F-無障礙廁所,新北市鶯歌區南靖里文化路200號,24.949527,121.352519
4992,瑞芳區,瑞芳鼻頭漁港廣場-男廁,新北市瑞芳區鼻頭里鼻頭路165號,25.122294,121.915712
4993,瑞芳區,昇平戲院-男廁,新北市瑞芳區崇文里輕便路137號,25.10868,121.84361
4994,石門區,白沙灣第一停車場-女廁,新北市石門區德茂里下員坑33-3號,25.28246843,121.5193355
4995,石門區,石門老梅公地-男廁,新北市石門區老梅里公地16-1號,25.29123699,121.5457521
4996,石門區,風箏公園停車場-無障礙,新北市石門區山溪里大溪墘2-1號斜對面,25.2902194,121.5483034
4997,八里區,新北市八里區行政中心1F-無障礙廁所,新北市八里區頂罟里八里大道18號,25.15375,121.40423
4998,永和區,中油永利加油站-女廁,新北市永和區永貞里永利路69號,25.004968,121.519653
4999,中和區,山北市民活動中心1F-女廁,新北市中和區福美里莊敬路49巷29弄2號,25.00646,121.501681
5000,永和區,秀朗福德宮-女廁,新北市永和區民富里民樂街74-1號,24.998134,121.527314
5001,板橋區,新埔福德宮-女廁,新北市板橋區文德里漢生西路183號,25.023865,121.463201
5002,淡水區,新義里活動中心5F-女廁,新北市淡水區新義里大義街18號,25.178396,121.443054
5003,淡水區,新義里活動中心5F-無障礙廁所,新北市淡水區新義里大義街18號,25.178396,121.443054
5004,平溪區,平湖活動中心-混合廁所,新北市平溪區平湖里大湖10號,25.025617,121.781288
5005,三重區,三重五常圖書館2F-無障礙廁所,新北市三重區五常里五華街7巷30號,25.080795,121.496095
5006,萬里區,台亞萬里加油站-男廁,新北市萬里區大鵬里萬里加投83號,25.21167787,121.6477811
5007,三重區,三重南區圖書館3F北側-女廁,新北市三重區光明里重安街70號,25.057122,121.491359
5008,三重區,三重南區圖書館3F南側-親子廁所,新北市三重區光明里重安街70號,25.057122,121.491359
5009,三重區,三重南區圖書館3F南側-無障礙廁所,新北市三重區光明里重安街70號,25.057122,121.491359
5010,汐止區,汐止區觀光夜市-女廁（2）,新北市汐止區大同里水源路一段50號旁,25.066389,121.655586
5011,三重區,三重商工地下停車場B1-男廁,新北市三重區培德里中正北路163號,25.07045912,121.4826804
5012,板橋區,愛買概念店南雅店B1-親子廁所,新北市板橋區華貴里貴興路101號,25.002668,121.456215
5013,鶯歌區,鶯歌陶瓷博物館國際駐村研習中心B1-無障礙廁所,新北市鶯歌區南靖里文化路200號,24.949328,121.352214
5014,板橋區,環河公園-無障礙廁所,新北市板橋區香雅里南雅西路二段301巷41弄,25.016595,121.451766
5015,泰山區,義學立體停車場-3F男廁,新北市泰山區義學里明志路2段188號,25.050059,121.427391
5016,板橋區,車容坊板橋新月橋站-混合廁所,新北市板橋區中正里還河西路五段368號,25.022998,121.449372
5017,中和區,員山公園(公八)-無障礙廁所,新北市中和區嘉新里員山路455巷底,25.004203,121.480412
5018,平溪區,十分社區-男廁,新北市平溪區十分里十分老街停車場旁邊,25.04193,121.775806
5019,八里區,新北市八里區行政中心1F-女廁,新北市八里區頂罟里八里大道18號,25.15401548,121.4063662
5020,鶯歌區,鶯歌陶瓷博物館1F-男廁,新北市鶯歌區南靖里文化路200號,24.9494876,121.3524056
5021,瑞芳區,鼻頭漁港公園-男廁,新北市瑞芳區鼻頭里無,25.1253708,121.915598
5022,石門區,白沙灣第一停車場-男廁,新北市石門區德茂里下員坑33-3號,25.28241992,121.5193731
5023,石門區,風箏公園停車場-男廁,新北市石門區山溪里大溪墘2-1號斜對面,25.2901806,121.5482873
5024,蘆洲區,蘆洲仁愛市民活動中心-無障礙廁所,新北市蘆洲區水湳里民權路143號,25.09076,121.471424
5025,瑞芳區,九份輕便路遊客中心-女廁,新北市瑞芳區基山里輕便路194號,25.11044,121.84512
5026,瑞芳區,九份輕便路遊客中心-男廁,新北市瑞芳區基山里輕便路194號,25.11044,121.84533
5027,永和區,仁愛公園(保生路)-無障礙廁所,新北市永和區保安里仁愛路244號,25.01136,121.507725
5028,新店區,中央市民活動中心2樓-男廁,新北市新店區中央里中央五街60號2F,24.975446,121.527603
5029,中和區,環狀線景平站4F-男廁,新北市中和區秀士里景平路121號,24.991997,121.515773
5030,中和區,環狀線景平站4F-女廁,新北市中和區秀士里景平路121號,24.991997,121.515773
5031,中和區,環狀線橋和站2F-女廁,新北市中和區中原里板南路430號,25.00354573,121.4913762
5032,中和區,環狀線橋和站2F-親子廁所,新北市中和區中原里板南路430號,25.004788,121.490333
5033,新莊區,台北捷運環狀線(頭前庄站)1F站內-多功能廁所,新北市新莊區思源里思源路20號,25.039866,121.460507
5034,新莊區,台北捷運環狀線(新北產業園區站)5F站外-多功能廁所,新北市新莊區福基里五工路35號,25.061494,121.459605
5035,五股區,五股濕地-無障礙廁所,新北市五股區成德里五股溼地區停車場前,25.09835,121.4575
5036,蘆洲區,成蘆橋下-混合廁所2,新北市蘆洲區正義里五股區疏洪四路（成蘆橋下柱p25旁）,25.09704,121.45846
5037,蘆洲區,成蘆橋下-性別友善廁所,新北市蘆洲區正義里五股區疏洪四路（成蘆橋下柱p25旁）,25.09704,121.45846
5038,八里區,八里文化公園-無障礙廁所,新北市八里區埤頭里無,25.163299,121.412702
5039,瑞芳區,九份輕便路遊客中心-無障礙廁所,新北市瑞芳區基山里輕便路194號,25.11044,121.84533
5040,淡水區,車容坊淡海加油站-男廁,新北市淡水區竿蓁里淡金路132號,25.164605,121.457943
5041,五股區,肯德基五股成泰店2F-女廁,新北市五股區五股里成泰路2段113號,25.084638,121.438487
5042,中和區,員山里辦公處1F-混合廁所,新北市中和區瑞穗里中山路3段120-32號,25.007943,121.473225
5043,雙溪區,紅石碧潭公廁-性別友善廁所,新北市雙溪區上林里無,25.025211,121.830252
5044,鶯歌區,南靖活動中心2F-女廁,新北市鶯歌區南靖里文化路395號,24.950213,121.352861
5045,新店區,小城社區發展協會-混合廁所,新北市新店區小城里僑信路74巷1號,24.948502,121.49935
5046,中和區,環狀線景平站4F-親子廁所,新北市中和區秀士里景平路121號,24.991997,121.515773
5047,中和區,環狀線中原站2F-男廁,新北市中和區中原里板南路510號,25.008386,121.484146
5048,中和區,環狀線中原站2F-女廁,新北市中和區中原里板南路511號,25.008386,121.484146
5049,板橋區,環狀線新埔民生站2F-男廁,新北市板橋區聯翠里民生路3段70號,25.026039,121.466928
5050,永和區,秀朗福德宮-男廁,新北市永和區民富里民樂街74-1號,24.998134,121.527314
5051,中和區,錦和運動公園-親子廁所,新北市中和區錦中里錦和路350-1號,24.99245089,121.4879612
5052,雙溪區,威惠廟-女廁,新北市雙溪區長源里柑腳21號,25.006516,121.794541
5053,八里區,新北市八里區頂罟活動中心1F-女廁,新北市八里區頂罟里八里大道12號,25.15375,121.40423
5054,板橋區,民生公園-男廁,新北市板橋區東丘里民生路1段30號,25.013522,121.476056
5055,板橋區,新埔福德宮-男廁,新北市板橋區文德里漢生西路183號,25.023865,121.463201
5056,五股區,五股市民活動中心1F-混合廁所,新北市五股區民義里工商路127號,25.086096,121.435608
5057,五股區,五股市民活動中心2F-女廁,新北市五股區民義里工商路127號,25.086096,121.435608
5058,鶯歌區,鳳鳴活動中心-女廁,新北市鶯歌區鳳鳴里永和街34巷8號,24.967461,121.333353
5059,三峽區,新北市客家文化園區圓樓側1F-女廁,新北市三峽區鳶山里隆恩街239號,24.9417539,121.3606453
5060,三峽區,新北市客家文化園區圓樓側1F-無障礙廁所,新北市三峽區鳶山里隆恩街239號,24.94148605,121.3598807
5061,五股區,興珍市民活動中心1F-男廁,新北市五股區興珍里四維路6號,25.070727,121.467365
5062,新店區,達觀鎮A1社區管理委員會-混合廁所,新北市新店區達觀里達觀路6號,24.942553,121.505176
5063,新店區,咸亨宮-混合廁所,新北市新店區百忍里自由街2號,24.975404,121.535574
5064,三重區,六張市民活動中心-無障礙廁所,新北市三重區福安里六張街66號,25.070153,121.493807
5065,蘆洲區,台灣中油蘆洲三民路站-男廁,新北市蘆洲區正義里三民路550-6號,25.09346459,121.4617847
5066,雙溪區,紅石碧潭公廁-無障礙廁所,新北市雙溪區上林里無,25.025211,121.830252
5067,板橋區,永豐公園活動中心-無障礙廁所,新北市板橋區廣新里永豐街124號,25.021046,121.477064
5068,鶯歌區,南靖活動中心2F-男廁,新北市鶯歌區南靖里文化路395號,24.950213,121.352861
5069,新店區,中央市民活動中心2樓-女廁,新北市新店區中央里中央五街60號2F,24.975446,121.527603
5070,中和區,環狀線中和站1F-男廁,新北市中和區連和里中山路2段271號,25.002227,121.49651
5071,板橋區,環狀線新埔民生站2F-無障礙廁所,新北市板橋區聯翠里民生路3段70號,25.026039,121.466928
5072,新莊區,台北捷運環狀線(頭前庄站)1F站內-男廁,新北市新莊區思源里思源路20號,25.039866,121.460507
5073,三重區,肯德基正義北路店1F-混合廁所,新北市三重區中央里正義北路139號,25.066692,121.496663
5074,金山區,金山獅頭山-女廁,新北市金山區磺港里獅頭山公園內,25.228855,121.650506
5075,八里區,全家便利商店八里中華店-混合廁所,新北市八里區舊城里中華路二段468號,25.146057,121.400604
5076,淡水區,新興里辦公室-混合廁所,新北市淡水區新興里新春街138號,25.18161605,121.4415445
5077,金山區,新北市金山區豐漁市民活動中心-男廁,新北市金山區豐漁里民生路190號,25.22275671,121.6466407
5078,新莊區,興化公園-多功能廁所,新北市新莊區福興里五工三路興化國小旁,25.06491971,121.4610329
5079,新店區,新和活動中心5F-男廁,新北市新店區新和里新和街109號,24.9870159,121.5217999
5080,泰山區,新北市泰山區貴子兒童公園南側-無障礙廁所-2,新北市泰山區貴子里明志路3段74巷底,25.0416845,121.4236836
5081,三峽區,安坑社區活動中心-女廁,新北市三峽區安坑里安坑路10-1號,24.923031,121.439031
5082,樹林區,新北市立圖書館樹林分館-4F無障礙廁所,新北市樹林區保安里樹新路40之7號,24.994899,121.42743
5083,淡水區,淡水捷運站(站後公園)-無障礙廁所,新北市淡水區草東里中正路1號,25.17593,121.426773
5084,土城區,新北市立土城醫院B1餐飲區-女廁,新北市土城區埤塘里金城路二段6號,24.976437,121.44873
5085,土城區,新北市立土城醫院2F睡眠中心旁-女廁,新北市土城區埤塘里金城路二段6號,24.976437,121.44873
5086,土城區,新北市立土城醫院3F健檢中心旁-男廁,新北市土城區埤塘里金城路二段6號,24.976437,121.44873
5087,深坑區,台灣中油坤業加油站-女廁,新北市深坑區萬順里北深路三段7號,25.000423,121.6106
5088,板橋區,環狀線新埔民生站2F-女廁,新北市板橋區聯翠里民生路3段70號,25.026039,121.466928
5089,新莊區,台北捷運環狀線(頭前庄站)3F站內-多功能廁所,新北市新莊區思源里思源路20號,25.039866,121.460507
5090,新莊區,台北捷運環狀線(頭前庄站)1F站內-女廁,新北市新莊區思源里思源路20號,25.039866,121.460507
5091,新店區,環狀線大坪林站-親子廁所,新北市新店區寶安里北新路3段190號,24.983585,121.541467
5092,中和區,環狀線景安站3F-男廁,新北市中和區吉興里景平路486號,24.990494,121.503957
5093,林口區,林口區衛生所-無障礙廁所,新北市林口區南勢里忠孝二路55號,25.069842,121.364058
5094,土城區,新北市立土城醫院B1餐飲區-無障礙廁所,新北市土城區埤塘里金城路二段6號,24.976437,121.44873
5095,土城區,新北市立土城醫院3F健檢中心旁-女廁,新北市土城區埤塘里金城路二段6號,24.976437,121.44873
5096,淡水區,輕軌淡水漁人碼頭站-男廁,新北市淡水區沙崙里中正路2段51巷,25.181675,121.418235
5097,三重區,信安里里辦公室-混合廁所,新北市三重區信安里正義北路364巷7號,25.071075,121.493415
5098,石碇區,永安1F(一)-性別友善廁所,新北市石碇區永安里無,24.934234,121.646163
5099,三峽區,鳶山里銀髮俱樂部-無障礙廁所,新北市三峽區鳶山里大勇路36巷2號,24.93725603,121.3667976
5100,三峽區,鳶山里銀髮俱樂部-混合廁所,新北市三峽區鳶山里大勇路36巷2號,24.93723262,121.3667956
5101,鶯歌區,三湖宮B1-男廁,新北市鶯歌區東湖里三界公坑3號,24.970613,121.352859
5102,板橋區,懷石公園-男廁,新北市板橋區懷翠里環河西路四段699巷與田單北街交叉口,25.03064886,121.4814332
5103,汐止區,中油汐止加油站-無障礙廁所,新北市汐止區樟樹里大同路一段353號,25.06004,121.639541
5104,萬里區,獅子公園-女廁,新北市萬里區萬里里臺二線與基隆市界,25.17483,121.706283
5105,金山區,金山獅頭山-男廁,新北市金山區磺港里獅頭山公園內,25.228855,121.650506
5106,八里區,全家便利商店八里廖添丁店-混合廁所,新北市八里區荖阡里中華路三段17號,25.143351,121.396919
5107,板橋區,四維公園活動中心-多功能廁所,新北市板橋區新翠里陽明街166號,25.025883,121.462594
5108,淡水區,民權里辦公室-混合廁所,新北市淡水區民權里民族路112巷32號,25.13508551,121.4603253
5109,八里區,挖子尾自然保留區-無障礙廁所,新北市八里區埤頭里無,25.163304,121.41648
5110,雙溪區,共和市民活動中心1F-男廁,新北市雙溪區共和里中山路41巷6號,25.03214059,121.8662795
5111,新店區,小城活動中心-男廁,新北市新店區小城里僑信路19號,24.95182829,121.4997093
5112,新店區,小城活動中心-女廁,新北市新店區小城里僑信路19號,24.95185285,121.4997629
5113,新店區,新店復興宮-混合廁所,新北市新店區復興里溪園路43巷5-5號,24.98742203,121.5296046
5114,三重區,三重同仁宮-混合廁所,新北市三重區二重里大有街1-14號,25.06535971,121.4766251
5115,三重區,福星里里辦公室-混合廁所,新北市三重區福星里和平街31號,25.06247476,121.50092
5116,板橋區,玫瑰公園(近綠堤街)-多功能廁所,新北市板橋區德翠里中正路372巷,25.02551,121.45499
5117,鶯歌區,鶯歌區二橋里活動中心-女廁,新北市鶯歌區二橋里中正三路337號,24.935039,121.327682
5118,板橋區,台亞板橋民生站-女廁,新北市板橋區玉光里民生路二段19號,25.01657,121.472143
5119,鶯歌區,新北市立圖書館鶯歌分館1F-男廁,新北市鶯歌區西鶯里中山路150號,24.957359,121.349518
5120,平溪區,孝子山景觀-親子廁所,新北市平溪區石底里靜安路二段295號斜對面,25.02324,121.7341
5121,淡水區,滬尾砲台-男廁,新北市淡水區油車里中正路1段6巷34之1號,25.178538,121.431268
5122,板橋區,四維公園地下停車場B1-女廁,新北市板橋區新翠里四維路177巷3弄6號,25.025504,121.463897
5123,板橋區,江翠國中地下停車場B2-女廁,新北市板橋區文化里松江街63號,25.028945,121.468438
5124,三重區,後竹圍街市民活動中心1F-女廁,新北市三重區永德里自強路三段42巷11號,25.07264,121.485967
5125,新莊區,台北捷運環狀線(新北產業園區站)5F站外-男廁,新北市新莊區福基里五工路35號,25.061494,121.459605
5126,新莊區,台北捷運環狀線(新北產業園區站)5F站外-女廁,新北市新莊區福基里五工路35號,25.061494,121.459605
5127,新莊區,台北捷運環狀線(新北產業園區站)5F站內-男廁,新北市新莊區福基里五工路35號,25.061494,121.459605
5128,中和區,捷運景安站1F-親子廁所,新北市中和區吉興里景平路486號,24.990494,121.503957
5129,八里區,新北市八里區衛生所1F-性別友善,新北市八里區舊城里舊城路16號,25.147095,121.40006
5130,八里區,新北市八里區衛生所2F-親子廁所,新北市八里區舊城里舊城路16號,25.147095,121.40006
5131,八里區,萊爾富八里鐵塔店-混合廁所,新北市八里區大崁里中山路一段43號,25.15964,121.419532
5132,泰山區,星巴克泰山明志門市2F-混合廁所,新北市泰山區義仁里明志路2段123號,25.051366,121.427984
5133,土城區,頂新市民活動中心1F-男廁,新北市土城區頂新里中央路4段283之1號,24.95271628,121.4118503
5134,土城區,頂新市民活動中心1F-女廁,新北市土城區頂新里中央路4段283之1號,24.95272929,121.4118347
5135,淡水區,協元里市民活動中心-混合廁所,新北市淡水區協元里新生街108巷4號,25.17435274,121.4396465
5136,樹林區,東昇里-男廁,新北市樹林區東昇里中山路二段80號,24.98407246,121.4152851
5137,瑞芳區,慈聖宮-男女廁,新北市瑞芳區弓橋里半嶺路16號,25.09134652,121.8382051
5138,樹林區,樹德公廁,新北市樹林區樹德里長壽街70巷1弄17號,24.993215,121.42006
5139,樹林區,三龍公廁-混合廁所,新北市樹林區三龍里三龍街21號,25.01903125,121.41337
5140,瑞芳區,聖祖壇-混合廁所,新北市瑞芳區上天里大寮路2之3號,25.10113,121.10113
5141,汐止區,自強市民活動中心2F-無障礙廁所,新北市汐止區自強里新興路54號,25.062916,121.657174
5142,汐止區,自強市民活動中心3F-混合廁所,新北市汐止區自強里新興路54號,25.062916,121.657174
5143,汐止區,自強市民活動中心3F-無障礙廁所,新北市汐止區自強里新興路54號,25.062916,121.657174
5144,深坑區,深坑區公所3F-男廁,新北市深坑區深坑里深坑街10號,25.002523,121.615966
5145,板橋區,板橋轉運站2F-無障礙廁所,新北市板橋區新民里新站路66號,25.015277,121.464699
5146,三重區,介壽廣場2F-無障礙廁所,新北市三重區尚德里龍門路6號,25.071296,121.494702
5147,三重區,介壽廣場4F-無障礙廁所,新北市三重區尚德里龍門路6號,25.071296,121.494702
5148,鶯歌區,鶯歌陶瓷博物館-遠得要命藝術廁所-女廁,新北市鶯歌區南靖里文化路200號,24.9459465,121.3500173
5149,瑞芳區,瑞芳運動公園-無障礙廁所,新北市瑞芳區新峰里員山子路蛇子形路交叉口,25.10328,121.10328
5150,淡水區,幸褔里市民活動中心-混合廁所,新北市淡水區幸福里學府路51巷3弄10號,25.16935246,121.4470232
5151,三重區,二重埔閱覽室2F-女廁,新北市三重區博愛里疏洪東路二段131號,25.067769,121.475896
5152,泰山區,新北市泰山貴子路福德宮-男女廁,新北市泰山區貴賢里貴賢里貴子路三六巷八號之一,25.041357,121.425863
5153,新店區,福神宮-混合廁所,新北市新店區美潭里北宜路124-1號,24.953461,121.550541
5154,淡水區,將捷金鬱金香酒店-男廁,新北市淡水區油車里中正路1段2號,25.176596,121.429053
5155,貢寮區,澳底公園地下停車場B1-男廁,新北市貢寮區真理里仁愛路43號,25.054081,121.925425
5156,板橋區,板橋轉運站2F-女廁,新北市板橋區新民里新站路66號,25.015277,121.464699
5157,板橋區,中山公園-無障礙廁所,新北市板橋區華江里莊敬路179號,25.0231581,121.4713755
5158,淡水區,文化里辦公室-混合廁所,新北市淡水區文化里新民街71號,25.17661619,121.4383124
5159,新莊區,新莊區民本里辦公處1F-混合廁所,新北市新莊區民本里民本街11巷32號,25.02062458,121.4289494
5160,貢寮區,雙玉第二市民活動中心-男廁,新北市貢寮區雙玉里田寮洋街12-2號旁,25.01584904,121.9185705
5161,貢寮區,雙玉第二市民活動中心-女廁,新北市貢寮區雙玉里田寮洋街12-2號旁,25.01585876,121.9185276
5162,淡水區,義山里活動中心-男廁,新北市淡水區義山里奎柔山路1號,25.20602837,121.45366
5163,淡水區,義山里活動中心-女廁,新北市淡水區義山里奎柔山路1號,25.20585752,121.4525185
5164,三重區,三重空軍一村1F-男廁,新北市三重區光輝里正義南路86巷10號,25.05773049,121.4992034
5165,淡水區,淡水區衛生所1F-無障礙廁所,新北市淡水區協元里中山路158號,25.172778,121.440844
5166,鶯歌區,鶯歌公有零售市場1F-女廁,新北市鶯歌區中鶯里建國路108號,24.954298,121.353359
5167,板橋區,亞東醫院北棟-性別友善廁所,新北市板橋區華東里南雅南樂2段21號,24.997312,121.452312
5168,土城區,日月光廣場1F北側-女廁,新北市土城區員林里學府路二段210號,24.978764,121.445127
5169,土城區,日月光廣場B2電視牆前-女廁,新北市土城區員林里學府路二段210號,24.978764,121.445127
5170,土城區,日月光廣場B2西側-男廁,新北市土城區員林里學府路二段210號,24.978764,121.445127
5171,樹林區,保安公有市場-性別友善廁所,新北市樹林區保安里保安街1段14號,24.99344,121.4278
5172,樹林區,新北市立圖書館樹林分館-4F女廁,新北市樹林區保安里樹新路40之7號,24.99614,121.42852
5173,樹林區,新北市立圖書館樹林分館-3F無障礙廁所,新北市樹林區保安里樹新路40之7號,24.99614,121.42852
5174,淡水區,淡水捷運站(站後公園)-親子廁所,新北市淡水區草東里中正路1號,25.16841664,121.4446199
5175,三重區,平和里活動中心-混合廁所,新北市三重區平和里光興街134號,25.059528,121.494812
5176,土城區,新北市立土城醫院1F內外科門診區-男廁,新北市土城區埤塘里金城路二段6號,24.976437,121.44873
5177,土城區,新北市立土城醫院1F內外科門診區-女廁,新北市土城區埤塘里金城路二段6號,24.976437,121.44873
5178,土城區,新北市立土城醫院1F內外科門診區-無障礙廁所,新北市土城區埤塘里金城路二段6號,24.976437,121.44873
5179,板橋區,板橋轉運站1F-無障礙廁所,新北市板橋區新民里新站路66號,25.015277,121.464699
5180,鶯歌區,鶯歌陶瓷博物館-遠得要命藝術廁所-無障礙廁所,新北市鶯歌區南靖里文化路200號,24.94594708,121.3500211
5181,三重區,車容坊加油站碧華站-男廁,新北市三重區碧華里溪尾街268號,25.08331,121.487398
5182,三重區,三重五常圖書館3F-男廁,新北市三重區五常里五華街7巷30號,25.080795,121.496095
5183,八里區,新北市八里區行政中心3F-無障礙廁所,新北市八里區頂罟里八里大道18號,25.1540616,121.4061838
5184,萬里區,台亞萬里加油站-女廁,新北市萬里區大鵬里萬里加投83號,25.2121446,121.6469631
5185,汐止區,汐止觀光夜市-男廁,新北市汐止區大同里水源路一段50號旁,25.066389,121.655586
5186,淡水區,坪頂里辦公室-混合廁所,新北市淡水區坪頂里坪頂路710巷1號,25.15836453,121.4821692
5187,土城區,延和廣場1F-混合廁所,新北市土城區延和里延和路12巷,24.98768277,121.4641716
5188,土城區,斬龍山遺址文化公園1F-無障礙廁所,新北市土城區柑林里金城路2段,24.97677162,121.4481149
5189,汐止區,汐止綜合運動場北側-無障礙廁所,新北市汐止區秀峰里忠孝東路9號,25.06431289,121.6575845
5190,中和區,中和區衛生所2F-男廁,新北市中和區錦中里南山路4巷3號,24.99089345,121.4846136
5191,中和區,中和區衛生所3-女廁,新北市中和區漳和里南山路4巷3號,24.998691,121.501638
5192,新店區,馬公公園體育館-男廁,新北市新店區五峰里北新路1段92號,24.968885,121.543696
5193,新莊區,全安市民活動中心B1-男廁,新北市新莊區全安里新莊路527號,25.033283,121.447891
5194,板橋區,板橋環球購物中心2F西內側-男廁,新北市板橋區新民里縣民大道二段7號,25.01433,121.463635
5195,坪林區,中油坪林加油站-女廁,新北市坪林區坪林里北宜路八段61號,24.935607,121.704944
5196,坪林區,中油坪林加油站-無障礙廁所,新北市坪林區坪林里北宜路八段61號,24.935607,121.704944
5197,三重區,果菜市場右側-無障礙廁所,新北市三重區幸福里中正北路111號,25.064549,121.486998
5198,板橋區,板橋忠翠里里辦公處-混合廁所,新北市板橋區忠翠里雙十路2段47巷2弄33號,25.0267,121.475024
5199,新店區,柴埕市民活動中心-男廁,新北市新店區柴埕里安民街79號7樓,24.967379,121.51657
5200,新莊區,福前市民活動中心2F-女廁,新北市新莊區福基里化成路746巷2號,25.05767,121.465877
5201,鶯歌區,鶯歌陶瓷博物館-遠得要命藝術廁所-親子廁所,新北市鶯歌區南靖里文化路200號,24.94594878,121.3500195
5202,瑞芳區,水湳洞停車場-女廁,新北市瑞芳區濂新里無,25.12169,121.86379
5203,瑞芳區,水湳洞停車場-無障礙廁所,新北市瑞芳區濂新里無,25.12169,121.86379
5204,三重區,車容坊加油站碧華站-女廁,新北市三重區碧華里溪尾街268號,25.08331,121.487398
5205,八里區,新北市八里區行政中心3F-女廁,新北市八里區頂罟里八里大道18號,25.15402519,121.4061892
5206,汐止區,汐止觀光夜市-無障礙廁所,新北市汐止區大同里水源路一段50號旁,25.066389,121.655586
5207,汐止區,汐止區觀光夜市-女廁（1）,新北市汐止區大同里水源路一段50號旁,25.066389,121.655586
5208,三重區,三重商工地下停車場B1-多功能廁所,新北市三重區培德里中正北路163號,25.07050771,121.4826644
5209,土城區,新北市立土城醫院2F睡眠中心旁-無障礙廁所,新北市土城區埤塘里金城路二段6號,24.976437,121.44873
5210,瑞芳區,龍興里市民活動中心-混合廁所,新北市瑞芳區龍興里明燈路三段1號,25.10618,121.80768
5211,瑞芳區,吉安市民活動中心-無障礙廁所,新北市瑞芳區吉安里大埔路20號23巷之1號,25.10153,121.76428
5212,八里區,八里左岸風帆碼頭-混合廁所2,新北市八里區大崁里無,25.162915,121.423061
5213,八里區,八里左岸風帆碼頭-無障礙廁所,新北市八里區大崁里無,25.162915,121.423061
5214,泰山區,新北市泰山區明志市民活動中心-男廁,新北市泰山區明志里明志路2段426號,25.043811,121.424712
5215,泰山區,新北市泰山區明志市民活動中心-女廁,新北市泰山區明志里明志路2段426號,25.043811,121.424712
5216,三峽區,三峽老街景觀公廁1-女廁,新北市三峽區三峽里民權街36號,24.933962,121.369699
5217,新店區,統一超商雙鑫門市-混合廁所,新北市新店區忠誠里北新路2段169號,24.976407,121.542735
5218,中和區,自強公園(公廿)-無障礙廁所,新北市中和區瑞穗里莒光路與國光街交叉口,25.006136,121.472014
5219,中和區,清穗公園(B)(公廿九)-無障礙廁所,新北市中和區自強里民德路189巷口,24.999222,121.468736
5220,中和區,嘉穗公園(公十一)-無障礙廁所,新北市中和區嘉穗里民利街11巷底,24.99868494,121.4803925
5221,中和區,景新公園-無障礙廁所,新北市中和區景南里景新街467巷50弄20號山上,24.988221,121.513504
5222,永和區,頂溪國小地下停車場(文化路135巷)B1-女廁,新北市永和區文化里文化路133號,25.015162,121.510584
5223,板橋區,音樂公園地下停車場B2-女廁,新北市板橋區福翠里大同街70號,25.027757,121.479786
5224,板橋區,板橋第二運動場B棟1F-親子廁所,新北市板橋區社後里民權路117號,25.013819,121.458337
5225,三重區,山隆加油站-無障礙廁所,新北市三重區中興里重新路5段628號,25.044815,121.468945
5226,三峽區,新北市政府警察局三峽分局1F-混合廁所,新北市三峽區礁溪里中正路一段48號,24.930548,121.375235
5227,三峽區,新北市政府警察局三峽分局2F-女廁,新北市三峽區礁溪里中正路一段48號,24.930548,121.375235
5228,三峽區,新北市政府警察局三峽分局2F-男廁,新北市三峽區礁溪里中正路一段48號,24.930548,121.375235
5229,三峽區,三峽區清潔隊1F-男廁,新北市三峽區龍恩里隆恩街243號,24.94093778,121.3579335
5230,石碇區,建德加油站-男廁,新北市石碇區豐林里文山路1段9號,25.008467,121.642942
5231,石碇區,建德加油站-無障礙廁所,新北市石碇區豐林里文山路1段9號,25.008467,121.642942
5232,三重區,中油重新路加油站-無障礙廁所,新北市三重區五谷里重新路5段495號,25.046835,121.472424
5233,三峽區,新北市政府警察局三峽分局3F-混合廁所,新北市三峽區礁溪里中正路一段48號,24.930548,121.375235
5234,三峽區,中油宏福加油站-男廁,新北市三峽區溪南里介壽路1段550號,24.933277,121.387199
5235,三峽區,三峽區清潔隊1F-女廁,新北市三峽區龍恩里隆恩街243號,24.94094333,121.3579262
5236,三重區,進安公園-性別友善廁所,新北市三重區富貴里仁義街口,25.08655114,121.4935434
5237,板橋區,板橋新埔正聖福德宮-混合廁所,新北市板橋區新埔里自由路26巷30號,25.022407,121.466778
5238,萬里區,杜鵑公園-男廁,新北市萬里區萬里里瑪鋉運動公園,25.17512624,121.6901064
5239,樹林區,樹人里辦公處-混合廁,新北市樹林區樹人里復興路308巷2弄8號,24.987459,121.416926
5240,樹林區,樹福宮-性別友善廁所,新北市樹林區彭福里水源街七五號,24.980718,121.425635
5241,板橋區,成和里辦公處-混合廁,新北市板橋區成和里光興街146巷1號之1,24.992419,121.433184
5242,金山區,流蘇公園-女廁,新北市金山區美田里八德交&amp;三民街交叉處,25.22326334,121.6343153
5243,板橋區,浮洲里辦公處-男女廁,新北市板橋區浮洲里大觀路1段28巷88號,25.011009,121.449915
5244,金山區,中山公園-女廁,新北市金山區大同里溫泉路2巷,25.22195384,121.6404186
5245,三峽區,鳶山銅鐘-女廁,新北市三峽區中埔里鳶峰路,24.93077996,121.3552648
5246,五股區,興珍市民活動中心1F-女廁,新北市五股區興珍里四維路6號,25.070727,121.467365
5247,五股區,興珍市民活動中心1F-無障礙廁所,新北市五股區興珍里四維路6號,25.070727,121.467365
5248,新莊區,興化市民活動中心3F-女廁,新北市新莊區福興里五工路68巷2號,25.064202,121.458879
5249,新莊區,興化市民活動中心4F-無障礙廁所,新北市新莊區福興里五工路68巷2號,25.064202,121.458879
5250,淡水區,輕軌紅樹林站-男廁,新北市淡水區八勢里中正東路68號,25.154489,121.45901
5251,淡水區,輕軌淡水漁人碼頭站-無障礙廁所,新北市淡水區沙崙里中正路2段51巷,25.181675,121.418235
5252,淡水區,捷運紅樹林站-無障礙廁所,新北市淡水區八勢里中正東路2段68號,25.154489,121.45901
5253,永和區,永平市民活動中心2F-女廁,新北市永和區新生里永平路368號,25.013833,121.505878
5254,永和區,永平市民活動中心2F-無障礙廁所,新北市永和區新生里永平路368號,25.013833,121.505878
5255,新莊區,興化市民活動中心4F-男廁,新北市新莊區福興里五工路68巷2號,25.064202,121.458879
5256,中和區,北基嘉和加油站-男廁,新北市中和區佳和里中山路2段22號,25.005474,121.504749
5257,三峽區,插角里活動中心-男廁,新北市三峽區插角里插角25之1號,24.872572,121.40447
5258,萬里區,萬里里辦公處-混合廁所,新北市萬里區萬里里瑪鋉下街2-3號,25.178474,121.690888
5259,板橋區,新北市板橋區香社市民集會所-男廁,新北市板橋區香社里中正路275巷69號,25.017807,121.452762
5260,坪林區,新北市坪林區坪林市民活動中心1F-男廁,新北市坪林區坪林里坪林里坪碇路6號,24.938749,121.711963
5261,土城區,捷運海山站B2-女廁,新北市土城區樂利里海山路39號,24.986619,121.449485
5262,板橋區,江翠里辦公室-混合廁,新北市板橋區江翠里吳鳳路48號,25.030366,121.468048
5263,汐止區,中油保長坑加油站-無障礙廁所,新北市汐止區保安里大同路三段186-1號,25.07425007,121.6743946
5264,新店區,國家人權博物館服務中心-女廁,新北市新店區復興里復興路131號,24.987926,121.533405
5265,新店區,國家人權博物館服務中心-無障礙,新北市新店區復興里復興路131號,24.987926,121.533405
5266,新店區,國家人權博物館人權學習中心-男廁,新北市新店區復興里復興路131號,24.987926,121.533405
5267,淡水區,滬尾藝文休閒園區禮萊廣場-男廁,新北市淡水區油車里中正路一段2號,25.176596,121.429053
5268,新店區,屈尺市民活動中心-混合廁所,新北市新店區屈尺里屈尺路125號,24.92324479,121.5451137
5269,蘆洲區,清海宮2F-混合廁所,新北市蘆洲區水河里民族路422巷82弄9號,25.09415513,121.4739517
5270,樹林區,文林里-混合廁所,新北市樹林區文林里潭興街107巷21弄6號,24.99919324,121.4242539
5271,三重區,先嗇宮社教館1F-男廁,新北市三重區谷王里五谷王北街46-1號,25.05013336,121.4758472
5272,鶯歌區,永昌里永福宮-女廁,新北市鶯歌區永昌里鶯桃路94巷33-11號,24.954668,121.341643
5273,三重區,仁德里里辦公室-混合廁所,新北市三重區仁德里福裕街84號,25.06129685,121.4966826
5274,五股區,貿商社區活動中心1F-男廁,新北市五股區貿商里登林路貿商巷8弄10號,25.07084225,121.4312126
5275,土城區,斬龍山遺址文化公園1F-親子廁所,新北市土城區柑林里金城路2段,24.97676088,121.448084
5276,新店區,捷運七張站B1-多功能廁所,新北市新店區新安里北新路2段150號,24.975014,121.543126
5277,鶯歌區,新北市三鶯水資源回收中心-親子廁所,新北市鶯歌區東鶯里館前路360號,24.954672,121.358843
5278,平溪區,十分社區-親子廁所,新北市平溪區十分里十分老街停車場旁邊,25.04193,121.775806
5279,永和區,7-11永和民有門市-混合廁所,新北市永和區民治里民有街9號、11號,24.9972993,121.5176189
5280,中和區,清穗公園 A(公二九)-無障礙廁所,新北市中和區清穗里華順街2巷內,24.998919,121.467466
5281,板橋區,新興里辦公處-混合廁所,新北市板橋區新興里南興路1號,25.008057,121.455216
5282,八里區,新北市八里區頂罟活動中心1F-男廁,新北市八里區頂罟里八里大道12號,25.15375,121.40423
5283,泰山區,新北市泰山區明志市民活動中心-無障礙廁所,新北市泰山區明志里明志路2段426號,25.043811,121.424712
5284,深坑區,台灣中油坤業加油站-男廁,新北市深坑區萬順里北深路三段7號,25.000423,121.6106
5285,深坑區,深坑區公所3F-女廁,新北市深坑區深坑里深坑街10號,25.002523,121.615966
5286,土城區,土城五穀先帝廟1F-女廁,新北市土城區土城里和平路11號,24.973965,121.443298
5287,新店區,中油北新加油站-男廁,新北市新店區五峰里北新路1段90號,24.969999,121.542548
5288,新店區,中油北新加油站-女廁,新北市新店區五峰里北新路1段90號,24.969999,121.542548
5289,新店區,中油北新加油站-無障礙廁所,新北市新店區五峰里北新路1段90號,24.969999,121.542548
5290,瑞芳區,水湳洞停車場-男廁,新北市瑞芳區濂新里無,25.12169,121.86379
5291,金山區,中山公園-無障礙廁所,新北市金山區大同里溫泉路3號,25.222016,121.640356
5292,淡水區,捷運淡水站(北邊站外)-無障礙廁所,新北市淡水區草東里中正路1號,25.16831468,121.4447326
5293,深坑區,新北市新店戶政事務所深坑區所4F-男廁,新北市深坑區深坑里平埔街16號,25.001595,121.615433
5294,泰山區,河濱公園-性別友善廁所,新北市泰山區楓樹里和平街139號旁,25.064563,121.436637
5295,坪林區,南山寺-男廁,新北市坪林區漁光里樟空子路5號,24.967739,121.727282
5296,板橋區,麥當勞板橋文化店2F-無障礙廁所,新北市板橋區文化里文化路二段173號,25.027702,121.47036
5297,鶯歌區,新北市立圖書館鶯歌分館1F-無障礙廁所,新北市鶯歌區西鶯里中山路150號,24.957359,121.349518
5298,三重區,開元市民活動中心1F-男廁,新北市三重區開元里開元街1號,25.06658,121.50355
5299,樹林區,大同公園-無障礙廁所,新北市樹林區和平里太平路33巷8號,24.9836516,121.4202223
5300,板橋區,音樂公園地下停車場B2-無障礙廁所,新北市板橋區福翠里大同街70號,25.027757,121.479786
5301,板橋區,音樂公園地下停車場B2-親子廁所,新北市板橋區福翠里大同街70號,25.027757,121.479786
5302,新莊區,中油新莊加油站-無障礙廁所,新北市新莊區忠孝里中正路338號,25.034784,121.445265
5303,三峽區,新北市政府警察局三峽分局1F-女廁,新北市三峽區礁溪里中正路一段48號,24.930548,121.375235
5304,三峽區,新北市政府警察局三峽分局1F-無障礙廁所,新北市三峽區礁溪里中正路一段48號,24.930548,121.375235
5305,三峽區,中油宏福加油站-女廁,新北市三峽區溪南里介壽路1段550號,24.933277,121.387199
5306,淡水區,滬尾藝文休閒園區禮萊廣場-無障礙,新北市淡水區油車里中正路一段2號,25.176596,121.429053
5307,新店區,國家人權博物館兵舍4-男廁,新北市新店區復興里復興路131號,24.987926,121.533405
5308,新店區,國家人權博物館繪本教室-男廁,新北市新店區復興里復興路131號,24.987926,121.533405
5309,石門區,北觀處遊客中心-親子廁所,新北市石門區德茂里下員坑33-6號,25.283263,121.519157
5310,新莊區,民安國小地下停車場B1-男廁,新北市新莊區民全里民安路261號B1,25.021633,121.427798
5311,新莊區,民安國小地下停車場B1-無障礙廁所,新北市新莊區民全里民安路261號B1,25.021633,121.427798
5312,林口區,林口區公有零售市場-男廁,新北市林口區西林里林口路一五號,25.077891,121.391442
5313,林口區,林口區公有零售市場-無障礙廁所,新北市林口區西林里林口路一五號,25.077891,121.391442
5314,板橋區,新北市板橋區香社市民集會所-親子廁所,新北市板橋區香社里中正路275巷69號,25.017807,121.452762
5315,淡水區,捷運淡水站(北邊站外)-親子廁所,新北市淡水區草東里中正路1號,25.16865454,121.4444643
5316,蘆洲區,蘆洲區樹德里辦公處-混合廁所,新北市蘆洲區樹德里中山一路233號,25.080615,121.473603
5317,三芝區,八賢市民活動中心-男廁,新北市三芝區八賢里八連溪41號,25.246551,121.509133
5318,林口區,新北市佳林國中1F男廁,新北市林口區中湖里中山路268號1樓,25.08076467,121.3842702
5319,鶯歌區,鶯歌建國休閒廣場-性別友善廁所,新北市鶯歌區建國里建國里南雅路四五六巷九八之一號旁,24.95358043,121.3447076
5320,蘆洲區,溪墘湧蓮市民活動中心地下停車場B1-無障礙廁所,新北市蘆洲區溪墘里信義路73巷2號,25.079571,121.476051
5321,土城區,清水市民活動中心B1-男廁,新北市土城區清水里明德路1段250號,24.977747,121.459492
5322,三重區,開元市民活動中心1F-無障礙廁所,新北市三重區開元里開元街1號,25.06658,121.50355
5323,金山區,金山立體停車場-無障礙廁所,新北市金山區大同里中興路101號,25.22030934,121.6414136
5324,板橋區,四維公園地下停車場B1-多功能廁所,新北市板橋區新翠里四維路177巷3弄6號,25.025504,121.463897
5325,板橋區,新埔國小地下停車場B1-女廁,新北市板橋區新翠里陽明街206號,25.0266,121.463252
5326,板橋區,新埔國小地下停車場B1-多功能廁所,新北市板橋區新翠里陽明街206號,25.0266,121.463252
5327,蘆洲區,蘆洲區公所4F-性別友善廁所,新北市蘆洲區保和里三民路95號,25.084699,121.473777
5328,土城區,清水市民活動中心B1-女廁,新北市土城區清水里明德路1段250號,24.977747,121.459492
5329,八里區,新北市八里區頂罟活動中心1F-無障礙廁所,新北市八里區頂罟里八里大道12號,25.15375,121.40423
5330,板橋區,民生公園-親子廁所,新北市板橋區東丘里民生路1段30號,25.013522,121.476056
5331,蘆洲區,永德里辦公處- 混合廁所,新北市蘆洲區永德里長安街267巷7弄1號,25.083614,121.458233
5332,蘆洲區,永平活動中心4F-混合廁所,新北市蘆洲區永樂里永平街1號,25.090359,121.459174
5333,樹林區,圳生里辦公處-混合廁所,新北市樹林區圳生里三俊街287號,25.01406,121.423399
5334,鶯歌區,鶯歌區休閒活動中心(羽球館)廁所-女廁,新北市鶯歌區西鶯里中山路138巷5-1號,24.95839,121.349771
5335,新店區,七張市民活動中心-混合廁所,新北市新店區寶興里中興路3段1-18號,24.976324,121.545745
5336,新店區,平安齋廟-男廁,新北市新店區寶福里寶橋路140巷3號,24.976323,121.548327
5337,三峽區,鳶山銅鐘-男廁,新北市三峽區中埔里鳶峰路,24.93080947,121.3545687
5338,鶯歌區,永昌里活動中心-無障礙廁所,新北市鶯歌區永昌里永昌街36-1號,24.950088,121.342658
5339,板橋區,音樂公園(萬板路)-男廁,新北市板橋區福翠里大同街70號,25.027757,121.479786
5340,板橋區,音樂公園(萬板路)-女廁,新北市板橋區福翠里大同街70號,25.027757,121.479786
5341,三重區,褔田市民活動中心1F-男廁,新北市三重區福田里三民街256號,25.067841,121.479378
5342,汐止區,麥當勞汐止新台五店2F-無障礙廁所,新北市汐止區自強里新台五路一段162號,25.06241,121.654467
5343,淡水區,輕軌紅樹林站-無障礙廁所,新北市淡水區八勢里中正東路68號,25.154489,121.45901
5344,貢寮區,龍門運動公園2-混合廁所,新北市貢寮區龍門里無,25.02968801,121.9287063
5345,板橋區,板橋慈惠宮-男廁,新北市板橋區流芳里南門街8號,25.009143,121.457402
5346,八里區,十三行博物館1F-親子廁所,新北市八里區頂罟里博物館路200號,25.1576,121.410552
5347,新店區,二叭子植物園公廁1-男廁,新北市新店區雙城里雙城路279號,24.950073,121.489994
5348,新店區,二叭子植物園公廁4-男廁,新北市新店區雙城里公廁1 旁邊的路上去,24.950073,121.489994
5349,新店區,馬公公園公廁-無障礙廁所,新北市新店區五峰里北新路1段92號,24.968885,121.543696
5350,新店區,統一超商寶新門市-混合廁所,新北市新店區忠誠里北新路2段57號,24.973185,121.542752
5351,板橋區,重慶公園地下公有停車場(管理室後方)-女廁,新北市板橋區廣德里重慶路二六五號,24.999936,121.463515
5352,板橋區,黃石中繼市場-無障礙廁所(A區),新北市板橋區社後里公館街1號,25.012881,121.457267
5353,汐止區,新昌活動中心2F-無障礙廁所,新北市汐止區新昌里仁愛路三一八號2F,25.067547,121.664869
5354,汐止區,新昌活動中心3F-混合廁所,新北市汐止區新昌里仁愛路三一八號3F,25.067547,121.664869
5355,汐止區,新昌活動中心3F-無障礙廁所,新北市汐止區新昌里仁愛路三一八號3F,25.067547,121.664869
5356,淡水區,新生里建設街-男廁,新北市淡水區新生里建設街5號,25.172146,121.438965
5357,新莊區,中油聯新加油站-無障礙廁所,新北市新莊區丹鳳里新北大道七段120號 ,25.032305,121.417576
5358,樹林區,家樂福樹林店2F-女廁,新北市樹林區潭底里大安路一一八號2F,24.996931,121.4210084
5359,新店區,平安齋廟-女廁,新北市新店區寶福里寶橋路140巷3號,24.976323,121.548327
5360,三重區,正安市民活動中心4F-無障礙廁所,新北市三重區正義里大智街45-2號,25.066603,121.49344
5361,中和區,環狀線秀朗橋站4F-親子廁所,新北市中和區秀景里景平路2號,24.990511,121.525188
5362,中和區,環狀線中原站2F-親子廁所,新北市中和區中原里板南路512號,25.008386,121.484146
5363,板橋區,環狀線板新23F-女廁,新北市板橋區長安里板新路109號,25.01424,121.472455
5364,板橋區,環狀線板橋站3F-男廁,新北市板橋區新民里新站路66號,25.014973,121.46529
5365,新莊區,台北捷運環狀線(頭前庄站)3F站內-女廁,新北市新莊區思源里思源路20號,25.039866,121.460507
5366,新莊區,台北捷運環狀線(頭前庄站)3F站內-男廁,新北市新莊區思源里思源路20號,25.039866,121.460507
5367,中和區,北基嘉和加油站-女廁,新北市中和區佳和里中山路2段22號,25.005474,121.504749
5368,中和區,北基嘉和加油站-無障礙廁所,新北市中和區佳和里中山路2段22號,25.005474,121.504749
5369,鶯歌區,三湖宮B1-女廁,新北市鶯歌區東湖里三界公坑3號,24.970613,121.352859
5370,深坑區,新北市新店戶政事務所深坑區所4F-女廁,新北市深坑區深坑里平埔街16號,25.001595,121.615433
5371,深坑區,新北市新店戶政事務所深坑區所4F-無障礙廁所,新北市深坑區深坑里平埔街16號,25.001595,121.615433
5372,三峽區,大有活動中心-女廁,新北市三峽區有木里插角25之1號,24.863052,121.427049
5373,三芝區,八賢市民活動中心-女廁,新北市三芝區八賢里八連溪41號,25.246551,121.509133
5374,三重區,神農市民活動中心2F-無障礙廁所,新北市三重區五谷里五谷王北街48巷18號,25.050775,121.475172
5375,五股區,觀音山硬漢嶺步道入口-多功能廁所,新北市五股區觀音里凌雲路三段130號,25.12840382,121.424278
5376,三重區,玫瑰公園-男廁,新北市三重區光明里集美街60號,25.05497,121.489442
5377,三重區,玫瑰公園-女廁,新北市三重區光明里集美街60號,25.05497,121.489442
5378,林口區,婦幼公園-性別友善廁所,新北市林口區東勢里文化一路麗園一街旁,25.07206259,121.3771355
5379,土城區,日月光廣場B1機車停車場-女廁,新北市土城區員林里學府路二段210號,24.978764,121.445127
5380,土城區,日月光廣場B2東南側-女廁,新北市土城區員林里學府路二段210號,24.978764,121.445127
5381,土城區,日月光廣場B2西南側-男廁,新北市土城區員林里學府路二段210號,24.978764,121.445127
5382,三重區,三重崇德圖書館3F-女廁,新北市三重區崇德里仁孝街62號,25.074459,121.497317
5383,板橋區,重慶公園-無障礙廁所,新北市板橋區廣德里重慶路245巷32弄18號(擎天雙星旁),25.00000487,121.4645649
5384,板橋區,仁愛公園-無障礙廁所,新北市板橋區重慶里國慶路149巷21弄16號 ,24.997433,121.460104
5385,五股區,觀音山硬漢嶺步道入口-女廁,新北市五股區觀音里凌雲路三段130號,25.12838439,121.4242995
5386,石碇區,石碇區公所2F-性別友善廁所,新北市石碇區潭邊里碇坪路1段37號,24.982527,121.673111
5387,土城區,日月光廣場1F東南側-女廁,新北市土城區員林里學府路二段210號,24.978764,121.445127
5388,板橋區,新北市市定古蹟台北放送局板橋放送所-性別友善廁所,新北市板橋區國泰里板橋區民族路130巷67號,25.007667,121.464701
5389,瑞芳區,國際終戰和平紀念園區-女廁,新北市瑞芳區銅山里祈堂路20號,25.11101396,121.858476
5390,新莊區,龍鳳公園-女廁,新北市新莊區龍鳳里龍安路73號,25.021763,121.416464
5391,新莊區,中港第二市民活動中心4F-女廁,新北市新莊區中華里中港路350號4樓,25.046313,121.451967
5392,淡水區,埤島里辦公室-混合廁,新北市淡水區埤島里行忠路146號,25.19906564,121.4545736
5393,永和區,桂林里辦公處-混合廁所,新北市永和區桂林里竹林路91巷60弄5號,25.012903,121.521936
5394,新莊區,丹鳳市民活動中心2-混合廁,新北市新莊區雙鳳里新北大道七段718巷45號,25.024674,121.411824
5395,永和區,光明里社區關懷據點-混合廁所,新北市永和區光明里中正路654巷58號,25.008482,121.518361
5396,三重區,永煇里里辦公室-混合廁所,新北市三重區永煇里力行路二段9巷6號,25.07223,121.482676
5397,林口區,環球購物中心林口A9店4F-男廁,新北市林口區南勢里文化三路1段2號,25.066148,121.361399
5398,林口區,環球購物中心林口A9店4F-女廁,新北市林口區南勢里文化三路1段2號,25.066148,121.361399
5399,林口區,環球購物中心林口A9店4F-無障礙廁所,新北市林口區南勢里文化三路1段2號,25.066148,121.361399
5400,鶯歌區,鶯歌陶瓷博物館國際駐村研習中心B1-男廁,新北市鶯歌區南靖里文化路200號,24.949328,121.352214
5401,泰山區,中油車容坊元泰加油站 -無障礙廁所,新北市泰山區楓樹里新五路1段135號,25.063689,121.439599
5402,鶯歌區,新北市三鶯水資源回收中心-男廁,新北市鶯歌區東鶯里館前路360號,24.954517,121.358596
5403,鶯歌區,新北市三鶯水資源回收中心-女廁,新北市鶯歌區東鶯里館前路360號,24.954536,121.358768
5404,新莊區,台北捷運環狀線(幸福站)3F站外-女廁,新北市新莊區頭前里思源路292號,25.049945,121.460254
5405,新莊區,台北捷運環狀線(新北產業園區站)5F站內-女廁,新北市新莊區福基里五工路35號,25.061494,121.459605
5406,貢寮區,龍洞灣岬步道-混合廁所,新北市貢寮區和美里無,25.105104,121.921149
5407,中和區,環狀線景安站3F-女廁,新北市中和區吉興里景平路486號,24.990494,121.503957
5408,八里區,新北市八里區衛生所2F-女廁,新北市八里區舊城里舊城路16號,25.147095,121.40006
5409,八里區,統一超商八里浩瀚門市-混合廁所,新北市八里區龍源里龍形二街2之11號,25.13117,121.450737
5410,汐止區,橫科市民活動中心2F-無障礙廁所,新北市汐止區橫科里橫科路117號,25.050522,121.620148
5411,土城區,新北市立土城醫院2F睡眠中心旁-男廁,新北市土城區埤塘里金城路二段6號,24.976437,121.44873
5412,板橋區,新北市市定古蹟台北放送局板橋放送所-親子廁所,新北市板橋區國泰里板橋區民族路130巷67號,25.007667,121.464701
5413,板橋區,新北市立圖書館總館3F-親子廁所,新北市板橋區華貴里貴興路139號,25.001539,121.455033
5414,三重區,光榮銀髮教育中心1F-男廁 ,新北市三重區奕壽里介壽路26號之1,25.072151,121.500223
5415,三重區,光榮銀髮教育中心1F-女廁 ,新北市三重區奕壽里介壽路26號之1,25.072151,121.500223
5416,新店區,新北市立圖書館新店分館3F-男廁,新北市新店區大同里大同里北新路三段一○五巷二號三樓,24.982168,121.541028
5417,三重區,果菜市場左側-無障礙廁所,新北市三重區幸福里中正北路111號,25.064549,121.486998
5418,坪林區,新北市坪林茶業博物館B1-無障礙廁所,新北市坪林區水德里水聳淒坑19-1號,24.934335,121.712761
5419,三重區,成功里里辦公室-混合廁所,新北市三重區成功里昌隆街36號,25.051884,121.491713
5420,淡水區,永吉里辦公室-混合廁,新北市淡水區永吉里清水街200號,25.171109,121.440438
5421,瑞芳區,光復里市民活動中心,新北市瑞芳區光復里柴寮路309號,25.087748,121.827098
5422,淡水區,陽明山國家公園二子坪遊憩區-混合廁,新北市淡水區水源里百六戛,25.17810466,121.5146953
5423,汐止區,長青鐵馬驛站-混合廁,新北市汐止區長青里長青路一八八巷一號之一,25.111177,121.605835
5424,中和區,景平里辦公處1F-混和廁,新北市中和區景平里景平路159巷7號1樓,24.99191,121.512728
5425,三峽區,新北市立殯儀館火化場餐廳-性別友善廁所,新北市三峽區溪北里介壽路3段260巷1號,24.949013,121.407619
5426,汐止區,林森公有市場-男廁,新北市汐止區宜興里汐止國道高速公路高架橋下,25.03951636,121.623513
5427,板橋區,樹林體育園區 2號-無障礙廁所,新北市板橋區溪福里樹林體育園區,24.97989239,121.4271233
5428,新店區,捷運新店總站北側-親子廁所,新北市新店區張南里北宜路1段2號,24.957871,121.537784
5429,瑞芳區,瑞芳運動公園-男廁,新北市瑞芳區新峰里員山子路蛇子形路交叉口,25.10328,121.10328
5430,板橋區,板橋港口順天宮-混合廁,新北市板橋區莒光里莒光里莒光路二八巷六號,25.024255,121.469882
5431,三重區,二重埔市民活動中心1F-女廁,新北市三重區二重里疏洪東路二段131號,25.06647466,121.4755082
5432,板橋區,建國里辦公處-混合廁所,新北市板橋區建國里建國街107號,25.016991,121.45714
5433,坪林區,新北市坪林茶業博物館B1-女廁,新北市坪林區水德里水聳淒坑19-1號,24.934335,121.712761
5434,八里區,八里左岸風帆碼頭-混合廁所1,新北市八里區大崁里無,25.162915,121.423061
5435,土城區,頂福市民活動中心1F-混合廁所,新北市土城區頂福里中州路28巷28號,24.95793,121.41476
5436,板橋區,樹林體育園區 3號-女廁,新北市板橋區溪福里樹林體育園區,24.97981945,121.4274226
5437,板橋區,樹林體育園區 3號-男廁,新北市板橋區溪福里樹林體育園區,24.97966384,121.4273958
5438,金山區,清泉里活動中心-女廁,新北市金山區清泉里清水路49號,25.233909,121.629365
5439,坪林區,坪林區公所1F-性別友善廁所,新北市坪林區坪林里坪林街101號,24.935789,121.712031
5440,三重區,三重區光榮國小地下停車場-無障礙廁,新北市三重區奕壽里介壽路32號B1 樓,25.070927,121.501318
5441,中和區,佳和公園地下停車場 B1-親子廁,新北市中和區福美里中山路2段64巷9號B1,25.004901,121.503203
5442,板橋區,五權公園地下公有停車場-男廁,新北市板橋區五權里廣權路130號地下一樓,24.992992,121.465644
5443,新莊區,頭前國中地下停車場B1-女廁,新北市新莊區和平里中原路2號B1,25.055184,121.459484
5444,八里區,新北市八里區行政中心1F-男廁,新北市八里區頂罟里八里大道18號,25.15375,121.40423
5445,八里區,新北市八里區行政中心2F-無障礙廁所,新北市八里區頂罟里八里大道18號,25.15375,121.40423
5446,永和區,永福橋旁自來水水管橋下公廁-男廁,新北市永和區福林里無,25.00785512,121.5287185
5447,板橋區,民生公園-無障礙廁所,新北市板橋區東丘里民生路1段30號,25.013522,121.476056
5448,板橋區,忠誠里辦公處-混合廁所,新北市板橋區忠誠里陽明街29巷1弄20號,25.022024,121.464294
5449,蘆洲區,蘆洲永安圖書館2F- 無障礙廁所,新北市蘆洲區延平里永安南路二段134號,25.078589,121.462587
5450,三重區,光正里里辦公室-混合廁所,新北市三重區光正里環河南路220-3號,25.053055,121.493827
5451,樹林區,金寮里辦公處-混合廁所,新北市樹林區金寮里保安街2段49號,25.000206,121.415986
5452,新店區,柴埕市民活動中心-女廁,新北市新店區柴埕里安民街79號7樓,24.967379,121.51657
5453,蘆洲區,永樂里社區關懷據點-混合廁,新北市蘆洲區永樂里永樂街38巷57弄30號,25.090897,121.457145
5454,萬里區,杜鵑公園-親子廁,新北市萬里區萬里里瑪鋉運動公園,25.17506798,121.6901171
5455,三重區,大安里里辦公室-混合廁所,新北市三重區大安里大同南路143巷18號,25.057102,121.495763
5456,三重區,神農百草公園-無障礙廁所,新北市三重區五谷里五谷王北街48巷18號,25.050775,121.475172
5457,三重區,介壽里里辦公室-混合廁所,新北市三重區介壽里萬全街22號,25.069873,121.499758
5458,三重區,瑞德里里辦公室-混合廁所,新北市三重區瑞德里仁昌街83號,25.074812,121.49917
5459,新店區,青潭公園-性別友善廁所,新北市新店區青潭里新烏路1段11巷5號,24.951091,121.547608
5460,樹林區,潭底公園-無障礙廁所,新北市樹林區潭底里保安街1段285號,24.995308,121.422601
5461,三重區,二重公園地下停車場B1-男廁,新北市三重區二重里疏洪東路二段131號,25.06654269,121.4747036
5462,三重區,光興國小地下停車場B1-男廁,新北市三重區光輝里正義南路62號,25.06001178,121.4993209
5463,三重區,光興國小地下停車場B1-女廁,新北市三重區光輝里正義南路62號,25.058881,121.498908
5464,三重區,仁義里里辦公室-混合廁所,新北市三重區仁義里大同南路172巷26號,25.057552,121.497896
5465,三芝區,共榮社區(源興居)-無障礙,新北市三芝區埔坪里埔頭坑164-2 號 (三芝遊客中心旁邊),25.24952895,121.5091619
5466,三重區,新北市政府稅捐稽徵處三重分處1F-男廁,新北市三重區過田里重陽路1段115號,25.06013,121.486994
5467,林口區,東勢銀髮俱樂部2F-性別友善廁所,新北市林口區東勢里麗園一街35號,25.068777,121.377252
5468,板橋區,新北市立圖書館板橋四維分館2F-女廁,新北市板橋區新翠里陽明街166號2F,25.024684,121.463635
5469,新莊區,新莊區富民里辦公處1F-混合廁所,新北市新莊區富民里中正路829巷22弄14號,25.027062,121.42124
5470,板橋區,板橋環球購物中心2F東外側-女廁,新北市板橋區新民里縣民大道二段7號,25.01433,121.463635
5471,新店區,新北市立圖書館新店分館3F-女廁,新北市新店區大同里大同里北新路三段一○五巷二號三樓,24.982168,121.541028
5472,新店區,忠孝里辦公處-混合廁所,新北市新店區忠孝里中正路633巷1-2號,24.989232,121.533824
5473,樹林區,鎮福宮-男廁,新北市樹林區光興里新北市樹林區光興街146巷1號之1,25.004373,121.407886
5474,五股區,福德里民眾集會所-男廁,新北市五股區福德里登林路99-9號,25.068826,121.431488
5475,新店區,平安齋廟-無障礙廁所,新北市新店區寶福里寶橋路140巷3號,24.976323,121.548327
5476,三重區,光榮里里辦公室-混合廁所,新北市三重區光榮里福裕街6號,25.061634,121.499843
5477,中和區,環狀線秀朗橋站4F-男廁,新北市中和區秀景里景平路2號,24.990511,121.525188
5478,中和區,環狀線中和站1F-親子廁所,新北市中和區連和里中山路2段271號,25.002227,121.49651
5479,中和區,環狀線橋和站2F-男廁,新北市中和區中原里板南路430號,25.004788,121.490333
5480,板橋區,環狀線板新站2F-男廁,新北市板橋區長安里板新路109號,25.01442,121.472347
5481,板橋區,環狀線板橋站3F-親子廁所,新北市板橋區新民里新站路66號,25.014973,121.46529
5482,新莊區,台北捷運環狀線(幸福站)3F站外-男廁,新北市新莊區頭前里思源路292號,25.049945,121.460254
5483,永和區,永和區衛生所1F-性別友善廁所,新北市永和區店街里秀朗路1段137號,25.004971,121.516232
5484,鶯歌區,鶯歌陶瓷博物館-遠得要命藝術廁所-男廁,新北市鶯歌區南靖里文化路200號,24.94597374,121.3500173
5485,八里區,新北市八里區行政中心3F-男廁,新北市八里區頂罟里八里大道18號,25.15399605,121.4061999
5486,永和區,麥當勞永和中正店2F-男廁,新北市永和區民治里中正路244號,24.99823157,121.5164682
5487,永和區,麥當勞永和中正店2F-女廁,新北市永和區民治里中正路244號,24.99823157,121.5164696
5488,三重區,三重南區圖書館3F北側-男廁,新北市三重區光明里重安街70號,25.057122,121.491359
5489,三重區,三重南區圖書館3F北側-無障礙廁所,新北市三重區光明里重安街70號,25.057122,121.491359
5490,石門區,北觀處白沙灣-無障礙廁所,新北市石門區德茂里下員坑33-6號,25.283263,121.519157
5491,永和區,安和里辦公處-混合廁所,新北市永和區安和里水源街43巷10號,25.003609,121.509626
5492,中和區,嘉穗里活動中心1F-無障礙,新北市中和區嘉穗里嘉穗里民利街85巷4號1樓,24.997888,121.478348
5493,三芝區,福德市民活動中心-男廁,新北市三芝區福德里福德里埔尾九之一號,25.247489,121.500563
5494,中和區,中正里辦公處1F-混和廁,新北市中和區中正里中正里連城路347巷16弄41號1樓,24.995014,121.487087
5495,五股區,五股區集賢里活動中心-男廁,新北市五股區集賢里集賢里天乙路三之一號,25.10321305,121.4484742
5496,五股區,五股區集賢里活動中心-女廁,新北市五股區集賢里天乙路三之一號,25.10321669,121.4484796
5497,土城區,清溪市民活動中心1F-混合廁,新北市土城區清溪里清水路243號,24.983453,121.461454
5498,土城區,清溪市民活動中心1F-女廁,新北市土城區清溪里清水路243號,24.983453,121.461454
5499,三重區,永清里里辦公室-混合廁所,新北市三重區永清里三和路四段390巷59號,25.078484,121.479622
5500,樹林區,樹福里辦公處-混合廁,新北市樹林區樹福里中山路1段50號,24.992176,121.423714
5501,新店區,直潭市民活動中心-女廁,新北市新店區直潭里直潭十街23號,24.938815,121.533726
5502,汐止區,姜子寮風景區-女廁,新北市汐止區東山里東山里姜子寮路,25.06321119,121.7094655
5503,汐止區,姜子寮風景區-男廁,新北市汐止區東山里東山里姜子寮路,25.06290278,121.7105797
5504,新店區,粗坑里辦公室-混合廁,新北市新店區粗坑里新北市新店區金興路40之1號,24.931989,121.552696
5505,中和區,積穗里辦公處1F-混和廁,新北市中和區積穗里積穗里員山路394巷5號1樓,25.004684,121.480867
5506,三芝區,橫山里守望相助隊-混合廁,新北市三芝區橫山里橫山里大坑八五之四號,25.25766328,121.5281491
5507,三重區,三重商工地下停車場B1-女廁,新北市三重區培德里中正北路163號,25.07042997,121.4826536
5508,板橋區,音樂公園地下停車場B2-男廁,新北市板橋區福翠里大同街70號,25.027757,121.479786
5509,板橋區,愛買概念店南雅店B1-無障礙廁所,新北市板橋區華貴里貴興路101號,25.002668,121.456215
5510,三重區,信義公園-性別友善廁所,新北市三重區文化里文化北路與信義西街口,25.06540077,121.4984706
5511,三峽區,安坑社區活動中心-男廁,新北市三峽區安坑里安坑路10-1號,24.92639693,121.4408648
5512,板橋區,音樂公園(大同街)-男廁,新北市板橋區福翠里大同街70號,25.027757,121.479786
5513,板橋區,音樂公園(大同街)-女廁,新北市板橋區福翠里大同街70號,25.027757,121.479786
5514,新店區,環狀線十四張站-女廁,新北市新店區中山里民權路282號,24.984655,121.5276
5515,三峽區,成福里活動中心2F-男廁,新北市三峽區成福里成福路44號,24.929223,121.418933
5516,三峽區,成福里活動中心2F-女廁,新北市三峽區成福里成福路44號,24.929223,121.418933
5517,三峽區,成福市民活動中心1F-混合廁所,新北市三峽區成福里成福路44號,24.929223,121.418933
5518,中和區,環狀線景安站3F-親子廁所,新北市中和區吉興里景平路486號,24.990494,121.503957
5519,八里區,新北市八里區衛生所2F-男廁,新北市八里區舊城里舊城路16號,25.147095,121.40006
5520,樹林區,新北市立圖書館樹林分館-3F女廁,新北市樹林區保安里樹新路40之7號,24.99614,121.42852
5521,板橋區,車容坊板橋站-女廁,新北市板橋區玉光里新北市板橋區縣民大道二段288號,25.01807,121.470918
5522,新莊區,新莊運動公園地下停車場B1-男廁,新北市新莊區立德里復興路一段28號B1,25.042192,121.449008
5523,新莊區,新莊運動公園地下停車場B1-無障礙廁所,新北市新莊區立德里復興路一段28號B1,25.042192,121.449008
5524,新店區,國家人權博物館人權學習中心-女廁,新北市新店區復興里復興路131號,24.987926,121.533405
5525,新店區,國家人權博物館人權學習中心-無障礙廁,新北市新店區復興里復興路131號,24.987926,121.533405
5526,新店區,國家人權博物館仁愛樓-女廁,新北市新店區復興里復興路131號,24.987926,121.533405
5527,新店區,國家人權博物館繪本教室-無障礙廁,新北市新店區復興里復興路131號,24.987926,121.533405
5528,平溪區,孝子山景觀-女廁,新北市平溪區石底里靜安路二段295號斜對面,25.02324,121.7341
5529,三重區,開元市民活動中心1F-女廁,新北市三重區開元里開元街1號,25.06658,121.50355
5530,金山區,金山立體停車場-男廁,新北市金山區大同里中興路101號,25.220119,121.641682
5531,金山區,金山立體停車場-女廁,新北市金山區大同里中興路101號,25.22031419,121.6413774
5532,金山區,金山立體停車場-親子廁間,新北市金山區大同里中興路101號,25.2202778,121.6413707
5533,板橋區,新埔國小地下停車場B1-男廁,新北市板橋區新翠里陽明街206號,25.0266,121.463252
5534,板橋區,江翠國中地下停車場B2-男廁,新北市板橋區文化里松江街63號,25.028945,121.468438
5535,永和區,樂活共生實驗基地-女廁,新北市永和區安和里水源街41號,25.004147,121.510053
5536,淡水區,新北市淡水國民運動中心3F-無障礙,新北市淡水區崁頂里中山北路2段381巷2號3F,25.187149,121.4427
5537,三峽區,恩主公醫院門診大樓東側1F-男廁,新北市三峽區鳶山里中山路258號,24.93778,121.361755
5538,三峽區,恩主公醫院中山醫療大樓1F-女廁,新北市三峽區鳶山里中山路198號,24.937048,121.363512
5539,萬里區,全聯瑪鋉店-男女廁,新北市萬里區龜吼里美崙12號,25.184753,121.686982
5540,新莊區,捷運幸福站立體停車場1F-無障礙廁所,新北市新莊區頭前里思源路296巷2號,25.050089,121.460567
5541,新莊區,JC PARK食尚廣場新莊幸福館2F-女廁,新北市新莊區中港里幸福路736號,25.049258,121.448643
5542,八里區,八里區荖阡里辦公處-混合廁,新北市八里區荖阡里荖阡坑路2-4號,25.143671,121.398414
5543,三重區,褔田市民活動中心1F-女廁,新北市三重區福田里三民街256號,25.067841,121.479378
5544,永和區,永平市民活動中心2F-男廁,新北市永和區新生里永平路368號,25.013833,121.505878
5545,淡水區,輕軌紅樹林站-女廁,新北市淡水區八勢里中正東路68號,25.154489,121.45901
5546,五股區,成功運動公園-混合廁所,新北市五股區成功里西雲路110巷,25.09155,121.443842
5547,三峽區,大埔二鬮市民活動中心-男廁,新北市三峽區大埔里中正路2段449號,24.91072666,121.3669109
5548,三峽區,大埔二鬮市民活動中心-女廁,新北市三峽區二鬮里中正路2段449號,24.90791446,121.359905
5549,三重區,重新里關懷據點-混合廁所,新北市三重區重新里正義北路28巷40號,25.063075,121.496339
5550,三重區,神農市民活動中心2F-男廁,新北市三重區五谷里五谷王北街48巷18號,25.050775,121.475172
5551,三重區,神農市民活動中心2F-女廁,新北市三重區五谷里五谷王北街48巷18號,25.050775,121.475172
5552,板橋區,重慶公園-親子廁所,新北市板橋區廣德里重慶路245巷32弄18號(擎天雙星旁),24.99991529,121.4640392
5553,五股區,觀音山硬漢嶺步道入口-男廁,新北市五股區觀音里凌雲路三段130號,25.12838925,121.4242981
5554,三重區,二重埔市民活動中心1F-無障礙廁所,新北市三重區博愛里疏洪東路二段131號,25.067769,121.475896
5555,土城區,日月光廣場1F東南側-男廁,新北市土城區員林里學府路二段210號,24.978764,121.445127
5556,土城區,日月光廣場1F西南側-男廁,新北市土城區員林里學府路二段210號,24.978764,121.445127
5557,中和區,和平街攤販集中場1F-女廁,新北市中和區景福里和平街89號1樓,24.992101,121.505038
5558,中和區,和平街攤販集中場1F-男廁,新北市中和區景福里和平街89號1樓,24.992101,121.505038
5559,三峽區,中油三峽加油站-無障礙,新北市三峽區礁溪里介壽路一段193號,24.930879,121.377854
5560,板橋區,黃石中繼市場-女廁(A區),新北市板橋區社後里公館街1號,25.012881,121.457267
5561,板橋區,重慶公園地下公有停車場(管理室後方)-男廁,新北市板橋區廣德里廣德里重慶路二六五號,24.999936,121.463515
5562,蘆洲區,蘆洲區重陽市民活動中心-無障礙廁所,新北市蘆洲區樓厝里集賢路221巷11號,25.085719,121.483695
5563,汐止區,新昌活動中心1F-混合廁所,新北市汐止區新昌里仁愛路三一八號,25.06753321,121.664855
5564,汐止區,新昌活動中心1F-無障礙廁所,新北市汐止區新昌里仁愛路三一八號,25.067547,121.664869
5565,新莊區,JC PARK食尚廣場新莊幸福館B2-男廁,新北市新莊區中港里幸福路736號B2,25.049258,121.448643
5566,新莊區,JC PARK食尚廣場新莊幸福館B2-無障礙廁所,新北市新莊區中港里幸福路736號B2,25.049258,121.448643
5567,汐止區,福安宮活動中心-男廁,新北市汐止區八連里八連路二段225號之1,25.095635,121.633015
5568,汐止區,福安宮活動中心-女廁,新北市汐止區八連里八連路二段225號之1,25.095635,121.633015
5569,雙溪區,紅壇公廁,新北市雙溪區泰平里溪尾寮,24.967236,121.81905
5570,中和區,東南里集會所1F-混和廁,新北市中和區東南里忠孝街37巷61號1樓,24.984582,121.51027
5571,土城區,明德市民活動中心1F-男廁,新北市土城區明德里學士路100號,24.979852,121.461454
5572,永和區,光復里辦公處-混合廁所,新北市永和區光復里光復街2巷6號,121.516779,25.016524
5573,板橋區,懷石公園-親子廁所,新北市板橋區懷翠里環河西路四段699巷與田單北街交叉口,25.033332,121.479558
5574,泰山區,河濱公園-無障礙廁所,新北市泰山區楓樹里和平街139號旁,25.064563,121.436637
5575,坪林區,南山寺-女廁,新北市坪林區漁光里樟空子路5號,24.96770122,121.7272657
5576,金山區,杜鵑公園-女廁,新北市金山區金美里信義路,25.22030206,121.6367626
5577,淡水區,捷運竹圍站-無障礙廁所,新北市淡水區竹圍里民權路50號,25.13699991,121.4594793
5578,淡水區,滬尾砲台-無障礙廁所,新北市淡水區油車里中正路1段6巷34之1號,25.178538,121.431268
5579,板橋區,江翠國中地下停車場B2-無障礙廁所,新北市板橋區文化里松江街63號,25.028945,121.468438
5580,板橋區,華中公園-無障礙廁所,新北市板橋區華中里僑中一街124巷,25.012509,121.445853
5581,中和區,錦昌里辦公處1F-女廁,新北市中和區錦昌里錦昌里圓通路三六七巷七號一樓,24.988356,121.492228
5582,中和區,安順里辦公處1F-混和廁,新北市中和區安順里安順里宜安路47巷8號1樓,24.996544,121.511509
5583,五股區,五股區成德里集會所-混合廁,新北市五股區成德里成德里凌雲路一段三○號,25.10067608,121.4521033
5584,蘆洲區,信義里社區關懷據點-混合廁,新北市蘆洲區信義里民族路167巷10號,25.088349,121.478463
5585,瑞芳區,濂洞市民活動中心混合廁,新北市瑞芳區濂洞里洞頂路235-1號,25.122223,121.861166
5586,新店區,交通公園-男廁,新北市新店區明德里民族路109號,24.976675,121.538529
5587,新店區,交通公園-女廁,新北市新店區明德里民族路109號,24.976675,121.538529
5588,新店區,新店市立圖書館無障礙廁所,新北市新店區大同里大同里北新路三段一○五巷二號三樓,24.982168,121.541028
5589,土城區,新北市立土城醫院1F醫事櫃台旁-女廁,新北市土城區埤塘里金城路二段6號,24.976437,121.44873
5590,土城區,新北市立土城醫院3F健檢中心旁-無障礙廁所,新北市土城區埤塘里金城路二段6號,24.976437,121.44873
5591,樹林區,東昇公園-親子廁所,新北市樹林區東昇里復興路408號,24.984971,121.414475
5592,瑞芳區,瑞芳運動公園-女廁,新北市瑞芳區新峰里員山子路蛇子形路交叉口,25.10328,121.10328
5593,八里區,萊爾富八里大船店-混合廁所,新北市八里區訊塘里商港路8號,25.144632,121.397178
5594,板橋區,肯德基板橋埔墘店2F-女廁,新北市板橋區光仁里中山路二段249號,25.017636,121.477327
5595,淡水區,將捷金鬱金香酒店-無障礙廁所,新北市淡水區油車里中正路1段2號,25.176596,121.429053
5596,土城區,日月光廣場1F西南側-女廁,新北市土城區員林里學府路二段210號,24.978764,121.445127
5597,土城區,日月光廣場B1機車停車場-無障礙廁所,新北市土城區員林里學府路二段210號,24.978764,121.445127
5598,土城區,日月光廣場B2美食街內-男廁,新北市土城區員林里學府路二段210號,24.978764,121.445127
5599,土城區,日月光廣場B2美食街內-女廁,新北市土城區員林里學府路二段210號,24.978764,121.445127
5600,土城區,日月光廣場B2西南側-女廁,新北市土城區員林里學府路二段210號,24.978764,121.445127
5601,板橋區,新北市市定古蹟台北放送局板橋放送所-無障礙廁所,新北市板橋區國泰里板橋區民族路130巷67號,25.007667,121.464701
5602,三重區,光榮銀髮教育中心1F-無障礙廁所,新北市三重區奕壽里介壽路26號之1,25.072151,121.500223
5603,板橋區,新北市立圖書館板橋四維分館3F-女廁,新北市板橋區新翠里陽明街166號3F,25.024684,121.463635
5604,板橋區,捷運板橋站左側-親子廁,新北市板橋區新民里縣民大道二段七號B1,25.01433,121.463635
5605,三重區,文化里里辦公室-混合廁所,新北市三重區文化里信義西街1巷9號,25.065066,121.498011
5606,平溪區,南山市民活動中心-性別友善廁所,新北市平溪區南山里靜安路三段232號,25.039401,121.776279
5607,新莊區,中港第二市民活動中心4F-男廁,新北市新莊區中華里中港路350號4樓,25.046313,121.451967
5608,蘆洲區,鷺江里共餐據點-混合廁,新北市蘆洲區鷺江里信義路319巷8號,25.086265,121.477825
5609,淡水區,水碓里活動中心-男廁,新北市淡水區水碓里中山北路1段158號,25.178032,121.444153
5610,汐止區,拱北里辦公室-混合廁,新北市汐止區拱北里汐萬路二段269號1樓,25.088775,121.646068
5611,樹林區,彭興親子公園-無障礙廁所,新北市樹林區彭興里八德街341號,24.973742,121.418679
5612,板橋區,廣福公園-無障礙,新北市板橋區廣福里廣權路五權公園旁(干城路底),24.99155621,121.4630736
5613,蘆洲區,溪墘湧蓮市民活動中心地下停車場B1-女廁,新北市蘆洲區溪墘里信義路73巷2號,25.079571,121.476051
5614,三重區,後竹圍街市民活動中心1F-男廁,新北市三重區永德里自強路三段42巷11號,25.07264,121.485967
5615,三重區,中油重陽橋加油站-無障礙廁所,新北市三重區富貴里集賢路72號,25.088459,121.492883
5616,林口區,婦幼公園-性別友善廁所,新北市林口區東勢里文化一路麗園一街旁,25.07180992,121.377393
5617,土城區,日月光廣場1F北側-無障礙廁所,新北市土城區員林里學府路二段210號,24.978764,121.445127
5618,土城區,日月光廣場B2電視牆前-無障礙廁所,新北市土城區員林里學府路二段210號,24.978764,121.445127
5619,板橋區,車容坊板橋站-男廁,新北市板橋區玉光里縣民大道二段288號,25.01807,121.470918
5620,新莊區,新莊運動公園地下停車場B1-女廁,新北市新莊區立德里復興路一段28號B1,25.042192,121.449008
5621,新店區,國家人權博物館仁愛樓-男廁,新北市新店區復興里復興路131號,24.987926,121.533405
5622,蘆洲區,中路里辦公處-混合廁,新北市蘆洲區中路里中路里正和街九六巷一八號,25.081099,121.467318
5623,雙溪區,牡丹火車站-無障礙,新北市雙溪區牡丹里牡丹159號,25.058547,121.850592
5624,八里區,下庄公有零售市場-男廁,新北市八里區舊城里舊城路19號,25.146581,121.399865
5625,石門區,北觀處遊客中心-男廁,新北市石門區德茂里下員坑33-6號,25.283263,121.519157
5626,中和區,統一超商中和天城門市1F-混和廁,新北市中和區秀明里景平路240巷1弄4號1樓,24.993162,121.515277
5627,永和區,光復里辦公處-混合廁所,新北市永和區光復里光復街2巷6號,121.516779,25.016524
5628,三芝區,三芝智成堂（文武聖廟）-女廁,新北市三芝區錫板里海尾,25.25700591,121.4789037
5629,三重區,二重公園地下停車場B1-女廁,新北市三重區二重里疏洪東路二段131號,25.06650381,121.4747089
5630,貢寮區,澳底公園地下停車場B1-女廁,新北市貢寮區真理里仁愛路43號,25.054081,121.925425
5631,板橋區,板橋轉運站2F-男廁,新北市板橋區新民里新站路66號,25.015277,121.464699
5632,三重區,車容坊加油站碧華站-無障礙廁所,新北市三重區碧華里溪尾街268號,25.08331,121.487398
5633,萬里區,台亞萬里加油站-無障礙廁所,新北市萬里區大鵬里萬里加投83號,25.21147726,121.6483498
5634,石碇區,建德加油站-女廁,新北市石碇區豐林里文山路1段9號,25.008467,121.642942
5635,鶯歌區,鳳鳴活動中心-無障礙廁所,新北市鶯歌區鳳鳴里永和街34巷8號,24.967461,121.333353
5636,五股區,五福里集會所男女混合廁,新北市五股區五福里五福路22巷25號,25.089403,121.435265
5637,土城區,學士里辦公處1F-混合廁,新北市土城區學府里裕民路214巷38號,24.983283,121.452037
5638,中和區,鶴齡交誼中心1F-女廁,新北市中和區廟美里廟美街6巷3號1樓,25.001522,121.501206
5639,三芝區,陽明山國家公園二子坪遊客服務站—男廁,新北市三芝區興華里二子坪遊客服務站,25.18607104,121.5252015
5640,三芝區,陽明山國家公園二子坪遊客服務站—女廁,新北市三芝區興華里二子坪遊客服務站,25.18603948,121.5251935
5641,三芝區,陽明山國家公園二子坪遊客服務站—無障礙廁,新北市三芝區興華里二子坪遊客服務站,25.18599094,121.5251935
5642,中和區,佳和運動公園兒童遊戲區-女廁,新北市中和區福美里莊敬路32巷7號旁,25.004892,121.501679
5643,板橋區,麥當勞板橋篤行店2F-無障礙廁所,新北市板橋區溪福里篤行路三段99號2F,24.984667,121.426309
5644,土城區,日月光廣場B2西側-女廁,新北市土城區員林里學府路二段210號,24.978764,121.445127
5645,板橋區,四維公園活動中心-女廁,新北市板橋區新翠里陽明街166號,25.024684,121.463635
5646,板橋區,新北市立圖書館板橋四維分館閱覽室1F-女廁,新北市板橋區新翠里板橋區陽明街166號,25.024684,121.463635
5647,土城區,神明會大墓公1F-無障礙廁所 ,新北市土城區埤塘里忠義路61號,24.968053,121.440714
5648,三重區,肯德基三重三和店1F-無障礙廁所,新北市三重區慈生里三和路4段193號,25.07929,121.482355
5649,平溪區,平溪納骨塔-男廁,新北市平溪區嶺腳里平溪段71地號,25.02707936,121.740629
5650,樹林區,大同里辦公處-混合廁,新北市樹林區大同里大同里大同街一○巷二○號,24.98297,121.41836
5651,板橋區,景星市民活動中心-混合廁所,新北市板橋區景星里景福路27號,25.005571,121.461457
5652,板橋區,板橋區溪崑聯合服務中心4F-女廁,新北市板橋區堂春里溪北路111號,24.988496,121.43049
5653,板橋區,板橋環球購物中心2F東外側-男廁,新北市板橋區新民里縣民大道二段7號,25.01433,121.463635
5654,坪林區,水柳腳立體停車場1F-無障礙廁所,新北市坪林區坪林里水柳腳34-1號,24.93557437,121.7102315
5655,坪林區,新北市坪林茶業博物館1F-無障礙廁所,新北市坪林區水德里水聳淒坑19-1號,24.934335,121.712761
5656,板橋區,捷運亞東醫院站B1-親子廁所,新北市板橋區華東里南雅南路2段17號,24.999544,121.453163
5657,新店區,柴埕市民活動中心-無障礙廁所,新北市新店區柴埕里安民街79號7樓,24.967379,121.51657
5658,新莊區,福前市民活動中心2F-男廁,新北市新莊區福基里化成路746巷2號,25.05767,121.465877
5659,鶯歌區,鳳福里活動中心-無障礙廁所,新北市鶯歌區鳳福里鳳吉一街167之1號,24.975442,121.329102
5660,汐止區,好市多汐止店B1入口-親子廁所,新北市汐止區樟樹里大同路一段166號,25.056172,121.633169
5661,土城區,中油亞柏土城加油站1F-男廁,新北市土城區日和里中華路一段164號,24.983512,121.441453
5662,土城區,中油亞柏土城加油站1F-女廁,新北市土城區日和里中華路一段164號,24.983512,121.441453
5663,三重區,中油菜寮加油站-無障礙廁所,新北市三重區過田里重新路3段157號,25.058904,121.489644
5664,三重區,進安公園-男廁,新北市三重區富貴里仁義街口,25.08660944,121.4935648
5665,三重區,進安公園-女廁,新北市三重區富貴里仁義街口,25.08652199,121.4935648
5666,樹林區,統一超商樹林慶嶸門市,新北市樹林區潭底里保安街一段三二三號,24.998114,121.417773
5667,三峽區,7-11三角湧門市(男女廁),新北市三峽區大埔里中正路二段二○○號,24.91443156,121.3658139
5668,萬里區,萬里區公所四樓-性別友善廁所,新北市萬里區萬里里瑪鋉路123號4F,25.175934,121.687788
5669,板橋區,捷運板橋站右側-親子廁,新北市板橋區新民里縣民大道二段七號B1,25.01433,121.463635
5670,板橋區,介壽里辦公室-混合廁,新北市板橋區介壽里文化路1段270巷45號1樓,25.020287,121.468496
5671,永和區,永福里辦公處-混合廁所,新北市永和區永福里國中路150號,25.006936,121.522567
5672,汐止區,水蓮山莊商店街-女廁,新北市汐止區湖蓮里湖蓮里湖前街一一○巷九七弄二四之七號地下一樓,25.077722,121.630591
5673,淡水區,水碓里活動中心-女廁,新北市淡水區水碓里中山北路1段158號,25.178032,121.444153
5674,新店區,直潭市民活動中心-男廁,新北市新店區直潭里直潭十街23號,24.938815,121.533726
5675,三重區,神農百草公園-男廁,新北市三重區五谷里五谷王北街48巷18號,25.050775,121.475172
5676,三重區,神農百草公園-女廁,新北市三重區五谷里五谷王北街48巷18號,25.050775,121.475172
5677,土城區,日和市民活動中心1F-女廁,新北市土城區日和里中華路1段225號,24.983373,121.441945
5678,板橋區,真武廟-女廁,新北市板橋區光復里光復里光復街一九二巷一一號,25.020073,121.486014
5679,樹林區,樂山里辦公處-無障礙廁所,新北市樹林區樂山里樂山里中和街三八號三樓,24.97364815,121.3898508
5680,板橋區,挹秀里辦公處-混合廁,新北市板橋區挹秀里文化路1段52巷17號,25.011502,121.460877
5681,樹林區,西山福德宮-性別友善廁所,新北市樹林區山佳里山佳里佳園路一段九五號之六,24.96978741,121.3937485
5682,板橋區,樹林體育園區 A-男廁,新北市板橋區溪福里樹林體育園區,24.98196773,121.4270589
5683,八里區,八里區米倉里銀髮俱樂部-混合廁,新北市八里區米倉里渡船頭街11巷8號,25.158871,121.434352
5684,鶯歌區,中鶯里活動中心-女廁,新北市鶯歌區中鶯里建國路108號三樓,24.954298,121.353359
5685,坪林區,坪林區公所1F-無障礙廁所,新北市坪林區坪林里坪林街101號,24.935789,121.712031
5686,三重區,三重區光榮國小地下停車場-男廁,新北市三重區奕壽里介壽路32號B1 樓,25.070927,121.501318
5687,三重區,三重區光榮國小地下停車場-女廁,新北市三重區奕壽里介壽路32號B1 樓,25.070927,121.501318
5688,板橋區,歡園市民活動中心-無障礙廁所,新北市板橋區歡園里大觀路1段38巷1-7號,25.004492,121.442817
5689,瑞芳區,新峰里市民活動中心男女廁,新北市瑞芳區新峰里新峰里三爪子坑路一○六號,25.107742,121.816536
5690,三重區,洞水宮-混合廁所,新北市三重區長安里文化北路87巷9號,25.067464,121.498572
5691,五股區,福德里民眾集會所-女廁,新北市五股區福德里登林路99-9號,25.068826,121.431488
5692,樹林區,坡內市民活動中心-混合廁,新北市樹林區坡內里備內街117號,24.98947,121.405703
5693,樹林區,鎮福宮-女廁,新北市樹林區光興里光興街146巷1號之1,25.004373,121.407886
5694,永和區,保平里辦公處-混合廁所,新北市永和區保平里保平路268巷28號,25.006426,121.50767
5695,三芝區,福德市民活動中心-女廁,新北市三芝區福德里福德里埔尾九之一號,25.247489,121.500563
5696,三芝區,店子興華市民活動中心-無障礙廁所,新北市三芝區興華里興華里楓子林四七之一號,25.209851,121.48866
5697,板橋區,車容坊板橋站-無障礙廁所,新北市板橋區玉光里縣民大道二段288號,25.01807,121.470918
5698,三芝區,台北太子宮無極聖殿-男廁,新北市三芝區茂長里茂長里陳厝坑五一之一號,25.265893,121.508239
5699,三芝區,店子興華市民活動中心-男廁,新北市三芝區興華里興華里楓子林四七之一號,25.209851,121.48866
5700,中和區,中原里辦公處1F-混和廁,新北市中和區中原里中原街123號1樓,25.010749,121.485758
5701,板橋區,德翠里辦公處-混合廁,新北市板橋區德翠里龍泉街108巷9號,25.024377,121.456484
5702,五股區,五股里活動中心1F-女廁,新北市五股區五股里中興路四段67號之1,25.083583,121.436818
5703,五股區,五股里活動中心1F-男廁,新北市五股區五股里中興路四段67號之1,25.083583,121.436818
5704,淡水區,福德里辦公室-混合廁,新北市淡水區福德里福德里自強路五八號,25.127533,121.463223
5705,土城區,沛陂市民活動中心1F-女廁,新北市土城區沛陂里三民路23巷8弄9號,24.963598,121.419376
5706,三重區,麥當勞三重龍門店2F-混合廁所,新北市三重區尚德里龍門路42號,25.072474,121.496038
5707,板橋區,音樂公園(大同街)-無障礙廁所,新北市板橋區福翠里大同街70號,25.027757,121.479786
5708,蘆洲區,台灣中油蘆洲三民路站-女廁,新北市蘆洲區正義里三民路550-6號,25.09344,121.461834
5709,淡水區,輕軌淡水漁人碼頭站-女廁,新北市淡水區沙崙里中正路2段51巷,25.181675,121.418235
5710,三峽區,新北市客家文化園區圓樓側1F-男廁,新北市三峽區鳶山里隆恩街239號,24.94151977,121.3598995
5711,三重區,港漧公園-男廁,新北市三重區福利里福德南路152號旁,25.058133,121.500653
5712,三重區,港漧公園-女廁,新北市三重區福利里福德南路152號旁,25.058133,121.500653
5713,中和區,佳和公園地下停車場 B1-男廁,新北市中和區福美里中山路2段64巷9號B1,25.004901,121.503203
5714,中和區,佳和公園地下停車場 B1-無障礙廁所,新北市中和區福美里中山路2段64巷9號B1,25.004901,121.503203
5715,新莊區,頭前國中地下停車場B1-男廁,新北市新莊區和平里中原路2號B1,25.055184,121.459484
5716,三重區,碧華公園-性別友善1,新北市三重區碧華里仁華街118巷9號之8,25.083966,121.486913
5717,淡水區,新北市淡水國民運動中心1F-無障礙,新北市淡水區崁頂里中山北路2段381巷2號,25.187149,121.4427
5718,淡水區,新北市淡水國民運動中心1F-親子廁,新北市淡水區崁頂里中山北路2段381巷2號,25.187149,121.4427
5719,永和區,樂活共生實驗基地-無障礙廁所,新北市永和區安和里水源街41號,25.004147,121.510053
5720,三峽區,恩主公醫院門診大樓西側1F-男廁,新北市三峽區鳶山里中山路258號,24.93778,121.361755
5721,樹林區,中山市民活動中心-無障礙廁所,新北市樹林區中山里中山路三段四○號二樓,24.97339577,121.3938232
5722,蘆洲區,水河里辦公處-混合廁,新北市蘆洲區水河里仁愛街一六號一樓,25.092703,121.472412
5723,淡水區,陽明山國家公園二子坪遊憩區-男廁,新北市淡水區水源里百六戛,25.17810345,121.5146886
5724,汐止區,林森公有市場-女廁,新北市汐止區宜興里汐止國道高速公路高架橋下,25.03951053,121.6235088
5725,板橋區,樹林體育園區 1號-混合廁,新北市板橋區溪福里樹林體育園區,24.97942071,121.4263659
5726,板橋區,樹林體育園區 2號-女廁,新北市板橋區溪福里樹林體育園區,24.9800193,121.4271593
5727,板橋區,樹林體育園區 A-親子廁所,新北市板橋區溪福里樹林體育園區,24.98202414,121.427134
5728,土城區,延祿里辦公處1F-混合廁,新北市土城區延祿里金城路三段209號,24.989566,121.470403
5729,新店區,捷運新店公所站-性別友善廁,新北市新店區新德里北新路1段295號,24.967426,121.541118
5730,三峽區,恩主公醫院門診大樓4F-性別友善廁所,新北市三峽區鳶山里中山路258號,24.93778,121.361755
5731,新店區,麥當勞-新店北新店-男廁所2F,新北市新店區新安里北新路二段102號,24.973835,121.543087
5732,新店區,麥當勞-新店北新店-女廁所2F,新北市新店區新安里北新路二段102號,24.973835,121.543087
5733,新莊區,捷運幸福站立體停車場1F-女廁,新北市新莊區頭前里思源路296巷2號,25.050089,121.460567
5734,新莊區,JC PARK食尚廣場新莊幸福館2F-無障礙廁所,新北市新莊區中港里幸福路736號,25.049258,121.448643
5735,蘆洲區,仁復里辦公處-混合廁,新北市蘆洲區仁復里得勝街69巷16號,25.083414,121.473878
5736,五股區,五股區文康中心1樓-女廁,新北市五股區民義里民義里民義路一段二一八號1樓,25.090309,121.429447
5737,五股區,五股區文康中心1樓-男廁,新北市五股區民義里民義里民義路一段二一八號一樓,25.090309,121.429447
5738,汐止區,福安宮活動中心-混合廁,新北市汐止區八連里八連路二段225號之1,25.095635,121.633015
5739,永和區,福林里辦公處-混合廁所,新北市永和區福林里福和路122號,25.00812,121.521856
5740,永和區,竹林里辦公處-混合廁所,新北市永和區竹林里豫溪街151巷9號,25.010933,121.520843
5741,新莊區,新泰市民活動中心1F-無障礙廁所,新北市新莊區忠孝里建中街116巷3弄20號,25.037062,121.445587
5742,土城區,明德市民活動中心1F-無障礙廁,新北市土城區明德里學士路100號,24.979852,121.461454
5743,三芝區,芝柏山莊-男廁,新北市三芝區茂長里芝柏路,25.25569824,121.5120295
5744,三芝區,芝柏山莊-女廁,新北市三芝區茂長里芝柏路,25.25569824,121.5120295
5745,三峽區,三峽宰樞廟-混合廁所,新北市三峽區秀川里秀川街28號,24.934408,121.3719
5746,石碇區,永安1F-女廁(一),新北市石碇區永安里無,24.937099,121.645752
5747,金山區,中山公園-男廁,新北市金山區大同里溫泉路3號,25.222016,121.640356
5748,三峽區,金圳里辦公處-混合廁所,新北市三峽區金圳里金敏23-1號,24.877738,121.391276
5749,板橋區,台亞板橋民生站-男廁,新北市板橋區玉光里民生路二段19號,25.01657,121.472143
5750,板橋區,台亞板橋民生站-無障礙廁所,新北市板橋區玉光里民生路二段19號,25.01657,121.472143
5751,三芝區,八賢市民活動中心-無障礙廁所,新北市三芝區八賢里八連溪41號,25.246551,121.509133
5752,中和區,佳和公園地下停車場 B1-女廁,新北市中和區福美里中山路2段64巷9號B1,25.004901,121.503203
5753,板橋區,五權公園地下公有停車場-親子廁,新北市板橋區五權里廣權路130號地下一樓,24.992992,121.465644
5754,三重區,碧華公園-女廁,新北市三重區碧華里仁華街118巷9號之8,25.083966,121.486913
5755,三重區,碧華公園-男廁,新北市三重區碧華里仁華街118巷9號之8,25.083966,121.486913
5756,三重區,碧華公園-性別友善2,新北市三重區碧華里118巷9號之8,25.083966,121.486913
5757,淡水區,新北市淡水國民運動中心2F-男廁,新北市淡水區崁頂里中山北路2段381巷2號 2F,25.187149,121.4427
5758,淡水區,新北市淡水國民運動中心3F-女廁,新北市淡水區崁頂里中山北路2段381巷2號3F,25.187149,121.4427
5759,淡水區,新北市淡水國民運動中心4F-無障礙,新北市淡水區崁頂里中山北路2段381巷2號4F,25.187149,121.4427
5760,新莊區,新莊運動公園地下停車場B1-親子廁所,新北市新莊區立德里復興路一段28號B1,25.042192,121.449008
5761,新店區,國家人權博物館仁愛樓-無障礙廁,新北市新店區復興里復興路131號,24.987926,121.533405
5762,八里區,下庄公有零售市場-女廁,新北市八里區舊城里舊城路19號,25.146581,121.399865
5763,板橋區,重慶公園地下公有停車場-女廁,新北市板橋區廣德里重慶路二六五號,24.999936,121.463515
5764,新店區,統一商店能仁店-混和廁所,新北市新店區廣明里光明街38號,24.959178,121.538447
5765,新店區,統一超商安康門市-混和廁,新北市新店區安昌里安德街72號1樓,24.96178,121.51031
5766,新莊區,建福公園-無障礙廁所,新北市新莊區建福里建福路53號,25.027598,121.426751
5767,汐止區,新昌活動中心2F-混合廁所,新北市汐止區新昌里仁愛路三一八號2F,25.06756486,121.66484
5768,土城區,捷運海山站B2-男廁,新北市土城區樂利里海山路39號,24.986619,121.449485
5769,土城區,捷運海山站B2-多功能廁所,新北市土城區樂利里海山路39號,24.986619,121.449485
5770,新莊區,裕民市民活動中心3F-男廁,新北市新莊區裕民里中正路新生巷66號,25.022677,121.417299
5771,瑞芳區,黃金博物館共學館（無障礙）,新北市瑞芳區銅山里金光路８號,25.106259,121.859407
5772,淡水區,滬尾藝文休閒園區禮萊廣場-女廁,新北市淡水區油車里中正路一段2號,25.176596,121.429053
5773,新店區,國家人權博物館繪本教室-女廁,新北市新店區復興里復興路131號,24.987926,121.533405
5774,淡水區,福容飯店淡水漁人碼頭-男廁,新北市淡水區沙崙里新北市淡水區觀海路83號,25.1821,121.41549
5775,淡水區,福容飯店淡水漁人碼頭-女廁,新北市淡水區沙崙里觀海路83號,25.1821,121.41549
5776,金山區,杜鵑公園-男廁,新北市金山區金美里信義路,25.2202778,121.6367304
5777,金山區,杜鵑公園-無障礙廁所,新北市金山區金美里信義路,25.22033555,121.6367278
5778,平溪區,孝子山景觀-男廁,新北市平溪區石底里靜安路二段295號斜對面,25.02324,121.7341
5779,淡水區,滬尾砲台-女廁,新北市淡水區油車里中正路1段6巷34之1號,25.178538,121.431268
5780,板橋區,四維公園地下停車場B1-男廁,新北市板橋區新翠里四維路177巷3弄6號,25.025504,121.463897
5781,林口區,新北市佳林國中1F女廁,新北市林口區中湖里中山路268號1樓,25.08074281,121.3843024
5782,林口區,新北市佳林國中1F無障礙,新北市林口區中湖里中山路268號1樓,25.08075253,121.3842997
5783,蘆洲區,溪墘湧蓮市民活動中心地下停車場B1-男廁,新北市蘆洲區溪墘里信義路73巷2號,25.079571,121.476051
5784,淡水區,新北市淡水國民運動中心4F-男廁,新北市淡水區崁頂里中山北路2段381巷2號4F,25.187149,121.4427
5785,三峽區,恩主公醫院門診大樓西側1F-無障礙,新北市三峽區鳶山里中山路258號,24.93778,121.361755
5786,新店區,麥當勞-新店北新店-男廁所,新北市新店區新安里北新路二段102號,24.973835,121.543087
5787,新店區,麥當勞-新店北新店-無障礙廁所,新北市新店區新安里北新路二段102號,24.973835,121.543087
5788,鶯歌區,公有市場2樓美食廣場-男廁,新北市鶯歌區中鶯里建國路一○八號二樓,24.95436829,121.3533598
5789,鶯歌區,公有市場2樓美食廣場-性別友善廁,新北市鶯歌區中鶯里建國路一○八號二樓,24.95432992,121.3532579
5790,新莊區,捷運幸福站立體停車場1F-男廁,新北市新莊區頭前里思源路296巷2號,25.050089,121.460567
5791,新莊區,JC PARK食尚廣場新莊幸福館B1-男廁,新北市新莊區中港里幸福路736號,25.049258,121.448643
5792,石門區,山溪里活動中心-無障礙廁,新北市石門區山溪里老崩山6-5號,25.290889,121.55172
5793,板橋區,新北市立圖書館板橋四維分館3F-無障礙廁所,新北市板橋區新翠里陽明街一六六號3F,25.02497023,121.4636207
5794,貢寮區,貢寮區公所3F-性別友善廁所,新北市貢寮區貢寮里長泰路二○號3F,25.018936,121.90738
5795,三重區,五常里里辦公室-混合廁所,新北市三重區五常里仁義街157巷96號1樓,25.082046,121.499004
5796,新莊區,新莊區中原里辦公處1F-混合廁,新北市新莊區中原里中原路259號1樓,25.054231,121.448633
5797,三重區,光華里里辦公室-混合廁所,新北市三重區光華里信義街75號1樓,25.065134,121.501658
5798,樹林區,和平里辦公處-混合廁,新北市樹林區和平里仁愛街12巷10號,24.981629,121.422028
5799,樹林區,中山市民活動中心-性別友善廁所,新北市樹林區中山里中山路三段四○號,24.972453,121.393874
5800,石門區,北觀處遊客中心-女廁,新北市石門區德茂里下員坑33-6號,25.283263,121.519157
5801,汐止區,統一超商汐止新樟樹店-男女廁,新北市汐止區厚德里樟樹二路二五五號,25.06842244,121.6407446
5802,新莊區,民安國小地下停車場B1-親子廁所,新北市新莊區民全里民安路261號B1,25.021633,121.427798
5803,林口區,林口區公有零售市場-女廁,新北市林口區西林里林口路一五號,25.077891,121.391442
5804,板橋區,重慶公園地下公有停車場-男廁,新北市板橋區廣德里重慶路二六五號,24.999936,121.463515
5805,新莊區,丹鳳市民活動中心1-混合廁,新北市新莊區雙鳳里新北大道七段718巷45號,25.024674,121.411824
5806,中和區,信和里辦公處1F-混和廁,新北市中和區信和里新生街186巷2號1樓,24.999749,121.483495
5807,中和區,福南里辦公處1F-混和廁,新北市中和區福南里興南路2段34巷60號1樓,24.984887,121.504997
5808,淡水區,忠山里社區老人活動中心-混合廁,新北市淡水區忠山里奎柔山路213號,25.205463,121.457341
5809,新店區,捷運大坪林站B1-男廁,新北市新店區寶安里北新路3段190號,24.983585,121.541467
5810,中和區,鶴齡交誼中心1F-男廁,新北市中和區廟美里廟美街6巷3號1樓,25.001522,121.501206
5811,新莊區,中港第一市民活動中心1F-男廁,新北市新莊區中美里中港路172號1樓,25.041671,121.455006
5812,板橋區,樹林體育園區 3號-無障礙廁所,新北市板橋區溪福里樹林體育園區,24.97956173,121.4281576
5813,板橋區,樹林體育園區 A-女廁,新北市板橋區溪福里樹林體育園區,24.98188993,121.4271662
5814,金山區,清泉里活動中心-無障礙廁所,新北市金山區清泉里清水路49號,25.233909,121.629365
5815,汐止區,基督教汐止浸信會-混合廁,新北市汐止區義民里民生街7號,25.068795,121.660064
5816,土城區,清水市民活動中心B1-無障礙廁所,新北市土城區清水里明德路1段250號,24.977747,121.459492
5817,三重區,後竹圍街市民活動中心1F-無障礙廁所,新北市三重區永德里自強路三段42巷11號,25.07264,121.485967
5818,三重區,聯邦市民活動中心1F-無障礙廁所,新北市三重區田心里中華路125號,25.063851,121.484455
5819,三重區,三重崇德圖書館3F-男廁,新北市三重區崇德里仁孝街62號,25.074459,121.497317
5820,林口區,婦幼公園-性別友善廁所,新北市林口區東勢里文化一路麗園一街旁,25.0714704,121.377513
5821,土城區,日月光廣場1F北側-男廁,新北市土城區員林里學府路二段210號,24.978764,121.445127
5822,土城區,日月光廣場B1機車停車場-男廁,新北市土城區員林里學府路二段210號,24.978764,121.445127
5823,土城區,日月光廣場B2電視牆前-男廁,新北市土城區員林里學府路二段210號,24.978764,121.445127
5824,淡水區,屯山里辦公室-混合廁,新北市淡水區屯山里7鄰石頭厝9-3號,25.23673,121.458487
5825,五股區,五福里集會所男廁,新北市五股區五福里22巷25號,25.089403,121.435265
5826,三芝區,陽明山國家公園大屯自然公園遊客服務站—混合廁,新北市三芝區興華里大屯遊客服務站,25.18766085,121.5218675
5827,中和區,佳和運動公園兒童遊戲區-男廁,新北市中和區福美里莊敬路32巷7號旁,25.004892,121.501679
5828,平溪區,紫東社區-混合廁所,新北市平溪區東勢里火燒寮6號,25.001649,121.747024
5829,中和區,中和區公所D棟2F-男廁,新北市中和區漳和里景平路634-2號2樓,24.998545,121.500735
5830,三峽區,成福市民活動中心1F-無障礙廁所,新北市三峽區成福里成福路44號,24.929223,121.418933
5831,三芝區,台灣中油經國南海站-無障礙廁所,新北市三芝區埔坪里北海路二段168號,25.261225,121.502774
5832,新店區,寶興活動中心-男廁,新北市新店區寶興里寶中路65巷59號,24.981347,121.545762
5833,中和區,中和區公所D棟2F-女廁,新北市中和區漳和里景平路634-2號2樓,24.998545,121.500735
5834,石門區,老梅市民活動中心2F-性別友善廁所,新北市石門區老梅里老梅路43號,25.289432,121.545195
5835,金山區,金山獅頭山-無障礙廁所,新北市金山區磺港里金山獅頭山公園內,25.231082,121.64923
5836,三峽區,中油宏福加油站-無障礙廁,新北市三峽區溪南里介壽路一段五五○號,24.934664,121.389167
5837,板橋區,府後立體停車場-女廁,新北市板橋區挹秀里府中路32號,25.009864,121.458456
5838,板橋區,五權公園地下公有停車場-無障礙廁,新北市板橋區五權里廣權路130號地下一樓,24.992992,121.465644
5839,板橋區,五權公園地下公有停車場-女廁,新北市板橋區五權里廣權路130號地下一樓,24.992992,121.465644
5840,新莊區,頭前國中地下停車場B1-無障礙廁所,新北市新莊區和平里中原路2號B1,25.055184,121.459484
5841,永和區,樂活共生實驗基地-男廁,新北市永和區安和里水源街41號,25.004147,121.510053
5842,新店區,福神宮-女廁,新北市新店區美潭里北宜路2段124-1號,24.953461,121.550541
5843,新莊區,捷運幸福站立體停車場1F-親子廁所,新北市新莊區頭前里思源路296巷2號,25.050089,121.460567
5844,新莊區,JC PARK食尚廣場新莊幸福館2F-男廁,新北市新莊區中港里幸福路736號,25.049258,121.448643
5845,三芝區,新庄自行車公園-性別友善廁所,新北市三芝區新庄里番社后3-1號,25.26860468,121.5014935
5846,中和區,十秀市民活動中心(B棟)1F-性別友善廁所,新北市中和區秀峰里景平路116-1.116-2號1樓,24.991399,121.519819
5847,新莊區,福前市民活動中心1F-女廁,新北市新莊區福基里福基里化成路746巷2號,25.05767,121.465877
5848,土城區,日月光廣場B2東南側-男廁,新北市土城區員林里學府路二段210號,24.978764,121.445127
5849,淡水區,統一超商-混合廁所,新北市淡水區大庄里沙崙路24號,25.18122137,121.4214563
5850,鶯歌區,尖山公園(近尖山路137巷)-無障礙廁所,新北市鶯歌區尖山里無,24.94853,121.34708
5851,新莊區,全安市民活動中心B1-女廁,新北市新莊區全安里新莊路527號,25.033283,121.447891
5852,板橋區,板橋環球購物中心2F西外側-男廁,新北市板橋區新民里縣民大道二段7號,25.01433,121.463635
5853,板橋區,板橋環球購物中心2F西外側-女廁,新北市板橋區新民里縣民大道二段7號,25.01433,121.463635
5854,平溪區,平溪納骨塔-女廁,新北市平溪區嶺腳里平溪段71地號,25.02691918,121.7405563
5855,坪林區,下坑子口-無障礙廁所,新北市坪林區坪林里無,24.94304774,121.7114278
5856,三芝區,三芝智成堂（文武聖廟）-男廁,新北市三芝區錫板里海尾,25.25700591,121.4789037
5857,鶯歌區,鳳鳴車站-男廁,新北市鶯歌區鳳鳴里鳳一路,24.58210681,121.201192
5858,中和區,嘉慶里集會所1F-混和廁,新北市中和區嘉慶里員山路143巷48-5號1樓,24.9955691,121.4782408
5859,鶯歌區,圓頂藝術空間-親子廁,新北市鶯歌區東鶯里館前路300號,24.95268794,121.358301
5860,淡水區,新北市淡水國民運動中心2F-無障礙,新北市淡水區崁頂里中山北路2段381巷2號 2F,25.187149,121.4427
5861,淡水區,新北市淡水國民運動中心2F-親子廁,新北市淡水區崁頂里中山北路2段381巷2號,25.187149,121.4427
5862,三峽區,恩主公醫院門診大樓西側1F-女廁,新北市三峽區鳶山里中山路258號,24.93778,121.361755
5863,三峽區,恩主公醫院門診大樓東側1F-女廁,新北市三峽區鳶山里中山路258號,24.93778,121.361755
5864,三峽區,恩主公醫院中山醫療大樓1F-男廁,新北市三峽區鳶山里中山路198號,24.937048,121.363512
5865,三峽區,恩主公醫院中山醫療大樓1F-無障礙,新北市三峽區鳶山里中山路198號,24.937048,121.363512
5866,三重區,中興橋市民活動中心-無障礙廁所,新北市三重區成功里成功路9號之1,25.050319,121.490503
5867,土城區,捷運土城站B1-多功能廁所,新北市土城區埤塘里金城路一段105號,24.972532,121.442873
5868,樹林區,三福里辦公處-混合廁,新北市樹林區三福里三福街4號,25.016929,121.408987
5869,樹林區,彭厝里辦公處-混合廁,新北市樹林區彭厝里太平路174巷1號,24.976776,121.418132
5870,萬里區,杜鵑公園-女廁,新北市萬里區萬里里瑪鋉運動公園,25.17503885,121.6900528
5871,中和區,十秀市民活動中心(A棟)1樓-性別友善廁所,新北市中和區秀峰里秀水里景平路116-1號116-2號,24.991399,121.519819
5872,樹林區,中正陸橋下廣場-混合廁,新北市樹林區圳福里中正陸橋下廣場,24.99947012,121.4273197
5873,樹林區,保安里辦公處-混合廁,新北市樹林區保安里千歲街28巷13號,24.995791,121.42618
5874,平溪區,望古-混合廁所,新北市平溪區望古里望古坑24號 (望古車站旁),25.034281,121.763184
5875,鶯歌區,公有市場2樓美食廣場-女廁,新北市鶯歌區中鶯里建國路一○八號二樓,24.95434883,121.3532794
5876,新莊區,JC PARK食尚廣場新莊幸福館B1-無障礙廁所,新北市新莊區中港里幸福路736號,25.049258,121.448643
5877,鶯歌區,全家便利商店鶯歌站前店-混合廁所,新北市鶯歌區中鶯里建國路53-5號,24.95497,121.35474
5878,板橋區,板橋區文化里巡守隊,新北市板橋區文化里文化里松江街72巷15號,25.027958,121.469262
5879,新莊區,新莊區立志里辦公處1F-混合廁,新北市新莊區立志里永樂街229號1樓,25.044367,121.44689
5880,永和區,秀朗里照顧關懷據點-混合廁所,新北市永和區秀朗里成功路1段6號,25.005464,121.527024
5881,淡水區,賢孝里關懷據點-混合廁,新北市淡水區賢孝里淡金路4段600號,25.22889774,121.4517041
5882,土城區,日和市民活動中心1F-男廁,新北市土城區日和里中華路1段225號,24.983373,121.441945
5883,永和區,雙和里辦公處-混合廁所,新北市永和區雙和里中和路335巷18弄4號,25.000263,121.507639
5884,中和區,嘉穗里活動中心1F-混和廁,新北市中和區嘉穗里嘉穗里民利街85巷4號1樓,24.997888,121.478348
5885,三芝區,台北太子宮無極聖殿-女廁,新北市三芝區茂長里茂長里陳厝坑五一之一號,25.265893,121.508239
5886,三芝區,店子興華市民活動中心-女廁,新北市三芝區興華里興華里楓子林四七之一號,25.209851,121.48866
5887,中和區,錦昌里辦公處1F-男廁,新北市中和區錦昌里錦昌里圓通路367巷7號1樓,24.988356,121.492228
5888,深坑區,埔新里辦公處-混合廁,新北市深坑區埔新里埔新里北深路二段四三巷一一弄二號一樓,25.00352677,121.6195377
5889,金山區,流蘇公園-男廁,新北市金山區美田里八德街&amp;三民街交叉處,25.2232597,121.6343622
5890,金山區,流蘇公園-多功能廁所,新北市金山區美田里八德街&amp;三民街交叉處,25.22324675,121.6343492
5891,五股區,五股里活動中心1F-無障礙公廁,新北市五股區五股里五股里中興路四段六七之一號一樓,25.082412,121.439239
5892,土城區,復興里辦公處1F-混合廁所,新北市土城區復興里德興街133號,24.991851,121.45509
5893,五股區,五股區集賢里活動中心-混合廁,新北市五股區集賢里天乙路三之一號,25.10321669,121.4484635
5894,泰山區,泰山圖書館5F北側-親子廁所,新北市泰山區全興里全興路212號,25.056131,121.433653
5895,土城區,沛陂市民活動中心1F-男廁,新北市土城區沛陂里三民路23巷8弄9號,24.963598,121.419376
5896,坪林區,新北市坪林區坪林市民活動中心1F-女廁,新北市坪林區坪林里坪林里坪碇路6號,24.938749,121.711963
5897,坪林區,新北市坪林區坪林市民活動中心1F-無障礙廁所,新北市坪林區坪林里坪林里坪碇路6號,24.938749,121.711963
5898,瑞芳區,長興宮混合廁,新北市瑞芳區上天里上天里粗坑口路一巷二之二號,25.097875,121.761553
5899,瑞芳區,黃金博物館共學館-男廁,新北市瑞芳區銅山里金光路8號,25.106259,121.859407
5900,瑞芳區,黃金博物館共學館（女廁）,新北市瑞芳區銅山里金光路8號,25.106259,121.859407
5901,新店區,國家人權博物館服務中心-男廁,新北市新店區復興里復興路131號,24.987926,121.533405
5902,新店區,國家人權博物館兵舍4-女廁,新北市新店區復興里復興路131號,24.987926,121.533405
5903,淡水區,福容飯店淡水漁人碼頭-混合廁,新北市淡水區沙崙里觀海路83號,25.1821,121.41549
5904,八里區,下庄公有零售市場-無障礙廁,新北市八里區舊城里舊城路19號,25.146581,121.399865
5905,五股區,五股公有零售市場1F-多功能廁所,新北市五股區五股里工商路3號1樓,25.08283442,121.4391055
5906,中和區,統一超商中和天城門市1F-女廁,新北市中和區秀景里景平路240巷1弄4號,24.989989,121.52547
5907,中和區,統一超商中和景陽門市1F-混和廁,新北市中和區漳和里景新街29號1樓,24.999265,121.503876
5908,中和區,統一超商中和景順門市1F-混和廁,新北市中和區平河里中正路778號1樓,25.00054,121.485281
5909,新莊區,民安國小地下停車場B1-女廁,新北市新莊區民全里民安路261號B1,25.021633,121.427798
5910,林口區,統一超商林口仁森門市-混合廁,新北市林口區東林里粉寮路一段六四號,25.078527,121.397064
5911,板橋區,黃石中繼市場-男廁(A區),新北市板橋區社後里公館街1號,25.012881,121.457267
5912,新莊區,新莊第一公有零售市場1F-無障礙廁所,新北市新莊區榮和里新莊路313巷,25.034101,121.453235
5913,新莊區,全家便利商店新莊新頭前店2F-混合廁,新北市新莊區昌平里思源路597號,25.059867,121.459581
5914,淡水區,新生里建設街-女廁,新北市淡水區新生里建設街5號,25.172146,121.438965
5915,板橋區,忠孝國中停車場B1-男廁,新北市板橋區福星里重慶路168號B1,25.004259,121.462006
5916,板橋區,忠孝國中停車場B1-女廁,新北市板橋區福星里重慶路168號B1,25.004259,121.462006
5917,板橋區,忠孝國中停車場B1-無障礙廁所,新北市板橋區福星里重慶路168號B1,25.004259,121.462006
5918,新莊區,寶雅新莊龍安店1F-混合廁,新北市新莊區南港里龍安路252號,25.01942512,121.4210352
5919,樹林區,家樂福樹林店2F-男廁,新北市樹林區潭底里大安路118號2F,24.99687631,121.420995
5920,瑞芳區,國際終戰和平紀念園區-男廁,新北市瑞芳區銅山里祈堂路20號,25.11089272,121.8581921
5921,板橋區,捷運府中站-親子廁,新北市板橋區挹秀里縣民大道一段一九三號B1,25.00894791,121.4592969
5922,新莊區,新莊區民安里辦公處1F-混合廁,新北市新莊區民本里民安西路49巷4號1樓,25.020468,121.427758
5923,新莊區,後港市民活動中心2F-女廁,新北市新莊區後港里建安街26巷4號,25.025821,121.428299
5924,新莊區,後港市民活動中心B1-男廁,新北市新莊區後港里建安街26巷4號B1,25.025821,121.428299
5925,新莊區,後港市民活動中心B1-女廁,新北市新莊區後港里建安街26巷4號,25.025821,121.428299
5926,新莊區,中港第二市民活動中心4F-無障礙廁所,新北市新莊區中華里中港路350號4樓,25.046313,121.451967
5927,新莊區,新莊區民有里辦公處1F-混合廁,新北市新莊區民有里民本街33巷8號1樓,25.018606,121.428483
5928,新莊區,新莊區光明里辦公處1F-混合廁,新北市新莊區光明里民安西路292號,25.012357,121.426175
5929,汐止區,水蓮山莊商店街-男廁,新北市汐止區湖蓮里湖蓮里湖前街一一○巷九七弄二四之七號地下一樓,25.07628934,121.6318281
5930,永和區,安溪壇-混合廁所,新北市永和區永貞里永貞路39巷4弄9號,25.006174,121.521628
5931,淡水區,蕃薯里辦公室-混合廁,新北市淡水區蕃薯里水碓5號,25.222086,121.47516
5932,樹林區,彭興親子公園-親子廁,新北市樹林區彭興里八德街341號,24.97367198,121.4188557
5933,三芝區,三芝賞桐步道-男廁,新北市三芝區橫山里三芝賞桐步道公廁,25.25993055,121.5202045
5934,三芝區,三芝賞桐步道-女廁,新北市三芝區橫山里三芝賞桐步道公廁,25.25995966,121.5197325
5935,淡水區,陽明山國家公園二子坪遊憩區-女廁,新北市淡水區水源里百六戛,25.17812651,121.5147543
5936,三芝區,陽明山國家公園大屯自然公園遊客服務站—男廁,新北市三芝區興華里大屯遊客服務站,25.18774281,121.521868
5937,三芝區,陽明山國家公園大屯自然公園遊客服務站—女廁,新北市三芝區興華里大屯遊客服務站,25.18768998,121.5218782
5938,三芝區,陽明山國家公園大屯自然公園遊客服務站—無障礙廁,新北市三芝區興華里大屯,25.18770939,121.5218031
5939,新莊區,中油興化加油站-無障礙廁所,新北市新莊區化成里復興路3段117號 ,25.044739,121.464986
5940,板橋區,樹林體育園區 2號-男廁,新北市板橋區溪福里樹林體育園區,24.987721,121.429446
5941,金山區,清泉里活動中心-男廁,新北市金山區清泉里清水路49號,25.233909,121.629365
5942,新莊區,台亞新莊化成加油站-無障礙廁所,新北市新莊區福基里新北大道2段167號,25.061014,121.464817
5943,八里區,八里區米倉里銀髮俱樂部-無障礙廁,新北市八里區米倉里渡船頭街11巷8號,25.158871,121.434352
5944,平溪區,紫東社區-親子廁所,新北市平溪區東勢里火燒寮6號,25.001649,121.747024
5945,鶯歌區,中鶯里活動中心-男廁,新北市鶯歌區中鶯里建國路108號三樓,24.954298,121.353359
5946,鶯歌區,中鶯里活動中心-無障礙,新北市鶯歌區中鶯里建國路108號三樓,24.954298,121.353359
5947,樹林區,彭福親子公園-性別友善廁所,新北市樹林區彭福里國凱街65號,24.979845,121.422186
5948,平溪區,龍安市民活動中心-混合廁所,新北市平溪區十分里十分街313號,25.043294,121.774863
5949,板橋區,歡仔園市民活動中心-無障礙廁所,新北市板橋區歡園里大觀路1段38巷1-5號,25.004492,121.442817
5950,板橋區,府後立體停車場-男廁,新北市板橋區挹秀里府中路32號,25.009864,121.458456
5951,淡水區,新北市淡水國民運動中心1F-男廁,新北市淡水區崁頂里中山北路2段381巷2號,25.187149,121.4427
5952,淡水區,新北市淡水國民運動中心1F-女廁,新北市淡水區崁頂里中山北路2段381巷2號,25.187149,121.4427
5953,淡水區,新北市淡水國民運動中心2F-女廁,新北市淡水區崁頂里中山北路2段381巷2號,25.187149,121.4427
5954,淡水區,新北市淡水國民運動中心3F-男廁,新北市淡水區崁頂里中山北路2段381巷2號,25.187149,121.4427
5955,淡水區,新北市淡水國民運動中心4F-女廁,新北市淡水區崁頂里中山北路2段381巷2號4F,25.187149,121.4427
5956,泰山區,輔仁大學附設醫院1F急診區-性別友善廁所,新北市泰山區貴賢里貴子路 69 號,25.039676,121.430798
5957,新莊區,JC PARK食尚廣場新莊幸福館B2-女廁,新北市新莊區中港里幸福路736號B2,25.049258,121.448643
5958,五股區,五股戶政事務所3F-女廁,新北市五股區成功里新城八路275號3F,25.091595,121.445441
5959,五股區,五股戶政事務所3F-混合廁,新北市五股區成功里新城八路275號3F,25.091595,121.445441
5960,雙溪區,紅壇公廁,新北市雙溪區泰平里溪尾寮,24.986598,121.844742
5961,中和區,慈光佳和照顧關懷據點1F-混和廁,新北市中和區佳和里中山路2段2巷5弄11號1樓,25.006029,121.504298
5962,土城區,明德市民活動中心1F-女廁,新北市土城區明德里學士路100號,24.979852,121.461454
5963,新莊區,新莊區中全里辦公處1F-混合廁,新北市新莊區中全里中泰街104巷6弄8號,25.04693,121.44923
5964,瑞芳區,龍川里市民活動中心-混合廁,新北市瑞芳區龍川里一坑路70號之7,25.1084238,121.8038423
5965,樹林區,柑園市民活動中心-無障礙廁所,新北市樹林區南園里佳園路3段128號,121.3839965,24.9508493
5966,淡水區,正德里社區關懷據點-混合廁,新北市淡水區正德里北新路169巷3號,25.1795635,121.4500469
5967,土城區,青山市民活動中心1F-混合廁,新北市土城區青山里明德路1段74之1號,24.98102966,121.4641037
5968,鶯歌區,新北市美術館戶外園區-性別友善廁所,新北市鶯歌區東鶯里館前路300號,24.95113892,121.3566703
5969,新莊區,JC PARK食尚廣場新莊幸福館B1-女廁,新北市新莊區中港里幸福路736號,25.049258,121.448643
5970,永和區,和平里辦公處-混合廁所,新北市永和區和平里保平路236巷12弄1號,25.006905,121.50899
5971,永和區,和平里辦公處-混合廁所,新北市永和區和平里保平路236巷12弄1號,25.006905,121.50899
5972,三重區,褔民里里辦公室-混合廁所,新北市三重區福民里環河南路221巷40號,25.05283,121.49078
5973,瑞芳區,金泉寺-女廁,新北市瑞芳區石山里五號路31號,25.1114,121.854
5974,新莊區,福前市民活動中心1F-無障礙廁所,新北市新莊區福基里福基里化成路746巷2號,25.05767,121.465877
5975,板橋區,新北市婦女服務中心-女廁,新北市板橋區深丘里區運路111號B棟3樓,25.011922,121.468383
5976,瑞芳區,石山里里民活動中心-男廁,新北市瑞芳區石山里五號路170號,121.8555619,25.11155044
5977,瑞芳區,石山里里民活動中心-女廁,新北市瑞芳區石山里五號路170號,25.11132833,121.8556918
5978,樹林區,樹南里辦公室-混合廁所,新北市樹林區樹南里中山路一段306巷51弄26號,24.985893,121.417773
5979,鶯歌區,鳳鳴車站-無障礙,新北市鶯歌區鳳鳴里鳳一路,24.58210681,121.201192
5980,瑞芳區,金泉寺-男廁,新北市瑞芳區石山里五號路31號,25.1114,121.854
5981,鶯歌區,鳳鳴車站-女廁,新北市鶯歌區鳳鳴里鳳一路,24.58210681,121.201192
