"識別碼","資料集名稱","資料集網址","資料集提供機關名稱","更新頻率","主題分類","數發部資料集服務分類","提供格式","資料集語系","資料說明"
"A676AF8E-D143-4D7A-95FE-99BB8DB5BCA0","新北市路邊收費停車場停車欠費查詢","https://data.ntpc.gov.tw/datasets/a676af8e-d143-4d7a-95fe-99bb8db5bca0","新北市政府交通局/停車營運科/停車營運科第三股","每日","交通","交通及通訊","JSON、CSV、XML","中文","提供新北市路邊收費停車場1年內停車欠費查詢。"
"AAA79697-4F87-4898-AF8B-E0F1BE038BCB","新北市112年公告土地現值","https://data.ntpc.gov.tw/datasets/aaa79697-4f87-4898-af8b-e0f1be038bcb","新北市政府地政局/地政資料科","不更新","地政","購屋及遷徙","JSON、CSV、XML","中文","為推動不動產買賣資訊透明化，建立便利親和的網路查詢平台，新北市政府地政局開放公告土地現值資料給予民眾，請多加利用下載。由於總資料超過10萬列，下載完之檔案請以記事本開啟，避免檔案遺失。"
"826870EF-4EA5-48BF-915B-E0A33158CF06"," 新北市114年公告土地現值","https://data.ntpc.gov.tw/datasets/826870ef-4ea5-48bf-915b-e0a33158cf06","新北市政府地政局/地政資料科","不更新","地政","購屋及遷徙","JSON、CSV、XML","中文","為推動不動產買賣資訊透明化，建立便利親和的網路查詢平台，新北市政府地政局開放公告土地現值資料給予民眾，請多加利用下載。由於總資料超過10萬列，下載完之檔案請以記事本開啟，避免檔案遺失。"
"F0DBA44B-5EB5-4F40-953E-6908E335FFC9","新北市115年公告土地現值及公告地價","https://data.ntpc.gov.tw/datasets/f0dba44b-5eb5-4f40-953e-6908e335ffc9","新北市政府地政局/地政資料科","不更新","地政","購屋及遷徙","JSON、CSV、XML","中文","為推動不動產買賣資訊透明化，建立便利親和的網路查詢平台，新北市政府地政局開放公告土地現值及公告地價資料，請多加利用下載。由於總資料超過100萬列，下載完之檔案請以記事本開啟，避免檔案遺失。"
"A8F022DB-7D46-4B1F-81B2-8B31441AD262","新北市113年公告土地現值及公告地價","https://data.ntpc.gov.tw/datasets/a8f022db-7d46-4b1f-81b2-8b31441ad262","新北市政府地政局/地政資料科","不更新","地政","購屋及遷徙","JSON、CSV、XML","中文","為推動不動產買賣資訊透明化，建立便利親和的網路查詢平台，新北市政府地政局開放公告土地現值資料給予民眾，請多加利用下載。由於總資料超過10萬列，下載完之檔案請以記事本開啟，避免檔案遺失。"
"1DE61C23-A217-4DFB-B46F-2760BEE6FE3F","新北市99年公告土地現值及公告地價","https://data.ntpc.gov.tw/datasets/1de61c23-a217-4dfb-b46f-2760bee6fe3f","新北市政府地政局/地政資料科","不更新","地政","購屋及遷徙","JSON、CSV、XML","中文","為推動不動產買賣資訊透明化，建立便利親和的網路查詢平台，新北市政府地政局開放公告土地現值資料給予民眾，可多多利用下載。公告土地現值資料量較大，請參考資料使用說明以及常見問答後再行取得資料。"
"EAC2D554-4B6A-4FC1-9653-4EC337227C13","新北市地政服務據點","https://data.ntpc.gov.tw/datasets/eac2d554-4b6a-4fc1-9653-4ec337227c13","新北市政府地政局/地政資料科","每年","地政","購屋及遷徙","JSON、CSV、XML","中文","本項資料提供新北市各地政服務據點地址、服務電話、緯度、經度及網址等資訊。"
"459B08AB-AEBB-49FD-9D1F-F50ECF8ACAD6","新店地政事務所新舊地號對照表","https://data.ntpc.gov.tw/datasets/459b08ab-aebb-49fd-9d1f-f50ecf8acad6","新北市政府地政局/地政資料科","不更新","地政","購屋及遷徙","JSON、CSV、XML","中文","本資料集為本市新店地政事務所轄區之土地新舊地號對照表(資料更新截至114年12月31日)"
"68B233FD-74DB-43B3-8ADB-A6D50607C6DE","板橋地政事務所新舊建號對照表","https://data.ntpc.gov.tw/datasets/68b233fd-74db-43b3-8adb-a6d50607c6de","新北市政府地政局/地政資料科","每年","地政","購屋及遷徙","JSON、CSV、XML","中文","本資料集為本市板橋地政事務所轄區之土地新舊建號對照表(資料更新截至114年12月31日)"
"95547EBD-F584-4EF4-8720-46D5FC89FC51","新店地政事務所新舊建號對照表","https://data.ntpc.gov.tw/datasets/95547ebd-f584-4ef4-8720-46d5fc89fc51","新北市政府地政局/地政資料科","每年","地政","公共資訊","JSON、CSV、XML","中文","本資料集為本市新店地政事務所轄區之土地新舊建號對照表(資料更新截至114年12月31日)"
"0AB16840-4104-4482-9A1E-5C4BEEF22699","新莊地政事務所新舊建號對照表","https://data.ntpc.gov.tw/datasets/0ab16840-4104-4482-9a1e-5c4beef22699","新北市政府地政局/地政資料科","每年","地政","購屋及遷徙","JSON、CSV、XML","中文","本資料集為本市新莊地政事務所轄區之土地新舊建號對照表(資料更新截至114年12月31日)"
"00C1324C-05B4-4497-BB32-4FCA669AD6E7","新莊地政事務所新舊地號對照表","https://data.ntpc.gov.tw/datasets/00c1324c-05b4-4497-bb32-4fca669ad6e7","新北市政府地政局/地政資料科","每年","地政","購屋及遷徙","JSON、CSV、XML","中文","本資料集為本市新莊地政事務所轄區之土地新舊地號對照表(資料更新截至114年12月31日)"
"3005F2B0-7552-4093-AE7D-1D8B68093AA3","汐止地政事務所新舊地號對照表","https://data.ntpc.gov.tw/datasets/3005f2b0-7552-4093-ae7d-1d8b68093aa3","新北市政府地政局/地政資料科","不更新","地政","購屋及遷徙","JSON、CSV、XML","中文","本資料集為本市汐止地政事務所轄區之土地新舊地號對照表(資料更新截至114年12月31日)"
"C3BC3018-8746-40F2-9047-C4DF3EEC8445","樹林地政事務所新舊建號對照表","https://data.ntpc.gov.tw/datasets/c3bc3018-8746-40f2-9047-c4df3eec8445","新北市政府地政局/地政資料科","每年","地政","購屋及遷徙","JSON、CSV、XML","中文","本資料集為本市樹林地政事務所轄區之土地新舊建號對照表(資料更新截至114年12月31日)"
"CFAE996C-BF75-4BC7-8411-894CD0428D22","淡水地政事務所新舊地號對照表","https://data.ntpc.gov.tw/datasets/cfae996c-bf75-4bc7-8411-894cd0428d22","新北市政府地政局/地政資料科","不更新","地政","公共資訊","JSON、CSV、XML","中文","本資料集為本市淡水地政事務所轄區之土地新舊地號對照表(資料更新截至114年12月31日)"
"C3B252BA-373D-4F9C-AEE4-6E305D6724AC","汐止地政事務所新舊建號對照表","https://data.ntpc.gov.tw/datasets/c3b252ba-373d-4f9c-aee4-6e305d6724ac","新北市政府地政局/地政資料科","每年","地政","公共資訊","JSON、CSV、XML","中文","本資料集為本市汐止地政事務所轄區之土地新舊建號對照表(資料更新截至114年12月31日)"
"1B57428E-0875-47C1-8E40-D7809BF6F0E4","瑞芳地政事務所新舊建號對照表","https://data.ntpc.gov.tw/datasets/1b57428e-0875-47c1-8e40-d7809bf6f0e4","新北市政府地政局/地政資料科","每年","地政","購屋及遷徙","JSON、CSV、XML","中文","本資料集為本市瑞芳地政事務所轄區之土地新舊建號對照表(資料更新截至114年12月31日)"
"E2CD8451-C654-43D4-9B27-8991CEBBE94A","瑞芳地政事務所新舊地號對照表","https://data.ntpc.gov.tw/datasets/e2cd8451-c654-43d4-9b27-8991cebbe94a","新北市政府地政局/地政資料科","每年","地政","公共資訊","JSON、CSV、XML","中文","本資料集為本市瑞芳地政事務所轄區之土地新舊地號對照表(資料更新截至114年12月31日)"
"977B0DB5-DD64-4C0C-A8A4-E0963F92245F","淡水地政事務所新舊建號對照表","https://data.ntpc.gov.tw/datasets/977b0db5-dd64-4c0c-a8a4-e0963f92245f","新北市政府地政局/地政資料科","每年","地政","公共資訊","JSON、CSV、XML","中文","本資料集為本市淡水地政事務所轄區之土地新舊建號對照表(資料更新截至114年12月31日)"
"7BC2410A-C43C-4CCD-80EE-913A4575201C","區段徵收成果統計表","https://data.ntpc.gov.tw/datasets/7bc2410a-c43c-4ccd-80ee-913a4575201c","新北市政府地政局/區段徵收科","每年","地政","購屋及遷徙","JSON、CSV、XML","中文","區段徵收成果統計表。"
"2998ECED-9493-4428-92DE-2128E045D23D","新北市泳池水質檢驗資料","https://data.ntpc.gov.tw/datasets/2998eced-9493-4428-92de-2128e045d23d","新北市政府衛生局/疾病管制科/愛滋及營業衛生股","每季","資訊","生活安全及品質","JSON、CSV、XML","中文","新北市轄區對外開放收費營業之游泳池水質檢驗資料"
"3043ADBB-F476-47A6-A280-C43C96F0BB9D","新北市溫泉水質檢驗資料","https://data.ntpc.gov.tw/datasets/3043adbb-f476-47a6-a280-c43c96f0bb9d","新北市政府衛生局/疾病管制科/愛滋及營業衛生股","每季","資訊","生活安全及品質","JSON、CSV、XML","中文","新北市轄區對外開放收費營業之溫泉水質檢驗資料"
"122086F7-3919-4AB3-B757-BCC6A929F47C","新北市法令解釋及諮詢成果半年報","https://data.ntpc.gov.tw/datasets/122086f7-3919-4ab3-b757-bcc6a929f47c","新北市政府法制局/秘書室","每年","資訊","公共資訊","JSON、CSV、XML","中文","新北市法令解釋及諮詢成果半年報。"
"1B16871F-AF8C-480D-BFB1-28BB2D876668","新北市公辦市地重劃成果","https://data.ntpc.gov.tw/datasets/1b16871f-af8c-480d-bfb1-28bb2d876668","新北市政府地政局/重劃科","每年","地政","購屋及遷徙","JSON、CSV、XML","中文","新北市公辦市地重劃成果統計，資料包含重劃區名稱、總面積、公設用地面積、重劃總負擔比率等資訊。"
"321940A7-4986-481D-9499-D499A19A0C70","新北市自辦市地重劃成果","https://data.ntpc.gov.tw/datasets/321940a7-4986-481d-9499-d499a19a0c70","新北市政府地政局/重劃科","每年","地政","購屋及遷徙","JSON、CSV、XML","中文","新北市自辦市地重劃成果統計，資料包含重劃區名稱、總面積、公設用地面積、重劃總負擔比率等資訊。"
"9060838F-A17C-4FCB-86D5-1CA39A6BBD4B","新北市調解委員會組織概況統計","https://data.ntpc.gov.tw/datasets/9060838f-a17c-4fcb-86d5-1ca39a6bbd4b","新北市政府法制局/秘書室","每年","統計","公共資訊","JSON、CSV、XML","中文","新北市調解委員會組織概況，了解性別，年齡，教育程度，行業，服務公職，委員年資分布狀況。"
"9987DC63-2C8D-4C75-903D-6EBD82D1792D","新北市土壤及地下水列管資訊(目前列管場址)","https://data.ntpc.gov.tw/datasets/9987dc63-2c8d-4c75-903d-6ebd82d1792d","新北市政府環境保護局/水質保護科/水質管理股","每季","環保","購屋及遷徙","JSON、CSV、XML","中文","新北市土壤及地下水列管場址列表。"
"198E688E-E6FE-49EB-8FB0-F29AAA4834A4","新北市土壤及地下水列管資訊(已解除列管場址)","https://data.ntpc.gov.tw/datasets/198e688e-e6fe-49eb-8fb0-f29aaa4834a4","新北市政府環境保護局/水質保護科/水質管理股","每季","環保","購屋及遷徙","JSON、CSV、XML","中文","新北市土壤及地下水列管場址列表，已解除列管場址。"
"3C32C459-2C26-46C4-BB83-98E6A5E2FA32","114新北市iMAP可供認養綠美化土地環境主題","https://data.ntpc.gov.tw/datasets/3c32c459-2c26-46c4-bb83-98e6a5e2fa32","新北市政府財政局/秘書室","每季","經濟","公共資訊","JSON、CSV、XML","中文","新北市iMAP可供認養綠美化土地環境主題"
"0FED7BAB-FE26-434C-8FD8-847AF73C384A","新北市客屬團體資訊","https://data.ntpc.gov.tw/datasets/0fed7bab-fe26-434c-8fd8-847af73c384a","新北市政府客家事務局/秘書室","每年","族群","公共資訊","JSON、CSV、XML","中文","新北市客屬團體資訊，包含團體名稱、理事長、聯絡方式等。"
"477266DD-E132-47AD-830C-C94C9551E175","近5年契稅綜合統計表","https://data.ntpc.gov.tw/datasets/477266dd-e132-47ad-830c-c94c9551e175","新北市政府財政局/新北市政府稅捐稽徵處/房屋稅科/房屋稅科第二股","每年","財稅","公共資訊","JSON、CSV、XML","中文","提供本市最近5年之契稅統計資料"
"07F7CCB3-ED00-43C4-966D-08E9DAB24E95","公車預估到站時間","https://data.ntpc.gov.tw/datasets/07f7ccb3-ed00-43c4-966d-08e9dab24e95","新北市政府交通局/運輸管理科/運輸管理科第三股","每2分鐘","交通","交通及通訊","JSON、CSV、XML","中文","有關公車業者、路線清單及站位資訊，可參考「新北市市轄公車業者營運基本資料」、「公車路線清單」及「公車站位資訊」資料集，有提供各資料欄位清單及代碼，方便識別。"
"DFD0DD0F-564B-461F-88FD-4493A87387B9","新北市珍貴樹木","https://data.ntpc.gov.tw/datasets/dfd0dd0f-564b-461f-88fd-4493a87387b9","新北市政府農業局/新北市政府綠美化環境景觀處/秘書室","每季","農業","公共資訊","JSON、CSV、XML","中文","老樹是我們自然界無形的資產，有人因為它年齡蒼老、幹圍大而稱它為神木、巨木或是老樹，但是，不管它的名字是什麼，在我們的心目中，每一棵老樹就好像是一座小小的森林，在這座森林中我們可以發現到有許多小客人的蹤跡，像是烏頭翁、獨角仙、赤腹松鼠、松葉蕨、風藤、白石斛等，都是常見的伴生動物、依附植物。而由由環境保護的觀點，老樹具有的公益功能，如：製造氧氣、淨化空氣、遮蔽陽光、調節氣溫、創造綠意、美化景觀等等，不勝枚舉。 "
"BA33A61C-72B9-4E80-956D-BEFF4B8C85CC","新北市各區液化石油氣零售業者清冊","https://data.ntpc.gov.tw/datasets/ba33a61c-72b9-4e80-956d-beff4b8c85cc","新北市政府經濟發展局/綠色產業科","每季","經濟","開創事業","JSON、CSV、XML","中文","本資料集主要提供新北市各區液化石油氣零售業者清冊。"
"F9759788-0D30-48D8-BD40-527DA5E03915","新北市各區家用桶裝瓦斯參考零售價格","https://data.ntpc.gov.tw/datasets/f9759788-0d30-48d8-bd40-527da5e03915","新北市政府經濟發展局/綠色產業科","每季","經濟","公共資訊","JSON、CSV、XML","中文","本資料集為新北市各區家用桶裝瓦斯參考零售價格。"
"0582983A-ADEB-4C4B-95E1-CBCA1E2C50EF","新北市境內捷運路線長度及車站數","https://data.ntpc.gov.tw/datasets/0582983a-adeb-4c4b-95e1-cbca1e2c50ef","新北市政府捷運工程局/技術發展科","每年","交通","交通及通訊","JSON、CSV、XML","中文","本計畫係由臺北都會區捷運路網已通車、興建中及規劃中之捷運路線所構成，建設完成後於本市境內建構而成之捷運路網。"
"0C4451E1-0B22-4FDA-BE6B-4CA626761FE6","三環六線規劃中路網說明","https://data.ntpc.gov.tw/datasets/0c4451e1-0b22-4fda-be6b-4ca626761fe6","新北市政府捷運工程局/技術發展科","每年","交通","交通及通訊","JSON、CSV、XML","中文","本計畫係由臺北都會區捷運路網已通車、興建中及規劃中之捷運路線所構成，建設完成後於本市境內建構而成之捷運路網。"
"425E5F43-9430-496F-9DE3-002659057140","三環六線之各線建設狀態","https://data.ntpc.gov.tw/datasets/425e5f43-9430-496f-9de3-002659057140","新北市政府捷運工程局/技術發展科","每年","交通","交通及通訊","JSON、CSV、XML","中文","本計畫係由臺北都會區捷運路網已通車、興建中及規劃中之捷運路線所構成，建設完成後於本市境內建構而成之捷運路網。"
"F21B1156-BD0F-4FB9-929B-C5FB5FD12C7D","捷運工程常見問題","https://data.ntpc.gov.tw/datasets/f21b1156-bd0f-4fb9-929b-c5fb5fd12c7d","新北市政府捷運工程局/技術發展科","每年","交通","交通及通訊","JSON、CSV、XML","中文","本計畫係由臺北都會區捷運路網已通車、興建中及規劃中之捷運路線所構成，建設完成後於本市境內建構而成之捷運路網。
"
"E45ACECE-F63F-4DBA-B174-018D22E0EDB7","三環六線興建中捷運路線進度及說明","https://data.ntpc.gov.tw/datasets/e45acece-f63f-4dba-b174-018d22e0edb7","新北市政府捷運工程局/技術發展科","每季","交通","交通及通訊","JSON、CSV、XML","中文","本計畫係由臺北都會區捷運路網已通車、興建中及規劃中之捷運路線所構成，建設完成後於本市境內建構而成之捷運路網。"
"D67EC90F-2045-4FA1-A41E-1ABC6ABA62DD","食品業者登錄數","https://data.ntpc.gov.tw/datasets/d67ec90f-2045-4fa1-a41e-1abc6aba62dd","新北市政府衛生局/食品藥物管理科/食品股","每季","醫療","生活安全及品質","JSON、CSV、XML","中文","食品業者登錄數。"
"71459B65-9583-43B3-8EED-6CE72F281621","新北市長者健檢加值服務項目","https://data.ntpc.gov.tw/datasets/71459b65-9583-43b3-8eed-6ce72f281621","新北市政府衛生局/健康管理科/健康維護股","每年","醫療","就醫","JSON、CSV、XML","中文","新北市轄區長者健檢加值服務項目"
"1ADAED3E-FBF2-41EC-BA65-BBA153E1AE9F","新北市長者健康檢查醫療院所","https://data.ntpc.gov.tw/datasets/1adaed3e-fbf2-41ec-ba65-bba153e1ae9f","新北市政府衛生局/健康管理科/健康維護股","不更新","醫療","就醫","JSON、CSV、XML、KML","中文","新北市轄區長者健康檢查醫療院所"
"0D697126-AEF5-44FA-A96A-53AF5A338A82","新北市婚後孕前健康檢查","https://data.ntpc.gov.tw/datasets/0d697126-aef5-44fa-a96a-53af5a338a82","新北市政府衛生局/健康管理科/健康管理科婦幼衛生股","每年","醫療","生育保健","JSON、CSV、XML","中文","新北市婚後孕前健康檢查相關資訊"
"68894F74-2242-4CFD-B6A7-516BCBBE7FA1","新北市婚後孕前健康檢查機構","https://data.ntpc.gov.tw/datasets/68894f74-2242-4cfd-b6a7-516bcbbe7fa1","新北市政府衛生局/健康管理科/健康管理科婦幼衛生股","每年","醫療","生育保健","JSON、CSV、XML、KML","中文","新北市婚後孕前健康檢查機構相關資訊"
"BC5E50FB-A6C3-4BF8-8AD0-8BA4344B61BA"," 114年下半年1999話務中心客服人員滿意度指標","https://data.ntpc.gov.tw/datasets/bc5e50fb-a6c3-4bf8-8ad0-8ba4344b61ba","新北市政府研究發展考核委員會/為民服務組","不更新","統計","公共資訊","JSON、CSV、XML","中文"," 1999話務中心客服人員滿意度指標(調查期間:114年7月1至12月31)"
"4B8A80BB-6922-4557-8750-83605BCFB179","新北市消費者保護官室處理案件統計表","https://data.ntpc.gov.tw/datasets/4b8a80bb-6922-4557-8750-83605bcfb179","新北市政府法制局/秘書室","每年","統計","公共資訊","JSON、CSV、XML","中文","新北市消費者保護官室針對交易事件處理案件統計表"
"BB4CEFBD-DBDD-44A6-8734-A90A9E925CDC","新北市消費爭議第1次申訴案件群組分析","https://data.ntpc.gov.tw/datasets/bb4cefbd-dbdd-44a6-8734-a90a9e925cdc","新北市政府法制局/秘書室","每年","統計","公共資訊","JSON、CSV、XML","中文","消費爭議第1次申訴案件群組分析，針對各個分類進行第1次申訴分別統計。"
"550CD8D7-BEC5-4166-AD4B-8402D5D9C778","新北市非都市土地使用分區筆數及面積","https://data.ntpc.gov.tw/datasets/550cd8d7-bec5-4166-ad4b-8402d5d9c778","新北市政府地政局/編定管制科","每年","地政","購屋及遷徙","JSON、CSV、XML","中文","114年下半年新北市非都市土地使用分區筆數及面積"
"79FCD815-C904-42BE-A9F3-A021954EFDDB","新北市徵解地政規費","https://data.ntpc.gov.tw/datasets/79fcd815-c904-42be-a9f3-a021954efddb","新北市政府地政局/地籍科","每年","地政","購屋及遷徙","JSON、CSV、XML","中文","凡在本市地政機關辦理各項地政業務依法所收之地政規費均為統計對象，按規費名稱(分土地法第65條登記費、土地法第76條登記費、書狀費、登記罰鍰、....)等分類。"
"920AFA88-7E6C-4623-B55B-4F2E4D5EA75B","新北市地政士開業及異動年報統計表","https://data.ntpc.gov.tw/datasets/920afa88-7e6c-4623-b55b-4f2e4d5ea75b","新北市政府地政局/地籍科","每年","地政","購屋及遷徙","JSON、CSV、XML","中文","新北市地政士開業及異動"
"246DF8B0-8E2D-4688-9DC3-CDFD38513D23","新北市國家賠償事件處理情形統計資料","https://data.ntpc.gov.tw/datasets/246df8b0-8e2d-4688-9dc3-cdfd38513d23","新北市政府法制局/秘書室","每年","統計","公共資訊","JSON、CSV、XML","中文","為將本府國家賠償案件處理結果統計之資料公開，以供民眾瞭解及運用。"
"34C2C062-9C2C-469F-A28D-E92A4032359C","新北市地方稅網路與臨櫃申報件數統計表","https://data.ntpc.gov.tw/datasets/34c2c062-9c2c-469f-a28d-e92a4032359c","新北市政府財政局/新北市政府稅捐稽徵處/資訊科/資訊科第一股","每年","財稅","公共資訊","JSON、CSV、XML","中文","提供新北市地方稅網路與臨櫃申報件數統計"
"8B9A3E77-0F45-4791-8D31-02F1C9269C9A","新北市多元繳稅方式件數統計表","https://data.ntpc.gov.tw/datasets/8b9a3e77-0f45-4791-8d31-02f1c9269c9a","新北市政府財政局/新北市政府稅捐稽徵處/資訊科/資訊科第一股","每年","財稅","公共資訊","JSON、CSV、XML","中文","提供新北市多元繳稅方式件數"
"1DC41AC6-E78C-469E-A361-61EDB8A75178","新北市政府身心障礙人員進用統計表","https://data.ntpc.gov.tw/datasets/1dc41ac6-e78c-469e-a361-61edb8a75178","新北市政府人事處/人力科","每年","資訊","公共資訊","JSON、CSV、XML","中文","統計日期：114年12月"
"DB43C96B-EE5D-45CB-8F79-49A4BC4967E3","新北市政府原住民族進用統計表","https://data.ntpc.gov.tw/datasets/db43c96b-ee5d-45cb-8f79-49a4bc4967e3","新北市政府人事處/人力科","每年","資訊","公共資訊","JSON、CSV、XML","中文","統計日期：114年12月"
"7F04A4C7-0242-4428-9914-0F1E19A10078","新北市政府「新手爸媽講座」辦理情形","https://data.ntpc.gov.tw/datasets/7f04a4c7-0242-4428-9914-0f1e19a10078","新北市政府人事處/給與科","不更新","資訊","生育保健","JSON、CSV、XML","中文","新北市政府「新手爸媽講座」辦理情形。"
"92BA1731-F868-404F-A038-6108A61A2F5D","消防榮譽榜─即時表揚","https://data.ntpc.gov.tw/datasets/92ba1731-f868-404f-a038-6108a61a2f5d","新北市政府消防局/督察室","每季","消防","公共資訊","JSON、CSV、XML","中文","本局全體員工及本市義勇消防人員，平時工作表現績效優良者，獲得表揚之名單。"
"2DD87554-2DA5-48E0-9571-CF5CA47FB1F8","新北市地政士業務檢查紀錄表","https://data.ntpc.gov.tw/datasets/2dd87554-2da5-48e0-9571-cf5ca47fb1f8","新北市政府地政局/地籍科","每季","地政","購屋及遷徙","JSON、CSV、XML","中文","本市開業地政士進行業務檢查紀錄資料"
"F6E7E341-222D-4DA4-BFB3-A5447E06F43C","新北市都市設計及土地使用開發許可審議會委員名單","https://data.ntpc.gov.tw/datasets/f6e7e341-222d-4da4-bfb3-a5447e06f43c","新北市政府城鄉發展局/都市設計科","每年","城鄉","公共資訊","JSON、CSV、XML","中文","新北市都市設計及土地使用開發許可審議會第10屆委員名單（任期：115年1月1日至115年12月31日）"
"09656BC5-EC9A-4107-865C-864BE24B3C69","新北巿使用牌照稅徵績","https://data.ntpc.gov.tw/datasets/09656bc5-ec9a-4107-865c-864be24b3c69","新北市政府財政局/新北市政府稅捐稽徵處/會計室/會計室第二股","每年","財稅","公共資訊","JSON、CSV、XML","中文","以本巿轄區內課徵使用牌照稅之各種交通工具為統計對象。"
"9F27CBCB-0CE5-4C4E-9088-5F8418468B71","新北市訴願案件統計資料","https://data.ntpc.gov.tw/datasets/9f27cbcb-0ce5-4c4e-9088-5f8418468b71","新北市政府法制局/秘書室","每年","統計","公共資訊","JSON、CSV、XML","中文","為將本府受理訴願案件訴願決定結果統計之資料公開，以供民眾瞭解及運用。
提供年度、上年度未結件數、新收辦件數、審結件數、訴願駁回數、訴願駁回百分比率、訴願不受理數、訴願不受理百分比率、訴願撤銷原處分數、訴願撤銷原處分百分比率、開會次數等資訊"
"EE47BF93-80B4-4F72-98BC-E636E6E23081","新北巿地價稅查定","https://data.ntpc.gov.tw/datasets/ee47bf93-80b4-4f72-98bc-e636e6e23081","新北市政府財政局/新北市政府稅捐稽徵處/會計室/會計室第二股","每年","財稅","公共資訊","JSON、CSV、XML","中文","本巿轄區內課徵地價稅之公有私有土地、加徵空地稅土地、免稅土地及各類減免稅地為統計對象。
"
"A4CFC560-C73F-4E54-AAE0-492C13F10DE1","新北市法律諮詢服務處所暨時段","https://data.ntpc.gov.tw/datasets/a4cfc560-c73f-4e54-aae0-492c13f10de1","新北市政府法制局/秘書室","每年","資訊","公共資訊","JSON、CSV、XML","中文","為解決市民法律疑惑，聘任95位經驗豐富且具熱忱的律師擔任本府法律扶助顧問，提供民眾免費法律諮詢。除於市府行政大樓外，更在本市各區公所設置法律諮詢處，分別提供全市民眾免費解答民眾法律疑惑。
提供地點、服務時段、聯絡電話、地址等資訊
"
"9A0E5BB4-7D98-4067-BE60-CB13B007E3D6","新北市建築物公安申報統計","https://data.ntpc.gov.tw/datasets/9a0e5bb4-7d98-4067-be60-cb13b007e3d6","新北市政府工務局/使用管理科","每季","工務","公共資訊","JSON、CSV、XML","中文","本資料提供新北市建築物公安申報件數統計表。"
"5C657E4E-26D5-49AF-9A60-BB9E2D6EC73F","新北市政府住宅諮詢審議委員會委員名單","https://data.ntpc.gov.tw/datasets/5c657e4e-26d5-49af-9a60-bb9e2d6ec73f","新北市政府城鄉發展局/住宅發展科","每年","城鄉","公共資訊","JSON、CSV、XML","中文","新北市政府住宅諮詢審議委員會第14屆委員名單"
"76CC13DF-C199-41D9-9067-F491FE7EDC14","新北市車輛行車事故鑑定分類統計","https://data.ntpc.gov.tw/datasets/76cc13df-c199-41d9-9067-f491fe7edc14","新北市政府交通局/新北市政府交通事件裁決處/肇事鑑定課","每季","交通","交通及通訊","JSON、CSV、XML","中文","一、本資料為新北市車輛行車事故鑑定案件依申請方式分類之統計。二、本項資料，每季更新1次。"
"80717594-E36F-4AA0-BCED-C5645885C480","新北市政府採購爭議案件分析","https://data.ntpc.gov.tw/datasets/80717594-e36f-4aa0-bced-c5645885c480","新北市政府法制局/秘書室","每年","統計","公共資訊","JSON、CSV、XML","中文","統計並分析本府採購申訴審議委員會每半年度受理採購爭議案件之辦理情形，使民眾了解，並達資訊公開之目的。
提供年度、爭議途徑類型、前期未結案件數、本期新受理案件數、本期處理終結案件數、本期未結案件數等資訊。
"
"C6E97920-D824-4046-AADC-E701FCE8A9B7","新北市115年上半年新措施一覽表","https://data.ntpc.gov.tw/datasets/c6e97920-d824-4046-aadc-e701fce8a9b7","新北市政府研究發展考核委員會/為民服務組","不更新","研考","公共資訊","JSON、CSV、XML","中文"," 新北市115年上半年新措施一覽表(114年12月18日發布)"
"E99A5476-6969-483B-8A7D-343639C1C521","新北市政府各機關編制員額一覽表","https://data.ntpc.gov.tw/datasets/e99a5476-6969-483b-8a7d-343639c1c521","新北市政府人事處/企劃科","每年","資訊","公共資訊","JSON、CSV、XML","中文","統計時間：115年1月1日。"
"5461792A-8FFC-4723-A0B6-560F750EEC3B","新北市戶外環境噴藥期程","https://data.ntpc.gov.tw/datasets/5461792a-8ffc-4723-a0b6-560f750eec3b","新北市政府環境保護局/環境衛生管理科/環衛一股","不更新","環保","公共資訊","JSON、CSV、XML","中文","新北市戶外環境噴藥各區期程若無登載者請洽各區清潔隊或至新北市政府環境保護局官網查詢"
"EFDB8DF6-BB97-4A30-8DCF-CC69228E153A","新北市藥癮維持治療醫院","https://data.ntpc.gov.tw/datasets/efdb8df6-bb97-4a30-8dcf-cc69228e153a","新北市政府衛生局/心理衛生科/成癮防治股","每年","醫療","就醫","JSON、CSV、XML、KML","中文","提供鴉片類(如海洛因)藥癮維持治療之新北市醫院、診所，主要以美沙冬及丁基原啡因作為治療藥物。"
"3A9D87F0-9490-4021-8FC9-5045ECDD8D22","新北市防空疏散避難設施數量及容量 ","https://data.ntpc.gov.tw/datasets/3a9d87f0-9490-4021-8fc9-5045ecdd8d22","新北市政府警察局/民防管制中心","不更新","統計","公共資訊","JSON、CSV、XML","中文","提供新北市防空疏散避難設施數量及容量相關資料"
"187D7926-DDE3-44F4-8C9D-848FF2E1D423","新北市都市更新處都市更新契約注意事項","https://data.ntpc.gov.tw/datasets/187d7926-dde3-44f4-8c9d-848ff2e1d423","新北市政府城鄉發展局/新北市政府都市更新處/更新事業科","不更新","城鄉","公共資訊","JSON、CSV、XML","中文","提供都市更新契約注意事項"
"AEE21D56-9A92-45AF-8534-CBC7C2E5922C","新北市市管河川資訊","https://data.ntpc.gov.tw/datasets/aee21d56-9a92-45af-8534-cbc7c2e5922c","新北市政府水利局/河川計畫科","不更新","水利","公共資訊","JSON、CSV、XML","中文","提供本市19條市管河川之基本資訊(如：地區、河川名稱、治理長度(公里)、河川出口、治理起點、治理終點) 
"
"E86A3F65-CB0E-423F-80AA-B2B69A017799","新北市藍色公路碼頭","https://data.ntpc.gov.tw/datasets/e86a3f65-cb0e-423f-80aa-b2b69a017799","新北市政府水利局/河川計畫科","不更新","水利","交通及通訊","JSON、CSV、XML","中文","新北市所屬藍色公路碼頭位置資訊
"
"3A43D9D0-BC7F-4F8F-9940-080005F6AC8C","新北市列管公廁資訊","https://data.ntpc.gov.tw/datasets/3a43d9d0-bc7f-4f8f-9940-080005f6ac8c","新北市政府環境保護局/環境衛生管理科/環衛二股","不更新","環保","生活安全及品質","JSON、CSV、XML","中文","新北市政府環境保護局建檔管理之列管公廁資料"
"8C2288BA-0B37-4E2E-AF55-BF723BA40EDF","新北市清除及處理機構基本資料(新版)","https://data.ntpc.gov.tw/datasets/8c2288ba-0b37-4e2e-af55-bf723ba40edf","新北市政府環境保護局/事業廢棄物管理科/許可管理股","不更新","環保","公共資訊","JSON、CSV、XML","中文","清除許可：     1.甲級：從事一般廢棄物、一般事業廢棄物及有害事業廢棄物清除業務。     2.乙級：從事一般廢棄物 及一般事業廢棄物清除業務。     3.丙級：從事每月總計九百公噸以下一般廢棄物及一般事業廢棄物清除業務。     處理許可：     1.甲級：從事一般廢棄物、一般事業廢棄物及有害事業廢棄物處理業務。     2.乙級：從事一般廢棄物及一般事業廢棄物處理業務。"
"58AD9706-2FC0-4DD2-A4D3-181540EF7014","新北市巨大廢棄物清運時間流程","https://data.ntpc.gov.tw/datasets/58ad9706-2fc0-4dd2-a4d3-181540ef7014","新北市政府環境保護局/循環資源科/資收二股","不更新","環保","生活安全及品質","JSON、CSV、XML","中文","新北市巨大廢棄物清運時間流程。"
"473CA704-C8E6-4AE2-91B9-855FE8DDF2A2","新北市事業廢棄物再利用者登記資料","https://data.ntpc.gov.tw/datasets/473ca704-c8e6-4ae2-91b9-855fe8ddf2a2","新北市政府環境保護局/事業廢棄物管理科/許可管理股","不更新","環保","生活安全及品質","JSON、CSV、XML","中文","取得目的事業主管機關再利用許可之事業或依中央目的事業主管機關所定再利用管理辦法公告之管理方式收受事業廢棄物進行再利用之事業,並經新北市政府敬保護局核發再利用機構管制編號"
"9ECC2478-82DC-477D-B2B9-050738E928F3","新北市新住民未納保產前檢查","https://data.ntpc.gov.tw/datasets/9ecc2478-82dc-477d-b2b9-050738e928f3","新北市政府衛生局/健康管理科/健康管理科婦幼衛生股","不更新","醫療","生育保健","JSON、CSV、XML","中文","新北市新住民未納保產前檢查。"
"781ED216-BE0D-4A31-A3E3-BC8F6FE2B221","新北市各區衛生所之門診時間及疫苗種類彙整表","https://data.ntpc.gov.tw/datasets/781ed216-be0d-4a31-a3e3-bc8f6fe2b221","新北市政府衛生局/疾病管制科/預防接種股","不更新","醫療","生育保健","JSON、CSV、XML","中文","新北市政府衛生局提供之新北市各區衛生所門診時間及疫苗種類彙整表。"
"61B29F27-219A-4394-9722-AF97A5707598","新北市公共場所AED設置資訊","https://data.ntpc.gov.tw/datasets/61b29f27-219a-4394-9722-af97a5707598","新北市政府衛生局/醫事管理科/緊急救護股","不更新","醫療","生活安全及品質","JSON、CSV、XML、KML","中文","新北市公共場所AED設置資訊名稱地址分類放置地點開放使用時間連絡電話描述"
"CC6AB2FC-951A-4479-992B-38072E6D8BF8","新北市孕婦乙型鏈球菌篩檢","https://data.ntpc.gov.tw/datasets/cc6ab2fc-951a-4479-992b-38072e6d8bf8","新北市政府衛生局/健康管理科/健康管理科婦幼衛生股","不更新","醫療","生育保健","JSON、CSV、XML","中文","新北市孕婦乙型鏈球菌篩檢。"
"8254A8E7-C454-49B7-A600-E25A17A5D130","新北市發展遲緩兒童評估鑑定醫院","https://data.ntpc.gov.tw/datasets/8254a8e7-c454-49b7-a600-e25a17a5d130","新北市政府衛生局/健康管理科/健康管理科婦幼衛生股","不更新","醫療","就醫","JSON、CSV、XML、KML","中文","新北市發展遲緩兒童評估鑑定醫院。"
"112F981A-0F10-4791-8F10-67FBDA1D3A83","新北市加油站清冊","https://data.ntpc.gov.tw/datasets/112f981a-0f10-4791-8f10-67fbda1d3a83","新北市政府經濟發展局/綠色產業科","不更新","經濟","交通及通訊","JSON、CSV、XML、KML","中文","提供本市加油站營業主體、加油站站名、地址等資料。"
"53AC5D2F-A16D-45C2-B103-78AFF1033181","新北好禮","https://data.ntpc.gov.tw/datasets/53ac5d2f-a16d-45c2-b103-78aff1033181","新北市政府經濟發展局/商業發展科","不更新","經濟","休閒旅遊","JSON、CSV、XML","中文","新北好禮業者獲獎名單"
"E6ED4801-BB8E-47C3-8638-C5D6895CAA48","新北市義勇消防總隊接受捐贈","https://data.ntpc.gov.tw/datasets/e6ed4801-bb8e-47c3-8638-c5d6895caa48","新北市政府消防局/民力運用科","不更新","消防","生活安全及品質","JSON、CSV、XML","中文","新北市義勇消防總隊接受捐贈資訊"
"E81BB1D3-883D-40F1-B841-8AC9698D5F0D","新北市滅火器性能檢查及藥劑更換充填作業專業廠商","https://data.ntpc.gov.tw/datasets/e81bb1d3-883d-40f1-b841-8ac9698d5f0d","新北市政府消防局/火災預防科","不更新","消防","生活安全及品質","JSON、CSV、XML","中文","新北市滅火器性能檢查及藥劑更換充填作業專業廠商清冊"
"7718C478-8C01-4570-8B12-643DA2285DEC","新北市原民團體資料","https://data.ntpc.gov.tw/datasets/7718c478-8c01-4570-8b12-643da2285dec","新北市政府原住民族行政局/秘書室","不更新","族群","公共資訊","JSON、CSV、XML","中文","新北市原民團體資料，資料包含原住民族發展協進會、原住民族立案社團、 新北市原住民族各族群同鄉會等團體。<br/>"
"B16D00B6-C1CB-4CEB-A30F-72F2D88FFA83","新北市客家文化園區場地使用管理要點","https://data.ntpc.gov.tw/datasets/b16d00b6-c1cb-4ceb-a30f-72f2d88ffa83","新北市政府客家事務局/秘書室","不更新","資訊","公共資訊","JSON、CSV、XML","中文","新北市客家文化園區場地使用管理要點。"
"53A7C195-E069-4F3A-9A88-86D761D9A768","新北市都市更新處簡易都更","https://data.ntpc.gov.tw/datasets/53a7c195-e069-4f3a-9a88-86d761d9a768","新北市政府城鄉發展局/新北市政府都市更新處/更新發展科","不更新","城鄉","購屋及遷徙","JSON、CSV、XML","中文","說明簡易都更申辦程序及參考資料"
"193B12D8-9DCF-41E9-A93A-AD6266154A9C","新北市身心障礙福利機構","https://data.ntpc.gov.tw/datasets/193b12d8-9dcf-41e9-a93a-ad6266154a9c","新北市政府社會局/身心障礙福利科","不更新","社福","公共資訊","JSON、CSV、XML、KML","中文","新北市政府社會局身心障礙福利機構資料"
"E3C0E87E-DCDB-41FC-9F21-38402DDE2AD9","新北市境內颱風期間可供停車之路段一覽表","https://data.ntpc.gov.tw/datasets/e3c0e87e-dcdb-41fc-9f21-38402dde2ad9","新北市政府交通局/交通安全科/交通安全科第一股","不更新","交通","交通及通訊","JSON、CSV、XML、KML","中文","新北市境內颱風期間可供停車之路段一覽表。"
"E5A6CF13-D00F-4680-ACE4-826BFC3F4506","新北市境內計程車客運服務業經營派遣業務業者相關資訊","https://data.ntpc.gov.tw/datasets/e5a6cf13-d00f-4680-ace4-826bfc3f4506","新北市政府交通局/運輸管理科/運輸管理科第二股","不更新","交通","交通及通訊","JSON、CSV、XML","中文","本資料內含新北市境內計程車客運服務業經營派遣業務業者名稱與叫車電話"
"E49C2335-9938-4A9B-8425-188A39E1368C","新北市通用（無障礙）計程車營運數據","https://data.ntpc.gov.tw/datasets/e49c2335-9938-4a9b-8425-188a39e1368c","新北市政府交通局/運輸管理科/運輸管理科第四股","不更新","交通","交通及通訊","JSON、CSV、XML","中文","新北市通用（無障礙）計程車車輛數與營運數據"
"BFCAACF8-C9C1-4D9A-8561-AC232819E001","新北市管區域排水資訊","https://data.ntpc.gov.tw/datasets/bfcaacf8-c9c1-4d9a-8561-ac232819e001","新北市政府水利局/河川計畫科","不更新","水利","生活安全及品質","JSON、CSV、XML","中文","區域排水：是指容納兩種類型以上之較大型排水，是屬於地區性排水，最後再匯入河川。
"
"27032374-4E06-4372-97C0-B7F3E9AD0F03","新北市抽水站參訪資訊","https://data.ntpc.gov.tw/datasets/27032374-4e06-4372-97c0-b7f3e9ad0f03","新北市政府水利局/抽水站管理科","不更新","水利","公共資訊","JSON、CSV、XML","中文","本府水利局開放轄內四處抽水站供民眾參訪，讓市民完整了解抽水站的防洪、防災功能。"
"B3E2C8A4-62CE-41B1-9FDD-61F70CEF7721","新北市政府辦理演藝活動補助作業要點","https://data.ntpc.gov.tw/datasets/b3e2c8a4-62ce-41b1-9fdd-61f70cef7721","新北市政府文化局/藝術展演科/表演藝術股","不更新","文化","休閒旅遊","JSON、CSV、XML","中文","新北市政府文化局為鼓勵優秀團體及個人辦理各項演藝活動，以提升新北市文化水準，特訂定本要點。"
"38061B5C-165E-48BF-BAEC-158DBD5B2C52","新北市轄內橋梁基本資料","https://data.ntpc.gov.tw/datasets/38061b5c-165e-48bf-baec-158dbd5b2c52","新北市政府工務局/新北市政府養護工程處/橋隧維護科","不更新","工務","交通及通訊","JSON、CSV、XML","中文","新北市轄內所有橋梁的基本屬性資料(橋梁長度單位為公尺)。"
"7FB9F0C8-2690-41EB-85C8-8696293F4B92","各年度瓶頸打通案件","https://data.ntpc.gov.tw/datasets/7fb9f0c8-2690-41eb-85c8-8696293f4b92","新北市政府工務局/新北市政府新建工程處/秘書室","不更新","工務","公共資訊","JSON、CSV、XML","中文","各年度瓶頸打通案件對照"
"EE952BFD-B2B8-4AF4-A305-B27C46AE11C6","民間自行興闢道路及附屬設施「興闢計畫書」標準作業流程","https://data.ntpc.gov.tw/datasets/ee952bfd-b2b8-4af4-a305-b27c46ae11c6","新北市政府工務局/新北市政府新建工程處/秘書室","不更新","工務","公共資訊","JSON、CSV、XML","中文","民間自行興闢道路及附屬設施「興闢計畫書」標準作業流程。"
"F80DCAA7-C7DC-45CD-91AC-E54113E3C74F","新北市失智症相關資源轉介窗口","https://data.ntpc.gov.tw/datasets/f80dcaa7-c7dc-45cd-91ac-e54113e3c74f","新北市政府衛生局/衛生企劃科/綜合規劃股","不更新","社福","就醫","JSON、CSV、XML","中文","失智症資源介紹"
"B9926585-FE02-4BD9-8887-A8BF0B686185","新北市社區安寧服務單位","https://data.ntpc.gov.tw/datasets/b9926585-fe02-4bd9-8887-a8bf0b686185","新北市政府衛生局/衛生企劃科/綜合規劃股","不更新","社福","老年安養","JSON、CSV、XML","中文","新北市社區安寧相關服務單位"
"8D44BFAB-002C-4403-A283-D77C752AA1C3","新北市河濱公園園區設施","https://data.ntpc.gov.tw/datasets/8d44bfab-002c-4403-a283-d77c752aa1c3","新北市政府水利局/新北市政府高灘地工程管理處/養護工程科","不更新","水利","休閒旅遊","JSON、CSV、XML","中文","新北市河濱公園及園區設施分布"
"8F29E30A-02B4-460B-B2E1-C1814163BBDE","新北市教會資料","https://data.ntpc.gov.tw/datasets/8f29e30a-02b4-460b-b2e1-c1814163bbde","新北市政府民政局/宗教禮俗科","每月","民政","公共資訊","JSON、CSV、XML、KML","中文","新北市設立登記教會基本資料"
"5A6FDA8D-C383-42DE-A309-67DF68D85495","新北市動產擔保登記清冊","https://data.ntpc.gov.tw/datasets/5a6fda8d-c383-42de-a309-67df68d85495","新北市政府經濟發展局/工商登記科","每月","經濟","開創事業","JSON、CSV、XML","中文","新北市動產擔保登記清冊。"
"958B83F7-0C70-437A-B62A-6916BE48CDE0","113年度新北市總決算歲入歲出簡明比較分析表","https://data.ntpc.gov.tw/datasets/958b83f7-0c70-437a-b62a-6916be48cde0","新北市政府主計處/會計決算科","不更新","財稅","公共資訊","JSON、CSV、XML","中文"," 1.113年度新北市總決算歲入歲出簡明比較分析表2.單位：新臺幣元 3.各項欄位說明詳參""新北市政府主計處網頁->總決算->113年度新北市總決算""( https://www.bas.ntpc.gov.tw/home.jsp?id=2d77083c299dfb04)或電洽主計處查詢。"
"3405C89E-87D6-48BE-9BC4-6E9B59BEDD30","新北市政府長照特約單位","https://data.ntpc.gov.tw/datasets/3405c89e-87d6-48be-9bc4-6e9b59bedd30","新北市政府衛生局/高齡長期照顧處/綜合企劃科","每季","社福","老年安養","JSON、CSV、XML","中文","新北市政府長照特約單位。"
"F64AD4DA-ED61-4BF1-8A3B-D657DBFEE5ED","新北市居家式、社區式長照機構設立家數","https://data.ntpc.gov.tw/datasets/f64ad4da-ed61-4bf1-8a3b-d657dbfee5ed","新北市政府衛生局/高齡長期照顧處/綜合企劃科","每季","社福","老年安養","JSON、CSV、XML","中文","新北市居家式、社區式長照機構設立家數。"
"12CD30FA-E7F4-4D8C-9860-E8909B74FBC0","醫療輔具補助","https://data.ntpc.gov.tw/datasets/12cd30fa-e7f4-4d8c-9860-e8909b74fbc0","新北市政府衛生局/高齡及長期照顧科/長照發展股","每年","社福","生活安全及品質","JSON、CSV、XML、KML","中文","依據身心障礙者醫療復健所需醫療費用及醫療輔具補助辦法提供服務。"
"CA171D91-B049-48E9-B60E-D5EBB82613C5","新北市失智症門診資訊","https://data.ntpc.gov.tw/datasets/ca171d91-b049-48e9-b60e-d5ebb82613c5","新北市政府衛生局/高齡及長期照顧科/長照發展股","每年","醫療","就醫","JSON、CSV、XML","中文","新北市失智症門診資訊。"
"3C61017B-F42B-45F3-B0C3-30449DD7D7F7","新北市日照中心","https://data.ntpc.gov.tw/datasets/3c61017b-f42b-45f3-b0c3-30449dd7d7f7","新北市政府衛生局/高齡及長期照顧科","每年","社福","老年安養","JSON、CSV、XML","中文","新北市政府衛生局提供的新北市日照中心一覽表"
"A0323809-1C7B-42F3-8DEA-2B14F40118F7","新北市長期照顧服務-機構喘息服務","https://data.ntpc.gov.tw/datasets/a0323809-1c7b-42f3-8dea-2b14f40118f7","新北市政府衛生局/高齡及長期照顧科/長照發展股","每年","社福","老年安養","JSON、CSV、XML","中文","新北市長期照顧服務-機構喘息服務。"
"446DD264-C1D5-4F2B-97E7-856F171660A1","新北市安寧核心醫院","https://data.ntpc.gov.tw/datasets/446dd264-c1d5-4f2b-97e7-856f171660a1","新北市政府衛生局/高齡及長期照顧科/長照發展股","每年","社福","老年安養","JSON、CSV、XML","中文","新北市安寧核心醫院。"
"C9FE0056-EFB0-448D-9E2B-CC79F5330050","新北市環保旅宿","https://data.ntpc.gov.tw/datasets/c9fe0056-efb0-448d-9e2b-cc79f5330050","新北市政府環境保護局/綜合規劃科/教育宣導股","每季","環保","休閒旅遊","JSON、CSV、XML、KML","中文","新北市環保旅宿。"
"E90D14F8-5995-4EBB-AF19-8F8FD7D396C8","新北市環保餐廳","https://data.ntpc.gov.tw/datasets/e90d14f8-5995-4ebb-af19-8f8fd7d396c8","新北市政府環境保護局/綜合規劃科/教育宣導股","每季","環保","休閒旅遊","JSON、CSV、XML、KML","中文","新北市環保餐廳。"
"7F297FE0-2FBA-4670-B73F-725C610BC726","新北巿房屋稅籍","https://data.ntpc.gov.tw/datasets/7f297fe0-2fba-4670-b73f-725c610bc726","新北市政府財政局/新北市政府稅捐稽徵處/會計室/會計室第二股","每年","財稅","公共資訊","JSON、CSV、XML","中文","以本巿轄區內附著於土地上之各種房屋及有關增加該房屋價值之建築物面積及金額為統計對象。"
"F458D9EF-CAFA-4DA3-8746-EC4C7500CB9B","新北巿最近5年房屋稅綜合統計表","https://data.ntpc.gov.tw/datasets/f458d9ef-cafa-4da3-8746-ec4c7500cb9b","新北市政府財政局/新北市政府稅捐稽徵處/會計室/會計室第二股","每年","財稅","公共資訊","JSON、CSV、XML","中文","以本轄區內供住家用、非住家用房屋戶數及稅額為統計對象。
統計標準時間：以房屋稅開徵日所查定之事實為準。
依據新北巿房屋稅查定表(20903-02-05-2)編製。
"
"6CCD0274-0C09-43B0-98FC-4D5222A71E8B","新北市綠色商店","https://data.ntpc.gov.tw/datasets/6ccd0274-0c09-43b0-98fc-4d5222a71e8b","新北市政府環境保護局/綜合規劃科/教育宣導股","每季","環保","休閒旅遊","JSON、CSV、XML","中文","新北市綠色商店。"
"02F2E513-F2CB-4DF9-AA84-2467EB3758FE","寵物登記站簽約動物醫院","https://data.ntpc.gov.tw/datasets/02f2e513-f2cb-4df9-aa84-2467eb3758fe","新北市政府農業局/新北市政府動物保護防疫處/秘書室","不更新","農業","公共資訊","JSON、CSV、XML、KML","中文","資料由新北市政府動物保護防疫處提供"
"56C7B268-8D0F-4CDA-B6E2-6FC4131533CC","刑事案件被害者－年齡別","https://data.ntpc.gov.tw/datasets/56c7b268-8d0f-4cda-b6e2-6fc4131533cc","新北市政府主計處/公務統計科","每年","統計","公共資訊","JSON、CSV、XML","中文","1.新北市刑事案件被害者－年齡別(含性別)
2.單位：人
3.各項欄位說明詳參新北市性別圖像電子檔(網址：http://www.bas.ntpc.gov.tw/home.jsp?id=MTI5)或電洽主計處查詢。"
"58F9C37B-BE78-4D4B-9557-BA9FCD8B9555","刑事案件被害者–職業別","https://data.ntpc.gov.tw/datasets/58f9c37b-be78-4d4b-9557-ba9fcd8b9555","新北市政府主計處/公務統計科","每年","統計","公共資訊","JSON、CSV、XML","中文","1.新北市刑事案件被害者–職業別(含性別)
2.單位：人
3.各項欄位說明詳參新北市性別圖像電子檔(網址：http://www.bas.ntpc.gov.tw/home.jsp?id=MTI5)或電洽主計處查詢。"
"2AC24CA5-58AA-4E57-8DE7-A4399F1FE795","刑事案件被害者-被害場所別","https://data.ntpc.gov.tw/datasets/2ac24ca5-58aa-4e57-8de7-a4399f1fe795","新北市政府主計處/公務統計科","每年","統計","公共資訊","JSON、CSV、XML","中文","1.新北市刑事案件被害者-被害場所別(含性別)
2.單位：人；%
3.各項欄位說明詳參新北市性別圖像電子檔(網址：http://www.bas.ntpc.gov.tw/home.jsp?id=MTI5)或電洽主計處查詢。"
"5A304780-F64B-4521-8EEB-CFB9E7E40417","刑事案件被害者","https://data.ntpc.gov.tw/datasets/5a304780-f64b-4521-8eeb-cfb9e7e40417","新北市政府主計處/公務統計科","每年","統計","公共資訊","JSON、CSV、XML","中文","1.新北市刑事案件被害者(含性別)
2.單位：人
3.各項欄位說明詳參新北市性別圖像電子檔(網址：http://www.bas.ntpc.gov.tw/home.jsp?id=MTI5)或電洽主計處查詢。"
"9601E99B-2BCD-49E5-8DE8-77B4EFA672E2","候詢嫌疑犯暨被拘留人犯數","https://data.ntpc.gov.tw/datasets/9601e99b-2bcd-49e5-8de8-77b4efa672e2","新北市政府主計處/公務統計科","每年","統計","公共資訊","JSON、CSV、XML","中文","1.新北市候詢嫌疑犯暨被拘留人犯數(含性別)
2.單位：人
3.各項欄位說明詳參新北市性別圖像電子檔(網址：http://www.bas.ntpc.gov.tw/home.jsp?id=MTI5)或電洽主計處查詢。"
"A00F072D-F996-4792-83E6-646762F53262","刑事案件犯罪人口率","https://data.ntpc.gov.tw/datasets/a00f072d-f996-4792-83e6-646762f53262","新北市政府主計處/公務統計科","每年","統計","公共資訊","JSON、CSV、XML","中文","1.新北市刑事案件犯罪人口率(含性別)
2.單位：人/十萬人
3.各項欄位說明詳參新北市性別圖像電子檔(網址：http://www.bas.ntpc.gov.tw/home.jsp?id=MTI5)或電洽主計處查詢。"
"6A327C20-B6CC-44A4-9069-4668A02AD551","刑事案件嫌疑犯─犯罪場所別","https://data.ntpc.gov.tw/datasets/6a327c20-b6cc-44a4-9069-4668a02ad551","新北市政府主計處/公務統計科","每年","統計","公共資訊","JSON、CSV、XML","中文","1.新北市刑事案件嫌疑犯─犯罪場所別(含性別)
2.單位：人
3.各項欄位說明詳參新北市性別圖像電子檔(網址：http://www.bas.ntpc.gov.tw/home.jsp?id=MTI5)或電洽主計處查詢。"
"BA5F50A1-5FED-456A-B331-954B553EA917","刑事案件嫌疑犯–職業別","https://data.ntpc.gov.tw/datasets/ba5f50a1-5fed-456a-b331-954b553ea917","新北市政府主計處/公務統計科","每年","統計","公共資訊","JSON、CSV、XML","中文","1.新北市刑事案件嫌疑犯–職業別(含性別)
2.單位：人
3.各項欄位說明詳參新北市統計年報(網址：http://www.bas.ntpc.gov.tw/home.jsp?id=MTI5)或電洽主計處查詢。"
"5B2F3A6B-5156-4320-BEA5-B8B2BB4ABE9C","竊盜案件","https://data.ntpc.gov.tw/datasets/5b2f3a6b-5156-4320-bea5-b8b2bb4abe9c","新北市政府主計處/公務統計科","每年","統計","公共資訊","JSON、CSV、XML","中文","1.新北市竊盜案件(含性別)
2.單位：人；人/十萬人
3.各項欄位說明詳參新北市性別圖像電子檔(網址：http://www.bas.ntpc.gov.tw/home.jsp?id=MTI5)或電洽主計處查詢。"
"0D60FF55-B045-447C-A008-C3F7AF1385C6","查獲毒品案件","https://data.ntpc.gov.tw/datasets/0d60ff55-b045-447c-a008-c3f7af1385c6","新北市政府主計處/公務統計科","每年","統計","公共資訊","JSON、CSV、XML","中文","1.新北市查獲毒品案件(含性別)
2.單位：人；人/十萬人
3.各項欄位說明詳參新北市性別圖像電子檔(網址：http://www.bas.ntpc.gov.tw/home.jsp?id=MTI5)或電洽主計處查詢。"
"AB11A63A-52C5-4895-98C5-B44A9026B017","刑事案件嫌疑犯－教育程度別","https://data.ntpc.gov.tw/datasets/ab11a63a-52c5-4895-98c5-b44a9026b017","新北市政府主計處/公務統計科","每年","統計","公共資訊","JSON、CSV、XML","中文","1.新北市刑事案件嫌疑犯－教育程度別(含性別)
2.單位：人
3.各項欄位說明詳參新北市性別圖像電子檔(網址：http://www.bas.ntpc.gov.tw/home.jsp?id=MTI5)或電洽主計處查詢。"
"1026259C-182C-46C0-BC77-4EB76596CD32","刑事案件嫌疑犯─年齡別","https://data.ntpc.gov.tw/datasets/1026259c-182c-46c0-bc77-4eb76596cd32","新北市政府主計處/公務統計科","每年","統計","公共資訊","JSON、CSV、XML","中文","1.新北市刑事案件嫌疑犯－年齡別(含性別)
2.單位：人
3.各項欄位說明詳參新北市性別圖像電子檔(網址：http://www.bas.ntpc.gov.tw/home.jsp?id=MTI5)或電洽主計處查詢。"
"9D0CC69E-F3A9-438B-B193-4BD33CCE9B6D","刑事案件嫌疑犯","https://data.ntpc.gov.tw/datasets/9d0cc69e-f3a9-438b-b193-4bd33cce9b6d","新北市政府主計處/公務統計科","每年","統計","公共資訊","JSON、CSV、XML","中文","1.新北市刑事案件嫌疑犯(含性別)
2.單位：人3.各項欄位說明詳參新北市性別圖像電子檔(網址：http://www.bas.ntpc.gov.tw/home.jsp?id=MTI5)或電洽主計處查詢。"
"208D2A0B-47E2-4D11-9A57-01FB730544D1","警察局受理性騷擾事（案）件－被害人","https://data.ntpc.gov.tw/datasets/208d2a0b-47e2-4d11-9a57-01fb730544d1","新北市政府主計處/公務統計科","每年","統計","公共資訊","JSON、CSV、XML","中文","1.新北市警察局受理性騷擾事（案）件－被害人(含性別)
2.單位：人
3.各項欄位說明詳參新北市性別圖像電子檔(網址：http://www.bas.ntpc.gov.tw/home.jsp?id=MTI5)或電洽主計處查詢。"
"47AB85F4-0392-47EE-8A94-FF3269F58223","警察局受理性騷擾事（案）件－加害人","https://data.ntpc.gov.tw/datasets/47ab85f4-0392-47ee-8a94-ff3269f58223","新北市政府主計處/公務統計科","每年","統計","公共資訊","JSON、CSV、XML","中文","1.新北市警察局受理性騷擾事（案）件－加害人(含性別)
2.單位：人
3.各項欄位說明詳參新北市性別圖像電子檔(網址：http://www.bas.ntpc.gov.tw/home.jsp?id=MTI5)或電洽主計處查詢。"
"536AC628-7326-41B3-9B20-C704D984F1DA","青少犯罪","https://data.ntpc.gov.tw/datasets/536ac628-7326-41b3-9b20-c704d984f1da","新北市政府主計處/公務統計科","每年","統計","公共資訊","JSON、CSV、XML","中文","1.新北市青少犯罪(含性別)2.單位：人；人/十萬人3.各項欄位說明詳參新北市性別圖像電子檔(網址：http://www.bas.ntpc.gov.tw/home.jsp?id=MTI5)或電洽主計處查詢。"
"E4A245B4-AF28-4238-9E66-0BE628099E3D","暴力犯罪","https://data.ntpc.gov.tw/datasets/e4a245b4-af28-4238-9e66-0be628099e3d","新北市政府主計處/公務統計科","每年","統計","公共資訊","JSON、CSV、XML","中文","1.新北市暴力犯罪(含性別)
2.單位：人；人/十萬人
3.各項欄位說明詳參新北市性別圖像電子檔(網址：http://www.bas.ntpc.gov.tw/home.jsp?id=MTI5)或電洽主計處查詢。"
"AA60943F-5484-444B-BD85-C014AD935BB4","性騷擾案件申訴","https://data.ntpc.gov.tw/datasets/aa60943f-5484-444b-bd85-c014ad935bb4","新北市政府主計處/公務統計科","每年","統計","公共資訊","JSON、CSV、XML","中文","1.新北市性騷擾案件申訴(含性別)
2.單位：人
3.各項欄位說明詳參新北市性別圖像電子檔(網址：http://www.bas.ntpc.gov.tw/home.jsp?id=MTI5)或電洽主計處查詢。"
"FE5A68D6-1313-4695-BF51-30BC0940196D","性侵害通報案件(續)","https://data.ntpc.gov.tw/datasets/fe5a68d6-1313-4695-bf51-30bc0940196d","新北市政府主計處/公務統計科","每年","統計","公共資訊","JSON、CSV、XML","中文","1.新北市性侵害通報案件(續)(含性別)
2.單位：人
3.各項欄位說明詳參新北市性別圖像電子檔(網址：http://www.bas.ntpc.gov.tw/home.jsp?id=MTI5)或電洽主計處查詢。"
"E871F626-2E65-420D-A49B-A83D3BCCBE5E","性侵害通報案件","https://data.ntpc.gov.tw/datasets/e871f626-2e65-420d-a49b-a83d3bccbe5e","新北市政府主計處/公務統計科","每年","統計","公共資訊","JSON、CSV、XML","中文","1.新北市性侵害通報案件(含性別)
2.單位：人
3.各項欄位說明詳參新北市性別圖像電子檔(網址：http://www.bas.ntpc.gov.tw/home.jsp?id=MTI5)或電洽主計處查詢。"
"0F0C4A15-12CE-4C3C-A3E9-B76430A737A3","家庭暴力通報案件(續)","https://data.ntpc.gov.tw/datasets/0f0c4a15-12ce-4c3c-a3e9-b76430a737a3","新北市政府主計處/公務統計科","每年","統計","公共資訊","JSON、CSV、XML","中文","1.家庭暴力通報案件(續)(含性別)
2.單位：人
3.各項欄位說明詳參新北市性別圖像電子檔(網址：http://www.bas.ntpc.gov.tw/home.jsp?id=MTI5)或電洽主計處查詢。"
"071CFEB3-05AB-4690-88FF-CBD036812C7D","家庭暴力通報案件","https://data.ntpc.gov.tw/datasets/071cfeb3-05ab-4690-88ff-cbd036812c7d","新北市政府主計處/公務統計科","每年","統計","公共資訊","JSON、CSV、XML","中文","1.新北市家庭暴力通報案件(含性別)
2.單位：人
3.各項欄位說明詳參新北市性別圖像電子檔(網址：http://www.bas.ntpc.gov.tw/home.jsp?id=MTI5)或電洽主計處查詢。"
"7B665EDA-5E2C-4520-8C4C-7F5E840040B2","義消人數及火災死傷人數","https://data.ntpc.gov.tw/datasets/7b665eda-5e2c-4520-8c4c-7f5e840040b2","新北市政府主計處/公務統計科","每年","統計","公共資訊","JSON、CSV、XML","中文","1.新北市義消人數及火災死傷人數(含性別)
2.單位：人
3.各項欄位說明詳參新北市性別圖像電子檔(網址：http://www.bas.ntpc.gov.tw/home.jsp?id=MTI5)或電洽主計處查詢。"
"FBC895BF-9E96-45F2-B5B3-0BE23D0E52FA","道路交通安全","https://data.ntpc.gov.tw/datasets/fbc895bf-9e96-45f2-b5b3-0be23d0e52fa","新北市政府主計處/公務統計科","每年","統計","公共資訊","JSON、CSV、XML","中文","1.新北市道路交通安全(含性別)
2.單位：人
3.各項欄位說明詳參新北市性別圖像電子檔(網址：http://www.bas.ntpc.gov.tw/home.jsp?id=MTI5)或電洽主計處查詢。"
"E404DBA0-9920-4F9A-992B-87687CE4868E","青年刑事案件嫌疑犯","https://data.ntpc.gov.tw/datasets/e404dba0-9920-4f9a-992b-87687ce4868e","新北市政府主計處/公務統計科","每年","統計","公共資訊","JSON、CSV、XML","中文","1.新北市青年刑事案件嫌疑犯(含性別)2.單位：人3.各項欄位說明詳參新北市性別圖像電子檔(網址：http://www.bas.ntpc.gov.tw/home.jsp?id=MTI5)或電洽主計處查詢。"
"A6012300-CB9C-4B2B-AF6B-4AB225BCF1BD","少年刑事案件嫌疑犯","https://data.ntpc.gov.tw/datasets/a6012300-cb9c-4b2b-af6b-4ab225bcf1bd","新北市政府主計處/公務統計科","每年","統計","公共資訊","JSON、CSV、XML","中文","1.新北市少年刑事案件嫌疑犯(含性別)
2.單位：人
3.各項欄位說明詳參新北市性別圖像電子檔(網址：http://www.bas.ntpc.gov.tw/home.jsp?id=MTI5)或電洽主計處查詢。"
"C4B03648-1693-405A-A4A7-333EF82D341D","死亡人數－主要癌症","https://data.ntpc.gov.tw/datasets/c4b03648-1693-405a-a4a7-333ef82d341d","新北市政府主計處/公務統計科","每年","統計","公共資訊","JSON、CSV、XML","中文","1.新北市死亡人數－主要癌症(含性別)
2.單位：人
3.各項欄位說明詳參新北市性別圖像電子檔(網址：http://www.bas.ntpc.gov.tw/home.jsp?id=MTI5)或電洽主計處查詢。"
"0A5A1E6E-8C91-4C74-B23E-117537180618","死亡人數-各年齡別","https://data.ntpc.gov.tw/datasets/0a5a1e6e-8c91-4c74-b23e-117537180618","新北市政府主計處/公務統計科","每年","統計","公共資訊","JSON、CSV、XML","中文","1.新北市死亡人數-各年齡別(含性別)
2.單位：人；歲
3.各項欄位說明詳參新北市性別圖像電子檔(網址：http://www.bas.ntpc.gov.tw/home.jsp?id=MTI5)或電洽主計處查詢。"
"12390BA5-77FE-4AE3-A8F9-D1DA0A08215F","法定傳染病—HIV死亡者","https://data.ntpc.gov.tw/datasets/12390ba5-77fe-4ae3-a8f9-d1da0a08215f","新北市政府主計處/公務統計科","每年","統計","公共資訊","JSON、CSV、XML","中文","1.新北市法定傳染病—HIV死亡者(含性別)
2.單位：人
3.各項欄位說明詳參新北市性別圖像電子檔(網址：http://www.bas.ntpc.gov.tw/home.jsp?id=MTI5)或電洽主計處查詢。"
"E490F906-93F0-4FC3-B5B3-FE34FB31D1DB","死亡人數—主要死因","https://data.ntpc.gov.tw/datasets/e490f906-93f0-4fc3-b5b3-fe34fb31d1db","新北市政府主計處/公務統計科","每年","統計","公共資訊","JSON、CSV、XML","中文","1.新北市死亡人數—主要死因(含性別)
2.單位：人
3.各項欄位說明詳參新北市性別圖像電子檔(網址：http://www.bas.ntpc.gov.tw/home.jsp?id=MTI5)或電洽主計處查詢。"
"200C220A-DCE3-4FA7-8C5C-20FED536DE6A","法定傳染病—HIV感染者","https://data.ntpc.gov.tw/datasets/200c220a-dce3-4fa7-8c5c-20fed536de6a","新北市政府主計處/公務統計科","每年","統計","公共資訊","JSON、CSV、XML","中文","1.新北市法定傳染病—HIV感染者(含性別)
2.單位：人
3.各項欄位說明詳參新北市性別圖像電子檔(網址：http://www.bas.ntpc.gov.tw/home.jsp?id=MTI5)或電洽主計處查詢。"
"36844FE9-FA16-4D59-8348-0BF85AF0FBD9","法定傳染病—確定人數","https://data.ntpc.gov.tw/datasets/36844fe9-fa16-4d59-8348-0bf85af0fbd9","新北市政府主計處/公務統計科","每年","統計","公共資訊","JSON、CSV、XML","中文","1.新北市法定傳染病—確定人數(含性別)
2.單位：人
3.各項欄位說明詳參新北市性別圖像電子檔(網址：http://www.bas.ntpc.gov.tw/home.jsp?id=MTI5)或電洽主計處查詢。
"
"5E6A672A-09E6-4119-8DE6-0CA9856F3A01","死亡率—主要死因","https://data.ntpc.gov.tw/datasets/5e6a672a-09e6-4119-8de6-0ca9856f3a01","新北市政府主計處/公務統計科","每年","統計","公共資訊","JSON、CSV、XML","中文","1.新北市死亡率—主要死因(含性別)
2.單位：人/十萬人
3.各項欄位說明詳參新北市性別圖像電子檔(網址：http://www.bas.ntpc.gov.tw/home.jsp?id=MTI5)或電洽主計處查詢。
"
"B06EC1D8-9F2B-4990-999F-2A9031E9820C","身心障礙","https://data.ntpc.gov.tw/datasets/b06ec1d8-9f2b-4990-999f-2a9031e9820c","新北市政府主計處/公務統計科","每年","統計","公共資訊","JSON、CSV、XML","中文","1.新北市身心障礙(含性別)
2.單位：人
3.各項欄位說明詳參新北市性別圖像電子檔(網址：http://www.bas.ntpc.gov.tw/home.jsp?id=MTI5)或電洽主計處查詢。"
"DA664A24-91BA-4029-895C-5055C2957BBC","死亡率—各年齡別","https://data.ntpc.gov.tw/datasets/da664a24-91ba-4029-895c-5055c2957bbc","新北市政府主計處/公務統計科","每年","統計","公共資訊","JSON、CSV、XML","中文","1.新北市死亡率—各年齡別(含性別)
2.單位：人/十萬人
3.各項欄位說明詳參新北市性別圖像電子檔(網址：http://www.bas.ntpc.gov.tw/home.jsp?id=MTI5)或電洽主計處查詢。
4.因本項資料來源更新週期有2年時間差異，爰本項資料更新年度亦同。"
"CBA19017-7D08-48DA-A35C-54F0D9E04D34","標準化死亡率—主要癌症","https://data.ntpc.gov.tw/datasets/cba19017-7d08-48da-a35c-54f0d9e04d34","新北市政府主計處/公務統計科","每年","統計","公共資訊","JSON、CSV、XML","中文","1.新北市標準化死亡率—主要癌症(含性別)
2.單位：人/十萬人
3.各項欄位說明詳參新北市性別圖像電子檔(網址：http://www.bas.ntpc.gov.tw/home.jsp?id=MTI5)或電洽主計處查詢。"
"CE692AC2-16E1-4024-912E-7D63874F599C","吸菸人口","https://data.ntpc.gov.tw/datasets/ce692ac2-16e1-4024-912e-7d63874f599c","新北市政府主計處/公務統計科","每年","統計","公共資訊","JSON、CSV、XML","中文","1.新北市吸菸人口(含性別)
2.單位：%
3.各項欄位說明詳參新北市性別圖像電子檔(網址：http://www.bas.ntpc.gov.tw/home.jsp?id=MTI5)或電洽主計處查詢。"
"3E0EC8A1-2E99-403B-B224-9335E24998F3","新住民人口","https://data.ntpc.gov.tw/datasets/3e0ec8a1-2e99-403b-b224-9335e24998f3","新北市政府主計處/公務統計科","每年","統計","公共資訊","JSON、CSV、XML","中文","1.新住民人口
2.單位：人
3.各項欄位說明詳參新北市統計年報(網址：http://www.bas.ntpc.gov.tw/home.jsp?id=OTE=)或電洽主計處查詢。"
"AC89B3AD-6C64-47F4-B5D6-9AF374E7C4EE","現住原住民族種族別人口數","https://data.ntpc.gov.tw/datasets/ac89b3ad-6c64-47f4-b5d6-9af374e7c4ee","新北市政府主計處/公務統計科","每年","統計","公共資訊","JSON、CSV、XML","中文","1.現住原住民族種族別人口數
2.單位：人
3.各項欄位說明詳參新北市統計年報(網址：http://www.bas.ntpc.gov.tw/home.jsp?id=OTE=)或電洽主計處查詢。"
"3E6A60FA-9713-4EAF-9ADD-4F5C0FBA0BA1","現住原住民族婚姻現況","https://data.ntpc.gov.tw/datasets/3e6a60fa-9713-4eaf-9add-4f5c0fba0ba1","新北市政府主計處/公務統計科","每年","統計","公共資訊","JSON、CSV、XML","中文","1.現住原住民族婚姻現況
2.單位：人
3.各項欄位說明詳參新北市統計年報(網址：http://www.bas.ntpc.gov.tw/home.jsp?id=OTE=)或電洽主計處查詢。"
"6B47F1A9-35C3-4085-8AF3-EE36D629ACBC","十五歲以上現住原住民族人口之教育程度─按年齡別分","https://data.ntpc.gov.tw/datasets/6b47f1a9-35c3-4085-8af3-ee36d629acbc","新北市政府主計處/公務統計科","每年","統計","公共資訊","JSON、CSV、XML","中文","1.十五歲以上現住原住民族人口之教育程度─按年齡別分
2.單位：人
3.各項欄位說明詳參新北市統計年報(網址：http://www.bas.ntpc.gov.tw/home.jsp?id=OTE=)或電洽主計處查詢。"
"B019F3D1-A1A7-4433-A683-F86A9C5427C6","現住原住民族年齡分配","https://data.ntpc.gov.tw/datasets/b019f3d1-a1a7-4433-a683-f86a9c5427c6","新北市政府主計處/公務統計科","每年","統計","公共資訊","JSON、CSV、XML","中文","1.現住原住民族年齡分配
2.單位：戶、人
3.各項欄位說明詳參新北市統計年報(網址：http://www.bas.ntpc.gov.tw/home.jsp?id=OTE=)或電洽主計處查詢。"
"65CEE188-8683-41DB-887C-785CAEA81EA2","現住原住民族戶口數(民國101年以後)","https://data.ntpc.gov.tw/datasets/65cee188-8683-41db-887c-785caea81ea2","新北市政府主計處/公務統計科","每年","統計","公共資訊","JSON、CSV、XML","中文","1.現住原住民族戶口數(民國101年以後)
2.單位：戶、人
3.各項欄位說明詳參新北市統計年報(網址：http://www.bas.ntpc.gov.tw/home.jsp?id=OTE=)或電洽主計處查詢。"
"88978EA6-24F2-4774-8D04-622787616A3D","現住人口之婚姻狀況─按區別分","https://data.ntpc.gov.tw/datasets/88978ea6-24f2-4774-8d04-622787616a3d","新北市政府主計處/公務統計科","每年","統計","公共資訊","JSON、CSV、XML","中文","1.現住人口之婚姻狀況─按區別分
2.單位：人
3.各項欄位說明詳參新北市統計年報(網址：http://www.bas.ntpc.gov.tw/home.jsp?id=OTE=)或電洽主計處查詢。"
"964C2BC8-CF24-4AD5-AEC1-32F6C9DA52E3","十五歲以上現住人口之教育程度─按區別分","https://data.ntpc.gov.tw/datasets/964c2bc8-cf24-4ad5-aec1-32f6c9da52e3","新北市政府主計處/公務統計科","每年","統計","公共資訊","JSON、CSV、XML","中文","1.十五歲以上現住人口之教育程度─按區別分
2.單位：人
3.各項欄位說明詳參新北市統計年報(網址：http://www.bas.ntpc.gov.tw/home.jsp?id=OTE=)或電洽主計處查詢。"
"7854F7B9-894C-4505-B62B-A2053575B80A","十五歲以上現住人口之教育程度─按年齡別","https://data.ntpc.gov.tw/datasets/7854f7b9-894c-4505-b62b-a2053575b80a","新北市政府主計處/公務統計科","每年","統計","公共資訊","JSON、CSV、XML","中文","1.十五歲以上現住人口之教育程度─按年齡別
2.單位：人
3.各項欄位說明詳參新北市統計年報(網址：http://www.bas.ntpc.gov.tw/home.jsp?id=OTE=)或電洽主計處查詢。"
"8308AB58-62D1-424E-8314-24B65B7AB492","現住人口之年齡分配","https://data.ntpc.gov.tw/datasets/8308ab58-62d1-424e-8314-24b65b7ab492","新北市政府主計處/公務統計科","每年","統計","公共資訊","JSON、CSV、XML","中文","1.現住人口之年齡分配
2.單位：人
3.各項欄位說明詳參新北市統計年報(網址：http://www.bas.ntpc.gov.tw/home.jsp?id=OTE=)或電洽主計處查詢。"
"9C5B5E6F-2CFA-40F0-BC8F-172AD04471DC","戶籍動態","https://data.ntpc.gov.tw/datasets/9c5b5e6f-2cfa-40f0-bc8f-172ad04471dc","新北市政府主計處/公務統計科","每年","統計","公共資訊","JSON、CSV、XML","中文","1.戶籍動態
2.單位：人、千分之一
3.各項欄位說明詳參新北市統計年報(網址：http://www.bas.ntpc.gov.tw/home.jsp?id=OTE=)或電洽主計處查詢。"
"1642DFD2-C8C2-48A9-AA0B-61BD9A7165F8","現住戶數、人口密度及性比例","https://data.ntpc.gov.tw/datasets/1642dfd2-c8c2-48a9-aa0b-61bd9a7165f8","新北市政府主計處/公務統計科","每年","統計","公共資訊","JSON、CSV、XML","中文","1.現住戶數、人口密度及性比例年
2.單位：平方公里、個、戶、人、%
3.各項欄位說明詳參新北市統計年報(網址：http://www.bas.ntpc.gov.tw/home.jsp?id=OTE=)或電洽主計處查詢。"
"F937ADAB-C0F6-497B-B392-4E874097541C","全國經濟","https://data.ntpc.gov.tw/datasets/f937adab-c0f6-497b-b392-4e874097541c","新北市政府主計處/公務統計科","每年","統計","公共資訊","JSON、CSV、XML","中文","1.全國經濟(含性別)
2.單位：%
3.各項欄位說明詳參新北市性別圖像電子檔(網址：http://www.bas.ntpc.gov.tw/home.jsp?id=MTI5)或電洽主計處查詢。"
"06CFACF1-0A83-47E8-B321-8E96F6DD6B79","觀光服務人員","https://data.ntpc.gov.tw/datasets/06cfacf1-0a83-47e8-b321-8e96f6dd6b79","新北市政府主計處/公務統計科","每年","統計","公共資訊","JSON、CSV、XML","中文","1.新北市觀光服務人員(含性別)
2.單位：人；%
3.各項欄位說明詳參新北市性別圖像電子檔(網址：http://www.bas.ntpc.gov.tw/home.jsp?id=MTI5)或電洽主計處查詢。"
"32C7319F-4BE2-48C7-AF0D-C939F4B59C84","大眾交通工具駕駛人員","https://data.ntpc.gov.tw/datasets/32c7319f-4be2-48c7-af0d-c939f4b59c84","新北市政府主計處/公務統計科","每年","統計","公共資訊","JSON、CSV、XML","中文","1.新北市大眾交通工具駕駛人員(含性別)
2.單位：人；%
3.各項欄位說明詳參新北市性別圖像電子檔(網址：http://www.bas.ntpc.gov.tw/home.jsp?id=MTI5)或電洽主計處查詢。"
"0ADEE9A2-B7F3-468E-BF62-AE01F723A114","領有駕駛執照數","https://data.ntpc.gov.tw/datasets/0adee9a2-b7f3-468e-bf62-ae01f723a114","新北市政府主計處/公務統計科","每年","統計","公共資訊","JSON、CSV、XML","中文","1.新北市領有駕駛執照數(含性別)
2.單位：千張；%
3.各項欄位說明詳參新北市性別圖像電子檔(網址：http://www.bas.ntpc.gov.tw/home.jsp?id=MTI5)或電洽主計處查詢。"
"81F04369-8E23-4E14-9145-349055D71734","老人照顧機構","https://data.ntpc.gov.tw/datasets/81f04369-8e23-4e14-9145-349055d71734","新北市政府主計處/公務統計科","每年","統計","公共資訊","JSON、CSV、XML","中文","1.新北市老人照顧機構(含性別)
2.單位：人
3.各項欄位說明詳參新北市性別圖像電子檔(網址：http://www.bas.ntpc.gov.tw/home.jsp?id=MTI5)或電洽主計處查詢。"
"9962AEE3-03A2-4358-980A-9444495C6576","醫療服務","https://data.ntpc.gov.tw/datasets/9962aee3-03a2-4358-980a-9444495c6576","新北市政府主計處/公務統計科","每年","統計","公共資訊","JSON、CSV、XML","中文","1.新北市醫療服務(含性別)
2.單位：歲；人/十萬人；件數(萬)；點數(萬)
3.各項欄位說明詳參新北市性別圖像電子檔(網址：http://www.bas.ntpc.gov.tw/home.jsp?id=MTI5)或電洽主計處查詢。"
"D60C65B2-953A-49BD-BB02-D2144AC8000D","緊急救護服務","https://data.ntpc.gov.tw/datasets/d60c65b2-953a-49bd-bb02-d2144ac8000d","新北市政府主計處/公務統計科","每年","統計","公共資訊","JSON、CSV、XML","中文","1.新北市緊急救護服務(含性別)
2.單位：人；%
3.各項欄位說明詳參新北市性別圖像電子檔(網址：http://www.bas.ntpc.gov.tw/home.jsp?id=MTI5)或電洽主計處查詢。"
"E3B2BED7-1E7F-48E5-96FA-6FD5B59F9A5D","自殺通報人數(99年以後) ","https://data.ntpc.gov.tw/datasets/e3b2bed7-1e7f-48e5-96fa-6fd5b59f9a5d","新北市政府主計處/公務統計科","每年","統計","公共資訊","JSON、CSV、XML","中文","1.新北市自殺通報人數(含性別)2.單位：人3.各項欄位說明詳參新北市性別圖像電子檔(網址：http://www.bas.ntpc.gov.tw/home.jsp?id=MTI5)或電洽主計處查詢。"
"90CC5FF6-9CAB-47A8-ACE3-CCD91D1C039B","標準化死亡率—主要死因","https://data.ntpc.gov.tw/datasets/90cc5ff6-9cab-47a8-ace3-ccd91d1c039b","新北市政府主計處/公務統計科","每年","統計","公共資訊","JSON、CSV、XML","中文","1.新北市標準化死亡率—主要死因(含性別)
2.單位：人/十萬人
3.各項欄位說明詳參新北市性別圖像電子檔(網址：http://www.bas.ntpc.gov.tw/home.jsp?id=MTI5)或電洽主計處查詢。"
"EF498385-02AD-4AB3-AFE7-C1C982556776","死亡率—主要癌症","https://data.ntpc.gov.tw/datasets/ef498385-02ad-4ab3-afe7-c1c982556776","新北市政府主計處/公務統計科","每年","統計","公共資訊","JSON、CSV、XML","中文","1.新北市死亡率—主要癌症(含性別)
2.單位：人/十萬人
3.各項欄位說明詳參新北市性別圖像電子檔(網址：http://www.bas.ntpc.gov.tw/home.jsp?id=MTI5)或電洽主計處查詢。"
"A76EA2A4-943F-4F0C-9F35-67F5DF92CFB6","家庭平均每戶全年經常性支出(101年至111年)","https://data.ntpc.gov.tw/datasets/a76ea2a4-943f-4f0c-9f35-67f5df92cfb6","新北市政府主計處/公務統計科","不更新","統計","公共資訊","JSON、CSV、XML","中文","1.家庭平均每戶全年經常性支出(101年至111年)2.單位：新臺幣元3.各項欄位說明詳參新北市統計年報(網址：http://www.bas.ntpc.gov.tw/home.jsp?id=OTE=)或電洽主計處查詢。"
"20CAE06A-D6CA-4893-8D95-B7AB510CA620","家庭平均每戶全年經常性收入","https://data.ntpc.gov.tw/datasets/20cae06a-d6ca-4893-8d95-b7ab510ca620","新北市政府主計處/公務統計科","每年","統計","公共資訊","JSON、CSV、XML","中文","1.家庭平均每戶全年經常性收入
2.單位：新臺幣元
3.各項欄位說明詳參新北市統計年報(網址：http://www.bas.ntpc.gov.tw/home.jsp?id=OTE=)或電洽主計處查詢。"
"8FBF91D6-A614-4850-91AD-7CAA734A8D28","婦女福利服務概況(103年以後)","https://data.ntpc.gov.tw/datasets/8fbf91d6-a614-4850-91ad-7caa734a8d28","新北市政府主計處/公務統計科","每年","統計","公共資訊","JSON、CSV、XML","中文","1.婦女福利服務概況(103年以後)
2.單位：所、人次、次
3.各項欄位說明詳參新北市統計年報(網址：http://www.bas.ntpc.gov.tw/home.jsp?id=OTE=)或電洽主計處查詢。"
"EBCA4426-1BDF-47CA-B939-A4522496059C","托育機構概況(101年以後)","https://data.ntpc.gov.tw/datasets/ebca4426-1bdf-47ca-b939-a4522496059c","新北市政府主計處/公務統計科","每年","統計","公共資訊","JSON、CSV、XML","中文","1.托育機構概況(101年以後)
2.單位：所,人
3.各項欄位說明詳參新北市統計年報(網址：http://www.bas.ntpc.gov.tw/home.jsp?id=OTE=)或電洽主計處查詢。"
"2725EFAB-F5CE-4BD1-999F-9EAC3768A415","兒童及少年福利服務概況","https://data.ntpc.gov.tw/datasets/2725efab-f5ce-4bd1-999f-9eac3768a415","新北市政府主計處/公務統計科","每年","統計","公共資訊","JSON、CSV、XML","中文","1.兒童及少年福利服務概況
2.單位：所、人、人次、新臺幣千元
3.各項欄位說明詳參新北市統計年報(網址：http://www.bas.ntpc.gov.tw/home.jsp?id=OTE=)或電洽主計處查詢。"
"28FFF677-08DF-4951-B5B8-4620727D7EA8","老人福利服務概況","https://data.ntpc.gov.tw/datasets/28fff677-08df-4951-b5b8-4620727d7ea8","新北市政府主計處/公務統計科","每年","統計","公共資訊","JSON、CSV、XML","中文","1.老人福利服務概況
2.單位：所、人、人次
3.各項欄位說明詳參新北市統計年報(網址：http://www.bas.ntpc.gov.tw/home.jsp?id=OTE=)或電洽主計處查詢。"
"DDE36ED0-F0C3-419D-8077-1C7A4E3F8765","遊民人數及處理情形(108年以後)","https://data.ntpc.gov.tw/datasets/dde36ed0-f0c3-419d-8077-1c7a4e3f8765","新北市政府主計處/公務統計科","每年","統計","公共資訊","JSON、CSV、XML","中文","1.遊民人數及處理情形(108年以後)2.單位：人、件、人次3.各項欄位說明詳參新北市統計年報(網址：http://www.bas.ntpc.gov.tw/home.jsp?id=OTE=)或電洽主計處查詢。"
"05E9A748-13C6-4FD0-BABB-AB48024E7F49","遭受災害救助情形","https://data.ntpc.gov.tw/datasets/05e9a748-13c6-4fd0-babb-ab48024e7f49","新北市政府主計處/公務統計科","每年","統計","公共資訊","JSON、CSV、XML","中文","1.遭受災害救助情形
2.單位：次、所、人、戶、新臺幣千元
3.各項欄位說明詳參新北市統計年報(網址：http://www.bas.ntpc.gov.tw/home.jsp?id=OTE=)或電洽主計處查詢。"
"46D0C372-7279-4CCA-A7F2-5D49FDF71B42","辦理急難救助概況(98年以後)","https://data.ntpc.gov.tw/datasets/46d0c372-7279-4cca-a7f2-5d49fdf71b42","新北市政府主計處/公務統計科","每年","統計","公共資訊","JSON、CSV、XML","中文","1.辦理急難救助概況(98年以後)
2.單位：人次、新臺幣元
3.各項欄位說明詳參新北市統計年報(網址：http://www.bas.ntpc.gov.tw/home.jsp?id=OTE=)或電洽主計處查詢。"
"3603B9DF-516E-4356-88A5-3D628E6B51E3","辦理社會救助醫療補助概況","https://data.ntpc.gov.tw/datasets/3603b9df-516e-4356-88a5-3d628e6b51e3","新北市政府主計處/公務統計科","每年","統計","公共資訊","JSON、CSV、XML","中文","1.辦理社會救助醫療補助概況
2.單位：人次、日、新臺幣元
3.各項欄位說明詳參新北市統計年報(網址：http://www.bas.ntpc.gov.tw/home.jsp?id=OTE=)或電洽主計處查詢。"
"1F7D297F-1613-499C-A530-46EDC7A15383","中低收入老人生活津貼與老農津貼","https://data.ntpc.gov.tw/datasets/1f7d297f-1613-499c-a530-46edc7a15383","新北市政府主計處/公務統計科","每年","統計","公共資訊","JSON、CSV、XML","中文","1.中低收入老人生活津貼與老農津貼
2.單位：人、新臺幣千元
3.各項欄位說明詳參新北市統計年報(網址：http://www.bas.ntpc.gov.tw/home.jsp?id=OTE=)或電洽主計處查詢。"
"F29F882D-BB0E-4B4A-832F-1C54CD202C93","中低收入戶人數及生活扶助","https://data.ntpc.gov.tw/datasets/f29f882d-bb0e-4b4a-832f-1c54cd202c93","新北市政府主計處/公務統計科","每年","統計","公共資訊","JSON、CSV、XML","中文","1.中低收入戶人數及生活扶助
2.單位：所、人、人次、新臺幣千元
3.各項欄位說明詳參新北市統計年報(網址：http://www.bas.ntpc.gov.tw/home.jsp?id=OTE=)或電洽主計處查詢。"
"7C280938-CD2E-4932-BBC9-8E6768DAB5B7","低收入戶人數及生活扶助","https://data.ntpc.gov.tw/datasets/7c280938-cd2e-4932-bbc9-8e6768dab5b7","新北市政府主計處/公務統計科","每年","統計","公共資訊","JSON、CSV、XML","中文","1.低收入戶人數及生活扶助
2.單位：戶、戶次、人、人次、新臺幣千元
3.各項欄位說明詳參新北市統計年報(網址：http://www.bas.ntpc.gov.tw/home.jsp?id=OTE=)或電洽主計處查詢。"
"3475B3FE-5FD5-471F-A058-3436C3574E4C","身心障礙福利服務概況","https://data.ntpc.gov.tw/datasets/3475b3fe-5fd5-471f-a058-3436c3574e4c","新北市政府主計處/公務統計科","每年","統計","公共資訊","JSON、CSV、XML","中文","1.身心障礙福利服務概況
2.單位：所、人、人次、新臺幣千元
3.各項欄位說明詳參新北市統計年報(網址：http://www.bas.ntpc.gov.tw/home.jsp?id=OTE=)或電洽主計處查詢。"
"3B87E9DF-B334-4116-AAA0-B8295615FC85","身心障礙人數(101年以後)","https://data.ntpc.gov.tw/datasets/3b87e9df-b334-4116-aaa0-b8295615fc85","新北市政府主計處/公務統計科","每年","統計","公共資訊","JSON、CSV、XML","中文","1.身心障礙人數(101年以後)
2.單位：人,%
3.各項欄位說明詳參新北市統計年報(網址：http://www.bas.ntpc.gov.tw/home.jsp?id=OTE=)或電洽主計處查詢。"
"A584C4A7-BACC-4F39-99EE-FA12F95225E1","推行社區發展工作成果","https://data.ntpc.gov.tw/datasets/a584c4a7-bacc-4f39-99ee-fa12f95225e1","新北市政府主計處/公務統計科","每年","統計","公共資訊","JSON、CSV、XML","中文","1.推行社區發展工作成果
2.單位：個,戶,人,元,幢,人次,處,班,隊,期
3.各項欄位說明詳參新北市統計年報(網址：http://www.bas.ntpc.gov.tw/home.jsp?id=OTE=)或電洽主計處查詢。"
"F513C2C3-F020-4608-993E-CDF74EF406B4","合作社概況（95年以後）","https://data.ntpc.gov.tw/datasets/f513c2c3-f020-4608-993e-cdf74ef406b4","新北市政府主計處/公務統計科","每年","統計","公共資訊","JSON、CSV、XML","中文","1.合作社概況（95年以後）
2.單位：個,人,股,新臺幣元
3.各項欄位說明詳參新北市統計年報(網址：http://www.bas.ntpc.gov.tw/home.jsp?id=OTE=)或電洽主計處查詢。"
"6A1F1057-B094-4843-8CC0-05EBD09625BB","宗教社會服務概況","https://data.ntpc.gov.tw/datasets/6a1f1057-b094-4843-8cc0-05ebd09625bb","新北市政府主計處/公務統計科","每年","統計","公共資訊","JSON、CSV、XML","中文","1.宗教社會服務概況
2.單位：個
3.各項欄位說明詳參新北市統計年報(網址：http://www.bas.ntpc.gov.tw/home.jsp?id=OTE=)或電洽主計處查詢。"
"D22F8DB1-03B2-4B7E-92C0-6D48EDBC3B98","各級人民團體數及會員數","https://data.ntpc.gov.tw/datasets/d22f8db1-03b2-4b7e-92c0-6d48edbc3b98","新北市政府主計處/公務統計科","每年","統計","公共資訊","JSON、CSV、XML","中文","1.各級人民團體數及會員數
2.單位：個,人
3.各項欄位說明詳參新北市統計年報(網址：http://www.bas.ntpc.gov.tw/home.jsp?id=OTE=)或電洽主計處查詢。"
"9766D45C-2DC9-4981-9D72-0D01505F6321","境內高級中等學校教育概況(103學年度以後)","https://data.ntpc.gov.tw/datasets/9766d45c-2dc9-4981-9d72-0d01505f6321","新北市政府主計處/公務統計科","每年","統計","公共資訊","JSON、CSV、XML","中文","1.境內高級中等學校教育概況(103學年度以後)
2.單位：所、班、人
3.各項欄位說明詳參新北市統計年報(網址：http://www.bas.ntpc.gov.tw/home.jsp?id=OTE=)或電洽主計處查詢。"
"1DBAFAEF-7EFE-4A41-879A-99D9E2D0189B","境內國民中學概況","https://data.ntpc.gov.tw/datasets/1dbafaef-7efe-4a41-879a-99d9e2d0189b","新北市政府主計處/公務統計科","每年","統計","公共資訊","JSON、CSV、XML","中文","1.境內國民中學概況
2.單位：所、班、人
3.各項欄位說明詳參新北市統計年報(網址：http://www.bas.ntpc.gov.tw/home.jsp?id=OTE=)或電洽主計處查詢。"
"94888AC3-5441-4A89-8E12-7F437CA84FF4","境內國民小學概況","https://data.ntpc.gov.tw/datasets/94888ac3-5441-4a89-8e12-7f437ca84ff4","新北市政府主計處/公務統計科","每年","統計","公共資訊","JSON、CSV、XML","中文","1.境內國民小學概況
2.單位：所、班、人
3.各項欄位說明詳參新北市統計年報(網址：http://www.bas.ntpc.gov.tw/home.jsp?id=OTE=)或電洽主計處查詢。"
"335D613E-FE51-4DC2-990B-9099F945CDD9","高級中等學校及國民中小學原住民族學生數","https://data.ntpc.gov.tw/datasets/335d613e-fe51-4dc2-990b-9099f945cdd9","新北市政府主計處/公務統計科","每年","統計","公共資訊","JSON、CSV、XML","中文","1.高級中等學校及國民中小學原住民族學生數
2.單位：人
3.各項欄位說明詳參新北市統計年報(網址：http://www.bas.ntpc.gov.tw/home.jsp?id=OTE=)或電洽主計處查詢。"
"D0EC3DE4-358D-446E-A5E3-2FEC80A81525","國民小學學生裸視視力檢查","https://data.ntpc.gov.tw/datasets/d0ec3de4-358d-446e-a5e3-2fec80a81525","新北市政府主計處/公務統計科","每年","統計","公共資訊","JSON、CSV、XML","中文","1.國民小學學生裸視視力檢查
2.單位：人、%
3.各項欄位說明詳參新北市統計年報(網址：http://www.bas.ntpc.gov.tw/home.jsp?id=OTE=)或電洽主計處查詢。"
"372DEA20-4BCF-42FE-B662-94530ECDD887","國民中學學生裸視視力檢查","https://data.ntpc.gov.tw/datasets/372dea20-4bcf-42fe-b662-94530ecdd887","新北市政府主計處/公務統計科","每年","統計","公共資訊","JSON、CSV、XML","中文","1.國民中學學生裸視視力檢查
2.單位：人、%
3.各項欄位說明詳參新北市統計年報(網址：http://www.bas.ntpc.gov.tw/home.jsp?id=OTE=)或電洽主計處查詢。"
"A638BA31-2298-4064-97B0-86626BC20F9C","政府教育經費概況","https://data.ntpc.gov.tw/datasets/a638ba31-2298-4064-97b0-86626bc20f9c","新北市政府主計處/公務統計科","每年","統計","公共資訊","JSON、CSV、XML","中文","1.政府教育經費概況
2.單位：百萬元、%
3.各項欄位說明詳參新北市統計年報(網址：http://www.bas.ntpc.gov.tw/home.jsp?id=OTE=)或電洽主計處查詢。"
"1F066324-9DBE-4F93-BCC1-9C8F879F5469","國民中小學中途輟學學生概況","https://data.ntpc.gov.tw/datasets/1f066324-9dbe-4f93-bcc1-9c8f879f5469","新北市政府主計處/公務統計科","每年","統計","公共資訊","JSON、CSV、XML","中文","1.國民中小學中途輟學學生概況
2.單位：人、%
3.各項欄位說明詳參新北市統計年報(網址：http://www.bas.ntpc.gov.tw/home.jsp?id=OTE=)或電洽主計處查詢。"
"6005D4C1-46B7-421C-B912-114DE7FB3A87","短期補習班概況(98年以後)","https://data.ntpc.gov.tw/datasets/6005d4c1-46b7-421c-b912-114de7fb3a87","新北市政府主計處/公務統計科","每年","統計","公共資訊","JSON、CSV、XML","中文","1.短期補習班概況(98年以後)
2.單位：家
3.各項欄位說明詳參新北市統計年報(網址：http://www.bas.ntpc.gov.tw/home.jsp?id=OTE=)或電洽主計處查詢。"
"0476FE6E-742A-4F26-A2D1-8EF2A6060A93","境內各級補校概況","https://data.ntpc.gov.tw/datasets/0476fe6e-742a-4f26-a2d1-8ef2a6060a93","新北市政府主計處/公務統計科","每年","統計","公共資訊","JSON、CSV、XML","中文","1.境內各級補校概況
2.單位：所、班、人
3.各項欄位說明詳參新北市統計年報(網址：http://www.bas.ntpc.gov.tw/home.jsp?id=OTE=)或電洽主計處查詢。"
"FE0D240B-998E-4514-A908-3083FA4BBB23","境內幼兒(稚)園概況(101學年度以後)","https://data.ntpc.gov.tw/datasets/fe0d240b-998e-4514-a908-3083fa4bbb23","新北市政府主計處/公務統計科","每年","統計","公共資訊","JSON、CSV、XML","中文","1.境內幼兒(稚)園概況(101學年度以後)
2.單位：所、人
3.各項欄位說明詳參新北市統計年報(網址：http://www.bas.ntpc.gov.tw/home.jsp?id=OTE=)或電洽主計處查詢。"
"3719C926-8063-4A57-B959-89DC004F7E72","境內高等教育概況(專科)","https://data.ntpc.gov.tw/datasets/3719c926-8063-4a57-b959-89dc004f7e72","新北市政府主計處/公務統計科","每年","統計","公共資訊","JSON、CSV、XML","中文","1.境內高等教育概況(專科)
2.單位：所、個、班、人
3.各項欄位說明詳參新北市統計年報(網址：http://www.bas.ntpc.gov.tw/home.jsp?id=OTE=)或電洽主計處查詢。"
"6021BE13-83B3-4A57-B366-212E37EB066F","境內高等教育概況(大學)","https://data.ntpc.gov.tw/datasets/6021be13-83b3-4a57-b366-212e37eb066f","新北市政府主計處/公務統計科","每年","統計","公共資訊","JSON、CSV、XML","中文","1.境內高等教育概況(大學)
2.單位：所、個、班、人
3.各項欄位說明詳參新北市統計年報(網址：http://www.bas.ntpc.gov.tw/home.jsp?id=OTE=)或電洽主計處查詢。"
"00AC8403-68A7-4A3C-937C-C34E5010DE0E","家庭平均每戶全年經常性支出(113年以後)","https://data.ntpc.gov.tw/datasets/00ac8403-68a7-4a3c-937c-c34e5010de0e","新北市政府主計處/公務統計科","每年","統計","公共資訊","JSON、CSV、XML","中文","1.家庭平均每戶全年經常性支出(113年以後)2.單位：新臺幣元3.各項欄位說明詳參新北市統計年報(網址：http://www.bas.ntpc.gov.tw/home.jsp?id=OTE=)或電洽主計處查詢。"
"CFE3C136-A177-4E0D-B9E4-5A9192DAA2B3","家庭平均每戶全年經常性支出(112年)","https://data.ntpc.gov.tw/datasets/cfe3c136-a177-4e0d-b9e4-5a9192daa2b3","新北市政府主計處/公務統計科","不更新","統計","公共資訊","JSON、CSV、XML","中文","1.家庭平均每戶全年經常性支出(112年)2.單位：新臺幣元3.各項欄位說明詳參新北市統計年報(網址：http://www.bas.ntpc.gov.tw/home.jsp?id=OTE=)或電洽主計處查詢。"
"A4D5EE34-A8CE-41F0-B7F6-A20687AD6698","宗教教務概況(103年以後)","https://data.ntpc.gov.tw/datasets/a4d5ee34-a8ce-41f0-b7f6-a20687ad6698","新北市政府主計處/公務統計科","每年","統計","公共資訊","JSON、CSV、XML","中文","1.宗教教務概況(103年以後)
2.單位：所
3.各項欄位說明詳參新北市統計年報(網址：http://www.bas.ntpc.gov.tw/home.jsp?id=OTE=)或電洽主計處查詢。"
"02B8E687-DAC6-4656-BAF7-95209DBB1614","新北市公有攤販集中場清冊","https://data.ntpc.gov.tw/datasets/02b8e687-dac6-4656-baf7-95209dbb1614","新北市政府經濟發展局/新北市政府市場處/秘書室","不更新","經濟","休閒旅遊","JSON、CSV、XML、KML","中文","新北市公有攤販集中場名冊"
"04958686-1B92-4B74-889D-9F34409B272B","新北市NewTaipei熱點","https://data.ntpc.gov.tw/datasets/04958686-1b92-4b74-889d-9f34409b272b","新北市政府研究發展考核委員會/新北市政府資訊中心/數位推廣科","每年","資訊","公共資訊","JSON、CSV、XML","中文","新北市政府無線網路(NewTaipei)熱點資訊。"
"DE4CFD62-E977-4C4F-822F-7D2AA65F6E4A","新北市動物醫院一覽表","https://data.ntpc.gov.tw/datasets/de4cfd62-e977-4c4f-822f-7d2aa65f6e4a","新北市政府農業局/新北市政府動物保護防疫處/秘書室","每年","農業","公共資訊","JSON、CSV、XML、KML","中文","新北市動物醫院的地址及電話。"
"A570EC11-C636-4103-9193-068EBE630C6E","狂犬病通知單相關QA","https://data.ntpc.gov.tw/datasets/a570ec11-c636-4103-9193-068ebe630c6e","新北市政府農業局/新北市政府動物保護防疫處/秘書室","每年","農業","公共資訊","JSON、CSV、XML","中文","狂犬病通知單相關QA。"
"A2F0AC0A-500D-4375-B975-0CEC4AEE56CB","新北市專用垃圾袋代售商","https://data.ntpc.gov.tw/datasets/a2f0ac0a-500d-4375-b975-0cec4aee56cb","新北市政府環境保護局/清潔維護科/維護一股","每月","環保","公共資訊","JSON、CSV、XML","中文","新北市專用垃圾袋代售商清冊"
"08F5CABF-9F7D-4870-8140-21C23597BFC4","街頭藝人","https://data.ntpc.gov.tw/datasets/08f5cabf-9f7d-4870-8140-21c23597bfc4","新北市政府主計處/公務統計科","每年","統計","公共資訊","JSON、CSV、XML","中文","1.新北市街頭藝人(含性別)
2.單位：人
3.各項欄位說明詳參新北市性別圖像電子檔(網址：http://www.bas.ntpc.gov.tw/home.jsp?id=MTI5)或電洽主計處查詢。"
"DE26BBA3-B087-4B8B-A361-079AB2E4C7A9","客家文化","https://data.ntpc.gov.tw/datasets/de26bba3-b087-4b8b-a361-079ab2e4c7a9","新北市政府主計處/公務統計科","每年","統計","公共資訊","JSON、CSV、XML","中文","1.新北市客家文化(含性別)
2.單位：人；%
3.各項欄位說明詳參新北市性別圖像電子檔(網址：http://www.bas.ntpc.gov.tw/home.jsp?id=MTI5)或電洽主計處查詢。"
"0E719F1C-C1A8-4428-9D46-DB942ED414A9","市民文化","https://data.ntpc.gov.tw/datasets/0e719f1c-c1a8-4428-9d46-db942ed414a9","新北市政府主計處/公務統計科","每年","統計","公共資訊","JSON、CSV、XML","中文","1.新北市市民文化(含性別)
2.單位：人次；冊；人
3.各項欄位說明詳參新北市性別圖像電子檔(網址：http://www.bas.ntpc.gov.tw/home.jsp?id=MTI5)或電洽主計處查詢。
"
"E5D3451A-DE8D-4E64-81A0-259473990B0C","依性別平等教育法申訴案件－被行為人學校程度別","https://data.ntpc.gov.tw/datasets/e5d3451a-de8d-4e64-81a0-259473990b0c","新北市政府主計處/公務統計科","每年","統計","公共資訊","JSON、CSV、XML","中文","1.新北市依性別平等教育法申訴案件－被行為人學校程度別(含性別)
2.單位：人；%
3.各項欄位說明詳參新北市性別圖像電子檔(網址：http://www.bas.ntpc.gov.tw/home.jsp?id=MTI5)或電洽主計處查詢。"
"7D98616D-0FB3-4E5D-9D1E-5E9637ACDD4E","原住民族教育","https://data.ntpc.gov.tw/datasets/7d98616d-0fb3-4e5d-9d1e-5e9637acdd4e","新北市政府主計處/公務統計科","每年","統計","公共資訊","JSON、CSV、XML","中文","1.新北市原住民族教育(含性別)
2.單位：人；%
3.各項欄位說明詳參新北市性別圖像電子檔(網址：http://www.bas.ntpc.gov.tw/home.jsp?id=MTI5)或電洽主計處查詢。"
"BE932DDF-774A-4280-B0B3-523211DA0CBD","補習教育","https://data.ntpc.gov.tw/datasets/be932ddf-774a-4280-b0b3-523211da0cbd","新北市政府主計處/公務統計科","每年","統計","公共資訊","JSON、CSV、XML","中文","1.新北市補習教育(含性別)
2.單位：人；%；男/百女
3.各項欄位說明詳參新北市性別圖像電子檔(網址：http://www.bas.ntpc.gov.tw/home.jsp?id=MTI5)或電洽主計處查詢。"
"985EB62B-D617-49A7-9242-EA4A0F338CDB","特殊教育—特教學校","https://data.ntpc.gov.tw/datasets/985eb62b-d617-49a7-9242-ea4a0f338cdb","新北市政府主計處/公務統計科","每年","統計","公共資訊","JSON、CSV、XML","中文","1.新北市特殊教育—特教學校(含性別)
2.單位：人；%；男/百女
3.各項欄位說明詳參新北市性別圖像電子檔(網址：http://www.bas.ntpc.gov.tw/home.jsp?id=MTI5)或電洽主計處查詢。"
"8767CFEF-B609-43BC-AEDF-C448F97775E2","高等教育","https://data.ntpc.gov.tw/datasets/8767cfef-b609-43bc-aedf-c448f97775e2","新北市政府主計處/公務統計科","每年","統計","公共資訊","JSON、CSV、XML","中文","1.新北市高等教育(含性別)
2.單位：人；%
3.各項欄位說明詳參新北市性別圖像電子檔(網址：http://www.bas.ntpc.gov.tw/home.jsp?id=MTI5)或電洽主計處查詢。"
"4D3BDE82-556C-43F7-88BD-A57DBD3F52D2","高級中等教育（續）","https://data.ntpc.gov.tw/datasets/4d3bde82-556c-43f7-88bd-a57dbd3f52d2","新北市政府主計處/公務統計科","每年","統計","公共資訊","JSON、CSV、XML","中文","1.新北市高級中等教育（續）(含性別)2.單位：人；%3.各項欄位說明詳參新北市性別圖像電子檔(網址：http://www.bas.ntpc.gov.tw/home.jsp?id=MTI5)或電洽主計處查詢。"
"2C11CBCF-9E85-4B75-957A-47B56F3E591F","高級中等教育","https://data.ntpc.gov.tw/datasets/2c11cbcf-9e85-4b75-957a-47b56f3e591f","新北市政府主計處/公務統計科","每年","統計","公共資訊","JSON、CSV、XML","中文","1.新北市高級中等教育2.單位：人；%；男/百女3.各項欄位說明詳參新北市性別圖像電子檔(網址：http://www.bas.ntpc.gov.tw/home.jsp?id=MTI5)或電洽主計處查詢。"
"71AAD733-8C22-4959-8A70-7EC84284229B","國中教育(續)","https://data.ntpc.gov.tw/datasets/71aad733-8c22-4959-8a70-7ec84284229b","新北市政府主計處/公務統計科","每年","統計","公共資訊","JSON、CSV、XML","中文","1.新北市國中教育(續)(含性別)
2.單位：人；%
3.各項欄位說明詳參新北市性別圖像電子檔(網址：http://www.bas.ntpc.gov.tw/home.jsp?id=MTI5)或電洽主計處查詢。"
"4E59DFB8-B9AF-41DC-9A55-FD41882B901D","國中教育","https://data.ntpc.gov.tw/datasets/4e59dfb8-b9af-41dc-9a55-fd41882b901d","新北市政府主計處/公務統計科","每年","統計","公共資訊","JSON、CSV、XML","中文","1.新北市國中教育(含性別)
2.單位：人；%；男/百女
3.各項欄位說明詳參新北市性別圖像電子檔(網址：http://www.bas.ntpc.gov.tw/home.jsp?id=MTI5)或電洽主計處查詢。"
"5095865D-F319-4C1E-95EE-B9B228238A5F","國小教育(續)","https://data.ntpc.gov.tw/datasets/5095865d-f319-4c1e-95ee-b9b228238a5f","新北市政府主計處/公務統計科","每年","統計","公共資訊","JSON、CSV、XML","中文","1.新北市國小教育(續)(含性別)
2.單位：人；%
3.各項欄位說明詳參新北市性別圖像電子檔(網址：http://www.bas.ntpc.gov.tw/home.jsp?id=MTI5)或電洽主計處查詢。"
"76AE5E5F-CFC3-41B2-B7C9-715B82E42CC0","國小教育","https://data.ntpc.gov.tw/datasets/76ae5e5f-cfc3-41b2-b7c9-715b82e42cc0","新北市政府主計處/公務統計科","每年","統計","公共資訊","JSON、CSV、XML","中文","1.新北市國小教育(含性別)
2.單位：人；%；男/百女
3.各項欄位說明詳參新北市性別圖像電子檔(網址：http://www.bas.ntpc.gov.tw/home.jsp?id=MTI5)或電洽主計處查詢。"
"F531A808-4AAB-4E5E-93F0-C34F9FF97A78","新北市銀髮俱樂部","https://data.ntpc.gov.tw/datasets/f531a808-4aab-4e5e-93f0-c34f9ff97a78","新北市政府社會局/老人福利科","每年","社福","老年安養","JSON、CSV、XML","中文","社會局提供的新北市銀髮俱樂部據點"
"C1B25724-54C7-443A-A6B0-CFAFCD3D9F2E","新北市窩溝封填親善診所","https://data.ntpc.gov.tw/datasets/c1b25724-54c7-443a-a6b0-cfafcd3d9f2e","新北市政府衛生局/健康管理科/健康管理科婦幼衛生股","每年","醫療","就醫","JSON、CSV、XML、KML","中文","新北市窩溝封填親善診所清冊"
"46364866-1D11-479C-AE75-74932CF1D5F3","新北市特定行業、電子遊戲場業及資訊休閒業營業場所投保公共意外險清冊","https://data.ntpc.gov.tw/datasets/46364866-1d11-479c-ae75-74932cf1d5f3","新北市政府經濟發展局/商業發展科","每年","經濟","休閒旅遊","JSON、CSV、XML","中文","新北市特定行業、電子遊戲場業及資訊休閒業營業場所投保公共意外險清冊，其資料包含已投保之公司名稱及其位址。"
"BF2AFA00-624D-4B10-989F-2FB098BE91D6","新北市公職人員利益衝突迴避常見問答","https://data.ntpc.gov.tw/datasets/bf2afa00-624d-4b10-989f-2fb098be91d6","新北市政府政風處/第一科","每年","資訊","公共資訊","JSON、CSV、XML","中文","提供有關公職人員利益衝突迴避制度問答輯要"
"89AFD2B2-1F58-497E-9B09-01CAF528E215","新北市政府政風處檢舉管道","https://data.ntpc.gov.tw/datasets/89afd2b2-1f58-497e-9b09-01caf528e215","新北市政府政風處/第一科","每年","資訊","公共資訊","JSON、CSV、XML","中文","提供受理之檢舉管道"
"E5BEF801-73F7-4074-82DF-2DF430A08AF6","新北市各區區公所原住民服務窗口","https://data.ntpc.gov.tw/datasets/e5bef801-73f7-4074-82df-2df430a08af6","新北市政府原住民族行政局/秘書室","每年","民政","公共資訊","JSON、CSV、XML","中文","新北市各區區公所原住民服務窗口。"
"22ECD1E6-842B-419B-B78A-C60482AF298A","新北市原住民族別人數排行榜統計表","https://data.ntpc.gov.tw/datasets/22ecd1e6-842b-419b-b78a-c60482af298a","新北市政府原住民族行政局/秘書室","每年","族群","公共資訊","JSON、CSV、XML","中文","新北市原住民族別人數排行榜統計表，其資料包含男女人口排行等資料。"
"0DE9326D-22ED-4AC7-8491-65BEC2758AF9","新北市各區原住民人數統計表","https://data.ntpc.gov.tw/datasets/0de9326d-22ed-4ac7-8491-65bec2758af9","新北市政府原住民族行政局/秘書室","每年","族群","公共資訊","JSON、CSV、XML","中文","新北市各區原住民人數統計，其資料包含各區原住名男女人口等資訊。
"
"79A75F51-B663-44D7-B096-D015DDC336A1","學校教育","https://data.ntpc.gov.tw/datasets/79a75f51-b663-44d7-b096-d015ddc336a1","新北市政府主計處/公務統計科","每年","統計","公共資訊","JSON、CSV、XML","中文","1.新北市學校教育(含性別)
2.單位：人；%
3.各項欄位說明詳參新北市性別圖像電子檔(網址：http://www.bas.ntpc.gov.tw/home.jsp?id=MTI5)或電洽主計處查詢。"
"FFEF3ED1-867E-4013-ADE0-47CFDBA44B2D","教育程度","https://data.ntpc.gov.tw/datasets/ffef3ed1-867e-4013-ade0-47cfdba44b2d","新北市政府主計處/公務統計科","每年","統計","公共資訊","JSON、CSV、XML","中文","1.新北市教育程度(含性別)
2.單位：%
3.各項欄位說明詳參新北市性別圖像電子檔(網址：http://www.bas.ntpc.gov.tw/home.jsp?id=MTI5)或電洽主計處查詢。"
"0178828A-4FF6-4C73-93EF-43FA4D286134","幼兒（稚）園教育","https://data.ntpc.gov.tw/datasets/0178828a-4ff6-4c73-93ef-43fa4d286134","新北市政府主計處/公務統計科","每年","統計","公共資訊","JSON、CSV、XML","中文","1.新北市幼兒（稚）園教育(含性別)
2.單位：人；%
3.各項欄位說明詳參新北市性別圖像電子檔(網址：http://www.bas.ntpc.gov.tw/home.jsp?id=MTI5)或電洽主計處查詢。"
"DEB37D64-264A-48F3-B3D6-978A98D22C68","新北市公共自行車租借站及價格(新版)","https://data.ntpc.gov.tw/datasets/deb37d64-264a-48f3-b3d6-978a98d22c68","新北市政府水利局/新北市政府高灘地工程管理處/營運企劃科","每年","觀光","休閒旅遊","JSON、CSV、XML","中文","資料由新北市政府高灘地工程管理處所提供主要欄位包含了出租日類型、租借站名稱、電話、位置、營運時間、現場借用一小時淑女/幼童車(平日/假日)、現場借用二小時淑女/幼童車(平日/假日)、現場借用六小時淑女/幼童車(平日/假日)、現場借用一小時變速車、現場借用二小時變速車、現場借用六小時變速車、現場借用一小時高級變速車/協力車、現場借用二小時高級變速車/協力車、現場借用六小時高級變速車/協力車、甲借乙還四小時以內淑女/幼童車(平日/假日)、甲借乙還四小時以內變速車、甲借乙還四小時以內高級變速車/協力車、甲借乙還四小時以後淑女/幼童車(平日/假日)、甲借乙還四小時以後變速車、甲借乙還四小時以後高級變速車/協力車價位等  "
"22B68CF5-44D7-473A-B8C8-3D85731743D6","新北市心理健康服務網絡資源","https://data.ntpc.gov.tw/datasets/22b68cf5-44d7-473a-b8c8-3d85731743d6","新北市政府衛生局/心理衛生科/成癮防治股","每年","醫療","就醫","JSON、CSV、XML、KML","中文","新北市政府衛生局提供心理健康及精神醫療資源，包含心理師駐點服務、立案心理諮商所與心理治療所、身心科診所、精神復健機構(日間型及住宿型)、精神護理之家、綜合醫院(身心科)、精神專科醫院及飲酒減量醫療戒治服務"
"E9FDDE11-B460-4430-B0EE-98EBA7D6B7D3","新北市精神復健機構清冊","https://data.ntpc.gov.tw/datasets/e9fdde11-b460-4430-b0ee-98eba7d6b7d3","新北市政府衛生局/心理衛生科/特殊處遇股","每年","醫療","就醫","JSON、CSV、XML、KML","中文","新北市政府衛生局提供的精神復健機構資訊主要提供欄位包含醫事機構代碼、機構名稱、醫事機構種類、服務類型、行政區、場所地址、聯絡電話、服務量、負責人"
"DEB81BCD-DDA9-46C1-8839-DF13860F63AF","新北市精神護理之家清冊","https://data.ntpc.gov.tw/datasets/deb81bcd-dda9-46c1-8839-df13860f63af","新北市政府衛生局/心理衛生科/特殊處遇股","不更新","醫療","就醫","JSON、CSV、XML、KML","中文","新北市政府衛生局提供的護理之家資訊主要提供欄位包含醫事機構代碼、機構名稱、場所地址、行政區、聯絡電話、床數、負責人、護理人員"
"994A42B9-B697-4239-ADD5-CB434664392A","新北市「孕婦乙型鏈球菌篩檢補助服務方案」特約院所名單","https://data.ntpc.gov.tw/datasets/994a42b9-b697-4239-add5-cb434664392a","新北市政府衛生局/健康管理科/健康管理科婦幼衛生股","每年","醫療","生育保健","JSON、CSV、XML、KML","中文","新北市「孕婦乙型鏈球菌篩檢補助服務方案」特約院所名單相關資訊"
"C682A0D9-362E-4719-A1FF-74EE70B186FF","新北市政府員工參訓情形","https://data.ntpc.gov.tw/datasets/c682a0d9-362e-4719-a1ff-74ee70b186ff","新北市政府人事處/考訓科","每年","資訊","公共資訊","JSON、CSV、XML","中文","新北市政府員工參訓情形，單位：人次。"
"6B0939B4-62D5-49EC-84A4-C8C2FEB2E1DC","新北市政府「心靈小綠洲講座」辦理情形","https://data.ntpc.gov.tw/datasets/6b0939b4-62d5-49ec-84a4-c8c2feb2e1dc","新北市政府人事處/給與科","每年","資訊","公共資訊","JSON、CSV、XML","中文","新北市政府「心靈小綠洲講座」辦理情形。"
"0D07DB17-675D-4104-B809-62079BF061DA","新北市演藝團體一覽表","https://data.ntpc.gov.tw/datasets/0d07db17-675d-4104-b809-62079bf061da","新北市政府文化局/文化發展科/綜合企劃股","每年","文化","休閒旅遊","JSON、CSV、XML","中文","新北市登記立案演藝團體之類別、團名、負責人、團址等資料"
"DF63A853-ABA9-4EC1-BD28-E74459E5D5C5","新北市博物館家族清單","https://data.ntpc.gov.tw/datasets/df63a853-aba9-4ec1-bd28-e74459e5d5c5","新北市政府文化局/文化發展科/文化產業股","每年","文化","休閒旅遊","JSON、CSV、XML、KML","中文","新北市博物館家族名稱、地址、電話等聯絡資訊"
"64025643-34BF-489D-AC5C-13B90DDD7629","新北市立博物館群","https://data.ntpc.gov.tw/datasets/64025643-34bf-489d-ac5c-13b90ddd7629","新北市政府文化局/文化發展科/文化產業股","每年","文化","休閒旅遊","JSON、CSV、XML、KML","中文","新北市立博物館群地址資訊。"
"A33EA98A-91DD-4F61-921F-5B74E0662FAF","新北市都市更新處市訂法規","https://data.ntpc.gov.tw/datasets/a33ea98a-91dd-4f61-921f-5b74e0662faf","新北市政府城鄉發展局/新北市政府都市更新處/更新事業科","每年","城鄉","公共資訊","JSON、CSV、XML","中文","提供本市市訂都市更新相關法規"
"237ABFD6-B273-40A1-9A85-C8AD805B465C","新北市107年度徵起之國稅、縣市稅分成數額表","https://data.ntpc.gov.tw/datasets/237abfd6-b273-40a1-9a85-c8ad805b465c","新北市政府財政局/秘書室","不更新","財稅","公共資訊","JSON、CSV、XML","中文","新北市107年度徵起之國稅、縣市稅分成數額表。"
"230D3466-812B-4DBF-9FDB-23431499D025","新北市民間興闢道路及附屬設施處理辦法","https://data.ntpc.gov.tw/datasets/230d3466-812b-4dbf-9fdb-23431499d025","新北市政府工務局/新北市政府新建工程處/秘書室","每年","工務","公共資訊","JSON、CSV、XML","中文","新北市民間興闢道路及附屬設施處理辦法。"
"6BC52BAB-8E95-41ED-94F2-FFAC12CCE08B","新北市政府新建工程處-各年度預算書","https://data.ntpc.gov.tw/datasets/6bc52bab-8e95-41ed-94f2-ffac12cce08b","新北市政府工務局/新北市政府新建工程處/秘書室","每年","資訊","公共資訊","JSON、CSV、XML","中文","新北市政府新建工程處-各年度預算書。"
"6F73B514-05F3-47E1-9D03-60897F2FC777","家庭組織型態","https://data.ntpc.gov.tw/datasets/6f73b514-05f3-47e1-9d03-60897f2fc777","新北市政府主計處/公務統計科","每年","統計","公共資訊","JSON、CSV、XML","中文","1.新北市家庭組織型態(含性別)
2.單位：人；%；男/百女
3.各項欄位說明詳參新北市性別圖像電子檔(網址：http://www.bas.ntpc.gov.tw/home.jsp?id=MTI5)或電洽主計處查詢。"
"20140EF0-B69B-4D19-AFD0-CD7DD8113551","幼兒托育","https://data.ntpc.gov.tw/datasets/20140ef0-b69b-4d19-afd0-cd7dd8113551","新北市政府主計處/公務統計科","每年","統計","公共資訊","JSON、CSV、XML","中文","1.新北市幼兒托育(含性別)
2.單位：人
3.各項欄位說明詳參新北市性別圖像電子檔(網址：http://www.bas.ntpc.gov.tw/home.jsp?id=MTI5)或電洽主計處查詢。"
"D87D1CAF-2DF6-42FA-BCEC-ADB8CDED560D","嬰兒生母生育胎次及年齡","https://data.ntpc.gov.tw/datasets/d87d1caf-2df6-42fa-bcec-adb8cded560d","新北市政府主計處/公務統計科","每年","統計","公共資訊","JSON、CSV、XML","中文","1.新北市嬰兒生母生育胎次及年齡(含性別)
2.單位：%；歲
3.各項欄位說明詳參新北市性別圖像電子檔(網址：http://www.bas.ntpc.gov.tw/home.jsp?id=MTI5)或電洽主計處查詢。"
"07ABB212-96EA-42EA-988A-9024DC86D4EA","嬰兒出生情形","https://data.ntpc.gov.tw/datasets/07abb212-96ea-42ea-988a-9024dc86d4ea","新北市政府主計處/公務統計科","每年","統計","公共資訊","JSON、CSV、XML","中文","1.新北市嬰兒出生情形(含性別)
2.單位：千分率
3.各項欄位說明詳參新北市性別圖像電子檔(網址：http://www.bas.ntpc.gov.tw/home.jsp?id=MTI5)或電洽主計處查詢。"
"EA688FDA-9AFE-4C9F-B6BF-2C18D8A88158","年齡別生育率","https://data.ntpc.gov.tw/datasets/ea688fda-9afe-4c9f-b6bf-2c18d8a88158","新北市政府主計處/公務統計科","每年","統計","公共資訊","JSON、CSV、XML","中文","1.新北市年齡別生育率(含性別)
2.單位：千分率
3.各項欄位說明詳參新北市性別圖像電子檔(網址：http://www.bas.ntpc.gov.tw/home.jsp?id=MTI5)或電洽主計處查詢。"
"FFDA05AC-E1B4-42DD-813A-ABA8B0FBADA8","生育率","https://data.ntpc.gov.tw/datasets/ffda05ac-e1b4-42dd-813a-aba8b0fbada8","新北市政府主計處/公務統計科","每年","統計","公共資訊","JSON、CSV、XML","中文","1.新北市生育率(含性別)
2.單位：千分率
3.各項欄位說明詳參新北市性別圖像電子檔(網址：http://www.bas.ntpc.gov.tw/home.jsp?id=MTI5)或電洽主計處查詢。"
"7D518633-8A92-459F-9699-A15998C9EE29","離婚情形","https://data.ntpc.gov.tw/datasets/7d518633-8a92-459f-9699-a15998c9ee29","新北市政府主計處/公務統計科","每年","統計","公共資訊","JSON、CSV、XML","中文","1.新北市離婚情形(含性別)
2.單位：人；千分率；%
3.各項欄位說明詳參新北市性別圖像電子檔(網址：http://www.bas.ntpc.gov.tw/home.jsp?id=MTI5)或電洽主計處查詢。"
"DBED8F5B-750F-4A92-94A6-9D9EE6576FDC","初婚情形","https://data.ntpc.gov.tw/datasets/dbed8f5b-750f-4a92-94a6-9d9ee6576fdc","新北市政府主計處/公務統計科","每年","統計","公共資訊","JSON、CSV、XML","中文","1.新北市初婚情形(含性別)
2.單位：%；人
3.各項欄位說明詳參新北市性別圖像電子檔(網址：http://www.bas.ntpc.gov.tw/home.jsp?id=MTI5)或電洽主計處查詢。"
"CAA519BB-BA3E-4D6D-AB0D-879605CCE2AE","結婚情形","https://data.ntpc.gov.tw/datasets/caa519bb-ba3e-4d6d-ab0d-879605cce2ae","新北市政府主計處/公務統計科","每年","統計","公共資訊","JSON、CSV、XML","中文","1.新北市結婚情形(含性別)
2.單位：人；歲；千分率
3.各項欄位說明詳參新北市性別圖像電子檔(網址：http://www.bas.ntpc.gov.tw/home.jsp?id=MTI5)或電洽主計處查詢。"
"F9618881-5CF2-4BCC-83B1-5021885DD4F3","婚姻狀況—離婚年齡結構","https://data.ntpc.gov.tw/datasets/f9618881-5cf2-4bcc-83b1-5021885dd4f3","新北市政府主計處/公務統計科","每年","統計","公共資訊","JSON、CSV、XML","中文","1.新北市婚姻狀況—離婚年齡結構(含性別)
2.單位：%
3.各項欄位說明詳參新北市性別圖像電子檔(網址：http://www.bas.ntpc.gov.tw/home.jsp?id=MTI5)或電洽主計處查詢。"
"2892F385-6CDF-4743-AF95-6F57B2CC6504","婚姻狀況—喪偶年齡結構","https://data.ntpc.gov.tw/datasets/2892f385-6cdf-4743-af95-6f57b2cc6504","新北市政府主計處/公務統計科","每年","統計","公共資訊","JSON、CSV、XML","中文","1.新北市婚姻狀況—喪偶年齡結構(含性別)
2.單位：%
3.各項欄位說明詳參新北市性別圖像電子檔(網址：http://www.bas.ntpc.gov.tw/home.jsp?id=MTI5)或電洽主計處查詢。"
"A1949541-15E9-4D09-84A9-B567DDBA5AA6","婚姻狀況—有偶年齡結構","https://data.ntpc.gov.tw/datasets/a1949541-15e9-4d09-84a9-b567ddba5aa6","新北市政府主計處/公務統計科","每年","統計","公共資訊","JSON、CSV、XML","中文","1.新北市婚姻狀況—有偶年齡結構(含性別)
2.單位：%
3.各項欄位說明詳參新北市性別圖像電子檔(網址：http://www.bas.ntpc.gov.tw/home.jsp?id=MTI5)或電洽主計處查詢。"
"069D096C-D6F4-4C0E-8390-C5B31C2B9F92","婚姻狀況—未婚年齡結構","https://data.ntpc.gov.tw/datasets/069d096c-d6f4-4c0e-8390-c5b31c2b9f92","新北市政府主計處/公務統計科","每年","統計","公共資訊","JSON、CSV、XML","中文","1.新北市婚姻狀況—未婚年齡結構(含性別)
2.單位：%
3.各項欄位說明詳參新北市性別圖像電子檔(網址：http://www.bas.ntpc.gov.tw/home.jsp?id=MTI5)或電洽主計處查詢。"
"0C9A521A-DC7E-43B5-A0E5-1B0DD75C5191","婚姻狀況","https://data.ntpc.gov.tw/datasets/0c9a521a-dc7e-43b5-a0e5-1b0dd75c5191","新北市政府主計處/公務統計科","每年","統計","公共資訊","JSON、CSV、XML","中文","1.新北市婚姻狀況(含性別)
2.單位：人
3.各項欄位說明詳參新北市性別圖像電子檔(網址：http://www.bas.ntpc.gov.tw/home.jsp?id=MTI5)或電洽主計處查詢。"
"23AB62BE-77C9-4247-8149-42EA2430436B","新住民概況","https://data.ntpc.gov.tw/datasets/23ab62be-77c9-4247-8149-42ea2430436b","新北市政府主計處/公務統計科","每年","統計","公共資訊","JSON、CSV、XML","中文","1.新北市新住民概況(含性別)
2.單位：人；男/百女
3.各項欄位說明詳參新北市性別圖像電子檔(網址：http://www.bas.ntpc.gov.tw/home.jsp?id=MTI5)或電洽主計處查詢。"
"45A8DF13-A8D8-4C51-8A74-523315733D8F","原住民族概況","https://data.ntpc.gov.tw/datasets/45a8df13-a8d8-4c51-8a74-523315733d8f","新北市政府主計處/公務統計科","每年","統計","公共資訊","JSON、CSV、XML","中文","1.新北市原住民族概況(含性別)
2.單位：人；男/百女
3.各項欄位說明詳參新北市性別圖像電子檔(網址：http://www.bas.ntpc.gov.tw/home.jsp?id=MTI5)或電洽主計處查詢。"
"6D0C109B-BDA4-4CCF-9699-1A231A86CB20","人口消長","https://data.ntpc.gov.tw/datasets/6d0c109b-bda4-4ccf-9699-1a231a86cb20","新北市政府主計處/公務統計科","每年","統計","公共資訊","JSON、CSV、XML","中文","1.新北市人口消長(含性別)
2.單位：千分率；人；男/百女
3.各項欄位說明詳參新北市性別圖像電子檔(網址：http://www.bas.ntpc.gov.tw/home.jsp?id=MTI5)或電洽主計處查詢。"
"387F4683-A92E-4884-A548-268D2F77D31E","人口年齡分配","https://data.ntpc.gov.tw/datasets/387f4683-a92e-4884-a548-268d2f77d31e","新北市政府主計處/公務統計科","每年","統計","公共資訊","JSON、CSV、XML","中文","1.新北市人口年齡分配(含性別)
2.單位：%；歲
3.各項欄位說明詳參新北市性別圖像電子檔(網址：http://www.bas.ntpc.gov.tw/home.jsp?id=MTI5)或電洽主計處查詢。"
"11EFC14A-C635-40F6-B000-04E49FEC8AB9","人口概況","https://data.ntpc.gov.tw/datasets/11efc14a-c635-40f6-b000-04e49fec8ab9","新北市政府主計處/公務統計科","每年","統計","公共資訊","JSON、CSV、XML","中文","1.新北市人口概況(含性別)
2.單位：千人；男/百女
3.各項欄位說明詳參新北市性別圖像電子檔(網址：http://www.bas.ntpc.gov.tw/home.jsp?id=MTI5)或電洽主計處查詢。"
"06F26ED3-13E0-4650-B767-FB91D665CEFF","社會局所轄志工","https://data.ntpc.gov.tw/datasets/06f26ed3-13e0-4650-b767-fb91d665ceff","新北市政府主計處/公務統計科","每年","統計","公共資訊","JSON、CSV、XML","中文","1.社會局所轄志工(含性別)
2.單位：人
3.各項欄位說明詳參新北市性別圖像電子檔(網址：http://www.bas.ntpc.gov.tw/home.jsp?id=MTI5)或電洽主計處查詢。"
"B422A4FA-42BD-4D63-AA6F-332A62BB4A60","身心障礙福利","https://data.ntpc.gov.tw/datasets/b422a4fa-42bd-4d63-aa6f-332a62bb4a60","新北市政府主計處/公務統計科","每年","統計","公共資訊","JSON、CSV、XML","中文","1.新北市身心障礙福利(含性別)
2.單位：人；人次
3.各項欄位說明詳參新北市性別圖像電子檔(網址：http://www.bas.ntpc.gov.tw/home.jsp?id=MTI5)或電洽主計處查詢。"
"C1079436-54F0-41FE-9FDA-8ACCEF7CA58F","原住民族福利","https://data.ntpc.gov.tw/datasets/c1079436-54f0-41fe-9fda-8accef7ca58f","新北市政府主計處/公務統計科","每年","統計","公共資訊","JSON、CSV、XML","中文","1.新北市原住民族福利(含性別)
2.單位：人
3.各項欄位說明詳參新北市性別圖像電子檔(網址：http://www.bas.ntpc.gov.tw/home.jsp?id=MTI5)或電洽主計處查詢。"
"17A2D397-DAA6-4E67-9DE5-D73E0A908EB0","婦女福利服務","https://data.ntpc.gov.tw/datasets/17a2d397-daa6-4e67-9de5-d73e0a908eb0","新北市政府主計處/公務統計科","每年","統計","公共資訊","JSON、CSV、XML","中文","1.新北市婦女福利服務(含性別)
2.單位：家；人次；人；萬元
3.各項欄位說明詳參新北市性別圖像電子檔(網址：http://www.bas.ntpc.gov.tw/home.jsp?id=MTI5)或電洽主計處查詢。"
"9F641102-F5BF-42C5-984C-C0F3E66BE9F3","老人福利服務","https://data.ntpc.gov.tw/datasets/9f641102-f5bf-42c5-984c-c0f3e66be9f3","新北市政府主計處/公務統計科","每年","統計","公共資訊","JSON、CSV、XML","中文","1.新北市老人福利服務(含性別)
2.單位：人次；人；人數
3.各項欄位說明詳參新北市性別圖像電子檔(網址：http://www.bas.ntpc.gov.tw/home.jsp?id=MTI5)或電洽主計處查詢。"
"FA56D0B5-2C44-4DA7-B242-66156B2C2CA8","住宅補貼申請","https://data.ntpc.gov.tw/datasets/fa56d0b5-2c44-4da7-b242-66156b2c2ca8","新北市政府主計處/公務統計科","每年","統計","公共資訊","JSON、CSV、XML","中文","1.新北市住宅補貼申請(含性別)
2.單位：人；%
3.各項欄位說明詳參新北市性別圖像電子檔(網址：http://www.bas.ntpc.gov.tw/home.jsp?id=MTI5)或電洽主計處查詢。"
"20B46E33-B60B-4B8B-A5E1-F0C58E5ECDBD","外籍移工","https://data.ntpc.gov.tw/datasets/20b46e33-b60b-4b8b-a5e1-f0c58e5ecdbd","新北市政府主計處/公務統計科","每年","統計","公共資訊","JSON、CSV、XML","中文","1.新北市外籍移工(含性別)2.單位：人；%；人次3.各項欄位說明詳參新北市性別圖像電子檔(網址：http://www.bas.ntpc.gov.tw/home.jsp?id=MTI5)或電洽主計處查詢。"
"A8542567-894F-4674-88FE-C794918CF3A0","勞工(農民)保險及勞資爭議","https://data.ntpc.gov.tw/datasets/a8542567-894f-4674-88fe-c794918cf3a0","新北市政府主計處/公務統計科","每年","統計","公共資訊","JSON、CSV、XML","中文","1.新北市勞工(農民)保險及勞資爭議(含性別)
2.單位：人
3.各項欄位說明詳參新北市性別圖像電子檔(網址：http://www.bas.ntpc.gov.tw/home.jsp?id=MTI5)或電洽主計處查詢。"
"518A0227-BE67-4985-977F-A46E7E45BF68","依性別工作平等法申訴案件","https://data.ntpc.gov.tw/datasets/518a0227-be67-4985-977f-a46e7e45bf68","新北市政府主計處/公務統計科","每年","統計","公共資訊","JSON、CSV、XML","中文","1.新北市依性別工作平等法申訴案件(含性別)
2.單位：人
3.各項欄位說明詳參新北市性別圖像電子檔(網址：http://www.bas.ntpc.gov.tw/home.jsp?id=MTI5)或電洽主計處查詢。"
"6E11E747-525C-4FA4-8447-FE50CF444FBD","市府員工留職停薪情形—育嬰留職停薪","https://data.ntpc.gov.tw/datasets/6e11e747-525c-4fa4-8447-fe50cf444fbd","新北市政府主計處/公務統計科","每年","統計","公共資訊","JSON、CSV、XML","中文","1.新北市市府員工留職停薪情形—育嬰留職停薪(含性別)
2.單位：人次
3.各項欄位說明詳參新北市性別圖像電子檔(網址：http://www.bas.ntpc.gov.tw/home.jsp?id=MTI5)或電洽主計處查詢。"
"FCB2BC56-B7B6-4D8D-AB83-F0138CD4B055","市府員工留職停薪情形—侍親留職停薪","https://data.ntpc.gov.tw/datasets/fcb2bc56-b7b6-4d8d-ab83-f0138cd4b055","新北市政府主計處/公務統計科","每年","統計","公共資訊","JSON、CSV、XML","中文","1.新北市市府員工留職停薪情形—侍親留職停薪(含性別)
2.單位：人次
3.各項欄位說明詳參新北市性別圖像電子檔(網址：http://www.bas.ntpc.gov.tw/home.jsp?id=MTI5)或電洽主計處查詢。"
"3E2DF108-74A3-4A1C-9B52-2F232D1822A9","市府員工請假情形—家庭照顧假","https://data.ntpc.gov.tw/datasets/3e2df108-74a3-4a1c-9b52-2f232d1822a9","新北市政府主計處/公務統計科","每年","統計","公共資訊","JSON、CSV、XML","中文","1.新北市市府員工請假情形—家庭照顧假(含性別)
2.單位：人次
3.各項欄位說明詳參新北市性別圖像電子檔(網址：http://www.bas.ntpc.gov.tw/home.jsp?id=MTI5)或電洽主計處查詢。"
"DC6DEAB9-504E-4806-A2F5-496596D56531","市府員工請假情形—生理假","https://data.ntpc.gov.tw/datasets/dc6deab9-504e-4806-a2f5-496596d56531","新北市政府主計處/公務統計科","每年","統計","公共資訊","JSON、CSV、XML","中文","1.新北市市府員工請假情形—生理假(含性別)
2.單位：人次
3.各項欄位說明詳參新北市性別圖像電子檔(網址：http://www.bas.ntpc.gov.tw/home.jsp?id=MTI5)或電洽主計處查詢。"
"6182B0E2-AF9C-42D5-AB3A-CE86D889A634","市府員工參訓情形","https://data.ntpc.gov.tw/datasets/6182b0e2-af9c-42d5-ab3a-ce86d889a634","新北市政府主計處/公務統計科","每年","統計","公共資訊","JSON、CSV、XML","中文","1.新北市市府員工參訓情形(含性別)
2.單位：人次
3.各項欄位說明詳參新北市性別圖像電子檔(網址：http://www.bas.ntpc.gov.tw/home.jsp?id=MTI5)或電洽主計處查詢。
"
"00DDE8DF-2FD9-4C48-8C44-BB54418EC09A","職業訓練","https://data.ntpc.gov.tw/datasets/00dde8df-2fd9-4c48-8c44-bb54418ec09a","新北市政府主計處/公務統計科","每年","統計","公共資訊","JSON、CSV、XML","中文","1.新北市職業訓練(含性別)
2.單位：人次
3.各項欄位說明詳參新北市性別圖像電子檔(網址：http://www.bas.ntpc.gov.tw/home.jsp?id=MTI5)或電洽主計處查詢。"
"C4831DC1-FA82-480D-B9D0-DCF2DA2532DF","就業輔導","https://data.ntpc.gov.tw/datasets/c4831dc1-fa82-480d-b9d0-dcf2da2532df","新北市政府主計處/公務統計科","每年","統計","公共資訊","JSON、CSV、XML","中文","1.新北市就業輔導(含性別)
2.單位：人
3.各項欄位說明詳參新北市性別圖像電子檔(網址：http://www.bas.ntpc.gov.tw/home.jsp?id=MTI5)或電洽主計處查詢。"
"99EFADA6-C5F3-4F42-852F-6E514C36DF2C","原住民族勞動力","https://data.ntpc.gov.tw/datasets/99efada6-c5f3-4f42-852f-6e514c36df2c","新北市政府主計處/公務統計科","每年","統計","公共資訊","JSON、CSV、XML","中文","1.新北市原住民族勞動力(含性別)
2.單位：%
3.各項欄位說明詳參新北市性別圖像電子檔(網址：http://www.bas.ntpc.gov.tw/home.jsp?id=MTI5)或電洽主計處查詢。"
"20EB76DD-D307-44E9-9B24-C8903ED67A27","失業率－婚姻狀況別","https://data.ntpc.gov.tw/datasets/20eb76dd-d307-44e9-9b24-c8903ed67a27","新北市政府主計處/公務統計科","每年","統計","公共資訊","JSON、CSV、XML","中文","1.新北市失業率－婚姻狀況別(含性別)
2.單位：%
3.各項欄位說明詳參新北市性別圖像電子檔(網址：http://www.bas.ntpc.gov.tw/home.jsp?id=MTI5)或電洽主計處查詢。
"
"C29C80D4-BEF1-452C-8D9A-659E72F07831","失業率－年齡別","https://data.ntpc.gov.tw/datasets/c29c80d4-bef1-452c-8d9a-659e72f07831","新北市政府主計處/公務統計科","每年","統計","公共資訊","JSON、CSV、XML","中文","1.新北市失業率－年齡別(含性別)
2.單位：%
3.各項欄位說明詳參新北市性別圖像電子檔(網址：http://www.bas.ntpc.gov.tw/home.jsp?id=MTI5)或電洽主計處查詢。"
"53838BEB-A21C-4173-9848-106CADD6D3B5","失業率—教育程度別","https://data.ntpc.gov.tw/datasets/53838beb-a21c-4173-9848-106cadd6d3b5","新北市政府主計處/公務統計科","每年","統計","公共資訊","JSON、CSV、XML","中文","1.新北市失業率—教育程度別(含性別)
2.單位：%
3.各項欄位說明詳參新北市性別圖像電子檔(網址：http://www.bas.ntpc.gov.tw/home.jsp?id=MTI5)或電洽主計處查詢。"
"C285509A-7FB2-434F-8542-0B4986C337A8","就業者年齡結構","https://data.ntpc.gov.tw/datasets/c285509a-7fb2-434f-8542-0b4986c337a8","新北市政府主計處/公務統計科","每年","統計","公共資訊","JSON、CSV、XML","中文","1.新北市就業者年齡結構(含性別)
2.單位：%
3.各項欄位說明詳參新北市性別圖像電子檔(網址：http://www.bas.ntpc.gov.tw/home.jsp?id=MTI5)或電洽主計處查詢。"
"B77BEB94-131A-4C54-A02D-CEE19A09F7F2","就業者教育程度結構","https://data.ntpc.gov.tw/datasets/b77beb94-131a-4c54-a02d-cee19a09f7f2","新北市政府主計處/公務統計科","每年","統計","公共資訊","JSON、CSV、XML","中文","1.新北市就業者教育程度結構(含性別)
2.單位：%
3.各項欄位說明詳參新北市性別圖像電子檔(網址：http://www.bas.ntpc.gov.tw/home.jsp?id=MTI5)或電洽主計處查詢。"
"B923C343-FA50-4510-8B63-6ABF5ED44521","就業者從業身分結構","https://data.ntpc.gov.tw/datasets/b923c343-fa50-4510-8b63-6abf5ed44521","新北市政府主計處/公務統計科","每年","統計","公共資訊","JSON、CSV、XML","中文","1.新北市就業者從業身分結構(含性別)
2.單位：%
3.各項欄位說明詳參新北市性別圖像電子檔(網址：http://www.bas.ntpc.gov.tw/home.jsp?id=MTI5)或電洽主計處查詢。"
"C839A9A7-3A90-48A5-8A55-467399E1FB11","就業者行業結構－服務業","https://data.ntpc.gov.tw/datasets/c839a9a7-3a90-48a5-8a55-467399e1fb11","新北市政府主計處/公務統計科","每年","統計","公共資訊","JSON、CSV、XML","中文","1.新北市就業者行業結構－服務業(含性別)
2.單位：%
3.各項欄位說明詳參新北市性別圖像電子檔(網址：http://www.bas.ntpc.gov.tw/home.jsp?id=MTI5)或電洽主計處查詢。"
"115A9981-0F3A-4B5B-AFFC-35019D833309","就業者行業結構－農業及工業","https://data.ntpc.gov.tw/datasets/115a9981-0f3a-4b5b-affc-35019d833309","新北市政府主計處/公務統計科","每年","統計","公共資訊","JSON、CSV、XML","中文","1.新北市就業者行業結構－農業及工業(含性別)
2.單位：%
3.各項欄位說明詳參新北市性別圖像電子檔(網址：http://www.bas.ntpc.gov.tw/home.jsp?id=MTI5)或電洽主計處查詢。"
"957D9A08-5580-459E-A4D7-82DCD5075DC1","就業者職業結構","https://data.ntpc.gov.tw/datasets/957d9a08-5580-459e-a4d7-82dcd5075dc1","新北市政府主計處/公務統計科","每年","統計","公共資訊","JSON、CSV、XML","中文","1.新北市就業者職業結構(含性別)
2.單位：%；小時
3.各項欄位說明詳參新北市性別圖像電子檔(網址：http://www.bas.ntpc.gov.tw/home.jsp?id=MTI5)或電洽主計處查詢。
"
"34AB136E-9296-4083-952A-4EE76394FCB0","勞動力參與率","https://data.ntpc.gov.tw/datasets/34ab136e-9296-4083-952a-4ee76394fcb0","新北市政府主計處/公務統計科","每年","統計","公共資訊","JSON、CSV、XML","中文","1.新北市勞動力參與率(含性別)
2.單位：
3.各項欄位說明詳參新北市性別圖像電子檔(網址：http://www.bas.ntpc.gov.tw/home.jsp?id=MTI5)或電洽主計處查詢。"
"13F9C688-9B29-48A6-AB91-2D03E34FC80B","勞動力","https://data.ntpc.gov.tw/datasets/13f9c688-9b29-48a6-ab91-2d03e34fc80b","新北市政府主計處/公務統計科","每年","統計","公共資訊","JSON、CSV、XML","中文","1.新北市勞動力(含性別)
2.單位：千人；%
3.各項欄位說明詳參新北市性別圖像電子檔(網址：http://www.bas.ntpc.gov.tw/home.jsp?id=MTI5)或電洽主計處查詢。"
"CA1369A7-3C82-4B37-8743-F43287A15884","公教職員教育程度結構","https://data.ntpc.gov.tw/datasets/ca1369a7-3c82-4b37-8743-f43287a15884","新北市政府主計處/公務統計科","每年","統計","公共資訊","JSON、CSV、XML","中文","1.新北市公教職員教育程度結構(含性別)
2.單位：%
3.各項欄位說明詳參新北市性別圖像電子檔(網址：http://www.bas.ntpc.gov.tw/home.jsp?id=MTI5)或電洽主計處查詢。
"
"2F4EB6B9-479A-4E6A-B89D-70531399F3AF","公教職員官職等","https://data.ntpc.gov.tw/datasets/2f4eb6b9-479a-4e6a-b89d-70531399f3af","新北市政府主計處/公務統計科","每年","統計","公共資訊","JSON、CSV、XML","中文","1.新北市公教職員官職等(含性別)
2.單位：人
3.各項欄位說明詳參新北市性別圖像電子檔(網址：http://www.bas.ntpc.gov.tw/home.jsp?id=MTI5)或電洽主計處查詢。"
"AADD45B5-C76C-4B37-A0ED-0FB430ADEC4A","公教職員年齡結構","https://data.ntpc.gov.tw/datasets/aadd45b5-c76c-4b37-a0ed-0fb430adec4a","新北市政府主計處/公務統計科","每年","統計","公共資訊","JSON、CSV、XML","中文","1.新北市公教職員年齡結構(含性別)
2.單位：%
3.各項欄位說明詳參新北市性別圖像電子檔(網址：http://www.bas.ntpc.gov.tw/home.jsp?id=MTI5)或電洽主計處查詢。"
"8EB1745D-0811-4149-B4B5-068339D8A338","公司、商業及工廠登記負責人","https://data.ntpc.gov.tw/datasets/8eb1745d-0811-4149-b4b5-068339d8a338","新北市政府主計處/公務統計科","每年","統計","公共資訊","JSON、CSV、XML","中文","1.新北市公司、商業及工廠登記負責人(含性別)
2.單位：人；%
3.各項欄位說明詳參新北市性別圖像電子檔(網址：http://www.bas.ntpc.gov.tw/home.jsp?id=MTI5)或電洽主計處查詢。"
"70796792-331C-4D72-AAB1-CE410B813BC6","公教職員","https://data.ntpc.gov.tw/datasets/70796792-331c-4d72-aab1-ce410b813bc6","新北市政府主計處/公務統計科","每年","統計","公共資訊","JSON、CSV、XML","中文","1.新北市公教職員(含性別)
2.單位：人；%
3.各項欄位說明詳參新北市性別圖像電子檔(網址：http://www.bas.ntpc.gov.tw/home.jsp?id=MTI5)或電洽主計處查詢。"
"7CE8BF4A-8E60-4121-B9C0-5674233AAEC4","農會理事、監事及會員代表—上級農會","https://data.ntpc.gov.tw/datasets/7ce8bf4a-8e60-4121-b9c0-5674233aaec4","新北市政府主計處/公務統計科","每年","統計","公共資訊","JSON、CSV、XML","中文","1.新北市農會理事、監事及會員代表—上級農會(含性別)
2.單位：人；%
3.各項欄位說明詳參新北市性別圖像電子檔(網址：http://www.bas.ntpc.gov.tw/home.jsp?id=MTI5)或電洽主計處查詢。"
"AB6F82B0-10C9-4F16-B08E-C64E767EB88F","市府正副主管人員","https://data.ntpc.gov.tw/datasets/ab6f82b0-10c9-4f16-b08e-c64e767eb88f","新北市政府主計處/公務統計科","每年","統計","公共資訊","JSON、CSV、XML","中文","1.新北市市府正副主管人員(含性別)
2.單位：人；%
3.各項欄位說明詳參新北市性別圖像電子檔(網址：http://www.bas.ntpc.gov.tw/home.jsp?id=MTI5)或電洽主計處查詢。"
"EED920A3-5871-46A7-9834-0D8370416096","民意代表","https://data.ntpc.gov.tw/datasets/eed920a3-5871-46a7-9834-0d8370416096","新北市政府主計處/公務統計科","每年","統計","公共資訊","JSON、CSV、XML","中文","1.新北市民意代表(含性別)
2.單位：人；%
3.各項欄位說明詳參新北市性別圖像電子檔(網址：http://www.bas.ntpc.gov.tw/home.jsp?id=MTI5)或電洽主計處查詢。"
"F80018F5-383B-4742-ACE2-F602C1A1ABF3","農會理事、監事及會員代表—基層農會","https://data.ntpc.gov.tw/datasets/f80018f5-383b-4742-ace2-f602c1a1abf3","新北市政府主計處/公務統計科","每年","統計","公共資訊","JSON、CSV、XML","中文","1.新北市農會理事、監事及會員代表—基層農會(含性別)
2.單位：人；%
3.各項欄位說明詳參新北市性別圖像電子檔(網址：http://www.bas.ntpc.gov.tw/home.jsp?id=MTI5)或電洽主計處查詢。"
"9771273E-19A1-4DAF-9F55-85EB24E2A17E","漁會理事、監事及會員代表","https://data.ntpc.gov.tw/datasets/9771273e-19a1-4daf-9f55-85eb24e2a17e","新北市政府主計處/公務統計科","每年","統計","公共資訊","JSON、CSV、XML","中文","1.新北市漁會理事、監事及會員代表(含性別)
2.單位：人；%
3.各項欄位說明詳參新北市性別圖像電子檔(網址：http://www.bas.ntpc.gov.tw/home.jsp?id=MTI5)或電洽主計處查詢。"
"909083F3-F1A2-4F85-8833-7E83B7E26A9C","家庭所得差距","https://data.ntpc.gov.tw/datasets/909083f3-f1a2-4f85-8833-7e83b7e26a9c","新北市政府主計處/公務統計科","每年","統計","公共資訊","JSON、CSV、XML","中文","1.新北市家庭所得差距(含性別)
2.單位：人次
3.各項欄位說明詳參新北市性別圖像電子檔(網址：http://www.bas.ntpc.gov.tw/home.jsp?id=MTI5)或電洽主計處查詢。"
"1903E996-516A-495F-9194-E7078016C73C","經濟戶長比重","https://data.ntpc.gov.tw/datasets/1903e996-516a-495f-9194-e7078016c73c","新北市政府主計處/公務統計科","每年","統計","公共資訊","JSON、CSV、XML","中文","1.新北市經濟戶長比重(含性別)
2.單位：人次
3.各項欄位說明詳參新北市性別圖像電子檔(網址：http://www.bas.ntpc.gov.tw/home.jsp?id=MTI5)或電洽主計處查詢。"
"7A2ED29B-E45D-4707-8A7C-EF9628C0ED94","家庭所得分配","https://data.ntpc.gov.tw/datasets/7a2ed29b-e45d-4707-8a7c-ef9628c0ed94","新北市政府主計處/公務統計科","每年","統計","公共資訊","JSON、CSV、XML","中文","1.新北市家庭所得分配(含性別)
2.單位：元
3.各項欄位說明詳參新北市性別圖像電子檔(網址：http://www.bas.ntpc.gov.tw/home.jsp?id=MTI5)或電洽主計處查詢。
"
"6012744D-9547-418B-BFFA-622CC708D804","房屋稅及地價稅開徵概況","https://data.ntpc.gov.tw/datasets/6012744d-9547-418b-bffa-622cc708d804","新北市政府主計處/公務統計科","每年","統計","公共資訊","JSON、CSV、XML","中文","1.新北市房屋稅及地價稅開徵概況(含性別)
2.單位：%
3.各項欄位說明詳參新北市性別圖像電子檔(網址：http://www.bas.ntpc.gov.tw/home.jsp?id=MTI5)或電洽主計處查詢。"
"92A1BFD0-ACC8-4C7C-ACE9-2D2D6CBE0B2F","不動產概況","https://data.ntpc.gov.tw/datasets/92a1bfd0-acc8-4c7c-ace9-2d2d6cbe0b2f","新北市政府主計處/公務統計科","每年","統計","公共資訊","JSON、CSV、XML","中文","1.新北市不動產概況(含性別)
2.單位：人；%
3.各項欄位說明詳參新北市性別圖像電子檔(網址：http://www.bas.ntpc.gov.tw/home.jsp?id=MTI5)或電洽主計處查詢。"
"42D5F96B-C6F6-445A-A259-48C270B384E6","新北市空氣品質淨化區","https://data.ntpc.gov.tw/datasets/42d5f96b-c6f6-445a-a259-48c270b384e6","新北市政府環境保護局/空氣品質維護科/移污噪音股","不更新","環保","生活安全及品質","JSON、CSV、XML","中文","新北市空氣品質淨化區基本資料"
"C0CC9BD8-870D-454B-AFAA-277FAC536277","新北市街頭藝人展演場地","https://data.ntpc.gov.tw/datasets/c0cc9bd8-870d-454b-afaa-277fac536277","新北市政府文化局/文化發展科/綜合企劃股","每年","文化","休閒旅遊","JSON、CSV、XML","中文","新北市街頭藝人展演場地。"
"BA47FC6F-1FEE-41E7-AB71-C50F9B5211C8","新北市街頭藝人","https://data.ntpc.gov.tw/datasets/ba47fc6f-1fee-41e7-ab71-c50f9b5211c8","新北市政府文化局/文化發展科/綜合企劃股","每年","文化","休閒旅遊","JSON、CSV、XML","中文","新北市街頭藝人通過認證審查之名冊"
"6276F36F-BB74-4910-BE71-8683E3755302","社區營造名單","https://data.ntpc.gov.tw/datasets/6276f36f-bb74-4910-be71-8683e3755302","新北市政府文化局/藝文推廣科/社區文化股","每年","文化","生活安全及品質","JSON、CSV、XML","中文","年度社區營造補助類型及名單等相關資訊"
"1493A903-5B83-4032-9EFE-8E1ECB967E7E","新北市國中七年級女生免費子宮頸癌疫苗接種","https://data.ntpc.gov.tw/datasets/1493a903-5b83-4032-9efe-8e1ecb967e7e","新北市政府衛生局/健康管理科/健康管理科婦幼衛生股","不更新","資訊","生育保健","JSON、CSV、XML","中文","新北市國中七年級女生免費子宮頸癌疫苗接種服務資訊"
"DBA71406-8437-4F65-8801-A0895E379E02","新北市幼兒常規疫苗接種合約醫療院所","https://data.ntpc.gov.tw/datasets/dba71406-8437-4f65-8801-a0895e379e02","新北市政府衛生局/疾病管制科/預防接種股","不更新","醫療","生育保健","JSON、CSV、XML、KML","中文","本資料集為新北市轄區內提供幼兒公費疫苗接種之合約醫療院所名冊"
"551CD3F4-534A-45CF-976A-359090FB7DF6","新北市流感疫苗接種合約醫療院所","https://data.ntpc.gov.tw/datasets/551cd3f4-534a-45cf-976a-359090fb7df6","新北市政府衛生局/疾病管制科/預防接種股","每年","醫療","生育保健","JSON、CSV、XML、KML","中文","本資料集為流感疫苗接種期間，新北市流感疫苗接種合約院所名冊"
"D8EB898F-6C59-4689-9191-48DBBEF16606","新北市文化資產","https://data.ntpc.gov.tw/datasets/d8eb898f-6c59-4689-9191-48dbbef16606","新北市政府文化局/文化資產科/無形資產股","每年","文化","休閒旅遊","JSON、CSV、XML、KML","中文","新北市已公告之古蹟、歷史建築、紀念建築、聚落建築群、考古遺址、史蹟、文化景觀、古物、傳統藝術、傳統工藝、表演藝術、民俗及有關文物之基本資料"
"D26546B3-1AB9-4EAC-9A67-DE6E0B680AE0","國小新生入學後預防接種紀錄檢查與補接種建議表","https://data.ntpc.gov.tw/datasets/d26546b3-1ab9-4eac-9a67-de6e0b680ae0","新北市政府衛生局/疾病管制科/預防接種股","不更新","醫療","生育保健","JSON、CSV、XML","中文","提供我國國小入學新生查卡後接補種之對照表，可查詢需要補接種的疫苗類型，亦可查詢未接種之處理方式。
從未接種或忘記有無接種各項疫苗者，完成劑次視為0。
經醫師評估不適合接種活性減毒日本腦炎疫苗的孩童，衛生局/所有儲備不活化日本腦炎疫苗。"
"D1BCE11A-672E-4A9E-B28D-929EEBC91CB7","新北市兒童預防接種時程","https://data.ntpc.gov.tw/datasets/d1bce11a-672e-4a9e-b28d-929eebc91cb7","新北市政府衛生局/疾病管制科/預防接種股","不更新","醫療","生育保健","JSON、CSV、XML","中文","新北市兒童預防接種時程為幼童公費疫苗接種劑次時間表"
"02565993-4F7F-4700-8B96-383CE2F763BA","補助私有文化資產一覽表","https://data.ntpc.gov.tw/datasets/02565993-4f7f-4700-8b96-383ce2f763ba","新北市政府文化局/文化資產科/無形資產股","每年","文化","休閒旅遊","JSON、CSV、XML","中文","補助私有文化資產之案件名稱"
"20A3B141-B1C1-4B61-B36A-7569E8CE24B3","新北市藝遊","https://data.ntpc.gov.tw/datasets/20a3b141-b1c1-4b61-b36a-7569e8ce24b3","新北市政府文化局/文化發展科/綜合企劃股","每年","文化","休閒旅遊","JSON、CSV、XML","中文","提供新北市當月藝文活動資訊"
"C69117E7-400C-44FD-A3D3-A8C60C3E75C4","新北市新住民婦女健康篩檢","https://data.ntpc.gov.tw/datasets/c69117e7-400c-44fd-a3d3-a8c60c3e75c4","新北市政府衛生局/健康管理科/健康管理科婦幼衛生股","不更新","醫療","生育保健","JSON、CSV、XML","中文","新北市新住民婦女健康篩檢。"
"47CCF63F-733F-422D-AB20-5B50E8A6F983","新北市公共藝術","https://data.ntpc.gov.tw/datasets/47ccf63f-733f-422d-ab20-5b50e8a6f983","新北市政府文化局/文化設施科/設施營運股","每年","文化","休閒旅遊","JSON、CSV、XML","中文","此資料為新北市公共藝術一覽，標明創作者、設置地點、作品類型、作品材質等資訊。"
"C3FFC733-C2E3-42C6-9C14-CDDDDF3D2AEC","新北市政府行政大樓導覽","https://data.ntpc.gov.tw/datasets/c3ffc733-c2e3-42c6-9c14-cddddf3d2aec","新北市政府秘書處/文書科","不更新","資訊","公共資訊","JSON、CSV、XML","中文","讓您了解市政大樓的樓層辦公分布"
"2C5E1515-2B2F-4334-A53E-27FA4ADCDBEC","現住人口之婚姻狀況─按年齡別分","https://data.ntpc.gov.tw/datasets/2c5e1515-2b2f-4334-a53e-27fa4adcdbec","新北市政府主計處/公務統計科","每年","統計","公共資訊","JSON、CSV、XML","中文","1.現住人口之婚姻狀況─按年齡別分
2.單位：人
3.各項欄位說明詳參新北市統計年報(網址：http://www.bas.ntpc.gov.tw/home.jsp?id=OTE=)或電洽主計處查詢。"
"E3FFFCAB-4DE7-4DCF-919B-337CC9B45A48","新北市政府行政園區會場資訊及收費標準","https://data.ntpc.gov.tw/datasets/e3fffcab-4de7-4dcf-919b-337cc9b45a48","新北市政府秘書處/文書科","不更新","資訊","公共資訊","JSON、CSV、XML、KML","中文","為提升會場租借使用率及為民服務滿意度，除提供新北市政府行政大樓會場租借資訊外，另新增場地收費標準資訊。
原「新北市政府行政園區會場資訊」資料開放項目下架。"
"4A03827A-588B-4058-AB21-EC02283E2BB7","新北市政府公報閱覽地點","https://data.ntpc.gov.tw/datasets/4a03827a-588b-4058-ab21-ec02283e2bb7","新北市政府秘書處/文書科","不更新","資訊","公共資訊","JSON、CSV、XML","中文","新北市政府公報出版品實體刊物於新北市各轄區圖書館閱覽室及特定公眾圖書館閱覽室提供閱覽。</br>"
"0351D41C-EF33-44DA-BC3C-A64AF58DDB91","新北市文化基金會一覽表","https://data.ntpc.gov.tw/datasets/0351d41c-ef33-44da-bc3c-a64af58ddb91","新北市政府文化局/文化發展科/綜合企劃股","每年","文化","公共資訊","JSON、CSV、XML","中文","新北市文化藝術財團法人之名稱、地址等資料"
"7BE52182-61D9-41FD-838F-8726DC302D53","新北市台灣自來水公司通訊資料","https://data.ntpc.gov.tw/datasets/7be52182-61d9-41fd-838f-8726dc302d53","新北市政府研究發展考核委員會/新北市政府資訊中心/網際服務科","不更新","水利","公共資訊","JSON、CSV、XML、KML","中文","提供台灣自來水公司位於新北市「營運所/服務所/管理處」名稱、地址、電話及管轄區域相關資料，亦提供大地座標(twd97)及經緯度(wgs84a)資訊等。"
"C8A74727-102F-49EE-94DF-0B3116EDFF5E","新北市公立國小學區","https://data.ntpc.gov.tw/datasets/c8a74727-102f-49ee-94df-0b3116edff5e","新北市政府教育局/國小教育科","每年","教育","求學及進修","JSON、CSV、XML","中文","114學年國小學區一覽表。學區每學年皆有可能調整，故本資料每學年更新一次。"
"17B8A6A0-6B6C-4F8D-9F9B-D949E6F8920C","新北市合法保全業者資料","https://data.ntpc.gov.tw/datasets/17b8a6a0-6b6c-4f8d-9f9b-d949e6f8920c","新北市政府警察局/新北市政府警察局刑事警察大隊/科技犯罪偵查專責組","每年","治安","開創事業","JSON、CSV、XML","中文","提供目前新北市合法保全業者資料，機構名稱、地址、電話。"
"308DCD75-6434-45BC-A95F-584DA4FED251","政府行政機關辦公日曆表","https://data.ntpc.gov.tw/datasets/308dcd75-6434-45bc-a95f-584da4fed251","新北市政府人事處/給與科","每年","資訊","公共資訊","JSON、CSV、XML","中文","政府行政機關辦公日曆表(2017-2026)"
"27B97AD9-9DBA-4CA9-B0ED-14B29000FFEC","區間平均速率執法設備設置地點","https://data.ntpc.gov.tw/datasets/27b97ad9-9dba-4ca9-b0ed-14b29000ffec","新北市政府警察局/新北市政府警察局交通警察大隊/執法組","每年","交通","交通及通訊","JSON、CSV、XML","中文","區間平均速率執法設備設置地點。"
"030F9A20-55D5-4C36-A07E-564F7ECDBC99","雲端書櫃-政府數位出版品","https://data.ntpc.gov.tw/datasets/030f9a20-55d5-4c36-a07e-564f7ecdbc99","新北市政府研究發展考核委員會/新北市政府資訊中心/數位推廣科","每日","統計","公共資訊","JSON、CSV、XML","中文","雲端書櫃-政府數位出版品。"
"BB59A616-3572-4E92-9D09-01BF422057A6","違規停車自動偵測系統設置地點","https://data.ntpc.gov.tw/datasets/bb59a616-3572-4e92-9d09-01bf422057a6","新北市政府警察局/新北市政府警察局交通警察大隊/執法組","每年","交通","交通及通訊","JSON、CSV、XML","中文","違規停車自動偵測系統設置地點。"
"B34DBD89-85A9-4489-BF6C-065537661638","路口安全自動偵測系統設置地點","https://data.ntpc.gov.tw/datasets/b34dbd89-85a9-4489-bf6c-065537661638","新北市政府警察局/新北市政府警察局交通警察大隊/執法組","不更新","交通","公共資訊","JSON、CSV、XML","中文","路口安全自動偵測系統設置"
"725A0940-2C3A-4DC4-A55E-25F263260852","新北市政府警察局查獲非法槍彈刀械","https://data.ntpc.gov.tw/datasets/725a0940-2c3a-4dc4-a55e-25f263260852","新北市政府警察局/刑事警察大隊","每年","治安","生活安全及品質","JSON、CSV、XML","中文","新北市政府警察局查獲非法槍彈刀械。"
"ECEA9D2E-266D-4ADE-B8DD-C88FC0EB9E87","113年新北交通違規取締統計","https://data.ntpc.gov.tw/datasets/ecea9d2e-266d-4ade-b8dd-c88fc0eb9e87","新北市政府警察局/新北市政府警察局交通警察大隊/執法組","不更新","交通","交通及通訊","JSON、CSV、XML","中文","113年新北交通違規取締績效"
"4C2E41B8-174B-48BA-BB55-DBB3CDC001BF","112年新北交通違規取締統計","https://data.ntpc.gov.tw/datasets/4c2e41b8-174b-48ba-bb55-dbb3cdc001bf","新北市政府警察局/新北市政府警察局交通警察大隊/執法組","不更新","交通","交通及通訊","JSON、CSV、XML","中文","112年新北交通違規取締績效"
"B4C0B81E-5F9B-4710-82A9-ABCA5F69B1CD","111年新北交通違規取締統計","https://data.ntpc.gov.tw/datasets/b4c0b81e-5f9b-4710-82a9-abca5f69b1cd","新北市政府警察局/新北市政府警察局交通警察大隊/執法組","不更新","交通","交通及通訊","JSON、CSV、XML","中文","111年北交通違規取締績效"
"FAE7F80A-B075-4977-A654-BFDC11DC4CC6","新北市颱風期間各型移動式抽水機佈設資訊","https://data.ntpc.gov.tw/datasets/fae7f80a-b075-4977-a654-bfdc11dc4cc6","新北市政府水利局/雨水下水道工程科","每年","水利","生活安全及品質","JSON、CSV、XML","中文","提供本市陸上颱風警報發佈後於易積淹水地區佈設各型移動式抽水機之基本資訊(如：地區、位置、機型名稱、數量、排出口)"
"3674522F-E5A1-469F-9FD8-7F2C195427AD","新北市十大低漥地區","https://data.ntpc.gov.tw/datasets/3674522f-e5a1-469f-9fd8-7f2c195427ad","新北市政府水利局/雨水下水道工程科","每年","水利","公共資訊","JSON、CSV、XML","中文","105年統計發生積淹水紀錄結果，屬天然地形及地勢低漥，雖經本局採各種改善工程，如包含側溝或下水道擴大、瓶頸段打通、增設低地排水設施…等，仍無法免除豪大雨或颱風期間易發生積淹水情形，請周邊市民加強預防措施將易因水災受損物品墊高，如有需使用砂包阻隔需求者，可至各公所領取砂包備用。"
"80DC6551-A36D-4172-968C-4F72D74DB82F","新北市政府消防據點","https://data.ntpc.gov.tw/datasets/80dc6551-a36d-4172-968c-4f72d74db82f","新北市政府消防局/秘書室","每年","消防","生活安全及品質","JSON、CSV、XML、KML","中文","新北市政府消防據點清冊(消防局各大隊、分隊位址及聯絡電話)"
"4B1F5B62-AEB9-499D-AC2D-4F6887E006F2","115年度新北市附屬單位預算作業基金現金流量綜計表(依現金流量項目分列)","https://data.ntpc.gov.tw/datasets/4b1f5b62-aeb9-499d-ac2d-4f6887e006f2","新北市政府主計處/基金預算科","每年","財稅","公共資訊","JSON、CSV、XML","中文"," 1.單位：新臺幣千元。2.各項欄位說明詳參""新北市政府主計處網頁""或電洽主計處查詢。"
"333923FD-F51D-412E-B10C-FAC86B596FB0","115年度新北市附屬單位預算作業基金收支餘絀綜計表(依收支科目分列)","https://data.ntpc.gov.tw/datasets/333923fd-f51d-412e-b10c-fac86b596fb0","新北市政府主計處/基金預算科","每年","財稅","公共資訊","JSON、CSV、XML","中文"," 1.單位：新臺幣千元。2.各項欄位說明詳參""新北市政府主計處網頁""或電洽主計處查詢。"
"D3FCDCF0-F20D-439D-BB77-13C7DA6282A4","115年度新北市附屬單位預算作業基金收支餘絀綜計表(依基金別分列)","https://data.ntpc.gov.tw/datasets/d3fcdcf0-f20d-439d-bb77-13c7da6282a4","新北市政府主計處/基金預算科","每年","財稅","公共資訊","JSON、CSV、XML","中文"," 1.單位：新臺幣千元。2.各項欄位說明詳參""新北市政府主計處網頁""或電洽主計處查詢。"
"489646DC-98B7-497A-AEBA-619C375E52C3","115年度新北市附屬單位預算特別收入基金現金流量綜計表(依現金流量項目分列)","https://data.ntpc.gov.tw/datasets/489646dc-98b7-497a-aeba-619c375e52c3","新北市政府主計處/基金預算科","每年","財稅","公共資訊","JSON、CSV、XML","中文"," 1.單位：新臺幣千元。2.各項欄位說明詳參""新北市政府主計處網頁""或電洽主計處查詢。"
"EBD92A69-A6B0-4B40-8F69-F91F38E5BC71","115年度新北市附屬單位預算特別收入基金現金流量綜計表(依基金別分列)","https://data.ntpc.gov.tw/datasets/ebd92a69-a6b0-4b40-8f69-f91f38e5bc71","新北市政府主計處/基金預算科","每年","財稅","公共資訊","JSON、CSV、XML","中文"," 1.單位：新臺幣千元。2.各項欄位說明詳參新北市政府主計處網頁或電洽主計處查詢。"
"3766A3F0-4270-4F51-BC62-3DB5CF647AC2","115年度新北市附屬單位預算特別收入基金來源、用途及餘絀綜計表","https://data.ntpc.gov.tw/datasets/3766a3f0-4270-4f51-bc62-3db5cf647ac2","新北市政府主計處/基金預算科","每年","財稅","公共資訊","JSON、CSV、XML","中文"," 1.單位：新臺幣千元。2.各項欄位說明詳參""新北市政府主計處網頁""或電洽主計處查詢。"
"9FA853AF-9039-4871-8868-A63CE31D8E04","115年度新北市附屬單位預算資本計畫基金現金流量綜計表(依現金流量項目分列)","https://data.ntpc.gov.tw/datasets/9fa853af-9039-4871-8868-a63ce31d8e04","新北市政府主計處/基金預算科","每年","財稅","公共資訊","JSON、CSV、XML","中文"," 1.單位：新臺幣千元。2.各項欄位說明詳參""新北市政府主計處網頁""或電洽主計處查詢。"
"66E523A9-4B56-48D4-A7F2-26A870947713","115年度新北市附屬單位預算營業基金資本增減綜計表","https://data.ntpc.gov.tw/datasets/66e523a9-4b56-48d4-a7f2-26a870947713","新北市政府主計處/基金預算科","每年","財稅","公共資訊","JSON、CSV、XML","中文","1.單位：新臺幣千元。2.各項欄位說明詳參""新北市政府主計處網頁""或電洽主計處查詢。"
"4C2CCA82-DFBC-4008-B472-4C06189EBC38","115年度新北市附屬單位預算資本計畫基金來源、用途及餘絀綜計表","https://data.ntpc.gov.tw/datasets/4c2cca82-dfbc-4008-b472-4c06189ebc38","新北市政府主計處/基金預算科","每年","財稅","公共資訊","JSON、CSV、XML","中文","1.單位：新臺幣千元。2.各項欄位說明詳參新北市政府主計處網頁或電洽主計處查詢。"
"FD946A1E-3E52-42E8-8E60-70556C93DC78","115年度新北市附屬單位預算營業基金盈虧撥補綜計表(依撥補項目分列)","https://data.ntpc.gov.tw/datasets/fd946a1e-3e52-42e8-8e60-70556c93dc78","新北市政府主計處/基金預算科","每年","財稅","公共資訊","JSON、CSV、XML","中文","1.單位：新臺幣千元。2.各項欄位說明詳參""新北市政府主計處網頁""或電洽主計處查詢。"
"9BEE4819-2755-4188-915C-75B299FDE0C2","115年度新北市附屬單位預算營業基金盈虧撥補綜計表(依機關及基金別分列)","https://data.ntpc.gov.tw/datasets/9bee4819-2755-4188-915c-75b299fde0c2","新北市政府主計處/基金預算科","每年","財稅","公共資訊","JSON、CSV、XML","中文","1.單位：新臺幣千元。2.各項欄位說明詳參新北市政府主計處網頁或電洽主計處查詢。"
"B304303C-235B-486B-BADE-17979249F4F3","115年度新北市附屬單位預算營業基金財務摘要綜計表","https://data.ntpc.gov.tw/datasets/b304303c-235b-486b-bade-17979249f4f3","新北市政府主計處/基金預算科","每年","財稅","公共資訊","JSON、CSV、XML","中文"," 1.單位：新臺幣百萬元。2.各項欄位說明詳參""新北市政府主計處網頁""或電洽主計處查詢。"
"70D914E8-9E7A-489F-8D7A-BF50DB28E838","114年度新北市附屬單位預算營業基金財務摘要綜計表","https://data.ntpc.gov.tw/datasets/70d914e8-9e7a-489f-8d7a-bf50db28e838","新北市政府主計處/基金預算科","不更新","財稅","公共資訊","JSON、CSV、XML","中文"," 1.單位：新臺幣百萬元。2.各項欄位說明詳參""新北市政府主計處網頁""或電洽主計處查詢。"
"6B8FA9FC-3647-4CAE-8E16-53CD11B1CBA8","113年度新北市附屬單位預算營業基金財務摘要綜計表","https://data.ntpc.gov.tw/datasets/6b8fa9fc-3647-4cae-8e16-53cd11b1cba8","新北市政府主計處/基金預算科","不更新","財稅","公共資訊","JSON、CSV、XML","中文"," 1.單位：新臺幣百萬元。2.各項欄位說明詳參""新北市政府主計處網頁""或電洽主計處查詢。"
"1E5791E1-59B3-4D05-A287-3DEFA0C1F4F0","115年度新北市附屬單位預算營業基金現金流量綜計表(依現金流量項目分列)","https://data.ntpc.gov.tw/datasets/1e5791e1-59b3-4d05-a287-3defa0c1f4f0","新北市政府主計處/基金預算科","每年","財稅","公共資訊","JSON、CSV、XML","中文"," 1.單位：新臺幣千元。2.各項欄位說明詳參""新北市政府主計處網頁""或電洽主計處查詢。"
"05006FA8-D0A6-4B4D-8A26-509AE45C1883","115年度新北市附屬單位預算營業基金現金流量綜計表(依機關及基金別分列)","https://data.ntpc.gov.tw/datasets/05006fa8-d0a6-4b4d-8a26-509ae45c1883","新北市政府主計處/基金預算科","每年","財稅","公共資訊","JSON、CSV、XML","中文","1.單位：新臺幣千元。2.各項欄位說明詳參""新北市政府主計處網頁""或電洽主計處查詢。"
"B51D8A6A-CA59-4D8F-A9DA-C141DBD436FD","115年度新北市附屬單位預算營業基金損益綜計表(依收支科目分列)","https://data.ntpc.gov.tw/datasets/b51d8a6a-ca59-4d8f-a9da-c141dbd436fd","新北市政府主計處/基金預算科","每年","財稅","公共資訊","JSON、CSV、XML","中文","1.單位：新臺幣千元。2.各項欄位說明詳參""新北市政府主計處網頁""或電洽主計處查詢。"
"7BBF3D23-E2BD-48DD-8DFC-1C6971ABABAC","115年度新北市附屬單位預算營業基金損益綜計表(依機關及基金別分列)","https://data.ntpc.gov.tw/datasets/7bbf3d23-e2bd-48dd-8dfc-1c6971ababac","新北市政府主計處/基金預算科","每年","財稅","公共資訊","JSON、CSV、XML","中文"," 1.單位：新臺幣千元。2.各項欄位說明詳參新北市政府主計處網頁或電洽主計處查詢。"
"36BDC4E8-C838-4D7F-958D-7AB2ABE15A1D","115年度新北市附屬單位預算作業基金現金流量綜計表(依基金別分列)","https://data.ntpc.gov.tw/datasets/36bdc4e8-c838-4d7f-958d-7ab2abe15a1d","新北市政府主計處/基金預算科","每年","財稅","公共資訊","JSON、CSV、XML","中文"," 1.單位：新臺幣千元。2.各項欄位說明詳參""新北市政府主計處網頁""或電洽主計處查詢。"
"C7D92CC9-B826-495A-B849-15E0DA5A94E2","115年度新北市附屬單位預算作業基金餘絀撥補綜計表(依撥補項目分列)","https://data.ntpc.gov.tw/datasets/c7d92cc9-b826-495a-b849-15e0da5a94e2","新北市政府主計處/基金預算科","每年","財稅","公共資訊","JSON、CSV、XML","中文"," 1.單位：新臺幣千元。2.各項欄位說明詳參""新北市政府主計處網頁""或電洽主計處查詢。"
"E3AF50D3-9245-4244-AA5D-755AE9A35C4D","115年度新北市附屬單位預算作業基金餘絀撥補綜計表(依基金別分列)","https://data.ntpc.gov.tw/datasets/e3af50d3-9245-4244-aa5d-755ae9a35c4d","新北市政府主計處/基金預算科","每年","財稅","公共資訊","JSON、CSV、XML","中文","1.單位：新臺幣千元。2.各項欄位說明詳參新北市政府主計處網頁或電洽主計處查詢。"
"A1638F5D-E0D9-4729-ABAB-8A72F5218821","新北市糖尿病共照網醫事機構","https://data.ntpc.gov.tw/datasets/a1638f5d-e0d9-4729-abab-8a72f5218821","新北市政府衛生局/健康管理科/健康維護股","不更新","醫療","就醫","JSON、CSV、XML、KML","中文","新北市糖尿病共照網醫事機構。"
"94CBD261-E567-4BB7-BF95-7DCB3B631887","新北市漁會通訊資料","https://data.ntpc.gov.tw/datasets/94cbd261-e567-4bb7-bf95-7dcb3b631887","新北市政府農業局/秘書室","每年","農業","交通及通訊","JSON、CSV、XML","中文","新北市漁會的通訊資料。"
"3766BB6F-BD79-4B8F-AE9A-C9E08F05D9F0","104年新北市交通違規取締統計","https://data.ntpc.gov.tw/datasets/3766bb6f-bd79-4b8f-ae9a-c9e08f05d9f0","新北市政府警察局/新北市政府警察局交通警察大隊/執法組","不更新","交通","交通及通訊","JSON、CSV、XML","中文","104年新北市交通違規取締統計。"
"7B9623B2-DDFD-4C76-8AA7-4A65B7333953","107年新北市交通違規取締統計","https://data.ntpc.gov.tw/datasets/7b9623b2-ddfd-4c76-8aa7-4a65b7333953","新北市政府警察局/新北市政府警察局交通警察大隊/執法組","不更新","交通","交通及通訊","JSON、CSV、XML","中文","107年新北市交通違規取締統計。"
"12423E69-7697-4A32-93E4-C3C38C4581AA","108年新北市交通違規取締統計","https://data.ntpc.gov.tw/datasets/12423e69-7697-4a32-93e4-c3c38c4581aa","新北市政府警察局/新北市政府警察局交通警察大隊/執法組","不更新","交通","交通及通訊","JSON、CSV、XML","中文","108年新北市交通違規取締統"
"B7600E46-6534-4292-8D8C-AB604B97E333","110年新北市交通違規取締統計","https://data.ntpc.gov.tw/datasets/b7600e46-6534-4292-8d8c-ab604b97e333","新北市政府警察局/新北市政府警察局交通警察大隊/執法組","不更新","交通","交通及通訊","JSON、CSV、XML","中文","110年新北市交通違規取締統計。"
"B5B35668-12CA-464B-B8FE-C44691ED4D12","109年新北市交通違規取締統計","https://data.ntpc.gov.tw/datasets/b5b35668-12ca-464b-b8fe-c44691ed4d12","新北市政府警察局/新北市政府警察局交通警察大隊/執法組","不更新","交通","交通及通訊","JSON、CSV、XML","中文","109年新北市交通違規取締統計。"
"63461852-ABD1-4F74-B8D1-5F61001776AC","106年新北市交通違規取締統計","https://data.ntpc.gov.tw/datasets/63461852-abd1-4f74-b8d1-5f61001776ac","新北市政府警察局/新北市政府警察局交通警察大隊/執法組","不更新","交通","交通及通訊","JSON、CSV、XML","中文","106年新北市交通違規取締統計。"
"DF9841EC-DCCE-4F0F-827B-2FF15FB5DAF6","105年新北市交通違規取締統計","https://data.ntpc.gov.tw/datasets/df9841ec-dcce-4f0f-827b-2ff15fb5daf6","新北市政府警察局/新北市政府警察局交通警察大隊/執法組","不更新","交通","交通及通訊","JSON、CSV、XML","中文","105年新北市交通違規取締統計。"
"A0C876E6-E747-492F-8667-2BD49D90BA03","新北市學童護眼方案合約醫療機構","https://data.ntpc.gov.tw/datasets/a0c876e6-e747-492f-8667-2bd49d90ba03","新北市政府衛生局/健康管理科/健康管理科婦幼衛生股","不更新","醫療","就醫","JSON、CSV、XML","中文","新北市學童護眼方案合約醫療機構。"
"0469D46D-A541-4DF5-8234-2DB3A88DDAD8","新北市呼吸照護資源","https://data.ntpc.gov.tw/datasets/0469d46d-a541-4df5-8234-2db3a88ddad8","新北市政府衛生局/醫事管理科/醫政管理股","每季","醫療","老年安養","JSON、CSV、XML、KML","中文","新北市政府呼吸照護資源醫院清冊"
"173F88E4-7718-4FCD-A32C-467F78AEFFC8","新北市統計年報","https://data.ntpc.gov.tw/datasets/173f88e4-7718-4fcd-a32c-467f78aeffc8","新北市政府主計處/公務統計科","每年","統計","公共資訊","JSON、CSV、XML","中文","新北市歷年之統計年報資料網路載點資訊。"
"803D19E4-B252-41CC-B1A3-A91F9C60D74B","林口區內滯洪設施位置及用地面積","https://data.ntpc.gov.tw/datasets/803d19e4-b252-41cc-b1a3-a91f9c60d74b","新北市政府水利局/水利工程養護科","每年","水利","公共資訊","JSON、CSV、XML","中文","滯洪池：位於河溪湖泊內、或鄰接處、或支流上開挖出的區域，將地表逕流暫時儲存以收調節洪水功效，降低因為暴雨尖峰流量對下游低勢地區所帶來的傷害。
提供之基本資訊(如：都市計畫用地編號、總集水面積(km2)、地籍面積(m2)、滯洪池使用面積(m2)、現地使用情形) 
新增加欄位：公園 / 停車場名稱及位置"
"443888B8-7CDD-4853-9C63-A33A776341FB","新北市無線電中繼站","https://data.ntpc.gov.tw/datasets/443888b8-7cdd-4853-9c63-a33a776341fb","新北市政府水利局/抽水站管理科","每年","水利","交通及通訊","JSON、CSV、XML","中文","無線電中繼站可將訊號發送至較偏遠地區及增加訊號強度"
"3CDC5B9C-CE48-4DD6-8079-B9B3FA4B7296","新北市各抽水站資訊","https://data.ntpc.gov.tw/datasets/3cdc5b9c-ce48-4dd6-8079-b9b3fa4b7296","新北市政府水利局/抽水站管理科","每年","水利","公共資訊","JSON、CSV、XML","中文","抽水站所在的位置是雨水下水道的末端，當大雨或漲潮時，導致堤外水位高於堤內水位就要關閉重力閘門，並於到達啟抽水位時啟動抽水機將水排出。"
"E445D330-E40A-425F-AE61-3F1840A31242","新北市陸閘資訊","https://data.ntpc.gov.tw/datasets/e445d330-e40a-425f-ae61-3f1840a31242","新北市政府水利局/抽水站管理科","每年","水利","公共資訊","JSON、CSV、XML","中文","於汐止地區基隆河沿岸橋梁處設置陸閘，提供人、車出入 ，並強化防洪功能。"
"C40BF768-8A36-4B99-94DB-622C27122D61","新北市橫移門資訊","https://data.ntpc.gov.tw/datasets/c40bf768-8a36-4b99-94db-622c27122d61","新北市政府水利局/抽水站管理科","每年","水利","公共資訊","JSON、CSV、XML","中文","在不影響防洪安全狀況下興建橫移門，平時堤防外高灘地可供民眾休閒之場所或開放車輛停放，當有颱風來臨時或者水庫洩洪造成河川水位上升時，將提早宣布關閉橫移門作業，避免河水淹入市區。"
"BF784279-31AA-44BC-A210-33151D03E7AB","新北市水門資料","https://data.ntpc.gov.tw/datasets/bf784279-31aa-44bc-a210-33151d03e7ab","新北市政府水利局/抽水站管理科","每年","水利","公共資訊","JSON、CSV、XML","中文","水門為設置於渠道中控制水流的閘門，主要設於堤防上，平時開啟保持排水暢通，颱風期間關閉防止河水倒灌。"
"8A3A0B05-9199-4E09-89A7-471DA83C2E3D","新北市政府文書流程管理及檢核作業要點","https://data.ntpc.gov.tw/datasets/8a3a0b05-9199-4e09-89a7-471da83c2e3d","新北市政府研究發展考核委員會/秘書室","不更新","資訊","公共資訊","JSON、CSV、XML","中文","新北市政府為提高公文處理效率，落實文書流程管理，增進各級人員自我管理精神，依據行政程序法、行政院文書處理手冊及文書流程管理作業規範等規定，訂定本要點。"
"F2DADEB1-5529-48C7-9D76-E8AF935E7271","新北市政府公文辦理成效一覽表","https://data.ntpc.gov.tw/datasets/f2dadeb1-5529-48c7-9d76-e8af935e7271","新北市政府研究發展考核委員會/秘書室","不更新","資訊","公共資訊","JSON、CSV、XML","中文","新北市政府102年至今各年度1.公文2.人民申請案3.人民陳情案申辦及辦理成果統計"
"1DBA5442-F90D-4032-B8D8-26844BEC88DD","新北市客家文化園區出版品","https://data.ntpc.gov.tw/datasets/1dba5442-f90d-4032-b8d8-26844bec88dd","新北市政府客家事務局/秘書室","每年","教育","公共資訊","JSON、CSV、XML","中文","新北市客家文化園區出版品資訊，內容包含書名、作者、出版日期、定價、國際標準書號、政府出版品統一編號"
"4784E271-8825-48F9-AB55-78A7EC373826","114年度新北市附屬單位預算營業基金資本增減綜計表","https://data.ntpc.gov.tw/datasets/4784e271-8825-48f9-ab55-78a7ec373826","新北市政府主計處/基金預算科","不更新","財稅","公共資訊","JSON、CSV、XML","中文","1.單位：新臺幣千元。2.各項欄位說明詳參""新北市政府主計處網頁""或電洽主計處查詢。"
"EDFC0AC9-6EF6-4C03-B58C-8D1517EB2B47","114年度新北市附屬單位預算營業基金損益綜計表(依機關及基金別分列)","https://data.ntpc.gov.tw/datasets/edfc0ac9-6ef6-4c03-b58c-8d1517eb2b47","新北市政府主計處/基金預算科","不更新","財稅","公共資訊","JSON、CSV、XML","中文"," 1.單位：新臺幣千元。2.各項欄位說明詳參新北市政府主計處網頁或電洽主計處查詢。"
"EA9D11D0-0FB3-4396-8E5C-4A534485AEB7","114年度新北市附屬單位預算營業基金損益綜計表(依收支科目分列)","https://data.ntpc.gov.tw/datasets/ea9d11d0-0fb3-4396-8e5c-4a534485aeb7","新北市政府主計處/基金預算科","不更新","財稅","公共資訊","JSON、CSV、XML","中文","1.單位：新臺幣千元。2.各項欄位說明詳參""新北市政府主計處網頁""或電洽主計處查詢。"
"6CEF6F4D-7D9B-40E9-ADCC-7BD67B8153A4","114年度新北市附屬單位預算營業基金現金流量綜計表(依機關及基金別分列)","https://data.ntpc.gov.tw/datasets/6cef6f4d-7d9b-40e9-adcc-7bd67b8153a4","新北市政府主計處/基金預算科","不更新","財稅","公共資訊","JSON、CSV、XML","中文","1.單位：新臺幣千元。2.各項欄位說明詳參""新北市政府主計處網頁""或電洽主計處查詢。"
"D14F848F-D13C-4F94-B230-F0545079AC7B","114年度新北市附屬單位預算作業基金現金流量綜計表(依現金流量項目分列)","https://data.ntpc.gov.tw/datasets/d14f848f-d13c-4f94-b230-f0545079ac7b","新北市政府主計處/基金預算科","不更新","財稅","公共資訊","JSON、CSV、XML","中文"," 1.單位：新臺幣千元。2.各項欄位說明詳參""新北市政府主計處網頁""或電洽主計處查詢。"
"72AF3383-DC34-45A6-84B1-97A655E962AA","114年度新北市附屬單位預算特別收入基金現金流量綜計表(依基金別分列)","https://data.ntpc.gov.tw/datasets/72af3383-dc34-45a6-84b1-97a655e962aa","新北市政府主計處/基金預算科","不更新","財稅","公共資訊","JSON、CSV、XML","中文"," 1.單位：新臺幣千元。2.各項欄位說明詳參新北市政府主計處網頁或電洽主計處查詢。"
"807BA782-1CEB-4997-BB46-49A2E1C36CF4","114年度新北市附屬單位預算作業基金餘絀撥補綜計表(依撥補項目分列)","https://data.ntpc.gov.tw/datasets/807ba782-1ceb-4997-bb46-49a2e1c36cf4","新北市政府主計處/基金預算科","不更新","財稅","公共資訊","JSON、CSV、XML","中文"," 1.單位：新臺幣千元。2.各項欄位說明詳參""新北市政府主計處網頁""或電洽主計處查詢。"
"E002815C-FF08-42B2-B871-247AAECA59A1","114年度新北市附屬單位預算特別收入基金來源、用途及餘絀綜計表","https://data.ntpc.gov.tw/datasets/e002815c-ff08-42b2-b871-247aaeca59a1","新北市政府主計處/基金預算科","不更新","財稅","公共資訊","JSON、CSV、XML","中文"," 1.單位：新臺幣千元。2.各項欄位說明詳參""新北市政府主計處網頁""或電洽主計處查詢。"
"4D2106C9-F95B-4A7D-9B6C-E2F2C80786CC","114年度新北市附屬單位預算作業基金現金流量綜計表(依基金別分列)","https://data.ntpc.gov.tw/datasets/4d2106c9-f95b-4a7d-9b6c-e2f2c80786cc","新北市政府主計處/基金預算科","不更新","財稅","公共資訊","JSON、CSV、XML","中文"," 1.單位：新臺幣千元。2.各項欄位說明詳參""新北市政府主計處網頁""或電洽主計處查詢。"
"4AA5AE95-5846-46B7-B29B-42194EBAFE26","114年度新北市附屬單位預算營業基金盈虧撥補綜計表(依撥補項目分列)","https://data.ntpc.gov.tw/datasets/4aa5ae95-5846-46b7-b29b-42194ebafe26","新北市政府主計處/基金預算科","不更新","財稅","公共資訊","JSON、CSV、XML","中文","1.單位：新臺幣千元。2.各項欄位說明詳參""新北市政府主計處網頁""或電洽主計處查詢。"
"B6C3510A-1E97-466C-9888-F707818B5253","114年度新北市附屬單位預算資本計畫基金現金流量綜計表(依現金流量項目分列)","https://data.ntpc.gov.tw/datasets/b6c3510a-1e97-466c-9888-f707818b5253","新北市政府主計處/基金預算科","不更新","財稅","公共資訊","JSON、CSV、XML","中文"," 1.單位：新臺幣千元。2.各項欄位說明詳參""新北市政府主計處網頁""或電洽主計處查詢。"
"A4C2CF6A-EA12-49F6-B3DB-FF7D98855A94","114年度新北市附屬單位預算營業基金盈虧撥補綜計表(依機關別分列)","https://data.ntpc.gov.tw/datasets/a4c2cf6a-ea12-49f6-b3db-ff7d98855a94","新北市政府主計處/基金預算科","不更新","財稅","公共資訊","JSON、CSV、XML","中文","1.單位：新臺幣千元。2.各項欄位說明詳參新北市政府主計處網頁或電洽主計處查詢。"
"19E008F7-239B-4CFC-91B5-4588227E434D","114年度新北市附屬單位預算營業基金現金流量綜計表(依現金流量項目分列)","https://data.ntpc.gov.tw/datasets/19e008f7-239b-4cfc-91b5-4588227e434d","新北市政府主計處/基金預算科","不更新","財稅","公共資訊","JSON、CSV、XML","中文"," 1.單位：新臺幣千元。2.各項欄位說明詳參""新北市政府主計處網頁""或電洽主計處查詢。"
"A5582F35-9808-48E8-BFD6-F163F54316B3","114年度新北市附屬單位預算特別收入基金現金流量綜計表(依現金流量項目分列)","https://data.ntpc.gov.tw/datasets/a5582f35-9808-48e8-bfd6-f163f54316b3","新北市政府主計處/基金預算科","不更新","財稅","公共資訊","JSON、CSV、XML","中文"," 1.單位：新臺幣千元。2.各項欄位說明詳參""新北市政府主計處網頁""或電洽主計處查詢。"
"4A5B306E-9C63-462B-AFE9-3B50B621453D","114年度新北市附屬單位預算作業基金收支餘絀綜計表(依基金別分列)","https://data.ntpc.gov.tw/datasets/4a5b306e-9c63-462b-afe9-3b50b621453d","新北市政府主計處/基金預算科","不更新","財稅","公共資訊","JSON、CSV、XML","中文"," 1.單位：新臺幣千元。2.各項欄位說明詳參""新北市政府主計處網頁""或電洽主計處查詢。"
"C23A54B7-9366-4B4D-BE1B-6D3B18D34D1E","114年度新北市附屬單位預算作業基金收支餘絀綜計表(依收支科目分列)","https://data.ntpc.gov.tw/datasets/c23a54b7-9366-4b4d-be1b-6d3b18d34d1e","新北市政府主計處/基金預算科","不更新","財稅","公共資訊","JSON、CSV、XML","中文"," 1.單位：新臺幣千元。2.各項欄位說明詳參""新北市政府主計處網頁""或電洽主計處查詢。"
"7711A723-8E80-4445-BF75-8B86BB3B10AE","114年度新北市附屬單位預算資本計畫基金來源、用途及餘絀綜計表","https://data.ntpc.gov.tw/datasets/7711a723-8e80-4445-bf75-8b86bb3b10ae","新北市政府主計處/基金預算科","不更新","財稅","公共資訊","JSON、CSV、XML","中文","1.單位：新臺幣千元。2.各項欄位說明詳參新北市政府主計處網頁或電洽主計處查詢。"
"D6EB668D-D6CC-492E-8C90-4684B15787B0","114年度新北市附屬單位預算作業基金餘絀撥補綜計表(依基金別分列)","https://data.ntpc.gov.tw/datasets/d6eb668d-d6cc-492e-8c90-4684b15787b0","新北市政府主計處/基金預算科","不更新","財稅","公共資訊","JSON、CSV、XML","中文","1.單位：新臺幣千元。2.各項欄位說明詳參新北市政府主計處網頁或電洽主計處查詢。"
"AD57D200-F860-49C3-9F14-0C9FF0665352","113年新北市公地撥用","https://data.ntpc.gov.tw/datasets/ad57d200-f860-49c3-9f14-0c9ff0665352","新北市政府地政局/徵收科","每年","地政","購屋及遷徙","JSON、CSV、XML","中文","113年 新北市公地撥用"
"EFD09EDE-CBEF-4CE5-80A2-511E56842A00","新北市客家文化園區場地使用收費標準","https://data.ntpc.gov.tw/datasets/efd09ede-cbef-4ce5-80a2-511e56842a00","新北市政府客家事務局/秘書室","每年","資訊","公共資訊","JSON、CSV、XML","中文","一、申請使用新北市客家文化園區場地，經新北市政府(以下簡稱本府)客家事務局(以下簡稱本局)審查核准者，其應繳納之各項費用及保證金如附表。
二、本府及所屬機關、學校以前項場地主辦活動者，經本局審查核准，得免收場地使用費。
三、各場地使用時間如下：
上午次：09：00 - 12：00
下午次：14：00 - 17：00
晚間次：18：00 - 22：00

前項機關、學校協辦活動者，得收取半數場地使用費及免收保證金。"
"E18C9C8C-E8D6-45EE-8ED0-37204E8B3D12","新北市客家文化園區DIY課程一覽表","https://data.ntpc.gov.tw/datasets/e18c9c8c-e8d6-45ee-8ed0-37204e8b3d12","新北市政府客家事務局/秘書室","每年","教育","休閒旅遊","JSON、CSV、XML","中文","歡迎來電洽詢
上課教室：新北市客家文化園區研習教室
地址：新北市三峽區隆恩街239號
連絡電話：02-2672-9996"
"996A600D-FD74-4A49-92D3-9464D2606E3F","新北市自行車道資料","https://data.ntpc.gov.tw/datasets/996a600d-fd74-4a49-92d3-9464d2606e3f","新北市政府水利局/新北市政府高灘地工程管理處/工程施工科","每年","觀光","交通及通訊","JSON、CSV、XML","中文","此為新北市水利局所提供之自行車道出入口資料，內有二重疏洪道及淡水河畔、大漢溪、基隆河段、淡水八里區、新店溪及橫移門等資料。"
"A77AA6EE-F776-486A-8CC9-087C2056FD29","新北市市有土地用地分析","https://data.ntpc.gov.tw/datasets/a77aa6ee-f776-486a-8cc9-087c2056fd29","新北市政府財政局/秘書室","每年","財稅","公共資訊","JSON、CSV、XML","中文","新北市市有土地用地分析(113年12月)"
"BD6757A5-FC9A-4AA8-A523-097F5CC08DA2","新北市兒童預防保健醫事機構","https://data.ntpc.gov.tw/datasets/bd6757a5-fc9a-4aa8-a523-097f5cc08da2","新北市政府衛生局/健康管理科/健康管理科婦幼衛生股","每年","醫療","就醫","JSON、CSV、XML、KML","中文","新北市兒童預防保健醫事機構。"
"6568C2C8-C01A-4B89-9490-49DBDD70BA2A","103年度新北市附屬單位預算資本計畫基金現金流量綜計表(依基金別分列)(法定)","https://data.ntpc.gov.tw/datasets/6568c2c8-c01a-4b89-9490-49dbdd70ba2a","新北市政府主計處/基金預算科","不更新","財稅","公共資訊","JSON、CSV、XML","中文","1.103年度新北市附屬單位預算資本計畫基金現金流量綜計表(依基金別分列)(法定)

2.單位：新臺幣千元

3.各項欄位說明詳參""新北市政府主計處網頁->附屬單位預算及綜計表->103年度附屬單位預算""(http://www.bas.ntpc.gov.tw/download/?type_id=10612)或電洽主計處查詢。"
"523082CB-B517-4608-B562-AAACC5B1279D","103年度新北市附屬單位預算特別收入基金現金流量綜計表(依現流分列) (法定)","https://data.ntpc.gov.tw/datasets/523082cb-b517-4608-b562-aaacc5b1279d","新北市政府主計處/基金預算科","不更新","財稅","公共資訊","JSON、CSV、XML","中文","1.103年度新北市附屬單位預算特別收入基金現金流量綜計表(依現金流量項目分列) (法定)

2.單位：新臺幣千元

3.各項欄位說明詳參""新北市政府主計處網頁->附屬單位預算及綜計表->103年度附屬單位預算""(http://www.bas.ntpc.gov.tw/download/?type_id=10612)或電洽主計處查詢。"
"FFB21ED8-E93C-47B3-91B2-87FCE5734639","104年度新北市附屬單位預算特別收入基金現金流量綜計表(依現流分列)(預算案)","https://data.ntpc.gov.tw/datasets/ffb21ed8-e93c-47b3-91b2-87fce5734639","新北市政府主計處/基金預算科","不更新","財稅","公共資訊","JSON、CSV、XML","中文","1.104年度新北市附屬單位預算特別收入基金現金流量綜計表(依現金流量項目分列)(預算案)

2.單位：新臺幣千元

3.各項欄位說明詳參""新北市政府主計處網頁->附屬單位預算及綜計表->104年度附屬單位預算案""( http://www.bas.ntpc.gov.tw/download/?type_id=10420)或電洽主計處查詢。

4.特別收入基金之新北市空氣污染防制基金尚未經市議會審議通過。
"
"A2E60FB8-0209-4639-A812-9FE5A8E58CF5","104年度新北市附屬單位預算資本計畫基金現金流量綜計表(依現流分列)(預算案)","https://data.ntpc.gov.tw/datasets/a2e60fb8-0209-4639-a812-9fe5a8e58cf5","新北市政府主計處/基金預算科","不更新","財稅","公共資訊","JSON、CSV、XML","中文","1.104年度新北市附屬單位預算資本計畫基金現金流量綜計表(依現金流量項目分列)(預算案)

2.單位：新臺幣千元

3.各項欄位說明詳參""新北市政府主計處網頁->附屬單位預算及綜計表->104年度附屬單位預算案""( http://www.bas.ntpc.gov.tw/download/?type_id=10420)或電洽主計處查詢。

4.資本計畫基金之新北市公共建設用地基金尚未經市議會審議通過。
"
"74873218-5530-4737-95A4-A9AB2071D01B","104年度新北市附屬單位預算特別收入基金現金流量綜計表(依基金別分列)(預算案)","https://data.ntpc.gov.tw/datasets/74873218-5530-4737-95a4-a9ab2071d01b","新北市政府主計處/基金預算科","不更新","財稅","公共資訊","JSON、CSV、XML","中文","1.104年度新北市附屬單位預算特別收入基金現金流量綜計表(依基金別分列)(預算案)
2.單位：新臺幣千元

3.各項欄位說明詳參""新北市政府主計處網頁->附屬單位預算及綜計表->104年度附屬單位預算案""( http://www.bas.ntpc.gov.tw/download/?type_id=10420)或電洽主計處查詢。

4.特別收入基金之新北市空氣污染防制基金尚未經市議會審議通過。
"
"58667E02-2BDB-4B1B-B401-C68CF9D8BF8D","103年度新北市附屬單位預算特別收入基金現金流量綜計表(依基金別分列)(法定)","https://data.ntpc.gov.tw/datasets/58667e02-2bdb-4b1b-b401-c68cf9d8bf8d","新北市政府主計處/基金預算科","不更新","財稅","公共資訊","JSON、CSV、XML","中文","1.103年度新北市附屬單位預算特別收入基金現金流量綜計表(依基金別分列)(法定)

2.單位：新臺幣千元

3.各項欄位說明詳參""新北市政府主計處網頁->附屬單位預算及綜計表->103年度附屬單位預算""(http://www.bas.ntpc.gov.tw/download/?type_id=10612)或電洽主計處查詢。"
"A3B33006-44E2-4A88-959E-AF24E7346D2D","新北市社會福利服務中心名冊","https://data.ntpc.gov.tw/datasets/a3b33006-44e2-4a88-959e-af24e7346d2d","新北市政府社會局/社會工作科","每年","社福","公共資訊","JSON、CSV、XML、KML","中文","新北市社會福利服務中心名冊_1140602版"
"5AC55282-493D-43AB-B646-EF717D5E522D","103年度新北市附屬單位預算資本計畫基金現金流量綜計表(依現流分列) (法定)","https://data.ntpc.gov.tw/datasets/5ac55282-493d-43ab-b646-ef717d5e522d","新北市政府主計處/基金預算科","不更新","財稅","公共資訊","JSON、CSV、XML","中文","1.103年度新北市附屬單位預算資本計畫基金現金流量綜計表(依現金流量項目分列) (法定)

2.單位：新臺幣千元

3.各項欄位說明詳參""新北市政府主計處網頁->附屬單位預算及綜計表->103年度附屬單位預算""(http://www.bas.ntpc.gov.tw/download/?type_id=10612)或電洽主計處查詢。"
"1F29C278-ED24-4CD5-8E27-F208AEF4D0C8","新北市政府晉升薦(簡)任官等訓練參訓情形","https://data.ntpc.gov.tw/datasets/1f29c278-ed24-4cd5-8e27-f208aef4d0c8","新北市政府人事處/人力科","每年","資訊","公共資訊","JSON、CSV、XML","中文","新北市政府晉升薦(簡)任官等訓練參訓情形。"
"E43362D7-3432-44D3-8943-C7D13CC7DEEA","104年度新北市附屬單位預算資本計畫基金現金流量綜計表(依基金別分列)(預算案)","https://data.ntpc.gov.tw/datasets/e43362d7-3432-44d3-8943-c7d13cc7deea","新北市政府主計處/基金預算科","不更新","財稅","公共資訊","JSON、CSV、XML","中文","1.104年度新北市附屬單位預算資本計畫基金現金流量綜計表(依基金別分列)(預算案)

2.單位：新臺幣千元

3.各項欄位說明詳參""新北市政府主計處網頁->附屬單位預算及綜計表->104年度附屬單位預算案""( http://www.bas.ntpc.gov.tw/download/?type_id=10420)或電洽主計處查詢。

4.資本計畫基金之新北市公共建設用地基金尚未經市議會審議通過。
"
"C7197E8C-88E9-45D2-9FD5-BD1D12486988","新北市政府財政局經管市有非公用不動產標租清冊(自100年度起)","https://data.ntpc.gov.tw/datasets/c7197e8c-88e9-45d2-9fd5-bd1d12486988","新北市政府財政局/秘書室","每年","財稅","公共資訊","JSON、CSV、XML","中文","新北市政府財政局經管市有非公用不動產標租清冊(自100年度起)，底價及決標金額單位為(年租金率/月租金額)"
"56B6056C-5A58-4F96-ABE6-43C5A2848FC3","新北市政府財政局經管市有非公用不動產標售清冊(自100年度起)","https://data.ntpc.gov.tw/datasets/56b6056c-5a58-4f96-abe6-43c5a2848fc3","新北市政府財政局/秘書室","每年","財稅","公共資訊","JSON、CSV、XML","中文","新北市政府財政局經管市有非公用不動產標售清冊"
"C427602D-B032-4800-B6DB-674D2F6972BD","新北市街友中途之家名冊","https://data.ntpc.gov.tw/datasets/c427602d-b032-4800-b6db-674d2f6972bd","新北市政府社會局/社會救助科","每年","社福","出生及收養","JSON、CSV、XML、KML","中文","街友服務"
"D73AA560-2C67-450D-85B8-36BD67FDD13D","新北市113年度預算數及執行數共同比（執行率）","https://data.ntpc.gov.tw/datasets/d73aa560-2c67-450d-85b8-36bd67fdd13d","新北市政府財政局/秘書室","不更新","財稅","公共資訊","JSON、CSV、XML","中文","113新北市113年度預算數及執行數共同比（執行率）"
"153122FF-1CFA-49F0-B451-50F5ACEB71D9","新北市婦幼停車位","https://data.ntpc.gov.tw/datasets/153122ff-1cfa-49f0-b451-50f5aceb71d9","新北市政府交通局/停車管理科","每年","交通","交通及通訊","JSON、CSV、XML","中文","孕婦及育有六歲以下兒童者之停車位"
"57F99AFB-94E2-4E67-9DE7-961F5E9A9E18","新北市行道樹資料","https://data.ntpc.gov.tw/datasets/57f99afb-94e2-4e67-9de7-961f5e9a9e18","新北市政府農業局/新北市政府綠美化環境景觀處/秘書室","每年","農業","公共資訊","JSON、CSV、XML","中文","凡在都市地區、鄉村及郊區之道路兩旁、分隔島或人行道上栽植的樹木，均可稱之為「行道樹」。而行道樹之栽植，各依一定間隔距離整齊排列配置成行，應著重於美化環境、淨化空氣、調節氣候、減輕噪音及庇蔭行人等功能。依據新北市樹木保護自治條例第5條定義指省道、縣道、鄉道或市區道路所栽植之喬木。"
"77676118-D894-4527-B88A-6D236A462923","禮儀服務業者查詢","https://data.ntpc.gov.tw/datasets/77676118-d894-4527-b88a-6d236a462923","新北市政府民政局/新北市立殯葬處/秘書室","每年","民政","生命禮儀","JSON、CSV、XML","中文","新北市核准或跨區備查禮儀服務業名冊"
"905E5BF0-995A-473F-A2E9-1B25A39A0829","新北市取締攤販績效","https://data.ntpc.gov.tw/datasets/905e5bf0-995a-473f-a2e9-1b25a39a0829","新北市政府警察局/行政科","每年","治安","開創事業","JSON、CSV、XML","中文","新北市取締攤販績效。"
"385DBDA9-87C4-4357-BA39-2DD43547855C","新北市警察服務據點","https://data.ntpc.gov.tw/datasets/385dbda9-87c4-4357-ba39-2dd43547855c","新北市政府警察局/行政科","每年","治安","公共資訊","JSON、CSV、XML","中文","提供新北市政府警察局各單位地址及服務電話。"
"2B35CF0E-E5D5-4A4F-8C27-90E03F315A9B","新北市成人預防保健醫事機構","https://data.ntpc.gov.tw/datasets/2b35cf0e-e5d5-4a4f-8c27-90e03f315a9b","新北市政府衛生局/健康管理科/健康維護股","每年","醫療","就醫","JSON、CSV、XML、KML","中文","新北市成人預防保健醫事機構清冊"
"B62C6AAD-250E-4167-8061-9D8662FDC566","新北市長者肺炎鏈球菌疫苗接種合約醫療院所","https://data.ntpc.gov.tw/datasets/b62c6aad-250e-4167-8061-9d8662fdc566","新北市政府衛生局/疾病管制科/預防接種股","不更新","醫療","就醫","JSON、CSV、XML、KML","中文","本資料集為新北市與衛生局簽訂合約提供公費長者肺炎鏈球菌疫苗之醫院診所"
"B05FBAB8-5B43-4847-B72E-6856CAEB1611","新北市兒童及少年安置及教養機構","https://data.ntpc.gov.tw/datasets/b05fbab8-5b43-4847-b72e-6856caeb1611","新北市政府社會局/兒童少年福利科","每年","社福","出生及收養","JSON、CSV、XML","中文","新北市兒童及少年安置及教養機構主要欄位包含中心名稱、地址、電話"
"492C2E0A-44C4-4E2D-AB74-A90E728FAE9F","新北市易發生危險之釣魚區域","https://data.ntpc.gov.tw/datasets/492c2e0a-44c4-4e2d-ab74-a90e728fae9f","新北市政府消防局/災害搶救科","不更新","消防","生活安全及品質","JSON、CSV、XML","中文","新北市易發生危險之釣魚區域清冊"
"01B21E91-B51F-4FF9-A3BF-F21997B38D4E","新北市免費救生衣借用點","https://data.ntpc.gov.tw/datasets/01b21e91-b51f-4ff9-a3bf-f21997b38d4e","新北市政府消防局/災害搶救科","不更新","消防","公共資訊","JSON、CSV、XML、KML","中文","新北市轄內消防、警察及海巡單位提供遊客免費借用救生衣之地點"
"AAD3D6E0-6E6E-44FF-A658-AAD41E84C6EF","新北市易發生溺水地點","https://data.ntpc.gov.tw/datasets/aad3d6e0-6e6e-44ff-a658-aad41e84c6ef","新北市政府消防局/災害搶救科","不更新","消防","生活安全及品質","JSON、CSV、XML","中文","新北市易發生溺水地點分析"
"BE61573D-9242-45D9-ABCD-032A351F56C5","新北市政府警察局巡邏箱數量","https://data.ntpc.gov.tw/datasets/be61573d-9242-45d9-abcd-032a351f56c5","新北市政府警察局/行政科","每年","治安","生活安全及品質","JSON、CSV、XML","中文","新北市政府警察局巡邏箱數量。"
"EFDF6F2E-A0E3-4317-91C9-00BA9E2C6BC0","新北市政府警察局社區治安會議辦理情形統計表","https://data.ntpc.gov.tw/datasets/efdf6f2e-a0e3-4317-91c9-00ba9e2c6bc0","新北市政府警察局/犯罪預防科","每年","治安","生活安全及品質","JSON、CSV、XML","中文","新北市政府警察局所屬分局、分駐(派出)所社區治安會議辦理情形統計表"
"A8D5B6DF-4550-4E43-B519-20D59942CB7F"," 113年度新北市總決算平衡表","https://data.ntpc.gov.tw/datasets/a8d5b6df-4550-4e43-b519-20d59942cb7f","新北市政府主計處/會計決算科","不更新","財稅","公共資訊","JSON、CSV、XML","中文"," 1.113年度新北市總決算平衡表2.單位：新臺幣元 3.各項欄位說明詳參""新北市政府主計處網頁->總決算->113年度新北市總決算""( https://www.bas.ntpc.gov.tw/home.jsp?id=2d77083c299dfb04)或電洽主計處查詢。"
"E3FF2310-BEEB-414A-A97B-279C7D2A5CED"," 113年度新北市總決算累計餘絀計算表","https://data.ntpc.gov.tw/datasets/e3ff2310-beeb-414a-a97b-279c7d2a5ced","新北市政府主計處/會計決算科","不更新","財稅","公共資訊","JSON、CSV、XML","中文"," 1.113年度新北市總決算累計餘絀計算表2.單位：新臺幣元 3.各項欄位說明詳參""新北市政府主計處網頁->總決算->113年度新北市總決算""( https://www.bas.ntpc.gov.tw/home.jsp?id=2d77083c299dfb04)或電洽主計處查詢。"
"6EA53147-7CF5-4152-8D8B-E322E261AC92"," 113年度新北市總決算歲出政事別決算總表","https://data.ntpc.gov.tw/datasets/6ea53147-7cf5-4152-8d8b-e322e261ac92","新北市政府主計處/會計決算科","不更新","財稅","公共資訊","JSON、CSV、XML","中文"," 1.113年度新北市總決算歲出政事別決算總表2.單位：新臺幣元 3.各項欄位說明詳參""新北市政府主計處網頁->總決算->113年度新北市總決算""( https://www.bas.ntpc.gov.tw/home.jsp?id=2d77083c299dfb04)或電洽主計處查詢。"
"886530FA-647E-4721-90AD-57FBDDF9AA5D"," 113年度新北市總決算歲出機關別決算總表","https://data.ntpc.gov.tw/datasets/886530fa-647e-4721-90ad-57fbddf9aa5d","新北市政府主計處/會計決算科","不更新","財稅","公共資訊","JSON、CSV、XML","中文"," 1.113年度新北市總決算歲出機關別決算總表2.單位：新臺幣元 3.各項欄位說明詳參""新北市政府主計處網頁->總決算->113年度新北市總決算""( https://www.bas.ntpc.gov.tw/home.jsp?id=2d77083c299dfb04)或電洽主計處查詢。"
"410AA10B-B9B1-4334-B6DD-87CDFFD8DC4F"," 113年度新北市總決算歲入來源別決算總表","https://data.ntpc.gov.tw/datasets/410aa10b-b9b1-4334-b6dd-87cdffd8dc4f","新北市政府主計處/會計決算科","不更新","財稅","公共資訊","JSON、CSV、XML","中文"," 1.113年度新北市總決算歲入來源別決算總表2.單位：新臺幣元 3.各項欄位說明詳參""新北市政府主計處網頁->總決算->113年度新北市總決算""( https://www.bas.ntpc.gov.tw/home.jsp?id=2d77083c299dfb04)或電洽主計處查詢。"
"F0705F82-59DC-4465-8B2C-9A1671FE9FA0"," 113年度新北市總決算歲入歲出性質及餘絀簡明比較分析表","https://data.ntpc.gov.tw/datasets/f0705f82-59dc-4465-8b2c-9a1671fe9fa0","新北市政府主計處/會計決算科","不更新","財稅","公共資訊","JSON、CSV、XML","中文"," 1.113年度新北市總決算歲入歲出簡明比較分析表2.單位：新臺幣元 3.各項欄位說明詳參""新北市政府主計處網頁->總決算->113年度新北市總決算""( https://www.bas.ntpc.gov.tw/home.jsp?id=2d77083c299dfb04)或電洽主計處查詢。"
"0CD81FF4-660F-4D79-BCEA-492357081323"," 113年度新北市總決算收支簡明比較分析表","https://data.ntpc.gov.tw/datasets/0cd81ff4-660f-4d79-bcea-492357081323","新北市政府主計處/會計決算科","不更新","財稅","公共資訊","JSON、CSV、XML","中文"," 1.113年度新北市總決算收支簡明比較分析表2.單位：新臺幣元 3.各項欄位說明詳參""新北市政府主計處網頁->總決算->113年度新北市總決算""( https://www.bas.ntpc.gov.tw/home.jsp?id=2d77083c299dfb04)或電洽主計處查詢。"
"54E214D6-39BD-4486-8050-2D27A32DCFC0","新北市加氣站清冊","https://data.ntpc.gov.tw/datasets/54e214d6-39bd-4486-8050-2d27a32dcfc0","新北市政府經濟發展局/綠色產業科","不更新","經濟","交通及通訊","JSON、CSV、XML、KML","中文","提供本市加氣站營業主體、加氣站站名、地址等資料。"
"713F49A4-4244-4BE7-B71D-5E83DB7859E8","新北市-113年緊急醫療醫院能力分級","https://data.ntpc.gov.tw/datasets/713f49a4-4244-4be7-b71d-5e83db7859e8","新北市政府消防局/緊急救護科","每年","醫療","就醫","JSON、CSV、XML","中文","新北市-113年緊急醫療醫院能力分級。"
"51DDF7C7-F68E-4481-9A71-7B9E210991D3","新北市「潛伏結核感染治療指定醫院」服務時間","https://data.ntpc.gov.tw/datasets/51ddf7c7-f68e-4481-9a71-7b9e210991d3","新北市政府衛生局/疾病管制科/結核病、外勞及職業衛生股","每年","醫療","就醫","JSON、CSV、XML、KML","中文","「新北市潛伏結核感染治療指定醫院」服務時間，人事行政局公告國定例假日皆不受理，請先來電預約。"
"0BEFF97F-C02C-45DE-AF87-33EF94D6FC1F","新北市無地上層之地下建築物標準單價表(112年7月1日起適用)","https://data.ntpc.gov.tw/datasets/0beff97f-c02c-45de-af87-33ef94d6fc1f","新北市政府財政局/新北市政府稅捐稽徵處/房屋稅科/房屋稅科第一股","不更新","財稅","公共資訊","JSON、CSV、XML","中文","單位：元(新台幣)／平方公尺"
"A1A6A837-56D3-4BB0-B6EC-8CCC89B5BE6C","新北市各區房屋坐落地段等級表(112年7月1日起適用)","https://data.ntpc.gov.tw/datasets/a1a6a837-56d3-4bb0-b6ec-8ccc89b5be6c","新北市政府財政局/新北市政府稅捐稽徵處/房屋稅科/房屋稅科第一股","不更新","財稅","公共資訊","JSON、CSV、XML","中文","112年7月1日起適用"
"95E1A6E3-E6E9-4711-8411-1321CC637C0E","新北市31層以上房屋構造標準單價表(112年7月1日以後適用)","https://data.ntpc.gov.tw/datasets/95e1a6e3-e6e9-4711-8411-1321cc637c0e","新北市政府財政局/新北市政府稅捐稽徵處/房屋稅科/房屋稅科第一股","不更新","財稅","公共資訊","JSON、CSV、XML","中文","單位：元(新台幣)/平方公尺；備註：1.本表以每3層為一級距，31層至60層每3層每平方公尺加價440元，61層至90層每3層每平方公尺加價350元，91層以上每3層每平方公尺加價310元。 2. 全棟房屋係以該房屋之構造、總樓層數及用途，各層適用同一標準單價。例如：構造為鋼骨鋼筋混凝土造，總樓層數為43層，用途為住宅(第3類)之房屋，其1-43層適用之標準單價皆為21,010元。"
"DB113460-DFA9-4A89-8061-96A507782B50","新北市30層以下房屋構造標準單價表(112年7月1日起適用)","https://data.ntpc.gov.tw/datasets/db113460-dfa9-4a89-8061-96a507782b50","新北市政府財政局/新北市政府稅捐稽徵處/房屋稅科/房屋稅科第一股","不更新","財稅","公共資訊","JSON、CSV、XML","中文","單位：元(新台幣)／平方公尺；備註：全棟房屋係以該房屋之構造、總樓層數及用途，各層適用同一標準單價。例如：構造為鋼筋混凝土造，總樓層數為5層，用途為住宅(第3類)之房屋，其1-5層適用之標準單價皆為5,540元。"
"65833AF6-B36A-4CDD-9B89-B9AB31E96D26","新北市土地筆數面積公告土地現值","https://data.ntpc.gov.tw/datasets/65833af6-b36a-4cdd-9b89-b9ab31e96d26","新北市政府地政局/地價科","每年","地政","購屋及遷徙","JSON、CSV、XML","中文","按行政區、都市土地、非都市土地、公私有，分筆數、面積、公告土地現值總額，因本統計表已定期公開於本局官網，以提供網址方式公開資料供下載參考 
主要欄位說明: f1(統計日期)、f2(網址)
"
"D8C26128-E269-4045-82F6-7B31FBEC2E45","歷年不動產實價登錄資訊-買賣案件-102年","https://data.ntpc.gov.tw/datasets/d8c26128-e269-4045-82f6-7b31fbec2e45","新北市政府地政局/地價科","不更新","地政","購屋及遷徙","JSON、CSV、XML","中文","不動產賣賣案件實價登錄資訊，包含標的位置(去識別化)、面積、總價等資訊。"
"662F54A2-53A5-4406-B684-348AC9154511","歷年不動產實價登錄資訊-買賣案件-101年","https://data.ntpc.gov.tw/datasets/662f54a2-53a5-4406-b684-348ac9154511","新北市政府地政局/地價科","不更新","地政","購屋及遷徙","JSON、CSV、XML","中文","不動產賣賣案件實價登錄資訊，包含標的位置(去識別化)、面積、總價等資訊。"
"7C047A07-AE8D-4D1E-B834-8C12756F66EB","歷年不動產實價登錄資訊-買賣案件-103年","https://data.ntpc.gov.tw/datasets/7c047a07-ae8d-4d1e-b834-8c12756f66eb","新北市政府地政局/地價科","不更新","地政","購屋及遷徙","JSON、CSV、XML","中文","不動產賣賣案件實價登錄資訊，包含標的位置(去識別化)、面積、總價等資訊。"
"EA6FC722-F7A1-4866-8E72-1C6CB6083068","歷年不動產實價登錄資訊-買賣案件-106年","https://data.ntpc.gov.tw/datasets/ea6fc722-f7a1-4866-8e72-1c6cb6083068","新北市政府地政局/地價科","不更新","地政","購屋及遷徙","JSON、CSV、XML","中文","不動產賣賣案件實價登錄資訊，包含標的位置(去識別化)、面積、總價等資訊。"
"55B11A71-50BC-454F-94EC-31BD5353F2EB","歷年不動產實價登錄資訊-買賣案件-107年","https://data.ntpc.gov.tw/datasets/55b11a71-50bc-454f-94ec-31bd5353f2eb","新北市政府地政局/地價科","不更新","地政","購屋及遷徙","JSON、CSV、XML","中文","不動產賣賣案件實價登錄資訊，包含標的位置(去識別化)、面積、總價等資訊。"
"4AE85CF8-60E6-42C5-A6BF-2C902CCA6655","歷年不動產實價登錄資訊-買賣案件-104年","https://data.ntpc.gov.tw/datasets/4ae85cf8-60e6-42c5-a6bf-2c902cca6655","新北市政府地政局/地價科","不更新","地政","購屋及遷徙","JSON、CSV、XML","中文","不動產賣賣案件實價登錄資訊，包含標的位置(去識別化)、面積、總價等資訊。"
"68FDFC2E-A9A9-4A0C-87A7-625975EE0F62","歷年不動產實價登錄資訊-買賣案件-105年","https://data.ntpc.gov.tw/datasets/68fdfc2e-a9a9-4a0c-87a7-625975ee0f62","新北市政府地政局/地價科","不更新","地政","購屋及遷徙","JSON、CSV、XML","中文","不動產賣賣案件實價登錄資訊，包含標的位置(去識別化)、面積、總價等資訊。"
"A256CE54-C830-4AB0-84F4-62E8BEAD0802","歷年不動產實價登錄資訊-買賣案件-108年","https://data.ntpc.gov.tw/datasets/a256ce54-c830-4ab0-84f4-62e8bead0802","新北市政府地政局/地價科","不更新","地政","購屋及遷徙","JSON、CSV、XML","中文","不動產賣賣案件實價登錄資訊，包含標的位置(去識別化)、面積、總價等資訊。"
"1B91115E-2BBD-41D9-945C-F54EE5537668","歷年不動產實價登錄資訊-買賣案件-110年","https://data.ntpc.gov.tw/datasets/1b91115e-2bbd-41d9-945c-f54ee5537668","新北市政府地政局/地價科","不更新","地政","購屋及遷徙","JSON、CSV、XML","中文","不動產賣賣案件實價登錄資訊，包含標的位置(去識別化)、面積、總價等資訊。"
"738908D5-A992-469E-BD78-C13D395C75D3","歷年不動產實價登錄資訊-買賣案件-111年","https://data.ntpc.gov.tw/datasets/738908d5-a992-469e-bd78-c13d395c75d3","新北市政府地政局/地價科","不更新","地政","購屋及遷徙","JSON、CSV、XML","中文","不動產賣賣案件實價登錄資訊，包含標的位置(去識別化)、面積、總價等資訊。"
"4F5EEBB5-287D-47BD-8104-C9FA3655F21A","歷年不動產實價登錄資訊-買賣案件-109年","https://data.ntpc.gov.tw/datasets/4f5eebb5-287d-47bd-8104-c9fa3655f21a","新北市政府地政局/地價科","不更新","地政","購屋及遷徙","JSON、CSV、XML","中文","不動產賣賣案件實價登錄資訊，包含標的位置(去識別化)、面積、總價等資訊。"
"7AACE50E-155C-4244-B86F-C4BD6DC92AEB","糖尿病個案轉診免掛號費合約眼科院所名單","https://data.ntpc.gov.tw/datasets/7aace50e-155c-4244-b86f-c4bd6dc92aeb","新北市政府衛生局/健康管理科/健康維護股","每年","醫療","就醫","JSON、CSV、XML、KML","中文","糖尿病個案憑轉診單可享當次免掛號費"
"A9098780-7871-4A48-BAF8-9484E0A690B0","銀髮健身俱樂部","https://data.ntpc.gov.tw/datasets/a9098780-7871-4a48-baf8-9484e0a690b0","新北市政府衛生局/健康管理科/健康維護股","每年","社福","老年安養","JSON、CSV、XML","中文","新北市銀髮健身俱樂部據點"
"A8AE21B6-519B-4BFA-9006-6311EC8C4583","新北市整合式健康篩檢服務","https://data.ntpc.gov.tw/datasets/a8ae21b6-519b-4bfa-9006-6311ec8c4583","新北市政府衛生局/健康管理科/健康維護股","每年","醫療","就醫","JSON、CSV、XML","中文","新北市整合式健康篩檢服務。"
"5E5BD1B4-B5FD-406B-84C4-AE2D70D2BA71","新北市狹小巷道列管清冊","https://data.ntpc.gov.tw/datasets/5e5bd1b4-b5fd-406b-84c4-ae2d70d2ba71","新北市政府消防局/災害搶救科","每年","消防","生活安全及品質","JSON、CSV、XML","中文","提供本列管清冊供民眾查詢"
"5E59C7BD-ADA8-40A7-AD7E-A5E43B7025CB","新北市房屋構造別代號暨折舊率對照表(一)","https://data.ntpc.gov.tw/datasets/5e59c7bd-ada8-40a7-ad7e-a5e43b7025cb","新北市政府財政局/新北市政府稅捐稽徵處/房屋稅科/房屋稅科第一股","不更新","財稅","公共資訊","JSON、CSV、XML","中文","備註：瑞芳區、平溪區、雙溪區、貢寮區、金山區、萬里區、淡水區、三芝區、石門區、八里區，按照上列標準增加折舊率0.05%。例如加強磚造折舊率為1.2%，應增加為1.25%。"
"A8FB35E4-1D03-4A63-8E36-4D5FEAE00B83","新北市房屋構造別代號暨折舊率對照表(二)","https://data.ntpc.gov.tw/datasets/a8fb35e4-1d03-4a63-8e36-4d5feae00b83","新北市政府財政局/新北市政府稅捐稽徵處/房屋稅科/房屋稅科第一股","不更新","財稅","公共資訊","JSON、CSV、XML","中文","備註：瑞芳區、平溪區、雙溪區、貢寮區、金山區、萬里區、淡水區、三芝區、石門區、八里區，按照上列標準增加折舊率0.05%。例如鋼筋混凝土造折舊率為1.17%，應增加為1.22%。"
"E5159001-7485-4581-890F-318351A77317","新北市30層以下房屋構造標準單價(民國103年7月1日至民國109年6月30日適用)","https://data.ntpc.gov.tw/datasets/e5159001-7485-4581-890f-318351a77317","新北市政府財政局/新北市政府稅捐稽徵處/房屋稅科/房屋稅科第一股","不更新","財稅","公共資訊","JSON、CSV、XML","中文","民國103年7月1日至民國109年6月30日適用；單位元(新台幣)/平方公尺；備註：全棟房屋係以該房屋之構造、總樓層數及用途，各層適用同一標準單價。例如：構造為鋼筋混凝土造，總樓層數為5層，用途為住宅(第3類)之房屋，其1-5層適用之標準單價皆為5,040元(新台幣)。"
"235A8796-5B0F-4CDC-9058-EBC3A81D31B4","新北市30層以下房屋構造標準單價表(109年7月1日起至112年6月30日適用)","https://data.ntpc.gov.tw/datasets/235a8796-5b0f-4cdc-9058-ebc3a81d31b4","新北市政府財政局/新北市政府稅捐稽徵處/房屋稅科/房屋稅科第一股","不更新","財稅","公共資訊","JSON、CSV、XML","中文","單位：元(新台幣)／平方公尺；備註：全棟房屋係以該房屋之構造、總樓層數及用途，各層適用同一標準單價。例如：構造為鋼筋混凝土造，總樓層數為5層，用途為住宅(第3類)之房屋，其1-5層適用之標準單價皆為5,040元。"
"1350A154-18A7-4705-95DB-5FB07BD3F8E3","新北市31層以上房屋構造標準單價表(民國103年6月30日以前適用)","https://data.ntpc.gov.tw/datasets/1350a154-18a7-4705-95db-5fb07bd3f8e3","新北市政府財政局/新北市政府稅捐稽徵處/房屋稅科/房屋稅科第一股","不更新","財稅","公共資訊","JSON、CSV、XML","中文","民國103年6月30日前適用；單位：元(新台幣)/平方公尺；備註：本表以每3層為一級距，31層至60層每3層每平方公尺加價200元(新台幣)，61層至90層每3層每平方公尺加價160元(新台幣)，91層至105層每平方公尺加價140元(新台幣)。"
"982F2868-9CF4-470F-BDB2-8AE0CBEBD26A","新北市31層以上房屋構造標準單價表(103年7月1日至112年6月30日適用)","https://data.ntpc.gov.tw/datasets/982f2868-9cf4-470f-bdb2-8ae0cbebd26a","新北市政府財政局/新北市政府稅捐稽徵處/房屋稅科/房屋稅科第一股","不更新","財稅","公共資訊","JSON、CSV、XML","中文","單位：元(新台幣)/平方公尺；備註：本表以每3層為一級距，31層至60層每3層每平方公尺加價400元，61層至90層每3層每平方公尺加價320元，91層以上每3層每平方公尺加價280元。 "
"2FAB3160-3E4D-4A97-B067-271797493EA7","新北市無地上層之地下建築物標準單價表(民國103年6月30日前適用)","https://data.ntpc.gov.tw/datasets/2fab3160-3e4d-4a97-b067-271797493ea7","新北市政府財政局/新北市政府稅捐稽徵處/房屋稅科/房屋稅科第一股","不更新","財稅","公共資訊","JSON、CSV、XML","中文","民國103年6月30日前適用；單位：元(新台幣)／平方公尺"
"D87ECF57-8EA3-4171-A611-6CF458E54777","新北市無地上層之地下建築物標準單價表(民國103年7月1日至民國109年6月30日適用)","https://data.ntpc.gov.tw/datasets/d87ecf57-8ea3-4171-a611-6cf458e54777","新北市政府財政局/新北市政府稅捐稽徵處/房屋稅科/房屋稅科第一股","不更新","財稅","公共資訊","JSON、CSV、XML","中文","民國103年7月1日至民國109年6月30日適用；單位：元(新台幣)／平方公尺"
"BF3801F1-5E59-4A5C-BAEF-150E13CD0383","新北市無地上層之地下建築物標準單價表(109年7月1日起至112年6月30日適用)","https://data.ntpc.gov.tw/datasets/bf3801f1-5e59-4a5c-baef-150e13cd0383","新北市政府財政局/新北市政府稅捐稽徵處/房屋稅科/房屋稅科第一股","不更新","財稅","公共資訊","JSON、CSV、XML","中文","單位：元(新台幣)／平方公尺"
"175D4E8C-4314-42AF-842A-B61A8BA8996C","新北市各區房屋坐落地段等級表(民國106年7月1日至民國109年6月30日適用)","https://data.ntpc.gov.tw/datasets/175d4e8c-4314-42af-842a-b61a8ba8996c","新北市政府財政局/新北市政府稅捐稽徵處/房屋稅科/房屋稅科第一股","不更新","財稅","公共資訊","JSON、CSV、XML","中文","民國106年7月1日至民國109年6月30日適用"
"889F0F2D-CD23-4AF6-9E25-E480CF21A037","新北市各區房屋坐落地段等級表(109年7月1日起至112年6月30日適用)","https://data.ntpc.gov.tw/datasets/889f0f2d-cd23-4af6-9e25-e480cf21a037","新北市政府財政局/新北市政府稅捐稽徵處/房屋稅科/房屋稅科第一股","不更新","財稅","公共資訊","JSON、CSV、XML","中文","109年7月1日起至112年6月30日適用"
"D9869B79-3074-4412-96F5-5E7E4D5E6019","新北市30層以下房屋構造標準單價表(民國103年6月30日以前適用)","https://data.ntpc.gov.tw/datasets/d9869b79-3074-4412-96f5-5e7e4d5e6019","新北市政府財政局/新北市政府稅捐稽徵處/房屋稅科/房屋稅科第一股","不更新","財稅","公共資訊","JSON、CSV、XML","中文","民國103年6月30日前適用；單位：元(新台幣)/平方公尺"
"F532251F-4360-4635-88DB-AE3D76136420","都市更新條例及相關法令彙編","https://data.ntpc.gov.tw/datasets/f532251f-4360-4635-88db-ae3d76136420","新北市政府城鄉發展局/新北市政府都市更新處/更新事業科","每年","城鄉","公共資訊","JSON、CSV、XML","中文","提供都市更新條例及相關法令(中央法規、新北市相關規定、相關法規及重要函釋))"
"1E3E8411-A4F4-4066-9B80-DDDF99FF8EF5","新北市政府研究發展考核委員會年度預算資料","https://data.ntpc.gov.tw/datasets/1e3e8411-a4f4-4066-9b80-dddf99ff8ef5","新北市政府研究發展考核委員會/會計室","每年","資訊","公共資訊","JSON、CSV、XML","中文","114年研考會單位預算"
"47ACED4B-EA2D-42B0-AB70-8AE8ABE661B6","各區清潔隊聯絡資料","https://data.ntpc.gov.tw/datasets/47aced4b-ea2d-42b0-ab70-8ae8abe661b6","新北市政府環境保護局/環境庶務科/環境庶務科第一股","每年","環保","交通及通訊","JSON、CSV、XML、KML","中文","各區清潔隊地址及電話"
"4B34025E-286B-424F-B71A-74ADAD35CC47","新北市房屋坐落地段等級調整率評定表","https://data.ntpc.gov.tw/datasets/4b34025e-286b-424f-b71a-74adad35cc47","新北市政府財政局/新北市政府稅捐稽徵處/房屋稅科/房屋稅科第一股","不更新","財稅","公共資訊","JSON、CSV、XML","中文","說明： 一、本房屋坐落地段等級調整率評定表，自一百十二年七月一日起實施。 二、本市房屋依編釘門牌，按本房屋坐落地段等級調整率評定表及各區房屋坐落地段等級表（如附表）適用房屋坐落地段等級；如有門牌改編，在新北市不動產評價委員會未重行評定前，仍沿用原地段等級。 三、「臺北水源特定區、土石流區」內之房屋地段等級調降二級，其有特殊情形者，專案辦理。 四、公共工程施工期間圍籬路段沿線房屋之地段等級調整率降二級。 五、地上權房屋之地段等級調整率降二級。 六、新增街路未及列入「房屋坐落地段等級表」者，應參考相交或平行街路之調整率，參酌其商業繁榮、交通運輸等情形擬訂調整率。 七、除等級表另有規定者外，巷弄內房屋照房屋坐落地段等級調整率減一級。 八、本市房屋坐落地段率在100％（含）以上者，其巷、弄房屋減級後地段率不得低於100％；房屋坐落地段率在90％（含）以下者，其巷、弄房屋減級後地段率不得低於80％。但如有說明三、四之情形者，不在此限。 九、如同時具備說明三、四之調降情形者，僅得擇一適用。"
"22C8E2F1-2EA9-455A-BBFA-7BD064579B38","新北市房屋用途類別及用途細類別代號對照表","https://data.ntpc.gov.tw/datasets/22c8e2f1-2ea9-455a-bbfa-7bd064579b38","新北市政府財政局/新北市政府稅捐稽徵處/房屋稅科/房屋稅科第一股","不更新","財稅","公共資訊","JSON、CSV、XML","中文","備註：一、*「各種用途」代表所適用之「用途細類別代號」同用途類別第一~四類之各用途細類別代號。二、表內用途欄內未列之房屋，以其相近之用途歸類。"
"8EA9491D-FF84-4525-9264-86A2097CCA97","新北市危險水域","https://data.ntpc.gov.tw/datasets/8ea9491d-ff84-4525-9264-86a2097cca97","新北市政府消防局/災害搶救科","不更新","消防","生活安全及品質","JSON、CSV、XML","中文","新北市政府消防局提供您危險水域，提醒您出遊時要小心遠離危險提供的欄位包含了編號、行政區、危險水域地點"
"1B72ABE8-8862-4130-AEB8-178C1240E6C4","新北市路口監視器(113新版)","https://data.ntpc.gov.tw/datasets/1b72abe8-8862-4130-aeb8-178c1240e6c4","新北市政府警察局/犯罪預防科","每年","治安","交通及通訊","JSON、CSV、XML","中文","新北市政府路口監視器(113年新版)資訊主要提供欄位包含分局、派出所、攝影機建置地點、照射方向；因應警察局要求故將「照射方向」改為「建置案單位」。"
"BFB0DFF1-B025-4592-9600-1C62EC8A4481","新北市政府性別主流化資料","https://data.ntpc.gov.tw/datasets/bfb0dff1-b025-4592-9600-1c62ec8a4481","新北市政府研究發展考核委員會/施政考核組","不更新","統計","公共資訊","JSON、CSV、XML","中文","本府各機關辦理性別影響評估作業計畫案件(111年度)"
"1D228EAB-23D4-41A6-BD33-F4014DD44660","新北市公立公墓納骨塔查詢","https://data.ntpc.gov.tw/datasets/1d228eab-23d4-41a6-bd33-f4014dd44660","新北市政府民政局/新北市立殯葬處/秘書室","每年","民政","生命禮儀","JSON、CSV、XML","中文","新北市公立公墓、納骨塔清冊"
"9FF32ED6-7864-4D07-B8FD-C84EE07A3485","新北市政府警察局公務人員-按學歷別","https://data.ntpc.gov.tw/datasets/9ff32ed6-7864-4d07-b8fd-c84ee07a3485","新北市政府警察局/人事室","每年","治安","公共資訊","JSON、CSV、XML","中文","新北市政府警察局公務人員-按學歷別。"
"286085B3-8C1B-448A-B459-187A30B4EFE2","新北市政府警察局公務人員-按職等別","https://data.ntpc.gov.tw/datasets/286085b3-8c1b-448a-b459-187a30b4efe2","新北市政府警察局/人事室","每年","治安","公共資訊","JSON、CSV、XML","中文","新北市政府警察局公務人員-按職等別。"
"D48FCF7A-2F5C-4219-AB66-E8744EDB26E5","新北市政府警察局-按性別及年齡別","https://data.ntpc.gov.tw/datasets/d48fcf7a-2f5c-4219-ab66-e8744edb26e5","新北市政府警察局/人事室","每年","治安","公共資訊","JSON、CSV、XML","中文","新北市政府警察局-按性別及年齡別。"
"FFC2F4F9-F214-4843-B3E2-3D9862382FE5","新北市政府警察局員工總人數","https://data.ntpc.gov.tw/datasets/ffc2f4f9-f214-4843-b3e2-3d9862382fe5","新北市政府警察局/人事室","每年","治安","公共資訊","JSON、CSV、XML","中文","新北市政府警察局員工總人數。"
"2EEF0227-F52B-4090-B1DA-42EEB59F91E5","新北市政府警察局業務職掌","https://data.ntpc.gov.tw/datasets/2eef0227-f52b-4090-b1da-42eeb59f91e5","新北市政府警察局/人事室","不更新","治安","公共資訊","JSON、CSV、XML","中文","新北市政府警察局業務職掌。"
"0296E3D9-2C99-4EB9-8040-7151DB149572","新北市政府警察局歷年組織編制暨警力員額統計","https://data.ntpc.gov.tw/datasets/0296e3d9-2c99-4eb9-8040-7151db149572","新北市政府警察局/人事室","每年","治安","公共資訊","JSON、CSV、XML","中文","提供新北市政府警察局由民國73年臺北縣警察局迄今員額編制。"
"56B0E972-6889-4ECC-AB1A-FBE3FF92C1BA","新北市政府府級任務編組情形統計表","https://data.ntpc.gov.tw/datasets/56b0e972-6889-4ecc-ab1a-fbe3ff92c1ba","新北市政府人事處/企劃科","每年","資訊","公共資訊","JSON、CSV、XML","中文","資料日期：114年"
"45F89422-0DF5-49E1-8FE8-B73CDB459922","新北市政府警察局-各年度決算書","https://data.ntpc.gov.tw/datasets/45f89422-0df5-49e1-8fe8-b73cdb459922","新北市政府警察局/會計室","每年","財稅","公共資訊","JSON、CSV、XML","中文","新北市政府警察局-各年度決算書。"
"6CF880CD-24C7-4926-A2F0-CA3471CE25CF","新北市政府一級機關分層負責明細表","https://data.ntpc.gov.tw/datasets/6cf880cd-24c7-4926-a2f0-ca3471ce25cf","新北市政府人事處/企劃科","每年","資訊","公共資訊","JSON、CSV、XML","中文","新北市政府一級機關分層負責明細表，主要欄位包含承辦機關（單位）、公務項目及內容、決行權責、會辦機關（單位）"
"BCC98B23-4182-462F-988C-8980111AA6E6","新北巿房屋稅徵績","https://data.ntpc.gov.tw/datasets/bcc98b23-4182-462f-988c-8980111aa6e6","新北市政府財政局/新北市政府稅捐稽徵處/會計室/會計室第二股","每年","財稅","公共資訊","JSON、CSV、XML","中文","以本巿轄區內附著於土地上之各種房屋及有關增加房屋價值之建築物戶數及稅額為統計對象"
"BD90FA3C-7641-4CA8-873A-16957423FA38","新北市非都市土地使用分區面積","https://data.ntpc.gov.tw/datasets/bd90fa3c-7641-4ca8-873a-16957423fa38","新北市政府城鄉發展局/綜合規劃科","每年","城鄉","公共資訊","JSON、CSV、XML","中文","提供新北市各土地使用分區之面積"
"BEEA56FC-D953-4761-8ECC-2764529DDC10","新北市非都市土地使用編定面積","https://data.ntpc.gov.tw/datasets/beea56fc-d953-4761-8ecc-2764529ddc10","新北市政府城鄉發展局/綜合規劃科","每年","城鄉","公共資訊","JSON、CSV、XML","中文","提供新北市各非都市土地使用編定之面積"
"C3867812-6188-4B0A-A487-03BB4D93238D","河濱公園位置","https://data.ntpc.gov.tw/datasets/c3867812-6188-4b0a-a487-03bb4d93238d","新北市政府水利局/新北市政府高灘地工程管理處/養護工程科","不更新","水利","休閒旅遊","JSON、CSV、XML","中文","新北市高灘地園區河濱公園分布位置"
"17168616-329B-4034-9290-2114A23AB80B","新北市政府圖片新聞","https://data.ntpc.gov.tw/datasets/17168616-329b-4034-9290-2114a23ab80b","新北市政府研究發展考核委員會/新北市政府資訊中心/網際服務科","每日","資訊","公共資訊","JSON、CSV、XML","中文","新北市政府每日更新的圖片新聞"
"A862C802-13C7-4A67-A759-E99A1EC5E553","新北市政府新聞稿_下載附件版","https://data.ntpc.gov.tw/datasets/a862c802-13c7-4a67-a759-e99a1ec5e553","新北市政府研究發展考核委員會/新北市政府資訊中心/網際服務科","每日","資訊","公共資訊","JSON、CSV、XML","中文","本項資料係配合市府官網改版作業所調整，用以取代平台上既有之「新北市政府市府資訊」資料項目，並增加附件下載功能，且移除了html語法，詳情請參考最新消息及說明檔案。"
"10A52726-1BD2-4721-81D0-BB25CE01EA37","新北市政府市政公告","https://data.ntpc.gov.tw/datasets/10a52726-1bd2-4721-81d0-bb25ce01ea37","新北市政府研究發展考核委員會/新北市政府資訊中心/網際服務科","每日","資訊","公共資訊","JSON、CSV、XML","中文","新北市政府每日更新的市政公告"
"0516BC87-2C1E-4C73-BB7B-78538024EEF4","新北市政府焦點新聞","https://data.ntpc.gov.tw/datasets/0516bc87-2c1e-4c73-bb7b-78538024eef4","新北市政府研究發展考核委員會/新北市政府資訊中心/網際服務科","每5分鐘","資訊","公共資訊","JSON、CSV、XML","中文","新北市政府每日更新的焦點新聞"
"7744C844-C534-40F8-AF9C-810DDAD5EAAA","新北市政府活動訊息_下載附件版","https://data.ntpc.gov.tw/datasets/7744c844-c534-40f8-af9c-810ddad5eaaa","新北市政府研究發展考核委員會/新北市政府資訊中心/網際服務科","每日","資訊","公共資訊","JSON、CSV、XML","中文","本項資料係配合市府官網改版作業所調整，用以取代平台上既有之「新北市政府活動訊息」資料項目，並增加附件下載，且不包含html語法，詳情請參考最新消息及說明檔案。"
"029E3FC2-1927-4534-8702-DA7323BE969B","新北市政府近期活動","https://data.ntpc.gov.tw/datasets/029e3fc2-1927-4534-8702-da7323be969b","新北市政府研究發展考核委員會/新北市政府資訊中心/網際服務科","每日","資訊","公共資訊","JSON、CSV、XML","中文","新北市政府每日更新的近期活動"
"AC110AF8-C847-43E5-B62C-7985E9E049F9","新北市郵遞區號前3碼","https://data.ntpc.gov.tw/datasets/ac110af8-c847-43e5-b62c-7985e9e049f9","新北市政府研究發展考核委員會/新北市政府資訊中心/網際服務科","每年","資訊","公共資訊","JSON、CSV、XML","中文","提供中華郵政網站下載轉區之新北市郵遞區號前3碼一覽表內容，如需「中文地址英譯」及「3+2郵遞區號」資料查詢，可至中華郵政全球資訊網查詢。"
"3EB076F8-8972-4E5E-A0A5-2451CDEB7854","近五年新北市市有財產產總目錄","https://data.ntpc.gov.tw/datasets/3eb076f8-8972-4e5e-a0a5-2451cdeb7854","新北市政府財政局/秘書室","每年","財稅","公共資訊","JSON、CSV、XML","中文","近五年新北市市有財產產總目錄(109年度-113年度)"
"39A6D085-5A4B-4BC4-BCD9-9E5B955799A9","新北市政府研究發展考核委員會年度決算資料","https://data.ntpc.gov.tw/datasets/39a6d085-5a4b-4bc4-bcd9-9e5b955799a9","新北市政府研究發展考核委員會/會計室","每年","資訊","公共資訊","JSON、CSV、XML","中文","113年研考會單位決算"
"EF526DD1-A39C-4186-8905-3AC4726051B5","河濱公園景觀廁所位置","https://data.ntpc.gov.tw/datasets/ef526dd1-a39c-4186-8905-3ac4726051b5","新北市政府水利局/新北市政府高灘地工程管理處/養護工程科","不更新","水利","休閒旅遊","JSON、CSV、XML","中文","新北市高灘地園區之景觀廁所分布"
"1016BB4C-E8EB-4113-A2BE-657FB51A1558","新北市公車路線說明及示意圖","https://data.ntpc.gov.tw/datasets/1016bb4c-e8eb-4113-a2be-657fb51a1558","新北市政府交通局/運輸管理科/運輸管理科第三股","每年","交通","交通及通訊","JSON、CSV、XML","中文","本資料集採不定時更新，如有路線異動時，將適時修正相關內容及示意圖。"
"1B0A5AF7-83CA-4726-91C2-1676EFE43C0B","新北市政府各年度施政計畫","https://data.ntpc.gov.tw/datasets/1b0a5af7-83ca-4726-91c2-1676efe43c0b","新北市政府研究發展考核委員會/綜合規劃組","每年","資訊","公共資訊","JSON、CSV、XML","中文","新北市政府各年度施政計畫(修改時間:每年4月)"
"DF11F880-D5B5-4E43-93E0-A48B15E7AF31","新北市政府施政情形書面報告","https://data.ntpc.gov.tw/datasets/df11f880-d5b5-4e43-93e0-a48b15e7af31","新北市政府研究發展考核委員會/綜合規劃組","每年","資訊","公共資訊","JSON、CSV、XML","中文","歷屆新北市議會定期會-新北市政府施政情形書面報告(修改時間:每年4月、9月)"
"3AA7AAAA-5B7E-4E39-ADBB-53346C1335DC","新北市政府各機關業務報告","https://data.ntpc.gov.tw/datasets/3aa7aaaa-5b7e-4e39-adbb-53346c1335dc","新北市政府研究發展考核委員會/綜合規劃組","每年","資訊","公共資訊","JSON、CSV、XML","中文","歷屆新北市議會定期會-新北市政府各機關業務報告(修改時間:每年4月、9月)"
"8662F163-3C74-47CE-91A8-F96557925231","新北市政府市政會議紀錄","https://data.ntpc.gov.tw/datasets/8662f163-3c74-47ce-91a8-f96557925231","新北市政府研究發展考核委員會/綜合規劃組","每年","資訊","公共資訊","JSON、CSV、XML","中文","新北市政府每週由市長主持召開市政會議歷次市政會議紀錄(統計期間:每月)"
"82F5075D-B94E-4F54-A0DB-1A439A88C93A","新北市樂活名攤","https://data.ntpc.gov.tw/datasets/82f5075d-b94e-4f54-a0db-1a439a88c93a","新北市政府經濟發展局/新北市政府市場處/秘書室","每年","經濟","休閒旅遊","JSON、CSV、XML","中文","有菜市場金馬獎之稱，由經濟部主辦「優良市集暨樂活名攤星級評核」新北市計有21座市場及203個攤位分別獲得優良市集及樂活名攤評核認證，總數436顆星為全國第一，不僅為全國最多，更刷新自我紀錄，未來這些優良典範將持續推廣至全市傳統市場。"
"C1C59837-F9DB-40FE-8676-B2FCF1F40986","經濟部優良市集認證名單","https://data.ntpc.gov.tw/datasets/c1c59837-f9db-40fe-8676-b2fcf1f40986","新北市政府經濟發展局/新北市政府市場處/秘書室","每年","經濟","休閒旅遊","JSON、CSV、XML","中文","經濟部優良市集認證"
"785BE91A-CAAF-4E1C-91D6-F7D616D31A45","新北市公有市場及超市清冊","https://data.ntpc.gov.tw/datasets/785be91a-caaf-4e1c-91d6-f7d616d31a45","新北市政府經濟發展局/新北市政府市場處/秘書室","每年","經濟","休閒旅遊","JSON、CSV、XML","中文","新北市公有市場及超市清冊。"
"F563B4CD-B850-41F5-9709-B910F2D147E9","新北市公私立立案幼兒園資料","https://data.ntpc.gov.tw/datasets/f563b4cd-b850-41f5-9709-b910f2d147e9","新北市政府教育局/幼兒教育科","每年","教育","求學及進修","JSON、CSV、XML、KML","中文","由本市幼兒教育資源網所提供之公私立立案幼兒園資料"
"FD39E0F6-FC81-4910-9FC9-2B93B4876833","新北市政府警察局查獲兩性毒品嫌疑犯人數","https://data.ntpc.gov.tw/datasets/fd39e0f6-fc81-4910-9fc9-2b93b4876833","新北市政府警察局/新北市政府警察局刑事警察大隊/科技犯罪偵查專責組","每年","治安","生活安全及品質","JSON、CSV、XML","中文","新北市政府警察局查獲兩性毒品嫌疑犯人數。"
"2FDFF679-AF9C-46AB-BD2B-4555D24163C6","新北市嫌疑犯人數按年齡組別(NEW)","https://data.ntpc.gov.tw/datasets/2fdff679-af9c-46ab-bd2b-4555d24163c6","新北市政府警察局/新北市政府警察局刑事警察大隊/科技犯罪偵查專責組","每年","治安","生活安全及品質","JSON、CSV、XML","中文","新北市嫌疑犯人數按年齡組別(NEW)。"
"616758CD-6150-4C6E-80EC-C5057B34ADEA","新北市嫌疑犯人數按按教育程度別","https://data.ntpc.gov.tw/datasets/616758cd-6150-4c6e-80ec-c5057b34adea","新北市政府警察局/新北市政府警察局刑事警察大隊/科技犯罪偵查專責組","每年","治安","生活安全及品質","JSON、CSV、XML","中文","新北市嫌疑犯人數按按教育程度別。"
"EA87EA5D-F2D8-45E9-B0DD-BEEC101B9AAA","新北市嫌疑犯人數按職業別","https://data.ntpc.gov.tw/datasets/ea87ea5d-f2d8-45e9-b0dd-beec101b9aaa","新北市政府警察局/新北市政府警察局刑事警察大隊/科技犯罪偵查專責組","每年","治安","生活安全及品質","JSON、CSV、XML","中文","新北市嫌疑犯人數按職業別。"
"B5E70AA8-D891-439D-8317-0069E9F1FA9A","新北市刑事案件分類發生數、破獲數及嫌疑犯人數","https://data.ntpc.gov.tw/datasets/b5e70aa8-d891-439d-8317-0069e9f1fa9a","新北市政府警察局/新北市政府警察局刑事警察大隊/科技犯罪偵查專責組","每年","治安","生活安全及品質","JSON、CSV、XML","中文","新北市刑事案件分類發生數、破獲數及嫌疑犯人數。"
"2A8D1558-9B7F-4FE7-8A2B-0256ABB51416","新北市政府警察局受(處)理刑事案件兩性被害人數","https://data.ntpc.gov.tw/datasets/2a8d1558-9b7f-4fe7-8a2b-0256abb51416","新北市政府警察局/新北市政府警察局刑事警察大隊/科技犯罪偵查專責組","每年","治安","生活安全及品質","JSON、CSV、XML","中文","新北市政府警察局受(處)理刑事案件兩性被害人數。"
"467E0CFD-588E-440D-8C4D-420431FF5437","新北市政府警察局受(處)理刑事案件兩性嫌疑犯人數","https://data.ntpc.gov.tw/datasets/467e0cfd-588e-440d-8c4d-420431ff5437","新北市政府警察局/新北市政府警察局刑事警察大隊/科技犯罪偵查專責組","每年","治安","公共資訊","JSON、CSV、XML","中文","新北市政府警察局受(處)理刑事案件兩性嫌疑犯人數。"
"5D733E16-F779-4592-940B-D473E23D649D","新北市抗旱水井","https://data.ntpc.gov.tw/datasets/5d733e16-f779-4592-940b-d473e23d649d","新北市政府水利局/水利行政科","每年","水利","公共資訊","JSON、CSV、XML","中文","本市目前計有7口抗旱水井(管徑400mm)，為水利署91年度於本市樹林區所施作，有5口位於樹林省民公園，現由本府教育局體育處及水利署第十河川局管理，另有2口位於樹林河濱公園，為本府高灘地管理處管轄範圍。"
"3170B117-F14B-4675-8BD8-3406DA91A888","新北市114學年度公立國中學區一覽表","https://data.ntpc.gov.tw/datasets/3170b117-f14b-4675-8bd8-3406da91a888","新北市政府教育局/中等教育科","每年","教育","求學及進修","JSON、CSV、XML","中文","114學年度公立國中學區一覽表"
"D24FD22C-671D-4D01-B04D-6CC7328D7530","新北市機車定檢站名單","https://data.ntpc.gov.tw/datasets/d24fd22c-671d-4d01-b04d-6cc7328d7530","新北市政府環境保護局/空氣品質維護科/移污噪音股","每年","環保","交通及通訊","JSON、CSV、XML","中文","新北市機車定檢站名單(站號、站名、電話、地址)"
"A6766CB4-C6A4-4D6D-9472-49616A7E4543","新北市政府稅捐稽徵處保有個人資料檔案公開項目彙整表","https://data.ntpc.gov.tw/datasets/a6766cb4-c6a4-4d6d-9472-49616a7e4543","新北市政府財政局/新北市政府稅捐稽徵處/企劃服務科/企劃服務科第一股","每年","財稅","公共資訊","JSON、CSV、XML","中文","保有個人資料檔案公開項目"
"611F4310-1BAE-4F43-A2F8-1CFD510FED29","新北市114年下半年新措施一覽表","https://data.ntpc.gov.tw/datasets/611f4310-1bae-4f43-a2f8-1cfd510fed29","新北市政府研究發展考核委員會/為民服務組","不更新","統計","公共資訊","JSON、CSV、XML","中文"," 新北市114年下半年新措施一覽表(114年6月25日發布)"
"6BDA45B7-B421-4244-885D-649D7B08C026"," 114年上半年1999話務中心客服人員滿意度指標","https://data.ntpc.gov.tw/datasets/6bda45b7-b421-4244-885d-649d7b08c026","新北市政府研究發展考核委員會/為民服務組","不更新","統計","公共資訊","JSON、CSV、XML","中文"," 1999話務中心客服人員滿意度指標(調查期間:114年1月1至6月30)"
"2C8C584A-2982-4692-9212-98B73BFC0FB2","新北巿稅捐統計年報","https://data.ntpc.gov.tw/datasets/2c8c584a-2982-4692-9212-98b73bfc0fb2","新北市政府財政局/新北市政府稅捐稽徵處/會計室/會計室第二股","每年","財稅","公共資訊","JSON、CSV、XML","中文","稅捐稽徵處年度稅收成果、稅源分析、行政組織及稅捐稽徵經費等資料彙整，並將最近10年各項統計數字予以併列，提供使用者參考。"
"7CCD0715-2E3E-453A-A290-180D8F3075CD","新北市騎樓整平各年度施作路段(統計至113年底)","https://data.ntpc.gov.tw/datasets/7ccd0715-2e3e-453a-a290-180d8f3075cd","新北市政府工務局/新北市政府養護工程處/橋隧維護科","每年","工務","生活安全及品質","JSON、CSV、XML","中文","本資料提供新北市騎樓整平各年度施作之區域、路名以及施工長度(長度單位為公尺)。"
"B03E4670-B49C-44D9-9AFF-8D549B6B964E","非營利幼兒園名錄","https://data.ntpc.gov.tw/datasets/b03e4670-b49c-44d9-9aff-8d549b6b964e","新北市政府教育局/幼兒教育科","每年","教育","求學及進修","JSON、CSV、XML、KML","中文","非營利幼兒園名錄。"
"FE53260E-C279-44EB-A1EC-4F17A1DB8753","公立幼兒園名錄","https://data.ntpc.gov.tw/datasets/fe53260e-c279-44eb-a1ec-4f17a1db8753","新北市政府教育局/幼兒教育科","每年","教育","求學及進修","JSON、CSV、XML","中文","公立幼兒園名錄。"
"6BE524A8-EF72-4CD7-82DE-E75C9F46821D","新北市立圖書館地址電話一覽表","https://data.ntpc.gov.tw/datasets/6be524a8-ef72-4cd7-82de-e75c9f46821d","新北市政府文化局/新北市立圖書館/綜合規劃組","不更新","文化","求學及進修","JSON、CSV、XML","中文","新北市各圖書館名稱、地址及電話資料"
"DB1BA498-3246-4AF5-ADA3-84FE4EC6A8DD","新北市政府警察局暨所屬各機關(含內、外勤單位)聯絡一覽表","https://data.ntpc.gov.tw/datasets/db1ba498-3246-4af5-ada3-84fe4ec6a8dd","新北市政府警察局/資訊室","每年","資訊","公共資訊","JSON、CSV、XML","中文","新北市政府警察局暨所屬各機關(含內、外勤單位)聯絡一覽表。"
"85BFCAA8-9932-4D06-A2EC-731171191883","新北市醫院地址清單","https://data.ntpc.gov.tw/datasets/85bfcaa8-9932-4d06-a2ec-731171191883","新北市政府衛生局/醫事管理科/醫政管理股","每年","醫療","就醫","JSON、CSV、XML、KML","中文","新北市醫院地址清單。"
"807110B4-A711-45BF-9493-D46CD22118C8","新北市中醫一般科醫療機構","https://data.ntpc.gov.tw/datasets/807110b4-a711-45bf-9493-d46cd22118c8","新北市政府衛生局/醫事管理科/醫政管理股","不更新","醫療","就醫","JSON、CSV、XML、KML","中文","新北市中醫一般科醫療機構清單"
"14D20331-8190-4D1E-BA21-045A62A996A6","新北市齒顎矯正科醫療機構","https://data.ntpc.gov.tw/datasets/14d20331-8190-4d1e-ba21-045a62a996a6","新北市政府衛生局/醫事管理科/醫政管理股","不更新","醫療","就醫","JSON、CSV、XML、KML","中文","新北市齒顎矯正科醫療機構清單"
"019A876A-9D6B-47E3-A665-4B0F688B9E35","新北市政府財政局經管可提供短期出租市有非公用土地清冊","https://data.ntpc.gov.tw/datasets/019a876a-9d6b-47e3-a665-4b0f688b9e35","新北市政府財政局/秘書室","每年","財稅","公共資訊","JSON、CSV、XML","中文","新北市政府財政局經管可提供短期出租市有非公用土地清冊。"
"FDB96476-2291-49F5-B56F-1C8A3806CD3A","新北市政府110年度歲入預決算比較表","https://data.ntpc.gov.tw/datasets/fdb96476-2291-49f5-b56f-1c8a3806cd3a","新北市政府財政局/秘書室","不更新","財稅","公共資訊","JSON、CSV、XML","中文","新北市政府110年度歲入預決算比較"
"BF839041-91AE-4FB5-AC93-DEEF66FC66DB","新北市108年度預算數及執行數共同比（執行率）","https://data.ntpc.gov.tw/datasets/bf839041-91ae-4fb5-ac93-deef66fc66db","新北市政府財政局/秘書室","不更新","財稅","公共資訊","JSON、CSV、XML","中文","預算數及執行數共同比，其資料包含項目名稱、預算數、累計實徵數(單位：億元)、累計實收數(單位：億元)等統計資訊。"
"45D3D8FC-03CE-40EC-BA2F-977EDFBE8D8F","111年新北市政府查獲涉嫌違反菸酒管理法案件月報表","https://data.ntpc.gov.tw/datasets/45d3d8fc-03ce-40ec-ba2f-977edfbe8d8f","新北市政府財政局/秘書室","不更新","財稅","公共資訊","JSON、CSV、XML","中文","新北市政府查獲涉嫌違反菸酒管理法案件月報表(111年)"
"A2980638-6CD7-4607-953E-66AA2E9BDF83","新北市菸酒製造業者資料一覽表","https://data.ntpc.gov.tw/datasets/a2980638-6cd7-4607-953e-66aa2e9bdf83","新北市政府財政局/秘書室","每年","財稅","公共資訊","JSON、CSV、XML","中文","新北市菸酒製造業者資料一覽表114"
"EE196C99-91AF-4CCA-A4F0-BAEDFB9BF4C8","新北市 105年度預算數及執行數共同比（執行率）","https://data.ntpc.gov.tw/datasets/ee196c99-91af-4cca-a4f0-baedfb9bf4c8","新北市政府財政局/秘書室","不更新","財稅","公共資訊","JSON、CSV、XML","中文","新北市 105年度預算數及執行數共同比（執行率）。"
"3A363059-CF91-4696-B694-B2F15B312FE4","新北市政府已登記未變性酒精業者資料","https://data.ntpc.gov.tw/datasets/3a363059-cf91-4696-b694-b2f15b312fe4","新北市政府財政局/秘書室","不更新","財稅","公共資訊","JSON、CSV、XML","中文","新北市未變性酒精販賣業者登記資料一覽表"
"E3A7F590-11F5-4B74-AEB5-EFD248E25595","新北市內農漁會信用部本、分支機構數","https://data.ntpc.gov.tw/datasets/e3a7f590-11f5-4b74-aeb5-efd248e25595","新北市政府財政局/秘書室","每年","財稅","公共資訊","JSON、CSV、XML","中文","新北市內農漁會信用部本、分支機構數113"
"00C63E33-0C34-4964-855C-1E72823DC8F9","新北市110年度預算數及執行數共同比（執行率）","https://data.ntpc.gov.tw/datasets/00c63e33-0c34-4964-855c-1e72823dc8f9","新北市政府財政局/秘書室","不更新","財稅","公共資訊","JSON、CSV、XML","中文","預算數及執行數共同比，其資料包含項目名稱、預算數、累計實徵數(單位：億元)、累計實收數(單位：億元)等統計資訊。"
"8EE3FD44-9E70-44F7-BF1C-F4AAD6362F98","新北市104年度預算數及執行數共同比（執行率）","https://data.ntpc.gov.tw/datasets/8ee3fd44-9e70-44f7-bf1c-f4aad6362f98","新北市政府財政局/秘書室","不更新","財稅","公共資訊","JSON、CSV、XML","中文","新北市104年度預算數及執行數共同比（執行率）。"
"A8B1A519-9D40-4BD5-83E5-523B95A203CC","新北市106年度預算數及執行數共同比（執行率）","https://data.ntpc.gov.tw/datasets/a8b1a519-9d40-4bd5-83e5-523b95a203cc","新北市政府財政局/秘書室","不更新","財稅","公共資訊","JSON、CSV、XML","中文","新北市106年度預算數及執行數共同比（執行率）。"
"99B918D6-7063-4524-AC79-19AD6372B8FD","新北市103年度預算數及執行數共同比（執行率）","https://data.ntpc.gov.tw/datasets/99b918d6-7063-4524-ac79-19ad6372b8fd","新北市政府財政局/秘書室","不更新","財稅","公共資訊","JSON、CSV、XML","中文","新北市103年度預算數及執行數共同比（執行率）。"
"C7CA4AED-9429-4C72-800F-4E8D521576A0","新北市內信用合作社本、分支機構數","https://data.ntpc.gov.tw/datasets/c7ca4aed-9429-4c72-800f-4e8d521576a0","新北市政府財政局/秘書室","每年","財稅","公共資訊","JSON、CSV、XML","中文","新北市內信用合作社本、分支機構數113"
"BFA9A13B-6151-4954-8D45-BF12084C1B27","新北市政府財政局經管市有非公用閒置建物清冊","https://data.ntpc.gov.tw/datasets/bfa9a13b-6151-4954-8d45-bf12084c1b27","新北市政府財政局/秘書室","每年","財稅","公共資訊","JSON、CSV、XML","中文","新北市政府財政局經管市有非公用閒置建物清冊。"
"112B8ADB-21EB-4D4C-9D1D-BB151BF75353","新北市政府財政局經管市有非公用閒置土地清冊","https://data.ntpc.gov.tw/datasets/112b8adb-21eb-4d4c-9d1d-bb151bf75353","新北市政府財政局/秘書室","每年","財稅","公共資訊","JSON、CSV、XML","中文","新北市政府財政局經管市有非公用閒置土地清冊。"
"5A28FC44-DCA3-4ABF-ADB1-DDA8B2BBE437","新北市政府109年度歲入預決算比較表","https://data.ntpc.gov.tw/datasets/5a28fc44-dca3-4abf-adb1-dda8b2bbe437","新北市政府財政局/秘書室","不更新","財稅","公共資訊","JSON、CSV、XML","中文","新北市政府109年度歲入預決算比較表11010"
"5104150E-069B-413F-ACFD-5594DA4BC2FB","新北市109年度預算數及執行數共同比（執行率）","https://data.ntpc.gov.tw/datasets/5104150e-069b-413f-acfd-5594da4bc2fb","新北市政府財政局/秘書室","不更新","財稅","公共資訊","JSON、CSV、XML","中文","新北市109年度預算數及執行數共同比（執行率）。"
"68C53B81-FDAB-46D6-B1A6-3CCC1A340B98","112年新北市政府查獲涉嫌違反菸酒管理法案件月報表","https://data.ntpc.gov.tw/datasets/68c53b81-fdab-46d6-b1a6-3ccc1a340b98","新北市政府財政局/秘書室","不更新","財稅","公共資訊","JSON、CSV、XML","中文","新北市政府查獲涉嫌違反菸酒管理法案件月報表"
"6D9185CD-6192-49DA-91DF-807631000650","新北市政府112及111年度歲入實收數比較表","https://data.ntpc.gov.tw/datasets/6d9185cd-6192-49da-91df-807631000650","新北市政府財政局/秘書室","不更新","財稅","公共資訊","JSON、CSV、XML","中文","新北市政府112及111年度歲入實收數比較表112"
"9538501B-B4A6-4658-9613-B0F59EA6551E","新北市藥品連鎖販賣藥商名冊","https://data.ntpc.gov.tw/datasets/9538501b-b4a6-4658-9613-b0f59ea6551e","新北市政府衛生局/衛生企劃科/綜合規劃股","每年","醫療","生育保健","JSON、CSV、XML、KML","中文","新北市藥品連鎖販賣藥商名冊。"
"9FE74827-E89B-4560-A77D-98F4BC67DE1A","新北市臨床病理科醫療機構","https://data.ntpc.gov.tw/datasets/9fe74827-e89b-4560-a77d-98f4bc67de1a","新北市政府衛生局/醫事管理科/醫政管理股","不更新","醫療","就醫","JSON、CSV、XML、KML","中文","新北市臨床病理科醫療機構清單"
"3CF8C04A-9726-4CDD-A5B4-5286DF536921","新北市醫療器材連鎖販賣藥商名冊","https://data.ntpc.gov.tw/datasets/3cf8c04a-9726-4cdd-a5b4-5286df536921","新北市政府衛生局/衛生企劃科/綜合規劃股","不更新","醫療","就醫","JSON、CSV、XML、KML","中文","提供新北市醫療器材連鎖販賣藥商名冊"
"FC3500D1-8514-452B-8C8B-B5A5EBB3EF74","新北市醫療補助計畫合約醫療院所名單","https://data.ntpc.gov.tw/datasets/fc3500d1-8514-452b-8c8b-b5a5ebb3ef74","新北市政府衛生局/醫事管理科/醫療品質股","每年","醫療","就醫","JSON、CSV、XML、KML","中文","新北市醫療補助計畫合約醫療院所名單。"
"40504AC9-5FBF-4C6F-B82B-176F3529B695","新北市結核菌素測驗服務單位","https://data.ntpc.gov.tw/datasets/40504ac9-5fbf-4c6f-b82b-176f3529b695","新北市政府衛生局/疾病管制科/結核病、外勞及職業衛生股","每年","醫療","就醫","JSON、CSV、XML、KML","中文","新北市政府衛生局提供之新北市結核菌素測驗服務單位"
"C5366D53-1115-436D-96E3-8C5F7D3AF902","新北市職業醫學學科醫療機構","https://data.ntpc.gov.tw/datasets/c5366d53-1115-436d-96e3-8c5f7d3af902","新北市政府衛生局/醫事管理科/醫政管理股","每年","醫療","就醫","JSON、CSV、XML、KML","中文","新北市職業醫學學科醫療機構清單"
"570097E6-75B4-41BC-B22A-38CE594DBA33","新北市職能治療復健機構","https://data.ntpc.gov.tw/datasets/570097e6-75b4-41bc-b22a-38ce594dba33","新北市政府衛生局/醫事管理科/醫政管理股","不更新","醫療","就醫","JSON、CSV、XML、KML","中文","新北市職能治療復健機構清冊"
"5E68807F-9CF7-42D1-A687-106C5914A5BB","新北市整形外科醫療機構","https://data.ntpc.gov.tw/datasets/5e68807f-9cf7-42d1-a687-106c5914a5bb","新北市政府衛生局/醫事管理科/醫政管理股","不更新","醫療","就醫","JSON、CSV、XML、KML","中文","新北市整形外科醫療機構清單
"
"40248D04-9C94-40DE-8D27-84C899BC415E","新北市語言治療復健機構","https://data.ntpc.gov.tw/datasets/40248d04-9c94-40de-8d27-84c899bc415e","新北市政府衛生局/醫事管理科/醫政管理股","不更新","醫療","就醫","JSON、CSV、XML、KML","中文","新北市語言治療復健機構清冊
"
"2B076FBD-766D-4108-8266-8399C3EA92B8","新北市解剖病理科醫療機構","https://data.ntpc.gov.tw/datasets/2b076fbd-766d-4108-8266-8399c3ea92b8","新北市政府衛生局/醫事管理科/醫政管理股","不更新","醫療","就醫","JSON、CSV、XML、KML","中文","新北市解剖病理科醫療機構清單
"
"26095B7A-1E2D-46F6-A1C6-146FD302E003","新北市復健科醫療機構","https://data.ntpc.gov.tw/datasets/26095b7a-1e2d-46f6-a1c6-146fd302e003","新北市政府衛生局/醫事管理科/醫政管理股","每年","醫療","就醫","JSON、CSV、XML、KML","中文","新北市復健科醫療機構清單"
"016D9BEC-CB7E-4D2D-8E06-5027B3510426","新北市麻醉科醫療機構","https://data.ntpc.gov.tw/datasets/016d9bec-cb7e-4d2d-8e06-5027b3510426","新北市政府衛生局/醫事管理科/醫政管理股","每年","醫療","就醫","JSON、CSV、XML、KML","中文","新北市麻醉科醫療機構清單
"
"44FC194A-9964-4F5A-AC0D-DE7CF49660CE","新北市耳鼻喉科醫療機構","https://data.ntpc.gov.tw/datasets/44fc194a-9964-4f5a-ac0d-de7cf49660ce","新北市政府衛生局/醫事管理科/醫政管理股","不更新","醫療","就醫","JSON、CSV、XML、KML","中文","新北市耳鼻喉科醫療機構清單
"
"1C770555-C917-4D96-9E6E-9601C496B8ED","新北市骨科醫療機構","https://data.ntpc.gov.tw/datasets/1c770555-c917-4d96-9e6e-9601c496b8ed","新北市政府衛生局/醫事管理科/醫政管理股","不更新","醫療","就醫","JSON、CSV、XML、KML","中文","新北市骨科醫療機構清單
"
"9E0CFB4A-D272-4D5A-A481-C86ED1A62021","新北市神經科醫療機構","https://data.ntpc.gov.tw/datasets/9e0cfb4a-d272-4d5a-a481-c86ed1a62021","新北市政府衛生局/醫事管理科/醫政管理股","每年","醫療","就醫","JSON、CSV、XML、KML","中文","新北市神經科醫療機構清單
"
"AC00C222-56C1-4359-B010-CC97D0E48F2D","新北市神經外科醫療機構","https://data.ntpc.gov.tw/datasets/ac00c222-56c1-4359-b010-cc97d0e48f2d","新北市政府衛生局/醫事管理科/醫政管理股","不更新","醫療","就醫","JSON、CSV、XML、KML","中文","新北市神經外科醫療機構清單"
"D9D81FAC-935A-4C75-AEF6-41AFB668502A","新北市核子醫學科醫療機構","https://data.ntpc.gov.tw/datasets/d9d81fac-935a-4c75-aef6-41afb668502a","新北市政府衛生局/醫事管理科/醫政管理股","每年","醫療","就醫","JSON、CSV、XML、KML","中文","新北市核子醫學科醫療機構清單
"
"9E1C1ABA-4E0B-4D5A-8755-EFA1F09ABE65","新北市家庭醫學科醫療機構","https://data.ntpc.gov.tw/datasets/9e1c1aba-4e0b-4d5a-8755-efa1f09abe65","新北市政府衛生局/醫事管理科/醫政管理股","不更新","醫療","就醫","JSON、CSV、XML、KML","中文","新北市家庭醫學科醫療機構清單"
"7E4A9359-61DD-4A3C-9EBC-8E2B0B380A13","新北市急診學學科醫療機構","https://data.ntpc.gov.tw/datasets/7e4a9359-61dd-4a3c-9ebc-8e2b0b380a13","新北市政府衛生局/醫事管理科/醫政管理股","每年","醫療","就醫","JSON、CSV、XML、KML","中文","新北市急診學學科醫療機構清單"
"1A03A6ED-9CA2-4D8E-A2BE-84C70C659349","新北市門診戒菸合約醫療院所","https://data.ntpc.gov.tw/datasets/1a03a6ed-9ca2-4d8e-a2be-84c70c659349","新北市政府衛生局/健康管理科/健康促進股","每年","醫療","就醫","JSON、CSV、XML、KML","中文","新北市門診戒菸合約醫療院所名冊"
"D2F1A1FC-0DDE-4717-9A53-E0819E9E2D7C","新北市物理治療復健機構","https://data.ntpc.gov.tw/datasets/d2f1a1fc-0dde-4717-9a53-e0819e9e2d7c","新北市政府衛生局/醫事管理科/醫政管理股","不更新","醫療","就醫","JSON、CSV、XML、KML","中文","新北市物理治療復健機構清冊"
"9E36F533-38E9-49FE-99FE-B711CFCBE4C5","新北市泌尿科醫療機構","https://data.ntpc.gov.tw/datasets/9e36f533-38e9-49fe-99fe-b711cfcbe4c5","新北市政府衛生局/醫事管理科/醫政管理股","不更新","醫療","就醫","JSON、CSV、XML、KML","中文","新北市泌尿科醫療機構清單
"
"5210F67B-7EE8-4238-AD2F-351CC48BDD16","新北市放射腫瘤科醫療機構","https://data.ntpc.gov.tw/datasets/5210f67b-7ee8-4238-ad2f-351cc48bdd16","新北市政府衛生局/醫事管理科/醫政管理股","每年","醫療","就醫","JSON、CSV、XML、KML","中文","新北市放射腫瘤科醫療機構清單
"
"8219A83F-73B1-4B66-8DDD-662D8329386A","新北市放射診斷科醫療機構","https://data.ntpc.gov.tw/datasets/8219a83f-73b1-4b66-8ddd-662d8329386a","新北市政府衛生局/醫事管理科/醫政管理股","不更新","醫療","就醫","JSON、CSV、XML、KML","中文","新北市放射診斷科醫療機構清單
"
"D041976E-DE7A-473A-8667-DAA9833D777A","新北市兒科醫療機構","https://data.ntpc.gov.tw/datasets/d041976e-de7a-473a-8667-daa9833d777a","新北市政府衛生局/醫事管理科/醫政管理股","每年","醫療","就醫","JSON、CSV、XML、KML","中文","新北市兒科醫療機構清單
"
"ED1FFABB-6561-444D-82EC-0FB80AA82F2B","新北市依法應設置哺集乳室清冊","https://data.ntpc.gov.tw/datasets/ed1ffabb-6561-444d-82ec-0fb80aa82f2b","新北市政府衛生局/健康管理科/健康管理科婦幼衛生股","每年","醫療","生育保健","JSON、CSV、XML、KML","中文","新北市依法應設置哺集乳室清冊。"
"425E3FCD-F467-4CAC-B212-ACD0BB604BD2","新北市戒菸治療合約牙醫診所","https://data.ntpc.gov.tw/datasets/425e3fcd-f467-4cac-b212-acd0bb604bd2","新北市政府衛生局/健康管理科/健康促進股","每年","醫療","就醫","JSON、CSV、XML、KML","中文","新北市戒菸治療合約牙醫診所清冊"
"B2CACA1B-6381-430B-A6E1-D6018866A8F9","新北市西藥連鎖販賣商名冊","https://data.ntpc.gov.tw/datasets/b2caca1b-6381-430b-a6e1-d6018866a8f9","新北市政府衛生局/衛生企劃科/綜合規劃股","每年","醫療","就醫","JSON、CSV、XML、KML","中文","提供新北市西藥連鎖販賣商名冊"
"EC49095F-7383-4008-BA4F-3208068CEAA8","新北市西醫一般科醫療機構","https://data.ntpc.gov.tw/datasets/ec49095f-7383-4008-ba4f-3208068ceaa8","新北市政府衛生局/醫事管理科/醫政管理股","不更新","醫療","就醫","JSON、CSV、XML、KML","中文","新北市西醫一般科醫療機構清單
"
"6311E0C1-CD37-487F-95B9-83616DCCAA02","新北市戶外無菸休憩空間","https://data.ntpc.gov.tw/datasets/6311e0c1-cd37-487f-95b9-83616dccaa02","新北市政府衛生局/健康管理科/健康促進股","每年","醫療","休閒旅遊","JSON、CSV、XML","中文","此為本市依菸害防制法指定公告禁止吸菸之場所，癮君子若在上述禁菸區域內吸菸被查獲，將被處罰鍰2千元至1萬元。"
"407C317B-3253-45CC-8755-89C1480E5A55","新北市皮膚科醫療機構","https://data.ntpc.gov.tw/datasets/407c317b-3253-45cc-8755-89c1480e5a55","新北市政府衛生局/醫事管理科/醫政管理股","不更新","醫療","就醫","JSON、CSV、XML、KML","中文","新北市皮膚科醫療機構清單
"
"E922E439-A892-4BD3-B756-5A9AFB3812B6","新北市外科醫療機構","https://data.ntpc.gov.tw/datasets/e922e439-a892-4bd3-b756-5a9afb3812b6","新北市政府衛生局/醫事管理科/醫政管理股","不更新","醫療","就醫","JSON、CSV、XML、KML","中文","新北市外科醫療機構清單
"
"248E3ECC-975F-494F-8FDB-1D1A177B8C72","新北市牙醫一般科醫療機構","https://data.ntpc.gov.tw/datasets/248e3ecc-975f-494f-8fdb-1d1a177b8c72","新北市政府衛生局/醫事管理科/醫政管理股","不更新","醫療","就醫","JSON、CSV、XML、KML","中文","新北市牙醫一般科醫療機構清單"
"71220947-8655-4E48-9A57-CA20D0452306","新北市中藥材販賣藥商名冊","https://data.ntpc.gov.tw/datasets/71220947-8655-4e48-9a57-ca20d0452306","新北市政府衛生局/衛生企劃科/綜合規劃股","每年","醫療","就醫","JSON、CSV、XML、KML","中文","提供新北市中藥材販賣藥商名冊"
"E8244D31-E0E5-459D-87BA-3C188706FBEE","新北市內科醫療機構","https://data.ntpc.gov.tw/datasets/e8244d31-e0e5-459d-87ba-3c188706fbee","新北市政府衛生局/醫事管理科/醫政管理股","不更新","醫療","就醫","JSON、CSV、XML、KML","中文","新北市內科醫療機構清單
"
"991A7992-C629-4B70-8463-B1EBD7B5BA7F","新北市113年度徵起之國稅、縣市稅分成數額表","https://data.ntpc.gov.tw/datasets/991a7992-c629-4b70-8463-b1ebd7b5ba7f","新北市政府財政局/秘書室","不更新","財稅","公共資訊","JSON、CSV、XML","中文","113新北市113年度徵起之國稅、縣市稅分成數額表"
"7D25104A-5417-41FC-A9A4-C7016CACC214","113年新北市政府查獲涉嫌違反菸酒管理法案件月報表","https://data.ntpc.gov.tw/datasets/7d25104a-5417-41fc-a9a4-c7016cacc214","新北市政府財政局/秘書室","不更新","財稅","公共資訊","JSON、CSV、XML","中文","新北市政府查獲涉嫌違反菸酒管理法案件月報表"
"D16082C7-0BA8-452B-9BA3-7B645C82431C","新北市政府稅捐稽徵處服務通訊","https://data.ntpc.gov.tw/datasets/d16082c7-0ba8-452b-9ba3-7b645c82431c","新北市政府財政局/新北市政府稅捐稽徵處/企劃服務科/企劃服務科第二股","每年","財稅","公共資訊","JSON、CSV、XML","中文","新北市政府稅捐稽徵處總分處服務通訊"
"61773B48-3C0C-401C-88AE-285B1153C24A","新北市政府110及109年度歲入實收數比較表","https://data.ntpc.gov.tw/datasets/61773b48-3c0c-401c-88ae-285b1153c24a","新北市政府財政局/秘書室","不更新","財稅","公共資訊","JSON、CSV、XML","中文","新北市政府110及109年度歲入實收數比較"
"1EEEC6A8-8FD3-43F4-84A1-A89F38D4A4CD","110年新北市政府查獲涉嫌違反菸酒管理法案件月報表","https://data.ntpc.gov.tw/datasets/1eeec6a8-8fd3-43f4-84a1-a89f38d4a4cd","新北市政府財政局/秘書室","不更新","財稅","公共資訊","JSON、CSV、XML","中文","110年新北市政府查獲涉嫌違反菸酒管理法案件月報表。"
"BA1AA29F-9D10-4316-9824-BDA7DD4494CF","新北市政府103及102年度歲入實收數比較表","https://data.ntpc.gov.tw/datasets/ba1aa29f-9d10-4316-9824-bda7dd4494cf","新北市政府財政局/秘書室","不更新","財稅","公共資訊","JSON、CSV、XML","中文","新北市政府103及102年度歲入實收數比較表。"
"4EC84E4B-0979-46C1-AC96-88907C106F06","新北市政府113及112年度歲入實收數比較表","https://data.ntpc.gov.tw/datasets/4ec84e4b-0979-46c1-ac96-88907c106f06","新北市政府財政局/秘書室","不更新","財稅","公共資訊","JSON、CSV、XML","中文","113新北市政府113及112年度歲入實收數比較表"
"33FD4E99-6F9F-4DE9-B752-E4DBF102E060","新北市口腔病理科醫療機構","https://data.ntpc.gov.tw/datasets/33fd4e99-6f9f-4de9-b752-e4dbf102e060","新北市政府衛生局/醫事管理科/醫政管理股","每年","醫療","就醫","JSON、CSV、XML、KML","中文","新北市口腔病理科醫療機構清單
"
"6556714E-4EB1-4645-A6DE-7F2402527A91","新北市精神醫療資源","https://data.ntpc.gov.tw/datasets/6556714e-4eb1-4645-a6de-7f2402527a91","新北市政府衛生局/心理衛生科/心理精神股","每年","醫療","就醫","JSON、CSV、XML、KML","中文","提供民眾查詢新北市精神醫療資源現況"
"CDECC9D7-37F1-4150-87B2-903890D933D8","新北市偏遠地區巡迴醫療服務承作醫療院所之巡迴地點及時段一覽表","https://data.ntpc.gov.tw/datasets/cdecc9d7-37f1-4150-87b2-903890d933d8","新北市政府衛生局/醫事管理科/醫療品質股","每年","醫療","就醫","JSON、CSV、XML、KML","中文","新北市偏遠地區巡迴醫療服務承作醫療院所之巡迴地點及時段彙整表"
"88C57F8A-31DF-4DAC-A81A-B8B22B8744B6","新北市旅遊服務中心資訊","https://data.ntpc.gov.tw/datasets/88c57f8a-31df-4dac-a81a-b8b22b8744b6","新北市政府觀光旅遊局/觀光企劃科","每年","觀光","休閒旅遊","JSON、CSV、XML","中文","新北市旅遊服務中心資訊，其資料包含名稱、電話、(郵遞區號)地址及營運時間。"
"9D8A7A93-C1C4-4609-84CC-C744C4744C66","新北市旅遊摺頁文宣資料","https://data.ntpc.gov.tw/datasets/9d8a7a93-c1c4-4609-84cc-c744c4744c66","新北市政府觀光旅遊局/觀光企劃科","不更新","觀光","休閒旅遊","JSON、CSV、XML","中文","新北市旅遊摺頁文宣資料，其資料包含摺頁名稱及語言版本。"
"1E604AD9-03F6-495A-B18E-2F4D6299E8E1","絕育補助簽約動物醫院","https://data.ntpc.gov.tw/datasets/1e604ad9-03f6-495a-b18e-2f4d6299e8e1","新北市政府農業局/新北市政府動物保護防疫處/秘書室","不更新","農業","公共資訊","JSON、CSV、XML、KML","中文","與新北市政府動物保護防疫處合作之絕育補助簽約動物醫院"
"FD89A2DE-5124-45BC-865E-991E9E683ADB","新北市動保處愛心認養小棧合作店家","https://data.ntpc.gov.tw/datasets/fd89a2de-5124-45bc-865e-991e9e683adb","新北市政府農業局/新北市政府動物保護防疫處/秘書室","每年","農業","公共資訊","JSON、CSV、XML、KML","中文","與新北市政府動物保護防疫處合作之認養小棧愛心店家"
"FC7629C2-8166-4396-9B96-9F05E929063E","狂犬病預防注射簽約動物醫院","https://data.ntpc.gov.tw/datasets/fc7629c2-8166-4396-9b96-9f05e929063e","新北市政府農業局/新北市政府動物保護防疫處/秘書室","每年","農業","公共資訊","JSON、CSV、XML、KML","中文","106年度與本市合作之狂犬病預防注射簽約動物醫院"
"5FE3A136-29CC-4695-A17E-6636A32C3342","新北市公園","https://data.ntpc.gov.tw/datasets/5fe3a136-29cc-4695-a17e-6636a32c3342","新北市政府農業局/新北市政府綠美化環境景觀處/秘書室","每年","農業","公共資訊","JSON、CSV、XML","中文","新北市公園基本資料包含:名稱、所在區、地址、管理單位及聯絡電話"
"A47B083F-7E87-4B14-88DF-71B8042F4959","新北市街友外展服務中心","https://data.ntpc.gov.tw/datasets/a47b083f-7e87-4b14-88df-71b8042f4959","新北市政府社會局/社會救助科","每年","社福","公共資訊","JSON、CSV、XML、KML","中文","新北市街友服務"
"B4D3C3C6-53D8-4E4F-8AE5-6235628E38A6","新北市低收入戶老人機構安置補助暨老人保護安置合約機構名冊","https://data.ntpc.gov.tw/datasets/b4d3c3c6-53d8-4e4f-8ae5-6235628e38a6","新北市政府社會局/老人福利科","每年","社福","老年安養","JSON、CSV、XML、KML","中文","新北市政府社會局提供的新北市低收入戶老人機構安置補助暨老人保護安置合約機構名冊"
"4C9CC06E-D84F-4252-8A3E-08E81850AF25","新北市弱勢家庭兒童及少年社區照顧服務名冊","https://data.ntpc.gov.tw/datasets/4c9cc06e-d84f-4252-8a3e-08e81850af25","新北市政府社會局/兒童少年福利科","每年","社福","出生及收養","JSON、CSV、XML、KML","中文","新北市政府社會局提供的新北市弱勢家庭兒童及少年社區照顧服務名冊。"
"E49BCBA9-47D0-436D-90CD-1F4EF12EC5C6","新北市避難收容處所優先排序自主檢核表","https://data.ntpc.gov.tw/datasets/e49bcba9-47d0-436d-90cd-1f4ef12ec5c6","新北市政府社會局/社會救助科","每年","社福","公共資訊","JSON、CSV、XML","中文","建立各里防災避難地圖"
"8F6EF217-935A-44AA-BDA2-4E127420F025","新北市老人福利機構","https://data.ntpc.gov.tw/datasets/8f6ef217-935a-44aa-bda2-4e127420f025","新北市政府社會局/老人福利科","每年","社福","老年安養","JSON、CSV、XML","中文","新北市政府社會局提供的新北市老人福利機構名冊。"
"57CB588D-89D6-4D37-BF2D-75559B0F6A3B","新北市身心障礙者日間作業設施服務單位名冊","https://data.ntpc.gov.tw/datasets/57cb588d-89d6-4d37-bf2d-75559b0f6a3b","新北市政府社會局/身心障礙福利科","每年","社福","公共資訊","JSON、CSV、XML、KML","中文","新北市政府社會局提供的新北市身心障礙者日間作業設施服務單位名冊。"
"D424AE39-EDEA-4AA6-92C3-E8E69938704D","新北市社區發展協會","https://data.ntpc.gov.tw/datasets/d424ae39-edea-4aa6-92c3-e8e69938704d","新北市政府社會局/社區發展及婦女福利科","每年","社福","公共資訊","JSON、CSV、XML、KML","中文","新北市政府社會局提供的新北市社區發展協會名冊，主要欄位包含區別、名稱、理事長、性別、電話、傳真電話、會址"
"0EA6776A-E2C1-472A-B5AC-A35970AE819D","新北市民間志願服務運用單位已備案名冊","https://data.ntpc.gov.tw/datasets/0ea6776a-e2c1-472a-b5ac-a35970ae819d","新北市政府社會局/社區發展及婦女福利科","每年","社福","公共資訊","JSON、CSV、XML、KML","中文","新北市政府社會局提供的新北市民間志願服務運用單位已備案名冊。"
"08073AD6-AB64-4ED6-A771-E29E724D5D55","新北市績優社區發展協會名冊","https://data.ntpc.gov.tw/datasets/08073ad6-ab64-4ed6-a771-e29e724d5d55","新北市政府社會局/社區發展及婦女福利科","每年","社福","公共資訊","JSON、CSV、XML","中文","新北市政府社會局提供的新北市績優社區發展協會名冊。"
"CFC42867-F272-46D2-9FDE-C10EE5FEB2C3","新北市政府社會局委託辦理居家托育服務中心名冊","https://data.ntpc.gov.tw/datasets/cfc42867-f272-46d2-9fde-c10ee5feb2c3","新北市政府社會局/兒童托育科","每年","社福","出生及收養","JSON、CSV、XML、KML","中文","新北市政府社會局委託辦理居家托育服務中心名冊。"
"A36F8DDD-94D3-47D3-8B0F-DB1C3A5A85E8","新北市第3胎(含)以上之幼兒掛號費減免之優惠措施合作醫療院所","https://data.ntpc.gov.tw/datasets/a36f8ddd-94d3-47d3-8b0f-db1c3a5a85e8","新北市政府衛生局/醫事管理科/醫療品質股","每年","醫療","就醫","JSON、CSV、XML、KML","中文","新北市第3胎(含)以上之幼兒掛號費減免之優惠措施合作醫療院所名單"
"3FD9CB47-E7EA-4893-A5CC-BB87669510CD","新北市第3胎(含)以上之幼兒掛號費減免之優惠措施","https://data.ntpc.gov.tw/datasets/3fd9cb47-e7ea-4893-a5cc-bb87669510cd","新北市政府衛生局/醫事管理科/醫療品質股","每年","醫療","就醫","JSON、CSV、XML","中文","新北市第3胎(含)以上之幼兒掛號費減免之優惠措施說明"
"48A4DA9C-3A1B-4247-AFDE-47ABB1ED6A4D","新北市眼科醫療機構","https://data.ntpc.gov.tw/datasets/48a4da9c-3a1b-4247-afde-47abb1ed6a4d","新北市政府衛生局/醫事管理科/醫政管理股","每年","醫療","就醫","JSON、CSV、XML、KML","中文","新北市眼科醫療機構清單
"
"07395049-33FC-4540-BAAC-942A5647AB93","新北市營建工程空污費收費櫃檯","https://data.ntpc.gov.tw/datasets/07395049-33fc-4540-baac-942a5647ab93","新北市政府環境保護局/空氣品質維護科/固定源管制股","不更新","環保","生活安全及品質","JSON、CSV、XML","中文","新北市營建工程空污費收費櫃檯基本資料"
"A381E1F4-86D0-4575-ADB4-8D9B6A75E3C4","新北市黃金資收站資訊","https://data.ntpc.gov.tw/datasets/a381e1f4-86d0-4575-adb4-8d9b6a75e3c4","新北市政府環境保護局/循環資源科/資收二股","不更新","環保","投資理財","JSON、CSV、XML、KML","中文","為提昇資源回收量、降低垃圾量、落實垃圾變黃金之理念、並鼓舞社區活力、推廣環境教育及改善環境衛生，新北市政府環境保護局從100年8月底啟動「黃金資收站」政策，本政策鼓勵里長設置資收站，里民將資收物帶至資收站，即可秤重、累積點數並換取新北市專用垃圾袋等兌換品；此網頁提供新北市黃金資收站設置資訊。"
"77AE6D31-3A9C-49EC-9299-BCD4E19571EF","新北市婦產科醫療機構","https://data.ntpc.gov.tw/datasets/77ae6d31-3a9c-49ec-9299-bcd4e19571ef","新北市政府衛生局/醫事管理科/醫政管理股","不更新","醫療","就醫","JSON、CSV、XML、KML","中文","新北市婦產科醫療機構清單
"
"13006A96-AC78-48AB-9160-15E924DF7E82","新北市都市及區域發展指標","https://data.ntpc.gov.tw/datasets/13006a96-ac78-48ab-9160-15e924df7e82","新北市政府城鄉發展局/綜合規劃科","每年","城鄉","公共資訊","JSON、CSV、XML","中文","提供新北市都市及區域發展指標"
"FDFDC704-CA66-4735-99FE-3DFB1F79EFB7","新北市八里垃圾焚化廠營運管理","https://data.ntpc.gov.tw/datasets/fdfdc704-ca66-4735-99fe-3dfb1f79efb7","新北市政府環境保護局/八里垃圾焚化廠","每年","環保","生活安全及品質","JSON、CSV、XML","中文","新北市八里垃圾焚化廠營運管理資訊，包括廢棄物進廠量、焚化處理量、灰渣產生量、發/售/用電量、運轉操作情形等。"
"0EF37FBC-9CEC-4D07-852F-78A9022EF707","新北市民眾繳納違反環保法令行政罰鍰之方式及其他相關注意事項","https://data.ntpc.gov.tw/datasets/0ef37fbc-9cec-4d07-852f-78a9022ef707","新北市政府環境保護局/環保稽查科/稽查二股","每年","環保","生活安全及品質","JSON、CSV、XML","中文","民眾繳納違反環保法令行政罰鍰之方式及其他相關注意事項"
"54B187E9-CC9B-488D-9F9D-7B3A74FAC615","新北市政府稅捐稽徵處網路申辦案件統計表","https://data.ntpc.gov.tw/datasets/54b187e9-cc9b-488d-9f9d-7b3a74fac615","新北市政府財政局/新北市政府稅捐稽徵處/企劃服務科/企劃服務科第二股","每年","財稅","公共資訊","JSON、CSV、XML","中文","新北市政府稅捐稽徵處網路申辦案件統計表。"
"A9881B54-BCE3-4F04-941D-900A52D21A01","新北市政府稅捐稽徵處常見問答集","https://data.ntpc.gov.tw/datasets/a9881b54-bce3-4f04-941d-900a52d21a01","新北市政府財政局/新北市政府稅捐稽徵處/企劃服務科/企劃服務科第二股","每年","財稅","公共資訊","JSON、CSV、XML","中文","地方稅七大稅目常見問答集"
"43944FC3-CC08-43A8-B665-1F844A8E0E92","新北市大陸地區人民法人團體或陸資公司取得(設定或移轉)不動產權利統計表","https://data.ntpc.gov.tw/datasets/43944fc3-cc08-43a8-b665-1f844a8e0e92","新北市政府地政局/地籍科","不更新","地政","購屋及遷徙","JSON、CSV、XML","中文","新北市大陸地區人民法人團體或陸資公司取得(設定或移轉)不動產權利，土地及建物筆棟數及面積統計"
"2F189E04-AA42-4D75-925E-CA7848C447A8","新北市110年土地徵收統計表","https://data.ntpc.gov.tw/datasets/2f189e04-aa42-4d75-925e-ca7848c447a8","新北市政府地政局/徵收科","不更新","地政","購屋及遷徙","JSON、CSV、XML","中文","新北市110年土地徵收筆數、面積及補償費統計資料"
"7B799A0C-D87F-45AB-BF0A-2A0818DDFA0E","新北市109年土地徵收統計表","https://data.ntpc.gov.tw/datasets/7b799a0c-d87f-45ab-bf0a-2a0818ddfa0e","新北市政府地政局/徵收科","不更新","地政","購屋及遷徙","JSON、CSV、XML","中文","新北市109年度土地徵收筆數、面積及補償費統計資料"
"4E6B42EA-7CF4-42CA-95E3-DC3DD2D7F49E","新北市108年土地徵收統計表","https://data.ntpc.gov.tw/datasets/4e6b42ea-7cf4-42ca-95e3-dc3dd2d7f49e","新北市政府地政局/徵收科","不更新","地政","購屋及遷徙","JSON、CSV、XML","中文","新北市108年度土地徵收筆數、面積及補償費統計資料"
"B3572D0E-7145-421F-A2B0-F42D16F074FA","新北市政府稅捐稽徵處全功能服務櫃檯服務統計表","https://data.ntpc.gov.tw/datasets/b3572d0e-7145-421f-a2b0-f42d16f074fa","新北市政府財政局/新北市政府稅捐稽徵處/企劃服務科/企劃服務科第二股","每年","財稅","公共資訊","JSON、CSV、XML","中文","提供新北市政府稅捐稽徵處全功能服務櫃檯服務統計表"
"50521FEE-598C-42FD-81F2-99DB49D380E2","大腸癌篩檢人數及醫療院所數","https://data.ntpc.gov.tw/datasets/50521fee-598c-42fd-81f2-99db49d380e2","新北市政府衛生局/健康管理科/健康維護股","每年","醫療","就醫","JSON、CSV、XML","中文","新北市大腸癌篩檢人數及醫療院所數"
"EFD60789-4A72-4A43-BD55-61F3C8953D30","113年度地政士開業及異動年報統計表","https://data.ntpc.gov.tw/datasets/efd60789-4a72-4a43-bd55-61f3c8953d30","新北市政府地政局/地籍科","不更新","地政","購屋及遷徙","JSON、CSV、XML","中文","113年度地政士開業及異動"
"E2CC2BF4-08B3-470D-ACD2-4C5BB86FE7FB","103年新北市公地撥用","https://data.ntpc.gov.tw/datasets/e2cc2bf4-08b3-470d-acd2-4c5bb86fe7fb","新北市政府地政局/徵收科","不更新","地政","購屋及遷徙","JSON、CSV、XML","中文","103年新北市公地撥用。"
"DA67805C-7560-4757-817E-C69E3F4DC625","新北市112年下半年新措施一覽表","https://data.ntpc.gov.tw/datasets/da67805c-7560-4757-817e-c69e3f4dc625","新北市政府研究發展考核委員會/為民服務組","不更新","研考","公共資訊","JSON、CSV、XML","中文","新北市112年下半年新措施一覽表(112年6月21日發布)"
"08E4E0E8-C32E-4EF7-A262-68AB9DEBDCE7","新北市婦女子宮頸抹片檢查醫事機構清冊","https://data.ntpc.gov.tw/datasets/08e4e0e8-c32e-4ef7-a262-68ab9debdce7","新北市政府衛生局/健康管理科/健康維護股","每年","醫療","就醫","JSON、CSV、XML、KML","中文","新北市子宮頸癌篩檢機構名單"
"7AD3D093-E0A7-4903-9119-3DB3CFB4D4C3","新北市106年下半年新措施一覽表","https://data.ntpc.gov.tw/datasets/7ad3d093-e0a7-4903-9119-3db3cfb4d4c3","新北市政府研究發展考核委員會/為民服務組","不更新","資訊","公共資訊","JSON、CSV、XML","中文","新北市106年下半年新措施一覽表(106年6月30日發布)"
"ADD0F92A-8483-4494-A560-A0B941D2F983","新北市113年上半年新措施一覽表","https://data.ntpc.gov.tw/datasets/add0f92a-8483-4494-a560-a0b941d2f983","新北市政府研究發展考核委員會/為民服務組","不更新","研考","公共資訊","JSON、CSV、XML","中文"," 新北市113年上半年新措施一覽表(112年12月21日發布)"
"0BCE1D9F-3795-45BC-9667-B90FEE1E8A08","新北市108年下半年新措施一覽表","https://data.ntpc.gov.tw/datasets/0bce1d9f-3795-45bc-9667-b90fee1e8a08","新北市政府研究發展考核委員會/為民服務組","不更新","研考","公共資訊","JSON、CSV、XML","中文","新北市108年下半年新措施一覽表(108年)"
"C660EC98-0FFB-497D-9A4B-91E906E48709","新北市108年上半年新措施一覽表","https://data.ntpc.gov.tw/datasets/c660ec98-0ffb-497d-9a4b-91e906e48709","新北市政府研究發展考核委員會/為民服務組","不更新","研考","公共資訊","JSON、CSV、XML","中文","新北市108年上半年新措施一覽表(107年12月31日發布)"
"556AC4AA-4A22-4179-BC37-C98F59BD5EB4","新北市107年下半年新措施一覽表","https://data.ntpc.gov.tw/datasets/556ac4aa-4a22-4179-bc37-c98f59bd5eb4","新北市政府研究發展考核委員會/為民服務組","不更新","資訊","公共資訊","JSON、CSV、XML","中文","新北市107年下半年新措施一覽表(107年6月28日發布)"
"86D9D60B-37F8-41F6-99AA-9909541DF44D"," 新北市113年下半年新措施一覽表","https://data.ntpc.gov.tw/datasets/86d9d60b-37f8-41f6-99aa-9909541df44d","新北市政府研究發展考核委員會/為民服務組","不更新","研考","公共資訊","JSON、CSV、XML","中文"," 新北市113年下半年新措施一覽表(113年6月26日發布)"
"AB776755-81FB-476D-8C04-DF5EBE4A5BB3","112年上半年1999話務中心客服人員滿意度指標","https://data.ntpc.gov.tw/datasets/ab776755-81fb-476d-8c04-df5ebe4a5bb3","新北市政府研究發展考核委員會/為民服務組","不更新","研考","公共資訊","JSON、CSV、XML","中文","1999話務中心客服人員滿意度指標(調查期間:112年1月1至112年6月30)"
"7670FB18-AAA1-44D0-838D-F511CD48AE30","110年上半年1999話務中心客服人員滿意度指標","https://data.ntpc.gov.tw/datasets/7670fb18-aaa1-44d0-838d-f511cd48ae30","新北市政府研究發展考核委員會/為民服務組","不更新","研考","公共資訊","JSON、CSV、XML","中文","1999話務中心客服人員滿意度指標(調查期間:110年1月1日至110年6月30日)"
"BEC2E946-D239-4852-AFDC-140487CE293F","109年下半年1999話務中心客服人員滿意度指標","https://data.ntpc.gov.tw/datasets/bec2e946-d239-4852-afdc-140487ce293f","新北市政府研究發展考核委員會/為民服務組","不更新","研考","公共資訊","JSON、CSV、XML","中文"," 1999話務中心客服人員滿意度指標(調查期間:109年7月1日至109年12月31日)"
"A1A04C6C-7336-4C7B-86C2-694DD6B654DD","108年下半年1999話務中心客服人員滿意度指標","https://data.ntpc.gov.tw/datasets/a1a04c6c-7336-4c7b-86c2-694dd6b654dd","新北市政府研究發展考核委員會/為民服務組","不更新","研考","公共資訊","JSON、CSV、XML","中文"," 1999話務中心客服人員滿意度指標(調查期間:108年7月1日至108年12月31日)"
"D9B83B3E-3B2A-4EB0-B12C-14D7D908B397"," 112年下半年1999話務中心客服人員滿意度指標","https://data.ntpc.gov.tw/datasets/d9b83b3e-3b2a-4eb0-b12c-14d7d908b397","新北市政府研究發展考核委員會/為民服務組","不更新","研考","公共資訊","JSON、CSV、XML","中文"," 1999話務中心客服人員滿意度指標(調查期間:112年6月1至112年12月31)"
"A6FCCA72-E14E-4447-8604-59552939CE14"," 110年下半年1999話務中心客服人員滿意度指標","https://data.ntpc.gov.tw/datasets/a6fcca72-e14e-4447-8604-59552939ce14","新北市政府研究發展考核委員會/為民服務組","不更新","研考","公共資訊","JSON、CSV、XML","中文"," 1999話務中心客服人員滿意度指標(調查期間:110年7月1日至110年12月31日)"
"6228758B-B3EB-45AC-841C-EAF49BEAB759"," 109年上半年1999話務中心客服人員滿意度指標","https://data.ntpc.gov.tw/datasets/6228758b-b3eb-45ac-841c-eaf49beab759","新北市政府研究發展考核委員會/為民服務組","不更新","研考","公共資訊","JSON、CSV、XML","中文","1999話務中心客服人員滿意度指標(調查期間:109年1月1日至109年6月30日)"
"6F80684A-8BFE-4A3D-9DF1-766B06EC3069"," 113年上半年1999話務中心客服人員滿意度指標","https://data.ntpc.gov.tw/datasets/6f80684a-8bfe-4a3d-9df1-766b06ec3069","新北市政府研究發展考核委員會/為民服務組","不更新","研考","公共資訊","JSON、CSV、XML","中文"," 1999話務中心客服人員滿意度指標(調查期間:113年1月1至113年6月30)"
"3F6B9CEE-7021-412E-A1F2-359811C615A8","108年上半年1999話務中心客服人員滿意度指標","https://data.ntpc.gov.tw/datasets/3f6b9cee-7021-412e-a1f2-359811c615a8","新北市政府研究發展考核委員會/為民服務組","不更新","研考","公共資訊","JSON、CSV、XML","中文"," 1999話務中心客服人員滿意度指標(調查期間:108年1月1日至108年6月30日)"
"D8369EB2-C4BA-4868-BFEB-1A50AF8214FB","107年下半年1999話務中心客服人員滿意度指標","https://data.ntpc.gov.tw/datasets/d8369eb2-c4ba-4868-bfeb-1a50af8214fb","新北市政府研究發展考核委員會/為民服務組","不更新","研考","公共資訊","JSON、CSV、XML","中文"," 1999話務中心客服人員滿意度指標(調查期間:107年7月1日至107年12月31日)"
"1D0677BB-38E7-4B13-BB87-4C742245D8C9","107年上半年1999話務中心客服人員滿意度指標","https://data.ntpc.gov.tw/datasets/1d0677bb-38e7-4b13-bb87-4c742245d8c9","新北市政府研究發展考核委員會/為民服務組","不更新","研考","公共資訊","JSON、CSV、XML","中文"," 1999話務中心客服人員滿意度指標(調查期間:107年1月1日至107年6月30日)"
"DAB4201C-9FB4-4563-BE8B-CAC990D28E03"," 新北市114年上半年新措施一覽表","https://data.ntpc.gov.tw/datasets/dab4201c-9fb4-4563-be8b-cac990d28e03","新北市政府研究發展考核委員會/為民服務組","不更新","研考","公共資訊","JSON、CSV、XML","中文"," 新北市114年上半年新措施一覽表(113年12月25日發布)"
"E83AAEC8-65E5-4BF4-9BD5-7238B2F92732"," 113年下半年1999話務中心客服人員滿意度指標","https://data.ntpc.gov.tw/datasets/e83aaec8-65e5-4bf4-9bd5-7238b2f92732","新北市政府研究發展考核委員會/為民服務組","不更新","研考","公共資訊","JSON、CSV、XML","中文","1999話務中心客服人員滿意度指標(調查期間:113年7月1至113年12月31)"
"B11E23A4-9AB5-4975-91C2-E9AEA480D7DA","新北市政府警察局及其所屬預算表","https://data.ntpc.gov.tw/datasets/b11e23a4-9ab5-4975-91c2-e9aea480d7da","新北市政府警察局/會計室","不更新","治安","公共資訊","JSON、CSV、XML","中文","新北市政府警察局及其所屬預算表。"
"6C6CC6B9-890B-41DF-AF72-072DA919454B","108年度新北市附屬單位預算特別收入基金現金流量綜計表(依現金流量項目分列)法定","https://data.ntpc.gov.tw/datasets/6c6cc6b9-890b-41df-af72-072da919454b","新北市政府主計處/基金預算科","不更新","財稅","公共資訊","JSON、CSV、XML","中文","單位：新臺幣千元
各項欄位說明詳參""新北市政府主計處網頁->附屬單位預算及綜計表->108年度附屬單位預算""( http://www.bas.ntpc.gov.tw/home.jsp?id=ce44096e0f12fec9)或電洽主計處查詢。"
"E1065530-3EBE-4E70-8C37-13EE8C07DD88","108年度新北市附屬單位預算資本計畫基金來源、用途及餘絀綜計表(法定)","https://data.ntpc.gov.tw/datasets/e1065530-3ebe-4e70-8c37-13ee8c07dd88","新北市政府主計處/基金預算科","不更新","財稅","公共資訊","JSON、CSV、XML","中文","單位：新臺幣千元
各項欄位說明詳參""新北市政府主計處網頁->附屬單位預算及綜計表->108年度附屬單位預算""(http://www.bas.ntpc.gov.tw/home.jsp?id=ce44096e0f12fec9)或電洽主計處查詢。"
"0F4ED7C3-E07E-442D-881E-7DF6E09675E5","106年度新北市附屬單位預算作業基金餘絀撥補綜計表(依基金別分列)(預算案)","https://data.ntpc.gov.tw/datasets/0f4ed7c3-e07e-442d-881e-7df6e09675e5","新北市政府主計處/基金預算科","不更新","財稅","公共資訊","JSON、CSV、XML","中文","1.106年度新北市附屬單位預算作業基金餘絀撥補綜計表(依基金別分列)(預算案)

2.單位：新臺幣千元

3.各項欄位說明詳參""新北市政府主計處網頁->附屬單位預算及綜計表->106年度附屬單位預算案""( http://www.bas.ntpc.gov.tw/download/?type_id=10626)或電洽主計處查詢。

4.作業基金之新北市實施平均地權基金、新北市停車場作業基金及新北市軌道建設發展基金尚未經市議會審議通過。"
"001D9FC2-578C-44D2-89CB-25EDB642C71A","106年度新北市附屬單位預算營業基金現金流量綜計表(依現流項目分列)(法定)","https://data.ntpc.gov.tw/datasets/001d9fc2-578c-44d2-89cb-25edb642c71a","新北市政府主計處/基金預算科","不更新","財稅","公共資訊","JSON、CSV、XML","中文","1.106年度新北市附屬單位預算營業基金現金流量綜計表(依現金流量項目分列)(法定)

2.單位：新臺幣千元

3.各項欄位說明詳參""新北市政府主計處網頁->附屬單位預算及綜計表->106年度附屬單位預算""(http://www.bas.ntpc.gov.tw/download/?type_id=10772)或電洽主計處查詢。
"
"44A2AAC6-5C80-453F-B23D-76320C19E37F","104年度新北市附屬單位預算營業基金盈虧撥補綜計表(依機關別分列)(法定)","https://data.ntpc.gov.tw/datasets/44a2aac6-5c80-453f-b23d-76320c19e37f","新北市政府主計處/基金預算科","不更新","財稅","公共資訊","JSON、CSV、XML","中文","1.104年度新北市附屬單位預算營業基金盈虧撥補綜計表(依機關別分列)(法定)

2.單位：新臺幣千元

3.各項欄位說明詳參""新北市政府主計處網頁->附屬單位預算及綜計表->104年度附屬單位法定預算""( http://www.bas.ntpc.gov.tw/download/?type_id=10421)或電洽主計處查詢。
"
"7C66ED1C-993D-4707-9395-C39E374C3822","109年度新北市附屬單位預算作業基金現金流量綜計表(依基金別分列)","https://data.ntpc.gov.tw/datasets/7c66ed1c-993d-4707-9395-c39e374c3822","新北市政府主計處/基金預算科","不更新","財稅","公共資訊","JSON、CSV、XML","中文","單位：新臺幣千元
各項欄位說明詳參""新北市政府主計處網頁->附屬單位預算及綜計表->109年度附屬單位預算""( http://www.bas.ntpc.gov.tw/home.jsp?id=ce44096e0f12fec9)或電洽主計處查詢。
"
"9C63D95F-425C-4AFC-9C4D-9697EDAD7135","107年度新北市附屬單位預算資本計畫基金現金流量綜計表(依基金別分列) (法定)","https://data.ntpc.gov.tw/datasets/9c63d95f-425c-4afc-9c4d-9697edad7135","新北市政府主計處/基金預算科","不更新","財稅","公共資訊","JSON、CSV、XML","中文","1.107年度新北市附屬單位預算資本計畫基金現金流量綜計表(依基金別分列)(法定)

2.單位：新臺幣千元

3.各項欄位說明詳參""新北市政府主計處網頁->附屬單位預算及綜計表->107年度附屬單位預算""(http://www.bas.ntpc.gov.tw/download/?type_id=10836)或電洽主計處查詢。"
"050CA18A-F0FA-493F-93AC-80C0541865FB","108年度新北市附屬單位預算作業基金現金流量綜計表(依現流項目分列)(預算案)","https://data.ntpc.gov.tw/datasets/050ca18a-f0fa-493f-93ac-80c0541865fb","新北市政府主計處/基金預算科","不更新","財稅","公共資訊","JSON、CSV、XML","中文","1.108年度新北市附屬單位預算作業基金現金流量綜計表(依現金流量項目分列)(預算案)

2.單位：新臺幣千元

3.各項欄位說明詳參""新北市政府主計處網頁->附屬單位預算及綜計表->108年度附屬單位預算案""(http://www.bas.ntpc.gov.tw/download/?mode=edit&type_id=10933)或電洽主計處查詢。"
"EE03FE42-A639-439B-8516-906570453759","104年度新北市附屬單位預算營業基金現金流量綜計表(依現金流量項目分列)(法定)","https://data.ntpc.gov.tw/datasets/ee03fe42-a639-439b-8516-906570453759","新北市政府主計處/基金預算科","不更新","財稅","公共資訊","JSON、CSV、XML","中文","1.104年度新北市附屬單位預算營業基金現金流量綜計表(依現金流量項目分列)(法定)

2.單位：新臺幣千元

3.各項欄位說明詳參""新北市政府主計處網頁->附屬單位預算及綜計表->104年度附屬單位法定預算""( http://www.bas.ntpc.gov.tw/download/?type_id=10421)或電洽主計處查詢。
"
"ABFFFCCD-5461-42D9-81C2-C83D008EB0DA","108年度新北市附屬單位預算營業基金固定資產建設改良擴充資金來源綜計表(法定)","https://data.ntpc.gov.tw/datasets/abfffccd-5461-42d9-81c2-c83d008eb0da","新北市政府主計處/基金預算科","不更新","財稅","公共資訊","JSON、CSV、XML","中文","單位：新臺幣千元
各項欄位說明詳參""新北市政府主計處網頁->附屬單位預算及綜計表->108年度附屬單位預算""( http://www.bas.ntpc.gov.tw/home.jsp?id=ce44096e0f12fec9)或電洽主計處查詢。"
"E8023626-A839-45A1-A061-0199ABC84DFF","107年度新北市附屬單位預算特別收入基金現金流量綜計表(依基金別分列) (法定)","https://data.ntpc.gov.tw/datasets/e8023626-a839-45a1-a061-0199abc84dff","新北市政府主計處/基金預算科","不更新","財稅","公共資訊","JSON、CSV、XML","中文","1.107年度新北市附屬單位預算特別收入基金現金流量綜計表(依基金別分列) (法定)

2.單位：新臺幣千元

3.各項欄位說明詳參""新北市政府主計處網頁->附屬單位預算及綜計表->107年度附屬單位預算""(http://www.bas.ntpc.gov.tw/download/?type_id=10836)或電洽主計處查詢。"
"33E6B125-F2E2-42A4-B68D-2058E4CBEA17","106年度新北市附屬單位預算營業基金固定資產建設改良擴充資金來源綜計表(法定)","https://data.ntpc.gov.tw/datasets/33e6b125-f2e2-42a4-b68d-2058e4cbea17","新北市政府主計處/基金預算科","不更新","財稅","公共資訊","JSON、CSV、XML","中文","1.106年度新北市附屬單位預算營業基金固定資產建設改良擴充資金來源綜計表(法定)

2.單位：新臺幣千元

3.各項欄位說明詳參""新北市政府主計處網頁->附屬單位預算及綜計表->106年度附屬單位預算""(http://www.bas.ntpc.gov.tw/download/?type_id=10772)或電洽主計處查詢。
"
"D1F2A36E-A88E-4EE6-AD7C-BEB007235653","108年度新北市附屬單位預算營業基金資本增減綜計表(預算案)","https://data.ntpc.gov.tw/datasets/d1f2a36e-a88e-4ee6-ad7c-beb007235653","新北市政府主計處/基金預算科","不更新","財稅","公共資訊","JSON、CSV、XML","中文","1.108年度新北市附屬單位預算營業基金資本增減綜計表(預算案)

2.單位：新臺幣千元

3.各項欄位說明詳參""新北市政府主計處網頁->附屬單位預算及綜計表->108年度附屬單位預算案""(http://www.bas.ntpc.gov.tw/download/?mode=edit&type_id=10933)或電洽主計處查詢。"
"94FBE4A0-1268-4F31-919B-7E7673FC5735","109年度新北市附屬單位預算特別收入基金來源、用途及餘絀綜計表","https://data.ntpc.gov.tw/datasets/94fbe4a0-1268-4f31-919b-7e7673fc5735","新北市政府主計處/基金預算科","不更新","財稅","公共資訊","JSON、CSV、XML","中文","單位：新臺幣千元
各項欄位說明詳參""新北市政府主計處網頁->附屬單位預算及綜計表->109年度附屬單位預算""( http://www.bas.ntpc.gov.tw/home.jsp?id=ce44096e0f12fec9)或電洽主計處查詢。
"
"356A5F9E-D550-4EA5-902D-778B3FDEF1B7","108年度新北市附屬單位預算作業基金餘絀撥補綜計表(依撥補項目分列)(預算案)","https://data.ntpc.gov.tw/datasets/356a5f9e-d550-4ea5-902d-778b3fdef1b7","新北市政府主計處/基金預算科","不更新","財稅","公共資訊","JSON、CSV、XML","中文","1.108年度新北市附屬單位預算作業基金餘絀撥補綜計表(依撥補項目分列)(預算案)

2.單位：新臺幣千元

3.各項欄位說明詳參""新北市政府主計處網頁->附屬單位預算及綜計表->108年度附屬單位預算案""(http://www.bas.ntpc.gov.tw/download/?mode=edit&type_id=10933)或電洽主計處查詢。"
"8ABC94B0-80C4-4DF3-A3A0-62A0BB9565ED","106年度新北市附屬單位預算營業基金損益綜計表(依收支科目分列)(法定)","https://data.ntpc.gov.tw/datasets/8abc94b0-80c4-4df3-a3a0-62a0bb9565ed","新北市政府主計處/基金預算科","不更新","財稅","公共資訊","JSON、CSV、XML","中文","1.106年度新北市附屬單位預算營業基金損益綜計表(依收支科目分列)(法定)

2.單位：新臺幣千元

3.各項欄位說明詳參""新北市政府主計處網頁->附屬單位預算及綜計表->106年度附屬單位預算""(http://www.bas.ntpc.gov.tw/download/?type_id=10772)或電洽主計處查詢。
"
"FE561D42-8EE7-4E0D-A587-8F999C92527D","109年度新北市附屬單位預算作業基金餘絀撥補綜計表(依基金別分列)","https://data.ntpc.gov.tw/datasets/fe561d42-8ee7-4e0d-a587-8f999c92527d","新北市政府主計處/基金預算科","不更新","財稅","公共資訊","JSON、CSV、XML","中文","單位：新臺幣千元
各項欄位說明詳參""新北市政府主計處網頁->附屬單位預算及綜計表->109年度附屬單位預算""( http://www.bas.ntpc.gov.tw/home.jsp?id=ce44096e0f12fec9)或電洽主計處查詢。
"
"7DAFBFA1-9824-4B37-B9B2-B7462B5002DD","106年度新北市附屬單位預算資本計畫基金來源、用途及餘絀綜計表(法定)","https://data.ntpc.gov.tw/datasets/7dafbfa1-9824-4b37-b9b2-b7462b5002dd","新北市政府主計處/基金預算科","不更新","財稅","公共資訊","JSON、CSV、XML","中文","1.106年度新北市附屬單位預算資本計畫基金來源、用途及餘絀綜計表(法定)

2.單位：新臺幣千元

3.各項欄位說明詳參""新北市政府主計處網頁->附屬單位預算及綜計表->106年度附屬單位預算""(http://www.bas.ntpc.gov.tw/download/?type_id=10772)或電洽主計處查詢。
"
"682F22C5-DC9F-4632-89A1-1FE6FAAF8713","103年度新北市附屬單位預算作業基金收支餘絀綜計表(依收支科目分列)(預算案)","https://data.ntpc.gov.tw/datasets/682f22c5-dc9f-4632-89a1-1fe6faaf8713","新北市政府主計處/基金預算科","不更新","財稅","公共資訊","JSON、CSV、XML","中文","1.103年度新北市附屬單位預算作業基金收支餘絀綜計表(依收支科目分列)(預算案)

2.單位：新臺幣千元

3.各項欄位說明詳參""新北市政府主計處網頁->附屬單位預算及綜計表->103年度附屬單位預算案""( http://www.bas.ntpc.gov.tw/download/?type_id=10408)或電洽主計處查詢。

4.作業基金之新北市都市更新基金、新北市實施平均地權基金及新北市軌道建設發展基金尚未經市議會審議通過。"
"A35E08D8-2A37-4A79-A211-1957422FC913","103年度新北市附屬單位預算特別收入基金來源、用途及餘絀綜計表(法定)","https://data.ntpc.gov.tw/datasets/a35e08d8-2a37-4a79-a211-1957422fc913","新北市政府主計處/基金預算科","不更新","財稅","公共資訊","JSON、CSV、XML","中文","1.103年度新北市附屬單位預算特別收入基金來源、用途及餘絀綜計表(法定)

2.單位：新臺幣千元

3.各項欄位說明詳參""新北市政府主計處網頁->附屬單位預算及綜計表->103年度附屬單位預算""(http://www.bas.ntpc.gov.tw/download/?type_id=10612)或電洽主計處查詢。"
"9259F997-45CD-45CA-B391-32C1BCAC772E","108年度新北市附屬單位預算作業基金收支餘絀綜計表(依基金別分列) (法定)","https://data.ntpc.gov.tw/datasets/9259f997-45cd-45ca-b391-32c1bcac772e","新北市政府主計處/基金預算科","不更新","財稅","公共資訊","JSON、CSV、XML","中文","單位：新臺幣千元
各項欄位說明詳參""新北市政府主計處網頁->附屬單位預算及綜計表->108年度附屬單位預算""( http://www.bas.ntpc.gov.tw/home.jsp?id=ce44096e0f12fec9)或電洽主計處查詢。
"
"8F594045-BE3A-4104-B377-62FAA0FBA3A3","108年度新北市附屬單位預算營業基金固定資產建設改良擴充資金來源綜計表(預算案)","https://data.ntpc.gov.tw/datasets/8f594045-be3a-4104-b377-62faa0fba3a3","新北市政府主計處/基金預算科","不更新","財稅","公共資訊","JSON、CSV、XML","中文","1.108年度新北市附屬單位預算營業基金固定資產建設改良擴充資金來源綜計表(預算案)

2.單位：新臺幣千元

3. 各項欄位說明詳參""新北市政府主計處網頁->附屬單位預算及綜計表->108年度附屬單位預算案""(http://www.bas.ntpc.gov.tw/download/?mode=edit&type_id=10933)或電洽主計處查詢。"
"294DB3C4-8B06-4187-BD28-FA3B59C3D138","107年度新北市附屬單位預算作業基金現金流量綜計表(依基金別分列) (法定)","https://data.ntpc.gov.tw/datasets/294db3c4-8b06-4187-bd28-fa3b59c3d138","新北市政府主計處/基金預算科","不更新","財稅","公共資訊","JSON、CSV、XML","中文","1.107年度新北市附屬單位預算作業基金現金流量綜計表(依基金別分列) (法定)

2.單位：新臺幣千元

3.各項欄位說明詳參""新北市政府主計處網頁->附屬單位預算及綜計表->107年度附屬單位預算""(http://www.bas.ntpc.gov.tw/download/?type_id=10836)或電洽主計處查詢。"
"98407212-0C34-4374-8F67-7BA987BA17EA","108年度新北市附屬單位預算營業基金損益綜計表(依機關別分列)(預算案)","https://data.ntpc.gov.tw/datasets/98407212-0c34-4374-8f67-7ba987ba17ea","新北市政府主計處/基金預算科","不更新","財稅","公共資訊","JSON、CSV、XML","中文","1.108年度新北市附屬單位預算營業基金損益綜計表(依機關別分列)(預算案)

2.單位：新臺幣千元

3.各項欄位說明詳參""新北市政府主計處網頁->附屬單位預算及綜計表->108年度附屬單位預算案""(http://www.bas.ntpc.gov.tw/download/?mode=edit&type_id=10933)或電洽主計處查詢。"
"F466FD8D-C26B-4AD0-9AFF-6809F15F1A71","108年度新北市附屬單位預算營業基金財務摘要綜計表(預算案)","https://data.ntpc.gov.tw/datasets/f466fd8d-c26b-4ad0-9aff-6809f15f1a71","新北市政府主計處/基金預算科","不更新","財稅","公共資訊","JSON、CSV、XML","中文","1.108年度新北市附屬單位預算營業基金財務摘要綜計表(預算案)

2.單位：新臺幣百萬元

3.各項欄位說明詳參""新北市政府主計處網頁->附屬單位預算及綜計表->108年度附屬單位預算案""( http://www.bas.ntpc.gov.tw/download/?mode=edit&type_id=10933)或電洽主計處查詢。"
"4ED7D8F6-A9AF-4420-A641-4C2BDB9A9E5F","109年度新北市附屬單位預算營業基金盈虧撥補綜計表(依基金別分列)","https://data.ntpc.gov.tw/datasets/4ed7d8f6-a9af-4420-a641-4c2bdb9a9e5f","新北市政府主計處/基金預算科","不更新","財稅","公共資訊","JSON、CSV、XML","中文","單位：新臺幣千元
各項欄位說明詳參""新北市政府主計處網頁->附屬單位預算及綜計表->109年度附屬單位預算""( http://www.bas.ntpc.gov.tw/home.jsp?id=ce44096e0f12fec9)或電洽主計處查詢。
"
"B9129DD6-EEB2-4B4D-B5E5-9FDD50A71E2A","104年度新北市附屬單位預算作業基金現金流量綜計表(依基金別分列)(預算案)","https://data.ntpc.gov.tw/datasets/b9129dd6-eeb2-4b4d-b5e5-9fdd50a71e2a","新北市政府主計處/基金預算科","不更新","財稅","公共資訊","JSON、CSV、XML","中文","1.104年度新北市附屬單位預算作業基金現金流量綜計表(依基金別分列)(預算案)

2.單位：新臺幣千元

3.各項欄位說明詳參""新北市政府主計處網頁->附屬單位預算及綜計表->104年度附屬單位預算案""( http://www.bas.ntpc.gov.tw/download/?type_id=10420)或電洽主計處查詢。

4.作業基金之新北市都市更新基金、新北市實施平均地權基金、新北市軌道建設發展基金及新北市停車場作業基金尚未經市議會審議通過。
"
"68AB1D83-15BB-4520-91F1-CDDD422D360A","108年度新北市附屬單位預算特別收入基金現金流量綜計表(依基金別分列)(預算案)","https://data.ntpc.gov.tw/datasets/68ab1d83-15bb-4520-91f1-cddd422d360a","新北市政府主計處/基金預算科","不更新","財稅","公共資訊","JSON、CSV、XML","中文","1.108年度新北市附屬單位預算特別收入基金現金流量綜計表(依基金別分列)(預算案)

2.單位：新臺幣千元

3.各項欄位說明詳參""新北市政府主計處網頁->附屬單位預算及綜計表->108年度附屬單位預算案""(http://www.bas.ntpc.gov.tw/download/?mode=edit&type_id=10933)或電洽主計處查詢。"
"4424F899-803D-409D-BB85-33A24BBA9BFF","108年度新北市附屬單位預算資本計畫基金現金流量綜計表(依基金別分列)(預算案)","https://data.ntpc.gov.tw/datasets/4424f899-803d-409d-bb85-33a24bba9bff","新北市政府主計處/基金預算科","不更新","財稅","公共資訊","JSON、CSV、XML","中文","1.108年度新北市附屬單位預算資本計畫基金現金流量綜計表(依基金別分列)(預算案)

2.單位：新臺幣千元

3.各項欄位說明詳參""新北市政府主計處網頁->附屬單位預算及綜計表->108年度附屬單位預算案""(http://www.bas.ntpc.gov.tw/download/?mode=edit&type_id=10933)或電洽主計處查詢。"
"33A889FF-8215-4B87-8E8E-4A505D379E3C","108年度新北市附屬單位預算作業基金餘絀撥補綜計表(依基金別分列)(預算案","https://data.ntpc.gov.tw/datasets/33a889ff-8215-4b87-8e8e-4a505d379e3c","新北市政府主計處/基金預算科","不更新","財稅","公共資訊","JSON、CSV、XML","中文","1.108年度新北市附屬單位預算作業基金餘絀撥補綜計表(依基金別分列)(預算案)

2.單位：新臺幣千元

3. 各項欄位說明詳參""新北市政府主計處網頁->附屬單位預算及綜計表->108年度附屬單位預算案""(http://www.bas.ntpc.gov.tw/download/?mode=edit&type_id=10933)或電洽主計處查詢。"
"067F6115-3878-4C6B-8682-DFAF45306E60","108年度新北市附屬單位預算資本計畫基金現金流量綜計表(依現流分列) (預算案)","https://data.ntpc.gov.tw/datasets/067f6115-3878-4c6b-8682-dfaf45306e60","新北市政府主計處/基金預算科","不更新","財稅","公共資訊","JSON、CSV、XML","中文","1.108年度新北市附屬單位預算資本計畫基金現金流量綜計表(依現金流量項目分列) (預算案)

2.單位：新臺幣千元

3.各項欄位說明詳參""新北市政府主計處網頁->附屬單位預算及綜計表->108年度附屬單位預算案""(http://www.bas.ntpc.gov.tw/download/?mode=edit&type_id=10933)或電洽主計處查詢。"
"D7A5EB23-FDA3-4BA2-A40E-0A707AC292B2","108年度新北市附屬單位預算營業基金現金流量綜計表(依機關別分列)(預算案)","https://data.ntpc.gov.tw/datasets/d7a5eb23-fda3-4ba2-a40e-0a707ac292b2","新北市政府主計處/基金預算科","不更新","財稅","公共資訊","JSON、CSV、XML","中文","1.108年度新北市附屬單位預算營業基金現金流量綜計表(依機關別分列)(預算案)

2.單位：新臺幣千元

3.各項欄位說明詳參""新北市政府主計處網頁->附屬單位預算及綜計表->108年度附屬單位預算案""(http://www.bas.ntpc.gov.tw/download/?mode=edit&type_id=10933)或電洽主計處查詢。"
"2A85A8B8-BBE1-4155-AB04-2FC9FB06720E","104年度新北市附屬單位預算作業基金現金流量綜計表(依現流項目分列)(預算案)","https://data.ntpc.gov.tw/datasets/2a85a8b8-bbe1-4155-ab04-2fc9fb06720e","新北市政府主計處/基金預算科","不更新","財稅","公共資訊","JSON、CSV、XML","中文","1.104年度新北市附屬單位預算作業基金現金流量綜計表(依現金流量項目分列)(預算案)

2.單位：新臺幣千元

3.各項欄位說明詳參""新北市政府主計處網頁->附屬單位預算及綜計表->104年度附屬單位預算案""( http://www.bas.ntpc.gov.tw/download/?type_id=10420)或電洽主計處查詢。

4.作業基金之新北市都市更新基金、新北市實施平均地權基金、新北市軌道建設發展基金及新北市停車場作業基金尚未經市議會審議通過。
"
"3BEA1AE3-383D-4908-B109-C2F666027CBC","106年度新北市附屬單位預算資本計畫基金現金流量綜計表(依基金別分列)(法定)","https://data.ntpc.gov.tw/datasets/3bea1ae3-383d-4908-b109-c2f666027cbc","新北市政府主計處/基金預算科","不更新","財稅","公共資訊","JSON、CSV、XML","中文","1.106年度新北市附屬單位預算資本計畫基金現金流量綜計表(依基金別分列)(法定)

2.單位：新臺幣千元

3.各項欄位說明詳參""新北市政府主計處網頁->附屬單位預算及綜計表->106年度附屬單位預算""(http://www.bas.ntpc.gov.tw/download/?type_id=10772)或電洽主計處查詢。
"
"C7BAB4BE-5BE0-4A36-A1F8-34AE4580EE95","106年度新北市附屬單位預算營業基金盈虧撥補綜計表(依機關別分列)(法定)","https://data.ntpc.gov.tw/datasets/c7bab4be-5be0-4a36-a1f8-34ae4580ee95","新北市政府主計處/基金預算科","不更新","財稅","公共資訊","JSON、CSV、XML","中文","1.106年度新北市附屬單位預算營業基金盈虧撥補綜計表(依機關別分列)(法定)

2.單位：新臺幣千元

3.各項欄位說明詳參""新北市政府主計處網頁->附屬單位預算及綜計表->106年度附屬單位預算""(http://www.bas.ntpc.gov.tw/download/?type_id=10772)或電洽主計處查詢。
"
"137DB596-859F-4A48-8AB7-CEC79B5B5325","106年度新北市附屬單位預算作業基金餘絀撥補綜計表(依撥補項目分列)(預算案)","https://data.ntpc.gov.tw/datasets/137db596-859f-4a48-8ab7-cec79b5b5325","新北市政府主計處/基金預算科","不更新","財稅","公共資訊","JSON、CSV、XML","中文","1.106年度新北市附屬單位預算作業基金餘絀撥補綜計表(依撥補項目分列)(預算案)

2.單位：新臺幣千元

3.各項欄位說明詳參""新北市政府主計處網頁->附屬單位預算及綜計表->106年度附屬單位預算案""( http://www.bas.ntpc.gov.tw/download/?type_id=10626)或電洽主計處查詢。

4.作業基金之新北市實施平均地權基金、新北市停車場作業基金及新北市軌道建設發展基金尚未經市議會審議通過。"
"E7BEF66F-028F-4315-B7B3-87634452F016","105年度新北市附屬單位預算作業基金現金流量綜計表(依現金流量項目分列)(法定)","https://data.ntpc.gov.tw/datasets/e7bef66f-028f-4315-b7b3-87634452f016","新北市政府主計處/基金預算科","不更新","財稅","公共資訊","JSON、CSV、XML","中文","1.105年度新北市附屬單位預算作業基金現金流量綜計表(依現金流量項目分列)(法定)

2.單位：新臺幣千元

3.各項欄位說明詳參""新北市政府主計處網頁->附屬單位預算及綜計表->105年度附屬單位法定預算""( http://www.bas.ntpc.gov.tw/download/?type_id=10618)或電洽主計處查詢。
"
"4949AB82-1C2A-4D64-A7C8-CC9E98EC8ED8","103年度新北市附屬單位預算營業基金盈虧撥補綜計表(依機關別分列)(法定)","https://data.ntpc.gov.tw/datasets/4949ab82-1c2a-4d64-a7c8-cc9e98ec8ed8","新北市政府主計處/基金預算科","不更新","財稅","公共資訊","JSON、CSV、XML","中文","1.103年度新北市附屬單位預算營業基金盈虧撥補綜計表(依機關別分列)(法定)

2.單位：新臺幣千元

3.各項欄位說明詳參""新北市政府主計處網頁->附屬單位預算及綜計表->103年度附屬單位預算""(http://www.bas.ntpc.gov.tw/download/?type_id=10612)或電洽主計處查詢。"
"DD2D22FB-3349-4ADC-B020-B3BB6E917FEB","105年度新北市附屬單位預算作業基金現金流量綜計表(依基金別分列)(法定)","https://data.ntpc.gov.tw/datasets/dd2d22fb-3349-4adc-b020-b3bb6e917feb","新北市政府主計處/基金預算科","不更新","財稅","公共資訊","JSON、CSV、XML","中文","1.105年度新北市附屬單位預算作業基金現金流量綜計表(依基金別分列)(法定)

2.單位：新臺幣千元

3.各項欄位說明詳參""新北市政府主計處網頁->附屬單位預算及綜計表->105年度附屬單位法定預算""( http://www.bas.ntpc.gov.tw/download/?type_id=10618)或電洽主計處查詢。"
"3925E79B-5469-478A-8A6A-C13A56F6211E","107年度新北市附屬單位預算特別收入基金來源、用途及餘絀綜計表(法定)","https://data.ntpc.gov.tw/datasets/3925e79b-5469-478a-8a6a-c13a56f6211e","新北市政府主計處/基金預算科","不更新","財稅","公共資訊","JSON、CSV、XML","中文","1.107年度新北市附屬單位預算特別收入基金來源、用途及餘絀綜計表(法定)

2.單位：新臺幣千元

3.各項欄位說明詳參""新北市政府主計處網頁->附屬單位預算及綜計表->107年度附屬單位預算""(http://www.bas.ntpc.gov.tw/download/?type_id=10836)或電洽主計處查詢。"
"A6AFD088-60B6-44D3-A11D-F6F2D4CFBAF8","103年度新北市附屬單位預算作業基金收支餘絀綜計表(依基金別分列)(預算案)","https://data.ntpc.gov.tw/datasets/a6afd088-60b6-44d3-a11d-f6f2d4cfbaf8","新北市政府主計處/基金預算科","不更新","財稅","公共資訊","JSON、CSV、XML","中文","1.103年度新北市附屬單位預算作業基金收支餘絀綜計表(依基金別分列)(預算案)

2.單位：新臺幣千元

3.各項欄位說明詳參""新北市政府主計處網頁->附屬單位預算及綜計表->103年度附屬單位預算案""( http://www.bas.ntpc.gov.tw/download/?type_id=10408)或電洽主計處查詢。

4.作業基金之新北市都市更新基金、新北市實施平均地權基金及新北市軌道建設發展基金尚未經市議會審議通過。"
"F5DF6D8D-2567-4F75-A971-F539BFF53509","107年度新北市附屬單位預算營業基金盈虧撥補綜計表(依機關別分列) (法定)","https://data.ntpc.gov.tw/datasets/f5df6d8d-2567-4f75-a971-f539bff53509","新北市政府主計處/基金預算科","不更新","財稅","公共資訊","JSON、CSV、XML","中文","1.107年度新北市附屬單位預算營業基金盈虧撥補綜計表(依機關別分列) (法定)

2.單位：新臺幣千元

3.各項欄位說明詳參""新北市政府主計處網頁->附屬單位預算及綜計表->107年度附屬單位預算""(http://www.bas.ntpc.gov.tw/download/?type_id=10836)或電洽主計處查詢。"
"AF297B0F-0F71-45C6-B252-16F21AD35DB7","107年度新北市附屬單位預算資本計畫基金現金流量綜計表(依現流分列) (法定)","https://data.ntpc.gov.tw/datasets/af297b0f-0f71-45c6-b252-16f21ad35db7","新北市政府主計處/基金預算科","不更新","財稅","公共資訊","JSON、CSV、XML","中文","1.107年度新北市附屬單位預算資本計畫基金現金流量綜計表(依現金流量項目分列) (法定)

2.單位：新臺幣千元

3.各項欄位說明詳參""新北市政府主計處網頁->附屬單位預算及綜計表->107年度附屬單位預算""(http://www.bas.ntpc.gov.tw/download/?type_id=10836)或電洽主計處查詢。"
"01B06D5E-9871-48A7-BAED-D606E3DF3D6B","108年度新北市附屬單位預算營業基金盈虧撥補綜計表(依撥補項目分列)(預算案)","https://data.ntpc.gov.tw/datasets/01b06d5e-9871-48a7-baed-d606e3df3d6b","新北市政府主計處/基金預算科","不更新","財稅","公共資訊","JSON、CSV、XML","中文","1.108年度新北市附屬單位預算營業基金盈虧撥補綜計表(依撥補項目分列)(預算案)

2.單位：新臺幣千元

3.各項欄位說明詳參""新北市政府主計處網頁->附屬單位預算及綜計表->108年度附屬單位預算案""(http://www.bas.ntpc.gov.tw/download/?mode=edit&type_id=10933)或電洽主計處查詢。"
"94B784E6-5C0F-4580-9667-B3EE9F43CE3B","新北市政府警察局公有拖吊場","https://data.ntpc.gov.tw/datasets/94b784e6-5c0f-4580-9667-b3ee9f43ce3b","新北市政府警察局/新北市政府警察局交通警察大隊/秘書室","每年","交通","交通及通訊","JSON、CSV、XML、KML","中文","新北市政府警察局公有拖吊場相關資訊"
"B4E7BE79-567D-4B68-8614-15953D3A1B05","107年度新北市附屬單位預算營業基金財務摘要綜計表(法定)","https://data.ntpc.gov.tw/datasets/b4e7be79-567d-4b68-8614-15953d3a1b05","新北市政府主計處/基金預算科","不更新","財稅","公共資訊","JSON、CSV、XML","中文","1.107年度新北市附屬單位預算營業基金財務摘要綜計表(法定)

2.單位：新臺幣百萬元

3.各項欄位說明詳參""新北市政府主計處網頁->附屬單位預算及綜計表->107年度附屬單位預算""(http://www.bas.ntpc.gov.tw/download/?type_id=10836)或電洽主計處查詢。"
"F26D9295-ED13-4820-9388-99C56085C3C4","106年度新北市附屬單位預算特別收入基金現金流量綜計表(依基金別分列)(法定)","https://data.ntpc.gov.tw/datasets/f26d9295-ed13-4820-9388-99c56085c3c4","新北市政府主計處/基金預算科","不更新","財稅","公共資訊","JSON、CSV、XML","中文","1.106年度新北市附屬單位預算特別收入基金現金流量綜計表(依基金別分列)(法定)

2.單位：新臺幣千元

3.各項欄位說明詳參""新北市政府主計處網頁->附屬單位預算及綜計表->106年度附屬單位預算""(http://www.bas.ntpc.gov.tw/download/?type_id=10772)或電洽主計處查詢。"
"037A6297-41D1-4A97-BDEE-C22942A2A46B","109年度新北市總預算基金別分析表-特種基金部分(預算案)","https://data.ntpc.gov.tw/datasets/037a6297-41d1-4a97-bdee-c22942a2a46b","新北市政府主計處/基金預算科","不更新","財稅","公共資訊","JSON、CSV、XML","中文","單位：新臺幣千元
各項欄位說明詳參""新北市政府主計處網頁->附屬單位預算及綜計表->109年度附屬單位預算""( http://www.bas.ntpc.gov.tw/home.jsp?id=ce44096e0f12fec9)或電洽主計處查詢。"
"DE4CD2A0-C917-4B0B-B2FD-B11D4F5CF0E5","104年度新北市附屬單位預算作業基金餘絀撥補綜計表(依基金別分列)(預算案)","https://data.ntpc.gov.tw/datasets/de4cd2a0-c917-4b0b-b2fd-b11d4f5cf0e5","新北市政府主計處/基金預算科","不更新","財稅","公共資訊","JSON、CSV、XML","中文","1.104年度新北市附屬單位預算作業基金餘絀撥補綜計表(依基金別分列)(預算案)

2.單位：新臺幣千元

3.各項欄位說明詳參""新北市政府主計處網頁->附屬單位預算及綜計表->104年度附屬單位預算案""( http://www.bas.ntpc.gov.tw/download/?type_id=10420)或電洽主計處查詢。

4.作業基金之新北市都市更新基金、新北市實施平均地權基金、新北市軌道建設發展基金及新北市停車場作業基金尚未經市議會審議通過。"
"AE523A95-DB15-4873-BFE1-F4862FB60C49","106年度新北市附屬單位預算營業基金盈虧撥補綜計表(依撥補項目分列)(法定)","https://data.ntpc.gov.tw/datasets/ae523a95-db15-4873-bfe1-f4862fb60c49","新北市政府主計處/基金預算科","不更新","財稅","公共資訊","JSON、CSV、XML","中文","1.106年度新北市附屬單位預算營業基金盈虧撥補綜計表(依撥補項目分列)(法定)

2.單位：新臺幣千元

3.各項欄位說明詳參""新北市政府主計處網頁->附屬單位預算及綜計表->106年度附屬單位預算""(http://www.bas.ntpc.gov.tw/download/?type_id=10772)或電洽主計處查詢。
"
"F9FFB1A8-E2C0-49A2-8C86-813FEFAAB7D7","105年度新北市附屬單位預算特別收入基金來源、用途及餘絀綜計表(法定)","https://data.ntpc.gov.tw/datasets/f9ffb1a8-e2c0-49a2-8c86-813fefaab7d7","新北市政府主計處/基金預算科","不更新","財稅","公共資訊","JSON、CSV、XML","中文","1.105年度新北市附屬單位預算特別收入基金來源、用途及餘絀綜計表(法定)

2.單位：新臺幣千元

3.各項欄位說明詳參""新北市政府主計處網頁->附屬單位預算及綜計表->105年度附屬單位法定預算""( http://www.bas.ntpc.gov.tw/download/?type_id=10618)或電洽主計處查詢。
"
"0109B6DC-2519-4A1A-9F9C-CE040DC737E1","103年度新北市附屬單位預算營業基金損益綜計表(依收支科目分列)(法定)","https://data.ntpc.gov.tw/datasets/0109b6dc-2519-4a1a-9f9c-ce040dc737e1","新北市政府主計處/基金預算科","不更新","財稅","公共資訊","JSON、CSV、XML","中文","1.103年度新北市附屬單位預算營業基金損益綜計表(依收支科目分列)(法定)

2.單位：新臺幣千元

3.各項欄位說明詳參""新北市政府主計處網頁->附屬單位預算及綜計表->103年度附屬單位預算""(http://www.bas.ntpc.gov.tw/download/?type_id=10612)或電洽主計處查詢。"
"8958CE9E-F7EA-4C20-A731-6CF4B4B20F1F","108年度新北市附屬單位預算特別收入基金來源、用途及餘絀綜計表(預算案)","https://data.ntpc.gov.tw/datasets/8958ce9e-f7ea-4c20-a731-6cf4b4b20f1f","新北市政府主計處/基金預算科","不更新","財稅","公共資訊","JSON、CSV、XML","中文","1.108年度新北市附屬單位預算特別收入基金來源、用途及餘絀綜計表(預算案)

2.單位：新臺幣千元

3.各項欄位說明詳參""新北市政府主計處網頁->附屬單位預算及綜計表->108年度附屬單位預算案""(http://www.bas.ntpc.gov.tw/download/?mode=edit&type_id=10933)或電洽主計處查詢。"
"DB2CBAB2-5C92-4B73-89BC-9B7A111E00FE","106年度新北市附屬單位預算營業基金現金流量綜計表(依機關別分列)(法定)","https://data.ntpc.gov.tw/datasets/db2cbab2-5c92-4b73-89bc-9b7a111e00fe","新北市政府主計處/基金預算科","不更新","財稅","公共資訊","JSON、CSV、XML","中文","1.106年度新北市附屬單位預算營業基金現金流量綜計表(依機關別分列)(法定)

2.單位：新臺幣千元

3.各項欄位說明詳參""新北市政府主計處網頁->附屬單位預算及綜計表->106年度附屬單位預算""(http://www.bas.ntpc.gov.tw/download/?type_id=10772)或電洽主計處查詢。
"
"B9E62694-2BF9-4388-BDA8-836E97B3EC04","104年度新北市附屬單位預算作業基金餘絀撥補綜計表(依撥補項目分列)(預算案)","https://data.ntpc.gov.tw/datasets/b9e62694-2bf9-4388-bda8-836e97b3ec04","新北市政府主計處/基金預算科","不更新","財稅","公共資訊","JSON、CSV、XML","中文","1.104年度新北市附屬單位預算作業基金餘絀撥補綜計表(依撥補項目分列)(預算案)

2.單位：新臺幣千元

3.各項欄位說明詳參""新北市政府主計處網頁->附屬單位預算及綜計表->104年度附屬單位預算案""( http://www.bas.ntpc.gov.tw/download/?type_id=10420)或電洽主計處查詢。

4.作業基金之新北市都市更新基金、新北市實施平均地權基金、新北市軌道建設發展基金及新北市停車場作業基金尚未經市議會審議通過。"
"33C00E02-10B8-47FC-900C-1B9F327CAC1D","108年度新北市附屬單位預算作業基金收支餘絀綜計表(依收支科目分列)(預算案)","https://data.ntpc.gov.tw/datasets/33c00e02-10b8-47fc-900c-1b9f327cac1d","新北市政府主計處/基金預算科","不更新","財稅","公共資訊","JSON、CSV、XML","中文","1.108年度新北市附屬單位預算作業基金收支餘絀綜計表(依收支科目分列)(預算案)

2.單位：新臺幣千元

3.各項欄位說明詳參""新北市政府主計處網頁->附屬單位預算及綜計表->108年度附屬單位預算案""(http://www.bas.ntpc.gov.tw/download/?mode=edit&type_id=10933)或電洽主計處查詢。"
"0A37C965-B5A6-4548-B079-BCB12412E51A","108年度新北市附屬單位預算資本計畫基金現金流量綜計表(依基金別分列) (法定)","https://data.ntpc.gov.tw/datasets/0a37c965-b5a6-4548-b079-bcb12412e51a","新北市政府主計處/基金預算科","不更新","財稅","公共資訊","JSON、CSV、XML","中文","單位：新臺幣千元
各項欄位說明詳參""新北市政府主計處網頁->附屬單位預算及綜計表->108年度附屬單位預算""(http://www.bas.ntpc.gov.tw/home.jsp?id=ce44096e0f12fec9)或電洽主計處查詢。"
"DC1CF08A-4BBB-46F7-85CA-407D0E33AD3E","108年度新北市附屬單位預算營業基金資本增減綜計表(法定)","https://data.ntpc.gov.tw/datasets/dc1cf08a-4bbb-46f7-85ca-407d0e33ad3e","新北市政府主計處/基金預算科","不更新","財稅","公共資訊","JSON、CSV、XML","中文","單位：新臺幣千元
各項欄位說明詳參""新北市政府主計處網頁->附屬單位預算及綜計表->108年度附屬單位預算""( http://www.bas.ntpc.gov.tw/home.jsp?id=ce44096e0f12fec9)或電洽主計處查詢。"
"2409A1C2-5085-4840-9CAC-ABD1EE344025","103年度新北市附屬單位預算作業基金現金流量綜計表(依基金別分列)(預算案)","https://data.ntpc.gov.tw/datasets/2409a1c2-5085-4840-9cac-abd1ee344025","新北市政府主計處/基金預算科","不更新","財稅","公共資訊","JSON、CSV、XML","中文","1.103年度新北市附屬單位預算作業基金現金流量綜計表(依基金別分列)(預算案)

2.單位：新臺幣千元

3.各項欄位說明詳參""新北市政府主計處網頁->附屬單位預算及綜計表->103年度附屬單位預算案""( http://www.bas.ntpc.gov.tw/download/?type_id=10408)或電洽主計處查詢。

4.作業基金之新北市都市更新基金、新北市實施平均地權基金及新北市軌道建設發展基金尚未經市議會審議通過。"
"F3636B53-50E9-43C6-9472-F99DA2F1F8F1","106年度新北市附屬單位預算營業基金財務摘要綜計表(法定)","https://data.ntpc.gov.tw/datasets/f3636b53-50e9-43c6-9472-f99da2f1f8f1","新北市政府主計處/基金預算科","不更新","財稅","公共資訊","JSON、CSV、XML","中文","1.106年度新北市附屬單位預算營業基金財務摘要綜計表(法定)

2.單位：新臺幣百萬元

3.各項欄位說明詳參""新北市政府主計處網頁->附屬單位預算及綜計表->106年度附屬單位預算""(http://www.bas.ntpc.gov.tw/download/?type_id=10772)或電洽主計處查詢。
"
"C1A09A36-5C7F-450D-A6A3-EBCE2938C10B","家庭平均每戶全年經常性支出(98年至100年)","https://data.ntpc.gov.tw/datasets/c1a09a36-5c7f-450d-a6a3-ebce2938c10b","新北市政府主計處/公務統計科","不更新","統計","公共資訊","JSON、CSV、XML","中文","1.家庭平均每戶全年經常性支出(98年至100年)
2.單位：新臺幣元
3.各項欄位說明詳參新北市統計年報(網址：http://www.bas.ntpc.gov.tw/home.jsp?id=OTE=)或電洽主計處查詢。"
"F5AD9116-7AFD-4BAF-9C1F-12BE19518F8D","家庭平均每戶全年經常性支出(97年以前)","https://data.ntpc.gov.tw/datasets/f5ad9116-7afd-4baf-9c1f-12be19518f8d","新北市政府主計處/公務統計科","不更新","統計","公共資訊","JSON、CSV、XML","中文","1.家庭平均每戶全年經常性支出(97年以前)
2.單位：新臺幣元
3.各項欄位說明詳參新北市統計年報(網址：http://www.bas.ntpc.gov.tw/home.jsp?id=OTE=)或電洽主計處查詢。"
"A9AA558A-E5C8-4D84-B8C0-73E0920716B1","婦女福利服務概況(102年以前)","https://data.ntpc.gov.tw/datasets/a9aa558a-e5c8-4d84-b8c0-73e0920716b1","新北市政府主計處/公務統計科","不更新","統計","公共資訊","JSON、CSV、XML","中文","1.婦女福利服務概況(102年以前)
2.單位：所、人次、次
3.各項欄位說明詳參新北市統計年報(網址：http://www.bas.ntpc.gov.tw/home.jsp?id=OTE=)或電洽主計處查詢。"
"5EAF20EB-6901-4620-8382-125257E03F7A","合作社概況（94年以前）","https://data.ntpc.gov.tw/datasets/5eaf20eb-6901-4620-8382-125257e03f7a","新北市政府主計處/公務統計科","不更新","統計","公共資訊","JSON、CSV、XML","中文","1.合作社概況（94年以前）
2.單位：個,人,股,新臺幣元
3.各項欄位說明詳參新北市統計年報(網址：http://www.bas.ntpc.gov.tw/home.jsp?id=OTE=)或電洽主計處查詢。"
"00CAD419-975F-4222-94D0-D3E37039CB83","宗教教務概況(102年以前)","https://data.ntpc.gov.tw/datasets/00cad419-975f-4222-94d0-d3e37039cb83","新北市政府主計處/公務統計科","不更新","統計","公共資訊","JSON、CSV、XML","中文","1.宗教教務概況(102年以前)
2.單位：所,人
3.各項欄位說明詳參新北市統計年報(網址：http://www.bas.ntpc.gov.tw/home.jsp?id=OTE=)或電洽主計處查詢。"
"2BD24E99-5A89-4760-B0A5-6E294946F213","身心障礙人數(100年以前)","https://data.ntpc.gov.tw/datasets/2bd24e99-5a89-4760-b0a5-6e294946f213","新北市政府主計處/公務統計科","不更新","統計","公共資訊","JSON、CSV、XML","中文","1.身心障礙人數(100年以前)
2.單位：人,%
3.各項欄位說明詳參新北市統計年報(網址：http://www.bas.ntpc.gov.tw/home.jsp?id=OTE=)或電洽主計處查詢。"
"273611D8-FF47-4F62-8262-02BA17B57487","現住原住民族戶口數(民國100年以前)","https://data.ntpc.gov.tw/datasets/273611d8-ff47-4f62-8262-02ba17b57487","新北市政府主計處/公務統計科","不更新","統計","公共資訊","JSON、CSV、XML","中文","1.現住原住民族戶口數(民國100年以前)
2.單位：戶、人
3.各項欄位說明詳參新北市統計年報(網址：http://www.bas.ntpc.gov.tw/home.jsp?id=OTE=)或電洽主計處查詢。"
"24351FF4-EEF9-4D67-AB09-37B255E3F7EB"," 遊民人數及處理情形(107年以前)","https://data.ntpc.gov.tw/datasets/24351ff4-eef9-4d67-ab09-37b255e3f7eb","新北市政府主計處/公務統計科","不更新","統計","公共資訊","JSON、CSV、XML","中文","1.遊民人數及處理情形
2.單位：人、件、人次
3.各項欄位說明詳參新北市統計年報(網址：http://www.bas.ntpc.gov.tw/home.jsp?id=OTE=)或電洽主計處查詢。"
"B96BCA5D-9A26-461A-8DB9-DF034EEABD78","境內幼兒(稚)園概況(100學年度以前)","https://data.ntpc.gov.tw/datasets/b96bca5d-9a26-461a-8db9-df034eeabd78","新北市政府主計處/公務統計科","不更新","統計","公共資訊","JSON、CSV、XML","中文","1.境內幼兒(稚)園概況(100學年度以前)
2.單位：所、班、人
3.各項欄位說明詳參新北市統計年報(網址：http://www.bas.ntpc.gov.tw/home.jsp?id=OTE=)或電洽主計處查詢。"
"3B2C0D75-B51E-4993-AAC5-685371CF3625","短期補習班概況(97年以前)","https://data.ntpc.gov.tw/datasets/3b2c0d75-b51e-4993-aac5-685371cf3625","新北市政府主計處/公務統計科","不更新","統計","公共資訊","JSON、CSV、XML","中文","1.短期補習班概況(97年以前)
2.單位：家
3.各項欄位說明詳參新北市統計年報(網址：http://www.bas.ntpc.gov.tw/home.jsp?id=OTE=)或電洽主計處查詢。"
"90B1AB09-151C-4567-A6C0-2D5430C2C0EB","自殺通報人數(98年以前)","https://data.ntpc.gov.tw/datasets/90b1ab09-151c-4567-a6c0-2d5430c2c0eb","新北市政府主計處/公務統計科","不更新","統計","公共資訊","JSON、CSV、XML","中文","1.新北市自殺通報人數(含性別)
2.單位：人
3.各項欄位說明詳參新北市性別圖像電子檔(網址：http://www.bas.ntpc.gov.tw/home.jsp?id=MTI5)或電洽主計處查詢。"
"68ED0648-98CE-4DFC-84A0-43B6FD0CE36E","新北市政府代為標售地籍清理土地及建物開標結果一覽表","https://data.ntpc.gov.tw/datasets/68ed0648-98ce-4dfc-84a0-43b6fd0ce36e","新北市政府地政局/地籍科","每年","地政","購屋及遷徙","JSON、CSV、XML","中文","依地籍清理條例第11條規定辦理代為標售之開標結果公告清冊-114年第1批"
"E8372790-CBDF-4729-AD80-876CD2C9039F","不動產經紀業裁罰","https://data.ntpc.gov.tw/datasets/e8372790-cbdf-4729-ad80-876cd2c9039f","新北市政府地政局/地價科","每年","地政","購屋及遷徙","JSON、CSV、XML","中文","不動產經紀業者經本局查處違反不動產經紀業管理條例予以裁罰之相關資料"
"566D7A1A-C520-4EA8-8BE3-40C51DE7FDD1","105年度新北市附屬單位預算營業基金盈虧撥補綜計表(依撥補項目分列)(法定)","https://data.ntpc.gov.tw/datasets/566d7a1a-c520-4ea8-8be3-40c51de7fdd1","新北市政府主計處/基金預算科","不更新","財稅","公共資訊","JSON、CSV、XML","中文","1.105年度新北市附屬單位預算營業基金盈虧撥補綜計表(依撥補項目分列)(法定)

2.單位：新臺幣千元

3.各項欄位說明詳參""新北市政府主計處網頁->附屬單位預算及綜計表->105年度附屬單位法定預算""( http://www.bas.ntpc.gov.tw/download/?type_id=10618)或電洽主計處查詢。"
"B6E08F56-D5CE-42BC-8F11-0974CA76C5D9","108年度新北市附屬單位預算作業基金收支餘絀綜計表(依基金別分列)(預算案)","https://data.ntpc.gov.tw/datasets/b6e08f56-d5ce-42bc-8f11-0974ca76c5d9","新北市政府主計處/基金預算科","不更新","財稅","公共資訊","JSON、CSV、XML","中文","1.108年度新北市附屬單位預算作業基金收支餘絀綜計表(依基金別分列)(預算案)

2.單位：新臺幣千元

3. 各項欄位說明詳參""新北市政府主計處網頁->附屬單位預算及綜計表->108年度附屬單位預算案""(http://www.bas.ntpc.gov.tw/download/?mode=edit&type_id=10933)或電洽主計處查詢。"
"2C1EF813-0FC0-49FE-81D8-D309082F5C9B","108年度新北市附屬單位預算作業基金現金流量綜計表(依現金流量項目分列)(法定)","https://data.ntpc.gov.tw/datasets/2c1ef813-0fc0-49fe-81d8-d309082f5c9b","新北市政府主計處/基金預算科","不更新","財稅","公共資訊","JSON、CSV、XML","中文","單位：新臺幣千元
各項欄位說明詳參""新北市政府主計處網頁->附屬單位預算及綜計表->108年度附屬單位預算""( http://www.bas.ntpc.gov.tw/home.jsp?id=ce44096e0f12fec9)或電洽主計處查詢。"
"A0DA2C4E-70B2-49B5-BFC0-852A8233BFC4","107年度新北市附屬單位預算營業基金現金流量綜計表(依現流項目分列) (法定)","https://data.ntpc.gov.tw/datasets/a0da2c4e-70b2-49b5-bfc0-852a8233bfc4","新北市政府主計處/基金預算科","不更新","財稅","公共資訊","JSON、CSV、XML","中文","1.107年度新北市附屬單位預算營業基金現金流量綜計表(依現金流量項目分列) (法定)

2.單位：新臺幣千元

3. 各項欄位說明詳參""新北市政府主計處網頁->附屬單位預算及綜計表->107年度附屬單位預算""(http://www.bas.ntpc.gov.tw/download/?type_id=10836)或電洽主計處查詢。"
"FA5E649C-E45E-4A0C-868B-ADA1BCAF9DE4","108年度新北市附屬單位預算營業基金損益綜計表(依收支科目分列)(預算案)","https://data.ntpc.gov.tw/datasets/fa5e649c-e45e-4a0c-868b-ada1bcaf9de4","新北市政府主計處/基金預算科","不更新","財稅","公共資訊","JSON、CSV、XML","中文","1.108年度新北市附屬單位預算營業基金損益綜計表(依收支科目分列)(預算案)

2.單位：新臺幣千元

3.各項欄位說明詳參""新北市政府主計處網頁->附屬單位預算及綜計表->108年度附屬單位預算案""( http://www.bas.ntpc.gov.tw/download/?mode=edit&type_id=10933)或電洽主計處查詢。"
"830B606D-9447-4964-9135-152C438CB88A","106年度新北市附屬單位預算資本計畫基金現金流量綜計表(依現流分列)(法定)","https://data.ntpc.gov.tw/datasets/830b606d-9447-4964-9135-152c438cb88a","新北市政府主計處/基金預算科","不更新","財稅","公共資訊","JSON、CSV、XML","中文","1.106年度新北市附屬單位預算資本計畫基金現金流量綜計表(依現金流量項目分列)(法定)

2.單位：新臺幣千元

3.各項欄位說明詳參""新北市政府主計處網頁->附屬單位預算及綜計表->106年度附屬單位預算""(http://www.bas.ntpc.gov.tw/download/?type_id=10772)或電洽主計處查詢。
"
"BE40E5A4-63C7-4754-880F-E2C3C85403C7","103年度新北市附屬單位預算營業基金損益綜計表(依機關別分列)(法定)","https://data.ntpc.gov.tw/datasets/be40e5a4-63c7-4754-880f-e2c3c85403c7","新北市政府主計處/基金預算科","不更新","財稅","公共資訊","JSON、CSV、XML","中文","1.103年度新北市附屬單位預算營業基金損益綜計表(依機關別分列)(法定)

2.單位：新臺幣千元

3.各項欄位說明詳參""新北市政府主計處網頁->附屬單位預算及綜計表->103年度附屬單位預算""(http://www.bas.ntpc.gov.tw/download/?type_id=10612)或電洽主計處查詢。"
"48257FC5-360C-4DB9-99ED-D022C6213509","108年度新北市附屬單位預算資本計畫基金現金流量綜計表(依現金流量項目分列)法定","https://data.ntpc.gov.tw/datasets/48257fc5-360c-4db9-99ed-d022c6213509","新北市政府主計處/基金預算科","不更新","財稅","公共資訊","JSON、CSV、XML","中文","單位：新臺幣千元
各項欄位說明詳參""新北市政府主計處網頁->附屬單位預算及綜計表->108年度附屬單位預算""(http://www.bas.ntpc.gov.tw/home.jsp?id=ce44096e0f12fec9)或電洽主計處查詢。"
"5A83FFD8-5EA3-4B54-88AA-C7BEEAAB5B78","107年度新北市附屬單位預算作業基金收支餘絀綜計表(依收支科目分列)(法定)","https://data.ntpc.gov.tw/datasets/5a83ffd8-5ea3-4b54-88aa-c7beeaab5b78","新北市政府主計處/基金預算科","不更新","財稅","公共資訊","JSON、CSV、XML","中文","1.107年度新北市附屬單位預算作業基金收支餘絀綜計表(依收支科目分列) (法定)

2.單位：新臺幣千元

3.各項欄位說明詳參""新北市政府主計處網頁->附屬單位預算及綜計表->107年度附屬單位預算""(http://www.bas.ntpc.gov.tw/download/?type_id=10836)或電洽主計處查詢。"
"D3DC973D-41AA-4578-9D67-57ADD2DA2CDB","103年度新北市附屬單位預算營業基金現金流量綜計表(依現金流量項目分列)(法定)","https://data.ntpc.gov.tw/datasets/d3dc973d-41aa-4578-9d67-57add2da2cdb","新北市政府主計處/基金預算科","不更新","財稅","公共資訊","JSON、CSV、XML","中文","1.103年度新北市附屬單位預算營業基金現金流量綜計表(依現金流量項目分列)(法定)

2.單位：新臺幣千元

3.各項欄位說明詳參""新北市政府主計處網頁->附屬單位預算及綜計表->103年度附屬單位預算""(http://www.bas.ntpc.gov.tw/download/?type_id=10612)或電洽主計處查詢。"
"C75F9D52-7A72-4835-B324-49065F0DA3AD","104年度新北市附屬單位預算營業基金財務摘要綜計表(法定)","https://data.ntpc.gov.tw/datasets/c75f9d52-7a72-4835-b324-49065f0da3ad","新北市政府主計處/基金預算科","不更新","財稅","公共資訊","JSON、CSV、XML","中文","1.104年度新北市附屬單位預算營業基金財務摘要綜計表(法定)

2.單位：新臺幣百萬元

3.各項欄位說明詳參""新北市政府主計處網頁->附屬單位預算及綜計表->104年度附屬單位法定預算""(http://www.bas.ntpc.gov.tw/download/?type_id=10421)或電洽主計處查詢。
"
"D21F829F-8AEA-4D6B-93C0-15826D63D926","109年度新北市附屬單位預算作業基金餘絀撥補綜計表(依撥補項目分列)","https://data.ntpc.gov.tw/datasets/d21f829f-8aea-4d6b-93c0-15826d63d926","新北市政府主計處/基金預算科","不更新","財稅","公共資訊","JSON、CSV、XML","中文","單位：新臺幣千元
各項欄位說明詳參""新北市政府主計處網頁->附屬單位預算及綜計表->109年度附屬單位預算""( http://www.bas.ntpc.gov.tw/home.jsp?id=ce44096e0f12fec9)或電洽主計處查詢。"
"3A0CD51A-ADFE-4803-88B3-0596CC0F8143","108年度新北市總預算基金別分析表-特種基金部分(預算案)","https://data.ntpc.gov.tw/datasets/3a0cd51a-adfe-4803-88b3-0596cc0f8143","新北市政府主計處/基金預算科","不更新","財稅","公共資訊","JSON、CSV、XML","中文","單位：新臺幣千元
各項欄位說明詳參""新北市政府主計處網頁->附屬單位預算及綜計表->108年度附屬單位預算""( http://www.bas.ntpc.gov.tw/home.jsp?id=ce44096e0f12fec9)或電洽主計處查詢。"
"2F7460BE-7C6E-4001-8FA1-AC655B7197BF","109年度新北市總決算歲入歲出性質及餘絀簡明分析表","https://data.ntpc.gov.tw/datasets/2f7460be-7c6e-4001-8fa1-ac655b7197bf","新北市政府主計處/會計決算科","不更新","財稅","公共資訊","JSON、CSV、XML","中文","1.109年度新北市總決算歲入歲出性質及餘絀簡明分析表 2.單位：新臺幣元 3.各項欄位說明詳參""新北市政府主計處網頁->總決算->109年度新北市總決算""(https://www.bas.ntpc.gov.tw/home.jsp?id=2d77083c299dfb04)或電洽主計處查詢。"
"27D3CF76-8DA2-45E0-B90C-496172507984","109年度新北市總決算平衡表","https://data.ntpc.gov.tw/datasets/27d3cf76-8da2-45e0-b90c-496172507984","新北市政府主計處/會計決算科","不更新","財稅","公共資訊","JSON、CSV、XML","中文","1.109年度新北市總決算平衡表2.單位：新臺幣元 3.各項欄位說明詳參""新北市政府主計處網頁->總決算->109年度新北市總決算""( https://www.bas.ntpc.gov.tw/home.jsp?id=2d77083c299dfb04)或電洽主計處查詢。"
"28C40F66-BF16-4B93-944A-42EC62A9E8DD","108年度新北市總決算平衡表","https://data.ntpc.gov.tw/datasets/28c40f66-bf16-4b93-944a-42ec62a9e8dd","新北市政府主計處/會計決算科","不更新","財稅","公共資訊","JSON、CSV、XML","中文","1.108年度新北市總決算平衡表2.單位：新臺幣元 3.各項欄位說明詳參""新北市政府主計處網頁->總決算->108年度新北市總決算""( https://www.bas.ntpc.gov.tw/home.jsp?id=2d77083c299dfb04)或電洽主計處查詢。"
"FAB4EDA5-C055-4DF8-A094-668987BE6A97","108年度新北市總決算累計餘絀計算表","https://data.ntpc.gov.tw/datasets/fab4eda5-c055-4df8-a094-668987be6a97","新北市政府主計處/會計決算科","不更新","財稅","公共資訊","JSON、CSV、XML","中文","1.108年度新北市總決算累計餘絀計算表 2.單位：新臺幣元 3.各項欄位說明詳參""新北市政府主計處網頁->總決算->108年度新北市總決算""(https://www.bas.ntpc.gov.tw/home.jsp?id=2d77083c299dfb04)或電洽主計處查詢。"
"10D4F474-5718-42AB-907B-20FDB634829D","108年度新北市總決算歲出政事別決算總表","https://data.ntpc.gov.tw/datasets/10d4f474-5718-42ab-907b-20fdb634829d","新北市政府主計處/會計決算科","不更新","財稅","公共資訊","JSON、CSV、XML","中文","1.108年度新北市總決算歲出政事別決算總表 2.單位：新臺幣元 3.各項欄位說明詳參""新北市政府主計處網頁->總決算->108年度新北市總決算""(https://www.bas.ntpc.gov.tw/home.jsp?id=2d77083c299dfb04)或電洽主計處查詢。"
"284363C6-5B51-4732-A67E-BF10FAD5717C","108年度新北市總決算歲入歲出性質及餘絀簡明分析表","https://data.ntpc.gov.tw/datasets/284363c6-5b51-4732-a67e-bf10fad5717c","新北市政府主計處/會計決算科","不更新","財稅","公共資訊","JSON、CSV、XML","中文","1.108年度新北市總決算歲入歲出性質及餘絀簡明分析表 2.單位：新臺幣元 3.各項欄位說明詳參""新北市政府主計處網頁->總決算->108年度新北市總決算""(https://www.bas.ntpc.gov.tw/home.jsp?id=2d77083c299dfb04)或電洽主計處查詢。"
"C175873C-E8B4-4E77-A262-5ACFB5557B05","109年度新北市總決算歲入來源別決算總表","https://data.ntpc.gov.tw/datasets/c175873c-e8b4-4e77-a262-5acfb5557b05","新北市政府主計處/會計決算科","不更新","財稅","公共資訊","JSON、CSV、XML","中文","1.109年度新北市總決算歲入來源別決算總表 2.單位：新臺幣元 3.各項欄位說明詳參""新北市政府主計處網頁->總決算->109年度新北市總決算""(https://www.bas.ntpc.gov.tw/home.jsp?id=2d77083c299dfb04)或電洽主計處查詢。"
"4148DF4C-5C3C-4445-B730-36AE24EBBD88","108年度新北市總決算歲出機關別決算總表","https://data.ntpc.gov.tw/datasets/4148df4c-5c3c-4445-b730-36ae24ebbd88","新北市政府主計處/會計決算科","不更新","財稅","公共資訊","JSON、CSV、XML","中文","1.108年度新北市總決算歲出機關別決算總表 2.單位：新臺幣元 3.各項欄位說明詳參""新北市政府主計處網頁->總決算->108年度新北市總決算""(https://www.bas.ntpc.gov.tw/home.jsp?id=2d77083c299dfb04)或電洽主計處查詢。"
"E268E570-663D-48C9-87CB-DFDBA8F35278","109年度新北市總決算累計餘絀計算表","https://data.ntpc.gov.tw/datasets/e268e570-663d-48c9-87cb-dfdba8f35278","新北市政府主計處/會計決算科","不更新","財稅","公共資訊","JSON、CSV、XML","中文","1.109年度新北市總決算累計餘絀計算表 2.單位：新臺幣元 3.各項欄位說明詳參""新北市政府主計處網頁->總決算->109年度新北市總決算""(https://www.bas.ntpc.gov.tw/home.jsp?id=2d77083c299dfb04)或電洽主計處查詢。"
"DE8D8E40-7EFC-44D7-8022-FF76F089E598","109年度新北市總決算收支簡明比較分析表","https://data.ntpc.gov.tw/datasets/de8d8e40-7efc-44d7-8022-ff76f089e598","新北市政府主計處/會計決算科","不更新","財稅","公共資訊","JSON、CSV、XML","中文","1.109年度新北市總決算收支簡明比較分析表 2.單位：新臺幣元 3.各項欄位說明詳參""新北市政府主計處網頁->總決算->109年度新北市總決算""( https://www.bas.ntpc.gov.tw/home.jsp?id=2d77083c299dfb04)或電洽主計處查詢。"
"C280DD6C-A38B-40AB-8476-20FD3B4ECAA6","109年度新北市總決算歲出政事別決算總表","https://data.ntpc.gov.tw/datasets/c280dd6c-a38b-40ab-8476-20fd3b4ecaa6","新北市政府主計處/會計決算科","不更新","財稅","公共資訊","JSON、CSV、XML","中文","1.109年度新北市總決算歲出政事別決算總表 2.單位：新臺幣元 3.各項欄位說明詳參""新北市政府主計處網頁->總決算->109年度新北市總決算""(https://www.bas.ntpc.gov.tw/home.jsp?id=2d77083c299dfb04)或電洽主計處查詢。"
"62249E19-3F00-453C-A4B0-0F7CAB59DD58","109年度新北市總決算歲出機關別決算總表","https://data.ntpc.gov.tw/datasets/62249e19-3f00-453c-a4b0-0f7cab59dd58","新北市政府主計處/會計決算科","不更新","財稅","公共資訊","JSON、CSV、XML","中文","1.109年度新北市總決算歲出機關別決算總表 2.單位：新臺幣元 3.各項欄位說明詳參""新北市政府主計處網頁->總決算->109年度新北市總決算""(https://www.bas.ntpc.gov.tw/home.jsp?id=2d77083c299dfb04)或電洽主計處查詢。"
"0F6C982E-6C7C-4DF3-9201-1763BA28CE02","105年度新北市總決算平衡表","https://data.ntpc.gov.tw/datasets/0f6c982e-6c7c-4df3-9201-1763ba28ce02","新北市政府主計處/會計決算科","不更新","財稅","公共資訊","JSON、CSV、XML","中文","1.105年度新北市總決算平衡表2.單位：新臺幣元 3.各項欄位說明詳參""新北市政府主計處網頁->總決算->105年度新北市總決算""( https://www.bas.ntpc.gov.tw/home.jsp?id=2d77083c299dfb04)或電洽主計處查詢。"
"8F46246F-D69A-4B56-B569-FE27F9788A68","108年度新北市附屬單位預算營業基金現金流量綜計表(依現流項目分列)(預算案)","https://data.ntpc.gov.tw/datasets/8f46246f-d69a-4b56-b569-fe27f9788a68","新北市政府主計處/基金預算科","不更新","財稅","公共資訊","JSON、CSV、XML","中文","1.108年度新北市附屬單位預算營業基金現金流量綜計表(依現金流量項目分列)(預算案)

2.單位：新臺幣千元

3. 各項欄位說明詳參""新北市政府主計處網頁->附屬單位預算及綜計表->108年度附屬單位預算案""(http://www.bas.ntpc.gov.tw/download/?mode=edit&type_id=10933)或電洽主計處查詢。"
"C522FDB4-0A3A-4953-B35D-03C9C340417C","104年度新北市附屬單位預算作業基金收支餘絀綜計表(依收支科目分列)(預算案)","https://data.ntpc.gov.tw/datasets/c522fdb4-0a3a-4953-b35d-03c9c340417c","新北市政府主計處/基金預算科","不更新","財稅","公共資訊","JSON、CSV、XML","中文","1.104年度新北市附屬單位預算作業基金收支餘絀綜計表(依收支科目分列)(預算案)

2.單位：新臺幣千元

3.各項欄位說明詳參""新北市政府主計處網頁->附屬單位預算及綜計表->104年度附屬單位預算案""( http://www.bas.ntpc.gov.tw/download/?type_id=10420)或電洽主計處查詢。

4.作業基金之新北市都市更新基金、新北市實施平均地權基金、新北市軌道建設發展基金及新北市停車場作業基金尚未經市議會審議通過。"
"C8E923EA-92FA-4F08-BA62-53FD359B12D9","103年度新北市附屬單位預算營業基金盈虧撥補綜計表(依撥補項目分列)(法定)","https://data.ntpc.gov.tw/datasets/c8e923ea-92fa-4f08-ba62-53fd359b12d9","新北市政府主計處/基金預算科","不更新","財稅","公共資訊","JSON、CSV、XML","中文","1.103年度新北市附屬單位預算營業基金盈虧撥補綜計表(依撥補項目分列)(法定)

2.單位：新臺幣千元

3.各項欄位說明詳參""新北市政府主計處網頁->附屬單位預算及綜計表->103年度附屬單位預算""(http://www.bas.ntpc.gov.tw/download/?type_id=10612)或電洽主計處查詢。"
"479416FA-C72C-4D14-8AB9-D9BEF7EC1F89","104年度新北市附屬單位預算資本計畫基金來源、用途及餘絀綜計表(預算案)","https://data.ntpc.gov.tw/datasets/479416fa-c72c-4d14-8ab9-d9bef7ec1f89","新北市政府主計處/基金預算科","不更新","財稅","公共資訊","JSON、CSV、XML","中文","1.104年度新北市附屬單位預算資本計畫基金來源、用途及餘絀綜計表(預算案)

2.單位：新臺幣千元

3.各項欄位說明詳參""新北市政府主計處網頁->附屬單位預算及綜計表->104年度附屬單位預算案""( http://www.bas.ntpc.gov.tw/download/?type_id=10420)或電洽主計處查詢。

4.資本計畫基金之新北市公共建設用地基金尚未經市議會審議通過。"
"7C3FEA3D-5CC3-4B69-94A0-0FA3304C4609","107年度新北市附屬單位預算特別收入基金現金流量綜計表(依現流分列) (法定)","https://data.ntpc.gov.tw/datasets/7c3fea3d-5cc3-4b69-94a0-0fa3304c4609","新北市政府主計處/基金預算科","不更新","財稅","公共資訊","JSON、CSV、XML","中文","1.107年度新北市附屬單位預算特別收入基金現金流量綜計表(依現金流量項目分列) (法定)

2.單位：新臺幣千元

3.各項欄位說明詳參""新北市政府主計處網頁->附屬單位預算及綜計表->107年度附屬單位預算""(http://www.bas.ntpc.gov.tw/download/?type_id=10836)或電洽主計處查詢。"
"01B49DF3-56E8-4C22-8667-8CF123AB2B6E","105年度新北市總決算歲入歲出性質及餘絀簡明分析表","https://data.ntpc.gov.tw/datasets/01b49df3-56e8-4c22-8667-8cf123ab2b6e","新北市政府主計處/會計決算科","不更新","財稅","公共資訊","JSON、CSV、XML","中文","1.105年度新北市總決算歲入歲出性質及餘絀簡明分析表 2.單位：新臺幣元 3.各項欄位說明詳參""新北市政府主計處網頁->總決算->105年度新北市總決算""(https://www.bas.ntpc.gov.tw/home.jsp?id=2d77083c299dfb04)或電洽主計處查詢。"
"754B339C-69D6-41BD-A900-B337A0E34E56","105年度新北市總決算累計餘絀計算表","https://data.ntpc.gov.tw/datasets/754b339c-69d6-41bd-a900-b337a0e34e56","新北市政府主計處/會計決算科","不更新","財稅","公共資訊","JSON、CSV、XML","中文","1.105年度新北市總決算累計餘絀計算表 2.單位：新臺幣元 3.各項欄位說明詳參""新北市政府主計處網頁->總決算->105年度新北市總決算""(https://www.bas.ntpc.gov.tw/home.jsp?id=2d77083c299dfb04)或電洽主計處查詢。4.附註表格若為空格則表示該筆無資料"
"74DECD16-4832-4E94-B33A-4CED79CB25F1","105年度新北市總決算歲出政事別決算總表","https://data.ntpc.gov.tw/datasets/74decd16-4832-4e94-b33a-4ced79cb25f1","新北市政府主計處/會計決算科","不更新","財稅","公共資訊","JSON、CSV、XML","中文","1.105年度新北市總決算歲出政事別決算總表 2.單位：新臺幣元 3.各項欄位說明詳參""新北市政府主計處網頁->總決算->105年度新北市總決算""(https://www.bas.ntpc.gov.tw/home.jsp?id=2d77083c299dfb04)或電洽主計處查詢。"
"0DFB9A2D-9598-4B66-8658-43CE3D62B847","108年度新北市附屬單位預算營業基金損益綜計表(依收支科目分列) (法定)","https://data.ntpc.gov.tw/datasets/0dfb9a2d-9598-4b66-8658-43ce3d62b847","新北市政府主計處/基金預算科","不更新","財稅","公共資訊","JSON、CSV、XML","中文","單位：新臺幣千元
各項欄位說明詳參""新北市政府主計處網頁->附屬單位預算及綜計表->108年度附屬單位預算""( http://www.bas.ntpc.gov.tw/home.jsp?id=ce44096e0f12fec9)或電洽主計處查詢。"
"2630BE91-D87B-47C6-A3A1-2E98B8723E54","105年度新北市總決算歲入來源別決算總表","https://data.ntpc.gov.tw/datasets/2630be91-d87b-47c6-a3a1-2e98b8723e54","新北市政府主計處/會計決算科","不更新","財稅","公共資訊","JSON、CSV、XML","中文","1.105年度新北市總決算歲入來源別決算總表 2.單位：新臺幣元 3.各項欄位說明詳參""新北市政府主計處網頁->總決算->105年度新北市總決算""(https://www.bas.ntpc.gov.tw/home.jsp?id=2d77083c299dfb04)或電洽主計處查詢。"
"87EE4B5E-CEE9-4B7C-A724-20110133F753","108年度新北市附屬單位預算作業基金收支餘絀綜計表(依收支科目分列) (法定)","https://data.ntpc.gov.tw/datasets/87ee4b5e-cee9-4b7c-a724-20110133f753","新北市政府主計處/基金預算科","不更新","財稅","公共資訊","JSON、CSV、XML","中文","單位：新臺幣千元
各項欄位說明詳參""新北市政府主計處網頁->附屬單位預算及綜計表->108年度附屬單位預算""(http://www.bas.ntpc.gov.tw/home.jsp?id=ce44096e0f12fec9)或電洽主計處查詢。"
"0B7D4224-3FAE-4426-AA89-9398A1FD4DAA","107年度新北市附屬單位預算營業基金盈虧撥補綜計表(依撥補項目分列) (法定)","https://data.ntpc.gov.tw/datasets/0b7d4224-3fae-4426-aa89-9398a1fd4daa","新北市政府主計處/基金預算科","不更新","財稅","公共資訊","JSON、CSV、XML","中文","1.107年度新北市附屬單位預算營業基金盈虧撥補綜計表(依撥補項目分列)(法定)

2.單位：新臺幣千元

3.各項欄位說明詳參""新北市政府主計處網頁->附屬單位預算及綜計表->107年度附屬單位預算""(http://www.bas.ntpc.gov.tw/download/?type_id=10836)或電洽主計處查詢。"
"E18EF538-DE2A-4FEA-9857-5802782F277B","108年度新北市附屬單位預算營業基金盈虧撥補綜計表(依撥補項目分列) (法定)","https://data.ntpc.gov.tw/datasets/e18ef538-de2a-4fea-9857-5802782f277b","新北市政府主計處/基金預算科","不更新","財稅","公共資訊","JSON、CSV、XML","中文","單位：新臺幣千元
各項欄位說明詳參""新北市政府主計處網頁->附屬單位預算及綜計表->108年度附屬單位預算""( http://www.bas.ntpc.gov.tw/home.jsp?id=ce44096e0f12fec9)或電洽主計處查詢。"
"2C7E407C-EA60-4103-908F-9A9A562967F1","108年度新北市附屬單位預算營業基金損益綜計表(依基金別分列) (法定)","https://data.ntpc.gov.tw/datasets/2c7e407c-ea60-4103-908f-9a9a562967f1","新北市政府主計處/基金預算科","不更新","財稅","公共資訊","JSON、CSV、XML","中文","單位：新臺幣千元
各項欄位說明詳參""新北市政府主計處網頁->附屬單位預算及綜計表->108年度附屬單位預算""( http://www.bas.ntpc.gov.tw/home.jsp?id=ce44096e0f12fec9)或電洽主計處查詢。"
"C1541108-9FDB-4B3C-9C33-E9730EC8FFA6","108年度新北市附屬單位預算營業基金現金流量綜計表(依現金流量項目分列)(法定)","https://data.ntpc.gov.tw/datasets/c1541108-9fdb-4b3c-9c33-e9730ec8ffa6","新北市政府主計處/基金預算科","不更新","財稅","公共資訊","JSON、CSV、XML","中文","單位：新臺幣千元
各項欄位說明詳參""新北市政府主計處網頁->附屬單位預算及綜計表->108年度附屬單位預算""( http://www.bas.ntpc.gov.tw/home.jsp?id=ce44096e0f12fec9)或電洽主計處查詢。"
"BF5602D2-994C-4487-8E21-62B9DE480EFC","108年度新北市總決算收支簡明比較分析表","https://data.ntpc.gov.tw/datasets/bf5602d2-994c-4487-8e21-62b9de480efc","新北市政府主計處/會計決算科","不更新","財稅","公共資訊","JSON、CSV、XML","中文","1.108年度新北市總決算收支簡明比較分析表 2.單位：新臺幣元 3.各項欄位說明詳參""新北市政府主計處網頁->總決算->108年度新北市總決算""( https://www.bas.ntpc.gov.tw/home.jsp?id=2d77083c299dfb04)或電洽主計處查詢。"
"7BF34A96-0AC7-466E-AB36-304F4355DE20","108年度新北市附屬單位預算營業基金盈虧撥補綜計表(依機關別分列)(預算案)","https://data.ntpc.gov.tw/datasets/7bf34a96-0ac7-466e-ab36-304f4355de20","新北市政府主計處/基金預算科","不更新","財稅","公共資訊","JSON、CSV、XML","中文","1.108年度新北市附屬單位預算營業基金盈虧撥補綜計表(依機關別分列)(預算案)

2.單位：新臺幣千元

3.各項欄位說明詳參""新北市政府主計處網頁->附屬單位預算及綜計表->108年度附屬單位預算案""(http://www.bas.ntpc.gov.tw/download/?mode=edit&type_id=10933)或電洽主計處查詢。"
"4374EF82-FB42-4D94-9F71-3EBC23A8C74B","104年度新北市附屬單位預算營業基金盈虧撥補綜計表(依撥補項目分列)(法定)","https://data.ntpc.gov.tw/datasets/4374ef82-fb42-4d94-9f71-3ebc23a8c74b","新北市政府主計處/基金預算科","不更新","財稅","公共資訊","JSON、CSV、XML","中文","1.104年度新北市附屬單位預算營業基金盈虧撥補綜計表(依撥補項目分列)(法定)

2.單位：新臺幣千元

3.各項欄位說明詳參""新北市政府主計處網頁->附屬單位預算及綜計表->104年度附屬單位法定預算""( http://www.bas.ntpc.gov.tw/download/?type_id=10421)或電洽主計處查詢。
"
"3154FB4D-FFFB-472A-BF45-EA216C00A91A","107年度新北市總決算歲入來源別決算總表","https://data.ntpc.gov.tw/datasets/3154fb4d-fffb-472a-bf45-ea216c00a91a","新北市政府主計處/會計決算科","不更新","財稅","公共資訊","JSON、CSV、XML","中文","1.107年度新北市總決算歲入來源別決算總表 2.單位：新臺幣元 3.各項欄位說明詳參""新北市政府主計處網頁->總決算->107年度新北市總決算""(https://www.bas.ntpc.gov.tw/home.jsp?id=2d77083c299dfb04)或電洽主計處查詢。"
"2AD0E618-41BD-47AF-BFC1-E19FA61E18A6","105年度新北市附屬單位預算營業基金現金流量綜計表(依現金流量項目分列)(法定)","https://data.ntpc.gov.tw/datasets/2ad0e618-41bd-47af-bfc1-e19fa61e18a6","新北市政府主計處/基金預算科","不更新","財稅","公共資訊","JSON、CSV、XML","中文","1.105年度新北市附屬單位預算營業基金現金流量綜計表(依現金流量項目分列)(法定)

2.單位：新臺幣千元

3.各項欄位說明詳參""新北市政府主計處網頁->附屬單位預算及綜計表->105年度附屬單位法定預算""( http://www.bas.ntpc.gov.tw/download/?type_id=10618)或電洽主計處查詢。"
"F0B03C8C-2841-4136-B693-76BAC299F18C","103年度新北市附屬單位預算作業基金餘絀撥補綜計表(依基金別分列)(預算案)","https://data.ntpc.gov.tw/datasets/f0b03c8c-2841-4136-b693-76bac299f18c","新北市政府主計處/基金預算科","不更新","財稅","公共資訊","JSON、CSV、XML","中文","1.103年度新北市附屬單位預算作業基金餘絀撥補綜計表(依基金別分列)(預算案)

2.單位：新臺幣千元

3.各項欄位說明詳參""新北市政府主計處網頁->附屬單位預算及綜計表->103年度附屬單位預算案""( http://www.bas.ntpc.gov.tw/download/?type_id=10408)或電洽主計處查詢。

4.作業基金之新北市都市更新基金、新北市實施平均地權基金及新北市軌道建設發展基金尚未經市議會審議通過。"
"A4DD176C-E6F7-4CB1-A295-37FF6D7B6420","105年度新北市總決算歲計餘絀分析表","https://data.ntpc.gov.tw/datasets/a4dd176c-e6f7-4cb1-a295-37ff6d7b6420","新北市政府主計處/會計決算科","不更新","財稅","公共資訊","JSON、CSV、XML","中文","1.105年度新北市總決算歲計餘絀分析表 2.單位：新臺幣元 3.各項欄位說明詳參""新北市政府主計處網頁->總決算->105年度新北市總決算""(https://www.bas.ntpc.gov.tw/home.jsp?id=2d77083c299dfb04)或電洽主計處查詢。"
"C8780217-E5B5-4413-B374-695C06E2C5DD","108年度新北市總決算歲入來源別決算總表","https://data.ntpc.gov.tw/datasets/c8780217-e5b5-4413-b374-695c06e2c5dd","新北市政府主計處/會計決算科","不更新","財稅","公共資訊","JSON、CSV、XML","中文","1.108年度新北市總決算歲入來源別決算總表 2.單位：新臺幣元 3.各項欄位說明詳參""新北市政府主計處網頁->總決算->108年度新北市總決算""(https://www.bas.ntpc.gov.tw/home.jsp?id=2d77083c299dfb04)或電洽主計處查詢。"
"B7947F60-5B69-45B3-BE8C-61A0D23883E3","106年度新北市總決算累計餘絀計算表 ","https://data.ntpc.gov.tw/datasets/b7947f60-5b69-45b3-be8c-61a0d23883e3","新北市政府主計處/會計決算科","不更新","財稅","公共資訊","JSON、CSV、XML","中文","1.106年度新北市總決算累計餘絀計算表 2.單位：新臺幣元 3.各項欄位說明詳參""新北市政府主計處網頁->總決算->106年度新北市總決算""(https://www.bas.ntpc.gov.tw/home.jsp?id=2d77083c299dfb04)或電洽主計處查詢。4.附註表格若為空格則表示該筆無資料"
"20A8E891-9C84-4943-B5A9-952FF7C172DF","106年度新北市總決算歲出機關別決算總表","https://data.ntpc.gov.tw/datasets/20a8e891-9c84-4943-b5a9-952ff7c172df","新北市政府主計處/會計決算科","不更新","財稅","公共資訊","JSON、CSV、XML","中文","1.106年度新北市總決算歲出機關別決算總表 2.單位：新臺幣元 3.各項欄位說明詳參""新北市政府主計處網頁->總決算->106年度新北市總決算""(https://www.bas.ntpc.gov.tw/home.jsp?id=2d77083c299dfb04)或電洽主計處查詢。"
"36518017-1CBE-4302-B436-4F38C0D2208F","106年度新北市總決算歲出政事別決算總表 ","https://data.ntpc.gov.tw/datasets/36518017-1cbe-4302-b436-4f38c0d2208f","新北市政府主計處/會計決算科","不更新","財稅","公共資訊","JSON、CSV、XML","中文","1.106年度新北市總決算歲出政事別決算總表 2.單位：新臺幣元 3.各項欄位說明詳參""新北市政府主計處網頁->總決算->106年度新北市總決算""(https://www.bas.ntpc.gov.tw/home.jsp?id=2d77083c299dfb04)或電洽主計處查詢。"
"5B26F428-C304-4692-A06D-E112700ED732","106年度新北市總決算平衡表","https://data.ntpc.gov.tw/datasets/5b26f428-c304-4692-a06d-e112700ed732","新北市政府主計處/會計決算科","不更新","財稅","公共資訊","JSON、CSV、XML","中文","1.106年度新北市總決算平衡表2.單位：新臺幣元 3.各項欄位說明詳參""新北市政府主計處網頁->總決算->106年度新北市總決算""(https://www.bas.ntpc.gov.tw/home.jsp?id=2d77083c299dfb04)或電洽主計處查詢。"
"42C82056-D277-4A22-A681-F213C335216A","108年度新北市附屬單位預算特別收入基金現金流量綜計表(依基金別分列) (法定)","https://data.ntpc.gov.tw/datasets/42c82056-d277-4a22-a681-f213c335216a","新北市政府主計處/基金預算科","不更新","財稅","公共資訊","JSON、CSV、XML","中文","單位：新臺幣千元
各項欄位說明詳參""新北市政府主計處網頁->附屬單位預算及綜計表->108年度附屬單位預算""( http://www.bas.ntpc.gov.tw/home.jsp?id=ce44096e0f12fec9)或電洽主計處查詢。"
"DABE9DC0-83BB-4A1A-86A4-84EEB3D1E524","108年度新北市附屬單位預算營業基金財務摘要綜計表(法定)","https://data.ntpc.gov.tw/datasets/dabe9dc0-83bb-4a1a-86a4-84eeb3d1e524","新北市政府主計處/基金預算科","不更新","財稅","公共資訊","JSON、CSV、XML","中文","單位：新臺幣百萬元
各項欄位說明詳參""新北市政府主計處網頁->附屬單位預算及綜計表->108年度附屬單位預算""( http://www.bas.ntpc.gov.tw/home.jsp?id=ce44096e0f12fec9)或電洽主計處查詢。"
"CF160D86-280F-45E6-891D-15A845911F6F","107年度新北市總決算歲出機關別決算總表","https://data.ntpc.gov.tw/datasets/cf160d86-280f-45e6-891d-15a845911f6f","新北市政府主計處/會計決算科","不更新","財稅","公共資訊","JSON、CSV、XML","中文","1.107年度新北市總決算歲出機關別決算總表 2.單位：新臺幣元 3.各項欄位說明詳參""新北市政府主計處網頁->總決算->107年度新北市總決算""(https://www.bas.ntpc.gov.tw/home.jsp?id=2d77083c299dfb04)或電洽主計處查詢。"
"9CC1C8D3-779F-41B2-AB54-45BBD7F225AF","108年度新北市附屬單位預算營業基金現金流量綜計表(依基金別分列) (法定)","https://data.ntpc.gov.tw/datasets/9cc1c8d3-779f-41b2-ab54-45bbd7f225af","新北市政府主計處/基金預算科","不更新","財稅","公共資訊","JSON、CSV、XML","中文","單位：新臺幣千元
各項欄位說明詳參""新北市政府主計處網頁->附屬單位預算及綜計表->108年度附屬單位預算""( http://www.bas.ntpc.gov.tw/home.jsp?id=ce44096e0f12fec9)或電洽主計處查詢。"
"ED33400C-C64F-4F0D-829F-E55F020BAF57","108年度新北市附屬單位預算作業基金現金流量綜計表(依基金別分列)(法定)","https://data.ntpc.gov.tw/datasets/ed33400c-c64f-4f0d-829f-e55f020baf57","新北市政府主計處/基金預算科","不更新","財稅","公共資訊","JSON、CSV、XML","中文","單位：新臺幣千元
各項欄位說明詳參""新北市政府主計處網頁->附屬單位預算及綜計表->108年度附屬單位預算""( http://www.bas.ntpc.gov.tw/home.jsp?id=ce44096e0f12fec9)或電洽主計處查詢。"
"94A91632-52D9-45E1-807E-E1382236813E","107年度新北市總決算歲出政事別決算總表","https://data.ntpc.gov.tw/datasets/94a91632-52d9-45e1-807e-e1382236813e","新北市政府主計處/會計決算科","不更新","財稅","公共資訊","JSON、CSV、XML","中文","1.107年度新北市總決算歲出政事別決算總表 2.單位：新臺幣元 3.各項欄位說明詳參""新北市政府主計處網頁->總決算->107年度新北市總決算""(https://www.bas.ntpc.gov.tw/home.jsp?id=2d77083c299dfb04)或電洽主計處查詢。"
"CCFDD43F-863D-4242-8659-F92325FB346E","107年度新北市總決算累計餘絀計算表","https://data.ntpc.gov.tw/datasets/ccfdd43f-863d-4242-8659-f92325fb346e","新北市政府主計處/會計決算科","不更新","財稅","公共資訊","JSON、CSV、XML","中文","1.107年度新北市總決算累計餘絀計算表 2.單位：新臺幣元 3.各項欄位說明詳參""新北市政府主計處網頁->總決算->107年度新北市總決算""(https://www.bas.ntpc.gov.tw/home.jsp?id=2d77083c299dfb04)或電洽主計處查詢。"
"C224C8B3-5D76-427E-A8B2-A2BC14CAC919","106年度新北市總決算收支簡明比較分析表 ","https://data.ntpc.gov.tw/datasets/c224c8b3-5d76-427e-a8b2-a2bc14cac919","新北市政府主計處/會計決算科","不更新","財稅","公共資訊","JSON、CSV、XML","中文","1.106年度新北市總決算收支簡明比較分析表 2.單位：新臺幣元 3.各項欄位說明詳參""新北市政府主計處網頁->總決算->106年度新北市總決算""(https://www.bas.ntpc.gov.tw/home.jsp?id=2d77083c299dfb04)或電洽主計處查詢。"
"1885E76F-C2BF-41AC-A968-B987603E3E91","106年度新北市總決算歲入歲出性質及餘絀簡明分析表","https://data.ntpc.gov.tw/datasets/1885e76f-c2bf-41ac-a968-b987603e3e91","新北市政府主計處/會計決算科","不更新","財稅","公共資訊","JSON、CSV、XML","中文","1.106年度新北市總決算歲入歲出性質及餘絀簡明分析表 2.單位：新臺幣元 3.各項欄位說明詳參""新北市政府主計處網頁->總決算->106年度新北市總決算""(https://www.bas.ntpc.gov.tw/home.jsp?id=2d77083c299dfb04)或電洽主計處查詢。"
"52428DB0-B20E-4A34-9139-E958B4AE3C50","108年度新北市附屬單位預算特別收入基金來源、用途及餘絀綜計表(法定)","https://data.ntpc.gov.tw/datasets/52428db0-b20e-4a34-9139-e958b4ae3c50","新北市政府主計處/基金預算科","不更新","財稅","公共資訊","JSON、CSV、XML","中文","單位：新臺幣千元
各項欄位說明詳參""新北市政府主計處網頁->附屬單位預算及綜計表->108年度附屬單位預算""( http://www.bas.ntpc.gov.tw/home.jsp?id=ce44096e0f12fec9)或電洽主計處查詢。"
"213BF1A5-B858-4D77-A872-BDA63DC9C4F1","107年度新北市總決算平衡表","https://data.ntpc.gov.tw/datasets/213bf1a5-b858-4d77-a872-bda63dc9c4f1","新北市政府主計處/會計決算科","不更新","財稅","公共資訊","JSON、CSV、XML","中文","1.107年度新北市總決算平衡表2.單位：新臺幣元 3.各項欄位說明詳參""新北市政府主計處網頁->總決算->107年度新北市總決算""( https://www.bas.ntpc.gov.tw/home.jsp?id=2d77083c299dfb04)或電洽主計處查詢。"
"C79E4EFE-143C-45AF-91AD-E41A59F25A2A","109年度新北市附屬單位預算作業基金收支餘絀綜計表(依基金別分列)","https://data.ntpc.gov.tw/datasets/c79e4efe-143c-45af-91ad-e41a59f25a2a","新北市政府主計處/基金預算科","不更新","財稅","公共資訊","JSON、CSV、XML","中文","單位：新臺幣千元
各項欄位說明詳參""新北市政府主計處網頁->附屬單位預算及綜計表->109年度附屬單位預算""( http://www.bas.ntpc.gov.tw/home.jsp?id=ce44096e0f12fec9)或電洽主計處查詢。"
"73797A3A-F501-40C8-8E39-16D58045E88C","107年度新北市總決算收支簡明比較分析表","https://data.ntpc.gov.tw/datasets/73797a3a-f501-40c8-8e39-16d58045e88c","新北市政府主計處/會計決算科","不更新","財稅","公共資訊","JSON、CSV、XML","中文","1.107年度新北市總決算收支簡明比較分析表 2.單位：新臺幣元 3.各項欄位說明詳參""新北市政府主計處網頁->總決算->107年度新北市總決算""( https://www.bas.ntpc.gov.tw/home.jsp?id=2d77083c299dfb04)或電洽主計處查詢。"
"69C6AB82-5A37-4128-B607-E38A7AF87146","107年度新北市總決算歲入歲出性質及餘絀簡明分析表","https://data.ntpc.gov.tw/datasets/69c6ab82-5a37-4128-b607-e38a7af87146","新北市政府主計處/會計決算科","不更新","財稅","公共資訊","JSON、CSV、XML","中文","1.107年度新北市總決算歲入歲出性質及餘絀簡明分析表 2.單位：新臺幣元 3.各項欄位說明詳參""新北市政府主計處網頁->總決算->107年度新北市總決算""(https://www.bas.ntpc.gov.tw/home.jsp?id=2d77083c299dfb04)或電洽主計處查詢。"
"3097B3B8-8655-4AFC-AA44-754DD37B1C19","106年度新北市總決算歲入來源別決算總表","https://data.ntpc.gov.tw/datasets/3097b3b8-8655-4afc-aa44-754dd37b1c19","新北市政府主計處/會計決算科","不更新","財稅","公共資訊","JSON、CSV、XML","中文","1.106年度新北市總決算歲入來源別決算總表 2.單位：新臺幣元 3.各項欄位說明詳參""新北市政府主計處網頁->總決算->106年度新北市總決算""(https://www.bas.ntpc.gov.tw/home.jsp?id=2d77083c299dfb04)或電洽主計處查詢。"
"F7F35D00-7C5E-4E92-A9C3-B9050FEA75D8","105年度新北市總決算歲出機關別決算總表","https://data.ntpc.gov.tw/datasets/f7f35d00-7c5e-4e92-a9c3-b9050fea75d8","新北市政府主計處/會計決算科","不更新","財稅","公共資訊","JSON、CSV、XML","中文","1.105年度新北市總決算歲出機關別決算總表 2.單位：新臺幣元 3.各項欄位說明詳參""新北市政府主計處網頁->總決算->105年度新北市總決算""(https://www.bas.ntpc.gov.tw/home.jsp?id=2d77083c299dfb04)或電洽主計處查詢。"
"9C5C38BA-F7C2-4728-9346-A6B7B78F52EF","105年度新北市總決算收支簡明比較分析表","https://data.ntpc.gov.tw/datasets/9c5c38ba-f7c2-4728-9346-a6b7b78f52ef","新北市政府主計處/會計決算科","不更新","財稅","公共資訊","JSON、CSV、XML","中文","1.105年度新北市總決算收支簡明比較分析表 2.單位：新臺幣元 3.各項欄位說明詳參""新北市政府主計處網頁->總決算->105年度新北市總決算""( https://www.bas.ntpc.gov.tw/home.jsp?id=2d77083c299dfb04)或電洽主計處查詢。"
"AF5E66B7-5D00-4877-96A1-487F32B8AD8C","新北市113年土地徵收統計表","https://data.ntpc.gov.tw/datasets/af5e66b7-5d00-4877-96a1-487f32b8ad8c","新北市政府地政局/徵收科","每年","地政","購屋及遷徙","JSON、CSV、XML","中文","新北市113年度土地徵收筆數、面積及補償費統計資料"
"6FF1479E-1DD8-42E7-ADE2-C95B5A13F4C1","新北市政府代為標售地籍清理土地及建物公告清冊","https://data.ntpc.gov.tw/datasets/6ff1479e-1dd8-42e7-ade2-c95b5a13f4c1","新北市政府地政局/地籍科","每年","地政","購屋及遷徙","JSON、CSV、XML","中文","依地籍清理條例第11條之規定辦理代為標售公告清冊-113年度第4批"
"306A0277-A652-40EE-9ABA-D33CA06873DE","新北市政府辦理地籍清理土地及建物代為標售價金保管款清冊","https://data.ntpc.gov.tw/datasets/306a0277-a652-40ee-9aba-d33ca06873de","新北市政府地政局/地籍科","每年","地政","購屋及遷徙","JSON、CSV、XML","中文","新北市政府辦理111年度第6批地籍清理土地及建物代為標售價金保管款清冊"
"B271158C-01E9-4F0F-AEBD-8B9627BBABA7","104年度新北市總決算平衡表","https://data.ntpc.gov.tw/datasets/b271158c-01e9-4f0f-aebd-8b9627bbaba7","新北市政府主計處/會計決算科","不更新","統計","公共資訊","JSON、CSV、XML","中文","1.104年度新北市總決算平衡表2.單位：新臺幣元 3.各項欄位說明詳參""新北市政府主計處網頁->總決算->104年度新北市總決算""( https://www.bas.ntpc.gov.tw/home.jsp?id=2d77083c299dfb04)或電洽主計處查詢。"
"8A02934B-0D02-46C9-9982-0B6671C58D48","104年度新北市總決算歲入歲出性質及餘絀簡明分析表","https://data.ntpc.gov.tw/datasets/8a02934b-0d02-46c9-9982-0b6671c58d48","新北市政府主計處/會計決算科","不更新","財稅","公共資訊","JSON、CSV、XML","中文","1.104年度新北市總決算歲入歲出性質及餘絀簡明分析表 2.單位：新臺幣元 3.各項欄位說明詳參""新北市政府主計處網頁->總決算->104年度新北市總決算""(https://www.bas.ntpc.gov.tw/home.jsp?id=2d77083c299dfb04)或電洽主計處查詢。"
"4957C646-ED87-4B90-9EF7-245358D78806","104年度新北市總決算歲入歲出簡明分析表","https://data.ntpc.gov.tw/datasets/4957c646-ed87-4b90-9ef7-245358d78806","新北市政府主計處/會計決算科","不更新","財稅","公共資訊","JSON、CSV、XML","中文","1.104年度新北市總決算歲入歲出簡明分析表 2.單位：新臺幣元 3.各項欄位說明詳參""新北市政府主計處網頁->總決算->104年度新北市總決算""(https://www.bas.ntpc.gov.tw/home.jsp?id=2d77083c299dfb04)或電洽主計處查詢。"
"6D2851CB-1AFB-4AD1-8AFF-C6D7EC4B1E11","105年度新北市總決算歲入歲出簡明分析表 ","https://data.ntpc.gov.tw/datasets/6d2851cb-1afb-4ad1-8aff-c6d7ec4b1e11","新北市政府主計處/會計決算科","不更新","財稅","公共資訊","JSON、CSV、XML","中文","1.105年度新北市總決算歲入歲出簡明分析表 2.單位：新臺幣元 3.各項欄位說明詳參新北市政府主計處網頁->總決算->105年度新北市總決算https://www.bas.ntpc.gov.tw/home.jsp?id=2d77083c299dfb04或電洽主計處查詢。比較增減數為決算數減預算數，增減百分比為比較增減數除以預算數。"
"24AFD1A3-FFC9-4B6F-9B27-3EF95382876D","106年度新北市總決算歲入歲出簡明分析表","https://data.ntpc.gov.tw/datasets/24afd1a3-ffc9-4b6f-9b27-3ef95382876d","新北市政府主計處/會計決算科","不更新","財稅","公共資訊","JSON、CSV、XML","中文","1.106年度新北市總決算歲入歲出簡明分析表 2.單位：新臺幣元 3.各項欄位說明詳參""新北市政府主計處網頁->總決算->106年度新北市總決算""(https://www.bas.ntpc.gov.tw/home.jsp?id=2d77083c299dfb04)或電洽主計處查詢。"
"7F2FC415-9100-439C-8BB9-15EE480F4A4F","107年度新北市總決算歲入歲出簡明分析表","https://data.ntpc.gov.tw/datasets/7f2fc415-9100-439c-8bb9-15ee480f4a4f","新北市政府主計處/會計決算科","不更新","財稅","公共資訊","JSON、CSV、XML","中文","1.107年度新北市總決算歲入歲出簡明分析表 2.單位：新臺幣元 3.各項欄位說明詳參""新北市政府主計處網頁->總決算->107年度新北市總決算""(https://www.bas.ntpc.gov.tw/home.jsp?id=2d77083c299dfb04)或電洽主計處查詢。"
"086FD05E-35F0-4789-845B-FAE23DF033D3","109年度新北市總決算歲入歲出簡明分析表","https://data.ntpc.gov.tw/datasets/086fd05e-35f0-4789-845b-fae23df033d3","新北市政府主計處/會計決算科","不更新","財稅","公共資訊","JSON、CSV、XML","中文","1.109年度新北市總決算歲入歲出簡明分析表 2.單位：新臺幣元 3.各項欄位說明詳參""新北市政府主計處網頁->總決算->109年度新北市總決算""(https://www.bas.ntpc.gov.tw/home.jsp?id=2d77083c299dfb04)或電洽主計處查詢。"
"D2C84530-8F86-4632-ABC1-DABE8A4DA253","112年度新北市附屬單位預算資本計畫基金來源、用途及餘絀綜計表","https://data.ntpc.gov.tw/datasets/d2c84530-8f86-4632-abc1-dabe8a4da253","新北市政府主計處/基金預算科","不更新","財稅","公共資訊","JSON、CSV、XML","中文","1.單位：新臺幣千元。2.各項欄位說明詳參新北市政府主計處網頁或電洽主計處查詢。"
"496F14D5-D99B-469D-8770-B4AD79488E8F","112年度新北市附屬單位預算作業基金收支餘絀綜計表(依收支科目分列)","https://data.ntpc.gov.tw/datasets/496f14d5-d99b-469d-8770-b4ad79488e8f","新北市政府主計處/基金預算科","不更新","財稅","公共資訊","JSON、CSV、XML","中文","1.單位：新臺幣千元。2.各項欄位說明詳參""新北市政府主計處網頁""或電洽主計處查詢。"
"F2DCE1B2-DB1D-4C2E-983C-8516A988E242","110年度地政士開業及異動年報統計表","https://data.ntpc.gov.tw/datasets/f2dce1b2-db1d-4c2e-983c-8516a988e242","新北市政府地政局/地籍科","不更新","地政","購屋及遷徙","JSON、CSV、XML","中文","110年度地政士開業及異動年報-統計表"
"D38EBDF8-0F86-439A-8393-F8702280EFA8","111年度地政士開業及異動年報統計表","https://data.ntpc.gov.tw/datasets/d38ebdf8-0f86-439a-8393-f8702280efa8","新北市政府地政局/地籍科","不更新","地政","購屋及遷徙","JSON、CSV、XML","中文","111年度地政士開業及異動年報-統計表"
"34EC945D-9903-4DEE-95FB-55D3B64D5447","112年度新北市附屬單位預算營業基金資本增減綜計表","https://data.ntpc.gov.tw/datasets/34ec945d-9903-4dee-95fb-55d3b64d5447","新北市政府主計處/基金預算科","不更新","財稅","公共資訊","JSON、CSV、XML","中文","1.單位：新臺幣千元。2.各項欄位說明詳參""新北市政府主計處網頁""或電洽主計處查詢。"
"B7202E49-A29E-485E-B452-6C660B0C0BEA","106年度新北市總決算歲計餘絀分析表","https://data.ntpc.gov.tw/datasets/b7202e49-a29e-485e-b452-6c660b0c0bea","新北市政府主計處/會計決算科","不更新","財稅","公共資訊","JSON、CSV、XML","中文","1.106年度新北市總決算歲計餘絀分析表 2.單位：新臺幣元 3.各項欄位說明詳參""新北市政府主計處網頁->總決算->106年度新北市總決算""(https://www.bas.ntpc.gov.tw/home.jsp?id=2d77083c299dfb04)或電洽主計處查詢。"
"1C63EF6B-58B7-4B44-90A1-E7409C556EC1","110年度新北市總決算歲出機關別決算總表","https://data.ntpc.gov.tw/datasets/1c63ef6b-58b7-4b44-90a1-e7409c556ec1","新北市政府主計處/會計決算科","不更新","財稅","公共資訊","JSON、CSV、XML","中文","1.110年度新北市總決算歲出機關別決算總表2.單位：新臺幣元 3.各項欄位說明詳參""新北市政府主計處網頁->總決算->110年度新北市總決算""( https://www.bas.ntpc.gov.tw/home.jsp?id=2d77083c299dfb04)或電洽主計處查詢。"
"9F982D46-D694-4B23-8A72-163F8CB091A9","110年度新北市總決算歲出政事別決算總表","https://data.ntpc.gov.tw/datasets/9f982d46-d694-4b23-8a72-163f8cb091a9","新北市政府主計處/會計決算科","不更新","財稅","公共資訊","JSON、CSV、XML","中文","1.110年度新北市總決算歲出政事別決算總表2.單位：新臺幣元 3.各項欄位說明詳參""新北市政府主計處網頁->總決算->110年度新北市總決算""( https://www.bas.ntpc.gov.tw/home.jsp?id=2d77083c299dfb04)或電洽主計處查詢。"
"F30F75F6-9069-4A13-8F72-DE4F2535B407","110年度新北市總決算歲入歲出性質及餘絀簡明分析表","https://data.ntpc.gov.tw/datasets/f30f75f6-9069-4a13-8f72-de4f2535b407","新北市政府主計處/會計決算科","不更新","財稅","公共資訊","JSON、CSV、XML","中文","1.110年度新北市總決算歲入歲出性質及餘絀簡明分析表2.單位：新臺幣元 3.各項欄位說明詳參""新北市政府主計處網頁->總決算->110年度新北市總決算""( https://www.bas.ntpc.gov.tw/home.jsp?id=2d77083c299dfb04)或電洽主計處查詢。"
"5278E881-092B-4DBF-8600-435501FBC19D","110年度新北市總決算歲入來源別決算總表","https://data.ntpc.gov.tw/datasets/5278e881-092b-4dbf-8600-435501fbc19d","新北市政府主計處/會計決算科","不更新","財稅","公共資訊","JSON、CSV、XML","中文","1.110年度新北市總決算歲入來源別決算總表2.單位：新臺幣元 3.各項欄位說明詳參""新北市政府主計處網頁->總決算->110年度新北市總決算""( https://www.bas.ntpc.gov.tw/home.jsp?id=2d77083c299dfb04)或電洽主計處查詢。"
"83893E8A-82C7-4E3A-AD3F-7EE275CD0F93","110年度新北市總決算累計餘絀計算表","https://data.ntpc.gov.tw/datasets/83893e8a-82c7-4e3a-ad3f-7ee275cd0f93","新北市政府主計處/會計決算科","不更新","財稅","公共資訊","JSON、CSV、XML","中文","1.110年度新北市總決算累計餘絀計算表2.單位：新臺幣元 3.各項欄位說明詳參""新北市政府主計處網頁->總決算->110年度新北市總決算""( https://www.bas.ntpc.gov.tw/home.jsp?id=2d77083c299dfb04)或電洽主計處查詢。"
"D1E97C7A-5C18-4C35-A2E6-D3F114B1F513","110年度新北市總決算收支簡明比較分析表","https://data.ntpc.gov.tw/datasets/d1e97c7a-5c18-4c35-a2e6-d3f114b1f513","新北市政府主計處/會計決算科","不更新","財稅","公共資訊","JSON、CSV、XML","中文","1.110年度新北市總決算收支簡明比較分析表2.單位：新臺幣元 3.各項欄位說明詳參""新北市政府主計處網頁->總決算->110年度新北市總決算""( https://www.bas.ntpc.gov.tw/home.jsp?id=2d77083c299dfb04)或電洽主計處查詢。"
"F213D4C4-FDA4-4A75-B5F9-10E86942B13D","110年度新北市總決算平衡表","https://data.ntpc.gov.tw/datasets/f213d4c4-fda4-4a75-b5f9-10e86942b13d","新北市政府主計處/會計決算科","不更新","財稅","公共資訊","JSON、CSV、XML","中文","1.110年度新北市總決算平衡表2.單位：新臺幣元 3.各項欄位說明詳參""新北市政府主計處網頁->總決算->110年度新北市總決算""( https://www.bas.ntpc.gov.tw/home.jsp?id=2d77083c299dfb04)或電洽主計處查詢。"
"D7BD55BB-010B-4058-A921-0B08964865AB","106年度新北市附屬單位預算營業基金損益綜計表(依機關別分列)(法定)","https://data.ntpc.gov.tw/datasets/d7bd55bb-010b-4058-a921-0b08964865ab","新北市政府主計處/基金預算科","不更新","財稅","公共資訊","JSON、CSV、XML","中文","1.106年度新北市附屬單位預算營業基金損益綜計表(依機關別分列)(法定)

2.單位：新臺幣千元

3.各項欄位說明詳參""新北市政府主計處網頁->附屬單位預算及綜計表->106年度附屬單位預算""(http://www.bas.ntpc.gov.tw/download/?type_id=10772)或電洽主計處查詢。
"
"F15BAC29-455C-47F3-8629-51E58EB061DF","108年度新北市附屬單位預算作業基金現金流量綜計表(依基金別分列)(預算案)","https://data.ntpc.gov.tw/datasets/f15bac29-455c-47f3-8629-51e58eb061df","新北市政府主計處/基金預算科","不更新","財稅","公共資訊","JSON、CSV、XML","中文","1.108年度新北市附屬單位預算作業基金現金流量綜計表(依基金別分列)(預算案)

2.單位：新臺幣千元

3.各項欄位說明詳參""新北市政府主計處網頁->附屬單位預算及綜計表->108年度附屬單位預算案""(http://www.bas.ntpc.gov.tw/download/?mode=edit&type_id=10933)或電洽主計處查詢。"
"8770E68C-DEDB-4E3C-A4AF-6010616D87A6","107年度新北市附屬單位預算營業基金固定資產建設改良擴充資金來源綜計表(法定)","https://data.ntpc.gov.tw/datasets/8770e68c-dedb-4e3c-a4af-6010616d87a6","新北市政府主計處/基金預算科","不更新","財稅","公共資訊","JSON、CSV、XML","中文","1.107年度新北市附屬單位預算營業基金固定資產建設改良擴充資金來源綜計表(法定)

2.單位：新臺幣千元

3. 各項欄位說明詳參""新北市政府主計處網頁->附屬單位預算及綜計表->107年度附屬單位預算""(http://www.bas.ntpc.gov.tw/download/?type_id=10836)或電洽主計處查詢。"
"7061B68B-B7ED-4AF4-9B77-B4B36E14BADA","108年度新北市總預算基金別分析表-特種基金部分(法定)","https://data.ntpc.gov.tw/datasets/7061b68b-b7ed-4af4-9b77-b4b36e14bada","新北市政府主計處/基金預算科","不更新","財稅","公共資訊","JSON、CSV、XML","中文","單位：新臺幣千元
各項欄位說明詳參""新北市政府主計處網頁->附屬單位預算及綜計表->108年度附屬單位預算""( http://www.bas.ntpc.gov.tw/home.jsp?id=ce44096e0f12fec9)或電洽主計處查詢。"
"5F527799-9040-46DD-935D-2656DF00673D","109年度新北市附屬單位預算營業基金固定資產建設改良擴充資金來源綜計表","https://data.ntpc.gov.tw/datasets/5f527799-9040-46dd-935d-2656df00673d","新北市政府主計處/基金預算科","不更新","財稅","公共資訊","JSON、CSV、XML","中文","單位：新臺幣千元
各項欄位說明詳參""新北市政府主計處網頁->附屬單位預算及綜計表->109年度附屬單位預算""( http://www.bas.ntpc.gov.tw/home.jsp?id=ce44096e0f12fec9)或電洽主計處查詢。
"
"20F21B5E-06B0-4204-961F-BA1CDD227818","107年度新北市附屬單位預算營業基金現金流量綜計表(依機關別分列) (法定)","https://data.ntpc.gov.tw/datasets/20f21b5e-06b0-4204-961f-ba1cdd227818","新北市政府主計處/基金預算科","不更新","財稅","公共資訊","JSON、CSV、XML","中文","1.107年度新北市附屬單位預算營業基金現金流量綜計表(依機關別分列)(法定)

2.單位：新臺幣千元

3.各項欄位說明詳參""新北市政府主計處網頁->附屬單位預算及綜計表->107年度附屬單位預算""(http://www.bas.ntpc.gov.tw/download/?type_id=10836)或電洽主計處查詢。"
"5A7D2AB9-79EE-4BAD-8EEB-81328ECA64E3","108年度新北市附屬單位預算營業基金盈虧撥補綜計表(依基金別分列) (法定)","https://data.ntpc.gov.tw/datasets/5a7d2ab9-79ee-4bad-8eeb-81328eca64e3","新北市政府主計處/基金預算科","不更新","財稅","公共資訊","JSON、CSV、XML","中文","單位：新臺幣千元
各項欄位說明詳參""新北市政府主計處網頁->附屬單位預算及綜計表->108年度附屬單位預算""( http://www.bas.ntpc.gov.tw/home.jsp?id=ce44096e0f12fec9)或電洽主計處查詢。"
"6199EC5F-4DF9-420F-BE08-433BD3A125DF","107年度新北市附屬單位預算資本計畫基金來源、用途及餘絀綜計表(法定)","https://data.ntpc.gov.tw/datasets/6199ec5f-4df9-420f-be08-433bd3a125df","新北市政府主計處/基金預算科","不更新","財稅","公共資訊","JSON、CSV、XML","中文","1.107年度新北市附屬單位預算資本計畫基金來源、用途及餘絀綜計表(法定)

2.單位：新臺幣千元

3.各項欄位說明詳參""新北市政府主計處網頁->附屬單位預算及綜計表->107年度附屬單位預算""(http://www.bas.ntpc.gov.tw/download/?type_id=10836)或電洽主計處查詢。"
"F6E1189F-B7D7-42EE-8137-3FA09D6515CD","104年度新北市附屬單位預算營業基金現金流量綜計表(依機關別分列)(法定)","https://data.ntpc.gov.tw/datasets/f6e1189f-b7d7-42ee-8137-3fa09d6515cd","新北市政府主計處/基金預算科","不更新","財稅","公共資訊","JSON、CSV、XML","中文","1.104年度新北市附屬單位預算營業基金現金流量綜計表(依機關別分列)(法定)

2.單位：新臺幣千元

3.各項欄位說明詳參""新北市政府主計處網頁->附屬單位預算及綜計表->104年度附屬單位法定預算""( http://www.bas.ntpc.gov.tw/download/?type_id=10421)或電洽主計處查詢。
"
"5831DB9E-AD92-4DDE-ABE1-348679E544A9","104年度新北市附屬單位預算營業基金損益綜計表(依機關別分列)(法定)","https://data.ntpc.gov.tw/datasets/5831db9e-ad92-4dde-abe1-348679e544a9","新北市政府主計處/基金預算科","不更新","財稅","公共資訊","JSON、CSV、XML","中文","1.104年度新北市附屬單位預算營業基金損益綜計表(依機關別分列)(法定)

2.單位：新臺幣千元

3.各項欄位說明詳參""新北市政府主計處網頁->附屬單位預算及綜計表->104年度附屬單位法定預算""( http://www.bas.ntpc.gov.tw/download/?type_id=10421)或電洽主計處查詢。
"
"1EC7728B-CD44-4B42-A42F-3BE38D64B488","103年度新北市附屬單位預算作業基金餘絀撥補綜計表(依撥補項目分列)(預算案)","https://data.ntpc.gov.tw/datasets/1ec7728b-cd44-4b42-a42f-3be38d64b488","新北市政府主計處/基金預算科","不更新","財稅","公共資訊","JSON、CSV、XML","中文","1.103年度新北市附屬單位預算作業基金餘絀撥補綜計表(依撥補項目分列)(預算案)

2.單位：新臺幣千元
3.各項欄位說明詳參""新北市政府主計處網頁->附屬單位預算及綜計表->103年度附屬單位預算案""( http://www.bas.ntpc.gov.tw/download/?type_id=10408)或電洽主計處查詢。

4.作業基金之新北市都市更新基金、新北市實施平均地權基金及新北市軌道建設發展基金尚未經市議會審議通過。"
"0BCDBEE9-4664-4D20-AE28-40EF4FA89191","103年度新北市附屬單位預算作業基金現金流量綜計表(依現流項目分列)(預算案)","https://data.ntpc.gov.tw/datasets/0bcdbee9-4664-4d20-ae28-40ef4fa89191","新北市政府主計處/基金預算科","不更新","財稅","公共資訊","JSON、CSV、XML","中文","1.103年度新北市附屬單位預算作業基金現金流量綜計表(依現金流量項目分列)(預算案)

2.單位：新臺幣千元

3.各項欄位說明詳參""新北市政府主計處網頁->附屬單位預算及綜計表->103年度附屬單位預算案""( http://www.bas.ntpc.gov.tw/download/?type_id=10408)或電洽主計處查詢。

4.作業基金之新北市都市更新基金、新北市實施平均地權基金及新北市軌道建設發展基金尚未經市議會審議通過。"
"B0E16AF3-2CF4-4798-B165-1371E482FDA2","107年度新北市附屬單位預算作業基金收支餘絀綜計表(依基金別分列) (法定)","https://data.ntpc.gov.tw/datasets/b0e16af3-2cf4-4798-b165-1371e482fda2","新北市政府主計處/基金預算科","不更新","財稅","公共資訊","JSON、CSV、XML","中文","1.107年度新北市附屬單位預算作業基金收支餘絀綜計表(依基金別分列) (法定)

2.單位：新臺幣千元

3. 各項欄位說明詳參""新北市政府主計處網頁->附屬單位預算及綜計表->107年度附屬單位預算""(http://www.bas.ntpc.gov.tw/download/?type_id=10836)或電洽主計處查詢。"
"179735BF-C0FC-4F72-8417-0B28CB038411","103年度新北市附屬單位預算營業基金固定資產建設改良擴充資金來源綜計表(法定)","https://data.ntpc.gov.tw/datasets/179735bf-c0fc-4f72-8417-0b28cb038411","新北市政府主計處/基金預算科","不更新","財稅","公共資訊","JSON、CSV、XML","中文","1.103年度新北市附屬單位預算營業基金固定資產建設改良擴充資金來源綜計表(法定)

2.單位：新臺幣千元

3.各項欄位說明詳參""新北市政府主計處網頁->附屬單位預算及綜計表->103年度附屬單位預算""(http://www.bas.ntpc.gov.tw/download/?type_id=10612)或電洽主計處查詢。"
"3D339C89-80A1-4DEC-A6FE-0A4B42A18FB8","107年度新北市附屬單位預算營業基金損益綜計表(依收支科目分列) (法定)","https://data.ntpc.gov.tw/datasets/3d339c89-80a1-4dec-a6fe-0a4b42a18fb8","新北市政府主計處/基金預算科","不更新","財稅","公共資訊","JSON、CSV、XML","中文","1.107年度新北市附屬單位預算營業基金損益綜計表(依收支科目分列)(法定)

2.單位：新臺幣千元

3.各項欄位說明詳參""新北市政府主計處網頁->附屬單位預算及綜計表->107年度附屬單位預算""(http://www.bas.ntpc.gov.tw/download/?type_id=10836)或電洽主計處查詢。"
"A1FE0824-71B6-4D05-BEA7-618153CE2E6E","108年度新北市附屬單位預算作業基金餘絀撥補綜計表(依撥補項目分列) (法定)","https://data.ntpc.gov.tw/datasets/a1fe0824-71b6-4d05-bea7-618153ce2e6e","新北市政府主計處/基金預算科","不更新","財稅","公共資訊","JSON、CSV、XML","中文","各項欄位說明詳參""新北市政府主計處網頁->附屬單位預算及綜計表->108年度附屬單位預算""( http://www.bas.ntpc.gov.tw/home.jsp?id=ce44096e0f12fec9)或電洽主計處查詢。"
"7A5DA4EF-271A-4C92-9B96-3CCC632A6B7D","103年度新北市附屬單位預算營業基金財務摘要綜計表(法定)","https://data.ntpc.gov.tw/datasets/7a5da4ef-271a-4c92-9b96-3ccc632a6b7d","新北市政府主計處/基金預算科","不更新","財稅","公共資訊","JSON、CSV、XML","中文","1.103年度新北市附屬單位預算營業基金財務摘要綜計表(法定)

2.單位：新臺幣百萬元

3.各項欄位說明詳參""新北市政府主計處網頁->附屬單位預算及綜計表->103年度附屬單位預算""(http://www.bas.ntpc.gov.tw/download/?type_id=10612)或電洽主計處查詢。"
"91242406-3E62-4DE6-9C53-2D8B47A81B7E","107年度新北市附屬單位預算作業基金餘絀撥補綜計表(依基金別分列) (法定)","https://data.ntpc.gov.tw/datasets/91242406-3e62-4de6-9c53-2d8b47a81b7e","新北市政府主計處/基金預算科","不更新","財稅","公共資訊","JSON、CSV、XML","中文","1.107年度新北市附屬單位預算作業基金餘絀撥補綜計表(依基金別分列) (法定)

2.單位：新臺幣千元

3. 各項欄位說明詳參""新北市政府主計處網頁->附屬單位預算及綜計表->107年度附屬單位預算""(http://www.bas.ntpc.gov.tw/download/?type_id=10836)或電洽主計處查詢。"
"F126E6F4-F136-4F39-8DE1-1BC7EFBEFE5E","108年度新北市附屬單位預算資本計畫基金來源、用途及餘絀綜計表(預算案)","https://data.ntpc.gov.tw/datasets/f126e6f4-f136-4f39-8de1-1bc7efbefe5e","新北市政府主計處/基金預算科","不更新","財稅","公共資訊","JSON、CSV、XML","中文","1.108年度新北市附屬單位預算資本計畫基金來源、用途及餘絀綜計表(預算案)

2.單位：新臺幣千元

3.各項欄位說明詳參""新北市政府主計處網頁->附屬單位預算及綜計表->108年度附屬單位預算案""(http://www.bas.ntpc.gov.tw/download/?mode=edit&type_id=10933)或電洽主計處查詢。"
"DC4BF81B-5009-4B6D-BBB5-3480B1D6552D","107年度新北市附屬單位預算作業基金餘絀撥補綜計表(依撥補項目分列) (法定)","https://data.ntpc.gov.tw/datasets/dc4bf81b-5009-4b6d-bbb5-3480b1d6552d","新北市政府主計處/基金預算科","不更新","財稅","公共資訊","JSON、CSV、XML","中文","1.107年度新北市附屬單位預算作業基金餘絀撥補綜計表(依撥補項目分列) (法定)

2.單位：新臺幣千元

3.各項欄位說明詳參""新北市政府主計處網頁->附屬單位預算及綜計表->107年度附屬單位預算""(http://www.bas.ntpc.gov.tw/download/?type_id=10836)或電洽主計處查詢。"
"9113EA62-FD04-46E4-B1A7-6EE1DE924F2A","104年度新北市附屬單位預算特別收入基金來源、用途及餘絀綜計表(預算案)","https://data.ntpc.gov.tw/datasets/9113ea62-fd04-46e4-b1a7-6ee1de924f2a","新北市政府主計處/基金預算科","不更新","財稅","公共資訊","JSON、CSV、XML","中文","1.104年度新北市附屬單位預算特別收入基金來源、用途及餘絀綜計表(預算案)

2.單位：新臺幣千元

3.各項欄位說明詳參""新北市政府主計處網頁->附屬單位預算及綜計表->104年度附屬單位預算案""( http://www.bas.ntpc.gov.tw/download/?type_id=10420)或電洽主計處查詢。

4.特別收入基金之新北市空氣污染防制基金尚未經市議會審議通過。
"
"CBBFADC3-D0B1-41C8-80A1-DD8CCF4329D7","108年度新北市附屬單位預算作業基金餘絀撥補綜計表(依基金別分列) (法定)","https://data.ntpc.gov.tw/datasets/cbbfadc3-d0b1-41c8-80a1-dd8ccf4329d7","新北市政府主計處/基金預算科","不更新","財稅","公共資訊","JSON、CSV、XML","中文","單位：新臺幣千元
各項欄位說明詳參""新北市政府主計處網頁->附屬單位預算及綜計表->108年度附屬單位預算""( http://www.bas.ntpc.gov.tw/home.jsp?id=ce44096e0f12fec9)或電洽主計處查詢。
"
"2932699B-B299-4FD0-8B03-7606B6FF40C8","104年度新北市附屬單位預算作業基金收支餘絀綜計表(依基金別分列)(預算案)","https://data.ntpc.gov.tw/datasets/2932699b-b299-4fd0-8b03-7606b6ff40c8","新北市政府主計處/基金預算科","不更新","財稅","公共資訊","JSON、CSV、XML","中文","1.104年度新北市附屬單位預算作業基金收支餘絀綜計表(依基金別分列)(預算案)

2.單位：新臺幣千元

3.各項欄位說明詳參""新北市政府主計處網頁->附屬單位預算及綜計表->104年度附屬單位預算案""( http://www.bas.ntpc.gov.tw/download/?type_id=10420)或電洽主計處查詢。

4.作業基金之新北市都市更新基金、新北市實施平均地權基金、新北市軌道建設發展基金及新北市停車場作業基金尚未經市議會審議通過。"
"C5D3CF58-B5C7-4C76-AAE1-AAB6F83461EA","107年度新北市附屬單位預算作業基金現金流量綜計表(依現金流量分列) (法定)","https://data.ntpc.gov.tw/datasets/c5d3cf58-b5c7-4c76-aae1-aab6f83461ea","新北市政府主計處/基金預算科","不更新","財稅","公共資訊","JSON、CSV、XML","中文","1.107年度新北市附屬單位預算作業基金現金流量綜計表(依現金流量項目分列)(法定)

2.單位：新臺幣千元

3.各項欄位說明詳參""新北市政府主計處網頁->附屬單位預算及綜計表->107年度附屬單位預算""(http://www.bas.ntpc.gov.tw/download/?type_id=10836)或電洽主計處查詢。"
"14CFC02B-7A89-4C63-83E5-10BEAF371B03","105年度新北市附屬單位預算特別收入基金現金流量綜計表(依現流分列)(法定)","https://data.ntpc.gov.tw/datasets/14cfc02b-7a89-4c63-83e5-10beaf371b03","新北市政府主計處/基金預算科","不更新","財稅","公共資訊","JSON、CSV、XML","中文","1.105年度新北市附屬單位預算特別收入基金現金流量綜計表(依現金流量項目分列)(法定)

2.單位：新臺幣千元

3.各項欄位說明詳參""新北市政府主計處網頁->附屬單位預算及綜計表->105年度附屬單位法定預算""( http://www.bas.ntpc.gov.tw/download/?type_id=10618)或電洽主計處查詢。
"
"AA2FF538-3B8B-48FE-982F-C24439D40BF7","103年度新北市附屬單位預算營業基金現金流量綜計表(依機關別分列)(法定)","https://data.ntpc.gov.tw/datasets/aa2ff538-3b8b-48fe-982f-c24439d40bf7","新北市政府主計處/基金預算科","不更新","財稅","公共資訊","JSON、CSV、XML","中文","1.103年度新北市附屬單位預算營業基金現金流量綜計表(依機關別分列)(法定)

2.單位：新臺幣千元

3.各項欄位說明詳參""新北市政府主計處網頁->附屬單位預算及綜計表->103年度附屬單位預算""(http://www.bas.ntpc.gov.tw/download/?type_id=10612)或電洽主計處查詢。"
"355468B2-1830-456D-BE51-C9C3BBAEE8AB","107年度新北市附屬單位預算營業基金損益綜計表(依機關別分列) (法定)","https://data.ntpc.gov.tw/datasets/355468b2-1830-456d-be51-c9c3bbaee8ab","新北市政府主計處/基金預算科","不更新","財稅","公共資訊","JSON、CSV、XML","中文","1.107年度新北市附屬單位預算營業基金損益綜計表(依機關別分列) (法定)

2.單位：新臺幣千元

3.各項欄位說明詳參""新北市政府主計處網頁->附屬單位預算及綜計表->107年度附屬單位預算""(http://www.bas.ntpc.gov.tw/download/?type_id=10836)或電洽主計處查詢。"
"A36AEB0F-CFD1-48EB-BFC4-D75D787E54A4","104年度新北市附屬單位預算營業基金固定資產建設改良擴充資金來源綜計表(法定)","https://data.ntpc.gov.tw/datasets/a36aeb0f-cfd1-48eb-bfc4-d75d787e54a4","新北市政府主計處/基金預算科","不更新","財稅","公共資訊","JSON、CSV、XML","中文","1.104年度新北市附屬單位預算營業基金固定資產建設改良擴充資金來源綜計表(法定)

2.單位：新臺幣千元

3.各項欄位說明詳參""新北市政府主計處網頁->附屬單位預算及綜計表->104年度附屬單位法定預算""( http://www.bas.ntpc.gov.tw/download/?type_id=10421)或電洽主計處查詢。
"
"79998F4F-5627-4673-83FE-B80A25F3EFD9","108年度新北市附屬單位預算特別收入基金現金流量綜計表(依現流分列)(預算案)","https://data.ntpc.gov.tw/datasets/79998f4f-5627-4673-83fe-b80a25f3efd9","新北市政府主計處/基金預算科","不更新","財稅","公共資訊","JSON、CSV、XML","中文","1.108年度新北市附屬單位預算特別收入基金現金流量綜計表(依現金流量項目分列)(預算案)

2.單位：新臺幣千元

3.各項欄位說明詳參""新北市政府主計處網頁->附屬單位預算及綜計表->108年度附屬單位預算案""(http://www.bas.ntpc.gov.tw/download/?mode=edit&type_id=10933)或電洽主計處查詢。"
"33C8802B-1393-4505-8D60-92BBC4DD83B0","107年度新北市附屬單位預算營業基金資本增減綜計表(法定)","https://data.ntpc.gov.tw/datasets/33c8802b-1393-4505-8d60-92bbc4dd83b0","新北市政府主計處/基金預算科","不更新","財稅","公共資訊","JSON、CSV、XML","中文","1.107年度新北市附屬單位預算營業基金資本增減綜計表(法定)

2.單位：新臺幣千元

3.各項欄位說明詳參""新北市政府主計處網頁->附屬單位預算及綜計表->107年度附屬單位預算""(http://www.bas.ntpc.gov.tw/download/?type_id=10836)或電洽主計處查詢。"
"6944DF34-7A0E-4736-ACE2-6BAFCF32B60A","104年度新北市附屬單位預算營業基金損益綜計表(依收支科目分列)(法定)","https://data.ntpc.gov.tw/datasets/6944df34-7a0e-4736-ace2-6bafcf32b60a","新北市政府主計處/基金預算科","不更新","財稅","公共資訊","JSON、CSV、XML","中文","1.104年度新北市附屬單位預算營業基金損益綜計表(依收支科目分列)(法定)

2.單位：新臺幣千元

3.各項欄位說明詳參""新北市政府主計處網頁->附屬單位預算及綜計表->104年度附屬單位法定預算""( http://www.bas.ntpc.gov.tw/download/?type_id=10421)或電洽主計處查詢。
"
"47BB6B8F-D921-451B-8828-3699721530B7","110年度新北市總決算歲入歲出簡明分析表","https://data.ntpc.gov.tw/datasets/47bb6b8f-d921-451b-8828-3699721530b7","新北市政府主計處/會計決算科","不更新","財稅","公共資訊","JSON、CSV、XML","中文","1.110年度新北市總決算歲入歲出簡明分析表2.單位：新臺幣元 3.各項欄位說明詳參""新北市政府主計處網頁->總決算->110年度新北市總決算""( https://www.bas.ntpc.gov.tw/home.jsp?id=2d77083c299dfb04)或電洽主計處查詢。"
"20D4AFF6-37A0-4A59-AEEE-75D09A5CAB6F","104年度新北市總決算歲出機關別決算總表","https://data.ntpc.gov.tw/datasets/20d4aff6-37a0-4a59-aeee-75d09a5cab6f","新北市政府主計處/會計決算科","不更新","財稅","公共資訊","JSON、CSV、XML","中文","1.104年度新北市總決算歲出機關別決算總表 2.單位：新臺幣元 3.各項欄位說明詳參""新北市政府主計處網頁->總決算->104年度新北市總決算""(https://www.bas.ntpc.gov.tw/home.jsp?id=2d77083c299dfb04)或電洽主計處查詢。"
"B6B2A8F4-FA10-4571-9DA2-667BE1B8DA65","108年度新北市總決算歲入歲出簡明分析表","https://data.ntpc.gov.tw/datasets/b6b2a8f4-fa10-4571-9da2-667be1b8da65","新北市政府主計處/會計決算科","不更新","財稅","公共資訊","JSON、CSV、XML","中文","1.108年度新北市總決算歲入歲出簡明分析表 2.單位：新臺幣元 3.各項欄位說明詳參""新北市政府主計處網頁->總決算->108年度新北市總決算""(https://www.bas.ntpc.gov.tw/home.jsp?id=2d77083c299dfb04)或電洽主計處查詢。"
"91FC601A-994A-45EC-897D-C21527EAD510","104年度新北市總決算歲出政事別決算總表","https://data.ntpc.gov.tw/datasets/91fc601a-994a-45ec-897d-c21527ead510","新北市政府主計處/會計決算科","不更新","統計","公共資訊","JSON、CSV、XML","中文","1.104年度新北市總決算歲出政事別決算總表 2.單位：新臺幣元 3.各項欄位說明詳參""新北市政府主計處網頁->總決算->104年度新北市總決算""(https://www.bas.ntpc.gov.tw/home.jsp?id=2d77083c299dfb04)或電洽主計處查詢。"
"69E5EC7B-8FF8-4AAB-888A-3E85245F3B2D","104年度新北市總決算收支簡明比較分析表","https://data.ntpc.gov.tw/datasets/69e5ec7b-8ff8-4aab-888a-3e85245f3b2d","新北市政府主計處/會計決算科","不更新","統計","公共資訊","JSON、CSV、XML","中文","1.104年度新北市總決算收支簡明比較分析表 2.單位：新臺幣元 3.各項欄位說明詳參""新北市政府主計處網頁->總決算->104年度新北市總決算""( https://www.bas.ntpc.gov.tw/home.jsp?id=2d77083c299dfb04)或電洽主計處查詢。"
"B1041227-4D90-4BE2-BFAC-8A3355ADD611","104年度新北市總決算歲入來源別決算總表","https://data.ntpc.gov.tw/datasets/b1041227-4d90-4be2-bfac-8a3355add611","新北市政府主計處/會計決算科","不更新","統計","公共資訊","JSON、CSV、XML","中文","1.104年度新北市總決算歲入來源別決算總表 2.單位：新臺幣元 3.各項欄位說明詳參""新北市政府主計處網頁->總決算->104年度新北市總決算""(https://www.bas.ntpc.gov.tw/home.jsp?id=2d77083c299dfb04)或電洽主計處查詢。"
"0375A473-468F-4836-AA85-408A3AF87FDA","104年度新北市總決算歲計餘絀分析表","https://data.ntpc.gov.tw/datasets/0375a473-468f-4836-aa85-408a3af87fda","新北市政府主計處/會計決算科","不更新","統計","公共資訊","JSON、CSV、XML","中文","1.104年度新北市總決算歲計餘絀分析表 2.單位：新臺幣元 3.各項欄位說明詳參""新北市政府主計處網頁->總決算->104年度新北市總決算""(https://www.bas.ntpc.gov.tw/home.jsp?id=2d77083c299dfb04)或電洽主計處查詢。"
"AE85EB17-B4C1-4724-99B4-7FB2EDC20409","配合簽定供氣契約瓦斯行清冊","https://data.ntpc.gov.tw/datasets/ae85eb17-b4c1-4724-99b4-7fb2edc20409","新北市政府消防局/危險物品管理科","每年","消防","生活安全及品質","JSON、CSV、XML","中文","配合簽定供氣契約瓦斯行清冊。"
"84EA5E70-3E88-4124-AB6F-83747361A5E2","新北市政府消防局捐贈消防人員車輛及裝備器材芳名錄","https://data.ntpc.gov.tw/datasets/84ea5e70-3e88-4124-ab6f-83747361a5e2","新北市政府消防局/災害搶救科","每年","消防","公共資訊","JSON、CSV、XML","中文","新北市政府消防局捐贈消防人員車輛及裝備器材捐贈資料"
"5E423D7C-63F2-49B6-BBCE-75465DB5D12C","救護車裝備捐贈芳名錄","https://data.ntpc.gov.tw/datasets/5e423d7c-63f2-49b6-bbce-75465db5d12c","新北市政府消防局/緊急救護科","每年","消防","公共資訊","JSON、CSV、XML","中文","救護車裝備捐贈資訊"
"3D6DEFB2-BFFB-47C5-BBAC-FE3EF095D16A","111年度新北市附屬單位預算營業基金盈虧撥補綜計表(依撥補項目分列)","https://data.ntpc.gov.tw/datasets/3d6defb2-bffb-47c5-bbac-fe3ef095d16a","新北市政府主計處/基金預算科","不更新","財稅","公共資訊","JSON、CSV、XML","中文","1.單位：新臺幣千元。2.各項欄位說明詳參""新北市政府主計處網頁""或電洽主計處查詢。"
"ADE57B07-AE9C-4715-8333-F2C22C9A9876","112年度新北市附屬單位預算資本計畫基金現金流量綜計表(依現金流量項目分列)","https://data.ntpc.gov.tw/datasets/ade57b07-ae9c-4715-8333-f2c22c9a9876","新北市政府主計處/基金預算科","不更新","財稅","公共資訊","JSON、CSV、XML","中文","1.單位：新臺幣千元。2.各項欄位說明詳參""新北市政府主計處網頁""或電洽主計處查詢。"
"11A5B289-915D-4223-937B-3844535404D4","112年度新北市附屬單位預算作業基金餘絀撥補綜計表(依基金別分列)","https://data.ntpc.gov.tw/datasets/11a5b289-915d-4223-937b-3844535404d4","新北市政府主計處/基金預算科","不更新","財稅","公共資訊","JSON、CSV、XML","中文","1.單位：新臺幣千元。2.各項欄位說明詳參新北市政府主計處網頁或電洽主計處查詢。"
"F60CB943-26BA-4968-B5E9-A10763CDE480","112年度新北市附屬單位預算營業基金損益綜計表(依基金別分列)","https://data.ntpc.gov.tw/datasets/f60cb943-26ba-4968-b5e9-a10763cde480","新北市政府主計處/基金預算科","不更新","財稅","公共資訊","JSON、CSV、XML","中文","1.單位：新臺幣千元。2.各項欄位說明詳參""新北市政府主計處網頁""或電洽主計處查詢。"
"B02B3558-0553-4725-BC50-6FA1C18572C7","112年度新北市附屬單位預算營業基金現金流量綜計表(依現金流量項目分列)","https://data.ntpc.gov.tw/datasets/b02b3558-0553-4725-bc50-6fa1c18572c7","新北市政府主計處/基金預算科","不更新","財稅","公共資訊","JSON、CSV、XML","中文","1.單位：新臺幣千元。2.各項欄位說明詳參新北市政府主計處網頁或電洽主計處查詢。"
"7BE5088C-4360-48F7-885E-D330A2EC6C38","112年度新北市附屬單位預算資本計畫基金現金流量綜計表(依基金別分列)","https://data.ntpc.gov.tw/datasets/7be5088c-4360-48f7-885e-d330a2ec6c38","新北市政府主計處/基金預算科","不更新","財稅","公共資訊","JSON、CSV、XML","中文","1.單位：新臺幣千元。2.各項欄位說明詳參新北市政府主計處網頁或電洽主計處查詢。"
"4905944A-0BC4-4DFB-82F0-0A01D92385F1","112年度新北市附屬單位預算作業基金收支餘絀綜計表(依基金別分列)","https://data.ntpc.gov.tw/datasets/4905944a-0bc4-4dfb-82f0-0a01d92385f1","新北市政府主計處/基金預算科","不更新","財稅","公共資訊","JSON、CSV、XML","中文","1.單位：新臺幣千元。2.各項欄位說明詳參""新北市政府主計處網頁""或電洽主計處查詢。"
"3BE44D15-0823-42D9-A21D-DC0B409AC9E1","112年度新北市附屬單位預算特別收入基金現金流量綜計表(依基金別分列)","https://data.ntpc.gov.tw/datasets/3be44d15-0823-42d9-a21d-dc0b409ac9e1","新北市政府主計處/基金預算科","不更新","財稅","公共資訊","JSON、CSV、XML","中文","1.單位：新臺幣千元。2.各項欄位說明詳參新北市政府主計處網頁或電洽主計處查詢。"
"7B59819D-A868-4F94-A884-AB2CEB8BE042","112年度新北市附屬單位預算營業基金現金流量綜計表(依基金別分列)","https://data.ntpc.gov.tw/datasets/7b59819d-a868-4f94-a884-ab2ceb8be042","新北市政府主計處/基金預算科","不更新","財稅","公共資訊","JSON、CSV、XML","中文","1.單位：新臺幣千元。2.各項欄位說明詳參""新北市政府主計處網頁""或電洽主計處查詢。"
"CF9DB687-675D-4B45-9E54-43A90AB7C201","112年度新北市附屬單位預算作業基金現金流量綜計表(依現金流量項目分列)","https://data.ntpc.gov.tw/datasets/cf9db687-675d-4b45-9e54-43a90ab7c201","新北市政府主計處/基金預算科","不更新","財稅","公共資訊","JSON、CSV、XML","中文","1.單位：新臺幣千元。2.各項欄位說明詳參""新北市政府主計處網頁""或電洽主計處查詢。"
"F6CFB896-C784-4951-9BE9-6AD1CC6DE26D","111年度新北市附屬單位預算營業基金盈虧撥補綜計表(依機關別分列)(預算案)","https://data.ntpc.gov.tw/datasets/f6cfb896-c784-4951-9be9-6ad1cc6de26d","新北市政府主計處/基金預算科","不更新","財稅","公共資訊","JSON、CSV、XML","中文","1.單位：新臺幣千元。2.各項欄位說明詳參新北市政府主計處網頁或電洽主計處查詢。"
"DD81E828-77D9-4825-9A17-5DFA129DA1CE","111年度新北市附屬單位預算營業基金損益綜計表(依收支科目分列)","https://data.ntpc.gov.tw/datasets/dd81e828-77d9-4825-9a17-5dfa129da1ce","新北市政府主計處/基金預算科","不更新","財稅","公共資訊","JSON、CSV、XML","中文","1.單位：新臺幣千元。2.各項欄位說明詳參""新北市政府主計處網頁""或電洽主計處查詢。"
"B6A4075A-9C25-45A5-99B4-E62EB3819649","111年度新北市附屬單位預算營業基金財務摘要綜計表","https://data.ntpc.gov.tw/datasets/b6a4075a-9c25-45a5-99b4-e62eb3819649","新北市政府主計處/基金預算科","不更新","財稅","公共資訊","JSON、CSV、XML","中文","1.單位：新臺幣百萬元。2.各項欄位說明詳參""新北市政府主計處網頁""或電洽主計處查詢。"
"A90D06A6-047A-44D8-923C-7A404DF38349","111年度新北市附屬單位預算特別收入基金來源、用途及餘絀綜計表","https://data.ntpc.gov.tw/datasets/a90d06a6-047a-44d8-923c-7a404df38349","新北市政府主計處/基金預算科","不更新","財稅","公共資訊","JSON、CSV、XML","中文","1.單位：新臺幣千元。2.各項欄位說明詳參""新北市政府主計處網頁""或電洽主計處查詢。"
"DE3D1A6D-9358-4770-88C2-86978AD9F566","111年度新北市附屬單位預算營業基金現金流量綜計表(依現金流量項目分列)","https://data.ntpc.gov.tw/datasets/de3d1a6d-9358-4770-88c2-86978ad9f566","新北市政府主計處/基金預算科","不更新","財稅","公共資訊","JSON、CSV、XML","中文","1.單位：新臺幣千元。2.各項欄位說明詳參""新北市政府主計處網頁""或電洽主計處查詢。"
"BBFF5563-DB9E-4FB9-8F44-B171B0ECEA72","111年度新北市附屬單位預算營業基金資本增減綜計表","https://data.ntpc.gov.tw/datasets/bbff5563-db9e-4fb9-8f44-b171b0ecea72","新北市政府主計處/基金預算科","不更新","財稅","公共資訊","JSON、CSV、XML","中文","1.單位：新臺幣千元。2.各項欄位說明詳參""新北市政府主計處網頁""或電洽主計處查詢。"
"A45F4697-12FC-4D99-A327-CAC2521476B2","111年度新北市附屬單位預算作業基金餘絀撥補綜計表(依撥補項目分列)","https://data.ntpc.gov.tw/datasets/a45f4697-12fc-4d99-a327-cac2521476b2","新北市政府主計處/基金預算科","不更新","財稅","公共資訊","JSON、CSV、XML","中文","1.單位：新臺幣千元。2.各項欄位說明詳參""新北市政府主計處網頁""或電洽主計處查詢。"
"29DEDDDB-8AEC-45F6-BCDF-E8F748F4E443","111年度新北市附屬單位預算營業基金固定資產建設改良擴充資金來源綜計表","https://data.ntpc.gov.tw/datasets/29dedddb-8aec-45f6-bcdf-e8f748f4e443","新北市政府主計處/基金預算科","不更新","財稅","公共資訊","JSON、CSV、XML","中文","1.單位：新臺幣千元。2.各項欄位說明詳參""新北市政府主計處網頁""或電洽主計處查詢。"
"103F4555-D9E2-4DBD-9A9F-A1FC02C1AA9A","111年度新北市附屬單位預算營業基金盈虧撥補綜計表(依基金別分列)","https://data.ntpc.gov.tw/datasets/103f4555-d9e2-4dbd-9a9f-a1fc02c1aa9a","新北市政府主計處/基金預算科","不更新","財稅","公共資訊","JSON、CSV、XML","中文","1.單位：新臺幣千元。2.各項欄位說明詳參""新北市政府主計處網頁""或電洽主計處查詢。"
"D18C237B-D413-48C7-AEFC-FCAD8A635ABF","111年度新北市附屬單位預算作業基金現金流量綜計表(依現金流量項目分列)","https://data.ntpc.gov.tw/datasets/d18c237b-d413-48c7-aefc-fcad8a635abf","新北市政府主計處/基金預算科","不更新","財稅","公共資訊","JSON、CSV、XML","中文","1.單位：新臺幣千元。2.各項欄位說明詳參""新北市政府主計處網頁""或電洽主計處查詢。"
"20ACE8B6-8F6D-4975-9E7B-59E07AE5730B","111年度新北市附屬單位預算作業基金收支餘絀綜計表(依基金別分列)","https://data.ntpc.gov.tw/datasets/20ace8b6-8f6d-4975-9e7b-59e07ae5730b","新北市政府主計處/基金預算科","不更新","財稅","公共資訊","JSON、CSV、XML","中文","1.單位：新臺幣千元。2.各項欄位說明詳參""新北市政府主計處網頁""或電洽主計處查詢。"
"0553BEDB-1316-4C13-952D-CE16F2C23AD3","111年度新北市附屬單位預算作業基金收支餘絀綜計表(依收支科目分列)","https://data.ntpc.gov.tw/datasets/0553bedb-1316-4c13-952d-ce16f2c23ad3","新北市政府主計處/基金預算科","不更新","財稅","公共資訊","JSON、CSV、XML","中文","1.單位：新臺幣千元。2.各項欄位說明詳參""新北市政府主計處網頁""或電洽主計處查詢。"
"DDF19D5F-599C-4ABC-B69B-34B1ED6EFDF1","111年度新北市附屬單位預算特別收入基金現金流量綜計表(依現金流量項目分列)","https://data.ntpc.gov.tw/datasets/ddf19d5f-599c-4abc-b69b-34b1ed6efdf1","新北市政府主計處/基金預算科","不更新","財稅","公共資訊","JSON、CSV、XML","中文","1.單位：新臺幣千元。2.各項欄位說明詳參""新北市政府主計處網頁""或電洽主計處查詢。"
"6668985E-3A32-4129-BB72-7BB41FF5081C","110年度新北市附屬單位預算作業基金收支餘絀綜計表(依收支科目分列)","https://data.ntpc.gov.tw/datasets/6668985e-3a32-4129-bb72-7bb41ff5081c","新北市政府主計處/基金預算科","不更新","財稅","公共資訊","JSON、CSV、XML","中文","1.單位：新臺幣千元。2.各項欄位說明詳參""新北市政府主計處網頁""或電洽主計處查詢。"
"9D08E3DD-6FBE-445D-B634-1131B155C545","110年度新北市附屬單位預算作業基金收支餘絀綜計表(依基金別分列)","https://data.ntpc.gov.tw/datasets/9d08e3dd-6fbe-445d-b634-1131b155c545","新北市政府主計處/基金預算科","不更新","財稅","公共資訊","JSON、CSV、XML","中文","1.單位：新臺幣千元。2.各項欄位說明詳參""新北市政府主計處網頁""或電洽主計處查詢。"
"A901ADE5-7AA2-459C-8C9C-12386E7C66D9","110年度新北市附屬單位預算作業基金現金流量綜計表(依現金流量項目分列)","https://data.ntpc.gov.tw/datasets/a901ade5-7aa2-459c-8c9c-12386e7c66d9","新北市政府主計處/基金預算科","不更新","財稅","公共資訊","JSON、CSV、XML","中文","1.單位：新臺幣千元。2.各項欄位說明詳參""新北市政府主計處網頁""或電洽主計處查詢。"
"ED7B2D7B-FD07-4437-AA61-DDDD8029DC59","110年度新北市附屬單位預算特別收入基金來源、用途及餘絀綜計表","https://data.ntpc.gov.tw/datasets/ed7b2d7b-fd07-4437-aa61-dddd8029dc59","新北市政府主計處/基金預算科","不更新","財稅","公共資訊","JSON、CSV、XML","中文","1.單位：新臺幣千元。2.各項欄位說明詳參""新北市政府主計處網頁""或電洽主計處查詢。"
"2BB75745-2BDC-432A-881B-12239FB7A6DC","110年度新北市附屬單位預算營業基金盈虧撥補綜計表(依基金別分列)","https://data.ntpc.gov.tw/datasets/2bb75745-2bdc-432a-881b-12239fb7a6dc","新北市政府主計處/基金預算科","不更新","財稅","公共資訊","JSON、CSV、XML","中文","1.單位：新臺幣千元。2.各項欄位說明詳參""新北市政府主計處網頁""或電洽主計處查詢。"
"D37D453D-3749-4FFA-B818-25770C05C4C9","110年度新北市附屬單位預算營業基金固定資產建設改良擴充資金來源綜計表","https://data.ntpc.gov.tw/datasets/d37d453d-3749-4ffa-b818-25770c05c4c9","新北市政府主計處/基金預算科","不更新","財稅","公共資訊","JSON、CSV、XML","中文","1.單位：新臺幣千元。2.各項欄位說明詳參""新北市政府主計處網頁""或電洽主計處查詢。"
"3523AE7D-8803-47F2-ACFC-84A6B9AE3B0D","110年度新北市附屬單位預算作業基金餘絀撥補綜計表(依撥補項目分列)","https://data.ntpc.gov.tw/datasets/3523ae7d-8803-47f2-acfc-84a6b9ae3b0d","新北市政府主計處/基金預算科","不更新","財稅","公共資訊","JSON、CSV、XML","中文","1.單位：新臺幣千元。2.各項欄位說明詳參""新北市政府主計處網頁""或電洽主計處查詢。"
"67FB2D10-6CDA-48B2-BF5F-CC4BB41EB7BA","110年度新北市附屬單位預算營業基金現金流量綜計表(依現金流量項目分列)","https://data.ntpc.gov.tw/datasets/67fb2d10-6cda-48b2-bf5f-cc4bb41eb7ba","新北市政府主計處/基金預算科","不更新","財稅","公共資訊","JSON、CSV、XML","中文","1.單位：新臺幣千元。2.各項欄位說明詳參""新北市政府主計處網頁""或電洽主計處查詢。"
"4315BD6A-38FC-4381-8C28-37E3E9AE975F","110年度新北市附屬單位預算營業基金資本增減綜計表","https://data.ntpc.gov.tw/datasets/4315bd6a-38fc-4381-8c28-37e3e9ae975f","新北市政府主計處/基金預算科","不更新","財稅","公共資訊","JSON、CSV、XML","中文","1.單位：新臺幣千元。2.各項欄位說明詳參""新北市政府主計處網頁""或電洽主計處查詢。"
"BF4FD6B7-207D-4113-83A5-A735FCAE3495","110年度新北市附屬單位預算營業基金財務摘要綜計表","https://data.ntpc.gov.tw/datasets/bf4fd6b7-207d-4113-83a5-a735fcae3495","新北市政府主計處/基金預算科","不更新","財稅","公共資訊","JSON、CSV、XML","中文","1.單位：新臺幣百萬元。2.各項欄位說明詳參""新北市政府主計處網頁""或電洽主計處查詢。"
"6A31B21D-94D6-415E-9A18-77C06B7BD877","110年度新北市附屬單位預算營業基金損益綜計表(依收支科目分列)","https://data.ntpc.gov.tw/datasets/6a31b21d-94d6-415e-9a18-77c06b7bd877","新北市政府主計處/基金預算科","不更新","財稅","公共資訊","JSON、CSV、XML","中文","1.單位：新臺幣千元。2.各項欄位說明詳參""新北市政府主計處網頁""或電洽主計處查詢。"
"A29BE071-0CA0-4C82-8242-135FD1D587C7","110年度新北市附屬單位預算營業基金盈虧撥補綜計表(依機關別分列)(預算案)","https://data.ntpc.gov.tw/datasets/a29be071-0ca0-4c82-8242-135fd1d587c7","新北市政府主計處/基金預算科","不更新","財稅","公共資訊","JSON、CSV、XML","中文","1.110年度新北市附屬單位預算營業基金盈虧撥補綜計表(依機關別分列)(預算案)2.單位：新臺幣千元3.各項欄位說明詳參""新北市政府主計處網頁""或電洽主計處查詢。"
"65400095-D3C9-419F-8F4A-194D0C63D53D","熱水器遷移更換補助","https://data.ntpc.gov.tw/datasets/65400095-d3c9-419f-8f4a-194d0c63d53d","新北市政府消防局/危險物品管理科","每年","消防","生活安全及品質","JSON、CSV、XML","中文","熱水器遷移或更換補助3,000元"
"842D0887-071F-4F67-AEB5-7DA724004703","新北市各區防災地圖","https://data.ntpc.gov.tw/datasets/842d0887-071f-4f67-aeb5-7da724004703","新北市政府消防局/減災規劃科","每年","消防","生活安全及品質","JSON、CSV、XML","中文","新北市各區防災地圖GIS網址清單"
"0C1CF3D1-FEDE-42CE-B109-6AEA9B9D2B56","110年度新北市附屬單位預算作業基金現金流量綜計表(依基金別分列)","https://data.ntpc.gov.tw/datasets/0c1cf3d1-fede-42ce-b109-6aea9b9d2b56","新北市政府主計處/基金預算科","不更新","財稅","公共資訊","JSON、CSV、XML","中文","1.單位：新臺幣千元。2.各項欄位說明詳參""新北市政府主計處網頁""或電洽主計處查詢。"
"E1B0FF52-E5E1-4085-9184-64EBA7213FD5","111年度新北市附屬單位預算特別收入基金現金流量綜計表(依現流分列)(預算案)","https://data.ntpc.gov.tw/datasets/e1b0ff52-e5e1-4085-9184-64eba7213fd5","新北市政府主計處/基金預算科","不更新","財稅","公共資訊","JSON、CSV、XML","中文","1.單位：新臺幣千元。2.各項欄位說明詳參新北市政府主計處網頁或電洽主計處查詢。"
"196C42B5-6949-4D0C-9D62-F2FF5335AA4F","110年度新北市附屬單位預算營業基金現金流量綜計表(依基金別分列)","https://data.ntpc.gov.tw/datasets/196c42b5-6949-4d0c-9d62-f2ff5335aa4f","新北市政府主計處/基金預算科","不更新","財稅","公共資訊","JSON、CSV、XML","中文","1.單位：新臺幣千元。2.各項欄位說明詳參""新北市政府主計處網頁""或電洽主計處查詢。"
"9643FC13-E13E-4448-A611-A14052CB750F","111年度新北市附屬單位預算作業基金現金流量綜計表(依基金別分列)","https://data.ntpc.gov.tw/datasets/9643fc13-e13e-4448-a611-a14052cb750f","新北市政府主計處/基金預算科","不更新","財稅","公共資訊","JSON、CSV、XML","中文","1.單位：新臺幣千元。2.各項欄位說明詳參""新北市政府主計處網頁""或電洽主計處查詢。"
"5AC91103-8B91-46F2-9BF3-847FEF510991","111年新北市公地撥用","https://data.ntpc.gov.tw/datasets/5ac91103-8b91-46f2-9bf3-847fef510991","新北市政府地政局/徵收科","不更新","地政","購屋及遷徙","JSON、CSV、XML","中文","111年新北市公地撥用。"
"6661919E-D3ED-4361-A9F6-A638F8AC1B12","111年度新北市附屬單位預算作業基金餘絀撥補綜計表(依基金別分列)(預算案)","https://data.ntpc.gov.tw/datasets/6661919e-d3ed-4361-a9f6-a638f8ac1b12","新北市政府主計處/基金預算科","不更新","財稅","公共資訊","JSON、CSV、XML","中文","1.單位：新臺幣千元。2.各項欄位說明詳參新北市政府主計處網頁或電洽主計處查詢。"
"72977415-0E1B-4455-8B15-862917928F87","111年度新北市附屬單位預算營業基金現金流量綜計表(依機關別分列)(預算案)","https://data.ntpc.gov.tw/datasets/72977415-0e1b-4455-8b15-862917928f87","新北市政府主計處/基金預算科","不更新","財稅","公共資訊","JSON、CSV、XML","中文","1.單位：新臺幣千元。2.各項欄位說明詳參新北市政府主計處網頁或電洽主計處查詢。"
"97130844-ED11-4147-A951-DE40F144835C","111年度新北市附屬單位預算資本計畫基金現金流量綜計表(依現金流量項目分列)","https://data.ntpc.gov.tw/datasets/97130844-ed11-4147-a951-de40f144835c","新北市政府主計處/基金預算科","不更新","財稅","公共資訊","JSON、CSV、XML","中文","1.單位：新臺幣千元。2.各項欄位說明詳參""新北市政府主計處網頁""或電洽主計處查詢。"
"7F0E2C2C-D524-43B6-8652-6EE4EB5107CA","110年度新北市總預算基金別分析表-特種基金部分(預算案)","https://data.ntpc.gov.tw/datasets/7f0e2c2c-d524-43b6-8652-6ee4eb5107ca","新北市政府主計處/基金預算科","不更新","財稅","公共資訊","JSON、CSV、XML","中文","1.單位：新臺幣千元。2.各項欄位說明詳參新北市政府主計處網頁或電洽主計處查詢。"
"1D73C331-2115-480B-934F-0CC78EDF1D00","111年度新北市附屬單位預算營業基金損益綜計表(依基金別分列)","https://data.ntpc.gov.tw/datasets/1d73c331-2115-480b-934f-0cc78edf1d00","新北市政府主計處/基金預算科","不更新","財稅","公共資訊","JSON、CSV、XML","中文","1.單位：新臺幣千元。2.各項欄位說明詳參""新北市政府主計處網頁""或電洽主計處查詢。"
"84B631F6-581F-4F1A-92E2-F0DD5C59447B","111年度新北市附屬單位預算特別收入基金現金流量綜計表(依基金別分列)(預算案)","https://data.ntpc.gov.tw/datasets/84b631f6-581f-4f1a-92e2-f0dd5c59447b","新北市政府主計處/基金預算科","不更新","財稅","公共資訊","JSON、CSV、XML","中文","1.單位：新臺幣千元。2.各項欄位說明詳參新北市政府主計處網頁或電洽主計處查詢。"
"393A39CD-9EED-4530-BDEE-0A9ED0208B06","111年度新北市附屬單位預算營業基金損益綜計表(依機關別分列)(預算案)","https://data.ntpc.gov.tw/datasets/393a39cd-9eed-4530-bdee-0a9ed0208b06","新北市政府主計處/基金預算科","不更新","財稅","公共資訊","JSON、CSV、XML","中文","1.單位：新臺幣千元。2.各項欄位說明詳參新北市政府主計處網頁或電洽主計處查詢。"
"07414834-80FA-45AF-AD9A-5670B383DB2E","111年度新北市附屬單位預算資本計畫基金現金流量綜計表(依基金別分列)","https://data.ntpc.gov.tw/datasets/07414834-80fa-45af-ad9a-5670b383db2e","新北市政府主計處/基金預算科","不更新","財稅","公共資訊","JSON、CSV、XML","中文","1.單位：新臺幣千元。2.各項欄位說明詳參新北市政府主計處網頁或電洽主計處查詢。"
"85B354E2-D9E2-4986-88F6-17A19305F97D","111年度新北市附屬單位預算營業基金現金流量綜計表(依現流項目分列)(預算案)","https://data.ntpc.gov.tw/datasets/85b354e2-d9e2-4986-88f6-17a19305f97d","新北市政府主計處/基金預算科","不更新","財稅","公共資訊","JSON、CSV、XML","中文","1.單位：新臺幣千元。2.各項欄位說明詳參新北市政府主計處網頁或電洽主計處查詢。"
"6F70CCB2-FF1C-4ADC-BE47-419C8DAA563C","111年度新北市附屬單位預算資本計畫基金來源、用途及餘絀綜計表","https://data.ntpc.gov.tw/datasets/6f70ccb2-ff1c-4adc-be47-419c8daa563c","新北市政府主計處/基金預算科","不更新","財稅","公共資訊","JSON、CSV、XML","中文","1.單位：新臺幣千元。2.各項欄位說明詳參新北市政府主計處網頁或電洽主計處查詢。"
"9BC883F0-E5DD-4A23-B1CD-3C97500F58D6","111年度新北市總預算基金別分析表-特種基金部分(預算案)","https://data.ntpc.gov.tw/datasets/9bc883f0-e5dd-4a23-b1cd-3c97500f58d6","新北市政府主計處/基金預算科","不更新","財稅","公共資訊","JSON、CSV、XML","中文","1.單位：新臺幣千元。2.各項欄位說明詳參新北市政府主計處網頁或電洽主計處查詢。"
"84548689-3FDE-4CEE-A0CA-BF1253DEC662","111年度新北市附屬單位預算營業基金現金流量綜計表(依基金別分列)","https://data.ntpc.gov.tw/datasets/84548689-3fde-4cee-a0ca-bf1253dec662","新北市政府主計處/基金預算科","不更新","財稅","公共資訊","JSON、CSV、XML","中文","1.單位：新臺幣千元。2.各項欄位說明詳參""新北市政府主計處網頁""或電洽主計處查詢。"
"20CE6E06-83A9-458E-B71B-3986F5C3522C","109年度新北市附屬單位預算資本計畫基金現金流量綜計表(依基金別分列) ","https://data.ntpc.gov.tw/datasets/20ce6e06-83a9-458e-b71b-3986f5c3522c","新北市政府主計處/基金預算科","不更新","財稅","公共資訊","JSON、CSV、XML","中文","單位：新臺幣千元
各項欄位說明詳參""新北市政府主計處網頁->附屬單位預算及綜計表->109年度附屬單位預算""(http://www.bas.ntpc.gov.tw/home.jsp?id=ce44096e0f12fec9)或電洽主計處查詢。
"
"940B8389-759E-4256-9C23-CB410C5CF90B","109年度新北市總預算基金算分析表-特種基金部分(法定預算)","https://data.ntpc.gov.tw/datasets/940b8389-759e-4256-9c23-cb410c5cf90b","新北市政府主計處/基金預算科","不更新","財稅","公共資訊","JSON、CSV、XML","中文","單位：新臺幣千元
各項欄位說明詳參""新北市政府主計處網頁->附屬單位預算及綜計表->109年度附屬單位預算""( http://www.bas.ntpc.gov.tw/home.jsp?id=ce44096e0f12fec9)或電洽主計處查詢。
"
"EA5D5299-7075-40E9-9C73-731C96B9B973","109年度新北市附屬單位預算營業基金現金流量綜計表(依基金別分列)","https://data.ntpc.gov.tw/datasets/ea5d5299-7075-40e9-9c73-731c96b9b973","新北市政府主計處/基金預算科","不更新","財稅","公共資訊","JSON、CSV、XML","中文","單位：新臺幣千元
各項欄位說明詳參""新北市政府主計處網頁->附屬單位預算及綜計表->109年度附屬單位預算""( http://www.bas.ntpc.gov.tw/home.jsp?id=ce44096e0f12fec9)或電洽主計處查詢。
"
"5BDDB388-1872-471B-BDE8-07FB7F918BD8","103年度新北市附屬單位預算資本計畫基金來源、用途及餘絀綜計表(法定)","https://data.ntpc.gov.tw/datasets/5bddb388-1872-471b-bde8-07fb7f918bd8","新北市政府主計處/基金預算科","不更新","財稅","公共資訊","JSON、CSV、XML","中文","1.103年度新北市附屬單位預算資本計畫基金來源、用途及餘絀綜計表(法定)

2.單位：新臺幣千元

3.各項欄位說明詳參""新北市政府主計處網頁->附屬單位預算及綜計表->103年度附屬單位預算""(http://www.bas.ntpc.gov.tw/download/?type_id=10612)或電洽主計處查詢。"
"465E29B5-CEDF-4BAB-AD15-05809C20EFDB","110年度新北市附屬單位預算特別收入基金現金流量綜計表(依基金別分列)(預算案)","https://data.ntpc.gov.tw/datasets/465e29b5-cedf-4bab-ad15-05809c20efdb","新北市政府主計處/基金預算科","不更新","財稅","公共資訊","JSON、CSV、XML","中文","1.單位：新臺幣千元。2.各項欄位說明詳參新北市政府主計處網頁或電洽主計處查詢。"
"D9E8EAB8-BB2B-4A3F-8F1A-ADB41EF9F2AF","110年度新北市附屬單位預算資本計畫基金來源、用途及餘絀綜計表(預算案)","https://data.ntpc.gov.tw/datasets/d9e8eab8-bb2b-4a3f-8f1a-adb41ef9f2af","新北市政府主計處/基金預算科","不更新","財稅","公共資訊","JSON、CSV、XML","中文","1.單位：新臺幣千元。2.各項欄位說明詳參新北市政府主計處網頁或電洽主計處查詢。"
"1BE83DDB-AE94-4134-A6FB-3CAFBD54807F","110年度新北市附屬單位預算營業基金現金流量綜計表(依現流項目分列)(預算案)","https://data.ntpc.gov.tw/datasets/1be83ddb-ae94-4134-a6fb-3cafbd54807f","新北市政府主計處/基金預算科","不更新","財稅","公共資訊","JSON、CSV、XML","中文","1.單位：新臺幣千元。2.各項欄位說明詳參新北市政府主計處網頁或電洽主計處查詢。"
"CC127FB8-05ED-40F1-B3A8-CC86963E7FDD","110年度新北市附屬單位預算資本計畫基金現金流量綜計表(依基金別分列)","https://data.ntpc.gov.tw/datasets/cc127fb8-05ed-40f1-b3a8-cc86963e7fdd","新北市政府主計處/基金預算科","不更新","財稅","公共資訊","JSON、CSV、XML","中文","1.單位：新臺幣千元。2.各項欄位說明詳參新北市政府主計處網頁或電洽主計處查詢。"
"AF7D09DB-2E27-4117-885C-6640DA381468","110年度新北市附屬單位預算營業基金損益綜計表(依機關別分列)(預算案)","https://data.ntpc.gov.tw/datasets/af7d09db-2e27-4117-885c-6640da381468","新北市政府主計處/基金預算科","不更新","財稅","公共資訊","JSON、CSV、XML","中文","1.單位：新臺幣千元。2.各項欄位說明詳參新北市政府主計處網頁或電洽主計處查詢。"
"FE3BC855-7EF7-4EC5-BE25-DECB2CE8E926","110年度新北市附屬單位預算特別收入基金現金流量綜計表(依現流分列)(預算案)","https://data.ntpc.gov.tw/datasets/fe3bc855-7ef7-4ec5-be25-decb2ce8e926","新北市政府主計處/基金預算科","不更新","財稅","公共資訊","JSON、CSV、XML","中文","1.單位：新臺幣千元。2.各項欄位說明詳參新北市政府主計處網頁或電洽主計處查詢。"
"6EF9CC6C-9D72-4562-93F6-0E0427DADD8B","110年度新北市附屬單位預算作業基金餘絀撥補綜計表(依基金別分列)(預算案)","https://data.ntpc.gov.tw/datasets/6ef9cc6c-9d72-4562-93f6-0e0427dadd8b","新北市政府主計處/基金預算科","不更新","財稅","公共資訊","JSON、CSV、XML","中文","1.單位：新臺幣千元。2.各項欄位說明詳參新北市政府主計處網頁或電洽主計處查詢。"
"0079F4AD-421A-4C41-A8F2-4F7B508DD6E7","110年度新北市附屬單位預算營業基金現金流量綜計表(依機關別分列)(預算案)","https://data.ntpc.gov.tw/datasets/0079f4ad-421a-4c41-a8f2-4f7b508dd6e7","新北市政府主計處/基金預算科","不更新","財稅","公共資訊","JSON、CSV、XML","中文","1.單位：新臺幣千元。2.各項欄位說明詳參新北市政府主計處網頁或電洽主計處查詢。"
"0E2DFFEB-346D-4795-AEB1-815AA0B6C2E7","110年度新北市附屬單位預算資本計畫基金現金流量綜計表(依現金流量項目分列)","https://data.ntpc.gov.tw/datasets/0e2dffeb-346d-4795-aeb1-815aa0b6c2e7","新北市政府主計處/基金預算科","不更新","財稅","公共資訊","JSON、CSV、XML","中文","1.單位：新臺幣千元。2.各項欄位說明詳參""新北市政府主計處網頁""或電洽主計處查詢。"
"8B0E4B7E-D54F-491D-B63E-41F0AD7F0DDD","110年度新北市附屬單位預算營業基金損益綜計表(依基金別分列)","https://data.ntpc.gov.tw/datasets/8b0e4b7e-d54f-491d-b63e-41f0ad7f0ddd","新北市政府主計處/基金預算科","不更新","財稅","公共資訊","JSON、CSV、XML","中文","1.單位：新臺幣千元。2.各項欄位說明詳參""新北市政府主計處網頁""或電洽主計處查詢。"
"17C9E420-094B-4B3E-9A3A-0AA954122BC4","110年度新北市附屬單位預算特別收入基金現金流量綜計表(依現金流量項目分列)","https://data.ntpc.gov.tw/datasets/17c9e420-094b-4b3e-9a3a-0aa954122bc4","新北市政府主計處/基金預算科","不更新","財稅","公共資訊","JSON、CSV、XML","中文","1.單位：新臺幣千元。2.各項欄位說明詳參""新北市政府主計處網頁""或電洽主計處查詢。"
"E69BDEEA-C370-4A4C-9F49-E31FF0FAA10F","110年度新北市附屬單位預算營業基金盈虧撥補綜計表(依撥補項目分列)","https://data.ntpc.gov.tw/datasets/e69bdeea-c370-4a4c-9f49-e31ff0faa10f","新北市政府主計處/基金預算科","不更新","財稅","公共資訊","JSON、CSV、XML","中文","1.單位：新臺幣千元。2.各項欄位說明詳參""新北市政府主計處網頁""或電洽主計處查詢。"
"B6ABE24B-9523-4D26-B7CF-315A22676B82","地政士實價登錄裁罰紀錄資料","https://data.ntpc.gov.tw/datasets/b6abe24b-9523-4d26-b7cf-315a22676b82","新北市政府地政局/地價科","不更新","地政","購屋及遷徙","JSON、CSV、XML","中文","本市開業地政士因違反地政士法第26-1條規定，予以裁罰處分之相關資料"
"10A4B448-C21E-4EEC-AA7D-37EEE1BBBE0E","新北市公告土地現值暨公告地價調整情形表","https://data.ntpc.gov.tw/datasets/10a4b448-c21e-4eec-aa7d-37eee1bbbe0e","新北市政府地政局/地價科","每年","地政","購屋及遷徙","JSON、CSV、XML","中文","新北市公告土地現值暨公告地價調整情形表(自105年起)"
"2201F46F-7B77-44BB-BEE3-5E56FCD560C2","112年新北市公地撥用 ","https://data.ntpc.gov.tw/datasets/2201f46f-7b77-44bb-bee3-5e56fcd560c2","新北市政府地政局/徵收科","不更新","地政","購屋及遷徙","JSON、CSV、XML","中文","112年 新北市公地撥用 "
"7858E162-C796-4401-B1A4-2DC45FCA6892","112年度地政士開業及異動年報統計表","https://data.ntpc.gov.tw/datasets/7858e162-c796-4401-b1a4-2dc45fca6892","新北市政府地政局/地籍科","不更新","地政","購屋及遷徙","JSON、CSV、XML","中文","112年度地政士開業及異動"
"60BBE189-5B6F-4F6C-97FC-464FCA9B0B68","112年度新北市附屬單位預算營業基金固定資產建設改良擴充資金來源綜計表","https://data.ntpc.gov.tw/datasets/60bbe189-5b6f-4f6c-97fc-464fca9b0b68","新北市政府主計處/基金預算科","不更新","財稅","公共資訊","JSON、CSV、XML","中文","1.單位：新臺幣千元。2.各項欄位說明詳參""新北市政府主計處網頁""或電洽主計處查詢。"
"E7166055-363A-4DEF-A1D0-D5E6724FEE7D","新北市地籍清理土地囑託登記國有公告清冊","https://data.ntpc.gov.tw/datasets/e7166055-363a-4def-a1d0-d5e6724fee7d","新北市政府地政局/地籍科","每年","地政","購屋及遷徙","JSON、CSV、XML","中文","按地籍清理條例第15條之規定，依同條例第11條規定代為標售之土地，經二次標售而未完成標售者，由直轄市或縣（市）主管機關囑託登記為國有-113年第2批公告清冊"
"AC852E73-DD28-4B53-A76B-FC87B61A5031","112年度新北市附屬單位預算營業基金財務摘要綜計表","https://data.ntpc.gov.tw/datasets/ac852e73-dd28-4b53-a76b-fc87b61a5031","新北市政府主計處/基金預算科","不更新","財稅","公共資訊","JSON、CSV、XML","中文","1.單位：新臺幣百萬元。2.各項欄位說明詳參""新北市政府主計處網頁""或電洽主計處查詢。"
"5D70E70A-938C-4A7F-B720-0A71099D1F4D","112年度新北市附屬單位預算特別收入基金來源、用途及餘絀綜計表","https://data.ntpc.gov.tw/datasets/5d70e70a-938c-4a7f-b720-0a71099d1f4d","新北市政府主計處/基金預算科","不更新","財稅","公共資訊","JSON、CSV、XML","中文","1.單位：新臺幣千元。2.各項欄位說明詳參""新北市政府主計處網頁""或電洽主計處查詢。"
"DB40A99C-8D02-442E-97FD-B68973AFDC21","112年度新北市附屬單位預算作業基金現金流量綜計表(依基金別分列)","https://data.ntpc.gov.tw/datasets/db40a99c-8d02-442e-97fd-b68973afdc21","新北市政府主計處/基金預算科","不更新","財稅","公共資訊","JSON、CSV、XML","中文","1.單位：新臺幣千元。2.各項欄位說明詳參""新北市政府主計處網頁""或電洽主計處查詢。"
"C983E22A-74CA-4616-9D4A-CE1ED40B8EBA","110年新北市公地撥用","https://data.ntpc.gov.tw/datasets/c983e22a-74ca-4616-9d4a-ce1ed40b8eba","新北市政府地政局/徵收科","不更新","地政","購屋及遷徙","JSON、CSV、XML","中文","110年新北市公地撥用，包含權屬、筆數、面積資料"
"660B4358-1146-48B9-895A-F4CCF39CBED1","新北市111年土地徵收統計表","https://data.ntpc.gov.tw/datasets/660b4358-1146-48b9-895a-f4ccf39cbed1","新北市政府地政局/徵收科","不更新","地政","購屋及遷徙","JSON、CSV、XML","中文","新北市111年土地徵收筆數、面積及補償費統計資料"
"50F13F67-4563-40A5-A986-DE2F29F4AD43"," 109年度新北市附屬單位預算營業基金財務摘要綜計表","https://data.ntpc.gov.tw/datasets/50f13f67-4563-40a5-a986-de2f29f4ad43","新北市政府主計處/基金預算科","不更新","財稅","公共資訊","JSON、CSV、XML","中文"," 單位：新臺幣百萬元 各項欄位說明詳參""新北市政府主計處網頁->附屬單位預算及綜計表->109年度附屬單位預算""(http://www.bas.ntpc.gov.tw/home.jsp?id=ce44096e0f12fec9)或電洽主計處查詢。"
"B44A970C-59C4-4D75-82DF-0FFB6A7A8A95"," 109年度新北市附屬單位預算營業基金損益綜計表(依基金別分列)","https://data.ntpc.gov.tw/datasets/b44a970c-59c4-4d75-82df-0ffb6a7a8a95","新北市政府主計處/基金預算科","不更新","財稅","公共資訊","JSON、CSV、XML","中文"," 單位：新臺幣千元 各項欄位說明詳參""新北市政府主計處網頁->附屬單位預算及綜計表->109年度附屬單位預算""( http://www.bas.ntpc.gov.tw/home.jsp?id=ce44096e0f12fec9)或電洽主計處查詢。"
"581DE683-B833-42A5-AFBA-0B4ABB0F28DC"," 109年度新北市附屬單位預算營業基金盈虧撥補綜計表(依撥補項目分列)","https://data.ntpc.gov.tw/datasets/581de683-b833-42a5-afba-0b4abb0f28dc","新北市政府主計處/基金預算科","不更新","財稅","公共資訊","JSON、CSV、XML","中文"," 單位：新臺幣千元 各項欄位說明詳參""新北市政府主計處網頁->附屬單位預算及綜計表->109年度附屬單位預算""( http://www.bas.ntpc.gov.tw/home.jsp?id=ce44096e0f12fec9)或電洽主計處查詢。"
"AE03F83E-2FD1-42FE-9770-DF0B41E58101","112年度新北市附屬單位預算營業基金盈虧撥補綜計表(依撥補項目分列)","https://data.ntpc.gov.tw/datasets/ae03f83e-2fd1-42fe-9770-df0b41e58101","新北市政府主計處/基金預算科","不更新","財稅","公共資訊","JSON、CSV、XML","中文","1.單位：新臺幣千元。2.各項欄位說明詳參""新北市政府主計處網頁""或電洽主計處查詢。"
"E43CB944-0C94-49D5-869F-12B0FBE6B237","112年度新北市附屬單位預算營業基金盈虧撥補綜計表(依機關別分列)(預算案)","https://data.ntpc.gov.tw/datasets/e43cb944-0c94-49d5-869f-12b0fbe6b237","新北市政府主計處/基金預算科","不更新","財稅","公共資訊","JSON、CSV、XML","中文","1.單位：新臺幣千元。2.各項欄位說明詳參新北市政府主計處網頁或電洽主計處查詢。"
"420302C5-BBAE-4CE1-A74A-ED87666875EE"," 109年度新北市附屬單位預算資本計畫基金現金流量綜計表(依現金流量項目分列)","https://data.ntpc.gov.tw/datasets/420302c5-bbae-4ce1-a74a-ed87666875ee","新北市政府主計處/基金預算科","不更新","財稅","公共資訊","JSON、CSV、XML","中文","單位：新臺幣千元 各項欄位說明詳參""新北市政府主計處網頁->附屬單位預算及綜計表->109年度附屬單位預算""(http://www.bas.ntpc.gov.tw/home.jsp?id=ce44096e0f12fec9)或電洽主計處查詢。"
"2E1247DB-29EA-47D3-B2D4-B0E45BFA7A33","109年度新北市附屬單位預算營業基金損益綜計表(依收支科目分列)","https://data.ntpc.gov.tw/datasets/2e1247db-29ea-47d3-b2d4-b0e45bfa7a33","新北市政府主計處/基金預算科","不更新","財稅","公共資訊","JSON、CSV、XML","中文"," 單位：新臺幣千元 各項欄位說明詳參""新北市政府主計處網頁->附屬單位預算及綜計表->109年度附屬單位預算""( http://www.bas.ntpc.gov.tw/home.jsp?id=ce44096e0f12fec9)或電洽主計處查詢。"
"ABDA7DC3-53C8-4B36-9DA7-5A9F393A764E","112年度新北市附屬單位預算特別收入基金現金流量綜計表(依現金流量項目分列)","https://data.ntpc.gov.tw/datasets/abda7dc3-53c8-4b36-9da7-5a9f393a764e","新北市政府主計處/基金預算科","不更新","財稅","公共資訊","JSON、CSV、XML","中文","1.單位：新臺幣千元。2.各項欄位說明詳參""新北市政府主計處網頁""或電洽主計處查詢。"
"3F7B3887-5A87-4C81-808F-C9401ED96A18","新北市106年土地徵收統計表","https://data.ntpc.gov.tw/datasets/3f7b3887-5a87-4c81-808f-c9401ed96a18","新北市政府地政局/徵收科","不更新","地政","購屋及遷徙","JSON、CSV、XML","中文","106年度新北市土地徵收筆數、面積及補償費統計資料"
"82C1CA60-345D-4C26-912E-917345BB2EA9","112年度新北市總決算歲入歲出簡明比較分析表","https://data.ntpc.gov.tw/datasets/82c1ca60-345d-4c26-912e-917345bb2ea9","新北市政府主計處/會計決算科","不更新","財稅","公共資訊","JSON、CSV、XML","中文","1.112年度新北市總決算歲入歲出簡明比較分析表2.單位：新臺幣元 3.各項欄位說明詳參""新北市政府主計處網頁->總決算->112年度新北市總決算""( https://www.bas.ntpc.gov.tw/home.jsp?id=2d77083c299dfb04)或電洽主計處查詢。"
"A3140534-1067-4123-81AB-DEBB92032FC8","108年新北市公地撥用","https://data.ntpc.gov.tw/datasets/a3140534-1067-4123-81ab-debb92032fc8","新北市政府地政局/徵收科","不更新","地政","購屋及遷徙","JSON、CSV、XML","中文","108年新北市公地撥用。"
"84D5F643-1313-4529-B446-E860B3E3078F","105年新北市公地撥用","https://data.ntpc.gov.tw/datasets/84d5f643-1313-4529-b446-e860b3e3078f","新北市政府地政局/徵收科","不更新","地政","購屋及遷徙","JSON、CSV、XML","中文","105年新北市公地撥用。"
"23BBB476-1C1E-4BD7-B464-32E1042B9690","107年新北市公地撥用","https://data.ntpc.gov.tw/datasets/23bbb476-1c1e-4bd7-b464-32e1042b9690","新北市政府地政局/徵收科","不更新","地政","購屋及遷徙","JSON、CSV、XML","中文","107年新北市公地撥用。"
"A607E6A4-2458-4502-B706-E13865364864","102年新北市公地撥用","https://data.ntpc.gov.tw/datasets/a607e6a4-2458-4502-b706-e13865364864","新北市政府地政局/徵收科","不更新","地政","購屋及遷徙","JSON、CSV、XML","中文","102年新北市公地撥用。"
"55D88550-E33B-43A9-B8BE-40D084B81692","104年新北市公地撥用","https://data.ntpc.gov.tw/datasets/55d88550-e33b-43a9-b8be-40d084b81692","新北市政府地政局/徵收科","不更新","地政","購屋及遷徙","JSON、CSV、XML","中文","104年新北市公地撥用。"
"13BDCB31-08ED-4606-9AF5-0B147A3127F2","新北市徵收補償費屆滿或即將屆滿15年未領案件歸屬國庫一覽表","https://data.ntpc.gov.tw/datasets/13bdcb31-08ed-4606-9af5-0b147a3127f2","新北市政府地政局/徵收科","每年","地政","購屋及遷徙","JSON、CSV、XML","中文","依土地徵收條例第26條規定：直轄市或縣 (市) 主管機關應於國庫設立土地徵收補償費保管專戶，保管因受領遲延、拒絕受領或不能受領之補償費，逾十五年未領取之補償費，歸屬國庫。為保障應受補償人權益，新北市政府提供屆滿或即將屆滿繳庫期限之保管案件資訊供民眾查詢。"
"5D6510DF-CFB5-4329-91CE-D6401AC56D3D","106年新北市公地撥用","https://data.ntpc.gov.tw/datasets/5d6510df-cfb5-4329-91ce-d6401ac56d3d","新北市政府地政局/徵收科","不更新","地政","購屋及遷徙","JSON、CSV、XML","中文","106年新北市公地撥用。"
"14DCE4C4-E099-422F-A1A6-E249B0AA5A5F","新北市104年度地政士開業及異動統計表","https://data.ntpc.gov.tw/datasets/14dce4c4-e099-422f-a1a6-e249b0aa5a5f","新北市政府地政局/地籍科","不更新","地政","購屋及遷徙","JSON、CSV、XML","中文","本市104年度地政士開業及異動統計表。"
"54BCC5C2-444A-4DE5-9388-045A9E76DBF5","106年度地政士開業及異動年報統計表","https://data.ntpc.gov.tw/datasets/54bcc5c2-444a-4de5-9388-045a9e76dbf5","新北市政府地政局/地籍科","不更新","地政","購屋及遷徙","JSON、CSV、XML","中文","106年度地政士開業及異動年報統計表。"
"F9506143-437D-4352-9E98-EBD05A931665","108年度地政士開業及異動年報統計表","https://data.ntpc.gov.tw/datasets/f9506143-437d-4352-9e98-ebd05a931665","新北市政府地政局/地籍科","不更新","地政","購屋及遷徙","JSON、CSV、XML","中文","108年度地政士開業及異動年報統計表。"
"64C76CA6-F80D-4491-8E78-2DFB1DE1BE97","107年度地政士開業及異動年報統計表","https://data.ntpc.gov.tw/datasets/64c76ca6-f80d-4491-8e78-2dfb1de1be97","新北市政府地政局/地籍科","不更新","地政","購屋及遷徙","JSON、CSV、XML","中文","107年度地政士開業及異動年報統計表。"
"EEEAA1F9-1503-4750-8A95-DBBC0EE1B57D","105年度地政士開業及異動年報統計表","https://data.ntpc.gov.tw/datasets/eeeaa1f9-1503-4750-8a95-dbbc0ee1b57d","新北市政府地政局/地籍科","不更新","地政","購屋及遷徙","JSON、CSV、XML","中文","105年度地政士開業及異動年報統計表。"
"7F2A8906-9190-49A0-B4FC-D5FEEC0198B7","新北市107年土地徵收統計表","https://data.ntpc.gov.tw/datasets/7f2a8906-9190-49a0-b4fc-d5feec0198b7","新北市政府地政局/徵收科","不更新","地政","購屋及遷徙","JSON、CSV、XML","中文","107年度新北市土地徵收筆數、面積及補償費統計表資料"
"67BE5CE1-7EFA-4166-A08D-BC1F5A6C9489","新北市105年土地徵收統計表","https://data.ntpc.gov.tw/datasets/67be5ce1-7efa-4166-a08d-bc1f5a6c9489","新北市政府地政局/徵收科","不更新","地政","購屋及遷徙","JSON、CSV、XML","中文","105年度新北市土地徵收筆數、面積及補償費統計資料"
"7466422F-44CC-4354-92CA-9426710CBB1F","新北市104年土地徵收統計表","https://data.ntpc.gov.tw/datasets/7466422f-44cc-4354-92ca-9426710cbb1f","新北市政府地政局/徵收科","不更新","地政","購屋及遷徙","JSON、CSV、XML","中文","104年度新北市土地徵收筆數、面積及補償費統計資料"
"13B1367E-E4EB-48A6-A1CC-1A05B24F3F16","新北市103年土地徵收統計表","https://data.ntpc.gov.tw/datasets/13b1367e-e4eb-48a6-a1cc-1a05b24f3f16","新北市政府地政局/徵收科","不更新","地政","購屋及遷徙","JSON、CSV、XML","中文","103年度新北市土地徵收筆數、面積及補償費統計資料"
"E7D04944-8BDB-4C49-B00E-574A2B142A4A","新北市102年土地徵收統計表","https://data.ntpc.gov.tw/datasets/e7d04944-8bdb-4c49-b00e-574a2b142a4a","新北市政府地政局/徵收科","不更新","地政","購屋及遷徙","JSON、CSV、XML","中文","102年度新北市土地徵收筆數、面積及補償費統計資料"
"E555668D-8C96-42C4-8123-9DA038A6587E"," 109年度新北市附屬單位預算資本計畫基金來源、用途及餘絀綜計表","https://data.ntpc.gov.tw/datasets/e555668d-8c96-42c4-8123-9da038a6587e","新北市政府主計處/基金預算科","不更新","財稅","公共資訊","JSON、CSV、XML","中文"," 單位：新臺幣千元 各項欄位說明詳參""新北市政府主計處網頁->附屬單位預算及綜計表->109年度附屬單位預算""(http://www.bas.ntpc.gov.tw/home.jsp?id=ce44096e0f12fec9)或電洽主計處查詢。"
"E9F67E19-3D04-48FB-8965-418A10BAAD36","109年度新北市附屬單位預算營業基金資本增減綜計表","https://data.ntpc.gov.tw/datasets/e9f67e19-3d04-48fb-8965-418a10baad36","新北市政府主計處/基金預算科","不更新","財稅","公共資訊","JSON、CSV、XML","中文"," 單位：新臺幣千元 各項欄位說明詳參""新北市政府主計處網頁->附屬單位預算及綜計表->109年度附屬單位預算案""( http://www.bas.ntpc.gov.tw/home.jsp?id=ce44096e0f12fec9)或電洽主計處查詢。"
"9B117C5C-1A8C-423C-83D1-F7F616BCCA37"," 109年度新北市附屬單位預算作業基金收支餘絀綜計表(依收支科目分列)","https://data.ntpc.gov.tw/datasets/9b117c5c-1a8c-423c-83d1-f7f616bcca37","新北市政府主計處/基金預算科","不更新","財稅","公共資訊","JSON、CSV、XML","中文"," 單位：新臺幣千元 各項欄位說明詳參""新北市政府主計處網頁->附屬單位預算及綜計表->109年度附屬單位預算""( http://www.bas.ntpc.gov.tw/home.jsp?id=ce44096e0f12fec9)或電洽主計處查詢。"
"A6138DE5-72A6-4B62-B8D8-223D047215A9"," 109年度新北市附屬單位預算營業基金現金流量綜計表(依現金流量項目分列)","https://data.ntpc.gov.tw/datasets/a6138de5-72a6-4b62-b8d8-223d047215a9","新北市政府主計處/基金預算科","不更新","財稅","公共資訊","JSON、CSV、XML","中文"," 單位：新臺幣千元 各項欄位說明詳參""新北市政府主計處網頁->附屬單位預算及綜計表->109年度附屬單位預算""( http://www.bas.ntpc.gov.tw/home.jsp?id=ce44096e0f12fec9)或電洽主計處查詢。"
"9E61B2B2-FC5C-4D1B-9FDF-07A978EE5500"," 109年度新北市附屬單位預算特別收入基金現金流量綜計表(依基金別分列)","https://data.ntpc.gov.tw/datasets/9e61b2b2-fc5c-4d1b-9fdf-07a978ee5500","新北市政府主計處/基金預算科","不更新","財稅","公共資訊","JSON、CSV、XML","中文"," 單位：新臺幣千元 各項欄位說明詳參""新北市政府主計處網頁->附屬單位預算及綜計表->109年度附屬單位預算""( http://www.bas.ntpc.gov.tw/home.jsp?id=ce44096e0f12fec9)或電洽主計處查詢。"
"0514AFAA-04C7-4833-B6DE-E2FB8B9B7527"," 109年度新北市附屬單位預算特別收入基金現金流量綜計表(依現金流量項目分列)","https://data.ntpc.gov.tw/datasets/0514afaa-04c7-4833-b6de-e2fb8b9b7527","新北市政府主計處/基金預算科","不更新","財稅","公共資訊","JSON、CSV、XML","中文"," 單位：新臺幣千元 各項欄位說明詳參""新北市政府主計處網頁->附屬單位預算及綜計表->109年度附屬單位預算""( http://www.bas.ntpc.gov.tw/home.jsp?id=ce44096e0f12fec9)或電洽主計處查詢。"
"4CA75751-053F-43A4-829D-240809DA4D8F"," 109年度新北市附屬單位預算作業基金現金流量綜計表(依現金流量項目分列)","https://data.ntpc.gov.tw/datasets/4ca75751-053f-43a4-829d-240809da4d8f","新北市政府主計處/基金預算科","不更新","財稅","公共資訊","JSON、CSV、XML","中文"," 單位：新臺幣千元 各項欄位說明詳參""新北市政府主計處網頁->附屬單位預算及綜計表->109年度附屬單位預算""( http://www.bas.ntpc.gov.tw/home.jsp?id=ce44096e0f12fec9)或電洽主計處查詢。"
"581BC606-954B-4790-ABF1-3ED276F48101","109年度地政士開業及異動年報統計表","https://data.ntpc.gov.tw/datasets/581bc606-954b-4790-abf1-3ed276f48101","新北市政府地政局/地籍科","不更新","地政","購屋及遷徙","JSON、CSV、XML","中文","109年度地政士開業及異動年報統計表。"
"30949CF0-E476-4D02-BE50-EB6E1CE45B87","109年新北市公地撥用","https://data.ntpc.gov.tw/datasets/30949cf0-e476-4d02-be50-eb6e1ce45b87","新北市政府地政局/徵收科","不更新","地政","購屋及遷徙","JSON、CSV、XML","中文","109年新北市公地撥用。"
"A825C830-64BB-4F15-ADA1-45C17D750052","新北市實施耕地三七五減租成果統計年報","https://data.ntpc.gov.tw/datasets/a825c830-64bb-4f15-ada1-45c17d750052","新北市政府地政局/地籍科","每年","地政","購屋及遷徙","JSON、CSV、XML","中文","新北市轄內行政區實施耕地三七五減租成果統計年報(平溪區及烏來區無耕地三七五租約)，面積單位為公頃。"
"357B88F7-947E-4F65-B966-C6A40D434FBE","新北市政府交通局etag點位","https://data.ntpc.gov.tw/datasets/357b88f7-947e-4f65-b966-c6a40d434fbe","新北市政府交通局/交通管制工程科/交通管制工程科第四股","每年","交通","交通及通訊","JSON、CSV、XML","中文","新北市交通局etag點位資料及設備編號"
"BF72F0B3-E128-41B9-AA20-50529885A161","新北市依土地法第73條之1移交財政部國有財產署辦理標售一覽表","https://data.ntpc.gov.tw/datasets/bf72f0b3-e128-41b9-aa20-50529885a161","新北市政府地政局/地籍科","每年","勞動","購屋及遷徙","JSON、CSV、XML","中文","符合土地法73條之1之未辦繼承不動產經列冊管理15年，逾期仍未聲請登記者，由地政機關將該土地或建築改良物清冊移請財政部國有財產署公開標售
"
"DD9C0006-8FAD-450D-8C7B-E59240B0ED13","新北市已公告徵收案件地籍資料","https://data.ntpc.gov.tw/datasets/dd9c0006-8fad-450d-8c7b-e59240b0ed13","新北市政府地政局/徵收科","不更新","地政","公共資訊","JSON、CSV、XML","中文","本項提供之資料為92年以後各年度內政部核准之一般徵收案件之地籍資料（不含更正及撤銷徵收…等）。"
"8ACDB6D4-1B82-495A-BBD1-ABB17AD77154","104年度新北市總決算累計餘絀計算表","https://data.ntpc.gov.tw/datasets/8acdb6d4-1b82-495a-bbd1-abb17ad77154","新北市政府主計處/會計決算科","不更新","統計","公共資訊","JSON、CSV、XML","中文","1.104年度新北市總決算累計餘絀計算表 2.單位：新臺幣元 3.各項欄位說明詳參""新北市政府主計處網頁->總決算->104年度新北市總決算""(https://www.bas.ntpc.gov.tw/home.jsp?id=2d77083c299dfb04)或電洽主計處查詢。4.附註表格若為空格則表示該筆無資料"
"88DA31E3-B2CB-4AE5-A19A-DAAFEBD21672","111年度新北市總決算平衡表","https://data.ntpc.gov.tw/datasets/88da31e3-b2cb-4ae5-a19a-daafebd21672","新北市政府主計處/會計決算科","不更新","財稅","公共資訊","JSON、CSV、XML","中文","1.111年度新北市總決算平衡表2.單位：新臺幣元 3.各項欄位說明詳參""新北市政府主計處網頁->總決算->111年度新北市總決算""( https://www.bas.ntpc.gov.tw/home.jsp?id=2d77083c299dfb04)或電洽主計處查詢。"
"9FB9DD39-4982-4597-8ED7-741958EB516F","111年度新北市總決算歲入來源別決算總表","https://data.ntpc.gov.tw/datasets/9fb9dd39-4982-4597-8ed7-741958eb516f","新北市政府主計處/會計決算科","不更新","財稅","公共資訊","JSON、CSV、XML","中文","1.111年度新北市總決算歲入來源別決算總表2.單位：新臺幣元 3.各項欄位說明詳參""新北市政府主計處網頁->總決算->111年度新北市總決算""( https://www.bas.ntpc.gov.tw/home.jsp?id=2d77083c299dfb04)或電洽主計處查詢。"
"2A5D4A66-808D-4185-BA5B-D31DA57843A5","111年度新北市總決算累計餘絀計算表","https://data.ntpc.gov.tw/datasets/2a5d4a66-808d-4185-ba5b-d31da57843a5","新北市政府主計處/會計決算科","不更新","財稅","公共資訊","JSON、CSV、XML","中文","1.111年度新北市總決算累計餘絀計算表2.單位：新臺幣元 3.各項欄位說明詳參""新北市政府主計處網頁->總決算->111年度新北市總決算""( https://www.bas.ntpc.gov.tw/home.jsp?id=2d77083c299dfb04)或電洽主計處查詢。"
"0435C703-55DE-4117-BB48-89AF42AFD6BA","111年度新北市總決算歲入歲出簡明分析表","https://data.ntpc.gov.tw/datasets/0435c703-55de-4117-bb48-89af42afd6ba","新北市政府主計處/會計決算科","不更新","財稅","公共資訊","JSON、CSV、XML","中文","1.111年度新北市總決算歲入歲出簡明分析表2.單位：新臺幣元 3.各項欄位說明詳參""新北市政府主計處網頁->總決算->111年度新北市總決算""( https://www.bas.ntpc.gov.tw/home.jsp?id=2d77083c299dfb04)或電洽主計處查詢。"
"997DF30B-BA35-44E2-8243-891E366E6451","111年度新北市總決算歲入歲出性質及餘絀簡明分析表","https://data.ntpc.gov.tw/datasets/997df30b-ba35-44e2-8243-891e366e6451","新北市政府主計處/會計決算科","不更新","財稅","公共資訊","JSON、CSV、XML","中文","1.111年度新北市總決算歲入歲出性質及餘絀簡明分析表2.單位：新臺幣元 3.各項欄位說明詳參""新北市政府主計處網頁->總決算->111年度新北市總決算""( https://www.bas.ntpc.gov.tw/home.jsp?id=2d77083c299dfb04)或電洽主計處查詢。"
"2F77F1FF-23C4-4EE6-89B1-F6B6F6EB9331","111年度新北市總決算歲出政事別決算總表","https://data.ntpc.gov.tw/datasets/2f77f1ff-23c4-4ee6-89b1-f6b6f6eb9331","新北市政府主計處/會計決算科","不更新","財稅","公共資訊","JSON、CSV、XML","中文","1.111年度新北市總決算歲出政事別決算總表2.單位：新臺幣元 3.各項欄位說明詳參""新北市政府主計處網頁->總決算->111年度新北市總決算""( https://www.bas.ntpc.gov.tw/home.jsp?id=2d77083c299dfb04)或電洽主計處查詢。"
"1211EF0E-A73D-492A-9F4A-EE5A160314E9","111年度新北市總決算歲出機關別決算總表","https://data.ntpc.gov.tw/datasets/1211ef0e-a73d-492a-9f4a-ee5a160314e9","新北市政府主計處/會計決算科","不更新","財稅","公共資訊","JSON、CSV、XML","中文","1.111年度新北市總決算歲出機關別決算總表2.單位：新臺幣元 3.各項欄位說明詳參""新北市政府主計處網頁->總決算->111年度新北市總決算""( https://www.bas.ntpc.gov.tw/home.jsp?id=2d77083c299dfb04)或電洽主計處查詢。"
"39C542AC-9264-485A-BACB-8E7F86E4D730","112年度新北市總決算收支簡明比較分析表","https://data.ntpc.gov.tw/datasets/39c542ac-9264-485a-bacb-8e7f86e4d730","新北市政府主計處/會計決算科","不更新","財稅","公共資訊","JSON、CSV、XML","中文","1.112年度新北市總決算收支簡明比較分析表2.單位：新臺幣元 3.各項欄位說明詳參""新北市政府主計處網頁->總決算->112年度新北市總決算""( https://www.bas.ntpc.gov.tw/home.jsp?id=2d77083c299dfb04)或電洽主計處查詢。"
"D14F78DB-A1F4-4DD3-A86E-C49C1BB3D9E8","112年度新北市總決算歲入來源別決算總表","https://data.ntpc.gov.tw/datasets/d14f78db-a1f4-4dd3-a86e-c49c1bb3d9e8","新北市政府主計處/會計決算科","不更新","財稅","公共資訊","JSON、CSV、XML","中文","1.112年度新北市總決算歲入來源別決算總表2.單位：新臺幣元 3.各項欄位說明詳參""新北市政府主計處網頁->總決算->112年度新北市總決算""( https://www.bas.ntpc.gov.tw/home.jsp?id=2d77083c299dfb04)或電洽主計處查詢。"
"3CD99817-7EF3-4A34-AA58-9E6FC1C8C2CE"," 112年度新北市總決算平衡表","https://data.ntpc.gov.tw/datasets/3cd99817-7ef3-4a34-aa58-9e6fc1c8c2ce","新北市政府主計處/會計決算科","不更新","財稅","公共資訊","JSON、CSV、XML","中文","1.112年度新北市總決算平衡表2.單位：新臺幣元 3.各項欄位說明詳參""新北市政府主計處網頁->總決算->112年度新北市總決算""( https://www.bas.ntpc.gov.tw/home.jsp?id=2d77083c299dfb04)或電洽主計處查詢。"
"B46B9A55-CAD9-4623-9408-5B32832E6C96","112年度新北市總決算歲入歲出性質及餘絀簡明比較分析表","https://data.ntpc.gov.tw/datasets/b46b9a55-cad9-4623-9408-5b32832e6c96","新北市政府主計處/會計決算科","不更新","財稅","公共資訊","JSON、CSV、XML","中文","1.112年度新北市總決算歲入歲出簡明比較分析表2.單位：新臺幣元 3.各項欄位說明詳參""新北市政府主計處網頁->總決算->112年度新北市總決算""( https://www.bas.ntpc.gov.tw/home.jsp?id=2d77083c299dfb04)或電洽主計處查詢。"
"85DE6F1F-99BC-452D-A04B-E00BE0EB7ACC","112年度新北市總決算累計餘絀計算表","https://data.ntpc.gov.tw/datasets/85de6f1f-99bc-452d-a04b-e00be0eb7acc","新北市政府主計處/會計決算科","不更新","財稅","公共資訊","JSON、CSV、XML","中文","1.112年度新北市總決算累計餘絀計算表2.單位：新臺幣元 3.各項欄位說明詳參""新北市政府主計處網頁->總決算->112年度新北市總決算""( https://www.bas.ntpc.gov.tw/home.jsp?id=2d77083c299dfb04)或電洽主計處查詢。"
"1BE543D1-FC03-4CBF-8AF6-31EE175691AC","112年度新北市總決算歲出政事別決算總表","https://data.ntpc.gov.tw/datasets/1be543d1-fc03-4cbf-8af6-31ee175691ac","新北市政府主計處/會計決算科","不更新","財稅","公共資訊","JSON、CSV、XML","中文","1.112年度新北市總決算歲出政事別決算總表2.單位：新臺幣元 3.各項欄位說明詳參""新北市政府主計處網頁->總決算->112年度新北市總決算""( https://www.bas.ntpc.gov.tw/home.jsp?id=2d77083c299dfb04)或電洽主計處查詢。"
"2675EE5A-30E4-430A-9E4E-D41E6CE5FB42","112年度新北市總決算歲出機關別決算總表","https://data.ntpc.gov.tw/datasets/2675ee5a-30e4-430a-9e4e-d41e6ce5fb42","新北市政府主計處/會計決算科","不更新","財稅","公共資訊","JSON、CSV、XML","中文","1.112年度新北市總決算歲出機關別決算總表2.單位：新臺幣元 3.各項欄位說明詳參""新北市政府主計處網頁->總決算->112年度新北市總決算""( https://www.bas.ntpc.gov.tw/home.jsp?id=2d77083c299dfb04)或電洽主計處查詢。"
"F3782313-6F12-4958-A5B3-3D29F72FAC84","新北市政府徵選獎勵傑出演藝團隊補助作業要點","https://data.ntpc.gov.tw/datasets/f3782313-6f12-4958-a5b3-3d29f72fac84","新北市政府文化局/藝術展演科/表演藝術股","不更新","文化","休閒旅遊","JSON、CSV、XML","中文","新北市政府為執行文化部補助直轄市及縣（市）政府辦理縣市傑出演藝團隊徵選及獎勵計畫作業要點之規定，以獎勵並扶植新北市傑出演藝團隊，使其永續經營，提升創作及演出水準，特訂定本要點。"
"4777E829-5642-4049-A3D4-4A16CE420522","新北市合法當鋪業資料","https://data.ntpc.gov.tw/datasets/4777e829-5642-4049-a3d4-4a16ce420522","新北市政府警察局/新北市政府警察局刑事警察大隊/科技犯罪偵查專責組","每年","治安","公共資訊","JSON、CSV、XML","中文","新北市合法當鋪業資料。"
"7A368004-B9D0-4CCE-8FE2-3DF9DA64FEC2","新北市身心障礙者社區日間照顧服務中心名冊","https://data.ntpc.gov.tw/datasets/7a368004-b9d0-4cce-8fe2-3df9da64fec2","新北市政府社會局/身心障礙福利科","每年","社福","出生及收養","JSON、CSV、XML、KML","中文","新北市政府社會局提供的新北市身心障礙者社區日間照顧服務中心名冊。"
"FBF63B03-A922-4E9D-A47D-C1FE6D879669","新北市單親家庭關懷諮詢服務站名冊","https://data.ntpc.gov.tw/datasets/fbf63b03-a922-4e9d-a47d-c1fe6d879669","新北市政府社會局/社區發展及婦女福利科","每年","社福","公共資訊","JSON、CSV、XML、KML","中文","新北市政府社會局提供新北市單親家庭關懷諮詢服務站名冊"
"69CECDB0-7796-48DF-84E5-99E4F1274245","新北市私立托嬰機構名冊","https://data.ntpc.gov.tw/datasets/69cecdb0-7796-48df-84e5-99e4f1274245","新北市政府社會局/兒童托育科","每年","社福","出生及收養","JSON、CSV、XML","中文","新北市政府社會局所提供的托嬰機構名冊主要提供欄位包含名稱、地址、電話、可收托人數、備註"
"2BAF03E8-5E5B-456D-9E01-732B89F1BEDD","新北市老人文康活動中心名冊","https://data.ntpc.gov.tw/datasets/2baf03e8-5e5b-456d-9e01-732b89f1bedd","新北市政府社會局/老人福利科","每年","社福","老年安養","JSON、CSV、XML、KML","中文","新北市政府社會局提供的人文康活動中心名冊。"
"56A94101-0196-48D6-8363-58C9FD5968FA","快速、跳蛙、跨區幹線公車轉乘優惠路線","https://data.ntpc.gov.tw/datasets/56a94101-0196-48d6-8363-58c9fd5968fa","新北市政府交通局/運輸管理科/運輸管理科第一股","不更新","交通","交通及通訊","JSON、CSV、XML","中文","快速、跳蛙、跨區幹線公車轉乘優惠路線。"
"7B71F65C-24AD-43FC-8D2A-B7A558178B76","新北市托育人員專業訓練課程(自費班)","https://data.ntpc.gov.tw/datasets/7b71f65c-24ad-43fc-8d2a-b7a558178b76","新北市政府社會局/兒童托育科","每年","社福","求學及進修","JSON、CSV、XML、KML","中文","為有效解決新北市父母托育困擾並維持托育品質，結合民間機構團體及學校單位辦理托育人員專業訓練課程，增益托育人員專業知能並協助取得托育人員技術士證，俾利提供優質、普及之托育服務。"
"99AD6ABA-DC13-47A1-A084-FE773EC5F15F","新北市少年福利服務中心名冊","https://data.ntpc.gov.tw/datasets/99ad6aba-dc13-47a1-a084-fe773ec5f15f","新北市政府社會局/兒童少年福利科","每年","社福","出生及收養","JSON、CSV、XML、KML","中文","新北市政府社會局提供的新北市少年福利服務中心名冊"
"26A3ADD2-E8EF-4EB8-BA4B-CB3987B2F729","子宮頸抹片篩檢人數及醫療院所數","https://data.ntpc.gov.tw/datasets/26a3add2-e8ef-4eb8-ba4b-cb3987b2f729","新北市政府衛生局/健康管理科/健康維護股","每年","醫療","就醫","JSON、CSV、XML","中文","新北市子宮頸抹片篩檢人數及醫療院所數"
"09B9B6AD-986C-48CD-9ABD-369ACF5F9EFA","新北市流感疫苗接種數及賸餘數","https://data.ntpc.gov.tw/datasets/09b9b6ad-986c-48cd-9abd-369acf5f9efa","新北市政府衛生局/疾病管制科/預防接種股","不更新","醫療","生育保健","JSON、CSV、XML","中文","新北市流感疫苗接種數及賸餘數。"
"0C239921-DFCA-45E4-A6D1-3A62920CA81B","新北市身心障礙者服務中心名冊","https://data.ntpc.gov.tw/datasets/0c239921-dfca-45e4-a6d1-3a62920ca81b","新北市政府社會局/身心障礙福利科","每年","社福","公共資訊","JSON、CSV、XML、KML","中文","新北市政府社會局提供的新北市身心障礙者服務中心名冊。"
"1C1D0066-A4E7-4753-B8BC-D7728D5F3E04","新北市實物銀行分行及領用站一覽表","https://data.ntpc.gov.tw/datasets/1c1d0066-a4e7-4753-b8bc-d7728d5f3e04","新北市政府社會局/社會工作科","每年","社福","生活安全及品質","JSON、CSV、XML","中文","新北市實物銀行分行及領用站一覽表_1140606版"
"93401A7A-4FBC-4542-9FD0-D0EB1AD707DF","新北市身心障礙者臨時及短期照顧服務單位","https://data.ntpc.gov.tw/datasets/93401a7a-4fbc-4542-9fd0-d0eb1ad707df","新北市政府社會局/身心障礙福利科","每年","社福","公共資訊","JSON、CSV、XML、KML","中文","新北市身心障礙者臨時及短期照顧服務單位。"
"B3FAF2AA-E96B-4F2F-B647-DA47DC094860","新北市公共托育中心名冊","https://data.ntpc.gov.tw/datasets/b3faf2aa-e96b-4f2f-b647-da47dc094860","新北市政府社會局/兒童托育科","每年","社福","出生及收養","JSON、CSV、XML、KML","中文","提供新北市各公共托育中心名稱、委辦單位、地址與電話等資訊"
"D200C1FE-6019-481B-AB20-566009648B19","新北市政府衛生局合作早期療育評估鑑定醫院","https://data.ntpc.gov.tw/datasets/d200c1fe-6019-481b-ab20-566009648b19","新北市政府社會局/兒童托育科","每年","社福","就醫","JSON、CSV、XML、KML","中文","新北市政府衛生局合作早期療育評估鑑定醫院。"
"3A9B8D18-EF68-4593-A85B-C7835014AC21","新北市私立社會福利慈善事業基金會名冊","https://data.ntpc.gov.tw/datasets/3a9b8d18-ef68-4593-a85b-c7835014ac21","新北市政府社會局/社會救助科","不更新","社福","公共資訊","JSON、CSV、XML、KML","中文","新北市政府社會局提供的新北市私立社會福利慈善事業基金會名冊。"
"4182946C-9F01-4676-9992-D40047B232CF","新北市公共親子中心","https://data.ntpc.gov.tw/datasets/4182946c-9f01-4676-9992-d40047b232cf","新北市政府社會局/兒童托育科","每年","社福","出生及收養","JSON、CSV、XML、KML","中文","新北市政府社會局提供的新北市公共親子中心相關資訊。"
"F84B36DD-BE73-4BD7-8AAF-3C83948E0945","新北市環境用藥販賣業者名單","https://data.ntpc.gov.tw/datasets/f84b36dd-be73-4bd7-8aaf-3c83948e0945","新北市政府環境保護局/事業廢棄物管理科/運作管制股","每年","環保","生活安全及品質","JSON、CSV、XML","中文","新北市內合格設置的環境用藥販賣業者名單"
"4FE7DED9-6B3A-44FD-A8B1-FEC547BD94F9","114年度新北市青年參與社區營造獎勵計畫執行名單","https://data.ntpc.gov.tw/datasets/4fe7ded9-6b3a-44fd-a8b1-fec547bd94f9","新北市政府文化局/藝文推廣科/社區文化股","每年","文化","生活安全及品質","JSON、CSV、XML","中文","114年度新北市青年參與社區營造獎勵計畫執行名單及計畫簡介"
"75DD0899-D1CC-4E32-87ED-EDBD1E01394E","新北市建築物交通影響評估","https://data.ntpc.gov.tw/datasets/75dd0899-d1cc-4e32-87ed-edbd1e01394e","新北市政府交通局/綜合規劃科/綜合規劃科第二股","不更新","交通","交通及通訊","JSON、CSV、XML","中文","新北市建築物交通影響評估相關檔案檢核表"
"F54DED71-EB04-466D-BB6D-DD948C8D8502","各商圈理事長聯絡資料","https://data.ntpc.gov.tw/datasets/f54ded71-eb04-466d-bb6d-dd948c8d8502","新北市政府經濟發展局/商業發展科","每年","經濟","休閒旅遊","JSON、CSV、XML","中文","各商圈理事長聯絡資料。"
"BCE46F66-F594-485D-BEF5-0C42AA9C6616","新北市政府出國報告","https://data.ntpc.gov.tw/datasets/bce46f66-f594-485d-bef5-0c42aa9c6616","新北市政府研究發展考核委員會/研究發展組","不更新","統計","公共資訊","JSON、CSV、XML","中文","因公務出國返國後依法繳交出國報告。"
"F92531BE-6FDA-464A-943F-23B4BADF18F4","新北市政府自行研究獲獎報告","https://data.ntpc.gov.tw/datasets/f92531be-6fda-464a-943f-23b4badf18f4","新北市政府研究發展考核委員會/研究發展組","每年","教育","求學及進修","JSON、CSV、XML","中文","新北市政府自行研究獲獎報告(資料期間：113年度)"
"3CAA93A5-EAC9-4068-8DA3-BA3A64A1A6E4","新北市車輛行車事故鑑定覆議情形","https://data.ntpc.gov.tw/datasets/3caa93a5-eac9-4068-8da3-ba3a64a1a6e4","新北市政府交通局/交通安全科/交通安全科第一股","每年","交通","交通及通訊","JSON、CSV、XML","中文","新北市車輛行車事故鑑定覆議情形。"
"0BB279B7-592D-4A8B-B128-24258CED5E60","新北市病媒防治業者名單","https://data.ntpc.gov.tw/datasets/0bb279b7-592d-4a8b-b128-24258ced5e60","新北市政府環境保護局/事業廢棄物管理科/運作管制股","每年","環保","公共資訊","JSON、CSV、XML","中文","新北市內合格設置的病媒防治業者名單"
"41D4E041-0330-4F87-A5C2-7CF8D97F0E2B","乳房X光攝影檢查","https://data.ntpc.gov.tw/datasets/41d4e041-0330-4f87-a5c2-7cf8d97f0e2b","新北市政府衛生局/健康管理科/健康維護股","每年","醫療","就醫","JSON、CSV、XML","中文","新北市乳房X光攝影檢查人數/合約醫療院所數"
"435DAE21-F8B9-449B-B9BD-0283A9541F68","新北市乳房攝影檢查認證機構清冊","https://data.ntpc.gov.tw/datasets/435dae21-f8b9-449b-b9bd-0283a9541f68","新北市政府衛生局/健康管理科/健康維護股","每年","醫療","就醫","JSON、CSV、XML、KML","中文","新北市乳房攝影檢查認證機構清冊。"
"52B62443-A49D-4FF0-B44B-612E336DE7E6","新北市醫療補助計畫","https://data.ntpc.gov.tw/datasets/52b62443-a49d-4ff0-b44b-612e336de7e6","新北市政府衛生局/醫事管理科/醫療品質股","每年","醫療","就醫","JSON、CSV、XML","中文","新北市醫療補助計畫說明"
"A409E68A-9155-4C87-A535-6C3C3BA3815D","新北市自行車道建設統計資料(新)","https://data.ntpc.gov.tw/datasets/a409e68a-9155-4c87-a535-6c3c3ba3815d","新北市政府交通局/綜合規劃科/綜合規劃科第三股","每年","交通","交通及通訊","JSON、CSV、XML","中文","提供新北市已完成自行車道、路線、里程資料及完工期程(民國年月)"
"9AE7DA98-42D4-41B7-B3D1-057F5762477E","新北市政府警察局及所屬歲入、出","https://data.ntpc.gov.tw/datasets/9ae7da98-42d4-41b7-b3d1-057f5762477e","新北市政府警察局/會計室","不更新","治安","公共資訊","JSON、CSV、XML","中文","101-109年新北市政府警察局及所屬歲入、出"
"217572F1-EC5B-40B6-A075-CDC0A45D41FF","新北市政府警察局及所屬年度決算-以前年度","https://data.ntpc.gov.tw/datasets/217572f1-ec5b-40b6-a075-cdc0a45d41ff","新北市政府警察局/會計室","不更新","治安","公共資訊","JSON、CSV、XML","中文","新北市政府警察局及所屬年度決算-以前年度。"
"8C2FFDE4-573A-4947-BC07-5D5ACC449E62","新北市政府警察局年度決算","https://data.ntpc.gov.tw/datasets/8c2ffde4-573a-4947-bc07-5d5acc449e62","新北市政府警察局/會計室","不更新","治安","公共資訊","JSON、CSV、XML","中文","新北市政府警察局年度決算。"
"394D1632-69FC-4792-A74D-88F5B1B46036","新北市申辦e服務","https://data.ntpc.gov.tw/datasets/394d1632-69fc-4792-a74d-88f5b1b46036","新北市政府研究發展考核委員會/新北市政府資訊中心/網際服務科","每日","資訊","公共資訊","JSON、CSV、XML","中文","提供「申辦e服務」中各項人民申請案件項目及資料。"
"B39EE3E2-0951-47D4-9CEF-4E646C549317","新北市政府姐妹市交流概況","https://data.ntpc.gov.tw/datasets/b39ee3e2-0951-47d4-9cef-4e646c549317","新北市政府秘書處/文書科","不更新","資訊","公共資訊","JSON、CSV、XML","中文","提供本市歷年與各國城市締結為姐妹市之交流概況</br>102年10月31日新增姐妹市資一筆108年11月4日各新增一筆及刪除一筆112年3月31日再新增一筆</br>"
"214634CA-3C71-4FC8-8F46-FAFFE97F23FF","新北市行政區域圖","https://data.ntpc.gov.tw/datasets/214634ca-3c71-4fc8-8f46-faffe97f23ff","新北市政府民政局/地方行政科","不更新","民政","公共資訊","JSON、CSV、XML","中文","行政區域圖高解析下載連結"
"D1BDDE62-58CF-4179-A797-CBD806482003","新北市地方特色地圖","https://data.ntpc.gov.tw/datasets/d1bdde62-58cf-4179-a797-cbd806482003","新北市政府民政局/地方行政科","不更新","民政","公共資訊","JSON、CSV、XML","中文","「新北市地方特色地圖」用航海古地圖為背景，以卡通手法設計，並結合電影、時事等熱門話題，介紹29區特色，包括傳統活動、名產、建築、景點等，是經網路票選48萬票所產生，都是新北市高人氣的地方特色。"
"8BBD1ACA-752C-4DF0-B515-1CFD88B36274","新北市里界圖資","https://data.ntpc.gov.tw/datasets/8bbd1aca-752c-4df0-b515-1cfd88b36274","新北市政府民政局/地方行政科","不更新","民政","公共資訊","JSON、CSV、XML","中文","本項資料解壓縮後，包含.csv、.cpg、.dbf、.prj、.qpj、.shp及.shx等7個檔案，其內容有：ADMIT:市鎮鄉(區)名稱、ADMIT_ID:市鎮鄉(區)代碼、ADMIV:村里名稱、ADMIV_ID:村里代碼、TM2X:TM2 97座標X、TM2Y:TM2 97座標Y等"
"13F881C7-53C4-4F8C-B693-816584562666","新北市行政區面積","https://data.ntpc.gov.tw/datasets/13f881c7-53c4-4f8c-b693-816584562666","新北市政府民政局/地方行政科","不更新","民政","公共資訊","JSON、CSV、XML","中文","新北市行政區面積。"
"67A7F96F-37C7-4BEF-93D5-486D5889DA6E","104年度新北市溫泉水質檢驗資料","https://data.ntpc.gov.tw/datasets/67a7f96f-37c7-4bef-93d5-486d5889da6e","新北市政府衛生局/衛生企劃科/綜合規劃股","不更新","資訊","生活安全及品質","JSON、CSV、XML","中文","新北市溫泉水質檢驗資料"
"C51D5111-C300-44C9-B4F1-4B28B9929CA2","新北市食品工廠清冊","https://data.ntpc.gov.tw/datasets/c51d5111-c300-44c9-b4f1-4b28b9929ca2","新北市政府衛生局/衛生企劃科/綜合規劃股","不更新","醫療","生活安全及品質","JSON、CSV、XML、KML","中文","新北市食品工廠清冊。"
"17E3C26B-8CEC-4EB3-A326-406E9FAA40A9","111年下半年1999話務中心客服人員滿意度指標","https://data.ntpc.gov.tw/datasets/17e3c26b-8cec-4eb3-a326-406e9faa40a9","新北市政府研究發展考核委員會/為民服務組","不更新","研考","公共資訊","JSON、CSV、XML","中文","1999話務中心客服人員滿意度指標(資料統計：111年7月1日至12月31日)"
"39158D0D-67FC-4AD6-B8D9-61830D9A160C","111年上半年1999話務中心客服人員滿意度指標","https://data.ntpc.gov.tw/datasets/39158d0d-67fc-4ad6-b8d9-61830d9a160c","新北市政府研究發展考核委員會/為民服務組","不更新","研考","公共資訊","JSON、CSV、XML","中文","1999話務中心客服人員滿意度指標(調查期間:111年1月1日至111年6月30日)"
"E0A9C101-115C-4F5D-B683-1D1743C64D00","新北市105年上半年新措施一覽表","https://data.ntpc.gov.tw/datasets/e0a9c101-115c-4f5d-b683-1d1743c64d00","新北市政府研究發展考核委員會/為民服務組","不更新","資訊","公共資訊","JSON、CSV、XML","中文","新北市105年上半年新措施一覽表(104年12月31日發布)"
"05808B70-16AA-42A8-80B9-6435375A22E4","新北市104年下半年新措施一覽表 ","https://data.ntpc.gov.tw/datasets/05808b70-16aa-42a8-80b9-6435375a22e4","新北市政府研究發展考核委員會/為民服務組","不更新","資訊","公共資訊","JSON、CSV、XML","中文","新北市104年下半年新措施一覽表(104年6月26日發布)"
"C6C18820-F7CA-44F5-992C-6F46FE3FA594","新北市104年上半年新措施一覽表","https://data.ntpc.gov.tw/datasets/c6c18820-f7ca-44f5-992c-6f46fe3fa594","新北市政府研究發展考核委員會/為民服務組","不更新","資訊","公共資訊","JSON、CSV、XML","中文","新北市104年上半年新措施一覽表(103年12月24日發布)"
"CE656587-8DA1-4FE7-923A-242DD3C804E3","新北市105年下半年新措施一覽表","https://data.ntpc.gov.tw/datasets/ce656587-8da1-4fe7-923a-242dd3c804e3","新北市政府研究發展考核委員會/為民服務組","不更新","資訊","公共資訊","JSON、CSV、XML","中文","新北市105年下半年新措施一覽表(105年6月30日發布)"
"B98F0794-647F-47CB-81EE-FBBD4004CDC1","新北市106年上半年新措施一覽表","https://data.ntpc.gov.tw/datasets/b98f0794-647f-47cb-81ee-fbbd4004cdc1","新北市政府研究發展考核委員會/為民服務組","不更新","資訊","公共資訊","JSON、CSV、XML","中文","新北市106年上半年新措施一覽表(105年12月27日發布)"
"AA2087EC-C821-4663-9ABB-58182C17FE21","新北市107年上半年新措施一覽表","https://data.ntpc.gov.tw/datasets/aa2087ec-c821-4663-9abb-58182c17fe21","新北市政府研究發展考核委員會/為民服務組","不更新","資訊","公共資訊","JSON、CSV、XML","中文","新北市107年上半年新措施一覽表(106年12月29日發布)"
"31866F92-8D32-4DB0-9415-4C6E0246C39A","新北市109年上半年新措施一覽表","https://data.ntpc.gov.tw/datasets/31866f92-8d32-4db0-9415-4c6e0246c39a","新北市政府研究發展考核委員會/為民服務組","不更新","資訊","公共資訊","JSON、CSV、XML","中文","新北市109年上半年新措施一覽表(108年12月31日發布)"
"54754A01-C603-488F-A602-42A8D79970FE","新北市110年下半年新措施一覽表","https://data.ntpc.gov.tw/datasets/54754a01-c603-488f-a602-42a8d79970fe","新北市政府研究發展考核委員會/為民服務組","不更新","研考","公共資訊","JSON、CSV、XML","中文","新北市110年下半年新措施一覽表(110年6月29日發布)"
"3BF5FDBB-F445-48ED-B972-258BF0818227","新北市111年上半年新措施一覽表","https://data.ntpc.gov.tw/datasets/3bf5fdbb-f445-48ed-b972-258bf0818227","新北市政府研究發展考核委員會/為民服務組","不更新","研考","公共資訊","JSON、CSV、XML","中文","新北市111年上半年新措施一覽表(110年12月30日發布)"
"80B358E9-B16F-408D-88AC-E2C219A8DD9C","新北市109年下半年新措施一覽表","https://data.ntpc.gov.tw/datasets/80b358e9-b16f-408d-88ac-e2c219a8dd9c","新北市政府研究發展考核委員會/為民服務組","不更新","研考","公共資訊","JSON、CSV、XML","中文","新北市109年下半年新措施一覽表(109年6月30日發布)"
"EFA4217A-2AAC-4D7E-B1A7-422F439B85EE","新北市110年上半年新措施一覽表","https://data.ntpc.gov.tw/datasets/efa4217a-2aac-4d7e-b1a7-422f439b85ee","新北市政府研究發展考核委員會/為民服務組","不更新","研考","公共資訊","JSON、CSV、XML","中文","新北市110年上半年新措施一覽表(109年12月24日發布)"
"7DE0E6AA-6140-4824-95B5-2CD847C4C25D","新北市111年下半年新措施一覽表","https://data.ntpc.gov.tw/datasets/7de0e6aa-6140-4824-95b5-2cd847c4c25d","新北市政府研究發展考核委員會/為民服務組","不更新","研考","公共資訊","JSON、CSV、XML","中文","新北市111年下半年新措施一覽表(111年6月22日發布)"
"589AD9A4-8BA3-43A5-8075-396BF71310CF","新北市112年上半年新措施一覽表","https://data.ntpc.gov.tw/datasets/589ad9a4-8ba3-43a5-8075-396bf71310cf","新北市政府研究發展考核委員會/為民服務組","不更新","研考","公共資訊","JSON、CSV、XML","中文","新北市112年上半年新措施一覽表(111年12月20日發布)"
"43CB99D5-B42A-4185-A29A-6B4D1A8A1093","新北市政府1999市政服務專線精進計畫","https://data.ntpc.gov.tw/datasets/43cb99d5-b42a-4185-a29a-6b4d1a8a1093","新北市政府研究發展考核委員會/為民服務組","不更新","資訊","公共資訊","JSON、CSV、XML","中文","新北市政府1999市政服務專線精進計畫(105年5月16日北府研服字第1050881261號修正，計畫修正時始更新。)"
"4B26A117-6AED-4471-988C-B45D0A3824A8","新北市政府1999市政服務專線快速服務項目","https://data.ntpc.gov.tw/datasets/4b26a117-6aed-4471-988c-b45d0a3824a8","新北市政府研究發展考核委員會/為民服務組","不更新","資訊","公共資訊","JSON、CSV、XML","中文","新北市政府1999市政服務專線快速服務項目(109年6月1日修正)"
"8F381322-6559-41C2-8893-6ACD510DE99F","新北市政府研究發展考核委員會志願服務隊實施計畫","https://data.ntpc.gov.tw/datasets/8f381322-6559-41c2-8893-6acd510de99f","新北市政府研究發展考核委員會/為民服務組","不更新","資訊","退休","JSON、CSV、XML","中文","新北市政府研究發展考核委員會志願服務隊實施計畫(110年2月1日北研服字第1100210674號修正)"
"1BB694E3-17C7-4EF0-AC75-52990C40EDCD","新北市電動汽車充電站","https://data.ntpc.gov.tw/datasets/1bb694e3-17c7-4ef0-ac75-52990c40edcd","新北市政府環境保護局/低碳社區發展中心/低碳策略規劃股","不更新","環保","交通及通訊","JSON、CSV、XML","中文","新北市電動汽車充電站。"
"E461BC62-34D2-42C5-A871-F2FC2FB88D01","新北市電動機車充電站","https://data.ntpc.gov.tw/datasets/e461bc62-34d2-42c5-a871-f2fc2fb88d01","新北市政府環境保護局/低碳社區發展中心/低碳策略規劃股","不更新","環保","交通及通訊","JSON、CSV、XML","中文","新北市電動機車充電站。"
"5C581667-4CC3-4AF0-AF6E-18649BC93C3B","新北市禁止或限制水域遊憩活動區域","https://data.ntpc.gov.tw/datasets/5c581667-4cc3-4af0-af6e-18649bc93c3b","新北市政府觀光旅遊局/觀光企劃科","不更新","觀光","休閒旅遊","JSON、CSV、XML","中文","新北市禁止或限制水域遊憩活動區域，包含資料座標、主管機關、法令依據與罰則"
"54AF2FA9-82CD-459F-BA34-785C27F79252","新北市102年度預算數及執行數共同比（執行率）","https://data.ntpc.gov.tw/datasets/54af2fa9-82cd-459f-ba34-785c27f79252","新北市政府財政局/秘書室","不更新","財稅","公共資訊","JSON、CSV、XML","中文","新北市102年度預算數及執行數共同比（執行率）。"
"E31F8EF5-ABCC-482A-BD5D-06149DFF5AEE","113年度新北市附屬單位預算資本計畫基金來源、用途及餘絀綜計表","https://data.ntpc.gov.tw/datasets/e31f8ef5-abcc-482a-bd5d-06149dff5aee","新北市政府主計處/基金預算科","不更新","財稅","公共資訊","JSON、CSV、XML","中文","1.單位：新臺幣千元。2.各項欄位說明詳參新北市政府主計處網頁或電洽主計處查詢。"
"39860E6A-0D77-488F-9DA6-A17F2CCC86A4","113年度新北市附屬單位預算作業基金收支餘絀綜計表(依收支科目分列)","https://data.ntpc.gov.tw/datasets/39860e6a-0d77-488f-9da6-a17f2ccc86a4","新北市政府主計處/基金預算科","不更新","財稅","公共資訊","JSON、CSV、XML","中文"," 1.單位：新臺幣千元。2.各項欄位說明詳參""新北市政府主計處網頁""或電洽主計處查詢。"
"29F52C7D-3C77-401B-B126-72FADEBA0751","113年度新北市附屬單位預算營業基金盈虧撥補綜計表(依機關別分列)","https://data.ntpc.gov.tw/datasets/29f52c7d-3c77-401b-b126-72fadeba0751","新北市政府主計處/基金預算科","不更新","財稅","公共資訊","JSON、CSV、XML","中文","1.單位：新臺幣千元。2.各項欄位說明詳參新北市政府主計處網頁或電洽主計處查詢。"
"A01047F4-7A1A-4D41-9E9F-CE74D85BEB6E","113年度新北市附屬單位預算作業基金收支餘絀綜計表(依基金別分列)","https://data.ntpc.gov.tw/datasets/a01047f4-7a1a-4d41-9e9f-ce74d85beb6e","新北市政府主計處/基金預算科","不更新","財稅","公共資訊","JSON、CSV、XML","中文"," 1.單位：新臺幣千元。2.各項欄位說明詳參""新北市政府主計處網頁""或電洽主計處查詢。"
"A47898FE-790A-4330-BF93-3F31A8F999B3","113年度新北市附屬單位預算營業基金現金流量綜計表(依現金流量項目分列)","https://data.ntpc.gov.tw/datasets/a47898fe-790a-4330-bf93-3f31a8f999b3","新北市政府主計處/基金預算科","不更新","財稅","公共資訊","JSON、CSV、XML","中文"," 1.單位：新臺幣千元。2.各項欄位說明詳參""新北市政府主計處網頁""或電洽主計處查詢。"
"9BD64B67-A1C8-4D9F-B5BA-4A5715CBD531","113年度新北市附屬單位預算特別收入基金現金流量綜計表(依現金流量項目分列)","https://data.ntpc.gov.tw/datasets/9bd64b67-a1c8-4d9f-b5ba-4a5715cbd531","新北市政府主計處/基金預算科","不更新","財稅","公共資訊","JSON、CSV、XML","中文"," 1.單位：新臺幣千元。2.各項欄位說明詳參""新北市政府主計處網頁""或電洽主計處查詢。"
"A9887DA0-2A3A-46C7-B698-B361A2411AE7","113年度新北市附屬單位預算資本計畫基金現金流量綜計表(依現金流量項目分列)","https://data.ntpc.gov.tw/datasets/a9887da0-2a3a-46c7-b698-b361a2411ae7","新北市政府主計處/基金預算科","不更新","財稅","公共資訊","JSON、CSV、XML","中文"," 1.單位：新臺幣千元。2.各項欄位說明詳參""新北市政府主計處網頁""或電洽主計處查詢。"
"D89387E3-C239-45D5-B0DC-FC04C99262FD","113年度新北市附屬單位預算營業基金盈虧撥補綜計表(依撥補項目分列)","https://data.ntpc.gov.tw/datasets/d89387e3-c239-45d5-b0dc-fc04c99262fd","新北市政府主計處/基金預算科","不更新","財稅","公共資訊","JSON、CSV、XML","中文","1.單位：新臺幣千元。2.各項欄位說明詳參""新北市政府主計處網頁""或電洽主計處查詢。"
"C64C671B-B18D-41EC-92D7-DDE71B9FDFFB","113年度新北市附屬單位預算作業基金現金流量綜計表(依基金別分列)","https://data.ntpc.gov.tw/datasets/c64c671b-b18d-41ec-92d7-dde71b9fdffb","新北市政府主計處/基金預算科","不更新","財稅","公共資訊","JSON、CSV、XML","中文"," 1.單位：新臺幣千元。2.各項欄位說明詳參""新北市政府主計處網頁""或電洽主計處查詢。"
"43AE5D93-3525-4DEE-97B2-29B8A049C373","113年度新北市附屬單位預算特別收入基金來源、用途及餘絀綜計表","https://data.ntpc.gov.tw/datasets/43ae5d93-3525-4dee-97b2-29b8a049c373","新北市政府主計處/基金預算科","不更新","財稅","公共資訊","JSON、CSV、XML","中文"," 1.單位：新臺幣千元。2.各項欄位說明詳參""新北市政府主計處網頁""或電洽主計處查詢。"
"6CD4BBA3-57BB-4620-B0AA-43488C6D9646","113年度新北市附屬單位預算作業基金餘絀撥補綜計表(依撥補項目分列)","https://data.ntpc.gov.tw/datasets/6cd4bba3-57bb-4620-b0aa-43488c6d9646","新北市政府主計處/基金預算科","不更新","財稅","公共資訊","JSON、CSV、XML","中文"," 1.單位：新臺幣千元。2.各項欄位說明詳參""新北市政府主計處網頁""或電洽主計處查詢。"
"5D7380C9-5631-4E09-A48A-78354645C681","113年度新北市附屬單位預算特別收入基金現金流量綜計表(依基金別分列)","https://data.ntpc.gov.tw/datasets/5d7380c9-5631-4e09-a48a-78354645c681","新北市政府主計處/基金預算科","不更新","財稅","公共資訊","JSON、CSV、XML","中文"," 1.單位：新臺幣千元。2.各項欄位說明詳參新北市政府主計處網頁或電洽主計處查詢。"
"8B0F4549-0701-456E-952F-6ACE60CE7D9D","113年度新北市附屬單位預算作業基金現金流量綜計表(依現金流量項目分列)","https://data.ntpc.gov.tw/datasets/8b0f4549-0701-456e-952f-6ace60ce7d9d","新北市政府主計處/基金預算科","不更新","財稅","公共資訊","JSON、CSV、XML","中文"," 1.單位：新臺幣千元。2.各項欄位說明詳參""新北市政府主計處網頁""或電洽主計處查詢。"
"35FEEEDE-C09D-4FEE-9FE7-7E90CA6C2352","113年度新北市附屬單位預算營業基金現金流量綜計表(依機關及基金別分列)","https://data.ntpc.gov.tw/datasets/35feeede-c09d-4fee-9fe7-7e90ca6c2352","新北市政府主計處/基金預算科","不更新","財稅","公共資訊","JSON、CSV、XML","中文","1.單位：新臺幣千元。2.各項欄位說明詳參""新北市政府主計處網頁""或電洽主計處查詢。"
"F3B80F8F-48B6-4171-A65F-5FE37BFEA776","113年度新北市附屬單位預算營業基金損益綜計表(依收支科目分列)","https://data.ntpc.gov.tw/datasets/f3b80f8f-48b6-4171-a65f-5fe37bfea776","新北市政府主計處/基金預算科","不更新","財稅","公共資訊","JSON、CSV、XML","中文","1.單位：新臺幣千元。2.各項欄位說明詳參""新北市政府主計處網頁""或電洽主計處查詢。"
"64F4A48E-B1C0-409E-A226-E5DB4C06C986","113年度新北市附屬單位預算營業基金損益綜計表(依機關及基金別分列)","https://data.ntpc.gov.tw/datasets/64f4a48e-b1c0-409e-a226-e5db4c06c986","新北市政府主計處/基金預算科","不更新","財稅","公共資訊","JSON、CSV、XML","中文"," 1.單位：新臺幣千元。2.各項欄位說明詳參新北市政府主計處網頁或電洽主計處查詢。"
"95D49173-FC88-477C-A716-0E7EE286B946","113年度新北市附屬單位預算營業基金資本增減綜計表","https://data.ntpc.gov.tw/datasets/95d49173-fc88-477c-a716-0e7ee286b946","新北市政府主計處/基金預算科","不更新","財稅","公共資訊","JSON、CSV、XML","中文","1.單位：新臺幣千元。2.各項欄位說明詳參""新北市政府主計處網頁""或電洽主計處查詢。"
"D99C713C-862F-44D4-947E-8F4F79072F42","113年度新北市附屬單位預算作業基金餘絀撥補綜計表(依基金別分列)","https://data.ntpc.gov.tw/datasets/d99c713c-862f-44d4-947e-8f4f79072f42","新北市政府主計處/基金預算科","不更新","財稅","公共資訊","JSON、CSV、XML","中文"," 1.單位：新臺幣千元。2.各項欄位說明詳參新北市政府主計處網頁或電洽主計處查詢。"
"2611471C-C1F4-4154-B3CB-26036C27E066","辦理急難救助概況(97年以前)","https://data.ntpc.gov.tw/datasets/2611471c-c1f4-4154-b3cb-26036c27e066","新北市政府主計處/公務統計科","不更新","統計","公共資訊","JSON、CSV、XML","中文","1.辦理急難救助概況(97年以前)
2.單位：人次、新臺幣元
3.各項欄位說明詳參新北市統計年報(網址：http://www.bas.ntpc.gov.tw/home.jsp?id=OTE=)或電洽主計處查詢。"
"ABDCF3D9-216C-457C-A174-07C9D9FF401E","境內高級中等學校教育概況(102學年度以前)","https://data.ntpc.gov.tw/datasets/abdcf3d9-216c-457c-a174-07c9d9ff401e","新北市政府主計處/公務統計科","不更新","統計","公共資訊","JSON、CSV、XML","中文","1.境內高級中等學校教育概況(102學年度以前)
2.單位：所、班、人
3.各項欄位說明詳參新北市統計年報(網址：http://www.bas.ntpc.gov.tw/home.jsp?id=OTE=)或電洽主計處查詢。"
"CF3BAB19-FD03-41A1-A05D-ECF526FDC2FA","托育機構概況(100年以前)","https://data.ntpc.gov.tw/datasets/cf3bab19-fd03-41a1-a05d-ecf526fdc2fa","新北市政府主計處/公務統計科","不更新","統計","公共資訊","JSON、CSV、XML","中文","1.托育機構概況(100年以前)
2.單位：所,人
3.各項欄位說明詳參新北市統計年報(網址：http://www.bas.ntpc.gov.tw/home.jsp?id=OTE=)或電洽主計處查詢。"
"39E17852-9AC9-45B7-BC60-D8D0ED7E3161","新北市垃圾焚化廠位置","https://data.ntpc.gov.tw/datasets/39e17852-9ac9-45b7-bc60-d8d0ed7e3161","新北市政府環境保護局/廢棄物處理規劃科/興建規劃股","不更新","環保","生活安全及品質","JSON、CSV、XML、KML","中文","新北市垃圾焚化廠位置。"
"A30D296D-E43C-43A5-97D2-AEF54332D4E0","新北市掩埋場位置","https://data.ntpc.gov.tw/datasets/a30d296d-e43c-43a5-97d2-aef54332d4e0","新北市政府環境保護局/廢棄物處理規劃科/興建規劃股","不更新","環保","公共資訊","JSON、CSV、XML、KML","中文","新北市掩埋場位置。"
"BF90FA7E-C358-4CDA-B579-B6C84ADC96A1","新北市公立動物之家","https://data.ntpc.gov.tw/datasets/bf90fa7e-c358-4cda-b579-b6c84adc96a1","新北市政府農業局/新北市政府動物保護防疫處/秘書室","不更新","農業","公共資訊","JSON、CSV、XML、KML","中文","新北市農業局所提供的公立動物之家，歡迎民眾認養流浪犬貓。"
"51B9C79F-89F8-4F62-97FD-81F795329F14","新北市104年A1道路交通事故-第一當事者車輛用途","https://data.ntpc.gov.tw/datasets/51b9c79f-89f8-4f62-97fd-81f795329f14","新北市政府警察局/新北市政府警察局交通警察大隊/事故處理組","不更新","交通","交通及通訊","JSON、CSV、XML","中文","新北市104年A1道路交通事故-第一當事者車輛用途。"
"E09B35A5-A738-48CC-B0F5-570B67AD9C78","新北市公有路外停車場即時賸餘車位數","https://data.ntpc.gov.tw/datasets/e09b35a5-a738-48cc-b0f5-570b67ad9c78","新北市政府交通局/停車管理科/停車管理科第二股","每3分鐘","交通","交通及通訊","JSON、CSV、XML","中文"," 一、可參考/對應「新北市路外公共停車場資訊」，此靜態資料。  二、本項資料，每3分鐘更新1次。  三、欄位說明：  PARK:某停車場資料  ID:停車場編號  AVAILABLE:停車場目前之剩餘（汽車）車位數；  部分停車場因更換營運廠商，尚無提供即時車位，其顯示數值將為-9。"
"CCFA18A7-B045-49CF-8940-0E5F80A9F1A3","新北市航空噪音管制區劃定範圍","https://data.ntpc.gov.tw/datasets/ccfa18a7-b045-49cf-8940-0e5f80a9f1a3","新北市政府環境保護局/空氣品質維護科/移污噪音股","不更新","環保","生活安全及品質","JSON、CSV、XML","中文","1.臺灣桃園國際機場之航空噪音防制區。
2.交通部民用航空局臺北國際航空站之航空噪音防制區。
"
"17A0B082-F9E1-41DE-A9D1-A2F04EDE915F","新北市噪音管制區劃定範圍","https://data.ntpc.gov.tw/datasets/17a0b082-f9e1-41de-a9d1-a2f04ede915f","新北市政府環境保護局/空氣品質維護科/移污噪音股","不更新","環保","生活安全及品質","JSON、CSV、XML","中文","本市四類噪音管制區及相關規定"
"7AF5B5EF-E4E3-496D-AAC7-8A93A8E3B308","新北市環境教育設施場所","https://data.ntpc.gov.tw/datasets/7af5b5ef-e4e3-496d-aac7-8a93a8e3b308","新北市政府環境保護局/綜合規劃科/教育宣導股","不更新","環保","生活安全及品質","JSON、CSV、XML","中文","目前新北市轄內通過行政院環境保護署設施場所認證共計18處，提供環境教育專業服務及趣味活動，具有不同的豐富自然或人文特色的學習環境。"
"37321DBA-AC4D-4ACF-8EB1-7E6CF4319C05","111年度新北市總決算收支簡明比較分析表","https://data.ntpc.gov.tw/datasets/37321dba-ac4d-4acf-8eb1-7e6cf4319c05","新北市政府主計處/會計決算科","不更新","財稅","公共資訊","JSON、CSV、XML","中文","1.111年度新北市總決算收支簡明比較分析表2.單位：新臺幣元 3.各項欄位說明詳參""新北市政府主計處網頁->總決算->111年度新北市總決算""( https://www.bas.ntpc.gov.tw/home.jsp?id=2d77083c299dfb04)或電洽主計處查詢。"
"2852C6E1-48EB-4BFA-9B58-401D6DB2894E","104年度新北市十大易肇事路口","https://data.ntpc.gov.tw/datasets/2852c6e1-48eb-4bfa-9b58-401d6db2894e","新北市政府警察局/新北市政府警察局交通警察大隊/事故處理組","不更新","交通","交通及通訊","JSON、CSV、XML","中文","104年度新北市十大易肇事路口。"
"EFCAA704-6B0D-4254-AFBB-51765FC05F2B","新北市境界","https://data.ntpc.gov.tw/datasets/efcaa704-6b0d-4254-afbb-51765fc05f2b","新北市政府警察局/行政科","不更新","資訊","公共資訊","JSON、CSV、XML","中文","新北市邊境地界"
"874C373E-BBC5-4C24-93FB-EAB72E9DFF43","新北市政府警察局違反社會秩序維護法件數人數","https://data.ntpc.gov.tw/datasets/874c373e-bbc5-4c24-93fb-eab72e9dff43","新北市政府警察局/新北市政府警察局刑事警察大隊/科技犯罪偵查專責組","不更新","治安","公共資訊","JSON、CSV、XML","中文","新北市政府警察局違反社會秩序維護法件數人數。"
"D7330AE1-5869-4EE7-8821-03B1D7D13822","新北市轄內固定污染源空氣污染物監測數據-即時","https://data.ntpc.gov.tw/datasets/d7330ae1-5869-4ee7-8821-03b1d7d13822","新北市政府環境保護局/空氣品質維護科/固定源管制股","每小時","環保","生活安全及品質","JSON、CSV、XML","中文","針對固定污染源空氣污染物連續自動監測設施(CEMS)監測數據-即時"
"A0660FAF-C2AE-41CE-B390-BB81C51D1ECB","新北市轄內固定污染源空氣污染物監測數據-日報","https://data.ntpc.gov.tw/datasets/a0660faf-c2ae-41ce-b390-bb81c51d1ecb","新北市政府環境保護局/空氣品質維護科/固定源管制股","每日","環保","生活安全及品質","JSON、CSV、XML","中文","針對固定污染源空氣污染物連續自動監測設施(CEMS)監測數據-日報"
"0F0967BD-3C42-4FD4-80AC-786509C315F3","新北市轄內設置空氣污染物監測設施之固定污染源","https://data.ntpc.gov.tw/datasets/0f0967bd-3c42-4fd4-80ac-786509c315f3","新北市政府環境保護局/空氣品質維護科/固定源管制股","不更新","環保","生活安全及品質","JSON、CSV、XML","中文","新北市轄內設置空氣污染物監測設施之固定污染源。"
"2793D073-7051-4514-9A70-CBF5EA8B356B","新北市補校業務資訊","https://data.ntpc.gov.tw/datasets/2793d073-7051-4514-9a70-cbf5ea8b356b","新北市政府教育局/社會教育科","不更新","教育","求學及進修","JSON、CSV、XML、KML","中文","提供新北市國小至國中有辦理補校業務之學校資訊。"
"0AEEFCB6-BF8D-48CC-A9B3-4C4719CD3BC7","新北市112年度徵起之國稅、縣市稅分成數額表","https://data.ntpc.gov.tw/datasets/0aeefcb6-bf8d-48cc-a9b3-4c4719cd3bc7","新北市政府財政局/秘書室","不更新","財稅","公共資訊","JSON、CSV、XML","中文","新北市112年度徵起之國稅、縣市稅分成數額表112"
"2A1142C3-08D5-44E2-8E5C-875E765E8FFE","新北市112年度預算數及執行數共同比（執行率）","https://data.ntpc.gov.tw/datasets/2a1142c3-08d5-44e2-8e5c-875e765e8ffe","新北市政府財政局/秘書室","不更新","財稅","公共資訊","JSON、CSV、XML","中文","新北市112年度預算數及執行數共同比（執行率）112"
"2D4F34A8-B7B3-403D-AB03-625C72137E44","新北市兒童保健塗氟機構","https://data.ntpc.gov.tw/datasets/2d4f34a8-b7b3-403d-ab03-625c72137e44","新北市政府衛生局/健康管理科/健康管理科婦幼衛生股","每年","醫療","就醫","JSON、CSV、XML、KML","中文","新北市兒童保健塗氟機構。"
"ED3F9DC3-B593-4C80-82DE-46E40E28D761","新北市月子餐機構","https://data.ntpc.gov.tw/datasets/ed3f9dc3-b593-4c80-82de-46e40e28d761","新北市政府衛生局/食品藥物管理科/食品股","不更新","醫療","生育保健","JSON、CSV、XML、KML","中文","新北市月子餐機構清冊"
"4EA76C1F-AF29-469B-86B2-B2F77A0A2ECF","新北市口腔顏面外科醫療機構","https://data.ntpc.gov.tw/datasets/4ea76c1f-af29-469b-86b2-b2f77a0a2ecf","新北市政府衛生局/醫事管理科/醫政管理股","不更新","醫療","就醫","JSON、CSV、XML、KML","中文","新北市口腔顏面外科醫療機構清單
"
"311A10D2-4990-4FAB-BCA3-0765E0189B62","新北市血液透析資源","https://data.ntpc.gov.tw/datasets/311a10d2-4990-4fab-bca3-0765e0189b62","新北市政府衛生局/醫事管理科/醫政管理股","不更新","醫療","就醫","JSON、CSV、XML、KML","中文","新北市血液透析資源醫療機構清冊
"
"C936DB77-7940-471A-A4B5-F907A23A9283","本市付費廣告欄設置地點一覽表","https://data.ntpc.gov.tw/datasets/c936db77-7940-471a-a4b5-f907a23a9283","新北市政府環境保護局/清潔維護科/維護二股","不更新","環保","公共資訊","JSON、CSV、XML","中文","本市付費廣告欄設置地點"
"BEB5DA18-EA88-437B-8186-A96ADBDFA7E4","105年度新北市附屬單位預算營業基金財務摘要綜計表(法定)","https://data.ntpc.gov.tw/datasets/beb5da18-ea88-437b-8186-a96adbdfa7e4","新北市政府主計處/基金預算科","不更新","財稅","公共資訊","JSON、CSV、XML","中文","1.105年度新北市附屬單位預算營業基金財務摘要綜計表(法定)

2.單位：新臺幣百萬元

3.各項欄位說明詳參""新北市政府主計處網頁->附屬單位預算及綜計表->105年度附屬單位法定預算""( http://www.bas.ntpc.gov.tw/download/?type_id=10618)或電洽主計處查詢。"
"F15A157A-83C0-4EE0-A1BA-B0776C50C399","105年度新北市附屬單位預算特別收入基金現金流量綜計表(依基金別分列)(法定)","https://data.ntpc.gov.tw/datasets/f15a157a-83c0-4ee0-a1ba-b0776c50c399","新北市政府主計處/基金預算科","不更新","財稅","公共資訊","JSON、CSV、XML","中文","1.105年度新北市附屬單位預算特別收入基金現金流量綜計表(依基金別分列)(法定)

2.單位：新臺幣千元

3.各項欄位說明詳參""新北市政府主計處網頁->附屬單位預算及綜計表->105年度附屬單位法定預算""( http://www.bas.ntpc.gov.tw/download/?type_id=10618)或電洽主計處查詢。
"
"A7B62601-B88A-40E0-9822-D43B9DDFE961","106年度新北市附屬單位預算特別收入基金來源、用途及餘絀綜計表(法定)","https://data.ntpc.gov.tw/datasets/a7b62601-b88a-40e0-9822-d43b9ddfe961","新北市政府主計處/基金預算科","不更新","財稅","公共資訊","JSON、CSV、XML","中文","1.106年度新北市附屬單位預算特別收入基金來源、用途及餘絀綜計表(法定)

2.單位：新臺幣千元

3.各項欄位說明詳參""新北市政府主計處網頁->附屬單位預算及綜計表->106年度附屬單位預算""(http://www.bas.ntpc.gov.tw/download/?type_id=10772)或電洽主計處查詢。"
"E186FBFC-D236-43D4-82B2-A1CEFD7F0E1A","105年度新北市附屬單位預算營業基金損益綜計表(依機關別分列)(法定)","https://data.ntpc.gov.tw/datasets/e186fbfc-d236-43d4-82b2-a1cefd7f0e1a","新北市政府主計處/基金預算科","不更新","財稅","公共資訊","JSON、CSV、XML","中文","1.105年度新北市附屬單位預算營業基金損益綜計表(依機關別分列)(法定)

2.單位：新臺幣千元

3.各項欄位說明詳參""新北市政府主計處網頁->附屬單位預算及綜計表->105年度附屬單位法定預算""( http://www.bas.ntpc.gov.tw/download/?type_id=10618)或電洽主計處查詢。"
"F5294DA0-C048-4F6C-9C4A-062D1016E9D0","105年度新北市附屬單位預算作業基金餘絀撥補綜計表(依撥補項目分列)(法定)","https://data.ntpc.gov.tw/datasets/f5294da0-c048-4f6c-9c4a-062d1016e9d0","新北市政府主計處/基金預算科","不更新","財稅","公共資訊","JSON、CSV、XML","中文","1.105年度新北市附屬單位預算作業基金餘絀撥補綜計表(依撥補項目分列)(法定)

2.單位：新臺幣千元

3.各項欄位說明詳參""新北市政府主計處網頁->附屬單位預算及綜計表->105年度附屬單位法定預算""( http://www.bas.ntpc.gov.tw/download/?type_id=10618)或電洽主計處查詢。
"
"E8690DE8-385B-4BB6-AB06-1A04C1705062","105年度新北市附屬單位預算作業基金收支餘絀綜計表(依基金別分列)(法定)","https://data.ntpc.gov.tw/datasets/e8690de8-385b-4bb6-ab06-1a04c1705062","新北市政府主計處/基金預算科","不更新","財稅","公共資訊","JSON、CSV、XML","中文","1.105年度新北市附屬單位預算作業基金收支餘絀綜計表(依基金別分列)(法定)

2.單位：新臺幣千元

3.各項欄位說明詳參""新北市政府主計處網頁->附屬單位預算及綜計表->105年度附屬單位法定預算""( http://www.bas.ntpc.gov.tw/download/?type_id=10618)或電洽主計處查詢。
"
"703FEDE3-610E-47E4-BCCD-6AEBE175C21A","106年度新北市附屬單位預算作業基金現金流量綜計表(依基金別分列)(預算案)","https://data.ntpc.gov.tw/datasets/703fede3-610e-47e4-bccd-6aebe175c21a","新北市政府主計處/基金預算科","不更新","財稅","公共資訊","JSON、CSV、XML","中文","1.106年度新北市附屬單位預算作業基金現金流量綜計表(依基金別分列)(預算案)

2.單位：新臺幣千元

3.各項欄位說明詳參""新北市政府主計處網頁->附屬單位預算及綜計表->106年度附屬單位預算案""( http://www.bas.ntpc.gov.tw/download/?type_id=10626)或電洽主計處查詢。

4.作業基金之新北市實施平均地權基金、新北市停車場作業基金及新北市軌道建設發展基金尚未經市議會審議通過。"
"B788107F-2C5E-4930-BEBD-F847AC8119AE","105年度新北市附屬單位預算作業基金餘絀撥補綜計表(依基金別分列)(法定)","https://data.ntpc.gov.tw/datasets/b788107f-2c5e-4930-bebd-f847ac8119ae","新北市政府主計處/基金預算科","不更新","財稅","公共資訊","JSON、CSV、XML","中文","1.105年度新北市附屬單位預算作業基金餘絀撥補綜計表(依基金別分列)(法定)

2.單位：新臺幣千元

3.各項欄位說明詳參""新北市政府主計處網頁->附屬單位預算及綜計表->105年度附屬單位法定預算""( http://www.bas.ntpc.gov.tw/download/?type_id=10618)或電洽主計處查詢。
"
"D7A42C02-DBFA-4122-89D9-586AA0FE3D7D","105年度新北市附屬單位預算資本計畫基金現金流量綜計表(依基金別分列)(法定)","https://data.ntpc.gov.tw/datasets/d7a42c02-dbfa-4122-89d9-586aa0fe3d7d","新北市政府主計處/基金預算科","不更新","財稅","公共資訊","JSON、CSV、XML","中文","1.105年度新北市附屬單位預算資本計畫基金現金流量綜計表(依基金別分列)(法定)

2.單位：新臺幣千元

3.各項欄位說明詳參""新北市政府主計處網頁->附屬單位預算及綜計表->105年度附屬單位法定預算""( http://www.bas.ntpc.gov.tw/download/?type_id=10618)或電洽主計處查詢。
"
"E3BA5466-5A2A-4DEA-BF26-4864FE9D99F7","105年度新北市附屬單位預算營業基金固定資產建設改良擴充資金來源綜計表(法定)","https://data.ntpc.gov.tw/datasets/e3ba5466-5a2a-4dea-bf26-4864fe9d99f7","新北市政府主計處/基金預算科","不更新","財稅","公共資訊","JSON、CSV、XML","中文","1.105年度新北市附屬單位預算營業基金固定資產建設改良擴充資金來源綜計表(法定)

2.單位：新臺幣千元

3.各項欄位說明詳參""新北市政府主計處網頁->附屬單位預算及綜計表->105年度附屬單位法定預算""( http://www.bas.ntpc.gov.tw/download/?type_id=10618)或電洽主計處查詢。"
"A05BC1DF-791D-4006-81E3-88A685CFCD38","106年度新北市附屬單位預算作業基金收支餘絀綜計表(依基金別分列)(預算案)","https://data.ntpc.gov.tw/datasets/a05bc1df-791d-4006-81e3-88a685cfcd38","新北市政府主計處/基金預算科","不更新","財稅","公共資訊","JSON、CSV、XML","中文","1.106年度新北市附屬單位預算作業基金收支餘絀綜計表(依基金別分列)(預算案)

2.單位：新臺幣千元

3.各項欄位說明詳參""新北市政府主計處網頁->附屬單位預算及綜計表->106年度附屬單位預算案""( http://www.bas.ntpc.gov.tw/download/?type_id=10626)或電洽主計處查詢。

4.作業基金之新北市實施平均地權基金、新北市停車場作業基金及新北市軌道建設發展基金尚未經市議會審議通過。"
"7B8A0BFD-D568-430E-8B68-33D72E41F709","105年度新北市附屬單位預算資本計畫基金來源、用途及餘絀綜計表(法定)","https://data.ntpc.gov.tw/datasets/7b8a0bfd-d568-430e-8b68-33d72e41f709","新北市政府主計處/基金預算科","不更新","財稅","公共資訊","JSON、CSV、XML","中文","1.105年度新北市附屬單位預算資本計畫基金來源、用途及餘絀綜計表(法定)

2.單位：新臺幣千元

3.各項欄位說明詳參""新北市政府主計處網頁->附屬單位預算及綜計表->105年度附屬單位法定預算""( http://www.bas.ntpc.gov.tw/download/?type_id=10618)或電洽主計處查詢。
"
"7557F1D0-8D69-4A84-80E9-0AB075D875E9","105年度新北市附屬單位預算營業基金盈虧撥補綜計表(依機關別分列)(法定)","https://data.ntpc.gov.tw/datasets/7557f1d0-8d69-4a84-80e9-0ab075d875e9","新北市政府主計處/基金預算科","不更新","財稅","公共資訊","JSON、CSV、XML","中文","1.105年度新北市附屬單位預算營業基金盈虧撥補綜計表(依機關別分列)(法定)

2.單位：新臺幣千元

3.各項欄位說明詳參""新北市政府主計處網頁->附屬單位預算及綜計表->105年度附屬單位法定預算""( http://www.bas.ntpc.gov.tw/download/?type_id=10618)或電洽主計處查詢。"
"B1C57476-5DFF-46B0-917E-C5A7CD8FE774","106年度新北市附屬單位預算作業基金收支餘絀綜計表(依收支科目分列)(預算案)","https://data.ntpc.gov.tw/datasets/b1c57476-5dff-46b0-917e-c5a7cd8fe774","新北市政府主計處/基金預算科","不更新","財稅","公共資訊","JSON、CSV、XML","中文","1.106年度新北市附屬單位預算作業基金收支餘絀綜計表(依收支科目分列)(預算案)

2.單位：新臺幣千元

3.各項欄位說明詳參""新北市政府主計處網頁->附屬單位預算及綜計表->106年度附屬單位預算案""( http://www.bas.ntpc.gov.tw/download/?type_id=10626)或電洽主計處查詢。

4.作業基金之新北市實施平均地權基金、新北市停車場作業基金及新北市軌道建設發展基金尚未經市議會審議通過。"
"BB06924A-F9E0-4D70-A6D9-564B10A9E932","105年度新北市附屬單位預算營業基金損益綜計表(依收支科目分列)(法定)","https://data.ntpc.gov.tw/datasets/bb06924a-f9e0-4d70-a6d9-564b10a9e932","新北市政府主計處/基金預算科","不更新","財稅","公共資訊","JSON、CSV、XML","中文","1.105年度新北市附屬單位預算營業基金損益綜計表(依收支科目分列)(法定)

2.單位：新臺幣千元

3.各項欄位說明詳參""新北市政府主計處網頁->附屬單位預算及綜計表->105年度附屬單位法定預算""( http://www.bas.ntpc.gov.tw/download/?type_id=10618)或電洽主計處查詢。"
"D3DD9EF9-3F02-4458-B9F7-513400F59A05","105年度新北市附屬單位預算營業基金現金流量綜計表(依機關別分列)(法定)","https://data.ntpc.gov.tw/datasets/d3dd9ef9-3f02-4458-b9f7-513400f59a05","新北市政府主計處/基金預算科","不更新","財稅","公共資訊","JSON、CSV、XML","中文","1.105年度新北市附屬單位預算營業基金現金流量綜計表(依機關別分列)(法定)

2.單位：新臺幣千元

3.各項欄位說明詳參""新北市政府主計處網頁->附屬單位預算及綜計表->105年度附屬單位法定預算""( http://www.bas.ntpc.gov.tw/download/?type_id=10618)或電洽主計處查詢。"
"A6EB6150-5C2D-4CCD-84B2-33CDC0E6495C","105年度新北市附屬單位預算作業基金收支餘絀綜計表(依收支科目分列)(法定)","https://data.ntpc.gov.tw/datasets/a6eb6150-5c2d-4ccd-84b2-33cdc0e6495c","新北市政府主計處/基金預算科","不更新","財稅","公共資訊","JSON、CSV、XML","中文","1.105年度新北市附屬單位預算作業基金收支餘絀綜計表(依收支科目分列)(法定)

2.單位：新臺幣千元

3.各項欄位說明詳參""新北市政府主計處網頁->附屬單位預算及綜計表->105年度附屬單位法定預算""( http://www.bas.ntpc.gov.tw/download/?type_id=10618)或電洽主計處查詢。
"
"C30000F1-3678-4E1E-8CBB-980A44903780","106年度新北市附屬單位預算作業基金現金流量綜計表(依現流項目分列)(預算案)","https://data.ntpc.gov.tw/datasets/c30000f1-3678-4e1e-8cbb-980a44903780","新北市政府主計處/基金預算科","不更新","財稅","公共資訊","JSON、CSV、XML","中文","1.106年度新北市附屬單位預算作業基金現金流量綜計表(依現金流量項目分列)(預算案)

2.單位：新臺幣千元

3.各項欄位說明詳參""新北市政府主計處網頁->附屬單位預算及綜計表->106年度附屬單位預算案""( http://www.bas.ntpc.gov.tw/download/?type_id=10626)或電洽主計處查詢。

4.作業基金之新北市實施平均地權基金、新北市停車場作業基金及新北市軌道建設發展基金尚未經市議會審議通過。"
"BEA9625F-C37C-4261-9B9F-32512EA58957","105年度新北市附屬單位預算資本計畫基金現金流量綜計表(依現流分列)(法定)","https://data.ntpc.gov.tw/datasets/bea9625f-c37c-4261-9b9f-32512ea58957","新北市政府主計處/基金預算科","不更新","財稅","公共資訊","JSON、CSV、XML","中文","1.105年度新北市附屬單位預算資本計畫基金現金流量綜計表(依現金流量項目分列)(法定)

2.單位：新臺幣千元

3.各項欄位說明詳參""新北市政府主計處網頁->附屬單位預算及綜計表->105年度附屬單位法定預算""( http://www.bas.ntpc.gov.tw/download/?type_id=10618)或電洽主計處查詢。
"
"DB093511-D4C0-439F-BBFA-2675A4AA45EC","106年度新北市附屬單位預算特別收入基金現金流量綜計表(依現流分列)(法定)","https://data.ntpc.gov.tw/datasets/db093511-d4c0-439f-bbfa-2675a4aa45ec","新北市政府主計處/基金預算科","不更新","財稅","公共資訊","JSON、CSV、XML","中文","1.106年度新北市附屬單位預算特別收入基金現金流量綜計表(依現金流量項目分列)(法定)

2.單位：新臺幣千元

3.各項欄位說明詳參""新北市政府主計處網頁->附屬單位預算及綜計表->106年度附屬單位預算""(http://www.bas.ntpc.gov.tw/download/?type_id=10772)或電洽主計處查詢。"
"9766C572-B044-45EC-95AA-E8E9BB2A61CE","新北好市金讚獎市場及攤位獲獎名單","https://data.ntpc.gov.tw/datasets/9766c572-b044-45ec-95aa-e8e9bb2a61ce","新北市政府經濟發展局/新北市政府市場處/秘書室","不更新","經濟","休閒旅遊","JSON、CSV、XML","中文","109年新北好市金讚獎市場及攤位獲獎名單。"
"E273979B-D592-4FB0-BA49-17AC9EBEC796","新北市徵起之國稅、縣市稅數額表(92-97)","https://data.ntpc.gov.tw/datasets/e273979b-d592-4fb0-ba49-17ac9ebec796","新北市政府財政局/秘書室","不更新","財稅","公共資訊","JSON、CSV、XML","中文","新北市徵起之國稅、縣市稅數額表,92-97國稅及地方稅相關資料等。"
"A7677334-6CDD-4565-A804-04B5E383E2DF","新北市108年度徵起之國稅、縣市稅分成數額表","https://data.ntpc.gov.tw/datasets/a7677334-6cdd-4565-a804-04b5e383e2df","新北市政府財政局/秘書室","不更新","財稅","公共資訊","JSON、CSV、XML","中文","新北市108年度徵起之國稅、縣市稅分成數額表。"
"481807E7-68DF-4F95-896A-8D7AFCE72A2E","新北市109年度徵起之國稅、縣市稅分成數額表","https://data.ntpc.gov.tw/datasets/481807e7-68df-4f95-896a-8d7afce72a2e","新北市政府財政局/秘書室","不更新","財稅","公共資訊","JSON、CSV、XML","中文","新北市109年度徵起之國稅、縣市稅分成數額表。"
"D458D4C2-2909-4816-9AB7-0E33A967858F","新北市徵起之國稅、縣市稅數額表(103-108)","https://data.ntpc.gov.tw/datasets/d458d4c2-2909-4816-9ab7-0e33a967858f","新北市政府財政局/秘書室","不更新","財稅","公共資訊","JSON、CSV、XML","中文","新北市徵起之國稅、縣市稅數額表(103-108)。"
"1AA4246A-AE27-4F4F-9951-5072E8FA460E","新北市徵起之國稅、縣市稅數額表(107-111)","https://data.ntpc.gov.tw/datasets/1aa4246a-ae27-4f4f-9951-5072e8fa460e","新北市政府財政局/秘書室","不更新","財稅","公共資訊","JSON、CSV、XML","中文","新北市徵起之國稅、縣市稅數額表107-111"
"A69C30A5-37F8-445F-9F2E-978121154B67","新北市徵起之國稅、縣市稅數額表(102-106)","https://data.ntpc.gov.tw/datasets/a69c30a5-37f8-445f-9f2e-978121154b67","新北市政府財政局/秘書室","不更新","財稅","公共資訊","JSON、CSV、XML","中文","新北市徵起之國稅、縣市稅數額表102-106"
"D5E9F43C-DC20-4B26-8140-238D40DC8C7A","新北市徵起之國稅、縣市稅數額表(98-101)","https://data.ntpc.gov.tw/datasets/d5e9f43c-dc20-4b26-8140-238d40dc8c7a","新北市政府財政局/秘書室","不更新","財稅","公共資訊","JSON、CSV、XML","中文","新北市徵起之國稅、縣市稅數額表98-101"
"10ED83F1-8971-4064-A987-28B098EF0395","新北市政府106及105年度歲入實收數比較表","https://data.ntpc.gov.tw/datasets/10ed83f1-8971-4064-a987-28b098ef0395","新北市政府財政局/秘書室","不更新","財稅","公共資訊","JSON、CSV、XML","中文","新北市政府106及105年度歲入實收數比較表。"
"185F6718-B4F6-435C-9A5B-2258E5286AD5","新北市政府107及106年度歲入實收數比較表","https://data.ntpc.gov.tw/datasets/185f6718-b4f6-435c-9a5b-2258e5286ad5","新北市政府財政局/秘書室","不更新","財稅","公共資訊","JSON、CSV、XML","中文","新北市政府107及106年度歲入實收數比較表。"
"5C87AD1D-4033-485F-83EA-59B40EF86158","新北市政府109及108年度歲入實收數比較表","https://data.ntpc.gov.tw/datasets/5c87ad1d-4033-485f-83ea-59b40ef86158","新北市政府財政局/秘書室","不更新","財稅","公共資訊","JSON、CSV、XML","中文","新北市政府109及108年度歲入實收數比較表。"
"875AE4C5-A8F7-49BC-BF6F-06DCBA3BDDEA","新北市政府105及104年度歲入實收數比較表","https://data.ntpc.gov.tw/datasets/875ae4c5-a8f7-49bc-bf6f-06dcba3bddea","新北市政府財政局/秘書室","不更新","財稅","公共資訊","JSON、CSV、XML","中文","新北市政府105及104年度歲入實收數比較表。"
"763B7CA9-C448-4ECC-8993-71BD05B90A27","新北市政府104及103年度歲入實收數比較表","https://data.ntpc.gov.tw/datasets/763b7ca9-c448-4ecc-8993-71bd05b90a27","新北市政府財政局/秘書室","不更新","財稅","公共資訊","JSON、CSV、XML","中文","新北市政府104及103年度歲入實收數比較表。"
"54544060-5BBC-4997-B063-B0FA60A1F323","新北市政府108及107年度歲入實收數比較表","https://data.ntpc.gov.tw/datasets/54544060-5bbc-4997-b063-b0fa60a1f323","新北市政府財政局/秘書室","不更新","財稅","公共資訊","JSON、CSV、XML","中文","新北市政府108及107年度歲入實收數比較表。"
"0FF4F7F1-3CD1-4524-B857-30B41B9140EA","新北市政府102年度至108年度歲入預決算比較表","https://data.ntpc.gov.tw/datasets/0ff4f7f1-3cd1-4524-b857-30b41b9140ea","新北市政府財政局/秘書室","不更新","財稅","公共資訊","JSON、CSV、XML","中文","新北市政府102年度至108年度歲入預決算比較表109"
"726B3177-2BE9-462C-BE27-DA1FE7DD12C3","新北市政府111及110年度歲入實收數比較表","https://data.ntpc.gov.tw/datasets/726b3177-2be9-462c-be27-da1fe7dd12c3","新北市政府財政局/秘書室","不更新","財稅","公共資訊","JSON、CSV、XML","中文","新北市政府111及110年度歲入實收數比較"
"ED7C61A6-CD83-49F8-A140-7F3790CB0701","新北市 106 年度徵起之國稅、縣市稅分成數額表","https://data.ntpc.gov.tw/datasets/ed7c61a6-cd83-49f8-a140-7f3790cb0701","新北市政府財政局/秘書室","不更新","財稅","公共資訊","JSON、CSV、XML","中文","新北市106年度徵起之國稅、縣市稅分成數額表"
"A8BC9069-98BC-4A0F-8239-E4C9D922BC88","新北市110年度徵起之國稅、縣市稅分成數額表","https://data.ntpc.gov.tw/datasets/a8bc9069-98bc-4a0f-8239-e4c9d922bc88","新北市政府財政局/秘書室","不更新","財稅","公共資訊","JSON、CSV、XML","中文","新北市110年度徵起之國稅、縣市稅分成數額表110"
"EFB47547-A26B-4126-A0D7-133C1A48CBE3","新北市102年度徵起之國稅、縣市稅分成數額表","https://data.ntpc.gov.tw/datasets/efb47547-a26b-4126-a0d7-133c1a48cbe3","新北市政府財政局/秘書室","不更新","財稅","公共資訊","JSON、CSV、XML","中文","新北市102年度徵起之國稅、縣市稅分成數額表。"
"811737EE-B443-4CC8-B07D-041D5AFB8C74","新北市103年度徵起之國稅、縣市稅分成數額表","https://data.ntpc.gov.tw/datasets/811737ee-b443-4cc8-b07d-041d5afb8c74","新北市政府財政局/秘書室","不更新","財稅","公共資訊","JSON、CSV、XML","中文","新北市103年度徵起之國稅、縣市稅分成數額表。"
"3C1DD61A-0B2F-4B67-B301-164BEB2E406C","新北市104年度徵起之國稅、縣市稅分成數額表","https://data.ntpc.gov.tw/datasets/3c1dd61a-0b2f-4b67-b301-164beb2e406c","新北市政府財政局/秘書室","不更新","財稅","公共資訊","JSON、CSV、XML","中文","新北市104年度徵起之國稅、縣市稅分成數額表。"
"ED647434-B6C3-4647-B3E1-8DDA4E5E8C72","新北市105年度徵起之國稅、縣市稅分成數額表","https://data.ntpc.gov.tw/datasets/ed647434-b6c3-4647-b3e1-8dda4e5e8c72","新北市政府財政局/秘書室","不更新","財稅","公共資訊","JSON、CSV、XML","中文","新北市105年度徵起之國稅、縣市稅分成數額表。"
"5EC95146-A5EA-40CB-A7AA-71FF87E3B4BD","新北市111年度徵起之國稅、縣市稅分成數額表","https://data.ntpc.gov.tw/datasets/5ec95146-a5ea-40cb-a7aa-71ff87e3b4bd","新北市政府財政局/秘書室","不更新","財稅","公共資訊","JSON、CSV、XML","中文","新北市111年度徵起之國稅、縣市稅分成數額"
"FD97F282-9ED1-4555-9472-47920A4C1E1F","新北市107年度預算數及執行數共同比（執行率）","https://data.ntpc.gov.tw/datasets/fd97f282-9ed1-4555-9472-47920a4c1e1f","新北市政府財政局/秘書室","不更新","財稅","公共資訊","JSON、CSV、XML","中文","預算數及執行數共同比，其資料包含項目名稱、預算數、累計實徵數(單位：億元)、累計實收數(單位：億元)等統計資訊。"
"90065256-4D07-42CF-B27A-4C44635ECC21","新北市111年度預算數及執行數共同比（執行率）","https://data.ntpc.gov.tw/datasets/90065256-4d07-42cf-b27a-4c44635ecc21","新北市政府財政局/秘書室","不更新","財稅","公共資訊","JSON、CSV、XML","中文","新北市111年度預算數及執行數共同比 執行率"
"C3F7D3E1-D277-450C-8FC5-B207C955387A","新北市政府警察局104年各類經紀案件統計表","https://data.ntpc.gov.tw/datasets/c3f7d3e1-d277-450c-8fc5-b207c955387a","新北市政府警察局/新北市政府警察局刑事警察大隊/科技犯罪偵查專責組","不更新","經濟","公共資訊","JSON、CSV、XML","中文","新北市政府警察局104年各類經紀案件統計表。"
"463DE692-DA82-4F22-9F92-A8B95F094B0A","每年新北市A2交通事故時間別","https://data.ntpc.gov.tw/datasets/463de692-da82-4f22-9f92-a8b95f094b0a","新北市政府警察局/新北市政府警察局交通警察大隊/事故處理組","不更新","交通","交通及通訊","JSON、CSV、XML","中文","一、統計範圍及對象：凡於臺北市區內道路上發生之交通事故，為統計範圍及對象。	
(一)必須因汽機車或動力機械行駛而引起之事故。			
(二)必須發生於道路上之事故。	
(三)非死亡。（即符合道路交通事故調查報告A2類）
二、統計標準時間：以每年所發生之事實為準。		
三、分類標準：按道路類別及道路型態分類。
四、有關法令規章：	
(一)道路交通事故：依「道路交通事故處理辦法」第2條規定，係指因汽機車或動力機械在道路上行駛，致有人死亡、受傷或車輛、財物損失之事故。
(二)道路：指公道、街道、巷弄、廣場、騎樓、走廊、或其他供公眾通行之地方。	
(三)道路類別及道路型態係以第一當事者為統計標準。			
(四)專用道路指各種產業專用之道路。（如事故發生於2種以上不同類別的道路上時，以第一當事者所行駛之道路為主）。
(五)道路交通事故不包括鐵路（火車）本身之事故，但火車與汽機車或動力機械所發生之車禍則計算在內，稱平交道事故。
五、資料蒐集方法及編製程序：由本局交通分隊將當月填寫之道路交通事故調查報告表，報送本局交通大隊彙編。並根據該調查報告表按分局別將當月資料彙編本表"
"54C8DB42-C762-4462-8AF4-6E0F28956BC1","新北市102年A1道路交通事故-未滿12歲兒童統計","https://data.ntpc.gov.tw/datasets/54c8db42-c762-4462-8af4-6e0f28956bc1","新北市政府警察局/新北市政府警察局交通警察大隊/事故處理組","不更新","交通","交通及通訊","JSON、CSV、XML","中文","新北市102年A1道路交通事故-未滿12歲兒童統計。"
"D59421AF-55DA-4F9F-B0F1-E0039D505A4A","新北市105年A2道路交通事故-第一當事者車輛用途","https://data.ntpc.gov.tw/datasets/d59421af-55da-4f9f-b0f1-e0039d505a4a","新北市政府警察局/新北市政府警察局交通警察大隊/事故處理組","不更新","交通","交通及通訊","JSON、CSV、XML","中文","新北市105年A2道路交通事故-第一當事者車輛用途。"
"8F20F361-ACEE-47F2-95ED-83C2A1A47400","新北市102年A1道路交通事故-第一當事者車輛用途","https://data.ntpc.gov.tw/datasets/8f20f361-acee-47f2-95ed-83c2a1a47400","新北市政府警察局/新北市政府警察局交通警察大隊/事故處理組","不更新","交通","交通及通訊","JSON、CSV、XML","中文","新北市102年A1道路交通事故-第一當事者車輛用途。"
"9C22926A-AD92-4B6C-BA5D-D75E67A2D42C","新北市105年A1道路交通事故-機車傷亡者與戴用安全帽關係統計","https://data.ntpc.gov.tw/datasets/9c22926a-ad92-4b6c-ba5d-d75e67a2d42c","新北市政府警察局/新北市政府警察局交通警察大隊/事故處理組","不更新","交通","交通及通訊","JSON、CSV、XML","中文","新北市105年A1道路交通事故-機車傷亡者與戴用安全帽關係統計。"
"7CCD36B5-FC4B-4A61-B165-C47591A4C99D","新北市105年A1道路交通事故-發生時間與第一當事者酒後駕車肇事分析統計表","https://data.ntpc.gov.tw/datasets/7ccd36b5-fc4b-4a61-b165-c47591a4c99d","新北市政府警察局/新北市政府警察局交通警察大隊/事故處理組","不更新","交通","交通及通訊","JSON、CSV、XML","中文","新北市105年A1道路交通事故-發生時間與第一當事者酒後駕車肇事分析統計表。"
"99C41CFA-0AA4-48F2-8FB3-42E50315C767","新北市103年A2道路交通事故-機車傷亡者與戴用安全帽關係統計","https://data.ntpc.gov.tw/datasets/99c41cfa-0aa4-48f2-8fb3-42e50315c767","新北市政府警察局/新北市政府警察局交通警察大隊/事故處理組","不更新","交通","交通及通訊","JSON、CSV、XML","中文","本市103年交通事故中機車騎士及乘客受傷人數為30868人，其中佩戴安全帽人數為30668，比率為99.3%，惟頭戴安全帽並不是生命安全的絕對保證，尚有極大可能而造成身體其他部位之傷害。"
"E11E5291-505B-4A39-B95B-6F7C6C602357","105年新北市A2道路交通事故","https://data.ntpc.gov.tw/datasets/e11e5291-505b-4a39-b95b-6f7c6c602357","新北市政府警察局/新北市政府警察局交通警察大隊/事故處理組","不更新","交通","交通及通訊","JSON、CSV、XML","中文","105年新北市A2道路交通事故。"
"B8AC674B-28CF-43A7-8336-4AC339B04A1E","新北市105年A1道路交通事故-第一當事者飲酒情形","https://data.ntpc.gov.tw/datasets/b8ac674b-28cf-43a7-8336-4ac339b04a1e","新北市政府警察局/新北市政府警察局交通警察大隊/事故處理組","不更新","交通","交通及通訊","JSON、CSV、XML","中文","新北市105年A1道路交通事故-第一當事者飲酒情形。"
"AE02EF32-E08A-400A-8ABC-22A5C5AFF30D","105年度A1類交通事故資料","https://data.ntpc.gov.tw/datasets/ae02ef32-e08a-400a-8abc-22a5c5aff30d","新北市政府警察局/新北市政府警察局交通警察大隊/事故處理組","不更新","交通","交通及通訊","JSON、CSV、XML","中文","105年度A1類交通事故資料。"
"BF3F4F49-5885-429E-83FA-A165654FF4BE","107年新北市A2道路交通事故","https://data.ntpc.gov.tw/datasets/bf3f4f49-5885-429e-83fa-a165654ff4be","新北市政府警察局/新北市政府警察局交通警察大隊/事故處理組","不更新","交通","交通及通訊","JSON、CSV、XML","中文","107年新北市A2道路交通事故。"
"ECEF6450-081D-4EFB-8757-E02D095ADE36","每年新北市A1交通事故時間別","https://data.ntpc.gov.tw/datasets/ecef6450-081d-4efb-8757-e02d095ade36","新北市政府警察局/新北市政府警察局交通警察大隊/事故處理組","不更新","交通","交通及通訊","JSON、CSV、XML","中文","一、統計範圍及對象：凡於臺北市區內道路上發生之交通事故，為統計範圍及對象。(一)必須因汽機車或動力機械行駛而引起之事故。			
(二)必須發生於道路上之事故。
(三)必須為有人亡。（即符合道路交通事故調查報告A1類應報署條件者）	
二、統計標準時間：以每年所發生之事實為準。		
三、分類標準：按道路類別及道路型態分類。
四、有關法令規章：			
(一)道路交通事故：依「道路交通事故處理辦法」第2條規定，係指因汽機車或動力機械在道路上行駛，致有人死亡、受傷或車輛、財物損失之事故。
(二)道路：指公道、街道、巷弄、廣場、騎樓、走廊、或其他供公眾通行之地方。
(三)道路類別及道路型態係以第一當事者為統計標準。
(四)專用道路指各種產業專用之道路。（如事故發生於2種以上不同類別的道路上時，以第一當事者所行駛之道路為主）。	
(五)道路交通事故不包括鐵路（火車）本身之事故，但火車與汽機車或動力機械所發生之車禍則計算在內，稱平交道事故。	
五、資料蒐集方法及編製程序：由本局交通分隊將當月填寫之道路交通事故調查報告表，報送本局交通大隊彙編。並根據該調查報告表按分局別將當月資料彙編本表"
"041FBDA5-2FA7-4AF8-AB37-3D9A3CFEBCDF","每年新北市A1交通事故道路類別及道路型態別","https://data.ntpc.gov.tw/datasets/041fbda5-2fa7-4af8-ab37-3d9a3cfebcdf","新北市政府警察局/新北市政府警察局交通警察大隊/事故處理組","不更新","交通","交通及通訊","JSON、CSV、XML","中文","一、統計範圍及對象：凡於新北市區內道路上發生之交通事故，為統計範圍及對象。
(一)必須因汽機車或動力機械行駛而引起之事故。
(二)必須發生於道路上之事故。
(三)必須為有人亡。（即符合道路交通事故調查報告A1類應報署條件者）
二、統計標準時間：以每月1日至月底所發生之事實為準。
三、分類標準：按道路類別及道路型態分類。
四、有關法令規章：
(一)道路交通事故：依「道路交通事故處理辦法」第2條規定，係指因汽機車或動力機械在道路上行駛，致有人死亡、受傷或車輛、財物損失之事故。
(二)道路：指公道、街道、巷弄、廣場、騎樓、走廊、或其他供公眾通行之地方。
(三)道路類別及道路型態係以第一當事者為統計標準。
(四)專用道路指各種產業專用之道路。（如事故發生於2種以上不同類別的道路上時，以第一當事者所行駛之道路為主）。(五)道路交通事故不包括鐵路（火車）本身之事故，但火車與汽機車或動力機械所發生之車禍則計算在內，稱平交道事故。	
五、資料蒐集方法及編製程序：由本局交通分隊將當月填寫之道路交通事故調查報告表，報送本局交通大隊彙編。並根據該調查報告表按分局別將當月資料彙編本表"
"25706923-2EEC-4DBB-9520-3890BA35900B","每年新北市A2道路交通事故車種別","https://data.ntpc.gov.tw/datasets/25706923-2eec-4dbb-9520-3890ba35900b","新北市政府警察局/新北市政府警察局交通警察大隊/事故處理組","不更新","交通","交通及通訊","JSON、CSV、XML","中文","一、本表統計係A2類交通事故案件。
二、本表統計不含本市轄內鐵路行車事故。			
"
"4F3797A2-99EB-4BC0-BA9D-6500E3589985","新北市政府警察局104違反社會秩序維護法件數人數","https://data.ntpc.gov.tw/datasets/4f3797a2-99eb-4bc0-ba9d-6500e3589985","新北市政府警察局/新北市政府警察局刑事警察大隊/科技犯罪偵查專責組","不更新","治安","公共資訊","JSON、CSV、XML","中文","新北市政府警察局104違反社會秩序維護法件數人數。"
"C654A6D7-79EC-4A3C-9C54-B76098298B74","新北市105年A2道路交通事故-第一當事者飲酒情形","https://data.ntpc.gov.tw/datasets/c654a6d7-79ec-4a3c-9c54-b76098298b74","新北市政府警察局/新北市政府警察局交通警察大隊/事故處理組","不更新","交通","交通及通訊","JSON、CSV、XML","中文","新北市105年A2道路交通事故-第一當事者飲酒情形。"
"5C4970D0-C112-42FB-899A-2BD237BD4FFE","新北市103年A1道路交通事故-未滿12歲兒童統計","https://data.ntpc.gov.tw/datasets/5c4970d0-c112-42fb-899a-2bd237bd4ffe","新北市政府警察局/新北市政府警察局交通警察大隊/事故處理組","不更新","交通","交通及通訊","JSON、CSV、XML","中文","新北市103年A1道路交通事故-未滿12歲兒童統計。"
"6EB74562-67D5-4525-B42C-FF9D3F2981B1","新北市104年A2道路交通事故-第一當事者車輛用途","https://data.ntpc.gov.tw/datasets/6eb74562-67d5-4525-b42c-ff9d3f2981b1","新北市政府警察局/新北市政府警察局交通警察大隊/事故處理組","不更新","交通","交通及通訊","JSON、CSV、XML","中文","新北市104年A2道路交通事故-第一當事者車輛用途。"
"2C8BAFF2-FFF3-4766-AE13-C7CA17DD0371","新北市105年A2道路交通事故-機車傷亡者與戴用安全帽關係統計","https://data.ntpc.gov.tw/datasets/2c8baff2-fff3-4766-ae13-c7ca17dd0371","新北市政府警察局/新北市政府警察局交通警察大隊/事故處理組","不更新","交通","交通及通訊","JSON、CSV、XML","中文","新北市105年交通事故機車騎士及乘客佩戴安全帽比率約為99.5%，惟頭戴安全帽並不是生命安全的絕對保證，尚有極大可能而造成身體其他部位之傷害。"
"4DDB3A25-BED2-4818-9030-26D92C4DACB7","新北市102年A2道路交通事故-第一當事者飲酒情形","https://data.ntpc.gov.tw/datasets/4ddb3a25-bed2-4818-9030-26d92c4dacb7","新北市政府警察局/新北市政府警察局交通警察大隊/事故處理組","不更新","交通","交通及通訊","JSON、CSV、XML","中文","新北市102年A2道路交通事故-第一當事者飲酒情形。"
"1946F215-07A4-450E-8A82-0C0F3C30C10B","新北市105年A1道路交通事故-未滿12歲兒童統計","https://data.ntpc.gov.tw/datasets/1946f215-07a4-450e-8a82-0c0f3c30c10b","新北市政府警察局/新北市政府警察局交通警察大隊/事故處理組","不更新","交通","交通及通訊","JSON、CSV、XML","中文","新北市105年A1道路交通事故-未滿12歲兒童統計。"
"44AAD94D-8AFA-4DF7-BB9C-A16BC727AF11","新北市104年A2道路交通事故-第一當事者飲酒情形","https://data.ntpc.gov.tw/datasets/44aad94d-8afa-4df7-bb9c-a16bc727af11","新北市政府警察局/新北市政府警察局交通警察大隊/事故處理組","不更新","交通","交通及通訊","JSON、CSV、XML","中文","新北市104年A2道路交通事故-第一當事者飲酒情形。"
"13883C35-54BC-4298-AD5A-762BAC1D67AD","新北市103年A2道路交通事故-第一當事者車輛用途","https://data.ntpc.gov.tw/datasets/13883c35-54bc-4298-ad5a-762bac1d67ad","新北市政府警察局/新北市政府警察局交通警察大隊/事故處理組","不更新","交通","交通及通訊","JSON、CSV、XML","中文","新北市103年A2道路交通事故-第一當事者車輛用途。"
"8F39220A-2D15-4C3C-BA8B-AAD139F568DB","新北市102年A1道路交通事故-機車傷亡者與戴用安全帽關係統計","https://data.ntpc.gov.tw/datasets/8f39220a-2d15-4c3c-ba8b-aad139f568db","新北市政府警察局/新北市政府警察局交通警察大隊/事故處理組","不更新","交通","交通及通訊","JSON、CSV、XML","中文","本市102年A1交通事故中機車騎士及乘客之死亡人數為76人、受傷人數為31人，其中佩戴安全帽之死亡人數為72人、受傷人數為31人，比率為96.2%，惟頭戴安全帽並不是生命安全的絕對保證，尚有極大可能而造成身體其他部位之傷害。"
"939B7D48-CB1D-4513-9BC7-F6B5C5B25B08","每年新北市A2交通事故道路類別及道路型態別","https://data.ntpc.gov.tw/datasets/939b7d48-cb1d-4513-9bc7-f6b5c5b25b08","新北市政府警察局/新北市政府警察局交通警察大隊/事故處理組","不更新","交通","交通及通訊","JSON、CSV、XML","中文"," 一、統計範圍及對象：凡於新北市區內道路上發生之交通事故，為統計範圍及對象。(一)必須因汽機車或動力機械行駛而引起之事故。	
(二)必須發生於道路上之事故。
(三)非死人案件。（即符合道路交通事故調查報告A2）	
二、統計標準時間：每年所發生之事實為準。
三、分類標準：按道路類別及道路型態分類。				
四、有關法令規章：
(一)道路交通事故：依「道路交通事故處理辦法」第2條規定，係指因汽機車或動力機械在道路上行駛，致有人死亡、受傷或車輛、財物損失之事故。
(二)道路：指公道、街道、巷弄、廣場、騎樓、走廊、或其他供公眾通行之地方。
(三)道路類別及道路型態係以第一當事者為統計標準。
(四)專用道路指各種產業專用之道路。（如事故發生於2種以上不同類別的道路上時，以第一當事者所行駛之道路為主）。
(五)道路交通事故不包括鐵路（火車）本身之事故，但火車與汽機車或動力機械所發生之車禍則計算在內，稱平交道事故。五、資料蒐集方法及編製程序：由本局交通分隊將當月填寫之道路交通事故調查報告表，報送本局交通大隊彙編。並根據該調查報告表按分局別將當月資料彙編本表"
"09D622A4-E1C9-456F-81ED-C979F90FE668","102年度A2類交通事故資料","https://data.ntpc.gov.tw/datasets/09d622a4-e1c9-456f-81ed-c979f90fe668","新北市政府警察局/新北市政府警察局交通警察大隊/事故處理組","不更新","交通","交通及通訊","JSON、CSV、XML","中文","102年度A2類交通事故資料。"
"E52EC9B8-2E84-4AE4-B6B3-3C52FF5EB568","新北市政府警察局105年查獲經濟案件","https://data.ntpc.gov.tw/datasets/e52ec9b8-2e84-4ae4-b6b3-3c52ff5eb568","新北市政府警察局/新北市政府警察局刑事警察大隊/科技犯罪偵查專責組","不更新","治安","公共資訊","JSON、CSV、XML","中文","新北市政府警察局105年查獲經濟案件。"
"50257462-6BAC-4BF7-846E-55A90D76A6F3","新北市103年A1道路交通事故-第一當事者飲酒情形","https://data.ntpc.gov.tw/datasets/50257462-6bac-4bf7-846e-55a90d76a6f3","新北市政府警察局/新北市政府警察局交通警察大隊/事故處理組","不更新","交通","交通及通訊","JSON、CSV、XML","中文","新北市103年A1道路交通事故-第一當事者飲酒情形。"
"50EFD0EE-D589-46E1-813C-4C48AFE9B37D","102年度A1類交通事故資料","https://data.ntpc.gov.tw/datasets/50efd0ee-d589-46e1-813c-4c48afe9b37d","新北市政府警察局/新北市政府警察局交通警察大隊/事故處理組","不更新","交通","交通及通訊","JSON、CSV、XML","中文","102年度A1類交通事故資料。"
"62198FE5-C6FF-4D63-B549-6D47819C732E","新北市104年A1道路交通事故-未滿12歲兒童統計","https://data.ntpc.gov.tw/datasets/62198fe5-c6ff-4d63-b549-6d47819c732e","新北市政府警察局/新北市政府警察局交通警察大隊/事故處理組","不更新","交通","交通及通訊","JSON、CSV、XML","中文","新北市104年A1道路交通事故-未滿12歲兒童統計。"
"0F20F6E8-642D-4982-8E70-5E1E40AD9525","新北市政府警察局105至108年度中程施政計畫(107年更新)","https://data.ntpc.gov.tw/datasets/0f20f6e8-642d-4982-8e70-5e1e40ad9525","新北市政府警察局/秘書室","不更新","治安","公共資訊","JSON、CSV、XML","中文","新北市政府警察局105至108年度中程施政計畫"
"9ED21669-FBD1-4F31-A3CC-BE72BB5E67A6","新北市104年A1道路交通事故-第一當事者飲酒情形","https://data.ntpc.gov.tw/datasets/9ed21669-fbd1-4f31-a3cc-be72bb5e67a6","新北市政府警察局/新北市政府警察局交通警察大隊/事故處理組","不更新","交通","交通及通訊","JSON、CSV、XML","中文","新北市104年A1道路交通事故-第一當事者飲酒情形。"
"08326773-9AC2-4FBB-B674-508C674B1EFD","新北市103年A1道路交通事故-機車傷亡者與戴用安全帽關係統計","https://data.ntpc.gov.tw/datasets/08326773-9ac2-4fbb-b674-508c674b1efd","新北市政府警察局/新北市政府警察局交通警察大隊/事故處理組","不更新","交通","交通及通訊","JSON、CSV、XML","中文","本市103年A1交通事故中機車騎士及乘客之死亡人數為67人、受傷人數為32人，其中佩戴安全帽之死亡人數為64人、受傷人數為31人，比率為95.9%，惟頭戴安全帽並不是生命安全的絕對保證，尚有極大可能而造成身體其他部位之傷害。"
"87002235-3AF7-4A7A-A8D2-F0C0AC61826A","新北市104年A2道路交通事故-機車傷亡者與戴用安全帽關係統計","https://data.ntpc.gov.tw/datasets/87002235-3af7-4a7a-a8d2-f0c0ac61826a","新北市政府警察局/新北市政府警察局交通警察大隊/事故處理組","不更新","交通","交通及通訊","JSON、CSV、XML","中文","提供新北市104年A2道路交通事故中，機車傷亡者與騎士是否戴用安全帽的統計資訊"
"2CE0F2FB-03D0-498F-A335-5B1AB99AF2C1","每年新北市A2交通事故原因及死傷人數","https://data.ntpc.gov.tw/datasets/2ce0f2fb-03d0-498f-a335-5b1ab99af2c1","新北市政府警察局/新北市政府警察局交通警察大隊/事故處理組","不更新","交通","交通及通訊","JSON、CSV、XML","中文","一、統計範圍及對象：凡於新北市區內道路上發生之交通事故，為統計範圍及對象。(一)必須因汽機車或動力機械行駛而引起之事故。
(二)必須發生於道路上之事故。
(三)非死亡。（即符合道路交通事故調查報告A2）
二、統計標準時間：以每年所發生之事實為準。			
三、分類標準：按肇事原因、死傷人數分類。	
四、統計科目定義：
(一)道路交通事故：依「道路交通事故處理辦法」第2條規定，係指因汽機車或動力機械在道路上行駛，致有人死亡、受傷或車輛、財物損失之事故。
(二)道路：指公道、街道、巷弄、廣場、騎樓、走廊、或其他供公眾通行之地方。
(三)肇事原因之數據，以第一當事者為統計標準。
(四)發生件數：按A2類之定義計算發生件數。即A2類非死亡案件。
(五)死亡人數：A1類之死亡人數。
(六)受傷人數：按A1類死亡發生案件歸類後，計算受傷人數。
五、資料蒐集方法及編製程序：由本局交通分隊將當月填寫之道路交通事故調查報告表，報送本局交通大隊彙編。並根據該調查報告表按分局別將當月資料彙編本表。"
"2EC8E639-771A-45B3-8A42-7C4FE1A80FAD","103年度A2類交通事故資料","https://data.ntpc.gov.tw/datasets/2ec8e639-771a-45b3-8a42-7c4fe1a80fad","新北市政府警察局/新北市政府警察局交通警察大隊/事故處理組","不更新","交通","交通及通訊","JSON、CSV、XML","中文","103年度A2類交通事故資料。"
"35D7EB2F-51BD-44EA-A375-E2BD5BEE8F2F","新北市政府警察局 108至111年度中程施政計畫","https://data.ntpc.gov.tw/datasets/35d7eb2f-51bd-44ea-a375-e2bd5bee8f2f","新北市政府警察局/秘書室","不更新","治安","公共資訊","JSON、CSV、XML","中文","新北市政府警察局 108至111年度中程施政計畫。"
"76EE388B-6DD8-41E6-8AE6-0EE99051041A","103年度A1類交通事故資料","https://data.ntpc.gov.tw/datasets/76ee388b-6dd8-41e6-8ae6-0ee99051041a","新北市政府警察局/新北市政府警察局交通警察大隊/事故處理組","不更新","交通","交通及通訊","JSON、CSV、XML","中文","103年度A1類交通事故資料。"
"D99CE44A-DD7B-4803-86C9-1B3EFE67ED49","新北市104年A1道路交通事故-機車傷亡者與戴用安全帽關係統計","https://data.ntpc.gov.tw/datasets/d99ce44a-dd7b-4803-86c9-1b3efe67ed49","新北市政府警察局/新北市政府警察局交通警察大隊/事故處理組","不更新","交通","交通及通訊","JSON、CSV、XML","中文","新北市104年A1道路交通事故-機車傷亡者與戴用安全帽關係統計。"
"274194BF-B16B-43BF-BE93-F418B00B5505","每年新北市A1交通事故原因及死傷人數","https://data.ntpc.gov.tw/datasets/274194bf-b16b-43bf-be93-f418b00b5505","新北市政府警察局/新北市政府警察局交通警察大隊/事故處理組","不更新","交通","交通及通訊","JSON、CSV、XML","中文","一、統計範圍及對象：凡於新北市區內道路上發生之交通事故，為統計範圍及對象。(一)必須因汽機車或動力機械行駛而引起之事故。
(二)必須發生於道路上之事故。
(三)必須為有人亡。（即符合道路交通事故調查報告A1類應報署條件者）
二、統計標準時間：以每月1日至月底所發生之事實為準。
三、分類標準：按肇事原因、死傷人數分類。	
四、統計科目定義：
(一)道路交通事故：依「道路交通事故處理辦法」第2條規定，係指因汽機車或動力機械在道路上行駛，致有人死亡、受傷或車輛、財物損失之事故。
(二)道路：指公道、街道、巷弄、廣場、騎樓、走廊、或其他供公眾通行之地方。
(三)肇事原因之數據，以第一當事者為統計標準。
(四)發生件數：按A1類之定義計算發生件數。即A1類之死亡案件。	
(五)死亡人數：A1類之死亡人數。
(六)受傷人數：按A1類死亡發生案件歸類後，計算受傷人數。
五、資料蒐集方法及編製程序：由本局交通分隊將當月填寫之道路交通事故調查報告表，報送本局交通大隊彙編。並根據該調查報告表按分局別將當月資料彙編本表。"
"36C3F4DB-14A5-4334-B7B6-A771C99E0251","新北市105年A1道路交通事故-第一當事者車輛用途","https://data.ntpc.gov.tw/datasets/36c3f4db-14a5-4334-b7b6-a771c99e0251","新北市政府警察局/新北市政府警察局交通警察大隊/事故處理組","不更新","交通","交通及通訊","JSON、CSV、XML","中文","新北市105年A1道路交通事故-第一當事者車輛用途。"
"9DCBD85C-4D51-4798-8B4E-90DE82F1A556","新北市103年A1道路交通事故-第一當事者車輛用途","https://data.ntpc.gov.tw/datasets/9dcbd85c-4d51-4798-8b4e-90de82f1a556","新北市政府警察局/新北市政府警察局交通警察大隊/事故處理組","不更新","交通","交通及通訊","JSON、CSV、XML","中文","新北市103年A1道路交通事故-第一當事者車輛用途。"
"A19272FE-8E93-43E0-9A03-8E71EB6B0A2D","104年度A2類交通事故資料","https://data.ntpc.gov.tw/datasets/a19272fe-8e93-43e0-9a03-8e71eb6b0a2d","新北市政府警察局/新北市政府警察局交通警察大隊/事故處理組","不更新","交通","交通及通訊","JSON、CSV、XML","中文","104年度A2類交通事故資料。"
"709E1107-6C8B-4365-808E-D8DFF0D140B9","新北市102年A1道路交通事故-第一當事者飲酒情形","https://data.ntpc.gov.tw/datasets/709e1107-6c8b-4365-808e-d8dff0d140b9","新北市政府警察局/新北市政府警察局交通警察大隊/事故處理組","不更新","交通","交通及通訊","JSON、CSV、XML","中文","新北市102年A1道路交通事故-第一當事者飲酒情形。"
"1FD1C205-F0DD-4EE4-87D1-218E007BCD1C","每年新北市A1道路交通事故車種別","https://data.ntpc.gov.tw/datasets/1fd1c205-f0dd-4ee4-87d1-218e007bcd1c","新北市政府警察局/新北市政府警察局交通警察大隊/事故處理組","不更新","交通","交通及通訊","JSON、CSV、XML","中文","一、本表統計係A1類(死亡)交通事故案件。
二、本表統計不含本市轄內鐵路行車事故。				
"
"66BE5520-5AC0-461F-AE0D-1DB22DFB5BFA","104年度A1類交通事故資料","https://data.ntpc.gov.tw/datasets/66be5520-5ac0-461f-ae0d-1db22dfb5bfa","新北市政府警察局/新北市政府警察局交通警察大隊/事故處理組","不更新","交通","交通及通訊","JSON、CSV、XML","中文","104年度A1類交通事故資料。"
"D8F9D922-1183-4E33-B38F-AB07DF09C71D","新北市102年A2道路交通事故-機車傷亡者與戴用安全帽關係統計","https://data.ntpc.gov.tw/datasets/d8f9d922-1183-4e33-b38f-ab07df09c71d","新北市政府警察局/新北市政府警察局交通警察大隊/事故處理組","不更新","交通","交通及通訊","JSON、CSV、XML","中文","本市102年交通事故中機車騎士及乘客受傷人數為24758人，其中佩戴安全帽人數為24597人，比率為99.3%，惟頭戴安全帽並不是生命安全的絕對保證，尚有極大可能而造成身體其他部位之傷害。"
"933D7DBD-16F3-47AD-A43C-DA03C2F30DAA","新北市政府警察局104年查獲非法槍械及彈藥數量","https://data.ntpc.gov.tw/datasets/933d7dbd-16f3-47ad-a43c-da03c2f30daa","新北市政府警察局/新北市政府警察局刑事警察大隊/科技犯罪偵查專責組","不更新","治安","公共資訊","JSON、CSV、XML","中文","新北市政府警察局104年查獲非法槍械及彈藥數量。"
"87B66CBF-3EDD-488C-9525-AC8F39979E24","106年新北市A2道路交通事故","https://data.ntpc.gov.tw/datasets/87b66cbf-3edd-488c-9525-ac8f39979e24","新北市政府警察局/新北市政府警察局交通警察大隊/事故處理組","不更新","交通","交通及通訊","JSON、CSV、XML","中文","106年新北市A2道路交通事故。"
"77FA43AA-351F-4BAB-9866-4BA767CBA79F","新北市103年A2道路交通事故-第一當事者飲酒情形","https://data.ntpc.gov.tw/datasets/77fa43aa-351f-4bab-9866-4ba767cba79f","新北市政府警察局/新北市政府警察局交通警察大隊/事故處理組","不更新","交通","交通及通訊","JSON、CSV、XML","中文","新北市103年A2道路交通事故-第一當事者飲酒情形。"
"D6AAEEBF-3207-4C03-97E0-F5D027746B8D","新北市102年A2道路交通事故-第一當事者車輛用途","https://data.ntpc.gov.tw/datasets/d6aaeebf-3207-4c03-97e0-f5d027746b8d","新北市政府警察局/新北市政府警察局交通警察大隊/事故處理組","不更新","交通","交通及通訊","JSON、CSV、XML","中文","新北市102年A2道路交通事故-第一當事者車輛用途。"
"AA9B6FC7-2450-4786-815E-809D2364ABC9","新北市105年A2道路交通事故-發生時間與第一當事者酒後駕車肇事分析統計表","https://data.ntpc.gov.tw/datasets/aa9b6fc7-2450-4786-815e-809d2364abc9","新北市政府警察局/新北市政府警察局交通警察大隊/事故處理組","不更新","交通","交通及通訊","JSON、CSV、XML","中文","新北市105年A2道路交通事故-發生時間與第一當事者酒後駕車肇事分析統計表。"
"2C491AE1-128A-47F1-A989-3AC13C3C7461","新北市105年A2道路交通事故-未滿12歲兒童統計","https://data.ntpc.gov.tw/datasets/2c491ae1-128a-47f1-a989-3ac13c3c7461","新北市政府警察局/新北市政府警察局交通警察大隊/事故處理組","不更新","交通","交通及通訊","JSON、CSV、XML","中文","新北市105年A2道路交通事故-未滿12歲兒童統計。"
"DFD0CC35-CD54-4268-BCCA-773240F80FDD","新北市104年A2道路交通事故-受傷年齡與行動狀態統計","https://data.ntpc.gov.tw/datasets/dfd0cc35-cd54-4268-bcca-773240f80fdd","新北市政府警察局/新北市政府警察局交通警察大隊/事故處理組","不更新","交通","交通及通訊","JSON、CSV、XML","中文","新北市104年A2道路交通事故-受傷年齡與行動狀態統計。"
"091DC91B-8032-4419-B1BE-F0E311D2CCE3","新北市104年A1道路交通事故-第一當事者使用行動電話分析統計","https://data.ntpc.gov.tw/datasets/091dc91b-8032-4419-b1be-f0e311d2cce3","新北市政府警察局/新北市政府警察局交通警察大隊/事故處理組","不更新","交通","交通及通訊","JSON、CSV、XML","中文","新北市104年A1道路交通事故-第一當事者使用行動電話分析統計。"
"12035857-9E64-4ECC-AE6A-6F0D8AA940F4","新北市102年A2道路交通事故-駕駛人年齡分布統計","https://data.ntpc.gov.tw/datasets/12035857-9e64-4ecc-ae6a-6f0d8aa940f4","新北市政府警察局/新北市政府警察局交通警察大隊/事故處理組","不更新","交通","交通及通訊","JSON、CSV、XML","中文","新北市102年A2道路交通事故-駕駛人年齡分布統計。"
"0B9A9EF6-C0CE-43E5-8D4A-603FE21F7B67","新北市105年A1道路交通事故-駕駛人年齡分布統計","https://data.ntpc.gov.tw/datasets/0b9a9ef6-c0ce-43e5-8d4a-603fe21f7b67","新北市政府警察局/新北市政府警察局交通警察大隊/事故處理組","不更新","交通","交通及通訊","JSON、CSV、XML","中文","新北市105年A1道路交通事故-駕駛人年齡分布統計。"
"0CE6CCBB-F30E-4F6B-B21C-B81FC804A077","新北市104年A2道路交通事故-未滿12歲兒童統計","https://data.ntpc.gov.tw/datasets/0ce6ccbb-f30e-4f6b-b21c-b81fc804a077","新北市政府警察局/新北市政府警察局交通警察大隊/事故處理組","不更新","交通","交通及通訊","JSON、CSV、XML","中文","新北市104年A2道路交通事故-未滿12歲兒童統計。"
"285061B8-8234-44B2-B131-D9435CD517DA","新北市105年A1道路交通事故-第一當事者使用行動電話分析統計","https://data.ntpc.gov.tw/datasets/285061b8-8234-44b2-b131-d9435cd517da","新北市政府警察局/新北市政府警察局交通警察大隊/事故處理組","不更新","交通","交通及通訊","JSON、CSV、XML","中文","新北市105年A1道路交通事故-第一當事者使用行動電話分析統計。"
"17EF404C-1B88-48CB-ADE2-EDFB91A5A388","新北市104年A2道路交通事故-第一當事者使用行動電話分析統計","https://data.ntpc.gov.tw/datasets/17ef404c-1b88-48cb-ade2-edfb91a5a388","新北市政府警察局/新北市政府警察局交通警察大隊/事故處理組","不更新","交通","交通及通訊","JSON、CSV、XML","中文","新北市104年A2道路交通事故-第一當事者使用行動電話分析統計。"
"1EB528A0-7CE4-47E9-8FAA-B1B17169B1CA","新北市103年A2道路交通事故-未滿12歲兒童統計","https://data.ntpc.gov.tw/datasets/1eb528a0-7ce4-47e9-8faa-b1b17169b1ca","新北市政府警察局/新北市政府警察局交通警察大隊/事故處理組","不更新","交通","交通及通訊","JSON、CSV、XML","中文","新北市103年A2道路交通事故-未滿12歲兒童統計。"
"2A8C2BE3-EDF3-4B1A-B415-0C1F1A16B329","新北市103年A2道路交通事故-第一當事者使用行動電話分析統計","https://data.ntpc.gov.tw/datasets/2a8c2be3-edf3-4b1a-b415-0c1f1a16b329","新北市政府警察局/新北市政府警察局交通警察大隊/事故處理組","不更新","交通","交通及通訊","JSON、CSV、XML","中文","新北市103年A2道路交通事故-第一當事者使用行動電話分析統計。"
"3C400AF2-70F2-443D-89AE-77D053A4D13E","新北市105年A2道路交通事故-受傷年齡與行動狀態統計","https://data.ntpc.gov.tw/datasets/3c400af2-70f2-443d-89ae-77d053a4d13e","新北市政府警察局/新北市政府警察局交通警察大隊/事故處理組","不更新","交通","交通及通訊","JSON、CSV、XML","中文","新北市105年A2道路交通事故-受傷年齡與行動狀態統計。"
"377D04CC-96B6-4918-B88D-55DD0350AD22","新北市105年A2道路交通事故-第一當事者使用行動電話分析統計","https://data.ntpc.gov.tw/datasets/377d04cc-96b6-4918-b88d-55dd0350ad22","新北市政府警察局/新北市政府警察局交通警察大隊/事故處理組","不更新","交通","交通及通訊","JSON、CSV、XML","中文","新北市105年A2道路交通事故-第一當事者使用行動電話分析統計。"
"4906803C-2E66-4B58-8DE1-5E0DC4F5C78C","新北市103年A1道路交通事故-第一當事者使用行動電話分析統計","https://data.ntpc.gov.tw/datasets/4906803c-2e66-4b58-8de1-5e0dc4f5c78c","新北市政府警察局/新北市政府警察局交通警察大隊/事故處理組","不更新","交通","交通及通訊","JSON、CSV、XML","中文","新北市103年A1道路交通事故-第一當事者使用行動電話分析統計。"
"3E3414FA-1A97-42C7-AB00-6208F0177477","新北市103年A2道路交通事故-受傷年齡與行動狀態統計","https://data.ntpc.gov.tw/datasets/3e3414fa-1a97-42c7-ab00-6208f0177477","新北市政府警察局/新北市政府警察局交通警察大隊/事故處理組","不更新","交通","交通及通訊","JSON、CSV、XML","中文","新北市103年A2道路交通事故-受傷年齡與行動狀態統計。"
"63F22E69-42C8-46E2-AEC8-A6A51790BEF8","新北市102年A1道路交通事故-駕駛人年齡分布統計","https://data.ntpc.gov.tw/datasets/63f22e69-42c8-46e2-aec8-a6a51790bef8","新北市政府警察局/新北市政府警察局交通警察大隊/事故處理組","不更新","交通","交通及通訊","JSON、CSV、XML","中文","新北市102年A1道路交通事故-駕駛人年齡分布統計。"
"6B5C5C24-397D-4A90-8DC8-1769160B4BE0","新北市105年A1道路交通事故-死亡年齡與行動狀態統計","https://data.ntpc.gov.tw/datasets/6b5c5c24-397d-4a90-8dc8-1769160b4be0","新北市政府警察局/新北市政府警察局交通警察大隊/事故處理組","不更新","交通","交通及通訊","JSON、CSV、XML","中文","新北市105年A1道路交通事故-死亡年齡與行動狀態統計。"
"729169A8-C73F-4BD3-9538-A2A64F3A3AC2","新北市102年A2道路交通事故-第一當事者使用行動電話分析統計","https://data.ntpc.gov.tw/datasets/729169a8-c73f-4bd3-9538-a2a64f3a3ac2","新北市政府警察局/新北市政府警察局交通警察大隊/事故處理組","不更新","交通","交通及通訊","JSON、CSV、XML","中文","新北市102年A2道路交通事故-第一當事者使用行動電話分析統計。"
"8867A709-6F49-4482-97BF-6EC797B9D229","新北市103年A1道路交通事故-駕駛人年齡分布統計","https://data.ntpc.gov.tw/datasets/8867a709-6f49-4482-97bf-6ec797b9d229","新北市政府警察局/新北市政府警察局交通警察大隊/事故處理組","不更新","交通","交通及通訊","JSON、CSV、XML","中文","新北市103年A1道路交通事故-駕駛人年齡分布統計。"
"93262EDA-07CE-4CB3-85AA-16A2D8DD5549","新北市102年A2道路交通事故-未滿12歲兒童統計","https://data.ntpc.gov.tw/datasets/93262eda-07ce-4cb3-85aa-16a2d8dd5549","新北市政府警察局/新北市政府警察局交通警察大隊/事故處理組","不更新","交通","交通及通訊","JSON、CSV、XML","中文","新北市102年A2道路交通事故-未滿12歲兒童統計。"
"973D481F-2762-4198-9612-81527672AC53","新北市104年A1道路交通事故-死亡年齡與行動狀態統計","https://data.ntpc.gov.tw/datasets/973d481f-2762-4198-9612-81527672ac53","新北市政府警察局/新北市政府警察局交通警察大隊/事故處理組","不更新","交通","交通及通訊","JSON、CSV、XML","中文","新北市104年A1道路交通事故-死亡年齡與行動狀態統計。"
"9BD59A1E-6069-452E-85FB-FC0B7E25D665","新北市103年A1道路交通事故-死亡年齡與行動狀態統計","https://data.ntpc.gov.tw/datasets/9bd59a1e-6069-452e-85fb-fc0b7e25d665","新北市政府警察局/新北市政府警察局交通警察大隊/事故處理組","不更新","交通","交通及通訊","JSON、CSV、XML","中文","新北市103年A1道路交通事故-死亡年齡與行動狀態統計。"
"B7072AF8-03EB-4290-AAC6-904D64F03EEA","新北市102年A1道路交通事故-第一當事者使用行動電話分析統計","https://data.ntpc.gov.tw/datasets/b7072af8-03eb-4290-aac6-904d64f03eea","新北市政府警察局/新北市政府警察局交通警察大隊/事故處理組","不更新","交通","交通及通訊","JSON、CSV、XML","中文","新北市102年A1道路交通事故-第一當事者使用行動電話分析統計。"
"B0D85BB5-FF0E-4F04-AFD0-3EF5D2C1C369","新北市104年A1道路交通事故-駕駛人年齡分布統計","https://data.ntpc.gov.tw/datasets/b0d85bb5-ff0e-4f04-afd0-3ef5d2c1c369","新北市政府警察局/新北市政府警察局交通警察大隊/事故處理組","不更新","交通","交通及通訊","JSON、CSV、XML","中文","新北市104年A1道路交通事故-駕駛人年齡分布統計。"
"A9F266F7-CCC3-4708-BF5D-EE07CBD2061F","新北市102年A2道路交通事故-受傷年齡與行動狀態統計","https://data.ntpc.gov.tw/datasets/a9f266f7-ccc3-4708-bf5d-ee07cbd2061f","新北市政府警察局/新北市政府警察局交通警察大隊/事故處理組","不更新","交通","交通及通訊","JSON、CSV、XML","中文","新北市102年A2道路交通事故-受傷年齡與行動狀態統計。"
"D0ED9E9B-CC51-4EE6-BA7B-953133F084EC","新北市103年A2道路交通事故-駕駛人年齡分布統計","https://data.ntpc.gov.tw/datasets/d0ed9e9b-cc51-4ee6-ba7b-953133f084ec","新北市政府警察局/新北市政府警察局交通警察大隊/事故處理組","不更新","交通","交通及通訊","JSON、CSV、XML","中文","新北市103年A2道路交通事故-駕駛人年齡分布統計。"
"D5F7C829-D246-4992-B598-F4FE807E52A9","新北市104年A2道路交通事故-駕駛人年齡分布統計","https://data.ntpc.gov.tw/datasets/d5f7c829-d246-4992-b598-f4fe807e52a9","新北市政府警察局/新北市政府警察局交通警察大隊/事故處理組","不更新","交通","交通及通訊","JSON、CSV、XML","中文","新北市104年A2道路交通事故-駕駛人年齡分布統計。"
"F62670B3-EA31-48D1-B2D9-0373867C9B65","新北市105年A2道路交通事故-駕駛人年齡分布統計","https://data.ntpc.gov.tw/datasets/f62670b3-ea31-48d1-b2d9-0373867c9b65","新北市政府警察局/新北市政府警察局交通警察大隊/事故處理組","不更新","交通","交通及通訊","JSON、CSV、XML","中文","新北市105年A2道路交通事故-駕駛人年齡分布統計。"
"FDAA8372-D6DE-4301-A788-D5A0C8253C42","新北市102年A1道路交通事故-死亡年齡與行動狀態統計","https://data.ntpc.gov.tw/datasets/fdaa8372-d6de-4301-a788-d5a0c8253c42","新北市政府警察局/新北市政府警察局交通警察大隊/事故處理組","不更新","交通","交通及通訊","JSON、CSV、XML","中文","新北市102年A1道路交通事故-死亡年齡與行動狀態統計。"
"CADEC51C-F83A-4544-A2C8-14ED75D783F4","新北市餐飲業者(韓文)","https://data.ntpc.gov.tw/datasets/cadec51c-f83a-4544-a2c8-14ed75d783f4","新北市政府觀光旅遊局/觀光企劃科","每日","觀光","休閒旅遊","JSON、CSV、XML","韓文","提供新北市觀光旅遊網中的餐廳飲食業資料，包含餐廳飲食店家的名稱、簡介、電話、地址、座標等資料(韓文)"
"B84C2159-4305-4FD2-BBA7-8FBE74E6972A","新北市餐飲業者(日文)","https://data.ntpc.gov.tw/datasets/b84c2159-4305-4fd2-bba7-8fbe74e6972a","新北市政府觀光旅遊局/觀光企劃科","每日","觀光","休閒旅遊","JSON、CSV、XML","日文","提供新北市觀光旅遊網中的餐廳飲食業資料，包含餐廳飲食店家的名稱、簡介、電話、地址、座標等資料(日文)"
"BA9C6F4D-F285-48E1-A3CF-15AB0DDC31AB","新北市觀光旅遊景點(韓文)","https://data.ntpc.gov.tw/datasets/ba9c6f4d-f285-48e1-a3cf-15ab0ddc31ab","新北市政府觀光旅遊局/觀光企劃科","每日","觀光","休閒旅遊","JSON、CSV、XML","韓文","提供新北市觀光旅遊網中的景點資料，包含景點的名稱、簡介、電話、地址、座標等資料(韓文)"
"B3A30A19-4B89-4DA2-8D99-18200DC5DFDE","新北市觀光旅遊景點(中文)","https://data.ntpc.gov.tw/datasets/b3a30a19-4b89-4da2-8d99-18200dc5dfde","新北市政府觀光旅遊局/觀光企劃科","每日","觀光","休閒旅遊","JSON、CSV、XML","中文","提供新北市觀光旅遊網中的景點資料，包含景點的名稱、簡介、電話、地址、座標等資料(中文)"
"03674C50-9A22-40FF-ACB2-52F912F67C72","新北市餐飲業者(英文)","https://data.ntpc.gov.tw/datasets/03674c50-9a22-40ff-acb2-52f912f67c72","新北市政府觀光旅遊局/觀光企劃科","每日","觀光","休閒旅遊","JSON、CSV、XML","英文","提供新北市觀光旅遊網中的餐廳飲食業資料，包含餐廳飲食店家的名稱、簡介、電話、地址、座標等資料(英文)"
"A595D0FB-88B5-4153-8493-E89A78F8F244","新北市觀光旅遊景點(日文)","https://data.ntpc.gov.tw/datasets/a595d0fb-88b5-4153-8493-e89a78f8f244","新北市政府觀光旅遊局/觀光企劃科","每日","觀光","休閒旅遊","JSON、CSV、XML","日文","提供新北市觀光旅遊網中的景點資料，包含景點的名稱、簡介、電話、地址、座標等資料(日文)"
"F5F1F361-255D-4DB9-8165-DB46C49464B4","新北市旅館民宿業者(韓文)","https://data.ntpc.gov.tw/datasets/f5f1f361-255d-4db9-8165-db46c49464b4","新北市政府觀光旅遊局/觀光企劃科","每日","觀光","休閒旅遊","JSON、CSV、XML","韓文","提供新北市觀光旅遊網中的旅館民宿業資料，包含旅館民宿店家的名稱、簡介、電話、地址、座標等資料(韓文)"
"9862D577-B695-4D58-BEC3-7259ACCA3C51","新北市旅館民宿業者(日文)","https://data.ntpc.gov.tw/datasets/9862d577-b695-4d58-bec3-7259acca3c51","新北市政府觀光旅遊局/觀光企劃科","每日","觀光","休閒旅遊","JSON、CSV、XML","日文","提供新北市觀光旅遊網中的旅館民宿業資料，包含旅館民宿店家的名稱、簡介、電話、地址、座標等資料(日文)"
"C00B7482-64C0-46CC-BB34-2B2BBCB2C9E0","新北市觀光旅遊景點(英文)","https://data.ntpc.gov.tw/datasets/c00b7482-64c0-46cc-bb34-2b2bbcb2c9e0","新北市政府觀光旅遊局/觀光企劃科","每日","觀光","休閒旅遊","JSON、CSV、XML","英文","提供新北市觀光旅遊網中的景點資料，包含景點的名稱、簡介、電話、地址、座標等資料(英文)"
"8E64B205-A100-4A9A-BD76-8E362761FD61","新北市餐飲業者(中文-106年更新)","https://data.ntpc.gov.tw/datasets/8e64b205-a100-4a9a-bd76-8e362761fd61","新北市政府觀光旅遊局/觀光企劃科","每日","觀光","休閒旅遊","JSON、CSV、XML","中文","提供新北市觀光旅遊網中的餐廳飲食業資料，包含餐廳飲食店家的名稱、簡介、電話、地址、座標等資料(中文)"
"60D18399-A0F3-4C31-BF21-CEABFDC04CE7","新北市旅館民宿業者(中文)","https://data.ntpc.gov.tw/datasets/60d18399-a0f3-4c31-bf21-ceabfdc04ce7","新北市政府觀光旅遊局/觀光企劃科","每日","觀光","休閒旅遊","JSON、CSV、XML、KML","中文","提供新北市觀光旅遊網中的旅館民宿業資料，包含旅館民宿店家的名稱、簡介、電話、地址、座標等資料(中文)"
"207A41AF-E6D5-4098-B6AB-91EB51E94850","新北市旅館民宿業者(英文)","https://data.ntpc.gov.tw/datasets/207a41af-e6d5-4098-b6ab-91eb51e94850","新北市政府觀光旅遊局/觀光企劃科","每日","觀光","休閒旅遊","JSON、CSV、XML","英文","提供新北市觀光旅遊網中的旅館民宿業資料，包含旅館民宿店家的名稱、簡介、電話、地址、座標等資料(英文)"
"FBCC2A46-C8DE-489C-92D2-C614A793E76F","新北市政府實物銀行聯絡資訊","https://data.ntpc.gov.tw/datasets/fbcc2a46-c8de-489c-92d2-c614a793e76f","新北市政府社會局/社會工作科","每年","社福","公共資訊","JSON、CSV、XML、KML","中文","市府為強化對弱勢家庭的服務網絡，運用社會工作資源連結方式，凝聚社會善心資源及社區力量，使弱勢家庭得以就近獲得資源以穩定生活，滿足弱勢家庭基本生活所需，故自100 月1 月結合公私夥伴資源力量開始推動實物銀行方案，期透過各界愛心捐助從點到線成面，建構出社會關懷支持網絡。"
"B1464EF0-9C7C-4A6F-ABF7-6BDF32847E68","新北市路外公共停車場資訊","https://data.ntpc.gov.tw/datasets/b1464ef0-9c7c-4a6f-abf7-6bdf32847e68","新北市政府交通局/停車管理科/停車管理科第二股","每日","交通","交通及通訊","JSON、CSV、XML","中文","提供本市領有停車場登記證之路外停車場之基本資訊(如：停車場名稱、地址、車格位數、費率、座標)"
"EAAC9944-2CCB-4DBB-B616-441128E17A4A","新北市政府電子公布欄","https://data.ntpc.gov.tw/datasets/eaac9944-2ccb-4dbb-b616-441128e17a4a","新北市政府研究發展考核委員會/新北市政府資訊中心/網際服務科","每日","資訊","公共資訊","JSON、CSV、XML","中文","新北市政府電子公布欄資料，時間格式(yyyy/MM/dd HH:mm:ss)。
"
"54A507C4-C038-41B5-BF60-BBECB9D052C6","新北市路邊停車空位查詢","https://data.ntpc.gov.tw/datasets/54a507c4-c038-41b5-bf60-bbecb9d052c6","新北市政府交通局/停車營運科/停車營運科第二股","每2分鐘","交通","交通及通訊","JSON、CSV、XML","中文","提供新北市路邊停車位即時車格狀態"
"96B6101B-C033-4834-8BD5-E312651DB7A0","新北市政府道路挖掘資訊","https://data.ntpc.gov.tw/datasets/96b6101b-c033-4834-8bd5-e312651db7a0","新北市政府工務局/新北市政府養護工程處/挖掘管理科","每日","工務","交通及通訊","JSON、CSV、XML","中文","本項資料為新北市政府工務局所屬養護工程處提供之新北市道路挖掘業務系統所提供的相關資訊"
"6DCFF24A-838C-40FB-A9DF-F1160AFAFE84","新北市重要地標資訊","https://data.ntpc.gov.tw/datasets/6dcff24a-838c-40fb-a9df-f1160afafe84","新北市政府研究發展考核委員會/新北市政府資訊中心/網際服務科","每日","資訊","公共資訊","JSON、CSV、XML","中文","這個資料集是源自於「 新北iMAP」的資料，提供政府機關、學校、車站等地標資訊"
"0EE4E6BF-CEE6-4EC8-8FE1-71F544015127","公車路線清單","https://data.ntpc.gov.tw/datasets/0ee4e6bf-cee6-4ec8-8fe1-71f544015127","新北市政府交通局/運輸管理科/運輸管理科第三股","每日","交通","交通及通訊","JSON、CSV、XML","中文","新北市公車路線清單。"
"F0BE6DE4-E5EA-4390-BAF5-27582D5CFE68","新北市市轄公車業者營運基本資料","https://data.ntpc.gov.tw/datasets/f0be6de4-e5ea-4390-baf5-27582d5cfe68","新北市政府交通局/運輸管理科/運輸管理科第三股","每日","交通","交通及通訊","JSON、CSV、XML","中文","新北市公車業者名稱電話等資料。"
"D7B245C0-0BA7-4EE9-9021-5CA27AC52EB4","新北市違法雇主資料_性別平等工作法","https://data.ntpc.gov.tw/datasets/d7b245c0-0ba7-4ee9-9021-5ca27ac52eb4","新北市政府勞工局/秘書室","每日","勞動","公共資訊","JSON、CSV、XML","中文","新北市違反性別平等工作法之違法雇主資料名單"
"A3408B16-7B28-4FA5-9834-D147AAE909BF","新北市違法雇主資料_勞動基準法","https://data.ntpc.gov.tw/datasets/a3408b16-7b28-4fa5-9834-d147aae909bf","新北市政府勞工局/秘書室","每日","勞動","公共資訊","JSON、CSV、XML","中文","新北市違反勞動基準法之違法雇主資料名單"
"781B822E-214A-4B9A-B4DB-32C9F4626D98","新北市政府文化局藝文活動","https://data.ntpc.gov.tw/datasets/781b822e-214a-4b9a-b4db-32c9f4626d98","新北市政府文化局/秘書室","每日","文化","休閒旅遊","JSON、CSV、XML","中文","新北市政府文化局藝文活動。"
"EDC3AD26-8AE7-4916-A00B-BC6048D19BF8","新北市垃圾車路線","https://data.ntpc.gov.tw/datasets/edc3ad26-8ae7-4916-a00b-bc6048d19bf8","新北市政府環境保護局/清潔維護科/維護二股","每日","環保","公共資訊","JSON、CSV、XML、KML","中文","一、提供新北市各行政區垃圾車表定清運路線查詢，本資料將定期更新。
二、資料提供各清運路線名稱、所在行政區、里別，以及路線上各清運點名稱、表定位置(經緯度)、收運序號、收運時間、收運頻率(含一般垃圾、資源回收、廚餘)。
"
"73C24D1C-E1F0-44CE-8A31-CF835EF37E74","新北市政府福利補助資訊","https://data.ntpc.gov.tw/datasets/73c24d1c-e1f0-44ce-8a31-cf835ef37e74","新北市政府研究發展考核委員會/新北市政府資訊中心/網際服務科","每日","資訊","公共資訊","JSON、CSV、XML","中文","新北市福利補助資訊，提供各種補助資訊，包括補助說明及申請方式。"
"8EC84245-450B-45DF-9BC5-510AB6E02E73","新北市違法雇主資料_職業安全衛生法","https://data.ntpc.gov.tw/datasets/8ec84245-450b-45df-9bc5-510ab6e02e73","新北市政府勞工局/秘書室","不更新","勞動","公共資訊","JSON、CSV、XML","中文","新北市違反職業安全衛生法之違法雇主資料名單"
"FA61DB8D-79D1-447F-9F7A-FE4A8D4AF96D","新北市各類戶籍登記人數統計表","https://data.ntpc.gov.tw/datasets/fa61db8d-79d1-447f-9f7a-fe4a8d4af96d","新北市政府民政局/戶政科","每月","民政","公共資訊","JSON、CSV、XML","中文","新北市各類戶籍登記人數統計表，為新北市各區遷入、遷出、出生、死亡、結婚及離婚統計資料"
"5333CCA8-F9A7-446F-9B9A-92FEDE2FE04E","新北市各里人數排行榜(新版)","https://data.ntpc.gov.tw/datasets/5333cca8-f9a7-446f-9b9a-92fede2fe04e","新北市政府民政局/戶政科","每月","民政","公共資訊","JSON、CSV、XML","中文","新北市各里人數排行榜，其資料內容包含各里鄰數、戶數、男女人口、總人口等資訊。"
"292443D2-FAEF-452C-96CD-33053E7369B6","新北市各區人數統計表","https://data.ntpc.gov.tw/datasets/292443d2-faef-452c-96cd-33053e7369b6","新北市政府民政局/戶政科","每月","民政","公共資訊","JSON、CSV、XML","中文","新北市各區人數統計表，為新北市各里數、鄰數、戶數、男女人口、總人口的統計資料。"
"A5795E8E-3B8C-44A3-9CD0-733471E597C0","新北市外國人地權登記管理","https://data.ntpc.gov.tw/datasets/a5795e8e-3b8c-44a3-9cd0-733471e597c0","新北市政府地政局/地籍科","每月","地政","購屋及遷徙","JSON、CSV、XML","中文","凡在本市轄區內外國人之地權登記，經地政機關核准所有權與他項權利之登記均為統計對象。"
"CAD88B80-8230-48D4-A8D4-CE478954FDDF","新北市環境及交通噪音監測站地點","https://data.ntpc.gov.tw/datasets/cad88b80-8230-48d4-a8d4-ce478954fddf","新北市政府環境保護局/環境檢驗科/技術規劃股","每年","環保","生活安全及品質","JSON、CSV、XML","中文","人工交通噪音監測站及環境噪音監測站地點"
"612F1570-6A62-47B6-8531-94774D98C422","新北市噪音監測站位置","https://data.ntpc.gov.tw/datasets/612f1570-6a62-47b6-8531-94774d98c422","新北市政府環境保護局/環境檢驗科/技術規劃股","不更新","環保","生活安全及品質","JSON、CSV、XML","中文","自動交通噪音監測站地點"
"A57C5C06-5066-4452-B2F2-9CFC95D4291D","新北市空氣品質人工監測站位置","https://data.ntpc.gov.tw/datasets/a57c5c06-5066-4452-b2f2-9cfc95d4291d","新北市政府環境保護局/環境檢驗科/技術規劃股","每年","環保","生活安全及品質","JSON、CSV、XML","中文","空氣品質人工監測站位置及監測項目"
"862E96DC-A996-4D7E-8B81-199268526D85","新北市外勞仲介資訊","https://data.ntpc.gov.tw/datasets/862e96dc-a996-4d7e-8b81-199268526d85","新北市政府勞工局/秘書室","不更新","勞動","公共資訊","JSON、CSV、XML","中文","新北市外勞仲介資訊，包含基本資料、違法紀錄、勞動部評鑑等級、主要引進外勞國籍別及行業別等。"
"35F25104-1C35-45D0-A293-BE6FD4C6DE20","新北市公辦市地重劃成果財務狀況","https://data.ntpc.gov.tw/datasets/35f25104-1c35-45d0-a293-be6fd4c6de20","新北市政府地政局/重劃科","不更新","地政","購屋及遷徙","JSON、CSV、XML","中文","新北市公辦市地重劃成果財務狀況。"
"55A76FE9-1DDA-4DAA-B610-AE5E6187E363","新北市正在辦理中自辦市地重劃地區統計表","https://data.ntpc.gov.tw/datasets/55a76fe9-1dda-4daa-b610-ae5e6187e363","新北市政府地政局/重劃科","不更新","地政","購屋及遷徙","JSON、CSV、XML","中文","新北市正在辦理中自辦市地重劃地區統計表。"
"8F8562AD-E2A4-46C4-BE23-AF6070312822","新北市正在辦理中公辦市地重劃地區統計表","https://data.ntpc.gov.tw/datasets/8f8562ad-e2a4-46c4-be23-af6070312822","新北市政府地政局/重劃科","不更新","地政","購屋及遷徙","JSON、CSV、XML","中文","新北市正在辦理中公辦市地重劃地區統計表。"
"BAAA2058-F504-47C2-A124-56F2F5FA987F","新北市自行車架(捷運站週邊)","https://data.ntpc.gov.tw/datasets/baaa2058-f504-47c2-a124-56f2f5fa987f","新北市政府交通局/停車營運科/停車營運科第二股","不更新","交通","交通及通訊","JSON、CSV、XML","中文","新北市捷運站周邊自行車架(不含新北市29區行政區)"
"68243CC9-706E-4BF5-96BA-979E0B90D1AA","新北市機車停車彎資訊","https://data.ntpc.gov.tw/datasets/68243cc9-706e-4bf5-96ba-979e0b90d1aa","新北市政府交通局/停車營運科/停車營運科第二股","每季","交通","交通及通訊","JSON、CSV、XML","中文","新北市轄區機車停車彎資訊"
"78761EBA-7774-4763-AAF0-693FD1657A09","新北市自行車架(29區行政區)","https://data.ntpc.gov.tw/datasets/78761eba-7774-4763-aaf0-693fd1657a09","新北市政府交通局/停車營運科/停車營運科第二股","每季","交通","交通及通訊","JSON、CSV、XML","中文","新北市29區行政區自行車架(不含捷運站周邊)"
"1E548C60-0B04-4507-BF60-F3BE651DB642","新北市路邊停車場身心障礙停車格","https://data.ntpc.gov.tw/datasets/1e548c60-0b04-4507-bf60-f3be651db642","新北市政府交通局/停車營運科/停車營運科第二股","不更新","交通","交通及通訊","JSON、CSV、XML","中文","新北市各行政區路邊停車場身心障礙停車格"
"5C074C83-1880-405B-B426-EB1275CE295A","114年新北市公地撥用","https://data.ntpc.gov.tw/datasets/5c074c83-1880-405b-b426-eb1275ce295a","新北市政府地政局/徵收科","每年","地政","公共資訊","JSON、CSV、XML","中文","114年新北市公地撥用列管表"
"6E1CE5FA-3976-4E3E-B981-83990D58502E","新北市營造業工程登記","https://data.ntpc.gov.tw/datasets/6e1ce5fa-3976-4e3e-b981-83990d58502e","新北市政府工務局/施工科","每季","工務","公共資訊","JSON、CSV、XML","中文","營造業工程開工、竣工登記清冊，表格內容疑問請參考說明檔案。"
"3AA5FD0E-7595-484C-BD56-E13A1681D1C6","新北市政府核發建築物使用執照-使用分區別","https://data.ntpc.gov.tw/datasets/3aa5fd0e-7595-484c-bd56-e13a1681d1c6","新北市政府工務局/施工科","每季","工務","公共資訊","JSON、CSV、XML","中文","新北市政府核發建築物使用執照-使用分區別。"
"8E74DEB2-A546-42D9-8703-AFE32A49A6CA","新北市高再犯風險之性侵害加害人人數統計表","https://data.ntpc.gov.tw/datasets/8e74deb2-a546-42d9-8703-afe32a49a6ca","新北市政府警察局/婦幼警察隊","每月","治安","生活安全及品質","JSON、CSV、XML","中文","新北市高再犯風險之性侵害加害人人數統計表。"
"1AE53D31-A418-4209-83CB-474D91B7F3FC","新北市商業登記清冊","https://data.ntpc.gov.tw/datasets/1ae53d31-a418-4209-83cb-474d91b7f3fc","新北市政府經濟發展局/工商登記科","不更新","經濟","開創事業","JSON、CSV、XML、KML","中文","新北市商業登記清冊。"
"157501BF-F1CD-4838-92A7-612770351E43","新北市政府交通局CCTV點位","https://data.ntpc.gov.tw/datasets/157501bf-f1cd-4838-92a7-612770351e43","新北市政府交通局/交通管制工程科/交通管制工程科第四股","每年","交通","交通及通訊","JSON、CSV、XML","中文","新北市政府交通局CCTV點位及設備編號"
"821BFB96-A1AE-43D9-BF2C-065CE8C22765","新北市工廠登記清冊v2","https://data.ntpc.gov.tw/datasets/821bfb96-a1ae-43d9-bf2c-065ce8c22765","新北市政府經濟發展局/工商登記科","不更新","經濟","開創事業","JSON、CSV、XML、KML","中文","新北市工廠登記清冊"
"D880A3EA-0CC0-4FBE-BDE6-20EA27CEC44E","新北市電器承裝業清冊","https://data.ntpc.gov.tw/datasets/d880a3ea-0cc0-4fbe-bde6-20ea27cec44e","新北市政府經濟發展局/工商登記科","每月","經濟","開創事業","JSON、CSV、XML","中文","本項資料係依電業法第七十五條第六項規定辦理登記於新北市之電器承裝業。
所謂電器承裝業（以下簡稱承裝業），係指承裝電業供電設備及用戶用電設備裝設維修工程之業者。"
"EB703F46-7709-4ADD-92EA-193015EE7CFC","新北市用電設備檢驗維護業清冊","https://data.ntpc.gov.tw/datasets/eb703f46-7709-4add-92ea-193015ee7cfc","新北市政府經濟發展局/工商登記科","每月","經濟","公共資訊","JSON、CSV、XML","中文","本項所稱用電設備檢驗維護業指維護低壓(600伏特以下，契約容量達50瓩)、高壓(600伏特至22800伏特)及特高壓(超過22800伏特)公眾用電場所電力設備之行業。"
"C051DA17-17E6-49B3-9938-476BB9F3A7F4","新北市公用天然氣導管承裝業(甲級乙級)清冊","https://data.ntpc.gov.tw/datasets/c051da17-17e6-49b3-9938-476bb9f3a7f4","新北市政府經濟發展局/工商登記科","每月","經濟","開創事業","JSON、CSV、XML","中文","提供本市公用天然氣導管承裝業(甲級乙級)之級別、公司名稱、地址等資料。"
"9A34E36F-6AC2-4C1F-A5AF-7F20D740A2E0","新北市合法資訊休閒業者清冊","https://data.ntpc.gov.tw/datasets/9a34e36f-6ac2-4c1f-a5af-7f20d740a2e0","新北市政府經濟發展局/工商登記科","每月","經濟","開創事業","JSON、CSV、XML","中文","新北市合法資訊休閒業者清冊，其資料包含公司名稱、聯絡人及電話資訊。"
"57EB9B00-979C-44BB-A4EE-CC55BDF1488A","新北市觀光工廠","https://data.ntpc.gov.tw/datasets/57eb9b00-979c-44bb-a4ee-cc55bdf1488a","新北市政府經濟發展局/工業發展科","每年","觀光","休閒旅遊","JSON、CSV、XML、KML","中文","新北市政府經濟發展局所提供的觀光工廠相關資訊。"
"C60C5A2F-A4C1-44D8-A435-8BE0A8B617AF","新北市工廠各行業別新登記及歇業等家數","https://data.ntpc.gov.tw/datasets/c60c5a2f-a4c1-44d8-a435-8be0a8b617af","新北市政府經濟發展局/工商登記科","每月","統計","開創事業","JSON、CSV、XML","中文","各行業別上月底家數、當月新登記、歇業及異動調整家數"
"638872EE-4667-445C-B399-981614E3381D","新北市商業行業別總資本額","https://data.ntpc.gov.tw/datasets/638872ee-4667-445c-b399-981614e3381d","新北市政府經濟發展局/工商登記科","每月","統計","開創事業","JSON、CSV、XML","中文","本月底各行業別總資本額"
"A4712EB5-C01C-4309-8E82-2C3206BE0547","新北市商業行業別異動家數","https://data.ntpc.gov.tw/datasets/a4712eb5-c01c-4309-8e82-2c3206be0547","新北市政府經濟發展局/工商登記科","每月","統計","開創事業","JSON、CSV、XML","中文","本月各行業別異動家數明細"
"5F3735B2-5E77-4974-999D-BD3042E610C8","新北市商業各行政區行業別家數","https://data.ntpc.gov.tw/datasets/5f3735b2-5e77-4974-999d-bd3042e610c8","新北市政府經濟發展局/工商登記科","每月","統計","開創事業","JSON、CSV、XML","中文","各區域行業別家數"
"300E707E-C217-4EB1-A7AE-E20EF2F8A2F6","新北市商業各行業別增減資家數","https://data.ntpc.gov.tw/datasets/300e707e-c217-4eb1-a7ae-e20ef2f8a2f6","新北市政府經濟發展局/工商登記科","每月","統計","開創事業","JSON、CSV、XML","中文","本月各行業別增減資家數_新增日期欄位"
"A4F1832C-A264-4721-A385-D948BA624400","新北市商業現有及增減資家數","https://data.ntpc.gov.tw/datasets/a4f1832c-a264-4721-a385-d948ba624400","新北市政府經濟發展局/工商登記科","每月","統計","公共資訊","JSON、CSV、XML","中文","本市現有商業家數及增減資家數總計"
"AE6CBA1D-8C05-4F9C-B315-19AC437C0710","新北市商業資本額前月總額與當月異動明細","https://data.ntpc.gov.tw/datasets/ae6cba1d-8c05-4f9c-b315-19ac437c0710","新北市政府經濟發展局/工商登記科","每月","統計","開創事業","JSON、CSV、XML","中文","本表包含蒐集年月之前月總資本額與當月資本額異動明細(新設立、增減資、歇業、遷入、遷出、行業變動、異動調整)。"
"17880779-DFC9-451F-B3AB-A808C2E72282","警用車輛油料月報表(局本部之警用車輛用油總量、總價)","https://data.ntpc.gov.tw/datasets/17880779-dfc9-451f-b3ab-a808c2e72282","新北市政府警察局/資訊室","每月","交通","交通及通訊","JSON、CSV、XML","中文","局本部之警用車輛油料總量、總價"
"DBBD3361-7449-4603-86BC-0665943E5330","新北市商業行業別家數","https://data.ntpc.gov.tw/datasets/dbbd3361-7449-4603-86bc-0665943e5330","新北市政府經濟發展局/工商登記科","每月","統計","開創事業","JSON、CSV、XML","中文","本月各行業別現有家數"
"8CC57217-BB0B-4FCF-A576-13CBA6E7B72B","商業異動_本月各異動項目資本額明細","https://data.ntpc.gov.tw/datasets/8cc57217-bb0b-4fcf-a576-13cba6e7b72b","新北市政府經濟發展局/工商登記科","每月","統計","開創事業","JSON、CSV、XML","中文","本月各異動項目資本額明細"
"64D1441E-EB86-43A8-B7A1-2B6C7DE1EE95","新北市各行政區產業類別家數","https://data.ntpc.gov.tw/datasets/64d1441e-eb86-43a8-b7a1-2b6c7de1ee95","新北市政府經濟發展局/工商登記科","不更新","統計","開創事業","JSON、CSV、XML","中文","各區域產業類別家數"
"75ABD5E2-5454-4C59-973F-BA587EF94CCD","新北市交通限高資訊","https://data.ntpc.gov.tw/datasets/75abd5e2-5454-4c59-973f-ba587ef94ccd","新北市政府交通局/交通管制工程科/交通管制工程科第三股","每年","交通","交通及通訊","JSON、CSV、XML","中文","提供本市限高資訊參考"
"00F8FA51-CEDC-4C1D-88B0-58C55F740B79","新北市立聯合醫院_門診進度查詢 (板橋院區)","https://data.ntpc.gov.tw/datasets/00f8fa51-cedc-4c1d-88b0-58c55f740b79","新北市政府衛生局/新北市立聯合醫院/資訊室","每5分鐘","醫療","就醫","JSON、CSV、XML","中文","提供新北市立聯合醫院 (板橋院區) 門診進度查詢。"
"0ABDF2D0-3246-4614-B715-D4ED6631EB16","新北市立聯合醫院_門診進度查詢 (三重院區) ","https://data.ntpc.gov.tw/datasets/0abdf2d0-3246-4614-b715-d4ed6631eb16","新北市政府衛生局/新北市立聯合醫院/資訊室","每5分鐘","醫療","就醫","JSON、CSV、XML","中文","提供新北市立聯合醫院 (三重院區) 門診進度查詢。"
"1A718A66-1B9A-4110-B432-38999F12C11C","新北市立聯合醫院門診表 (板橋院區、三重院區)","https://data.ntpc.gov.tw/datasets/1a718a66-1b9a-4110-b432-38999f12c11c","新北市政府衛生局/新北市立聯合醫院/資訊室","每日","醫療","就醫","JSON、CSV、XML","中文","新北市立聯合醫院門診表 (板橋院區、三重院區)，日期區間為最近28日內資料。"
"39149FE0-85AB-4E6C-99E5-60657D44895F","新北市路燈資料","https://data.ntpc.gov.tw/datasets/39149fe0-85ab-4e6c-99e5-60657d44895f","新北市政府工務局/新北市政府養護工程處/道路養護二科","每周","工務","公共資訊","JSON、CSV、XML","中文","共收錄了新北市29區路燈資料。"
"C45E3221-273E-41FA-A04C-635496C68D38","新北市政府114年度天然災害停止上班上課訊息","https://data.ntpc.gov.tw/datasets/c45e3221-273e-41fa-a04c-635496c68d38","新北市政府人事處/考訓科","每年","資訊","生活安全及品質","JSON、CSV、XML","中文","新北市政府114年度天然災害停止上班上課訊息。"
"90D94859-D69A-4BA9-BBAD-10346E58B3C2","新北市政府114年度公務人員平時獎懲情形","https://data.ntpc.gov.tw/datasets/90d94859-d69a-4ba9-bbad-10346e58b3c2","新北市政府人事處/考訓科","每年","資訊","公共資訊","JSON、CSV、XML","中文","新北市政府114年度公務人員平時獎懲情形(不含警消人員)"
"70BB4200-D92A-43ED-AA51-194DB7631DEB","新北市身心障礙口腔照護特約機構補助","https://data.ntpc.gov.tw/datasets/70bb4200-d92a-43ed-aa51-194db7631deb","新北市政府衛生局/健康管理科/健康管理科婦幼衛生股","不更新","醫療","就醫","JSON、CSV、XML","中文","新北市身心障礙口腔照護特約機構補助。"
"E413EC2B-986E-46D0-8CBD-2223CBA8CA06","新北市空氣品質資訊","https://data.ntpc.gov.tw/datasets/e413ec2b-986e-46d0-8cbd-2223cba8ca06","新北市政府環境保護局/環境檢驗科/技術規劃股","每小時","環保","生活安全及品質","JSON、CSV、XML","中文","提供新北市內三峽測站的空氣品質相關資訊。 "
"3F9DDF84-EB09-436E-B38E-83067D5A4681","新北健康守護站","https://data.ntpc.gov.tw/datasets/3f9ddf84-eb09-436e-b38e-83067d5a4681","新北市政府衛生局/食品藥物管理科/藥物股","不更新","醫療","公共資訊","JSON、CSV、XML、KML","中文","新北健康守護站名單"
"71AF5C93-3905-49CA-B2FE-5FBDDC0B325B","新北市115年至116年地價稅稅額計算公式","https://data.ntpc.gov.tw/datasets/71af5c93-3905-49ca-b2fe-5fbddc0b325b","新北市政府財政局/新北市政府稅捐稽徵處/土地稅科/土地稅科第一股","不更新","財稅","購屋及遷徙","JSON、CSV、XML","中文","提供新北市115年至116年地價稅稅額計算公式"
"818E1D1F-F1F2-4170-9B07-6BA1BABED305","新北市政府檔案閱覽抄錄複製收費標準","https://data.ntpc.gov.tw/datasets/818e1d1f-f1f2-4170-9b07-6ba1babed305","新北市政府秘書處/文書科","不更新","資訊","公共資訊","JSON、CSV、XML","中文","新北市政府所屬各機關辦理申請閱覽、抄錄或複製檔案等事項費用收取標準"
"FC30F585-66D9-4233-A65E-C650D177EBFE","新北市有機農場","https://data.ntpc.gov.tw/datasets/fc30f585-66d9-4233-a65e-c650d177ebfe","新北市政府農業局/農牧經營管理科","每年","農業","休閒旅遊","JSON、CSV、XML、KML","中文","新北市有機農場資料,含地址、電話及經營者名稱等資料"
"9F9483AD-F966-4D53-81FE-D29858E4A152","新北市最近5年地價稅稅源統計表","https://data.ntpc.gov.tw/datasets/9f9483ad-f966-4d53-81fe-d29858e4a152","新北市政府財政局/新北市政府稅捐稽徵處/土地稅科/土地稅科第一股","每年","財稅","公共資訊","JSON、CSV、XML","中文","提供新北市最近5年地價稅稅源統計表"
"8C398C6F-8502-4715-A3FB-96A88D0E7051","新北市政府有線廣播電視收費標準","https://data.ntpc.gov.tw/datasets/8c398c6f-8502-4715-a3fb-96a88d0e7051","新北市政府新聞局/新聞行政科","每年","資訊","公共資訊","JSON、CSV、XML","中文","新北市政府有線廣播電視收費標準。"
"FDBF7375-62AE-4CF2-8AC1-9B97414BA2C3","新北市平面媒體廣告與新聞管理統計","https://data.ntpc.gov.tw/datasets/fdbf7375-62ae-4cf2-8ac1-9b97414ba2c3","新北市政府新聞局/新聞行政科","每年","統計","公共資訊","JSON、CSV、XML","中文","新北市平面媒體廣告與新聞管理統計。"
"FCA0A6D2-E42B-4E27-B7D2-90501FC29161","新北市有線電視名冊","https://data.ntpc.gov.tw/datasets/fca0a6d2-e42b-4e27-b7d2-90501fc29161","新北市政府新聞局/新聞行政科","每年","資訊","公共資訊","JSON、CSV、XML","中文","新北市有線電視業者名冊。"
"61C99F42-8A90-4ADC-9C40-BA9E0EA097AA","新北市電影院名冊","https://data.ntpc.gov.tw/datasets/61c99f42-8a90-4adc-9c40-ba9e0ea097aa","新北市政府新聞局/新聞行政科","每年","資訊","休閒旅遊","JSON、CSV、XML","中文","新北市電影院聯絡名冊。"
"3D8BF787-F435-4C26-A50F-762A4FC112A5","每月新北市A1類道路交通事故-道路類別","https://data.ntpc.gov.tw/datasets/3d8bf787-f435-4c26-a50f-762a4fc112a5","新北市政府警察局/新北市政府警察局交通警察大隊/事故處理組","每月","交通","交通及通訊","JSON、CSV、XML","中文","一、統計範圍及對象：凡於新北市區內道路上發生之交通事故，為統計範圍及對象。	
(一)必須因汽機車或動力機械行駛而引起之事故。
(二)必須發生於道路上之事故。
(三)必須為有人亡。（即符合道路交通事故調查報告A1類應報署條件者）
二、統計標準時間：以每月1日至月底所發生之事實為準。
三、分類標準：按道路類別及道路型態分類。			
四、有關法令規章：
(一)道路交通事故：依「道路交通事故處理辦法」第2條規定，係指因汽機車或動力機械在道路上行駛，致有人死亡、受傷或車輛、財物損失之事故。
(二)道路：指公道、街道、巷弄、廣場、騎樓、走廊、或其他供公眾通行之地方。
(三)道路類別及道路型態係以第一當事者為統計標準。
(四)專用道路指各種產業專用之道路。（如事故發生於2種以上不同類別的道路上時，以第一當事者所行駛之道路為主）。	
(五)道路交通事故不包括鐵路（火車）本身之事故，但火車與汽機車或動力機械所發生之車禍則計算在內，稱平交道事故。
五、資料蒐集方法及編製程序：由本局交通分隊將當月填寫之道路交通事故調查報告表，報送本局交通大隊彙編。並根據該調查報告表按分局別將當月資料彙編本表"
"96AA9966-73B0-445E-A82D-BEBAADC51973","每月新北市A1類道路交通事故－乘坐車種及死傷人數","https://data.ntpc.gov.tw/datasets/96aa9966-73b0-445e-a82d-bebaadc51973","新北市政府警察局/新北市政府警察局交通警察大隊/事故處理組","每月","交通","交通及通訊","JSON、CSV、XML","中文","1.本表統計新北市區A1類死亡車禍案件。
2.案件統計不含本市轄內鐵路行車事故。	"
"5992155D-41DD-4466-98F3-CA2463835999","每月新北市A1類道路交通事故－肇事時間別","https://data.ntpc.gov.tw/datasets/5992155d-41dd-4466-98f3-ca2463835999","新北市政府警察局/新北市政府警察局交通警察大隊/事故處理組","每月","交通","交通及通訊","JSON、CSV、XML","中文","一、統計範圍及對象：凡於臺北市區內道路上發生之交通事故，為統計範圍及對象。
(一)必須因汽機車或動力機械行駛而引起之事故。
(二)必須發生於道路上之事故。
(三)必須為有人亡。（即符合道路交通事故調查報告A1類應報署條件者）
二、統計標準時間：以每月1日至年底所發生之事實為準。
三、分類標準：按道路類別及道路型態分類。			
四、有關法令規章：	
(一)道路交通事故：依「道路交通事故處理辦法」第2條規定，係指因汽機車或動力機械在道路上行駛，致有人死亡、受傷或車輛、財物損失之事故。
(二)道路：指公道、街道、巷弄、廣場、騎樓、走廊、或其他供公眾通行之地方。
(三)道路類別及道路型態係以第一當事者為統計標準。
(四)專用道路指各種產業專用之道路。（如事故發生於2種以上不同類別的道路上時，以第一當事者所行駛之道路為主）。
(五)道路交通事故不包括鐵路（火車）本身之事故，但火車與汽機車或動力機械所發生之車禍則計算在內，稱平交道事故。
五、資料蒐集方法及編製程序：由本局交通分隊將當月填寫之道路交通事故調查報告表，報送本局交通大隊彙編。並根據該調查報告表按分局別將當月資料彙編本表"
"42DBA8D0-1A44-48A3-9382-A864497A64FC","每月新北市A1類道路交通事故-道路型態別","https://data.ntpc.gov.tw/datasets/42dba8d0-1a44-48a3-9382-a864497a64fc","新北市政府警察局/新北市政府警察局交通警察大隊/事故處理組","每月","交通","交通及通訊","JSON、CSV、XML","中文","一、統計範圍及對象：凡於新北市區內道路上發生之交通事故，為統計範圍及對象。(一)必須因汽機車或動力機械行駛而引起之事故。
(二)必須發生於道路上之事故。
(三)必須為有人亡。（即符合道路交通事故調查報告A1類應報署條件者）
二、統計標準時間：以每月1日至月底所發生之事實為準。
三、分類標準：按道路類別及道路型態分類。
四、有關法令規章：	
(一)道路交通事故：依「道路交通事故處理辦法」第2條規定，係指因汽機車或動力機械在道路上行駛，致有人死亡、受傷或車輛、財物損失之事故。
(二)道路：指公道、街道、巷弄、廣場、騎樓、走廊、或其他供公眾通行之地方。
(三)道路類別及道路型態係以第一當事者為統計標準。
(四)專用道路指各種產業專用之道路。（如事故發生於2種以上不同類別的道路上時，以第一當事者所行駛之道路為主）。
(五)道路交通事故不包括鐵路（火車）本身之事故，但火車與汽機車或動力機械所發生之車禍則計算在內，稱平交道事故。	
五、資料蒐集方法及編製程序：由本局交通分隊將當月填寫之道路交通事故調查報告表，報送本局交通大隊彙編。
       並根據該調查報告表按分局別將當月資料彙編本表""											
"
"FFA7DDCD-6B99-4268-A4B0-E35D8542FF45","每月新北市A1類道路交通事故－原因及傷亡","https://data.ntpc.gov.tw/datasets/ffa7ddcd-6b99-4268-a4b0-e35d8542ff45","新北市政府警察局/新北市政府警察局交通警察大隊/事故處理組","每月","交通","交通及通訊","JSON、CSV、XML","中文","一、統計範圍及對象：凡於新北市區內道路上發生之交通事故，為統計範圍及對象。(一)必須因汽機車或動力機械行駛而引起之事故。	
(二)必須發生於道路上之事故。
(三)必須為有人亡。（即符合道路交通事故調查報告A1類應報署條件者）	
二、統計標準時間：以每月1日至月底所發生之事實為準。
三、分類標準：按肇事原因、死傷人數分類。		
四、統計科目定義：	(一)道路交通事故：依「道路交通事故處理辦法」第2條規定，係指因汽機車或動力機械在道路上行駛，致有人死亡、受傷或車輛、財物損失之事故。	
(二)道路：指公道、街道、巷弄、廣場、騎樓、走廊、或其他供公眾通行之地方。	
(三)肇事原因之數據，以第一當事者為統計標準。
(四)發生件數：按A1類之定義計算發生件數。即A1類之死亡案件。	
(五)死亡人數：A1類之死亡人數。	
(六)受傷人數：按A1類死亡發生案件歸類後，計算受傷人數。
五、資料蒐集方法及編製程序：由本局交通分隊將當月填寫之道路交通事故調查報告表，報送本局交通大隊彙編。並根據該調查報告表按分局別將當月資料彙編本表。"
"03A46914-B774-4C1C-BF75-E6EECE1E311C","每月新北市A1類道路交通事故－車輛種類別","https://data.ntpc.gov.tw/datasets/03a46914-b774-4c1c-bf75-e6eece1e311c","新北市政府警察局/新北市政府警察局交通警察大隊/事故處理組","每月","交通","交通及通訊","JSON、CSV、XML","中文","每月新北市A1交通事故車輛種類"
"0D1DF0FD-D3C6-4438-8C4C-C2AFDB98B31A","每月新北市A1類道路交通事故－肇事者","https://data.ntpc.gov.tw/datasets/0d1df0fd-d3c6-4438-8c4c-c2afdb98b31a","新北市政府警察局/新北市政府警察局交通警察大隊/事故處理組","每月","交通","交通及通訊","JSON、CSV、XML","中文","一、統計範圍及對象：凡於新北市區內道路上發生之交通事故（不含本市轄內鐵路行車事故），為統計範圍及對象。
　　(一)必須因汽機車或動力機械行駛而引起之事故。
　　(二)必須發生於道路上之事故。	
　　(三)必須為有人亡。（即符合道路交通事故調查報告A1類應報署條件者）	
二、統計標準時間：以每月1日至月底所發生之事實為準。			
三、分類標準：按死亡受傷人數及道路交通事故A1分類。		
四、有關法令規章：			
　　(一)道路交通事故：依「道路交通管理處罰條例」第二條規定，係指因汽機車或動力機械在道路上行駛，致有人死亡、受傷或車輛、財物損失之事故。	
　　(二)道路：指公道、街道、巷弄、廣場、騎樓、走廊、或其他供公眾通行之地方。		
　　(三)肇事原因之數據，以第一當事者為統計標準。
　　(四)發生件數：按A1類之定義計算發生件數。即A1類之死亡案件。
　　(五)肇事者係依列管交通事故案件第一當事人性別統計。
　　(六)受害者係依列管交通事故案件死亡或受傷當事人性別統計。
　　(七)死亡人數：A1類之死亡人數。
　　(八)受傷人數：按A1類死亡發生案件歸類後，計算受傷人數。
五、資料蒐集方法及編製程序：由新北市政府警察局各交通分隊將當月填寫之道路交通事故調查報告表，報送本局交通警察大隊彙編。並根據該調查報告表按分局別將當月資料彙編本表。"
"85EEEC59-B584-4D97-BA83-8786EB2536A4","新北市定量免疫法糞便潛血檢查醫事機構","https://data.ntpc.gov.tw/datasets/85eeec59-b584-4d97-ba83-8786eb2536a4","新北市政府衛生局/健康管理科/健康維護股","每年","醫療","就醫","JSON、CSV、XML、KML","中文","新北市定量免疫法糞便潛血檢查醫事機構。"
"F0E1879F-3C5B-429F-A12B-9540ACAC26E8","新北市寺廟資料","https://data.ntpc.gov.tw/datasets/f0e1879f-3c5b-429f-a12b-9540acac26e8","新北市政府民政局/宗教禮俗科","每月","民政","公共資訊","JSON、CSV、XML、KML","中文","新北市登記設立寺廟基本資料
(各宮廟有多個節慶活動而有多筆資料呈現)"
"8E801573-92E8-4C22-BD8C-D1B821095B1D","新北市政府新聞局現有人員統計","https://data.ntpc.gov.tw/datasets/8e801573-92e8-4c22-bd8c-d1b821095b1d","新北市政府新聞局/人事管理員","每年","統計","公共資訊","JSON、CSV、XML","中文","新北市政府新聞局現有人員統計。"
"6A8AA49C-153E-48A3-8909-DFCDB73BA2CB","新北市79年迄今各年度累進起點地價","https://data.ntpc.gov.tw/datasets/6a8aa49c-153e-48a3-8909-dfcdb73ba2cb","新北市政府財政局/新北市政府稅捐稽徵處/土地稅科/土地稅科第一股","不更新","財稅","公共資訊","JSON、CSV、XML","中文","提供新北市79年迄今各年度累進起點地價"
"18D62577-1D5F-4967-AB9C-D71FABA8CDE1","不動產實價登錄資訊-租賃案件","https://data.ntpc.gov.tw/datasets/18d62577-1d5f-4967-ab9c-d71faba8cde1","新北市政府地政局/地價科","不更新","地政","購屋及遷徙","JSON、CSV、XML","中文","1.不動產租賃案件實價登錄資訊，包含標的位置、面積、總價等資訊。2.本資料集為每10日更新一次。"
"ACCE802D-58CC-4DFF-9E7A-9ECC517F78BE","不動產實價登錄資訊-買賣案件","https://data.ntpc.gov.tw/datasets/acce802d-58cc-4dff-9e7a-9ecc517f78be","新北市政府地政局/地價科","不更新","地政","購屋及遷徙","JSON、CSV、XML","中文","1. 不動產買賣案件實價登錄資訊，包含標的位置、面積、總價等資訊。2. 本資料集為每10日更新一次。"
"9238CCC2-9701-4CA7-A0A0-EBE4A0669685","不動產實價登錄資訊-預售屋案件","https://data.ntpc.gov.tw/datasets/9238ccc2-9701-4ca7-a0a0-ebe4a0669685","新北市政府地政局/地價科","不更新","地政","購屋及遷徙","JSON、CSV、XML","中文","1. 不動產預售案件實價登錄資訊，包含標的位置、面積、總價等資訊。2. 本資料集為每10日更新一次。"
"C8D242CB-DAE0-456C-B4BF-E69F46CA6FD4","新北市徵起之國稅、縣市稅數額表(111-115)","https://data.ntpc.gov.tw/datasets/c8d242cb-dae0-456c-b4bf-e69f46ca6fd4","新北市政府財政局/秘書室","每月","財稅","公共資訊","JSON、CSV、XML","中文","111-115新北市徵起之國稅、縣市稅數額表"
"3121C2FA-FEAC-487B-8495-731830A43B0F","戶所等待人數","https://data.ntpc.gov.tw/datasets/3121c2fa-feac-487b-8495-731830a43b0f","新北市政府民政局/戶政科","不更新","民政","公共資訊","JSON、CSV、XML","中文","新北市各戶所等待人數即時資訊"
"D9F18DB5-41C7-41D4-B7F0-82A335255B08","新北市路邊收費停車場收費路段資訊","https://data.ntpc.gov.tw/datasets/d9f18db5-41c7-41d4-b7f0-82a335255b08","新北市政府交通局/停車營運科/停車營運科第二股","每月","交通","交通及通訊","JSON、CSV、XML","中文","包含板橋、新莊、三重、永和、中和、新店、土城、海山、蘆洲、樹林、鶯歌、三峽、汐止、林口、淡水、八里等地區路邊收費停車場收費路段資訊"
"2924FBE5-852F-46F4-A829-45BECD75EFF5","時段性管制禁止大貨車行駛路段","https://data.ntpc.gov.tw/datasets/2924fbe5-852f-46f4-a829-45becd75eff5","新北市政府交通局/交通安全科/交通安全科第二股","每年","交通","交通及通訊","JSON、CSV、XML","中文","時段性管制禁止大貨車行駛路段新增"
"B95D126D-4EE7-40F1-828C-22591CF0FF86","新北市河濱公園行動餐車位置","https://data.ntpc.gov.tw/datasets/b95d126d-4ee7-40f1-828c-22591cf0ff86","新北市政府水利局/新北市政府高灘地工程管理處/營運企劃科","不更新","觀光","休閒旅遊","JSON、CSV、XML","中文","新北市河濱公園行動餐車，是仿效「國道休息站」方式把河濱公園單車道看成高速公路，行動餐車變成單車騎士的「休息站」，選擇設置地點於各定點路橋下，提供多樣化輕食，並一旁搭配設置單車租借維修站，以及流動廁所等公共設施，提供民眾更友善、多元的遊憩空間，藉此提升自行車道的品質。"
"F4A8A677-84BA-4DCD-8407-9810C33E9BB2","新北市政府政風處暨各政風機構受理財產申報人數","https://data.ntpc.gov.tw/datasets/f4a8a677-84ba-4dcd-8407-9810c33e9bb2","新北市政府政風處/第一科","每年","統計","公共資訊","JSON、CSV、XML","中文","提供有關本府受理財產申報人數"
"05DCBDA8-6542-4454-A218-73E9A98594A5","新北市天然氣供氣戶數及供氣量_天然氣供氣戶數_本月底戶數","https://data.ntpc.gov.tw/datasets/05dcbda8-6542-4454-a218-73e9a98594a5","新北市政府經濟發展局/綠色產業科","每月","統計","公共資訊","JSON、CSV、XML","中文","公用天然氣事業一般用戶及商業用戶截至本月用氣戶數"
"C4853109-53E9-4FF2-84E5-29E104B5B362","新北市天然氣公司裝置情形_小計本月累計裝置情況","https://data.ntpc.gov.tw/datasets/c4853109-53e9-4ff2-84e5-29e104b5b362","新北市政府經濟發展局/綠色產業科","每月","統計","公共資訊","JSON、CSV、XML","中文","公用天然氣事業各行政區預繳裝置費戶數、完工戶數及裝錶通氣戶數累計資料。"
"70572799-0FC1-468D-B9FF-9DD7A26C9848","新北市天然氣供氣戶數及供氣量_天然氣供氣戶數_增減戶數","https://data.ntpc.gov.tw/datasets/70572799-0fc1-468d-b9ff-9dd7a26c9848","新北市政府經濟發展局/綠色產業科","每月","統計","公共資訊","JSON、CSV、XML","中文","公用天然氣事業一般用戶及商業用戶本月增減戶數"
"AFDBD412-0EBD-4D48-88AB-7E12092B355C","新北市天然氣供氣戶數及供氣量_小計_天然瓦斯年累計供氣量","https://data.ntpc.gov.tw/datasets/afdbd412-0ebd-4d48-88ab-7e12092b355c","新北市政府經濟發展局/綠色產業科","每月","統計","公共資訊","JSON、CSV、XML","中文","公用天然氣事業各行政區本年截至本月累計供氣量。"
"C5BD05A0-558C-4DDA-8083-3EFF4865625D","新北市天然氣供氣戶數及供氣量_小計_天然氣供氣戶數_本月底戶數","https://data.ntpc.gov.tw/datasets/c5bd05a0-558c-4dda-8083-3eff4865625d","新北市政府經濟發展局/綠色產業科","每月","統計","公共資訊","JSON、CSV、XML","中文","公用天然氣事業各行政區截至本月供氣戶數"
"0663DB88-644A-4C5A-8CA4-B20D39289131","新北市天然氣供氣戶數及供氣量 _小計_天然氣供氣戶數 _增減戶數","https://data.ntpc.gov.tw/datasets/0663db88-644a-4c5a-8ca4-b20d39289131","新北市政府經濟發展局/綠色產業科","每月","統計","公共資訊","JSON、CSV、XML","中文","公用天然氣事業各行政區本月增減戶數"
"7D2D034C-88FE-4C07-8933-8305C4297138","新北市天然氣供氣戶數及供氣量_天然瓦斯年累計供氣量","https://data.ntpc.gov.tw/datasets/7d2d034c-88fe-4c07-8933-8305c4297138","新北市政府經濟發展局/綠色產業科","每月","統計","公共資訊","JSON、CSV、XML","中文","公用天然氣事業各行政區一般用戶及商業用戶本年截至本月累計供氣量。"
"300C31EA-E7AC-4EFE-8B13-5E511096BB28","新北市天然氣供氣戶數及供氣量_小計_天然瓦斯本月供氣量","https://data.ntpc.gov.tw/datasets/300c31ea-e7ac-4efe-8b13-5e511096bb28","新北市政府經濟發展局/綠色產業科","每月","統計","公共資訊","JSON、CSV、XML","中文","公用天然氣事業各行政區本月供氣量。"
"6EDAC837-9FC6-4A29-9824-9CEEBB270953","新北市天然氣公司裝置情形_小計本月裝置情況","https://data.ntpc.gov.tw/datasets/6edac837-9fc6-4a29-9824-9ceebb270953","新北市政府經濟發展局/綠色產業科","每月","統計","公共資訊","JSON、CSV、XML","中文","公用天然氣事業本月申請戶數、預繳裝置費戶數、完工戶數及裝錶通氣戶數統計資料。"
"29AD868C-5382-4D1B-B37F-99B07DEF9019","新北市酒癮治療指定機構清冊","https://data.ntpc.gov.tw/datasets/29ad868c-5382-4d1b-b37f-99b07def9019","新北市政府衛生局/心理衛生科/成癮防治股","每年","醫療","就醫","JSON、CSV、XML","中文","新北市政府衛生局提供的酒癮治療服務醫療院所資訊，主要提供欄位包含機構名稱、電話、補助內容"
"6AE3D540-B8A3-4C3C-81F0-A6E5F9226223","新北市政府行動應用軟體資訊","https://data.ntpc.gov.tw/datasets/6ae3d540-b8a3-4c3c-81f0-a6e5f9226223","新北市政府研究發展考核委員會/新北市政府資訊中心/網際服務科","不更新","教育","公共資訊","JSON、CSV、XML","中文","本資料集提供新北市政府各機關建置的行動應用軟體(APP)之資訊。
App圖示為72*72畫素)，
App截圖為300*490畫素。"
"ABFDE51A-E8C1-4B2B-BD8F-EEB548A793B7","新北市社區照顧關懷據點名冊","https://data.ntpc.gov.tw/datasets/abfde51a-e8c1-4b2b-bd8f-eeb548a793b7","新北市政府社會局/老人福利科","每季","社福","老年安養","JSON、CSV、XML","中文","新北市政府社會局提供的新北市社區照顧關懷據點名冊。"
"25E439AB-49E7-4E5E-85CE-A25C13FD2770","新北市避難收容處所一覽表","https://data.ntpc.gov.tw/datasets/25e439ab-49e7-4e5e-85ce-a25c13fd2770","新北市政府社會局/社會救助科","每年","社福","公共資訊","JSON、CSV、XML","中文","新北市避難收容處所一覽表。"
"C18F02CF-47B7-4CED-98DF-CE9A56D28262","新北市政府路邊收費停管場","https://data.ntpc.gov.tw/datasets/c18f02cf-47b7-4ced-98df-ce9a56d28262","新北市政府交通局/停車營運科/停車營運科第三股","每年","交通","交通及通訊","JSON、CSV、XML","中文","新北市政府交通局7處路邊收費停管場地址及連絡電話。"
"11EDC5E5-BC29-4A04-BF72-7F455D1A0516","新北市無痛大腸鏡檢查","https://data.ntpc.gov.tw/datasets/11edc5e5-bc29-4a04-bf72-7f455d1a0516","新北市政府衛生局/健康管理科/健康維護股","每年","醫療","就醫","JSON、CSV、XML","中文","新北市無痛大腸鏡檢查。"
"4AA54765-A471-4412-A314-468F892A1794","新北市口腔黏膜檢查醫事機構","https://data.ntpc.gov.tw/datasets/4aa54765-a471-4412-a314-468f892a1794","新北市政府衛生局/健康管理科/健康維護股","每年","醫療","就醫","JSON、CSV、XML、KML","中文","新北市口腔黏膜檢查醫事機構清冊"
"3E734C3C-9F91-47EB-9AD9-BB3A2F27C5EE","新北市115年度徵起之國稅、縣市稅分成數額表","https://data.ntpc.gov.tw/datasets/3e734c3c-9f91-47eb-9ad9-bb3a2f27c5ee","新北市政府財政局/秘書室","每月","財稅","公共資訊","JSON、CSV、XML","中文","115年度徵起之國稅、縣市稅分成數額表"
"25B98E37-753C-4BE0-A20D-34E8F1BE4586","115年新北市政府查獲涉嫌違反菸酒管理法案件月報表","https://data.ntpc.gov.tw/datasets/25b98e37-753c-4be0-a20d-34e8f1be4586","新北市政府財政局/秘書室","每月","財稅","公共資訊","JSON、CSV、XML","中文","新北市政府查獲涉嫌違反菸酒管理法案件月報表115"
"71B4CCFA-4AA7-40BB-BA6D-CC39D953FE0C","新北市政府115及114年度歲入實收數比較表 ","https://data.ntpc.gov.tw/datasets/71b4ccfa-4aa7-40bb-ba6d-cc39d953fe0c","新北市政府財政局/秘書室","每月","財稅","公共資訊","JSON、CSV、XML","中文","115及114年度歲入實收數比較表 "
"3FD6FFA6-D40E-4472-8D13-254D0215A63E","新北市115年度預算數及執行數共同比(執行率)","https://data.ntpc.gov.tw/datasets/3fd6ffa6-d40e-4472-8d13-254d0215a63e","新北市政府財政局/秘書室","每月","財稅","公共資訊","JSON、CSV、XML","中文","115年度預算數及執行數共同比(執行率)"
"CA3F54F2-6ED0-43C0-822B-6BF9D35D8B6E","115年度新北市總預算歲出機關別預算總表","https://data.ntpc.gov.tw/datasets/ca3f54f2-6ed0-43c0-822b-6bf9d35d8b6e","新北市政府主計處/公務預算科","不更新","財稅","公共資訊","JSON、CSV、XML","中文","""1.115年度新北市總預算歲出機關別預算總表 2.單位：新臺幣千元 3.完整資料詳參""""新北市政府主計處網頁->總預算->115年度""""(https://www.bas.ntpc.gov.tw/home.jsp?id=ae62173b3896f185&act=be4f48068b2b0031&dataserno=d8bf58b2f71362064837b29531822b44)或電洽主計處查詢。"""
"87B954B8-D48D-4BFB-B036-35A6CE5C7109","115年度新北市總預算歲出機關別預算比較總表(經資門併計)","https://data.ntpc.gov.tw/datasets/87b954b8-d48d-4bfb-b036-35a6ce5c7109","新北市政府主計處/公務預算科","不更新","財稅","公共資訊","JSON、CSV、XML","中文","""1.115年度新北市總預算歲出機關別預算比較總表(經資門併計) 2.單位：新臺幣千元 3.完整資料詳參""""新北市政府主計處網頁->總預算->115年度""""(https://www.bas.ntpc.gov.tw/home.jsp?id=ae62173b3896f185&act=be4f48068b2b0031&dataserno=d8bf58b2f71362064837b29531822b43)或電洽主計處查詢。"""
"27F91190-05F0-4379-9A13-2D1DD011F958","115年度新北市總預算歲出政事別預算總表","https://data.ntpc.gov.tw/datasets/27f91190-05f0-4379-9a13-2d1dd011f958","新北市政府主計處/公務預算科","不更新","財稅","公共資訊","JSON、CSV、XML","中文","""1.115年度新北市總預算歲出政事別預算總表 2.單位：新臺幣千元 3.完整資料詳參""""新北市政府主計處網頁->總預算->115年度""""(https://www.bas.ntpc.gov.tw/home.jsp?id=ae62173b3896f185&act=be4f48068b2b0031&dataserno=d8bf58b2f71362064837b29531822b42)或電洽主計處查詢。"""
"D7B6C004-51E7-40A5-A0CC-9ABB06FFEE8E","115年度新北市總預算歲出政事別預算比較總表（經資門併計）","https://data.ntpc.gov.tw/datasets/d7b6c004-51e7-40a5-a0cc-9abb06ffee8e","新北市政府主計處/公務預算科","不更新","財稅","公共資訊","JSON、CSV、XML","中文","""1.115年度新北市總預算歲出政事別預算比較總表（經資門併計） 2.單位：新臺幣千元 3.完整資料詳參""""新北市政府主計處網頁->總預算->115年度""""(https://www.bas.ntpc.gov.tw/home.jsp?id=ae62173b3896f185&act=be4f48068b2b0031&dataserno=d8bf58b2f71362064837b29531822b41)或電洽主計處查詢。"""
"2844C3BF-74D2-4A81-B66E-DE8F24185200","115年度新北市總預算收支簡明比較分析表","https://data.ntpc.gov.tw/datasets/2844c3bf-74d2-4a81-b66e-de8f24185200","新北市政府主計處/公務預算科","不更新","財稅","公共資訊","JSON、CSV、XML","中文","""1.115年度新北市總預算收支簡明比較分析表 2.單位：新臺幣千元 3.完整資料詳參""""新北市政府主計處網頁->總預算->115年度""""(https://www.bas.ntpc.gov.tw/home.jsp?id=ae62173b3896f185&act=be4f48068b2b0031&dataserno=d8bf58b2f71362064837b29531822b35)或電洽主計處查詢。"""
"6FA0BBA2-7E2D-442D-ADF0-C2699F0E3BA5","115年度新北市總預算歲入歲出簡明比較分析表","https://data.ntpc.gov.tw/datasets/6fa0bba2-7e2d-442d-adf0-c2699f0e3ba5","新北市政府主計處/公務預算科","不更新","財稅","公共資訊","JSON、CSV、XML","中文","""1.115年度新北市總預算歲入歲出簡明比較分析表 2.單位：新臺幣千元 3.完整資料詳參""""新北市政府主計處網頁->總預算->115年度""""(https://www.bas.ntpc.gov.tw/home.jsp?id=ae62173b3896f185&act=be4f48068b2b0031&dataserno=d8bf58b2f71362064837b29531822b40)或電洽主計處查詢。"""
"3F1E6453-A39D-4A30-95B0-E045E9031619","115年度新北市總預算歲入歲出性質及餘絀簡明比較分析表","https://data.ntpc.gov.tw/datasets/3f1e6453-a39d-4a30-95b0-e045e9031619","新北市政府主計處/公務預算科","不更新","財稅","公共資訊","JSON、CSV、XML","中文","""1.115年度新北市總預算歲入歲出性質及餘絀簡明比較分析表 2.單位：新臺幣千元 3.完整資料詳參""""新北市政府主計處網頁->總預算->115年度""""(https://www.bas.ntpc.gov.tw/home.jsp?id=ae62173b3896f185&act=be4f48068b2b0031&dataserno=d8bf58b2f71362064837b29531822b39)或電洽主計處查詢。"""
"B9314DE2-8AA0-4080-8F37-2DF0FE193F3C","115年度新北市總預算歲入來源別預算總表","https://data.ntpc.gov.tw/datasets/b9314de2-8aa0-4080-8f37-2df0fe193f3c","新北市政府主計處/公務預算科","不更新","財稅","公共資訊","JSON、CSV、XML","中文","""1.115年度新北市總預算歲入來源別預算總表 2.單位：新臺幣千元 3.完整資料詳參""""新北市政府主計處網頁->總預算->115年度""""(https://www.bas.ntpc.gov.tw/home.jsp?id=ae62173b3896f185&act=be4f48068b2b0031&dataserno=d8bf58b2f71362064837b29531822b38)或電洽主計處查詢。"""
"7364DDBC-3F34-48CC-864A-7421B235015A","115年度新北市總預算歲入來源別預算比較總表（經資門併計）","https://data.ntpc.gov.tw/datasets/7364ddbc-3f34-48cc-864a-7421b235015a","新北市政府主計處/公務預算科","不更新","財稅","公共資訊","JSON、CSV、XML","中文","""1.115年度新北市總預算歲入來源別預算比較總表（經資門併計） 2.單位：新臺幣千元 3.完整資料詳參""""新北市政府主計處網頁->總預算->115年度""""(https://www.bas.ntpc.gov.tw/home.jsp?id=ae62173b3896f185&act=be4f48068b2b0031&dataserno=d8bf58b2f71362064837b29531822b37)或電洽主計處查詢。"""
"F95392B0-2A09-490D-97E4-969BE2F7BF62","115年度新北市總預算基金別預算分析表","https://data.ntpc.gov.tw/datasets/f95392b0-2a09-490d-97e4-969be2f7bf62","新北市政府主計處/公務預算科","不更新","財稅","公共資訊","JSON、CSV、XML","中文","""1.115年度新北市總預算基金別預算分析表 2.單位：新臺幣千元 3.完整資料詳參""""新北市政府主計處網頁->總預算->115年度""""(https://www.bas.ntpc.gov.tw/home.jsp?id=ae62173b3896f185&act=be4f48068b2b0031&dataserno=d8bf58b2f71362064837b29531822b36)或電洽主計處查詢。"""
"79575C1A-B119-41CE-B7D7-C34390B228D4","新北市土地建物登記管理","https://data.ntpc.gov.tw/datasets/79575c1a-b119-41ce-b7d7-c34390b228d4","新北市政府地政局/地籍科","每月","地政","購屋及遷徙","JSON、CSV、XML","中文","本市轄區內經地政機關核准之所有土地建物登記及謄本資料均為統計對象，因本統計表已定期公開於新北市公務統計資訊網，自107年起以提供網址方式公開資料供下載參考"
"CD03CC13-9BB8-45D5-A262-82EC7750459F","新北市都市更新處劃定都市更新地區","https://data.ntpc.gov.tw/datasets/cd03cc13-9bb8-45d5-a262-82ec7750459f","新北市政府城鄉發展局/新北市政府都市更新處/更新發展科","每季","城鄉","公共資訊","JSON、CSV、XML","中文","ㄧ、提供都市更新地區範圍查詢
二、提供都市更新計畫內容查詢"
"B57C14E9-593C-4416-8EDD-D1AC8CDCEB48","市售食品標示合格率","https://data.ntpc.gov.tw/datasets/b57c14e9-593c-4416-8edd-d1ac8cdceb48","新北市政府衛生局/食品藥物管理科/食品股","每季","醫療","生活安全及品質","JSON、CSV、XML","中文","市售食品標示合格率。"
"F05F0A5C-442D-4A3F-B62F-A596A694B061","新北市心理師駐點諮商輔導服務","https://data.ntpc.gov.tw/datasets/f05f0a5c-442d-4a3f-b62f-a596a694b061","新北市政府衛生局/心理衛生科/心理精神股","每年","醫療","就醫","JSON、CSV、XML、KML","中文","新北市心理師駐點諮商輔導服務之機構名稱、電話"
"F86E3560-7922-4F0F-B5EE-9ECCCF80E2E6","新北市設立心理諮商所及心理治療所","https://data.ntpc.gov.tw/datasets/f86e3560-7922-4f0f-b5ee-9ecccf80e2e6","新北市政府衛生局/心理衛生科/心理精神股","每年","醫療","就醫","JSON、CSV、XML、KML","中文","新北市政府衛生局立案的心理諮商所及心理治療所資訊，主要提供欄位包含機構名稱、地址、電話及負責人姓名"
"CB958745-1E5F-4D64-8867-81827495FB31","新北市天然氣公司裝置情形_本月裝置情況","https://data.ntpc.gov.tw/datasets/cb958745-1e5f-4d64-8867-81827495fb31","新北市政府經濟發展局/綠色產業科","每月","統計","公共資訊","JSON、CSV、XML","中文","公用天然氣事業各行政區本月申請戶數、預繳裝置費戶數、完工戶數及裝錶通氣戶數統計資料。"
"19C9859B-D081-4AEB-8AE6-FE91D8F1934E","新北市污水處理率","https://data.ntpc.gov.tw/datasets/19c9859b-d081-4aeb-8ae6-fe91d8f1934e","新北市政府水利局/污水下水道計畫科","每月","水利","生活安全及品質","JSON、CSV、XML","中文","新北市全區之污水處理率
計算式如下:
整體污水處理率=(用戶接管普及率)+(專用污水下水道普及率)+(建築物污水處理設施設置率) 
用戶接管普及率=(公共污水下水道已接管戶數/總戶數)"
"502D1589-3693-4F2C-9C05-22E3EC37330D","新北市歷年住宅補貼受理情形統計表","https://data.ntpc.gov.tw/datasets/502d1589-3693-4f2c-9c05-22e3ec37330d","新北市政府城鄉發展局/住宅發展科","每年","社福","公共資訊","JSON、CSV、XML","中文","新北市歷年申請住宅補貼情形"
"C1487D7B-FFF1-43D3-A2CE-4716EAB4D286","新北市建築執照存查","https://data.ntpc.gov.tw/datasets/c1487d7b-fff1-43d3-a2ce-4716eab4d286","新北市政府工務局/建照科","每季","工務","公共資訊","JSON、CSV、XML","中文","一、 此為使照存根資料，提供「領照日期」從91年1月至今的資料。
二、 原始資料由工務局提供，此三項資料「建蔽率」、「容積率」及「原建造(雜項)執照發照日期」在原始資料提供時即為空欄位。
三、 此資料排序為最新至最舊。
"
"51BADE47-2B49-4E37-B091-191A202F36FD","都市更新及爭議處理審議會名單(最新)","https://data.ntpc.gov.tw/datasets/51bade47-2b49-4e37-b091-191a202f36fd","新北市政府城鄉發展局/新北市政府都市更新處/更新事業科","每年","城鄉","公共資訊","JSON、CSV、XML","中文","提供新北市都市更新審議委員會委員名單"
"D8797F84-B2D2-4F2B-9EFB-8CBC8E9B3325","新北市新生兒聽力篩檢補助服務方案醫事機構","https://data.ntpc.gov.tw/datasets/d8797f84-b2d2-4f2b-9efb-8cbc8e9b3325","新北市政府衛生局/健康管理科/健康管理科婦幼衛生股","不更新","醫療","生育保健","JSON、CSV、XML、KML","中文","新北市新生兒聽力篩檢補助服務方案醫事機構。"
"08DF50E4-2AB6-47B6-91B6-FA9AE08A30BD","新北市市民活動中心資料","https://data.ntpc.gov.tw/datasets/08df50e4-2ab6-47b6-91b6-fa9ae08a30bd","新北市政府民政局/地方自治科","不更新","民政","公共資訊","JSON、CSV、XML","中文","提供各區市民活動中心名稱及地址等相關資料。"
"FD0243B6-FDE5-474D-A88D-E955CF98EB51","新北市天然氣供氣戶數及供氣量_天然瓦斯本月供氣量","https://data.ntpc.gov.tw/datasets/fd0243b6-fde5-474d-a88d-e955cf98eb51","新北市政府經濟發展局/綠色產業科","每月","統計","公共資訊","JSON、CSV、XML","中文","公用天然氣事業一般用戶及商業用戶本月供氣量。"
"FCCE36B0-954D-46E3-870A-39A17ED5C0B3","新北市天然氣公司裝置情形_本月累計裝置情況","https://data.ntpc.gov.tw/datasets/fcce36b0-954d-46e3-870a-39a17ed5c0b3","新北市政府經濟發展局/綠色產業科","每月","統計","公共資訊","JSON、CSV、XML","中文","公用天然氣事業預繳裝置費戶數、完工戶數及裝錶通氣戶數累計資料。"
"26DA5B60-93AC-40A5-B694-46439A770DB2","新北市政府里守望相助隊人數","https://data.ntpc.gov.tw/datasets/26da5b60-93ac-40a5-b694-46439a770db2","新北市政府警察局/防治科","每月","治安","生活安全及品質","JSON、CSV、XML","中文","新北市政府里守望相助隊人數。"
"F379E6DC-5A60-49A7-A47B-D3887566E157","新北市非健保特約藥局名單","https://data.ntpc.gov.tw/datasets/f379e6dc-5a60-49a7-a47b-d3887566e157","新北市政府衛生局/食品藥物管理科/藥物股","每年","醫療","就醫","JSON、CSV、XML、KML","中文","提供新北市非健保特約藥局名單"
"FDBEFC45-7005-49AB-A56D-41881E435DC2","新北市健保特約藥局名單","https://data.ntpc.gov.tw/datasets/fdbefc45-7005-49ab-a56d-41881e435dc2","新北市政府衛生局/食品藥物管理科/藥物股","每年","醫療","就醫","JSON、CSV、XML、KML","中文","提供新北市健保特約藥局名單"
"5A1F9484-F818-4F81-ACD2-A3CF4B3703AF","100年度新北市總預算收支簡明比較分析表","https://data.ntpc.gov.tw/datasets/5a1f9484-f818-4f81-acd2-a3cf4b3703af","新北市政府主計處/公務預算科","不更新","財稅","公共資訊","JSON、CSV、XML","中文","1.100年度新北市總預算收支簡明比較分析表 2.單位：新臺幣千元 3.完整資料詳參""新北市政府主計處網頁->總預算->100年度""(https://www.bas.ntpc.gov.tw/home.jsp?id=ae62173b3896f185&act=be4f48068b2b0031&dataserno=d7bc58f03a37bfb787205e21e4d69679)或電洽主計處查詢。"
"F903F41D-745B-4E3C-844F-80FE8B6C5AB8","100年度新北市總預算歲入來源別預算比較總表","https://data.ntpc.gov.tw/datasets/f903f41d-745b-4e3c-844f-80fe8b6c5ab8","新北市政府主計處/公務預算科","不更新","財稅","公共資訊","JSON、CSV、XML","中文","1.100年度新北市總預算歲入來源別預算比較總表(經資門併計) 2.單位：新臺幣千元 3.完整資料詳參""新北市政府主計處網頁->總預算->100年度""(https://www.bas.ntpc.gov.tw/home.jsp?id=ae62173b3896f185&act=be4f48068b2b0031&dataserno=d7bc58f03a37bfb787205e21e4d69679)或電洽主計處查詢。"
"A556249F-0DF4-428B-BD67-CECDEAE2A16B","100年度新北市總預算歲入歲出性質及餘絀簡明比較分析表","https://data.ntpc.gov.tw/datasets/a556249f-0df4-428b-bd67-cecdeae2a16b","新北市政府主計處/公務預算科","不更新","財稅","公共資訊","JSON、CSV、XML","中文","1.100年度新北市總預算歲入歲出性質及餘絀簡明比較分析表 2.單位：新臺幣千元 3.完整資料詳參""新北市政府主計處網頁->總預算->100年度""(https://www.bas.ntpc.gov.tw/home.jsp?id=ae62173b3896f185&act=be4f48068b2b0031&dataserno=d7bc58f03a37bfb787205e21e4d69679)或電洽主計處查詢。"
"1FCE9A3C-D2CB-4398-A2D2-DCCC38085C0E","100年度新北市總預算歲入來源別預算總表","https://data.ntpc.gov.tw/datasets/1fce9a3c-d2cb-4398-a2d2-dccc38085c0e","新北市政府主計處/公務預算科","不更新","財稅","公共資訊","JSON、CSV、XML","中文","1.100年度新北市總預算歲入來源別預算總表 2.單位：新臺幣千元 3.完整資料詳參""新北市政府主計處網頁->總預算->100年度""(https://www.bas.ntpc.gov.tw/home.jsp?id=ae62173b3896f185&act=be4f48068b2b0031&dataserno=d7bc58f03a37bfb787205e21e4d69679)或電洽主計處查詢。"
"5DC201E8-8242-46F9-B17D-0EBFFF52F255","100年度新北市總預算歲出政事別預算比較總表","https://data.ntpc.gov.tw/datasets/5dc201e8-8242-46f9-b17d-0ebfff52f255","新北市政府主計處/公務預算科","不更新","財稅","公共資訊","JSON、CSV、XML","中文","1.100年度新北市總預算歲出政事別預算比較總表(經資門併計) 2.單位：新臺幣千元 3.完整資料詳參""新北市政府主計處網頁->總預算->100年度""(https://www.bas.ntpc.gov.tw/home.jsp?id=ae62173b3896f185&act=be4f48068b2b0031&dataserno=d7bc58f03a37bfb787205e21e4d69679)或電洽主計處查詢。"
"977C213C-80EE-4A86-994A-F6BD04470580","100年度新北市總預算歲入歲出簡明比較分析表","https://data.ntpc.gov.tw/datasets/977c213c-80ee-4a86-994a-f6bd04470580","新北市政府主計處/公務預算科","不更新","財稅","公共資訊","JSON、CSV、XML","中文","1.100年度新北市總預算歲入歲出簡明比較分析表 2.單位：新臺幣千元 3.完整資料詳參""新北市政府主計處網頁->總預算->100年度""(https://www.bas.ntpc.gov.tw/home.jsp?id=ae62173b3896f185&act=be4f48068b2b0031&dataserno=d7bc58f03a37bfb787205e21e4d69679)或電洽主計處查詢。"
"CC3F1F5A-ED19-418A-B229-1DD998801C1C","100年度新北市總預算歲出政事別預算總表","https://data.ntpc.gov.tw/datasets/cc3f1f5a-ed19-418a-b229-1dd998801c1c","新北市政府主計處/公務預算科","不更新","財稅","公共資訊","JSON、CSV、XML","中文","1.100年度新北市總預算案歲出政事別預算總表 2.單位：新臺幣千元 3.完整資料詳參""新北市政府主計處網頁->總預算->100年度""(https://www.bas.ntpc.gov.tw/home.jsp?id=ae62173b3896f185&act=be4f48068b2b0031&dataserno=d7bc58f03a37bfb787205e21e4d69679)或電洽主計處查詢。"
"24B66F1C-39B4-4EA2-95EF-822C7794CF4B","100年度新北市總預算歲出機關別預算比較總表","https://data.ntpc.gov.tw/datasets/24b66f1c-39b4-4ea2-95ef-822c7794cf4b","新北市政府主計處/公務預算科","不更新","財稅","公共資訊","JSON、CSV、XML","中文","1.100年度新北市總預算歲出機關別預算比較總表(經資門併計) 2.單位：新臺幣千元 3.完整資料詳參""新北市政府主計處網頁->總預算->100年度""(https://www.bas.ntpc.gov.tw/home.jsp?id=ae62173b3896f185&act=be4f48068b2b0031&dataserno=d7bc58f03a37bfb787205e21e4d69679)或電洽主計處查詢。"
"829BB595-37F3-43FF-BE39-2F7EC8EDD823","101年度新北市總預算收支簡明比較分析表","https://data.ntpc.gov.tw/datasets/829bb595-37f3-43ff-be39-2f7ec8edd823","新北市政府主計處/公務預算科","不更新","財稅","公共資訊","JSON、CSV、XML","中文","1.101年度新北市總預算收支簡明比較分析表 2.單位：新臺幣千元 3.完整資料詳參""""新北市政府主計處網頁->總預算->101年度""""(http://www.bas.ntpc.gov.tw/home.jsp?id=ae62173b3896f185&act=be4f48068b2b0031&dataserno=d7bc58f03a37bfb787205e21e4d69679)或電洽主計處查詢。"
"A2DEA418-6B0D-4DCC-832B-898145BA4EED","100年度新北市總預算歲出機關別預算總表","https://data.ntpc.gov.tw/datasets/a2dea418-6b0d-4dcc-832b-898145ba4eed","新北市政府主計處/公務預算科","不更新","財稅","公共資訊","JSON、CSV、XML","中文","1.100年度新北市總預算歲出機關別預算總表 2.單位：新臺幣千元 3.完整資料詳參""新北市政府主計處網頁->總預算->100年度""(https://www.bas.ntpc.gov.tw/home.jsp?id=ae62173b3896f185&act=be4f48068b2b0031&dataserno=d7bc58f03a37bfb787205e21e4d69679)或電洽主計處查詢。"
"426B46B7-0631-45D1-B72A-788E8350C527","101年度新北市總預算歲入來源別預算比較總表","https://data.ntpc.gov.tw/datasets/426b46b7-0631-45d1-b72a-788e8350c527","新北市政府主計處/公務預算科","不更新","財稅","公共資訊","JSON、CSV、XML","中文","1.101年度新北市總預算歲入來源別預算比較總表 2.單位：新臺幣千元 3.完整資料詳參""""新北市政府主計處網頁->總預算->101年度""""(http://www.bas.ntpc.gov.tw/home.jsp?id=ae62173b3896f185&act=be4f48068b2b0031&dataserno=d7bc58f03a37bfb787205e21e4d69679)或電洽主計處查詢。"
"A2991A5E-6FD1-4500-A8C6-E020FCA1EF45","101年度新北市總預算歲入來源別預算總表","https://data.ntpc.gov.tw/datasets/a2991a5e-6fd1-4500-a8c6-e020fca1ef45","新北市政府主計處/公務預算科","不更新","財稅","公共資訊","JSON、CSV、XML","中文","1.101年度新北市總預算歲入來源別預算總表 2.單位：新臺幣千元 3.完整資料詳參""""新北市政府主計處網頁->總預算->101年度""""(http://www.bas.ntpc.gov.tw/home.jsp?id=ae62173b3896f185&act=be4f48068b2b0031&dataserno=d7bc58f03a37bfb787205e21e4d69679)或電洽主計處查詢。"
"D1520F6B-5467-43D5-B1DD-94BFA4A2ABF8","101年度新北市總預算歲入歲出簡明比較分析表","https://data.ntpc.gov.tw/datasets/d1520f6b-5467-43d5-b1dd-94bfa4a2abf8","新北市政府主計處/公務預算科","不更新","財稅","公共資訊","JSON、CSV、XML","中文","1.101年度新北市總預算歲入歲出簡明比較分析表 2.單位：新臺幣千元 3.完整資料詳參""新北市政府主計處網頁->總預算->101年度""(http://www.bas.ntpc.gov.tw/home.jsp?id=ae62173b3896f185&act=be4f48068b2b0031&dataserno=d7bc58f03a37bfb787205e21e4d69679)或電洽主計處查詢。"
"5AAA1CF4-15E1-40D8-808A-026093EE54D8","101年度新北市總預算歲入歲出性質及餘絀簡明比較分析表","https://data.ntpc.gov.tw/datasets/5aaa1cf4-15e1-40d8-808a-026093ee54d8","新北市政府主計處/公務預算科","不更新","財稅","公共資訊","JSON、CSV、XML","中文","1.101年度新北市總預算歲入歲出性質及餘絀簡明比較分析表 2.單位：新臺幣千元 3.完整資料詳參""新北市政府主計處網頁->總預算->101年度""(http://www.bas.ntpc.gov.tw/home.jsp?id=ae62173b3896f185&act=be4f48068b2b0031&dataserno=d7bc58f03a37bfb787205e21e4d69679)或電洽主計處查詢。"
"D8D58988-B579-4040-A309-C014E7CF54C9","101年度新北市總預算歲出政事別預算比較總表","https://data.ntpc.gov.tw/datasets/d8d58988-b579-4040-a309-c014e7cf54c9","新北市政府主計處/公務預算科","不更新","財稅","公共資訊","JSON、CSV、XML","中文","1.101年度新北市總預算歲出政事別預算比較總表 2.單位：新臺幣千元 3.完整資料詳參""新北市政府主計處網頁->總預算->101年度""(http://www.bas.ntpc.gov.tw/home.jsp?id=ae62173b3896f185&act=be4f48068b2b0031&dataserno=d7bc58f03a37bfb787205e21e4d69679)或電洽主計處查詢。"
"837BA8C8-FC80-42AE-95E6-80F11FB1347A","101年度新北市總預算歲出政事別預算總表","https://data.ntpc.gov.tw/datasets/837ba8c8-fc80-42ae-95e6-80f11fb1347a","新北市政府主計處/公務預算科","不更新","財稅","公共資訊","JSON、CSV、XML","中文","1.101年度新北市總預算案歲出政事別預算總表 2.單位：新臺幣千元 3.完整資料詳參""新北市政府主計處網頁->總預算->101年度""(http://www.bas.ntpc.gov.tw/home.jsp?id=ae62173b3896f185&act=be4f48068b2b0031&dataserno=d7bc58f03a37bfb787205e21e4d69679)或電洽主計處查詢。"
"6066559D-4C3D-4A48-8AA5-A0331DAA77BA","101年度新北市總預算歲出機關別預算總表","https://data.ntpc.gov.tw/datasets/6066559d-4c3d-4a48-8aa5-a0331daa77ba","新北市政府主計處/公務預算科","不更新","財稅","公共資訊","JSON、CSV、XML","中文","1.101年度新北市總預算歲出機關別預算總表 2.單位：新臺幣千元 3.完整資料詳參""新北市政府主計處網頁->總預算->101年度""(http://www.bas.ntpc.gov.tw/home.jsp?id=ae62173b3896f185&act=be4f48068b2b0031&dataserno=d7bc58f03a37bfb787205e21e4d69679)或電洽主計處查詢。"
"3EAA564E-E75D-42C6-A39B-9E592A8E2F10","101年度新北市總預算歲出機關別預算比較總表","https://data.ntpc.gov.tw/datasets/3eaa564e-e75d-42c6-a39b-9e592a8e2f10","新北市政府主計處/公務預算科","不更新","財稅","公共資訊","JSON、CSV、XML","中文","1.101年度新北市總預算歲出機關別預算比較總表 2.單位：新臺幣千元 3.完整資料詳參""新北市政府主計處網頁->總預算->101年度""(http://www.bas.ntpc.gov.tw/home.jsp?id=ae62173b3896f185&act=be4f48068b2b0031&dataserno=d7bc58f03a37bfb787205e21e4d69679)或電洽主計處查詢。"
"300DD06C-674C-4CFC-AC52-BAD8AFA4564E","102年度新北市總預算收支簡明比較分析表","https://data.ntpc.gov.tw/datasets/300dd06c-674c-4cfc-ac52-bad8afa4564e","新北市政府主計處/公務預算科","不更新","財稅","公共資訊","JSON、CSV、XML","中文","1.102年度新北市總預算收支簡明比較分析表2.單位：新臺幣千元3.完整資料詳參""新北市政府主計處網頁->總預算->102年度""(https://www.bas.ntpc.gov.tw/home.jsp?id=ae62173b3896f185&act=be4f48068b2b0031&dataserno=d7bc58f03a37bfb704b84f8309c90832)或電洽主計處查詢。"
"A219B964-D385-4CC1-BB93-AC5F51AF3807","102年度新北市總預算歲入來源別預算總表","https://data.ntpc.gov.tw/datasets/a219b964-d385-4cc1-bb93-ac5f51af3807","新北市政府主計處/公務預算科","不更新","財稅","公共資訊","JSON、CSV、XML","中文","1.102年度新北市總預算歲入來源別預算總表2.單位：新臺幣千元3.完整資料詳參""新北市政府主計處網頁->總預算->102年度""(https://www.bas.ntpc.gov.tw/home.jsp?id=ae62173b3896f185&act=be4f48068b2b0031&dataserno=d7bc58f03a37bfb704b84f8309c90832)或電洽主計處查詢。"
"2DE983BE-70F0-4E50-9EF3-BE6CD0183C45","102年度新北市總預算歲入來源別預算比較總表（經資併計）","https://data.ntpc.gov.tw/datasets/2de983be-70f0-4e50-9ef3-be6cd0183c45","新北市政府主計處/公務預算科","不更新","財稅","公共資訊","JSON、CSV、XML","中文","1.102年度新北市總預算歲入來源別預算比較總表（經資併計）2.單位：新臺幣千元3.完整資料詳參""新北市政府主計處網頁->總預算->102年度""(https://www.bas.ntpc.gov.tw/home.jsp?id=ae62173b3896f185&act=be4f48068b2b0031&dataserno=d7bc58f03a37bfb704b84f8309c90832)或電洽主計處查詢。"
"BBB99DBB-5DDB-45DF-8082-C91DFC91D04F","102年度新北市總預算歲入歲出簡明比較分析表","https://data.ntpc.gov.tw/datasets/bbb99dbb-5ddb-45df-8082-c91dfc91d04f","新北市政府主計處/公務預算科","不更新","財稅","公共資訊","JSON、CSV、XML","中文","1.102年度新北市總預算歲入歲出簡明比較分析表2.單位：新臺幣千元3.完整資料詳參""新北市政府主計處網頁->總預算->102年度""(https://www.bas.ntpc.gov.tw/home.jsp?id=ae62173b3896f185&act=be4f48068b2b0031&dataserno=d7bc58f03a37bfb704b84f8309c90832)或電洽主計處查詢。"
"DF78B875-5F01-49BF-A8EA-57D40011C0CA","102年度新北市總預算歲入歲出性質及餘絀簡明比較分析表","https://data.ntpc.gov.tw/datasets/df78b875-5f01-49bf-a8ea-57d40011c0ca","新北市政府主計處/公務預算科","不更新","財稅","公共資訊","JSON、CSV、XML","中文","1.102年度新北市總預算歲入歲出性質及餘絀簡明比較分析表2.單位：新臺幣千元3.完整資料詳參""新北市政府主計處網頁->總預算->102年度""(https://www.bas.ntpc.gov.tw/home.jsp?id=ae62173b3896f185&act=be4f48068b2b0031&dataserno=d7bc58f03a37bfb704b84f8309c90832)或電洽主計處查詢。"
"49CFE53B-AA49-445E-BE93-DC05090DEF66","102年度新北市總預算歲出政事別預算總表","https://data.ntpc.gov.tw/datasets/49cfe53b-aa49-445e-be93-dc05090def66","新北市政府主計處/公務預算科","不更新","財稅","公共資訊","JSON、CSV、XML","中文","1.102年度新北市總預算歲出政事別預算總表2.單位：新臺幣千元3.完整資料詳參""新北市政府主計處網頁->總預算->102年度""(https://www.bas.ntpc.gov.tw/home.jsp?id=ae62173b3896f185&act=be4f48068b2b0031&dataserno=d7bc58f03a37bfb704b84f8309c90832)或電洽主計處查詢。"
"DDAF137A-3D74-4342-9568-BCFB390F7077","102年度新北市總預算歲出政事別預算比較總表（經資併計）","https://data.ntpc.gov.tw/datasets/ddaf137a-3d74-4342-9568-bcfb390f7077","新北市政府主計處/公務預算科","不更新","財稅","公共資訊","JSON、CSV、XML","中文","1.102年度新北市總預算歲出政事別預算比較總表（經資併計）2.單位：新臺幣千元3.完整資料詳參""新北市政府主計處網頁->總預算->102年度""(https://www.bas.ntpc.gov.tw/home.jsp?id=ae62173b3896f185&act=be4f48068b2b0031&dataserno=d7bc58f03a37bfb704b84f8309c90832)或電洽主計處查詢。"
"E8C9C0A0-173B-4E0D-9A31-1B8094E58898","102年度新北市總預算歲出機關別預算比較總表","https://data.ntpc.gov.tw/datasets/e8c9c0a0-173b-4e0d-9a31-1b8094e58898","新北市政府主計處/公務預算科","不更新","財稅","公共資訊","JSON、CSV、XML","中文","1.102年度新北市總預算歲出機關別預算比較總表2.單位：新臺幣千元3.完整資料詳參""新北市政府主計處網頁->總預算->102年度""(https://www.bas.ntpc.gov.tw/home.jsp?id=ae62173b3896f185&act=be4f48068b2b0031&dataserno=d7bc58f03a37bfb704b84f8309c90832)或電洽主計處查詢。"
"E8787770-D585-40E8-BBEB-A514E51C77EF","102年度新北市總預算歲出機關別預算總表","https://data.ntpc.gov.tw/datasets/e8787770-d585-40e8-bbeb-a514e51c77ef","新北市政府主計處/公務預算科","不更新","財稅","公共資訊","JSON、CSV、XML","中文","1.102年度新北市總預算歲出機關別預算總表2.單位：新臺幣千元3.完整資料詳參""新北市政府主計處網頁->總預算->102年度""(https://www.bas.ntpc.gov.tw/home.jsp?id=ae62173b3896f185&act=be4f48068b2b0031&dataserno=d7bc58f03a37bfb704b84f8309c90832)或電洽主計處查詢。"
"EE1B1B42-47D8-4DBF-911D-401365831F69","103年度新北市總預算收支簡明比較分析表","https://data.ntpc.gov.tw/datasets/ee1b1b42-47d8-4dbf-911d-401365831f69","新北市政府主計處/公務預算科","不更新","財稅","公共資訊","JSON、CSV、XML","中文","1.103年度新北市總預算收支簡明比較分析表2.單位：新臺幣千元3.完整資料詳參""新北市政府主計處網頁->總預算->103年度""(http://www.bas.ntpc.gov.tw/home.jsp?id=ae62173b3896f185&act=be4f48068b2b0031&dataserno=d7bc58f03a37bfb75eda0661cf265a6d)或電洽主計處查詢。"
"4EF1ED62-D4BB-468F-B86A-E4607225B0A7","103年度新北市總預算歲入來源別預算比較總表","https://data.ntpc.gov.tw/datasets/4ef1ed62-d4bb-468f-b86a-e4607225b0a7","新北市政府主計處/公務預算科","不更新","財稅","公共資訊","JSON、CSV、XML","中文","1.103年度新北市總預算歲入來源別預算比較總表2.單位：新臺幣千元3.完整資料詳參""新北市政府主計處網頁->總預算->103年度""(http://www.bas.ntpc.gov.tw/home.jsp?id=ae62173b3896f185&act=be4f48068b2b0031&dataserno=d7bc58f03a37bfb75eda0661cf265a6d)或電洽主計處查詢。"
"4F90E3C8-C776-4023-B849-251CFC1C6088","103年度新北市總預算歲入來源別預算總表","https://data.ntpc.gov.tw/datasets/4f90e3c8-c776-4023-b849-251cfc1c6088","新北市政府主計處/公務預算科","不更新","財稅","公共資訊","JSON、CSV、XML","中文","1.103年度新北市總預算歲入來源別預算總表2.單位：新臺幣千元3.完整資料詳參""新北市政府主計處網頁->總預算->103年度""(http://www.bas.ntpc.gov.tw/home.jsp?id=ae62173b3896f185&act=be4f48068b2b0031&dataserno=d7bc58f03a37bfb75eda0661cf265a6d)或電洽主計處查詢。"
"2F65FC44-4F87-4B6C-94EC-4C0D3FD91C90","103年度新北市總預算歲入歲出性質及餘絀簡明比較分析表","https://data.ntpc.gov.tw/datasets/2f65fc44-4f87-4b6c-94ec-4c0d3fd91c90","新北市政府主計處/公務預算科","不更新","財稅","公共資訊","JSON、CSV、XML","中文","1.103年度新北市總預算歲入歲出性質及餘絀簡明比較分析表2.單位：新臺幣千元3.完整資料詳參""新北市政府主計處網頁->總預算->103年度""(http://www.bas.ntpc.gov.tw/home.jsp?id=ae62173b3896f185&act=be4f48068b2b0031&dataserno=d7bc58f03a37bfb75eda0661cf265a6d)或電洽主計處查詢。"
"69703B12-AC50-41E5-AE72-4A8135062033","103年度新北市總預算歲入歲出簡明比較分析表","https://data.ntpc.gov.tw/datasets/69703b12-ac50-41e5-ae72-4a8135062033","新北市政府主計處/公務預算科","不更新","財稅","公共資訊","JSON、CSV、XML","中文","1.103年度新北市總預算歲入歲出簡明比較分析表2.單位：新臺幣千元3.完整資料詳參""新北市政府主計處網頁->總預算->103年度""(http://www.bas.ntpc.gov.tw/home.jsp?id=ae62173b3896f185&act=be4f48068b2b0031&dataserno=d7bc58f03a37bfb75eda0661cf265a6d)或電洽主計處查詢。"
"00D52F41-82D3-4A61-87FD-663ECBF0DBCB","103年度新北市總預算歲出政事別預算比較總表","https://data.ntpc.gov.tw/datasets/00d52f41-82d3-4a61-87fd-663ecbf0dbcb","新北市政府主計處/公務預算科","不更新","財稅","公共資訊","JSON、CSV、XML","中文","1.103年度新北市總預算歲出政事別預算比較總表2.單位：新臺幣千元3.完整資料詳參""新北市政府主計處網頁->總預算->103年度""(http://www.bas.ntpc.gov.tw/home.jsp?id=ae62173b3896f185&act=be4f48068b2b0031&dataserno=d7bc58f03a37bfb75eda0661cf265a6d)或電洽主計處查詢。"
"00FB8D69-FF10-46F2-B297-B32098A5AC18","103年度新北市總預算歲出政事別預算總表","https://data.ntpc.gov.tw/datasets/00fb8d69-ff10-46f2-b297-b32098a5ac18","新北市政府主計處/公務預算科","不更新","財稅","公共資訊","JSON、CSV、XML","中文","1.103年度新北市總預算歲出政事別預算總表2.單位：新臺幣千元3.完整資料詳參""新北市政府主計處網頁->總預算->103年度""(http://www.bas.ntpc.gov.tw/home.jsp?id=ae62173b3896f185&act=be4f48068b2b0031&dataserno=d7bc58f03a37bfb75eda0661cf265a6d)或電洽主計處查詢。"
"8214B98F-E49C-4F03-AC4D-E983AD847B71","103年度新北市總預算歲出機關別預算比較總表","https://data.ntpc.gov.tw/datasets/8214b98f-e49c-4f03-ac4d-e983ad847b71","新北市政府主計處/公務預算科","不更新","財稅","公共資訊","JSON、CSV、XML","中文","1.103年度新北市總預算歲出機關別預算比較總表2.單位：新臺幣千元3.完整資料詳參""新北市政府主計處網頁->總預算->103年度""(http://www.bas.ntpc.gov.tw/home.jsp?id=ae62173b3896f185&act=be4f48068b2b0031&dataserno=d7bc58f03a37bfb75eda0661cf265a6d)或電洽主計處查詢。"
"04A602B4-6330-428F-BFF5-7F81CB9824BC","103年度新北市總預算歲出機關別預算總表","https://data.ntpc.gov.tw/datasets/04a602b4-6330-428f-bff5-7f81cb9824bc","新北市政府主計處/公務預算科","不更新","財稅","公共資訊","JSON、CSV、XML","中文","1.103年度新北市總預算歲出機關別預算總表2.單位：新臺幣千元3.完整資料詳參""新北市政府主計處網頁->總預算->103年度""(http://www.bas.ntpc.gov.tw/home.jsp?id=ae62173b3896f185&act=be4f48068b2b0031&dataserno=d7bc58f03a37bfb75eda0661cf265a6d)或電洽主計處查詢。"
"F4DFFEB1-5FA4-4020-847D-5F1C762A79B9","104年度新北市總預算收支簡明比較分析表","https://data.ntpc.gov.tw/datasets/f4dffeb1-5fa4-4020-847d-5f1c762a79b9","新北市政府主計處/公務預算科","不更新","財稅","公共資訊","JSON、CSV、XML","中文","1.104年度新北市總預算收支簡明比較分析表。 2.單位：新臺幣千元。 3.完整資料詳參""新北市政府主計處網頁->總預算->104年度""(http://www.bas.ntpc.gov.tw/home.jsp?id=ae62173b3896f185&act=be4f48068b2b0031&dataserno=d7bc58f03a37bfb76b877b956b90ebf5)或電洽主計處查詢。"
"44A169C1-7112-4F85-ADDF-6880B40F6545","104年度新北市總預算歲入來源別預算比較總表","https://data.ntpc.gov.tw/datasets/44a169c1-7112-4f85-addf-6880b40f6545","新北市政府主計處/公務預算科","不更新","財稅","公共資訊","JSON、CSV、XML","中文","1.104年度新北市總預算歲入來源別預算比較總表。 2.單位：新臺幣千元。 3.完整資料詳參""新北市政府主計處網頁->總預算->104年度""(http://www.bas.ntpc.gov.tw/home.jsp?id=ae62173b3896f185&act=be4f48068b2b0031&dataserno=d7bc58f03a37bfb76b877b956b90ebf5)或電洽主計處查詢。"
"561A736C-41D1-403E-A457-11310304BC19","104年度新北市總預算歲入歲出性質及餘絀簡明比較分析表","https://data.ntpc.gov.tw/datasets/561a736c-41d1-403e-a457-11310304bc19","新北市政府主計處/公務預算科","不更新","財稅","公共資訊","JSON、CSV、XML","中文","1.104年度新北市總預算歲入歲出性質及餘絀簡明比較分析表。 2.單位：新臺幣千元。 3.完整資料詳參""新北市政府主計處網頁->總預算->104年度""(http://www.bas.ntpc.gov.tw/home.jsp?id=ae62173b3896f185&act=be4f48068b2b0031&dataserno=d7bc58f03a37bfb76b877b956b90ebf5)或電洽主計處查詢。"
"F2C688CA-97E5-418F-A860-F00C32282156","104年度新北市總預算歲入來源別預算總表","https://data.ntpc.gov.tw/datasets/f2c688ca-97e5-418f-a860-f00c32282156","新北市政府主計處/公務預算科","不更新","財稅","公共資訊","JSON、CSV、XML","中文","1.104年度新北市總預算歲入來源別預算總表。 2.單位：新臺幣千元。 3.完整資料詳參""新北市政府主計處網頁->總預算->104年度""(http://www.bas.ntpc.gov.tw/home.jsp?id=ae62173b3896f185&act=be4f48068b2b0031&dataserno=d7bc58f03a37bfb76b877b956b90ebf5)或電洽主計處查詢。"
"F304F5C2-450F-4481-8E92-568D5B2240CA","104年度新北市總預算歲入歲出簡明比較分析表","https://data.ntpc.gov.tw/datasets/f304f5c2-450f-4481-8e92-568d5b2240ca","新北市政府主計處/公務預算科","不更新","財稅","公共資訊","JSON、CSV、XML","中文","1.104年度新北市總預算歲入歲出簡明比較分析表。 2.單位：新臺幣千元。 3.完整資料詳參""新北市政府主計處網頁->總預算->104年度""(http://www.bas.ntpc.gov.tw/home.jsp?id=ae62173b3896f185&act=be4f48068b2b0031&dataserno=d7bc58f03a37bfb76b877b956b90ebf5)或電洽主計處查詢。"
"15A3BA72-B93B-4E5D-B33E-9CA935330EC6","104年度新北市總預算歲出政事別預算比較總表","https://data.ntpc.gov.tw/datasets/15a3ba72-b93b-4e5d-b33e-9ca935330ec6","新北市政府主計處/公務預算科","不更新","財稅","公共資訊","JSON、CSV、XML","中文","1.104年度新北市總預算歲出政事別預算比較總表。 2.單位：新臺幣千元。 3.完整資料詳參""新北市政府主計處網頁->總預算->104年度""(http://www.bas.ntpc.gov.tw/home.jsp?id=ae62173b3896f185&act=be4f48068b2b0031&dataserno=d7bc58f03a37bfb76b877b956b90ebf5)或電洽主計處查詢。"
"E150074B-1DDA-4CB3-B84E-94FBC0207E2F","104年度新北市總預算歲出機關別預算比較總表","https://data.ntpc.gov.tw/datasets/e150074b-1dda-4cb3-b84e-94fbc0207e2f","新北市政府主計處/公務預算科","不更新","財稅","公共資訊","JSON、CSV、XML","中文","1.104年度新北市總預算歲出機關別預算比較總表。 2.單位：新臺幣千元。 3.完整資料詳參""新北市政府主計處網頁->總預算->104年度""(http://www.bas.ntpc.gov.tw/home.jsp?id=ae62173b3896f185&act=be4f48068b2b0031&dataserno=d7bc58f03a37bfb76b877b956b90ebf5)或電洽主計處查詢。"
"C56662F9-8803-4F2F-8D22-05A44223BE13","104年度新北市總預算歲出政事別預算總表","https://data.ntpc.gov.tw/datasets/c56662f9-8803-4f2f-8d22-05a44223be13","新北市政府主計處/公務預算科","不更新","財稅","公共資訊","JSON、CSV、XML","中文","1.104年度新北市總預算歲出政事別預算總表。 2.單位：新臺幣千元。 3.完整資料詳參""新北市政府主計處網頁->總預算->104年度""(http://www.bas.ntpc.gov.tw/home.jsp?id=ae62173b3896f185&act=be4f48068b2b0031&dataserno=d7bc58f03a37bfb76b877b956b90ebf5)或電洽主計處查詢。"
"2868D01C-7234-4188-ABBB-9B3CBC162DE8","105年度新北市總預算基金別預算分析表","https://data.ntpc.gov.tw/datasets/2868d01c-7234-4188-abbb-9b3cbc162de8","新北市政府主計處/公務預算科","不更新","財稅","公共資訊","JSON、CSV、XML","中文","1.105年度新北市總預算基金別預算分析表。2.單位：新臺幣千元。3.各項欄位說明及完整資料詳參""新北市政府主計處網頁->總預算->105年度""(http://www.bas.ntpc.gov.tw/home.jsp?id=ae62173b3896f185&act=be4f48068b2b0031&dataserno=d7bc58f03a37bfb76439256448c2f68e)或電洽主計處查詢。"
"323AC011-CEB7-4EB0-8AC8-52CD2AA6C481","104年度新北市總預算歲出機關別預算總表","https://data.ntpc.gov.tw/datasets/323ac011-ceb7-4eb0-8ac8-52cd2aa6c481","新北市政府主計處/公務預算科","不更新","財稅","公共資訊","JSON、CSV、XML","中文","1.104年度新北市總預算歲出機關別預算總表。 2.單位：新臺幣千元。 3.完整資料詳參""新北市政府主計處網頁->總預算->104年度""(https://www.bas.ntpc.gov.tw/home.jsp?id=ae62173b3896f185&act=be4f48068b2b0031&dataserno=d7bc58f03a37bfb76b877b956b90ebf5)或電洽主計處查詢。"
"7684CC75-FDE6-4D9F-B011-23023247E8FC","105年度新北市總預算收支簡明比較分析表","https://data.ntpc.gov.tw/datasets/7684cc75-fde6-4d9f-b011-23023247e8fc","新北市政府主計處/公務預算科","不更新","財稅","公共資訊","JSON、CSV、XML","中文","1.105年度新北市總預算收支簡明比較分析表。2.單位：新臺幣千元。3.完整資料詳參""新北市政府主計處網頁->總預算->105年度""(http://www.bas.ntpc.gov.tw/home.jsp?id=ae62173b3896f185&act=be4f48068b2b0031&dataserno=d7bc58f03a37bfb76439256448c2f68e)或電洽主計處查詢。"
"1D1CF876-8AA7-4EC5-9C10-8D18A2C7C754","105年度新北市總預算歲入來源別預算比較總表","https://data.ntpc.gov.tw/datasets/1d1cf876-8aa7-4ec5-9c10-8d18a2c7c754","新北市政府主計處/公務預算科","不更新","財稅","公共資訊","JSON、CSV、XML","中文","1.105年度新北市總預算歲入來源別預算比較總表。2.單位：新臺幣千元。3.完整資料詳參""新北市政府主計處網頁->總預算->105年度""(http://www.bas.ntpc.gov.tw/home.jsp?id=ae62173b3896f185&act=be4f48068b2b0031&dataserno=d7bc58f03a37bfb76439256448c2f68e)或電洽主計處查詢。"
"D7881A36-BCA3-4EF8-8616-C33FFC7EFF77","105年度新北市總預算歲入來源別預算總表","https://data.ntpc.gov.tw/datasets/d7881a36-bca3-4ef8-8616-c33ffc7eff77","新北市政府主計處/公務預算科","不更新","財稅","公共資訊","JSON、CSV、XML","中文","1.105年度新北市總預算歲入來源別預算總表。2.單位：新臺幣千元。3.完整資料詳參""新北市政府主計處網頁->總預算->105年度""(http://www.bas.ntpc.gov.tw/home.jsp?id=ae62173b3896f185&act=be4f48068b2b0031&dataserno=d7bc58f03a37bfb76439256448c2f68e)或電洽主計處查詢。"
"A73FA410-793A-42C9-B84D-4FF756793939","105年度新北市總預算歲入歲出性質及餘絀簡明比較分析表","https://data.ntpc.gov.tw/datasets/a73fa410-793a-42c9-b84d-4ff756793939","新北市政府主計處/公務預算科","不更新","財稅","公共資訊","JSON、CSV、XML","中文","1.105年度新北市總預算歲入歲出性質及餘絀簡明比較分析表。2.單位：新臺幣千元；％。3.完整資料詳參""新北市政府主計處網頁->總預算->105年度""(http://www.bas.ntpc.gov.tw/home.jsp?id=ae62173b3896f185&act=be4f48068b2b0031&dataserno=d7bc58f03a37bfb76439256448c2f68e)或電洽主計處查詢。"
"1F0A06B3-4CD4-475E-A7FD-2C323F114F08","105年度新北市總預算歲入歲出簡明比較分析表","https://data.ntpc.gov.tw/datasets/1f0a06b3-4cd4-475e-a7fd-2c323f114f08","新北市政府主計處/公務預算科","不更新","財稅","公共資訊","JSON、CSV、XML","中文","1.105年度新北市總預算歲入歲出簡明比較分析表。2.單位：新臺幣千元；％。3.完整資料詳參""新北市政府主計處網頁->總預算->105年度""(http://www.bas.ntpc.gov.tw/home.jsp?id=ae62173b3896f185&act=be4f48068b2b0031&dataserno=d7bc58f03a37bfb76439256448c2f68e)或電洽主計處查詢。"
"E2B6126F-E040-4297-9AC6-AB94FD449BEB","105年度新北市總預算歲出政事別預算總表","https://data.ntpc.gov.tw/datasets/e2b6126f-e040-4297-9ac6-ab94fd449beb","新北市政府主計處/公務預算科","不更新","財稅","公共資訊","JSON、CSV、XML","中文","1.105年度新北市總預算歲出政事別預算總表。2.單位：新臺幣千元。3.完整資料詳參""新北市政府主計處網頁->總預算->105年度""(http://www.bas.ntpc.gov.tw/home.jsp?id=ae62173b3896f185&act=be4f48068b2b0031&dataserno=d7bc58f03a37bfb76439256448c2f68e)或電洽主計處查詢。"
"D2570218-3367-4B8A-B92C-215A343D8BE2","105年度新北市總預算歲出政事別預算比較總表","https://data.ntpc.gov.tw/datasets/d2570218-3367-4b8a-b92c-215a343d8be2","新北市政府主計處/公務預算科","不更新","財稅","公共資訊","JSON、CSV、XML","中文","1.105年度新北市總預算歲出政事別預算比較總表。2.單位：新臺幣千元。3.完整資料詳參""新北市政府主計處網頁->總預算->105年度""(http://www.bas.ntpc.gov.tw/home.jsp?id=ae62173b3896f185&act=be4f48068b2b0031&dataserno=d7bc58f03a37bfb76439256448c2f68e)或電洽主計處查詢。"
"8F0C388B-82AE-45D9-AB21-D9EE6910CC76","105年度新北市總預算歲出機關別預算總表","https://data.ntpc.gov.tw/datasets/8f0c388b-82ae-45d9-ab21-d9ee6910cc76","新北市政府主計處/公務預算科","不更新","財稅","公共資訊","JSON、CSV、XML","中文","1.105年度新北市總預算歲出機關別預算總表。2.單位：新臺幣千元。3.完整資料詳參""新北市政府主計處網頁->總預算->105年度""(http://www.bas.ntpc.gov.tw/home.jsp?id=ae62173b3896f185&act=be4f48068b2b0031&dataserno=d7bc58f03a37bfb76439256448c2f68e)或電洽主計處查詢。"
"6624497A-770D-4B64-9740-B17633A8C230","105年度新北市總預算歲出機關別預算比較總表","https://data.ntpc.gov.tw/datasets/6624497a-770d-4b64-9740-b17633a8c230","新北市政府主計處/公務預算科","不更新","財稅","公共資訊","JSON、CSV、XML","中文","1.105年度新北市總預算歲出機關別預算比較總表。2.單位：新臺幣千元。3.完整資料詳參""新北市政府主計處網頁->總預算->105年度""(http://www.bas.ntpc.gov.tw/home.jsp?id=ae62173b3896f185&act=be4f48068b2b0031&dataserno=d7bc58f03a37bfb76439256448c2f68e)或電洽主計處查詢。"
"7EC91A17-EDB7-461A-B93F-5EA5F6CB20A0","106年度新北市總預算基金別預算分析表","https://data.ntpc.gov.tw/datasets/7ec91a17-edb7-461a-b93f-5ea5f6cb20a0","新北市政府主計處/公務預算科","不更新","財稅","公共資訊","JSON、CSV、XML","中文","1.106年度新北市總預算基金別預算分析表2.單位：新臺幣千元3.完整資料詳參""新北市政府主計處網頁->總預算->106年度""(http://www.bas.ntpc.gov.tw/home.jsp?id=ae62173b3896f185&act=be4f48068b2b0031&dataserno=d7bc58f03a37bfb74afec6c9a5148d82)或電洽主計處查詢。"
"7A05D873-F770-40CD-B6DF-41704D9625D5","106年度新北市總預算歲入來源別預算比較總表","https://data.ntpc.gov.tw/datasets/7a05d873-f770-40cd-b6df-41704d9625d5","新北市政府主計處/公務預算科","不更新","財稅","公共資訊","JSON、CSV、XML","中文","1.106年度新北市總預算歲入來源別預算比較總表。2.單位：新臺幣千元。3.完整資料詳參""新北市政府主計處網頁->總預算->106年度""(http://www.bas.ntpc.gov.tw/home.jsp?id=ae62173b3896f185&act=be4f48068b2b0031&dataserno=d7bc58f03a37bfb74afec6c9a5148d82)或電洽主計處查詢。"
"77F0A000-E613-494A-BD50-C2944391F01C","106年度新北市總預算收支簡明比較分析表","https://data.ntpc.gov.tw/datasets/77f0a000-e613-494a-bd50-c2944391f01c","新北市政府主計處/公務預算科","不更新","財稅","公共資訊","JSON、CSV、XML","中文","1.106年度新北市總預算收支簡明比較分析表2.單位：新臺幣千元3.完整資料詳參""新北市政府主計處網頁->總預算->106年度""(http://www.bas.ntpc.gov.tw/home.jsp?id=ae62173b3896f185&act=be4f48068b2b0031&dataserno=d7bc58f03a37bfb74afec6c9a5148d82)或電洽主計處查詢。"
"17490A98-BA80-4FED-8C9D-EDC480ED1578","106年度新北市總預算歲入來源別預算總表","https://data.ntpc.gov.tw/datasets/17490a98-ba80-4fed-8c9d-edc480ed1578","新北市政府主計處/公務預算科","不更新","財稅","公共資訊","JSON、CSV、XML","中文","1.106年度新北市總預算歲入來源別預算總表2.單位：新臺幣千元。3.完整資料詳參""新北市政府主計處網頁->總預算->106年度""(http://www.bas.ntpc.gov.tw/home.jsp?id=ae62173b3896f185&act=be4f48068b2b0031&dataserno=d7bc58f03a37bfb74afec6c9a5148d82)或電洽主計處查詢。"
"78ADD86B-D114-4C5C-861A-33225CF5DE5B","106年度新北市總預算歲入歲出性質及餘絀簡明比較分析表","https://data.ntpc.gov.tw/datasets/78add86b-d114-4c5c-861a-33225cf5de5b","新北市政府主計處/公務預算科","不更新","財稅","公共資訊","JSON、CSV、XML","中文","1.106年度新北市總預算歲入歲出性質及餘絀簡明比較分析表。2.單位：新臺幣千元；％。3.完整資料詳參""新北市政府主計處網頁->總預算->106年度""(http://www.bas.ntpc.gov.tw/home.jsp?id=ae62173b3896f185&act=be4f48068b2b0031&dataserno=d7bc58f03a37bfb74afec6c9a5148d82)或電洽主計處查詢。"
"662E1461-8282-463F-849A-64EB1A4B64E3","106年度新北市總預算歲入歲出簡明比較分析表","https://data.ntpc.gov.tw/datasets/662e1461-8282-463f-849a-64eb1a4b64e3","新北市政府主計處/公務預算科","不更新","財稅","公共資訊","JSON、CSV、XML","中文","1.106年度新北市總預算歲入歲出簡明比較分析表。2.單位：新臺幣千元；％。3.完整資料詳參""新北市政府主計處網頁->總預算->106年度""(http://www.bas.ntpc.gov.tw/home.jsp?id=ae62173b3896f185&act=be4f48068b2b0031&dataserno=d7bc58f03a37bfb74afec6c9a5148d82)或電洽主計處查詢。"
"5EC40642-98A2-41FC-A2EA-0D1EEEA4B36F","106年度新北市總預算歲出政事別預算比較總表","https://data.ntpc.gov.tw/datasets/5ec40642-98a2-41fc-a2ea-0d1eeea4b36f","新北市政府主計處/公務預算科","不更新","財稅","公共資訊","JSON、CSV、XML","中文","1.106年度新北市總預算歲出政事別預算比較總表。2.單位：新臺幣千元。3.完整資料詳參""新北市政府主計處網頁->總預算->106年度""(http://www.bas.ntpc.gov.tw/home.jsp?id=ae62173b3896f185&act=be4f48068b2b0031&dataserno=d7bc58f03a37bfb74afec6c9a5148d82)或電洽主計處查詢。"
"66456D8F-CA2E-4E56-9C34-9D8BD451E7B5","106年度新北市總預算歲出政事別預算總表","https://data.ntpc.gov.tw/datasets/66456d8f-ca2e-4e56-9c34-9d8bd451e7b5","新北市政府主計處/公務預算科","不更新","財稅","公共資訊","JSON、CSV、XML","中文","1.106年度新北市總預算歲出政事別預算總表。2.單位：新臺幣千元。3.完整資料詳參""新北市政府主計處網頁->總預算->106年度""(http://www.bas.ntpc.gov.tw/home.jsp?id=ae62173b3896f185&act=be4f48068b2b0031&dataserno=d7bc58f03a37bfb74afec6c9a5148d82)或電洽主計處查詢。"
"AF8F9245-BBFB-4EA3-AAD0-2B953169769A","106年度新北市總預算歲出機關別預算比較總表","https://data.ntpc.gov.tw/datasets/af8f9245-bbfb-4ea3-aad0-2b953169769a","新北市政府主計處/公務預算科","不更新","財稅","公共資訊","JSON、CSV、XML","中文","1.106年度新北市總預算歲出機關別預算比較總表。2.單位：新臺幣千元。3.完整資料詳參""新北市政府主計處網頁->總預算->106年度""(http://www.bas.ntpc.gov.tw/home.jsp?id=ae62173b3896f185&act=be4f48068b2b0031&dataserno=d7bc58f03a37bfb74afec6c9a5148d82)或電洽主計處查詢。"
"642110D1-20B4-472C-A652-9795AA427620","106年度新北市總預算歲出機關別預算總表","https://data.ntpc.gov.tw/datasets/642110d1-20b4-472c-a652-9795aa427620","新北市政府主計處/公務預算科","不更新","財稅","公共資訊","JSON、CSV、XML","中文","1.106年度新北市總預算歲出機關別預算總表。2.單位：新臺幣千元。3.完整資料詳參""新北市政府主計處網頁->總預算->106年度""(http://www.bas.ntpc.gov.tw/home.jsp?id=ae62173b3896f185&act=be4f48068b2b0031&dataserno=d7bc58f03a37bfb74afec6c9a5148d82)或電洽主計處查詢。"
"5650CE80-99D6-4D3E-AFC9-08408324FC57","107年度新北市總預算收支簡明比較分析表","https://data.ntpc.gov.tw/datasets/5650ce80-99d6-4d3e-afc9-08408324fc57","新北市政府主計處/公務預算科","不更新","財稅","公共資訊","JSON、CSV、XML","中文","1.107年度新北市總預算收支簡明比較分析表2.單位：新臺幣千元3.完整資料詳參""新北市政府主計處網頁->總預算->107年度""(http://www.bas.ntpc.gov.tw/home.jsp?id=ae62173b3896f185&act=be4f48068b2b0031&dataserno=d7bc58f03a37bfb762017a683f714262)或電洽主計處查詢。"
"1A83B715-2C78-459E-BC9B-BA340B9E159F","107年度新北市總預算基金別預算分析表","https://data.ntpc.gov.tw/datasets/1a83b715-2c78-459e-bc9b-ba340b9e159f","新北市政府主計處/公務預算科","不更新","財稅","公共資訊","JSON、CSV、XML","中文","1.107年度新北市總預算基金別預算分析表2.單位：新臺幣千元3.完整資料詳參""新北市政府主計處網頁->總預算->107年度""(http://www.bas.ntpc.gov.tw/home.jsp?id=ae62173b3896f185&act=be4f48068b2b0031&dataserno=d7bc58f03a37bfb762017a683f714262)或電洽主計處查詢。"
"7CA7FD19-2A76-4D3B-8C5E-5CE0539894D7","107年度新北市總預算歲入來源別預算總表","https://data.ntpc.gov.tw/datasets/7ca7fd19-2a76-4d3b-8c5e-5ce0539894d7","新北市政府主計處/公務預算科","不更新","財稅","公共資訊","JSON、CSV、XML","中文","1.107年度新北市總預算歲入來源別預算總表2.單位：新臺幣千元3.完整資料詳參""新北市政府主計處網頁->總預算->107年度""(http://www.bas.ntpc.gov.tw/home.jsp?id=ae62173b3896f185&act=be4f48068b2b0031&dataserno=d7bc58f03a37bfb762017a683f714262)或電洽主計處查詢。"
"7BB5C429-4399-4922-803E-1C8091C4EF18","107年度新北市總預算歲入來源別預算比較總表（經資併計）","https://data.ntpc.gov.tw/datasets/7bb5c429-4399-4922-803e-1c8091c4ef18","新北市政府主計處/公務預算科","不更新","財稅","公共資訊","JSON、CSV、XML","中文","1.107年度新北市總預算歲入來源別預算比較總表（經資併計）2.單位：新臺幣千元3.完整資料詳參""新北市政府主計處網頁->總預算->107年度""(http://www.bas.ntpc.gov.tw/home.jsp?id=ae62173b3896f185&act=be4f48068b2b0031&dataserno=d7bc58f03a37bfb762017a683f714262)或電洽主計處查詢。"
"3125880B-9B7D-4DF4-B9F9-26A4C3CB99AC","107年度新北市總預算歲出政事別預算比較總表（經資併計）","https://data.ntpc.gov.tw/datasets/3125880b-9b7d-4df4-b9f9-26a4c3cb99ac","新北市政府主計處/公務預算科","不更新","財稅","公共資訊","JSON、CSV、XML","中文","1.107年度新北市總預算歲出政事別預算比較總表（經資併計）2.單位：新臺幣千元3.完整資料詳參""新北市政府主計處網頁->總預算->107年度""(http://www.bas.ntpc.gov.tw/home.jsp?id=ae62173b3896f185&act=be4f48068b2b0031&dataserno=d7bc58f03a37bfb762017a683f714262)或電洽主計處查詢。"
"925040A2-AA6C-4ACF-855B-4D297CAEBDFB","107年度新北市總預算歲入歲出性質及餘絀簡明比較分析表","https://data.ntpc.gov.tw/datasets/925040a2-aa6c-4acf-855b-4d297caebdfb","新北市政府主計處/公務預算科","不更新","財稅","公共資訊","JSON、CSV、XML","中文","1.107年度新北市總預算歲入歲出性質及餘絀簡明比較分析表2.單位：新臺幣千元3.完整資料詳參""新北市政府主計處網頁->總預算->107年度""(http://www.bas.ntpc.gov.tw/home.jsp?id=ae62173b3896f185&act=be4f48068b2b0031&dataserno=d7bc58f03a37bfb762017a683f714262)或電洽主計處查詢。"
"39F2E783-D6E7-42EA-A634-311C7CA2848B","107年度新北市總預算歲入歲出簡明比較分析表","https://data.ntpc.gov.tw/datasets/39f2e783-d6e7-42ea-a634-311c7ca2848b","新北市政府主計處/公務預算科","不更新","財稅","公共資訊","JSON、CSV、XML","中文","1.107年度新北市總預算歲入歲出簡明比較分析表2.單位：新臺幣千元3.完整資料詳參""新北市政府主計處網頁->總預算->107年度""(http://www.bas.ntpc.gov.tw/home.jsp?id=ae62173b3896f185&act=be4f48068b2b0031&dataserno=d7bc58f03a37bfb762017a683f714262)或電洽主計處查詢。"
"3946E0A8-207A-496B-B80A-AB216B4DE699","107年度新北市總預算歲出機關別預算比較總表","https://data.ntpc.gov.tw/datasets/3946e0a8-207a-496b-b80a-ab216b4de699","新北市政府主計處/公務預算科","不更新","財稅","公共資訊","JSON、CSV、XML","中文","1.107年度新北市總預算歲出機關別預算比較總表2.單位：新臺幣千元3.完整資料詳參""新北市政府主計處網頁->總預算->107年度""(http://www.bas.ntpc.gov.tw/home.jsp?id=ae62173b3896f185&act=be4f48068b2b0031&dataserno=d7bc58f03a37bfb762017a683f714262)或電洽主計處查詢。"
"3030B0C6-11A4-4803-8F67-7BF8BCEAC3E2","107年度新北市總預算歲出政事別預算總表","https://data.ntpc.gov.tw/datasets/3030b0c6-11a4-4803-8f67-7bf8bceac3e2","新北市政府主計處/公務預算科","不更新","財稅","公共資訊","JSON、CSV、XML","中文","1.107年度新北市總預算歲出政事別預算總表2.單位：新臺幣千元3.完整資料詳參""新北市政府主計處網頁->總預算->107年度""(https://www.bas.ntpc.gov.tw/home.jsp?id=ae62173b3896f185&act=be4f48068b2b0031&dataserno=d7bc58f03a37bfb762017a683f714262)或電洽主計處查詢。"
"2770FF1E-BA34-46B4-A313-1B5EF3216600","107年度新北市總預算歲出機關別預算總表","https://data.ntpc.gov.tw/datasets/2770ff1e-ba34-46b4-a313-1b5ef3216600","新北市政府主計處/公務預算科","不更新","財稅","公共資訊","JSON、CSV、XML","中文","1.107年度新北市總預算歲出機關別預算總表2.單位：新臺幣千元3.完整資料詳參""新北市政府主計處網頁->總預算->107年度""(http://www.bas.ntpc.gov.tw/home.jsp?id=ae62173b3896f185&act=be4f48068b2b0031&dataserno=d7bc58f03a37bfb762017a683f714262)或電洽主計處查詢。"
"3758B0C8-9B0A-4335-9AD3-3C951F1DEAE8","108年度新北市總預算收支簡明比較分析表","https://data.ntpc.gov.tw/datasets/3758b0c8-9b0a-4335-9ad3-3c951f1deae8","新北市政府主計處/公務預算科","不更新","財稅","公共資訊","JSON、CSV、XML","中文","1.108年度新北市總預算收支簡明比較分析表2.單位：新臺幣千元3.完整資料詳參""新北市政府主計處網頁->總預算->108年度""(https://www.bas.ntpc.gov.tw/home.jsp?id=ae62173b3896f185&act=be4f48068b2b0031&dataserno=d7bc58f03a37bfb75778095091369047)或電洽主計處查詢。"
"4B98DD87-DB45-4BD0-A1A1-A0572C4A15C7","108年度新北市總預算歲入來源別預算比較總表（經資門併計）","https://data.ntpc.gov.tw/datasets/4b98dd87-db45-4bd0-a1a1-a0572c4a15c7","新北市政府主計處/公務預算科","不更新","財稅","公共資訊","JSON、CSV、XML","中文","1.108年度新北市總預算歲入來源別預算比較總表（經資門併計）2.單位：新臺幣千元3.完整資料詳參""新北市政府主計處網頁->總預算->108年度""(https://www.bas.ntpc.gov.tw/home.jsp?id=ae62173b3896f185&act=be4f48068b2b0031&dataserno=d7bc58f03a37bfb75778095091369047)或電洽主計處查詢。"
"1156280A-2C57-4135-B602-F4FD156B0955","108年度新北市總預算基金別預算分析表","https://data.ntpc.gov.tw/datasets/1156280a-2c57-4135-b602-f4fd156b0955","新北市政府主計處/公務預算科","不更新","財稅","公共資訊","JSON、CSV、XML","中文","1.108年度新北市總預算基金別預算分析表2.單位：新臺幣千元3.完整資料詳參""新北市政府主計處網頁->總預算->108年度""(http://www.bas.ntpc.gov.tw/home.jsp?id=ae62173b3896f185&act=be4f48068b2b0031&dataserno=d7bc58f03a37bfb75778095091369047)或電洽主計處查詢。"
"1A3D2CF1-7361-4C2F-9CF3-2D08AE79F53F","108年度新北市總預算歲入來源別預算總表","https://data.ntpc.gov.tw/datasets/1a3d2cf1-7361-4c2f-9cf3-2d08ae79f53f","新北市政府主計處/公務預算科","不更新","財稅","公共資訊","JSON、CSV、XML","中文","1.108年度新北市總預算歲入來源別預算總表2.單位：新臺幣千元3.完整資料詳參""新北市政府主計處網頁->總預算->108年度""(https://www.bas.ntpc.gov.tw/home.jsp?id=ae62173b3896f185&act=be4f48068b2b0031&dataserno=d7bc58f03a37bfb75778095091369047)或電洽主計處查詢。"
"A5C29FF8-AD6C-4E2C-8C29-80DC7C462AAD","108年度新北市總預算歲入歲出性質及餘絀簡明比較分析表","https://data.ntpc.gov.tw/datasets/a5c29ff8-ad6c-4e2c-8c29-80dc7c462aad","新北市政府主計處/公務預算科","不更新","財稅","公共資訊","JSON、CSV、XML","中文","1.108年度新北市總預算歲入歲出性質及餘絀簡明比較分析表2.單位：新臺幣千元3.完整資料詳參""新北市政府主計處網頁->總預算->108年度""(https://www.bas.ntpc.gov.tw/home.jsp?id=ae62173b3896f185&act=be4f48068b2b0031&dataserno=d7bc58f03a37bfb75778095091369047)或電洽主計處查詢。"
"06449391-AA69-4854-9D9B-8FFB65219058","108年度新北市總預算歲出政事別預算總表","https://data.ntpc.gov.tw/datasets/06449391-aa69-4854-9d9b-8ffb65219058","新北市政府主計處/公務預算科","不更新","財稅","公共資訊","JSON、CSV、XML","中文","1.108年度新北市總預算歲出政事別預算總表2.單位：新臺幣千元3.完整資料詳參""新北市政府主計處網頁->總預算->108年度""(https://www.bas.ntpc.gov.tw/home.jsp?id=ae62173b3896f185&act=be4f48068b2b0031&dataserno=d7bc58f03a37bfb75778095091369047)或電洽主計處查詢。"
"2A1A260D-6087-46F2-9301-FF7BF21B57CB","108年度新北市總預算歲出政事別預算比較總表（經資門併計）","https://data.ntpc.gov.tw/datasets/2a1a260d-6087-46f2-9301-ff7bf21b57cb","新北市政府主計處/公務預算科","不更新","財稅","公共資訊","JSON、CSV、XML","中文","1.108年度新北市總預算歲出政事別預算比較總表（經資門併計）2.單位：新臺幣千元3.完整資料詳參""新北市政府主計處網頁->總預算->108年度""(https://www.bas.ntpc.gov.tw/home.jsp?id=ae62173b3896f185&act=be4f48068b2b0031&dataserno=d7bc58f03a37bfb75778095091369047)或電洽主計處查詢。"
"7B95D61B-65F5-4066-8D83-69EBD536B87F","108年度新北市總預算歲出機關別預算比較總表(經資門併計)","https://data.ntpc.gov.tw/datasets/7b95d61b-65f5-4066-8d83-69ebd536b87f","新北市政府主計處/公務預算科","不更新","財稅","公共資訊","JSON、CSV、XML","中文","1.108年度新北市總預算歲出機關別預算比較總表(經資門併計)2.單位：新臺幣千元3.完整資料詳參""新北市政府主計處網頁->總預算->108年度""(https://www.bas.ntpc.gov.tw/home.jsp?id=ae62173b3896f185&act=be4f48068b2b0031&dataserno=d7bc58f03a37bfb75778095091369047)或電洽主計處查詢。"
"8C75F4FA-38CA-46E0-AC8E-CC5863C7E903","108年度新北市總預算歲入歲出簡明比較分析表","https://data.ntpc.gov.tw/datasets/8c75f4fa-38ca-46e0-ac8e-cc5863c7e903","新北市政府主計處/公務預算科","不更新","財稅","公共資訊","JSON、CSV、XML","中文","1.108年度新北市總預算歲入歲出簡明比較分析表2.單位：新臺幣千元3.完整資料詳參""新北市政府主計處網頁->總預算->108年度""(https://www.bas.ntpc.gov.tw/home.jsp?id=ae62173b3896f185&act=be4f48068b2b0031&dataserno=d7bc58f03a37bfb75778095091369047)或電洽主計處查詢。"
"7EAABD01-4FC9-44C4-B8B6-87A654420E4C","108年度新北市總預算歲出機關別預算總表","https://data.ntpc.gov.tw/datasets/7eaabd01-4fc9-44c4-b8b6-87a654420e4c","新北市政府主計處/公務預算科","不更新","財稅","公共資訊","JSON、CSV、XML","中文","1.108年度新北市總預算歲出機關別預算總表2.單位：新臺幣千元3.完整資料詳參""新北市政府主計處網頁->總預算->108年度""(https://www.bas.ntpc.gov.tw/home.jsp?id=ae62173b3896f185&act=be4f48068b2b0031&dataserno=d7bc58f03a37bfb75778095091369047)或電洽主計處查詢。"
"9FBE5F38-59C1-457B-A0BB-38ABC12E7152","109年度新北市總預算基金別預算分析表","https://data.ntpc.gov.tw/datasets/9fbe5f38-59c1-457b-a0bb-38abc12e7152","新北市政府主計處/公務預算科","不更新","財稅","公共資訊","JSON、CSV、XML","中文","1.109年度新北市總預算基金別預算分析表2.單位：新臺幣千元3.完整資料詳參""新北市政府主計處網頁->總預算->109年度""(http://www.bas.ntpc.gov.tw/home.jsp?id=ae62173b3896f185&act=be4f48068b2b0031&dataserno=47b6038716d79694e604bd2ebb68280b)或電洽主計處查詢。"
"2095826F-188D-4847-B414-6C0C17F29219","109年度新北市總預算歲入來源別預算比較總表（經資門併計）","https://data.ntpc.gov.tw/datasets/2095826f-188d-4847-b414-6c0c17f29219","新北市政府主計處/公務預算科","不更新","財稅","公共資訊","JSON、CSV、XML","中文","1.109年度新北市總預算歲入來源別預算比較總表（經資門併計）2.單位：新臺幣千元3.完整資料詳參""新北市政府主計處網頁->總預算->109年度""(https://www.bas.ntpc.gov.tw/home.jsp?id=ae62173b3896f185&act=be4f48068b2b0031&dataserno=47b6038716d79694e604bd2ebb68280b)或電洽主計處查詢。"
"946BD32C-8269-43DE-9B6B-2F5D0209CEED","109年度新北市總預算收支簡明比較分析表","https://data.ntpc.gov.tw/datasets/946bd32c-8269-43de-9b6b-2f5d0209ceed","新北市政府主計處/公務預算科","不更新","財稅","公共資訊","JSON、CSV、XML","中文","1.109年度新北市總預算收支簡明比較分析表2.單位：新臺幣千元3.完整資料詳參""新北市政府主計處網頁->總預算->109年度""(https://www.bas.ntpc.gov.tw/home.jsp?id=ae62173b3896f185&act=be4f48068b2b0031&dataserno=47b6038716d79694e604bd2ebb68280b)或電洽主計處查詢。"
"766C6DAC-38AB-453C-88C7-34C2EC03FF16","109年度新北市總預算歲入來源別預算總表","https://data.ntpc.gov.tw/datasets/766c6dac-38ab-453c-88c7-34c2ec03ff16","新北市政府主計處/公務預算科","不更新","財稅","公共資訊","JSON、CSV、XML","中文","1.109年度新北市總預算歲入來源別預算總表2.單位：新臺幣千元3.完整資料詳參""新北市政府主計處網頁->總預算->109年度""(https://www.bas.ntpc.gov.tw/home.jsp?id=ae62173b3896f185&act=be4f48068b2b0031&dataserno=47b6038716d79694e604bd2ebb68280b)或電洽主計處查詢。"
"FB8D7E8C-16A0-4892-9F72-81044B048F75","109年度新北市總預算歲入歲出性質及餘絀簡明比較分析表","https://data.ntpc.gov.tw/datasets/fb8d7e8c-16a0-4892-9f72-81044b048f75","新北市政府主計處/公務預算科","不更新","財稅","公共資訊","JSON、CSV、XML","中文","1.109年度新北市總預算歲入歲出性質及餘絀簡明比較分析表2.單位：新臺幣千元3.完整資料詳參""新北市政府主計處網頁->總預算->109年度""(https://www.bas.ntpc.gov.tw/home.jsp?id=ae62173b3896f185&act=be4f48068b2b0031&dataserno=47b6038716d79694e604bd2ebb68280b)或電洽主計處查詢。"
"DF95660C-B40B-47B8-935C-C1BD11BEFF7A","109年度新北市總預算歲入歲出簡明比較分析表","https://data.ntpc.gov.tw/datasets/df95660c-b40b-47b8-935c-c1bd11beff7a","新北市政府主計處/公務預算科","不更新","財稅","公共資訊","JSON、CSV、XML","中文","1.109年度新北市總預算歲入歲出簡明比較分析表2.單位：新臺幣千元3.完整資料詳參""新北市政府主計處網頁->總預算->109年度""(https://www.bas.ntpc.gov.tw/home.jsp?id=ae62173b3896f185&act=be4f48068b2b0031&dataserno=47b6038716d79694e604bd2ebb68280b)或電洽主計處查詢。"
"BF50AD30-9BB8-48BA-AEFE-35032768758A","109年度新北市總預算歲出機關別預算比較總表(經資門併計)","https://data.ntpc.gov.tw/datasets/bf50ad30-9bb8-48ba-aefe-35032768758a","新北市政府主計處/公務預算科","不更新","財稅","公共資訊","JSON、CSV、XML","中文","1.109年度新北市總預算歲出機關別預算比較總表(經資門併計)2.單位：新臺幣千元3.完整資料詳參""新北市政府主計處網頁->總預算->109年度""(https://www.bas.ntpc.gov.tw/home.jsp?id=ae62173b3896f185&act=be4f48068b2b0031&dataserno=47b6038716d79694e604bd2ebb68280b)或電洽主計處查詢。"
"48D15437-D833-4D05-875A-DB5C1EF15F6A","109年度新北市總預算歲出政事別預算總表","https://data.ntpc.gov.tw/datasets/48d15437-d833-4d05-875a-db5c1ef15f6a","新北市政府主計處/公務預算科","不更新","財稅","公共資訊","JSON、CSV、XML","中文","1.109年度新北市總預算歲出政事別預算總表2.單位：新臺幣千元3.完整資料詳參""新北市政府主計處網頁->總預算->109年度""(https://www.bas.ntpc.gov.tw/home.jsp?id=ae62173b3896f185&act=be4f48068b2b0031&dataserno=47b6038716d79694e604bd2ebb68280b)或電洽主計處查詢。"
"A2218384-07BF-4C42-809B-A253D6D66ECC","109年度新北市總預算歲出政事別預算比較總表（經資門併計）","https://data.ntpc.gov.tw/datasets/a2218384-07bf-4c42-809b-a253d6d66ecc","新北市政府主計處/公務預算科","不更新","財稅","公共資訊","JSON、CSV、XML","中文","1.109年度新北市總預算歲出政事別預算比較總表（經資門併計）2.單位：新臺幣千元3.完整資料詳參""新北市政府主計處網頁->總預算->109年度""(https://www.bas.ntpc.gov.tw/home.jsp?id=ae62173b3896f185&act=be4f48068b2b0031&dataserno=47b6038716d79694e604bd2ebb68280b)或電洽主計處查詢。"
"1CCF6745-3A77-4B05-A1EF-F6BE574D1D70","110年度新北市總預算收支簡明比較分析表","https://data.ntpc.gov.tw/datasets/1ccf6745-3a77-4b05-a1ef-f6be574d1d70","新北市政府主計處/公務預算科","不更新","財稅","公共資訊","JSON、CSV、XML","中文","1.110年度新北市總預算收支簡明比較分析表 2.單位：新臺幣千元 3.完整資料詳參""新北市政府主計處網頁->總預算->110年度""(http://www.bas.ntpc.gov.tw/home.jsp?id=ae62173b3896f185&act=be4f48068b2b0031&dataserno=58f0f7bcef36bef33b078e6efd74a0b0)或電洽主計處查詢。"
"EC207AEC-64A6-47C3-A6EB-A9B349D60A28","109年度新北市總預算歲出機關別預算總表","https://data.ntpc.gov.tw/datasets/ec207aec-64a6-47c3-a6eb-a9b349d60a28","新北市政府主計處/公務預算科","不更新","財稅","公共資訊","JSON、CSV、XML","中文","1.109年度新北市總預算歲出機關別預算總表2.單位：新臺幣千元3.完整資料詳參""新北市政府主計處網頁->總預算->109年度""(https://www.bas.ntpc.gov.tw/home.jsp?id=ae62173b3896f185&act=be4f48068b2b0031&dataserno=47b6038716d79694e604bd2ebb68280b)或電洽主計處查詢。"
"1C667EAB-F788-4536-856D-7A23F251CDD5","110年度新北市總預算基金別預算分析表","https://data.ntpc.gov.tw/datasets/1c667eab-f788-4536-856d-7a23f251cdd5","新北市政府主計處/公務預算科","不更新","財稅","公共資訊","JSON、CSV、XML","中文","1.110年度新北市總預算基金別預算分析表 2.單位：新臺幣千元 3.完整資料詳參""新北市政府主計處網頁->總預算->110年度""(http://www.bas.ntpc.gov.tw/home.jsp?id=ae62173b3896f185&act=be4f48068b2b0031&dataserno=58f0f7bcef36bef33b078e6efd74a0b0)或電洽主計處查詢。"
"6F57E0EA-BCDD-4A86-8596-036637726B93","110年度新北市總預算歲入來源別預算比較總表（經資門併計）","https://data.ntpc.gov.tw/datasets/6f57e0ea-bcdd-4a86-8596-036637726b93","新北市政府主計處/公務預算科","不更新","財稅","公共資訊","JSON、CSV、XML","中文","1.110年度新北市總預算歲入來源別預算比較總表（經資門併計） 2.單位：新臺幣千元 3.完整資料詳參""新北市政府主計處網頁->總預算->110年度""(http://www.bas.ntpc.gov.tw/home.jsp?id=ae62173b3896f185&act=be4f48068b2b0031&dataserno=58f0f7bcef36bef33b078e6efd74a0b0)或電洽主計處查詢。"
"53331F1E-DE3D-4C01-B32F-A7AE57C045B2","110年度新北市總預算案歲出機關別預算比較總表(經資門併計)","https://data.ntpc.gov.tw/datasets/53331f1e-de3d-4c01-b32f-a7ae57c045b2","新北市政府主計處/公務預算科","不更新","財稅","公共資訊","JSON、CSV、XML","中文","1.110年度新北市總預算案歲出機關別預算比較總表(經資門併計) 2.單位：新臺幣千元 3.完整資料詳參""新北市政府主計處網頁->總預算->110年度""(http://www.bas.ntpc.gov.tw/home.jsp?id=ae62173b3896f185&act=be4f48068b2b0031&dataserno=58f0f7bcef36bef33b078e6efd74a0b0)或電洽主計處查詢。"
"E85B8EC5-1028-4D26-B29E-23FE1EF65036","110年度新北市總預算歲入來源別預算總表","https://data.ntpc.gov.tw/datasets/e85b8ec5-1028-4d26-b29e-23fe1ef65036","新北市政府主計處/公務預算科","不更新","財稅","公共資訊","JSON、CSV、XML","中文","1.110年度新北市總預算歲入來源別預算總表 2.單位：新臺幣千元 3.完整資料詳參""新北市政府主計處網頁->總預算->110年度""(http://www.bas.ntpc.gov.tw/home.jsp?id=ae62173b3896f185&act=be4f48068b2b0031&dataserno=58f0f7bcef36bef33b078e6efd74a0b0)或電洽主計處查詢。"
"928366A0-8757-4E04-9108-44926C6BAC84","110年度新北市總預算歲入歲出性質及餘絀簡明比較分析表","https://data.ntpc.gov.tw/datasets/928366a0-8757-4e04-9108-44926c6bac84","新北市政府主計處/公務預算科","不更新","財稅","公共資訊","JSON、CSV、XML","中文","1.110年度新北市總預算歲入歲出性質及餘絀簡明比較分析表 2.單位：新臺幣千元 3.完整資料詳參""新北市政府主計處網頁->總預算->110年度""(http://www.bas.ntpc.gov.tw/home.jsp?id=ae62173b3896f185&act=be4f48068b2b0031&dataserno=58f0f7bcef36bef33b078e6efd74a0b0)或電洽主計處查詢。"
"F1AFAEC6-5B0A-4BB0-A641-92C6FBECBE21","110年度新北市總預算歲出政事別預算比較總表（經資門併計）","https://data.ntpc.gov.tw/datasets/f1afaec6-5b0a-4bb0-a641-92c6fbecbe21","新北市政府主計處/公務預算科","不更新","財稅","公共資訊","JSON、CSV、XML","中文","1.110年度新北市總預算歲出政事別預算比較總表（經資門併計） 2.單位：新臺幣千元 3.完整資料詳參""新北市政府主計處網頁->總預算->110年度""(http://www.bas.ntpc.gov.tw/home.jsp?id=ae62173b3896f185&act=be4f48068b2b0031&dataserno=58f0f7bcef36bef33b078e6efd74a0b0)或電洽主計處查詢。"
"1F62EC82-AE0A-49F8-9A2D-37102DE90227","110年度新北市總預算歲入歲出簡明比較分析表","https://data.ntpc.gov.tw/datasets/1f62ec82-ae0a-49f8-9a2d-37102de90227","新北市政府主計處/公務預算科","不更新","財稅","公共資訊","JSON、CSV、XML","中文","1.110年度新北市總預算歲入歲出簡明比較分析表 2.單位：新臺幣千元 3.完整資料詳參""新北市政府主計處網頁->總預算->110年度""(http://www.bas.ntpc.gov.tw/home.jsp?id=ae62173b3896f185&act=be4f48068b2b0031&dataserno=58f0f7bcef36bef33b078e6efd74a0b0)或電洽主計處查詢。"
"508D2866-F1A6-4695-B6F8-18F1B854E801","111年度新北市總預算基金別預算分析表","https://data.ntpc.gov.tw/datasets/508d2866-f1a6-4695-b6f8-18f1b854e801","新北市政府主計處/公務預算科","不更新","財稅","公共資訊","JSON、CSV、XML","中文","1.111年度新北市總預算基金別預算分析表 2.單位：新臺幣千元 3.完整資料詳參""新北市政府主計處網頁->總預算->111年度""(https://www.bas.ntpc.gov.tw/home.jsp?id=ae62173b3896f185&act=be4f48068b2b0031&dataserno=c766aae3c6c934cba6bc94ef40b69574)或電洽主計處查詢。"
"E77645C0-25CD-45BC-B16C-A5D3602FB998","110年度新北市總預算歲出政事別預算總表","https://data.ntpc.gov.tw/datasets/e77645c0-25cd-45bc-b16c-a5d3602fb998","新北市政府主計處/公務預算科","不更新","財稅","公共資訊","JSON、CSV、XML","中文","1.110年度新北市總預算歲出政事別預算總表 2.單位：新臺幣千元 3.完整資料詳參""新北市政府主計處網頁->總預算->110年度""(http://www.bas.ntpc.gov.tw/home.jsp?id=ae62173b3896f185&act=be4f48068b2b0031&dataserno=58f0f7bcef36bef33b078e6efd74a0b0)或電洽主計處查詢。"
"4D2EE599-A82B-44BB-A3CA-93760FBF0B09","110年度新北市總預算歲出機關別預算總表","https://data.ntpc.gov.tw/datasets/4d2ee599-a82b-44bb-a3ca-93760fbf0b09","新北市政府主計處/公務預算科","不更新","財稅","公共資訊","JSON、CSV、XML","中文","1.110年度新北市總預算歲出機關別預算總表 2.單位：新臺幣千元 3.完整資料詳參""新北市政府主計處網頁->總預算->110年度""(http://www.bas.ntpc.gov.tw/home.jsp?id=ae62173b3896f185&act=be4f48068b2b0031&dataserno=58f0f7bcef36bef33b078e6efd74a0b0)或電洽主計處查詢。"
"8838EEFC-1BDF-433B-B2A7-B924B8372563","111年度新北市總預算歲入來源別預算比較總表（經資門併計）","https://data.ntpc.gov.tw/datasets/8838eefc-1bdf-433b-b2a7-b924b8372563","新北市政府主計處/公務預算科","不更新","財稅","公共資訊","JSON、CSV、XML","中文","1.111年度新北市總預算歲入來源別預算比較總表（經資門併計） 2.單位：新臺幣千元 3.完整資料詳參""新北市政府主計處網頁->總預算->111年度""(https://www.bas.ntpc.gov.tw/home.jsp?id=ae62173b3896f185&act=be4f48068b2b0031&dataserno=c766aae3c6c934cba6bc94ef40b69574)或電洽主計處查詢。"
"769C327B-D230-40A4-B21A-275CB0C6F271","111年度新北市總預算收支簡明比較分析表","https://data.ntpc.gov.tw/datasets/769c327b-d230-40a4-b21a-275cb0c6f271","新北市政府主計處/公務預算科","不更新","財稅","公共資訊","JSON、CSV、XML","中文","1.111年度新北市總預算收支簡明比較分析表 2.單位：新臺幣千元 3.完整資料詳參""新北市政府主計處網頁->總預算->111年度""(https://www.bas.ntpc.gov.tw/home.jsp?id=ae62173b3896f185&act=be4f48068b2b0031&dataserno=c766aae3c6c934cba6bc94ef40b69574)或電洽主計處查詢。"
"637BB30E-30D2-42C8-A6DF-222C5A36C92C","111年度新北市總預算歲入來源別預算總表","https://data.ntpc.gov.tw/datasets/637bb30e-30d2-42c8-a6df-222c5a36c92c","新北市政府主計處/公務預算科","不更新","財稅","公共資訊","JSON、CSV、XML","中文","1.111年度新北市總預算歲入來源別預算總表 2.單位：新臺幣千元 3.完整資料詳參""新北市政府主計處網頁->總預算->111年度""(https://www.bas.ntpc.gov.tw/home.jsp?id=ae62173b3896f185&act=be4f48068b2b0031&dataserno=c766aae3c6c934cba6bc94ef40b69574)或電洽主計處查詢。"
"4B51D10A-DD62-4678-B676-8F11CF917794","111年度新北市總預算歲出政事別預算比較總表（經資門併計）","https://data.ntpc.gov.tw/datasets/4b51d10a-dd62-4678-b676-8f11cf917794","新北市政府主計處/公務預算科","不更新","財稅","公共資訊","JSON、CSV、XML","中文","1.111年度新北市總預算歲出政事別預算比較總表（經資門併計） 2.單位：新臺幣千元 3.完整資料詳參""新北市政府主計處網頁->總預算->111年度""(https://www.bas.ntpc.gov.tw/home.jsp?id=ae62173b3896f185&act=be4f48068b2b0031&dataserno=c766aae3c6c934cba6bc94ef40b69574)或電洽主計處查詢。"
"3194E240-D7DE-4275-A231-078219C0F792","111年度新北市總預算歲入歲出簡明比較分析表","https://data.ntpc.gov.tw/datasets/3194e240-d7de-4275-a231-078219c0f792","新北市政府主計處/公務預算科","不更新","財稅","公共資訊","JSON、CSV、XML","中文","1.111年度新北市總預算歲入歲出簡明比較分析表 2.單位：新臺幣千元 3.完整資料詳參""新北市政府主計處網頁->總預算->111年度""(https://www.bas.ntpc.gov.tw/home.jsp?id=ae62173b3896f185&act=be4f48068b2b0031&dataserno=c766aae3c6c934cba6bc94ef40b69574)或電洽主計處查詢。"
"BB49C1FB-767C-4E65-AB27-2704B013552F","111年度新北市總預算歲出政事別預算總表","https://data.ntpc.gov.tw/datasets/bb49c1fb-767c-4e65-ab27-2704b013552f","新北市政府主計處/公務預算科","不更新","財稅","公共資訊","JSON、CSV、XML","中文","1.111年度新北市總預算歲出政事別預算總表 2.單位：新臺幣千元 3.完整資料詳參""新北市政府主計處網頁->總預算->111年度""(https://www.bas.ntpc.gov.tw/home.jsp?id=ae62173b3896f185&act=be4f48068b2b0031&dataserno=c766aae3c6c934cba6bc94ef40b69574)或電洽主計處查詢。"
"CE3CFE27-9CF2-4549-A56D-529AFA457E22","111年度新北市總預算歲入歲出性質及餘絀簡明比較分析表","https://data.ntpc.gov.tw/datasets/ce3cfe27-9cf2-4549-a56d-529afa457e22","新北市政府主計處/公務預算科","不更新","財稅","公共資訊","JSON、CSV、XML","中文","1.111年度新北市總預算歲入歲出性質及餘絀簡明比較分析表 2.單位：新臺幣千元 3.完整資料詳參""新北市政府主計處網頁->總預算->111年度""(https://www.bas.ntpc.gov.tw/home.jsp?id=ae62173b3896f185&act=be4f48068b2b0031&dataserno=c766aae3c6c934cba6bc94ef40b69574)或電洽主計處查詢。"
"320923D3-943D-4CAB-9BEB-DBFE6B7A7D47","111年度新北市總預算歲出機關別預算總表","https://data.ntpc.gov.tw/datasets/320923d3-943d-4cab-9beb-dbfe6b7a7d47","新北市政府主計處/公務預算科","不更新","財稅","公共資訊","JSON、CSV、XML","中文","1.111年度新北市總預算歲出機關別預算總表 2.單位：新臺幣千元 3.完整資料詳參""新北市政府主計處網頁->總預算->111年度""(https://www.bas.ntpc.gov.tw/home.jsp?id=ae62173b3896f185&act=be4f48068b2b0031&dataserno=c766aae3c6c934cba6bc94ef40b69574)或電洽主計處查詢。"
"C2DA377E-29AC-49EE-8390-8FC78334B961","111年度新北市總預算歲出機關別預算比較總表(經資門併計)","https://data.ntpc.gov.tw/datasets/c2da377e-29ac-49ee-8390-8fc78334b961","新北市政府主計處/公務預算科","不更新","財稅","公共資訊","JSON、CSV、XML","中文","1.111年度新北市總預算歲出機關別預算比較總表(經資門併計) 2.單位：新臺幣千元 3.完整資料詳參""新北市政府主計處網頁->總預算->111年度""(https://www.bas.ntpc.gov.tw/home.jsp?id=ae62173b3896f185&act=be4f48068b2b0031&dataserno=c766aae3c6c934cba6bc94ef40b69574)或電洽主計處查詢。"
"52D68DEA-BE47-4F9E-B00D-EB59E74B0F52","112年度新北市總預算收支簡明比較分析表","https://data.ntpc.gov.tw/datasets/52d68dea-be47-4f9e-b00d-eb59e74b0f52","新北市政府主計處/公務預算科","不更新","財稅","公共資訊","JSON、CSV、XML","中文","1.112年度新北市總預算收支簡明比較分析表 2.單位：新臺幣千元 3.完整資料詳參""新北市政府主計處網頁->總預算->112年度""(https://www.bas.ntpc.gov.tw/home.jsp?id=ae62173b3896f185&act=be4f48068b2b0031&dataserno=d765075a0801db82142e13f3f594ea62)或電洽主計處查詢。"
"03821C90-2815-486D-A401-22786D2ACC5A","112年度新北市總預算基金別預算分析表","https://data.ntpc.gov.tw/datasets/03821c90-2815-486d-a401-22786d2acc5a","新北市政府主計處/公務預算科","不更新","財稅","公共資訊","JSON、CSV、XML","中文","1.112年度新北市總預算基金別預算分析表 2.單位：新臺幣千元 3.完整資料詳參""新北市政府主計處網頁->總預算->112年度""(https://www.bas.ntpc.gov.tw/home.jsp?id=ae62173b3896f185&act=be4f48068b2b0031&dataserno=d765075a0801db82142e13f3f594ea62)或電洽主計處查詢。"
"8982B010-43DC-4AE1-8E0A-4618462ACE7C","112年度新北市總預算歲入來源別預算總表","https://data.ntpc.gov.tw/datasets/8982b010-43dc-4ae1-8e0a-4618462ace7c","新北市政府主計處/公務預算科","不更新","財稅","公共資訊","JSON、CSV、XML","中文","1.112年度新北市總預算歲入來源別預算總表 2.單位：新臺幣千元 3.完整資料詳參""新北市政府主計處網頁->總預算->112年度""(https://www.bas.ntpc.gov.tw/home.jsp?id=ae62173b3896f185&act=be4f48068b2b0031&dataserno=d765075a0801db82142e13f3f594ea62)或電洽主計處查詢。"
"A43939AA-D21F-4C14-8F1C-5FC92BCBBE35","112年度新北市總預算歲入來源別預算比較總表（經資門併計）","https://data.ntpc.gov.tw/datasets/a43939aa-d21f-4c14-8f1c-5fc92bcbbe35","新北市政府主計處/公務預算科","不更新","財稅","公共資訊","JSON、CSV、XML","中文","1.112年度新北市總預算歲入來源別預算比較總表（經資門併計） 2.單位：新臺幣千元 3.完整資料詳參""新北市政府主計處網頁->總預算->112年度""(https://www.bas.ntpc.gov.tw/home.jsp?id=ae62173b3896f185&act=be4f48068b2b0031&dataserno=d765075a0801db82142e13f3f594ea62)或電洽主計處查詢。"
"89DC8D5A-4545-4352-87A5-3087D1B3029D","112年度新北市總預算歲入歲出簡明比較分析表","https://data.ntpc.gov.tw/datasets/89dc8d5a-4545-4352-87a5-3087d1b3029d","新北市政府主計處/公務預算科","不更新","財稅","公共資訊","JSON、CSV、XML","中文","1.112年度新北市總預算歲入歲出簡明比較分析表 2.單位：新臺幣千元 3.完整資料詳參""新北市政府主計處網頁->總預算->112年度""(https://www.bas.ntpc.gov.tw/home.jsp?id=ae62173b3896f185&act=be4f48068b2b0031&dataserno=d765075a0801db82142e13f3f594ea62)或電洽主計處查詢。"
"CD604A0B-3FA7-4A7A-B12A-D4778CF06F55","112年度新北市總預算歲入歲出性質及餘絀簡明比較分析表","https://data.ntpc.gov.tw/datasets/cd604a0b-3fa7-4a7a-b12a-d4778cf06f55","新北市政府主計處/公務預算科","不更新","財稅","公共資訊","JSON、CSV、XML","中文","1.112年度新北市總預算歲入歲出性質及餘絀簡明比較分析表 2.單位：新臺幣千元 3.完整資料詳參""新北市政府主計處網頁->總預算->112年度""(https://www.bas.ntpc.gov.tw/home.jsp?id=ae62173b3896f185&act=be4f48068b2b0031&dataserno=d765075a0801db82142e13f3f594ea62)或電洽主計處查詢。"
"2A681721-1913-490F-94F3-20967B5AD66D","112年度新北市總預算歲出機關別預算總表","https://data.ntpc.gov.tw/datasets/2a681721-1913-490f-94f3-20967b5ad66d","新北市政府主計處/公務預算科","不更新","財稅","公共資訊","JSON、CSV、XML","中文","1.112年度新北市總預算歲出機關別預算總表 2.單位：新臺幣千元 3.完整資料詳參""新北市政府主計處網頁->總預算->112年度""(https://www.bas.ntpc.gov.tw/home.jsp?id=ae62173b3896f185&act=be4f48068b2b0031&dataserno=d765075a0801db82142e13f3f594ea62)或電洽主計處查詢。"
"C27990F0-BA8A-4B02-BA70-491D63B00FB0","112年度新北市總預算歲出機關別預算比較總表(經資門併計)","https://data.ntpc.gov.tw/datasets/c27990f0-ba8a-4b02-ba70-491d63b00fb0","新北市政府主計處/公務預算科","不更新","財稅","公共資訊","JSON、CSV、XML","中文","1.112年度新北市總預算歲出機關別預算比較總表(經資門併計) 2.單位：新臺幣千元 3.完整資料詳參""新北市政府主計處網頁->總預算->112年度""(https://www.bas.ntpc.gov.tw/home.jsp?id=ae62173b3896f185&act=be4f48068b2b0031&dataserno=d765075a0801db82142e13f3f594ea62)或電洽主計處查詢。"
"531E57FA-76C2-4024-872C-058D87AB1E83","112年度新北市總預算歲出政事別預算比較總表（經資門併計）","https://data.ntpc.gov.tw/datasets/531e57fa-76c2-4024-872c-058d87ab1e83","新北市政府主計處/公務預算科","不更新","財稅","公共資訊","JSON、CSV、XML","中文","1.112年度新北市總預算歲出政事別預算比較總表（經資門併計） 2.單位：新臺幣千元 3.完整資料詳參""新北市政府主計處網頁->總預算->112年度""(https://www.bas.ntpc.gov.tw/home.jsp?id=ae62173b3896f185&act=be4f48068b2b0031&dataserno=d765075a0801db82142e13f3f594ea62)或電洽主計處查詢。"
"EFDA422C-C256-4C89-BCB8-DEE60BCD5743","112年度新北市總預算歲出政事別預算總表","https://data.ntpc.gov.tw/datasets/efda422c-c256-4c89-bcb8-dee60bcd5743","新北市政府主計處/公務預算科","不更新","財稅","公共資訊","JSON、CSV、XML","中文","1.112年度新北市總預算歲出政事別預算總表 2.單位：新臺幣千元 3.完整資料詳參""新北市政府主計處網頁->總預算->112年度""(https://www.bas.ntpc.gov.tw/home.jsp?id=ae62173b3896f185&act=be4f48068b2b0031&dataserno=d765075a0801db82142e13f3f594ea62)或電洽主計處查詢。"
"11860CA3-5784-4FAB-A412-0E52F7DF09B9","113年度新北市總預算歲入來源別預算總表","https://data.ntpc.gov.tw/datasets/11860ca3-5784-4fab-a412-0e52f7df09b9","新北市政府主計處/公務預算科","不更新","財稅","公共資訊","JSON、CSV、XML","中文","1.113年度新北市總預算歲入來源別預算總表 2.單位：新臺幣千元 3.完整資料詳參""新北市政府主計處網頁->總預算->113年度""(https://www.bas.ntpc.gov.tw/home.jsp?id=ae62173b3896f185&act=be4f48068b2b0031&dataserno=b4d2864281d1d854c845a685908a707d)或電洽主計處查詢。"
"B8D6E784-DD9E-4730-A274-90D654FEAC65","113年度新北市總預算基金別預算分析表","https://data.ntpc.gov.tw/datasets/b8d6e784-dd9e-4730-a274-90d654feac65","新北市政府主計處/公務預算科","不更新","財稅","公共資訊","JSON、CSV、XML","中文","1.113年度新北市總預算基金別預算分析表 2.單位：新臺幣千元 3.完整資料詳參""新北市政府主計處網頁->總預算->113年度""(https://www.bas.ntpc.gov.tw/home.jsp?id=ae62173b3896f185&act=be4f48068b2b0031&dataserno=b4d2864281d1d854c845a685908a707d)或電洽主計處查詢。"
"997A2C83-6C1A-4416-8815-5BD8D5F06A67","113年度新北市總預算收支簡明比較分析表","https://data.ntpc.gov.tw/datasets/997a2c83-6c1a-4416-8815-5bd8d5f06a67","新北市政府主計處/公務預算科","不更新","財稅","公共資訊","JSON、CSV、XML","中文","1.113年度新北市總預算收支簡明比較分析表 2.單位：新臺幣千元 3.完整資料詳參""新北市政府主計處網頁->總預算->113年度""(https://www.bas.ntpc.gov.tw/home.jsp?id=ae62173b3896f185&act=be4f48068b2b0031&dataserno=b4d2864281d1d854c845a685908a707d)或電洽主計處查詢。"
"0155C4F1-09D2-46C1-843A-02E383F70B52","113年度新北市總預算歲入來源別預算比較總表（經資門併計)","https://data.ntpc.gov.tw/datasets/0155c4f1-09d2-46c1-843a-02e383f70b52","新北市政府主計處/公務預算科","不更新","財稅","公共資訊","JSON、CSV、XML","中文","1.113年度新北市總預算歲入來源別預算比較總表(經資門併計) 2.單位：新臺幣千元 3.完整資料詳參""新北市政府主計處網頁->總預算->113年度""(https://www.bas.ntpc.gov.tw/home.jsp?id=ae62173b3896f185&act=be4f48068b2b0031&dataserno=b4d2864281d1d854c845a685908a707d)或電洽主計處查詢。"
"925490A6-7128-4167-B45E-91B601D87517","113年度新北市總預算歲入歲出簡明比較分析表","https://data.ntpc.gov.tw/datasets/925490a6-7128-4167-b45e-91b601d87517","新北市政府主計處/公務預算科","不更新","財稅","公共資訊","JSON、CSV、XML","中文","1.113年度新北市總預算歲入歲出簡明比較分析表 2.單位：新臺幣千元 3.完整資料詳參""新北市政府主計處網頁->總預算->113年度""(https://www.bas.ntpc.gov.tw/home.jsp?id=ae62173b3896f185&act=be4f48068b2b0031&dataserno=b4d2864281d1d854c845a685908a707d)或電洽主計處查詢。"
"80A4C6F1-552E-40B7-A9AD-D6298138311E","113年度新北市總預算歲入歲出性質及餘絀簡明比較分析表","https://data.ntpc.gov.tw/datasets/80a4c6f1-552e-40b7-a9ad-d6298138311e","新北市政府主計處/公務預算科","不更新","財稅","公共資訊","JSON、CSV、XML","中文","1.113年度新北市總預算歲入歲出性質及餘絀簡明比較分析表 2.單位：新臺幣千元 3.完整資料詳參""新北市政府主計處網頁->總預算->113年度""(https://www.bas.ntpc.gov.tw/home.jsp?id=ae62173b3896f185&act=be4f48068b2b0031&dataserno=b4d2864281d1d854c845a685908a707d)或電洽主計處查詢。"
"7FB0B94E-BD47-44C5-8412-B673A456FB66","113年度新北市總預算歲出政事別預算總表","https://data.ntpc.gov.tw/datasets/7fb0b94e-bd47-44c5-8412-b673a456fb66","新北市政府主計處/公務預算科","不更新","財稅","公共資訊","JSON、CSV、XML","中文","1.113年度新北市總預算歲出政事別預算總表 2.單位：新臺幣千元 3.完整資料詳參""新北市政府主計處網頁->總預算->113年度""(https://www.bas.ntpc.gov.tw/home.jsp?id=ae62173b3896f185&act=be4f48068b2b0031&dataserno=b4d2864281d1d854c845a685908a707d)或電洽主計處查詢。"
"8A53EB19-B9B6-40FE-86A9-4D384BA3AD1B","113年度新北市總預算歲出政事別預算比較總表（經資門併計）","https://data.ntpc.gov.tw/datasets/8a53eb19-b9b6-40fe-86a9-4d384ba3ad1b","新北市政府主計處/公務預算科","不更新","財稅","公共資訊","JSON、CSV、XML","中文","1.113年度新北市總預算歲出政事別預算比較總表（經資門併計） 2.單位：新臺幣千元 3.完整資料詳參""新北市政府主計處網頁->總預算->113年度""(https://www.bas.ntpc.gov.tw/home.jsp?id=ae62173b3896f185&act=be4f48068b2b0031&dataserno=b4d2864281d1d854c845a685908a707d)或電洽主計處查詢。"
"8DABA09F-01DD-40B5-92E3-20B4D4F0CE57","114年度新北市總預算基金別預算分析表","https://data.ntpc.gov.tw/datasets/8daba09f-01dd-40b5-92e3-20b4d4f0ce57","新北市政府主計處/公務預算科","不更新","財稅","公共資訊","JSON、CSV、XML","中文","1.114年度新北市總預算基金別預算分析表 2.單位：新臺幣千元 3.完整資料詳參""新北市政府主計處網頁->總預算->114年度""(https://www.bas.ntpc.gov.tw/home.jsp?id=ae62173b3896f185&act=be4f48068b2b0031&dataserno=25ce5e1ffd4e3727f8c967a54a9e11db)或電洽主計處查詢。"
"5882727E-8A2B-4084-AC15-5D21474520EB","113年度新北市總預算歲出機關別預算總表","https://data.ntpc.gov.tw/datasets/5882727e-8a2b-4084-ac15-5d21474520eb","新北市政府主計處/公務預算科","不更新","財稅","公共資訊","JSON、CSV、XML","中文","1.113年度新北市總預算歲出機關別預算總表 2.單位：新臺幣千元 3.完整資料詳參""新北市政府主計處網頁->總預算->113年度""(https://www.bas.ntpc.gov.tw/home.jsp?id=ae62173b3896f185&act=be4f48068b2b0031&dataserno=b4d2864281d1d854c845a685908a707d)或電洽主計處查詢。"
"F525DCE0-7600-4632-BDDB-029B85025F17","113年度新北市總預算歲出機關別預算比較總表（經資門併計）","https://data.ntpc.gov.tw/datasets/f525dce0-7600-4632-bddb-029b85025f17","新北市政府主計處/公務預算科","不更新","財稅","公共資訊","JSON、CSV、XML","中文","1.113年度新北市總預算歲出機關別預算比較總表(經資門併計) 2.單位：新臺幣千元 3.完整資料詳參""新北市政府主計處網頁->總預算->113年度""(https://www.bas.ntpc.gov.tw/home.jsp?id=ae62173b3896f185&act=be4f48068b2b0031&dataserno=b4d2864281d1d854c845a685908a707d)或電洽主計處查詢。"
"70A4469B-A5E7-4A56-8DCF-0FBEAAC75D5A","114年度新北市總預算收支簡明比較分析表","https://data.ntpc.gov.tw/datasets/70a4469b-a5e7-4a56-8dcf-0fbeaac75d5a","新北市政府主計處/公務預算科","不更新","財稅","公共資訊","JSON、CSV、XML","中文","1.114年度新北市總預算收支簡明比較分析表 2.單位：新臺幣千元 3.完整資料詳參""新北市政府主計處網頁->總預算->114年度""(https://www.bas.ntpc.gov.tw/home.jsp?id=ae62173b3896f185&act=be4f48068b2b0031&dataserno=25ce5e1ffd4e3727f8c967a54a9e11db)或電洽主計處查詢。"
"5E38192D-2685-432B-AE44-F2DC0E8CDA7B","114年度新北市總預算案收支簡明比較分析表","https://data.ntpc.gov.tw/datasets/5e38192d-2685-432b-ae44-f2dc0e8cda7b","新北市政府主計處/公務預算科","不更新","財稅","公共資訊","JSON、CSV、XML","中文","1.114年度新北市總預算案收支簡明比較分析表 2.單位：新臺幣千元 3.完整資料詳參""新北市政府主計處網頁->總預算->114年度""(https://www.bas.ntpc.gov.tw/home.jsp?id=ae62173b3896f185&act=be4f48068b2b0031&dataserno=25ce5e1ffd4e3727f8c967a54a9e11db)或電洽主計處查詢。"
"FCA4628D-1410-435A-A426-13C47AC6EB18","114年度新北市總預算案基金別預算分析表","https://data.ntpc.gov.tw/datasets/fca4628d-1410-435a-a426-13c47ac6eb18","新北市政府主計處/公務預算科","不更新","財稅","公共資訊","JSON、CSV、XML","中文","1.114年度新北市總預算案基金別預算分析表 2.單位：新臺幣千元 3.完整資料詳參""新北市政府主計處網頁->總預算->114年度""(https://www.bas.ntpc.gov.tw/home.jsp?id=ae62173b3896f185&act=be4f48068b2b0031&dataserno=25ce5e1ffd4e3727f8c967a54a9e11db)或電洽主計處查詢。"
"0CA80B64-C7A8-4689-BFFA-ED61AF2A512F","114年度新北市總預算案歲入來源別預算比較總表（經資門併計）","https://data.ntpc.gov.tw/datasets/0ca80b64-c7a8-4689-bffa-ed61af2a512f","新北市政府主計處/公務預算科","不更新","財稅","公共資訊","JSON、CSV、XML","中文","1.114年度新北市總預算案歲入來源別預算比較總表(經資門併計) 2.單位：新臺幣千元 3.完整資料詳參""新北市政府主計處網頁->總預算->114年度""(https://www.bas.ntpc.gov.tw/home.jsp?id=ae62173b3896f185&act=be4f48068b2b0031&dataserno=25ce5e1ffd4e3727f8c967a54a9e11db)或電洽主計處查詢。"
"6BE2118B-AFFA-4746-A5D8-08260369C763","114年度新北市總預算案歲入來源別預算總表","https://data.ntpc.gov.tw/datasets/6be2118b-affa-4746-a5d8-08260369c763","新北市政府主計處/公務預算科","不更新","財稅","公共資訊","JSON、CSV、XML","中文","1.114年度新北市總預算案歲入來源別預算總表 2.單位：新臺幣千元 3.完整資料詳參""新北市政府主計處網頁->總預算->114年度""(https://www.bas.ntpc.gov.tw/home.jsp?id=ae62173b3896f185&act=be4f48068b2b0031&dataserno=25ce5e1ffd4e3727f8c967a54a9e11db)或電洽主計處查詢。"
"96B40F32-1A4C-4F31-8658-76F5F7162BD9","114年度新北市總預算案歲入歲出性質及餘絀簡明比較分析表","https://data.ntpc.gov.tw/datasets/96b40f32-1a4c-4f31-8658-76f5f7162bd9","新北市政府主計處/公務預算科","不更新","財稅","公共資訊","JSON、CSV、XML","中文","1.114年度新北市總預算案歲入歲出性質及餘絀簡明比較分析表 2.單位：新臺幣千元 3.完整資料詳參""新北市政府主計處網頁->總預算->114年度""(https://www.bas.ntpc.gov.tw/home.jsp?id=ae62173b3896f185&act=be4f48068b2b0031&dataserno=25ce5e1ffd4e3727f8c967a54a9e11db)或電洽主計處查詢。"
"35E5B42E-840B-4F64-9C52-A08BF6BD2506","114年度新北市總預算案歲出政事別預算比較總表（經資門併計）","https://data.ntpc.gov.tw/datasets/35e5b42e-840b-4f64-9c52-a08bf6bd2506","新北市政府主計處/公務預算科","不更新","財稅","公共資訊","JSON、CSV、XML","中文","1.114年度新北市總預算案歲出政事別預算比較總表（經資門併計） 2.單位：新臺幣千元 3.完整資料詳參""新北市政府主計處網頁->總預算->114年度""(https://www.bas.ntpc.gov.tw/home.jsp?id=ae62173b3896f185&act=be4f48068b2b0031&dataserno=25ce5e1ffd4e3727f8c967a54a9e11db)或電洽主計處查詢。"
"DF7FB67F-80F8-4727-87F7-CA0B8D2791E0","114年度新北市總預算案歲出政事別預算總表","https://data.ntpc.gov.tw/datasets/df7fb67f-80f8-4727-87f7-ca0b8d2791e0","新北市政府主計處/公務預算科","不更新","財稅","公共資訊","JSON、CSV、XML","中文","1.114年度新北市總預算案歲出政事別預算總表 2.單位：新臺幣千元 3.完整資料詳參""新北市政府主計處網頁->總預算->114年度""(https://www.bas.ntpc.gov.tw/home.jsp?id=ae62173b3896f185&act=be4f48068b2b0031&dataserno=25ce5e1ffd4e3727f8c967a54a9e11db)或電洽主計處查詢。"
"94FED482-8384-4A9C-BE8D-E5E03E65C85A","114年度新北市總預算案歲入歲出簡明比較分析表","https://data.ntpc.gov.tw/datasets/94fed482-8384-4a9c-be8d-e5e03e65c85a","新北市政府主計處/公務預算科","不更新","財稅","公共資訊","JSON、CSV、XML","中文","1.114年度新北市總預算案歲入歲出簡明比較分析表 2.單位：新臺幣千元 3.完整資料詳參""新北市政府主計處網頁->總預算->114年度""(https://www.bas.ntpc.gov.tw/home.jsp?id=ae62173b3896f185&act=be4f48068b2b0031&dataserno=25ce5e1ffd4e3727f8c967a54a9e11db)或電洽主計處查詢。"
"6DB8E2DF-EADF-4F36-83EC-DF281A7DAEFB","114年度新北市總預算案歲出機關別預算比較總表(經資門併計)","https://data.ntpc.gov.tw/datasets/6db8e2df-eadf-4f36-83ec-df281a7daefb","新北市政府主計處/公務預算科","不更新","財稅","公共資訊","JSON、CSV、XML","中文","1.114年度新北市總預算案歲出機關別預算比較總表(經資門併計) 2.單位：新臺幣千元 3.完整資料詳參""新北市政府主計處網頁->總預算->114年度""(https://www.bas.ntpc.gov.tw/home.jsp?id=ae62173b3896f185&act=be4f48068b2b0031&dataserno=25ce5e1ffd4e3727f8c967a54a9e11db)或電洽主計處查詢。"
"9F7BD08F-D0E7-4660-A21D-926996867460","114年度新北市總預算案歲出機關別預算總表","https://data.ntpc.gov.tw/datasets/9f7bd08f-d0e7-4660-a21d-926996867460","新北市政府主計處/公務預算科","不更新","財稅","公共資訊","JSON、CSV、XML","中文","1.114年度新北市總預算案歲出機關別預算總表 2.單位：新臺幣千元 3.完整資料詳參""新北市政府主計處網頁->總預算->114年度""(https://www.bas.ntpc.gov.tw/home.jsp?id=ae62173b3896f185&act=be4f48068b2b0031&dataserno=25ce5e1ffd4e3727f8c967a54a9e11db)或電洽主計處查詢。"
"99DC97D4-346B-4BD2-9C30-15C4ABD2D942","114年度新北市總預算歲入來源別預算比較總表(經資門併計)","https://data.ntpc.gov.tw/datasets/99dc97d4-346b-4bd2-9c30-15c4abd2d942","新北市政府主計處/公務預算科","不更新","財稅","公共資訊","JSON、CSV、XML","中文","1.114年度新北市總預算歲入來源別預算比較總表(經資門併計) 2.單位：新臺幣千元 3.完整資料詳參""新北市政府主計處網頁->總預算->114年度""(https://www.bas.ntpc.gov.tw/home.jsp?id=ae62173b3896f185&act=be4f48068b2b0031&dataserno=25ce5e1ffd4e3727f8c967a54a9e11db)或電洽主計處查詢。"
"A5B10D6A-CA1A-44AB-8572-698AAF530F29","114年度新北市總預算歲入來源別預算總表","https://data.ntpc.gov.tw/datasets/a5b10d6a-ca1a-44ab-8572-698aaf530f29","新北市政府主計處/公務預算科","不更新","財稅","公共資訊","JSON、CSV、XML","中文","1.114年度新北市總預算歲入來源別預算總表 2.單位：新臺幣千元 3.完整資料詳參""新北市政府主計處網頁->總預算->114年度""(https://www.bas.ntpc.gov.tw/home.jsp?id=ae62173b3896f185&act=be4f48068b2b0031&dataserno=25ce5e1ffd4e3727f8c967a54a9e11db)或電洽主計處查詢。"
"030C4AB6-8722-441E-8F21-279A4D9D2546","114年度新北市總預算歲出政事別預算總表","https://data.ntpc.gov.tw/datasets/030c4ab6-8722-441e-8f21-279a4d9d2546","新北市政府主計處/公務預算科","不更新","財稅","公共資訊","JSON、CSV、XML","中文","1.114年度新北市總預算歲出政事別預算總表 2.單位：新臺幣千元 3.完整資料詳參""新北市政府主計處網頁->總預算->114年度""(https://www.bas.ntpc.gov.tw/home.jsp?id=ae62173b3896f185&act=be4f48068b2b0031&dataserno=25ce5e1ffd4e3727f8c967a54a9e11db)或電洽主計處查詢。"
"BBAEEA49-196C-4489-A73D-A4CED5D399B2","114年度新北市總預算歲出政事別預算比較總表（經資門併計）","https://data.ntpc.gov.tw/datasets/bbaeea49-196c-4489-a73d-a4ced5d399b2","新北市政府主計處/公務預算科","不更新","財稅","公共資訊","JSON、CSV、XML","中文","1.114年度新北市總預算歲出政事別預算比較總表（經資門併計） 2.單位：新臺幣千元 3.完整資料詳參""新北市政府主計處網頁->總預算->114年度""(https://www.bas.ntpc.gov.tw/home.jsp?id=ae62173b3896f185&act=be4f48068b2b0031&dataserno=25ce5e1ffd4e3727f8c967a54a9e11db)或電洽主計處查詢。"
"342818CA-3282-4F54-9D6D-6CA9ABE95350","114年度新北市總預算歲入歲出簡明比較分析表","https://data.ntpc.gov.tw/datasets/342818ca-3282-4f54-9d6d-6ca9abe95350","新北市政府主計處/公務預算科","不更新","財稅","公共資訊","JSON、CSV、XML","中文","1.114年度新北市總預算歲入歲出簡明比較分析表 2.單位：新臺幣千元 3.完整資料詳參""新北市政府主計處網頁->總預算->114年度""(https://www.bas.ntpc.gov.tw/home.jsp?id=ae62173b3896f185&act=be4f48068b2b0031&dataserno=25ce5e1ffd4e3727f8c967a54a9e11db)或電洽主計處查詢。"
"C55AB421-8F71-4161-95AF-F2E3FD871D9F","114年度新北市總預算歲入歲出性質及餘絀簡明比較分析表","https://data.ntpc.gov.tw/datasets/c55ab421-8f71-4161-95af-f2e3fd871d9f","新北市政府主計處/公務預算科","不更新","財稅","公共資訊","JSON、CSV、XML","中文","1.114年度新北市總預算歲入歲出性質及餘絀簡明比較分析表 2.單位：新臺幣千元 3.完整資料詳參""新北市政府主計處網頁->總預算->114年度""(https://www.bas.ntpc.gov.tw/home.jsp?id=ae62173b3896f185&act=be4f48068b2b0031&dataserno=25ce5e1ffd4e3727f8c967a54a9e11db)或電洽主計處查詢。"
"620012B8-4922-42AB-B62E-F781415B1B54","115年度新北市總預算案基金別預算分析表","https://data.ntpc.gov.tw/datasets/620012b8-4922-42ab-b62e-f781415b1b54","新北市政府主計處/公務預算科","不更新","財稅","公共資訊","JSON、CSV、XML","中文","1.115年度新北市總預算案基金別預算分析表 2.單位：新臺幣千元 3.完整資料詳參""新北市政府主計處網頁->總預算->115年度""(https://www.bas.ntpc.gov.tw/home.jsp?id=ae62173b3896f185&act=be4f48068b2b0031&dataserno=2e510b566b47a2778d18f1e3b185c784)或電洽主計處查詢。"
"8FB69456-6DFF-459A-9343-82C586C46C3B","114年度新北市總預算歲出機關別預算比較總表(經資門併計)","https://data.ntpc.gov.tw/datasets/8fb69456-6dff-459a-9343-82c586c46c3b","新北市政府主計處/公務預算科","不更新","財稅","公共資訊","JSON、CSV、XML","中文","1.114年度新北市總預算歲出機關別預算比較總表(經資門併計) 2.單位：新臺幣千元 3.完整資料詳參""新北市政府主計處網頁->總預算->114年度""(https://www.bas.ntpc.gov.tw/home.jsp?id=ae62173b3896f185&act=be4f48068b2b0031&dataserno=25ce5e1ffd4e3727f8c967a54a9e11db)或電洽主計處查詢。"
"5ED66A76-E58C-4D83-A39C-5B05407263D9","115年度新北市總預算案收支簡明比較分析表","https://data.ntpc.gov.tw/datasets/5ed66a76-e58c-4d83-a39c-5b05407263d9","新北市政府主計處/公務預算科","不更新","財稅","公共資訊","JSON、CSV、XML","中文","1.115年度新北市總預算案收支簡明比較分析表 2.單位：新臺幣千元 3.完整資料詳參""新北市政府主計處網頁->總預算->115年度""(https://www.bas.ntpc.gov.tw/home.jsp?id=ae62173b3896f185&act=be4f48068b2b0031&dataserno=2e510b566b47a2778d18f1e3b185c784)或電洽主計處查詢。"
"FEB1AEB7-F2DC-4552-9DF8-C7750BC9CBC9","114年度新北市總預算歲出機關別預算總表","https://data.ntpc.gov.tw/datasets/feb1aeb7-f2dc-4552-9df8-c7750bc9cbc9","新北市政府主計處/公務預算科","不更新","財稅","公共資訊","JSON、CSV、XML","中文","1.114年度新北市總預算歲出機關別預算總表 2.單位：新臺幣千元 3.完整資料詳參""新北市政府主計處網頁->總預算->114年度""(https://www.bas.ntpc.gov.tw/home.jsp?id=ae62173b3896f185&act=be4f48068b2b0031&dataserno=25ce5e1ffd4e3727f8c967a54a9e11db)或電洽主計處查詢。"
"6CFC9760-3AAC-424D-BBFC-BDAEBC82C9B2","115年度新北市總預算案歲入歲出簡明比較分析表","https://data.ntpc.gov.tw/datasets/6cfc9760-3aac-424d-bbfc-bdaebc82c9b2","新北市政府主計處/公務預算科","不更新","財稅","公共資訊","JSON、CSV、XML","中文","1.115年度新北市總預算案歲入歲出簡明比較分析表 2.單位：新臺幣千元 3.完整資料詳參""新北市政府主計處網頁->總預算->115年度""(https://www.bas.ntpc.gov.tw/home.jsp?id=ae62173b3896f185&act=be4f48068b2b0031&dataserno=2e510b566b47a2778d18f1e3b185c784)或電洽主計處查詢。"
"C2DCFEDD-2A38-4456-967D-8F5BC591DB21","115年度新北市總預算案歲入來源別預算比較總表（經資門併計）","https://data.ntpc.gov.tw/datasets/c2dcfedd-2a38-4456-967d-8f5bc591db21","新北市政府主計處/公務預算科","不更新","財稅","公共資訊","JSON、CSV、XML","中文","1.115年度新北市總預算案歲入來源別預算比較總表(經資門併計) 2.單位：新臺幣千元 3.完整資料詳參""新北市政府主計處網頁->總預算->115年度""(https://www.bas.ntpc.gov.tw/home.jsp?id=ae62173b3896f185&act=be4f48068b2b0031&dataserno=2e510b566b47a2778d18f1e3b185c784)或電洽主計處查詢。"
"C7924850-46B5-4CEB-B002-3999FD5D92E3","115年度新北市總預算案歲入歲出性質及餘絀簡明比較分析表","https://data.ntpc.gov.tw/datasets/c7924850-46b5-4ceb-b002-3999fd5d92e3","新北市政府主計處/公務預算科","不更新","財稅","公共資訊","JSON、CSV、XML","中文","1.115年度新北市總預算案歲入歲出性質及餘絀簡明比較分析表 2.單位：新臺幣千元 3.完整資料詳參""新北市政府主計處網頁->總預算->115年度""(https://www.bas.ntpc.gov.tw/home.jsp?id=ae62173b3896f185&act=be4f48068b2b0031&dataserno=2e510b566b47a2778d18f1e3b185c784)或電洽主計處查詢。"
"87549DFA-01F6-458C-833B-1CEF4F032C55","115年度新北市總預算案歲入來源別預算總表","https://data.ntpc.gov.tw/datasets/87549dfa-01f6-458c-833b-1cef4f032c55","新北市政府主計處/公務預算科","不更新","財稅","公共資訊","JSON、CSV、XML","中文","1.115年度新北市總預算案歲入來源別預算總表 2.單位：新臺幣千元 3.完整資料詳參""新北市政府主計處網頁->總預算->115年度""(https://www.bas.ntpc.gov.tw/home.jsp?id=ae62173b3896f185&act=be4f48068b2b0031&dataserno=2e510b566b47a2778d18f1e3b185c784)或電洽主計處查詢。"
"2CB246DA-8AEF-4DB9-B4B1-9A190B3BB09B","115年度新北市總預算案歲出機關別預算總表","https://data.ntpc.gov.tw/datasets/2cb246da-8aef-4db9-b4b1-9a190b3bb09b","新北市政府主計處/公務預算科","不更新","財稅","公共資訊","JSON、CSV、XML","中文","1.115年度新北市總預算案歲出機關別預算總表 2.單位：新臺幣千元 3.完整資料詳參""新北市政府主計處網頁->總預算->115年度""(https://www.bas.ntpc.gov.tw/home.jsp?id=ae62173b3896f185&act=be4f48068b2b0031&dataserno=2e510b566b47a2778d18f1e3b185c784)或電洽主計處查詢。"
"1B2CAD2F-F585-4E33-83A2-9765C1F7A120","115年度新北市總預算案歲出政事別預算比較總表（經資門併計）","https://data.ntpc.gov.tw/datasets/1b2cad2f-f585-4e33-83a2-9765c1f7a120","新北市政府主計處/公務預算科","不更新","財稅","公共資訊","JSON、CSV、XML","中文","1.115年度新北市總預算案歲出政事別預算比較總表（經資門併計） 2.單位：新臺幣千元 3.完整資料詳參""新北市政府主計處網頁->總預算->115年度""(https://www.bas.ntpc.gov.tw/home.jsp?id=ae62173b3896f185&act=be4f48068b2b0031&dataserno=2e510b566b47a2778d18f1e3b185c784)或電洽主計處查詢。"
"53D18763-BBCA-44F7-BE0F-F0CA7B46FE35","115年度新北市總預算案歲出機關別預算比較總表(經資門併計)","https://data.ntpc.gov.tw/datasets/53d18763-bbca-44f7-be0f-f0ca7b46fe35","新北市政府主計處/公務預算科","不更新","財稅","公共資訊","JSON、CSV、XML","中文","1.115年度新北市總預算案歲出機關別預算比較總表(經資門併計) 2.單位：新臺幣千元 3.完整資料詳參""新北市政府主計處網頁->總預算->115年度""(https://www.bas.ntpc.gov.tw/home.jsp?id=ae62173b3896f185&act=be4f48068b2b0031&dataserno=2e510b566b47a2778d18f1e3b185c784)或電洽主計處查詢。"
"33000B78-086D-4525-B847-B1FAC898056B","115年度新北市總預算案歲出政事別預算總表","https://data.ntpc.gov.tw/datasets/33000b78-086d-4525-b847-b1fac898056b","新北市政府主計處/公務預算科","不更新","財稅","公共資訊","JSON、CSV、XML","中文","1.115年度新北市總預算案歲出政事別預算總表 2.單位：新臺幣千元 3.完整資料詳參""新北市政府主計處網頁->總預算->115年度""(https://www.bas.ntpc.gov.tw/home.jsp?id=ae62173b3896f185&act=be4f48068b2b0031&dataserno=2e510b566b47a2778d18f1e3b185c784)或電洽主計處查詢。"
"6F161FC2-40A7-492A-A8EE-9FD8668D6F4F","新北市愛滌生多元照護計畫合作機構資訊","https://data.ntpc.gov.tw/datasets/6f161fc2-40a7-492a-a8ee-9fd8668d6f4f","新北市政府衛生局/心理衛生科/成癮防治股","每年","醫療","就醫","JSON、CSV、XML、KML","中文","新北市愛滌生多元照護計畫合作機構資訊。"
"58031CC5-31B8-4F34-9953-5C066D66DE35","防毒保衛站","https://data.ntpc.gov.tw/datasets/58031cc5-31b8-4f34-9953-5c066d66de35","新北市政府衛生局/心理衛生科/成癮防治股","每年","醫療","公共資訊","JSON、CSV、XML、KML","中文","新北市防毒保衛站-毒品戒癮諮詢藥局"
"9D345944-C45C-4E39-BD23-677B85738F85","公司登記清冊","https://data.ntpc.gov.tw/datasets/9d345944-c45c-4e39-bd23-677b85738f85","新北市政府經濟發展局/公司登記科","每季","經濟","開創事業","JSON、CSV、XML、KML","中文","公司登記資料"
"F1DE3AD5-560E-41E4-A68E-7CD03A40F1A0","114年新北市政府消防局辦理國家賠償事件收結情形表","https://data.ntpc.gov.tw/datasets/f1de3ad5-560e-41e4-a68e-7cd03a40f1a0","新北市政府消防局/秘書室","每年","消防","公共資訊","JSON、CSV、XML","中文","提供新北市政府消防局辦理國家賠償事件收結情形"
"9046BE14-E04F-4FCC-9477-9C8F3A263D1C","新北市政府二級機關分層負責明細表","https://data.ntpc.gov.tw/datasets/9046be14-e04f-4fcc-9477-9c8f3a263d1c","新北市政府人事處/企劃科","每年","資訊","公共資訊","JSON、CSV、XML","中文","新北市政府二級機關分層負責明細表，主要欄位包含縣市別代碼、機關代碼、民國年、承辦單位、公務項目及內容、決行權責、會辦機關（單位）"
"BE8F3ACD-C310-408F-A152-E388AF9708C2","新北市114年度預算數及執行數共同比（執行率）","https://data.ntpc.gov.tw/datasets/be8f3acd-c310-408f-a152-e388af9708c2","新北市政府財政局/秘書室","不更新","財稅","公共資訊","JSON、CSV、XML","中文","114年度預算數及執行數共同比（執行率）"
"06ECA187-C0BD-4A18-800F-29EA475EE312","新北市政府員工協助方案諮詢服務一覽表","https://data.ntpc.gov.tw/datasets/06eca187-c0bd-4a18-800f-29ea475ee312","新北市政府人事處/企劃科","每年","資訊","公共資訊","JSON、CSV、XML","中文","一、執行期程：113年1月至12月。二、個人諮詢次數：529次，團體諮詢次數：42次。※備註：本表於每年4月底前更新前一年度資料。"
"4F0E0A55-634B-4E2B-B9D1-532F9DA6E31C","新北市114年度徵起之國稅、縣市稅分成數額表","https://data.ntpc.gov.tw/datasets/4f0e0a55-634b-4e2b-b9d1-532f9da6e31c","新北市政府財政局/秘書室","不更新","財稅","公共資訊","JSON、CSV、XML","中文","114新北市114年度徵起之國稅、縣市稅分成數額表"
"FA7AEEE4-CA13-4461-83B6-D623BF62B128","新北市政府財政局主導辦理都市更新案一覽月報表","https://data.ntpc.gov.tw/datasets/fa7aeee4-ca13-4461-83b6-d623bf62b128","新北市政府財政局/秘書室","每月","財稅","公共資訊","JSON、CSV、XML","中文","新北市政府財政局主導辦理都市更新案一覽月報表。"
"F6180A57-D928-4193-831C-85AB8BF61AD9","市有土地參加都市更新案件最新進度表","https://data.ntpc.gov.tw/datasets/f6180a57-d928-4193-831c-85ab8bf61ad9","新北市政府財政局/秘書室","每月","財稅","公共資訊","JSON、CSV、XML","中文","市有土地參加都市更新案件進度表，其資料包含地區、案名、計畫階段、土地面積等資料。
					"
"934D0378-2790-43B6-A42D-217CC18EB816","新北市財產量值","https://data.ntpc.gov.tw/datasets/934d0378-2790-43b6-a42d-217cc18eb816","新北市政府財政局/秘書室","每月","財稅","公共資訊","JSON、CSV、XML","中文","本項資料單位為億元"
"94D2B7F1-4AB9-4777-9EB5-9D922112EDD8","新北市債務情形","https://data.ntpc.gov.tw/datasets/94d2b7f1-4ab9-4777-9eb5-9d922112edd8","新北市政府財政局/秘書室","每月","財稅","公共資訊","JSON、CSV、XML","中文","新北市債務情形概況"
"9D0483B6-513A-46B2-92E3-5F9B315999BB","新北市營造工程物價指數","https://data.ntpc.gov.tw/datasets/9d0483b6-513a-46b2-92e3-5f9b315999bb","新北市政府主計處/公務統計科","每月","統計","公共資訊","JSON、CSV、XML","中文","1.新北市營造工程物價指數
2.單位：%
3.各項欄位說明詳參新北市物價統計月報(網址：http://www.bas.ntpc.gov.tw/home.jsp?id=ODE=)或電洽主計處查詢。"
"1996621C-65D4-48F6-B090-ADF1E31F5F59","新北市物價指數(總指數)","https://data.ntpc.gov.tw/datasets/1996621c-65d4-48f6-b090-adf1e31f5f59","新北市政府主計處/公務統計科","每月","統計","公共資訊","JSON、CSV、XML","中文","1.新北市物價指數(總指數)
2.單位：%
3.各項欄位說明詳參新北市物價統計月報(網址：http://www.bas.ntpc.gov.tw/home.jsp?id=ODE=)或電洽主計處查詢。"
"CAFF1C5A-D74A-43FC-95D7-CA2E3A0324AC","新北市合法地政士開業名冊","https://data.ntpc.gov.tw/datasets/caff1c5a-d74a-43fc-95d7-ca2e3a0324ac","新北市政府地政局/地籍科","每月","地政","購屋及遷徙","JSON、CSV、XML","中文","本市依法核發開業執照且執照尚在有效期限內之地政士名冊。另本資料各行政區代碼如下:八里區1、三芝區2、三重區3、三峽區4、土城區5、中和區6、五股區7、平溪區8、永和區9、石門區10、石碇區11、汐止區12、坪林區13、林口區14、板橋區15、金山區16、泰山區17、烏來區18、貢寮區19、淡水區20、深坑區21、新店區22、新莊區23、瑞芳區24、萬里區25、樹林區26、雙溪區27、蘆洲區28、鶯歌區29。"
"CC243E1C-D8EA-4211-8C09-C969A8AC3624","新北市起火建築物","https://data.ntpc.gov.tw/datasets/cc243e1c-d8ea-4211-8c09-c969a8ac3624","新北市政府消防局/火災鑑識中心","每月","消防","公共資訊","JSON、CSV、XML","中文","新北市起火建築物編製說明
一、統計範圍及對象：凡所發生火災之建築物均為統計對象。
二、統計標準時間：以每月1日至月底之事實為準。
"
"5FDAC0E3-7115-427A-8EF5-4CFB2F056C18","新北市火災次數分類及時間","https://data.ntpc.gov.tw/datasets/5fdac0e3-7115-427a-8ef5-4cfb2f056c18","新北市政府消防局/火災鑑識中心","每月","消防","公共資訊","JSON、CSV、XML","中文","新北市火災次數分類及時間。"
"CB1A181C-34F0-44D2-A72A-0053D9DD4153","新北市火災次數按起火原因分","https://data.ntpc.gov.tw/datasets/cb1a181c-34f0-44d2-a72a-0053d9dd4153","新北市政府消防局/火災鑑識中心","每月","消防","公共資訊","JSON、CSV、XML","中文","新北市火災次數按起火原因分。"
"640ADB33-148B-4F5F-9899-D2A69A2D5DE2","新北市火災次數按起火處所分","https://data.ntpc.gov.tw/datasets/640adb33-148b-4f5f-9899-d2a69a2d5de2","新北市政府消防局/火災鑑識中心","每月","消防","公共資訊","JSON、CSV、XML","中文","新北市火災次數按起火處所分編製說明
一、統計範圍及對象：凡所發生火災之起火處所均為統計對象。
二、統計標準時間：以每月1日至月底之事實為準。"
"25C46328-CBFF-4CB4-B8AA-2D045EAD6749","新北市火災人員死傷、財物損失","https://data.ntpc.gov.tw/datasets/25c46328-cbff-4cb4-b8aa-2d045ead6749","新北市政府消防局/火災鑑識中心","每月","消防","公共資訊","JSON、CSV、XML","中文","新北市火災人員死傷、財物損失。"
"CFA39D71-E79D-43AE-8602-00D29AEB7A3E","板橋地政事務所新舊地號對照表","https://data.ntpc.gov.tw/datasets/cfa39d71-e79d-43ae-8602-00d29aeb7a3e","新北市政府地政局/地政資料科","每年","地政","購屋及遷徙","JSON、CSV、XML","中文","本資料集為本市板橋地政事務所轄區之土地新舊地號對照表(資料更新截至114年12月31日)"
"0B8B06A2-12D6-4C3D-83CD-DA9362522816","新北市腦中風處置醫院","https://data.ntpc.gov.tw/datasets/0b8b06a2-12d6-4c3d-83cd-da9362522816","新北市政府衛生局/醫事管理科/緊急救護股","每年","醫療","就醫","JSON、CSV、XML、KML","中文","本市13家急救責任醫院，提供腦中風病患醫療服務"
"E743EEF5-4407-4E7C-B200-305E16B64970","新北市政府稅捐稽徵處歲出預決算數","https://data.ntpc.gov.tw/datasets/e743eef5-4407-4e7c-b200-305e16b64970","新北市政府財政局/新北市政府稅捐稽徵處/會計室/會計室第二股","每年","財稅","公共資訊","JSON、CSV、XML","中文","新北市政府稅捐稽徵處會計年度內預算及其執行結果。"
"B92749C3-05B0-44A9-BA24-56EB4E697557","新北巿滯納案件移送執行情形─以前年度","https://data.ntpc.gov.tw/datasets/b92749c3-05b0-44a9-ba24-56eb4e697557","新北市政府財政局/新北市政府稅捐稽徵處/會計室/會計室第二股","每月","財稅","公共資訊","JSON、CSV、XML","中文","以本巿轄區內逾滯納期未經徵起之欠稅費，經移送強制執行者為統計對象。"
"8E52A60C-3536-4652-84DB-1CC7BBD7BA79","新北巿滯納案件移送執行情形─本年度","https://data.ntpc.gov.tw/datasets/8e52a60c-3536-4652-84db-1cc7bbd7ba79","新北市政府財政局/新北市政府稅捐稽徵處/會計室/會計室第二股","每月","財稅","公共資訊","JSON、CSV、XML","中文","以本巿轄區內逾滯納期未經徵起之欠稅費，經移送強制執行者為統計對象。"
"4758ACA1-FB7A-45D9-AF74-251B6BD8A686","新北市各項稅收稽徵成本","https://data.ntpc.gov.tw/datasets/4758aca1-fb7a-45d9-af74-251b6bd8a686","新北市政府財政局/新北市政府稅捐稽徵處/會計室/會計室第二股","每年","財稅","公共資訊","JSON、CSV、XML","中文","明瞭新北巿轄區內各項稅收稽徵成本情形，提供行政管理，以及研定施政計畫參考之需。"
"0B5BBF1E-39D7-4CAC-8DF2-78598C24A402","新北巿未徵數情形","https://data.ntpc.gov.tw/datasets/0b5bbf1e-39d7-4cac-8df2-78598c24a402","新北市政府財政局/新北市政府稅捐稽徵處/會計室/會計室第二股","每年","財稅","公共資訊","JSON、CSV、XML","中文","以本巿轄區內本年度及以前年度查核定開徵未徵起本稅及罰款之件數及金額為統計範圍及對象。"
"18A1FA66-5FF9-48E6-9883-29431CA6B06A","新北巿查(核)定開徵數情形","https://data.ntpc.gov.tw/datasets/18a1fa66-5ff9-48e6-9883-29431ca6b06a","新北市政府財政局/新北市政府稅捐稽徵處/會計室/會計室第二股","每年","財稅","公共資訊","JSON、CSV、XML","中文","以本巿轄區內本年度及以前年度查核定開徵表列各稅之本稅及罰鍰案件為統計基準範圍及對象。"
"6B7B3E1F-CB09-4A40-B7BD-99635E75F94A","新北巿娛樂稅稅源","https://data.ntpc.gov.tw/datasets/6b7b3e1f-cb09-4a40-b7bd-99635e75f94a","新北市政府財政局/新北市政府稅捐稽徵處/會計室/會計室第二股","每月","財稅","公共資訊","JSON、CSV、XML","中文","以本巿轄區內營業為目的的娛樂場所（歌舞、電影、戲劇、球場、遊藝場等）查定課徵、自動報繳及臨時公演之家（件）數、稅額暨實徵家（件）數、稅額為統計範圍及對象。"
"60A9F21A-1806-421A-8B42-651A70C28DF4","新北巿使用牌照稅稽徵","https://data.ntpc.gov.tw/datasets/60a9f21a-1806-421a-8b42-651a70c28df4","新北市政府財政局/新北市政府稅捐稽徵處/會計室/會計室第二股","每月","財稅","公共資訊","JSON、CSV、XML","中文","以本巿轄區內課徵使用牌照稅之各種交通工具為統計對象，由本處消費稅科依據公路局監理所（站）所送之代徵使用牌照稅核對月報表及轄內有關資料予以編製，分析使用牌照稅稽徵及稅源分配情形。"
"4D741535-4FC7-4CFC-B4E1-49DA73A3D9E3","新北巿最近5年土地增值稅稅源統計表","https://data.ntpc.gov.tw/datasets/4d741535-4fc7-4cfc-b4e1-49da73a3d9e3","新北市政府財政局/新北市政府稅捐稽徵處/會計室/會計室第二股","每年","財稅","公共資訊","JSON、CSV、XML","中文","以本轄區內已規定地價之土地，自然漲價部份，於土地移轉徵收土地增值稅之全部土地為統計對象，按筆數、面積、移轉現值總額、按物價指數調整後原地價總額、改良土地費用、土地漲價總數額、查定稅額、抵繳增繳地價稅、重劃減徵、其他減徵、長期持有減徵、應納稅額等分類。
統計標準時間：以每年1月1日至12月底之事實為準。
依據新北巿土地增值稅稅源(20903-02-04-2)編製。
"
"D7B568AB-3819-40C8-A6E7-A6B199443101","新北市門牌位置數值資料","https://data.ntpc.gov.tw/datasets/d7b568ab-3819-40c8-a6e7-a6b199443101","新北市政府民政局/戶政科","每月","民政","購屋及遷徙","JSON、CSV、XML","中文","新北市門牌號碼與門牌位置坐標等數值資料11503"
"CD4BEAC3-64CD-4FEC-ACAD-8E76FD358C61","新北巿土地增值稅徵收","https://data.ntpc.gov.tw/datasets/cd4beac3-64cd-4fec-acad-8e76fd358c61","新北市政府財政局/新北市政府稅捐稽徵處/會計室/會計室第二股","每月","財稅","公共資訊","JSON、CSV、XML","中文","凡本巿轄區內已規定地價之土地，自然漲價部份，於土地移轉徵收土地增值稅之全部土地為統計對象"
"62B23FFC-C6BB-44A7-A49A-0BDA6A7514B9","新北市各項稅捐徵收數","https://data.ntpc.gov.tw/datasets/62b23ffc-c6bb-44a7-a49a-0bda6a7514b9","新北市政府財政局/新北市政府稅捐稽徵處/會計室/會計室第二股","每年","財稅","公共資訊","JSON、CSV、XML","中文","各項地方稅稅目年度查定數、實徵數、納庫數。"
"4A40B783-E4AE-45B1-A1FF-B51E041603BF","新北巿各項稅捐退還以前年度歲入款","https://data.ntpc.gov.tw/datasets/4a40b783-e4ae-45b1-a1ff-b51e041603bf","新北市政府財政局/新北市政府稅捐稽徵處/會計室/會計室第二股","每月","財稅","公共資訊","JSON、CSV、XML","中文","本巿轄區內各稅稅款退還以前年度歲入款退還情形。
"
"2BA7A728-1294-4834-A7A0-48F572CE8658","新北巿各項稅捐解庫情形","https://data.ntpc.gov.tw/datasets/2ba7a728-1294-4834-a7a0-48f572ce8658","新北市政府財政局/新北市政府稅捐稽徵處/會計室/會計室第二股","每月","財稅","公共資訊","JSON、CSV、XML","中文","本巿轄區各稅稅款解庫情形。
"
"F3F592D1-9D68-42D2-B386-073CD89F93EE","新北巿三年來各項稅捐實徵數增減比較","https://data.ntpc.gov.tw/datasets/f3f592d1-9d68-42d2-b386-073cd89f93ee","新北市政府財政局/新北市政府稅捐稽徵處/會計室/會計室第二股","每月","財稅","公共資訊","JSON、CSV、XML","中文","新北巿轄區內各稅近三年徵收增減情形。"
"54BDC4FC-60C9-4E31-9140-5F5373E649C9","新北巿各項稅收快報（初步數字）","https://data.ntpc.gov.tw/datasets/54bdc4fc-60c9-4e31-9140-5f5373e649c9","新北市政府財政局/新北市政府稅捐稽徵處/會計室/會計室第二股","每月","財稅","公共資訊","JSON、CSV、XML","中文","凡屬轄區內地方稅均為統計對象，並按稅別地價稅、土地增值稅、房屋稅、使用牌照稅、契稅、印花稅、娛樂稅、臨時稅、教育捐等分類。"
"75155E56-72A9-4120-B24A-7E52067192A4","新北巿各項稅捐實徵淨額與預算數及上年同期比較－累計數","https://data.ntpc.gov.tw/datasets/75155e56-72a9-4120-b24a-7e52067192a4","新北市政府財政局/新北市政府稅捐稽徵處/會計室/會計室第二股","每月","財稅","公共資訊","JSON、CSV、XML","中文","以轄區內各項稅捐累計實徵數、累計實徵淨額與同期分配預算數為統計對象。"
"A61D1077-59E5-4F8D-A081-F9B6CA73E041","新北巿各項稅捐實徵淨額與預算數及上年同期比較－本月數","https://data.ntpc.gov.tw/datasets/a61d1077-59e5-4f8d-a081-f9b6ca73e041","新北市政府財政局/新北市政府稅捐稽徵處/會計室/會計室第二股","每月","財稅","公共資訊","JSON、CSV、XML","中文","以轄區內各項稅捐本月實徵數、實徵淨額與分配預算數為統計對象。"
"EA2DE04F-53D7-46AD-8E99-78A85E4CC7D9","新北巿各項稅捐本月實徵數簡報表","https://data.ntpc.gov.tw/datasets/ea2de04f-53d7-46ad-8e99-78a85e4cc7d9","新北市政府財政局/新北市政府稅捐稽徵處/會計室/會計室第二股","每月","財稅","公共資訊","JSON、CSV、XML","中文","以轄區內各項稅捐本月實徵數為統計對象。"
"E4F81455-EA2F-4A1B-B68B-4D6130B102AC","新北市都市計畫容積移轉申請案件資料統計","https://data.ntpc.gov.tw/datasets/e4f81455-ea2f-4a1b-b68b-4d6130b102ac","新北市政府城鄉發展局/開發管理科","每季","城鄉","公共資訊","JSON、CSV、XML","中文","提供新北市都市計畫容積移轉申請案件統計資料
"
"68A36CB6-E7D6-47AA-A63F-6B4D058F780B","新北市政府警察局執行家戶訪查發現及處理戶口(籍)案件成果","https://data.ntpc.gov.tw/datasets/68a36cb6-e7d6-47aa-a63f-6b4d058f780b","新北市政府警察局/資訊室","每月","治安","公共資訊","JSON、CSV、XML","中文","新北市政府警察局執行家戶訪查發現及處理戶口(籍)案件成果。"
"0D704747-9FF6-4E98-BD8A-E6E1AB0B48A0","新北市政府警察局重要警政統計指標(102年度起)","https://data.ntpc.gov.tw/datasets/0d704747-9ff6-4e98-bd8a-e6e1ab0b48a0","新北市政府警察局/資訊室","每月","統計","公共資訊","JSON、CSV、XML","中文","提供新北市政府警察局102年度起重要警政統計指標。"
"977ECBCF-8B95-438F-8BE6-1B770294D3A3","新北市3星等以上衛生安全製茶廠名冊","https://data.ntpc.gov.tw/datasets/977ecbcf-8b95-438f-8be6-1b770294d3a3","新北市政府農業局/農牧經營管理科","不更新","農業","休閒旅遊","JSON、CSV、XML、KML","中文","108年度為評鑑年，本市共有30家製茶廠獲評為3星至5星等"
"99F3FF6E-0352-4399-A726-775AB765A1DC","新北市固定式測速照相","https://data.ntpc.gov.tw/datasets/99f3ff6e-0352-4399-a726-775ab765a1dc","新北市政府警察局/新北市政府警察局交通警察大隊/執法組","不更新","交通","公共資訊","JSON、CSV、XML","中文","新北市政府警察局所提供的固定測速照相主要提供欄位包含行政區、設置位置、速限、取締項目。"
"756816D8-B93B-4893-BBAD-CF5AADD735CA","新北市1999市政服務專線便民服務工作成果表(每月)","https://data.ntpc.gov.tw/datasets/756816d8-b93b-4893-bbad-cf5aadd735ca","新北市政府研究發展考核委員會/為民服務組","每月","研考","公共資訊","JSON、CSV、XML","中文","新北市1999市政服務專線便民服務工作成果表(統計期間：106年至115年2月)"
"1009B56C-5874-4659-A63B-D683AEB13FD1","新北市政府全面跨區服務各區公所受理各類案件統計(每月)","https://data.ntpc.gov.tw/datasets/1009b56c-5874-4659-a63b-d683aeb13fd1","新北市政府研究發展考核委員會/為民服務組","每月","研考","公共資訊","JSON、CSV、XML","中文","新北市政府全面跨區服務各區公所受理各類案件統計(統計期間106年至115年2月)"
"EF78A646-78FC-4B3C-9BA9-E2EFB450F8F3","新北市政府1999市政快速服務各機關案件統計(每月)","https://data.ntpc.gov.tw/datasets/ef78a646-78fc-4b3c-9ba9-e2efb450f8f3","新北市政府研究發展考核委員會/為民服務組","每月","研考","公共資訊","JSON、CSV、XML","中文","新北市政府1999市政快速服務各機關案件統計(統計期間:106年1月至115年2月)"
"D5EF0EA1-2C08-4C7C-A169-30A43CAED960","新北市政府1999市政快速服務各機關案件統計表(總計)","https://data.ntpc.gov.tw/datasets/d5ef0ea1-2c08-4c7c-a169-30a43caed960","新北市政府研究發展考核委員會/為民服務組","每月","研考","公共資訊","JSON、CSV、XML","中文","新北市政府1999市政快速服務各機關案件統計表(統計期間: 100年4月15日至115年2月)"
"BB8381EB-F8A8-415F-87ED-F25037826873","新北市政府全面跨區服務各區公所受理各類案件統計(總計)","https://data.ntpc.gov.tw/datasets/bb8381eb-f8a8-415f-87ed-f25037826873","新北市政府研究發展考核委員會/為民服務組","每月","研考","公共資訊","JSON、CSV、XML","中文","新北市政府全面跨區服務各區公所受理各類案件統計(統計期間：105年8月至115年2月)"
"E8F55646-D391-40FB-B8E8-F295F00AF859","新北市救護車營業機構","https://data.ntpc.gov.tw/datasets/e8f55646-d391-40fb-b8e8-f295f00af859","新北市政府衛生局/醫事管理科/緊急救護股","每年","醫療","就醫","JSON、CSV、XML、KML","中文","新北市8家救護車營業機構"
"C2F23210-03C7-4461-B9D3-9EE4DF24C3E9","新北市急救責任醫院","https://data.ntpc.gov.tw/datasets/c2f23210-03c7-4461-b9d3-9ee4df24c3e9","新北市政府衛生局/醫事管理科/緊急救護股","每年","醫療","就醫","JSON、CSV、XML、KML","中文","本市17家(19院區)急救責任醫院聯繫訊息"
"5A9F461F-0C4B-47EB-B578-48329CB1F9B0","新北市道路交通安全會報會議紀錄","https://data.ntpc.gov.tw/datasets/5a9f461f-0c4b-47eb-b578-48329cb1f9b0","新北市政府交通局/交通安全科/交通安全科第一股","每月","交通","交通及通訊","JSON、CSV、XML","中文","新北市道路交通安全會報會議紀錄。"
"28FE4CB6-BAD5-40F9-9C33-8BE4BC383D05","新北市政府重大建設計畫一覽表","https://data.ntpc.gov.tw/datasets/28fe4cb6-bad5-40f9-9c33-8be4bc383d05","新北市政府研究發展考核委員會/計畫管制組","每月","資訊","開創事業","JSON、CSV、XML","中文","呈現本府重大建設計畫項目(統計期間:截至115年1月止)"
"0AE3BB6F-6BCF-4A38-B45E-A371FBEFB9DC","新北市污水下水道用戶接管普及率","https://data.ntpc.gov.tw/datasets/0ae3bb6f-6bcf-4a38-b45e-a371fbefb9dc","新北市政府水利局/污水下水道工程科","每月","水利","生活安全及品質","JSON、CSV、XML","中文","新普及率處理率計算依據污水下水道第五期建設計畫修正以接管戶數乘以各縣市戶量除以各縣市總人口數而得；各縣市總人口數及各縣市戶量資料來源為內政部戶政司人口資料（縣市人口性比例及人口密度）。"
"BA26940B-4A16-4B92-B971-F38565231BE7","新北市家防中心案件諮詢協談統計","https://data.ntpc.gov.tw/datasets/ba26940b-4a16-4b92-b971-f38565231be7","新北市政府社會局/新北市政府家庭暴力暨性侵害防治中心/綜合規劃組","每月","社福","生活安全及品質","JSON、CSV、XML","中文","此為115年每月家暴及性侵案件諮詢協談統計。"
"EB446C92-12E8-41B0-96DA-FEB6EA569E11","公寓大廈管理組織報備清冊","https://data.ntpc.gov.tw/datasets/eb446c92-12e8-41b0-96da-feb6ea569e11","新北市政府工務局/公寓大廈管理科","不更新","工務","公共資訊","JSON、CSV、XML","中文","公寓大廈管理組織報備清冊。"
"61337789-985B-41C8-8482-EEA767504430","新北市政府114及113年度歲入實收數比較表","https://data.ntpc.gov.tw/datasets/61337789-985b-41c8-8482-eea767504430","新北市政府財政局/秘書室","不更新","財稅","公共資訊","JSON、CSV、XML","中文","114新北市政府114及113年度歲入實收數比較表"
"D0070EF9-AE5C-423F-9F5C-E22AEF21C33B","新北市里長資訊","https://data.ntpc.gov.tw/datasets/d0070ef9-ae5c-423f-9f5c-e22aef21c33b","新北市政府民政局/地方行政科","不更新","民政","公共資訊","JSON、CSV、XML","中文","新北市全市1032里里長聯絡資訊"
"04B91716-4B56-4933-B001-807810EA21F6","新北市里長資訊1141030","https://data.ntpc.gov.tw/datasets/04b91716-4b56-4933-b001-807810ea21f6","新北市政府民政局/地方行政科","不更新","民政","公共資訊","JSON、CSV、XML","中文","新北市全市1032里里長聯絡資訊"
"BEB682B5-E074-440F-AABF-7D9375FB59DE","新北市土地段代碼對照表","https://data.ntpc.gov.tw/datasets/beb682b5-e074-440f-aabf-7d9375fb59de","新北市政府地政局/地政資料科","不更新","地政","購屋及遷徙","JSON、CSV、XML","中文","本資料集為本市各轄區之土地段名與段代碼對照表"
"992CC894-C2A6-4350-ADCB-A731726533DA","全民造林及獎勵造林辦理情形","https://data.ntpc.gov.tw/datasets/992cc894-c2a6-4350-adcb-a731726533da","新北市政府農業局/林務科","不更新","農業","公共資訊","JSON、CSV、XML","中文","全民造林及獎勵造林辦理情形。"
"842EB6A6-49A2-4E43-8630-E5727F791DE9","封溪護漁範圍清單","https://data.ntpc.gov.tw/datasets/842eb6a6-49a2-4e43-8630-e5727f791de9","新北市政府農業局/秘書室","不更新","農業","公共資訊","JSON、CSV、XML","中文","封溪護漁範圍清單區域資料"
"06DF32F9-D181-4164-9339-976459C4576A","新北市居家護理所清冊","https://data.ntpc.gov.tw/datasets/06df32f9-d181-4164-9339-976459c4576a","新北市政府衛生局/醫事管理科/醫政管理股","每年","醫療","就醫","JSON、CSV、XML、KML","中文","新北市政府衛生局所提供之護理機構清冊(更新日期:109年5月4日)"
"C651DE04-9DFF-4DA3-BBBF-570563B6FBD3","外來入侵動植物防治名單","https://data.ntpc.gov.tw/datasets/c651de04-9dff-4da3-bbbf-570563b6fbd3","新北市政府農業局/林務科","每年","農業","公共資訊","JSON、CSV、XML","中文","外來入侵動植物防治名單。"
"66B246FC-454F-46A7-B3C7-5927BE51FFB9","新北市農產品產期表","https://data.ntpc.gov.tw/datasets/66b246fc-454f-46a7-b3c7-5927be51ffb9","新北市政府農業局/農牧經營管理科","不更新","農業","公共資訊","JSON、CSV、XML","中文","新北市政府農業局提供新北市各行政區於各月份的農產品以及產期的相關資料主要提供欄位包含產品、 產期月份、行政區等"
"D2169490-82F4-40EC-B506-6C240633ACFA","賞魚、蝶、螢之資訊","https://data.ntpc.gov.tw/datasets/d2169490-82f4-40ec-b506-6c240633acfa","新北市政府農業局/秘書室","不更新","農業","公共資訊","JSON、CSV、XML","中文","賞魚、蝶、螢之資訊。"
"AAC5C97E-EEFB-41EC-81BC-9BA148A7A54C","新北市農會通訊資料","https://data.ntpc.gov.tw/datasets/aac5c97e-eefb-41ec-81bc-9ba148a7a54c","新北市政府農業局/秘書室","每年","農業","交通及通訊","JSON、CSV、XML、KML","中文","新北市農會通訊資料。"
"16D737DE-DB60-412D-8941-06740B06207E","原生動植物復育名單","https://data.ntpc.gov.tw/datasets/16d737de-db60-412d-8941-06740b06207e","新北市政府農業局/林務科","不更新","農業","公共資訊","JSON、CSV、XML","中文","原生動植物復育名單。"
"D88624F6-0490-4A11-A047-76390E56CC4F","挖子尾自然保留區動物名錄","https://data.ntpc.gov.tw/datasets/d88624f6-0490-4a11-a047-76390e56cc4f","新北市政府農業局/林務科","不更新","農業","公共資訊","JSON、CSV、XML","中文","挖子尾自然保留區動物名錄。"
"51C9BEE4-5397-40C5-801B-53CB76374A48","新北市市民農園","https://data.ntpc.gov.tw/datasets/51c9bee4-5397-40c5-801b-53cb76374a48","新北市政府農業局/秘書室","每年","農業","休閒旅遊","JSON、CSV、XML","中文","「市民農園」土地來源為閒置農地，輔導農會推動設置或改善充實市民農園設施。市民農園資料包括地址、成立時間、面積及承租戶數。"
"7B223383-67D7-4C62-80F8-6C3F1AEB30B3","新北市政府各機關學校人員遷調情形","https://data.ntpc.gov.tw/datasets/7b223383-67d7-4c62-80f8-6c3f1aeb30b3","新北市政府人事處/人力科","每年","資訊","公共資訊","JSON、CSV、XML","中文","表列數字係包含本府各級機關學校間人員調任人次。"
"ED576EDD-D207-44A4-8979-1DA34DC4AE63","消防榮譽榜─每月績優人員","https://data.ntpc.gov.tw/datasets/ed576edd-d207-44a4-8979-1da34dc4ae63","新北市政府消防局/人事室","每月","消防","公共資訊","JSON、CSV、XML","中文","新北市政府消防局每月績優人員名冊"
"DE7C31A8-72A6-4085-A6FC-5C399FF102EC","對民間團體補(捐)助經費表_v2","https://data.ntpc.gov.tw/datasets/de7c31a8-72a6-4085-a6fc-5c399ff102ec","新北市政府經濟發展局/會計室","每季","統計","公共資訊","JSON、CSV、XML、KML","中文","本局對民間團體之補助明細"
"1D8F3EBD-FD1E-4157-B9EC-9DD85B7A189D","新北市消費協商不到場業者","https://data.ntpc.gov.tw/datasets/1d8f3ebd-fd1e-4157-b9ec-9dd85b7a189d","新北市政府法制局/秘書室","每月","資訊","生活安全及品質","JSON、CSV、XML","中文","為使民眾在消費時可先查詢企業經營者是否曾因無正當理由不到場參與協商之情形。"
"5D3909E3-0F05-48A5-AC35-1A34F5DA62CA","契稅稅源統計月報表","https://data.ntpc.gov.tw/datasets/5d3909e3-0f05-48a5-ac35-1a34f5da62ca","新北市政府財政局/新北市政府稅捐稽徵處/房屋稅科/房屋稅科第二股","每月","財稅","公共資訊","JSON、CSV、XML","中文","提供本市各行政區民國102年1月起每月之契稅稅源統計資料"
"6348226E-2E1A-4567-957F-0550BB71A6E1","採購處代辦建築及土木工程案件情形","https://data.ntpc.gov.tw/datasets/6348226e-2e1a-4567-957f-0550bb71a6e1","新北市政府工務局/新北市政府採購處/秘書室","每月","工務","公共資訊","JSON、CSV、XML","中文","新北市採購工程統計，其資料包含建築工程月平均統計、土木工程月平均統計。"
"8A32C6B5-46FC-4FAC-B3A4-317B9998BFD7","犯罪資料","https://data.ntpc.gov.tw/datasets/8a32c6b5-46fc-4fac-b3a4-317b9998bfd7","新北市政府警察局/新北市政府警察局刑事警察大隊/科技犯罪偵查專責組","每季","治安","生活安全及品質","JSON、CSV、XML","中文","提供住宅竊盜、汽車竊盜、機車竊盜、自行車等案類犯罪受理資料(本資料為內政部警政署每季初步統計提供，僅供參考，正確統計數字仍以內政部警政署年度刑案統計資料為準)。"
"0DFD96CA-5DA6-4733-B649-9B78CECC136B","易發生婦幼被害犯罪地點資料( 增加年度資料)","https://data.ntpc.gov.tw/datasets/0dfd96ca-5da6-4733-b649-9b78cecc136b","新北市政府警察局/婦幼警察隊","每年","治安","生活安全及品質","JSON、CSV、XML","中文","提供新北市易發生婦幼被害犯罪地點資料。"
"664DC5DB-EBF3-4293-8C41-C72C78D9A1E6","燃氣熱水器承裝業及技術士資料","https://data.ntpc.gov.tw/datasets/664dc5db-ebf3-4293-8c41-c72c78d9a1e6","新北市政府消防局/危險物品管理科","每月","消防","生活安全及品質","JSON、CSV、XML、KML","中文","合格燃氣熱水器承裝業、技術士清冊"
"FB62AEDB-79E6-4EA6-B013-C23291AEF5F7"," 新北市公費流感抗病毒藥劑合約醫療院所(類流感門診)","https://data.ntpc.gov.tw/datasets/fb62aedb-79e6-4ea6-b013-c23291aef5f7","新北市政府衛生局/疾病管制科/急性傳染病股","每年","醫療","就醫","JSON、CSV、XML","中文","提供查詢本市類流感合約院所，該合約院所可開立公費抗病毒藥劑以對抗流感。"
"4001B8D2-2B1D-4466-8515-134326471842","新北客家文化活動","https://data.ntpc.gov.tw/datasets/4001b8d2-2b1d-4466-8515-134326471842","新北市政府客家事務局/秘書室","每月","文化","休閒旅遊","JSON、CSV、XML","中文","新北客家文化活動，內容包含日期、標題、內容及連結"
"FE26E0A5-54C2-4876-BBC7-150243C048F5","新北市都市計畫土地使用分區及範圍圖","https://data.ntpc.gov.tw/datasets/fe26e0a5-54c2-4876-bbc7-150243c048f5","新北市政府城鄉發展局/都計測量科","每季","城鄉","購屋及遷徙","JSON、CSV、XML","中文","請於下載之CSV檔內部連結下載相關圖資檔案，分區圖資僅供參考，仍以發布實施之都市計畫書圖為準"
"2C3904E0-65A5-4DD7-B6EA-406ED4FF8725","新北市愛滋病指定醫事機構","https://data.ntpc.gov.tw/datasets/2c3904e0-65a5-4dd7-b6ea-406ed4ff8725","新北市政府衛生局/疾病管制科/愛滋及營業衛生股","不更新","醫療","就醫","JSON、CSV、XML、KML","中文","新北市愛滋病指定醫事機構清單(含地址及電話等資訊)"
"F57B4B47-FFCD-454A-B443-14889CCCAD5D","新北市愛滋病匿名篩檢服務網絡","https://data.ntpc.gov.tw/datasets/f57b4b47-ffcd-454a-b443-14889cccad5d","新北市政府衛生局/疾病管制科/愛滋及營業衛生股","每年","醫療","就醫","JSON、CSV、XML、KML","中文","提供本市愛滋病匿名篩檢服務網絡之醫療院所清冊，以提供民眾參考進行愛滋病毒篩檢。"
"85CCBCE1-B5CD-477C-B20B-D53512F9815F","新北市教育基金會資訊","https://data.ntpc.gov.tw/datasets/85ccbce1-b5cd-477c-b20b-d53512f9815f","新北市政府教育局/社會教育科","不更新","教育","公共資訊","JSON、CSV、XML","中文","提供新北市教育基金會相關查詢，含教育基金會申請文件、辦理財團法人登記說明。
註：教育基金會係公益法人，申請設立採許可主義，主管機關須考量各項情況，非申請即必然同意設立。本資料由教育局提供，如有疑問請洽本市教育局。"
"6AAD7341-90FC-4777-9CDC-C19B0100C473","新北市政府公教職員年齡結構","https://data.ntpc.gov.tw/datasets/6aad7341-90fc-4777-9cdc-c19b0100c473","新北市政府人事處/人力科","每年","資訊","公共資訊","JSON、CSV、XML","中文","本項資料以本府暨所屬各機關(區公所)及烏來區公所為統計範圍，並以114年12月31日為基準日。"
"BFC9C7AD-811F-486D-B2F8-4D2715F3160C","新北市政府公教職員教育程度結構","https://data.ntpc.gov.tw/datasets/bfc9c7ad-811f-486d-b2f8-4d2715f3160c","新北市政府人事處/人力科","每年","資訊","公共資訊","JSON、CSV、XML","中文","本項資料以本府暨所屬各機關(區公所)及烏來區公所為統計範圍，並以114年12月31日為基準日。"
"EBFC90B0-C57A-4D1B-A339-45164520F5B2","新北市政府行政機關公務人員人數","https://data.ntpc.gov.tw/datasets/ebfc90b0-c57a-4d1b-a339-45164520f5b2","新北市政府人事處/人力科","每年","資訊","公共資訊","JSON、CSV、XML","中文","本項資料係以本府暨所屬各機關(區公所)及烏來區公所為統計範圍，並以114年12月31日為基準日。"
"574D983F-8693-4161-80A5-76E18F2F9594","成立災害應變中心一覽表","https://data.ntpc.gov.tw/datasets/574d983f-8693-4161-80a5-76e18f2f9594","新北市政府消防局/整備應變科","每年","消防","公共資訊","JSON、CSV、XML","中文","新北市成立災害應變中心一覽表"
"381427DD-3CF4-43F4-AF0E-0AE4461F996C","新北市歷年重大災害一覽表","https://data.ntpc.gov.tw/datasets/381427dd-3cf4-43f4-af0e-0ae4461f996c","新北市政府消防局/整備應變科","每年","消防","生活安全及品質","JSON、CSV、XML","中文","新北市歷年重大災害發生時間、地點及災情程度"
"40CE8AA3-F079-4F34-B2B5-280C4E78982D","新北市102年至104年地價稅稅額計算公式","https://data.ntpc.gov.tw/datasets/40ce8aa3-f079-4f34-b2b5-280c4e78982d","新北市政府財政局/新北市政府稅捐稽徵處/土地稅科/土地稅科第一股","不更新","財稅","公共資訊","JSON、CSV、XML","中文","提供新北市102年至104年地價稅稅額計算公式
"
"746F7A91-9A93-4464-88AF-62B84ACEFD6B","新北市105年至106年地價稅稅額計算公式","https://data.ntpc.gov.tw/datasets/746f7a91-9a93-4464-88af-62b84acefd6b","新北市政府財政局/新北市政府稅捐稽徵處/土地稅科/土地稅科第一股","不更新","財稅","公共資訊","JSON、CSV、XML","中文","提供新北市105年至106年地價稅稅額計算公式"
"824A6FB1-B47C-44A9-A90D-EBA727F4EE72","新北市109年至110年地價稅稅額計算公式","https://data.ntpc.gov.tw/datasets/824a6fb1-b47c-44a9-a90d-eba727f4ee72","新北市政府財政局/新北市政府稅捐稽徵處/土地稅科/土地稅科第一股","不更新","財稅","公共資訊","JSON、CSV、XML","中文","提供新北市109年至110年地價稅稅額計算公式"
"0B9DEA2B-1384-4EBE-97DB-A137DEB89584","新北市107年至108年地價稅稅額計算公式","https://data.ntpc.gov.tw/datasets/0b9dea2b-1384-4ebe-97db-a137deb89584","新北市政府財政局/新北市政府稅捐稽徵處/土地稅科/土地稅科第一股","不更新","財稅","公共資訊","JSON、CSV、XML","中文","提供新北市107年至108年地價稅稅額計算公式"
"C3B6041B-175D-47FB-9A7B-7D4274914F6A","新北市113年至114年地價稅稅額計算公式","https://data.ntpc.gov.tw/datasets/c3b6041b-175d-47fb-9a7b-7d4274914f6a","新北市政府財政局/新北市政府稅捐稽徵處/土地稅科/土地稅科第一股","不更新","財稅","購屋及遷徙","JSON、CSV、XML","中文","提供新北市113年至114年地價稅稅額計算公式"
"DC51FB76-87A0-434B-B199-EB77F70748C3","新北市111年至112年地價稅稅額計算公式","https://data.ntpc.gov.tw/datasets/dc51fb76-87a0-434b-b199-eb77f70748c3","新北市政府財政局/新北市政府稅捐稽徵處/土地稅科/土地稅科第一股","不更新","財稅","公共資訊","JSON、CSV、XML","中文","提供新北市111年至112年地價稅稅額計算公式"
"9FCADCE5-1159-4EB3-89F5-7903DC1BB3DB","颱風來襲管制區域","https://data.ntpc.gov.tw/datasets/9fcadce5-1159-4eb3-89f5-7903dc1bb3db","新北市政府消防局/整備應變科","不更新","消防","公共資訊","JSON、CSV、XML","中文","颱風來襲管制區域，新北市三個地區劃定為管制區，凡颱風發佈海上陸上颱風警報，非持有通行證件，不得進入"
"F7A3961E-11C9-46B0-875A-285ACAF34245","新北市政府文化局藝文空間一覽表","https://data.ntpc.gov.tw/datasets/f7a3961e-11c9-46b0-875a-285acaf34245","新北市政府文化局/藝術展演科/視覺藝術股","不更新","文化","休閒旅遊","JSON、CSV、XML、KML","中文","新北市政府文化局藝文空間之開放時間、地址、電話等聯絡資訊"
"60ECC055-2252-4370-BBA4-EC64E37C05D5","新北市都市更新一般都更核定成果(最新)","https://data.ntpc.gov.tw/datasets/60ecc055-2252-4370-bba4-ec64e37c05d5","新北市政府城鄉發展局/新北市政府都市更新處/更新事業科","不更新","城鄉","公共資訊","JSON、CSV、XML","中文","提供新北市都市更新核定案件名稱、核定日期及相關資訊連結網址"
"868AC760-D43D-4BF8-A926-C2C17862C783","新北市政府城鄉發展局通訊錄","https://data.ntpc.gov.tw/datasets/868ac760-d43d-4bf8-a926-c2c17862c783","新北市政府城鄉發展局/秘書室","不更新","城鄉","公共資訊","JSON、CSV、XML","中文","說明城鄉發展局各單位的總機及分機"
"92875A6D-EAA7-47A4-A494-514FA9EE15A6","114年新北市政府查獲涉嫌違反菸酒管理法案件月報表","https://data.ntpc.gov.tw/datasets/92875a6d-eaa7-47a4-a494-514fa9ee15a6","新北市政府財政局/秘書室","不更新","財稅","公共資訊","JSON、CSV、XML","中文","新北市政府查獲涉嫌違反菸酒管理法案件月報表"
"078CB722-15AC-4E1E-B541-E75BFE0AA440","新北市食品抽驗資料","https://data.ntpc.gov.tw/datasets/078cb722-15ac-4e1e-b541-e75bfe0aa440","新北市政府衛生局/食品藥物管理科/食品股","每月","醫療","生活安全及品質","JSON、CSV、XML","中文","提供食品抽驗資料"
"1994216A-EA78-4CA5-B876-0FF45BF9D78F","新北市拖吊保管場資訊","https://data.ntpc.gov.tw/datasets/1994216a-ea78-4ca5-b876-0ff45bf9d78f","新北市政府交通局/停車營運科/停車營運科第三股","每年","交通","交通及通訊","JSON、CSV、XML","中文","新北市拖吊保管場資訊，欲查詢愛車是否違規被拖吊，請利用違規車輛拖吊查詢系統(https://parkweb.traffic.ntpc.gov.tw/)各場服務時間：早上7時至晚上24時。拖吊時間：平日為早上7時至晚上21時，假日為早上8時至晚上21時。"
"5AEC03E0-8702-4DCB-A55B-261649989A1E","114年新北市實施耕地三七五減租成果統計年報","https://data.ntpc.gov.tw/datasets/5aec03e0-8702-4dcb-a55b-261649989a1e","新北市政府地政局/地籍科","每年","地政","購屋及遷徙","JSON、CSV、XML","中文","新北市轄內行政區實施耕地三七五減租成果統計年報(平溪區及烏來區無耕地三七五租約)，面積單位為公頃。"
"A3716C81-3652-4450-897D-3574B875888B","新北市短期補習班立案資訊","https://data.ntpc.gov.tw/datasets/a3716c81-3652-4450-897d-3574b875888b","新北市政府教育局/社會教育科","不更新","教育","求學及進修","JSON、CSV、XML、KML","中文","提供新北市立案短期補習班相關資訊，本資料由教育局提供，如有疑問請洽本市教育局。"
"F74713E5-97D3-4275-85ED-9D7922F7AAF9","樹林地政事務所新舊地號對照表","https://data.ntpc.gov.tw/datasets/f74713e5-97d3-4275-85ed-9d7922f7aaf9","新北市政府地政局/地政資料科","每年","地政","購屋及遷徙","JSON、CSV、XML","中文","本資料集為本市樹林地政事務所轄區之土地新舊地號對照表(資料更新截至114年12月31日)"
"4DDF3F87-4D0A-4DF0-B263-FD08C913754E","新北市政府員工廉政倫理規範常見問答","https://data.ntpc.gov.tw/datasets/4ddf3f87-4d0a-4df0-b263-fd08c913754e","新北市政府政風處/第一科","每年","資訊","公共資訊","JSON、CSV、XML","中文","提供有關員工廉政倫理規範問答輯要"
"C16FE2D6-5268-466D-8193-57945787576D","新北市公告得免個案指定建築線地區","https://data.ntpc.gov.tw/datasets/c16fe2d6-5268-466d-8193-57945787576d","新北市政府城鄉發展局/都計測量科","每年","城鄉","公共資訊","JSON、CSV、XML","中文","新北市公告得免個案指定建築線地區。"
"98C637E7-B929-46A5-88EC-742DD48E2EEE","新北市都市計畫委員會委員名單","https://data.ntpc.gov.tw/datasets/98c637e7-b929-46a5-88ec-742dd48e2eee","新北市政府城鄉發展局/計畫審議科","每年","城鄉","公共資訊","JSON、CSV、XML","中文","新北市都市計畫委員會第15屆委員名單（任期：114年1月1日至114年12月31日）"
"C1F72B84-F239-49E0-9B28-E6A9C3437610","新北市政府有線廣播電視費率審議委員會設置要點","https://data.ntpc.gov.tw/datasets/c1f72b84-f239-49e0-9b28-e6a9c3437610","新北市政府新聞局/新聞行政科","每年","資訊","公共資訊","JSON、CSV、XML","中文","新北市政府有線廣播電視費率審議委員會設置要點。"
"4648951B-BE07-47ED-A4D4-419E5D64E4A6","新北市政府各機關電話、地址資訊","https://data.ntpc.gov.tw/datasets/4648951b-be07-47ed-a4d4-419e5d64e4a6","新北市政府人事處/給與科","每年","資訊","公共資訊","JSON、CSV、XML、KML","中文","新北市政府各機關電話、地址。"
"2133585F-8ACB-47AB-827F-1BF488371B30","新北市區域計畫委員會委員名單","https://data.ntpc.gov.tw/datasets/2133585f-8acb-47ab-827f-1bf488371b30","新北市政府城鄉發展局/綜合規劃科","每年","城鄉","公共資訊","JSON、CSV、XML","中文","提供新北市區域計畫委員會之委員名單、職稱、現職等資料"
"56A0C370-DE58-410E-AA7A-DA1A1D9069FF","社區治安工作績效統計表─新北市(107年新版)","https://data.ntpc.gov.tw/datasets/56a0c370-de58-410e-aa7a-da1a1d9069ff","新北市政府警察局/犯罪預防科","每季","治安","生活安全及品質","JSON、CSV、XML","中文","社區治安工作績效統計表─新北市"
"8565597E-A174-4907-99C7-ADB5DDEE1326","新北市合法一般旅館名冊","https://data.ntpc.gov.tw/datasets/8565597e-a174-4907-99c7-adb5ddee1326","新北市政府觀光旅遊局/觀光企劃科","每季","觀光","休閒旅遊","JSON、CSV、XML","中文","新北市合法一般旅館名冊，其資料包含旅館名稱、電話、地址、座標、房間數及價格等資訊。
"
"137E071B-F315-43BB-ADC8-90FAFA014C4A","新北市合法民宿名冊","https://data.ntpc.gov.tw/datasets/137e071b-f315-43bb-adc8-90fafa014c4a","新北市政府觀光旅遊局/觀光企劃科","每季","觀光","休閒旅遊","JSON、CSV、XML","中文","新北市合法民宿名冊，其資料包含民宿名稱、電話、地址、座標、價格等資訊。"
"79DCCDC3-1E46-4AE8-870A-44988344CE48","新北市旅服中心到站人次","https://data.ntpc.gov.tw/datasets/79dccdc3-1e46-4ae8-870a-44988344ce48","新北市政府觀光旅遊局/觀光企劃科","每月","觀光","休閒旅遊","JSON、CSV、XML","中文","新北市旅服中心到站人次，其資料包含遊客中心、1-12月份及各月份總計至遊客中心之人數統計資訊(資料自105年起統計)。"
"1498E0B9-78CC-41C4-B569-E0C7B4458178","新北市景點遊客人次統計(不含中央所屬北觀處及東北角管理處之統計資訊)","https://data.ntpc.gov.tw/datasets/1498e0b9-78cc-41c4-b569-e0c7b4458178","新北市政府觀光旅遊局/觀光企劃科","不更新","觀光","休閒旅遊","JSON、CSV、XML","中文","新北市景點遊客人次統計(自104年起算)，其資料包含景點名稱、1-12月份及各月份總計之遊客統計資訊。但資料內容不含中央所屬北觀處及東北角管理處管轄之景點人次。"
"2553BB1A-BCBB-4284-8B24-ACFEFE966F1E","新北市各區衛生所","https://data.ntpc.gov.tw/datasets/2553bb1a-bcbb-4284-8b24-acfefe966f1e","新北市政府衛生局/健康管理科/健康管理科婦幼衛生股","每年","醫療","生育保健","JSON、CSV、XML、KML","中文","本市29區衛生所給予民眾母乳哺餵相關指導及諮詢。"
"6477C583-D4E0-4E5B-8581-C59F555BF9F2","新北市母嬰親善醫療院所認證名單 ","https://data.ntpc.gov.tw/datasets/6477c583-d4e0-4e5b-8581-c59f555bf9f2","新北市政府衛生局/健康管理科/健康管理科婦幼衛生股","每年","醫療","生育保健","JSON、CSV、XML、KML","中文","新北市轄區母嬰親善醫療院所認證名單 "
"1A552E3D-8D6D-4CC0-B8B6-B50336BD0647","新北市按摩小棧地圖據點","https://data.ntpc.gov.tw/datasets/1a552e3d-8d6d-4cc0-b8b6-b50336bd0647","新北市政府勞工局/秘書室","每年","勞動","交通及通訊","JSON、CSV、XML","中文","新北市政府勞工局近年在醫院、車站、運動中心、商業大樓及公有空間等場所設置按摩小棧，培訓按摩師取得專業技術士執照，幫助視障朋友適應職場生活"
"87044F1F-3EC2-4811-AF5A-C1DD4BB9460E","新北市勞工體格及健康檢查指定醫院","https://data.ntpc.gov.tw/datasets/87044f1f-3ec2-4811-af5a-c1dd4bb9460e","新北市政府勞工局/秘書室","不更新","醫療","公共資訊","JSON、CSV、XML","中文","勞動部所提供勞工體格及健康檢查指定醫院(每半年更新一次)"
"439A1031-C605-4354-875A-4E7E53C42ADB","勞動基準法與勞工退休準備金常見問答集","https://data.ntpc.gov.tw/datasets/439a1031-c605-4354-875a-4e7e53c42adb","新北市政府勞工局/秘書室","不更新","勞動","求職及就業","JSON、CSV、XML","中文","新北勞動雲公開之勞動基準法與勞工退休準備金相關問答彙整"
"4427DB9F-2EB0-4646-A291-E6031D564C4F","新北市政府所屬就業服務據點","https://data.ntpc.gov.tw/datasets/4427db9f-2eb0-4646-a291-e6031d564c4f","新北市政府勞工局/秘書室","不更新","勞動","公共資訊","JSON、CSV、XML","中文","新北市政府所屬就業服務據點列表"
"80743C0E-B7E7-4D4A-825B-DF354A542F65","歷年重大職災統計","https://data.ntpc.gov.tw/datasets/80743c0e-b7e7-4d4a-825b-df354a542f65","新北市政府勞工局/秘書室","不更新","勞動","求職及就業","JSON、CSV、XML","中文","提供歷年重大職災統計相關資料"
"AA06504B-A032-4633-8226-85B967C62436","新北市政府警察局-各年度預算書","https://data.ntpc.gov.tw/datasets/aa06504b-a032-4633-8226-85b967c62436","新北市政府警察局/會計室","每年","財稅","公共資訊","JSON、CSV、XML","中文","新北市政府警察局-各年度預算書。"
"40265A0F-D126-4BEF-8F1D-85868521BA43","新北市防空警報臺數量","https://data.ntpc.gov.tw/datasets/40265a0f-d126-4bef-8f1d-85868521ba43","新北市政府警察局/民防管制中心","每年","治安","公共資訊","JSON、CSV、XML","中文","新北市防空警報臺數量。"
"3640207C-EB19-4F8F-A180-37B20DD872CD"," 新北市政府消防局救災救護指揮中心受理電話量","https://data.ntpc.gov.tw/datasets/3640207c-eb19-4f8f-a180-37b20dd872cd","新北市政府消防局/救災救護指揮中心","每年","消防","交通及通訊","JSON、CSV、XML","中文","新北市政府消防局救災救護指揮中心(119)受理電話量"
"E663DA41-D985-4611-BEEC-8D27A923A0B2","新北市歷年家暴案量統計","https://data.ntpc.gov.tw/datasets/e663da41-d985-4611-beec-8d27a923a0b2","新北市政府社會局/新北市政府家庭暴力暨性侵害防治中心/綜合規劃組","每年","社福","生活安全及品質","JSON、CSV、XML","中文","此為104~114年歷年家暴案量統計，說明資料為104~114年的統計圖表。"
"76ACD17D-44DD-4FF5-9F9B-E4654DA84FC6","新北市歷年性侵害案量統計","https://data.ntpc.gov.tw/datasets/76acd17d-44dd-4ff5-9f9b-e4654da84fc6","新北市政府社會局/新北市政府家庭暴力暨性侵害防治中心/綜合規劃組","每年","社福","生活安全及品質","JSON、CSV、XML","中文","此為104~114年歷年性侵害案量統計，說明資料為104~114年的統計圖表。"
"467CB02F-1F94-4FA1-A440-4F08575CF181","新北市一般護理之家清冊","https://data.ntpc.gov.tw/datasets/467cb02f-1f94-4fa1-a440-4f08575cf181","新北市政府衛生局/醫事管理科/醫政管理股","每年","醫療","就醫","JSON、CSV、XML、KML","中文","新北市政府衛生局所提供之護理機構清冊(更新日期:109年5月4日)"
"CFAD7613-A328-4CDE-AC1E-76566BF533F2","新北市產後護理之家清冊","https://data.ntpc.gov.tw/datasets/cfad7613-a328-4cde-ac1e-76566bf533f2","新北市政府衛生局/醫事管理科/醫政管理股","每年","醫療","就醫","JSON、CSV、XML、KML","中文","新北市產後護理之家清冊(更新日期:109年5月4日)"
"D2D69F7E-E283-406E-859B-E9E5DC98AC50","市售食品抽驗合格率","https://data.ntpc.gov.tw/datasets/d2d69f7e-e283-406e-859b-e9e5dc98ac50","新北市政府衛生局/食品藥物管理科/食品股","每季","醫療","生活安全及品質","JSON、CSV、XML","中文","市售食品抽驗合格率。"
"499B14C9-DB47-4586-B070-B642F3C7C96C","新北市各項稅收稽徵人力","https://data.ntpc.gov.tw/datasets/499b14c9-db47-4586-b070-b642f3c7c96c","新北市政府財政局/新北市政府稅捐稽徵處/會計室/會計室第二股","每年","財稅","公共資訊","JSON、CSV、XML","中文","新北巿稅捐稽徵處年度結束日之實際人力，包括正式編制人員、工友、司機及約聘僱人員。"
"D1C887A5-A840-4946-9770-AAFBB597649C","新北巿違章漏稅案件處理及財務罰鍰執行情形","https://data.ntpc.gov.tw/datasets/d1c887a5-a840-4946-9770-aafbb597649c","新北市政府財政局/新北市政府稅捐稽徵處/會計室/會計室第二股","每年","財稅","公共資訊","JSON、CSV、XML","中文","以本巿轄區內納稅義務人因違反稅法而發生違章漏稅案件及繳納財務罰鍰金額為統計對象。"
"EBF94F5C-153C-4BA1-95DC-1A0F81A42D1E","新北市娛樂稅稅源─按月別分","https://data.ntpc.gov.tw/datasets/ebf94f5c-153c-4ba1-95dc-1a0f81a42d1e","新北市政府財政局/新北市政府稅捐稽徵處/會計室/會計室第二股","每年","財稅","公共資訊","JSON、CSV、XML","中文","新北巿轄區內電影、高爾夫球場(練習場)、舞廳（場）、電子遊戲機、有節目餐飲業、視聽視唱業、其他供娛樂設施及臨時公演9類娛樂設施各月份課徵家(件)數。"
"2523FDCE-6C0F-48C8-86BC-716258CBFF46","新北市契稅稅源--按月別分","https://data.ntpc.gov.tw/datasets/2523fdce-6c0f-48c8-86bc-716258cbff46","新北市政府財政局/新北市政府稅捐稽徵處/會計室/會計室第二股","每年","財稅","公共資訊","JSON、CSV、XML","中文","新北巿轄區內買賣契稅、典權契稅、交換契稅、贈與契稅、分割契稅及占有契稅6種契稅稅源各月份納稅件數及契價。"
"15F81B74-E7EE-4606-A7EE-18A93AC4E12D","新北市使用牌照稅稅源─按月別分","https://data.ntpc.gov.tw/datasets/15f81b74-e7ee-4606-a7ee-18a93ac4e12d","新北市政府財政局/新北市政府稅捐稽徵處/會計室/會計室第二股","每年","財稅","公共資訊","JSON、CSV、XML","中文","新北巿轄區內乘人小汽車、乘人大汽車、載貨汽車、機器腳踏車4種車輛各月份課徵件數。"
"8CE310A7-8F9F-460B-AF23-217B84F3033D","新北巿印花稅徵收","https://data.ntpc.gov.tw/datasets/8ce310a7-8f9f-460b-af23-217b84f3033d","新北市政府財政局/新北市政府稅捐稽徵處/會計室/會計室第二股","每季","財稅","公共資訊","JSON、CSV、XML","中文","以本巿轄區內代售機構出售印花稅票及公私營組織總繳印花稅額為統計對象。"
"C937EFE8-1F53-4618-A342-EED9AA26E24B","新北巿契稅查定","https://data.ntpc.gov.tw/datasets/c937efe8-1f53-4618-a342-eed9aa26e24b","新北市政府財政局/新北市政府稅捐稽徵處/會計室/會計室第二股","每季","財稅","公共資訊","JSON、CSV、XML","中文","以本巿轄區內必需課徵契稅之各種不動產買賣或移轉契約書及契價為統計對象,明瞭契稅徵收情形，作為稅源分析與徵績報告之參考。"
"CE5028D7-4692-4C08-80DC-A076A448E867","新北市各項稅捐預算數與實徵淨額及預算達成率-依稅目別按行政區別分","https://data.ntpc.gov.tw/datasets/ce5028d7-4692-4c08-80dc-a076a448e867","新北市政府財政局/新北市政府稅捐稽徵處/會計室/會計室第二股","每年","財稅","公共資訊","JSON、CSV、XML","中文","新北市各行政區之各項稅捐預算數與實徵淨額及預算達成率"
"AFF0F9CD-E2EE-4B87-8E6A-E78FEC015F6D","新北巿使用牌照稅稅源","https://data.ntpc.gov.tw/datasets/aff0f9cd-e2ee-4b87-8e6a-e78fec015f6d","新北市政府財政局/新北市政府稅捐稽徵處/會計室/會計室第二股","每年","財稅","公共資訊","JSON、CSV、XML","中文","以本巿轄區內課徵使用牌照稅各種交通工具為統計對象，並依機動車輛種類及汽缸總排氣量分類，稅額單位為千元。"
"9835A46E-3705-4574-9EB3-CE8084F6D25C","新北巿地價稅徵績","https://data.ntpc.gov.tw/datasets/9835a46e-3705-4574-9eb3-ce8084f6d25c","新北市政府財政局/新北市政府稅捐稽徵處/會計室/會計室第二股","每年","財稅","公共資訊","JSON、CSV、XML","中文","本巿轄區內已規定地價之土地計徵地價稅之徵起數為統計對象。"
"01FB084A-CC20-4C66-8662-3091E6CCCD45","新北市已登記公私有土地筆數面積","https://data.ntpc.gov.tw/datasets/01fb084a-cc20-4c66-8662-3091e6cccd45","新北市政府地政局/地籍科","每年","地政","購屋及遷徙","JSON、CSV、XML","中文","凡各地政事務所土地登記簿上已登記之公有、私有及公私共有土地，均為統計對象，統計標準時間：以當年12月底之事實為準。
分類標準：按土地權屬及使用地類別分。"
"973FEE06-6D4F-4F66-AC43-AEEF803B64CC","區段徵收開發案已標售土地一覽表","https://data.ntpc.gov.tw/datasets/973fee06-6d4f-4f66-ac43-aeef803b64cc","新北市政府地政局/區段徵收科","每年","地政","購屋及遷徙","JSON、CSV、XML","中文","區段徵收開發案已標售土地一覽表。"
"C2A74BD1-423D-49F1-986C-2706C52BAF9D","區段徵收補償費屆滿或即將屆滿15年未領歸屬國庫案件","https://data.ntpc.gov.tw/datasets/c2a74bd1-423d-49f1-986c-2706c52baf9d","新北市政府地政局/區段徵收科","每年","地政","購屋及遷徙","JSON、CSV、XML","中文","因受領遲延、拒絕受領或不能受領之土地徵收補償費，自通知送達發生效力之日起，逾15年未領取將歸屬國庫之案件"
"575DA319-1EF3-420E-AEF3-B6D6B895D2D5","104年度二重疏洪道兩側重劃區土地標售成果一覽表","https://data.ntpc.gov.tw/datasets/575da319-1ef3-420e-aef3-b6d6b895d2d5","新北市政府地政局/地政資料科","不更新","地政","購屋及遷徙","JSON、CSV、XML","中文","104年度二重疏洪道兩側重劃區土地標售成果一覽表。"
"440A7BB7-B798-4301-BE0C-56DE87213283","中和地政事務所新舊地號對照表","https://data.ntpc.gov.tw/datasets/440a7bb7-b798-4301-be0c-56de87213283","新北市政府地政局/地政資料科","不更新","地政","購屋及遷徙","JSON、CSV、XML","中文","本資料集為本市中和地政事務所轄區之土地新舊地號對照表(資料更新截至114年12月31日)"
"2FEC184A-E122-4142-9F7E-A7CC2C24DC3F","三重地政事務所新舊地號對照表","https://data.ntpc.gov.tw/datasets/2fec184a-e122-4142-9f7e-a7cc2c24dc3f","新北市政府地政局/地政資料科","每年","地政","購屋及遷徙","JSON、CSV、XML","中文","本資料集為本市三重地政事務所轄區之土地新舊地號對照表(資料更新截至114年12月31日)"
"ABBF6900-7EF1-462D-8EBB-A07F0969C520","105年度土城暫緩發展區及附近地區市地重劃開發案土地標售成果一覽表","https://data.ntpc.gov.tw/datasets/abbf6900-7ef1-462d-8ebb-a07f0969c520","新北市政府地政局/地政資料科","不更新","地政","購屋及遷徙","JSON、CSV、XML","中文","105年度土城暫緩發展區及附近地區市地重劃開發案土地標售成果一覽表。"
"F3493651-6051-43AD-BB00-9C084A662ADA","三重地政事務所新舊建號對照表","https://data.ntpc.gov.tw/datasets/f3493651-6051-43ad-bb00-9c084a662ada","新北市政府地政局/地政資料科","不更新","地政","購屋及遷徙","JSON、CSV、XML","中文","本資料集為本市三重地政事務所轄區之土地新舊建號對照表(資料更新截至114年12月31日)"
"B1848A80-71D2-41E9-A5D3-DA357E21C365","新北市101年公告土地現值","https://data.ntpc.gov.tw/datasets/b1848a80-71d2-41e9-a5d3-da357e21c365","新北市政府地政局/地政資料科","不更新","地政","購屋及遷徙","JSON、CSV、XML","中文","為推動不動產買賣資訊透明化，建立便利親和的網路查詢平台，新北市政府地政局開放公告土地現值資料給予民眾，可多多利用下載。公告土地現值資料量較大，請參考資料使用說明以及常見問答後再行取得資料。"
"D93DCC75-A5FF-442F-949F-14519F9D2282","中和地政事務所新舊建號對照表","https://data.ntpc.gov.tw/datasets/d93dcc75-a5ff-442f-949f-14519f9d2282","新北市政府地政局/地政資料科","不更新","地政","公共資訊","JSON、CSV、XML","中文","本資料集為本市中和地政事務所轄區之土地新舊建號對照表(資料更新截至114年12月31日)"
"A5FC80AA-05C2-4D8C-AE57-16C269A3EBCF","新北市102年公告土地現值及公告地價","https://data.ntpc.gov.tw/datasets/a5fc80aa-05c2-4d8c-ae57-16c269a3ebcf","新北市政府地政局/地政資料科","不更新","地政","購屋及遷徙","JSON、CSV、XML","中文","為推動不動產買賣資訊透明化，建立便利親和的網路查詢平台，新北市政府地政局開放公告土地現值資料給予民眾，可多多利用下載。公告土地現值資料量較大，請參考資料使用說明以及常見問答後再行取得資料。"
"D34388D9-84EF-43E8-8362-CC17D85E64C1","新北市100年公告土地現值","https://data.ntpc.gov.tw/datasets/d34388d9-84ef-43e8-8362-cc17d85e64c1","新北市政府地政局/地政資料科","不更新","地政","購屋及遷徙","JSON、CSV、XML","中文","為推動不動產買賣資訊透明化，建立便利親和的網路查詢平台，新北市政府地政局開放公告土地現值資料給予民眾，可多多利用下載。公告土地現值資料量較大，請參考資料使用說明以及常見問答後再行取得資料。"
"A9D43291-097E-4624-8A6E-683FD58FC1AD","新北市103年公告土地現值","https://data.ntpc.gov.tw/datasets/a9d43291-097e-4624-8a6e-683fd58fc1ad","新北市政府地政局/地政資料科","不更新","地政","購屋及遷徙","JSON、CSV、XML","中文","為推動不動產買賣資訊透明化，建立便利親和的網路查詢平台，新北市政府地政局開放公告土地現值資料給予民眾，可多多利用下載。公告土地現值資料量較大，請參考資料使用說明以及常見問答後再行取得資料。"
"BD8E4DD3-8CD5-4D8C-A0BC-16BAF96DE5DC","新北市104年公告土地現值","https://data.ntpc.gov.tw/datasets/bd8e4dd3-8cd5-4d8c-a0bc-16baf96de5dc","新北市政府地政局/地政資料科","不更新","地政","購屋及遷徙","JSON、CSV、XML","中文","為推動不動產買賣資訊透明化，建立便立親合的網路查詢平台，新北市政府地政局開放公告土地現值資料給予民間，可多多下載利用，公告土地現值資料量較大，請參考資料使用說明以及常見問答後再行取得資料。"
"3D2E2AFA-79A8-4656-94A9-8D58AC780305","新北市106年公告土地現值","https://data.ntpc.gov.tw/datasets/3d2e2afa-79a8-4656-94a9-8d58ac780305","新北市政府地政局/地政資料科","不更新","地政","購屋及遷徙","JSON、CSV、XML","中文","為推動不動產買賣資訊透明化，建立便利親和的網路查詢平台，新北市政府地政局開放公告土地現值資料給予民眾，可多多利用下載。"
"67285091-7D68-403A-99AA-F2200E2B8B1A","新北市107年公告土地現值及公告地價","https://data.ntpc.gov.tw/datasets/67285091-7d68-403a-99aa-f2200e2b8b1a","新北市政府地政局/地政資料科","不更新","地政","購屋及遷徙","JSON、CSV、XML","中文","為推動不動產買賣資訊透明化，建立便利親和的網路查詢平台，新北市政府地政局開放公告土地現值資料給予民眾，請多加利用下載。
"
"3FA58ECD-221C-4DB3-9863-3026E40945AC","新北市105年公告土地現值及公告地價","https://data.ntpc.gov.tw/datasets/3fa58ecd-221c-4db3-9863-3026e40945ac","新北市政府地政局/地政資料科","不更新","地政","購屋及遷徙","JSON、CSV、XML","中文","為推動不動產買賣資訊透明化，建立便利親和的網路查詢平台，新北市政府地政局開放公告土地現值資料給予民眾，可多多利用下載。公告土地現值資料量較大，請參考資料使用說明以及常見問答後再行取得資料。"
"30C1D473-EE71-4B6E-A747-DC173D8288BD","新北市108年公告土地現值","https://data.ntpc.gov.tw/datasets/30c1d473-ee71-4b6e-a747-dc173d8288bd","新北市政府地政局/地政資料科","不更新","地政","購屋及遷徙","JSON、CSV、XML","中文","為推動不動產買賣資訊透明化，建立便利親和的網路查詢平台，新北市政府地政局開放公告土地現值資料給予民眾，請多加利用下載。"
"8D6485F1-F70A-41B1-82F7-DE367C395AFC","新北市110年公告土地現值","https://data.ntpc.gov.tw/datasets/8d6485f1-f70a-41b1-82f7-de367c395afc","新北市政府地政局/地政資料科","不更新","地政","購屋及遷徙","JSON、CSV、XML","中文","為推動不動產買賣資訊透明化，建立便利親和的網路查詢平台，新北市政府地政局開放公告土地現值資料給予民眾，請多加利用下載。"
"0B6FF5D6-5EB7-4B92-B3FF-B8BFDF8E7852","新北市109年公告土地現值及公告地價","https://data.ntpc.gov.tw/datasets/0b6ff5d6-5eb7-4b92-b3ff-b8bfdf8e7852","新北市政府地政局/地政資料科","不更新","地政","購屋及遷徙","JSON、CSV、XML","中文","為推動不動產買賣資訊透明化，建立便利親和的網路查詢平台，新北市政府地政局開放公告土地現值資料給予民眾，請多加利用下載。"
"21466356-3C00-4531-A1EA-0F40CAC2E72D","新北市111年公告土地現值及公告地價","https://data.ntpc.gov.tw/datasets/21466356-3c00-4531-a1ea-0f40cac2e72d","新北市政府地政局/地政資料科","不更新","地政","購屋及遷徙","JSON、CSV、XML","中文","為推動不動產買賣資訊透明化，建立便利親和的網路查詢平台，新北市政府地政局開放公告土地現值資料給予民眾，請多加利用下載。由於總資料超過10萬列，下載完之檔案請以記事本開啟，避免檔案遺失。"
"010E5B15-3823-4B20-B401-B1CF000550C5","新北市公共自行車租賃系統(YouBike2.0)","https://data.ntpc.gov.tw/datasets/010e5b15-3823-4b20-b401-b1cf000550c5","新北市政府交通局/綜合規劃科/綜合規劃科第一股","每5分鐘","交通","交通及通訊","JSON、CSV、XML","中文","為提升市民使用新北市公共自行車租賃系統(YouBike2.0)服務品質，透過資料透明化，提供各資訊平台介接取得系統服務即時資訊，滿足市民第一哩及最後ㄧ哩公共運輸需求。"
"34B402A8-53D9-483D-9406-24A682C2D6DC","公車站位資訊","https://data.ntpc.gov.tw/datasets/34b402a8-53d9-483d-9406-24a682c2d6dc","新北市政府交通局/運輸管理科/運輸管理科第三股","每5分鐘","交通","交通及通訊","JSON、CSV、XML","中文","新北市各公車站位、行經各站位路線資訊。"
"28AB4122-60E1-4065-98E5-ABCCB69AACA6","新北市垃圾清運車輛所在位置","https://data.ntpc.gov.tw/datasets/28ab4122-60e1-4065-98e5-abccb69aaca6","新北市政府環境保護局/清潔維護科/維護二股","每2分鐘","環保","交通及通訊","JSON、CSV、XML","中文","一、新北市垃圾清運車輛所在位址。
二、資料僅顯示目前出勤中之垃圾車所在位址，故不同時段，資料數會有明顯不同（每2分鐘更新1次），甚至少數時段可能為零。
三、垃圾車車機採4G訊號傳輸，倘有訊號不良情形，可能導致資料延遲。"

